"Gene","Tissue","Psychiatric.disorder","Method","Nsnp","Beta","SE","OR","P.value","Q_Pvalue.MREgger.","Q_Pvalue.IVW.","P.value.Intercept.","PPH4"
"SELT","Lymphocyte","ANX","Wald ratio",1,0.362,0.092,1.436,8.48e-05,NA,NA,NA,0.966937822
"HLX","Lymphocyte","ANX","Wald ratio",1,-0.133,0.036,0.875,0.000232,NA,NA,NA,0.918150391
"ACER3","Lymphocyte","ANX","Wald ratio",1,-0.122,0.035,0.886,0.00044,NA,NA,NA,0.871109347
"TET2","Lymphocyte","ANX","Wald ratio",1,0.874,0.253,2.397,0.000555,NA,NA,NA,0.86268872
"SSBP2","Lymphocyte","ANX","Wald ratio",1,0.266,0.079,1.305,0.00072,NA,NA,NA,0.845194331
"FA2H","Lymphocyte","ANX","Wald ratio",1,-0.183,0.054,0.833,0.000766,NA,NA,NA,0.792885952
"DCBLD1","Lymphocyte","ANX","Wald ratio",1,-0.1,0.031,0.905,0.00116,NA,NA,NA,0.713445285
"ELOVL6","Lymphocyte","ANX","Wald ratio",1,2.429,0.792,11.347,0.00217,NA,NA,NA,0.59624239
"FLJ36000","Lymphocyte","ANX","Wald ratio",1,-0.112,0.038,0.894,0.00291,NA,NA,NA,0.559557188
"C3orf20","Lymphocyte","ANX","Wald ratio",1,-0.19,0.064,0.827,0.00301,NA,NA,NA,0.539512459
"PCGF5","Lymphocyte","ANX","Wald ratio",1,-0.762,0.261,0.467,0.00353,NA,NA,NA,0.594440539
"ASB18","Lymphocyte","ANX","Wald ratio",1,-0.79,0.274,0.454,0.00392,NA,NA,NA,0.497295299
"EFCAB4B","Lymphocyte","ANX","Wald ratio",1,2.291,0.794,9.881,0.00393,NA,NA,NA,0.524645945
"DNAJC13","Lymphocyte","ANX","Wald ratio",1,-0.131,0.046,0.877,0.00406,NA,NA,NA,0.527516769
"C19orf22","Lymphocyte","ANX","Inverse variance weighted",2,0.216,0.075,1.241,0.00426,NA,0.553295908,NA,0.370019794
"TMX4","Lymphocyte","ANX","Wald ratio",1,-6.67,2.337,0.001,0.00431,NA,NA,NA,0.549979563
"NPSR1","Lymphocyte","ANX","Wald ratio",1,-0.146,0.051,0.864,0.00446,NA,NA,NA,0.428132684
"SH3BP5","Lymphocyte","ANX","Wald ratio",1,0.326,0.115,1.385,0.00448,NA,NA,NA,0.497649659
"EXOC2","Lymphocyte","ANX","Wald ratio",1,0.102,0.036,1.107,0.00459,NA,NA,NA,0.442448945
"NOLC1","Lymphocyte","ANX","Wald ratio",1,0.456,0.161,1.577,0.0047,NA,NA,NA,0.524365722
"HBM","Lymphocyte","ANX","Wald ratio",1,-1.875,0.682,0.153,0.00596,NA,NA,NA,0.374540562
"PTPRO","Lymphocyte","ANX","Wald ratio",1,-0.094,0.035,0.91,0.00688,NA,NA,NA,0.338376406
"DTNBP1","Lymphocyte","ANX","Wald ratio",1,0.143,0.053,1.154,0.00719,NA,NA,NA,0.424302215
"LENG8","Lymphocyte","ANX","Wald ratio",1,-0.211,0.078,0.81,0.00728,NA,NA,NA,0.328763872
"CDC42EP5","Lymphocyte","ANX","Wald ratio",1,-0.092,0.034,0.912,0.00728,NA,NA,NA,0.328763873
"RAPGEF4","Lymphocyte","ANX","Wald ratio",1,0.083,0.031,1.086,0.00746,NA,NA,NA,0.328943173
"PDE1C","Lymphocyte","ANX","Wald ratio",1,0.317,0.12,1.373,0.00814,NA,NA,NA,0.337571718
"LOC650368","Lymphocyte","ANX","Wald ratio",1,0.125,0.048,1.133,0.00853,NA,NA,NA,0.377091574
"UBE2C","Lymphocyte","ANX","Wald ratio",1,-0.711,0.27,0.491,0.00854,NA,NA,NA,0.303965886
"COL9A1","Lymphocyte","ANX","Wald ratio",1,0.333,0.127,1.396,0.00882,NA,NA,NA,0.294539665
"SGSM1","Lymphocyte","ANX","Wald ratio",1,-6.029,2.321,0.002,0.00941,NA,NA,NA,0.29997001
"C20orf160","Lymphocyte","ANX","Wald ratio",1,0.647,0.249,1.911,0.00942,NA,NA,NA,0.331516243
"LOC202781","Lymphocyte","ANX","Wald ratio",1,0.089,0.034,1.093,0.00954,NA,NA,NA,0.288961
"ZNF709","Lymphocyte","ANX","Wald ratio",1,-0.29,0.112,0.748,0.00983,NA,NA,NA,0.294575178
"PPFIA4","Lymphocyte","ANX","Wald ratio",1,-0.088,0.034,0.916,0.00993,NA,NA,NA,0.269243091
"C22orf9","Lymphocyte","ANX","Wald ratio",1,-0.088,0.034,0.916,0.0105,NA,NA,NA,0.26428256
"ARID3A","Lymphocyte","ANX","Wald ratio",1,0.542,0.212,1.72,0.0107,NA,NA,NA,0.370018626
"EPC2","Lymphocyte","ANX","Wald ratio",1,-0.114,0.045,0.892,0.0108,NA,NA,NA,0.308640352
"CHL1","Lymphocyte","ANX","Wald ratio",1,-0.094,0.037,0.91,0.0111,NA,NA,NA,0.249685966
"HOTAIR","Lymphocyte","ANX","Wald ratio",1,-0.398,0.158,0.671,0.0119,NA,NA,NA,0.2508406
"HOXC10","Lymphocyte","ANX","Wald ratio",1,-0.432,0.172,0.649,0.0119,NA,NA,NA,0.2508406
"BDNF","Lymphocyte","ANX","Wald ratio",1,4.5,1.794,90.017,0.0122,NA,NA,NA,0.254594328
"BDNFOS","Lymphocyte","ANX","Wald ratio",1,0.101,0.04,1.107,0.0122,NA,NA,NA,0.254594328
"MAML3","Lymphocyte","ANX","Inverse variance weighted",2,-0.118,0.047,0.888,0.0123,NA,0.453948286,NA,0.029709055
"SLC24A4","Lymphocyte","ANX","Wald ratio",1,0.431,0.173,1.539,0.0126,NA,NA,NA,0.309825144
"DCLK2","Lymphocyte","ANX","Wald ratio",1,-0.114,0.046,0.892,0.0126,NA,NA,NA,0.250599142
"FBXO27","Lymphocyte","ANX","Wald ratio",1,0.404,0.162,1.498,0.0127,NA,NA,NA,0.233345786
"FBXO17","Lymphocyte","ANX","Wald ratio",1,0.138,0.055,1.148,0.0127,NA,NA,NA,0.233345786
"WT1","Lymphocyte","ANX","Inverse variance weighted",2,-0.084,0.034,0.92,0.0134,NA,0.786729557,NA,0.170351518
"ACSL3","Lymphocyte","ANX","Wald ratio",1,-0.071,0.029,0.932,0.0135,NA,NA,NA,0.217016437
"IL12B","Lymphocyte","ANX","Wald ratio",1,-0.311,0.126,0.733,0.0138,NA,NA,NA,0.264941326
"ZNF264","Lymphocyte","ANX","Wald ratio",1,0.092,0.037,1.096,0.0139,NA,NA,NA,0.242435041
"CD300A","Lymphocyte","ANX","Wald ratio",1,0.148,0.06,1.159,0.0139,NA,NA,NA,0.236716203
"CD300LB","Lymphocyte","ANX","Wald ratio",1,0.2,0.081,1.222,0.0139,NA,NA,NA,0.236716197
"LMO2","Lymphocyte","ANX","Wald ratio",1,-0.111,0.045,0.895,0.0141,NA,NA,NA,0.257302391
"GYG1","Lymphocyte","ANX","Wald ratio",1,0.179,0.073,1.197,0.0143,NA,NA,NA,0.21607939
"TBC1D20","Lymphocyte","ANX","Wald ratio",1,-0.135,0.055,0.874,0.0143,NA,NA,NA,0.229613853
"FAM57A","Lymphocyte","ANX","Wald ratio",1,0.179,0.073,1.196,0.0143,NA,NA,NA,0.198949003
"DMPK","Lymphocyte","ANX","Wald ratio",1,2.588,1.058,13.309,0.0144,NA,NA,NA,0.2047161
"SIX5","Lymphocyte","ANX","Wald ratio",1,0.109,0.045,1.115,0.0144,NA,NA,NA,0.2047161
"BCL6","Lymphocyte","ANX","Wald ratio",1,0.08,0.033,1.083,0.0145,NA,NA,NA,0.217886414
"TMEM22","Lymphocyte","ANX","Wald ratio",1,-0.181,0.074,0.835,0.0146,NA,NA,NA,0.207763818
"NCK1","Lymphocyte","ANX","Wald ratio",1,-6.96,2.85,0.001,0.0146,NA,NA,NA,0.207744678
"ADARB1","Lymphocyte","ANX","Wald ratio",1,0.207,0.085,1.23,0.0146,NA,NA,NA,0.326198477
"CCDC149","Lymphocyte","ANX","Wald ratio",1,-0.081,0.033,0.922,0.0148,NA,NA,NA,0.224633239
"INPP5D","Lymphocyte","ANX","Wald ratio",1,-4.653,1.913,0.01,0.015,NA,NA,NA,0.204752684
"P2RX4","Lymphocyte","ANX","Wald ratio",1,0.886,0.364,2.425,0.015,NA,NA,NA,0.21361097
"CTNNA2","Lymphocyte","ANX","Inverse variance weighted",2,0.077,0.032,1.08,0.0155,NA,0.406679082,NA,0.15069987
"KRT1","Lymphocyte","ANX","Wald ratio",1,-0.106,0.044,0.899,0.0156,NA,NA,NA,0.242410602
"XKR4","Lymphocyte","ANX","Wald ratio",1,-0.082,0.034,0.921,0.0159,NA,NA,NA,0.198042641
"ANK3","Lymphocyte","ANX","Wald ratio",1,-0.075,0.031,0.927,0.0163,NA,NA,NA,0.203224999
"SIRPB2","Lymphocyte","ANX","Wald ratio",1,0.223,0.093,1.25,0.0168,NA,NA,NA,0.233305052
"TFEB","Lymphocyte","ANX","Wald ratio",1,-0.093,0.039,0.911,0.0173,NA,NA,NA,0.208980661
"ATP10B","Lymphocyte","ANX","Wald ratio",1,0.202,0.085,1.223,0.0174,NA,NA,NA,0.238248218
"LOC221710","Lymphocyte","ANX","Wald ratio",1,-0.105,0.044,0.9,0.0175,NA,NA,NA,0.215923753
"HERV-FRD","Lymphocyte","ANX","Wald ratio",1,-0.102,0.043,0.903,0.0175,NA,NA,NA,0.215923753
"HSP90AA1","Lymphocyte","ANX","Wald ratio",1,-0.078,0.033,0.925,0.018,NA,NA,NA,0.195850248
"RPL39L","Lymphocyte","ANX","Wald ratio",1,-0.13,0.055,0.878,0.0181,NA,NA,NA,0.210654006
"PPFIA2","Lymphocyte","ANX","Wald ratio",1,-0.365,0.155,0.694,0.0182,NA,NA,NA,0.198055779
"SMAD7","Lymphocyte","ANX","Wald ratio",1,-0.536,0.227,0.585,0.0183,NA,NA,NA,0.278808256
"CCPG1","Lymphocyte","ANX","Wald ratio",1,7.282,3.106,1454.406,0.019,NA,NA,NA,0.250044557
"DYX1C1","Lymphocyte","ANX","Wald ratio",1,5.627,2.4,277.903,0.019,NA,NA,NA,0.249929607
"PRR15","Lymphocyte","ANX","Wald ratio",1,0.119,0.051,1.126,0.0192,NA,NA,NA,0.201396112
"CLPB","Lymphocyte","ANX","Wald ratio",1,-0.31,0.133,0.734,0.02,NA,NA,NA,0.192048883
"HSP90AB1","Lymphocyte","ANX","Wald ratio",1,0.397,0.171,1.488,0.0201,NA,NA,NA,0.181766509
"SMPD3","Lymphocyte","ANX","Wald ratio",1,-0.36,0.156,0.698,0.0212,NA,NA,NA,0.174537588
"KATNAL2","Lymphocyte","ANX","Wald ratio",1,-0.068,0.03,0.934,0.0215,NA,NA,NA,0.15797644
"PIAS2","Lymphocyte","ANX","Wald ratio",1,-0.085,0.037,0.919,0.0215,NA,NA,NA,0.15797644
"SLIT3","Lymphocyte","ANX","Inverse variance weighted",4,0.044,0.019,1.045,0.0216,0.424062577,0.424774019,0.408463759,0.094654523
"COL4A3","Lymphocyte","ANX","Wald ratio",1,-0.101,0.044,0.904,0.0217,NA,NA,NA,0.205852996
"FARP1","Lymphocyte","ANX","Inverse variance weighted",2,-0.067,0.029,0.935,0.0219,NA,0.801436718,NA,0.060772152
"TMEM168","Lymphocyte","ANX","Wald ratio",1,-0.126,0.055,0.882,0.022,NA,NA,NA,0.158758173
"PLA2G12A","Lymphocyte","ANX","Wald ratio",1,-1.703,0.746,0.182,0.0225,NA,NA,NA,0.155600318
"MIR487A","Lymphocyte","ANX","Wald ratio",1,0.084,0.037,1.088,0.0225,NA,NA,NA,0.177812583
"MIR134","Lymphocyte","ANX","Wald ratio",1,0.082,0.036,1.086,0.0225,NA,NA,NA,0.177812624
"MIR453","Lymphocyte","ANX","Wald ratio",1,0.082,0.036,1.086,0.0225,NA,NA,NA,0.177812535
"SDHAP3","Lymphocyte","ANX","Wald ratio",1,-0.738,0.326,0.478,0.0234,NA,NA,NA,0.206694315
"DCN","Lymphocyte","ANX","Wald ratio",1,0.138,0.061,1.148,0.0235,NA,NA,NA,0.224349794
"GUCY1B3","Lymphocyte","ANX","Wald ratio",1,-0.068,0.03,0.934,0.0237,NA,NA,NA,0.149539557
"SLC4A11","Lymphocyte","ANX","Wald ratio",1,0.104,0.046,1.109,0.0238,NA,NA,NA,0.146934059
"LOC339674","Lymphocyte","ANX","Wald ratio",1,-0.153,0.068,0.858,0.0239,NA,NA,NA,0.148438736
"SLC43A2","Lymphocyte","ANX","Wald ratio",1,-0.146,0.065,0.864,0.0241,NA,NA,NA,0.183233018
"LOC150381","Lymphocyte","ANX","Wald ratio",1,0.109,0.049,1.116,0.0244,NA,NA,NA,0.151250028
"C22orf26","Lymphocyte","ANX","Wald ratio",1,0.157,0.07,1.17,0.0244,NA,NA,NA,0.151250028
"LOC400931","Lymphocyte","ANX","Wald ratio",1,0.072,0.032,1.075,0.0244,NA,NA,NA,0.144319746
"CXCR2","Lymphocyte","ANX","Wald ratio",1,0.098,0.044,1.103,0.0245,NA,NA,NA,0.147072801
"COL4A2","Lymphocyte","ANX","Inverse variance weighted",3,-0.053,0.024,0.948,0.025,0.661124109,0.907781416,0.976685938,0.065132096
"PLD1","Lymphocyte","ANX","Wald ratio",1,0.54,0.241,1.715,0.0251,NA,NA,NA,0.178282466
"ACSL5","Lymphocyte","ANX","Wald ratio",1,-2.611,1.168,0.073,0.0254,NA,NA,NA,0.155368334
"PTGIS","Lymphocyte","ANX","Wald ratio",1,-0.139,0.062,0.87,0.0254,NA,NA,NA,0.188167696
"FBLN5","Lymphocyte","ANX","Wald ratio",1,0.108,0.049,1.114,0.0257,NA,NA,NA,0.159075378
"COG3","Lymphocyte","ANX","Wald ratio",1,-0.601,0.27,0.548,0.026,NA,NA,NA,0.132266601
"TREH","Lymphocyte","ANX","Wald ratio",1,-0.133,0.06,0.876,0.0265,NA,NA,NA,0.155861436
"PLD5","Lymphocyte","ANX","Wald ratio",1,0.161,0.073,1.175,0.0268,NA,NA,NA,0.139668224
"ZNF692","Lymphocyte","ANX","Wald ratio",1,-0.577,0.261,0.562,0.0269,NA,NA,NA,0.226622206
"OSCP1","Lymphocyte","ANX","Wald ratio",1,0.171,0.078,1.187,0.0275,NA,NA,NA,0.151785662
"C4orf36","Lymphocyte","ANX","Wald ratio",1,0.499,0.227,1.647,0.0277,NA,NA,NA,0.127190732
"BZW2","Lymphocyte","ANX","Wald ratio",1,-0.097,0.044,0.908,0.028,NA,NA,NA,0.155094587
"B3GNT3","Lymphocyte","ANX","Wald ratio",1,-0.344,0.157,0.709,0.0282,NA,NA,NA,0.228846823
"PODNL1","Lymphocyte","ANX","Wald ratio",1,0.263,0.12,1.301,0.0283,NA,NA,NA,0.164978167
"NANOS3","Lymphocyte","ANX","Wald ratio",1,0.093,0.043,1.098,0.0283,NA,NA,NA,0.164915758
"MIR181C","Lymphocyte","ANX","Wald ratio",1,0.234,0.107,1.264,0.0283,NA,NA,NA,0.164998886
"C19orf57","Lymphocyte","ANX","Wald ratio",1,0.643,0.293,1.903,0.0283,NA,NA,NA,0.164998886
"PTPRZ1","Lymphocyte","ANX","Wald ratio",1,0.097,0.044,1.102,0.0284,NA,NA,NA,0.166626341
"FLJ44817","Lymphocyte","ANX","Wald ratio",1,-0.382,0.175,0.682,0.0285,NA,NA,NA,0.158594009
"ZNF787","Lymphocyte","ANX","Wald ratio",1,0.161,0.074,1.175,0.0287,NA,NA,NA,0.210960932
"CBLL1","Lymphocyte","ANX","Wald ratio",1,0.075,0.034,1.078,0.0287,NA,NA,NA,0.12186452
"EIF4EBP2","Lymphocyte","ANX","Wald ratio",1,-0.247,0.113,0.781,0.029,NA,NA,NA,0.128504046
"NODAL","Lymphocyte","ANX","Wald ratio",1,-0.098,0.045,0.907,0.029,NA,NA,NA,0.128504046
"SLIT3","Lymphocyte","ANX","Weighted median",4,0.054,0.025,1.055,0.0294,0.424062577,0.424774019,0.408463759,0.094654523
"TTC7A","Lymphocyte","ANX","Wald ratio",1,0.081,0.037,1.084,0.0294,NA,NA,NA,0.110925303
"EHF","Lymphocyte","ANX","Inverse variance weighted",2,0.077,0.035,1.08,0.0295,NA,0.785384565,NA,0.128836295
"SPRED2","Lymphocyte","ANX","Wald ratio",1,0.076,0.035,1.078,0.0296,NA,NA,NA,0.125384779
"ERN1","Lymphocyte","ANX","Wald ratio",1,0.094,0.043,1.099,0.03,NA,NA,NA,0.15729848
"BAI1","Lymphocyte","ANX","Wald ratio",1,0.573,0.264,1.774,0.0302,NA,NA,NA,0.169744229
"TLE2","Lymphocyte","ANX","Wald ratio",1,0.096,0.045,1.101,0.0302,NA,NA,NA,0.141366263
"VWA5B2","Lymphocyte","ANX","Wald ratio",1,-1.425,0.659,0.24,0.0305,NA,NA,NA,0.138982437
"ALG3","Lymphocyte","ANX","Wald ratio",1,-0.077,0.036,0.926,0.0305,NA,NA,NA,0.138608846
"NPTN","Lymphocyte","ANX","Wald ratio",1,-3.835,1.774,0.022,0.0306,NA,NA,NA,0.188837402
"SSTR1","Lymphocyte","ANX","Inverse variance weighted",2,0.145,0.067,1.156,0.031,NA,0.620474623,NA,0.014408101
"CAMKK1","Lymphocyte","ANX","Wald ratio",1,-0.076,0.035,0.927,0.0314,NA,NA,NA,0.135993253
"ROR1","Lymphocyte","ANX","Wald ratio",1,0.146,0.068,1.157,0.0316,NA,NA,NA,0.144597308
"DDX1","Lymphocyte","ANX","Wald ratio",1,0.086,0.04,1.09,0.0321,NA,NA,NA,0.150769663
"ERG","Lymphocyte","ANX","Wald ratio",1,-0.08,0.038,0.923,0.0327,NA,NA,NA,0.135221999
"ATP12A","Lymphocyte","ANX","Wald ratio",1,-3.616,1.697,0.027,0.0331,NA,NA,NA,0.175435515
"IRX4","Lymphocyte","ANX","Wald ratio",1,-0.276,0.13,0.759,0.0337,NA,NA,NA,0.130201547
"CPEB2","Lymphocyte","ANX","Wald ratio",1,-0.091,0.043,0.913,0.034,NA,NA,NA,0.127617914
"KLF9","Lymphocyte","ANX","Wald ratio",1,-1.391,0.657,0.249,0.0342,NA,NA,NA,0.1139474
"C10orf111","Lymphocyte","ANX","Wald ratio",1,-7.4,3.5,0.001,0.0345,NA,NA,NA,0.148791237
"C5orf49","Lymphocyte","ANX","Wald ratio",1,0.29,0.137,1.337,0.0346,NA,NA,NA,0.111131547
"RFESD","Lymphocyte","ANX","Wald ratio",1,-0.45,0.213,0.638,0.0348,NA,NA,NA,0.128287058
"PACSIN1","Lymphocyte","ANX","Wald ratio",1,0.101,0.048,1.106,0.0348,NA,NA,NA,0.135737077
"PLEKHA2","Lymphocyte","ANX","Wald ratio",1,0.158,0.075,1.171,0.0349,NA,NA,NA,0.110642855
"PYGL","Lymphocyte","ANX","Wald ratio",1,-2.157,1.023,0.116,0.0349,NA,NA,NA,0.131935386
"GUCY1B2","Lymphocyte","ANX","Wald ratio",1,-0.141,0.067,0.868,0.0353,NA,NA,NA,0.119235238
"ACTA1","Lymphocyte","ANX","Wald ratio",1,0.289,0.137,1.335,0.0355,NA,NA,NA,0.141253425
"LOC387646","Lymphocyte","ANX","Wald ratio",1,0.095,0.045,1.099,0.0356,NA,NA,NA,0.131818812
"ASAP3","Lymphocyte","ANX","Wald ratio",1,0.105,0.05,1.111,0.0363,NA,NA,NA,0.145534641
"DAGLA","Lymphocyte","ANX","Wald ratio",1,0.094,0.045,1.099,0.0364,NA,NA,NA,0.143579495
"ANXA6","Lymphocyte","ANX","Wald ratio",1,-0.106,0.051,0.899,0.0369,NA,NA,NA,0.107393782
"C15orf27","Lymphocyte","ANX","Wald ratio",1,0.159,0.076,1.173,0.0372,NA,NA,NA,0.143407965
"SEMA5B","Lymphocyte","ANX","Wald ratio",1,0.161,0.077,1.174,0.0381,NA,NA,NA,0.129044591
"FHL3","Lymphocyte","ANX","Wald ratio",1,-0.089,0.043,0.915,0.0383,NA,NA,NA,0.131028874
"LILRA4","Lymphocyte","ANX","Wald ratio",1,0.124,0.06,1.132,0.0383,NA,NA,NA,0.149921058
"EEF1DP3","Lymphocyte","ANX","Wald ratio",1,-0.227,0.11,0.797,0.0385,NA,NA,NA,0.159759548
"SOX9","Lymphocyte","ANX","Wald ratio",1,-0.492,0.238,0.612,0.0386,NA,NA,NA,0.13220492
"CCND1","Lymphocyte","ANX","Wald ratio",1,0.153,0.074,1.165,0.0391,NA,NA,NA,0.127297961
"ELAVL4","Lymphocyte","ANX","Wald ratio",1,-0.112,0.054,0.894,0.0392,NA,NA,NA,0.1516325
"CYP1B1","Lymphocyte","ANX","Wald ratio",1,-0.105,0.051,0.9,0.0396,NA,NA,NA,0.130124589
"C1orf70","Lymphocyte","ANX","Wald ratio",1,-0.301,0.147,0.74,0.0398,NA,NA,NA,0.120362257
"TMEM88B","Lymphocyte","ANX","Wald ratio",1,-0.096,0.047,0.908,0.0398,NA,NA,NA,0.117601298
"ATAD3A","Lymphocyte","ANX","Wald ratio",1,-0.089,0.043,0.915,0.0398,NA,NA,NA,0.120361841
"SSU72","Lymphocyte","ANX","Wald ratio",1,-0.082,0.04,0.922,0.0398,NA,NA,NA,0.120362257
"VWA1","Lymphocyte","ANX","Wald ratio",1,-0.098,0.048,0.906,0.0398,NA,NA,NA,0.120362257
"VCL","Lymphocyte","ANX","Wald ratio",1,-0.923,0.449,0.397,0.0399,NA,NA,NA,0.116931627
"PLEKHH2","Lymphocyte","ANX","Wald ratio",1,0.084,0.041,1.088,0.04,NA,NA,NA,0.131132023
"FMNL3","Lymphocyte","ANX","Wald ratio",1,-0.303,0.148,0.739,0.0407,NA,NA,NA,0.147511371
"KCNH3","Lymphocyte","ANX","Wald ratio",1,-0.14,0.068,0.869,0.0407,NA,NA,NA,0.147509623
"LOC643406","Lymphocyte","ANX","Wald ratio",1,0.124,0.061,1.132,0.0408,NA,NA,NA,0.162337981
"GNA12","Lymphocyte","ANX","Wald ratio",1,-0.066,0.032,0.936,0.0409,NA,NA,NA,0.106558682
"MTFMT","Lymphocyte","ANX","Wald ratio",1,-3.832,1.877,0.022,0.0412,NA,NA,NA,0.129775467
"OSTBETA","Lymphocyte","ANX","Wald ratio",1,-1.297,0.635,0.273,0.0412,NA,NA,NA,0.129775436
"FAM19A5","Lymphocyte","ANX","Inverse variance weighted",2,-0.055,0.027,0.947,0.0413,NA,0.938002234,NA,0.040365803
"LGR6","Lymphocyte","ANX","Wald ratio",1,-0.121,0.059,0.886,0.0421,NA,NA,NA,0.102707671
"WDR41","Lymphocyte","ANX","Wald ratio",1,-1.287,0.635,0.276,0.0426,NA,NA,NA,0.09752752
"TOX4","Lymphocyte","ANX","Wald ratio",1,-0.062,0.03,0.94,0.0427,NA,NA,NA,0.099290994
"CENPH","Lymphocyte","ANX","Wald ratio",1,-0.066,0.033,0.936,0.0427,NA,NA,NA,0.089113358
"TRPV6","Lymphocyte","ANX","Wald ratio",1,-0.121,0.06,0.886,0.0427,NA,NA,NA,0.154025753
"XIRP2","Lymphocyte","ANX","Wald ratio",1,0.083,0.041,1.087,0.0431,NA,NA,NA,0.111733528
"KCNT1","Lymphocyte","ANX","Wald ratio",1,0.094,0.046,1.098,0.0432,NA,NA,NA,0.115328796
"CAMSAP1","Lymphocyte","ANX","Wald ratio",1,0.102,0.05,1.107,0.0432,NA,NA,NA,0.115328796
"EIF3D","Lymphocyte","ANX","Wald ratio",1,0.129,0.064,1.137,0.0432,NA,NA,NA,0.104604687
"TXN2","Lymphocyte","ANX","Wald ratio",1,4.081,2.019,59.219,0.0432,NA,NA,NA,0.104604687
"SMPDL3A","Lymphocyte","ANX","Wald ratio",1,-0.148,0.073,0.862,0.0434,NA,NA,NA,0.112092103
"C9orf5","Lymphocyte","ANX","Wald ratio",1,0.162,0.08,1.176,0.0435,NA,NA,NA,0.102577978
"PREX1","Lymphocyte","ANX","Wald ratio",1,-0.151,0.075,0.86,0.0437,NA,NA,NA,0.111999414
"OR5D16","Lymphocyte","ANX","Wald ratio",1,0.093,0.046,1.098,0.044,NA,NA,NA,0.113487275
"OR4A16","Lymphocyte","ANX","Wald ratio",1,0.538,0.267,1.713,0.044,NA,NA,NA,0.113487275
"ST8SIA4","Lymphocyte","ANX","Wald ratio",1,-0.236,0.117,0.79,0.0442,NA,NA,NA,0.105790923
"PPARGC1A","Lymphocyte","ANX","Wald ratio",1,0.076,0.038,1.078,0.0443,NA,NA,NA,0.108137658
"PAX5","Lymphocyte","ANX","Wald ratio",1,-0.125,0.062,0.882,0.0444,NA,NA,NA,0.116051993
"APOLD1","Lymphocyte","ANX","Wald ratio",1,-0.081,0.041,0.922,0.0445,NA,NA,NA,0.10476233
"ZMIZ1","Lymphocyte","ANX","Inverse variance weighted",3,0.054,0.027,1.056,0.045,0.520532612,0.806161633,0.914853116,0.024556141
"MYBL2","Lymphocyte","ANX","Wald ratio",1,-0.32,0.16,0.726,0.0455,NA,NA,NA,0.113536026
"TMPRSS3","Lymphocyte","ANX","Wald ratio",1,-0.173,0.086,0.841,0.0455,NA,NA,NA,0.098938324
"NAT8L","Lymphocyte","ANX","Wald ratio",1,-0.115,0.057,0.892,0.0457,NA,NA,NA,0.145796575
"CALCB","Lymphocyte","ANX","Wald ratio",1,-0.743,0.372,0.476,0.0458,NA,NA,NA,0.099408272
"ANO1","Lymphocyte","ANX","Wald ratio",1,0.091,0.046,1.096,0.0465,NA,NA,NA,0.120523212
"SAMD12","Lymphocyte","ANX","Inverse variance weighted",2,0.135,0.068,1.145,0.0467,NA,0.265539657,NA,0.034902817
"ADAM10","Lymphocyte","ANX","Wald ratio",1,-0.084,0.042,0.92,0.0471,NA,NA,NA,0.11619945
"LIPC","Lymphocyte","ANX","Wald ratio",1,-0.189,0.095,0.828,0.0471,NA,NA,NA,0.116200759
"ARHGAP12","Lymphocyte","ANX","Wald ratio",1,-0.196,0.099,0.822,0.0474,NA,NA,NA,0.088258011
"C2orf3","Lymphocyte","ANX","Wald ratio",1,-2.679,1.357,0.069,0.0484,NA,NA,NA,0.10898062
"SDK1","Lymphocyte","ANX","Inverse variance weighted",3,0.063,0.032,1.065,0.049,0.266097511,0.538727604,0.989504797,0.039161767
"SLC30A10","Lymphocyte","ANX","Wald ratio",1,0.094,0.048,1.099,0.0492,NA,NA,NA,0.103388463
"ASRGL1","Lymphocyte","ANX","Wald ratio",1,-0.083,0.042,0.92,0.0493,NA,NA,NA,0.107076239
"LOC283663","Lymphocyte","ANX","Wald ratio",1,-0.123,0.063,0.885,0.0497,NA,NA,NA,0.111494786
"UTP23","Lymphocyte","ANX","Wald ratio",1,4.206,2.144,67.104,0.0498,NA,NA,NA,0.098826402
"SLC1A1","Lymphocyte","ANX","Wald ratio",1,-2.456,1.253,0.086,0.05,NA,NA,NA,0.110811641
"TRPM7","Lymphocyte","ANX","Wald ratio",1,0.066,0.034,1.068,0.0502,NA,NA,NA,0.08531663
"TGFBR2","Lymphocyte","ANX","Wald ratio",1,-0.114,0.058,0.892,0.0502,NA,NA,NA,0.09612272
"CDC73","Lymphocyte","ANX","Wald ratio",1,2.179,1.114,8.834,0.0506,NA,NA,NA,0.090573626
"C2orf27A","Lymphocyte","ANX","Wald ratio",1,0.125,0.064,1.133,0.0508,NA,NA,NA,0.135319839
"C21orf129","Lymphocyte","ANX","Wald ratio",1,0.117,0.06,1.124,0.0509,NA,NA,NA,0.131373762
"ZHX2","Lymphocyte","ANX","Wald ratio",1,0.09,0.046,1.094,0.051,NA,NA,NA,0.094640238
"UCHL3","Lymphocyte","ANX","Wald ratio",1,0.06,0.031,1.062,0.051,NA,NA,NA,0.079644144
"SHE","Lymphocyte","ANX","Wald ratio",1,0.276,0.141,1.318,0.051,NA,NA,NA,0.106752261
"RHOB","Lymphocyte","ANX","Wald ratio",1,-0.626,0.321,0.535,0.0514,NA,NA,NA,0.079407773
"PDE6B","Lymphocyte","ANX","Wald ratio",1,-0.138,0.071,0.872,0.0517,NA,NA,NA,0.118768362
"PDZD7","Lymphocyte","ANX","Wald ratio",1,-0.127,0.065,0.881,0.0518,NA,NA,NA,0.103547307
"GJA3","Lymphocyte","ANX","Wald ratio",1,0.272,0.14,1.312,0.0518,NA,NA,NA,0.083267256
"STARD4","Lymphocyte","ANX","Wald ratio",1,3.705,1.91,40.64,0.0524,NA,NA,NA,0.107179655
"GDF9","Lymphocyte","ANX","Wald ratio",1,0.052,0.027,1.054,0.0525,NA,NA,NA,0.076442937
"OBSCN","Lymphocyte","ANX","Wald ratio",1,0.336,0.174,1.4,0.0528,NA,NA,NA,0.088641905
"SDK1","Lymphocyte","ANX","Weighted median",3,0.064,0.033,1.066,0.0529,0.266097511,0.538727604,0.989504797,0.039161767
"BCR","Lymphocyte","ANX","Wald ratio",1,0.115,0.06,1.122,0.0531,NA,NA,NA,0.088674573
"ADAMTS5","Lymphocyte","ANX","Wald ratio",1,0.101,0.052,1.106,0.0532,NA,NA,NA,0.106967416
"FAM108B1","Lymphocyte","ANX","Wald ratio",1,0.223,0.115,1.25,0.0535,NA,NA,NA,0.112155793
"SYNPO2L","Lymphocyte","ANX","Wald ratio",1,0.104,0.054,1.11,0.0535,NA,NA,NA,0.11152361
"C3orf67","Lymphocyte","ANX","Wald ratio",1,0.131,0.068,1.14,0.0539,NA,NA,NA,0.096302293
"STK24","Lymphocyte","ANX","Wald ratio",1,-0.09,0.047,0.914,0.054,NA,NA,NA,0.083505029
"PHACTR2","Lymphocyte","ANX","Wald ratio",1,0.053,0.027,1.054,0.0542,NA,NA,NA,0.075541567
"PAX9","Lymphocyte","ANX","Wald ratio",1,-0.575,0.299,0.563,0.0544,NA,NA,NA,0.083554363
"RUNX3","Lymphocyte","ANX","Wald ratio",1,-0.084,0.044,0.919,0.0548,NA,NA,NA,0.080090962
"ADAMTS9","Lymphocyte","ANX","Wald ratio",1,0.104,0.054,1.11,0.055,NA,NA,NA,0.09495157
"RASGRF2","Lymphocyte","ANX","Wald ratio",1,-0.145,0.076,0.865,0.056,NA,NA,NA,0.084617739
"NFATC1","Lymphocyte","ANX","Wald ratio",1,-0.117,0.061,0.89,0.0564,NA,NA,NA,0.092943234
"ELOVL5","Lymphocyte","ANX","Wald ratio",1,-4.565,2.394,0.01,0.0566,NA,NA,NA,0.102510715
"TBXAS1","Lymphocyte","ANX","Wald ratio",1,0.116,0.061,1.123,0.0569,NA,NA,NA,0.103695566
"PCDHB15","Lymphocyte","ANX","Wald ratio",1,-0.133,0.07,0.875,0.0571,NA,NA,NA,0.088243874
"PCDHB8","Lymphocyte","ANX","Wald ratio",1,-0.116,0.061,0.891,0.0571,NA,NA,NA,0.088243877
"NUDT12","Lymphocyte","ANX","Wald ratio",1,1.935,1.018,6.924,0.0572,NA,NA,NA,0.101688687
"NSMCE1","Lymphocyte","ANX","Wald ratio",1,-0.151,0.079,0.86,0.0575,NA,NA,NA,0.079498695
"CCDC33","Lymphocyte","ANX","Wald ratio",1,-0.139,0.073,0.87,0.0579,NA,NA,NA,0.085271839
"SEMA7A","Lymphocyte","ANX","Wald ratio",1,-0.127,0.067,0.88,0.0579,NA,NA,NA,0.085271839
"CLEC7A","Lymphocyte","ANX","Wald ratio",1,0.083,0.044,1.087,0.0579,NA,NA,NA,0.094942204
"CHMP4B","Lymphocyte","ANX","Wald ratio",1,-0.064,0.034,0.938,0.0581,NA,NA,NA,0.076006198
"SHH","Lymphocyte","ANX","Wald ratio",1,0.394,0.208,1.483,0.0581,NA,NA,NA,0.086087684
"HTATIP2","Lymphocyte","ANX","Wald ratio",1,0.098,0.052,1.103,0.0584,NA,NA,NA,0.076093528
"CPVL","Lymphocyte","ANX","Wald ratio",1,-0.191,0.101,0.826,0.0585,NA,NA,NA,0.075822873
"FAM5B","Lymphocyte","ANX","Wald ratio",1,-0.227,0.12,0.797,0.0586,NA,NA,NA,0.107670213
"ABCC1","Lymphocyte","ANX","Inverse variance weighted",2,-0.067,0.036,0.935,0.0586,NA,0.453627952,NA,0.089039857
"LRP5","Lymphocyte","ANX","Wald ratio",1,-0.074,0.039,0.929,0.0589,NA,NA,NA,0.094409308
"C6orf10","Lymphocyte","ANX","Wald ratio",1,0.119,0.063,1.127,0.059,NA,NA,NA,0.123818879
"SSPN","Lymphocyte","ANX","Wald ratio",1,-0.116,0.061,0.891,0.0592,NA,NA,NA,0.081564495
"SEMA3D","Lymphocyte","ANX","Wald ratio",1,-0.063,0.034,0.938,0.0595,NA,NA,NA,0.079998784
"CEP72","Lymphocyte","ANX","Wald ratio",1,-0.151,0.08,0.86,0.0596,NA,NA,NA,0.127031168
"ITGA1","Lymphocyte","ANX","Wald ratio",1,-0.068,0.036,0.934,0.0597,NA,NA,NA,0.082768044
"GSG1L","Lymphocyte","ANX","Wald ratio",1,0.08,0.042,1.083,0.0599,NA,NA,NA,0.078154847
"CHKB-CPT1B","Lymphocyte","ANX","Wald ratio",1,0.078,0.042,1.081,0.0601,NA,NA,NA,0.079039762
"C22orf41","Lymphocyte","ANX","Wald ratio",1,0.807,0.429,2.241,0.0601,NA,NA,NA,0.079039762
"KLHDC7B","Lymphocyte","ANX","Wald ratio",1,0.078,0.042,1.081,0.0601,NA,NA,NA,0.07896936
"TAF4","Lymphocyte","ANX","Wald ratio",1,0.064,0.034,1.066,0.0607,NA,NA,NA,0.075857875
"MIR1257","Lymphocyte","ANX","Wald ratio",1,0.082,0.043,1.085,0.0607,NA,NA,NA,0.075857875
"LOC643719","Lymphocyte","ANX","Wald ratio",1,-0.091,0.049,0.913,0.0609,NA,NA,NA,0.103967684
"TRIM33","Lymphocyte","ANX","Wald ratio",1,0.062,0.033,1.064,0.0617,NA,NA,NA,0.080915984
"ANGPTL4","Lymphocyte","ANX","Wald ratio",1,0.807,0.432,2.242,0.0619,NA,NA,NA,0.074193883
"RAB11B","Lymphocyte","ANX","Wald ratio",1,0.065,0.035,1.067,0.0619,NA,NA,NA,0.074193883
"PF4","Lymphocyte","ANX","Wald ratio",1,-0.09,0.048,0.914,0.0622,NA,NA,NA,0.104713622
"C20orf7","Lymphocyte","ANX","Wald ratio",1,0.274,0.147,1.316,0.0622,NA,NA,NA,0.107940631
"KCTD12","Lymphocyte","ANX","Wald ratio",1,0.138,0.074,1.148,0.0623,NA,NA,NA,0.078588943
"SNRPE","Lymphocyte","ANX","Wald ratio",1,-0.063,0.034,0.939,0.0627,NA,NA,NA,0.076758647
"H2AFY2","Lymphocyte","ANX","Wald ratio",1,-0.076,0.041,0.927,0.0633,NA,NA,NA,0.08547397
"CBR3","Lymphocyte","ANX","Wald ratio",1,0.661,0.356,1.936,0.0638,NA,NA,NA,0.09695665
"NDST1","Lymphocyte","ANX","Wald ratio",1,-0.06,0.032,0.942,0.0642,NA,NA,NA,0.07230746
"UNC5C","Lymphocyte","ANX","Inverse variance weighted",2,-0.068,0.037,0.935,0.0644,NA,0.230138898,NA,0.074910817
"TSNARE1","Lymphocyte","ANX","Wald ratio",1,0.054,0.029,1.055,0.0648,NA,NA,NA,0.070209926
"DNMT3L","Lymphocyte","ANX","Wald ratio",1,-0.062,0.034,0.94,0.0651,NA,NA,NA,0.070599318
"LDHAL6A","Lymphocyte","ANX","Wald ratio",1,-0.087,0.047,0.916,0.0652,NA,NA,NA,0.08642172
"LDHC","Lymphocyte","ANX","Wald ratio",1,-0.074,0.04,0.929,0.0652,NA,NA,NA,0.08642172
"BRD3","Lymphocyte","ANX","Wald ratio",1,1.324,0.719,3.758,0.0656,NA,NA,NA,0.072603818
"DNAJC6","Lymphocyte","ANX","Wald ratio",1,-0.168,0.091,0.846,0.0661,NA,NA,NA,0.06979805
"RASA2","Lymphocyte","ANX","Wald ratio",1,1.09,0.593,2.975,0.0661,NA,NA,NA,0.121111721
"ASS1","Lymphocyte","ANX","Wald ratio",1,-0.673,0.366,0.51,0.0661,NA,NA,NA,0.078294479
"ZIC5","Lymphocyte","ANX","Wald ratio",1,-0.282,0.153,0.754,0.0663,NA,NA,NA,0.068988502
"PPT1","Lymphocyte","ANX","Wald ratio",1,0.059,0.032,1.061,0.0664,NA,NA,NA,0.07495766
"NDUFS5","Lymphocyte","ANX","Wald ratio",1,0.067,0.036,1.069,0.0664,NA,NA,NA,0.067524653
"MACF1","Lymphocyte","ANX","Wald ratio",1,0.091,0.049,1.095,0.0664,NA,NA,NA,0.069934341
"AKIRIN1","Lymphocyte","ANX","Wald ratio",1,0.474,0.258,1.607,0.0664,NA,NA,NA,0.069934341
"SYNM","Lymphocyte","ANX","Wald ratio",1,-0.662,0.361,0.516,0.0665,NA,NA,NA,0.07207164
"ARL9","Lymphocyte","ANX","Wald ratio",1,-0.242,0.132,0.785,0.0668,NA,NA,NA,0.074826963
"AIFM2","Lymphocyte","ANX","Inverse variance weighted",2,0.053,0.029,1.054,0.0671,NA,0.495703805,NA,0.089642318
"GNAL","Lymphocyte","ANX","Wald ratio",1,-0.599,0.327,0.55,0.0674,NA,NA,NA,0.096609144
"MKKS","Lymphocyte","ANX","Wald ratio",1,0.074,0.041,1.077,0.0676,NA,NA,NA,0.069816323
"COL4A4","Lymphocyte","ANX","Wald ratio",1,-0.055,0.03,0.947,0.068,NA,NA,NA,0.067519505
"FAM84B","Lymphocyte","ANX","Wald ratio",1,0.109,0.06,1.115,0.0681,NA,NA,NA,0.10484681
"ACP1","Lymphocyte","ANX","Wald ratio",1,-0.109,0.06,0.897,0.0686,NA,NA,NA,0.069037026
"SYNJ2","Lymphocyte","ANX","Wald ratio",1,0.076,0.042,1.079,0.0692,NA,NA,NA,0.068384824
"RARRES2","Lymphocyte","ANX","Wald ratio",1,0.08,0.044,1.083,0.0697,NA,NA,NA,0.075269372
"NCOA7","Lymphocyte","ANX","Wald ratio",1,0.065,0.036,1.067,0.0697,NA,NA,NA,0.067047075
"PXT1","Lymphocyte","ANX","Wald ratio",1,1.595,0.88,4.928,0.0699,NA,NA,NA,0.0785739
"PLK1S1","Lymphocyte","ANX","Wald ratio",1,-0.149,0.082,0.861,0.0699,NA,NA,NA,0.069629444
"DKFZP434H168","Lymphocyte","ANX","Wald ratio",1,-0.22,0.121,0.803,0.0702,NA,NA,NA,0.065701966
"DNALI1","Lymphocyte","ANX","Wald ratio",1,0.155,0.086,1.168,0.0706,NA,NA,NA,0.065859669
"COL4A2","Lymphocyte","ANX","Weighted median",3,-0.048,0.026,0.953,0.0706,0.661124109,0.907781416,0.976685938,0.065132096
"PFKFB3","Lymphocyte","ANX","Wald ratio",1,-0.135,0.074,0.874,0.0706,NA,NA,NA,0.095799499
"PHACTR1","Lymphocyte","ANX","Wald ratio",1,-0.065,0.036,0.937,0.0712,NA,NA,NA,0.067136136
"GRM3","Lymphocyte","ANX","Wald ratio",1,0.47,0.261,1.6,0.0713,NA,NA,NA,0.073664789
"ARNTL","Lymphocyte","ANX","Wald ratio",1,-1.738,0.965,0.176,0.0716,NA,NA,NA,0.072900424
"RALYL","Lymphocyte","ANX","Wald ratio",1,0.444,0.247,1.56,0.0718,NA,NA,NA,0.069604134
"MIER2","Lymphocyte","ANX","Wald ratio",1,-0.085,0.047,0.919,0.0719,NA,NA,NA,0.093796191
"MRPL22","Lymphocyte","ANX","Wald ratio",1,0.074,0.041,1.077,0.0731,NA,NA,NA,0.069974114
"CD1D","Lymphocyte","ANX","Wald ratio",1,0.093,0.052,1.098,0.0733,NA,NA,NA,0.092270155
"RORA","Lymphocyte","ANX","Simple mode",4,0.093,0.035,1.098,0.0739,0.069257575,0.140447919,0.845783622,0.014878443
"C17orf104","Lymphocyte","ANX","Wald ratio",1,0.274,0.154,1.316,0.0744,NA,NA,NA,0.083554071
"DOCK6","Lymphocyte","ANX","Inverse variance weighted",2,0.05,0.028,1.051,0.0746,NA,0.830721905,NA,0.038892011
"SRRM4","Lymphocyte","ANX","Wald ratio",1,-0.099,0.056,0.905,0.0749,NA,NA,NA,0.066503108
"MESDC1","Lymphocyte","ANX","Wald ratio",1,-0.068,0.038,0.935,0.0749,NA,NA,NA,0.073823163
"C15orf26","Lymphocyte","ANX","Wald ratio",1,-1.261,0.708,0.283,0.0749,NA,NA,NA,0.073823163
"FLJ39653","Lymphocyte","ANX","Wald ratio",1,0.065,0.037,1.067,0.0753,NA,NA,NA,0.073219979
"PEX5L","Lymphocyte","ANX","Wald ratio",1,-0.142,0.08,0.868,0.0758,NA,NA,NA,0.063701796
"LATS2","Lymphocyte","ANX","Wald ratio",1,-0.075,0.042,0.927,0.076,NA,NA,NA,0.078115104
"TNFRSF19","Lymphocyte","ANX","Wald ratio",1,0.125,0.07,1.133,0.0761,NA,NA,NA,0.063172457
"PPM1F","Lymphocyte","ANX","Wald ratio",1,-0.308,0.174,0.735,0.0762,NA,NA,NA,0.088515782
"COL5A1","Lymphocyte","ANX","Inverse variance weighted",2,0.048,0.027,1.049,0.0763,NA,0.311131317,NA,0.023875209
"MCF2L","Lymphocyte","ANX","Inverse variance weighted",2,-0.06,0.034,0.942,0.077,NA,0.936703245,NA,0.015341616
"STAM","Lymphocyte","ANX","Wald ratio",1,0.091,0.051,1.095,0.0772,NA,NA,NA,0.094071357
"USP14","Lymphocyte","ANX","Wald ratio",1,0.079,0.045,1.082,0.0776,NA,NA,NA,0.069396379
"BLZF1","Lymphocyte","ANX","Wald ratio",1,-1.541,0.878,0.214,0.0791,NA,NA,NA,0.136725026
"ANKLE2","Lymphocyte","ANX","Wald ratio",1,-0.057,0.033,0.944,0.0794,NA,NA,NA,0.06419582
"ANKMY1","Lymphocyte","ANX","Wald ratio",1,0.058,0.033,1.06,0.0796,NA,NA,NA,0.063937522
"ARHGAP18","Lymphocyte","ANX","Wald ratio",1,-0.096,0.055,0.908,0.0798,NA,NA,NA,0.094269751
"FERMT1","Lymphocyte","ANX","Inverse variance weighted",2,-0.092,0.053,0.912,0.0799,NA,0.674672203,NA,0.040962903
"NLRP5","Lymphocyte","ANX","Wald ratio",1,0.073,0.042,1.076,0.0801,NA,NA,NA,0.063605842
"DMRT2","Lymphocyte","ANX","Wald ratio",1,0.192,0.11,1.211,0.0804,NA,NA,NA,0.063791635
"APOBEC3F","Lymphocyte","ANX","Wald ratio",1,-0.056,0.032,0.946,0.0806,NA,NA,NA,0.060697317
"INPP4A","Lymphocyte","ANX","Wald ratio",1,-0.072,0.041,0.93,0.0806,NA,NA,NA,0.066745492
"ENPP7","Lymphocyte","ANX","Wald ratio",1,-0.058,0.033,0.943,0.0807,NA,NA,NA,0.062571487
"ZFPM2","Lymphocyte","ANX","Wald ratio",1,0.066,0.038,1.069,0.0808,NA,NA,NA,0.063708628
"TTC39B","Lymphocyte","ANX","Wald ratio",1,0.069,0.04,1.071,0.0813,NA,NA,NA,0.068888966
"PTCHD3","Lymphocyte","ANX","Wald ratio",1,0.08,0.046,1.083,0.0814,NA,NA,NA,0.06728804
"LHCGR","Lymphocyte","ANX","Wald ratio",1,0.073,0.042,1.075,0.0818,NA,NA,NA,0.065841806
"CSGALNACT1","Lymphocyte","ANX","Wald ratio",1,0.09,0.052,1.094,0.0819,NA,NA,NA,0.065162178
"RSPH1","Lymphocyte","ANX","Wald ratio",1,-0.289,0.166,0.749,0.0819,NA,NA,NA,0.066970547
"SLC37A1","Lymphocyte","ANX","Wald ratio",1,-0.068,0.039,0.934,0.0819,NA,NA,NA,0.06696643
"HTRA3","Lymphocyte","ANX","Wald ratio",1,-0.065,0.038,0.937,0.0821,NA,NA,NA,0.058789864
"KLF4","Lymphocyte","ANX","Wald ratio",1,-0.145,0.084,0.865,0.0821,NA,NA,NA,0.073529866
"ZFYVE27","Lymphocyte","ANX","Wald ratio",1,-0.246,0.142,0.782,0.0836,NA,NA,NA,0.067144011
"COL22A1","Lymphocyte","ANX","Wald ratio",1,-0.581,0.336,0.559,0.0836,NA,NA,NA,0.085935244
"MCOLN2","Lymphocyte","ANX","Wald ratio",1,-0.07,0.04,0.933,0.0836,NA,NA,NA,0.058338988
"SCAMP4","Lymphocyte","ANX","Wald ratio",1,-0.199,0.115,0.82,0.0839,NA,NA,NA,0.087329025
"HCCA2","Lymphocyte","ANX","Inverse variance weighted",2,0.045,0.026,1.046,0.0842,NA,0.774658219,NA,0.038819904
"DSCAM","Lymphocyte","ANX","Weighted median",3,0.058,0.033,1.059,0.0842,0.035208286,0.00941781,0.484293073,0.220379251
"ZMIZ1","Lymphocyte","ANX","Weighted median",3,0.05,0.029,1.051,0.0843,0.520532612,0.806161633,0.914853116,0.024556141
"SLC10A2","Lymphocyte","ANX","Wald ratio",1,-0.053,0.03,0.949,0.0845,NA,NA,NA,0.057027993
"MAP2K4","Lymphocyte","ANX","Wald ratio",1,0.723,0.419,2.06,0.0845,NA,NA,NA,0.06497286
"ZNF18","Lymphocyte","ANX","Wald ratio",1,0.063,0.036,1.065,0.0845,NA,NA,NA,0.06497286
"KIF21B","Lymphocyte","ANX","Wald ratio",1,0.058,0.033,1.059,0.0848,NA,NA,NA,0.056502367
"MRPS26","Lymphocyte","ANX","Wald ratio",1,-0.287,0.167,0.751,0.0856,NA,NA,NA,0.056653935
"RYBP","Lymphocyte","ANX","Wald ratio",1,0.068,0.04,1.071,0.086,NA,NA,NA,0.0577948
"FLJ22536","Lymphocyte","ANX","Wald ratio",1,0.09,0.052,1.094,0.0866,NA,NA,NA,0.065568882
"MRPL48","Lymphocyte","ANX","Wald ratio",1,-0.061,0.035,0.941,0.0867,NA,NA,NA,0.056756809
"PLEKHB1","Lymphocyte","ANX","Wald ratio",1,-0.057,0.034,0.944,0.0867,NA,NA,NA,0.056756809
"ARMC9","Lymphocyte","ANX","Wald ratio",1,0.064,0.038,1.066,0.0874,NA,NA,NA,0.067593719
"DPP4","Lymphocyte","ANX","Wald ratio",1,-0.213,0.124,0.809,0.0875,NA,NA,NA,0.065900546
"C9orf171","Lymphocyte","ANX","Wald ratio",1,-0.069,0.04,0.933,0.0877,NA,NA,NA,0.070218376
"KCNB1","Lymphocyte","ANX","Wald ratio",1,1.909,1.119,6.749,0.0879,NA,NA,NA,0.097801519
"LILRA3","Lymphocyte","ANX","Wald ratio",1,-0.062,0.037,0.94,0.088,NA,NA,NA,0.066717091
"TMEM90B","Lymphocyte","ANX","Wald ratio",1,-0.099,0.058,0.906,0.0881,NA,NA,NA,0.078504065
"C20orf3","Lymphocyte","ANX","Wald ratio",1,-0.093,0.055,0.911,0.0881,NA,NA,NA,0.079906347
"ZC3H18","Lymphocyte","ANX","Wald ratio",1,1.417,0.831,4.126,0.0881,NA,NA,NA,0.084756205
"NRP2","Lymphocyte","ANX","Wald ratio",1,-0.117,0.069,0.89,0.0884,NA,NA,NA,0.09853155
"ADCK2","Lymphocyte","ANX","Wald ratio",1,2.471,1.453,11.835,0.0889,NA,NA,NA,0.092606921
"FMN2","Lymphocyte","ANX","Wald ratio",1,-0.059,0.035,0.943,0.0891,NA,NA,NA,0.051919345
"TUSC1","Lymphocyte","ANX","Wald ratio",1,-0.448,0.264,0.639,0.0891,NA,NA,NA,0.055789384
"TC2N","Lymphocyte","ANX","Wald ratio",1,0.207,0.122,1.23,0.0899,NA,NA,NA,0.070341873
"CACNB2","Lymphocyte","ANX","Inverse variance weighted",2,0.089,0.053,1.093,0.0899,NA,0.410811434,NA,0.066278352
"DSCR6","Lymphocyte","ANX","Wald ratio",1,-0.186,0.11,0.83,0.0904,NA,NA,NA,0.058503858
"PRSS35","Lymphocyte","ANX","Wald ratio",1,-0.068,0.04,0.935,0.0904,NA,NA,NA,0.070895576
"C16orf53","Lymphocyte","ANX","Wald ratio",1,0.35,0.207,1.419,0.0908,NA,NA,NA,0.073121306
"RAB35","Lymphocyte","ANX","Inverse variance weighted",2,-0.065,0.038,0.937,0.091,NA,0.627857234,NA,0.035222645
"MRPS5","Lymphocyte","ANX","Wald ratio",1,0.056,0.033,1.058,0.091,NA,NA,NA,0.061202868
"POLR1A","Lymphocyte","ANX","Wald ratio",1,-0.298,0.176,0.742,0.0912,NA,NA,NA,0.060956446
"EYA2","Lymphocyte","ANX","Wald ratio",1,0.092,0.055,1.096,0.0916,NA,NA,NA,0.055326467
"P2RX6P","Lymphocyte","ANX","Wald ratio",1,0.077,0.046,1.08,0.0916,NA,NA,NA,0.057972418
"ZBTB20","Lymphocyte","ANX","Wald ratio",1,-0.1,0.059,0.905,0.0919,NA,NA,NA,0.087529266
"RNF180","Lymphocyte","ANX","Wald ratio",1,0.136,0.08,1.145,0.0923,NA,NA,NA,0.055506509
"DKFZp566F0947","Lymphocyte","ANX","Wald ratio",1,-0.071,0.042,0.931,0.093,NA,NA,NA,0.063925516
"C3orf15","Lymphocyte","ANX","Wald ratio",1,-0.176,0.105,0.838,0.0931,NA,NA,NA,0.069728187
"IL2RA","Lymphocyte","ANX","Wald ratio",1,0.088,0.053,1.092,0.0935,NA,NA,NA,0.084124143
"SP8","Lymphocyte","ANX","Wald ratio",1,-0.146,0.087,0.864,0.0935,NA,NA,NA,0.068202139
"TBX21","Lymphocyte","ANX","Wald ratio",1,-0.234,0.14,0.791,0.0936,NA,NA,NA,0.055861287
"FGD5","Lymphocyte","ANX","Inverse variance weighted",2,-0.069,0.041,0.934,0.0937,NA,0.310247277,NA,0.019490382
"FRMD3","Lymphocyte","ANX","Wald ratio",1,-0.349,0.208,0.705,0.0937,NA,NA,NA,0.062524628
"CDK5RAP2","Lymphocyte","ANX","Wald ratio",1,-0.096,0.057,0.909,0.0937,NA,NA,NA,0.0907755
"BNC2","Lymphocyte","ANX","Inverse variance weighted",2,-0.057,0.034,0.944,0.0942,NA,0.499456546,NA,0.07326311
"RARS","Lymphocyte","ANX","Wald ratio",1,0.067,0.04,1.069,0.0945,NA,NA,NA,0.063782547
"NOD1","Lymphocyte","ANX","Wald ratio",1,-0.811,0.485,0.444,0.0947,NA,NA,NA,0.063985209
"C15orf53","Lymphocyte","ANX","Wald ratio",1,0.133,0.08,1.142,0.095,NA,NA,NA,0.061288358
"SOBP","Lymphocyte","ANX","Wald ratio",1,-0.104,0.062,0.901,0.095,NA,NA,NA,0.091309212
"RPS6KA2","Lymphocyte","ANX","Inverse variance weighted",7,-0.025,0.015,0.976,0.0951,0.690213589,0.716003697,0.458206559,0.035780047
"CENPP","Lymphocyte","ANX","Wald ratio",1,0.058,0.035,1.06,0.0952,NA,NA,NA,0.05739347
"MYOM1","Lymphocyte","ANX","Wald ratio",1,0.119,0.071,1.126,0.0952,NA,NA,NA,0.089693808
"LOC388796","Lymphocyte","ANX","Wald ratio",1,0.134,0.081,1.144,0.0953,NA,NA,NA,0.103989302
"LRRC8C","Lymphocyte","ANX","Wald ratio",1,-0.355,0.213,0.701,0.0953,NA,NA,NA,0.049502053
"CALML6","Lymphocyte","ANX","Wald ratio",1,0.053,0.032,1.054,0.0954,NA,NA,NA,0.053377153
"KIAA1751","Lymphocyte","ANX","Wald ratio",1,0.049,0.03,1.05,0.0954,NA,NA,NA,0.050818322
"NADK","Lymphocyte","ANX","Wald ratio",1,0.057,0.034,1.059,0.0954,NA,NA,NA,0.053377301
"CDK11B","Lymphocyte","ANX","Wald ratio",1,0.071,0.043,1.073,0.0954,NA,NA,NA,0.053372541
"SLC35E2","Lymphocyte","ANX","Wald ratio",1,0.051,0.031,1.053,0.0954,NA,NA,NA,0.053377302
"UBASH3B","Lymphocyte","ANX","Wald ratio",1,0.07,0.042,1.073,0.0954,NA,NA,NA,0.070299897
"PALLD","Lymphocyte","ANX","Inverse variance weighted",2,-0.056,0.034,0.945,0.0956,NA,0.69634262,NA,0.035606533
"SRD5A2","Lymphocyte","ANX","Wald ratio",1,-0.129,0.078,0.879,0.096,NA,NA,NA,0.054995362
"UTP11L","Lymphocyte","ANX","Wald ratio",1,0.246,0.148,1.279,0.0962,NA,NA,NA,0.057550953
"NCRNA00029","Lymphocyte","ANX","Wald ratio",1,0.053,0.032,1.054,0.0963,NA,NA,NA,0.053797726
"SLCO2A1","Lymphocyte","ANX","Wald ratio",1,0.486,0.292,1.626,0.0963,NA,NA,NA,0.066224142
"ZFP41","Lymphocyte","ANX","Wald ratio",1,-0.106,0.064,0.9,0.0969,NA,NA,NA,0.053519763
"GLI4","Lymphocyte","ANX","Wald ratio",1,-0.055,0.033,0.947,0.0969,NA,NA,NA,0.053519763
"MYLK","Lymphocyte","ANX","Inverse variance weighted",2,-0.055,0.033,0.947,0.0973,NA,0.348247567,NA,0.084209015
"LOC100188949","Lymphocyte","ANX","Wald ratio",1,-0.414,0.25,0.661,0.0974,NA,NA,NA,0.053017251
"ARGLU1","Lymphocyte","ANX","Wald ratio",1,-0.083,0.05,0.92,0.0975,NA,NA,NA,0.055607985
"MLLT6","Lymphocyte","ANX","Wald ratio",1,-0.919,0.555,0.399,0.0975,NA,NA,NA,0.060396927
"CCBL2","Lymphocyte","ANX","Wald ratio",1,0.065,0.039,1.067,0.0978,NA,NA,NA,0.057443459
"GRLF1","Lymphocyte","ANX","Wald ratio",1,-0.2,0.121,0.818,0.0979,NA,NA,NA,0.060395229
"ACIN1","Lymphocyte","ANX","Wald ratio",1,-1.59,0.962,0.204,0.0982,NA,NA,NA,0.092079957
"LAPTM4B","Lymphocyte","ANX","Inverse variance weighted",2,-0.069,0.042,0.933,0.0984,NA,0.858294345,NA,0.051306787
"DAP","Lymphocyte","ANX","Wald ratio",1,-1.272,0.77,0.28,0.0984,NA,NA,NA,0.061476941
"TMEM229B","Lymphocyte","ANX","Inverse variance weighted",2,0.05,0.03,1.051,0.0987,NA,0.789653649,NA,0.051079876
"CDYL2","Lymphocyte","ANX","Wald ratio",1,0.052,0.032,1.054,0.0987,NA,NA,NA,0.053898477
"COL9A2","Lymphocyte","ANX","Wald ratio",1,0.179,0.108,1.196,0.0988,NA,NA,NA,0.061896574
"KCNN4","Lymphocyte","ANX","Wald ratio",1,-0.091,0.055,0.913,0.0988,NA,NA,NA,0.058530539
"C4BPB","Lymphocyte","ANX","Wald ratio",1,0.079,0.048,1.082,0.0989,NA,NA,NA,0.051024355
"SLC20A1","Lymphocyte","ANX","Wald ratio",1,-0.101,0.061,0.904,0.0991,NA,NA,NA,0.057371365
"ABCC13","Lymphocyte","ANX","Wald ratio",1,0.068,0.041,1.07,0.0994,NA,NA,NA,0.065969578
"KLRC1","Lymphocyte","ANX","Wald ratio",1,0.071,0.043,1.074,0.0995,NA,NA,NA,0.054327985
"ZNF423","Lymphocyte","ANX","Inverse variance weighted",2,-0.048,0.029,0.953,0.0996,NA,0.527134711,NA,0.050114069
"TBC1D22A","Lymphocyte","ANX","Wald ratio",1,-0.055,0.033,0.947,0.0997,NA,NA,NA,0.055023396
"MCAT","Lymphocyte","ANX","Wald ratio",1,-0.707,0.429,0.493,0.0998,NA,NA,NA,0.056180773
"TSPO","Lymphocyte","ANX","Wald ratio",1,-1,0.608,0.368,0.0998,NA,NA,NA,0.056180773
"CD164L2","Lymphocyte","ANX","Wald ratio",1,0.145,0.088,1.156,0.0999,NA,NA,NA,0.080389226
"PYROXD2","Lymphocyte","ANX","Wald ratio",1,0.144,0.088,1.155,0.1,NA,NA,NA,0.056402524
"CCL13","Lymphocyte","ANX","Wald ratio",1,-0.131,0.08,0.877,0.1,NA,NA,NA,0.087378767
"CCL1","Lymphocyte","ANX","Wald ratio",1,-0.196,0.119,0.822,0.1,NA,NA,NA,0.09918383
"TTK","Lymphocyte","ANX","Wald ratio",1,-0.064,0.039,0.938,0.1,NA,NA,NA,0.050480653
"UBE2W","Lymphocyte","ANX","Wald ratio",1,0.077,0.047,1.08,0.101,NA,NA,NA,0.06734073
"SIK2","Lymphocyte","ANX","Wald ratio",1,-0.166,0.101,0.847,0.101,NA,NA,NA,0.05426856
"YWHAZ","Lymphocyte","ANX","Wald ratio",1,0.175,0.107,1.192,0.101,NA,NA,NA,0.048511132
"PDGFRL","Lymphocyte","ANX","Wald ratio",1,-0.629,0.384,0.533,0.102,NA,NA,NA,0.068303045
"TACC2","Lymphocyte","ANX","Inverse variance weighted",2,0.092,0.056,1.096,0.102,NA,0.155555852,NA,0.402179513
"GGH","Lymphocyte","ANX","Wald ratio",1,0.153,0.094,1.165,0.102,NA,NA,NA,0.047241795
"ABTB2","Lymphocyte","ANX","Wald ratio",1,0.115,0.07,1.121,0.103,NA,NA,NA,0.074581399
"TRIM59","Lymphocyte","ANX","Wald ratio",1,-0.199,0.122,0.819,0.103,NA,NA,NA,0.060544968
"CALN1","Lymphocyte","ANX","Wald ratio",1,0.11,0.068,1.116,0.103,NA,NA,NA,0.049902134
"SND1","Lymphocyte","ANX","Wald ratio",1,-0.265,0.162,0.768,0.103,NA,NA,NA,0.049902134
"ASAM","Lymphocyte","ANX","Wald ratio",1,-0.085,0.052,0.919,0.103,NA,NA,NA,0.051815026
"RGS9","Lymphocyte","ANX","Wald ratio",1,0.103,0.063,1.108,0.104,NA,NA,NA,0.088225285
"ADAMTSL1","Lymphocyte","ANX","Wald ratio",1,-0.058,0.036,0.944,0.104,NA,NA,NA,0.057371131
"PAPOLA","Lymphocyte","ANX","Wald ratio",1,0.582,0.358,1.79,0.104,NA,NA,NA,0.057592328
"SPATA6","Lymphocyte","ANX","Wald ratio",1,-0.174,0.107,0.84,0.104,NA,NA,NA,0.062681884
"MMP16","Lymphocyte","ANX","Wald ratio",1,-0.678,0.418,0.507,0.104,NA,NA,NA,0.052498095
"CASR","Lymphocyte","ANX","Wald ratio",1,0.123,0.076,1.131,0.104,NA,NA,NA,0.051311461
"CREB3L2","Lymphocyte","ANX","Wald ratio",1,2.326,1.435,10.242,0.105,NA,NA,NA,0.075701152
"KLC1","Lymphocyte","ANX","Wald ratio",1,0.052,0.032,1.054,0.106,NA,NA,NA,0.051280054
"XRCC3","Lymphocyte","ANX","Wald ratio",1,0.443,0.274,1.558,0.106,NA,NA,NA,0.051280054
"C18orf32","Lymphocyte","ANX","Wald ratio",1,-0.655,0.405,0.519,0.106,NA,NA,NA,0.050556671
"MIR1539","Lymphocyte","ANX","Wald ratio",1,-0.227,0.14,0.797,0.106,NA,NA,NA,0.050554313
"SP4","Lymphocyte","ANX","Wald ratio",1,0.141,0.088,1.152,0.107,NA,NA,NA,0.054773552
"RGL1","Lymphocyte","ANX","Wald ratio",1,0.06,0.037,1.062,0.108,NA,NA,NA,0.055211939
"CCDC28A","Lymphocyte","ANX","Wald ratio",1,-4.64,2.887,0.01,0.108,NA,NA,NA,0.067758477
"GOLM1","Lymphocyte","ANX","Wald ratio",1,-0.059,0.037,0.943,0.109,NA,NA,NA,0.057007965
"C1orf173","Lymphocyte","ANX","Wald ratio",1,-0.265,0.166,0.767,0.11,NA,NA,NA,0.052868782
"C4orf51","Lymphocyte","ANX","Wald ratio",1,0.945,0.591,2.574,0.11,NA,NA,NA,0.052868782
"KRT36","Lymphocyte","ANX","Wald ratio",1,-0.069,0.043,0.933,0.11,NA,NA,NA,0.059450607
"SERPINB2","Lymphocyte","ANX","Wald ratio",1,-0.08,0.05,0.923,0.11,NA,NA,NA,0.05878739
"CTNNA1","Lymphocyte","ANX","Wald ratio",1,0.051,0.032,1.052,0.11,NA,NA,NA,0.050027873
"ERCC4","Lymphocyte","ANX","Wald ratio",1,-0.35,0.22,0.704,0.111,NA,NA,NA,0.048344582
"ITPKB","Lymphocyte","ANX","Wald ratio",1,-1.084,0.682,0.338,0.112,NA,NA,NA,0.054246069
"DSP","Lymphocyte","ANX","Wald ratio",1,-0.062,0.039,0.94,0.113,NA,NA,NA,0.05026809
"MSC","Lymphocyte","ANX","Wald ratio",1,-0.071,0.045,0.931,0.113,NA,NA,NA,0.056046539
"ACTR3","Lymphocyte","ANX","Inverse variance weighted",2,0.228,0.144,1.256,0.113,NA,0.520566398,NA,0.071450392
"PTPRJ","Lymphocyte","ANX","Wald ratio",1,-0.315,0.199,0.73,0.114,NA,NA,NA,0.117666493
"SEC14L1","Lymphocyte","ANX","Wald ratio",1,-0.05,0.032,0.951,0.114,NA,NA,NA,0.046657267
"SLIT3","Lymphocyte","ANX","Weighted mode",4,0.067,0.03,1.069,0.115,0.424062577,0.424774019,0.408463759,0.094654523
"FAM118B","Lymphocyte","ANX","Wald ratio",1,0.056,0.035,1.057,0.115,NA,NA,NA,0.05379087
"NEDD4L","Lymphocyte","ANX","Wald ratio",1,0.048,0.031,1.05,0.115,NA,NA,NA,0.045196502
"SLC7A4","Lymphocyte","ANX","Wald ratio",1,-0.058,0.036,0.944,0.115,NA,NA,NA,0.048128113
"PVALB","Lymphocyte","ANX","Wald ratio",1,-0.107,0.068,0.898,0.115,NA,NA,NA,0.04928331
"CSF2RB","Lymphocyte","ANX","Wald ratio",1,-0.388,0.246,0.678,0.115,NA,NA,NA,0.049331642
"NCF4","Lymphocyte","ANX","Wald ratio",1,-0.061,0.039,0.941,0.115,NA,NA,NA,0.049331648
"CD180","Lymphocyte","ANX","Wald ratio",1,0.172,0.109,1.187,0.115,NA,NA,NA,0.084161526
"CCDC53","Lymphocyte","ANX","Wald ratio",1,-0.056,0.036,0.946,0.117,NA,NA,NA,0.051954475
"SNX5","Lymphocyte","ANX","Wald ratio",1,-0.098,0.062,0.907,0.117,NA,NA,NA,0.044978187
"AQP2","Lymphocyte","ANX","Wald ratio",1,0.069,0.044,1.071,0.117,NA,NA,NA,0.056989753
"TNFSF12","Lymphocyte","ANX","Wald ratio",1,0.209,0.133,1.232,0.117,NA,NA,NA,0.05335717
"SENP3","Lymphocyte","ANX","Wald ratio",1,0.06,0.038,1.062,0.117,NA,NA,NA,0.05335717
"MPDU1","Lymphocyte","ANX","Wald ratio",1,0.09,0.058,1.094,0.117,NA,NA,NA,0.052515703
"SOX15","Lymphocyte","ANX","Wald ratio",1,0.102,0.065,1.107,0.117,NA,NA,NA,0.05335717
"KIAA1217","Lymphocyte","ANX","Weighted median",3,-0.073,0.046,0.93,0.118,0.16044282,0.304582694,0.728240547,0.110645431
"PPP2R2B","Lymphocyte","ANX","Wald ratio",1,0.159,0.102,1.173,0.118,NA,NA,NA,0.063052545
"BCCIP","Lymphocyte","ANX","Wald ratio",1,-0.053,0.034,0.948,0.118,NA,NA,NA,0.045494633
"MRE11A","Lymphocyte","ANX","Wald ratio",1,0.052,0.034,1.054,0.118,NA,NA,NA,0.044267559
"DLG5","Lymphocyte","ANX","Wald ratio",1,0.088,0.056,1.092,0.118,NA,NA,NA,0.049147745
"PSD3","Lymphocyte","ANX","Inverse variance weighted",2,0.045,0.029,1.046,0.119,NA,0.496847426,NA,0.052162551
"FUBP1","Lymphocyte","ANX","Wald ratio",1,1.981,1.271,7.252,0.119,NA,NA,NA,0.08145011
"CLCC1","Lymphocyte","ANX","Wald ratio",1,-0.048,0.031,0.953,0.119,NA,NA,NA,0.044290518
"C4orf43","Lymphocyte","ANX","Wald ratio",1,-0.193,0.124,0.824,0.121,NA,NA,NA,0.044077871
"EMID1","Lymphocyte","ANX","Wald ratio",1,0.112,0.072,1.118,0.121,NA,NA,NA,0.085601462
"OLA1","Lymphocyte","ANX","Wald ratio",1,-0.09,0.058,0.914,0.122,NA,NA,NA,0.075195513
"BRF1","Lymphocyte","ANX","Wald ratio",1,0.088,0.057,1.092,0.122,NA,NA,NA,0.064790926
"PACS2","Lymphocyte","ANX","Wald ratio",1,0.178,0.115,1.195,0.122,NA,NA,NA,0.075541331
"LOC93622","Lymphocyte","ANX","Wald ratio",1,0.126,0.082,1.135,0.123,NA,NA,NA,0.057537275
"S100P","Lymphocyte","ANX","Wald ratio",1,0.111,0.072,1.117,0.123,NA,NA,NA,0.057537275
"RUNX1","Lymphocyte","ANX","Wald ratio",1,-0.153,0.1,0.858,0.123,NA,NA,NA,0.058211616
"RASSF8","Lymphocyte","ANX","Wald ratio",1,-0.046,0.03,0.955,0.123,NA,NA,NA,0.043664959
"ESM1","Lymphocyte","ANX","Wald ratio",1,0.076,0.049,1.079,0.123,NA,NA,NA,0.043664765
"IFI44","Lymphocyte","ANX","Wald ratio",1,-0.102,0.066,0.903,0.123,NA,NA,NA,0.050234074
"ISG20","Lymphocyte","ANX","Wald ratio",1,0.116,0.076,1.123,0.124,NA,NA,NA,0.060608393
"LMO7","Lymphocyte","ANX","Wald ratio",1,0.056,0.036,1.057,0.124,NA,NA,NA,0.051097197
"SUSD1","Lymphocyte","ANX","Wald ratio",1,-0.128,0.083,0.88,0.124,NA,NA,NA,0.051212902
"CAMK2D","Lymphocyte","ANX","Wald ratio",1,-0.139,0.091,0.87,0.124,NA,NA,NA,0.076392028
"ATIC","Lymphocyte","ANX","Wald ratio",1,1.433,0.933,4.193,0.125,NA,NA,NA,0.059781955
"BYSL","Lymphocyte","ANX","Wald ratio",1,-0.052,0.034,0.949,0.125,NA,NA,NA,0.044720872
"RCSD1","Lymphocyte","ANX","Wald ratio",1,-0.062,0.041,0.94,0.125,NA,NA,NA,0.044970668
"CRYGN","Lymphocyte","ANX","Wald ratio",1,-0.975,0.638,0.377,0.126,NA,NA,NA,0.049397835
"WDR86","Lymphocyte","ANX","Wald ratio",1,-0.114,0.075,0.892,0.126,NA,NA,NA,0.049397835
"C3orf59","Lymphocyte","ANX","Wald ratio",1,0.848,0.556,2.335,0.127,NA,NA,NA,0.04282176
"VSTM1","Lymphocyte","ANX","Wald ratio",1,-0.067,0.044,0.935,0.127,NA,NA,NA,0.05269593
"TARM1","Lymphocyte","ANX","Wald ratio",1,-0.078,0.051,0.925,0.127,NA,NA,NA,0.05272777
"KLF3","Lymphocyte","ANX","Wald ratio",1,-0.131,0.086,0.877,0.127,NA,NA,NA,0.050388963
"TMEM135","Lymphocyte","ANX","Wald ratio",1,0.055,0.036,1.056,0.128,NA,NA,NA,0.04850389
"XPO6","Lymphocyte","ANX","Wald ratio",1,0.059,0.039,1.061,0.128,NA,NA,NA,0.038229907
"DSEL","Lymphocyte","ANX","Wald ratio",1,1.105,0.726,3.02,0.128,NA,NA,NA,0.041845789
"CHST9","Lymphocyte","ANX","Wald ratio",1,-0.05,0.033,0.951,0.128,NA,NA,NA,0.045104654
"CDH4","Lymphocyte","ANX","Wald ratio",1,-0.09,0.059,0.914,0.128,NA,NA,NA,0.054605514
"GPC5","Lymphocyte","ANX","Wald ratio",1,0.156,0.103,1.169,0.129,NA,NA,NA,0.05069804
"RINT1","Lymphocyte","ANX","Wald ratio",1,-0.094,0.062,0.91,0.129,NA,NA,NA,0.044897324
"CD82","Lymphocyte","ANX","Wald ratio",1,-0.108,0.071,0.898,0.129,NA,NA,NA,0.061652344
"COPA","Lymphocyte","ANX","Wald ratio",1,0.104,0.069,1.11,0.129,NA,NA,NA,0.04615912
"TUB","Lymphocyte","ANX","Wald ratio",1,-0.07,0.046,0.932,0.129,NA,NA,NA,0.042677546
"CDGAP","Lymphocyte","ANX","Wald ratio",1,-0.042,0.028,0.959,0.13,NA,NA,NA,0.038866118
"FIP1L1","Lymphocyte","ANX","Wald ratio",1,0.056,0.037,1.058,0.13,NA,NA,NA,0.045460345
"FAM198A","Lymphocyte","ANX","Wald ratio",1,0.084,0.055,1.087,0.131,NA,NA,NA,0.055004714
"CDO1","Lymphocyte","ANX","Wald ratio",1,-0.061,0.041,0.941,0.131,NA,NA,NA,0.043352071
"ATG12","Lymphocyte","ANX","Wald ratio",1,-0.134,0.089,0.874,0.131,NA,NA,NA,0.04355448
"KCNQ4","Lymphocyte","ANX","Wald ratio",1,-0.428,0.284,0.652,0.132,NA,NA,NA,0.072823424
"KLHL33","Lymphocyte","ANX","Wald ratio",1,-0.043,0.029,0.958,0.132,NA,NA,NA,0.034208375
"MYO18A","Lymphocyte","ANX","Wald ratio",1,-0.053,0.035,0.949,0.132,NA,NA,NA,0.048496797
"C18orf21","Lymphocyte","ANX","Wald ratio",1,0.398,0.265,1.49,0.132,NA,NA,NA,0.048773574
"RIF1","Lymphocyte","ANX","Wald ratio",1,-0.198,0.132,0.82,0.133,NA,NA,NA,0.041602416
"CDC14C","Lymphocyte","ANX","Wald ratio",1,-0.08,0.053,0.923,0.133,NA,NA,NA,0.053272717
"LOC150197","Lymphocyte","ANX","Wald ratio",1,0.089,0.059,1.093,0.133,NA,NA,NA,0.063913992
"AP4S1","Lymphocyte","ANX","Wald ratio",1,0.108,0.072,1.114,0.133,NA,NA,NA,0.041371858
"C10orf93","Lymphocyte","ANX","Wald ratio",1,0.662,0.441,1.939,0.133,NA,NA,NA,0.041629062
"FILIP1","Lymphocyte","ANX","Wald ratio",1,-0.159,0.106,0.853,0.133,NA,NA,NA,0.043906251
"OSBPL1A","Lymphocyte","ANX","Wald ratio",1,0.261,0.174,1.299,0.134,NA,NA,NA,0.043932266
"MAL2","Lymphocyte","ANX","Wald ratio",1,-0.086,0.057,0.918,0.134,NA,NA,NA,0.051499992
"PGS1","Lymphocyte","ANX","Wald ratio",1,0.077,0.052,1.08,0.135,NA,NA,NA,0.054790724
"FST","Lymphocyte","ANX","Wald ratio",1,0.048,0.032,1.05,0.135,NA,NA,NA,0.028730096
"BEND7","Lymphocyte","ANX","Inverse variance weighted",2,-0.037,0.025,0.964,0.136,NA,0.644974353,NA,0.035810921
"IQGAP2","Lymphocyte","ANX","Inverse variance weighted",2,-0.05,0.033,0.952,0.136,NA,0.836852783,NA,0.032933853
"MIR1207","Lymphocyte","ANX","Wald ratio",1,0.081,0.054,1.084,0.136,NA,NA,NA,0.04105987
"NUB1","Lymphocyte","ANX","Wald ratio",1,0.089,0.059,1.093,0.136,NA,NA,NA,0.071753484
"LSM6","Lymphocyte","ANX","Wald ratio",1,-0.047,0.031,0.954,0.137,NA,NA,NA,0.042362092
"NPAS3","Lymphocyte","ANX","Wald ratio",1,-0.079,0.053,0.924,0.137,NA,NA,NA,0.040320224
"PLA2G4E","Lymphocyte","ANX","Wald ratio",1,-0.064,0.043,0.938,0.137,NA,NA,NA,0.054221119
"FAM129A","Lymphocyte","ANX","Wald ratio",1,-0.044,0.03,0.957,0.137,NA,NA,NA,0.039835617
"REM2","Lymphocyte","ANX","Wald ratio",1,-0.057,0.038,0.945,0.137,NA,NA,NA,0.038017529
"CDC7","Lymphocyte","ANX","Wald ratio",1,-0.062,0.042,0.94,0.138,NA,NA,NA,0.039866716
"ABAT","Lymphocyte","ANX","Inverse variance weighted",2,-0.087,0.059,0.916,0.138,NA,0.087376578,NA,0.204873937
"GPR177","Lymphocyte","ANX","Inverse variance weighted",2,-0.07,0.047,0.933,0.139,NA,0.406728077,NA,0.092671934
"SIAH3","Lymphocyte","ANX","Inverse variance weighted",2,-0.056,0.038,0.946,0.139,NA,0.423995944,NA,0.040102446
"MRPL15","Lymphocyte","ANX","Wald ratio",1,-4.194,2.837,0.015,0.139,NA,NA,NA,0.058865424
"SENP7","Lymphocyte","ANX","Wald ratio",1,-0.045,0.03,0.956,0.139,NA,NA,NA,0.037886864
"BCAS1","Lymphocyte","ANX","Wald ratio",1,0.047,0.032,1.048,0.14,NA,NA,NA,0.040026951
"GNE","Lymphocyte","ANX","Wald ratio",1,-4.944,3.356,0.007,0.141,NA,NA,NA,0.072515526
"ACCS","Lymphocyte","ANX","Wald ratio",1,-0.776,0.527,0.46,0.141,NA,NA,NA,0.039836089
"WBSCR28","Lymphocyte","ANX","Wald ratio",1,0.063,0.043,1.065,0.141,NA,NA,NA,0.049659175
"IFI27L2","Lymphocyte","ANX","Wald ratio",1,-0.524,0.357,0.592,0.142,NA,NA,NA,0.040416785
"RGMA","Lymphocyte","ANX","Wald ratio",1,0.097,0.066,1.101,0.142,NA,NA,NA,0.043267561
"chrM1","Lymphocyte","ANX","Wald ratio",1,0.129,0.088,1.138,0.142,NA,NA,NA,0.045562202
"CNTN1","Lymphocyte","ANX","Wald ratio",1,-0.361,0.246,0.697,0.142,NA,NA,NA,0.039938039
"GNPDA2","Lymphocyte","ANX","Wald ratio",1,4.095,2.79,60.054,0.142,NA,NA,NA,0.070463005
"WDR1","Lymphocyte","ANX","Wald ratio",1,-0.09,0.061,0.914,0.142,NA,NA,NA,0.058720345
"RAD52","Lymphocyte","ANX","Wald ratio",1,0.064,0.044,1.066,0.143,NA,NA,NA,0.0389421
"ARHGEF16","Lymphocyte","ANX","Wald ratio",1,-0.115,0.079,0.891,0.143,NA,NA,NA,0.060448436
"IBTK","Lymphocyte","ANX","Wald ratio",1,-0.132,0.091,0.876,0.144,NA,NA,NA,0.042682821
"IGF2BP1","Lymphocyte","ANX","Wald ratio",1,0.06,0.041,1.061,0.144,NA,NA,NA,0.03930722
"C1orf101","Lymphocyte","ANX","Wald ratio",1,-0.075,0.052,0.928,0.145,NA,NA,NA,0.043036613
"CLN5","Lymphocyte","ANX","Wald ratio",1,0.232,0.16,1.262,0.146,NA,NA,NA,0.052908765
"CEP68","Lymphocyte","ANX","Wald ratio",1,-0.791,0.544,0.454,0.146,NA,NA,NA,0.039233477
"LOC100133612","Lymphocyte","ANX","Wald ratio",1,-0.069,0.048,0.933,0.147,NA,NA,NA,0.045536558
"KLF13","Lymphocyte","ANX","Wald ratio",1,0.389,0.269,1.476,0.148,NA,NA,NA,0.051657433
"PITPNM3","Lymphocyte","ANX","Wald ratio",1,0.094,0.065,1.098,0.148,NA,NA,NA,0.041961937
"MYBPC1","Lymphocyte","ANX","Wald ratio",1,0.121,0.084,1.129,0.148,NA,NA,NA,0.050469516
"LOC283914","Lymphocyte","ANX","Wald ratio",1,-0.099,0.069,0.906,0.148,NA,NA,NA,0.064908194
"LOC146481","Lymphocyte","ANX","Wald ratio",1,-0.09,0.062,0.914,0.148,NA,NA,NA,0.065190722
"PSIP1","Lymphocyte","ANX","Wald ratio",1,-0.048,0.033,0.953,0.149,NA,NA,NA,0.039423484
"EYA1","Lymphocyte","ANX","Wald ratio",1,-0.096,0.066,0.909,0.149,NA,NA,NA,0.039167205
"LY96","Lymphocyte","ANX","Wald ratio",1,-0.248,0.172,0.78,0.149,NA,NA,NA,0.052726019
"C17orf90","Lymphocyte","ANX","Wald ratio",1,0.044,0.031,1.045,0.149,NA,NA,NA,0.037618649
"CXCL17","Lymphocyte","ANX","Wald ratio",1,0.089,0.062,1.094,0.149,NA,NA,NA,0.068635536
"MMD2","Lymphocyte","ANX","Wald ratio",1,0.094,0.065,1.098,0.149,NA,NA,NA,0.04214807
"C14orf23","Lymphocyte","ANX","Wald ratio",1,0.299,0.208,1.348,0.15,NA,NA,NA,0.051648272
"LOC154822","Lymphocyte","ANX","Wald ratio",1,-0.055,0.038,0.947,0.15,NA,NA,NA,0.037957916
"ATP6V0A4","Lymphocyte","ANX","Wald ratio",1,0.064,0.045,1.066,0.15,NA,NA,NA,0.036356567
"RNASE6","Lymphocyte","ANX","Inverse variance weighted",2,0.11,0.076,1.116,0.151,NA,0.547459236,NA,0.025526595
"OR2L13","Lymphocyte","ANX","Wald ratio",1,-0.05,0.035,0.951,0.151,NA,NA,NA,0.039619454
"RRAGA","Lymphocyte","ANX","Wald ratio",1,0.173,0.121,1.189,0.151,NA,NA,NA,0.038038829
"KANK2","Lymphocyte","ANX","Wald ratio",1,0.049,0.034,1.05,0.151,NA,NA,NA,0.038891881
"PRKCZ","Lymphocyte","ANX","Wald ratio",1,0.083,0.058,1.086,0.151,NA,NA,NA,0.049049382
"RAC2","Lymphocyte","ANX","Wald ratio",1,-0.166,0.116,0.847,0.151,NA,NA,NA,0.035916201
"KIAA1217","Lymphocyte","ANX","Inverse variance weighted",3,-0.072,0.05,0.931,0.152,0.16044282,0.304582694,0.728240547,0.110645431
"SH3BGRL2","Lymphocyte","ANX","Wald ratio",1,0.105,0.073,1.11,0.152,NA,NA,NA,0.056289083
"CCNYL1","Lymphocyte","ANX","Wald ratio",1,-0.144,0.101,0.866,0.152,NA,NA,NA,0.085373112
"ZNF677","Lymphocyte","ANX","Wald ratio",1,-1.183,0.827,0.306,0.153,NA,NA,NA,0.043233567
"LYPD6B","Lymphocyte","ANX","Wald ratio",1,-0.044,0.031,0.957,0.153,NA,NA,NA,0.028339996
"EBF2","Lymphocyte","ANX","Wald ratio",1,0.249,0.175,1.283,0.154,NA,NA,NA,0.042036683
"MYO3B","Lymphocyte","ANX","Inverse variance weighted",3,0.034,0.024,1.035,0.154,0.561496659,0.829614284,0.879871449,0.01753677
"FAIM2","Lymphocyte","ANX","Wald ratio",1,0.124,0.087,1.132,0.155,NA,NA,NA,0.040865895
"SMOX","Lymphocyte","ANX","Wald ratio",1,0.843,0.593,2.322,0.155,NA,NA,NA,0.056655333
"RFFL","Lymphocyte","ANX","Wald ratio",1,0.082,0.058,1.086,0.156,NA,NA,NA,0.057177542
"ADAMTS15","Lymphocyte","ANX","Wald ratio",1,0.245,0.172,1.277,0.156,NA,NA,NA,0.037427604
"SLC12A3","Lymphocyte","ANX","Wald ratio",1,-0.043,0.031,0.958,0.156,NA,NA,NA,0.036607618
"MIR138-2","Lymphocyte","ANX","Wald ratio",1,-0.056,0.04,0.945,0.156,NA,NA,NA,0.036607618
"GPR63","Lymphocyte","ANX","Wald ratio",1,-1.184,0.834,0.306,0.156,NA,NA,NA,0.040151683
"CHIT1","Lymphocyte","ANX","Wald ratio",1,0.063,0.044,1.065,0.156,NA,NA,NA,0.040697648
"ATP1A2","Lymphocyte","ANX","Wald ratio",1,-0.051,0.036,0.95,0.156,NA,NA,NA,0.044407413
"ATP1A4","Lymphocyte","ANX","Wald ratio",1,-0.071,0.05,0.931,0.156,NA,NA,NA,0.044402364
"PLEKHG3","Lymphocyte","ANX","Wald ratio",1,-0.5,0.353,0.607,0.156,NA,NA,NA,0.048499102
"CFD","Lymphocyte","ANX","Wald ratio",1,0.129,0.091,1.138,0.157,NA,NA,NA,0.040278735
"ZFYVE21","Lymphocyte","ANX","Wald ratio",1,-0.117,0.082,0.89,0.157,NA,NA,NA,0.081730693
"MSRB2","Lymphocyte","ANX","Wald ratio",1,0.13,0.092,1.139,0.157,NA,NA,NA,0.037860069
"GPR114","Lymphocyte","ANX","Wald ratio",1,0.284,0.201,1.328,0.157,NA,NA,NA,0.03896979
"TULP2","Lymphocyte","ANX","Wald ratio",1,-0.094,0.067,0.91,0.158,NA,NA,NA,0.049152566
"PDE7A","Lymphocyte","ANX","Wald ratio",1,0.076,0.054,1.079,0.158,NA,NA,NA,0.037904192
"MINA","Lymphocyte","ANX","Wald ratio",1,-0.048,0.034,0.953,0.158,NA,NA,NA,0.039817065
"CAT","Lymphocyte","ANX","Wald ratio",1,-0.045,0.032,0.956,0.158,NA,NA,NA,0.039013379
"EVI5L","Lymphocyte","ANX","Wald ratio",1,-0.047,0.034,0.954,0.158,NA,NA,NA,0.040996408
"FLRT2","Lymphocyte","ANX","Inverse variance weighted",2,-0.072,0.051,0.93,0.158,NA,0.368886519,NA,0.015163964
"EMX2","Lymphocyte","ANX","Wald ratio",1,0.076,0.054,1.079,0.158,NA,NA,NA,0.042857318
"SRC","Lymphocyte","ANX","Wald ratio",1,-0.209,0.148,0.811,0.159,NA,NA,NA,0.03914511
"C1QTNF5","Lymphocyte","ANX","Wald ratio",1,-0.104,0.074,0.901,0.16,NA,NA,NA,0.039783115
"FAM53B","Lymphocyte","ANX","Wald ratio",1,-0.06,0.042,0.942,0.16,NA,NA,NA,0.035930912
"TRIM58","Lymphocyte","ANX","Wald ratio",1,-0.061,0.044,0.941,0.16,NA,NA,NA,0.05094102
"CDH3","Lymphocyte","ANX","Wald ratio",1,0.085,0.061,1.089,0.16,NA,NA,NA,0.052882463
"DKK2","Lymphocyte","ANX","Wald ratio",1,1.527,1.087,4.603,0.16,NA,NA,NA,0.04037391
"SV2B","Lymphocyte","ANX","Wald ratio",1,0.076,0.054,1.079,0.16,NA,NA,NA,0.040123038
"STRA6","Lymphocyte","ANX","Wald ratio",1,-0.092,0.066,0.912,0.161,NA,NA,NA,0.040712162
"WFS1","Lymphocyte","ANX","Wald ratio",1,0.645,0.46,1.906,0.161,NA,NA,NA,0.050826952
"DIRC3","Lymphocyte","ANX","Wald ratio",1,0.098,0.07,1.103,0.162,NA,NA,NA,0.041386238
"KRT80","Lymphocyte","ANX","Wald ratio",1,0.074,0.053,1.077,0.162,NA,NA,NA,0.045275455
"UCK1","Lymphocyte","ANX","Wald ratio",1,0.719,0.514,2.052,0.162,NA,NA,NA,0.04361142
"BAT2L1","Lymphocyte","ANX","Wald ratio",1,0.056,0.04,1.058,0.162,NA,NA,NA,0.04361142
"RASSF2","Lymphocyte","ANX","Wald ratio",1,-0.06,0.043,0.942,0.162,NA,NA,NA,0.039296579
"MYO3B","Lymphocyte","ANX","Weighted median",3,0.033,0.024,1.034,0.163,0.561496659,0.829614284,0.879871449,0.01753677
"TMEM72","Lymphocyte","ANX","Wald ratio",1,0.043,0.031,1.044,0.164,NA,NA,NA,0.036354421
"ZNF827","Lymphocyte","ANX","Wald ratio",1,-0.05,0.036,0.951,0.164,NA,NA,NA,0.040820497
"DNAH17","Lymphocyte","ANX","Inverse variance weighted",2,0.035,0.025,1.035,0.164,NA,0.558959829,NA,0.039308846
"CELSR1","Lymphocyte","ANX","Inverse variance weighted",2,0.033,0.024,1.034,0.165,NA,0.362463686,NA,0.056980501
"UHRF1BP1L","Lymphocyte","ANX","Wald ratio",1,-4.362,3.144,0.013,0.165,NA,NA,NA,0.056892238
"HMGA2","Lymphocyte","ANX","Wald ratio",1,-0.083,0.06,0.92,0.165,NA,NA,NA,0.045331071
"GLUL","Lymphocyte","ANX","Wald ratio",1,0.18,0.13,1.197,0.165,NA,NA,NA,0.03911761
"SMYD2","Lymphocyte","ANX","Wald ratio",1,-0.065,0.047,0.937,0.166,NA,NA,NA,0.037251153
"AJAP1","Lymphocyte","ANX","Weighted median",3,-0.062,0.045,0.94,0.167,0.071224414,0.154100867,0.76530546,0.015786452
"RMST","Lymphocyte","ANX","Wald ratio",1,-0.057,0.041,0.944,0.167,NA,NA,NA,0.035609156
"VIPR1","Lymphocyte","ANX","Wald ratio",1,-0.053,0.038,0.949,0.167,NA,NA,NA,0.039651297
"SDHAP2","Lymphocyte","ANX","Wald ratio",1,-0.051,0.037,0.95,0.167,NA,NA,NA,0.039073834
"CLIP3","Lymphocyte","ANX","Wald ratio",1,0.044,0.032,1.045,0.167,NA,NA,NA,0.024562017
"TBCB","Lymphocyte","ANX","Wald ratio",1,0.048,0.035,1.049,0.167,NA,NA,NA,0.036838776
"CTNNA3","Lymphocyte","ANX","Wald ratio",1,-0.063,0.046,0.939,0.168,NA,NA,NA,0.039746375
"ZEB2","Lymphocyte","ANX","Wald ratio",1,-0.145,0.105,0.865,0.168,NA,NA,NA,0.037494505
"GPX4","Lymphocyte","ANX","Wald ratio",1,0.112,0.081,1.118,0.168,NA,NA,NA,0.036377385
"SLIT3","Lymphocyte","ANX","Simple mode",4,0.063,0.035,1.065,0.169,0.424062577,0.424774019,0.408463759,0.094654523
"E2F7","Lymphocyte","ANX","Wald ratio",1,-0.056,0.041,0.945,0.169,NA,NA,NA,0.040727433
"TM7SF4","Lymphocyte","ANX","Wald ratio",1,0.047,0.034,1.048,0.169,NA,NA,NA,0.038195669
"OSBPL3","Lymphocyte","ANX","Inverse variance weighted",2,0.039,0.029,1.04,0.169,NA,0.311972199,NA,0.06567441
"HIST1H2BB","Lymphocyte","ANX","Wald ratio",1,-0.169,0.123,0.844,0.169,NA,NA,NA,0.03622157
"PGAP2","Lymphocyte","ANX","Wald ratio",1,-0.151,0.11,0.86,0.17,NA,NA,NA,0.038844276
"PTER","Lymphocyte","ANX","Wald ratio",1,8.464,6.173,4739.26,0.17,NA,NA,NA,0.069489745
"ATP1B1","Lymphocyte","ANX","Inverse variance weighted",2,0.076,0.055,1.079,0.171,NA,0.549430833,NA,0.035843879
"CTSD","Lymphocyte","ANX","Wald ratio",1,0.235,0.172,1.265,0.171,NA,NA,NA,0.038980932
"RUNX2","Lymphocyte","ANX","Inverse variance weighted",2,-0.18,0.131,0.835,0.171,NA,0.243071029,NA,0.017385285
"TMEM86A","Lymphocyte","ANX","Wald ratio",1,0.166,0.121,1.181,0.171,NA,NA,NA,0.038741297
"IGSF22","Lymphocyte","ANX","Wald ratio",1,0.632,0.462,1.882,0.171,NA,NA,NA,0.038741297
"ZFYVE28","Lymphocyte","ANX","Wald ratio",1,-0.055,0.04,0.946,0.172,NA,NA,NA,0.045531492
"C12orf34","Lymphocyte","ANX","Wald ratio",1,9.7,7.112,16317.607,0.173,NA,NA,NA,0.090777584
"APC","Lymphocyte","ANX","Wald ratio",1,1.56,1.144,4.759,0.173,NA,NA,NA,0.034010077
"SENP8","Lymphocyte","ANX","Wald ratio",1,-0.044,0.032,0.957,0.173,NA,NA,NA,0.03733578
"ZNF44","Lymphocyte","ANX","Wald ratio",1,0.084,0.062,1.088,0.174,NA,NA,NA,0.043614175
"DKK3","Lymphocyte","ANX","Wald ratio",1,-0.163,0.12,0.85,0.174,NA,NA,NA,0.045546611
"COG5","Lymphocyte","ANX","Wald ratio",1,0.058,0.043,1.06,0.175,NA,NA,NA,0.039536158
"NIPAL2","Lymphocyte","ANX","Wald ratio",1,0.089,0.066,1.093,0.175,NA,NA,NA,0.061960726
"ACCN1","Lymphocyte","ANX","Inverse variance weighted",3,-0.033,0.025,0.967,0.175,0.398085132,0.528369868,0.590520726,0.016761846
"PARVB","Lymphocyte","ANX","Wald ratio",1,0.829,0.611,2.29,0.175,NA,NA,NA,0.039586206
"PARVG","Lymphocyte","ANX","Wald ratio",1,0.109,0.081,1.116,0.175,NA,NA,NA,0.039586154
"NRP1","Lymphocyte","ANX","Wald ratio",1,-0.04,0.029,0.961,0.175,NA,NA,NA,0.034016657
"NHSL1","Lymphocyte","ANX","Wald ratio",1,0.055,0.04,1.056,0.175,NA,NA,NA,0.034104375
"ANO3","Lymphocyte","ANX","Wald ratio",1,0.053,0.039,1.054,0.175,NA,NA,NA,0.035254953
"GPR133","Lymphocyte","ANX","Weighted mode",3,-0.078,0.038,0.925,0.175,0.604346725,0.22474236,0.347150735,0.104875726
"KIF12","Lymphocyte","ANX","Inverse variance weighted",2,-0.036,0.027,0.965,0.176,NA,0.433129382,NA,0.017886579
"EN2","Lymphocyte","ANX","Wald ratio",1,-2.205,1.63,0.11,0.176,NA,NA,NA,0.06263423
"MIR130B","Lymphocyte","ANX","Wald ratio",1,-2.386,1.764,0.092,0.176,NA,NA,NA,0.043993247
"MIR301B","Lymphocyte","ANX","Wald ratio",1,-0.093,0.069,0.911,0.176,NA,NA,NA,0.043993275
"ZNF167","Lymphocyte","ANX","Wald ratio",1,0.043,0.032,1.044,0.176,NA,NA,NA,0.035720837
"CC2D2A","Lymphocyte","ANX","Wald ratio",1,0.215,0.16,1.24,0.177,NA,NA,NA,0.034903791
"SSH1","Lymphocyte","ANX","Wald ratio",1,0.049,0.036,1.05,0.177,NA,NA,NA,0.038409167
"DIP2C","Lymphocyte","ANX","Wald ratio",1,-0.048,0.035,0.954,0.177,NA,NA,NA,0.037651567
"CLPS","Lymphocyte","ANX","Wald ratio",1,0.045,0.033,1.046,0.178,NA,NA,NA,0.03382523
"C6orf127","Lymphocyte","ANX","Wald ratio",1,0.083,0.062,1.087,0.178,NA,NA,NA,0.033825231
"DHX35","Lymphocyte","ANX","Wald ratio",1,-0.247,0.183,0.781,0.178,NA,NA,NA,0.035372709
"DSCAML1","Lymphocyte","ANX","Inverse variance weighted",2,-0.044,0.033,0.957,0.178,NA,0.997754362,NA,0.032144025
"TMEM50A","Lymphocyte","ANX","Wald ratio",1,1.852,1.376,6.375,0.178,NA,NA,NA,0.033568062
"C8orf31","Lymphocyte","ANX","Wald ratio",1,0.058,0.043,1.06,0.179,NA,NA,NA,0.037256668
"CUGBP2","Lymphocyte","ANX","Wald ratio",1,-0.082,0.061,0.921,0.179,NA,NA,NA,0.05802226
"CCNT1","Lymphocyte","ANX","Wald ratio",1,0.141,0.105,1.152,0.179,NA,NA,NA,0.041655804
"TMEM132E","Lymphocyte","ANX","Wald ratio",1,0.996,0.742,2.707,0.179,NA,NA,NA,0.041755581
"GUSBL2","Lymphocyte","ANX","Wald ratio",1,-0.079,0.059,0.924,0.18,NA,NA,NA,0.058876672
"SRD5A3","Lymphocyte","ANX","Wald ratio",1,-0.762,0.569,0.466,0.18,NA,NA,NA,0.03164555
"DCLK1","Lymphocyte","ANX","Inverse variance weighted",2,-0.054,0.04,0.948,0.18,NA,0.817326437,NA,0.034639048
"SSBP4","Lymphocyte","ANX","Wald ratio",1,-0.131,0.098,0.877,0.18,NA,NA,NA,0.039841851
"ISYNA1","Lymphocyte","ANX","Wald ratio",1,-0.26,0.194,0.771,0.18,NA,NA,NA,0.039858114
"SLC40A1","Lymphocyte","ANX","Wald ratio",1,1.4,1.045,4.055,0.18,NA,NA,NA,0.036915646
"LRRC16A","Lymphocyte","ANX","Inverse variance weighted",2,-0.035,0.026,0.966,0.18,NA,0.310771619,NA,0.051571345
"SDK1","Lymphocyte","ANX","Simple mode",3,0.083,0.041,1.087,0.181,0.266097511,0.538727604,0.989504797,0.039161767
"MRPL28","Lymphocyte","ANX","Wald ratio",1,0.061,0.046,1.063,0.181,NA,NA,NA,0.040894154
"LOC100134368","Lymphocyte","ANX","Wald ratio",1,0.103,0.077,1.108,0.181,NA,NA,NA,0.040894154
"TMEM8A","Lymphocyte","ANX","Wald ratio",1,0.483,0.361,1.621,0.181,NA,NA,NA,0.040894154
"ZFAT","Lymphocyte","ANX","Wald ratio",1,0.225,0.168,1.252,0.181,NA,NA,NA,0.050827652
"AGA","Lymphocyte","ANX","Wald ratio",1,0.134,0.1,1.143,0.182,NA,NA,NA,0.032815368
"ST14","Lymphocyte","ANX","Wald ratio",1,0.085,0.064,1.089,0.182,NA,NA,NA,0.059166331
"FLG","Lymphocyte","ANX","Wald ratio",1,-0.055,0.041,0.947,0.183,NA,NA,NA,0.043170722
"HRNR","Lymphocyte","ANX","Wald ratio",1,-0.055,0.041,0.947,0.183,NA,NA,NA,0.043170722
"FLG2","Lymphocyte","ANX","Wald ratio",1,-0.055,0.041,0.947,0.183,NA,NA,NA,0.043158067
"NCRNA00032","Lymphocyte","ANX","Wald ratio",1,-0.047,0.035,0.954,0.183,NA,NA,NA,0.037296577
"IFNGR2","Lymphocyte","ANX","Wald ratio",1,0.107,0.08,1.112,0.184,NA,NA,NA,0.037259377
"S100B","Lymphocyte","ANX","Wald ratio",1,-0.733,0.554,0.48,0.185,NA,NA,NA,0.053702466
"PHGR1","Lymphocyte","ANX","Wald ratio",1,0.086,0.065,1.09,0.186,NA,NA,NA,0.031869431
"BAHD1","Lymphocyte","ANX","Wald ratio",1,0.127,0.096,1.136,0.186,NA,NA,NA,0.031869169
"GIMAP4","Lymphocyte","ANX","Wald ratio",1,0.097,0.074,1.102,0.186,NA,NA,NA,0.032869693
"PCGF3","Lymphocyte","ANX","Wald ratio",1,0.095,0.072,1.099,0.186,NA,NA,NA,0.038184967
"CPLX1","Lymphocyte","ANX","Wald ratio",1,0.074,0.056,1.077,0.186,NA,NA,NA,0.038186153
"LOC729668","Lymphocyte","ANX","Wald ratio",1,-0.056,0.042,0.946,0.186,NA,NA,NA,0.043256111
"DTHD1","Lymphocyte","ANX","Wald ratio",1,-0.081,0.061,0.922,0.186,NA,NA,NA,0.036376252
"COL1A2","Lymphocyte","ANX","Wald ratio",1,-0.065,0.049,0.937,0.187,NA,NA,NA,0.038701333
"DHDH","Lymphocyte","ANX","Wald ratio",1,-0.352,0.267,0.704,0.187,NA,NA,NA,0.061109533
"APOL4","Lymphocyte","ANX","Wald ratio",1,0.065,0.05,1.068,0.187,NA,NA,NA,0.040525401
"DSCAM","Lymphocyte","ANX","Weighted mode",3,0.067,0.034,1.07,0.188,0.035208286,0.00941781,0.484293073,0.220379251
"C16orf61","Lymphocyte","ANX","Wald ratio",1,0.09,0.068,1.094,0.188,NA,NA,NA,0.041740994
"FZD1","Lymphocyte","ANX","Wald ratio",1,-0.05,0.038,0.952,0.188,NA,NA,NA,0.036900987
"HEBP1","Lymphocyte","ANX","Wald ratio",1,0.044,0.034,1.045,0.188,NA,NA,NA,0.036598125
"FGF20","Lymphocyte","ANX","Wald ratio",1,0.097,0.073,1.101,0.188,NA,NA,NA,0.03184477
"FBXL17","Lymphocyte","ANX","Wald ratio",1,0.047,0.035,1.048,0.188,NA,NA,NA,0.03184477
"SULF1","Lymphocyte","ANX","Wald ratio",1,0.051,0.039,1.052,0.188,NA,NA,NA,0.034403102
"SSH3","Lymphocyte","ANX","Wald ratio",1,-0.219,0.166,0.803,0.188,NA,NA,NA,0.059913617
"ATPGD1","Lymphocyte","ANX","Wald ratio",1,-4.659,3.541,0.009,0.188,NA,NA,NA,0.059913617
"CARKD","Lymphocyte","ANX","Wald ratio",1,-0.077,0.059,0.926,0.188,NA,NA,NA,0.043946446
"DOK7","Lymphocyte","ANX","Wald ratio",1,-0.057,0.043,0.945,0.188,NA,NA,NA,0.03451299
"CALY","Lymphocyte","ANX","Wald ratio",1,0.088,0.067,1.092,0.189,NA,NA,NA,0.052545318
"ZNF511","Lymphocyte","ANX","Wald ratio",1,3.036,2.309,20.829,0.189,NA,NA,NA,0.052542553
"TUBGCP2","Lymphocyte","ANX","Wald ratio",1,0.077,0.058,1.08,0.189,NA,NA,NA,0.052545323
"SLC1A2","Lymphocyte","ANX","Wald ratio",1,0.039,0.03,1.04,0.189,NA,NA,NA,0.030378234
"LOC149134","Lymphocyte","ANX","Wald ratio",1,0.328,0.25,1.388,0.189,NA,NA,NA,0.034009216
"FAM119A","Lymphocyte","ANX","Wald ratio",1,-0.049,0.037,0.952,0.189,NA,NA,NA,0.037178343
"SDC2","Lymphocyte","ANX","Wald ratio",1,0.045,0.034,1.046,0.189,NA,NA,NA,0.034971624
"EGLN2","Lymphocyte","ANX","Wald ratio",1,-0.401,0.306,0.67,0.19,NA,NA,NA,0.035661116
"CCNI","Lymphocyte","ANX","Wald ratio",1,-0.054,0.041,0.948,0.19,NA,NA,NA,0.031822713
"TRAK1","Lymphocyte","ANX","Weighted median",3,-0.032,0.024,0.968,0.19,0.540787522,0.625342617,0.589702967,0.020869721
"PRDM2","Lymphocyte","ANX","Wald ratio",1,-0.053,0.041,0.948,0.19,NA,NA,NA,0.035162775
"GABRA6","Lymphocyte","ANX","Wald ratio",1,0.079,0.061,1.083,0.191,NA,NA,NA,0.031625371
"KBTBD3","Lymphocyte","ANX","Wald ratio",1,0.371,0.284,1.45,0.191,NA,NA,NA,0.0535329
"IYD","Lymphocyte","ANX","Wald ratio",1,-0.13,0.099,0.878,0.191,NA,NA,NA,0.061658327
"GDEP","Lymphocyte","ANX","Wald ratio",1,-0.065,0.05,0.937,0.191,NA,NA,NA,0.042707628
"ITIH5","Lymphocyte","ANX","Inverse variance weighted",2,0.051,0.039,1.052,0.191,NA,0.333351945,NA,0.049233551
"GRHL1","Lymphocyte","ANX","Wald ratio",1,-0.375,0.287,0.687,0.191,NA,NA,NA,0.031428702
"USP43","Lymphocyte","ANX","Wald ratio",1,0.076,0.058,1.079,0.192,NA,NA,NA,0.041898315
"KIAA0226","Lymphocyte","ANX","Wald ratio",1,0.071,0.054,1.074,0.192,NA,NA,NA,0.050825685
"PLS1","Lymphocyte","ANX","Wald ratio",1,-0.091,0.07,0.913,0.192,NA,NA,NA,0.041033708
"N4BP1","Lymphocyte","ANX","Wald ratio",1,0.041,0.031,1.042,0.192,NA,NA,NA,0.0331735
"PCSK6","Lymphocyte","ANX","Inverse variance weighted",3,-0.118,0.09,0.889,0.192,0.331189805,0.609269062,0.864437606,0.016369065
"AJAP1","Lymphocyte","ANX","Weighted mode",3,-0.093,0.048,0.912,0.192,0.071224414,0.154100867,0.76530546,0.015786452
"GPR176","Lymphocyte","ANX","Wald ratio",1,0.044,0.034,1.045,0.192,NA,NA,NA,0.031922095
"ACLY","Lymphocyte","ANX","Wald ratio",1,0.226,0.174,1.254,0.193,NA,NA,NA,0.051314602
"STL","Lymphocyte","ANX","Wald ratio",1,-0.29,0.223,0.748,0.193,NA,NA,NA,0.042737229
"PRKCDBP","Lymphocyte","ANX","Wald ratio",1,-0.039,0.03,0.962,0.193,NA,NA,NA,0.031341244
"ACCN1","Lymphocyte","ANX","Weighted median",3,-0.033,0.025,0.968,0.194,0.398085132,0.528369868,0.590520726,0.016761846
"LOC645323","Lymphocyte","ANX","Wald ratio",1,-0.419,0.323,0.657,0.194,NA,NA,NA,0.040830406
"PCBP1","Lymphocyte","ANX","Wald ratio",1,0.626,0.483,1.87,0.195,NA,NA,NA,0.082722028
"PITX2","Lymphocyte","ANX","Wald ratio",1,0.191,0.147,1.21,0.195,NA,NA,NA,0.033702879
"LOC400794","Lymphocyte","ANX","Wald ratio",1,0.124,0.096,1.132,0.196,NA,NA,NA,0.034188501
"GPT2","Lymphocyte","ANX","Wald ratio",1,-0.116,0.089,0.891,0.196,NA,NA,NA,0.045529835
"CYP26C1","Lymphocyte","ANX","Wald ratio",1,0.05,0.039,1.052,0.196,NA,NA,NA,0.033880032
"CYB5A","Lymphocyte","ANX","Wald ratio",1,-0.222,0.172,0.801,0.196,NA,NA,NA,0.046826193
"DLL1","Lymphocyte","ANX","Wald ratio",1,-0.089,0.069,0.915,0.196,NA,NA,NA,0.033630135
"SOX6","Lymphocyte","ANX","Wald ratio",1,-0.062,0.048,0.94,0.197,NA,NA,NA,0.047735017
"PPAN-P2RY11","Lymphocyte","ANX","Wald ratio",1,-0.243,0.188,0.784,0.197,NA,NA,NA,0.047735017
"PPAN","Lymphocyte","ANX","Wald ratio",1,-0.1,0.077,0.905,0.197,NA,NA,NA,0.047735017
"GP2","Lymphocyte","ANX","Wald ratio",1,0.043,0.034,1.044,0.197,NA,NA,NA,0.03062072
"RAB23","Lymphocyte","ANX","Wald ratio",1,0.556,0.432,1.743,0.198,NA,NA,NA,0.042609454
"LOC646982","Lymphocyte","ANX","Wald ratio",1,0.535,0.416,1.708,0.198,NA,NA,NA,0.036240797
"NUP214","Lymphocyte","ANX","Wald ratio",1,0.335,0.26,1.397,0.198,NA,NA,NA,0.035938127
"GOLSYN","Lymphocyte","ANX","Wald ratio",1,0.099,0.077,1.104,0.198,NA,NA,NA,0.034294506
"SGOL1","Lymphocyte","ANX","Wald ratio",1,0.044,0.034,1.045,0.198,NA,NA,NA,0.033986784
"HAL","Lymphocyte","ANX","Wald ratio",1,-0.05,0.039,0.951,0.198,NA,NA,NA,0.034660574
"NTF3","Lymphocyte","ANX","Inverse variance weighted",2,-0.097,0.075,0.908,0.199,NA,0.78343437,NA,0.025058152
"CCNO","Lymphocyte","ANX","Wald ratio",1,-0.786,0.613,0.456,0.199,NA,NA,NA,0.048694054
"DHX29","Lymphocyte","ANX","Wald ratio",1,-0.075,0.059,0.927,0.199,NA,NA,NA,0.047164276
"ZNF234","Lymphocyte","ANX","Wald ratio",1,0.036,0.028,1.037,0.2,NA,NA,NA,0.029732001
"GAS2","Lymphocyte","ANX","Wald ratio",1,0.096,0.075,1.101,0.2,NA,NA,NA,0.042079856
"FANCF","Lymphocyte","ANX","Wald ratio",1,1.45,1.131,4.263,0.2,NA,NA,NA,0.042079856
"FOXN3","Lymphocyte","ANX","MR Egger",4,-0.661,0.35,0.517,0.2,0.540523847,0.186707345,0.199264344,0.028645737
"EFNA5","Lymphocyte","ANX","Weighted median",3,-0.084,0.066,0.919,0.2,0.108078519,0.006715554,0.339210908,0.03184477
"ASL","Lymphocyte","ANX","Wald ratio",1,-0.04,0.031,0.961,0.2,NA,NA,NA,0.030907156
"ZNF642","Lymphocyte","ANX","Wald ratio",1,-1.237,0.966,0.29,0.2,NA,NA,NA,0.038369761
"KDM3B","Lymphocyte","ANX","Wald ratio",1,-0.173,0.135,0.841,0.2,NA,NA,NA,0.029856551
"FAM131B","Lymphocyte","ANX","Wald ratio",1,0.286,0.223,1.331,0.201,NA,NA,NA,0.039073268
"KCNA6","Lymphocyte","ANX","Wald ratio",1,-0.054,0.042,0.948,0.201,NA,NA,NA,0.033729334
"ZFP42","Lymphocyte","ANX","Wald ratio",1,-0.263,0.206,0.768,0.201,NA,NA,NA,0.036161866
"PACRG","Lymphocyte","ANX","Wald ratio",1,0.184,0.144,1.202,0.202,NA,NA,NA,0.033232419
"ZNF148","Lymphocyte","ANX","Wald ratio",1,0.179,0.14,1.196,0.202,NA,NA,NA,0.035007903
"PPARGC1B","Lymphocyte","ANX","Wald ratio",1,-0.092,0.072,0.912,0.203,NA,NA,NA,0.046204334
"CPOX","Lymphocyte","ANX","Wald ratio",1,0.125,0.098,1.133,0.203,NA,NA,NA,0.030293586
"FEZ1","Lymphocyte","ANX","Wald ratio",1,-0.101,0.08,0.904,0.204,NA,NA,NA,0.043952624
"ARSG","Lymphocyte","ANX","Wald ratio",1,-0.049,0.039,0.952,0.204,NA,NA,NA,0.037106814
"RBM26","Lymphocyte","ANX","Wald ratio",1,0.087,0.068,1.09,0.204,NA,NA,NA,0.050950294
"SFRS13B","Lymphocyte","ANX","Wald ratio",1,0.045,0.035,1.046,0.204,NA,NA,NA,0.033349016
"SNX16","Lymphocyte","ANX","Wald ratio",1,-1.468,1.156,0.23,0.204,NA,NA,NA,0.030543992
"ANKRD45","Lymphocyte","ANX","Wald ratio",1,0.157,0.124,1.17,0.205,NA,NA,NA,0.033900259
"SLC9A11","Lymphocyte","ANX","Wald ratio",1,0.042,0.033,1.043,0.205,NA,NA,NA,0.033299353
"RTP1","Lymphocyte","ANX","Wald ratio",1,-0.042,0.033,0.959,0.205,NA,NA,NA,0.031108978
"NTRK1","Lymphocyte","ANX","Wald ratio",1,0.082,0.065,1.085,0.206,NA,NA,NA,0.043935541
"PEAR1","Lymphocyte","ANX","Wald ratio",1,0.383,0.303,1.466,0.206,NA,NA,NA,0.043935541
"DNMT3B","Lymphocyte","ANX","Wald ratio",1,0.302,0.24,1.353,0.207,NA,NA,NA,0.033714152
"COMMD7","Lymphocyte","ANX","Wald ratio",1,0.132,0.104,1.141,0.207,NA,NA,NA,0.033714152
"KIF13A","Lymphocyte","ANX","Wald ratio",1,-0.044,0.035,0.957,0.207,NA,NA,NA,0.029722181
"CYP7B1","Lymphocyte","ANX","Wald ratio",1,0.05,0.04,1.051,0.208,NA,NA,NA,0.02984962
"STARD9","Lymphocyte","ANX","Wald ratio",1,0.056,0.044,1.057,0.209,NA,NA,NA,0.041628031
"TMEM51","Lymphocyte","ANX","Weighted median",3,-0.058,0.046,0.944,0.209,0.995114072,0.718543662,0.565420054,0.019426804
"ACY3","Lymphocyte","ANX","Wald ratio",1,0.082,0.066,1.086,0.21,NA,NA,NA,0.044579225
"SDK1","Lymphocyte","ANX","Weighted mode",3,0.06,0.033,1.062,0.21,0.266097511,0.538727604,0.989504797,0.039161767
"NDUFS6","Lymphocyte","ANX","Wald ratio",1,3.788,3.025,44.146,0.211,NA,NA,NA,0.04700349
"CRISPLD2","Lymphocyte","ANX","Inverse variance weighted",2,-0.089,0.071,0.915,0.211,NA,0.144417165,NA,0.035888626
"ELAVL1","Lymphocyte","ANX","Wald ratio",1,0.281,0.224,1.324,0.211,NA,NA,NA,0.032237086
"CCL25","Lymphocyte","ANX","Wald ratio",1,0.137,0.109,1.147,0.211,NA,NA,NA,0.032237086
"STK32B","Lymphocyte","ANX","Inverse variance weighted",2,-0.058,0.046,0.944,0.211,NA,0.098220995,NA,0.270928111
"FAM177B","Lymphocyte","ANX","Wald ratio",1,-0.085,0.068,0.919,0.211,NA,NA,NA,0.05839159
"COL4A1","Lymphocyte","ANX","Wald ratio",1,-0.038,0.03,0.963,0.212,NA,NA,NA,0.030302147
"RCCD1","Lymphocyte","ANX","Wald ratio",1,-0.263,0.211,0.769,0.213,NA,NA,NA,0.032676677
"HDDC3","Lymphocyte","ANX","Wald ratio",1,-0.042,0.034,0.959,0.213,NA,NA,NA,0.032676677
"C1orf175","Lymphocyte","ANX","Inverse variance weighted",2,-0.099,0.079,0.906,0.213,NA,0.908409915,NA,0.039323164
"ZDHHC14","Lymphocyte","ANX","Inverse variance weighted",2,-0.046,0.037,0.955,0.213,NA,0.361620481,NA,0.037125763
"CTSG","Lymphocyte","ANX","Wald ratio",1,-0.066,0.053,0.936,0.213,NA,NA,NA,0.038569765
"PLXNC1","Lymphocyte","ANX","Wald ratio",1,0.048,0.038,1.049,0.214,NA,NA,NA,0.035549501
"TF","Lymphocyte","ANX","Wald ratio",1,-0.116,0.093,0.89,0.214,NA,NA,NA,0.029170589
"C14orf159","Lymphocyte","ANX","Wald ratio",1,-0.113,0.091,0.893,0.214,NA,NA,NA,0.04347279
"CRBN","Lymphocyte","ANX","Wald ratio",1,-1.067,0.86,0.344,0.215,NA,NA,NA,0.034583841
"CD48","Lymphocyte","ANX","Wald ratio",1,0.1,0.081,1.105,0.215,NA,NA,NA,0.043859489
"C8orf48","Lymphocyte","ANX","Wald ratio",1,-0.54,0.435,0.583,0.215,NA,NA,NA,0.03910464
"RASSF6","Lymphocyte","ANX","Wald ratio",1,0.056,0.045,1.058,0.215,NA,NA,NA,0.027382191
"C20orf30","Lymphocyte","ANX","Wald ratio",1,0.066,0.053,1.068,0.215,NA,NA,NA,0.029365966
"DENND3","Lymphocyte","ANX","Inverse variance weighted",2,-0.118,0.096,0.888,0.215,NA,0.4554329,NA,0.027925272
"RNF165","Lymphocyte","ANX","Wald ratio",1,-0.044,0.036,0.957,0.215,NA,NA,NA,0.032130459
"GTF2A1","Lymphocyte","ANX","Wald ratio",1,0.042,0.034,1.043,0.215,NA,NA,NA,0.029050031
"KIT","Lymphocyte","ANX","Wald ratio",1,0.061,0.049,1.063,0.215,NA,NA,NA,0.02905003
"GADL1","Lymphocyte","ANX","Inverse variance weighted",2,-0.056,0.045,0.946,0.216,NA,0.934209434,NA,0.039715533
"KIF25","Lymphocyte","ANX","Wald ratio",1,-0.122,0.099,0.885,0.216,NA,NA,NA,0.049638957
"ASCL1","Lymphocyte","ANX","Wald ratio",1,0.163,0.132,1.177,0.217,NA,NA,NA,0.03805897
"FAM83F","Lymphocyte","ANX","Wald ratio",1,-0.086,0.07,0.918,0.217,NA,NA,NA,0.030889921
"KRTAP7-1","Lymphocyte","ANX","Wald ratio",1,0.041,0.033,1.042,0.217,NA,NA,NA,0.029756905
"KRTAP8-1","Lymphocyte","ANX","Wald ratio",1,0.041,0.033,1.042,0.217,NA,NA,NA,0.02512674
"RUNX1T1","Lymphocyte","ANX","Wald ratio",1,-0.045,0.036,0.956,0.217,NA,NA,NA,0.029756905
"PCBP3","Lymphocyte","ANX","Wald ratio",1,0.047,0.038,1.048,0.217,NA,NA,NA,0.034048141
"PCSK6","Lymphocyte","ANX","Weighted median",3,-0.122,0.099,0.885,0.217,0.331189805,0.609269062,0.864437606,0.016369065
"RPS6KA2","Lymphocyte","ANX","Weighted median",7,-0.022,0.018,0.978,0.217,0.690213589,0.716003697,0.458206559,0.035780047
"C6orf218","Lymphocyte","ANX","Wald ratio",1,-0.25,0.203,0.779,0.217,NA,NA,NA,0.03453798
"HERC1","Lymphocyte","ANX","Wald ratio",1,-0.357,0.29,0.699,0.217,NA,NA,NA,0.031458017
"C1orf83","Lymphocyte","ANX","Wald ratio",1,-0.06,0.049,0.942,0.218,NA,NA,NA,0.030707504
"KCNMA1","Lymphocyte","ANX","Simple mode",5,0.051,0.035,1.053,0.218,0.180411109,0.197967566,0.465795768,0.034918196
"BMP4","Lymphocyte","ANX","Wald ratio",1,0.107,0.087,1.113,0.218,NA,NA,NA,0.030330496
"TCL1B","Lymphocyte","ANX","Wald ratio",1,-0.061,0.05,0.94,0.219,NA,NA,NA,0.030965587
"DPF3","Lymphocyte","ANX","Inverse variance weighted",2,-0.033,0.027,0.967,0.219,NA,0.321213795,NA,0.014449989
"RAP1GAP","Lymphocyte","ANX","Inverse variance weighted",2,0.055,0.045,1.057,0.219,NA,0.995329687,NA,0.024103715
"SLC46A3","Lymphocyte","ANX","Wald ratio",1,-0.046,0.037,0.955,0.219,NA,NA,NA,0.031031028
"MSI2","Lymphocyte","ANX","Weighted median",3,0.037,0.03,1.037,0.219,0.443669779,0.077405134,0.279605829,0.024357817
"ARHGEF4","Lymphocyte","ANX","Wald ratio",1,-0.589,0.48,0.555,0.22,NA,NA,NA,0.048717045
"C1QTNF9B","Lymphocyte","ANX","Wald ratio",1,0.056,0.046,1.058,0.221,NA,NA,NA,0.041426023
"TSPAN15","Lymphocyte","ANX","Wald ratio",1,0.045,0.037,1.046,0.221,NA,NA,NA,0.029156154
"GABRG1","Lymphocyte","ANX","Wald ratio",1,-0.069,0.056,0.934,0.221,NA,NA,NA,0.033223222
"LRRC32","Lymphocyte","ANX","Wald ratio",1,0.103,0.084,1.108,0.222,NA,NA,NA,0.035664641
"HCG9","Lymphocyte","ANX","Wald ratio",1,-1.503,1.231,0.222,0.222,NA,NA,NA,0.061162156
"RNF39","Lymphocyte","ANX","Wald ratio",1,-0.102,0.083,0.903,0.222,NA,NA,NA,0.061162156
"SYNE1","Lymphocyte","ANX","Wald ratio",1,0.512,0.419,1.668,0.222,NA,NA,NA,0.028459478
"MGC34034","Lymphocyte","ANX","Wald ratio",1,-0.109,0.089,0.897,0.222,NA,NA,NA,0.032613412
"FAM125B","Lymphocyte","ANX","Wald ratio",1,-0.036,0.029,0.965,0.222,NA,NA,NA,0.028526075
"PDGFB","Lymphocyte","ANX","Wald ratio",1,-0.079,0.065,0.924,0.223,NA,NA,NA,0.042900279
"CTSH","Lymphocyte","ANX","Wald ratio",1,-0.645,0.529,0.525,0.223,NA,NA,NA,0.033668393
"VPS28","Lymphocyte","ANX","Wald ratio",1,-0.057,0.047,0.944,0.224,NA,NA,NA,0.028477423
"SLC39A4","Lymphocyte","ANX","Wald ratio",1,-0.056,0.046,0.945,0.224,NA,NA,NA,0.028477423
"CPSF1","Lymphocyte","ANX","Wald ratio",1,-0.036,0.029,0.965,0.224,NA,NA,NA,0.02847742
"FAM188B","Lymphocyte","ANX","Wald ratio",1,0.11,0.09,1.116,0.224,NA,NA,NA,0.028925604
"TCF15","Lymphocyte","ANX","Wald ratio",1,0.095,0.078,1.1,0.224,NA,NA,NA,0.033491491
"P2RX5","Lymphocyte","ANX","Wald ratio",1,-0.059,0.049,0.942,0.224,NA,NA,NA,0.029372196
"TP63","Lymphocyte","ANX","Wald ratio",1,-0.057,0.047,0.945,0.224,NA,NA,NA,0.028544244
"SYT3","Lymphocyte","ANX","Wald ratio",1,-0.057,0.047,0.944,0.224,NA,NA,NA,0.036400765
"NPS","Lymphocyte","ANX","Wald ratio",1,-0.041,0.034,0.96,0.224,NA,NA,NA,0.030677373
"SLC35D1","Lymphocyte","ANX","Wald ratio",1,0.785,0.647,2.192,0.225,NA,NA,NA,0.033381915
"BICD1","Lymphocyte","ANX","Wald ratio",1,0.173,0.143,1.189,0.225,NA,NA,NA,0.032147181
"NMT1","Lymphocyte","ANX","Wald ratio",1,0.054,0.044,1.055,0.225,NA,NA,NA,0.040152771
"ACRV1","Lymphocyte","ANX","Wald ratio",1,0.101,0.083,1.106,0.225,NA,NA,NA,0.053141615
"PATE3","Lymphocyte","ANX","Wald ratio",1,0.087,0.072,1.091,0.225,NA,NA,NA,0.046473491
"SMYD1","Lymphocyte","ANX","Wald ratio",1,0.044,0.037,1.045,0.225,NA,NA,NA,0.027528718
"GXYLT1","Lymphocyte","ANX","Wald ratio",1,3.66,3.02,38.861,0.226,NA,NA,NA,0.029703738
"THUMPD3","Lymphocyte","ANX","Wald ratio",1,-0.37,0.306,0.69,0.226,NA,NA,NA,0.026689237
"UQCRFS1","Lymphocyte","ANX","Wald ratio",1,-0.076,0.062,0.927,0.226,NA,NA,NA,0.052041798
"KIAA0182","Lymphocyte","ANX","Inverse variance weighted",2,-0.043,0.036,0.957,0.226,NA,0.451618189,NA,0.038601649
"RFC1","Lymphocyte","ANX","Wald ratio",1,-0.745,0.615,0.475,0.226,NA,NA,NA,0.028481815
"IQCJ","Lymphocyte","ANX","Wald ratio",1,0.043,0.036,1.044,0.226,NA,NA,NA,0.032775149
"FAM105B","Lymphocyte","ANX","Wald ratio",1,1.725,1.425,5.613,0.226,NA,NA,NA,0.028114697
"PLCB3","Lymphocyte","ANX","Wald ratio",1,-0.039,0.032,0.962,0.226,NA,NA,NA,0.030279121
"KCNK4","Lymphocyte","ANX","Wald ratio",1,-0.139,0.115,0.87,0.226,NA,NA,NA,0.030279474
"BAD","Lymphocyte","ANX","Wald ratio",1,-0.251,0.207,0.778,0.226,NA,NA,NA,0.030279492
"CCDC88B","Lymphocyte","ANX","Wald ratio",1,-0.059,0.049,0.943,0.226,NA,NA,NA,0.030279492
"RGS12","Lymphocyte","ANX","Wald ratio",1,0.038,0.031,1.039,0.227,NA,NA,NA,0.028297682
"WWTR1","Lymphocyte","ANX","Wald ratio",1,-0.045,0.037,0.956,0.227,NA,NA,NA,0.033463757
"ABCA4","Lymphocyte","ANX","Wald ratio",1,0.05,0.041,1.051,0.227,NA,NA,NA,0.032664721
"PLA2G5","Lymphocyte","ANX","Wald ratio",1,0.043,0.035,1.043,0.227,NA,NA,NA,0.02845096
"EPSTI1","Lymphocyte","ANX","Wald ratio",1,0.042,0.035,1.043,0.228,NA,NA,NA,0.033276511
"ZBTB16","Lymphocyte","ANX","Wald ratio",1,0.076,0.063,1.079,0.228,NA,NA,NA,0.036306961
"WDR51A","Lymphocyte","ANX","Wald ratio",1,-0.18,0.149,0.835,0.228,NA,NA,NA,0.053589903
"POLS","Lymphocyte","ANX","Wald ratio",1,-0.038,0.032,0.963,0.228,NA,NA,NA,0.028652706
"ACSL1","Lymphocyte","ANX","Simple mode",3,-2.773,1.618,0.062,0.229,0.910150213,0.014017583,0.210099484,0.014073289
"SLC28A3","Lymphocyte","ANX","Wald ratio",1,0.055,0.045,1.056,0.229,NA,NA,NA,0.038920706
"TTC39A","Lymphocyte","ANX","Wald ratio",1,0.258,0.214,1.294,0.229,NA,NA,NA,0.044169231
"HLA-DPB2","Lymphocyte","ANX","Wald ratio",1,0.121,0.1,1.128,0.229,NA,NA,NA,0.048616705
"IGHMBP2","Lymphocyte","ANX","Wald ratio",1,1.79,1.49,5.992,0.23,NA,NA,NA,0.030321778
"MRGPRF","Lymphocyte","ANX","Wald ratio",1,0.14,0.117,1.151,0.23,NA,NA,NA,0.030321778
"GJB6","Lymphocyte","ANX","Wald ratio",1,-0.084,0.07,0.919,0.23,NA,NA,NA,0.049788622
"LCP2","Lymphocyte","ANX","Wald ratio",1,-0.06,0.05,0.941,0.23,NA,NA,NA,0.037361185
"ZPBP","Lymphocyte","ANX","Wald ratio",1,-0.222,0.186,0.801,0.231,NA,NA,NA,0.031093109
"NEU4","Lymphocyte","ANX","Wald ratio",1,-0.255,0.213,0.775,0.231,NA,NA,NA,0.035523931
"C2orf85","Lymphocyte","ANX","Wald ratio",1,-0.091,0.076,0.913,0.231,NA,NA,NA,0.035514228
"PDCD1","Lymphocyte","ANX","Wald ratio",1,-0.054,0.045,0.947,0.231,NA,NA,NA,0.035523931
"KRT6B","Lymphocyte","ANX","Wald ratio",1,0.046,0.039,1.047,0.231,NA,NA,NA,0.033825006
"TMEM51","Lymphocyte","ANX","Inverse variance weighted",3,-0.054,0.045,0.947,0.231,0.995114072,0.718543662,0.565420054,0.019426804
"CA10","Lymphocyte","ANX","Wald ratio",1,0.494,0.413,1.638,0.232,NA,NA,NA,0.031276636
"EPB41L4B","Lymphocyte","ANX","Wald ratio",1,-0.036,0.03,0.964,0.232,NA,NA,NA,0.028184247
"IL21R","Lymphocyte","ANX","Wald ratio",1,1.16,0.97,3.19,0.232,NA,NA,NA,0.028184247
"CERK","Lymphocyte","ANX","Wald ratio",1,-0.054,0.045,0.948,0.232,NA,NA,NA,0.028252088
"GNA14","Lymphocyte","ANX","Wald ratio",1,-1.265,1.058,0.282,0.232,NA,NA,NA,0.031422906
"FOXK2","Lymphocyte","ANX","Inverse variance weighted",2,-0.04,0.034,0.96,0.232,NA,0.743124152,NA,0.025196592
"SUMO3","Lymphocyte","ANX","Wald ratio",1,0.941,0.789,2.562,0.233,NA,NA,NA,0.032988033
"PARP1","Lymphocyte","ANX","Wald ratio",1,-0.108,0.091,0.897,0.233,NA,NA,NA,0.035671414
"CD160","Lymphocyte","ANX","Wald ratio",1,0.569,0.478,1.767,0.234,NA,NA,NA,0.031009296
"NUDT17","Lymphocyte","ANX","Wald ratio",1,0.88,0.739,2.41,0.234,NA,NA,NA,0.031009296
"URB1","Lymphocyte","ANX","Wald ratio",1,-0.285,0.239,0.752,0.234,NA,NA,NA,0.046162574
"TG","Lymphocyte","ANX","Wald ratio",1,-0.069,0.058,0.933,0.234,NA,NA,NA,0.038590221
"LPAR3","Lymphocyte","ANX","Inverse variance weighted",2,-0.072,0.061,0.931,0.235,NA,0.607793067,NA,0.024369289
"RPS20","Lymphocyte","ANX","Wald ratio",1,-0.176,0.148,0.839,0.235,NA,NA,NA,0.03127444
"C14orf106","Lymphocyte","ANX","Wald ratio",1,-22,18.52,0,0.235,NA,NA,NA,0.069868128
"LOC648740","Lymphocyte","ANX","Wald ratio",1,0.064,0.054,1.066,0.236,NA,NA,NA,0.047295074
"RUNDC2C","Lymphocyte","ANX","Wald ratio",1,0.056,0.047,1.058,0.236,NA,NA,NA,0.039664067
"FRAS1","Lymphocyte","ANX","Wald ratio",1,0.037,0.031,1.038,0.236,NA,NA,NA,0.028277235
"SH2D3A","Lymphocyte","ANX","Wald ratio",1,0.055,0.046,1.056,0.236,NA,NA,NA,0.032605754
"TOX3","Lymphocyte","ANX","Inverse variance weighted",2,0.037,0.031,1.037,0.236,NA,0.393929385,NA,0.037999004
"CYP4F3","Lymphocyte","ANX","Wald ratio",1,-0.136,0.115,0.873,0.236,NA,NA,NA,0.027474579
"C1orf150","Lymphocyte","ANX","Wald ratio",1,0.156,0.132,1.169,0.237,NA,NA,NA,0.030995971
"FAM105A","Lymphocyte","ANX","Wald ratio",1,-0.072,0.061,0.93,0.237,NA,NA,NA,0.039685611
"WNT11","Lymphocyte","ANX","Wald ratio",1,-0.037,0.032,0.963,0.237,NA,NA,NA,0.02878287
"CNNM1","Lymphocyte","ANX","Wald ratio",1,-0.217,0.184,0.805,0.237,NA,NA,NA,0.042744666
"PRDM5","Lymphocyte","ANX","Wald ratio",1,0.204,0.173,1.226,0.238,NA,NA,NA,0.048871732
"TRAK1","Lymphocyte","ANX","Inverse variance weighted",3,-0.027,0.023,0.974,0.239,0.540787522,0.625342617,0.589702967,0.020869721
"SPINK2","Lymphocyte","ANX","Wald ratio",1,-0.14,0.119,0.87,0.239,NA,NA,NA,0.026668577
"PCSK6","Lymphocyte","ANX","Weighted mode",3,-0.192,0.115,0.826,0.239,0.331189805,0.609269062,0.864437606,0.016369065
"BTC","Lymphocyte","ANX","Wald ratio",1,0.06,0.051,1.062,0.239,NA,NA,NA,0.038679769
"FRMD4A","Lymphocyte","ANX","Inverse variance weighted",2,-0.162,0.138,0.85,0.24,NA,0.053373067,NA,0.202449328
"PGLYRP3","Lymphocyte","ANX","Wald ratio",1,-0.04,0.034,0.961,0.24,NA,NA,NA,0.025510285
"C16orf72","Lymphocyte","ANX","Wald ratio",1,0.552,0.47,1.737,0.24,NA,NA,NA,0.034335963
"ADRB3","Lymphocyte","ANX","Wald ratio",1,0.065,0.056,1.068,0.24,NA,NA,NA,0.031992283
"DHDDS","Lymphocyte","ANX","Wald ratio",1,-0.059,0.051,0.942,0.24,NA,NA,NA,0.027604904
"KIAA0776","Lymphocyte","ANX","Wald ratio",1,-0.493,0.42,0.611,0.24,NA,NA,NA,0.028123263
"GKN1","Lymphocyte","ANX","Wald ratio",1,0.34,0.289,1.404,0.24,NA,NA,NA,0.089810725
"HK1","Lymphocyte","ANX","Wald ratio",1,-0.046,0.039,0.955,0.241,NA,NA,NA,0.031756618
"PTPRN2","Lymphocyte","ANX","MR Egger",8,0.041,0.032,1.042,0.241,0.891812429,0.425188817,0.072081514,0.096575922
"APTX","Lymphocyte","ANX","Wald ratio",1,0.16,0.136,1.173,0.242,NA,NA,NA,0.039997901
"CD1A","Lymphocyte","ANX","Wald ratio",1,0.044,0.038,1.045,0.242,NA,NA,NA,0.031587612
"PTGFRN","Lymphocyte","ANX","Wald ratio",1,0.033,0.028,1.034,0.242,NA,NA,NA,0.017879038
"BCL9","Lymphocyte","ANX","Wald ratio",1,0.103,0.088,1.109,0.242,NA,NA,NA,0.026595139
"SULF2","Lymphocyte","ANX","Wald ratio",1,0.19,0.163,1.21,0.242,NA,NA,NA,0.028671251
"SLC12A5","Lymphocyte","ANX","Wald ratio",1,-0.044,0.038,0.957,0.242,NA,NA,NA,0.030206336
"IL17RE","Lymphocyte","ANX","Wald ratio",1,0.147,0.126,1.159,0.242,NA,NA,NA,0.027706778
"JAGN1","Lymphocyte","ANX","Wald ratio",1,0.036,0.031,1.037,0.242,NA,NA,NA,0.027706793
"CRELD1","Lymphocyte","ANX","Wald ratio",1,0.037,0.031,1.037,0.242,NA,NA,NA,0.027705982
"KIRREL3","Lymphocyte","ANX","Inverse variance weighted",2,0.048,0.041,1.049,0.242,NA,0.160992707,NA,0.147210235
"MADCAM1","Lymphocyte","ANX","Wald ratio",1,0.11,0.094,1.116,0.243,NA,NA,NA,0.042613625
"CDKN3","Lymphocyte","ANX","Wald ratio",1,0.046,0.039,1.047,0.243,NA,NA,NA,0.031351947
"KCNG1","Lymphocyte","ANX","Wald ratio",1,0.089,0.077,1.094,0.243,NA,NA,NA,0.027325538
"FBXO7","Lymphocyte","ANX","Wald ratio",1,0.069,0.059,1.071,0.244,NA,NA,NA,0.027082373
"RALGPS1","Lymphocyte","ANX","Wald ratio",1,0.155,0.133,1.168,0.244,NA,NA,NA,0.026699624
"EDARADD","Lymphocyte","ANX","Wald ratio",1,-0.069,0.059,0.933,0.244,NA,NA,NA,0.029865721
"GANC","Lymphocyte","ANX","Wald ratio",1,0.096,0.083,1.101,0.244,NA,NA,NA,0.037908079
"C1orf113","Lymphocyte","ANX","Wald ratio",1,-0.071,0.061,0.932,0.246,NA,NA,NA,0.034519532
"FAM176B","Lymphocyte","ANX","Wald ratio",1,-0.353,0.304,0.703,0.246,NA,NA,NA,0.034519524
"CAMK1D","Lymphocyte","ANX","Inverse variance weighted",3,0.031,0.026,1.031,0.246,0.946140398,0.293266529,0.362000139,0.109644833
"MORN1","Lymphocyte","ANX","Inverse variance weighted",2,-0.031,0.027,0.97,0.246,NA,0.470647037,NA,0.03240941
"LPHN2","Lymphocyte","ANX","Wald ratio",1,-0.127,0.109,0.881,0.246,NA,NA,NA,0.041074603
"MYO3B","Lymphocyte","ANX","Weighted mode",3,0.045,0.028,1.046,0.246,0.561496659,0.829614284,0.879871449,0.01753677
"PALM2","Lymphocyte","ANX","Wald ratio",1,-0.043,0.037,0.958,0.247,NA,NA,NA,0.022607639
"MAGI2","Lymphocyte","ANX","Inverse variance weighted",3,-0.053,0.046,0.948,0.247,0.91357678,0.965908015,0.850053689,0.025078417
"ELAC2","Lymphocyte","ANX","Wald ratio",1,-1.209,1.044,0.298,0.247,NA,NA,NA,0.030655495
"F2RL3","Lymphocyte","ANX","Wald ratio",1,0.155,0.134,1.167,0.247,NA,NA,NA,0.026945017
"CPAMD8","Lymphocyte","ANX","Wald ratio",1,0.781,0.674,2.185,0.247,NA,NA,NA,0.026935609
"NCALD","Lymphocyte","ANX","Wald ratio",1,0.309,0.266,1.362,0.247,NA,NA,NA,0.02856925
"ALDH4A1","Lymphocyte","ANX","Wald ratio",1,-0.067,0.058,0.935,0.247,NA,NA,NA,0.032837664
"SH3RF3","Lymphocyte","ANX","Inverse variance weighted",2,-0.04,0.035,0.961,0.247,NA,0.696310763,NA,0.02659282
"MEST","Lymphocyte","ANX","Wald ratio",1,-0.131,0.113,0.877,0.247,NA,NA,NA,0.047352902
"AGXT","Lymphocyte","ANX","Wald ratio",1,0.059,0.051,1.061,0.247,NA,NA,NA,0.0266328
"C2orf73","Lymphocyte","ANX","Wald ratio",1,0.212,0.183,1.236,0.247,NA,NA,NA,0.030442815
"SLC7A14","Lymphocyte","ANX","Wald ratio",1,-0.048,0.041,0.954,0.248,NA,NA,NA,0.029050578
"EIF2AK4","Lymphocyte","ANX","Wald ratio",1,-0.052,0.045,0.95,0.248,NA,NA,NA,0.03113957
"F11R","Lymphocyte","ANX","Wald ratio",1,0.181,0.157,1.198,0.249,NA,NA,NA,0.031920089
"TSTD1","Lymphocyte","ANX","Wald ratio",1,0.079,0.068,1.082,0.249,NA,NA,NA,0.031920089
"NUDCD3","Lymphocyte","ANX","Wald ratio",1,-0.046,0.04,0.955,0.249,NA,NA,NA,0.031053083
"HPGD","Lymphocyte","ANX","Wald ratio",1,-0.195,0.17,0.823,0.249,NA,NA,NA,0.026741495
"DPYS","Lymphocyte","ANX","Wald ratio",1,-0.08,0.069,0.923,0.25,NA,NA,NA,0.025763923
"DLGAP2","Lymphocyte","ANX","Inverse variance weighted",3,0.027,0.023,1.027,0.25,0.999545452,0.27811881,0.355648152,0.018673632
"MYO10","Lymphocyte","ANX","Wald ratio",1,-0.04,0.035,0.961,0.25,NA,NA,NA,0.029872299
"C10orf50","Lymphocyte","ANX","Wald ratio",1,-0.051,0.044,0.95,0.25,NA,NA,NA,0.030447747
"ANKRD33B","Lymphocyte","ANX","Wald ratio",1,0.098,0.086,1.103,0.251,NA,NA,NA,0.028265898
"CTTNBP2NL","Lymphocyte","ANX","Wald ratio",1,-0.057,0.05,0.945,0.251,NA,NA,NA,0.030583528
"ACOXL","Lymphocyte","ANX","Inverse variance weighted",2,0.036,0.031,1.036,0.251,NA,0.852967698,NA,0.014287684
"SNCA","Lymphocyte","ANX","Wald ratio",1,0.041,0.036,1.042,0.251,NA,NA,NA,0.026258412
"LRRC1","Lymphocyte","ANX","Wald ratio",1,0.059,0.052,1.061,0.252,NA,NA,NA,0.030349518
"CAPN14","Lymphocyte","ANX","Wald ratio",1,0.046,0.04,1.047,0.252,NA,NA,NA,0.026399448
"LSAMP","Lymphocyte","ANX","Simple mode",4,-0.104,0.073,0.902,0.252,0.387473778,0.417650038,0.434651958,0.025896933
"GLIPR2","Lymphocyte","ANX","Wald ratio",1,-0.056,0.049,0.945,0.252,NA,NA,NA,0.032870053
"RAMP3","Lymphocyte","ANX","Wald ratio",1,0.102,0.089,1.107,0.252,NA,NA,NA,0.031125302
"C1QTNF6","Lymphocyte","ANX","Wald ratio",1,-0.049,0.043,0.952,0.253,NA,NA,NA,0.036198168
"PRDM1","Lymphocyte","ANX","Wald ratio",1,0.148,0.13,1.16,0.253,NA,NA,NA,0.041517108
"LDB2","Lymphocyte","ANX","Wald ratio",1,-0.033,0.029,0.967,0.253,NA,NA,NA,0.026228953
"HPS4","Lymphocyte","ANX","Wald ratio",1,0.118,0.103,1.125,0.253,NA,NA,NA,0.026213762
"TFIP11","Lymphocyte","ANX","Wald ratio",1,0.035,0.031,1.036,0.253,NA,NA,NA,0.026228953
"KIF26B","Lymphocyte","ANX","Inverse variance weighted",2,-0.054,0.048,0.947,0.253,NA,0.700279737,NA,0.049266586
"HOOK1","Lymphocyte","ANX","Wald ratio",1,-1.074,0.94,0.342,0.253,NA,NA,NA,0.040735077
"SPINK8","Lymphocyte","ANX","Wald ratio",1,-0.078,0.068,0.925,0.254,NA,NA,NA,0.032230595
"CFHR5","Lymphocyte","ANX","Wald ratio",1,-0.09,0.079,0.914,0.254,NA,NA,NA,0.042499121
"CDH5","Lymphocyte","ANX","Wald ratio",1,0.068,0.06,1.071,0.254,NA,NA,NA,0.026652341
"SHFM1","Lymphocyte","ANX","Wald ratio",1,0.059,0.052,1.061,0.255,NA,NA,NA,0.026129634
"MAP4K4","Lymphocyte","ANX","Wald ratio",1,-0.055,0.048,0.946,0.255,NA,NA,NA,0.033813221
"MYO15A","Lymphocyte","ANX","Wald ratio",1,-0.044,0.038,0.957,0.255,NA,NA,NA,0.031636337
"DRG2","Lymphocyte","ANX","Wald ratio",1,-0.051,0.044,0.951,0.255,NA,NA,NA,0.031636337
"OR52R1","Lymphocyte","ANX","Wald ratio",1,-0.034,0.03,0.967,0.256,NA,NA,NA,0.025292042
"TCF25","Lymphocyte","ANX","Wald ratio",1,-0.074,0.065,0.929,0.256,NA,NA,NA,0.046574859
"DAB1","Lymphocyte","ANX","Inverse variance weighted",2,0.049,0.043,1.05,0.256,NA,0.780603545,NA,0.016425461
"MYO9B","Lymphocyte","ANX","Wald ratio",1,-0.131,0.115,0.877,0.256,NA,NA,NA,0.027873148
"NR2F6","Lymphocyte","ANX","Wald ratio",1,-0.488,0.429,0.614,0.256,NA,NA,NA,0.027873148
"OCEL1","Lymphocyte","ANX","Wald ratio",1,-0.049,0.043,0.952,0.256,NA,NA,NA,0.027873148
"NEURL1B","Lymphocyte","ANX","Wald ratio",1,-0.067,0.059,0.935,0.256,NA,NA,NA,0.029108958
"AP1S3","Lymphocyte","ANX","Wald ratio",1,0.035,0.03,1.035,0.257,NA,NA,NA,0.026836165
"TBCA","Lymphocyte","ANX","Wald ratio",1,0.032,0.029,1.033,0.257,NA,NA,NA,0.024365039
"USP10","Lymphocyte","ANX","Wald ratio",1,-0.068,0.06,0.934,0.258,NA,NA,NA,0.030441281
"PRHOXNB","Lymphocyte","ANX","Wald ratio",1,0.103,0.091,1.108,0.258,NA,NA,NA,0.026075085
"CDX2","Lymphocyte","ANX","Wald ratio",1,0.051,0.045,1.053,0.258,NA,NA,NA,0.026075089
"FCER1A","Lymphocyte","ANX","Wald ratio",1,-0.04,0.035,0.961,0.258,NA,NA,NA,0.028778289
"CLUL1","Lymphocyte","ANX","Wald ratio",1,0.243,0.215,1.275,0.258,NA,NA,NA,0.028847673
"MDGA2","Lymphocyte","ANX","Wald ratio",1,-0.034,0.03,0.967,0.259,NA,NA,NA,0.024789737
"LDLRAD3","Lymphocyte","ANX","Inverse variance weighted",3,0.033,0.029,1.034,0.259,0.751884552,0.950269889,0.971095753,0.035025608
"SLC1A7","Lymphocyte","ANX","Wald ratio",1,-0.052,0.046,0.949,0.259,NA,NA,NA,0.029263222
"ANKRD13B","Lymphocyte","ANX","Wald ratio",1,-0.06,0.053,0.942,0.26,NA,NA,NA,0.026262343
"GIT1","Lymphocyte","ANX","Wald ratio",1,-0.13,0.116,0.878,0.26,NA,NA,NA,0.026262343
"AJAP1","Lymphocyte","ANX","Inverse variance weighted",3,-0.059,0.052,0.943,0.26,0.071224414,0.154100867,0.76530546,0.015786452
"TNFAIP8L1","Lymphocyte","ANX","Wald ratio",1,0.039,0.035,1.04,0.26,NA,NA,NA,0.026924942
"TMEM158","Lymphocyte","ANX","Wald ratio",1,0.089,0.079,1.093,0.26,NA,NA,NA,0.037082661
"LPPR5","Lymphocyte","ANX","Wald ratio",1,-0.033,0.029,0.968,0.261,NA,NA,NA,0.025804418
"PALMD","Lymphocyte","ANX","Wald ratio",1,-0.047,0.042,0.954,0.261,NA,NA,NA,0.025810311
"SPATA13","Lymphocyte","ANX","Weighted median",3,-0.035,0.031,0.966,0.262,0.4691638,0.136260271,0.313935864,0.016397752
"MOCS2","Lymphocyte","ANX","Wald ratio",1,-0.757,0.675,0.469,0.262,NA,NA,NA,0.044779356
"TNFRSF8","Lymphocyte","ANX","Wald ratio",1,0.201,0.179,1.223,0.262,NA,NA,NA,0.025642963
"TNRC6C","Lymphocyte","ANX","Wald ratio",1,0.035,0.031,1.035,0.262,NA,NA,NA,0.0271111
"SLC9A10","Lymphocyte","ANX","Wald ratio",1,0.059,0.053,1.061,0.262,NA,NA,NA,0.0363221
"KIAA1217","Lymphocyte","ANX","Weighted mode",3,-0.07,0.045,0.933,0.263,0.16044282,0.304582694,0.728240547,0.110645431
"OR5A2","Lymphocyte","ANX","Wald ratio",1,0.043,0.039,1.044,0.263,NA,NA,NA,0.02339571
"MPZL2","Lymphocyte","ANX","Wald ratio",1,-0.27,0.241,0.763,0.263,NA,NA,NA,0.02458997
"LOC134466","Lymphocyte","ANX","Wald ratio",1,-0.041,0.036,0.96,0.263,NA,NA,NA,0.028772642
"FREQ","Lymphocyte","ANX","Wald ratio",1,-0.147,0.131,0.863,0.263,NA,NA,NA,0.0359559
"COL28A1","Lymphocyte","ANX","Wald ratio",1,-0.054,0.048,0.947,0.263,NA,NA,NA,0.028260426
"CCL2","Lymphocyte","ANX","Wald ratio",1,-0.048,0.043,0.953,0.264,NA,NA,NA,0.029835618
"SLCO5A1","Lymphocyte","ANX","Inverse variance weighted",2,0.043,0.038,1.044,0.264,NA,0.571982543,NA,0.027993674
"PRPH2","Lymphocyte","ANX","Wald ratio",1,-0.038,0.034,0.963,0.264,NA,NA,NA,0.027816343
"SEC62","Lymphocyte","ANX","Wald ratio",1,-0.041,0.037,0.959,0.264,NA,NA,NA,0.032021526
"TMPRSS2","Lymphocyte","ANX","Wald ratio",1,-0.3,0.269,0.741,0.265,NA,NA,NA,0.025309025
"GJA5","Lymphocyte","ANX","Wald ratio",1,0.087,0.078,1.091,0.265,NA,NA,NA,0.029743401
"KIAA0562","Lymphocyte","ANX","Wald ratio",1,0.033,0.03,1.034,0.265,NA,NA,NA,0.025667796
"LOC388588","Lymphocyte","ANX","Wald ratio",1,0.091,0.082,1.096,0.265,NA,NA,NA,0.025667796
"WIPI1","Lymphocyte","ANX","Wald ratio",1,0.046,0.041,1.047,0.266,NA,NA,NA,0.028796069
"SLC35E4","Lymphocyte","ANX","Wald ratio",1,-0.048,0.043,0.953,0.266,NA,NA,NA,0.023724589
"ENOX1","Lymphocyte","ANX","Wald ratio",1,-0.105,0.094,0.901,0.267,NA,NA,NA,0.03398356
"TMEM211","Lymphocyte","ANX","Wald ratio",1,-0.516,0.465,0.597,0.267,NA,NA,NA,0.023484364
"RNF145","Lymphocyte","ANX","Wald ratio",1,0.121,0.109,1.129,0.267,NA,NA,NA,0.029491224
"CPXM1","Lymphocyte","ANX","Wald ratio",1,-1.043,0.941,0.352,0.268,NA,NA,NA,0.043284706
"PROP1","Lymphocyte","ANX","Inverse variance weighted",2,-0.085,0.077,0.919,0.268,NA,0.981288498,NA,0.025656742
"TGM6","Lymphocyte","ANX","Wald ratio",1,0.072,0.065,1.075,0.268,NA,NA,NA,0.03757637
"MSI2","Lymphocyte","ANX","MR Egger",3,0.391,0.176,1.479,0.269,0.443669779,0.077405134,0.279605829,0.024357817
"COL23A1","Lymphocyte","ANX","Inverse variance weighted",2,0.054,0.049,1.055,0.269,NA,0.231647101,NA,0.030424732
"SGK1","Lymphocyte","ANX","Wald ratio",1,0.057,0.052,1.059,0.27,NA,NA,NA,0.029455569
"ACCN1","Lymphocyte","ANX","Simple mode",3,-0.05,0.033,0.951,0.27,0.398085132,0.528369868,0.590520726,0.016761846
"FAM163A","Lymphocyte","ANX","Wald ratio",1,-2.167,1.967,0.115,0.271,NA,NA,NA,0.025726432
"SOX5","Lymphocyte","ANX","Wald ratio",1,-0.049,0.044,0.953,0.271,NA,NA,NA,0.03155202
"KRTCAP3","Lymphocyte","ANX","Wald ratio",1,0.033,0.03,1.034,0.271,NA,NA,NA,0.023735267
"NRBP1","Lymphocyte","ANX","Wald ratio",1,1.192,1.084,3.294,0.271,NA,NA,NA,0.023735267
"SIK1","Lymphocyte","ANX","Wald ratio",1,-0.515,0.468,0.598,0.272,NA,NA,NA,0.051558457
"NRN1","Lymphocyte","ANX","Wald ratio",1,0.073,0.067,1.076,0.272,NA,NA,NA,0.026320351
"TAGLN3","Lymphocyte","ANX","Wald ratio",1,-0.129,0.117,0.879,0.272,NA,NA,NA,0.041403043
"STEAP3","Lymphocyte","ANX","Wald ratio",1,0.038,0.034,1.038,0.272,NA,NA,NA,0.028023731
"PARD3","Lymphocyte","ANX","Inverse variance weighted",2,-0.062,0.057,0.94,0.272,NA,0.127045194,NA,0.068072632
"ADAMTS18","Lymphocyte","ANX","Wald ratio",1,0.047,0.043,1.048,0.272,NA,NA,NA,0.026534286
"BCL11A","Lymphocyte","ANX","Wald ratio",1,-0.06,0.055,0.942,0.273,NA,NA,NA,0.028412545
"CCL16","Lymphocyte","ANX","Wald ratio",1,0.073,0.066,1.075,0.273,NA,NA,NA,0.042047836
"CCL23","Lymphocyte","ANX","Wald ratio",1,0.077,0.07,1.08,0.273,NA,NA,NA,0.042065427
"KCNMA1","Lymphocyte","ANX","Weighted mode",5,0.047,0.037,1.048,0.273,0.180411109,0.197967566,0.465795768,0.034918196
"DDIT4L","Lymphocyte","ANX","Wald ratio",1,-0.038,0.035,0.962,0.273,NA,NA,NA,0.029479214
"WASL","Lymphocyte","ANX","Wald ratio",1,-0.046,0.042,0.956,0.274,NA,NA,NA,0.028972627
"FCRL3","Lymphocyte","ANX","Wald ratio",1,-0.041,0.037,0.96,0.274,NA,NA,NA,0.023185764
"FCHO1","Lymphocyte","ANX","Wald ratio",1,0.134,0.122,1.143,0.274,NA,NA,NA,0.045171745
"CCDC85A","Lymphocyte","ANX","Inverse variance weighted",2,0.072,0.066,1.074,0.274,NA,0.046221757,NA,0.320584962
"C13orf18","Lymphocyte","ANX","Wald ratio",1,-0.202,0.185,0.817,0.275,NA,NA,NA,0.033840145
"C6orf173","Lymphocyte","ANX","Wald ratio",1,0.04,0.037,1.041,0.275,NA,NA,NA,0.022800594
"SPOCK1","Lymphocyte","ANX","Wald ratio",1,-0.067,0.061,0.935,0.275,NA,NA,NA,0.029807704
"ATP10D","Lymphocyte","ANX","Wald ratio",1,0.035,0.032,1.036,0.275,NA,NA,NA,0.024662253
"HCCA2","Lymphocyte","ANX","Wald ratio",1,0.033,0.03,1.033,0.276,NA,NA,NA,0.024879658
"DUSP8","Lymphocyte","ANX","Wald ratio",1,0.036,0.033,1.036,0.276,NA,NA,NA,0.01695834
"BRSK2","Lymphocyte","ANX","Wald ratio",1,0.046,0.042,1.047,0.276,NA,NA,NA,0.024879658
"RAD54B","Lymphocyte","ANX","Wald ratio",1,0.035,0.032,1.035,0.276,NA,NA,NA,0.025978578
"TACR1","Lymphocyte","ANX","Weighted median",3,0.026,0.024,1.026,0.276,0.760523576,0.847616478,0.711178616,0.01427198
"SMAD9","Lymphocyte","ANX","Inverse variance weighted",2,-0.053,0.049,0.948,0.277,NA,0.153005427,NA,0.080793705
"SFRS8","Lymphocyte","ANX","Wald ratio",1,0.031,0.029,1.032,0.278,NA,NA,NA,0.024482939
"ANKS1B","Lymphocyte","ANX","Wald ratio",1,-0.055,0.051,0.946,0.279,NA,NA,NA,0.025657238
"ANKH","Lymphocyte","ANX","Wald ratio",1,0.078,0.072,1.081,0.279,NA,NA,NA,0.025063402
"NEDD4","Lymphocyte","ANX","Wald ratio",1,0.068,0.063,1.071,0.28,NA,NA,NA,0.030241029
"TEAD2","Lymphocyte","ANX","Wald ratio",1,0.276,0.256,1.318,0.28,NA,NA,NA,0.025713396
"CCDC155","Lymphocyte","ANX","Wald ratio",1,0.052,0.048,1.054,0.28,NA,NA,NA,0.025713396
"SGTA","Lymphocyte","ANX","Wald ratio",1,-0.054,0.05,0.948,0.281,NA,NA,NA,0.037282063
"CD9","Lymphocyte","ANX","Wald ratio",1,-0.106,0.098,0.899,0.281,NA,NA,NA,0.0253373
"CTHRC1","Lymphocyte","ANX","Wald ratio",1,-0.089,0.083,0.915,0.282,NA,NA,NA,0.024378911
"MYT1L","Lymphocyte","ANX","MR Egger",5,0.113,0.086,1.12,0.282,0.564736687,0.350938682,0.219631179,0.08522858
"TLN2","Lymphocyte","ANX","Wald ratio",1,0.056,0.052,1.058,0.282,NA,NA,NA,0.040894759
"TPD52L2","Lymphocyte","ANX","Wald ratio",1,0.046,0.043,1.048,0.283,NA,NA,NA,0.028153166
"DNAJC5","Lymphocyte","ANX","Wald ratio",1,0.071,0.066,1.074,0.283,NA,NA,NA,0.028152988
"MIR1914","Lymphocyte","ANX","Wald ratio",1,0.068,0.063,1.071,0.283,NA,NA,NA,0.028153166
"GALNT3","Lymphocyte","ANX","Wald ratio",1,0.307,0.286,1.36,0.283,NA,NA,NA,0.035339547
"PTPRN2","Lymphocyte","ANX","Inverse variance weighted",8,-0.018,0.016,0.982,0.283,0.891812429,0.425188817,0.072081514,0.096575922
"MSI2","Lymphocyte","ANX","Weighted mode",3,0.049,0.034,1.05,0.283,0.443669779,0.077405134,0.279605829,0.024357817
"SLC16A3","Lymphocyte","ANX","Wald ratio",1,-0.145,0.135,0.865,0.283,NA,NA,NA,0.030762168
"SECTM1","Lymphocyte","ANX","Wald ratio",1,-0.07,0.065,0.933,0.283,NA,NA,NA,0.030758002
"CCDC57","Lymphocyte","ANX","Wald ratio",1,-0.041,0.038,0.96,0.283,NA,NA,NA,0.030762168
"GCH1","Lymphocyte","ANX","Wald ratio",1,0.054,0.05,1.055,0.283,NA,NA,NA,0.034584516
"CD300E","Lymphocyte","ANX","Wald ratio",1,-0.321,0.299,0.726,0.284,NA,NA,NA,0.024582863
"AKAP5","Lymphocyte","ANX","Wald ratio",1,-0.754,0.703,0.471,0.284,NA,NA,NA,0.037041992
"EMCN","Lymphocyte","ANX","Wald ratio",1,-0.058,0.054,0.943,0.284,NA,NA,NA,0.032144228
"ADAM29","Lymphocyte","ANX","Wald ratio",1,0.032,0.029,1.032,0.284,NA,NA,NA,0.022500603
"RGS17","Lymphocyte","ANX","Wald ratio",1,-0.081,0.076,0.922,0.284,NA,NA,NA,0.023985332
"FGF4","Lymphocyte","ANX","Wald ratio",1,0.041,0.038,1.042,0.284,NA,NA,NA,0.027345116
"KHDC1","Lymphocyte","ANX","Wald ratio",1,-0.084,0.078,0.92,0.284,NA,NA,NA,0.031721491
"PGR","Lymphocyte","ANX","Wald ratio",1,-0.055,0.051,0.946,0.285,NA,NA,NA,0.038834825
"TULP3","Lymphocyte","ANX","Wald ratio",1,0.047,0.044,1.048,0.285,NA,NA,NA,0.029695004
"CIITA","Lymphocyte","ANX","Wald ratio",1,0.362,0.338,1.436,0.285,NA,NA,NA,0.028772306
"SLC22A15","Lymphocyte","ANX","Wald ratio",1,0.112,0.105,1.118,0.285,NA,NA,NA,0.028842488
"AP1M2","Lymphocyte","ANX","Wald ratio",1,0.113,0.105,1.119,0.285,NA,NA,NA,0.028054094
"WWC2","Lymphocyte","ANX","Wald ratio",1,0.04,0.038,1.041,0.286,NA,NA,NA,0.024860074
"OPTN","Lymphocyte","ANX","Wald ratio",1,0.058,0.054,1.06,0.286,NA,NA,NA,0.041075468
"ANKRD40","Lymphocyte","ANX","Wald ratio",1,-0.094,0.088,0.91,0.287,NA,NA,NA,0.026890543
"RBPMS","Lymphocyte","ANX","Wald ratio",1,-0.045,0.043,0.956,0.287,NA,NA,NA,0.026972816
"DLX6AS","Lymphocyte","ANX","Wald ratio",1,0.049,0.046,1.05,0.288,NA,NA,NA,0.027531724
"COL4A2","Lymphocyte","ANX","Simple mode",3,-0.047,0.033,0.954,0.288,0.661124109,0.907781416,0.976685938,0.065132096
"TBK1","Lymphocyte","ANX","Wald ratio",1,0.065,0.062,1.068,0.288,NA,NA,NA,0.037368657
"PDZRN4","Lymphocyte","ANX","Wald ratio",1,-0.136,0.128,0.873,0.288,NA,NA,NA,0.023065569
"SPATA13","Lymphocyte","ANX","MR Egger",3,-0.243,0.118,0.784,0.288,0.4691638,0.136260271,0.313935864,0.016397752
"OTX2","Lymphocyte","ANX","Wald ratio",1,0.036,0.034,1.037,0.289,NA,NA,NA,0.024177044
"GLIS3","Lymphocyte","ANX","Wald ratio",1,-0.176,0.166,0.839,0.289,NA,NA,NA,0.047382845
"GFOD1","Lymphocyte","ANX","Wald ratio",1,0.046,0.043,1.047,0.289,NA,NA,NA,0.023947414
"NXN","Lymphocyte","ANX","MR Egger",4,0.078,0.055,1.081,0.29,0.767464113,0.272053443,0.207622024,0.018043345
"COL4A2","Lymphocyte","ANX","Weighted mode",3,-0.045,0.032,0.956,0.29,0.661124109,0.907781416,0.976685938,0.065132096
"F13A1","Lymphocyte","ANX","Wald ratio",1,0.457,0.432,1.579,0.29,NA,NA,NA,0.028791371
"CDC16","Lymphocyte","ANX","Wald ratio",1,0.364,0.344,1.438,0.29,NA,NA,NA,0.030129592
"SNRPN","Lymphocyte","ANX","Wald ratio",1,-0.057,0.054,0.945,0.291,NA,NA,NA,0.022154593
"PCSK6","Lymphocyte","ANX","Simple mode",3,-0.197,0.138,0.821,0.291,0.331189805,0.609269062,0.864437606,0.016369065
"HHIP","Lymphocyte","ANX","Wald ratio",1,-0.052,0.05,0.949,0.291,NA,NA,NA,0.031655829
"RFX4","Lymphocyte","ANX","Wald ratio",1,-0.06,0.056,0.942,0.291,NA,NA,NA,0.025041431
"ENC1","Lymphocyte","ANX","Wald ratio",1,-0.172,0.163,0.842,0.291,NA,NA,NA,0.035570188
"CCNE1","Lymphocyte","ANX","Wald ratio",1,-0.099,0.094,0.906,0.291,NA,NA,NA,0.023936145
"B3GNT7","Lymphocyte","ANX","Wald ratio",1,0.051,0.048,1.052,0.291,NA,NA,NA,0.025693299
"BEST1","Lymphocyte","ANX","Wald ratio",1,-0.1,0.095,0.905,0.292,NA,NA,NA,0.028498458
"PRKAG2","Lymphocyte","ANX","Inverse variance weighted",4,-0.027,0.026,0.973,0.292,0.264062435,0.390080758,0.660521003,0.027770776
"DUSP10","Lymphocyte","ANX","Wald ratio",1,-0.032,0.03,0.969,0.293,NA,NA,NA,0.02392552
"ACSL1","Lymphocyte","ANX","MR Egger",3,0.091,0.045,1.095,0.293,0.910150213,0.014017583,0.210099484,0.014073289
"PROZ","Lymphocyte","ANX","Wald ratio",1,-0.04,0.038,0.961,0.293,NA,NA,NA,0.027917947
"LOC84856","Lymphocyte","ANX","Wald ratio",1,-0.056,0.053,0.946,0.293,NA,NA,NA,0.029918078
"LOC441666","Lymphocyte","ANX","Wald ratio",1,-0.121,0.115,0.886,0.293,NA,NA,NA,0.033135392
"GALNTL4","Lymphocyte","ANX","Inverse variance weighted",2,0.054,0.051,1.055,0.294,NA,0.732838444,NA,0.013661848
"FBXL4","Lymphocyte","ANX","Wald ratio",1,-0.033,0.031,0.968,0.294,NA,NA,NA,0.023548034
"C22orf15","Lymphocyte","ANX","Wald ratio",1,-0.619,0.591,0.539,0.295,NA,NA,NA,0.043361581
"UBE2E3","Lymphocyte","ANX","Wald ratio",1,0.039,0.037,1.04,0.295,NA,NA,NA,0.025961386
"B4GALNT4","Lymphocyte","ANX","Wald ratio",1,-0.428,0.409,0.652,0.295,NA,NA,NA,0.056880693
"SGPP2","Lymphocyte","ANX","Wald ratio",1,0.128,0.122,1.137,0.295,NA,NA,NA,0.02646505
"PARP12","Lymphocyte","ANX","Wald ratio",1,0.041,0.039,1.042,0.295,NA,NA,NA,0.02646505
"KIFC3","Lymphocyte","ANX","Wald ratio",1,-0.039,0.038,0.961,0.296,NA,NA,NA,0.028324965
"LHB","Lymphocyte","ANX","Wald ratio",1,-0.043,0.041,0.958,0.296,NA,NA,NA,0.030294317
"CGB1","Lymphocyte","ANX","Wald ratio",1,-0.047,0.045,0.954,0.296,NA,NA,NA,0.030294317
"GSTM5","Lymphocyte","ANX","Wald ratio",1,0.137,0.132,1.147,0.296,NA,NA,NA,0.025663155
"WDR48","Lymphocyte","ANX","Wald ratio",1,0.082,0.078,1.085,0.296,NA,NA,NA,0.044410052
"TTC21A","Lymphocyte","ANX","Wald ratio",1,2.189,2.096,8.929,0.296,NA,NA,NA,0.044457281
"HNRNPC","Lymphocyte","ANX","Wald ratio",1,0.034,0.033,1.035,0.296,NA,NA,NA,0.017655733
"LDLRAD3","Lymphocyte","ANX","Weighted median",3,0.032,0.03,1.032,0.296,0.751884552,0.950269889,0.971095753,0.035025608
"C4orf26","Lymphocyte","ANX","Wald ratio",1,-0.04,0.039,0.961,0.296,NA,NA,NA,0.024272454
"ZXDC","Lymphocyte","ANX","Wald ratio",1,0.383,0.367,1.466,0.297,NA,NA,NA,0.024418222
"SLC39A11","Lymphocyte","ANX","Wald ratio",1,0.034,0.032,1.034,0.297,NA,NA,NA,0.024418658
"NCRNA00111","Lymphocyte","ANX","Wald ratio",1,0.056,0.054,1.058,0.297,NA,NA,NA,0.024624324
"NHEDC2","Lymphocyte","ANX","Wald ratio",1,-0.076,0.073,0.927,0.297,NA,NA,NA,0.033506612
"JPH3","Lymphocyte","ANX","Wald ratio",1,-0.526,0.505,0.591,0.297,NA,NA,NA,0.025219605
"SEMA4D","Lymphocyte","ANX","Wald ratio",1,-0.037,0.036,0.963,0.298,NA,NA,NA,0.027243011
"C3orf21","Lymphocyte","ANX","Wald ratio",1,-0.667,0.64,0.513,0.298,NA,NA,NA,0.030837536
"LQK1","Lymphocyte","ANX","Wald ratio",1,0.043,0.042,1.044,0.298,NA,NA,NA,0.027883036
"INPP5F","Lymphocyte","ANX","Wald ratio",1,0.415,0.399,1.514,0.298,NA,NA,NA,0.028095553
"TRPV1","Lymphocyte","ANX","Wald ratio",1,0.037,0.036,1.038,0.298,NA,NA,NA,0.026518862
"ADH5","Lymphocyte","ANX","Wald ratio",1,-0.891,0.858,0.41,0.299,NA,NA,NA,0.023227414
"MAP2K5","Lymphocyte","ANX","Wald ratio",1,-0.075,0.072,0.928,0.299,NA,NA,NA,0.039905161
"CATSPER1","Lymphocyte","ANX","Wald ratio",1,0.103,0.1,1.109,0.299,NA,NA,NA,0.023522049
"GAL3ST3","Lymphocyte","ANX","Wald ratio",1,0.037,0.036,1.038,0.299,NA,NA,NA,0.023522108
"C4orf37","Lymphocyte","ANX","Wald ratio",1,0.507,0.488,1.66,0.299,NA,NA,NA,0.023595676
"HNMT","Lymphocyte","ANX","Wald ratio",1,0.071,0.069,1.074,0.299,NA,NA,NA,0.025718271
"DNM3","Lymphocyte","ANX","Inverse variance weighted",2,-0.096,0.093,0.908,0.3,NA,0.247376038,NA,0.113111357
"AGPAT4","Lymphocyte","ANX","Weighted median",3,0.043,0.042,1.044,0.3,0.01769027,0.058506648,0.939769586,0.040098257
"HEPACAM2","Lymphocyte","ANX","Wald ratio",1,-0.036,0.035,0.965,0.3,NA,NA,NA,0.02698965
"MAP1B","Lymphocyte","ANX","Wald ratio",1,0.101,0.098,1.107,0.3,NA,NA,NA,0.031369704
"CDH22","Lymphocyte","ANX","Wald ratio",1,-0.042,0.04,0.959,0.301,NA,NA,NA,0.023385528
"LOC254559","Lymphocyte","ANX","Wald ratio",1,0.089,0.086,1.093,0.301,NA,NA,NA,0.023514584
"NIPA2","Lymphocyte","ANX","Wald ratio",1,0.047,0.046,1.049,0.301,NA,NA,NA,0.032256494
"ASAH1","Lymphocyte","ANX","Wald ratio",1,0.069,0.067,1.072,0.301,NA,NA,NA,0.040378439
"C9orf170","Lymphocyte","ANX","Wald ratio",1,-0.048,0.046,0.953,0.301,NA,NA,NA,0.031018272
"CUL1","Lymphocyte","ANX","Wald ratio",1,-0.033,0.032,0.967,0.302,NA,NA,NA,0.024540856
"GPR133","Lymphocyte","ANX","Weighted median",3,-0.037,0.036,0.964,0.302,0.604346725,0.22474236,0.347150735,0.104875726
"C4orf42","Lymphocyte","ANX","Wald ratio",1,0.051,0.049,1.052,0.302,NA,NA,NA,0.027290147
"C21orf70","Lymphocyte","ANX","Wald ratio",1,0.052,0.05,1.053,0.302,NA,NA,NA,0.029801868
"NCRNA00162","Lymphocyte","ANX","Wald ratio",1,0.098,0.095,1.103,0.302,NA,NA,NA,0.038178111
"SYT6","Lymphocyte","ANX","Wald ratio",1,0.35,0.339,1.419,0.302,NA,NA,NA,0.023212874
"C13orf16","Lymphocyte","ANX","Wald ratio",1,-0.041,0.04,0.96,0.302,NA,NA,NA,0.030665984
"JAKMIP3","Lymphocyte","ANX","Wald ratio",1,-0.041,0.039,0.96,0.303,NA,NA,NA,0.028706937
"HOPX","Lymphocyte","ANX","Wald ratio",1,-0.421,0.408,0.656,0.303,NA,NA,NA,0.023875209
"CARS","Lymphocyte","ANX","Wald ratio",1,-0.977,0.948,0.376,0.303,NA,NA,NA,0.023875209
"PLXDC1","Lymphocyte","ANX","Wald ratio",1,0.035,0.034,1.036,0.303,NA,NA,NA,0.026352252
"LCMT1","Lymphocyte","ANX","Wald ratio",1,-0.033,0.032,0.968,0.303,NA,NA,NA,0.024607072
"GNAQ","Lymphocyte","ANX","Wald ratio",1,0.056,0.054,1.057,0.303,NA,NA,NA,0.034461698
"QSOX2","Lymphocyte","ANX","Wald ratio",1,-0.051,0.05,0.95,0.303,NA,NA,NA,0.027354397
"LHX3","Lymphocyte","ANX","Wald ratio",1,-0.557,0.541,0.573,0.303,NA,NA,NA,0.027354397
"ZDHHC18","Lymphocyte","ANX","Wald ratio",1,-0.081,0.079,0.922,0.304,NA,NA,NA,0.030174292
"C1orf172","Lymphocyte","ANX","Wald ratio",1,-0.065,0.063,0.937,0.304,NA,NA,NA,0.030174292
"ARID1A","Lymphocyte","ANX","Wald ratio",1,-0.652,0.633,0.521,0.304,NA,NA,NA,0.030174292
"CETP","Lymphocyte","ANX","Wald ratio",1,-0.905,0.88,0.405,0.304,NA,NA,NA,0.028135478
"CRYBB3","Lymphocyte","ANX","Wald ratio",1,-0.066,0.064,0.936,0.304,NA,NA,NA,0.03465251
"KBTBD11","Lymphocyte","ANX","Wald ratio",1,0.033,0.032,1.033,0.304,NA,NA,NA,0.015611015
"HNRNPF","Lymphocyte","ANX","Wald ratio",1,-3.871,3.771,0.021,0.305,NA,NA,NA,0.04009665
"KIAA1217","Lymphocyte","ANX","Simple mode",3,-0.07,0.051,0.933,0.305,0.16044282,0.304582694,0.728240547,0.110645431
"CLN8","Lymphocyte","ANX","Wald ratio",1,-0.048,0.047,0.953,0.305,NA,NA,NA,0.030789791
"SIM1","Lymphocyte","ANX","Wald ratio",1,0.088,0.086,1.093,0.305,NA,NA,NA,0.031270974
"RPS6KA2","Lymphocyte","ANX","MR Egger",7,-0.079,0.069,0.924,0.305,0.690213589,0.716003697,0.458206559,0.035780047
"FAM170B","Lymphocyte","ANX","Wald ratio",1,-0.034,0.033,0.967,0.305,NA,NA,NA,0.022683143
"SH3BP4","Lymphocyte","ANX","Wald ratio",1,-0.255,0.249,0.775,0.305,NA,NA,NA,0.0316818
"PLEKHA6","Lymphocyte","ANX","Wald ratio",1,-0.053,0.052,0.948,0.305,NA,NA,NA,0.025907301
"DYNC1LI1","Lymphocyte","ANX","Wald ratio",1,-1.381,1.347,0.251,0.305,NA,NA,NA,0.037254276
"EPS8","Lymphocyte","ANX","Wald ratio",1,-0.756,0.738,0.47,0.306,NA,NA,NA,0.02925502
"FAM164A","Lymphocyte","ANX","Wald ratio",1,-0.215,0.21,0.806,0.306,NA,NA,NA,0.026555086
"NTRK3","Lymphocyte","ANX","Wald ratio",1,-0.033,0.032,0.968,0.306,NA,NA,NA,0.023495625
"BAMBI","Lymphocyte","ANX","Inverse variance weighted",2,-0.106,0.104,0.899,0.306,NA,0.182414961,NA,0.052679015
"PRMT6","Lymphocyte","ANX","Wald ratio",1,-0.055,0.053,0.947,0.307,NA,NA,NA,0.02495957
"SLC37A2","Lymphocyte","ANX","Wald ratio",1,0.08,0.078,1.083,0.307,NA,NA,NA,0.031743599
"C7orf50","Lymphocyte","ANX","Inverse variance weighted",2,-0.025,0.025,0.975,0.307,NA,0.644576343,NA,0.026584525
"NAV3","Lymphocyte","ANX","Wald ratio",1,0.153,0.149,1.165,0.307,NA,NA,NA,0.023121778
"DPYD","Lymphocyte","ANX","Inverse variance weighted",2,0.041,0.04,1.042,0.307,NA,0.249827006,NA,0.019299695
"LOC100287718","Lymphocyte","ANX","Wald ratio",1,0.1,0.098,1.105,0.308,NA,NA,NA,0.023711179
"RNPEP","Lymphocyte","ANX","Wald ratio",1,0.038,0.037,1.039,0.308,NA,NA,NA,0.027407488
"KIAA0513","Lymphocyte","ANX","Wald ratio",1,0.068,0.067,1.07,0.308,NA,NA,NA,0.023784661
"CELSR2","Lymphocyte","ANX","Wald ratio",1,-0.049,0.048,0.952,0.308,NA,NA,NA,0.027478686
"BARD1","Lymphocyte","ANX","Wald ratio",1,-0.09,0.088,0.914,0.308,NA,NA,NA,0.041415061
"SELK","Lymphocyte","ANX","Wald ratio",1,-0.038,0.037,0.962,0.308,NA,NA,NA,0.024370963
"PAMR1","Lymphocyte","ANX","Wald ratio",1,0.032,0.031,1.032,0.308,NA,NA,NA,0.024663068
"ZNF579","Lymphocyte","ANX","Wald ratio",1,-0.061,0.06,0.94,0.308,NA,NA,NA,0.028470563
"GPR133","Lymphocyte","ANX","MR Egger",3,-0.236,0.124,0.79,0.308,0.604346725,0.22474236,0.347150735,0.104875726
"ZNF83","Lymphocyte","ANX","Wald ratio",1,-0.264,0.259,0.768,0.308,NA,NA,NA,0.025245165
"WIPI2","Lymphocyte","ANX","Wald ratio",1,-0.068,0.067,0.934,0.308,NA,NA,NA,0.029102809
"GRM8","Lymphocyte","ANX","Wald ratio",1,-0.067,0.065,0.936,0.309,NA,NA,NA,0.041407589
"HINFP","Lymphocyte","ANX","Wald ratio",1,0.07,0.068,1.072,0.309,NA,NA,NA,0.023190862
"C2CD2L","Lymphocyte","ANX","Wald ratio",1,0.117,0.115,1.124,0.309,NA,NA,NA,0.023191013
"AIM1","Lymphocyte","ANX","Wald ratio",1,-1.659,1.632,0.19,0.31,NA,NA,NA,0.041400383
"ZFHX3","Lymphocyte","ANX","Inverse variance weighted",2,0.025,0.024,1.025,0.31,NA,0.327132391,NA,0.015503855
"PHOX2B","Lymphocyte","ANX","Wald ratio",1,-0.112,0.11,0.894,0.31,NA,NA,NA,0.032676893
"LASS3","Lymphocyte","ANX","Wald ratio",1,0.081,0.079,1.084,0.311,NA,NA,NA,0.045146868
"C4orf22","Lymphocyte","ANX","Wald ratio",1,0.05,0.05,1.052,0.311,NA,NA,NA,0.024873056
"SYS1","Lymphocyte","ANX","Wald ratio",1,0.193,0.191,1.213,0.312,NA,NA,NA,0.026893949
"CCDC163P","Lymphocyte","ANX","Wald ratio",1,0.404,0.4,1.498,0.312,NA,NA,NA,0.022071728
"EFNA5","Lymphocyte","ANX","MR Egger",3,-0.261,0.139,0.77,0.312,0.108078519,0.006715554,0.339210908,0.03184477
"SLCO4A1","Lymphocyte","ANX","Wald ratio",1,0.099,0.098,1.104,0.313,NA,NA,NA,0.02391939
"FAM38B","Lymphocyte","ANX","Inverse variance weighted",3,-0.036,0.035,0.965,0.313,0.58611075,0.617656412,0.563972621,0.018383626
"MESP1","Lymphocyte","ANX","Wald ratio",1,1.121,1.111,3.069,0.313,NA,NA,NA,0.024650911
"MESP2","Lymphocyte","ANX","Wald ratio",1,0.033,0.033,1.034,0.313,NA,NA,NA,0.024641888
"SETMAR","Lymphocyte","ANX","Wald ratio",1,-0.064,0.063,0.938,0.313,NA,NA,NA,0.043861421
"KIF21A","Lymphocyte","ANX","Wald ratio",1,0.841,0.834,2.318,0.313,NA,NA,NA,0.028663962
"KCNQ5","Lymphocyte","ANX","Wald ratio",1,-0.112,0.112,0.894,0.314,NA,NA,NA,0.021546841
"MDGA1","Lymphocyte","ANX","Wald ratio",1,-0.046,0.046,0.955,0.314,NA,NA,NA,0.0216962
"KIAA1026","Lymphocyte","ANX","Inverse variance weighted",3,0.028,0.028,1.029,0.314,0.75414332,0.926640505,0.854257337,0.014802172
"FFAR1","Lymphocyte","ANX","Wald ratio",1,0.08,0.08,1.083,0.314,NA,NA,NA,0.02490432
"CLEC11A","Lymphocyte","ANX","Wald ratio",1,0.083,0.083,1.086,0.315,NA,NA,NA,0.046680248
"B4GALNT3","Lymphocyte","ANX","Wald ratio",1,-0.133,0.132,0.876,0.316,NA,NA,NA,0.022512374
"SLC44A3","Lymphocyte","ANX","Wald ratio",1,0.822,0.819,2.276,0.316,NA,NA,NA,0.023325713
"RAB38","Lymphocyte","ANX","Wald ratio",1,-0.032,0.031,0.969,0.316,NA,NA,NA,0.023473035
"DSTYK","Lymphocyte","ANX","Wald ratio",1,1.028,1.025,2.796,0.316,NA,NA,NA,0.025734118
"DTX4","Lymphocyte","ANX","Wald ratio",1,-0.056,0.056,0.946,0.316,NA,NA,NA,0.02709858
"PKNOX2","Lymphocyte","ANX","Inverse variance weighted",2,0.047,0.047,1.048,0.316,NA,0.892475481,NA,0.016621804
"HIVEP2","Lymphocyte","ANX","Wald ratio",1,0.104,0.104,1.109,0.317,NA,NA,NA,0.036672724
"RASGEF1B","Lymphocyte","ANX","Wald ratio",1,-0.333,0.333,0.717,0.317,NA,NA,NA,0.027452452
"SGMS1","Lymphocyte","ANX","Wald ratio",1,0.038,0.038,1.039,0.317,NA,NA,NA,0.023691776
"HIST1H4D","Lymphocyte","ANX","Wald ratio",1,0.533,0.533,1.704,0.317,NA,NA,NA,0.029982508
"BMPR1A","Lymphocyte","ANX","Wald ratio",1,0.104,0.104,1.11,0.317,NA,NA,NA,0.025515017
"CTAGE5","Lymphocyte","ANX","Wald ratio",1,-0.065,0.065,0.937,0.318,NA,NA,NA,0.036925847
"COCH","Lymphocyte","ANX","Wald ratio",1,-0.217,0.218,0.805,0.318,NA,NA,NA,0.032514156
"SGPL1","Lymphocyte","ANX","Wald ratio",1,-0.603,0.604,0.547,0.318,NA,NA,NA,0.031426679
"ALPPL2","Lymphocyte","ANX","Wald ratio",1,0.047,0.047,1.048,0.319,NA,NA,NA,0.028793163
"GGT1","Lymphocyte","ANX","Wald ratio",1,-0.049,0.049,0.952,0.319,NA,NA,NA,0.028511973
"PDGFRB","Lymphocyte","ANX","Wald ratio",1,0.037,0.037,1.038,0.319,NA,NA,NA,0.02544094
"CDX1","Lymphocyte","ANX","Wald ratio",1,0.033,0.033,1.034,0.319,NA,NA,NA,0.025422552
"BANK1","Lymphocyte","ANX","Wald ratio",1,-0.316,0.317,0.729,0.319,NA,NA,NA,0.023832899
"SCARA3","Lymphocyte","ANX","Wald ratio",1,0.031,0.031,1.031,0.319,NA,NA,NA,0.023386392
"TRPA1","Lymphocyte","ANX","Wald ratio",1,-0.044,0.045,0.957,0.319,NA,NA,NA,0.020717696
"FAM38B","Lymphocyte","ANX","Weighted median",3,-0.036,0.037,0.964,0.319,0.58611075,0.617656412,0.563972621,0.018383626
"FAM198B","Lymphocyte","ANX","Wald ratio",1,0.098,0.099,1.103,0.32,NA,NA,NA,0.033251605
"ABCD4","Lymphocyte","ANX","Wald ratio",1,0.047,0.047,1.048,0.321,NA,NA,NA,0.023174201
"KCNMA1","Lymphocyte","ANX","Weighted median",5,0.019,0.019,1.019,0.321,0.180411109,0.197967566,0.465795768,0.034918196
"DNAH5","Lymphocyte","ANX","Wald ratio",1,0.035,0.036,1.036,0.322,NA,NA,NA,0.025800199
"IKZF2","Lymphocyte","ANX","Wald ratio",1,-0.033,0.034,0.967,0.322,NA,NA,NA,0.02339491
"PKP1","Lymphocyte","ANX","Wald ratio",1,0.077,0.078,1.08,0.322,NA,NA,NA,0.023173875
"ZMIZ1","Lymphocyte","ANX","Weighted mode",3,0.047,0.036,1.048,0.323,0.520532612,0.806161633,0.914853116,0.024556141
"CNTN4","Lymphocyte","ANX","Inverse variance weighted",2,0.03,0.031,1.031,0.323,NA,0.532810833,NA,0.03599654
"FOSB","Lymphocyte","ANX","Wald ratio",1,0.072,0.073,1.075,0.324,NA,NA,NA,0.023982423
"MAGI2","Lymphocyte","ANX","Weighted median",3,-0.049,0.049,0.953,0.324,0.91357678,0.965908015,0.850053689,0.025078417
"GPR133","Lymphocyte","ANX","Inverse variance weighted",3,-0.038,0.039,0.962,0.324,0.604346725,0.22474236,0.347150735,0.104875726
"MTMR7","Lymphocyte","ANX","Wald ratio",1,-0.04,0.041,0.961,0.324,NA,NA,NA,0.027090641
"CHD1L","Lymphocyte","ANX","Wald ratio",1,-0.146,0.149,0.864,0.325,NA,NA,NA,0.025221471
"PRKAB2","Lymphocyte","ANX","Wald ratio",1,-0.418,0.425,0.658,0.325,NA,NA,NA,0.02522147
"PDIA3P","Lymphocyte","ANX","Wald ratio",1,-0.055,0.055,0.947,0.325,NA,NA,NA,0.025221471
"PPP1R1B","Lymphocyte","ANX","Wald ratio",1,-0.061,0.062,0.941,0.325,NA,NA,NA,0.029746864
"LOC100192378","Lymphocyte","ANX","Wald ratio",1,0.079,0.081,1.083,0.325,NA,NA,NA,0.034042121
"SPATA13","Lymphocyte","ANX","Weighted mode",3,-0.047,0.036,0.954,0.325,0.4691638,0.136260271,0.313935864,0.016397752
"MSI2","Lymphocyte","ANX","Simple mode",3,0.046,0.035,1.047,0.325,0.443669779,0.077405134,0.279605829,0.024357817
"KIF7","Lymphocyte","ANX","Wald ratio",1,-0.033,0.034,0.967,0.325,NA,NA,NA,0.023248381
"MPP6","Lymphocyte","ANX","Wald ratio",1,-2.825,2.875,0.059,0.326,NA,NA,NA,0.041371038
"GAS7","Lymphocyte","ANX","Wald ratio",1,0.055,0.056,1.056,0.326,NA,NA,NA,0.022138612
"GALR1","Lymphocyte","ANX","Wald ratio",1,-0.048,0.049,0.953,0.326,NA,NA,NA,0.022137545
"ZMIZ1","Lymphocyte","ANX","Simple mode",3,0.048,0.037,1.049,0.326,0.520532612,0.806161633,0.914853116,0.024556141
"SPON2","Lymphocyte","ANX","Wald ratio",1,-0.061,0.062,0.941,0.326,NA,NA,NA,0.032962199
"CLTC","Lymphocyte","ANX","Wald ratio",1,-2.543,2.59,0.079,0.326,NA,NA,NA,0.039481983
"JDP2","Lymphocyte","ANX","Wald ratio",1,-0.446,0.454,0.64,0.326,NA,NA,NA,0.020869517
"ADAMTS2","Lymphocyte","ANX","Inverse variance weighted",5,0.018,0.018,1.018,0.327,0.991036101,0.997568112,0.861155041,0.015323886
"RNF17","Lymphocyte","ANX","Wald ratio",1,0.034,0.035,1.035,0.327,NA,NA,NA,0.020090391
"SKI","Lymphocyte","ANX","Wald ratio",1,0.067,0.068,1.069,0.327,NA,NA,NA,0.034700383
"KIAA1009","Lymphocyte","ANX","Wald ratio",1,0.042,0.043,1.043,0.327,NA,NA,NA,0.023610296
"HMGCS2","Lymphocyte","ANX","Wald ratio",1,0.034,0.035,1.035,0.327,NA,NA,NA,0.022732922
"SLIT3","Lymphocyte","ANX","MR Egger",4,0.223,0.174,1.25,0.328,0.424062577,0.424774019,0.408463759,0.094654523
"NAV2","Lymphocyte","ANX","Weighted median",3,0.023,0.024,1.024,0.328,0.572953388,0.793905924,0.769242351,0.026450736
"GLP1R","Lymphocyte","ANX","Wald ratio",1,0.03,0.031,1.03,0.328,NA,NA,NA,0.021991375
"MTUS1","Lymphocyte","ANX","Wald ratio",1,0.101,0.103,1.107,0.328,NA,NA,NA,0.04058108
"TMEM41B","Lymphocyte","ANX","Wald ratio",1,-0.179,0.183,0.836,0.328,NA,NA,NA,0.037603492
"CAPSL","Lymphocyte","ANX","Wald ratio",1,0.145,0.148,1.156,0.328,NA,NA,NA,0.031144068
"PUSL1","Lymphocyte","ANX","Wald ratio",1,-0.099,0.101,0.906,0.328,NA,NA,NA,0.059384848
"TNFRSF18","Lymphocyte","ANX","Wald ratio",1,-0.776,0.794,0.46,0.328,NA,NA,NA,0.05939684
"LOC441869","Lymphocyte","ANX","Wald ratio",1,-0.106,0.109,0.899,0.328,NA,NA,NA,0.059396771
"MXRA8","Lymphocyte","ANX","Wald ratio",1,-0.27,0.276,0.763,0.328,NA,NA,NA,0.05939684
"DVL1","Lymphocyte","ANX","Wald ratio",1,-0.095,0.097,0.909,0.328,NA,NA,NA,0.059346901
"TTLL10","Lymphocyte","ANX","Wald ratio",1,-0.121,0.124,0.886,0.328,NA,NA,NA,0.059387596
"LOC100128842","Lymphocyte","ANX","Wald ratio",1,-0.132,0.135,0.876,0.328,NA,NA,NA,0.059367144
"UBE2J2","Lymphocyte","ANX","Wald ratio",1,-0.095,0.098,0.909,0.328,NA,NA,NA,0.05939276
"SCNN1D","Lymphocyte","ANX","Wald ratio",1,-0.094,0.096,0.91,0.328,NA,NA,NA,0.059396839
"ACADS","Lymphocyte","ANX","Wald ratio",1,-0.041,0.042,0.96,0.328,NA,NA,NA,0.02391194
"MCTP2","Lymphocyte","ANX","Wald ratio",1,-0.15,0.153,0.861,0.328,NA,NA,NA,0.038609029
"TET1","Lymphocyte","ANX","Wald ratio",1,-0.523,0.535,0.593,0.328,NA,NA,NA,0.05654774
"BCAR1","Lymphocyte","ANX","Wald ratio",1,-0.045,0.046,0.956,0.329,NA,NA,NA,0.026444726
"KIAA1026","Lymphocyte","ANX","Weighted median",3,0.028,0.029,1.029,0.329,0.75414332,0.926640505,0.854257337,0.014802172
"ISY1","Lymphocyte","ANX","Wald ratio",1,1.306,1.337,3.69,0.329,NA,NA,NA,0.034567812
"PLXND1","Lymphocyte","ANX","Wald ratio",1,0.05,0.051,1.052,0.329,NA,NA,NA,0.034510691
"SPATA17","Lymphocyte","ANX","Wald ratio",1,0.048,0.049,1.049,0.329,NA,NA,NA,0.022586717
"UGT3A1","Lymphocyte","ANX","Wald ratio",1,-0.074,0.076,0.929,0.329,NA,NA,NA,0.02836772
"TMEM163","Lymphocyte","ANX","Wald ratio",1,-0.116,0.118,0.891,0.329,NA,NA,NA,0.059547744
"RNF7","Lymphocyte","ANX","Wald ratio",1,-0.032,0.033,0.969,0.329,NA,NA,NA,0.021235432
"ADCY9","Lymphocyte","ANX","Inverse variance weighted",2,0.031,0.032,1.031,0.329,NA,0.976337186,NA,0.015422416
"IL15RA","Lymphocyte","ANX","Wald ratio",1,0.528,0.542,1.696,0.329,NA,NA,NA,0.022141919
"RIN3","Lymphocyte","ANX","Inverse variance weighted",2,-0.04,0.041,0.961,0.329,NA,0.213862779,NA,0.018056621
"PRKCE","Lymphocyte","ANX","Inverse variance weighted",2,0.026,0.027,1.027,0.329,NA,0.587188618,NA,0.029200881
"TCOF1","Lymphocyte","ANX","Wald ratio",1,-0.041,0.042,0.96,0.33,NA,NA,NA,0.030043581
"UCK2","Lymphocyte","ANX","Wald ratio",1,-0.027,0.028,0.973,0.33,NA,NA,NA,0.020798589
"MBP","Lymphocyte","ANX","MR Egger",3,0.196,0.112,1.217,0.33,0.41610333,0.107035745,0.301480078,0.114788443
"DOK6","Lymphocyte","ANX","Wald ratio",1,-0.043,0.044,0.958,0.33,NA,NA,NA,0.023326676
"NCOR2","Lymphocyte","ANX","MR Egger",4,-0.147,0.115,0.863,0.33,0.991793538,0.589304789,0.301743683,0.009978848
"TMEM51","Lymphocyte","ANX","Weighted mode",3,-0.06,0.047,0.942,0.331,0.995114072,0.718543662,0.565420054,0.019426804
"GPC6","Lymphocyte","ANX","Inverse variance weighted",2,-0.058,0.059,0.944,0.331,NA,0.869209907,NA,0.016127803
"SEMA3A","Lymphocyte","ANX","Wald ratio",1,-0.69,0.711,0.501,0.331,NA,NA,NA,0.041836822
"CES1","Lymphocyte","ANX","Wald ratio",1,-0.035,0.036,0.965,0.332,NA,NA,NA,0.023476119
"SCFD1","Lymphocyte","ANX","Wald ratio",1,-1.565,1.613,0.209,0.332,NA,NA,NA,0.027947732
"KCNMA1","Lymphocyte","ANX","Inverse variance weighted",5,0.018,0.018,1.018,0.332,0.180411109,0.197967566,0.465795768,0.034918196
"ENDOD1","Lymphocyte","ANX","Wald ratio",1,-0.029,0.03,0.972,0.332,NA,NA,NA,0.020275636
"TPH2","Lymphocyte","ANX","Wald ratio",1,-0.028,0.029,0.972,0.333,NA,NA,NA,0.022072852
"CCL26","Lymphocyte","ANX","Wald ratio",1,-0.048,0.05,0.953,0.333,NA,NA,NA,0.021849989
"HACE1","Lymphocyte","ANX","Wald ratio",1,-0.034,0.035,0.967,0.333,NA,NA,NA,0.021849989
"NRCAM","Lymphocyte","ANX","Wald ratio",1,0.033,0.034,1.033,0.333,NA,NA,NA,0.024064979
"MYL9","Lymphocyte","ANX","Wald ratio",1,0.054,0.056,1.055,0.333,NA,NA,NA,0.02970589
"TSPAN18","Lymphocyte","ANX","Wald ratio",1,-0.041,0.043,0.96,0.334,NA,NA,NA,0.023749674
"C10orf72","Lymphocyte","ANX","Wald ratio",1,-0.043,0.044,0.958,0.334,NA,NA,NA,0.0269571
"PVRL1","Lymphocyte","ANX","Wald ratio",1,0.039,0.041,1.04,0.334,NA,NA,NA,0.022372841
"MGC72080","Lymphocyte","ANX","Wald ratio",1,-0.638,0.661,0.528,0.334,NA,NA,NA,0.039596812
"HBBP1","Lymphocyte","ANX","Wald ratio",1,-0.08,0.083,0.923,0.335,NA,NA,NA,0.023408836
"ZMAT3","Lymphocyte","ANX","Wald ratio",1,-0.048,0.05,0.953,0.335,NA,NA,NA,0.02523433
"RASGRP1","Lymphocyte","ANX","Wald ratio",1,-0.059,0.061,0.943,0.335,NA,NA,NA,0.027031089
"NPY","Lymphocyte","ANX","Wald ratio",1,0.206,0.214,1.229,0.335,NA,NA,NA,0.022967289
"C9orf123","Lymphocyte","ANX","Wald ratio",1,4.457,4.629,86.241,0.336,NA,NA,NA,0.024508898
"MIR620","Lymphocyte","ANX","Wald ratio",1,-0.057,0.059,0.945,0.336,NA,NA,NA,0.033380947
"LMX1A","Lymphocyte","ANX","Wald ratio",1,-0.357,0.371,0.7,0.336,NA,NA,NA,0.025454456
"ACOT11","Lymphocyte","ANX","Wald ratio",1,-0.073,0.076,0.93,0.336,NA,NA,NA,0.023485962
"ONECUT2","Lymphocyte","ANX","Wald ratio",1,-0.039,0.041,0.962,0.337,NA,NA,NA,0.023265664
"SERPINF2","Lymphocyte","ANX","Inverse variance weighted",2,0.052,0.054,1.054,0.337,NA,0.763020117,NA,0.015795407
"RHBDD1","Lymphocyte","ANX","Wald ratio",1,-0.14,0.146,0.869,0.337,NA,NA,NA,0.031019329
"CLN6","Lymphocyte","ANX","Wald ratio",1,0.235,0.245,1.265,0.338,NA,NA,NA,0.022158495
"FIBIN","Lymphocyte","ANX","Wald ratio",1,0.101,0.106,1.107,0.338,NA,NA,NA,0.021713012
"CPEB4","Lymphocyte","ANX","Wald ratio",1,-0.028,0.03,0.972,0.338,NA,NA,NA,0.021638622
"TACR1","Lymphocyte","ANX","Inverse variance weighted",3,0.019,0.02,1.019,0.338,0.760523576,0.847616478,0.711178616,0.01427198
"CSMD2","Lymphocyte","ANX","Inverse variance weighted",2,-0.033,0.034,0.968,0.339,NA,0.529179439,NA,0.017288851
"SLC25A26","Lymphocyte","ANX","Wald ratio",1,-0.031,0.033,0.969,0.339,NA,NA,NA,0.023567914
"CSMD1","Lymphocyte","ANX","Inverse variance weighted",4,-0.023,0.024,0.978,0.34,0.683453599,0.684044532,0.482601746,0.043588632
"AGAP1","Lymphocyte","ANX","Wald ratio",1,0.052,0.055,1.054,0.34,NA,NA,NA,0.021866472
"LDOC1L","Lymphocyte","ANX","Wald ratio",1,0.056,0.059,1.058,0.34,NA,NA,NA,0.021717877
"VWF","Lymphocyte","ANX","Inverse variance weighted",2,0.054,0.056,1.055,0.34,NA,0.748913706,NA,0.022657526
"TMEM132D","Lymphocyte","ANX","Simple mode",3,0.039,0.032,1.04,0.341,0.311705808,0.53652894,0.722607773,0.023634185
"BRDT","Lymphocyte","ANX","Wald ratio",1,0.081,0.085,1.084,0.341,NA,NA,NA,0.040518596
"TTC35","Lymphocyte","ANX","Wald ratio",1,-1.447,1.521,0.235,0.341,NA,NA,NA,0.02179747
"SHMT1","Lymphocyte","ANX","Wald ratio",1,0.112,0.118,1.119,0.342,NA,NA,NA,0.025903091
"EVPLL","Lymphocyte","ANX","Wald ratio",1,0.067,0.071,1.069,0.342,NA,NA,NA,0.025903091
"PIK3R1","Lymphocyte","ANX","Wald ratio",1,-0.035,0.037,0.965,0.342,NA,NA,NA,0.026768214
"COQ3","Lymphocyte","ANX","Wald ratio",1,0.057,0.06,1.059,0.342,NA,NA,NA,0.021500092
"JOSD1","Lymphocyte","ANX","Wald ratio",1,-0.03,0.032,0.97,0.342,NA,NA,NA,0.022617232
"VNN2","Lymphocyte","ANX","Wald ratio",1,0.667,0.702,1.948,0.342,NA,NA,NA,0.023651313
"KCTD10","Lymphocyte","ANX","Inverse variance weighted",2,-0.04,0.042,0.961,0.343,NA,0.767594306,NA,0.036384451
"CD33","Lymphocyte","ANX","Wald ratio",1,-0.087,0.092,0.916,0.343,NA,NA,NA,0.021728931
"UNC13D","Lymphocyte","ANX","Wald ratio",1,0.053,0.056,1.055,0.343,NA,NA,NA,0.026984061
"LIPA","Lymphocyte","ANX","Wald ratio",1,0.065,0.068,1.067,0.343,NA,NA,NA,0.029519762
"C1QTNF3","Lymphocyte","ANX","Wald ratio",1,-0.03,0.031,0.971,0.343,NA,NA,NA,0.021580273
"PLAT","Lymphocyte","ANX","Wald ratio",1,-0.029,0.03,0.972,0.343,NA,NA,NA,0.021580312
"ACVRL1","Lymphocyte","ANX","Wald ratio",1,0.034,0.036,1.034,0.344,NA,NA,NA,0.024022068
"GSTA2","Lymphocyte","ANX","Wald ratio",1,-0.035,0.037,0.965,0.344,NA,NA,NA,0.025188461
"RAX","Lymphocyte","ANX","Wald ratio",1,0.087,0.092,1.091,0.344,NA,NA,NA,0.023656979
"RBM33","Lymphocyte","ANX","Wald ratio",1,-0.034,0.036,0.967,0.344,NA,NA,NA,0.023656946
"C7orf50","Lymphocyte","ANX","Wald ratio",1,-0.036,0.038,0.965,0.344,NA,NA,NA,0.014605234
"CLYBL","Lymphocyte","ANX","Wald ratio",1,0.028,0.03,1.029,0.345,NA,NA,NA,0.020619722
"NOTCH3","Lymphocyte","ANX","Wald ratio",1,-0.183,0.194,0.833,0.345,NA,NA,NA,0.033540682
"AKAP8L","Lymphocyte","ANX","Wald ratio",1,-0.248,0.262,0.781,0.345,NA,NA,NA,0.033540657
"RFXAP","Lymphocyte","ANX","Wald ratio",1,-0.541,0.573,0.582,0.345,NA,NA,NA,0.039919876
"STRADB","Lymphocyte","ANX","Wald ratio",1,0.768,0.814,2.156,0.345,NA,NA,NA,0.040649065
"MYOM3","Lymphocyte","ANX","Wald ratio",1,-0.042,0.045,0.959,0.346,NA,NA,NA,0.026062427
"PIK3R4","Lymphocyte","ANX","Wald ratio",1,0.146,0.155,1.158,0.346,NA,NA,NA,0.028199944
"NAV2","Lymphocyte","ANX","Inverse variance weighted",3,0.022,0.023,1.022,0.346,0.572953388,0.793905924,0.769242351,0.026450736
"GLRX","Lymphocyte","ANX","Wald ratio",1,-0.081,0.085,0.923,0.346,NA,NA,NA,0.030292985
"UNC5D","Lymphocyte","ANX","Wald ratio",1,-0.061,0.064,0.941,0.346,NA,NA,NA,0.031837908
"KIAA1217","Lymphocyte","ANX","Wald ratio",1,-0.043,0.046,0.958,0.347,NA,NA,NA,0.027213251
"SLC47A2","Lymphocyte","ANX","Wald ratio",1,0.032,0.035,1.033,0.347,NA,NA,NA,0.022340678
"OAT","Lymphocyte","ANX","Wald ratio",1,-0.039,0.041,0.962,0.347,NA,NA,NA,0.027783964
"SLC22A23","Lymphocyte","ANX","Inverse variance weighted",3,-0.054,0.057,0.947,0.348,0.743556974,0.056875099,0.253987355,0.022333722
"AIM2","Lymphocyte","ANX","Wald ratio",1,0.133,0.142,1.142,0.348,NA,NA,NA,0.06557804
"ST3GAL1","Lymphocyte","ANX","Inverse variance weighted",3,-0.041,0.044,0.96,0.348,0.47389943,0.759147736,0.877046692,0.021899099
"SMOC2","Lymphocyte","ANX","Wald ratio",1,0.033,0.035,1.033,0.348,NA,NA,NA,0.022041304
"ST6GAL2","Lymphocyte","ANX","Wald ratio",1,-0.04,0.043,0.961,0.349,NA,NA,NA,0.030028814
"PLAGL1","Lymphocyte","ANX","Wald ratio",1,0.056,0.06,1.058,0.349,NA,NA,NA,0.029753235
"SFRS7","Lymphocyte","ANX","Wald ratio",1,0.063,0.067,1.065,0.349,NA,NA,NA,0.02338386
"SLC22A23","Lymphocyte","ANX","MR Egger",3,0.153,0.094,1.166,0.349,0.743556974,0.056875099,0.253987355,0.022333722
"ATP6V1A","Lymphocyte","ANX","Wald ratio",1,-0.03,0.032,0.97,0.349,NA,NA,NA,0.022200106
"HIPK2","Lymphocyte","ANX","Inverse variance weighted",2,0.046,0.05,1.047,0.349,NA,0.16402716,NA,0.103695566
"KCNQ1","Lymphocyte","ANX","Inverse variance weighted",4,-0.023,0.024,0.978,0.349,0.695757801,0.8637223,0.914749724,0.016183037
"EMID2","Lymphocyte","ANX","Wald ratio",1,-0.036,0.039,0.964,0.35,NA,NA,NA,0.022944021
"TMEM194B","Lymphocyte","ANX","Wald ratio",1,0.389,0.416,1.475,0.35,NA,NA,NA,0.024780279
"CLDN1","Lymphocyte","ANX","Wald ratio",1,-0.069,0.074,0.933,0.35,NA,NA,NA,0.026658413
"STARD10","Lymphocyte","ANX","Wald ratio",1,0.033,0.035,1.033,0.35,NA,NA,NA,0.022355272
"ARAP1","Lymphocyte","ANX","Wald ratio",1,0.03,0.032,1.03,0.35,NA,NA,NA,0.022355272
"CABYR","Lymphocyte","ANX","Wald ratio",1,-0.072,0.078,0.93,0.351,NA,NA,NA,0.024859817
"GPATCH1","Lymphocyte","ANX","Wald ratio",1,-0.074,0.08,0.928,0.352,NA,NA,NA,0.036699901
"SLC44A2","Lymphocyte","ANX","Inverse variance weighted",2,0.024,0.025,1.024,0.352,NA,0.533435883,NA,0.013695991
"SETX","Lymphocyte","ANX","Wald ratio",1,0.054,0.058,1.055,0.352,NA,NA,NA,0.037144397
"DPY19L1","Lymphocyte","ANX","Wald ratio",1,0.069,0.074,1.071,0.352,NA,NA,NA,0.022289414
"RPS6KA2","Lymphocyte","ANX","Simple mode",7,-0.023,0.023,0.978,0.353,0.690213589,0.716003697,0.458206559,0.035780047
"SEC14L5","Lymphocyte","ANX","Wald ratio",1,0.03,0.032,1.03,0.353,NA,NA,NA,0.020872207
"BLCAP","Lymphocyte","ANX","Wald ratio",1,0.047,0.051,1.049,0.354,NA,NA,NA,0.025091571
"FAR1","Lymphocyte","ANX","Wald ratio",1,-0.157,0.169,0.855,0.354,NA,NA,NA,0.030403309
"TMEM79","Lymphocyte","ANX","Wald ratio",1,0.171,0.184,1.186,0.354,NA,NA,NA,0.02473096
"PAQR6","Lymphocyte","ANX","Wald ratio",1,1.163,1.256,3.199,0.354,NA,NA,NA,0.024730561
"SNORD115-15","Lymphocyte","ANX","Wald ratio",1,0.055,0.059,1.056,0.355,NA,NA,NA,0.039396698
"SNORD115-16","Lymphocyte","ANX","Wald ratio",1,0.075,0.081,1.078,0.355,NA,NA,NA,0.039472474
"SPTLC3","Lymphocyte","ANX","Wald ratio",1,-0.068,0.074,0.934,0.355,NA,NA,NA,0.023342264
"THSD4","Lymphocyte","ANX","Inverse variance weighted",2,0.037,0.04,1.038,0.355,NA,0.123492514,NA,0.112189585
"GAS2L2","Lymphocyte","ANX","Wald ratio",1,0.54,0.584,1.715,0.356,NA,NA,NA,0.03332919
"LOC440839","Lymphocyte","ANX","Wald ratio",1,-0.075,0.081,0.928,0.356,NA,NA,NA,0.04075487
"EFCAB1","Lymphocyte","ANX","Wald ratio",1,-0.066,0.071,0.936,0.356,NA,NA,NA,0.021937536
"ZNF766","Lymphocyte","ANX","Wald ratio",1,0.033,0.035,1.033,0.356,NA,NA,NA,0.013957301
"ADAMTS14","Lymphocyte","ANX","Wald ratio",1,-0.392,0.425,0.676,0.356,NA,NA,NA,0.026119203
"NCRNA00219","Lymphocyte","ANX","Wald ratio",1,-0.035,0.038,0.965,0.357,NA,NA,NA,0.025905138
"TRAPPC9","Lymphocyte","ANX","Weighted mode",4,-0.027,0.025,0.973,0.357,0.901408591,0.936667977,0.692007392,0.02080895
"HOXD1","Lymphocyte","ANX","Wald ratio",1,0.177,0.192,1.193,0.357,NA,NA,NA,0.023204078
"HOXD3","Lymphocyte","ANX","Wald ratio",1,0.05,0.054,1.051,0.357,NA,NA,NA,0.02320493
"HOXD4","Lymphocyte","ANX","Wald ratio",1,0.183,0.199,1.201,0.357,NA,NA,NA,0.02320493
"EFNA5","Lymphocyte","ANX","Weighted mode",3,-0.089,0.075,0.915,0.357,0.108078519,0.006715554,0.339210908,0.03184477
"PIP5K1C","Lymphocyte","ANX","Wald ratio",1,-0.032,0.034,0.969,0.357,NA,NA,NA,0.021419505
"RPL37A","Lymphocyte","ANX","Wald ratio",1,0.058,0.063,1.06,0.357,NA,NA,NA,0.026270106
"PTGR2","Lymphocyte","ANX","Wald ratio",1,0.084,0.092,1.088,0.358,NA,NA,NA,0.020825159
"C14orf181","Lymphocyte","ANX","Wald ratio",1,-0.046,0.05,0.955,0.358,NA,NA,NA,0.023287184
"B3GALT5","Lymphocyte","ANX","Wald ratio",1,-0.117,0.127,0.89,0.358,NA,NA,NA,0.024024386
"FAM38B","Lymphocyte","ANX","Weighted mode",3,-0.043,0.037,0.958,0.359,0.58611075,0.617656412,0.563972621,0.018383626
"SLC6A7","Lymphocyte","ANX","Wald ratio",1,0.247,0.269,1.28,0.359,NA,NA,NA,0.037192298
"MTSS1","Lymphocyte","ANX","Wald ratio",1,0.031,0.034,1.032,0.359,NA,NA,NA,0.023515432
"VWA5B1","Lymphocyte","ANX","Wald ratio",1,-0.059,0.065,0.942,0.36,NA,NA,NA,0.020907932
"SPNS3","Lymphocyte","ANX","Wald ratio",1,-0.04,0.044,0.961,0.36,NA,NA,NA,0.028842223
"NIPSNAP1","Lymphocyte","ANX","Wald ratio",1,-0.099,0.108,0.906,0.36,NA,NA,NA,0.036814299
"KIAA1274","Lymphocyte","ANX","Wald ratio",1,-0.048,0.053,0.953,0.36,NA,NA,NA,0.02166098
"CUEDC2","Lymphocyte","ANX","Wald ratio",1,-0.038,0.042,0.963,0.36,NA,NA,NA,0.028703431
"EOMES","Lymphocyte","ANX","Wald ratio",1,-0.059,0.065,0.943,0.36,NA,NA,NA,0.023223703
"PHLDB3","Lymphocyte","ANX","Wald ratio",1,-0.056,0.061,0.945,0.36,NA,NA,NA,0.026358867
"DDX51","Lymphocyte","ANX","Wald ratio",1,0.077,0.085,1.081,0.36,NA,NA,NA,0.0284253
"CDKN1C","Lymphocyte","ANX","Wald ratio",1,0.046,0.05,1.047,0.36,NA,NA,NA,0.024235721
"FBXL7","Lymphocyte","ANX","Wald ratio",1,0.034,0.037,1.035,0.361,NA,NA,NA,0.020994074
"C13orf28","Lymphocyte","ANX","Wald ratio",1,0.037,0.04,1.037,0.361,NA,NA,NA,0.024724813
"IGF2BP3","Lymphocyte","ANX","Wald ratio",1,-0.269,0.295,0.764,0.361,NA,NA,NA,0.020845452
"GNG11","Lymphocyte","ANX","Wald ratio",1,0.071,0.077,1.073,0.362,NA,NA,NA,0.030345019
"DNAI2","Lymphocyte","ANX","Wald ratio",1,0.039,0.043,1.04,0.362,NA,NA,NA,0.026012598
"KLK7","Lymphocyte","ANX","Wald ratio",1,-0.315,0.346,0.73,0.362,NA,NA,NA,0.047811271
"TECTA","Lymphocyte","ANX","Wald ratio",1,-0.028,0.03,0.973,0.363,NA,NA,NA,0.020856163
"MCTP1","Lymphocyte","ANX","Inverse variance weighted",2,-0.027,0.029,0.974,0.364,NA,0.849070353,NA,0.023882778
"FRMD4B","Lymphocyte","ANX","Wald ratio",1,-0.073,0.081,0.929,0.364,NA,NA,NA,0.024063897
"WNT16","Lymphocyte","ANX","Wald ratio",1,0.032,0.036,1.033,0.364,NA,NA,NA,0.024487033
"CDH15","Lymphocyte","ANX","Wald ratio",1,0.041,0.045,1.042,0.364,NA,NA,NA,0.026032354
"ACSF3","Lymphocyte","ANX","Wald ratio",1,0.035,0.038,1.035,0.364,NA,NA,NA,0.012558367
"TOB2","Lymphocyte","ANX","Wald ratio",1,-0.783,0.863,0.457,0.365,NA,NA,NA,0.025308543
"B3GNTL1","Lymphocyte","ANX","Wald ratio",1,0.038,0.042,1.038,0.365,NA,NA,NA,0.02639751
"ADC","Lymphocyte","ANX","Wald ratio",1,-0.03,0.033,0.97,0.365,NA,NA,NA,0.022816408
"KCNS3","Lymphocyte","ANX","Wald ratio",1,0.076,0.084,1.079,0.365,NA,NA,NA,0.039115984
"KIAA1644","Lymphocyte","ANX","Inverse variance weighted",2,0.024,0.027,1.025,0.366,NA,0.696522663,NA,0.014413767
"CTBS","Lymphocyte","ANX","Wald ratio",1,-1.255,1.387,0.285,0.366,NA,NA,NA,0.030132301
"THBS2","Lymphocyte","ANX","Inverse variance weighted",2,0.051,0.057,1.053,0.366,NA,0.40019367,NA,0.015778411
"TRAK1","Lymphocyte","ANX","Weighted mode",3,-0.034,0.029,0.967,0.366,0.540787522,0.625342617,0.589702967,0.020869721
"COL4A3BP","Lymphocyte","ANX","Wald ratio",1,-0.039,0.043,0.962,0.367,NA,NA,NA,0.029596097
"MIR298","Lymphocyte","ANX","Wald ratio",1,-0.092,0.102,0.912,0.367,NA,NA,NA,0.020730218
"GNASAS","Lymphocyte","ANX","Wald ratio",1,-0.04,0.044,0.961,0.367,NA,NA,NA,0.020730218
"TTC15","Lymphocyte","ANX","Wald ratio",1,-0.027,0.03,0.973,0.367,NA,NA,NA,0.020159072
"TRAK1","Lymphocyte","ANX","Simple mode",3,-0.035,0.03,0.966,0.368,0.540787522,0.625342617,0.589702967,0.020869721
"LOC339524","Lymphocyte","ANX","Wald ratio",1,-0.038,0.043,0.962,0.368,NA,NA,NA,0.022984982
"TCERG1L","Lymphocyte","ANX","Inverse variance weighted",2,0.051,0.056,1.052,0.368,NA,0.64047155,NA,0.022118758
"SHANK1","Lymphocyte","ANX","Inverse variance weighted",2,-0.041,0.045,0.96,0.368,NA,0.238983267,NA,0.046683127
"MAFB","Lymphocyte","ANX","Wald ratio",1,0.078,0.087,1.081,0.369,NA,NA,NA,0.023287896
"HEATR3","Lymphocyte","ANX","Wald ratio",1,-0.04,0.044,0.961,0.369,NA,NA,NA,0.022619825
"C1orf177","Lymphocyte","ANX","Wald ratio",1,-0.03,0.033,0.971,0.369,NA,NA,NA,0.022619825
"CCDC40","Lymphocyte","ANX","Wald ratio",1,-0.029,0.032,0.971,0.369,NA,NA,NA,0.020593616
"ITSN2","Lymphocyte","ANX","Wald ratio",1,1.262,1.405,3.534,0.369,NA,NA,NA,0.037840135
"TP53I3","Lymphocyte","ANX","Wald ratio",1,0.754,0.839,2.125,0.369,NA,NA,NA,0.037840135
"MYH3","Lymphocyte","ANX","Wald ratio",1,0.038,0.042,1.039,0.369,NA,NA,NA,0.026934229
"FCGBP","Lymphocyte","ANX","Wald ratio",1,-0.032,0.036,0.968,0.369,NA,NA,NA,0.024324723
"MIR548H4","Lymphocyte","ANX","Wald ratio",1,-0.06,0.067,0.942,0.37,NA,NA,NA,0.02344497
"VASH1","Lymphocyte","ANX","Wald ratio",1,0.038,0.043,1.039,0.37,NA,NA,NA,0.024696038
"AXIN1","Lymphocyte","ANX","Wald ratio",1,0.085,0.095,1.089,0.371,NA,NA,NA,0.024994544
"PDIA2","Lymphocyte","ANX","Wald ratio",1,0.04,0.044,1.04,0.371,NA,NA,NA,0.024940471
"AGPAT4","Lymphocyte","ANX","Weighted mode",3,0.057,0.05,1.059,0.371,0.01769027,0.058506648,0.939769586,0.040098257
"FTH1","Lymphocyte","ANX","Wald ratio",1,-10.208,11.415,0,0.371,NA,NA,NA,0.071593985
"CAMK1D","Lymphocyte","ANX","MR Egger",3,-0.931,0.615,0.394,0.372,0.946140398,0.293266529,0.362000139,0.109644833
"FAM196A","Lymphocyte","ANX","Wald ratio",1,-0.123,0.138,0.885,0.373,NA,NA,NA,0.028812539
"FLJ34503","Lymphocyte","ANX","Wald ratio",1,-0.04,0.045,0.96,0.373,NA,NA,NA,0.024504423
"CIZ1","Lymphocyte","ANX","Wald ratio",1,-0.048,0.054,0.953,0.373,NA,NA,NA,0.021384019
"DNM1","Lymphocyte","ANX","Wald ratio",1,-0.095,0.107,0.909,0.373,NA,NA,NA,0.021384019
"FAM45B","Lymphocyte","ANX","Wald ratio",1,0.122,0.137,1.129,0.374,NA,NA,NA,0.020705843
"KLK1","Lymphocyte","ANX","Wald ratio",1,0.037,0.042,1.038,0.374,NA,NA,NA,0.02243748
"C19orf48","Lymphocyte","ANX","Wald ratio",1,0.036,0.04,1.036,0.374,NA,NA,NA,0.02243748
"CDKAL1","Lymphocyte","ANX","Wald ratio",1,-0.054,0.061,0.947,0.374,NA,NA,NA,0.038889462
"PDS5A","Lymphocyte","ANX","Wald ratio",1,-0.031,0.035,0.97,0.374,NA,NA,NA,0.021333555
"FAM115A","Lymphocyte","ANX","Wald ratio",1,-0.231,0.26,0.794,0.374,NA,NA,NA,0.021088885
"PPFIA1","Lymphocyte","ANX","Wald ratio",1,0.05,0.056,1.051,0.375,NA,NA,NA,0.028478647
"PGGT1B","Lymphocyte","ANX","Wald ratio",1,-0.037,0.041,0.964,0.375,NA,NA,NA,0.028201687
"TNXB","Lymphocyte","ANX","Wald ratio",1,-0.078,0.088,0.925,0.375,NA,NA,NA,0.024742995
"SLC44A4","Lymphocyte","ANX","Wald ratio",1,-0.125,0.141,0.882,0.375,NA,NA,NA,0.024744615
"SMR3B","Lymphocyte","ANX","Wald ratio",1,-0.04,0.045,0.961,0.376,NA,NA,NA,0.02728444
"MYL10","Lymphocyte","ANX","Wald ratio",1,0.082,0.093,1.085,0.377,NA,NA,NA,0.023652459
"CAMK1D","Lymphocyte","ANX","Weighted median",3,0.025,0.028,1.025,0.377,0.946140398,0.293266529,0.362000139,0.109644833
"C7orf31","Lymphocyte","ANX","Wald ratio",1,0.043,0.048,1.044,0.377,NA,NA,NA,0.02065884
"PPAP2B","Lymphocyte","ANX","Wald ratio",1,-0.036,0.041,0.965,0.377,NA,NA,NA,0.021791702
"P2RX1","Lymphocyte","ANX","Wald ratio",1,-0.051,0.057,0.951,0.377,NA,NA,NA,0.026723606
"PRKD2","Lymphocyte","ANX","Wald ratio",1,0.026,0.03,1.027,0.377,NA,NA,NA,0.018828504
"CHI3L2","Lymphocyte","ANX","Wald ratio",1,-0.055,0.062,0.947,0.378,NA,NA,NA,0.028938446
"MACROD2","Lymphocyte","ANX","Wald ratio",1,-0.028,0.032,0.972,0.378,NA,NA,NA,0.020968408
"COPS4","Lymphocyte","ANX","Wald ratio",1,0.067,0.077,1.07,0.378,NA,NA,NA,0.026371719
"TM4SF4","Lymphocyte","ANX","Wald ratio",1,-0.032,0.037,0.968,0.378,NA,NA,NA,0.023073098
"GMDS","Lymphocyte","ANX","Weighted median",4,-0.02,0.023,0.98,0.379,0.820792106,0.856671534,0.602708187,0.019086616
"FAM178B","Lymphocyte","ANX","Wald ratio",1,0.048,0.054,1.049,0.379,NA,NA,NA,0.031918368
"ST6GAL1","Lymphocyte","ANX","Wald ratio",1,-0.047,0.053,0.954,0.379,NA,NA,NA,0.028802556
"PKDCC","Lymphocyte","ANX","Wald ratio",1,0.061,0.07,1.063,0.379,NA,NA,NA,0.030487424
"LMF1","Lymphocyte","ANX","Wald ratio",1,-0.03,0.034,0.97,0.379,NA,NA,NA,0.02240306
"TLE3","Lymphocyte","ANX","Wald ratio",1,-0.039,0.044,0.962,0.379,NA,NA,NA,0.028952408
"C2orf77","Lymphocyte","ANX","Wald ratio",1,-0.035,0.04,0.966,0.38,NA,NA,NA,0.021511993
"MFSD9","Lymphocyte","ANX","Wald ratio",1,0.031,0.036,1.032,0.38,NA,NA,NA,0.024197052
"RELL1","Lymphocyte","ANX","Wald ratio",1,0.064,0.073,1.066,0.38,NA,NA,NA,0.032319328
"KDM4C","Lymphocyte","ANX","Wald ratio",1,-0.038,0.043,0.963,0.38,NA,NA,NA,0.021438524
"GORASP2","Lymphocyte","ANX","Wald ratio",1,-0.031,0.035,0.97,0.38,NA,NA,NA,0.021364992
"LOC728264","Lymphocyte","ANX","Wald ratio",1,0.055,0.063,1.057,0.38,NA,NA,NA,0.02818166
"VSIG8","Lymphocyte","ANX","Wald ratio",1,-0.097,0.111,0.907,0.38,NA,NA,NA,0.023981362
"ZIK1","Lymphocyte","ANX","Wald ratio",1,0.111,0.126,1.117,0.381,NA,NA,NA,0.023837375
"HS6ST3","Lymphocyte","ANX","Inverse variance weighted",2,0.038,0.043,1.039,0.381,NA,0.324450605,NA,0.040824055
"PRDM16","Lymphocyte","ANX","Simple mode",4,0.032,0.031,1.032,0.382,0.563727106,0.712682236,0.683145099,0.022806845
"C9orf135","Lymphocyte","ANX","Wald ratio",1,0.066,0.075,1.068,0.382,NA,NA,NA,0.029890288
"LDHD","Lymphocyte","ANX","Wald ratio",1,0.055,0.063,1.057,0.382,NA,NA,NA,0.028909152
"GRAMD1B","Lymphocyte","ANX","Wald ratio",1,-0.075,0.086,0.928,0.382,NA,NA,NA,0.0211579
"FSD1L","Lymphocyte","ANX","Wald ratio",1,0.033,0.038,1.033,0.382,NA,NA,NA,0.020095019
"ODZ2","Lymphocyte","ANX","Inverse variance weighted",2,-0.043,0.049,0.958,0.383,NA,0.864870822,NA,0.023272664
"TP53BP2","Lymphocyte","ANX","Wald ratio",1,0.08,0.092,1.083,0.383,NA,NA,NA,0.033784902
"SLITRK6","Lymphocyte","ANX","Wald ratio",1,-0.058,0.067,0.943,0.383,NA,NA,NA,0.02743147
"GABRA5","Lymphocyte","ANX","Wald ratio",1,0.349,0.4,1.417,0.384,NA,NA,NA,0.027722966
"PRICKLE2","Lymphocyte","ANX","Wald ratio",1,0.252,0.289,1.286,0.384,NA,NA,NA,0.030402355
"LAMC2","Lymphocyte","ANX","Wald ratio",1,-0.557,0.64,0.573,0.384,NA,NA,NA,0.021100325
"TRIO","Lymphocyte","ANX","Wald ratio",1,0.029,0.033,1.029,0.384,NA,NA,NA,0.022082785
"GABRB3","Lymphocyte","ANX","Wald ratio",1,0.043,0.05,1.044,0.384,NA,NA,NA,0.027445093
"SNRPD1","Lymphocyte","ANX","Wald ratio",1,-0.045,0.052,0.956,0.385,NA,NA,NA,0.029576414
"OPCML","Lymphocyte","ANX","MR Egger",4,0.125,0.114,1.133,0.385,0.318132091,0.257335957,0.342112572,0.103913382
"AK5","Lymphocyte","ANX","Wald ratio",1,-0.389,0.448,0.677,0.385,NA,NA,NA,0.020732184
"KIAA0040","Lymphocyte","ANX","Wald ratio",1,0.057,0.065,1.058,0.386,NA,NA,NA,0.022097873
"IFITM5","Lymphocyte","ANX","Wald ratio",1,-0.054,0.063,0.947,0.386,NA,NA,NA,0.022999896
"ATHL1","Lymphocyte","ANX","Wald ratio",1,-0.044,0.051,0.957,0.386,NA,NA,NA,0.022999898
"BET1L","Lymphocyte","ANX","Wald ratio",1,-1.688,1.947,0.185,0.386,NA,NA,NA,0.022999897
"MYT1","Lymphocyte","ANX","Wald ratio",1,0.051,0.059,1.052,0.386,NA,NA,NA,0.033561388
"OPRL1","Lymphocyte","ANX","Wald ratio",1,0.06,0.069,1.062,0.386,NA,NA,NA,0.033561382
"KLF11","Lymphocyte","ANX","Wald ratio",1,-0.608,0.702,0.544,0.386,NA,NA,NA,0.024268364
"CYS1","Lymphocyte","ANX","Wald ratio",1,-0.079,0.091,0.924,0.386,NA,NA,NA,0.024268364
"C9orf125","Lymphocyte","ANX","Wald ratio",1,0.041,0.048,1.042,0.387,NA,NA,NA,0.028330897
"KDM4B","Lymphocyte","ANX","Wald ratio",1,-0.071,0.082,0.931,0.387,NA,NA,NA,0.023159657
"VEZF1","Lymphocyte","ANX","Wald ratio",1,-0.05,0.057,0.952,0.387,NA,NA,NA,0.033573837
"STARD5","Lymphocyte","ANX","Wald ratio",1,-0.034,0.039,0.967,0.387,NA,NA,NA,0.022565028
"IL16","Lymphocyte","ANX","Wald ratio",1,-0.059,0.068,0.943,0.387,NA,NA,NA,0.022565028
"FLJ35220","Lymphocyte","ANX","Wald ratio",1,-0.026,0.03,0.975,0.387,NA,NA,NA,0.020141426
"SGK269","Lymphocyte","ANX","Wald ratio",1,-0.027,0.032,0.973,0.387,NA,NA,NA,0.020600401
"GLRA1","Lymphocyte","ANX","Wald ratio",1,0.195,0.226,1.216,0.388,NA,NA,NA,0.022870406
"G3BP1","Lymphocyte","ANX","Wald ratio",1,0.067,0.078,1.069,0.388,NA,NA,NA,0.022870406
"MYCBPAP","Lymphocyte","ANX","Wald ratio",1,-1.819,2.106,0.162,0.388,NA,NA,NA,0.0233193
"RSAD1","Lymphocyte","ANX","Wald ratio",1,-0.882,1.021,0.414,0.388,NA,NA,NA,0.0233193
"AGBL4","Lymphocyte","ANX","Wald ratio",1,-0.039,0.046,0.961,0.388,NA,NA,NA,0.021748519
"PLEKHF2","Lymphocyte","ANX","Wald ratio",1,0.033,0.038,1.033,0.388,NA,NA,NA,0.022003348
"WBSCR17","Lymphocyte","ANX","MR Egger",3,-0.206,0.144,0.814,0.389,0.237683371,0.099776894,0.37072449,0.024350514
"ACCN1","Lymphocyte","ANX","Weighted mode",3,-0.03,0.027,0.971,0.39,0.398085132,0.528369868,0.590520726,0.016761846
"MYOZ2","Lymphocyte","ANX","Wald ratio",1,0.04,0.047,1.041,0.39,NA,NA,NA,0.028083875
"PDSS2","Lymphocyte","ANX","Wald ratio",1,2.671,3.107,14.461,0.39,NA,NA,NA,0.029350079
"BIN1","Lymphocyte","ANX","Wald ratio",1,-0.025,0.029,0.976,0.391,NA,NA,NA,0.019251446
"C2orf58","Lymphocyte","ANX","Inverse variance weighted",2,-0.08,0.093,0.924,0.391,NA,0.099580779,NA,0.044256335
"UBE3B","Lymphocyte","ANX","Wald ratio",1,-0.048,0.056,0.953,0.391,NA,NA,NA,0.036384451
"MYO1H","Lymphocyte","ANX","Wald ratio",1,-0.054,0.063,0.948,0.391,NA,NA,NA,0.036384445
"FAM46A","Lymphocyte","ANX","Wald ratio",1,0.147,0.171,1.158,0.391,NA,NA,NA,0.038667598
"FREM2","Lymphocyte","ANX","Wald ratio",1,-0.032,0.037,0.969,0.391,NA,NA,NA,0.024171224
"MOBKL2B","Lymphocyte","ANX","Wald ratio",1,0.188,0.219,1.207,0.391,NA,NA,NA,0.021853549
"TREM1","Lymphocyte","ANX","Wald ratio",1,1.841,2.147,6.3,0.391,NA,NA,NA,0.043182239
"GSDMC","Lymphocyte","ANX","Wald ratio",1,-0.029,0.033,0.972,0.392,NA,NA,NA,0.020148132
"DLGAP2","Lymphocyte","ANX","MR Egger",3,-0.22,0.155,0.803,0.392,0.999545452,0.27811881,0.355648152,0.018673632
"SRMS","Lymphocyte","ANX","Wald ratio",1,0.122,0.143,1.13,0.392,NA,NA,NA,0.045954366
"BREA2","Lymphocyte","ANX","Wald ratio",1,0.042,0.049,1.042,0.392,NA,NA,NA,0.031127192
"PRSS48","Lymphocyte","ANX","Wald ratio",1,0.152,0.178,1.165,0.392,NA,NA,NA,0.019804254
"PDLIM1","Lymphocyte","ANX","Wald ratio",1,0.05,0.059,1.052,0.392,NA,NA,NA,0.030645425
"KCNK1","Lymphocyte","ANX","Inverse variance weighted",2,0.032,0.038,1.033,0.392,NA,0.721497455,NA,0.019258654
"PVT1","Lymphocyte","ANX","Inverse variance weighted",2,0.032,0.037,1.032,0.392,NA,0.23034339,NA,0.04105987
"LOC100133669","Lymphocyte","ANX","Wald ratio",1,0.027,0.032,1.027,0.393,NA,NA,NA,0.020042933
"DLG2","Lymphocyte","ANX","Wald ratio",1,0.035,0.041,1.036,0.393,NA,NA,NA,0.024788695
"ZMAT4","Lymphocyte","ANX","Wald ratio",1,-0.029,0.034,0.971,0.393,NA,NA,NA,0.019895177
"UST","Lymphocyte","ANX","Inverse variance weighted",2,0.057,0.066,1.058,0.393,NA,0.166789991,NA,0.021771365
"ZNF767","Lymphocyte","ANX","Wald ratio",1,0.056,0.066,1.058,0.394,NA,NA,NA,0.020133792
"TTF1","Lymphocyte","ANX","Wald ratio",1,0.035,0.041,1.036,0.394,NA,NA,NA,0.026921869
"CLDN14","Lymphocyte","ANX","Wald ratio",1,0.041,0.048,1.042,0.396,NA,NA,NA,0.023862416
"GMDS","Lymphocyte","ANX","Inverse variance weighted",4,-0.018,0.021,0.982,0.397,0.820792106,0.856671534,0.602708187,0.019086616
"CD83","Lymphocyte","ANX","Wald ratio",1,-0.155,0.183,0.857,0.398,NA,NA,NA,0.022155718
"TBC1D9","Lymphocyte","ANX","Wald ratio",1,0.042,0.05,1.043,0.398,NA,NA,NA,0.01962642
"RNF150","Lymphocyte","ANX","Wald ratio",1,0.317,0.375,1.373,0.398,NA,NA,NA,0.019634565
"UAP1L1","Lymphocyte","ANX","Wald ratio",1,-0.092,0.109,0.912,0.398,NA,NA,NA,0.021702693
"LOC100289341","Lymphocyte","ANX","Wald ratio",1,-0.083,0.098,0.921,0.398,NA,NA,NA,0.021702693
"ABCG2","Lymphocyte","ANX","Wald ratio",1,-0.086,0.102,0.917,0.398,NA,NA,NA,0.019560654
"MAD1L1","Lymphocyte","ANX","Inverse variance weighted",2,0.021,0.024,1.021,0.398,NA,0.74248785,NA,0.009893279
"PDCD2L","Lymphocyte","ANX","Wald ratio",1,-0.796,0.944,0.451,0.399,NA,NA,NA,0.074019568
"PAK4","Lymphocyte","ANX","Wald ratio",1,0.032,0.038,1.033,0.4,NA,NA,NA,0.019500521
"C1orf200","Lymphocyte","ANX","Wald ratio",1,0.237,0.282,1.267,0.4,NA,NA,NA,0.022786095
"PIK3CD","Lymphocyte","ANX","Wald ratio",1,0.152,0.181,1.165,0.4,NA,NA,NA,0.022786095
"CAMTA1","Lymphocyte","ANX","Inverse variance weighted",3,-0.019,0.023,0.981,0.4,0.430903734,0.520227514,0.559495259,0.014436113
"LTBP4","Lymphocyte","ANX","Wald ratio",1,-0.039,0.047,0.961,0.401,NA,NA,NA,0.020057629
"CLUAP1","Lymphocyte","ANX","Wald ratio",1,0.046,0.054,1.047,0.401,NA,NA,NA,0.02437517
"SESN1","Lymphocyte","ANX","Wald ratio",1,-0.066,0.079,0.936,0.402,NA,NA,NA,0.029172443
"PPFIBP2","Lymphocyte","ANX","Wald ratio",1,0.198,0.236,1.219,0.402,NA,NA,NA,0.02348499
"KALRN","Lymphocyte","ANX","Wald ratio",1,-0.071,0.085,0.931,0.402,NA,NA,NA,0.025345859
"OR52E8","Lymphocyte","ANX","Wald ratio",1,0.025,0.03,1.025,0.402,NA,NA,NA,0.019449554
"SPIB","Lymphocyte","ANX","Wald ratio",1,0.138,0.165,1.148,0.402,NA,NA,NA,0.036745913
"FBXO39","Lymphocyte","ANX","Wald ratio",1,-0.026,0.031,0.974,0.403,NA,NA,NA,0.020076211
"VASH2","Lymphocyte","ANX","Wald ratio",1,0.285,0.341,1.33,0.403,NA,NA,NA,0.020461697
"ROR2","Lymphocyte","ANX","Inverse variance weighted",2,0.024,0.028,1.024,0.403,NA,0.550913016,NA,0.015878351
"C4orf31","Lymphocyte","ANX","Wald ratio",1,-0.073,0.087,0.93,0.403,NA,NA,NA,0.03081186
"CDC25B","Lymphocyte","ANX","Wald ratio",1,-0.054,0.064,0.948,0.403,NA,NA,NA,0.019542136
"SPEF1","Lymphocyte","ANX","Wald ratio",1,-0.131,0.157,0.877,0.403,NA,NA,NA,0.019538145
"INSR","Lymphocyte","ANX","Wald ratio",1,-0.026,0.031,0.975,0.403,NA,NA,NA,0.020315112
"C12orf75","Lymphocyte","ANX","Wald ratio",1,-0.527,0.631,0.591,0.404,NA,NA,NA,0.019394559
"UGP2","Lymphocyte","ANX","Wald ratio",1,0.197,0.237,1.218,0.404,NA,NA,NA,0.024640684
"THG1L","Lymphocyte","ANX","Wald ratio",1,-0.968,1.162,0.38,0.405,NA,NA,NA,0.026342253
"SOX30","Lymphocyte","ANX","Wald ratio",1,-0.034,0.04,0.967,0.405,NA,NA,NA,0.026342253
"MRGPRX4","Lymphocyte","ANX","Wald ratio",1,-0.027,0.032,0.973,0.406,NA,NA,NA,0.020114075
"MRGPRX3","Lymphocyte","ANX","Wald ratio",1,-0.032,0.038,0.969,0.406,NA,NA,NA,0.020039988
"PI16","Lymphocyte","ANX","Wald ratio",1,-0.078,0.094,0.925,0.406,NA,NA,NA,0.025258229
"MIR200A","Lymphocyte","ANX","Wald ratio",1,0.053,0.063,1.054,0.406,NA,NA,NA,0.033690579
"ACOT12","Lymphocyte","ANX","Wald ratio",1,0.065,0.078,1.067,0.407,NA,NA,NA,0.023700082
"RNU5D","Lymphocyte","ANX","Wald ratio",1,0.093,0.112,1.097,0.407,NA,NA,NA,0.023700082
"RNU5E","Lymphocyte","ANX","Wald ratio",1,0.192,0.231,1.211,0.407,NA,NA,NA,0.023700082
"ZP2","Lymphocyte","ANX","Wald ratio",1,0.047,0.057,1.048,0.407,NA,NA,NA,0.02219209
"ASAP1","Lymphocyte","ANX","Wald ratio",1,0.06,0.073,1.062,0.407,NA,NA,NA,0.032386912
"WIPF1","Lymphocyte","ANX","Wald ratio",1,0.469,0.566,1.598,0.407,NA,NA,NA,0.02211995
"SLC25A41","Lymphocyte","ANX","Wald ratio",1,-0.034,0.041,0.967,0.407,NA,NA,NA,0.024676506
"SORBS2","Lymphocyte","ANX","Wald ratio",1,0.026,0.031,1.026,0.407,NA,NA,NA,0.020591664
"ASPH","Lymphocyte","ANX","Wald ratio",1,-0.072,0.087,0.93,0.407,NA,NA,NA,0.031913887
"C22orf33","Lymphocyte","ANX","Wald ratio",1,-0.059,0.071,0.943,0.407,NA,NA,NA,0.019433169
"RXRA","Lymphocyte","ANX","Wald ratio",1,-0.054,0.065,0.948,0.407,NA,NA,NA,0.023110461
"CHN1","Lymphocyte","ANX","Wald ratio",1,-0.024,0.029,0.976,0.407,NA,NA,NA,0.018025325
"FUCA2","Lymphocyte","ANX","Wald ratio",1,-0.821,0.991,0.44,0.408,NA,NA,NA,0.022661605
"C4orf49","Lymphocyte","ANX","Wald ratio",1,0.071,0.086,1.073,0.408,NA,NA,NA,0.021831075
"RHOJ","Lymphocyte","ANX","Wald ratio",1,-0.027,0.032,0.974,0.408,NA,NA,NA,0.019599989
"TUBB6","Lymphocyte","ANX","Wald ratio",1,-0.294,0.355,0.746,0.408,NA,NA,NA,0.025732773
"LGALS8","Lymphocyte","ANX","Wald ratio",1,-0.028,0.034,0.972,0.408,NA,NA,NA,0.022138962
"CAND2","Lymphocyte","ANX","Wald ratio",1,-0.032,0.039,0.968,0.408,NA,NA,NA,0.020299308
"C20orf103","Lymphocyte","ANX","Wald ratio",1,0.648,0.784,1.912,0.409,NA,NA,NA,0.026029916
"RPS6KA2","Lymphocyte","ANX","Weighted mode",7,-0.02,0.023,0.98,0.409,0.690213589,0.716003697,0.458206559,0.035780047
"ARL6IP4","Lymphocyte","ANX","Wald ratio",1,0.033,0.04,1.034,0.409,NA,NA,NA,0.024111071
"ABCB9","Lymphocyte","ANX","Wald ratio",1,0.031,0.037,1.031,0.409,NA,NA,NA,0.024084194
"RABL4","Lymphocyte","ANX","Wald ratio",1,0.033,0.04,1.033,0.41,NA,NA,NA,0.024342161
"ST3GAL1","Lymphocyte","ANX","Weighted median",3,-0.038,0.046,0.963,0.41,0.47389943,0.759147736,0.877046692,0.021899099
"RFTN1","Lymphocyte","ANX","Inverse variance weighted",2,-0.05,0.06,0.952,0.41,NA,0.288364551,NA,0.023639142
"CRISPLD1","Lymphocyte","ANX","Wald ratio",1,-0.041,0.049,0.96,0.41,NA,NA,NA,0.029878787
"MGC45800","Lymphocyte","ANX","Wald ratio",1,0.067,0.082,1.07,0.411,NA,NA,NA,0.019713233
"KPRP","Lymphocyte","ANX","Wald ratio",1,-0.042,0.051,0.959,0.412,NA,NA,NA,0.022101372
"SYN2","Lymphocyte","ANX","Wald ratio",1,-0.059,0.072,0.942,0.412,NA,NA,NA,0.028411102
"PKIG","Lymphocyte","ANX","Wald ratio",1,0.095,0.116,1.1,0.412,NA,NA,NA,0.030330987
"SERINC3","Lymphocyte","ANX","Wald ratio",1,0.709,0.865,2.032,0.412,NA,NA,NA,0.030312838
"FAM38B","Lymphocyte","ANX","Simple mode",3,-0.066,0.064,0.936,0.412,0.58611075,0.617656412,0.563972621,0.018383626
"STAB2","Lymphocyte","ANX","Wald ratio",1,0.033,0.04,1.034,0.412,NA,NA,NA,0.022575962
"SKAP2","Lymphocyte","ANX","Wald ratio",1,0.024,0.029,1.024,0.413,NA,NA,NA,0.019272533
"HOXA1","Lymphocyte","ANX","Wald ratio",1,0.034,0.041,1.034,0.413,NA,NA,NA,0.019272526
"ANKS1A","Lymphocyte","ANX","Wald ratio",1,0.031,0.038,1.032,0.414,NA,NA,NA,0.021600968
"C11orf46","Lymphocyte","ANX","Wald ratio",1,0.117,0.144,1.125,0.414,NA,NA,NA,0.023135468
"UBE2K","Lymphocyte","ANX","Wald ratio",1,0.038,0.046,1.039,0.415,NA,NA,NA,0.021074084
"NLRP7","Lymphocyte","ANX","Wald ratio",1,-0.042,0.051,0.959,0.415,NA,NA,NA,0.024649388
"CYFIP1","Lymphocyte","ANX","Wald ratio",1,0.043,0.053,1.044,0.415,NA,NA,NA,0.024277782
"TNFAIP8","Lymphocyte","ANX","Wald ratio",1,-0.044,0.054,0.957,0.415,NA,NA,NA,0.022615691
"MYO3A","Lymphocyte","ANX","Wald ratio",1,-0.06,0.073,0.942,0.415,NA,NA,NA,0.041783273
"LEPREL1","Lymphocyte","ANX","Wald ratio",1,-0.13,0.159,0.878,0.416,NA,NA,NA,0.022165495
"FUCA1","Lymphocyte","ANX","Wald ratio",1,-0.046,0.056,0.956,0.416,NA,NA,NA,0.034317114
"CNR2","Lymphocyte","ANX","Wald ratio",1,-0.095,0.116,0.91,0.416,NA,NA,NA,0.034317114
"C1orf128","Lymphocyte","ANX","Wald ratio",1,-2.933,3.607,0.053,0.416,NA,NA,NA,0.034317114
"FLT3","Lymphocyte","ANX","Wald ratio",1,-0.082,0.101,0.921,0.416,NA,NA,NA,0.024367961
"COL13A1","Lymphocyte","ANX","Inverse variance weighted",2,0.031,0.039,1.032,0.416,NA,0.290264237,NA,0.031758446
"DUSP5","Lymphocyte","ANX","Wald ratio",1,-0.134,0.165,0.875,0.416,NA,NA,NA,0.01899917
"KIAA1026","Lymphocyte","ANX","Simple mode",3,0.029,0.029,1.03,0.417,0.75414332,0.926640505,0.854257337,0.014802172
"FIGLA","Lymphocyte","ANX","Wald ratio",1,-0.078,0.096,0.925,0.417,NA,NA,NA,0.023246617
"GFM1","Lymphocyte","ANX","Wald ratio",1,0.038,0.047,1.039,0.417,NA,NA,NA,0.022712271
"RARRES1","Lymphocyte","ANX","Wald ratio",1,0.033,0.041,1.034,0.417,NA,NA,NA,0.025725654
"MFSD1","Lymphocyte","ANX","Wald ratio",1,0.036,0.044,1.036,0.417,NA,NA,NA,0.025725654
"C12orf72","Lymphocyte","ANX","Wald ratio",1,0.027,0.033,1.027,0.417,NA,NA,NA,0.021497366
"HTR1B","Lymphocyte","ANX","Wald ratio",1,-0.068,0.084,0.934,0.418,NA,NA,NA,0.021662186
"OTUB2","Lymphocyte","ANX","Wald ratio",1,0.039,0.048,1.04,0.419,NA,NA,NA,0.022819436
"FMO1","Lymphocyte","ANX","Wald ratio",1,-0.783,0.97,0.457,0.419,NA,NA,NA,0.019429876
"ATP8A2","Lymphocyte","ANX","MR Egger",3,-0.062,0.048,0.94,0.419,0.669740189,0.305786506,0.378461562,0.045643194
"ZNF232","Lymphocyte","ANX","Wald ratio",1,0.119,0.148,1.126,0.42,NA,NA,NA,0.032071481
"MAFF","Lymphocyte","ANX","Wald ratio",1,-0.026,0.032,0.975,0.421,NA,NA,NA,0.019451428
"CYYR1","Lymphocyte","ANX","Wald ratio",1,0.031,0.039,1.032,0.421,NA,NA,NA,0.019765271
"KLHL29","Lymphocyte","ANX","Inverse variance weighted",2,-0.023,0.029,0.977,0.421,NA,0.809549359,NA,0.014779737
"CASP10","Lymphocyte","ANX","Wald ratio",1,-0.085,0.106,0.919,0.422,NA,NA,NA,0.018990165
"SMTNL2","Lymphocyte","ANX","Wald ratio",1,-0.045,0.056,0.956,0.422,NA,NA,NA,0.029441737
"SNTG2","Lymphocyte","ANX","Wald ratio",1,0.031,0.038,1.031,0.423,NA,NA,NA,0.024328731
"NOL9","Lymphocyte","ANX","Wald ratio",1,0.044,0.055,1.045,0.423,NA,NA,NA,0.028174602
"PLEKHG5","Lymphocyte","ANX","Wald ratio",1,0.157,0.196,1.17,0.423,NA,NA,NA,0.028174602
"AFF3","Lymphocyte","ANX","Wald ratio",1,0.262,0.327,1.299,0.423,NA,NA,NA,0.024559795
"GPR155","Lymphocyte","ANX","Wald ratio",1,0.325,0.406,1.384,0.423,NA,NA,NA,0.027524676
"TACR1","Lymphocyte","ANX","Weighted mode",3,0.028,0.028,1.028,0.424,0.760523576,0.847616478,0.711178616,0.01427198
"ALOX15B","Lymphocyte","ANX","Wald ratio",1,0.03,0.037,1.03,0.424,NA,NA,NA,0.01830657
"PLCD1","Lymphocyte","ANX","Wald ratio",1,-0.092,0.115,0.912,0.424,NA,NA,NA,0.047248975
"EPB41","Lymphocyte","ANX","Wald ratio",1,0.126,0.157,1.134,0.424,NA,NA,NA,0.03626751
"ZNF438","Lymphocyte","ANX","Wald ratio",1,-0.03,0.037,0.971,0.424,NA,NA,NA,0.021601884
"USH2A","Lymphocyte","ANX","Wald ratio",1,0.045,0.057,1.047,0.425,NA,NA,NA,0.031066796
"KITLG","Lymphocyte","ANX","Wald ratio",1,-0.033,0.042,0.967,0.425,NA,NA,NA,0.01291439
"BCL2L14","Lymphocyte","ANX","Wald ratio",1,-0.036,0.045,0.965,0.426,NA,NA,NA,0.020211602
"LOX","Lymphocyte","ANX","Wald ratio",1,-0.024,0.031,0.976,0.426,NA,NA,NA,0.018181853
"EPS8L1","Lymphocyte","ANX","Wald ratio",1,0.038,0.048,1.039,0.427,NA,NA,NA,0.026774106
"ANAPC4","Lymphocyte","ANX","Inverse variance weighted",2,0.077,0.097,1.08,0.427,NA,0.667384788,NA,0.019694935
"FAM71F1","Lymphocyte","ANX","Wald ratio",1,0.04,0.05,1.041,0.427,NA,NA,NA,0.023250834
"PCDH15","Lymphocyte","ANX","Wald ratio",1,0.026,0.032,1.026,0.427,NA,NA,NA,0.019612731
"HIF3A","Lymphocyte","ANX","Wald ratio",1,0.308,0.388,1.36,0.427,NA,NA,NA,0.026273339
"UBXN11","Lymphocyte","ANX","Wald ratio",1,-0.282,0.355,0.754,0.427,NA,NA,NA,0.024251704
"CD52","Lymphocyte","ANX","Wald ratio",1,-0.688,0.867,0.502,0.427,NA,NA,NA,0.024251763
"CLEC17A","Lymphocyte","ANX","Wald ratio",1,-0.025,0.032,0.975,0.428,NA,NA,NA,0.015880956
"PLEKHG1","Lymphocyte","ANX","Wald ratio",1,0.039,0.049,1.039,0.428,NA,NA,NA,0.029052656
"ICK","Lymphocyte","ANX","Wald ratio",1,-2.28,2.875,0.102,0.428,NA,NA,NA,0.035619846
"GCM1","Lymphocyte","ANX","Wald ratio",1,-0.071,0.09,0.931,0.428,NA,NA,NA,0.035626982
"BDH1","Lymphocyte","ANX","Inverse variance weighted",2,0.026,0.033,1.027,0.428,NA,0.989328853,NA,0.020618213
"SLC38A11","Lymphocyte","ANX","Wald ratio",1,-0.036,0.046,0.964,0.428,NA,NA,NA,0.020259928
"SORCS2","Lymphocyte","ANX","Inverse variance weighted",4,0.02,0.026,1.021,0.428,0.321240535,0.387358373,0.500091876,0.055637192
"SH3TC1","Lymphocyte","ANX","Wald ratio",1,-0.069,0.088,0.933,0.429,NA,NA,NA,0.02681552
"ZBTB17","Lymphocyte","ANX","Wald ratio",1,-0.075,0.095,0.928,0.429,NA,NA,NA,0.030647255
"BMF","Lymphocyte","ANX","Wald ratio",1,0.028,0.035,1.028,0.429,NA,NA,NA,0.021905799
"HRNBP3","Lymphocyte","ANX","Inverse variance weighted",3,-0.018,0.023,0.982,0.429,0.205649906,0.330914051,0.648008583,0.016003487
"KIAA1026","Lymphocyte","ANX","Weighted mode",3,0.028,0.028,1.028,0.429,0.75414332,0.926640505,0.854257337,0.014802172
"PPP3R1","Lymphocyte","ANX","Wald ratio",1,-0.041,0.052,0.959,0.43,NA,NA,NA,0.018227668
"SELP","Lymphocyte","ANX","Wald ratio",1,-0.028,0.036,0.972,0.43,NA,NA,NA,0.019416983
"ATXN1","Lymphocyte","ANX","Wald ratio",1,-0.022,0.028,0.978,0.43,NA,NA,NA,0.017909975
"GMDS","Lymphocyte","ANX","Weighted mode",4,-0.02,0.022,0.98,0.43,0.820792106,0.856671534,0.602708187,0.019086616
"PGBD5","Lymphocyte","ANX","Wald ratio",1,-0.031,0.039,0.97,0.43,NA,NA,NA,0.019029436
"IGSF9B","Lymphocyte","ANX","Wald ratio",1,0.075,0.095,1.078,0.43,NA,NA,NA,0.017836816
"MAPK10","Lymphocyte","ANX","Wald ratio",1,-0.025,0.031,0.976,0.43,NA,NA,NA,0.019585446
"TRIM34","Lymphocyte","ANX","Wald ratio",1,-0.024,0.031,0.976,0.431,NA,NA,NA,0.019752039
"TRIM78P","Lymphocyte","ANX","Wald ratio",1,-0.031,0.04,0.969,0.431,NA,NA,NA,0.019810498
"HS3ST3B1","Lymphocyte","ANX","Inverse variance weighted",2,-0.078,0.1,0.925,0.432,NA,0.34484718,NA,0.026735447
"CLDN23","Lymphocyte","ANX","Wald ratio",1,0.047,0.06,1.049,0.432,NA,NA,NA,0.022422597
"TMEM51","Lymphocyte","ANX","MR Egger",3,-0.134,0.108,0.874,0.432,0.995114072,0.718543662,0.565420054,0.019426804
"LOC400804","Lymphocyte","ANX","Wald ratio",1,-0.074,0.094,0.929,0.432,NA,NA,NA,0.019221692
"TPCN2","Lymphocyte","ANX","Inverse variance weighted",2,0.044,0.056,1.045,0.432,NA,0.313220501,NA,0.020326838
"CADM1","Lymphocyte","ANX","Wald ratio",1,-0.026,0.033,0.975,0.433,NA,NA,NA,0.016007133
"ENPP2","Lymphocyte","ANX","Wald ratio",1,0.035,0.045,1.036,0.433,NA,NA,NA,0.021427896
"CACNA1C","Lymphocyte","ANX","Simple mode",4,-0.041,0.045,0.96,0.433,0.76309597,0.676228327,0.425461908,0.020090041
"SMAD3","Lymphocyte","ANX","Wald ratio",1,-0.028,0.036,0.972,0.434,NA,NA,NA,0.020185234
"SHANK2","Lymphocyte","ANX","Simple mode",4,0.036,0.04,1.037,0.434,0.138960111,0.267123408,0.98439495,0.058063634
"CA8","Lymphocyte","ANX","Wald ratio",1,0.024,0.031,1.024,0.434,NA,NA,NA,0.019001038
"AGXT2L1","Lymphocyte","ANX","Wald ratio",1,-0.056,0.071,0.946,0.434,NA,NA,NA,0.029547965
"MFSD6L","Lymphocyte","ANX","Wald ratio",1,-0.042,0.054,0.959,0.434,NA,NA,NA,0.027439282
"EMP2","Lymphocyte","ANX","Wald ratio",1,0.063,0.08,1.065,0.435,NA,NA,NA,0.019727784
"SOAT2","Lymphocyte","ANX","Wald ratio",1,-0.053,0.068,0.949,0.435,NA,NA,NA,0.030774037
"FAM59A","Lymphocyte","ANX","Wald ratio",1,0.047,0.06,1.048,0.435,NA,NA,NA,0.02438306
"PRPF40A","Lymphocyte","ANX","Wald ratio",1,-0.036,0.046,0.965,0.435,NA,NA,NA,0.023008476
"ANK2","Lymphocyte","ANX","Inverse variance weighted",2,0.052,0.066,1.053,0.435,NA,0.033520548,NA,0.383850314
"SFMBT2","Lymphocyte","ANX","Inverse variance weighted",2,-0.034,0.044,0.966,0.436,NA,0.117750237,NA,0.096061523
"C1QL3","Lymphocyte","ANX","Wald ratio",1,-0.037,0.047,0.964,0.436,NA,NA,NA,0.028929973
"DPH3","Lymphocyte","ANX","Wald ratio",1,-0.029,0.038,0.971,0.436,NA,NA,NA,0.023639142
"GPR31","Lymphocyte","ANX","Wald ratio",1,-0.03,0.038,0.971,0.436,NA,NA,NA,0.01888124
"RBM24","Lymphocyte","ANX","Wald ratio",1,-0.033,0.043,0.967,0.436,NA,NA,NA,0.018873525
"FGFR1OP","Lymphocyte","ANX","Wald ratio",1,-0.703,0.903,0.495,0.436,NA,NA,NA,0.01888124
"TACR1","Lymphocyte","ANX","Simple mode",3,0.027,0.029,1.028,0.437,0.760523576,0.847616478,0.711178616,0.01427198
"DNAH11","Lymphocyte","ANX","Inverse variance weighted",2,-0.024,0.031,0.976,0.437,NA,0.48736459,NA,0.028663859
"LOC257358","Lymphocyte","ANX","Wald ratio",1,-0.035,0.044,0.966,0.438,NA,NA,NA,0.018662643
"ABHD2","Lymphocyte","ANX","Wald ratio",1,0.452,0.583,1.572,0.438,NA,NA,NA,0.017540772
"ISCA1","Lymphocyte","ANX","Wald ratio",1,0.029,0.037,1.029,0.438,NA,NA,NA,0.020255931
"DCK","Lymphocyte","ANX","Wald ratio",1,0.373,0.48,1.452,0.438,NA,NA,NA,0.067268844
"TNS3","Lymphocyte","ANX","Inverse variance weighted",2,-0.029,0.038,0.971,0.439,NA,0.14308876,NA,0.072364264
"MTR","Lymphocyte","ANX","Wald ratio",1,0.029,0.038,1.03,0.439,NA,NA,NA,0.023077411
"ANKRD46","Lymphocyte","ANX","Wald ratio",1,-0.033,0.043,0.967,0.439,NA,NA,NA,0.018759739
"ST6GALNAC3","Lymphocyte","ANX","Inverse variance weighted",3,0.022,0.028,1.022,0.439,0.397876589,0.653087262,0.774051014,0.033462325
"TRIM9","Lymphocyte","ANX","Wald ratio",1,-0.101,0.131,0.904,0.439,NA,NA,NA,0.021615758
"FAM38B","Lymphocyte","ANX","MR Egger",3,-0.086,0.071,0.917,0.439,0.58611075,0.617656412,0.563972621,0.018383626
"TRPS1","Lymphocyte","ANX","Wald ratio",1,0.031,0.04,1.031,0.44,NA,NA,NA,0.019171731
"SERPINA1","Lymphocyte","ANX","Wald ratio",1,-0.027,0.035,0.973,0.44,NA,NA,NA,0.018162647
"ZMYND15","Lymphocyte","ANX","Wald ratio",1,0.039,0.05,1.04,0.44,NA,NA,NA,0.02099737
"LAP3","Lymphocyte","ANX","Wald ratio",1,0.697,0.903,2.008,0.44,NA,NA,NA,0.019895574
"LOXL4","Lymphocyte","ANX","Wald ratio",1,-0.034,0.043,0.967,0.44,NA,NA,NA,0.017173199
"LARGE","Lymphocyte","ANX","Wald ratio",1,0.028,0.037,1.029,0.44,NA,NA,NA,0.019341048
"BRUNOL5","Lymphocyte","ANX","Wald ratio",1,-0.044,0.057,0.957,0.441,NA,NA,NA,0.019267218
"PDE4C","Lymphocyte","ANX","Wald ratio",1,-0.031,0.04,0.97,0.441,NA,NA,NA,0.018711422
"SEC14L4","Lymphocyte","ANX","Wald ratio",1,0.044,0.058,1.045,0.441,NA,NA,NA,0.019751266
"ANXA5","Lymphocyte","ANX","Wald ratio",1,2.264,2.943,9.624,0.442,NA,NA,NA,0.026043707
"SLCO3A1","Lymphocyte","ANX","Weighted mode",3,-0.032,0.034,0.968,0.442,0.268256893,0.480006329,0.733666287,0.024291103
"C2CD2","Lymphocyte","ANX","Wald ratio",1,0.045,0.058,1.046,0.442,NA,NA,NA,0.024519839
"DSCAM","Lymphocyte","ANX","MR Egger",3,0.131,0.109,1.14,0.442,0.035208286,0.00941781,0.484293073,0.220379251
"TMEM132D","Lymphocyte","ANX","Weighted mode",3,0.032,0.034,1.032,0.442,0.311705808,0.53652894,0.722607773,0.023634185
"LOC100130557","Lymphocyte","ANX","Wald ratio",1,-0.394,0.513,0.674,0.443,NA,NA,NA,0.022372752
"LARP1B","Lymphocyte","ANX","Wald ratio",1,0.094,0.123,1.099,0.443,NA,NA,NA,0.019220774
"C15orf2","Lymphocyte","ANX","Wald ratio",1,0.052,0.067,1.053,0.443,NA,NA,NA,0.037041566
"RFX8","Lymphocyte","ANX","Wald ratio",1,-0.452,0.589,0.636,0.443,NA,NA,NA,0.020496197
"GRK7","Lymphocyte","ANX","Wald ratio",1,0.03,0.039,1.031,0.443,NA,NA,NA,0.021212466
"CATSPERB","Lymphocyte","ANX","Wald ratio",1,0.028,0.036,1.028,0.443,NA,NA,NA,0.021450278
"GPR39","Lymphocyte","ANX","Inverse variance weighted",2,-0.02,0.026,0.98,0.443,NA,0.513933774,NA,0.015646585
"MYPOP","Lymphocyte","ANX","Wald ratio",1,0.033,0.043,1.033,0.444,NA,NA,NA,0.019075955
"FMN1","Lymphocyte","ANX","Wald ratio",1,0.038,0.049,1.038,0.444,NA,NA,NA,0.029102533
"CCDC50","Lymphocyte","ANX","Wald ratio",1,-0.797,1.041,0.451,0.444,NA,NA,NA,0.021377968
"UTS2D","Lymphocyte","ANX","Wald ratio",1,-0.027,0.035,0.974,0.444,NA,NA,NA,0.013344717
"RUFY1","Lymphocyte","ANX","Wald ratio",1,0.169,0.221,1.184,0.444,NA,NA,NA,0.019245583
"TET3","Lymphocyte","ANX","Wald ratio",1,-0.034,0.044,0.967,0.444,NA,NA,NA,0.020281068
"CACNB2","Lymphocyte","ANX","Wald ratio",1,-0.072,0.093,0.931,0.444,NA,NA,NA,0.031769325
"CDCA2","Lymphocyte","ANX","Wald ratio",1,0.028,0.036,1.028,0.445,NA,NA,NA,0.019173261
"ZNF727","Lymphocyte","ANX","Wald ratio",1,0.06,0.079,1.062,0.445,NA,NA,NA,0.019897155
"LAMB3","Lymphocyte","ANX","Wald ratio",1,0.027,0.036,1.028,0.445,NA,NA,NA,0.022185021
"ZNF532","Lymphocyte","ANX","Wald ratio",1,0.082,0.107,1.085,0.445,NA,NA,NA,0.01910092
"FLJ43860","Lymphocyte","ANX","Wald ratio",1,0.035,0.045,1.035,0.445,NA,NA,NA,0.018299825
"SKA1","Lymphocyte","ANX","Wald ratio",1,-0.045,0.059,0.956,0.446,NA,NA,NA,0.019512151
"CNGB1","Lymphocyte","ANX","Inverse variance weighted",2,-0.066,0.087,0.936,0.446,NA,0.962272112,NA,0.019491911
"SOSTDC1","Lymphocyte","ANX","Wald ratio",1,0.025,0.032,1.025,0.446,NA,NA,NA,0.019993928
"ESRRB","Lymphocyte","ANX","Wald ratio",1,-0.033,0.043,0.967,0.446,NA,NA,NA,0.02251552
"PECR","Lymphocyte","ANX","Wald ratio",1,0.502,0.659,1.652,0.446,NA,NA,NA,0.020713135
"TLE1","Lymphocyte","ANX","Wald ratio",1,-0.028,0.037,0.972,0.447,NA,NA,NA,0.019850232
"KIAA0528","Lymphocyte","ANX","Wald ratio",1,0.49,0.644,1.632,0.447,NA,NA,NA,0.034410849
"SKAP1","Lymphocyte","ANX","Wald ratio",1,0.029,0.039,1.03,0.447,NA,NA,NA,0.0202678
"ADARB2","Lymphocyte","ANX","Simple mode",4,0.047,0.054,1.049,0.448,0.237226174,0.184427527,0.363886194,0.037740724
"SOCS5","Lymphocyte","ANX","Wald ratio",1,-0.071,0.093,0.932,0.448,NA,NA,NA,0.035107692
"C11orf36","Lymphocyte","ANX","Wald ratio",1,0.03,0.04,1.031,0.448,NA,NA,NA,0.019947201
"MRGPRG","Lymphocyte","ANX","Wald ratio",1,0.036,0.047,1.036,0.448,NA,NA,NA,0.019947201
"FAM18B2","Lymphocyte","ANX","Wald ratio",1,-0.03,0.04,0.97,0.448,NA,NA,NA,0.022163369
"RGS13","Lymphocyte","ANX","Wald ratio",1,-0.023,0.03,0.978,0.448,NA,NA,NA,0.018666482
"FLJ20184","Lymphocyte","ANX","Wald ratio",1,-0.031,0.041,0.969,0.449,NA,NA,NA,0.024319901
"TENC1","Lymphocyte","ANX","Wald ratio",1,-0.189,0.25,0.828,0.449,NA,NA,NA,0.030089236
"TRAF3","Lymphocyte","ANX","Wald ratio",1,-0.115,0.152,0.891,0.449,NA,NA,NA,0.022022335
"COL21A1","Lymphocyte","ANX","Inverse variance weighted",2,-0.033,0.043,0.968,0.449,NA,0.296719625,NA,0.029486564
"MIR661","Lymphocyte","ANX","Wald ratio",1,-0.023,0.03,0.977,0.45,NA,NA,NA,0.01886248
"PLEC1","Lymphocyte","ANX","Wald ratio",1,-0.049,0.065,0.952,0.45,NA,NA,NA,0.018862479
"GALT","Lymphocyte","ANX","Wald ratio",1,-0.282,0.374,0.754,0.45,NA,NA,NA,0.027930575
"IL11RA","Lymphocyte","ANX","Wald ratio",1,-0.094,0.125,0.91,0.45,NA,NA,NA,0.027930575
"SIGMAR1","Lymphocyte","ANX","Wald ratio",1,-1.211,1.604,0.298,0.45,NA,NA,NA,0.027930575
"MEIG1","Lymphocyte","ANX","Wald ratio",1,-0.024,0.032,0.976,0.45,NA,NA,NA,0.019346671
"COMMD8","Lymphocyte","ANX","Wald ratio",1,-0.066,0.087,0.936,0.451,NA,NA,NA,0.027640387
"ANGPT2","Lymphocyte","ANX","Wald ratio",1,-0.056,0.075,0.945,0.451,NA,NA,NA,0.03593938
"RNGTT","Lymphocyte","ANX","Wald ratio",1,-0.033,0.044,0.968,0.451,NA,NA,NA,0.025856661
"ETS1","Lymphocyte","ANX","Wald ratio",1,-0.026,0.035,0.974,0.453,NA,NA,NA,0.018914323
"MTERFD2","Lymphocyte","ANX","Wald ratio",1,-0.034,0.046,0.966,0.453,NA,NA,NA,0.027777428
"PASK","Lymphocyte","ANX","Wald ratio",1,-0.04,0.053,0.961,0.453,NA,NA,NA,0.02777743
"CECR4","Lymphocyte","ANX","Wald ratio",1,0.282,0.376,1.325,0.454,NA,NA,NA,0.041712401
"CECR5","Lymphocyte","ANX","Wald ratio",1,0.057,0.076,1.059,0.454,NA,NA,NA,0.041712403
"SLC19A3","Lymphocyte","ANX","Wald ratio",1,0.054,0.072,1.056,0.454,NA,NA,NA,0.019172492
"FLJ12825","Lymphocyte","ANX","Wald ratio",1,0.072,0.096,1.074,0.454,NA,NA,NA,0.01713353
"BMPER","Lymphocyte","ANX","Wald ratio",1,0.023,0.031,1.023,0.454,NA,NA,NA,0.019012534
"RCOR3","Lymphocyte","ANX","Wald ratio",1,-0.081,0.108,0.922,0.454,NA,NA,NA,0.018527158
"TRAF5","Lymphocyte","ANX","Wald ratio",1,-0.034,0.045,0.967,0.454,NA,NA,NA,0.018484238
"JAM2","Lymphocyte","ANX","Wald ratio",1,-0.158,0.211,0.854,0.454,NA,NA,NA,0.025768979
"CYB5R3","Lymphocyte","ANX","Wald ratio",1,1.474,1.97,4.367,0.454,NA,NA,NA,0.032305573
"PLCH2","Lymphocyte","ANX","Wald ratio",1,-0.028,0.037,0.972,0.455,NA,NA,NA,0.020793893
"CAMTA1","Lymphocyte","ANX","Simple mode",3,-0.031,0.034,0.969,0.455,0.430903734,0.520227514,0.559495259,0.014436113
"TMEM51","Lymphocyte","ANX","Simple mode",3,-0.053,0.058,0.948,0.455,0.995114072,0.718543662,0.565420054,0.019426804
"MIR548N","Lymphocyte","ANX","Wald ratio",1,0.032,0.043,1.033,0.455,NA,NA,NA,0.021911744
"TRIM75","Lymphocyte","ANX","Wald ratio",1,-0.047,0.064,0.954,0.456,NA,NA,NA,0.03572046
"TWSG1","Lymphocyte","ANX","Wald ratio",1,0.575,0.77,1.776,0.456,NA,NA,NA,0.031411285
"RND3","Lymphocyte","ANX","Wald ratio",1,-0.81,1.087,0.445,0.456,NA,NA,NA,0.020651862
"CD302","Lymphocyte","ANX","Wald ratio",1,0.049,0.065,1.05,0.456,NA,NA,NA,0.016841413
"C19orf28","Lymphocyte","ANX","Wald ratio",1,-0.03,0.04,0.97,0.456,NA,NA,NA,0.021771037
"TIMM13","Lymphocyte","ANX","Wald ratio",1,-1.06,1.423,0.346,0.456,NA,NA,NA,0.064497148
"LMNB2","Lymphocyte","ANX","Wald ratio",1,-0.151,0.203,0.86,0.456,NA,NA,NA,0.064497148
"TMPRSS9","Lymphocyte","ANX","Wald ratio",1,-0.133,0.179,0.875,0.456,NA,NA,NA,0.064497148
"COG4","Lymphocyte","ANX","Wald ratio",1,-0.021,0.028,0.979,0.457,NA,NA,NA,0.01725993
"HTR1D","Lymphocyte","ANX","Wald ratio",1,-0.031,0.042,0.969,0.457,NA,NA,NA,0.023976952
"ADARB2","Lymphocyte","ANX","Weighted median",4,0.023,0.031,1.023,0.457,0.237226174,0.184427527,0.363886194,0.037740724
"CTSL1","Lymphocyte","ANX","Wald ratio",1,-0.053,0.071,0.948,0.457,NA,NA,NA,0.018580109
"ITGAE","Lymphocyte","ANX","Wald ratio",1,0.071,0.096,1.074,0.457,NA,NA,NA,0.037771342
"GALNTL1","Lymphocyte","ANX","Wald ratio",1,0.12,0.162,1.128,0.458,NA,NA,NA,0.031818137
"SAMD10","Lymphocyte","ANX","Wald ratio",1,0.031,0.042,1.031,0.458,NA,NA,NA,0.023139223
"TCEA2","Lymphocyte","ANX","Wald ratio",1,0.051,0.069,1.053,0.458,NA,NA,NA,0.023139223
"NCRNA00176","Lymphocyte","ANX","Wald ratio",1,0.034,0.046,1.035,0.458,NA,NA,NA,0.023139223
"PPAP2C","Lymphocyte","ANX","Wald ratio",1,0.036,0.049,1.037,0.458,NA,NA,NA,0.019646597
"NFIL3","Lymphocyte","ANX","Wald ratio",1,-0.562,0.758,0.57,0.458,NA,NA,NA,0.022835359
"MYH11","Lymphocyte","ANX","Inverse variance weighted",2,0.018,0.024,1.018,0.458,NA,0.899082234,NA,0.019505422
"APOB","Lymphocyte","ANX","Wald ratio",1,0.055,0.074,1.056,0.459,NA,NA,NA,0.019575082
"C5orf42","Lymphocyte","ANX","Wald ratio",1,-0.499,0.673,0.607,0.459,NA,NA,NA,0.027763875
"ABCC11","Lymphocyte","ANX","Wald ratio",1,0.034,0.046,1.035,0.459,NA,NA,NA,0.027540239
"TMEM37","Lymphocyte","ANX","Wald ratio",1,0.042,0.057,1.043,0.459,NA,NA,NA,0.0240275
"SCTR","Lymphocyte","ANX","Wald ratio",1,0.043,0.058,1.044,0.459,NA,NA,NA,0.0240275
"C1orf14","Lymphocyte","ANX","Wald ratio",1,-0.11,0.149,0.896,0.459,NA,NA,NA,0.030427819
"EBPL","Lymphocyte","ANX","Wald ratio",1,0.885,1.196,2.423,0.459,NA,NA,NA,0.020393922
"IRX6","Lymphocyte","ANX","Wald ratio",1,-0.072,0.097,0.931,0.459,NA,NA,NA,0.018534869
"IL22RA2","Lymphocyte","ANX","Wald ratio",1,0.027,0.037,1.028,0.46,NA,NA,NA,0.022626284
"COL18A1","Lymphocyte","ANX","Inverse variance weighted",2,-0.037,0.05,0.963,0.46,NA,0.349501055,NA,0.039339637
"SLC35F1","Lymphocyte","ANX","Wald ratio",1,-0.022,0.03,0.978,0.46,NA,NA,NA,0.018219408
"JAK2","Lymphocyte","ANX","Wald ratio",1,-0.033,0.045,0.967,0.461,NA,NA,NA,0.025070084
"APBB2","Lymphocyte","ANX","Wald ratio",1,0.03,0.041,1.031,0.461,NA,NA,NA,0.019046973
"SLC7A2","Lymphocyte","ANX","Wald ratio",1,0.15,0.203,1.162,0.461,NA,NA,NA,0.018804648
"ASCC3","Lymphocyte","ANX","Wald ratio",1,0.568,0.771,1.764,0.461,NA,NA,NA,0.016676983
"NAV1","Lymphocyte","ANX","Simple mode",3,-0.114,0.126,0.893,0.461,0.627444013,0.441299569,0.446641362,0.023809894
"CNKSR1","Lymphocyte","ANX","Wald ratio",1,0.033,0.045,1.034,0.461,NA,NA,NA,0.022111362
"ZNF593","Lymphocyte","ANX","Wald ratio",1,0.027,0.037,1.028,0.461,NA,NA,NA,0.022096
"PBX1","Lymphocyte","ANX","Inverse variance weighted",2,-0.034,0.046,0.967,0.461,NA,0.099001683,NA,0.056293584
"SH3PXD2A","Lymphocyte","ANX","Inverse variance weighted",2,-0.048,0.066,0.953,0.462,NA,0.221670446,NA,0.043872599
"ITGA8","Lymphocyte","ANX","Wald ratio",1,-0.11,0.149,0.896,0.462,NA,NA,NA,0.02227736
"DOCK10","Lymphocyte","ANX","Inverse variance weighted",2,-0.021,0.029,0.979,0.462,NA,0.327000751,NA,0.014620161
"ADARB2","Lymphocyte","ANX","MR Egger",4,-0.073,0.08,0.93,0.462,0.237226174,0.184427527,0.363886194,0.037740724
"CYP2J2","Lymphocyte","ANX","Wald ratio",1,0.496,0.675,1.642,0.462,NA,NA,NA,0.032084966
"SNX9","Lymphocyte","ANX","Wald ratio",1,-0.025,0.035,0.975,0.462,NA,NA,NA,0.020301667
"ECEL1P2","Lymphocyte","ANX","Wald ratio",1,-1.262,1.721,0.283,0.463,NA,NA,NA,0.030240894
"SH2D4B","Lymphocyte","ANX","Wald ratio",1,0.031,0.042,1.031,0.463,NA,NA,NA,0.020473907
"LDLRAD3","Lymphocyte","ANX","Simple mode",3,0.042,0.047,1.043,0.464,0.751884552,0.950269889,0.971095753,0.035025608
"DOCK5","Lymphocyte","ANX","Inverse variance weighted",2,-0.018,0.025,0.982,0.464,NA,0.737393434,NA,0.014903005
"C9orf130","Lymphocyte","ANX","Wald ratio",1,-0.023,0.031,0.978,0.464,NA,NA,NA,0.017703589
"RNF182","Lymphocyte","ANX","Wald ratio",1,0.143,0.195,1.153,0.464,NA,NA,NA,0.019029628
"C4orf50","Lymphocyte","ANX","Wald ratio",1,-0.045,0.062,0.956,0.465,NA,NA,NA,0.020978432
"CACNA2D1","Lymphocyte","ANX","Inverse variance weighted",2,-0.02,0.027,0.981,0.465,NA,0.97368444,NA,0.016496586
"PDX1","Lymphocyte","ANX","Wald ratio",1,0.083,0.113,1.086,0.465,NA,NA,NA,0.01805771
"SLC30A9","Lymphocyte","ANX","Wald ratio",1,0.088,0.121,1.092,0.465,NA,NA,NA,0.023294529
"EGFR","Lymphocyte","ANX","Inverse variance weighted",2,-0.025,0.034,0.975,0.465,NA,0.86219263,NA,0.017628333
"PHYHD1","Lymphocyte","ANX","Wald ratio",1,-0.375,0.514,0.687,0.465,NA,NA,NA,0.018472759
"CCDC148","Lymphocyte","ANX","Wald ratio",1,-0.355,0.486,0.701,0.465,NA,NA,NA,0.01954015
"HNRNPD","Lymphocyte","ANX","Wald ratio",1,-0.211,0.29,0.81,0.466,NA,NA,NA,0.021004356
"PDE8A","Lymphocyte","ANX","Wald ratio",1,-0.047,0.065,0.954,0.466,NA,NA,NA,0.035557734
"CD6","Lymphocyte","ANX","Wald ratio",1,0.053,0.073,1.055,0.467,NA,NA,NA,0.019156052
"FCRLB","Lymphocyte","ANX","Wald ratio",1,0.029,0.039,1.029,0.467,NA,NA,NA,0.022523172
"C13orf35","Lymphocyte","ANX","Wald ratio",1,-0.043,0.059,0.958,0.467,NA,NA,NA,0.021437713
"ACSS2","Lymphocyte","ANX","Wald ratio",1,0.032,0.044,1.032,0.467,NA,NA,NA,0.018185322
"ARHGAP23","Lymphocyte","ANX","Wald ratio",1,-0.153,0.211,0.858,0.468,NA,NA,NA,0.019906809
"TRAPPC9","Lymphocyte","ANX","Inverse variance weighted",4,-0.016,0.021,0.985,0.468,0.901408591,0.936667977,0.692007392,0.02080895
"MGAT1","Lymphocyte","ANX","Wald ratio",1,3.94,5.43,51.419,0.468,NA,NA,NA,0.03239672
"SCHIP1","Lymphocyte","ANX","Wald ratio",1,-0.028,0.038,0.973,0.468,NA,NA,NA,0.020891736
"C1GALT1","Lymphocyte","ANX","Wald ratio",1,-0.033,0.046,0.967,0.468,NA,NA,NA,0.027472188
"C18orf1","Lymphocyte","ANX","Inverse variance weighted",3,0.015,0.02,1.015,0.468,0.535433475,0.717170672,0.689778379,0.015122288
"NEBL","Lymphocyte","ANX","Wald ratio",1,0.023,0.032,1.023,0.469,NA,NA,NA,0.019353987
"SFRS15","Lymphocyte","ANX","Wald ratio",1,0.105,0.145,1.11,0.469,NA,NA,NA,0.032568662
"SPATA13","Lymphocyte","ANX","Inverse variance weighted",3,-0.03,0.041,0.971,0.469,0.4691638,0.136260271,0.313935864,0.016397752
"TSPAN9","Lymphocyte","ANX","Wald ratio",1,-0.039,0.055,0.961,0.469,NA,NA,NA,0.022611391
"TEAD4","Lymphocyte","ANX","Wald ratio",1,-0.131,0.182,0.877,0.469,NA,NA,NA,0.02426088
"HECW2","Lymphocyte","ANX","Inverse variance weighted",2,-0.029,0.039,0.972,0.47,NA,0.954641612,NA,0.026708471
"MTUS2","Lymphocyte","ANX","Wald ratio",1,-0.036,0.05,0.965,0.47,NA,NA,NA,0.021087001
"TMEM104","Lymphocyte","ANX","Inverse variance weighted",2,0.027,0.038,1.028,0.47,NA,0.498504108,NA,0.028678561
"NDRG4","Lymphocyte","ANX","Wald ratio",1,-0.064,0.089,0.938,0.471,NA,NA,NA,0.021352134
"NAV2","Lymphocyte","ANX","Simple mode",3,0.027,0.031,1.027,0.471,0.572953388,0.793905924,0.769242351,0.026450736
"ALAD","Lymphocyte","ANX","Wald ratio",1,0.04,0.056,1.041,0.471,NA,NA,NA,0.018169737
"FOXP2","Lymphocyte","ANX","Wald ratio",1,-0.034,0.047,0.967,0.471,NA,NA,NA,0.025166553
"THAP4","Lymphocyte","ANX","Wald ratio",1,-0.036,0.05,0.965,0.472,NA,NA,NA,0.0288412
"RSPH3","Lymphocyte","ANX","Wald ratio",1,0.039,0.054,1.04,0.472,NA,NA,NA,0.030419637
"CTDP1","Lymphocyte","ANX","Wald ratio",1,-0.061,0.085,0.941,0.472,NA,NA,NA,0.018269772
"RRM2","Lymphocyte","ANX","Wald ratio",1,-0.111,0.154,0.895,0.472,NA,NA,NA,0.020159163
"WDFY4","Lymphocyte","ANX","Wald ratio",1,-0.092,0.127,0.912,0.472,NA,NA,NA,0.019919177
"HAS1","Lymphocyte","ANX","Wald ratio",1,-0.063,0.088,0.939,0.472,NA,NA,NA,0.022168571
"UPK1B","Lymphocyte","ANX","Wald ratio",1,-0.028,0.039,0.973,0.472,NA,NA,NA,0.018855116
"LDLRAD3","Lymphocyte","ANX","Weighted mode",3,0.028,0.032,1.028,0.473,0.751884552,0.950269889,0.971095753,0.035025608
"STIM2","Lymphocyte","ANX","Wald ratio",1,-0.124,0.173,0.883,0.473,NA,NA,NA,0.020088535
"CWF19L2","Lymphocyte","ANX","Wald ratio",1,0.529,0.736,1.697,0.473,NA,NA,NA,0.034577998
"C1orf43","Lymphocyte","ANX","Wald ratio",1,0.022,0.03,1.022,0.473,NA,NA,NA,0.016700996
"CLEC16A","Lymphocyte","ANX","Wald ratio",1,-0.025,0.034,0.976,0.473,NA,NA,NA,0.019025914
"CLNK","Lymphocyte","ANX","Inverse variance weighted",2,-0.02,0.028,0.98,0.473,NA,0.878689622,NA,0.020735177
"DHX58","Lymphocyte","ANX","Wald ratio",1,-0.028,0.039,0.972,0.474,NA,NA,NA,0.02301443
"psiTPTE22","Lymphocyte","ANX","Wald ratio",1,0.058,0.08,1.059,0.474,NA,NA,NA,0.018641117
"GFM2","Lymphocyte","ANX","Wald ratio",1,-0.032,0.044,0.969,0.475,NA,NA,NA,0.020454575
"NAV2","Lymphocyte","ANX","Weighted mode",3,0.023,0.027,1.024,0.475,0.572953388,0.793905924,0.769242351,0.026450736
"PSMF1","Lymphocyte","ANX","Wald ratio",1,-0.044,0.062,0.957,0.475,NA,NA,NA,0.019153789
"MATN4","Lymphocyte","ANX","Wald ratio",1,0.057,0.08,1.059,0.475,NA,NA,NA,0.021602322
"NAT2","Lymphocyte","ANX","Wald ratio",1,0.024,0.034,1.024,0.475,NA,NA,NA,0.019565278
"TMEM63C","Lymphocyte","ANX","Wald ratio",1,-0.049,0.068,0.952,0.475,NA,NA,NA,0.01891197
"PTPRN2","Lymphocyte","ANX","Weighted mode",8,-0.015,0.02,0.985,0.475,0.891812429,0.425188817,0.072081514,0.096575922
"ASTN2","Lymphocyte","ANX","Wald ratio",1,-0.366,0.513,0.693,0.475,NA,NA,NA,0.025890172
"NTM","Lymphocyte","ANX","Weighted median",5,0.015,0.021,1.015,0.475,0.990866167,0.998468497,0.948963218,0.0153413
"C6orf204","Lymphocyte","ANX","Wald ratio",1,0.424,0.595,1.528,0.476,NA,NA,NA,0.022669773
"CMKLR1","Lymphocyte","ANX","Wald ratio",1,0.04,0.056,1.04,0.476,NA,NA,NA,0.019834217
"WSCD2","Lymphocyte","ANX","Wald ratio",1,0.025,0.035,1.025,0.476,NA,NA,NA,0.012411536
"MTPAP","Lymphocyte","ANX","Wald ratio",1,0.114,0.16,1.121,0.476,NA,NA,NA,0.019593718
"CLCA2","Lymphocyte","ANX","Wald ratio",1,-0.023,0.032,0.977,0.476,NA,NA,NA,0.019593718
"CDCP1","Lymphocyte","ANX","Wald ratio",1,0.138,0.195,1.148,0.477,NA,NA,NA,0.02500336
"CYB5D2","Lymphocyte","ANX","Wald ratio",1,-0.642,0.905,0.526,0.478,NA,NA,NA,0.022227545
"NTM","Lymphocyte","ANX","Inverse variance weighted",5,0.013,0.018,1.013,0.478,0.990866167,0.998468497,0.948963218,0.0153413
"NLRP3","Lymphocyte","ANX","Wald ratio",1,-0.053,0.074,0.949,0.478,NA,NA,NA,0.023918209
"ATXN10","Lymphocyte","ANX","Wald ratio",1,0.35,0.494,1.419,0.478,NA,NA,NA,0.018969401
"LIX1","Lymphocyte","ANX","Wald ratio",1,0.208,0.293,1.231,0.479,NA,NA,NA,0.018727272
"SCARB1","Lymphocyte","ANX","Wald ratio",1,0.149,0.21,1.16,0.479,NA,NA,NA,0.072397234
"ARRDC4","Lymphocyte","ANX","Wald ratio",1,0.04,0.056,1.041,0.479,NA,NA,NA,0.030098848
"CLCN3","Lymphocyte","ANX","Wald ratio",1,-0.119,0.168,0.888,0.48,NA,NA,NA,0.022753069
"FAM49A","Lymphocyte","ANX","MR Egger",3,0.068,0.064,1.07,0.48,0.369444522,0.310208712,0.432263782,0.016529699
"ATG2B","Lymphocyte","ANX","Wald ratio",1,-0.029,0.041,0.971,0.48,NA,NA,NA,0.023877641
"SUGT1L1","Lymphocyte","ANX","Wald ratio",1,0.032,0.045,1.032,0.48,NA,NA,NA,0.02171452
"SNN","Lymphocyte","ANX","Wald ratio",1,0.054,0.077,1.056,0.481,NA,NA,NA,0.018099194
"ERCC5","Lymphocyte","ANX","Wald ratio",1,-0.029,0.041,0.972,0.481,NA,NA,NA,0.0168473
"ACOX3","Lymphocyte","ANX","Wald ratio",1,-0.026,0.037,0.974,0.482,NA,NA,NA,0.022477805
"TTC9B","Lymphocyte","ANX","Wald ratio",1,-0.113,0.161,0.893,0.482,NA,NA,NA,0.017540018
"MIR641","Lymphocyte","ANX","Wald ratio",1,-0.027,0.039,0.973,0.482,NA,NA,NA,0.017540018
"AKT2","Lymphocyte","ANX","Wald ratio",1,-0.051,0.073,0.95,0.482,NA,NA,NA,0.017540018
"CUX1","Lymphocyte","ANX","Wald ratio",1,-0.024,0.035,0.976,0.482,NA,NA,NA,0.019878607
"chrND","Lymphocyte","ANX","Wald ratio",1,-0.026,0.036,0.975,0.482,NA,NA,NA,0.020048162
"chrNG","Lymphocyte","ANX","Wald ratio",1,-0.03,0.042,0.971,0.482,NA,NA,NA,0.020027612
"XKR9","Lymphocyte","ANX","Wald ratio",1,-0.195,0.278,0.823,0.482,NA,NA,NA,0.017885092
"ARHGEF7","Lymphocyte","ANX","Wald ratio",1,-0.028,0.04,0.973,0.482,NA,NA,NA,0.017885092
"CPN1","Lymphocyte","ANX","Wald ratio",1,-0.021,0.03,0.979,0.482,NA,NA,NA,0.017885092
"EIF4E3","Lymphocyte","ANX","Wald ratio",1,-0.049,0.071,0.952,0.483,NA,NA,NA,0.019737925
"LMO1","Lymphocyte","ANX","Wald ratio",1,-0.43,0.614,0.651,0.484,NA,NA,NA,0.018914628
"MAN2A1","Lymphocyte","ANX","Wald ratio",1,-1.536,2.193,0.215,0.484,NA,NA,NA,0.018915047
"SDPR","Lymphocyte","ANX","Wald ratio",1,-0.085,0.121,0.919,0.484,NA,NA,NA,0.02477594
"DEFB132","Lymphocyte","ANX","Wald ratio",1,-0.022,0.031,0.978,0.484,NA,NA,NA,0.018086913
"LRRN2","Lymphocyte","ANX","Wald ratio",1,0.311,0.445,1.365,0.484,NA,NA,NA,0.037085207
"BCL2L14","Lymphocyte","ANX","Inverse variance weighted",2,0.025,0.036,1.025,0.484,NA,0.313223169,NA,0.020456051
"COL15A1","Lymphocyte","ANX","Inverse variance weighted",2,0.057,0.081,1.058,0.484,NA,0.863262476,NA,0.015712121
"PARD6G","Lymphocyte","ANX","Wald ratio",1,-1.414,2.024,0.243,0.485,NA,NA,NA,0.025584424
"BEGAIN","Lymphocyte","ANX","Wald ratio",1,0.028,0.04,1.028,0.485,NA,NA,NA,0.019767155
"LOC144742","Lymphocyte","ANX","Wald ratio",1,-0.037,0.053,0.964,0.485,NA,NA,NA,0.018187778
"MCF2L2","Lymphocyte","ANX","Wald ratio",1,-0.297,0.425,0.743,0.485,NA,NA,NA,0.017599511
"GATA5","Lymphocyte","ANX","Wald ratio",1,0.07,0.1,1.072,0.486,NA,NA,NA,0.041900042
"HOXC4","Lymphocyte","ANX","Wald ratio",1,0.531,0.762,1.7,0.486,NA,NA,NA,0.01828861
"MYT1L","Lymphocyte","ANX","Inverse variance weighted",5,-0.016,0.023,0.984,0.486,0.564736687,0.350938682,0.219631179,0.08522858
"LOC220115","Lymphocyte","ANX","Wald ratio",1,0.077,0.111,1.08,0.486,NA,NA,NA,0.043270132
"ATP7B","Lymphocyte","ANX","Wald ratio",1,3.229,4.635,25.265,0.486,NA,NA,NA,0.043269507
"MUC4","Lymphocyte","ANX","Wald ratio",1,0.026,0.037,1.026,0.487,NA,NA,NA,0.022288179
"EPN3","Lymphocyte","ANX","Wald ratio",1,-0.124,0.178,0.884,0.487,NA,NA,NA,0.023184469
"SPATA20","Lymphocyte","ANX","Wald ratio",1,-0.034,0.049,0.967,0.487,NA,NA,NA,0.023184467
"EFCAB2","Lymphocyte","ANX","Wald ratio",1,0.342,0.493,1.408,0.488,NA,NA,NA,0.017903278
"ARHGEF10","Lymphocyte","ANX","Inverse variance weighted",3,-0.022,0.032,0.978,0.488,0.115240923,0.126773395,0.564473655,0.01713252
"ARRDC2","Lymphocyte","ANX","Wald ratio",1,-1.6,2.306,0.202,0.488,NA,NA,NA,0.023677984
"LUZP2","Lymphocyte","ANX","Inverse variance weighted",2,0.028,0.041,1.029,0.488,NA,0.156751564,NA,0.023150031
"LEKR1","Lymphocyte","ANX","Wald ratio",1,0.044,0.064,1.045,0.488,NA,NA,NA,0.017832135
"LIMCH1","Lymphocyte","ANX","Wald ratio",1,-0.048,0.069,0.953,0.488,NA,NA,NA,0.020094903
"GRAMD4","Lymphocyte","ANX","Wald ratio",1,-0.034,0.049,0.967,0.489,NA,NA,NA,0.024197555
"EAPP","Lymphocyte","ANX","Wald ratio",1,-0.029,0.042,0.971,0.489,NA,NA,NA,0.023638682
"APBB1IP","Lymphocyte","ANX","Wald ratio",1,-0.023,0.034,0.977,0.49,NA,NA,NA,0.018206741
"PPAPDC1A","Lymphocyte","ANX","Wald ratio",1,-0.09,0.131,0.914,0.49,NA,NA,NA,0.027763682
"EFNA5","Lymphocyte","ANX","Inverse variance weighted",3,-0.096,0.139,0.909,0.49,0.108078519,0.006715554,0.339210908,0.03184477
"C8orf84","Lymphocyte","ANX","Wald ratio",1,0.023,0.034,1.023,0.49,NA,NA,NA,0.011023075
"INPP5A","Lymphocyte","ANX","Wald ratio",1,0.126,0.183,1.135,0.49,NA,NA,NA,0.019475216
"VWDE","Lymphocyte","ANX","Wald ratio",1,-0.924,1.341,0.397,0.491,NA,NA,NA,0.023435204
"C6orf170","Lymphocyte","ANX","Wald ratio",1,0.034,0.049,1.034,0.491,NA,NA,NA,0.027726023
"CCDC85C","Lymphocyte","ANX","Wald ratio",1,0.051,0.074,1.052,0.492,NA,NA,NA,0.026326192
"KCNQ1","Lymphocyte","ANX","Weighted median",4,-0.019,0.028,0.981,0.492,0.695757801,0.8637223,0.914749724,0.016183037
"GDF2","Lymphocyte","ANX","Wald ratio",1,-0.029,0.042,0.971,0.493,NA,NA,NA,0.02250185
"SNX24","Lymphocyte","ANX","Wald ratio",1,0.598,0.871,1.818,0.493,NA,NA,NA,0.021600123
"TMEM132B","Lymphocyte","ANX","Wald ratio",1,0.024,0.035,1.024,0.493,NA,NA,NA,0.019775325
"CAMTA1","Lymphocyte","ANX","Weighted median",3,-0.018,0.026,0.983,0.493,0.430903734,0.520227514,0.559495259,0.014436113
"PTPRN2","Lymphocyte","ANX","Weighted median",8,-0.014,0.02,0.986,0.493,0.891812429,0.425188817,0.072081514,0.096575922
"IKZF1","Lymphocyte","ANX","Wald ratio",1,-0.04,0.058,0.961,0.494,NA,NA,NA,0.017953813
"KANK4","Lymphocyte","ANX","Wald ratio",1,-0.101,0.148,0.904,0.495,NA,NA,NA,0.018469767
"HIAT1","Lymphocyte","ANX","Wald ratio",1,-0.108,0.159,0.897,0.495,NA,NA,NA,0.059197958
"UNC80","Lymphocyte","ANX","Wald ratio",1,-0.196,0.287,0.822,0.495,NA,NA,NA,0.033758895
"TACC3","Lymphocyte","ANX","Wald ratio",1,0.044,0.065,1.045,0.496,NA,NA,NA,0.021757794
"NFKB1","Lymphocyte","ANX","Wald ratio",1,0.024,0.035,1.024,0.496,NA,NA,NA,0.019595854
"TIAM2","Lymphocyte","ANX","Wald ratio",1,-0.029,0.042,0.972,0.496,NA,NA,NA,0.020441654
"LOC644649","Lymphocyte","ANX","Wald ratio",1,-0.023,0.034,0.977,0.497,NA,NA,NA,0.017514306
"LTBP1","Lymphocyte","ANX","Wald ratio",1,-0.046,0.067,0.955,0.497,NA,NA,NA,0.021954487
"PRR5L","Lymphocyte","ANX","Wald ratio",1,0.024,0.036,1.025,0.497,NA,NA,NA,0.020880332
"MAGI2","Lymphocyte","ANX","Simple mode",3,-0.048,0.059,0.953,0.497,0.91357678,0.965908015,0.850053689,0.025078417
"FLJ43663","Lymphocyte","ANX","Wald ratio",1,-0.031,0.046,0.969,0.497,NA,NA,NA,0.025371776
"C11orf17","Lymphocyte","ANX","Wald ratio",1,0.02,0.03,1.021,0.497,NA,NA,NA,0.018015438
"MXRA7","Lymphocyte","ANX","Wald ratio",1,0.02,0.029,1.02,0.497,NA,NA,NA,0.016559074
"ASCL2","Lymphocyte","ANX","Wald ratio",1,0.127,0.186,1.135,0.497,NA,NA,NA,0.024657257
"SCML4","Lymphocyte","ANX","Wald ratio",1,-0.031,0.045,0.97,0.498,NA,NA,NA,0.023212979
"HCRTR2","Lymphocyte","ANX","Wald ratio",1,-0.033,0.048,0.968,0.499,NA,NA,NA,0.018904666
"C18orf1","Lymphocyte","ANX","Wald ratio",1,-0.021,0.032,0.979,0.499,NA,NA,NA,0.01728462
"SERPINB9","Lymphocyte","ANX","Wald ratio",1,-0.025,0.037,0.975,0.499,NA,NA,NA,0.017457972
"MRPL23","Lymphocyte","ANX","Wald ratio",1,-0.268,0.396,0.765,0.499,NA,NA,NA,0.017803454
"LOC100133545","Lymphocyte","ANX","Wald ratio",1,-0.029,0.043,0.972,0.499,NA,NA,NA,0.017803454
"TNNT3","Lymphocyte","ANX","Wald ratio",1,-0.044,0.065,0.957,0.499,NA,NA,NA,0.017803454
"TARS","Lymphocyte","ANX","Wald ratio",1,0.098,0.144,1.103,0.499,NA,NA,NA,0.018148052
"ZNF282","Lymphocyte","ANX","Wald ratio",1,-0.02,0.03,0.98,0.5,NA,NA,NA,0.017730047
"SLCO3A1","Lymphocyte","ANX","Simple mode",3,0.034,0.042,1.035,0.5,0.268256893,0.480006329,0.733666287,0.024291103
"PTGDR","Lymphocyte","ANX","Wald ratio",1,0.126,0.188,1.135,0.5,NA,NA,NA,0.016447706
"ST3GAL1","Lymphocyte","ANX","Simple mode",3,-0.047,0.058,0.954,0.501,0.47389943,0.759147736,0.877046692,0.021899099
"GNG7","Lymphocyte","ANX","Wald ratio",1,0.023,0.035,1.024,0.501,NA,NA,NA,0.020057788
"SPP1","Lymphocyte","ANX","Wald ratio",1,0.051,0.075,1.052,0.501,NA,NA,NA,0.017764114
"ABCA10","Lymphocyte","ANX","Wald ratio",1,-0.285,0.423,0.752,0.501,NA,NA,NA,0.027560084
"PARP14","Lymphocyte","ANX","Wald ratio",1,0.11,0.164,1.117,0.502,NA,NA,NA,0.020157883
"SSPO","Lymphocyte","ANX","Wald ratio",1,0.104,0.155,1.11,0.502,NA,NA,NA,0.029507443
"ZNF467","Lymphocyte","ANX","Wald ratio",1,0.154,0.229,1.166,0.502,NA,NA,NA,0.029522786
"FBXO44","Lymphocyte","ANX","Wald ratio",1,-0.059,0.088,0.943,0.502,NA,NA,NA,0.036976645
"OCA2","Lymphocyte","ANX","Wald ratio",1,0.066,0.099,1.069,0.502,NA,NA,NA,0.01957916
"ABO","Lymphocyte","ANX","Inverse variance weighted",2,0.016,0.024,1.016,0.503,NA,0.768832424,NA,0.014596395
"C2orf63","Lymphocyte","ANX","Wald ratio",1,0.214,0.32,1.239,0.503,NA,NA,NA,0.020357902
"C10orf11","Lymphocyte","ANX","Wald ratio",1,-0.019,0.028,0.982,0.503,NA,NA,NA,0.015988048
"ZNF641","Lymphocyte","ANX","Wald ratio",1,-0.036,0.053,0.965,0.503,NA,NA,NA,0.016859239
"TLL1","Lymphocyte","ANX","Wald ratio",1,0.024,0.036,1.025,0.504,NA,NA,NA,0.020287411
"TRAPPC9","Lymphocyte","ANX","Weighted median",4,-0.016,0.024,0.984,0.504,0.901408591,0.936667977,0.692007392,0.02080895
"LOC100129066","Lymphocyte","ANX","Wald ratio",1,-0.067,0.101,0.935,0.504,NA,NA,NA,0.018343586
"MAGI2","Lymphocyte","ANX","Weighted mode",3,-0.047,0.058,0.954,0.505,0.91357678,0.965908015,0.850053689,0.025078417
"JAZF1","Lymphocyte","ANX","Inverse variance weighted",2,0.019,0.028,1.019,0.505,NA,0.290367609,NA,0.034673144
"KCNMA1","Lymphocyte","ANX","MR Egger",5,-0.179,0.237,0.836,0.505,0.180411109,0.197967566,0.465795768,0.034918196
"TRIM21","Lymphocyte","ANX","Wald ratio",1,-0.067,0.101,0.935,0.505,NA,NA,NA,0.024957946
"FOXN3","Lymphocyte","ANX","Weighted mode",4,0.029,0.039,1.03,0.505,0.540523847,0.186707345,0.199264344,0.028645737
"GMDS","Lymphocyte","ANX","MR Egger",4,-0.069,0.086,0.933,0.505,0.820792106,0.856671534,0.602708187,0.019086616
"FOXP4","Lymphocyte","ANX","Wald ratio",1,-0.028,0.042,0.973,0.506,NA,NA,NA,0.02041976
"GPR88","Lymphocyte","ANX","Wald ratio",1,-0.019,0.029,0.981,0.506,NA,NA,NA,0.016123558
"GGNBP2","Lymphocyte","ANX","Wald ratio",1,1.18,1.773,3.254,0.506,NA,NA,NA,0.016123558
"MGAT5","Lymphocyte","ANX","Wald ratio",1,-0.036,0.054,0.965,0.506,NA,NA,NA,0.029416747
"LOC151162","Lymphocyte","ANX","Wald ratio",1,-0.038,0.057,0.963,0.506,NA,NA,NA,0.029416747
"CRELD2","Lymphocyte","ANX","Wald ratio",1,-0.117,0.176,0.89,0.506,NA,NA,NA,0.025472331
"CLDN18","Lymphocyte","ANX","Wald ratio",1,0.032,0.049,1.033,0.507,NA,NA,NA,0.02534054
"FHIT","Lymphocyte","ANX","Wald ratio",1,0.021,0.032,1.022,0.507,NA,NA,NA,0.017060439
"FNIP2","Lymphocyte","ANX","Wald ratio",1,-0.036,0.055,0.964,0.507,NA,NA,NA,0.017372475
"SEMA5A","Lymphocyte","ANX","Wald ratio",1,0.049,0.075,1.051,0.507,NA,NA,NA,0.025918538
"SNORD123","Lymphocyte","ANX","Wald ratio",1,0.03,0.045,1.03,0.507,NA,NA,NA,0.025918539
"TTC7B","Lymphocyte","ANX","Inverse variance weighted",3,-0.02,0.031,0.98,0.507,0.399751704,0.701424149,0.990732257,0.01526484
"BRMS1L","Lymphocyte","ANX","Wald ratio",1,5.16,7.79,174.164,0.508,NA,NA,NA,0.042062751
"ACTN1","Lymphocyte","ANX","Wald ratio",1,-0.041,0.063,0.959,0.508,NA,NA,NA,0.020635214
"AASS","Lymphocyte","ANX","Wald ratio",1,0.034,0.051,1.034,0.508,NA,NA,NA,0.0184323
"SH3GL3","Lymphocyte","ANX","Wald ratio",1,-0.026,0.04,0.974,0.508,NA,NA,NA,0.018610141
"IL21R","Lymphocyte","ANX","Inverse variance weighted",2,0.053,0.08,1.054,0.509,NA,0.307592459,NA,0.015326706
"MGLL","Lymphocyte","ANX","Wald ratio",1,0.11,0.166,1.116,0.509,NA,NA,NA,0.017334078
"AFAP1","Lymphocyte","ANX","Wald ratio",1,0.022,0.034,1.022,0.51,NA,NA,NA,0.013139696
"SPRR1B","Lymphocyte","ANX","Wald ratio",1,0.024,0.037,1.025,0.51,NA,NA,NA,0.018126784
"TRAK1","Lymphocyte","ANX","MR Egger",3,-0.111,0.114,0.895,0.51,0.540787522,0.625342617,0.589702967,0.020869721
"HRG","Lymphocyte","ANX","Wald ratio",1,0.029,0.044,1.029,0.511,NA,NA,NA,0.019697826
"THSD7A","Lymphocyte","ANX","Wald ratio",1,-0.051,0.077,0.95,0.511,NA,NA,NA,0.017019864
"RDH13","Lymphocyte","ANX","Wald ratio",1,0.022,0.033,1.022,0.512,NA,NA,NA,0.017638784
"ARC","Lymphocyte","ANX","Wald ratio",1,1.382,2.106,3.984,0.512,NA,NA,NA,0.02123409
"SORCS2","Lymphocyte","ANX","Weighted median",4,0.018,0.028,1.018,0.512,0.321240535,0.387358373,0.500091876,0.055637192
"MSRB3","Lymphocyte","ANX","Wald ratio",1,-0.045,0.069,0.956,0.512,NA,NA,NA,0.016949343
"PRR5-ARHGAP8","Lymphocyte","ANX","Wald ratio",1,-0.045,0.069,0.956,0.512,NA,NA,NA,0.027471285
"FOSL2","Lymphocyte","ANX","Wald ratio",1,-0.022,0.033,0.978,0.512,NA,NA,NA,0.017744298
"SETDB1","Lymphocyte","ANX","Wald ratio",1,0.025,0.038,1.025,0.512,NA,NA,NA,0.017744298
"LASS2","Lymphocyte","ANX","Wald ratio",1,0.044,0.067,1.045,0.512,NA,NA,NA,0.017744298
"NKAIN3","Lymphocyte","ANX","Wald ratio",1,-0.031,0.047,0.97,0.512,NA,NA,NA,0.021012831
"APLP2","Lymphocyte","ANX","Wald ratio",1,-0.072,0.11,0.931,0.512,NA,NA,NA,0.050354723
"CYB561","Lymphocyte","ANX","Wald ratio",1,0.021,0.032,1.021,0.512,NA,NA,NA,0.016387363
"CCND3","Lymphocyte","ANX","Wald ratio",1,-0.042,0.063,0.959,0.512,NA,NA,NA,0.028154233
"TAF8","Lymphocyte","ANX","Wald ratio",1,-0.043,0.065,0.958,0.512,NA,NA,NA,0.028153929
"FAM13C","Lymphocyte","ANX","Wald ratio",1,0.034,0.052,1.035,0.513,NA,NA,NA,0.023372411
"ANGPT2","Lymphocyte","ANX","MR Egger",3,0.465,0.484,1.592,0.513,0.577277345,0.541059508,0.513648307,0.019345272
"GLRX5","Lymphocyte","ANX","Wald ratio",1,-0.148,0.226,0.862,0.513,NA,NA,NA,0.017501452
"PLEC1","Lymphocyte","ANX","Inverse variance weighted",2,-0.022,0.034,0.978,0.513,NA,0.253963303,NA,0.048920072
"SLC47A1","Lymphocyte","ANX","Wald ratio",1,-0.034,0.052,0.966,0.513,NA,NA,NA,0.018101604
"UNC93A","Lymphocyte","ANX","Wald ratio",1,0.043,0.066,1.044,0.514,NA,NA,NA,0.01770667
"C20orf108","Lymphocyte","ANX","Wald ratio",1,0.165,0.252,1.179,0.515,NA,NA,NA,0.021075826
"F5","Lymphocyte","ANX","Wald ratio",1,-0.041,0.063,0.96,0.515,NA,NA,NA,0.02551395
"RNF139","Lymphocyte","ANX","Wald ratio",1,0.035,0.053,1.035,0.516,NA,NA,NA,0.015795243
"ADAMTS2","Lymphocyte","ANX","Weighted median",5,0.014,0.021,1.014,0.516,0.991036101,0.997568112,0.861155041,0.015323886
"TRPM6","Lymphocyte","ANX","Wald ratio",1,-0.057,0.088,0.944,0.517,NA,NA,NA,0.019586538
"PML","Lymphocyte","ANX","Wald ratio",1,-0.021,0.032,0.98,0.517,NA,NA,NA,0.017496595
"STOML1","Lymphocyte","ANX","Wald ratio",1,-0.07,0.108,0.933,0.517,NA,NA,NA,0.017496598
"SLC38A8","Lymphocyte","ANX","Wald ratio",1,0.038,0.059,1.039,0.517,NA,NA,NA,0.021406515
"ODZ3","Lymphocyte","ANX","MR Egger",3,-0.564,0.597,0.569,0.518,0.629436348,0.571496921,0.519222251,0.024434795
"TMEM132D","Lymphocyte","ANX","Inverse variance weighted",3,0.015,0.023,1.015,0.518,0.311705808,0.53652894,0.722607773,0.023634185
"B3GNT4","Lymphocyte","ANX","Wald ratio",1,0.348,0.538,1.416,0.518,NA,NA,NA,0.019448666
"RPL14","Lymphocyte","ANX","Wald ratio",1,1.631,2.523,5.108,0.518,NA,NA,NA,0.019448667
"ENTPD3","Lymphocyte","ANX","Wald ratio",1,0.025,0.039,1.026,0.518,NA,NA,NA,0.019448667
"FBXO31","Lymphocyte","ANX","Inverse variance weighted",2,0.025,0.038,1.025,0.518,NA,0.873668608,NA,0.03024021
"NTN4","Lymphocyte","ANX","Wald ratio",1,0.029,0.045,1.03,0.518,NA,NA,NA,0.016675748
"LSAMP","Lymphocyte","ANX","MR Egger",4,0.074,0.095,1.077,0.518,0.387473778,0.417650038,0.434651958,0.025896933
"TFB1M","Lymphocyte","ANX","Wald ratio",1,0.021,0.033,1.021,0.518,NA,NA,NA,0.016385256
"CALM1","Lymphocyte","ANX","Wald ratio",1,0.021,0.033,1.021,0.519,NA,NA,NA,0.017632228
"REEP3","Lymphocyte","ANX","Wald ratio",1,0.813,1.261,2.255,0.519,NA,NA,NA,0.017286531
"FAM107B","Lymphocyte","ANX","Wald ratio",1,0.397,0.616,1.487,0.519,NA,NA,NA,0.023064239
"HTR2A","Lymphocyte","ANX","Wald ratio",1,-0.023,0.036,0.977,0.519,NA,NA,NA,0.017113356
"SLC18A1","Lymphocyte","ANX","Wald ratio",1,0.023,0.035,1.023,0.519,NA,NA,NA,0.020429516
"GBP3","Lymphocyte","ANX","Wald ratio",1,-0.026,0.04,0.975,0.519,NA,NA,NA,0.022733865
"SHC4","Lymphocyte","ANX","Wald ratio",1,-0.021,0.032,0.979,0.519,NA,NA,NA,0.017734925
"TIMP2","Lymphocyte","ANX","Wald ratio",1,-0.021,0.033,0.979,0.52,NA,NA,NA,0.015790929
"NTM","Lymphocyte","ANX","Weighted mode",5,0.016,0.023,1.017,0.52,0.990866167,0.998468497,0.948963218,0.0153413
"DAPK1","Lymphocyte","ANX","Wald ratio",1,-0.047,0.073,0.954,0.52,NA,NA,NA,0.016869789
"PEBP4","Lymphocyte","ANX","Wald ratio",1,0.025,0.039,1.025,0.52,NA,NA,NA,0.020461711
"KCP","Lymphocyte","ANX","Wald ratio",1,0.224,0.348,1.251,0.521,NA,NA,NA,0.025439574
"IRS1","Lymphocyte","ANX","Wald ratio",1,0.036,0.055,1.036,0.521,NA,NA,NA,0.029622606
"PAPSS1","Lymphocyte","ANX","Wald ratio",1,-0.034,0.053,0.967,0.521,NA,NA,NA,0.029468542
"TARSL2","Lymphocyte","ANX","Wald ratio",1,0.028,0.043,1.028,0.521,NA,NA,NA,0.020730703
"KLHDC5","Lymphocyte","ANX","Wald ratio",1,0.025,0.039,1.026,0.521,NA,NA,NA,0.021334605
"RPP21","Lymphocyte","ANX","Wald ratio",1,0.074,0.116,1.077,0.521,NA,NA,NA,0.054331942
"CRX","Lymphocyte","ANX","Wald ratio",1,-0.026,0.041,0.974,0.522,NA,NA,NA,0.021800504
"TMEM132D","Lymphocyte","ANX","Weighted median",3,0.017,0.027,1.017,0.522,0.311705808,0.53652894,0.722607773,0.023634185
"OSGIN1","Lymphocyte","ANX","Wald ratio",1,-0.037,0.058,0.963,0.522,NA,NA,NA,0.016832981
"GMPR","Lymphocyte","ANX","Wald ratio",1,-0.279,0.436,0.757,0.523,NA,NA,NA,0.019307154
"PKNOX1","Lymphocyte","ANX","Wald ratio",1,-0.037,0.058,0.963,0.523,NA,NA,NA,0.02890941
"GRAMD2","Lymphocyte","ANX","Wald ratio",1,-0.157,0.245,0.855,0.523,NA,NA,NA,0.066069559
"SIRT6","Lymphocyte","ANX","Wald ratio",1,0.274,0.428,1.315,0.523,NA,NA,NA,0.026173161
"HS3ST2","Lymphocyte","ANX","Wald ratio",1,-0.302,0.473,0.74,0.523,NA,NA,NA,0.017384469
"FPGT","Lymphocyte","ANX","Wald ratio",1,0.124,0.195,1.132,0.524,NA,NA,NA,0.016866454
"KCNIP4","Lymphocyte","ANX","Wald ratio",1,0.053,0.083,1.054,0.524,NA,NA,NA,0.017316314
"METAP2","Lymphocyte","ANX","Wald ratio",1,0.056,0.088,1.058,0.524,NA,NA,NA,0.023975576
"ZNF815","Lymphocyte","ANX","Wald ratio",1,-0.1,0.158,0.904,0.525,NA,NA,NA,0.01988252
"RSPO4","Lymphocyte","ANX","Wald ratio",1,0.089,0.14,1.093,0.525,NA,NA,NA,0.020591331
"KRBA1","Lymphocyte","ANX","Wald ratio",1,0.032,0.05,1.032,0.525,NA,NA,NA,0.026009898
"CRADD","Lymphocyte","ANX","Wald ratio",1,-0.021,0.033,0.979,0.526,NA,NA,NA,0.017174196
"FGF12","Lymphocyte","ANX","MR Egger",3,-0.046,0.05,0.955,0.526,0.880261171,0.629857719,0.516437907,0.014358356
"ALLC","Lymphocyte","ANX","Wald ratio",1,0.025,0.04,1.026,0.527,NA,NA,NA,0.021495634
"TBX2","Lymphocyte","ANX","Wald ratio",1,-0.529,0.837,0.589,0.527,NA,NA,NA,0.025075956
"SLC6A1","Lymphocyte","ANX","Inverse variance weighted",2,-0.021,0.034,0.979,0.528,NA,0.292015041,NA,0.014345991
"COL19A1","Lymphocyte","ANX","Wald ratio",1,0.179,0.284,1.196,0.528,NA,NA,NA,0.021360815
"LOC407835","Lymphocyte","ANX","Wald ratio",1,-0.027,0.043,0.973,0.528,NA,NA,NA,0.024264731
"ANGPT2","Lymphocyte","ANX","Simple mode",3,-0.034,0.045,0.966,0.528,0.577277345,0.541059508,0.513648307,0.019345272
"TMEM92","Lymphocyte","ANX","Wald ratio",1,-0.233,0.369,0.792,0.528,NA,NA,NA,0.019098191
"ADAM7","Lymphocyte","ANX","Wald ratio",1,-0.02,0.032,0.98,0.528,NA,NA,NA,0.018037176
"FAM126A","Lymphocyte","ANX","Wald ratio",1,-0.067,0.107,0.935,0.528,NA,NA,NA,0.015889271
"CACNA1C","Lymphocyte","ANX","MR Egger",4,0.066,0.088,1.069,0.529,0.76309597,0.676228327,0.425461908,0.020090041
"ILK","Lymphocyte","ANX","Wald ratio",1,-0.024,0.039,0.976,0.529,NA,NA,NA,0.013673793
"TAF10","Lymphocyte","ANX","Wald ratio",1,-0.026,0.041,0.975,0.529,NA,NA,NA,0.020998272
"KCNQ3","Lymphocyte","ANX","Wald ratio",1,0.026,0.041,1.026,0.529,NA,NA,NA,0.019029555
"LRAT","Lymphocyte","ANX","Wald ratio",1,0.104,0.166,1.11,0.529,NA,NA,NA,0.019472044
"GPR25","Lymphocyte","ANX","Wald ratio",1,0.029,0.046,1.029,0.529,NA,NA,NA,0.022032155
"WRB","Lymphocyte","ANX","Wald ratio",1,-0.027,0.043,0.974,0.53,NA,NA,NA,0.018173508
"DDX5","Lymphocyte","ANX","Wald ratio",1,-0.047,0.075,0.954,0.53,NA,NA,NA,0.03876416
"SLC2A2","Lymphocyte","ANX","Wald ratio",1,0.086,0.137,1.09,0.53,NA,NA,NA,0.022291134
"C11orf87","Lymphocyte","ANX","Wald ratio",1,0.092,0.146,1.096,0.531,NA,NA,NA,0.018276183
"LRRC4","Lymphocyte","ANX","Wald ratio",1,-0.02,0.032,0.98,0.531,NA,NA,NA,0.017035384
"SCARA5","Lymphocyte","ANX","Wald ratio",1,0.033,0.053,1.034,0.531,NA,NA,NA,0.017932496
"RBM28","Lymphocyte","ANX","Wald ratio",1,0.04,0.065,1.041,0.531,NA,NA,NA,0.031665181
"ERGIC1","Lymphocyte","ANX","Inverse variance weighted",2,-0.036,0.058,0.964,0.531,NA,0.082348404,NA,0.063441475
"CYP51A1","Lymphocyte","ANX","Wald ratio",1,-1.011,1.617,0.364,0.532,NA,NA,NA,0.017138976
"RASGRF1","Lymphocyte","ANX","Wald ratio",1,-0.028,0.045,0.972,0.532,NA,NA,NA,0.017415328
"STK39","Lymphocyte","ANX","Wald ratio",1,-0.02,0.032,0.98,0.532,NA,NA,NA,0.01830989
"PHF17","Lymphocyte","ANX","Wald ratio",1,-0.025,0.041,0.975,0.532,NA,NA,NA,0.021658526
"C6orf195","Lymphocyte","ANX","Wald ratio",1,-0.021,0.033,0.98,0.532,NA,NA,NA,0.019027665
"PNPLA3","Lymphocyte","ANX","Wald ratio",1,-0.024,0.039,0.976,0.532,NA,NA,NA,0.019741716
"PRDM11","Lymphocyte","ANX","Wald ratio",1,-0.044,0.07,0.957,0.533,NA,NA,NA,0.019129888
"POMZP3","Lymphocyte","ANX","Wald ratio",1,-0.069,0.11,0.933,0.533,NA,NA,NA,0.024423424
"ZP3","Lymphocyte","ANX","Wald ratio",1,-0.035,0.056,0.966,0.533,NA,NA,NA,0.023897904
"NAP1L5","Lymphocyte","ANX","Wald ratio",1,0.05,0.081,1.052,0.533,NA,NA,NA,0.025778177
"FSCN1","Lymphocyte","ANX","Wald ratio",1,0.021,0.034,1.022,0.534,NA,NA,NA,0.017276622
"KRTAP11-1","Lymphocyte","ANX","Wald ratio",1,0.024,0.039,1.025,0.534,NA,NA,NA,0.018096825
"IPO11","Lymphocyte","ANX","Wald ratio",1,0.041,0.066,1.042,0.534,NA,NA,NA,0.018993013
"HRASLS","Lymphocyte","ANX","Wald ratio",1,-0.124,0.2,0.883,0.534,NA,NA,NA,0.031091823
"MGC2889","Lymphocyte","ANX","Wald ratio",1,-0.417,0.671,0.659,0.534,NA,NA,NA,0.031091822
"DLC1","Lymphocyte","ANX","Inverse variance weighted",4,-0.013,0.021,0.987,0.535,0.560876416,0.681402667,0.61537095,0.019869305
"RORA","Lymphocyte","ANX","Inverse variance weighted",4,0.018,0.028,1.018,0.535,0.069257575,0.140447919,0.845783622,0.014878443
"CSMD1","Lymphocyte","ANX","Simple mode",4,-0.023,0.033,0.977,0.535,0.683453599,0.684044532,0.482601746,0.043588632
"UBE2U","Lymphocyte","ANX","Wald ratio",1,-0.018,0.03,0.982,0.535,NA,NA,NA,0.016686474
"NUCKS1","Lymphocyte","ANX","Wald ratio",1,-0.035,0.057,0.965,0.536,NA,NA,NA,0.019127149
"SLC41A1","Lymphocyte","ANX","Wald ratio",1,-0.423,0.683,0.655,0.536,NA,NA,NA,0.019128571
"SH3RF2","Lymphocyte","ANX","Wald ratio",1,-0.034,0.056,0.966,0.536,NA,NA,NA,0.027301248
"C1orf187","Lymphocyte","ANX","Wald ratio",1,-0.037,0.061,0.963,0.537,NA,NA,NA,0.023606386
"BASP1","Lymphocyte","ANX","Wald ratio",1,0.227,0.367,1.255,0.537,NA,NA,NA,0.017620824
"KCNJ15","Lymphocyte","ANX","Wald ratio",1,-0.025,0.04,0.975,0.537,NA,NA,NA,0.018616752
"SERINC2","Lymphocyte","ANX","Wald ratio",1,-0.201,0.326,0.818,0.538,NA,NA,NA,0.020247579
"DOCK2","Lymphocyte","ANX","Inverse variance weighted",2,0.016,0.025,1.016,0.538,NA,0.295358937,NA,0.036300923
"C18orf1","Lymphocyte","ANX","Weighted median",3,0.014,0.022,1.014,0.538,0.535433475,0.717170672,0.689778379,0.015122288
"RANBP17","Lymphocyte","ANX","Wald ratio",1,-0.021,0.035,0.979,0.538,NA,NA,NA,0.018924047
"CTNNB1","Lymphocyte","ANX","Wald ratio",1,0.047,0.077,1.048,0.539,NA,NA,NA,0.016860635
"CAMK2A","Lymphocyte","ANX","Wald ratio",1,-0.025,0.041,0.975,0.539,NA,NA,NA,0.018582379
"MAP3K5","Lymphocyte","ANX","Wald ratio",1,-0.038,0.061,0.963,0.539,NA,NA,NA,0.025743468
"AKAP1","Lymphocyte","ANX","Wald ratio",1,1.472,2.4,4.359,0.54,NA,NA,NA,0.024647986
"SLC15A3","Lymphocyte","ANX","Wald ratio",1,-0.025,0.041,0.975,0.54,NA,NA,NA,0.016791327
"PKHD1","Lymphocyte","ANX","Wald ratio",1,0.081,0.133,1.085,0.54,NA,NA,NA,0.017793162
"CD209","Lymphocyte","ANX","Wald ratio",1,-0.033,0.054,0.967,0.54,NA,NA,NA,0.019502663
"ARHGEF10","Lymphocyte","ANX","MR Egger",3,-0.278,0.315,0.757,0.54,0.115240923,0.126773395,0.564473655,0.01713252
"TSSC1","Lymphocyte","ANX","Wald ratio",1,0.018,0.029,1.018,0.54,NA,NA,NA,0.016617877
"PRDM8","Lymphocyte","ANX","Wald ratio",1,0.042,0.068,1.042,0.54,NA,NA,NA,0.021021132
"FARP2","Lymphocyte","ANX","Wald ratio",1,0.043,0.071,1.044,0.541,NA,NA,NA,0.022981812
"STK25","Lymphocyte","ANX","Wald ratio",1,0.029,0.048,1.03,0.541,NA,NA,NA,0.022981162
"HPS3","Lymphocyte","ANX","Wald ratio",1,-2.444,4,0.087,0.541,NA,NA,NA,0.034818768
"DNAJB6","Lymphocyte","ANX","Wald ratio",1,0.02,0.033,1.02,0.541,NA,NA,NA,0.018053384
"BEAN","Lymphocyte","ANX","Wald ratio",1,-0.07,0.115,0.932,0.542,NA,NA,NA,0.021856233
"C2orf74","Lymphocyte","ANX","Wald ratio",1,-0.019,0.031,0.981,0.542,NA,NA,NA,0.017930917
"LOC154449","Lymphocyte","ANX","Wald ratio",1,0.033,0.053,1.033,0.542,NA,NA,NA,0.022486727
"BCL2L15","Lymphocyte","ANX","Wald ratio",1,-0.023,0.038,0.977,0.542,NA,NA,NA,0.017586776
"KIAA1217","Lymphocyte","ANX","MR Egger",3,-0.136,0.156,0.873,0.542,0.16044282,0.304582694,0.728240547,0.110645431
"A2BP1","Lymphocyte","ANX","Inverse variance weighted",2,0.025,0.04,1.025,0.543,NA,0.490905038,NA,0.030774385
"ANKDD1A","Lymphocyte","ANX","Wald ratio",1,-0.04,0.066,0.961,0.543,NA,NA,NA,0.019943593
"MAGI1","Lymphocyte","ANX","Wald ratio",1,-0.028,0.046,0.972,0.543,NA,NA,NA,0.023997881
"NBPF22P","Lymphocyte","ANX","Wald ratio",1,-0.04,0.066,0.961,0.543,NA,NA,NA,0.027232902
"LRRC33","Lymphocyte","ANX","Wald ratio",1,-0.033,0.055,0.967,0.544,NA,NA,NA,0.021389663
"AGTPBP1","Lymphocyte","ANX","Wald ratio",1,0.049,0.081,1.05,0.544,NA,NA,NA,0.039253845
"SMYD3","Lymphocyte","ANX","MR Egger",3,0.061,0.07,1.063,0.544,0.287664343,0.299182398,0.479891122,0.022983861
"TRIM41","Lymphocyte","ANX","Wald ratio",1,0.053,0.088,1.055,0.544,NA,NA,NA,0.024388665
"EXPH5","Lymphocyte","ANX","Wald ratio",1,0.023,0.038,1.023,0.545,NA,NA,NA,0.015713201
"THRB","Lymphocyte","ANX","Inverse variance weighted",2,0.015,0.025,1.015,0.545,NA,0.849726147,NA,0.016111313
"GNG4","Lymphocyte","ANX","Wald ratio",1,-0.021,0.034,0.98,0.545,NA,NA,NA,0.01793171
"MLNR","Lymphocyte","ANX","Wald ratio",1,-0.023,0.037,0.978,0.546,NA,NA,NA,0.018583489
"FAS","Lymphocyte","ANX","Wald ratio",1,-0.029,0.048,0.972,0.546,NA,NA,NA,0.024356612
"GULP1","Lymphocyte","ANX","Wald ratio",1,-0.205,0.339,0.815,0.546,NA,NA,NA,0.021557346
"ARRB1","Lymphocyte","ANX","Wald ratio",1,0.102,0.169,1.107,0.546,NA,NA,NA,0.031642531
"GFPT2","Lymphocyte","ANX","Wald ratio",1,0.032,0.053,1.033,0.546,NA,NA,NA,0.021923906
"CAMTA1","Lymphocyte","ANX","MR Egger",3,-0.46,0.533,0.631,0.547,0.430903734,0.520227514,0.559495259,0.014436113
"WISP2","Lymphocyte","ANX","Wald ratio",1,-0.089,0.147,0.915,0.547,NA,NA,NA,0.017519111
"RAB6B","Lymphocyte","ANX","Wald ratio",1,-0.026,0.043,0.974,0.547,NA,NA,NA,0.021757641
"chrM3","Lymphocyte","ANX","Wald ratio",1,0.302,0.501,1.352,0.547,NA,NA,NA,0.031682452
"FUT10","Lymphocyte","ANX","Wald ratio",1,0.035,0.058,1.036,0.547,NA,NA,NA,0.015679122
"BARX1","Lymphocyte","ANX","Wald ratio",1,-0.373,0.62,0.688,0.547,NA,NA,NA,0.026180941
"CYP2W1","Lymphocyte","ANX","Wald ratio",1,-0.019,0.031,0.982,0.547,NA,NA,NA,0.01651541
"ADAP1","Lymphocyte","ANX","Wald ratio",1,-0.02,0.033,0.98,0.547,NA,NA,NA,0.016515409
"COX19","Lymphocyte","ANX","Wald ratio",1,-0.023,0.038,0.977,0.547,NA,NA,NA,0.016424697
"SYCE1L","Lymphocyte","ANX","Wald ratio",1,0.019,0.031,1.019,0.547,NA,NA,NA,0.01762273
"LRFN2","Lymphocyte","ANX","Inverse variance weighted",2,-0.022,0.036,0.978,0.548,NA,0.242051749,NA,0.019982897
"CDH12","Lymphocyte","ANX","Inverse variance weighted",2,0.013,0.022,1.013,0.548,NA,0.995950002,NA,0.016123229
"EPHA4","Lymphocyte","ANX","Wald ratio",1,0.033,0.056,1.034,0.548,NA,NA,NA,0.021524731
"INPP1","Lymphocyte","ANX","Wald ratio",1,-0.683,1.136,0.505,0.548,NA,NA,NA,0.035521989
"HAND2","Lymphocyte","ANX","Wald ratio",1,0.416,0.693,1.516,0.549,NA,NA,NA,0.017657707
"POLR1E","Lymphocyte","ANX","Wald ratio",1,-0.02,0.033,0.981,0.549,NA,NA,NA,0.018311011
"KIAA0922","Lymphocyte","ANX","Wald ratio",1,-0.019,0.031,0.982,0.549,NA,NA,NA,0.017485657
"DMRT1","Lymphocyte","ANX","Wald ratio",1,0.038,0.063,1.039,0.549,NA,NA,NA,0.017485657
"NBLA00301","Lymphocyte","ANX","Wald ratio",1,0.02,0.034,1.021,0.549,NA,NA,NA,0.017657807
"LNPEP","Lymphocyte","ANX","Wald ratio",1,0.033,0.054,1.033,0.549,NA,NA,NA,0.015540172
"PTPRD","Lymphocyte","ANX","Wald ratio",1,0.023,0.039,1.023,0.549,NA,NA,NA,0.021391904
"FXYD6","Lymphocyte","ANX","Wald ratio",1,-0.139,0.232,0.87,0.549,NA,NA,NA,0.019502772
"FXYD2","Lymphocyte","ANX","Wald ratio",1,-0.048,0.08,0.953,0.549,NA,NA,NA,0.019505422
"SEMA6D","Lymphocyte","ANX","Wald ratio",1,-0.02,0.033,0.98,0.55,NA,NA,NA,0.018517
"C5orf35","Lymphocyte","ANX","Wald ratio",1,-1.043,1.752,0.352,0.551,NA,NA,NA,0.022886853
"MTX2","Lymphocyte","ANX","Wald ratio",1,-0.021,0.035,0.979,0.552,NA,NA,NA,0.019030647
"ADAL","Lymphocyte","ANX","Wald ratio",1,1.9,3.194,6.686,0.552,NA,NA,NA,0.028398183
"PCNXL2","Lymphocyte","ANX","Inverse variance weighted",2,-0.034,0.058,0.966,0.552,NA,0.402493193,NA,0.025326522
"PDIA5","Lymphocyte","ANX","Wald ratio",1,-0.021,0.035,0.98,0.553,NA,NA,NA,0.018689925
"CDK6","Lymphocyte","ANX","Wald ratio",1,-0.043,0.073,0.958,0.553,NA,NA,NA,0.029018419
"SORCS2","Lymphocyte","ANX","Weighted mode",4,0.018,0.027,1.018,0.553,0.321240535,0.387358373,0.500091876,0.055637192
"ANKFN1","Lymphocyte","ANX","Wald ratio",1,0.027,0.046,1.028,0.553,NA,NA,NA,0.024263313
"FAM189A1","Lymphocyte","ANX","Inverse variance weighted",2,0.018,0.03,1.018,0.553,NA,0.841665705,NA,0.016297865
"GPD2","Lymphocyte","ANX","Wald ratio",1,0.019,0.032,1.019,0.554,NA,NA,NA,0.016588688
"C8orf42","Lymphocyte","ANX","Wald ratio",1,-0.021,0.035,0.98,0.554,NA,NA,NA,0.017902431
"EPDR1","Lymphocyte","ANX","Wald ratio",1,0.02,0.034,1.02,0.554,NA,NA,NA,0.017627066
"NID1","Lymphocyte","ANX","Wald ratio",1,0.026,0.043,1.026,0.554,NA,NA,NA,0.023775234
"TTC7B","Lymphocyte","ANX","Weighted median",3,-0.019,0.033,0.981,0.554,0.399751704,0.701424149,0.990732257,0.01526484
"ARHGAP28","Lymphocyte","ANX","Wald ratio",1,-0.022,0.037,0.979,0.555,NA,NA,NA,0.020322147
"TMEM177","Lymphocyte","ANX","Wald ratio",1,0.024,0.041,1.025,0.556,NA,NA,NA,0.022328958
"AK3L1","Lymphocyte","ANX","Wald ratio",1,-0.084,0.144,0.919,0.556,NA,NA,NA,0.030882369
"TMEM150B","Lymphocyte","ANX","Wald ratio",1,-0.017,0.03,0.983,0.557,NA,NA,NA,0.008381906
"SLC30A5","Lymphocyte","ANX","Wald ratio",1,0.099,0.169,1.105,0.557,NA,NA,NA,0.016486246
"RWDD3","Lymphocyte","ANX","Wald ratio",1,0.025,0.043,1.026,0.557,NA,NA,NA,0.021465087
"C19orf33","Lymphocyte","ANX","Wald ratio",1,0.03,0.051,1.03,0.557,NA,NA,NA,0.022727103
"KCNK6","Lymphocyte","ANX","Wald ratio",1,0.046,0.079,1.048,0.557,NA,NA,NA,0.022727103
"YIF1B","Lymphocyte","ANX","Wald ratio",1,0.025,0.043,1.025,0.557,NA,NA,NA,0.022727103
"SPRED3","Lymphocyte","ANX","Wald ratio",1,0.037,0.064,1.038,0.557,NA,NA,NA,0.022727103
"NGLY1","Lymphocyte","ANX","Wald ratio",1,1.125,1.917,3.08,0.557,NA,NA,NA,0.025719974
"AP3D1","Lymphocyte","ANX","Wald ratio",1,0.019,0.032,1.019,0.557,NA,NA,NA,0.015576591
"HDAC4","Lymphocyte","ANX","Weighted mode",3,-0.029,0.042,0.971,0.557,0.016722936,0.056753214,0.969844198,0.016085827
"USP22","Lymphocyte","ANX","Wald ratio",1,-0.023,0.04,0.977,0.558,NA,NA,NA,0.021030662
"SDK1","Lymphocyte","ANX","MR Egger",3,0.062,0.074,1.064,0.558,0.266097511,0.538727604,0.989504797,0.039161767
"KCTD16","Lymphocyte","ANX","Wald ratio",1,-0.018,0.03,0.983,0.558,NA,NA,NA,0.016696331
"C6orf186","Lymphocyte","ANX","Inverse variance weighted",2,-0.055,0.093,0.947,0.558,NA,0.675177856,NA,0.026191712
"TGFBR3","Lymphocyte","ANX","Inverse variance weighted",2,-0.026,0.044,0.975,0.558,NA,0.349446363,NA,0.036069384
"TCP10L","Lymphocyte","ANX","Wald ratio",1,0.026,0.044,1.026,0.558,NA,NA,NA,0.023386473
"MSI2","Lymphocyte","ANX","Inverse variance weighted",3,0.02,0.034,1.02,0.558,0.443669779,0.077405134,0.279605829,0.024357817
"ADCY3","Lymphocyte","ANX","Inverse variance weighted",2,0.016,0.028,1.016,0.559,NA,0.297105656,NA,0.01402166
"CST5","Lymphocyte","ANX","Wald ratio",1,0.042,0.073,1.043,0.559,NA,NA,NA,0.024723119
"UBP1","Lymphocyte","ANX","Wald ratio",1,0.303,0.518,1.353,0.559,NA,NA,NA,0.022531269
"NUDT4","Lymphocyte","ANX","Wald ratio",1,0.249,0.427,1.283,0.559,NA,NA,NA,0.016454644
"STX17","Lymphocyte","ANX","Wald ratio",1,0.43,0.736,1.537,0.559,NA,NA,NA,0.019717659
"RNF213","Lymphocyte","ANX","Wald ratio",1,-0.27,0.463,0.763,0.559,NA,NA,NA,0.018798883
"PCDH9","Lymphocyte","ANX","MR Egger",4,0.084,0.121,1.087,0.56,0.906942617,0.882594435,0.565845838,0.016676678
"GALNTL6","Lymphocyte","ANX","Inverse variance weighted",2,-0.02,0.034,0.98,0.56,NA,0.454167665,NA,0.015311091
"BMP6","Lymphocyte","ANX","Wald ratio",1,-0.064,0.111,0.938,0.56,NA,NA,NA,0.016281312
"LOC285768","Lymphocyte","ANX","Wald ratio",1,0.031,0.053,1.032,0.56,NA,NA,NA,0.028225786
"LRRC27","Lymphocyte","ANX","Wald ratio",1,-0.178,0.305,0.837,0.56,NA,NA,NA,0.018628541
"PIK3C2B","Lymphocyte","ANX","Wald ratio",1,-0.031,0.054,0.969,0.56,NA,NA,NA,0.019004466
"RPS6KL1","Lymphocyte","ANX","Wald ratio",1,-0.019,0.033,0.981,0.56,NA,NA,NA,0.017045538
"CCDC81","Lymphocyte","ANX","Wald ratio",1,0.119,0.205,1.127,0.561,NA,NA,NA,0.022035597
"VIPR2","Lymphocyte","ANX","Wald ratio",1,-0.022,0.038,0.978,0.561,NA,NA,NA,0.021118764
"EFCAB9","Lymphocyte","ANX","Wald ratio",1,0.023,0.04,1.024,0.561,NA,NA,NA,0.019597533
"TBR1","Lymphocyte","ANX","Wald ratio",1,0.079,0.137,1.083,0.562,NA,NA,NA,0.017462073
"OR1A1","Lymphocyte","ANX","Wald ratio",1,0.017,0.03,1.017,0.562,NA,NA,NA,0.016144138
"GALNT5","Lymphocyte","ANX","Inverse variance weighted",2,0.032,0.054,1.032,0.562,NA,0.466578993,NA,0.046054135
"JMJD7-PLA2G4B","Lymphocyte","ANX","Wald ratio",1,0.021,0.037,1.022,0.562,NA,NA,NA,0.019347726
"LRP6","Lymphocyte","ANX","Wald ratio",1,0.063,0.108,1.065,0.562,NA,NA,NA,0.020363936
"SIGLEC15","Lymphocyte","ANX","Wald ratio",1,-0.045,0.078,0.956,0.563,NA,NA,NA,0.030074466
"C12orf71","Lymphocyte","ANX","Wald ratio",1,0.023,0.039,1.023,0.563,NA,NA,NA,0.018529468
"SCNN1A","Lymphocyte","ANX","Wald ratio",1,-0.022,0.039,0.978,0.563,NA,NA,NA,0.016840948
"SRGAP3","Lymphocyte","ANX","Wald ratio",1,0.046,0.08,1.048,0.563,NA,NA,NA,0.026302985
"DSCAM","Lymphocyte","ANX","Inverse variance weighted",3,0.037,0.065,1.038,0.563,0.035208286,0.00941781,0.484293073,0.220379251
"SLC25A13","Lymphocyte","ANX","Wald ratio",1,0.018,0.031,1.018,0.563,NA,NA,NA,0.017602084
"GFRA1","Lymphocyte","ANX","Wald ratio",1,-0.017,0.03,0.983,0.564,NA,NA,NA,0.015237156
"FLJ16779","Lymphocyte","ANX","Wald ratio",1,0.41,0.71,1.506,0.564,NA,NA,NA,0.01704977
"YTHDF1","Lymphocyte","ANX","Wald ratio",1,0.085,0.147,1.088,0.564,NA,NA,NA,0.017049378
"NKAIN4","Lymphocyte","ANX","Wald ratio",1,0.03,0.051,1.03,0.564,NA,NA,NA,0.01704977
"BIRC7","Lymphocyte","ANX","Wald ratio",1,0.11,0.19,1.116,0.564,NA,NA,NA,0.01704977
"GMDS","Lymphocyte","ANX","Simple mode",4,-0.016,0.025,0.984,0.565,0.820792106,0.856671534,0.602708187,0.019086616
"ASTN1","Lymphocyte","ANX","Wald ratio",1,0.065,0.114,1.068,0.565,NA,NA,NA,0.024342937
"SLC41A3","Lymphocyte","ANX","Wald ratio",1,0.021,0.036,1.021,0.565,NA,NA,NA,0.019145795
"ZBED3","Lymphocyte","ANX","Wald ratio",1,-0.026,0.044,0.975,0.565,NA,NA,NA,0.01774207
"APBA1","Lymphocyte","ANX","Wald ratio",1,0.141,0.246,1.152,0.565,NA,NA,NA,0.018874358
"C6orf162","Lymphocyte","ANX","Wald ratio",1,-0.503,0.876,0.605,0.566,NA,NA,NA,0.016531743
"TTC12","Lymphocyte","ANX","Wald ratio",1,0.649,1.13,1.913,0.566,NA,NA,NA,0.023397505
"LMBR1","Lymphocyte","ANX","Wald ratio",1,0.611,1.067,1.842,0.567,NA,NA,NA,0.016463543
"RALBP1","Lymphocyte","ANX","Wald ratio",1,0.036,0.062,1.036,0.567,NA,NA,NA,0.01684569
"GALNT14","Lymphocyte","ANX","Wald ratio",1,-0.023,0.041,0.977,0.567,NA,NA,NA,0.020235699
"STK32C","Lymphocyte","ANX","Inverse variance weighted",2,-0.028,0.049,0.972,0.567,NA,0.718456434,NA,0.01502536
"NAV1","Lymphocyte","ANX","Inverse variance weighted",3,-0.044,0.076,0.957,0.567,0.627444013,0.441299569,0.446641362,0.023809894
"ZDHHC19","Lymphocyte","ANX","Wald ratio",1,0.042,0.073,1.043,0.567,NA,NA,NA,0.019216353
"RPL36AL","Lymphocyte","ANX","Wald ratio",1,0.516,0.902,1.676,0.567,NA,NA,NA,0.021812772
"ZNF239","Lymphocyte","ANX","Wald ratio",1,-0.023,0.041,0.977,0.567,NA,NA,NA,0.016290429
"RNF168","Lymphocyte","ANX","Wald ratio",1,-0.021,0.037,0.979,0.567,NA,NA,NA,0.016673048
"SLC35B3","Lymphocyte","ANX","Wald ratio",1,0.557,0.974,1.746,0.567,NA,NA,NA,0.019321106
"YEATS4","Lymphocyte","ANX","Wald ratio",1,0.028,0.05,1.029,0.568,NA,NA,NA,0.016395359
"KLF17","Lymphocyte","ANX","Wald ratio",1,0.034,0.06,1.035,0.568,NA,NA,NA,0.031680952
"SLC25A24","Lymphocyte","ANX","Wald ratio",1,0.027,0.047,1.027,0.568,NA,NA,NA,0.017367428
"C9orf98","Lymphocyte","ANX","Wald ratio",1,-0.024,0.042,0.976,0.569,NA,NA,NA,0.020103208
"KIF6","Lymphocyte","ANX","Inverse variance weighted",2,0.027,0.047,1.027,0.569,NA,0.673776401,NA,0.016166368
"OR2A14","Lymphocyte","ANX","Wald ratio",1,-0.019,0.033,0.981,0.569,NA,NA,NA,0.017575586
"HSBP1L1","Lymphocyte","ANX","Wald ratio",1,-0.033,0.057,0.968,0.57,NA,NA,NA,0.021717258
"TMTC2","Lymphocyte","ANX","Wald ratio",1,-0.306,0.539,0.736,0.57,NA,NA,NA,0.023993611
"PCSK9","Lymphocyte","ANX","Wald ratio",1,-0.027,0.047,0.974,0.57,NA,NA,NA,0.019970725
"IQSEC1","Lymphocyte","ANX","Wald ratio",1,0.021,0.038,1.022,0.57,NA,NA,NA,0.016722702
"PTCH1","Lymphocyte","ANX","Wald ratio",1,0.031,0.056,1.032,0.57,NA,NA,NA,0.0250984
"TOM1","Lymphocyte","ANX","Wald ratio",1,-0.042,0.073,0.959,0.571,NA,NA,NA,0.017336349
"CHPT1","Lymphocyte","ANX","Wald ratio",1,-0.284,0.502,0.752,0.571,NA,NA,NA,0.016573752
"CRIP3","Lymphocyte","ANX","Wald ratio",1,0.236,0.416,1.266,0.571,NA,NA,NA,0.026793966
"CSMD1","Lymphocyte","ANX","Weighted median",4,-0.014,0.024,0.986,0.571,0.683453599,0.684044532,0.482601746,0.043588632
"NOX4","Lymphocyte","ANX","Wald ratio",1,-0.138,0.244,0.871,0.571,NA,NA,NA,0.020748671
"SNTB1","Lymphocyte","ANX","Wald ratio",1,-0.019,0.034,0.981,0.571,NA,NA,NA,0.018884649
"TTC7B","Lymphocyte","ANX","Weighted mode",3,-0.022,0.033,0.978,0.572,0.399751704,0.701424149,0.990732257,0.01526484
"NKX2-3","Lymphocyte","ANX","Wald ratio",1,0.039,0.07,1.04,0.572,NA,NA,NA,0.020210425
"USP42","Lymphocyte","ANX","Wald ratio",1,-0.027,0.048,0.974,0.572,NA,NA,NA,0.025263612
"ADAMTS19","Lymphocyte","ANX","Wald ratio",1,0.146,0.258,1.157,0.572,NA,NA,NA,0.025263659
"OXGR1","Lymphocyte","ANX","Wald ratio",1,-0.037,0.065,0.964,0.572,NA,NA,NA,0.016332938
"NDUFA10","Lymphocyte","ANX","Wald ratio",1,-0.855,1.517,0.425,0.573,NA,NA,NA,0.024391289
"IDH3A","Lymphocyte","ANX","Wald ratio",1,-0.017,0.031,0.983,0.573,NA,NA,NA,0.016159859
"SLC35F3","Lymphocyte","ANX","Weighted mode",3,0.019,0.029,1.02,0.574,0.807559368,0.821473727,0.666398858,0.014895239
"AXL","Lymphocyte","ANX","Wald ratio",1,0.103,0.184,1.109,0.574,NA,NA,NA,0.015602168
"GAS2L3","Lymphocyte","ANX","Wald ratio",1,-0.059,0.105,0.943,0.574,NA,NA,NA,0.02252377
"RP1L1","Lymphocyte","ANX","Wald ratio",1,0.036,0.065,1.037,0.574,NA,NA,NA,0.033201499
"AGPAT4","Lymphocyte","ANX","Simple mode",3,0.05,0.075,1.051,0.575,0.01769027,0.058506648,0.939769586,0.040098257
"ST3GAL1","Lymphocyte","ANX","Weighted mode",3,-0.036,0.054,0.965,0.575,0.47389943,0.759147736,0.877046692,0.021899099
"ST8SIA3","Lymphocyte","ANX","Wald ratio",1,-0.083,0.147,0.921,0.575,NA,NA,NA,0.02235927
"DHRS9","Lymphocyte","ANX","Wald ratio",1,0.031,0.055,1.031,0.575,NA,NA,NA,0.01640712
"LRP2","Lymphocyte","ANX","Wald ratio",1,0.017,0.03,1.017,0.575,NA,NA,NA,0.01640671
"ABCB11","Lymphocyte","ANX","Wald ratio",1,0.017,0.03,1.017,0.575,NA,NA,NA,0.01640712
"SLC33A1","Lymphocyte","ANX","Wald ratio",1,0.242,0.432,1.274,0.575,NA,NA,NA,0.019198716
"GMPS","Lymphocyte","ANX","Wald ratio",1,0.042,0.075,1.043,0.575,NA,NA,NA,0.019199242
"PRKAG2","Lymphocyte","ANX","Weighted median",4,-0.016,0.029,0.984,0.576,0.264062435,0.390080758,0.660521003,0.027770776
"ATP5S","Lymphocyte","ANX","Wald ratio",1,-0.017,0.03,0.983,0.576,NA,NA,NA,0.016234226
"TXLNB","Lymphocyte","ANX","Wald ratio",1,-0.05,0.09,0.951,0.577,NA,NA,NA,0.016549243
"KCNK16","Lymphocyte","ANX","Wald ratio",1,0.017,0.031,1.017,0.577,NA,NA,NA,0.016166368
"IFLTD1","Lymphocyte","ANX","Wald ratio",1,0.026,0.047,1.026,0.577,NA,NA,NA,0.021698966
"COL16A1","Lymphocyte","ANX","Wald ratio",1,0.08,0.143,1.083,0.578,NA,NA,NA,0.018314061
"T","Lymphocyte","ANX","Inverse variance weighted",2,0.019,0.034,1.019,0.578,NA,0.693548121,NA,0.015973702
"OR4N5","Lymphocyte","ANX","Wald ratio",1,0.024,0.043,1.024,0.578,NA,NA,NA,0.016098529
"RASA1","Lymphocyte","ANX","Wald ratio",1,0.347,0.623,1.415,0.578,NA,NA,NA,0.016586489
"NRG2","Lymphocyte","ANX","Wald ratio",1,0.143,0.258,1.154,0.578,NA,NA,NA,0.022762904
"FOXI1","Lymphocyte","ANX","Wald ratio",1,0.025,0.046,1.026,0.578,NA,NA,NA,0.018140448
"KYNU","Lymphocyte","ANX","Wald ratio",1,0.052,0.094,1.054,0.578,NA,NA,NA,0.018143682
"TFG","Lymphocyte","ANX","Wald ratio",1,-0.017,0.031,0.983,0.579,NA,NA,NA,0.016308866
"CCDC8","Lymphocyte","ANX","Wald ratio",1,0.049,0.088,1.05,0.579,NA,NA,NA,0.031945917
"PNMAL1","Lymphocyte","ANX","Wald ratio",1,0.079,0.142,1.082,0.579,NA,NA,NA,0.031945919
"PARD6B","Lymphocyte","ANX","Wald ratio",1,0.07,0.126,1.072,0.579,NA,NA,NA,0.034489001
"FLI1","Lymphocyte","ANX","Wald ratio",1,0.025,0.045,1.025,0.58,NA,NA,NA,0.023952835
"GALNT13","Lymphocyte","ANX","Inverse variance weighted",2,-0.052,0.094,0.949,0.58,NA,0.777768745,NA,0.01515014
"ANO2","Lymphocyte","ANX","Wald ratio",1,-0.048,0.086,0.953,0.581,NA,NA,NA,0.025058152
"SPIRE1","Lymphocyte","ANX","Wald ratio",1,-0.048,0.087,0.953,0.581,NA,NA,NA,0.026970002
"MPPED2","Lymphocyte","ANX","Inverse variance weighted",2,-0.014,0.025,0.986,0.581,NA,0.544214377,NA,0.013344197
"CRIP2","Lymphocyte","ANX","Wald ratio",1,0.024,0.043,1.024,0.581,NA,NA,NA,0.021746779
"TMEM121","Lymphocyte","ANX","Wald ratio",1,0.031,0.056,1.031,0.581,NA,NA,NA,0.021841796
"AFAP1L2","Lymphocyte","ANX","Inverse variance weighted",2,-0.026,0.048,0.974,0.581,NA,0.874028417,NA,0.028366736
"AGAP3","Lymphocyte","ANX","Wald ratio",1,-0.021,0.037,0.98,0.581,NA,NA,NA,0.020163779
"NKAIN2","Lymphocyte","ANX","Wald ratio",1,-0.03,0.054,0.971,0.581,NA,NA,NA,0.022613049
"RREB1","Lymphocyte","ANX","Wald ratio",1,-0.034,0.062,0.967,0.582,NA,NA,NA,0.022542926
"TMTC3","Lymphocyte","ANX","Wald ratio",1,-0.312,0.568,0.732,0.582,NA,NA,NA,0.031777502
"PAPSS2","Lymphocyte","ANX","Wald ratio",1,0.02,0.036,1.02,0.582,NA,NA,NA,0.0184615
"ZDHHC20","Lymphocyte","ANX","Wald ratio",1,-0.024,0.043,0.977,0.583,NA,NA,NA,0.022941513
"C1orf21","Lymphocyte","ANX","Wald ratio",1,0.057,0.104,1.059,0.583,NA,NA,NA,0.016736114
"ST6GALNAC3","Lymphocyte","ANX","Weighted median",3,0.017,0.032,1.018,0.584,0.397876589,0.653087262,0.774051014,0.033462325
"METTL7B","Lymphocyte","ANX","Wald ratio",1,-0.11,0.201,0.896,0.584,NA,NA,NA,0.016458886
"ITGA7","Lymphocyte","ANX","Wald ratio",1,-0.045,0.082,0.956,0.584,NA,NA,NA,0.016458934
"ATP8B1","Lymphocyte","ANX","Wald ratio",1,-0.054,0.099,0.947,0.584,NA,NA,NA,0.030944083
"NIPAL4","Lymphocyte","ANX","Wald ratio",1,-0.25,0.457,0.779,0.584,NA,NA,NA,0.017950885
"CLIP2","Lymphocyte","ANX","Wald ratio",1,0.021,0.038,1.021,0.585,NA,NA,NA,0.01920584
"AMPD3","Lymphocyte","ANX","Wald ratio",1,0.027,0.049,1.027,0.585,NA,NA,NA,0.016391556
"LRP8","Lymphocyte","ANX","Wald ratio",1,0.018,0.034,1.019,0.585,NA,NA,NA,0.016496608
"GPR133","Lymphocyte","ANX","Simple mode",3,0.041,0.064,1.042,0.585,0.604346725,0.22474236,0.347150735,0.104875726
"LMCD1","Lymphocyte","ANX","Wald ratio",1,0.031,0.058,1.032,0.586,NA,NA,NA,0.018675975
"GMPR2","Lymphocyte","ANX","Wald ratio",1,1.521,2.793,4.579,0.586,NA,NA,NA,0.021625854
"PPM1B","Lymphocyte","ANX","Wald ratio",1,-0.172,0.316,0.842,0.586,NA,NA,NA,0.016534344
"CIB3","Lymphocyte","ANX","Wald ratio",1,-0.028,0.051,0.973,0.586,NA,NA,NA,0.017364349
"C14orf182","Lymphocyte","ANX","Wald ratio",1,-0.018,0.033,0.982,0.588,NA,NA,NA,0.017959015
"APOL3","Lymphocyte","ANX","Wald ratio",1,0.021,0.04,1.022,0.588,NA,NA,NA,0.016084233
"ALDH1A3","Lymphocyte","ANX","Wald ratio",1,0.033,0.061,1.034,0.588,NA,NA,NA,0.027563467
"EPB41L2","Lymphocyte","ANX","Wald ratio",1,-0.023,0.043,0.977,0.589,NA,NA,NA,0.022229605
"ATP6V0E2","Lymphocyte","ANX","Wald ratio",1,0.029,0.053,1.029,0.589,NA,NA,NA,0.016504998
"TNIK","Lymphocyte","ANX","Inverse variance weighted",2,-0.017,0.031,0.984,0.589,NA,0.477889925,NA,0.013947778
"FAM69A","Lymphocyte","ANX","Wald ratio",1,-0.023,0.042,0.978,0.589,NA,NA,NA,0.016609994
"CD27","Lymphocyte","ANX","Wald ratio",1,0.073,0.136,1.076,0.589,NA,NA,NA,0.017513713
"FBLN2","Lymphocyte","ANX","Wald ratio",1,0.254,0.471,1.289,0.589,NA,NA,NA,0.04630705
"ADAM32","Lymphocyte","ANX","Inverse variance weighted",2,-0.024,0.045,0.976,0.59,NA,0.114187195,NA,0.05738288
"ZNF260","Lymphocyte","ANX","Wald ratio",1,-0.025,0.047,0.975,0.59,NA,NA,NA,0.016857622
"PFDN1","Lymphocyte","ANX","Wald ratio",1,0.052,0.097,1.054,0.59,NA,NA,NA,0.014755389
"GHSR","Lymphocyte","ANX","Wald ratio",1,-0.019,0.036,0.981,0.591,NA,NA,NA,0.017067019
"NTM","Lymphocyte","ANX","Simple mode",5,0.015,0.026,1.015,0.591,0.990866167,0.998468497,0.948963218,0.0153413
"MAP3K8","Lymphocyte","ANX","Wald ratio",1,0.236,0.439,1.266,0.591,NA,NA,NA,0.015776673
"RAB19","Lymphocyte","ANX","Wald ratio",1,0.032,0.059,1.032,0.591,NA,NA,NA,0.024962183
"HTR6","Lymphocyte","ANX","Wald ratio",1,-0.027,0.049,0.974,0.591,NA,NA,NA,0.017380513
"ITM2C","Lymphocyte","ANX","MR Egger",3,-0.046,0.061,0.955,0.591,0.583297948,0.700881223,0.637457989,0.021895736
"PNMA2","Lymphocyte","ANX","Wald ratio",1,-0.193,0.36,0.824,0.592,NA,NA,NA,0.014793908
"ST7","Lymphocyte","ANX","Wald ratio",1,0.02,0.038,1.02,0.592,NA,NA,NA,0.018899464
"ELOVL4","Lymphocyte","ANX","Wald ratio",1,-0.903,1.688,0.405,0.593,NA,NA,NA,0.030522215
"MTPN","Lymphocyte","ANX","Wald ratio",1,-0.157,0.294,0.855,0.594,NA,NA,NA,0.026387269
"LOC285419","Lymphocyte","ANX","Wald ratio",1,0.024,0.045,1.024,0.594,NA,NA,NA,0.01876796
"ANKAR","Lymphocyte","ANX","Wald ratio",1,0.721,1.354,2.056,0.595,NA,NA,NA,0.018070496
"RASL11B","Lymphocyte","ANX","Wald ratio",1,0.046,0.086,1.047,0.595,NA,NA,NA,0.019077393
"SH2B2","Lymphocyte","ANX","Wald ratio",1,-0.024,0.045,0.976,0.595,NA,NA,NA,0.023144397
"VWA2","Lymphocyte","ANX","Wald ratio",1,0.02,0.038,1.021,0.595,NA,NA,NA,0.01497738
"TDRD1","Lymphocyte","ANX","Wald ratio",1,0.017,0.032,1.017,0.595,NA,NA,NA,0.014977364
"OTUD7A","Lymphocyte","ANX","Wald ratio",1,-0.036,0.068,0.964,0.596,NA,NA,NA,0.022319211
"SFT2D1","Lymphocyte","ANX","Wald ratio",1,0.023,0.043,1.023,0.596,NA,NA,NA,0.016396447
"PRR18","Lymphocyte","ANX","Wald ratio",1,0.02,0.038,1.02,0.596,NA,NA,NA,0.019011837
"HRNBP3","Lymphocyte","ANX","MR Egger",3,-0.101,0.136,0.904,0.596,0.205649906,0.330914051,0.648008583,0.016003487
"DOCK1","Lymphocyte","ANX","Inverse variance weighted",2,-0.028,0.053,0.972,0.596,NA,0.449396824,NA,0.028812539
"PARK2","Lymphocyte","ANX","Inverse variance weighted",2,0.016,0.029,1.016,0.596,NA,0.82622341,NA,0.025489967
"PCSK6","Lymphocyte","ANX","MR Egger",3,-0.161,0.219,0.851,0.596,0.331189805,0.609269062,0.864437606,0.016369065
"MIF4GD","Lymphocyte","ANX","Wald ratio",1,0.043,0.081,1.044,0.596,NA,NA,NA,0.01942345
"LLGL2","Lymphocyte","ANX","Wald ratio",1,0.031,0.058,1.031,0.596,NA,NA,NA,0.019417378
"ZNF354A","Lymphocyte","ANX","Wald ratio",1,-0.286,0.541,0.751,0.596,NA,NA,NA,0.017740501
"AACSL","Lymphocyte","ANX","Wald ratio",1,-0.026,0.048,0.975,0.596,NA,NA,NA,0.017740501
"NID2","Lymphocyte","ANX","Inverse variance weighted",2,0.06,0.113,1.062,0.597,NA,0.428440644,NA,0.019207351
"MT3","Lymphocyte","ANX","Wald ratio",1,0.02,0.039,1.021,0.597,NA,NA,NA,0.019152349
"MT1X","Lymphocyte","ANX","Wald ratio",1,0.555,1.048,1.741,0.597,NA,NA,NA,0.019152389
"AFMID","Lymphocyte","ANX","Wald ratio",1,-0.046,0.086,0.955,0.598,NA,NA,NA,0.034130666
"OSBPL7","Lymphocyte","ANX","Wald ratio",1,0.189,0.359,1.208,0.598,NA,NA,NA,0.018297905
"LRRC46","Lymphocyte","ANX","Wald ratio",1,0.019,0.037,1.019,0.598,NA,NA,NA,0.018297902
"SFRP1","Lymphocyte","ANX","Inverse variance weighted",2,-0.031,0.059,0.97,0.598,NA,0.108088442,NA,0.032184597
"IGSF21","Lymphocyte","ANX","MR Egger",3,-0.056,0.076,0.946,0.599,0.939073829,0.720087894,0.567816724,0.014846209
"CANX","Lymphocyte","ANX","Wald ratio",1,-0.082,0.156,0.921,0.599,NA,NA,NA,0.019021565
"HS3ST3A1","Lymphocyte","ANX","Wald ratio",1,0.045,0.085,1.046,0.599,NA,NA,NA,0.017333316
"SLC2A4","Lymphocyte","ANX","Inverse variance weighted",2,0.488,0.929,1.63,0.599,NA,0.831103347,NA,0.018787546
"TMEM97","Lymphocyte","ANX","Wald ratio",1,-0.038,0.073,0.962,0.6,NA,NA,NA,0.018062481
"AKTIP","Lymphocyte","ANX","Wald ratio",1,0.033,0.062,1.033,0.6,NA,NA,NA,0.017371561
"DLG4","Lymphocyte","ANX","Wald ratio",1,0.035,0.066,1.035,0.601,NA,NA,NA,0.018787546
"DULLARD","Lymphocyte","ANX","Wald ratio",1,0.02,0.039,1.021,0.601,NA,NA,NA,0.018684364
"CLDN7","Lymphocyte","ANX","Wald ratio",1,0.046,0.088,1.047,0.601,NA,NA,NA,0.018787546
"ProSAPiP1","Lymphocyte","ANX","Wald ratio",1,-0.026,0.05,0.974,0.601,NA,NA,NA,0.020289618
"EPAS1","Lymphocyte","ANX","Wald ratio",1,-0.03,0.058,0.97,0.601,NA,NA,NA,0.014959134
"A1BG","Lymphocyte","ANX","Wald ratio",1,-0.04,0.077,0.96,0.602,NA,NA,NA,0.031945939
"ZSCAN22","Lymphocyte","ANX","Wald ratio",1,-0.045,0.086,0.956,0.602,NA,NA,NA,0.031507111
"NCRNA00181","Lymphocyte","ANX","Wald ratio",1,-0.036,0.068,0.965,0.602,NA,NA,NA,0.031945939
"FGFBP1","Lymphocyte","ANX","Wald ratio",1,0.034,0.066,1.035,0.602,NA,NA,NA,0.015171468
"GAPDHS","Lymphocyte","ANX","Wald ratio",1,0.023,0.045,1.024,0.602,NA,NA,NA,0.022774463
"SBSN","Lymphocyte","ANX","Wald ratio",1,0.022,0.043,1.023,0.602,NA,NA,NA,0.022774463
"ATP4A","Lymphocyte","ANX","Wald ratio",1,0.053,0.102,1.055,0.602,NA,NA,NA,0.022774463
"RPTOR","Lymphocyte","ANX","Inverse variance weighted",3,0.013,0.024,1.013,0.602,0.40265957,0.676772044,0.824029262,0.016799772
"ZNF366","Lymphocyte","ANX","Wald ratio",1,0.029,0.056,1.03,0.602,NA,NA,NA,0.022874139
"PRLR","Lymphocyte","ANX","Wald ratio",1,-0.052,0.099,0.95,0.603,NA,NA,NA,0.020362801
"POLR2B","Lymphocyte","ANX","Wald ratio",1,0.022,0.043,1.023,0.603,NA,NA,NA,0.022115051
"DGKI","Lymphocyte","ANX","Wald ratio",1,-0.116,0.223,0.891,0.603,NA,NA,NA,0.017865038
"TSKU","Lymphocyte","ANX","Wald ratio",1,-0.033,0.064,0.967,0.603,NA,NA,NA,0.020974452
"SETBP1","Lymphocyte","ANX","Wald ratio",1,-0.027,0.052,0.973,0.604,NA,NA,NA,0.02268483
"ZNF826","Lymphocyte","ANX","Wald ratio",1,-0.279,0.539,0.757,0.605,NA,NA,NA,0.023381184
"SH2D5","Lymphocyte","ANX","Wald ratio",1,-0.021,0.041,0.979,0.605,NA,NA,NA,0.015989937
"CACNA2D4","Lymphocyte","ANX","Inverse variance weighted",2,0.021,0.041,1.022,0.605,NA,0.567183652,NA,0.025261821
"PRDM16","Lymphocyte","ANX","Inverse variance weighted",4,0.01,0.019,1.01,0.605,0.563727106,0.712682236,0.683145099,0.022806845
"MEF2D","Lymphocyte","ANX","Wald ratio",1,0.069,0.134,1.071,0.605,NA,NA,NA,0.016726517
"FBXW2","Lymphocyte","ANX","Wald ratio",1,0.036,0.071,1.037,0.606,NA,NA,NA,0.024661825
"CUX2","Lymphocyte","ANX","Wald ratio",1,0.046,0.088,1.047,0.606,NA,NA,NA,0.022057384
"ZNF131","Lymphocyte","ANX","Wald ratio",1,0.018,0.035,1.018,0.606,NA,NA,NA,0.018977298
"C21orf130","Lymphocyte","ANX","Wald ratio",1,-0.021,0.04,0.979,0.606,NA,NA,NA,0.020680454
"PRMT3","Lymphocyte","ANX","Wald ratio",1,-0.03,0.058,0.971,0.606,NA,NA,NA,0.025441617
"LRP1","Lymphocyte","ANX","Wald ratio",1,-0.018,0.034,0.982,0.606,NA,NA,NA,0.01756349
"U2AF1","Lymphocyte","ANX","Wald ratio",1,-1.658,3.217,0.19,0.606,NA,NA,NA,0.021086387
"C10orf35","Lymphocyte","ANX","Wald ratio",1,0.029,0.057,1.03,0.606,NA,NA,NA,0.023355064
"TTR","Lymphocyte","ANX","Wald ratio",1,0.022,0.043,1.022,0.607,NA,NA,NA,0.016660303
"MCEE","Lymphocyte","ANX","Wald ratio",1,-0.022,0.042,0.979,0.607,NA,NA,NA,0.017184291
"ADAM9","Lymphocyte","ANX","Wald ratio",1,0.372,0.725,1.451,0.607,NA,NA,NA,0.016067852
"AATK","Lymphocyte","ANX","Wald ratio",1,0.093,0.181,1.098,0.607,NA,NA,NA,0.016067852
"SLC38A10","Lymphocyte","ANX","Wald ratio",1,0.028,0.055,1.029,0.607,NA,NA,NA,0.016067852
"AZI1","Lymphocyte","ANX","Wald ratio",1,0.017,0.034,1.018,0.607,NA,NA,NA,0.016067852
"PRMT2","Lymphocyte","ANX","Wald ratio",1,-0.018,0.036,0.982,0.607,NA,NA,NA,0.014110482
"CRHR2","Lymphocyte","ANX","Wald ratio",1,0.021,0.041,1.021,0.608,NA,NA,NA,0.017222972
"TSC22D1","Lymphocyte","ANX","Wald ratio",1,0.04,0.078,1.041,0.608,NA,NA,NA,0.023626246
"POU2AF1","Lymphocyte","ANX","Wald ratio",1,0.268,0.523,1.307,0.609,NA,NA,NA,0.020284099
"DLC1","Lymphocyte","ANX","MR Egger",4,-0.63,1.047,0.533,0.609,0.560876416,0.681402667,0.61537095,0.019869305
"LRIG3","Lymphocyte","ANX","Wald ratio",1,-0.034,0.066,0.967,0.609,NA,NA,NA,0.032872835
"OR9Q1","Lymphocyte","ANX","Wald ratio",1,-0.029,0.056,0.972,0.609,NA,NA,NA,0.022868731
"FLJ40330","Lymphocyte","ANX","Wald ratio",1,0.024,0.048,1.025,0.609,NA,NA,NA,0.016527942
"LOC283050","Lymphocyte","ANX","Wald ratio",1,-0.021,0.04,0.98,0.609,NA,NA,NA,0.019127605
"TUBGCP3","Lymphocyte","ANX","Wald ratio",1,0.608,1.188,1.836,0.609,NA,NA,NA,0.017052459
"TBL2","Lymphocyte","ANX","Wald ratio",1,-0.216,0.423,0.806,0.609,NA,NA,NA,0.017261697
"ATP6V0A2","Lymphocyte","ANX","Wald ratio",1,-0.015,0.029,0.985,0.609,NA,NA,NA,0.015088116
"GTF2H3","Lymphocyte","ANX","Wald ratio",1,-0.014,0.028,0.986,0.609,NA,NA,NA,0.015038771
"EZR","Lymphocyte","ANX","Wald ratio",1,-0.726,1.422,0.484,0.61,NA,NA,NA,0.01798614
"CNTNAP5","Lymphocyte","ANX","Wald ratio",1,-0.019,0.038,0.981,0.61,NA,NA,NA,0.01593432
"NAGS","Lymphocyte","ANX","Wald ratio",1,-0.257,0.504,0.773,0.61,NA,NA,NA,0.01882037
"ANKRD55","Lymphocyte","ANX","Wald ratio",1,-0.016,0.032,0.984,0.61,NA,NA,NA,0.01719591
"ANGPT2","Lymphocyte","ANX","Weighted mode",3,0.019,0.032,1.019,0.611,0.577277345,0.541059508,0.513648307,0.019345272
"ANKRD1","Lymphocyte","ANX","Wald ratio",1,0.016,0.031,1.016,0.611,NA,NA,NA,0.016290427
"PSMA3","Lymphocyte","ANX","Wald ratio",1,0.7,1.377,2.014,0.611,NA,NA,NA,0.028415321
"GAS7","Lymphocyte","ANX","Inverse variance weighted",2,0.021,0.041,1.021,0.611,NA,0.348674832,NA,0.020069606
"MAPK13","Lymphocyte","ANX","Wald ratio",1,0.028,0.055,1.028,0.611,NA,NA,NA,0.020091329
"FXYD3","Lymphocyte","ANX","Wald ratio",1,0.019,0.038,1.019,0.612,NA,NA,NA,0.017756531
"FXYD1","Lymphocyte","ANX","Wald ratio",1,0.021,0.041,1.021,0.612,NA,NA,NA,0.017754026
"TMC3","Lymphocyte","ANX","Wald ratio",1,0.02,0.039,1.02,0.612,NA,NA,NA,0.021108727
"PCDH12","Lymphocyte","ANX","Wald ratio",1,-0.019,0.038,0.981,0.612,NA,NA,NA,0.018483499
"VGF","Lymphocyte","ANX","Wald ratio",1,-0.053,0.104,0.949,0.612,NA,NA,NA,0.018483499
"MOBP","Lymphocyte","ANX","Wald ratio",1,0.058,0.115,1.06,0.612,NA,NA,NA,0.018587012
"PROX1","Lymphocyte","ANX","Wald ratio",1,-0.092,0.181,0.912,0.612,NA,NA,NA,0.015060827
"KBTBD2","Lymphocyte","ANX","Wald ratio",1,-0.6,1.183,0.549,0.612,NA,NA,NA,0.015059367
"KCNK12","Lymphocyte","ANX","Wald ratio",1,0.145,0.285,1.156,0.612,NA,NA,NA,0.015907909
"PDE6A","Lymphocyte","ANX","Wald ratio",1,-0.017,0.033,0.983,0.612,NA,NA,NA,0.016013444
"TMEM217","Lymphocyte","ANX","Wald ratio",1,-0.092,0.182,0.912,0.612,NA,NA,NA,0.023809252
"SLC6A18","Lymphocyte","ANX","Wald ratio",1,0.029,0.058,1.03,0.613,NA,NA,NA,0.025473366
"NUDT18","Lymphocyte","ANX","Wald ratio",1,0.015,0.03,1.015,0.613,NA,NA,NA,0.015947222
"FAM160B2","Lymphocyte","ANX","Wald ratio",1,0.026,0.051,1.026,0.613,NA,NA,NA,0.015947162
"EPB49","Lymphocyte","ANX","Wald ratio",1,0.025,0.05,1.025,0.613,NA,NA,NA,0.01594711
"CD207","Lymphocyte","ANX","Wald ratio",1,0.024,0.048,1.024,0.614,NA,NA,NA,0.02209121
"PPP1CB","Lymphocyte","ANX","Wald ratio",1,0.058,0.114,1.059,0.614,NA,NA,NA,0.016998705
"SLC35A5","Lymphocyte","ANX","Wald ratio",1,-0.08,0.158,0.923,0.614,NA,NA,NA,0.062228233
"NEK3","Lymphocyte","ANX","Inverse variance weighted",2,-0.028,0.055,0.973,0.614,NA,0.220311751,NA,0.043270129
"TMEM18","Lymphocyte","ANX","Wald ratio",1,-0.034,0.067,0.967,0.615,NA,NA,NA,0.023623042
"TGFB2","Lymphocyte","ANX","Wald ratio",1,-0.211,0.419,0.81,0.615,NA,NA,NA,0.017037766
"RRP15","Lymphocyte","ANX","Wald ratio",1,-0.252,0.5,0.778,0.615,NA,NA,NA,0.017034367
"ITPK1","Lymphocyte","ANX","Wald ratio",1,-0.018,0.035,0.982,0.615,NA,NA,NA,0.017037767
"PXMP3","Lymphocyte","ANX","Wald ratio",1,0.246,0.489,1.279,0.615,NA,NA,NA,0.01745488
"IL17RA","Lymphocyte","ANX","Inverse variance weighted",2,0.027,0.053,1.027,0.615,NA,0.23205365,NA,0.018900482
"C8orf85","Lymphocyte","ANX","Wald ratio",1,0.049,0.098,1.051,0.616,NA,NA,NA,0.016025992
"SLC35F3","Lymphocyte","ANX","MR Egger",3,0.041,0.059,1.041,0.616,0.807559368,0.821473727,0.666398858,0.014895239
"NMUR1","Lymphocyte","ANX","Wald ratio",1,-0.045,0.09,0.956,0.616,NA,NA,NA,0.026904166
"MYO3B","Lymphocyte","ANX","MR Egger",3,0.046,0.068,1.048,0.616,0.561496659,0.829614284,0.879871449,0.01753677
"FAM20C","Lymphocyte","ANX","Wald ratio",1,-0.381,0.763,0.683,0.617,NA,NA,NA,0.017950597
"TCP11L1","Lymphocyte","ANX","Wald ratio",1,-0.139,0.278,0.87,0.617,NA,NA,NA,0.016486638
"BTBD9","Lymphocyte","ANX","Wald ratio",1,-0.028,0.056,0.972,0.617,NA,NA,NA,0.028641559
"SORBS1","Lymphocyte","ANX","Wald ratio",1,0.016,0.033,1.016,0.617,NA,NA,NA,0.016140142
"NAV1","Lymphocyte","ANX","Weighted median",3,-0.039,0.079,0.961,0.617,0.627444013,0.441299569,0.446641362,0.023809894
"UCMA","Lymphocyte","ANX","Wald ratio",1,-0.047,0.093,0.954,0.618,NA,NA,NA,0.032859788
"PSMD9","Lymphocyte","ANX","Wald ratio",1,-0.016,0.032,0.984,0.618,NA,NA,NA,0.017468697
"BCL7A","Lymphocyte","ANX","Wald ratio",1,-0.043,0.085,0.958,0.618,NA,NA,NA,0.017468697
"ST6GALNAC3","Lymphocyte","ANX","Simple mode",3,0.026,0.045,1.026,0.618,0.397876589,0.653087262,0.774051014,0.033462325
"PTK2B","Lymphocyte","ANX","Wald ratio",1,0.024,0.048,1.024,0.618,NA,NA,NA,0.015893936
"HECW1","Lymphocyte","ANX","Inverse variance weighted",2,-0.031,0.062,0.97,0.619,NA,0.436506897,NA,0.06234264
"KNDC1","Lymphocyte","ANX","Wald ratio",1,-0.217,0.437,0.805,0.619,NA,NA,NA,0.018132367
"ANKRD56","Lymphocyte","ANX","Wald ratio",1,0.497,1,1.643,0.619,NA,NA,NA,0.016976766
"MRPS18C","Lymphocyte","ANX","Wald ratio",1,-0.021,0.042,0.979,0.619,NA,NA,NA,0.016670468
"WFDC2","Lymphocyte","ANX","Wald ratio",1,0.183,0.369,1.201,0.62,NA,NA,NA,0.036106582
"PLXNA4","Lymphocyte","ANX","Inverse variance weighted",2,-0.017,0.034,0.983,0.62,NA,0.756337788,NA,0.02750355
"TGFBRAP1","Lymphocyte","ANX","Wald ratio",1,-0.111,0.225,0.895,0.62,NA,NA,NA,0.02023019
"MYO3B","Lymphocyte","ANX","Simple mode",3,0.02,0.034,1.02,0.62,0.561496659,0.829614284,0.879871449,0.01753677
"EFNA5","Lymphocyte","ANX","Simple mode",3,-0.045,0.078,0.956,0.62,0.108078519,0.006715554,0.339210908,0.03184477
"NMBR","Lymphocyte","ANX","Wald ratio",1,-0.033,0.066,0.968,0.62,NA,NA,NA,0.017624185
"PCDH8","Lymphocyte","ANX","Wald ratio",1,-0.042,0.086,0.959,0.621,NA,NA,NA,0.020160049
"MARCO","Lymphocyte","ANX","Wald ratio",1,0.025,0.05,1.025,0.622,NA,NA,NA,0.016223709
"NCRNA00173","Lymphocyte","ANX","Wald ratio",1,-0.183,0.371,0.833,0.622,NA,NA,NA,0.041398551
"MBP","Lymphocyte","ANX","Inverse variance weighted",3,-0.017,0.035,0.983,0.623,0.41610333,0.107035745,0.301480078,0.114788443
"RBM12B","Lymphocyte","ANX","Wald ratio",1,0.019,0.039,1.019,0.623,NA,NA,NA,0.016615462
"GPC1","Lymphocyte","ANX","Wald ratio",1,-0.022,0.044,0.979,0.623,NA,NA,NA,0.021600061
"DLGAP2","Lymphocyte","ANX","Weighted median",3,0.011,0.022,1.011,0.623,0.999545452,0.27811881,0.355648152,0.018673632
"EFR3A","Lymphocyte","ANX","Wald ratio",1,0.373,0.762,1.453,0.624,NA,NA,NA,0.018633863
"FNDC3B","Lymphocyte","ANX","Inverse variance weighted",2,0.017,0.034,1.017,0.624,NA,0.389894145,NA,0.015390652
"NRG1","Lymphocyte","ANX","Wald ratio",1,0.024,0.049,1.024,0.625,NA,NA,NA,0.014715333
"CDC42EP3","Lymphocyte","ANX","Wald ratio",1,-0.287,0.587,0.751,0.625,NA,NA,NA,0.014502334
"KIAA1430","Lymphocyte","ANX","Wald ratio",1,-0.015,0.031,0.985,0.625,NA,NA,NA,0.016763144
"SFTA2","Lymphocyte","ANX","Wald ratio",1,0.082,0.168,1.085,0.625,NA,NA,NA,0.053119079
"CCDC63","Lymphocyte","ANX","Wald ratio",1,-0.016,0.033,0.984,0.626,NA,NA,NA,0.01648781
"ANKRD7","Lymphocyte","ANX","Wald ratio",1,0.03,0.062,1.03,0.627,NA,NA,NA,0.03021699
"ANO6","Lymphocyte","ANX","Wald ratio",1,0.055,0.112,1.056,0.627,NA,NA,NA,0.028512843
"GP5","Lymphocyte","ANX","Wald ratio",1,-0.025,0.052,0.975,0.627,NA,NA,NA,0.023289012
"FOXN3","Lymphocyte","ANX","Weighted median",4,0.015,0.032,1.016,0.627,0.540523847,0.186707345,0.199264344,0.028645737
"PDIA6","Lymphocyte","ANX","Wald ratio",1,0.014,0.029,1.014,0.627,NA,NA,NA,0.014323921
"CEBPE","Lymphocyte","ANX","Wald ratio",1,0.022,0.046,1.023,0.627,NA,NA,NA,0.015644325
"TYMS","Lymphocyte","ANX","Wald ratio",1,0.019,0.039,1.019,0.627,NA,NA,NA,0.019147462
"CNRIP1","Lymphocyte","ANX","Wald ratio",1,-0.03,0.062,0.97,0.627,NA,NA,NA,0.016947307
"GATS","Lymphocyte","ANX","Wald ratio",1,-0.027,0.055,0.974,0.627,NA,NA,NA,0.018652049
"GPC2","Lymphocyte","ANX","Wald ratio",1,-0.07,0.143,0.933,0.627,NA,NA,NA,0.018652049
"TAS2R16","Lymphocyte","ANX","Wald ratio",1,-0.016,0.034,0.984,0.627,NA,NA,NA,0.016842504
"EFHD1","Lymphocyte","ANX","Wald ratio",1,0.018,0.036,1.018,0.628,NA,NA,NA,0.016317283
"TARP","Lymphocyte","ANX","Wald ratio",1,-0.043,0.088,0.958,0.628,NA,NA,NA,0.028770608
"TRAPPC9","Lymphocyte","ANX","MR Egger",4,-0.077,0.136,0.926,0.628,0.901408591,0.936667977,0.692007392,0.02080895
"ARNT2","Lymphocyte","ANX","Wald ratio",1,-0.035,0.072,0.966,0.629,NA,NA,NA,0.016251943
"PEG3","Lymphocyte","ANX","Wald ratio",1,-0.016,0.033,0.984,0.629,NA,NA,NA,0.015185518
"PID1","Lymphocyte","ANX","Wald ratio",1,0.014,0.028,1.014,0.629,NA,NA,NA,0.014514043
"FAR2","Lymphocyte","ANX","Wald ratio",1,0.079,0.164,1.082,0.629,NA,NA,NA,0.015935721
"ERGIC2","Lymphocyte","ANX","Wald ratio",1,0.023,0.048,1.023,0.629,NA,NA,NA,0.015935721
"HECA","Lymphocyte","ANX","Wald ratio",1,0.028,0.058,1.028,0.63,NA,NA,NA,0.021059007
"RNASE11","Lymphocyte","ANX","Wald ratio",1,-0.026,0.054,0.974,0.63,NA,NA,NA,0.018108968
"OLIG3","Lymphocyte","ANX","Wald ratio",1,-0.059,0.122,0.943,0.63,NA,NA,NA,0.016502258
"DOCK9","Lymphocyte","ANX","Wald ratio",1,-0.027,0.055,0.974,0.63,NA,NA,NA,0.024755557
"ZNF507","Lymphocyte","ANX","Wald ratio",1,-0.242,0.502,0.785,0.63,NA,NA,NA,0.017692984
"FAM174B","Lymphocyte","ANX","Wald ratio",1,-0.035,0.073,0.966,0.63,NA,NA,NA,0.020245771
"DNAJA4","Lymphocyte","ANX","Wald ratio",1,0.298,0.619,1.347,0.63,NA,NA,NA,0.015870278
"GAS2L1","Lymphocyte","ANX","Wald ratio",1,-0.023,0.048,0.977,0.631,NA,NA,NA,0.020894767
"FHAD1","Lymphocyte","ANX","Wald ratio",1,-0.022,0.046,0.978,0.631,NA,NA,NA,0.019426804
"CACNA1C","Lymphocyte","ANX","Inverse variance weighted",4,-0.015,0.031,0.985,0.631,0.76309597,0.676228327,0.425461908,0.020090041
"COMT","Lymphocyte","ANX","Wald ratio",1,0.016,0.034,1.016,0.631,NA,NA,NA,0.016226689
"MYF5","Lymphocyte","ANX","Wald ratio",1,-0.033,0.07,0.967,0.632,NA,NA,NA,0.015910439
"MYF6","Lymphocyte","ANX","Wald ratio",1,-0.036,0.074,0.965,0.632,NA,NA,NA,0.015910439
"PDLIM5","Lymphocyte","ANX","Wald ratio",1,-0.017,0.035,0.983,0.632,NA,NA,NA,0.018291607
"EPS8L3","Lymphocyte","ANX","Wald ratio",1,-0.02,0.041,0.981,0.632,NA,NA,NA,0.019054423
"CACNA1B","Lymphocyte","ANX","Wald ratio",1,0.043,0.091,1.044,0.633,NA,NA,NA,0.021988139
"TBX1","Lymphocyte","ANX","Wald ratio",1,0.078,0.163,1.081,0.633,NA,NA,NA,0.024181114
"MYT1L","Lymphocyte","ANX","Weighted median",5,-0.012,0.026,0.988,0.633,0.564736687,0.350938682,0.219631179,0.08522858
"KIAA0892","Lymphocyte","ANX","Wald ratio",1,-1.345,2.818,0.26,0.633,NA,NA,NA,0.016832055
"HAPLN4","Lymphocyte","ANX","Wald ratio",1,-0.172,0.36,0.842,0.633,NA,NA,NA,0.016832055
"C6orf167","Lymphocyte","ANX","Wald ratio",1,0.489,1.025,1.631,0.633,NA,NA,NA,0.01984512
"B3GALT1","Lymphocyte","ANX","Wald ratio",1,0.016,0.033,1.016,0.634,NA,NA,NA,0.017499314
"PEX26","Lymphocyte","ANX","Wald ratio",1,0.022,0.047,1.023,0.634,NA,NA,NA,0.018577604
"MEGF11","Lymphocyte","ANX","Wald ratio",1,0.021,0.044,1.021,0.634,NA,NA,NA,0.020602581
"NLGN1","Lymphocyte","ANX","Wald ratio",1,0.08,0.167,1.083,0.634,NA,NA,NA,0.015568396
"NXN","Lymphocyte","ANX","Inverse variance weighted",4,-0.013,0.027,0.987,0.635,0.767464113,0.272053443,0.207622024,0.018043345
"LPCAT2","Lymphocyte","ANX","Wald ratio",1,0.016,0.033,1.016,0.635,NA,NA,NA,0.014928905
"CD2AP","Lymphocyte","ANX","Wald ratio",1,-0.019,0.04,0.981,0.635,NA,NA,NA,0.017330432
"LSAMP","Lymphocyte","ANX","Weighted mode",4,0.023,0.043,1.023,0.635,0.387473778,0.417650038,0.434651958,0.025896933
"CXCL13","Lymphocyte","ANX","Wald ratio",1,-0.021,0.043,0.98,0.635,NA,NA,NA,0.021731916
"EXT1","Lymphocyte","ANX","Wald ratio",1,-0.016,0.033,0.984,0.636,NA,NA,NA,0.017578959
"SLC35F3","Lymphocyte","ANX","Simple mode",3,-0.024,0.044,0.976,0.636,0.807559368,0.821473727,0.666398858,0.014895239
"USP31","Lymphocyte","ANX","Wald ratio",1,-0.018,0.038,0.982,0.637,NA,NA,NA,0.018168445
"MUC2","Lymphocyte","ANX","Wald ratio",1,-0.031,0.066,0.969,0.637,NA,NA,NA,0.027247337
"SERPINF1","Lymphocyte","ANX","Wald ratio",1,0.016,0.034,1.016,0.638,NA,NA,NA,0.015795407
"WDR81","Lymphocyte","ANX","Wald ratio",1,0.507,1.078,1.661,0.638,NA,NA,NA,0.015795407
"SMYD4","Lymphocyte","ANX","Wald ratio",1,0.016,0.035,1.016,0.638,NA,NA,NA,0.015795407
"PYGB","Lymphocyte","ANX","Wald ratio",1,-0.015,0.032,0.985,0.638,NA,NA,NA,0.016467803
"LEPROTL1","Lymphocyte","ANX","Wald ratio",1,0.029,0.062,1.03,0.639,NA,NA,NA,0.031307101
"COPS3","Lymphocyte","ANX","Wald ratio",1,0.773,1.645,2.166,0.639,NA,NA,NA,0.01943227
"GALNT1","Lymphocyte","ANX","Wald ratio",1,-0.035,0.075,0.965,0.639,NA,NA,NA,0.024284603
"ARHGEF3","Lymphocyte","ANX","Wald ratio",1,0.039,0.084,1.04,0.639,NA,NA,NA,0.025819784
"C6orf145","Lymphocyte","ANX","Wald ratio",1,-0.054,0.115,0.948,0.639,NA,NA,NA,0.016718039
"PPP2R2C","Lymphocyte","ANX","Wald ratio",1,0.027,0.057,1.027,0.639,NA,NA,NA,0.018257932
"VSTM2B","Lymphocyte","ANX","Wald ratio",1,0.027,0.057,1.027,0.639,NA,NA,NA,0.018050448
"TMEM178","Lymphocyte","ANX","Wald ratio",1,-0.092,0.198,0.912,0.64,NA,NA,NA,0.01819406
"LOC100190940","Lymphocyte","ANX","Wald ratio",1,0.042,0.091,1.043,0.641,NA,NA,NA,0.016337102
"MLLT1","Lymphocyte","ANX","Wald ratio",1,0.017,0.036,1.017,0.641,NA,NA,NA,0.018647898
"NRGN","Lymphocyte","ANX","Wald ratio",1,0.018,0.039,1.019,0.641,NA,NA,NA,0.014588785
"VSIG2","Lymphocyte","ANX","Wald ratio",1,0.018,0.039,1.018,0.641,NA,NA,NA,0.018429424
"APOC4","Lymphocyte","ANX","Wald ratio",1,-0.015,0.033,0.985,0.641,NA,NA,NA,0.014595219
"CLPTM1","Lymphocyte","ANX","Wald ratio",1,-0.094,0.202,0.91,0.641,NA,NA,NA,0.015029878
"APOC2","Lymphocyte","ANX","Wald ratio",1,-0.016,0.034,0.984,0.641,NA,NA,NA,0.015029878
"KIAA1211","Lymphocyte","ANX","Wald ratio",1,-0.014,0.031,0.986,0.642,NA,NA,NA,0.016168332
"ABCA1","Lymphocyte","ANX","Inverse variance weighted",2,0.018,0.038,1.018,0.642,NA,0.197276142,NA,0.014991974
"PDE11A","Lymphocyte","ANX","Inverse variance weighted",2,-0.022,0.046,0.979,0.643,NA,0.372204216,NA,0.025299821
"EGF","Lymphocyte","ANX","Wald ratio",1,0.019,0.041,1.019,0.643,NA,NA,NA,0.017962549
"CPNE4","Lymphocyte","ANX","Wald ratio",1,0.098,0.211,1.103,0.643,NA,NA,NA,0.022078583
"A4GALT","Lymphocyte","ANX","Inverse variance weighted",2,-0.082,0.178,0.921,0.643,NA,0.382216446,NA,0.017080328
"MKLN1","Lymphocyte","ANX","Wald ratio",1,0.013,0.028,1.013,0.644,NA,NA,NA,0.014539391
"ENOSF1","Lymphocyte","ANX","Wald ratio",1,1.259,2.724,3.521,0.644,NA,NA,NA,0.024352169
"PCDH7","Lymphocyte","ANX","Wald ratio",1,-0.066,0.143,0.936,0.644,NA,NA,NA,0.014326333
"EHD4","Lymphocyte","ANX","Wald ratio",1,-0.038,0.083,0.963,0.644,NA,NA,NA,0.029726109
"SPTBN5","Lymphocyte","ANX","Wald ratio",1,-0.763,1.651,0.466,0.644,NA,NA,NA,0.029726109
"SNAR-I","Lymphocyte","ANX","Wald ratio",1,0.018,0.04,1.018,0.644,NA,NA,NA,0.018146388
"TRIOBP","Lymphocyte","ANX","Wald ratio",1,-0.05,0.108,0.952,0.645,NA,NA,NA,0.016605262
"CSMD1","Lymphocyte","ANX","Weighted mode",4,-0.013,0.026,0.987,0.645,0.683453599,0.684044532,0.482601746,0.043588632
"AJAP1","Lymphocyte","ANX","MR Egger",3,-0.144,0.231,0.866,0.645,0.071224414,0.154100867,0.76530546,0.015786452
"CHAT","Lymphocyte","ANX","Wald ratio",1,0.014,0.029,1.014,0.645,NA,NA,NA,0.015152602
"CADPS","Lymphocyte","ANX","Inverse variance weighted",2,0.022,0.047,1.022,0.645,NA,0.716633522,NA,0.016658946
"SGK2","Lymphocyte","ANX","Wald ratio",1,-0.02,0.043,0.98,0.646,NA,NA,NA,0.020946879
"MLYCD","Lymphocyte","ANX","Wald ratio",1,1.1,2.396,3.004,0.646,NA,NA,NA,0.031700982
"TRANK1","Lymphocyte","ANX","Wald ratio",1,-0.821,1.789,0.44,0.646,NA,NA,NA,0.018226499
"ATXN7L1","Lymphocyte","ANX","Inverse variance weighted",2,-0.012,0.026,0.988,0.646,NA,0.652043668,NA,0.016869789
"LYG2","Lymphocyte","ANX","Wald ratio",1,-0.016,0.035,0.984,0.647,NA,NA,NA,0.015657725
"MIR30B","Lymphocyte","ANX","Wald ratio",1,-0.016,0.036,0.984,0.647,NA,NA,NA,0.016895919
"FHDC1","Lymphocyte","ANX","Wald ratio",1,0.015,0.033,1.015,0.647,NA,NA,NA,0.016015046
"CAPG","Lymphocyte","ANX","Wald ratio",1,-0.022,0.048,0.978,0.647,NA,NA,NA,0.015340495
"FTSJD1","Lymphocyte","ANX","Wald ratio",1,-1.573,3.436,0.207,0.647,NA,NA,NA,0.020107433
"IL17RD","Lymphocyte","ANX","Wald ratio",1,-0.016,0.036,0.984,0.647,NA,NA,NA,0.017603216
"ZNF783","Lymphocyte","ANX","Wald ratio",1,-0.018,0.039,0.982,0.648,NA,NA,NA,0.020376907
"ZNF212","Lymphocyte","ANX","Wald ratio",1,-0.028,0.062,0.972,0.648,NA,NA,NA,0.02037679
"ARRDC5","Lymphocyte","ANX","Wald ratio",1,0.017,0.038,1.018,0.648,NA,NA,NA,0.018513645
"SLAIN1","Lymphocyte","ANX","Wald ratio",1,-0.412,0.904,0.662,0.648,NA,NA,NA,0.022886375
"OSBPL6","Lymphocyte","ANX","Wald ratio",1,-0.02,0.043,0.98,0.649,NA,NA,NA,0.019207065
"FSTL4","Lymphocyte","ANX","Wald ratio",1,0.033,0.071,1.033,0.649,NA,NA,NA,0.015739549
"DUSP6","Lymphocyte","ANX","Wald ratio",1,0.312,0.684,1.366,0.649,NA,NA,NA,0.032832947
"MYOM2","Lymphocyte","ANX","Inverse variance weighted",2,-0.034,0.074,0.967,0.649,NA,0.052052229,NA,0.023648514
"UTP20","Lymphocyte","ANX","Wald ratio",1,0.017,0.038,1.017,0.65,NA,NA,NA,0.01757983
"SEMA6A","Lymphocyte","ANX","Inverse variance weighted",2,-0.015,0.033,0.985,0.65,NA,0.74639532,NA,0.017891041
"ALG10B","Lymphocyte","ANX","Wald ratio",1,-0.156,0.343,0.856,0.65,NA,NA,NA,0.017475662
"RPTOR","Lymphocyte","ANX","Weighted median",3,0.012,0.026,1.012,0.65,0.40265957,0.676772044,0.824029262,0.016799772
"SIM2","Lymphocyte","ANX","Wald ratio",1,-0.093,0.205,0.911,0.65,NA,NA,NA,0.017371412
"ZAK","Lymphocyte","ANX","Wald ratio",1,0.036,0.08,1.037,0.651,NA,NA,NA,0.01762026
"ITM2C","Lymphocyte","ANX","Weighted mode",3,-0.02,0.037,0.981,0.651,0.583297948,0.700881223,0.637457989,0.021895736
"A4GNT","Lymphocyte","ANX","Wald ratio",1,-0.029,0.063,0.972,0.651,NA,NA,NA,0.017058181
"PMPCB","Lymphocyte","ANX","Wald ratio",1,-0.046,0.101,0.955,0.651,NA,NA,NA,0.030644229
"LRRK1","Lymphocyte","ANX","Inverse variance weighted",2,-0.033,0.072,0.968,0.651,NA,0.019192354,NA,0.021856012
"CPS1","Lymphocyte","ANX","Wald ratio",1,0.027,0.061,1.028,0.651,NA,NA,NA,0.022504116
"NTRK2","Lymphocyte","ANX","Wald ratio",1,-0.073,0.161,0.93,0.651,NA,NA,NA,0.017764721
"PAOX","Lymphocyte","ANX","Wald ratio",1,-0.068,0.151,0.934,0.652,NA,NA,NA,0.057125848
"EEPD1","Lymphocyte","ANX","Inverse variance weighted",2,0.025,0.055,1.025,0.652,NA,0.895342696,NA,0.018093189
"EFEMP2","Lymphocyte","ANX","Wald ratio",1,-0.074,0.165,0.928,0.652,NA,NA,NA,0.017348215
"OVOL1","Lymphocyte","ANX","Wald ratio",1,-0.021,0.046,0.979,0.652,NA,NA,NA,0.017348215
"SDK2","Lymphocyte","ANX","Inverse variance weighted",2,-0.035,0.079,0.965,0.652,NA,0.007536783,NA,0.18671565
"STAT3","Lymphocyte","ANX","Wald ratio",1,-0.028,0.062,0.973,0.653,NA,NA,NA,0.016930422
"C8orf71","Lymphocyte","ANX","Wald ratio",1,-0.019,0.043,0.981,0.654,NA,NA,NA,0.020551683
"NLGN2","Lymphocyte","ANX","Wald ratio",1,0.051,0.113,1.052,0.654,NA,NA,NA,0.025211698
"TNK1","Lymphocyte","ANX","Wald ratio",1,0.022,0.049,1.022,0.654,NA,NA,NA,0.025211498
"DGKB","Lymphocyte","ANX","Wald ratio",1,0.025,0.056,1.025,0.654,NA,NA,NA,0.024589324
"ZSCAN18","Lymphocyte","ANX","Wald ratio",1,-0.03,0.068,0.97,0.654,NA,NA,NA,0.021680485
"KLF15","Lymphocyte","ANX","Wald ratio",1,-0.259,0.578,0.772,0.655,NA,NA,NA,0.015839282
"C18orf1","Lymphocyte","ANX","MR Egger",3,0.116,0.193,1.123,0.655,0.535433475,0.717170672,0.689778379,0.015122288
"C11orf75","Lymphocyte","ANX","Wald ratio",1,-0.051,0.113,0.951,0.655,NA,NA,NA,0.02665153
"SYDE1","Lymphocyte","ANX","Wald ratio",1,-0.043,0.096,0.958,0.655,NA,NA,NA,0.022159993
"AKAP12","Lymphocyte","ANX","Inverse variance weighted",2,0.026,0.057,1.026,0.655,NA,0.899677504,NA,0.025356807
"HLA-DOB","Lymphocyte","ANX","Wald ratio",1,-0.015,0.034,0.985,0.656,NA,NA,NA,0.017822788
"TAP2","Lymphocyte","ANX","Wald ratio",1,-0.018,0.039,0.983,0.656,NA,NA,NA,0.017822788
"CACNA1C","Lymphocyte","ANX","Weighted median",4,-0.015,0.035,0.985,0.656,0.76309597,0.676228327,0.425461908,0.020090041
"DECR1","Lymphocyte","ANX","Wald ratio",1,0.1,0.224,1.105,0.656,NA,NA,NA,0.016237307
"TNS1","Lymphocyte","ANX","Inverse variance weighted",2,-0.024,0.053,0.977,0.656,NA,0.45336957,NA,0.014455027
"PRKAG2","Lymphocyte","ANX","Weighted mode",4,-0.015,0.031,0.985,0.656,0.264062435,0.390080758,0.660521003,0.027770776
"MYO16","Lymphocyte","ANX","Wald ratio",1,0.018,0.041,1.018,0.656,NA,NA,NA,0.020326001
"PDHA2","Lymphocyte","ANX","Wald ratio",1,0.014,0.031,1.014,0.656,NA,NA,NA,0.016132156
"RASSF4","Lymphocyte","ANX","Wald ratio",1,-0.187,0.42,0.83,0.656,NA,NA,NA,0.017052814
"C10orf25","Lymphocyte","ANX","Wald ratio",1,-0.02,0.044,0.981,0.656,NA,NA,NA,0.017052814
"C10orf10","Lymphocyte","ANX","Wald ratio",1,-0.103,0.231,0.902,0.656,NA,NA,NA,0.017052814
"MYO1B","Lymphocyte","ANX","Wald ratio",1,0.014,0.031,1.014,0.656,NA,NA,NA,0.015563949
"RNF138","Lymphocyte","ANX","Wald ratio",1,0.013,0.03,1.013,0.657,NA,NA,NA,0.015458303
"ADARB2","Lymphocyte","ANX","Inverse variance weighted",4,0.014,0.032,1.014,0.657,0.237226174,0.184427527,0.363886194,0.037740724
"DPY19L2P4","Lymphocyte","ANX","Wald ratio",1,-0.168,0.379,0.845,0.657,NA,NA,NA,0.016631104
"STEAP2","Lymphocyte","ANX","Wald ratio",1,-0.017,0.039,0.983,0.657,NA,NA,NA,0.016634253
"XYLT1","Lymphocyte","ANX","Inverse variance weighted",2,0.021,0.047,1.021,0.658,NA,0.120770428,NA,0.015154738
"SLC27A6","Lymphocyte","ANX","Wald ratio",1,0.054,0.122,1.056,0.658,NA,NA,NA,0.016675271
"KIF3C","Lymphocyte","ANX","Wald ratio",1,-0.049,0.11,0.952,0.659,NA,NA,NA,0.018749523
"FGFR1","Lymphocyte","ANX","Wald ratio",1,-0.016,0.037,0.984,0.659,NA,NA,NA,0.0156466
"MAPRE2","Lymphocyte","ANX","Wald ratio",1,0.015,0.034,1.015,0.659,NA,NA,NA,0.016925583
"ABLIM3","Lymphocyte","ANX","Wald ratio",1,0.018,0.04,1.018,0.659,NA,NA,NA,0.018192486
"C21orf29","Lymphocyte","ANX","Inverse variance weighted",2,-0.013,0.03,0.987,0.659,NA,0.753410919,NA,0.020159125
"ARHGAP24","Lymphocyte","ANX","Inverse variance weighted",2,0.017,0.038,1.017,0.659,NA,0.927051615,NA,0.015182302
"PSME4","Lymphocyte","ANX","Wald ratio",1,-0.048,0.109,0.953,0.66,NA,NA,NA,0.016150532
"RORA","Lymphocyte","ANX","Weighted median",4,0.012,0.027,1.012,0.66,0.069257575,0.140447919,0.845783622,0.014878443
"COL18A1","Lymphocyte","ANX","Wald ratio",1,0.039,0.089,1.04,0.66,NA,NA,NA,0.017673746
"C17orf28","Lymphocyte","ANX","Wald ratio",1,0.043,0.097,1.044,0.661,NA,NA,NA,0.04197999
"SCPEP1","Lymphocyte","ANX","Wald ratio",1,-1.147,2.613,0.318,0.661,NA,NA,NA,0.020666195
"ADAMTS16","Lymphocyte","ANX","Inverse variance weighted",2,0.019,0.043,1.019,0.661,NA,0.108274282,NA,0.014133937
"VPREB1","Lymphocyte","ANX","Wald ratio",1,-0.225,0.513,0.799,0.661,NA,NA,NA,0.031134086
"LHX4","Lymphocyte","ANX","Wald ratio",1,0.013,0.029,1.013,0.661,NA,NA,NA,0.014380691
"BSX","Lymphocyte","ANX","Wald ratio",1,-0.034,0.078,0.966,0.662,NA,NA,NA,0.015876155
"ST3GAL4","Lymphocyte","ANX","Wald ratio",1,0.077,0.175,1.08,0.662,NA,NA,NA,0.01831429
"THTPA","Lymphocyte","ANX","Wald ratio",1,0.026,0.058,1.026,0.662,NA,NA,NA,0.024580465
"GALC","Lymphocyte","ANX","Wald ratio",1,-0.02,0.045,0.98,0.662,NA,NA,NA,0.020158081
"DNAH14","Lymphocyte","ANX","Wald ratio",1,-0.018,0.042,0.982,0.662,NA,NA,NA,0.019954224
"GOLPH3","Lymphocyte","ANX","Wald ratio",1,-0.022,0.051,0.978,0.663,NA,NA,NA,0.015917566
"HLA-DOA","Lymphocyte","ANX","Wald ratio",1,0.022,0.052,1.023,0.663,NA,NA,NA,0.017089663
"CRTC1","Lymphocyte","ANX","Wald ratio",1,0.018,0.042,1.018,0.664,NA,NA,NA,0.016921147
"GREB1","Lymphocyte","ANX","Inverse variance weighted",2,0.018,0.042,1.018,0.664,NA,0.200398794,NA,0.018503109
"SPAG4","Lymphocyte","ANX","Wald ratio",1,-0.144,0.332,0.866,0.664,NA,NA,NA,0.017629348
"MTAP","Lymphocyte","ANX","Wald ratio",1,-0.017,0.04,0.983,0.665,NA,NA,NA,0.015284543
"KIR2DL1","Lymphocyte","ANX","Wald ratio",1,-0.029,0.066,0.972,0.665,NA,NA,NA,0.030768349
"OR10A5","Lymphocyte","ANX","Wald ratio",1,0.012,0.028,1.012,0.665,NA,NA,NA,0.014352455
"GDPD5","Lymphocyte","ANX","Wald ratio",1,0.062,0.143,1.064,0.666,NA,NA,NA,0.029506617
"TFAP2B","Lymphocyte","ANX","Wald ratio",1,-0.06,0.14,0.941,0.666,NA,NA,NA,0.022746963
"MCPH1","Lymphocyte","ANX","Wald ratio",1,-0.022,0.051,0.978,0.666,NA,NA,NA,0.02583478
"FAM135B","Lymphocyte","ANX","Wald ratio",1,-0.016,0.037,0.984,0.667,NA,NA,NA,0.016544662
"FLT4","Lymphocyte","ANX","Wald ratio",1,0.023,0.053,1.023,0.667,NA,NA,NA,0.022984724
"COLEC11","Lymphocyte","ANX","Wald ratio",1,0.024,0.055,1.024,0.667,NA,NA,NA,0.025872731
"AGPAT4","Lymphocyte","ANX","Inverse variance weighted",3,-0.025,0.059,0.975,0.667,0.01769027,0.058506648,0.939769586,0.040098257
"ITIH4","Lymphocyte","ANX","Wald ratio",1,-0.019,0.045,0.981,0.667,NA,NA,NA,0.017752318
"POU6F1","Lymphocyte","ANX","Wald ratio",1,0.023,0.054,1.024,0.667,NA,NA,NA,0.018104267
"DAZAP2","Lymphocyte","ANX","Wald ratio",1,0.016,0.037,1.016,0.667,NA,NA,NA,0.018104267
"IQSEC3","Lymphocyte","ANX","Inverse variance weighted",2,0.013,0.029,1.013,0.667,NA,0.264186004,NA,0.010232138
"DPM2","Lymphocyte","ANX","Wald ratio",1,0.024,0.055,1.024,0.668,NA,NA,NA,0.024633523
"FAM102A","Lymphocyte","ANX","Wald ratio",1,0.025,0.058,1.025,0.668,NA,NA,NA,0.024633465
"PIP5KL1","Lymphocyte","ANX","Wald ratio",1,0.077,0.18,1.08,0.668,NA,NA,NA,0.024633523
"IGF1R","Lymphocyte","ANX","Inverse variance weighted",3,0.017,0.04,1.017,0.668,0.980001483,0.925101326,0.761173946,0.014789958
"MGC23270","Lymphocyte","ANX","Wald ratio",1,-0.035,0.083,0.965,0.669,NA,NA,NA,0.029411663
"SERPINE2","Lymphocyte","ANX","Wald ratio",1,-0.022,0.053,0.978,0.67,NA,NA,NA,0.014844005
"KIAA1026","Lymphocyte","ANX","MR Egger",3,0.046,0.08,1.047,0.67,0.75414332,0.926640505,0.854257337,0.014802172
"COL1A1","Lymphocyte","ANX","Wald ratio",1,-0.119,0.28,0.888,0.67,NA,NA,NA,0.025408205
"ODZ4","Lymphocyte","ANX","Inverse variance weighted",2,-0.034,0.079,0.967,0.671,NA,0.083442248,NA,0.078819629
"TAPT1","Lymphocyte","ANX","Wald ratio",1,-0.022,0.052,0.978,0.671,NA,NA,NA,0.014816902
"IDE","Lymphocyte","ANX","Wald ratio",1,-0.034,0.079,0.967,0.671,NA,NA,NA,0.025812271
"ODC1","Lymphocyte","ANX","Wald ratio",1,0.179,0.422,1.196,0.672,NA,NA,NA,0.015070692
"NOL10","Lymphocyte","ANX","Wald ratio",1,0.364,0.858,1.439,0.672,NA,NA,NA,0.015070698
"ZNF804B","Lymphocyte","ANX","Wald ratio",1,0.012,0.029,1.013,0.672,NA,NA,NA,0.014350213
"ZNF486","Lymphocyte","ANX","Wald ratio",1,-0.342,0.807,0.71,0.672,NA,NA,NA,0.018301982
"CACNA1G","Lymphocyte","ANX","Wald ratio",1,-0.017,0.041,0.983,0.672,NA,NA,NA,0.017501413
"ADAMTS2","Lymphocyte","ANX","Simple mode",5,0.012,0.027,1.012,0.672,0.991036101,0.997568112,0.861155041,0.015323886
"LYST","Lymphocyte","ANX","Wald ratio",1,-0.14,0.331,0.87,0.673,NA,NA,NA,0.015471527
"SYNGR3","Lymphocyte","ANX","Wald ratio",1,0.029,0.068,1.029,0.674,NA,NA,NA,0.019683566
"ZNF598","Lymphocyte","ANX","Wald ratio",1,0.018,0.042,1.018,0.674,NA,NA,NA,0.019678132
"C8orf58","Lymphocyte","ANX","Wald ratio",1,0.387,0.918,1.472,0.674,NA,NA,NA,0.018391053
"PDLIM2","Lymphocyte","ANX","Wald ratio",1,0.037,0.088,1.038,0.674,NA,NA,NA,0.018391053
"ANK1","Lymphocyte","ANX","Wald ratio",1,-0.013,0.032,0.987,0.674,NA,NA,NA,0.016269906
"NKX6-3","Lymphocyte","ANX","Wald ratio",1,-0.065,0.155,0.937,0.674,NA,NA,NA,0.016269906
"CHD9","Lymphocyte","ANX","Wald ratio",1,-0.434,1.034,0.648,0.675,NA,NA,NA,0.017480122
"LOC100133469","Lymphocyte","ANX","Wald ratio",1,-0.064,0.152,0.938,0.675,NA,NA,NA,0.056441445
"SPAG17","Lymphocyte","ANX","Wald ratio",1,-0.039,0.092,0.962,0.675,NA,NA,NA,0.031946261
"RNF175","Lymphocyte","ANX","Wald ratio",1,0.015,0.035,1.015,0.675,NA,NA,NA,0.017521491
"SFRP2","Lymphocyte","ANX","Wald ratio",1,0.036,0.085,1.036,0.675,NA,NA,NA,0.017521491
"ALKBH3","Lymphocyte","ANX","Wald ratio",1,-0.034,0.082,0.966,0.675,NA,NA,NA,0.027825748
"SLC7A7","Lymphocyte","ANX","Wald ratio",1,-0.013,0.032,0.987,0.676,NA,NA,NA,0.015954963
"ZNF879","Lymphocyte","ANX","Wald ratio",1,0.046,0.109,1.047,0.676,NA,NA,NA,0.017167989
"MYT1L","Lymphocyte","ANX","Simple mode",5,-0.016,0.035,0.984,0.676,0.564736687,0.350938682,0.219631179,0.08522858
"ATP11B","Lymphocyte","ANX","Wald ratio",1,0.015,0.037,1.015,0.676,NA,NA,NA,0.017915304
"LOC651250","Lymphocyte","ANX","Wald ratio",1,-0.439,1.053,0.644,0.676,NA,NA,NA,0.020880617
"THY1","Lymphocyte","ANX","Wald ratio",1,-0.071,0.17,0.932,0.676,NA,NA,NA,0.016959516
"FOXN3","Lymphocyte","ANX","Simple mode",4,0.022,0.048,1.022,0.677,0.540523847,0.186707345,0.199264344,0.028645737
"PTPRE","Lymphocyte","ANX","Inverse variance weighted",2,-0.013,0.03,0.988,0.677,NA,0.313492901,NA,0.014356422
"GPD1L","Lymphocyte","ANX","Wald ratio",1,-0.02,0.047,0.98,0.677,NA,NA,NA,0.017105342
"AHRR","Lymphocyte","ANX","Wald ratio",1,-0.016,0.038,0.984,0.677,NA,NA,NA,0.018904955
"NFATC2","Lymphocyte","ANX","Wald ratio",1,-0.019,0.046,0.981,0.677,NA,NA,NA,0.017105342
"IGF2BP2","Lymphocyte","ANX","Wald ratio",1,0.019,0.045,1.019,0.677,NA,NA,NA,0.018802184
"SLFN12","Lymphocyte","ANX","Wald ratio",1,-0.032,0.078,0.968,0.678,NA,NA,NA,0.014455484
"SFRS12","Lymphocyte","ANX","Wald ratio",1,0.087,0.208,1.09,0.678,NA,NA,NA,0.020961137
"ADCY8","Lymphocyte","ANX","Wald ratio",1,0.025,0.06,1.025,0.678,NA,NA,NA,0.024536513
"TTC26","Lymphocyte","ANX","Wald ratio",1,-0.038,0.092,0.963,0.678,NA,NA,NA,0.038461592
"CSMD3","Lymphocyte","ANX","Wald ratio",1,-0.015,0.037,0.985,0.678,NA,NA,NA,0.017292555
"NAV2","Lymphocyte","ANX","MR Egger",3,0.066,0.12,1.069,0.679,0.572953388,0.793905924,0.769242351,0.026450736
"MYT1L","Lymphocyte","ANX","Weighted mode",5,-0.013,0.03,0.987,0.68,0.564736687,0.350938682,0.219631179,0.08522858
"MAPK8IP3","Lymphocyte","ANX","Wald ratio",1,-0.018,0.043,0.983,0.68,NA,NA,NA,0.02180519
"ITM2C","Lymphocyte","ANX","Weighted median",3,-0.016,0.039,0.984,0.681,0.583297948,0.700881223,0.637457989,0.021895736
"C15orf41","Lymphocyte","ANX","Wald ratio",1,-0.021,0.05,0.98,0.681,NA,NA,NA,0.021604788
"MATN3","Lymphocyte","ANX","Wald ratio",1,-0.022,0.054,0.978,0.682,NA,NA,NA,0.016457965
"REG1A","Lymphocyte","ANX","Wald ratio",1,0.032,0.078,1.032,0.682,NA,NA,NA,0.035370201
"ADAMTS2","Lymphocyte","ANX","Weighted mode",5,0.012,0.027,1.012,0.682,0.991036101,0.997568112,0.861155041,0.015323886
"CXCR7","Lymphocyte","ANX","Wald ratio",1,0.33,0.806,1.391,0.682,NA,NA,NA,0.02096106
"FBXO18","Lymphocyte","ANX","Wald ratio",1,0.014,0.033,1.014,0.682,NA,NA,NA,0.014625244
"ZDHHC17","Lymphocyte","ANX","Wald ratio",1,-0.015,0.036,0.986,0.682,NA,NA,NA,0.011630079
"ITPR1","Lymphocyte","ANX","Inverse variance weighted",2,-0.027,0.066,0.973,0.683,NA,0.097796994,NA,0.062357776
"CCDC87","Lymphocyte","ANX","Wald ratio",1,-0.058,0.142,0.944,0.683,NA,NA,NA,0.013902813
"RIN2","Lymphocyte","ANX","Wald ratio",1,-0.015,0.036,0.985,0.683,NA,NA,NA,0.01528106
"EML3","Lymphocyte","ANX","Wald ratio",1,0.098,0.241,1.103,0.684,NA,NA,NA,0.015681591
"C11orf48","Lymphocyte","ANX","Wald ratio",1,0.014,0.033,1.014,0.684,NA,NA,NA,0.015681591
"SPARC","Lymphocyte","ANX","Wald ratio",1,-0.031,0.077,0.969,0.684,NA,NA,NA,0.029055695
"TBL1XR1","Lymphocyte","ANX","Wald ratio",1,-0.02,0.049,0.98,0.684,NA,NA,NA,0.017438395
"SYNE1","Lymphocyte","ANX","Inverse variance weighted",2,-0.033,0.08,0.968,0.685,NA,0.070314862,NA,0.028459478
"DLX1","Lymphocyte","ANX","Wald ratio",1,-0.095,0.233,0.91,0.685,NA,NA,NA,0.019907317
"MAP1D","Lymphocyte","ANX","Wald ratio",1,-0.088,0.216,0.916,0.685,NA,NA,NA,0.019907317
"IL31RA","Lymphocyte","ANX","Wald ratio",1,-0.027,0.068,0.973,0.685,NA,NA,NA,0.026593171
"TACR1","Lymphocyte","ANX","MR Egger",3,0.2,0.372,1.222,0.685,0.760523576,0.847616478,0.711178616,0.01427198
"ZNF704","Lymphocyte","ANX","Wald ratio",1,-0.249,0.615,0.78,0.686,NA,NA,NA,0.02740993
"KIAA0748","Lymphocyte","ANX","Wald ratio",1,-0.04,0.099,0.961,0.686,NA,NA,NA,0.020921269
"COL4A2","Lymphocyte","ANX","MR Egger",3,-0.057,0.106,0.945,0.686,0.661124109,0.907781416,0.976685938,0.065132096
"ODZ3","Lymphocyte","ANX","Simple mode",3,0.019,0.04,1.019,0.686,0.629436348,0.571496921,0.519222251,0.024434795
"RNASE12","Lymphocyte","ANX","Wald ratio",1,0.022,0.054,1.022,0.686,NA,NA,NA,0.025983152
"INPP5E","Lymphocyte","ANX","Wald ratio",1,0.015,0.036,1.015,0.687,NA,NA,NA,0.015555788
"SEC16A","Lymphocyte","ANX","Wald ratio",1,0.014,0.035,1.014,0.687,NA,NA,NA,0.015555788
"C2orf40","Lymphocyte","ANX","Wald ratio",1,0.032,0.079,1.033,0.687,NA,NA,NA,0.022643662
"SNORD93","Lymphocyte","ANX","Wald ratio",1,0.084,0.209,1.088,0.687,NA,NA,NA,0.017459843
"FAM129B","Lymphocyte","ANX","Wald ratio",1,0.123,0.307,1.131,0.688,NA,NA,NA,0.015850663
"FZD3","Lymphocyte","ANX","Wald ratio",1,0.555,1.384,1.742,0.688,NA,NA,NA,0.022146416
"FAM166B","Lymphocyte","ANX","Wald ratio",1,0.019,0.048,1.02,0.689,NA,NA,NA,0.019275474
"SLC36A3","Lymphocyte","ANX","Wald ratio",1,0.021,0.053,1.022,0.689,NA,NA,NA,0.017543454
"ITGB5","Lymphocyte","ANX","Wald ratio",1,0.016,0.04,1.016,0.689,NA,NA,NA,0.018288693
"FGFR2","Lymphocyte","ANX","Wald ratio",1,-0.012,0.03,0.988,0.69,NA,NA,NA,0.014923236
"IRS2","Lymphocyte","ANX","Wald ratio",1,-0.015,0.038,0.985,0.69,NA,NA,NA,0.014923236
"TMEM176A","Lymphocyte","ANX","Wald ratio",1,0.027,0.068,1.027,0.69,NA,NA,NA,0.014669115
"VSIG10","Lymphocyte","ANX","Wald ratio",1,0.02,0.049,1.02,0.69,NA,NA,NA,0.024112846
"IPO7","Lymphocyte","ANX","Wald ratio",1,-0.712,1.788,0.491,0.691,NA,NA,NA,0.015977666
"ASGR2","Lymphocyte","ANX","Wald ratio",1,-0.013,0.033,0.987,0.691,NA,NA,NA,0.015620328
"HDAC4","Lymphocyte","ANX","Weighted median",3,-0.01,0.026,0.99,0.691,0.016722936,0.056753214,0.969844198,0.016085827
"HUS1","Lymphocyte","ANX","Wald ratio",1,-0.17,0.428,0.844,0.692,NA,NA,NA,0.02447621
"GNG12","Lymphocyte","ANX","Inverse variance weighted",2,-0.033,0.082,0.968,0.692,NA,0.456310567,NA,0.02697514
"ESRRG","Lymphocyte","ANX","Inverse variance weighted",2,-0.017,0.044,0.983,0.692,NA,0.329875029,NA,0.025488313
"ITGA9","Lymphocyte","ANX","Wald ratio",1,0.092,0.232,1.096,0.693,NA,NA,NA,0.021327059
"ITM2C","Lymphocyte","ANX","Inverse variance weighted",3,-0.015,0.038,0.985,0.693,0.583297948,0.700881223,0.637457989,0.021895736
"ISL1","Lymphocyte","ANX","Wald ratio",1,-0.067,0.171,0.935,0.694,NA,NA,NA,0.015495154
"ARHGEF10","Lymphocyte","ANX","Weighted median",3,-0.012,0.029,0.988,0.694,0.115240923,0.126773395,0.564473655,0.01713252
"FMNL2","Lymphocyte","ANX","Wald ratio",1,-0.025,0.063,0.975,0.694,NA,NA,NA,0.018043012
"GRIK4","Lymphocyte","ANX","Inverse variance weighted",2,0.013,0.032,1.013,0.694,NA,0.394405637,NA,0.034066195
"TGIF1","Lymphocyte","ANX","Wald ratio",1,-0.272,0.694,0.762,0.695,NA,NA,NA,0.017044093
"BTBD7","Lymphocyte","ANX","Wald ratio",1,-0.04,0.103,0.96,0.695,NA,NA,NA,0.023359878
"PRKCA","Lymphocyte","ANX","MR Egger",4,-0.079,0.174,0.924,0.695,0.914286198,0.91888126,0.628198013,0.060424145
"CCDC146","Lymphocyte","ANX","Wald ratio",1,-0.019,0.05,0.981,0.695,NA,NA,NA,0.024712176
"EVC2","Lymphocyte","ANX","Wald ratio",1,-0.05,0.129,0.951,0.696,NA,NA,NA,0.026254476
"SNX18","Lymphocyte","ANX","Wald ratio",1,0.031,0.079,1.031,0.696,NA,NA,NA,0.015074104
"DYSF","Lymphocyte","ANX","Wald ratio",1,-0.015,0.039,0.985,0.697,NA,NA,NA,0.019053903
"HRNBP3","Lymphocyte","ANX","Weighted median",3,-0.01,0.026,0.99,0.697,0.205649906,0.330914051,0.648008583,0.016003487
"C6orf225","Lymphocyte","ANX","Wald ratio",1,0.6,1.542,1.822,0.697,NA,NA,NA,0.015368876
"SLC35F3","Lymphocyte","ANX","Weighted median",3,0.011,0.027,1.011,0.697,0.807559368,0.821473727,0.666398858,0.014895239
"RERE","Lymphocyte","ANX","Wald ratio",1,0.02,0.051,1.02,0.698,NA,NA,NA,0.014863162
"ENO1","Lymphocyte","ANX","Wald ratio",1,0.011,0.029,1.011,0.698,NA,NA,NA,0.014863162
"FAM41C","Lymphocyte","ANX","Wald ratio",1,0.154,0.395,1.166,0.698,NA,NA,NA,0.035070639
"DEFA5","Lymphocyte","ANX","Wald ratio",1,0.015,0.039,1.015,0.698,NA,NA,NA,0.016170062
"ZADH2","Lymphocyte","ANX","Wald ratio",1,0.054,0.139,1.055,0.698,NA,NA,NA,0.024402306
"ZBED4","Lymphocyte","ANX","Inverse variance weighted",2,-0.015,0.038,0.985,0.698,NA,0.510862789,NA,0.024924064
"GDNF","Lymphocyte","ANX","Wald ratio",1,0.031,0.08,1.031,0.698,NA,NA,NA,0.016568257
"CDA","Lymphocyte","ANX","Wald ratio",1,-0.027,0.07,0.973,0.698,NA,NA,NA,0.016317084
"NEGR1","Lymphocyte","ANX","Wald ratio",1,0.012,0.032,1.012,0.698,NA,NA,NA,0.014291995
"RAB3IP","Lymphocyte","ANX","Wald ratio",1,-0.161,0.416,0.851,0.699,NA,NA,NA,0.029818733
"NMRAL1","Lymphocyte","ANX","Wald ratio",1,0.023,0.059,1.023,0.699,NA,NA,NA,0.017506873
"HMOX2","Lymphocyte","ANX","Wald ratio",1,0.014,0.036,1.014,0.699,NA,NA,NA,0.017506873
"CSNK2A2","Lymphocyte","ANX","Wald ratio",1,0.023,0.06,1.023,0.699,NA,NA,NA,0.025306489
"BCAR3","Lymphocyte","ANX","Wald ratio",1,0.035,0.091,1.036,0.699,NA,NA,NA,0.017257465
"SERPINB6","Lymphocyte","ANX","Wald ratio",1,-0.018,0.046,0.982,0.699,NA,NA,NA,0.017901092
"WNT10A","Lymphocyte","ANX","Wald ratio",1,-0.349,0.902,0.706,0.699,NA,NA,NA,0.01917858
"KRT83","Lymphocyte","ANX","Wald ratio",1,0.017,0.043,1.017,0.699,NA,NA,NA,0.014291542
"ERC1","Lymphocyte","ANX","Wald ratio",1,0.131,0.339,1.14,0.7,NA,NA,NA,0.029101358
"TUBB8","Lymphocyte","ANX","Wald ratio",1,-0.014,0.037,0.986,0.7,NA,NA,NA,0.016255139
"DIDO1","Lymphocyte","ANX","Wald ratio",1,-0.016,0.041,0.984,0.7,NA,NA,NA,0.014843549
"UGT1A10","Lymphocyte","ANX","Wald ratio",1,0.012,0.031,1.012,0.7,NA,NA,NA,0.015245497
"EXOG","Lymphocyte","ANX","Wald ratio",1,-0.034,0.088,0.967,0.701,NA,NA,NA,0.016945995
"SGSM2","Lymphocyte","ANX","Wald ratio",1,-0.012,0.03,0.988,0.701,NA,NA,NA,0.015393516
"FIGN","Lymphocyte","ANX","Wald ratio",1,0.024,0.063,1.025,0.701,NA,NA,NA,0.022294071
"PRKAG2","Lymphocyte","ANX","Simple mode",4,-0.015,0.036,0.985,0.702,0.264062435,0.390080758,0.660521003,0.027770776
"UNCX","Lymphocyte","ANX","Wald ratio",1,0.056,0.148,1.058,0.702,NA,NA,NA,0.02285176
"CPT1A","Lymphocyte","ANX","Wald ratio",1,-0.016,0.041,0.984,0.702,NA,NA,NA,0.013128499
"TJP2","Lymphocyte","ANX","Wald ratio",1,0.044,0.115,1.045,0.702,NA,NA,NA,0.01870872
"DHRS4L2","Lymphocyte","ANX","Wald ratio",1,0.736,1.932,2.088,0.703,NA,NA,NA,0.021796409
"DHRS4L1","Lymphocyte","ANX","Wald ratio",1,0.9,2.361,2.46,0.703,NA,NA,NA,0.021796409
"SLC14A1","Lymphocyte","ANX","Inverse variance weighted",2,-0.011,0.028,0.989,0.703,NA,0.642334203,NA,0.014702649
"C3P1","Lymphocyte","ANX","Wald ratio",1,-0.026,0.069,0.974,0.703,NA,NA,NA,0.01602642
"TFAM","Lymphocyte","ANX","Wald ratio",1,-1.183,3.108,0.306,0.703,NA,NA,NA,0.019284603
"MYPN","Lymphocyte","ANX","Wald ratio",1,0.013,0.033,1.013,0.704,NA,NA,NA,0.015922211
"SLC35F3","Lymphocyte","ANX","Inverse variance weighted",3,0.01,0.027,1.01,0.704,0.807559368,0.821473727,0.666398858,0.014895239
"CA3","Lymphocyte","ANX","Wald ratio",1,0.027,0.071,1.027,0.705,NA,NA,NA,0.017407506
"DBX2","Lymphocyte","ANX","Wald ratio",1,-0.023,0.061,0.977,0.705,NA,NA,NA,0.024409657
"PCDH20","Lymphocyte","ANX","Wald ratio",1,-0.013,0.033,0.988,0.705,NA,NA,NA,0.015460111
"SPSB4","Lymphocyte","ANX","Wald ratio",1,0.017,0.044,1.017,0.705,NA,NA,NA,0.022058457
"PRDM16","Lymphocyte","ANX","MR Egger",4,-0.123,0.282,0.884,0.706,0.563727106,0.712682236,0.683145099,0.022806845
"C1orf52","Lymphocyte","ANX","Wald ratio",1,0.013,0.034,1.013,0.706,NA,NA,NA,0.016750235
"C11orf51","Lymphocyte","ANX","Wald ratio",1,-0.649,1.717,0.523,0.706,NA,NA,NA,0.029808591
"C14orf102","Lymphocyte","ANX","Wald ratio",1,-0.013,0.035,0.987,0.706,NA,NA,NA,0.016155075
"BCHE","Lymphocyte","ANX","Wald ratio",1,-0.026,0.069,0.974,0.706,NA,NA,NA,0.021718206
"RPTOR","Lymphocyte","ANX","Weighted mode",3,0.013,0.031,1.013,0.706,0.40265957,0.676772044,0.824029262,0.016799772
"NADSYN1","Lymphocyte","ANX","Wald ratio",1,0.018,0.047,1.018,0.706,NA,NA,NA,0.020327186
"LOC149837","Lymphocyte","ANX","Wald ratio",1,-0.036,0.096,0.964,0.706,NA,NA,NA,0.018134534
"AACS","Lymphocyte","ANX","Inverse variance weighted",2,0.05,0.133,1.051,0.706,NA,0.287426783,NA,0.036832552
"GPR124","Lymphocyte","ANX","Wald ratio",1,-0.031,0.083,0.969,0.706,NA,NA,NA,0.018917952
"UGT2B7","Lymphocyte","ANX","Wald ratio",1,0.013,0.033,1.013,0.706,NA,NA,NA,0.01670004
"TDRD5","Lymphocyte","ANX","Wald ratio",1,0.022,0.058,1.022,0.706,NA,NA,NA,0.025960343
"C1orf125","Lymphocyte","ANX","Wald ratio",1,0.02,0.052,1.02,0.706,NA,NA,NA,0.023496985
"C19orf34","Lymphocyte","ANX","Wald ratio",1,-0.016,0.043,0.984,0.706,NA,NA,NA,0.019839354
"CSNK1G2","Lymphocyte","ANX","Wald ratio",1,-0.015,0.04,0.985,0.706,NA,NA,NA,0.019839354
"BTBD2","Lymphocyte","ANX","Wald ratio",1,-0.015,0.04,0.985,0.706,NA,NA,NA,0.019839354
"ADAMTS2","Lymphocyte","ANX","MR Egger",5,0.033,0.079,1.033,0.706,0.991036101,0.997568112,0.861155041,0.015323886
"HSPG2","Lymphocyte","ANX","Wald ratio",1,0.019,0.05,1.019,0.707,NA,NA,NA,0.016992968
"VTI1A","Lymphocyte","ANX","Wald ratio",1,-0.013,0.035,0.987,0.707,NA,NA,NA,0.016343705
"STXBP2","Lymphocyte","ANX","Wald ratio",1,0.411,1.096,1.508,0.708,NA,NA,NA,0.015441113
"C22orf34","Lymphocyte","ANX","Wald ratio",1,0.013,0.033,1.013,0.708,NA,NA,NA,0.016638655
"PCP2","Lymphocyte","ANX","Wald ratio",1,0.012,0.031,1.012,0.708,NA,NA,NA,0.015441168
"PDZD2","Lymphocyte","ANX","Inverse variance weighted",2,-0.01,0.026,0.99,0.708,NA,0.72644213,NA,0.014273347
"WDR17","Lymphocyte","ANX","Wald ratio",1,-0.047,0.127,0.954,0.708,NA,NA,NA,0.014382719
"PLB1","Lymphocyte","ANX","Wald ratio",1,0.035,0.093,1.035,0.708,NA,NA,NA,0.014934496
"GPR149","Lymphocyte","ANX","Wald ratio",1,0.024,0.064,1.024,0.708,NA,NA,NA,0.019820716
"ZCCHC14","Lymphocyte","ANX","Wald ratio",1,0.016,0.042,1.016,0.709,NA,NA,NA,0.016681329
"PTPRN2","Lymphocyte","ANX","Simple mode",8,-0.009,0.022,0.991,0.709,0.891812429,0.425188817,0.072081514,0.096575922
"TOM1L1","Lymphocyte","ANX","Wald ratio",1,-0.092,0.248,0.912,0.709,NA,NA,NA,0.027600288
"FAT1","Lymphocyte","ANX","Inverse variance weighted",2,0.009,0.025,1.009,0.709,NA,0.951763147,NA,0.017180006
"N4BP3","Lymphocyte","ANX","Wald ratio",1,-0.018,0.048,0.982,0.709,NA,NA,NA,0.016326252
"PRKCA","Lymphocyte","ANX","Inverse variance weighted",4,0.016,0.044,1.017,0.709,0.914286198,0.91888126,0.628198013,0.060424145
"SCIN","Lymphocyte","ANX","Wald ratio",1,0.314,0.844,1.369,0.71,NA,NA,NA,0.015822767
"TESSP1","Lymphocyte","ANX","Wald ratio",1,0.015,0.041,1.015,0.71,NA,NA,NA,0.015970284
"ZG16B","Lymphocyte","ANX","Wald ratio",1,0.027,0.072,1.027,0.71,NA,NA,NA,0.015970284
"PRSS33","Lymphocyte","ANX","Wald ratio",1,0.017,0.045,1.017,0.71,NA,NA,NA,0.015970211
"ZSWIM2","Lymphocyte","ANX","Inverse variance weighted",2,-0.069,0.186,0.933,0.711,NA,0.775721847,NA,0.022369633
"RAP1GAP2","Lymphocyte","ANX","Inverse variance weighted",2,-0.041,0.11,0.96,0.711,NA,0.049616176,NA,0.120926217
"RTL1","Lymphocyte","ANX","Wald ratio",1,0.012,0.032,1.012,0.711,NA,NA,NA,0.015465541
"GLRB","Lymphocyte","ANX","Wald ratio",1,0.016,0.044,1.016,0.711,NA,NA,NA,0.020130317
"DUSP12","Lymphocyte","ANX","Wald ratio",1,0.488,1.32,1.629,0.712,NA,NA,NA,0.017101159
"C10orf47","Lymphocyte","ANX","Wald ratio",1,-0.016,0.044,0.984,0.712,NA,NA,NA,0.022463861
"CRMP1","Lymphocyte","ANX","Wald ratio",1,0.021,0.056,1.021,0.712,NA,NA,NA,0.014959035
"FAM83A","Lymphocyte","ANX","Wald ratio",1,0.021,0.057,1.021,0.712,NA,NA,NA,0.025254796
"ACADM","Lymphocyte","ANX","Wald ratio",1,0.011,0.03,1.011,0.712,NA,NA,NA,0.015107458
"SLC26A10","Lymphocyte","ANX","Wald ratio",1,-0.017,0.047,0.983,0.712,NA,NA,NA,0.015107458
"KRT5","Lymphocyte","ANX","Wald ratio",1,-0.026,0.071,0.974,0.712,NA,NA,NA,0.02391032
"ERC2","Lymphocyte","ANX","Inverse variance weighted",3,-0.01,0.029,0.99,0.713,0.958754022,0.803124007,0.628540113,0.016930492
"ZAR1L","Lymphocyte","ANX","Wald ratio",1,-0.014,0.038,0.986,0.714,NA,NA,NA,0.018947254
"DNMT3A","Lymphocyte","ANX","Wald ratio",1,0.011,0.031,1.012,0.714,NA,NA,NA,0.015045674
"MYCN","Lymphocyte","ANX","Wald ratio",1,0.014,0.037,1.014,0.714,NA,NA,NA,0.016142205
"TFAP2A","Lymphocyte","ANX","Wald ratio",1,0.053,0.145,1.054,0.714,NA,NA,NA,0.023795539
"ODZ3","Lymphocyte","ANX","Weighted mode",3,0.016,0.038,1.016,0.715,0.629436348,0.571496921,0.519222251,0.024434795
"RASA3","Lymphocyte","ANX","Wald ratio",1,0.018,0.05,1.018,0.716,NA,NA,NA,0.012032082
"KL","Lymphocyte","ANX","Wald ratio",1,0.046,0.127,1.047,0.716,NA,NA,NA,0.015829066
"C2CD4A","Lymphocyte","ANX","Wald ratio",1,0.016,0.043,1.016,0.716,NA,NA,NA,0.014878814
"SDR39U1","Lymphocyte","ANX","Wald ratio",1,-0.018,0.049,0.982,0.716,NA,NA,NA,0.022133779
"FAM46C","Lymphocyte","ANX","Wald ratio",1,-0.03,0.083,0.97,0.716,NA,NA,NA,0.031172435
"NPHP4","Lymphocyte","ANX","Wald ratio",1,-0.014,0.038,0.986,0.717,NA,NA,NA,0.019259421
"CAMTA1","Lymphocyte","ANX","Weighted mode",3,-0.014,0.032,0.987,0.717,0.430903734,0.520227514,0.559495259,0.014436113
"C3orf27","Lymphocyte","ANX","Wald ratio",1,-0.043,0.12,0.958,0.717,NA,NA,NA,0.015070766
"RAB27B","Lymphocyte","ANX","Wald ratio",1,-0.016,0.045,0.984,0.718,NA,NA,NA,0.017151415
"ETV5","Lymphocyte","ANX","Wald ratio",1,0.186,0.515,1.204,0.718,NA,NA,NA,0.034881569
"PODN","Lymphocyte","ANX","Wald ratio",1,-0.025,0.069,0.975,0.719,NA,NA,NA,0.029705513
"PLCG2","Lymphocyte","ANX","Wald ratio",1,0.011,0.03,1.011,0.72,NA,NA,NA,0.014904183
"OPCML","Lymphocyte","ANX","Inverse variance weighted",4,-0.011,0.03,0.989,0.72,0.318132091,0.257335957,0.342112572,0.103913382
"STX2","Lymphocyte","ANX","Inverse variance weighted",2,0.014,0.038,1.014,0.72,NA,0.690224947,NA,0.01370042
"CMTM8","Lymphocyte","ANX","Wald ratio",1,-0.013,0.036,0.987,0.722,NA,NA,NA,0.017365433
"MBOAT1","Lymphocyte","ANX","Inverse variance weighted",2,0.021,0.06,1.021,0.723,NA,0.82408186,NA,0.027932164
"NDUFC2","Lymphocyte","ANX","Wald ratio",1,-0.012,0.033,0.989,0.723,NA,NA,NA,0.013630586
"SCN4B","Lymphocyte","ANX","Wald ratio",1,0.231,0.651,1.26,0.723,NA,NA,NA,0.015183264
"C1orf127","Lymphocyte","ANX","Wald ratio",1,-0.023,0.066,0.977,0.723,NA,NA,NA,0.017990753
"TMEM20","Lymphocyte","ANX","Wald ratio",1,0.355,1.003,1.426,0.723,NA,NA,NA,0.015078433
"GJB3","Lymphocyte","ANX","Wald ratio",1,0.028,0.079,1.028,0.723,NA,NA,NA,0.024439047
"ARHGEF19","Lymphocyte","ANX","Wald ratio",1,0.012,0.034,1.012,0.723,NA,NA,NA,0.016762586
"KIAA1908","Lymphocyte","ANX","Wald ratio",1,0.011,0.032,1.011,0.724,NA,NA,NA,0.014824912
"PRSS3","Lymphocyte","ANX","Wald ratio",1,-0.037,0.106,0.963,0.724,NA,NA,NA,0.017347982
"REN","Lymphocyte","ANX","Wald ratio",1,0.017,0.047,1.017,0.724,NA,NA,NA,0.021445003
"C10orf90","Lymphocyte","ANX","Inverse variance weighted",2,0.029,0.082,1.029,0.724,NA,0.07408261,NA,0.056025812
"TRIM61","Lymphocyte","ANX","Wald ratio",1,0.204,0.58,1.227,0.724,NA,NA,NA,0.020394202
"C4orf39","Lymphocyte","ANX","Wald ratio",1,0.027,0.077,1.028,0.724,NA,NA,NA,0.020394298
"TRIM60","Lymphocyte","ANX","Wald ratio",1,0.016,0.046,1.016,0.724,NA,NA,NA,0.015030819
"SEMA3E","Lymphocyte","ANX","Wald ratio",1,0.169,0.479,1.184,0.724,NA,NA,NA,0.026068638
"CPA6","Lymphocyte","ANX","Wald ratio",1,-0.019,0.055,0.981,0.725,NA,NA,NA,0.021345313
"EXOC3","Lymphocyte","ANX","Wald ratio",1,0.011,0.032,1.011,0.725,NA,NA,NA,0.014719856
"SLC9A3","Lymphocyte","ANX","Wald ratio",1,0.011,0.03,1.011,0.725,NA,NA,NA,0.014719857
"ADRB2","Lymphocyte","ANX","Wald ratio",1,0.159,0.453,1.173,0.725,NA,NA,NA,0.013868302
"CCDC102B","Lymphocyte","ANX","Wald ratio",1,0.02,0.057,1.02,0.725,NA,NA,NA,0.020008239
"LOC80154","Lymphocyte","ANX","Wald ratio",1,0.016,0.047,1.017,0.725,NA,NA,NA,0.015862152
"GNLY","Lymphocyte","ANX","Wald ratio",1,-0.012,0.033,0.988,0.725,NA,NA,NA,0.015017186
"SLITRK5","Lymphocyte","ANX","Inverse variance weighted",2,-0.011,0.033,0.989,0.725,NA,0.849883672,NA,0.019775048
"FAM82B","Lymphocyte","ANX","Wald ratio",1,0.552,1.571,1.737,0.725,NA,NA,NA,0.016995228
"ADNP","Lymphocyte","ANX","Wald ratio",1,-0.03,0.085,0.971,0.725,NA,NA,NA,0.026911786
"PRKRIP1","Lymphocyte","ANX","Wald ratio",1,0.051,0.146,1.052,0.726,NA,NA,NA,0.028064801
"ORAI2","Lymphocyte","ANX","Wald ratio",1,0.043,0.124,1.044,0.726,NA,NA,NA,0.028064801
"SHISA4","Lymphocyte","ANX","Wald ratio",1,0.197,0.561,1.217,0.726,NA,NA,NA,0.017870832
"KBTBD5","Lymphocyte","ANX","Wald ratio",1,0.071,0.202,1.073,0.726,NA,NA,NA,0.017038264
"PTGER2","Lymphocyte","ANX","Wald ratio",1,-0.036,0.102,0.965,0.726,NA,NA,NA,0.01927455
"HSPA12A","Lymphocyte","ANX","Wald ratio",1,-0.038,0.108,0.963,0.726,NA,NA,NA,0.036238545
"C22orf40","Lymphocyte","ANX","Wald ratio",1,0.029,0.082,1.029,0.726,NA,NA,NA,0.018595951
"SLN","Lymphocyte","ANX","Wald ratio",1,0.013,0.036,1.013,0.727,NA,NA,NA,0.01548294
"LRIG2","Lymphocyte","ANX","Wald ratio",1,-0.012,0.034,0.988,0.727,NA,NA,NA,0.017081306
"RNF6","Lymphocyte","ANX","Wald ratio",1,-0.02,0.058,0.98,0.727,NA,NA,NA,0.016096426
"TMTC1","Lymphocyte","ANX","Wald ratio",1,0.02,0.057,1.02,0.727,NA,NA,NA,0.015252861
"SEC61G","Lymphocyte","ANX","Wald ratio",1,-0.476,1.362,0.622,0.727,NA,NA,NA,0.030052004
"CYP19A1","Lymphocyte","ANX","Wald ratio",1,0.017,0.048,1.017,0.727,NA,NA,NA,0.022592174
"FAM65A","Lymphocyte","ANX","Wald ratio",1,-0.027,0.077,0.974,0.727,NA,NA,NA,0.02185742
"RLTPR","Lymphocyte","ANX","Wald ratio",1,-0.112,0.321,0.894,0.727,NA,NA,NA,0.022073696
"ACD","Lymphocyte","ANX","Wald ratio",1,-0.086,0.248,0.917,0.727,NA,NA,NA,0.022073695
"AS3MT","Lymphocyte","ANX","Wald ratio",1,-0.02,0.058,0.98,0.728,NA,NA,NA,0.014999711
"NTNG2","Lymphocyte","ANX","Wald ratio",1,-0.01,0.03,0.99,0.729,NA,NA,NA,0.015043437
"ZDHHC22","Lymphocyte","ANX","Wald ratio",1,0.054,0.156,1.056,0.729,NA,NA,NA,0.015636224
"FURIN","Lymphocyte","ANX","Wald ratio",1,-0.018,0.052,0.982,0.729,NA,NA,NA,0.016079202
"MSX1","Lymphocyte","ANX","Wald ratio",1,0.034,0.1,1.035,0.73,NA,NA,NA,0.027529168
"LDLRAD3","Lymphocyte","ANX","MR Egger",3,0.03,0.067,1.031,0.73,0.751884552,0.950269889,0.971095753,0.035025608
"IGF1R","Lymphocyte","ANX","Weighted median",3,0.014,0.042,1.014,0.73,0.980001483,0.925101326,0.761173946,0.014789958
"ROBO1","Lymphocyte","ANX","Wald ratio",1,-0.012,0.035,0.988,0.731,NA,NA,NA,0.016166077
"UBTF","Lymphocyte","ANX","Wald ratio",1,0.099,0.288,1.104,0.731,NA,NA,NA,0.017734161
"SULT1C2","Lymphocyte","ANX","Wald ratio",1,-0.019,0.055,0.981,0.731,NA,NA,NA,0.016460436
"PWWP2B","Lymphocyte","ANX","Wald ratio",1,-0.019,0.056,0.981,0.731,NA,NA,NA,0.015026227
"KRTAP10-6","Lymphocyte","ANX","Wald ratio",1,0.059,0.172,1.061,0.731,NA,NA,NA,0.044647782
"FAM155A","Lymphocyte","ANX","Wald ratio",1,0.01,0.028,1.01,0.731,NA,NA,NA,0.013877436
"CCDC60","Lymphocyte","ANX","Wald ratio",1,0.019,0.054,1.019,0.732,NA,NA,NA,0.015914627
"MYLK4","Lymphocyte","ANX","Wald ratio",1,-0.043,0.125,0.958,0.732,NA,NA,NA,0.017631467
"NDUFAF1","Lymphocyte","ANX","Wald ratio",1,0.027,0.078,1.027,0.732,NA,NA,NA,0.015514793
"RPRM","Lymphocyte","ANX","Wald ratio",1,0.015,0.045,1.015,0.734,NA,NA,NA,0.017030462
"NALCN","Lymphocyte","ANX","Wald ratio",1,0.014,0.04,1.014,0.734,NA,NA,NA,0.017030462
"C18orf34","Lymphocyte","ANX","Wald ratio",1,-0.015,0.043,0.985,0.734,NA,NA,NA,0.017760438
"WISP1","Lymphocyte","ANX","Inverse variance weighted",2,0.011,0.031,1.011,0.734,NA,0.641914828,NA,0.014791944
"SHOX2","Lymphocyte","ANX","Wald ratio",1,0.067,0.196,1.069,0.735,NA,NA,NA,0.021346399
"PAPPA2","Lymphocyte","ANX","Wald ratio",1,-0.017,0.051,0.983,0.735,NA,NA,NA,0.017748622
"IRF1","Lymphocyte","ANX","Wald ratio",1,-0.018,0.052,0.982,0.735,NA,NA,NA,0.014501941
"VCAN","Lymphocyte","ANX","Wald ratio",1,-0.021,0.064,0.979,0.736,NA,NA,NA,0.01583735
"ACAT2","Lymphocyte","ANX","Wald ratio",1,0.085,0.252,1.089,0.736,NA,NA,NA,0.018903395
"ETV1","Lymphocyte","ANX","Wald ratio",1,-0.436,1.295,0.646,0.736,NA,NA,NA,0.014671517
"USP36","Lymphocyte","ANX","Wald ratio",1,-0.013,0.039,0.987,0.737,NA,NA,NA,0.016616003
"UNC93B1","Lymphocyte","ANX","Wald ratio",1,0.032,0.095,1.033,0.737,NA,NA,NA,0.017203433
"ALDH3B1","Lymphocyte","ANX","Wald ratio",1,0.019,0.057,1.02,0.737,NA,NA,NA,0.017203433
"NCOR2","Lymphocyte","ANX","Inverse variance weighted",4,0.008,0.025,1.008,0.737,0.991793538,0.589304789,0.301743683,0.009978848
"ILF3","Lymphocyte","ANX","Wald ratio",1,0.141,0.421,1.152,0.737,NA,NA,NA,0.015777019
"LOC644145","Lymphocyte","ANX","Wald ratio",1,0.04,0.119,1.041,0.737,NA,NA,NA,0.016954032
"KLHDC4","Lymphocyte","ANX","Wald ratio",1,0.016,0.048,1.016,0.737,NA,NA,NA,0.017830035
"GRID1","Lymphocyte","ANX","Wald ratio",1,-0.014,0.041,0.986,0.737,NA,NA,NA,0.018265805
"WDYHV1","Lymphocyte","ANX","Wald ratio",1,-0.071,0.212,0.932,0.739,NA,NA,NA,0.015568846
"SVIL","Lymphocyte","ANX","Wald ratio",1,0.297,0.892,1.346,0.739,NA,NA,NA,0.01777067
"BLOC1S1","Lymphocyte","ANX","Wald ratio",1,-0.945,2.84,0.389,0.739,NA,NA,NA,0.027951848
"TMEM171","Lymphocyte","ANX","Wald ratio",1,-0.035,0.105,0.966,0.74,NA,NA,NA,0.018972611
"MUC20","Lymphocyte","ANX","Inverse variance weighted",2,-0.015,0.045,0.985,0.74,NA,0.14249478,NA,0.022250021
"UBXN6","Lymphocyte","ANX","Wald ratio",1,-0.01,0.03,0.99,0.74,NA,NA,NA,0.01412585
"ZNF28","Lymphocyte","ANX","Wald ratio",1,-0.464,1.4,0.629,0.74,NA,NA,NA,0.035218822
"AKAP12","Lymphocyte","ANX","Wald ratio",1,0.889,2.684,2.434,0.74,NA,NA,NA,0.025356807
"GINS3","Lymphocyte","ANX","Wald ratio",1,-0.471,1.423,0.624,0.74,NA,NA,NA,0.024812526
"LOC348840","Lymphocyte","ANX","Wald ratio",1,-0.027,0.081,0.973,0.74,NA,NA,NA,0.016393974
"ZNF57","Lymphocyte","ANX","Wald ratio",1,0.296,0.894,1.345,0.74,NA,NA,NA,0.023714531
"GTF3A","Lymphocyte","ANX","Wald ratio",1,0.018,0.054,1.018,0.741,NA,NA,NA,0.019489472
"TNFSF15","Lymphocyte","ANX","Wald ratio",1,0.011,0.032,1.011,0.741,NA,NA,NA,0.015700364
"C6orf129","Lymphocyte","ANX","Wald ratio",1,0.011,0.034,1.011,0.742,NA,NA,NA,0.015448334
"TAF1B","Lymphocyte","ANX","Wald ratio",1,0.053,0.162,1.055,0.743,NA,NA,NA,0.022252346
"SQRDL","Lymphocyte","ANX","Wald ratio",1,-0.035,0.107,0.965,0.743,NA,NA,NA,0.026980476
"CLMN","Lymphocyte","ANX","Wald ratio",1,0.032,0.099,1.033,0.744,NA,NA,NA,0.029253954
"SLCO3A1","Lymphocyte","ANX","MR Egger",3,-0.036,0.085,0.964,0.744,0.268256893,0.480006329,0.733666287,0.024291103
"RPTOR","Lymphocyte","ANX","Simple mode",3,0.013,0.036,1.013,0.744,0.40265957,0.676772044,0.824029262,0.016799772
"SKP1","Lymphocyte","ANX","Wald ratio",1,-0.025,0.076,0.976,0.744,NA,NA,NA,0.034374847
"PHOSPHO1","Lymphocyte","ANX","Wald ratio",1,-0.019,0.059,0.981,0.744,NA,NA,NA,0.015388163
"DGKE","Lymphocyte","ANX","Wald ratio",1,0.017,0.053,1.017,0.744,NA,NA,NA,0.021732557
"PRDM6","Lymphocyte","ANX","Wald ratio",1,-0.011,0.034,0.989,0.744,NA,NA,NA,0.016318034
"DMXL2","Lymphocyte","ANX","Wald ratio",1,-0.01,0.03,0.99,0.745,NA,NA,NA,0.013299424
"ERI2","Lymphocyte","ANX","Wald ratio",1,-0.033,0.102,0.967,0.745,NA,NA,NA,0.016802424
"TSPAN2","Lymphocyte","ANX","Wald ratio",1,-0.032,0.099,0.968,0.745,NA,NA,NA,0.016214556
"TEX101","Lymphocyte","ANX","Wald ratio",1,0.015,0.046,1.015,0.745,NA,NA,NA,0.019787369
"ZNF835","Lymphocyte","ANX","Wald ratio",1,0.072,0.223,1.075,0.746,NA,NA,NA,0.015179761
"ZNF470","Lymphocyte","ANX","Wald ratio",1,0.356,1.096,1.427,0.746,NA,NA,NA,0.015179762
"ZNF583","Lymphocyte","ANX","Wald ratio",1,0.012,0.036,1.012,0.746,NA,NA,NA,0.015175407
"CTDSPL","Lymphocyte","ANX","Wald ratio",1,0.011,0.035,1.011,0.747,NA,NA,NA,0.01722586
"PPFIBP1","Lymphocyte","ANX","Wald ratio",1,-0.015,0.048,0.985,0.747,NA,NA,NA,0.01418179
"CHN2","Lymphocyte","ANX","Wald ratio",1,-0.198,0.615,0.82,0.747,NA,NA,NA,0.016639866
"SMYD3","Lymphocyte","ANX","Simple mode",3,-0.016,0.044,0.984,0.747,0.287664343,0.299182398,0.479891122,0.022983861
"COL14A1","Lymphocyte","ANX","Wald ratio",1,0.01,0.032,1.01,0.748,NA,NA,NA,0.014866774
"PRDM16","Lymphocyte","ANX","Weighted median",4,0.007,0.023,1.007,0.749,0.563727106,0.712682236,0.683145099,0.022806845
"GPR111","Lymphocyte","ANX","Wald ratio",1,-0.01,0.031,0.99,0.749,NA,NA,NA,0.015427144
"GDF7","Lymphocyte","ANX","Wald ratio",1,0.202,0.631,1.224,0.749,NA,NA,NA,0.0155013
"LMBRD1","Lymphocyte","ANX","Wald ratio",1,-0.021,0.065,0.979,0.749,NA,NA,NA,0.013672659
"LOC727677","Lymphocyte","ANX","Wald ratio",1,0.015,0.047,1.015,0.749,NA,NA,NA,0.022848599
"LSAMP","Lymphocyte","ANX","Inverse variance weighted",4,-0.011,0.036,0.989,0.751,0.387473778,0.417650038,0.434651958,0.025896933
"DUSP27","Lymphocyte","ANX","Wald ratio",1,-0.018,0.057,0.982,0.751,NA,NA,NA,0.015147661
"ISM1","Lymphocyte","ANX","Wald ratio",1,-0.011,0.035,0.989,0.751,NA,NA,NA,0.017340883
"NAV1","Lymphocyte","ANX","Weighted mode",3,-0.027,0.076,0.973,0.752,0.627444013,0.441299569,0.446641362,0.023809894
"C12orf49","Lymphocyte","ANX","Wald ratio",1,0.927,2.936,2.528,0.752,NA,NA,NA,0.016461781
"C10orf107","Lymphocyte","ANX","Wald ratio",1,0.012,0.039,1.013,0.752,NA,NA,NA,0.017384401
"NRXN3","Lymphocyte","ANX","Wald ratio",1,-0.011,0.035,0.989,0.753,NA,NA,NA,0.013313805
"C7orf41","Lymphocyte","ANX","Wald ratio",1,-0.031,0.099,0.969,0.753,NA,NA,NA,0.014791027
"LOC389333","Lymphocyte","ANX","Wald ratio",1,0.624,1.982,1.866,0.753,NA,NA,NA,0.017135803
"ERC2","Lymphocyte","ANX","Weighted median",3,-0.009,0.029,0.991,0.754,0.958754022,0.803124007,0.628540113,0.016930492
"KIAA1549","Lymphocyte","ANX","Wald ratio",1,-0.062,0.198,0.94,0.754,NA,NA,NA,0.018097075
"C3orf14","Lymphocyte","ANX","Wald ratio",1,0.068,0.216,1.07,0.754,NA,NA,NA,0.015473179
"OR10X1","Lymphocyte","ANX","Wald ratio",1,0.01,0.031,1.01,0.754,NA,NA,NA,0.014537752
"PFN2","Lymphocyte","ANX","Wald ratio",1,0.011,0.034,1.011,0.755,NA,NA,NA,0.015709268
"DFNB31","Lymphocyte","ANX","Wald ratio",1,-0.019,0.062,0.981,0.756,NA,NA,NA,0.013835749
"NT5DC3","Lymphocyte","ANX","Wald ratio",1,0.198,0.638,1.219,0.756,NA,NA,NA,0.018704446
"C3orf32","Lymphocyte","ANX","Wald ratio",1,-0.017,0.053,0.984,0.756,NA,NA,NA,0.023704768
"ELOVL7","Lymphocyte","ANX","Inverse variance weighted",2,0.015,0.047,1.015,0.756,NA,0.875046984,NA,0.032165308
"WDR70","Lymphocyte","ANX","Wald ratio",1,0.016,0.053,1.016,0.757,NA,NA,NA,0.019041943
"JPH2","Lymphocyte","ANX","Wald ratio",1,0.053,0.17,1.054,0.757,NA,NA,NA,0.021670136
"MAP4K3","Lymphocyte","ANX","Wald ratio",1,0.011,0.034,1.011,0.757,NA,NA,NA,0.014566913
"RAP1GAP","Lymphocyte","ANX","Wald ratio",1,0.031,0.101,1.032,0.758,NA,NA,NA,0.024103715
"ALPL","Lymphocyte","ANX","Wald ratio",1,0.025,0.082,1.025,0.758,NA,NA,NA,0.024103715
"C15orf33","Lymphocyte","ANX","Wald ratio",1,-0.013,0.043,0.987,0.758,NA,NA,NA,0.0169592
"FGF7","Lymphocyte","ANX","Wald ratio",1,-0.011,0.035,0.989,0.758,NA,NA,NA,0.0169592
"SLC27A2","Lymphocyte","ANX","Wald ratio",1,-0.219,0.711,0.803,0.758,NA,NA,NA,0.0169592
"ERC2","Lymphocyte","ANX","MR Egger",3,0.024,0.059,1.024,0.758,0.958754022,0.803124007,0.628540113,0.016930492
"PRSS37","Lymphocyte","ANX","Wald ratio",1,-0.012,0.04,0.988,0.758,NA,NA,NA,0.019021378
"GRID2","Lymphocyte","ANX","Wald ratio",1,0.032,0.104,1.033,0.759,NA,NA,NA,0.02766142
"B9D2","Lymphocyte","ANX","Wald ratio",1,-0.035,0.115,0.965,0.759,NA,NA,NA,0.015294597
"EXOC4","Lymphocyte","ANX","Wald ratio",1,0.009,0.03,1.009,0.759,NA,NA,NA,0.01450714
"PEX14","Lymphocyte","ANX","Wald ratio",1,-0.035,0.116,0.965,0.76,NA,NA,NA,0.019107606
"PCDHGA1","Lymphocyte","ANX","Wald ratio",1,0.011,0.037,1.011,0.76,NA,NA,NA,0.013715534
"PDLIM3","Lymphocyte","ANX","Wald ratio",1,-0.033,0.109,0.967,0.76,NA,NA,NA,0.016607149
"NAV1","Lymphocyte","ANX","MR Egger",3,0.041,0.105,1.042,0.76,0.627444013,0.441299569,0.446641362,0.023809894
"RNF157","Lymphocyte","ANX","Wald ratio",1,0.018,0.06,1.018,0.76,NA,NA,NA,0.025073788
"PRKCA","Lymphocyte","ANX","Weighted median",4,0.015,0.048,1.015,0.761,0.914286198,0.91888126,0.628198013,0.060424145
"NT5E","Lymphocyte","ANX","Wald ratio",1,0.015,0.051,1.016,0.761,NA,NA,NA,0.015575711
"CLCN6","Lymphocyte","ANX","Wald ratio",1,0.355,1.169,1.427,0.761,NA,NA,NA,0.04752571
"PCOLCE2","Lymphocyte","ANX","Wald ratio",1,-0.016,0.052,0.984,0.762,NA,NA,NA,0.020039287
"PAEP","Lymphocyte","ANX","Wald ratio",1,-0.02,0.067,0.98,0.762,NA,NA,NA,0.017217789
"ACACA","Lymphocyte","ANX","Wald ratio",1,-0.012,0.04,0.988,0.762,NA,NA,NA,0.019753345
"WBSCR17","Lymphocyte","ANX","Simple mode",3,0.012,0.035,1.012,0.762,0.237683371,0.099776894,0.37072449,0.024350514
"TRHR","Lymphocyte","ANX","Wald ratio",1,-0.009,0.031,0.991,0.762,NA,NA,NA,0.01483438
"C1orf100","Lymphocyte","ANX","Wald ratio",1,-0.012,0.041,0.988,0.762,NA,NA,NA,0.018992241
"AOAH","Lymphocyte","ANX","Inverse variance weighted",2,0.008,0.026,1.008,0.763,NA,0.707673723,NA,0.016266342
"LAMA5","Lymphocyte","ANX","Wald ratio",1,-0.02,0.065,0.981,0.763,NA,NA,NA,0.015027486
"PAG1","Lymphocyte","ANX","Wald ratio",1,0.119,0.393,1.126,0.763,NA,NA,NA,0.015027486
"OSBPL2","Lymphocyte","ANX","Wald ratio",1,-0.009,0.031,0.991,0.763,NA,NA,NA,0.015027486
"C5orf62","Lymphocyte","ANX","Wald ratio",1,-0.048,0.159,0.953,0.763,NA,NA,NA,0.047035101
"LNX1","Lymphocyte","ANX","Inverse variance weighted",2,0.024,0.08,1.025,0.763,NA,0.003861419,NA,0.28890896
"PDCD1LG2","Lymphocyte","ANX","Wald ratio",1,-0.048,0.159,0.953,0.763,NA,NA,NA,0.016973489
"RBPJ","Lymphocyte","ANX","Wald ratio",1,0.021,0.069,1.021,0.763,NA,NA,NA,0.014878971
"DDTL","Lymphocyte","ANX","Wald ratio",1,0.009,0.03,1.009,0.763,NA,NA,NA,0.014730307
"LOC391322","Lymphocyte","ANX","Wald ratio",1,0.483,1.606,1.621,0.763,NA,NA,NA,0.014730307
"GSTT1","Lymphocyte","ANX","Wald ratio",1,0.009,0.03,1.009,0.763,NA,NA,NA,0.014730307
"GSTTP1","Lymphocyte","ANX","Wald ratio",1,0.01,0.032,1.01,0.763,NA,NA,NA,0.014730307
"DDT","Lymphocyte","ANX","Wald ratio",1,0.009,0.03,1.009,0.763,NA,NA,NA,0.014730307
"MIR548F3","Lymphocyte","ANX","Wald ratio",1,0.013,0.042,1.013,0.763,NA,NA,NA,0.014730307
"ZBTB38","Lymphocyte","ANX","Wald ratio",1,-0.027,0.089,0.974,0.764,NA,NA,NA,0.031892499
"COL9A3","Lymphocyte","ANX","Wald ratio",1,0.034,0.114,1.035,0.764,NA,NA,NA,0.017543187
"OGFR","Lymphocyte","ANX","Wald ratio",1,0.02,0.068,1.021,0.764,NA,NA,NA,0.017543176
"DLGAP2","Lymphocyte","ANX","Weighted mode",3,0.009,0.027,1.009,0.765,0.999545452,0.27811881,0.355648152,0.018673632
"TMEM132D","Lymphocyte","ANX","MR Egger",3,-0.077,0.2,0.926,0.765,0.311705808,0.53652894,0.722607773,0.023634185
"IFT88","Lymphocyte","ANX","Wald ratio",1,0.216,0.723,1.241,0.765,NA,NA,NA,0.016136611
"MOSC1","Lymphocyte","ANX","Wald ratio",1,0.085,0.285,1.089,0.765,NA,NA,NA,0.050650998
"MOSC2","Lymphocyte","ANX","Wald ratio",1,0.038,0.126,1.038,0.765,NA,NA,NA,0.050553922
"ALDH5A1","Lymphocyte","ANX","Wald ratio",1,0.063,0.212,1.065,0.765,NA,NA,NA,0.016474977
"ESR1","Lymphocyte","ANX","Wald ratio",1,-0.098,0.327,0.907,0.766,NA,NA,NA,0.014029684
"TMEFF2","Lymphocyte","ANX","Wald ratio",1,-0.032,0.108,0.968,0.766,NA,NA,NA,0.015205675
"SMAD2","Lymphocyte","ANX","Wald ratio",1,0.056,0.188,1.057,0.766,NA,NA,NA,0.014715591
"ARHGAP8","Lymphocyte","ANX","Wald ratio",1,0.014,0.046,1.014,0.766,NA,NA,NA,0.014223885
"MYBPC2","Lymphocyte","ANX","Wald ratio",1,-0.097,0.325,0.908,0.766,NA,NA,NA,0.015057363
"USP45","Lymphocyte","ANX","Wald ratio",1,0.253,0.853,1.288,0.767,NA,NA,NA,0.014760238
"SORCS2","Lymphocyte","ANX","MR Egger",4,-0.019,0.055,0.981,0.767,0.321240535,0.387358373,0.500091876,0.055637192
"C11orf30","Lymphocyte","ANX","Wald ratio",1,-0.009,0.03,0.991,0.768,NA,NA,NA,0.014792762
"TMEM19","Lymphocyte","ANX","Wald ratio",1,1.221,4.136,3.392,0.768,NA,NA,NA,0.028126759
"MFSD4","Lymphocyte","ANX","Wald ratio",1,-0.212,0.72,0.809,0.768,NA,NA,NA,0.014656299
"SLC17A5","Lymphocyte","ANX","Wald ratio",1,0.075,0.255,1.078,0.768,NA,NA,NA,0.029036731
"SHANK2","Lymphocyte","ANX","Weighted mode",4,0.011,0.035,1.011,0.768,0.138960111,0.267123408,0.98439495,0.058063634
"SMAP1","Lymphocyte","ANX","Wald ratio",1,0.067,0.226,1.069,0.768,NA,NA,NA,0.014507449
"FARS2","Lymphocyte","ANX","Wald ratio",1,-0.011,0.038,0.989,0.768,NA,NA,NA,0.013521118
"FLJ37453","Lymphocyte","ANX","Wald ratio",1,0.04,0.138,1.041,0.77,NA,NA,NA,0.022720465
"BBS10","Lymphocyte","ANX","Wald ratio",1,0.095,0.323,1.099,0.77,NA,NA,NA,0.018082116
"ZNF266","Lymphocyte","ANX","Wald ratio",1,-0.021,0.072,0.979,0.771,NA,NA,NA,0.02573881
"ZNF365","Lymphocyte","ANX","Inverse variance weighted",2,-0.037,0.128,0.963,0.771,NA,0.017950166,NA,0.027458929
"VANGL1","Lymphocyte","ANX","Wald ratio",1,-0.015,0.051,0.985,0.771,NA,NA,NA,0.023760279
"JARID2","Lymphocyte","ANX","Wald ratio",1,-0.017,0.059,0.983,0.771,NA,NA,NA,0.025156484
"NR5A2","Lymphocyte","ANX","Wald ratio",1,-0.016,0.057,0.984,0.772,NA,NA,NA,0.020154811
"CASS4","Lymphocyte","ANX","Wald ratio",1,0.018,0.062,1.018,0.772,NA,NA,NA,0.01787923
"PTPN14","Lymphocyte","ANX","Wald ratio",1,-0.014,0.047,0.986,0.772,NA,NA,NA,0.022708031
"OR10A4","Lymphocyte","ANX","Wald ratio",1,-0.014,0.047,0.986,0.772,NA,NA,NA,0.015221532
"OR2D2","Lymphocyte","ANX","Wald ratio",1,-0.009,0.032,0.991,0.772,NA,NA,NA,0.015221532
"OR10A2","Lymphocyte","ANX","Wald ratio",1,-0.012,0.041,0.988,0.772,NA,NA,NA,0.015221532
"RNF44","Lymphocyte","ANX","Wald ratio",1,0.016,0.054,1.016,0.773,NA,NA,NA,0.018633323
"IQCK","Lymphocyte","ANX","Wald ratio",1,-0.014,0.048,0.986,0.773,NA,NA,NA,0.02140372
"HDAC4","Lymphocyte","ANX","Simple mode",3,0.015,0.046,1.015,0.774,0.016722936,0.056753214,0.969844198,0.016085827
"ARSJ","Lymphocyte","ANX","Wald ratio",1,0.091,0.316,1.095,0.774,NA,NA,NA,0.018864628
"TSEN34","Lymphocyte","ANX","Wald ratio",1,-0.037,0.129,0.964,0.774,NA,NA,NA,0.014866005
"RPS9","Lymphocyte","ANX","Wald ratio",1,-0.019,0.067,0.981,0.774,NA,NA,NA,0.014866005
"ATG7","Lymphocyte","ANX","Wald ratio",1,0.017,0.059,1.017,0.775,NA,NA,NA,0.018763966
"MATN2","Lymphocyte","ANX","Wald ratio",1,0.009,0.03,1.009,0.775,NA,NA,NA,0.014568699
"BMP2","Lymphocyte","ANX","Wald ratio",1,-0.017,0.058,0.983,0.775,NA,NA,NA,0.027544309
"HHAT","Lymphocyte","ANX","Wald ratio",1,-0.01,0.036,0.99,0.775,NA,NA,NA,0.017136927
"PRDM9","Lymphocyte","ANX","Wald ratio",1,-0.015,0.052,0.985,0.776,NA,NA,NA,0.020957629
"UGGT2","Lymphocyte","ANX","Wald ratio",1,0.026,0.091,1.026,0.776,NA,NA,NA,0.038494278
"NTM","Lymphocyte","ANX","MR Egger",5,0.016,0.053,1.017,0.776,0.990866167,0.998468497,0.948963218,0.0153413
"ARV1","Lymphocyte","ANX","Wald ratio",1,0.013,0.046,1.013,0.777,NA,NA,NA,0.015341616
"SPEG","Lymphocyte","ANX","Wald ratio",1,-0.061,0.213,0.941,0.777,NA,NA,NA,0.015340743
"SERBP1","Lymphocyte","ANX","Wald ratio",1,0.008,0.029,1.008,0.777,NA,NA,NA,0.0145098
"MRPS9","Lymphocyte","ANX","Wald ratio",1,-0.008,0.029,0.992,0.777,NA,NA,NA,0.014498244
"IGSF9","Lymphocyte","ANX","Wald ratio",1,-0.026,0.093,0.974,0.778,NA,NA,NA,0.021137505
"CYBRD1","Lymphocyte","ANX","Wald ratio",1,-0.058,0.205,0.944,0.778,NA,NA,NA,0.016448899
"LBH","Lymphocyte","ANX","Wald ratio",1,-0.011,0.04,0.989,0.778,NA,NA,NA,0.017167439
"FER1L6","Lymphocyte","ANX","Inverse variance weighted",2,-0.012,0.042,0.988,0.778,NA,0.456871962,NA,0.025877563
"AMFR","Lymphocyte","ANX","Wald ratio",1,0.009,0.032,1.009,0.779,NA,NA,NA,0.014599757
"BBS2","Lymphocyte","ANX","Wald ratio",1,0.009,0.033,1.009,0.779,NA,NA,NA,0.014595035
"MYO1D","Lymphocyte","ANX","Inverse variance weighted",2,-0.012,0.043,0.988,0.779,NA,0.097464975,NA,0.042821934
"ANO9","Lymphocyte","ANX","Wald ratio",1,0.016,0.057,1.016,0.779,NA,NA,NA,0.016537681
"PKP3","Lymphocyte","ANX","Wald ratio",1,0.011,0.039,1.011,0.779,NA,NA,NA,0.0163124
"SIGIRR","Lymphocyte","ANX","Wald ratio",1,0.107,0.381,1.113,0.779,NA,NA,NA,0.016537681
"TRIM29","Lymphocyte","ANX","Inverse variance weighted",2,0.011,0.039,1.011,0.779,NA,0.908268673,NA,0.026310414
"USP24","Lymphocyte","ANX","Wald ratio",1,0.031,0.111,1.031,0.779,NA,NA,NA,0.016728646
"MED31","Lymphocyte","ANX","Wald ratio",1,0.023,0.082,1.023,0.78,NA,NA,NA,0.016582069
"WBSCR17","Lymphocyte","ANX","Inverse variance weighted",3,0.009,0.033,1.009,0.78,0.237683371,0.099776894,0.37072449,0.024350514
"DLGAP2","Lymphocyte","ANX","Simple mode",3,0.01,0.031,1.01,0.78,0.999545452,0.27811881,0.355648152,0.018673632
"SHANK2","Lymphocyte","ANX","Inverse variance weighted",4,-0.007,0.024,0.993,0.78,0.138960111,0.267123408,0.98439495,0.058063634
"KLF7","Lymphocyte","ANX","Wald ratio",1,-0.01,0.036,0.99,0.78,NA,NA,NA,0.014003714
"ZNHIT6","Lymphocyte","ANX","Wald ratio",1,0.039,0.141,1.04,0.781,NA,NA,NA,0.020742725
"GPR126","Lymphocyte","ANX","Wald ratio",1,0.036,0.13,1.037,0.781,NA,NA,NA,0.016670837
"RDH8","Lymphocyte","ANX","Wald ratio",1,0.018,0.064,1.018,0.782,NA,NA,NA,0.021478918
"COL5A3","Lymphocyte","ANX","Wald ratio",1,0.055,0.198,1.056,0.782,NA,NA,NA,0.021478918
"GRIK1","Lymphocyte","ANX","Wald ratio",1,-0.011,0.04,0.989,0.782,NA,NA,NA,0.016376822
"GZMM","Lymphocyte","ANX","Wald ratio",1,0.034,0.123,1.034,0.784,NA,NA,NA,0.03903473
"CCL20","Lymphocyte","ANX","Wald ratio",1,0.013,0.049,1.014,0.784,NA,NA,NA,0.022839551
"SLC45A4","Lymphocyte","ANX","Wald ratio",1,-0.015,0.055,0.985,0.784,NA,NA,NA,0.023339434
"CNTLN","Lymphocyte","ANX","Wald ratio",1,0.012,0.045,1.012,0.784,NA,NA,NA,0.015641283
"PAH","Lymphocyte","ANX","Wald ratio",1,-0.02,0.072,0.981,0.784,NA,NA,NA,0.015300894
"RNF126P1","Lymphocyte","ANX","Wald ratio",1,-0.043,0.159,0.957,0.784,NA,NA,NA,0.0193166
"LPHN3","Lymphocyte","ANX","Wald ratio",1,0.022,0.08,1.022,0.784,NA,NA,NA,0.016025513
"C1orf96","Lymphocyte","ANX","Inverse variance weighted",2,-0.023,0.084,0.977,0.785,NA,0.024707344,NA,0.141253804
"KCNMB2","Lymphocyte","ANX","Wald ratio",1,0.024,0.087,1.024,0.786,NA,NA,NA,0.016114818
"C9orf66","Lymphocyte","ANX","Wald ratio",1,-0.19,0.7,0.827,0.786,NA,NA,NA,0.014514151
"C18orf1","Lymphocyte","ANX","Weighted mode",3,0.009,0.029,1.009,0.786,0.535433475,0.717170672,0.689778379,0.015122288
"PIP4K2A","Lymphocyte","ANX","Wald ratio",1,0.013,0.049,1.013,0.786,NA,NA,NA,0.023368952
"IREB2","Lymphocyte","ANX","Wald ratio",1,0.04,0.149,1.041,0.786,NA,NA,NA,0.015242732
"APPL2","Lymphocyte","ANX","Wald ratio",1,0.036,0.134,1.037,0.786,NA,NA,NA,0.025695038
"EDEM1","Lymphocyte","ANX","Wald ratio",1,0.216,0.798,1.241,0.786,NA,NA,NA,0.01721611
"PDGFD","Lymphocyte","ANX","Wald ratio",1,0.01,0.038,1.01,0.786,NA,NA,NA,0.015094667
"ERC2","Lymphocyte","ANX","Weighted mode",3,-0.009,0.03,0.991,0.786,0.958754022,0.803124007,0.628540113,0.016930492
"PPOX","Lymphocyte","ANX","Wald ratio",1,0.009,0.035,1.009,0.787,NA,NA,NA,0.013677919
"NDUFS2","Lymphocyte","ANX","Wald ratio",1,0.008,0.031,1.008,0.787,NA,NA,NA,0.013677919
"GFRA2","Lymphocyte","ANX","Wald ratio",1,0.042,0.156,1.043,0.787,NA,NA,NA,0.014946457
"ZBTB2","Lymphocyte","ANX","Wald ratio",1,0.03,0.111,1.03,0.788,NA,NA,NA,0.030492364
"DEGS2","Lymphocyte","ANX","Wald ratio",1,0.012,0.043,1.012,0.788,NA,NA,NA,0.016631343
"KCNH2","Lymphocyte","ANX","Wald ratio",1,-0.031,0.117,0.969,0.789,NA,NA,NA,0.016528472
"NOS3","Lymphocyte","ANX","Wald ratio",1,-0.011,0.042,0.989,0.789,NA,NA,NA,0.016529344
"PRKCA","Lymphocyte","ANX","Simple mode",4,0.016,0.053,1.016,0.789,0.914286198,0.91888126,0.628198013,0.060424145
"ZNF468","Lymphocyte","ANX","Wald ratio",1,0.043,0.161,1.044,0.789,NA,NA,NA,0.015999374
"GNB4","Lymphocyte","ANX","Wald ratio",1,-0.019,0.072,0.981,0.79,NA,NA,NA,0.016044125
"TMEM117","Lymphocyte","ANX","Wald ratio",1,-0.011,0.041,0.989,0.79,NA,NA,NA,0.019608472
"FOXD4L1","Lymphocyte","ANX","Wald ratio",1,0.015,0.056,1.015,0.791,NA,NA,NA,0.019695337
"IL17REL","Lymphocyte","ANX","Wald ratio",1,0.011,0.041,1.011,0.791,NA,NA,NA,0.014487971
"PIM3","Lymphocyte","ANX","Wald ratio",1,0.025,0.094,1.025,0.791,NA,NA,NA,0.014487971
"TTLL8","Lymphocyte","ANX","Wald ratio",1,0.011,0.042,1.011,0.791,NA,NA,NA,0.01448797
"LILRB1","Lymphocyte","ANX","Wald ratio",1,-0.134,0.508,0.875,0.792,NA,NA,NA,0.015113752
"WDR51B","Lymphocyte","ANX","Wald ratio",1,0.012,0.045,1.012,0.792,NA,NA,NA,0.017133371
"RPL28","Lymphocyte","ANX","Wald ratio",1,-1.163,4.419,0.313,0.792,NA,NA,NA,0.033228016
"FAM71E2","Lymphocyte","ANX","Wald ratio",1,-0.025,0.093,0.976,0.792,NA,NA,NA,0.033228016
"COX6B2","Lymphocyte","ANX","Wald ratio",1,-0.023,0.087,0.977,0.792,NA,NA,NA,0.033228015
"NT5C1A","Lymphocyte","ANX","Wald ratio",1,0.102,0.39,1.108,0.793,NA,NA,NA,0.016987405
"PIGS","Lymphocyte","ANX","Wald ratio",1,-0.017,0.063,0.984,0.793,NA,NA,NA,0.015158837
"KIAA0100","Lymphocyte","ANX","Wald ratio",1,-0.078,0.298,0.925,0.793,NA,NA,NA,0.015158824
"RAB34","Lymphocyte","ANX","Wald ratio",1,-0.01,0.038,0.99,0.793,NA,NA,NA,0.015132688
"FOXP1","Lymphocyte","ANX","Wald ratio",1,0.011,0.041,1.011,0.795,NA,NA,NA,0.017880023
"SASH1","Lymphocyte","ANX","Wald ratio",1,-0.095,0.366,0.91,0.796,NA,NA,NA,0.01720921
"MGC3771","Lymphocyte","ANX","Wald ratio",1,0.009,0.035,1.009,0.796,NA,NA,NA,0.013684575
"IL20RA","Lymphocyte","ANX","Wald ratio",1,-0.015,0.059,0.985,0.797,NA,NA,NA,0.01464632
"NLRP13","Lymphocyte","ANX","Wald ratio",1,-0.009,0.035,0.991,0.797,NA,NA,NA,0.014313819
"HPSE2","Lymphocyte","ANX","Inverse variance weighted",2,0.043,0.167,1.044,0.797,NA,0.056023471,NA,0.04616975
"TNFAIP2","Lymphocyte","ANX","Wald ratio",1,0.013,0.049,1.013,0.798,NA,NA,NA,0.022965981
"ADAMTS12","Lymphocyte","ANX","Wald ratio",1,0.019,0.073,1.019,0.798,NA,NA,NA,0.023188958
"TTC7B","Lymphocyte","ANX","MR Egger",3,-0.02,0.06,0.981,0.798,0.399751704,0.701424149,0.990732257,0.01526484
"USP44","Lymphocyte","ANX","Wald ratio",1,-0.011,0.045,0.989,0.798,NA,NA,NA,0.02053224
"GAB1","Lymphocyte","ANX","Wald ratio",1,-0.011,0.042,0.989,0.799,NA,NA,NA,0.014404648
"LTF","Lymphocyte","ANX","Wald ratio",1,0.035,0.139,1.036,0.799,NA,NA,NA,0.017432063
"KLHL31","Lymphocyte","ANX","Wald ratio",1,0.009,0.035,1.009,0.799,NA,NA,NA,0.01594904
"TIFAB","Lymphocyte","ANX","Wald ratio",1,-0.028,0.111,0.972,0.799,NA,NA,NA,0.014255925
"FBXO2","Lymphocyte","ANX","Wald ratio",1,-0.147,0.579,0.863,0.799,NA,NA,NA,0.020062481
"TFCP2L1","Lymphocyte","ANX","Wald ratio",1,0.017,0.068,1.017,0.8,NA,NA,NA,0.017375507
"ABR","Lymphocyte","ANX","Inverse variance weighted",2,-0.019,0.076,0.981,0.801,NA,0.017124289,NA,0.074758124
"C6orf105","Lymphocyte","ANX","Wald ratio",1,-0.008,0.03,0.992,0.801,NA,NA,NA,0.014392322
"GJD2","Lymphocyte","ANX","Wald ratio",1,0.031,0.123,1.031,0.801,NA,NA,NA,0.015544092
"ZNF77","Lymphocyte","ANX","Wald ratio",1,0.012,0.046,1.012,0.801,NA,NA,NA,0.017084202
"TCF7L2","Lymphocyte","ANX","Inverse variance weighted",2,-0.02,0.078,0.981,0.802,NA,0.032834258,NA,0.026960793
"AMPH","Lymphocyte","ANX","Wald ratio",1,-0.011,0.042,0.99,0.802,NA,NA,NA,0.01891888
"CLASP1","Lymphocyte","ANX","Wald ratio",1,-0.384,1.53,0.681,0.802,NA,NA,NA,0.027271109
"MKI67IP","Lymphocyte","ANX","Wald ratio",1,-0.406,1.617,0.667,0.802,NA,NA,NA,0.027271109
"ING2","Lymphocyte","ANX","Wald ratio",1,0.443,1.767,1.557,0.802,NA,NA,NA,0.018453235
"STARD13","Lymphocyte","ANX","Wald ratio",1,0.01,0.041,1.01,0.803,NA,NA,NA,0.016218585
"C6orf125","Lymphocyte","ANX","Wald ratio",1,-0.123,0.495,0.884,0.803,NA,NA,NA,0.017976614
"ATP9B","Lymphocyte","ANX","Wald ratio",1,-0.008,0.034,0.992,0.803,NA,NA,NA,0.01587981
"ARHGEF10","Lymphocyte","ANX","Simple mode",3,0.012,0.041,1.012,0.803,0.115240923,0.126773395,0.564473655,0.01713252
"NIPSNAP3A","Lymphocyte","ANX","Wald ratio",1,0.794,3.188,2.212,0.803,NA,NA,NA,0.026217555
"CMIP","Lymphocyte","ANX","Inverse variance weighted",2,0.006,0.026,1.007,0.804,NA,0.673328576,NA,0.015795407
"RAB11FIP4","Lymphocyte","ANX","Wald ratio",1,0.008,0.031,1.008,0.804,NA,NA,NA,0.014767876
"KRT79","Lymphocyte","ANX","Wald ratio",1,0.008,0.031,1.008,0.804,NA,NA,NA,0.014574152
"SCN9A","Lymphocyte","ANX","Wald ratio",1,-0.007,0.027,0.993,0.804,NA,NA,NA,0.012553284
"RPH3AL","Lymphocyte","ANX","Wald ratio",1,-0.015,0.059,0.985,0.805,NA,NA,NA,0.02421508
"RNF4","Lymphocyte","ANX","Wald ratio",1,-0.132,0.535,0.876,0.805,NA,NA,NA,0.019611473
"NTN1","Lymphocyte","ANX","Inverse variance weighted",2,-0.015,0.061,0.985,0.805,NA,0.198614939,NA,0.024214066
"RORA","Lymphocyte","ANX","Weighted mode",4,0.007,0.028,1.008,0.805,0.069257575,0.140447919,0.845783622,0.014878443
"OPCML","Lymphocyte","ANX","Simple mode",4,0.012,0.043,1.012,0.805,0.318132091,0.257335957,0.342112572,0.103913382
"PRKCA","Lymphocyte","ANX","Weighted mode",4,0.014,0.053,1.014,0.805,0.914286198,0.91888126,0.628198013,0.060424145
"CACNA1D","Lymphocyte","ANX","Wald ratio",1,-0.014,0.055,0.987,0.806,NA,NA,NA,0.018575084
"AEN","Lymphocyte","ANX","Wald ratio",1,-0.01,0.039,0.99,0.806,NA,NA,NA,0.017060505
"RADIL","Lymphocyte","ANX","Wald ratio",1,-0.009,0.036,0.991,0.806,NA,NA,NA,0.017485383
"KIAA0415","Lymphocyte","ANX","Wald ratio",1,-0.01,0.04,0.99,0.806,NA,NA,NA,0.017485383
"IGF1R","Lymphocyte","ANX","MR Egger",3,-0.073,0.233,0.93,0.807,0.980001483,0.925101326,0.761173946,0.014789958
"PLCG1","Lymphocyte","ANX","Wald ratio",1,-0.016,0.066,0.984,0.807,NA,NA,NA,0.018851275
"NKPD1","Lymphocyte","ANX","Wald ratio",1,0.009,0.037,1.009,0.807,NA,NA,NA,0.01653283
"IL2RB","Lymphocyte","ANX","Wald ratio",1,-0.225,0.919,0.799,0.807,NA,NA,NA,0.01653283
"PLEKHA5","Lymphocyte","ANX","Wald ratio",1,0.249,1.017,1.282,0.807,NA,NA,NA,0.02057258
"SRGAP1","Lymphocyte","ANX","Wald ratio",1,-0.008,0.034,0.992,0.807,NA,NA,NA,0.014801373
"FABP1","Lymphocyte","ANX","Wald ratio",1,-0.008,0.031,0.992,0.807,NA,NA,NA,0.010326521
"SLC22A23","Lymphocyte","ANX","Weighted median",3,-0.01,0.043,0.99,0.808,0.743556974,0.056875099,0.253987355,0.022333722
"SLC15A4","Lymphocyte","ANX","Wald ratio",1,-0.008,0.033,0.992,0.808,NA,NA,NA,0.01465319
"LASS6","Lymphocyte","ANX","Wald ratio",1,-0.01,0.041,0.99,0.808,NA,NA,NA,0.017808474
"TBX18","Lymphocyte","ANX","Wald ratio",1,-0.013,0.055,0.987,0.808,NA,NA,NA,0.014070836
"FAM160A2","Lymphocyte","ANX","Wald ratio",1,0.022,0.089,1.022,0.809,NA,NA,NA,0.03888013
"UBE2E2","Lymphocyte","ANX","Inverse variance weighted",2,-0.01,0.039,0.991,0.809,NA,0.237064506,NA,0.016497069
"LHFP","Lymphocyte","ANX","Wald ratio",1,-0.009,0.036,0.991,0.809,NA,NA,NA,0.015531127
"GLT1D1","Lymphocyte","ANX","Wald ratio",1,0.009,0.038,1.009,0.81,NA,NA,NA,0.016992629
"CAV3","Lymphocyte","ANX","Wald ratio",1,-0.028,0.117,0.972,0.81,NA,NA,NA,0.016036588
"ZNF8","Lymphocyte","ANX","Wald ratio",1,0.257,1.07,1.293,0.81,NA,NA,NA,0.016036588
"ERC2","Lymphocyte","ANX","Simple mode",3,-0.009,0.032,0.991,0.81,0.958754022,0.803124007,0.628540113,0.016930492
"PPP2R5E","Lymphocyte","ANX","Wald ratio",1,0.589,2.461,1.802,0.811,NA,NA,NA,0.021740926
"ELMO1","Lymphocyte","ANX","Inverse variance weighted",2,0.018,0.075,1.018,0.812,NA,0.011680485,NA,0.032669096
"ARHGAP10","Lymphocyte","ANX","Wald ratio",1,0.013,0.054,1.013,0.812,NA,NA,NA,0.022598657
"CNTNAP4","Lymphocyte","ANX","Wald ratio",1,0.02,0.085,1.021,0.812,NA,NA,NA,0.01453882
"NBPF1","Lymphocyte","ANX","Wald ratio",1,-0.009,0.04,0.991,0.812,NA,NA,NA,0.017171658
"LOC285401","Lymphocyte","ANX","Wald ratio",1,0.008,0.032,1.008,0.812,NA,NA,NA,0.01466765
"MSH3","Lymphocyte","ANX","Wald ratio",1,-0.009,0.037,0.991,0.813,NA,NA,NA,0.016025171
"DHFR","Lymphocyte","ANX","Wald ratio",1,-0.008,0.035,0.992,0.813,NA,NA,NA,0.016025171
"FGF12","Lymphocyte","ANX","Weighted median",3,-0.006,0.024,0.994,0.813,0.880261171,0.629857719,0.516437907,0.014358356
"LOC283867","Lymphocyte","ANX","Inverse variance weighted",2,-0.009,0.036,0.991,0.813,NA,0.494220087,NA,0.02004601
"NT5M","Lymphocyte","ANX","Wald ratio",1,-0.116,0.491,0.89,0.813,NA,NA,NA,0.018252682
"UNC13A","Lymphocyte","ANX","Wald ratio",1,0.024,0.103,1.024,0.814,NA,NA,NA,0.021633056
"KIAA1199","Lymphocyte","ANX","Wald ratio",1,0.01,0.042,1.01,0.814,NA,NA,NA,0.018341427
"ZFYVE19","Lymphocyte","ANX","Wald ratio",1,0.007,0.032,1.008,0.814,NA,NA,NA,0.014721155
"MBP","Lymphocyte","ANX","Weighted median",3,-0.006,0.027,0.994,0.814,0.41610333,0.107035745,0.301480078,0.114788443
"KLHDC7A","Lymphocyte","ANX","Wald ratio",1,-0.008,0.032,0.992,0.815,NA,NA,NA,0.014766728
"ADHFE1","Lymphocyte","ANX","Wald ratio",1,-0.293,1.255,0.746,0.815,NA,NA,NA,0.018052709
"IGF1R","Lymphocyte","ANX","Weighted mode",3,0.013,0.049,1.013,0.816,0.980001483,0.925101326,0.761173946,0.014789958
"HEATR6","Lymphocyte","ANX","Wald ratio",1,0.029,0.124,1.029,0.816,NA,NA,NA,0.023966866
"RFX1","Lymphocyte","ANX","Wald ratio",1,0.047,0.202,1.048,0.817,NA,NA,NA,0.031435977
"IL27RA","Lymphocyte","ANX","Wald ratio",1,0.027,0.118,1.028,0.817,NA,NA,NA,0.031435989
"PAK2","Lymphocyte","ANX","Wald ratio",1,0.008,0.033,1.008,0.817,NA,NA,NA,0.014470462
"TRAM2","Lymphocyte","ANX","Wald ratio",1,-0.038,0.164,0.963,0.818,NA,NA,NA,0.015233129
"SHB","Lymphocyte","ANX","Wald ratio",1,0.321,1.4,1.379,0.819,NA,NA,NA,0.013348394
"B3GAT2","Lymphocyte","ANX","Wald ratio",1,-0.011,0.049,0.989,0.819,NA,NA,NA,0.017817162
"GDAP1","Lymphocyte","ANX","Wald ratio",1,-0.022,0.096,0.978,0.819,NA,NA,NA,0.014219475
"GREM1","Lymphocyte","ANX","Wald ratio",1,-0.011,0.049,0.989,0.819,NA,NA,NA,0.015085601
"TMPRSS4","Lymphocyte","ANX","Wald ratio",1,0.013,0.058,1.013,0.819,NA,NA,NA,0.016566361
"PIM1","Lymphocyte","ANX","Wald ratio",1,0.261,1.143,1.298,0.82,NA,NA,NA,0.015941927
"CHCHD2","Lymphocyte","ANX","Wald ratio",1,-0.007,0.031,0.993,0.82,NA,NA,NA,0.014505071
"PHKG1","Lymphocyte","ANX","Wald ratio",1,-0.01,0.044,0.99,0.82,NA,NA,NA,0.014504976
"SLC25A37","Lymphocyte","ANX","Wald ratio",1,0.009,0.039,1.009,0.82,NA,NA,NA,0.014937939
"ARL6IP5","Lymphocyte","ANX","Wald ratio",1,-0.027,0.12,0.973,0.82,NA,NA,NA,0.038879825
"AMBP","Lymphocyte","ANX","Wald ratio",1,-0.031,0.138,0.969,0.82,NA,NA,NA,0.017886579
"C20orf26","Lymphocyte","ANX","Wald ratio",1,0.018,0.077,1.018,0.82,NA,NA,NA,0.025306531
"GPAM","Lymphocyte","ANX","Wald ratio",1,0.014,0.06,1.014,0.821,NA,NA,NA,0.020383404
"GLIS1","Lymphocyte","ANX","Inverse variance weighted",2,0.006,0.026,1.006,0.821,NA,0.778351358,NA,0.016443786
"VGLL3","Lymphocyte","ANX","Wald ratio",1,0.013,0.057,1.013,0.821,NA,NA,NA,0.018397757
"RRBP1","Lymphocyte","ANX","Wald ratio",1,-0.008,0.034,0.992,0.821,NA,NA,NA,0.014402625
"BFSP1","Lymphocyte","ANX","Wald ratio",1,-0.093,0.411,0.911,0.821,NA,NA,NA,0.014396256
"LOC339788","Lymphocyte","ANX","Wald ratio",1,0.009,0.04,1.009,0.821,NA,NA,NA,0.019237358
"EIF3M","Lymphocyte","ANX","Wald ratio",1,-0.009,0.038,0.991,0.822,NA,NA,NA,0.018625054
"RRM1","Lymphocyte","ANX","Wald ratio",1,0.248,1.1,1.281,0.822,NA,NA,NA,0.013773521
"IGDCC4","Lymphocyte","ANX","Wald ratio",1,0.06,0.267,1.062,0.822,NA,NA,NA,0.018253302
"HRNBP3","Lymphocyte","ANX","Simple mode",3,0.009,0.036,1.009,0.822,0.205649906,0.330914051,0.648008583,0.016003487
"ABCB5","Lymphocyte","ANX","Wald ratio",1,-0.009,0.04,0.991,0.822,NA,NA,NA,0.019325629
"FIGNL2","Lymphocyte","ANX","Wald ratio",1,-0.012,0.054,0.988,0.823,NA,NA,NA,0.018530901
"SCN8A","Lymphocyte","ANX","Wald ratio",1,-0.009,0.042,0.991,0.823,NA,NA,NA,0.014907976
"CTBP2","Lymphocyte","ANX","Inverse variance weighted",2,-0.011,0.047,0.989,0.823,NA,0.715365456,NA,0.014492118
"METTL13","Lymphocyte","ANX","Wald ratio",1,-0.011,0.05,0.989,0.824,NA,NA,NA,0.01800986
"TANC1","Lymphocyte","ANX","Inverse variance weighted",2,-0.023,0.105,0.977,0.824,NA,0.093761673,NA,0.016137782
"ADARB2","Lymphocyte","ANX","Weighted mode",4,-0.008,0.033,0.992,0.824,0.237226174,0.184427527,0.363886194,0.037740724
"VPS4A","Lymphocyte","ANX","Wald ratio",1,0.068,0.309,1.071,0.824,NA,NA,NA,0.014197686
"PDF","Lymphocyte","ANX","Wald ratio",1,0.009,0.041,1.009,0.824,NA,NA,NA,0.014195631
"CDC42","Lymphocyte","ANX","Wald ratio",1,0.018,0.08,1.018,0.825,NA,NA,NA,0.025846518
"C4orf19","Lymphocyte","ANX","Wald ratio",1,-0.008,0.034,0.992,0.825,NA,NA,NA,0.016072958
"AKAP13","Lymphocyte","ANX","Wald ratio",1,0.007,0.03,1.007,0.826,NA,NA,NA,0.014289443
"LRRC37B2","Lymphocyte","ANX","Wald ratio",1,-0.644,2.928,0.525,0.826,NA,NA,NA,0.025401962
"GOLGA8B","Lymphocyte","ANX","Inverse variance weighted",2,0.014,0.064,1.014,0.826,NA,0.190562036,NA,0.077827732
"PGCP","Lymphocyte","ANX","Wald ratio",1,0.013,0.061,1.013,0.827,NA,NA,NA,0.016815588
"EPHA8","Lymphocyte","ANX","Wald ratio",1,-0.015,0.068,0.985,0.827,NA,NA,NA,0.015291961
"ZNF555","Lymphocyte","ANX","Wald ratio",1,0.026,0.12,1.026,0.827,NA,NA,NA,0.020683668
"ZNF556","Lymphocyte","ANX","Wald ratio",1,0.01,0.045,1.01,0.827,NA,NA,NA,0.020683668
"KCNQ1","Lymphocyte","ANX","Simple mode",4,-0.01,0.04,0.991,0.827,0.695757801,0.8637223,0.914749724,0.016183037
"PFKP","Lymphocyte","ANX","Wald ratio",1,-0.012,0.054,0.988,0.829,NA,NA,NA,0.014518742
"CDH13","Lymphocyte","ANX","MR Egger",3,-0.067,0.241,0.936,0.829,0.540841335,0.796393571,0.823129762,0.018371863
"NRXN2","Lymphocyte","ANX","Wald ratio",1,0.014,0.064,1.014,0.829,NA,NA,NA,0.019986329
"KIAA1614","Lymphocyte","ANX","Wald ratio",1,0.015,0.07,1.015,0.829,NA,NA,NA,0.014564584
"ADCY5","Lymphocyte","ANX","Wald ratio",1,0.018,0.082,1.018,0.829,NA,NA,NA,0.015904221
"KHNYN","Lymphocyte","ANX","Wald ratio",1,0.082,0.379,1.085,0.829,NA,NA,NA,0.015474248
"C9orf40","Lymphocyte","ANX","Wald ratio",1,0.006,0.03,1.006,0.83,NA,NA,NA,0.014370607
"ORC5L","Lymphocyte","ANX","Wald ratio",1,0.008,0.036,1.008,0.83,NA,NA,NA,0.017040909
"UTRN","Lymphocyte","ANX","Wald ratio",1,-0.024,0.113,0.976,0.83,NA,NA,NA,0.015949634
"DDX20","Lymphocyte","ANX","Wald ratio",1,-0.026,0.123,0.974,0.83,NA,NA,NA,0.019240156
"RBMS1","Lymphocyte","ANX","Wald ratio",1,-0.009,0.043,0.991,0.83,NA,NA,NA,0.014416621
"CHST2","Lymphocyte","ANX","Wald ratio",1,-0.007,0.032,0.993,0.83,NA,NA,NA,0.014416621
"OSTM1","Lymphocyte","ANX","Wald ratio",1,0.035,0.162,1.035,0.83,NA,NA,NA,0.016659678
"POLR2C","Lymphocyte","ANX","Wald ratio",1,-0.202,0.942,0.817,0.83,NA,NA,NA,0.023739959
"CCL17","Lymphocyte","ANX","Wald ratio",1,-0.012,0.054,0.988,0.83,NA,NA,NA,0.023739959
"DLX3","Lymphocyte","ANX","Wald ratio",1,0.058,0.271,1.06,0.83,NA,NA,NA,0.021443744
"HDAC4","Lymphocyte","ANX","Inverse variance weighted",3,-0.007,0.035,0.993,0.831,0.016722936,0.056753214,0.969844198,0.016085827
"ALK","Lymphocyte","ANX","Wald ratio",1,-0.019,0.087,0.982,0.831,NA,NA,NA,0.025415069
"LOC646762","Lymphocyte","ANX","Wald ratio",1,-0.013,0.06,0.987,0.831,NA,NA,NA,0.025415069
"TREML2","Lymphocyte","ANX","Wald ratio",1,0.021,0.099,1.021,0.831,NA,NA,NA,0.016704855
"CGN","Lymphocyte","ANX","Wald ratio",1,0.19,0.89,1.209,0.831,NA,NA,NA,0.020892084
"PTGER1","Lymphocyte","ANX","Wald ratio",1,-0.044,0.206,0.957,0.831,NA,NA,NA,0.014508404
"PKN1","Lymphocyte","ANX","Wald ratio",1,-0.006,0.03,0.994,0.831,NA,NA,NA,0.014508404
"CACNA1E","Lymphocyte","ANX","Wald ratio",1,-0.086,0.406,0.917,0.831,NA,NA,NA,0.021982916
"LOC100292680","Lymphocyte","ANX","Wald ratio",1,-0.012,0.056,0.988,0.831,NA,NA,NA,0.016985726
"NEXN","Lymphocyte","ANX","Inverse variance weighted",2,0.016,0.075,1.016,0.832,NA,0.078932208,NA,0.078992473
"PEX11G","Lymphocyte","ANX","Wald ratio",1,0.008,0.038,1.008,0.832,NA,NA,NA,0.015464024
"TSPAN11","Lymphocyte","ANX","Inverse variance weighted",2,0.01,0.047,1.01,0.832,NA,0.766565387,NA,0.019457786
"chrM2","Lymphocyte","ANX","Wald ratio",1,0.015,0.07,1.015,0.832,NA,NA,NA,0.013685131
"ADAMTS1","Lymphocyte","ANX","Wald ratio",1,0.01,0.046,1.01,0.833,NA,NA,NA,0.019081432
"HS6ST1","Lymphocyte","ANX","Wald ratio",1,-0.008,0.036,0.992,0.833,NA,NA,NA,0.016649591
"ZDHHC13","Lymphocyte","ANX","Wald ratio",1,0.01,0.045,1.01,0.833,NA,NA,NA,0.015317029
"CHCHD6","Lymphocyte","ANX","Wald ratio",1,0.018,0.088,1.019,0.833,NA,NA,NA,0.01871276
"CAMK1D","Lymphocyte","ANX","Weighted mode",3,0.008,0.033,1.008,0.834,0.946140398,0.293266529,0.362000139,0.109644833
"SLC5A8","Lymphocyte","ANX","Wald ratio",1,-0.01,0.047,0.99,0.834,NA,NA,NA,0.017247627
"RPSA","Lymphocyte","ANX","Wald ratio",1,0.422,2.022,1.525,0.835,NA,NA,NA,0.022595906
"CCR8","Lymphocyte","ANX","Wald ratio",1,0.011,0.054,1.011,0.835,NA,NA,NA,0.022042639
"C17orf76","Lymphocyte","ANX","Wald ratio",1,0.009,0.046,1.01,0.835,NA,NA,NA,0.020000933
"GCK","Lymphocyte","ANX","Wald ratio",1,0.007,0.035,1.007,0.836,NA,NA,NA,0.016020398
"AEBP1","Lymphocyte","ANX","Wald ratio",1,0.008,0.039,1.008,0.836,NA,NA,NA,0.016020398
"GPR85","Lymphocyte","ANX","Wald ratio",1,-0.011,0.051,0.989,0.836,NA,NA,NA,0.017218927
"CA6","Lymphocyte","ANX","Wald ratio",1,-0.021,0.099,0.98,0.836,NA,NA,NA,0.014442278
"DDX58","Lymphocyte","ANX","Wald ratio",1,-0.009,0.042,0.991,0.836,NA,NA,NA,0.01492111
"KCNQ1","Lymphocyte","ANX","Weighted mode",4,-0.007,0.033,0.993,0.836,0.695757801,0.8637223,0.914749724,0.016183037
"TRAPPC3","Lymphocyte","ANX","Wald ratio",1,-0.017,0.084,0.983,0.837,NA,NA,NA,0.017056171
"MAP7D1","Lymphocyte","ANX","Wald ratio",1,-0.049,0.24,0.952,0.837,NA,NA,NA,0.017056171
"TRIML1","Lymphocyte","ANX","Wald ratio",1,0.013,0.063,1.013,0.837,NA,NA,NA,0.023745015
"TNIP3","Lymphocyte","ANX","Wald ratio",1,0.007,0.034,1.007,0.837,NA,NA,NA,0.016393511
"GALNT9","Lymphocyte","ANX","Wald ratio",1,0.016,0.077,1.016,0.837,NA,NA,NA,0.029465951
"NOC4L","Lymphocyte","ANX","Wald ratio",1,0.014,0.068,1.014,0.837,NA,NA,NA,0.029465947
"SLC35E3","Lymphocyte","ANX","Wald ratio",1,0.046,0.226,1.047,0.838,NA,NA,NA,0.014100231
"R3HCC1","Lymphocyte","ANX","Wald ratio",1,-0.017,0.082,0.983,0.838,NA,NA,NA,0.014340386
"ANK1","Lymphocyte","ANX","Inverse variance weighted",2,-0.005,0.023,0.995,0.838,NA,0.704847861,NA,0.014112466
"ITM2C","Lymphocyte","ANX","Simple mode",3,0.012,0.053,1.012,0.838,0.583297948,0.700881223,0.637457989,0.021895736
"C13orf33","Lymphocyte","ANX","Wald ratio",1,0.01,0.047,1.01,0.838,NA,NA,NA,0.020581749
"ZNF831","Lymphocyte","ANX","Wald ratio",1,0.006,0.028,1.006,0.838,NA,NA,NA,0.012986748
"CTSZ","Lymphocyte","ANX","Wald ratio",1,0.007,0.034,1.007,0.838,NA,NA,NA,0.012985441
"EDN3","Lymphocyte","ANX","Wald ratio",1,0.056,0.277,1.058,0.838,NA,NA,NA,0.012986748
"FLYWCH1","Lymphocyte","ANX","Wald ratio",1,-0.427,2.093,0.653,0.838,NA,NA,NA,0.015581026
"AQP4","Lymphocyte","ANX","Wald ratio",1,0.049,0.242,1.05,0.839,NA,NA,NA,0.0222571
"FGF12","Lymphocyte","ANX","Weighted mode",3,-0.006,0.025,0.994,0.839,0.880261171,0.629857719,0.516437907,0.014358356
"SLC2A9","Lymphocyte","ANX","Wald ratio",1,-0.009,0.042,0.992,0.839,NA,NA,NA,0.014411409
"AZIN1","Lymphocyte","ANX","Wald ratio",1,-0.009,0.043,0.991,0.84,NA,NA,NA,0.013118471
"CD34","Lymphocyte","ANX","Wald ratio",1,0.017,0.083,1.017,0.84,NA,NA,NA,0.01409045
"C18orf1","Lymphocyte","ANX","Simple mode",3,0.006,0.027,1.006,0.84,0.535433475,0.717170672,0.689778379,0.015122288
"ACBD7","Lymphocyte","ANX","Inverse variance weighted",2,-0.025,0.122,0.976,0.841,NA,0.035607253,NA,0.148791237
"SMYD3","Lymphocyte","ANX","Inverse variance weighted",3,-0.006,0.031,0.994,0.841,0.287664343,0.299182398,0.479891122,0.022983861
"PADI1","Lymphocyte","ANX","Inverse variance weighted",2,0.008,0.04,1.008,0.841,NA,0.572816281,NA,0.016352715
"ARHGEF10","Lymphocyte","ANX","Weighted mode",3,0.01,0.046,1.01,0.842,0.115240923,0.126773395,0.564473655,0.01713252
"INO80C","Lymphocyte","ANX","Wald ratio",1,-0.007,0.034,0.993,0.842,NA,NA,NA,0.016419751
"WWC1","Lymphocyte","ANX","Wald ratio",1,-0.033,0.165,0.968,0.843,NA,NA,NA,0.017642091
"PDE1A","Lymphocyte","ANX","Wald ratio",1,0.018,0.093,1.018,0.843,NA,NA,NA,0.014800263
"LOC286094","Lymphocyte","ANX","Wald ratio",1,-0.009,0.044,0.991,0.843,NA,NA,NA,0.017921121
"WASF3","Lymphocyte","ANX","Wald ratio",1,0.189,0.961,1.209,0.844,NA,NA,NA,0.017966027
"AGPAT4","Lymphocyte","ANX","MR Egger",3,-0.037,0.148,0.964,0.844,0.01769027,0.058506648,0.939769586,0.040098257
"C10orf4","Lymphocyte","ANX","Wald ratio",1,0.011,0.055,1.011,0.844,NA,NA,NA,0.019910172
"CCDC150","Lymphocyte","ANX","Wald ratio",1,0.007,0.034,1.007,0.844,NA,NA,NA,0.016364957
"STON1-GTF2A1L","Lymphocyte","ANX","Wald ratio",1,-0.007,0.034,0.993,0.845,NA,NA,NA,0.015176886
"USP20","Lymphocyte","ANX","Wald ratio",1,-0.007,0.034,0.993,0.845,NA,NA,NA,0.014560745
"ZNF491","Lymphocyte","ANX","Wald ratio",1,-0.015,0.076,0.985,0.845,NA,NA,NA,0.017353178
"TTC24","Lymphocyte","ANX","Wald ratio",1,-0.007,0.034,0.993,0.845,NA,NA,NA,0.016173686
"TMPRSS13","Lymphocyte","ANX","Inverse variance weighted",2,0.013,0.068,1.013,0.845,NA,0.005398868,NA,0.112942008
"FGF12","Lymphocyte","ANX","Inverse variance weighted",3,-0.005,0.025,0.995,0.846,0.880261171,0.629857719,0.516437907,0.014358356
"TRPM4","Lymphocyte","ANX","Wald ratio",1,-0.007,0.034,0.993,0.846,NA,NA,NA,0.015313591
"LIN7B","Lymphocyte","ANX","Wald ratio",1,-0.008,0.044,0.992,0.846,NA,NA,NA,0.015314401
"PPFIA3","Lymphocyte","ANX","Wald ratio",1,-0.05,0.258,0.951,0.846,NA,NA,NA,0.015314401
"CMYA5","Lymphocyte","ANX","Wald ratio",1,-0.008,0.039,0.992,0.847,NA,NA,NA,0.018275165
"TNFRSF11A","Lymphocyte","ANX","Wald ratio",1,0.007,0.036,1.007,0.847,NA,NA,NA,0.017623757
"SP140","Lymphocyte","ANX","Wald ratio",1,-0.048,0.25,0.953,0.847,NA,NA,NA,0.020033772
"PDHB","Lymphocyte","ANX","Wald ratio",1,-0.026,0.133,0.975,0.847,NA,NA,NA,0.014689583
"NIPA1","Lymphocyte","ANX","Wald ratio",1,0.017,0.087,1.017,0.847,NA,NA,NA,0.028060587
"IGF1R","Lymphocyte","ANX","Simple mode",3,0.012,0.053,1.012,0.847,0.980001483,0.925101326,0.761173946,0.014789958
"LMO3","Lymphocyte","ANX","Wald ratio",1,0.013,0.069,1.013,0.848,NA,NA,NA,0.01668295
"SMAD6","Lymphocyte","ANX","Wald ratio",1,0.015,0.076,1.015,0.849,NA,NA,NA,0.018825869
"XRRA1","Lymphocyte","ANX","Wald ratio",1,0.3,1.58,1.35,0.849,NA,NA,NA,0.015634963
"CLEC1A","Lymphocyte","ANX","Wald ratio",1,-0.008,0.044,0.992,0.85,NA,NA,NA,0.016673948
"KIAA0427","Lymphocyte","ANX","Inverse variance weighted",2,0.004,0.023,1.004,0.85,NA,0.989101955,NA,0.0140974
"RNF144B","Lymphocyte","ANX","Wald ratio",1,-0.257,1.361,0.774,0.85,NA,NA,NA,0.015488591
"STK35","Lymphocyte","ANX","Wald ratio",1,0.007,0.038,1.007,0.851,NA,NA,NA,0.016246605
"ACSL1","Lymphocyte","ANX","Weighted mode",3,0.007,0.033,1.007,0.851,0.910150213,0.014017583,0.210099484,0.014073289
"PPP2R5A","Lymphocyte","ANX","Wald ratio",1,0.009,0.05,1.009,0.851,NA,NA,NA,0.014486995
"JAM3","Lymphocyte","ANX","Wald ratio",1,-0.014,0.074,0.986,0.851,NA,NA,NA,0.025902809
"SIGLEC14","Lymphocyte","ANX","Wald ratio",1,0.238,1.262,1.268,0.851,NA,NA,NA,0.019741975
"AKR1CL1","Lymphocyte","ANX","Wald ratio",1,-0.007,0.035,0.993,0.851,NA,NA,NA,0.016292176
"SART3","Lymphocyte","ANX","Wald ratio",1,-0.009,0.049,0.991,0.852,NA,NA,NA,0.022048727
"RIMBP2","Lymphocyte","ANX","Inverse variance weighted",2,0.005,0.025,1.005,0.852,NA,0.925474459,NA,0.014277714
"C15orf29","Lymphocyte","ANX","Wald ratio",1,0.006,0.03,1.006,0.852,NA,NA,NA,0.014625243
"FAM110B","Lymphocyte","ANX","Inverse variance weighted",2,-0.005,0.028,0.995,0.852,NA,0.867670192,NA,0.013302145
"TRABD","Lymphocyte","ANX","Wald ratio",1,0.069,0.374,1.072,0.853,NA,NA,NA,0.016237704
"QPCT","Lymphocyte","ANX","Wald ratio",1,0.008,0.045,1.008,0.853,NA,NA,NA,0.016237766
"PANX2","Lymphocyte","ANX","Wald ratio",1,0.01,0.056,1.01,0.853,NA,NA,NA,0.016237766
"LOC153328","Lymphocyte","ANX","Wald ratio",1,-0.006,0.034,0.994,0.853,NA,NA,NA,0.014717358
"NOSTRIN","Lymphocyte","ANX","Wald ratio",1,0.006,0.034,1.006,0.853,NA,NA,NA,0.01521434
"PARP4","Lymphocyte","ANX","Wald ratio",1,-0.009,0.051,0.991,0.853,NA,NA,NA,0.02370086
"STATH","Lymphocyte","ANX","Wald ratio",1,-0.011,0.057,0.989,0.853,NA,NA,NA,0.0163854
"ONECUT1","Lymphocyte","ANX","Wald ratio",1,0.275,1.5,1.317,0.855,NA,NA,NA,0.023161899
"WBSCR17","Lymphocyte","ANX","Weighted median",3,0.004,0.024,1.004,0.855,0.237683371,0.099776894,0.37072449,0.024350514
"ARHGAP26","Lymphocyte","ANX","Inverse variance weighted",2,-0.006,0.03,0.994,0.856,NA,0.459575363,NA,0.019375412
"RFX2","Lymphocyte","ANX","Wald ratio",1,-0.032,0.176,0.968,0.856,NA,NA,NA,0.025962231
"LHX6","Lymphocyte","ANX","Wald ratio",1,0.006,0.035,1.006,0.856,NA,NA,NA,0.014708827
"LDHAL6A","Lymphocyte","ANX","Inverse variance weighted",2,-0.015,0.083,0.985,0.856,NA,0.050505873,NA,0.024279351
"POLRMT","Lymphocyte","ANX","Wald ratio",1,-0.256,1.407,0.774,0.856,NA,NA,NA,0.018612444
"HCN2","Lymphocyte","ANX","Wald ratio",1,-0.008,0.045,0.992,0.856,NA,NA,NA,0.018612444
"MAP3K12","Lymphocyte","ANX","Wald ratio",1,-0.032,0.178,0.968,0.856,NA,NA,NA,0.018379747
"WNK2","Lymphocyte","ANX","Wald ratio",1,0.014,0.077,1.014,0.856,NA,NA,NA,0.020449605
"DPP6","Lymphocyte","ANX","Wald ratio",1,0.006,0.033,1.006,0.857,NA,NA,NA,0.015086089
"LRP1B","Lymphocyte","ANX","Inverse variance weighted",2,0.007,0.036,1.007,0.857,NA,0.57027848,NA,0.018992662
"NXN","Lymphocyte","ANX","Simple mode",4,-0.005,0.027,0.995,0.857,0.767464113,0.272053443,0.207622024,0.018043345
"AJAP1","Lymphocyte","ANX","Simple mode",3,0.018,0.086,1.018,0.858,0.071224414,0.154100867,0.76530546,0.015786452
"ETV6","Lymphocyte","ANX","Inverse variance weighted",2,-0.007,0.04,0.993,0.858,NA,0.887051158,NA,0.016841288
"TIAM1","Lymphocyte","ANX","Wald ratio",1,-0.053,0.295,0.948,0.858,NA,NA,NA,0.014892246
"ABCC4","Lymphocyte","ANX","Wald ratio",1,0.022,0.123,1.022,0.858,NA,NA,NA,0.014654061
"ARID1B","Lymphocyte","ANX","Wald ratio",1,-0.007,0.04,0.993,0.858,NA,NA,NA,0.01598353
"MASP1","Lymphocyte","ANX","Wald ratio",1,0.008,0.043,1.008,0.858,NA,NA,NA,0.018138246
"PENK","Lymphocyte","ANX","Wald ratio",1,0.011,0.061,1.011,0.858,NA,NA,NA,0.014174477
"CEND1","Lymphocyte","ANX","Wald ratio",1,-0.006,0.033,0.994,0.859,NA,NA,NA,0.015270116
"LRDD","Lymphocyte","ANX","Wald ratio",1,-0.069,0.386,0.934,0.859,NA,NA,NA,0.015270116
"SLC34A1","Lymphocyte","ANX","Wald ratio",1,0.006,0.034,1.006,0.859,NA,NA,NA,0.016075004
"C20orf54","Lymphocyte","ANX","Wald ratio",1,-0.02,0.113,0.98,0.859,NA,NA,NA,0.024069066
"KIAA1529","Lymphocyte","ANX","Wald ratio",1,0.01,0.054,1.01,0.859,NA,NA,NA,0.023847764
"KCNMB3","Lymphocyte","ANX","Wald ratio",1,-0.005,0.029,0.995,0.859,NA,NA,NA,0.013164195
"PROK2","Lymphocyte","ANX","Wald ratio",1,0.073,0.412,1.076,0.86,NA,NA,NA,0.018550979
"SYCE1","Lymphocyte","ANX","Wald ratio",1,0.011,0.062,1.011,0.86,NA,NA,NA,0.027860115
"LOC619207","Lymphocyte","ANX","Wald ratio",1,0.012,0.068,1.012,0.86,NA,NA,NA,0.019787187
"ZRANB3","Lymphocyte","ANX","Wald ratio",1,-0.029,0.166,0.971,0.86,NA,NA,NA,0.059343158
"ATP8A2","Lymphocyte","ANX","Simple mode",3,-0.005,0.027,0.995,0.86,0.669740189,0.305786506,0.378461562,0.045643194
"SRD5A1","Lymphocyte","ANX","Wald ratio",1,0.006,0.032,1.006,0.86,NA,NA,NA,0.014073289
"JAG1","Lymphocyte","ANX","Wald ratio",1,-0.008,0.044,0.992,0.861,NA,NA,NA,0.01845302
"C9orf84","Lymphocyte","ANX","Wald ratio",1,-0.007,0.041,0.993,0.861,NA,NA,NA,0.016866948
"PCGF1","Lymphocyte","ANX","Wald ratio",1,0.009,0.052,1.009,0.861,NA,NA,NA,0.022906585
"LOC151534","Lymphocyte","ANX","Wald ratio",1,0.014,0.082,1.014,0.861,NA,NA,NA,0.022906585
"LBX2","Lymphocyte","ANX","Wald ratio",1,0.018,0.1,1.018,0.861,NA,NA,NA,0.022906585
"VAT1L","Lymphocyte","ANX","Wald ratio",1,0.015,0.085,1.015,0.861,NA,NA,NA,0.024452204
"KLHL1","Lymphocyte","ANX","Inverse variance weighted",2,0.008,0.045,1.008,0.862,NA,0.507619518,NA,0.015535948
"YIPF5","Lymphocyte","ANX","Wald ratio",1,0.008,0.046,1.008,0.862,NA,NA,NA,0.018542842
"HOXA11AS","Lymphocyte","ANX","Wald ratio",1,0.068,0.391,1.07,0.862,NA,NA,NA,0.014498547
"HOXA10","Lymphocyte","ANX","Wald ratio",1,0.005,0.031,1.005,0.862,NA,NA,NA,0.014387619
"RTTN","Lymphocyte","ANX","Wald ratio",1,0.013,0.077,1.013,0.862,NA,NA,NA,0.032676427
"ZNF367","Lymphocyte","ANX","Wald ratio",1,0.009,0.054,1.009,0.863,NA,NA,NA,0.021058045
"OPRM1","Lymphocyte","ANX","Wald ratio",1,-0.007,0.039,0.993,0.863,NA,NA,NA,0.013594746
"DENND1A","Lymphocyte","ANX","Wald ratio",1,0.01,0.059,1.01,0.863,NA,NA,NA,0.019506133
"CRB2","Lymphocyte","ANX","Wald ratio",1,0.008,0.044,1.008,0.863,NA,NA,NA,0.019506133
"TNFRSF11B","Lymphocyte","ANX","Wald ratio",1,0.025,0.147,1.026,0.863,NA,NA,NA,0.015729498
"CAPZB","Lymphocyte","ANX","Wald ratio",1,0.009,0.05,1.009,0.863,NA,NA,NA,0.015729498
"RBP4","Lymphocyte","ANX","Wald ratio",1,-0.012,0.067,0.989,0.863,NA,NA,NA,0.028008864
"NRXN1","Lymphocyte","ANX","Wald ratio",1,0.06,0.352,1.062,0.863,NA,NA,NA,0.01411135
"PARVA","Lymphocyte","ANX","Wald ratio",1,-0.077,0.449,0.926,0.864,NA,NA,NA,0.023516993
"LSAMP","Lymphocyte","ANX","Weighted median",4,0.007,0.041,1.007,0.864,0.387473778,0.417650038,0.434651958,0.025896933
"NHLRC1","Lymphocyte","ANX","Wald ratio",1,-0.011,0.065,0.989,0.864,NA,NA,NA,0.014444021
"CPNE2","Lymphocyte","ANX","Wald ratio",1,0.006,0.034,1.006,0.864,NA,NA,NA,0.015014932
"KCNQ1","Lymphocyte","ANX","MR Egger",4,-0.014,0.073,0.986,0.864,0.695757801,0.8637223,0.914749724,0.016183037
"FOXD2","Lymphocyte","ANX","Wald ratio",1,0.007,0.042,1.007,0.864,NA,NA,NA,0.01537408
"ERAP1","Lymphocyte","ANX","Wald ratio",1,-0.024,0.138,0.977,0.865,NA,NA,NA,0.027495346
"FAM172A","Lymphocyte","ANX","Wald ratio",1,0.008,0.048,1.008,0.865,NA,NA,NA,0.02055001
"DCAKD","Lymphocyte","ANX","Wald ratio",1,0.155,0.913,1.168,0.865,NA,NA,NA,0.047166439
"ESPNL","Lymphocyte","ANX","Inverse variance weighted",2,0.007,0.04,1.007,0.865,NA,0.97068032,NA,0.019430701
"CYP2U1","Lymphocyte","ANX","Wald ratio",1,0.016,0.094,1.016,0.865,NA,NA,NA,0.017086225
"FAM110A","Lymphocyte","ANX","Wald ratio",1,-0.161,0.955,0.851,0.866,NA,NA,NA,0.014629132
"LOC285593","Lymphocyte","ANX","Wald ratio",1,-0.005,0.029,0.995,0.867,NA,NA,NA,0.014149638
"PNOC","Lymphocyte","ANX","Wald ratio",1,0.091,0.544,1.096,0.867,NA,NA,NA,0.021086564
"SNW1","Lymphocyte","ANX","Wald ratio",1,-0.181,1.081,0.834,0.867,NA,NA,NA,0.014435931
"PMM2","Lymphocyte","ANX","Wald ratio",1,0.008,0.045,1.008,0.867,NA,NA,NA,0.020039809
"CARHSP1","Lymphocyte","ANX","Wald ratio",1,0.01,0.06,1.01,0.867,NA,NA,NA,0.020036702
"TMEM186","Lymphocyte","ANX","Wald ratio",1,0.007,0.042,1.007,0.867,NA,NA,NA,0.020039809
"EGLN3","Lymphocyte","ANX","Wald ratio",1,-0.006,0.034,0.994,0.867,NA,NA,NA,0.013045909
"RORB","Lymphocyte","ANX","Inverse variance weighted",2,-0.039,0.231,0.962,0.867,NA,0.355633578,NA,0.0172321
"IMMP2L","Lymphocyte","ANX","Inverse variance weighted",2,-0.004,0.025,0.996,0.867,NA,0.338140453,NA,0.016924681
"CPN2","Lymphocyte","ANX","Wald ratio",1,0.024,0.145,1.025,0.868,NA,NA,NA,0.018474045
"SLC6A3","Lymphocyte","ANX","Wald ratio",1,-0.009,0.055,0.991,0.868,NA,NA,NA,0.024201831
"RAB5A","Lymphocyte","ANX","Wald ratio",1,0.278,1.674,1.321,0.868,NA,NA,NA,0.018796408
"BAI3","Lymphocyte","ANX","Wald ratio",1,-0.005,0.03,0.995,0.868,NA,NA,NA,0.014002297
"PLCL2","Lymphocyte","ANX","Wald ratio",1,-0.009,0.056,0.991,0.869,NA,NA,NA,0.014621198
"PLEKHH1","Lymphocyte","ANX","Wald ratio",1,0.025,0.153,1.026,0.869,NA,NA,NA,0.014095243
"LRMP","Lymphocyte","ANX","Wald ratio",1,-0.005,0.032,0.995,0.869,NA,NA,NA,0.014998986
"NFU1","Lymphocyte","ANX","Wald ratio",1,-0.025,0.151,0.975,0.869,NA,NA,NA,0.014141702
"SLC35B4","Lymphocyte","ANX","Wald ratio",1,0.021,0.13,1.022,0.87,NA,NA,NA,0.015897172
"OR5AU1","Lymphocyte","ANX","Wald ratio",1,0.007,0.043,1.007,0.87,NA,NA,NA,0.019386035
"LOC400940","Lymphocyte","ANX","Wald ratio",1,-0.009,0.053,0.991,0.87,NA,NA,NA,0.016835211
"CREB5","Lymphocyte","ANX","Inverse variance weighted",2,-0.009,0.054,0.991,0.871,NA,0.713351852,NA,0.02265405
"PRSSL1","Lymphocyte","ANX","Wald ratio",1,-0.016,0.102,0.984,0.872,NA,NA,NA,0.016407014
"TRPC3","Lymphocyte","ANX","Inverse variance weighted",2,-0.005,0.028,0.995,0.872,NA,0.293242411,NA,0.024868497
"FSTL3","Lymphocyte","ANX","Wald ratio",1,-0.007,0.043,0.993,0.872,NA,NA,NA,0.016408921
"LPCAT1","Lymphocyte","ANX","Wald ratio",1,0.008,0.047,1.008,0.872,NA,NA,NA,0.016323239
"DENND2D","Lymphocyte","ANX","Wald ratio",1,0.006,0.039,1.006,0.872,NA,NA,NA,0.014420255
"GPRC5C","Lymphocyte","ANX","Wald ratio",1,0.015,0.093,1.015,0.872,NA,NA,NA,0.023034571
"SCP2","Lymphocyte","ANX","Wald ratio",1,-0.112,0.7,0.894,0.873,NA,NA,NA,0.014513027
"ECHDC2","Lymphocyte","ANX","Wald ratio",1,-0.006,0.037,0.994,0.873,NA,NA,NA,0.014513027
"ATP8A2","Lymphocyte","ANX","Weighted median",3,-0.004,0.026,0.996,0.873,0.669740189,0.305786506,0.378461562,0.045643194
"ME3","Lymphocyte","ANX","Wald ratio",1,0.053,0.332,1.055,0.873,NA,NA,NA,0.025354785
"C22orf43","Lymphocyte","ANX","Wald ratio",1,0.005,0.032,1.005,0.873,NA,NA,NA,0.015129671
"MERTK","Lymphocyte","ANX","Wald ratio",1,-0.006,0.038,0.994,0.873,NA,NA,NA,0.015460333
"IL4I1","Lymphocyte","ANX","Wald ratio",1,-0.102,0.644,0.903,0.874,NA,NA,NA,0.017335789
"MTMR10","Lymphocyte","ANX","Wald ratio",1,-0.196,1.244,0.822,0.875,NA,NA,NA,0.016492918
"RFC5","Lymphocyte","ANX","Wald ratio",1,-0.017,0.108,0.983,0.876,NA,NA,NA,0.015168569
"DSC3","Lymphocyte","ANX","Inverse variance weighted",2,-0.005,0.03,0.995,0.876,NA,0.599409568,NA,0.015747705
"HRNBP3","Lymphocyte","ANX","Weighted mode",3,0.007,0.039,1.007,0.877,0.205649906,0.330914051,0.648008583,0.016003487
"ODZ3","Lymphocyte","ANX","Weighted median",3,0.005,0.032,1.005,0.877,0.629436348,0.571496921,0.519222251,0.024434795
"HTRA1","Lymphocyte","ANX","Wald ratio",1,-0.032,0.205,0.969,0.877,NA,NA,NA,0.01709379
"ARMS2","Lymphocyte","ANX","Wald ratio",1,-0.005,0.035,0.995,0.877,NA,NA,NA,0.017093816
"CHTF18","Lymphocyte","ANX","Wald ratio",1,0.007,0.047,1.007,0.877,NA,NA,NA,0.020726772
"MIR662","Lymphocyte","ANX","Wald ratio",1,0.007,0.045,1.007,0.877,NA,NA,NA,0.020726772
"MSLN","Lymphocyte","ANX","Wald ratio",1,0.007,0.045,1.007,0.877,NA,NA,NA,0.020726772
"MSLNL","Lymphocyte","ANX","Wald ratio",1,0.007,0.044,1.007,0.877,NA,NA,NA,0.020702773
"PRR25","Lymphocyte","ANX","Wald ratio",1,0.008,0.055,1.009,0.877,NA,NA,NA,0.020725962
"RPUSD1","Lymphocyte","ANX","Wald ratio",1,0.007,0.045,1.007,0.877,NA,NA,NA,0.020357829
"PCDH9","Lymphocyte","ANX","Weighted median",4,0.004,0.024,1.004,0.877,0.906942617,0.882594435,0.565845838,0.016676678
"SETD7","Lymphocyte","ANX","Wald ratio",1,-0.007,0.047,0.993,0.878,NA,NA,NA,0.012752931
"ADAMTS17","Lymphocyte","ANX","Inverse variance weighted",2,-0.004,0.027,0.996,0.878,NA,0.423000229,NA,0.021915735
"FAM65B","Lymphocyte","ANX","Wald ratio",1,-0.005,0.03,0.995,0.878,NA,NA,NA,0.014118921
"TM4SF1","Lymphocyte","ANX","Wald ratio",1,-0.014,0.091,0.986,0.878,NA,NA,NA,0.021358046
"C7orf26","Lymphocyte","ANX","Wald ratio",1,-0.006,0.038,0.994,0.878,NA,NA,NA,0.015068788
"ZDHHC4","Lymphocyte","ANX","Wald ratio",1,-0.005,0.036,0.995,0.878,NA,NA,NA,0.015068788
"DRD2","Lymphocyte","ANX","Wald ratio",1,-0.023,0.152,0.977,0.878,NA,NA,NA,0.022876805
"FRYL","Lymphocyte","ANX","Wald ratio",1,0.005,0.03,1.005,0.878,NA,NA,NA,0.014165459
"SLC10A4","Lymphocyte","ANX","Wald ratio",1,0.011,0.07,1.011,0.878,NA,NA,NA,0.014165459
"FGF12","Lymphocyte","ANX","Simple mode",3,-0.005,0.026,0.995,0.878,0.880261171,0.629857719,0.516437907,0.014358356
"GPR98","Lymphocyte","ANX","Wald ratio",1,-0.011,0.071,0.989,0.879,NA,NA,NA,0.015491703
"RALGDS","Lymphocyte","ANX","Wald ratio",1,-0.153,1.007,0.858,0.879,NA,NA,NA,0.014876397
"CACNA1C","Lymphocyte","ANX","Weighted mode",4,-0.006,0.035,0.994,0.879,0.76309597,0.676228327,0.425461908,0.020090041
"NFE2L3","Lymphocyte","ANX","Wald ratio",1,-0.026,0.169,0.975,0.879,NA,NA,NA,0.017086655
"LOC93432","Lymphocyte","ANX","Wald ratio",1,-0.018,0.121,0.982,0.88,NA,NA,NA,0.017737492
"BRUNOL4","Lymphocyte","ANX","Inverse variance weighted",2,-0.009,0.058,0.991,0.88,NA,0.729241954,NA,0.015070766
"RAPGEF2","Lymphocyte","ANX","Wald ratio",1,0.009,0.057,1.009,0.88,NA,NA,NA,0.014683772
"PYROXD1","Lymphocyte","ANX","Wald ratio",1,-0.226,1.5,0.797,0.88,NA,NA,NA,0.014065092
"MAN1A1","Lymphocyte","ANX","Wald ratio",1,0.007,0.044,1.007,0.88,NA,NA,NA,0.017223373
"CASZ1","Lymphocyte","ANX","Wald ratio",1,-0.005,0.035,0.995,0.88,NA,NA,NA,0.016615733
"ZC3H3","Lymphocyte","ANX","Wald ratio",1,0.006,0.037,1.006,0.881,NA,NA,NA,0.017594295
"GSDMD","Lymphocyte","ANX","Wald ratio",1,0.3,2,1.35,0.881,NA,NA,NA,0.017594295
"SHANK2","Lymphocyte","ANX","Weighted median",4,0.004,0.026,1.004,0.882,0.138960111,0.267123408,0.98439495,0.058063634
"MYO7A","Lymphocyte","ANX","Inverse variance weighted",2,-0.004,0.028,0.996,0.882,NA,0.774511673,NA,0.0188667
"RPTOR","Lymphocyte","ANX","MR Egger",3,-0.026,0.137,0.975,0.882,0.40265957,0.676772044,0.824029262,0.016799772
"ADCY7","Lymphocyte","ANX","Wald ratio",1,0.006,0.038,1.006,0.882,NA,NA,NA,0.016529105
"CREB3L3","Lymphocyte","ANX","Wald ratio",1,-0.068,0.46,0.934,0.882,NA,NA,NA,0.016235027
"ATP10A","Lymphocyte","ANX","Inverse variance weighted",2,0.005,0.034,1.005,0.882,NA,0.773232142,NA,0.020962969
"HIP1R","Lymphocyte","ANX","Wald ratio",1,-0.008,0.053,0.992,0.882,NA,NA,NA,0.023036741
"TNR","Lymphocyte","ANX","Wald ratio",1,0.01,0.065,1.01,0.883,NA,NA,NA,0.015622972
"PION","Lymphocyte","ANX","Wald ratio",1,0.005,0.033,1.005,0.883,NA,NA,NA,0.014676619
"FOXF1","Lymphocyte","ANX","Wald ratio",1,0.038,0.261,1.039,0.883,NA,NA,NA,0.018190482
"OPCML","Lymphocyte","ANX","Weighted mode",4,0.005,0.031,1.005,0.883,0.318132091,0.257335957,0.342112572,0.103913382
"FHL2","Lymphocyte","ANX","Wald ratio",1,0.014,0.096,1.014,0.883,NA,NA,NA,0.027572049
"SHROOM3","Lymphocyte","ANX","Inverse variance weighted",2,-0.006,0.042,0.994,0.883,NA,0.49747731,NA,0.016263103
"MTMR2","Lymphocyte","ANX","Wald ratio",1,-0.004,0.031,0.996,0.884,NA,NA,NA,0.01415118
"FAM76B","Lymphocyte","ANX","Wald ratio",1,-0.004,0.03,0.996,0.884,NA,NA,NA,0.011751322
"RRAGD","Lymphocyte","ANX","Wald ratio",1,0.004,0.031,1.005,0.884,NA,NA,NA,0.01448355
"THBS4","Lymphocyte","ANX","Wald ratio",1,-0.005,0.031,0.995,0.884,NA,NA,NA,0.014815887
"C6orf174","Lymphocyte","ANX","Inverse variance weighted",2,0.005,0.034,1.005,0.884,NA,0.453955093,NA,0.013339437
"RFTN2","Lymphocyte","ANX","Wald ratio",1,-0.014,0.099,0.986,0.884,NA,NA,NA,0.018047903
"GTF3C6","Lymphocyte","ANX","Wald ratio",1,-0.031,0.216,0.969,0.884,NA,NA,NA,0.018693852
"ALMS1P","Lymphocyte","ANX","Wald ratio",1,-0.006,0.043,0.994,0.884,NA,NA,NA,0.015523777
"SBF2","Lymphocyte","ANX","Wald ratio",1,0.005,0.036,1.005,0.884,NA,NA,NA,0.013183385
"GRAMD1A","Lymphocyte","ANX","Wald ratio",1,-0.006,0.038,0.994,0.884,NA,NA,NA,0.015853389
"SSBP3","Lymphocyte","ANX","Inverse variance weighted",2,-0.005,0.035,0.995,0.884,NA,0.575075758,NA,0.014882981
"BBS9","Lymphocyte","ANX","Wald ratio",1,-0.145,0.996,0.865,0.884,NA,NA,NA,0.022495974
"XKR5","Lymphocyte","ANX","Wald ratio",1,-0.08,0.555,0.923,0.885,NA,NA,NA,0.01395775
"ATG10","Lymphocyte","ANX","Wald ratio",1,-0.004,0.031,0.996,0.886,NA,NA,NA,0.014051043
"C6orf108","Lymphocyte","ANX","Wald ratio",1,-0.027,0.185,0.974,0.886,NA,NA,NA,0.024255272
"FAM49A","Lymphocyte","ANX","Weighted mode",3,0.004,0.026,1.004,0.886,0.369444522,0.310208712,0.432263782,0.016529699
"SLC22A23","Lymphocyte","ANX","Weighted mode",3,-0.007,0.045,0.993,0.887,0.743556974,0.056875099,0.253987355,0.022333722
"C9orf139","Lymphocyte","ANX","Wald ratio",1,0.007,0.052,1.007,0.887,NA,NA,NA,0.015892684
"MAN1B1","Lymphocyte","ANX","Wald ratio",1,0.005,0.036,1.005,0.887,NA,NA,NA,0.015123836
"NPDC1","Lymphocyte","ANX","Wald ratio",1,0.008,0.059,1.008,0.887,NA,NA,NA,0.015892684
"OR6M1","Lymphocyte","ANX","Wald ratio",1,0.006,0.045,1.006,0.887,NA,NA,NA,0.016595226
"MKL2","Lymphocyte","ANX","Wald ratio",1,-0.01,0.072,0.99,0.887,NA,NA,NA,0.030805282
"C6orf122","Lymphocyte","ANX","Wald ratio",1,0.095,0.674,1.1,0.887,NA,NA,NA,0.02114186
"SERPINI1","Lymphocyte","ANX","Wald ratio",1,0.006,0.046,1.007,0.887,NA,NA,NA,0.015938743
"CSRNP2","Lymphocyte","ANX","Wald ratio",1,-0.016,0.11,0.985,0.888,NA,NA,NA,0.017943786
"PRDM16","Lymphocyte","ANX","Weighted mode",4,-0.005,0.03,0.995,0.888,0.563727106,0.712682236,0.683145099,0.022806845
"C16orf13","Lymphocyte","ANX","Wald ratio",1,-0.011,0.076,0.989,0.888,NA,NA,NA,0.014709455
"FBXL16","Lymphocyte","ANX","Wald ratio",1,-0.005,0.036,0.995,0.888,NA,NA,NA,0.014701094
"PIGQ","Lymphocyte","ANX","Wald ratio",1,-0.28,1.993,0.756,0.888,NA,NA,NA,0.014707435
"WDR90","Lymphocyte","ANX","Wald ratio",1,-0.006,0.039,0.994,0.888,NA,NA,NA,0.014709455
"NHLRC4","Lymphocyte","ANX","Wald ratio",1,-0.004,0.03,0.996,0.888,NA,NA,NA,0.014709455
"RAB40C","Lymphocyte","ANX","Wald ratio",1,-0.005,0.038,0.995,0.888,NA,NA,NA,0.014709326
"FAM195A","Lymphocyte","ANX","Wald ratio",1,-0.029,0.208,0.971,0.888,NA,NA,NA,0.014709455
"RHBDL1","Lymphocyte","ANX","Wald ratio",1,-0.008,0.06,0.992,0.888,NA,NA,NA,0.014709455
"RHOT2","Lymphocyte","ANX","Wald ratio",1,-0.004,0.031,0.996,0.888,NA,NA,NA,0.014453821
"STUB1","Lymphocyte","ANX","Wald ratio",1,-0.017,0.118,0.984,0.888,NA,NA,NA,0.014709455
"WFIKKN1","Lymphocyte","ANX","Wald ratio",1,-0.01,0.072,0.99,0.888,NA,NA,NA,0.014709455
"C16orf11","Lymphocyte","ANX","Wald ratio",1,-0.007,0.05,0.993,0.888,NA,NA,NA,0.014709453
"CCDC113","Lymphocyte","ANX","Wald ratio",1,0.009,0.061,1.009,0.889,NA,NA,NA,0.022389743
"GNG2","Lymphocyte","ANX","Wald ratio",1,-0.01,0.072,0.99,0.889,NA,NA,NA,0.014137577
"PARD3B","Lymphocyte","ANX","Inverse variance weighted",2,-0.004,0.027,0.996,0.889,NA,0.614303614,NA,0.015568197
"ARMC10","Lymphocyte","ANX","Wald ratio",1,-0.034,0.243,0.967,0.89,NA,NA,NA,0.026012993
"SLCO1C1","Lymphocyte","ANX","Wald ratio",1,0.006,0.041,1.006,0.89,NA,NA,NA,0.019636922
"SLCO1B1","Lymphocyte","ANX","Wald ratio",1,0.013,0.09,1.013,0.89,NA,NA,NA,0.019636922
"EBF3","Lymphocyte","ANX","Inverse variance weighted",2,-0.006,0.042,0.994,0.89,NA,0.681480198,NA,0.015870619
"PADI2","Lymphocyte","ANX","Wald ratio",1,0.022,0.162,1.023,0.89,NA,NA,NA,0.016352715
"PADI3","Lymphocyte","ANX","Wald ratio",1,0.009,0.068,1.009,0.89,NA,NA,NA,0.016352715
"FAM20A","Lymphocyte","ANX","Wald ratio",1,-0.007,0.052,0.993,0.89,NA,NA,NA,0.014987934
"PCMT1","Lymphocyte","ANX","Wald ratio",1,-0.005,0.04,0.995,0.891,NA,NA,NA,0.01465639
"LHFPL2","Lymphocyte","ANX","Inverse variance weighted",2,-0.007,0.049,0.993,0.891,NA,0.049280794,NA,0.049604031
"MBP","Lymphocyte","ANX","Simple mode",3,0.006,0.037,1.006,0.891,0.41610333,0.107035745,0.301480078,0.114788443
"AKAP2","Lymphocyte","ANX","Wald ratio",1,0.005,0.036,1.005,0.891,NA,NA,NA,0.014370643
"NMD3","Lymphocyte","ANX","Wald ratio",1,-0.02,0.142,0.981,0.891,NA,NA,NA,0.014037677
"UBE2M","Lymphocyte","ANX","Wald ratio",1,-0.006,0.046,0.994,0.891,NA,NA,NA,0.020496693
"MGC2752","Lymphocyte","ANX","Wald ratio",1,-0.022,0.164,0.978,0.891,NA,NA,NA,0.020492133
"CSMD1","Lymphocyte","ANX","MR Egger",4,0.006,0.042,1.006,0.891,0.683453599,0.684044532,0.482601746,0.043588632
"MYBPH","Lymphocyte","ANX","Wald ratio",1,0.006,0.044,1.006,0.892,NA,NA,NA,0.015503815
"GAB4","Lymphocyte","ANX","Wald ratio",1,0.009,0.064,1.009,0.892,NA,NA,NA,0.015596295
"IL10RB","Lymphocyte","ANX","Inverse variance weighted",2,-0.006,0.047,0.994,0.893,NA,0.521235894,NA,0.016209442
"FAM60A","Lymphocyte","ANX","Wald ratio",1,-0.005,0.036,0.995,0.893,NA,NA,NA,0.017000829
"USH1C","Lymphocyte","ANX","Wald ratio",1,-0.004,0.032,0.996,0.893,NA,NA,NA,0.014224054
"DNAJC15","Lymphocyte","ANX","Wald ratio",1,0.004,0.03,1.004,0.893,NA,NA,NA,0.014270978
"ERICH1","Lymphocyte","ANX","Wald ratio",1,0.005,0.038,1.005,0.893,NA,NA,NA,0.016392289
"LDB3","Lymphocyte","ANX","Wald ratio",1,-0.009,0.064,0.991,0.893,NA,NA,NA,0.021526241
"HYAL2","Lymphocyte","ANX","Wald ratio",1,-0.038,0.283,0.963,0.893,NA,NA,NA,0.024530452
"SEMA3B","Lymphocyte","ANX","Wald ratio",1,-0.04,0.298,0.961,0.893,NA,NA,NA,0.024530332
"GNAI2","Lymphocyte","ANX","Wald ratio",1,-0.01,0.078,0.99,0.893,NA,NA,NA,0.024530451
"TUSC4","Lymphocyte","ANX","Wald ratio",1,-0.314,2.341,0.731,0.893,NA,NA,NA,0.024530452
"FAM49A","Lymphocyte","ANX","Weighted median",3,0.004,0.027,1.004,0.893,0.369444522,0.310208712,0.432263782,0.016529699
"NRG3","Lymphocyte","ANX","Wald ratio",1,-0.004,0.027,0.996,0.894,NA,NA,NA,0.012933987
"LOC100128554","Lymphocyte","ANX","Wald ratio",1,0.004,0.029,1.004,0.894,NA,NA,NA,0.014031248
"PCDH9","Lymphocyte","ANX","Weighted mode",4,0.005,0.032,1.005,0.894,0.906942617,0.882594435,0.565845838,0.016676678
"KIF2B","Lymphocyte","ANX","Wald ratio",1,-0.004,0.031,0.996,0.894,NA,NA,NA,0.014383494
"NAA16","Lymphocyte","ANX","Wald ratio",1,-0.008,0.06,0.992,0.894,NA,NA,NA,0.021388052
"RGS6","Lymphocyte","ANX","Wald ratio",1,-0.005,0.037,0.995,0.895,NA,NA,NA,0.014124652
"KIAA1737","Lymphocyte","ANX","Wald ratio",1,0.005,0.039,1.005,0.895,NA,NA,NA,0.014124652
"C19orf40","Lymphocyte","ANX","Wald ratio",1,-0.043,0.328,0.958,0.895,NA,NA,NA,0.016667747
"DNAH7","Lymphocyte","ANX","Wald ratio",1,0.096,0.724,1.1,0.895,NA,NA,NA,0.015965554
"PDXK","Lymphocyte","ANX","Wald ratio",1,0.005,0.04,1.005,0.895,NA,NA,NA,0.015259797
"PCDH9","Lymphocyte","ANX","Simple mode",4,0.005,0.034,1.005,0.895,0.906942617,0.882594435,0.565845838,0.016676678
"RNF166","Lymphocyte","ANX","Wald ratio",1,-0.005,0.034,0.996,0.895,NA,NA,NA,0.015306124
"FAM38A","Lymphocyte","ANX","Wald ratio",1,-0.028,0.214,0.972,0.895,NA,NA,NA,0.015306129
"PDE4D","Lymphocyte","ANX","Inverse variance weighted",3,-0.006,0.045,0.994,0.896,0.781033939,0.905289567,0.786289197,0.010726602
"ST6GALNAC3","Lymphocyte","ANX","Weighted mode",3,0.006,0.039,1.006,0.896,0.397876589,0.653087262,0.774051014,0.033462325
"WDFY3","Lymphocyte","ANX","Wald ratio",1,-0.004,0.033,0.996,0.896,NA,NA,NA,0.014975273
"CNR1","Lymphocyte","ANX","Wald ratio",1,-0.006,0.046,0.994,0.896,NA,NA,NA,0.020978511
"C8orf40","Lymphocyte","ANX","Wald ratio",1,0.004,0.029,1.004,0.896,NA,NA,NA,0.014264672
"LOC642597","Lymphocyte","ANX","Wald ratio",1,-0.006,0.042,0.994,0.896,NA,NA,NA,0.017503107
"KSR1","Lymphocyte","ANX","Wald ratio",1,0.005,0.042,1.005,0.896,NA,NA,NA,0.0150217
"DENND2A","Lymphocyte","ANX","Wald ratio",1,0.005,0.039,1.005,0.897,NA,NA,NA,0.014071721
"PCDH9","Lymphocyte","ANX","Inverse variance weighted",4,0.003,0.022,1.003,0.898,0.906942617,0.882594435,0.565845838,0.016676678
"STOX2","Lymphocyte","ANX","Wald ratio",1,-0.01,0.076,0.99,0.898,NA,NA,NA,0.032639496
"TRIM68","Lymphocyte","ANX","Wald ratio",1,-0.079,0.621,0.924,0.899,NA,NA,NA,0.027968219
"OXR1","Lymphocyte","ANX","Wald ratio",1,-0.008,0.061,0.992,0.899,NA,NA,NA,0.023328594
"TXNDC5","Lymphocyte","ANX","Wald ratio",1,0.004,0.034,1.004,0.899,NA,NA,NA,0.008520108
"HMCN1","Lymphocyte","ANX","Wald ratio",1,-0.004,0.035,0.996,0.9,NA,NA,NA,0.014870211
"CCDC91","Lymphocyte","ANX","Wald ratio",1,-0.004,0.035,0.996,0.9,NA,NA,NA,0.014670322
"ECHDC3","Lymphocyte","ANX","Wald ratio",1,0.08,0.638,1.083,0.9,NA,NA,NA,0.015624135
"PCBD2","Lymphocyte","ANX","Wald ratio",1,-0.042,0.334,0.959,0.9,NA,NA,NA,0.015999604
"TRAPPC9","Lymphocyte","ANX","Simple mode",4,0.005,0.033,1.005,0.9,0.901408591,0.936667977,0.692007392,0.02080895
"TMC5","Lymphocyte","ANX","Wald ratio",1,0.009,0.071,1.009,0.901,NA,NA,NA,0.018644005
"ATP8A2","Lymphocyte","ANX","Weighted mode",3,-0.004,0.025,0.996,0.901,0.669740189,0.305786506,0.378461562,0.045643194
"CCDC154","Lymphocyte","ANX","Wald ratio",1,-0.005,0.038,0.995,0.903,NA,NA,NA,0.014439274
"CLCN7","Lymphocyte","ANX","Wald ratio",1,-0.004,0.031,0.996,0.903,NA,NA,NA,0.014439038
"ZNF7","Lymphocyte","ANX","Wald ratio",1,-0.024,0.195,0.976,0.903,NA,NA,NA,0.014439274
"C4orf32","Lymphocyte","ANX","Wald ratio",1,-0.005,0.041,0.995,0.903,NA,NA,NA,0.016368253
"BFSP2","Lymphocyte","ANX","Wald ratio",1,0.009,0.077,1.009,0.903,NA,NA,NA,0.017531106
"PDE4B","Lymphocyte","ANX","Wald ratio",1,-0.045,0.37,0.956,0.903,NA,NA,NA,0.014864363
"C14orf118","Lymphocyte","ANX","Wald ratio",1,-0.004,0.031,0.996,0.903,NA,NA,NA,0.013773054
"BACH2","Lymphocyte","ANX","Inverse variance weighted",2,-0.006,0.051,0.994,0.903,NA,0.055915582,NA,0.021126324
"PCCA","Lymphocyte","ANX","Wald ratio",1,-0.005,0.043,0.995,0.904,NA,NA,NA,0.015050357
"TTBK1","Lymphocyte","ANX","Wald ratio",1,-0.01,0.084,0.99,0.904,NA,NA,NA,0.024143118
"TRPM1","Lymphocyte","ANX","Wald ratio",1,-0.004,0.035,0.996,0.904,NA,NA,NA,0.014293469
"CALML3","Lymphocyte","ANX","Wald ratio",1,0.005,0.038,1.005,0.904,NA,NA,NA,0.017804602
"ATP9A","Lymphocyte","ANX","Wald ratio",1,-0.032,0.268,0.968,0.905,NA,NA,NA,0.013960419
"SALL4","Lymphocyte","ANX","Wald ratio",1,-0.005,0.044,0.995,0.905,NA,NA,NA,0.013960419
"MTHFS","Lymphocyte","ANX","Wald ratio",1,0.2,1.674,1.221,0.905,NA,NA,NA,0.018677995
"SERPINB1","Lymphocyte","ANX","Inverse variance weighted",2,-0.009,0.073,0.991,0.905,NA,0.218087732,NA,0.018141054
"TTC39C","Lymphocyte","ANX","Wald ratio",1,0.011,0.091,1.011,0.905,NA,NA,NA,0.020227583
"CTTNBP2","Lymphocyte","ANX","Wald ratio",1,0.005,0.044,1.005,0.905,NA,NA,NA,0.014053403
"SFXN1","Lymphocyte","ANX","Wald ratio",1,0.197,1.662,1.218,0.906,NA,NA,NA,0.028731646
"POU2F3","Lymphocyte","ANX","Wald ratio",1,-0.007,0.061,0.993,0.906,NA,NA,NA,0.019954024
"MPG","Lymphocyte","ANX","Wald ratio",1,-0.029,0.244,0.971,0.906,NA,NA,NA,0.022997642
"CORIN","Lymphocyte","ANX","Wald ratio",1,0.014,0.121,1.014,0.906,NA,NA,NA,0.017291543
"C17orf48","Lymphocyte","ANX","Wald ratio",1,0.004,0.032,1.004,0.906,NA,NA,NA,0.014147594
"FDX1","Lymphocyte","ANX","Wald ratio",1,0.004,0.03,1.004,0.906,NA,NA,NA,0.014147594
"PELI2","Lymphocyte","ANX","Wald ratio",1,0.004,0.032,1.004,0.906,NA,NA,NA,0.01407545
"CASP7","Lymphocyte","ANX","Wald ratio",1,-0.004,0.037,0.996,0.906,NA,NA,NA,0.017382984
"KCNE1","Lymphocyte","ANX","Wald ratio",1,0.006,0.049,1.006,0.906,NA,NA,NA,0.017799125
"LGALS3","Lymphocyte","ANX","Wald ratio",1,0.004,0.033,1.004,0.907,NA,NA,NA,0.013433197
"CARD17","Lymphocyte","ANX","Wald ratio",1,-0.005,0.04,0.995,0.907,NA,NA,NA,0.014444648
"ARHGEF10L","Lymphocyte","ANX","Inverse variance weighted",2,-0.01,0.086,0.99,0.907,NA,0.005659047,NA,0.090612469
"FAT3","Lymphocyte","ANX","Wald ratio",1,-0.004,0.034,0.996,0.907,NA,NA,NA,0.01593642
"VWA5A","Lymphocyte","ANX","Wald ratio",1,0.007,0.059,1.007,0.907,NA,NA,NA,0.017148798
"C13orf34","Lymphocyte","ANX","Wald ratio",1,-0.322,2.767,0.725,0.907,NA,NA,NA,0.023739075
"KCNV2","Lymphocyte","ANX","Wald ratio",1,-0.003,0.028,0.997,0.908,NA,NA,NA,0.013192468
"LRRC34","Lymphocyte","ANX","Wald ratio",1,-0.051,0.438,0.951,0.908,NA,NA,NA,0.016868326
"C16orf52","Lymphocyte","ANX","Wald ratio",1,0.008,0.066,1.008,0.909,NA,NA,NA,0.018621998
"NFKBIA","Lymphocyte","ANX","Wald ratio",1,-0.012,0.107,0.988,0.909,NA,NA,NA,0.016633265
"ODZ3","Lymphocyte","ANX","Inverse variance weighted",3,-0.003,0.027,0.997,0.909,0.629436348,0.571496921,0.519222251,0.024434795
"RCVRN","Lymphocyte","ANX","Wald ratio",1,0.006,0.049,1.006,0.909,NA,NA,NA,0.019079155
"HSFYP1","Lymphocyte","ANX","Wald ratio",1,-0.004,0.035,0.996,0.909,NA,NA,NA,0.014472449
"C22orf25","Lymphocyte","ANX","Wald ratio",1,-0.206,1.812,0.814,0.909,NA,NA,NA,0.014235635
"MBD1","Lymphocyte","ANX","Wald ratio",1,-0.073,0.642,0.93,0.91,NA,NA,NA,0.015085805
"CXXC1","Lymphocyte","ANX","Wald ratio",1,-0.004,0.034,0.996,0.91,NA,NA,NA,0.01508258
"KCNIP1","Lymphocyte","ANX","Wald ratio",1,-0.013,0.118,0.987,0.91,NA,NA,NA,0.015555403
"FHL2","Lymphocyte","ANX","Inverse variance weighted",2,-0.006,0.052,0.994,0.91,NA,0.613631578,NA,0.02023019
"SV2C","Lymphocyte","ANX","Wald ratio",1,-0.005,0.042,0.995,0.911,NA,NA,NA,0.019394523
"CHD5","Lymphocyte","ANX","Wald ratio",1,0.007,0.062,1.007,0.911,NA,NA,NA,0.019028861
"TOR3A","Lymphocyte","ANX","Wald ratio",1,-0.005,0.048,0.995,0.911,NA,NA,NA,0.019439514
"CHSY1","Lymphocyte","ANX","Inverse variance weighted",2,0.003,0.031,1.003,0.911,NA,0.67119053,NA,0.020029111
"LSG1","Lymphocyte","ANX","Wald ratio",1,0.007,0.062,1.007,0.911,NA,NA,NA,0.015364576
"GAD2","Lymphocyte","ANX","Wald ratio",1,0.011,0.103,1.011,0.912,NA,NA,NA,0.022487867
"TRIM24","Lymphocyte","ANX","Wald ratio",1,0.004,0.04,1.004,0.912,NA,NA,NA,0.01446925
"NXN","Lymphocyte","ANX","Weighted median",4,-0.003,0.028,0.997,0.912,0.767464113,0.272053443,0.207622024,0.018043345
"TMEM45B","Lymphocyte","ANX","Wald ratio",1,0.008,0.072,1.008,0.912,NA,NA,NA,0.014277105
"HSPA5","Lymphocyte","ANX","Wald ratio",1,0.006,0.059,1.006,0.913,NA,NA,NA,0.012993269
"BCL2","Lymphocyte","ANX","Wald ratio",1,-0.079,0.72,0.924,0.913,NA,NA,NA,0.025843574
"FAM49A","Lymphocyte","ANX","Inverse variance weighted",3,-0.003,0.03,0.997,0.913,0.369444522,0.310208712,0.432263782,0.016529699
"CDK2","Lymphocyte","ANX","Wald ratio",1,0.007,0.061,1.007,0.913,NA,NA,NA,0.025500062
"LOC285456","Lymphocyte","ANX","Wald ratio",1,-0.047,0.43,0.954,0.913,NA,NA,NA,0.013944117
"FOXB1","Lymphocyte","ANX","Wald ratio",1,0.014,0.125,1.014,0.913,NA,NA,NA,0.016110653
"ARPP-21","Lymphocyte","ANX","Wald ratio",1,0.006,0.059,1.006,0.913,NA,NA,NA,0.020340847
"RNF144A","Lymphocyte","ANX","Wald ratio",1,0.012,0.111,1.012,0.913,NA,NA,NA,0.015266502
"GAD1","Lymphocyte","ANX","Wald ratio",1,-0.02,0.18,0.981,0.913,NA,NA,NA,0.014417373
"SPDEF","Lymphocyte","ANX","Wald ratio",1,-0.004,0.04,0.996,0.914,NA,NA,NA,0.01704145
"MAGEF1","Lymphocyte","ANX","Wald ratio",1,-0.027,0.252,0.973,0.914,NA,NA,NA,0.016203004
"SLC27A1","Lymphocyte","ANX","Wald ratio",1,-0.017,0.152,0.984,0.914,NA,NA,NA,0.028825906
"C1orf77","Lymphocyte","ANX","Wald ratio",1,0.004,0.042,1.005,0.914,NA,NA,NA,0.014084704
"EPM2A","Lymphocyte","ANX","Wald ratio",1,-0.004,0.037,0.996,0.914,NA,NA,NA,0.014084704
"CXCL12","Lymphocyte","ANX","Wald ratio",1,-0.008,0.076,0.992,0.914,NA,NA,NA,0.014982048
"GPR35","Lymphocyte","ANX","Wald ratio",1,0.003,0.032,1.003,0.915,NA,NA,NA,0.0146509
"ZBTB7C","Lymphocyte","ANX","Wald ratio",1,0.004,0.036,1.004,0.915,NA,NA,NA,0.016373714
"LPAR1","Lymphocyte","ANX","Wald ratio",1,0.005,0.049,1.005,0.915,NA,NA,NA,0.014318767
"CCDC52","Lymphocyte","ANX","Wald ratio",1,-0.008,0.074,0.992,0.916,NA,NA,NA,0.017869645
"IGSF21","Lymphocyte","ANX","Weighted mode",3,-0.004,0.032,0.996,0.916,0.939073829,0.720087894,0.567816724,0.014846209
"SDC1","Lymphocyte","ANX","Wald ratio",1,0.004,0.042,1.004,0.916,NA,NA,NA,0.013985608
"PDE4D","Lymphocyte","ANX","Weighted median",3,-0.005,0.046,0.995,0.916,0.781033939,0.905289567,0.786289197,0.010726602
"MGMT","Lymphocyte","ANX","Inverse variance weighted",2,0.004,0.04,1.004,0.916,NA,0.584756229,NA,0.018299348
"CSN3","Lymphocyte","ANX","Wald ratio",1,-0.004,0.041,0.996,0.916,NA,NA,NA,0.015360736
"ENPEP","Lymphocyte","ANX","Wald ratio",1,-0.005,0.044,0.995,0.917,NA,NA,NA,0.020659899
"RASSF5","Lymphocyte","ANX","Wald ratio",1,-0.007,0.065,0.993,0.917,NA,NA,NA,0.016847894
"MAG","Lymphocyte","ANX","Inverse variance weighted",2,0.007,0.065,1.007,0.917,NA,0.032901654,NA,0.096698931
"ACCN4","Lymphocyte","ANX","Wald ratio",1,0.004,0.039,1.004,0.917,NA,NA,NA,0.014645925
"ANGPT2","Lymphocyte","ANX","Weighted median",3,0.003,0.028,1.003,0.918,0.577277345,0.541059508,0.513648307,0.019345272
"RYR3","Lymphocyte","ANX","Inverse variance weighted",2,-0.005,0.046,0.995,0.918,NA,0.189746894,NA,0.017686626
"FOXF2","Lymphocyte","ANX","Wald ratio",1,-0.007,0.063,0.994,0.918,NA,NA,NA,0.019194529
"PRTG","Lymphocyte","ANX","Wald ratio",1,-0.005,0.048,0.995,0.918,NA,NA,NA,0.016100737
"SLC22A23","Lymphocyte","ANX","Simple mode",3,-0.006,0.05,0.994,0.918,0.743556974,0.056875099,0.253987355,0.022333722
"UBAC1","Lymphocyte","ANX","Wald ratio",1,-0.004,0.034,0.996,0.918,NA,NA,NA,0.015256555
"SLC6A2","Lymphocyte","ANX","Wald ratio",1,0.007,0.067,1.007,0.919,NA,NA,NA,0.015818308
"PIGP","Lymphocyte","ANX","Wald ratio",1,0.004,0.036,1.004,0.919,NA,NA,NA,0.013981007
"SMYD3","Lymphocyte","ANX","Weighted mode",3,0.004,0.035,1.004,0.92,0.287664343,0.299182398,0.479891122,0.022983861
"ENGASE","Lymphocyte","ANX","Wald ratio",1,0.007,0.068,1.007,0.92,NA,NA,NA,0.016003024
"C7orf53","Lymphocyte","ANX","Wald ratio",1,-0.003,0.034,0.997,0.92,NA,NA,NA,0.016095994
"TULP4","Lymphocyte","ANX","Wald ratio",1,0.006,0.058,1.006,0.921,NA,NA,NA,0.0234373
"PRR5","Lymphocyte","ANX","Wald ratio",1,-0.005,0.052,0.995,0.921,NA,NA,NA,0.018501858
"GLB1","Lymphocyte","ANX","Wald ratio",1,0.01,0.102,1.01,0.921,NA,NA,NA,0.015344822
"RBM20","Lymphocyte","ANX","Wald ratio",1,0.048,0.49,1.05,0.921,NA,NA,NA,0.014874494
"GRB10","Lymphocyte","ANX","Inverse variance weighted",2,-0.003,0.028,0.997,0.921,NA,0.867181655,NA,0.014177691
"TRDMT1","Lymphocyte","ANX","Wald ratio",1,-0.47,4.79,0.625,0.922,NA,NA,NA,0.022862665
"HTR4","Lymphocyte","ANX","Wald ratio",1,0.003,0.031,1.003,0.923,NA,NA,NA,0.015154116
"C10orf81","Lymphocyte","ANX","Wald ratio",1,0.003,0.028,1.003,0.923,NA,NA,NA,0.013214312
"IGSF21","Lymphocyte","ANX","Weighted median",3,-0.003,0.028,0.997,0.924,0.939073829,0.720087894,0.567816724,0.014846209
"ANXA2","Lymphocyte","ANX","Wald ratio",1,-0.003,0.034,0.997,0.924,NA,NA,NA,0.009784059
"ANTXR1","Lymphocyte","ANX","Wald ratio",1,0.007,0.074,1.007,0.924,NA,NA,NA,0.024416378
"CCNY","Lymphocyte","ANX","Wald ratio",1,-0.003,0.034,0.997,0.925,NA,NA,NA,0.014491668
"MICAL3","Lymphocyte","ANX","Wald ratio",1,-0.004,0.043,0.996,0.925,NA,NA,NA,0.017987989
"FLJ41941","Lymphocyte","ANX","Wald ratio",1,-0.007,0.071,0.993,0.925,NA,NA,NA,0.017987989
"UBAC2","Lymphocyte","ANX","Wald ratio",1,-0.008,0.08,0.993,0.925,NA,NA,NA,0.016040659
"LOC151174","Lymphocyte","ANX","Wald ratio",1,0.1,1.062,1.105,0.925,NA,NA,NA,0.016553228
"HES6","Lymphocyte","ANX","Wald ratio",1,0.011,0.115,1.011,0.925,NA,NA,NA,0.016553228
"APCDD1","Lymphocyte","ANX","Wald ratio",1,0.008,0.089,1.008,0.925,NA,NA,NA,0.015103057
"AGPAT6","Lymphocyte","ANX","Wald ratio",1,0.003,0.031,1.003,0.925,NA,NA,NA,0.014112466
"MYOF","Lymphocyte","ANX","Inverse variance weighted",2,-0.006,0.061,0.994,0.926,NA,0.153651503,NA,0.016540873
"TAOK3","Lymphocyte","ANX","Wald ratio",1,-0.003,0.034,0.997,0.926,NA,NA,NA,0.013162614
"CDH6","Lymphocyte","ANX","Wald ratio",1,0.003,0.035,1.003,0.926,NA,NA,NA,0.014205972
"TTC23","Lymphocyte","ANX","Wald ratio",1,0.035,0.379,1.036,0.926,NA,NA,NA,0.025418444
"CDH8","Lymphocyte","ANX","Wald ratio",1,0.003,0.034,1.003,0.926,NA,NA,NA,0.014253116
"NR1D2","Lymphocyte","ANX","Wald ratio",1,0.072,0.783,1.075,0.927,NA,NA,NA,0.026525729
"TRPC6","Lymphocyte","ANX","Wald ratio",1,0.003,0.029,1.003,0.927,NA,NA,NA,0.012827499
"ZMIZ1","Lymphocyte","ANX","MR Egger",3,-0.312,2.726,0.732,0.927,0.520532612,0.806161633,0.914853116,0.024556141
"ALDOB","Lymphocyte","ANX","Wald ratio",1,-0.006,0.069,0.994,0.927,NA,NA,NA,0.024465715
"C6orf191","Lymphocyte","ANX","Wald ratio",1,-0.008,0.092,0.992,0.927,NA,NA,NA,0.035182474
"SCUBE1","Lymphocyte","ANX","Inverse variance weighted",2,-0.005,0.06,0.995,0.928,NA,0.400510841,NA,0.018713102
"UPK1A","Lymphocyte","ANX","Wald ratio",1,0.003,0.029,1.003,0.928,NA,NA,NA,0.013492649
"CARD11","Lymphocyte","ANX","Wald ratio",1,-0.003,0.037,0.997,0.928,NA,NA,NA,0.014371952
"C19orf55","Lymphocyte","ANX","Wald ratio",1,0.004,0.049,1.004,0.928,NA,NA,NA,0.013471619
"BSND","Lymphocyte","ANX","Wald ratio",1,-0.003,0.033,0.997,0.928,NA,NA,NA,0.014061184
"PDE4D","Lymphocyte","ANX","MR Egger",3,0.007,0.058,1.007,0.928,0.781033939,0.905289567,0.786289197,0.010726602
"SPI1","Lymphocyte","ANX","Wald ratio",1,0.01,0.11,1.01,0.928,NA,NA,NA,0.019353122
"TSPAN33","Lymphocyte","ANX","Wald ratio",1,-0.004,0.045,0.996,0.928,NA,NA,NA,0.014722967
"CPM","Lymphocyte","ANX","Wald ratio",1,0.004,0.041,1.004,0.929,NA,NA,NA,0.011738478
"DPP10","Lymphocyte","ANX","Inverse variance weighted",2,-0.02,0.228,0.98,0.929,NA,0.008834005,NA,0.124573049
"CCDC74B","Lymphocyte","ANX","Wald ratio",1,0.003,0.036,1.003,0.929,NA,NA,NA,0.014248815
"TUBA3E","Lymphocyte","ANX","Wald ratio",1,0.003,0.03,1.003,0.929,NA,NA,NA,0.014248815
"PDE4D","Lymphocyte","ANX","Weighted mode",3,-0.005,0.045,0.995,0.929,0.781033939,0.905289567,0.786289197,0.010726602
"GSC2","Lymphocyte","ANX","Wald ratio",1,-0.009,0.102,0.991,0.929,NA,NA,NA,0.017009437
"DGCR14","Lymphocyte","ANX","Wald ratio",1,-0.052,0.583,0.95,0.929,NA,NA,NA,0.017009437
"DLC1","Lymphocyte","ANX","Simple mode",4,0.003,0.035,1.003,0.93,0.560876416,0.681402667,0.61537095,0.019869305
"RIMS1","Lymphocyte","ANX","Wald ratio",1,0.005,0.061,1.005,0.931,NA,NA,NA,0.012965086
"ST3GAL1","Lymphocyte","ANX","MR Egger",3,0.052,0.478,1.054,0.931,0.47389943,0.759147736,0.877046692,0.021899099
"PADI4","Lymphocyte","ANX","Wald ratio",1,0.005,0.055,1.005,0.932,NA,NA,NA,0.02340892
"PLA2G4C","Lymphocyte","ANX","Wald ratio",1,-0.002,0.029,0.998,0.932,NA,NA,NA,0.013248515
"ATP8A2","Lymphocyte","ANX","Inverse variance weighted",3,-0.002,0.028,0.998,0.933,0.669740189,0.305786506,0.378461562,0.045643194
"L1TD1","Lymphocyte","ANX","Wald ratio",1,-0.003,0.038,0.997,0.933,NA,NA,NA,0.015653016
"TTC7B","Lymphocyte","ANX","Simple mode",3,-0.004,0.042,0.996,0.933,0.399751704,0.701424149,0.990732257,0.01526484
"OPRK1","Lymphocyte","ANX","Wald ratio",1,0.006,0.072,1.006,0.934,NA,NA,NA,0.028018787
"ALDH1A1","Lymphocyte","ANX","Wald ratio",1,0.004,0.044,1.004,0.934,NA,NA,NA,0.015230344
"C3","Lymphocyte","ANX","Wald ratio",1,0.008,0.1,1.008,0.934,NA,NA,NA,0.02137019
"ACSL1","Lymphocyte","ANX","Weighted median",3,0.003,0.034,1.003,0.934,0.910150213,0.014017583,0.210099484,0.014073289
"CD8A","Lymphocyte","ANX","Wald ratio",1,0.005,0.06,1.005,0.935,NA,NA,NA,0.01888525
"DUSP4","Lymphocyte","ANX","Wald ratio",1,0.004,0.049,1.004,0.935,NA,NA,NA,0.01723132
"KIAA1609","Lymphocyte","ANX","Wald ratio",1,-0.015,0.181,0.985,0.935,NA,NA,NA,0.016675242
"KRTAP12-4","Lymphocyte","ANX","Wald ratio",1,-0.005,0.064,0.995,0.935,NA,NA,NA,0.014993301
"KRTAP12-3","Lymphocyte","ANX","Wald ratio",1,-0.005,0.059,0.995,0.935,NA,NA,NA,0.014993301
"DEFA4","Lymphocyte","ANX","Wald ratio",1,-0.003,0.032,0.997,0.935,NA,NA,NA,0.015039974
"DOK5","Lymphocyte","ANX","Wald ratio",1,-0.009,0.113,0.991,0.935,NA,NA,NA,0.022905326
"ASTL","Lymphocyte","ANX","Wald ratio",1,0.004,0.044,1.004,0.935,NA,NA,NA,0.014475089
"CIAO1","Lymphocyte","ANX","Wald ratio",1,0.004,0.053,1.004,0.935,NA,NA,NA,0.014475089
"AMDHD1","Lymphocyte","ANX","Wald ratio",1,0.171,2.143,1.187,0.936,NA,NA,NA,0.014662359
"CDH23","Lymphocyte","ANX","Inverse variance weighted",2,-0.002,0.03,0.998,0.937,NA,0.987401946,NA,0.014499165
"ZFP36L2","Lymphocyte","ANX","Wald ratio",1,-0.063,0.795,0.939,0.937,NA,NA,NA,0.016625378
"TKT","Lymphocyte","ANX","Wald ratio",1,-0.007,0.083,0.993,0.937,NA,NA,NA,0.014283801
"PLXNA2","Lymphocyte","ANX","Inverse variance weighted",2,-0.003,0.035,0.997,0.937,NA,0.533094946,NA,0.015978849
"CCR5","Lymphocyte","ANX","Wald ratio",1,0.01,0.126,1.01,0.937,NA,NA,NA,0.013716075
"LHPP","Lymphocyte","ANX","Wald ratio",1,-0.007,0.092,0.993,0.937,NA,NA,NA,0.031070137
"IGSF21","Lymphocyte","ANX","Inverse variance weighted",3,0.002,0.026,1.002,0.938,0.939073829,0.720087894,0.567816724,0.014846209
"WDR65","Lymphocyte","ANX","Wald ratio",1,-0.008,0.106,0.992,0.938,NA,NA,NA,0.02144341
"LOC121838","Lymphocyte","ANX","Wald ratio",1,-0.003,0.036,0.997,0.938,NA,NA,NA,0.016802485
"NCOR2","Lymphocyte","ANX","Weighted median",4,0.002,0.027,1.002,0.938,0.991793538,0.589304789,0.301743683,0.009978848
"DIAPH3","Lymphocyte","ANX","Wald ratio",1,0.002,0.031,1.002,0.938,NA,NA,NA,0.014471345
"RAB22A","Lymphocyte","ANX","Wald ratio",1,0.003,0.036,1.003,0.938,NA,NA,NA,0.014518197
"CDH13","Lymphocyte","ANX","Inverse variance weighted",3,0.002,0.025,1.002,0.938,0.540841335,0.796393571,0.823129762,0.018371863
"SORCS2","Lymphocyte","ANX","Simple mode",4,0.003,0.037,1.003,0.938,0.321240535,0.387358373,0.500091876,0.055637192
"DLC1","Lymphocyte","ANX","Weighted mode",4,0.003,0.031,1.003,0.938,0.560876416,0.681402667,0.61537095,0.019869305
"LOC442293","Lymphocyte","ANX","Wald ratio",1,0.002,0.032,1.002,0.938,NA,NA,NA,0.009891258
"MPZ","Lymphocyte","ANX","Wald ratio",1,-0.004,0.052,0.996,0.939,NA,NA,NA,0.020013269
"HHIPL1","Lymphocyte","ANX","Wald ratio",1,0.008,0.105,1.008,0.939,NA,NA,NA,0.016483232
"MCC","Lymphocyte","ANX","Wald ratio",1,-0.004,0.049,0.996,0.939,NA,NA,NA,0.01465867
"EGR2","Lymphocyte","ANX","Wald ratio",1,-0.01,0.133,0.99,0.939,NA,NA,NA,0.014045361
"PHRF1","Lymphocyte","ANX","Wald ratio",1,-0.003,0.035,0.997,0.939,NA,NA,NA,0.015924065
"LOC143666","Lymphocyte","ANX","Wald ratio",1,-0.076,0.991,0.927,0.939,NA,NA,NA,0.015924065
"IRF7","Lymphocyte","ANX","Wald ratio",1,-0.003,0.037,0.997,0.939,NA,NA,NA,0.015924065
"MUPCDH","Lymphocyte","ANX","Wald ratio",1,-0.003,0.036,0.997,0.939,NA,NA,NA,0.015921526
"DRD4","Lymphocyte","ANX","Wald ratio",1,-0.015,0.195,0.985,0.939,NA,NA,NA,0.01592289
"F10","Lymphocyte","ANX","Wald ratio",1,0.007,0.097,1.007,0.939,NA,NA,NA,0.022440299
"F7","Lymphocyte","ANX","Wald ratio",1,0.005,0.061,1.005,0.939,NA,NA,NA,0.022469945
"SEL1L2","Lymphocyte","ANX","Wald ratio",1,-0.023,0.306,0.977,0.939,NA,NA,NA,0.017777767
"CCNF","Lymphocyte","ANX","Wald ratio",1,-0.1,1.313,0.905,0.939,NA,NA,NA,0.014752249
"ABCA17P","Lymphocyte","ANX","Wald ratio",1,-0.014,0.186,0.986,0.939,NA,NA,NA,0.014752249
"APBA2","Lymphocyte","ANX","Inverse variance weighted",2,0.003,0.038,1.003,0.94,NA,0.341204575,NA,0.039565291
"API5","Lymphocyte","ANX","Wald ratio",1,-0.006,0.075,0.994,0.94,NA,NA,NA,0.016109525
"DPH1","Lymphocyte","ANX","Wald ratio",1,0.211,2.789,1.234,0.94,NA,NA,NA,0.025040928
"OVCA2","Lymphocyte","ANX","Wald ratio",1,0.005,0.069,1.005,0.94,NA,NA,NA,0.025040928
"FRK","Lymphocyte","ANX","Wald ratio",1,-0.003,0.035,0.997,0.94,NA,NA,NA,0.012827972
"LOC732275","Lymphocyte","ANX","Wald ratio",1,0.004,0.049,1.004,0.94,NA,NA,NA,0.018738425
"MED10","Lymphocyte","ANX","Wald ratio",1,0.011,0.153,1.011,0.941,NA,NA,NA,0.013853681
"FLJ33360","Lymphocyte","ANX","Wald ratio",1,0.002,0.03,1.002,0.941,NA,NA,NA,0.013853681
"SHISA6","Lymphocyte","ANX","Wald ratio",1,0.002,0.03,1.002,0.941,NA,NA,NA,0.013886851
"CCT2","Lymphocyte","ANX","Wald ratio",1,0.002,0.032,1.002,0.941,NA,NA,NA,0.013313621
"FAM190B","Lymphocyte","ANX","Wald ratio",1,0.018,0.238,1.018,0.941,NA,NA,NA,0.018416756
"PDE1B","Lymphocyte","ANX","Wald ratio",1,-0.003,0.048,0.997,0.942,NA,NA,NA,0.019101155
"ZNF606","Lymphocyte","ANX","Wald ratio",1,0.031,0.423,1.031,0.942,NA,NA,NA,0.013472968
"ANGPT2","Lymphocyte","ANX","Inverse variance weighted",3,0.002,0.027,1.002,0.942,0.577277345,0.541059508,0.513648307,0.019345272
"GCNT2","Lymphocyte","ANX","Wald ratio",1,-0.015,0.21,0.985,0.942,NA,NA,NA,0.013567565
"SORL1","Lymphocyte","ANX","Wald ratio",1,0.009,0.121,1.009,0.943,NA,NA,NA,0.016198619
"RASSF3","Lymphocyte","ANX","Wald ratio",1,-0.045,0.622,0.956,0.943,NA,NA,NA,0.02499179
"FAM190A","Lymphocyte","ANX","Inverse variance weighted",2,-0.003,0.04,0.997,0.943,NA,0.163712625,NA,0.018711423
"SLC2A7","Lymphocyte","ANX","Wald ratio",1,0.003,0.045,1.003,0.943,NA,NA,NA,0.016291346
"WDR19","Lymphocyte","ANX","Wald ratio",1,-0.004,0.059,0.996,0.943,NA,NA,NA,0.022064065
"MIR1208","Lymphocyte","ANX","Wald ratio",1,-0.005,0.067,0.995,0.943,NA,NA,NA,0.025248329
"ATXN7","Lymphocyte","ANX","Wald ratio",1,0.003,0.043,1.003,0.944,NA,NA,NA,0.019622912
"NXN","Lymphocyte","ANX","Weighted mode",4,-0.002,0.027,0.998,0.944,0.767464113,0.272053443,0.207622024,0.018043345
"MAST4","Lymphocyte","ANX","Wald ratio",1,-0.008,0.109,0.992,0.945,NA,NA,NA,0.014745395
"RCL1","Lymphocyte","ANX","Wald ratio",1,0.006,0.093,1.006,0.945,NA,NA,NA,0.018091024
"EIF2C2","Lymphocyte","ANX","Wald ratio",1,0.003,0.047,1.003,0.945,NA,NA,NA,0.015092765
"SCARF2","Lymphocyte","ANX","Wald ratio",1,-0.003,0.041,0.997,0.945,NA,NA,NA,0.014792189
"TMEM151B","Lymphocyte","ANX","Wald ratio",1,-0.003,0.045,0.997,0.945,NA,NA,NA,0.019595008
"EMP3","Lymphocyte","ANX","Wald ratio",1,0.081,1.189,1.085,0.945,NA,NA,NA,0.015635168
"CCDC114","Lymphocyte","ANX","Wald ratio",1,0.088,1.284,1.092,0.945,NA,NA,NA,0.01562356
"SLIT1","Lymphocyte","ANX","Wald ratio",1,0.002,0.034,1.002,0.945,NA,NA,NA,0.014273376
"MBNL2","Lymphocyte","ANX","Wald ratio",1,0.002,0.032,1.002,0.945,NA,NA,NA,0.014947832
"FYB","Lymphocyte","ANX","Wald ratio",1,0.004,0.052,1.004,0.946,NA,NA,NA,0.015681678
"ST6GALNAC3","Lymphocyte","ANX","MR Egger",3,-0.007,0.083,0.993,0.946,0.397876589,0.653087262,0.774051014,0.033462325
"C5orf13","Lymphocyte","ANX","Wald ratio",1,-0.003,0.046,0.997,0.947,NA,NA,NA,0.013183196
"SPOP","Lymphocyte","ANX","Wald ratio",1,0.028,0.422,1.029,0.947,NA,NA,NA,0.023465948
"PXN","Lymphocyte","ANX","Wald ratio",1,0.008,0.12,1.008,0.947,NA,NA,NA,0.021612858
"ARID5B","Lymphocyte","ANX","Wald ratio",1,-0.003,0.042,0.997,0.947,NA,NA,NA,0.014742203
"SPAG16","Lymphocyte","ANX","Wald ratio",1,-0.003,0.038,0.997,0.947,NA,NA,NA,0.014789008
"DGCR5","Lymphocyte","ANX","Wald ratio",1,0.088,1.336,1.092,0.947,NA,NA,NA,0.016238641
"PTGER3","Lymphocyte","ANX","Wald ratio",1,-0.043,0.658,0.958,0.948,NA,NA,NA,0.022586014
"ANGPT4","Lymphocyte","ANX","Wald ratio",1,0.003,0.041,1.003,0.948,NA,NA,NA,0.015771555
"ISM2","Lymphocyte","ANX","Wald ratio",1,-0.017,0.263,0.983,0.948,NA,NA,NA,0.018634795
"SMYD3","Lymphocyte","ANX","Weighted median",3,-0.002,0.03,0.998,0.949,0.287664343,0.299182398,0.479891122,0.022983861
"TARBP1","Lymphocyte","ANX","Inverse variance weighted",2,-0.002,0.031,0.998,0.949,NA,0.272135279,NA,0.024902852
"PTPRG","Lymphocyte","ANX","Wald ratio",1,0.002,0.034,1.002,0.949,NA,NA,NA,0.015957371
"DAB2IP","Lymphocyte","ANX","Wald ratio",1,-0.002,0.032,0.998,0.949,NA,NA,NA,0.013152545
"TTLL11","Lymphocyte","ANX","Wald ratio",1,-0.002,0.032,0.998,0.949,NA,NA,NA,0.014504872
"SLCO3A1","Lymphocyte","ANX","Weighted median",3,0.002,0.031,1.002,0.949,0.268256893,0.480006329,0.733666287,0.024291103
"MOGAT2","Lymphocyte","ANX","Wald ratio",1,0.002,0.033,1.002,0.95,NA,NA,NA,0.013938073
"DGAT2","Lymphocyte","ANX","Wald ratio",1,0.012,0.191,1.012,0.95,NA,NA,NA,0.013938073
"FYN","Lymphocyte","ANX","Inverse variance weighted",2,-0.003,0.047,0.997,0.95,NA,0.30190481,NA,0.036332032
"WDR11","Lymphocyte","ANX","Wald ratio",1,0.003,0.051,1.003,0.95,NA,NA,NA,0.019224602
"SLC1A4","Lymphocyte","ANX","Wald ratio",1,0.007,0.107,1.007,0.95,NA,NA,NA,0.020039332
"SHISA3","Lymphocyte","ANX","Wald ratio",1,-0.003,0.042,0.997,0.951,NA,NA,NA,0.014219533
"CCDC67","Lymphocyte","ANX","Wald ratio",1,-0.009,0.15,0.991,0.951,NA,NA,NA,0.017254076
"PRKAG2","Lymphocyte","ANX","MR Egger",4,0.005,0.069,1.005,0.951,0.264062435,0.390080758,0.660521003,0.027770776
"PRKAR1B","Lymphocyte","ANX","Wald ratio",1,0.003,0.054,1.003,0.951,NA,NA,NA,0.017437892
"HEATR2","Lymphocyte","ANX","Wald ratio",1,0.002,0.037,1.002,0.951,NA,NA,NA,0.017437893
"CLEC14A","Lymphocyte","ANX","Wald ratio",1,0.009,0.154,1.009,0.951,NA,NA,NA,0.014408101
"TEAD1","Lymphocyte","ANX","Wald ratio",1,-0.002,0.034,0.998,0.951,NA,NA,NA,0.013652395
"RPL37","Lymphocyte","ANX","Wald ratio",1,-0.047,0.766,0.954,0.952,NA,NA,NA,0.026256562
"GPR65","Lymphocyte","ANX","Wald ratio",1,-0.03,0.493,0.971,0.952,NA,NA,NA,0.024888958
"SDSL","Lymphocyte","ANX","Wald ratio",1,-0.01,0.159,0.99,0.952,NA,NA,NA,0.022755935
"SDS","Lymphocyte","ANX","Wald ratio",1,-0.007,0.123,0.993,0.952,NA,NA,NA,0.022755935
"SNORD38A","Lymphocyte","ANX","Wald ratio",1,-0.004,0.069,0.996,0.952,NA,NA,NA,0.014501643
"KIF2C","Lymphocyte","ANX","Wald ratio",1,-0.022,0.358,0.979,0.952,NA,NA,NA,0.014501939
"PTCH2","Lymphocyte","ANX","Wald ratio",1,-0.002,0.036,0.998,0.952,NA,NA,NA,0.014501939
"BEST4","Lymphocyte","ANX","Wald ratio",1,-0.002,0.031,0.998,0.952,NA,NA,NA,0.013973659
"PDCD6IP","Lymphocyte","ANX","Wald ratio",1,-0.002,0.031,0.998,0.952,NA,NA,NA,0.014595721
"MIR130A","Lymphocyte","ANX","Wald ratio",1,0.003,0.042,1.003,0.952,NA,NA,NA,0.014595721
"SERPING1","Lymphocyte","ANX","Wald ratio",1,0.004,0.065,1.004,0.952,NA,NA,NA,0.014595721
"UBE2L6","Lymphocyte","ANX","Wald ratio",1,0.003,0.042,1.003,0.952,NA,NA,NA,0.01459572
"AHR","Lymphocyte","ANX","Wald ratio",1,0.002,0.036,1.002,0.952,NA,NA,NA,0.016965331
"KLHL26","Lymphocyte","ANX","Wald ratio",1,-0.005,0.079,0.995,0.952,NA,NA,NA,0.024456427
"PTPN7","Lymphocyte","ANX","Wald ratio",1,0.121,2.046,1.128,0.953,NA,NA,NA,0.035786287
"ST3GAL3","Lymphocyte","ANX","Wald ratio",1,-0.002,0.04,0.998,0.953,NA,NA,NA,0.014170413
"GTF2IRD1","Lymphocyte","ANX","Wald ratio",1,-0.003,0.048,0.997,0.954,NA,NA,NA,0.016880103
"C1orf94","Lymphocyte","ANX","Wald ratio",1,-0.01,0.171,0.99,0.954,NA,NA,NA,0.016183715
"NCOR2","Lymphocyte","ANX","Weighted mode",4,0.002,0.029,1.002,0.955,0.991793538,0.589304789,0.301743683,0.009978848
"NMNAT3","Lymphocyte","ANX","Wald ratio",1,0.002,0.031,1.002,0.955,NA,NA,NA,0.01024105
"KRT20","Lymphocyte","ANX","Wald ratio",1,-0.003,0.059,0.997,0.955,NA,NA,NA,0.018192569
"FBP1","Lymphocyte","ANX","Wald ratio",1,-0.014,0.245,0.986,0.955,NA,NA,NA,0.013885335
"MYST4","Lymphocyte","ANX","Wald ratio",1,0.003,0.046,1.003,0.955,NA,NA,NA,0.019680041
"EPHX1","Lymphocyte","ANX","Wald ratio",1,-0.003,0.06,0.997,0.955,NA,NA,NA,0.013932435
"C9orf47","Lymphocyte","ANX","Wald ratio",1,-0.005,0.084,0.995,0.956,NA,NA,NA,0.014120698
"KLHL14","Lymphocyte","ANX","Wald ratio",1,-0.003,0.063,0.997,0.956,NA,NA,NA,0.015014369
"STK10","Lymphocyte","ANX","Inverse variance weighted",2,0.002,0.031,1.002,0.956,NA,0.456942094,NA,0.022135612
"ITGAM","Lymphocyte","ANX","Wald ratio",1,-0.002,0.033,0.998,0.956,NA,NA,NA,0.014227282
"SNTG1","Lymphocyte","ANX","Wald ratio",1,-0.003,0.05,0.997,0.957,NA,NA,NA,0.0162275
"CDH13","Lymphocyte","ANX","Simple mode",3,-0.002,0.034,0.998,0.957,0.540841335,0.796393571,0.823129762,0.018371863
"PVR","Lymphocyte","ANX","Wald ratio",1,-0.004,0.069,0.996,0.957,NA,NA,NA,0.017154049
"YAP1","Lymphocyte","ANX","Inverse variance weighted",2,0.002,0.036,1.002,0.958,NA,0.793435836,NA,0.012680697
"HPCAL1","Lymphocyte","ANX","Wald ratio",1,0.008,0.144,1.008,0.958,NA,NA,NA,0.016736545
"AQP11","Lymphocyte","ANX","Wald ratio",1,0.002,0.046,1.002,0.959,NA,NA,NA,0.015900103
"IGFBP3","Lymphocyte","ANX","Wald ratio",1,-0.007,0.136,0.993,0.959,NA,NA,NA,0.014118064
"BTBD3","Lymphocyte","ANX","Wald ratio",1,0.003,0.067,1.003,0.959,NA,NA,NA,0.015058444
"TBC1D8","Lymphocyte","ANX","Inverse variance weighted",2,0.003,0.049,1.003,0.959,NA,0.298065697,NA,0.030699622
"FER","Lymphocyte","ANX","Wald ratio",1,0.005,0.096,1.005,0.959,NA,NA,NA,0.02056742
"OPCML","Lymphocyte","ANX","Weighted median",4,0.001,0.029,1.001,0.959,0.318132091,0.257335957,0.342112572,0.103913382
"DNTTIP2","Lymphocyte","ANX","Wald ratio",1,-0.003,0.05,0.997,0.959,NA,NA,NA,0.023314647
"DLC1","Lymphocyte","ANX","Weighted median",4,-0.001,0.025,0.999,0.959,0.560876416,0.681402667,0.61537095,0.019869305
"GABRA4","Lymphocyte","ANX","Wald ratio",1,0.003,0.063,1.003,0.959,NA,NA,NA,0.015338862
"GABRB1","Lymphocyte","ANX","Wald ratio",1,0.002,0.034,1.002,0.959,NA,NA,NA,0.015338862
"RYR1","Lymphocyte","ANX","Wald ratio",1,0.01,0.203,1.01,0.96,NA,NA,NA,0.021771862
"MIR216A","Lymphocyte","ANX","Wald ratio",1,0.002,0.033,1.002,0.96,NA,NA,NA,0.014681715
"SHANK2","Lymphocyte","ANX","MR Egger",4,-0.011,0.205,0.989,0.961,0.138960111,0.267123408,0.98439495,0.058063634
"ZFP37","Lymphocyte","ANX","Wald ratio",1,-0.047,0.971,0.955,0.962,NA,NA,NA,0.054226339
"AKAP11","Lymphocyte","ANX","Wald ratio",1,0.002,0.04,1.002,0.962,NA,NA,NA,0.015243187
"DCTD","Lymphocyte","ANX","Wald ratio",1,0.002,0.033,1.002,0.962,NA,NA,NA,0.014444578
"WBSCR17","Lymphocyte","ANX","Weighted mode",3,0.001,0.024,1.001,0.962,0.237683371,0.099776894,0.37072449,0.024350514
"BRI3","Lymphocyte","ANX","Wald ratio",1,-0.002,0.042,0.998,0.963,NA,NA,NA,0.015849044
"SYT1","Lymphocyte","ANX","Wald ratio",1,-0.074,1.605,0.929,0.963,NA,NA,NA,0.014866873
"MIR1252","Lymphocyte","ANX","Wald ratio",1,-0.002,0.039,0.998,0.963,NA,NA,NA,0.014865185
"FAM49A","Lymphocyte","ANX","Simple mode",3,0.002,0.038,1.002,0.963,0.369444522,0.310208712,0.432263782,0.016529699
"BTAF1","Lymphocyte","ANX","Wald ratio",1,0.002,0.041,1.002,0.964,NA,NA,NA,0.017798245
"KLHL3","Lymphocyte","ANX","Wald ratio",1,-0.002,0.04,0.998,0.964,NA,NA,NA,0.015054065
"RAI14","Lymphocyte","ANX","Wald ratio",1,0.004,0.089,1.004,0.964,NA,NA,NA,0.021277232
"KCTD1","Lymphocyte","ANX","Wald ratio",1,0.001,0.03,1.001,0.964,NA,NA,NA,0.014207698
"DSCAM","Lymphocyte","ANX","Simple mode",3,0.007,0.143,1.007,0.964,0.035208286,0.00941781,0.484293073,0.220379251
"NR4A1","Lymphocyte","ANX","Wald ratio",1,0.019,0.428,1.019,0.965,NA,NA,NA,0.025768004
"MAML2","Lymphocyte","ANX","Inverse variance weighted",2,0.001,0.026,1.001,0.965,NA,0.738881996,NA,0.014540959
"HDAC4","Lymphocyte","ANX","MR Egger",3,-0.057,1.056,0.944,0.965,0.016722936,0.056753214,0.969844198,0.016085827
"IGSF21","Lymphocyte","ANX","Simple mode",3,-0.002,0.035,0.998,0.966,0.939073829,0.720087894,0.567816724,0.014846209
"SMCR7L","Lymphocyte","ANX","Wald ratio",1,-0.004,0.083,0.996,0.966,NA,NA,NA,0.01696077
"PLOD2","Lymphocyte","ANX","Wald ratio",1,-0.001,0.03,0.999,0.966,NA,NA,NA,0.013876019
"ZFR2","Lymphocyte","ANX","Wald ratio",1,-0.002,0.056,0.998,0.966,NA,NA,NA,0.01723729
"THBS1","Lymphocyte","ANX","Wald ratio",1,-0.001,0.033,0.999,0.966,NA,NA,NA,0.013908018
"MBP","Lymphocyte","ANX","Weighted mode",3,-0.001,0.03,0.999,0.967,0.41610333,0.107035745,0.301480078,0.114788443
"RIPK4","Lymphocyte","ANX","Wald ratio",1,0.002,0.042,1.002,0.967,NA,NA,NA,0.016311343
"RPRD2","Lymphocyte","ANX","Wald ratio",1,0.002,0.049,1.002,0.967,NA,NA,NA,0.020782783
"C1orf51","Lymphocyte","ANX","Wald ratio",1,0.002,0.059,1.002,0.967,NA,NA,NA,0.020782755
"MED12L","Lymphocyte","ANX","Wald ratio",1,-0.002,0.037,0.998,0.967,NA,NA,NA,0.016635483
"ALCAM","Lymphocyte","ANX","Wald ratio",1,-0.05,1.238,0.951,0.968,NA,NA,NA,0.014487679
"CMBL","Lymphocyte","ANX","Wald ratio",1,0.014,0.354,1.014,0.968,NA,NA,NA,0.01714329
"BNIP3","Lymphocyte","ANX","Wald ratio",1,-0.001,0.037,0.999,0.968,NA,NA,NA,0.015982351
"PDE9A","Lymphocyte","ANX","Wald ratio",1,0.001,0.035,1.001,0.969,NA,NA,NA,0.016031
"PPM1H","Lymphocyte","ANX","Inverse variance weighted",2,0.002,0.059,1.002,0.969,NA,0.176130172,NA,0.037006497
"H6PD","Lymphocyte","ANX","Wald ratio",1,-0.002,0.058,0.998,0.969,NA,NA,NA,0.016263103
"EHMT1","Lymphocyte","ANX","Wald ratio",1,0.002,0.041,1.002,0.969,NA,NA,NA,0.015096896
"KRT40","Lymphocyte","ANX","Wald ratio",1,-0.003,0.068,0.997,0.969,NA,NA,NA,0.018884126
"MEIS1","Lymphocyte","ANX","Wald ratio",1,-0.001,0.031,0.999,0.97,NA,NA,NA,0.014062595
"ERBB3","Lymphocyte","ANX","Wald ratio",1,-0.004,0.108,0.996,0.97,NA,NA,NA,0.015377232
"AGT","Lymphocyte","ANX","Wald ratio",1,-0.004,0.107,0.996,0.97,NA,NA,NA,0.017924267
"MAP7","Lymphocyte","ANX","Wald ratio",1,0.005,0.145,1.005,0.97,NA,NA,NA,0.019201835
"MECOM","Lymphocyte","ANX","Wald ratio",1,-0.001,0.034,0.999,0.97,NA,NA,NA,0.014344899
"TPO","Lymphocyte","ANX","Wald ratio",1,0.002,0.041,1.002,0.97,NA,NA,NA,0.019337741
"CNBD1","Lymphocyte","ANX","Wald ratio",1,-0.003,0.094,0.997,0.971,NA,NA,NA,0.023257579
"PREX2","Lymphocyte","ANX","Wald ratio",1,-0.002,0.063,0.998,0.971,NA,NA,NA,0.023257579
"DOK2","Lymphocyte","ANX","Wald ratio",1,-0.001,0.037,0.999,0.971,NA,NA,NA,0.017187605
"DPPA2","Lymphocyte","ANX","Wald ratio",1,-0.001,0.037,0.999,0.971,NA,NA,NA,0.016168563
"PRR24","Lymphocyte","ANX","Wald ratio",1,0.003,0.079,1.003,0.971,NA,NA,NA,0.016168563
"LYSMD4","Lymphocyte","ANX","Inverse variance weighted",2,0.001,0.031,1.001,0.971,NA,0.786427319,NA,0.016421815
"ACSL1","Lymphocyte","ANX","Inverse variance weighted",3,0.002,0.069,1.002,0.972,0.910150213,0.014017583,0.210099484,0.014073289
"KCNA1","Lymphocyte","ANX","Wald ratio",1,-0.002,0.071,0.998,0.972,NA,NA,NA,0.014155047
"WDR69","Lymphocyte","ANX","Wald ratio",1,-0.004,0.116,0.996,0.972,NA,NA,NA,0.014155047
"SYCP2L","Lymphocyte","ANX","Wald ratio",1,-0.003,0.089,0.997,0.973,NA,NA,NA,0.017001565
"AMOTL2","Lymphocyte","ANX","Wald ratio",1,-0.001,0.039,0.999,0.973,NA,NA,NA,0.015701947
"FLJ37201","Lymphocyte","ANX","Wald ratio",1,-0.001,0.034,0.999,0.973,NA,NA,NA,0.015795072
"GAP43","Lymphocyte","ANX","Wald ratio",1,-0.023,0.673,0.978,0.973,NA,NA,NA,0.014437217
"CAPN1","Lymphocyte","ANX","Wald ratio",1,-0.005,0.148,0.995,0.973,NA,NA,NA,0.015981138
"SLC22A20","Lymphocyte","ANX","Wald ratio",1,-0.004,0.105,0.996,0.973,NA,NA,NA,0.015981138
"ACCN1","Lymphocyte","ANX","MR Egger",3,-0.002,0.049,0.998,0.973,0.398085132,0.528369868,0.590520726,0.016761846
"AZI2","Lymphocyte","ANX","Wald ratio",1,0.003,0.089,1.003,0.973,NA,NA,NA,0.016074079
"IFT140","Lymphocyte","ANX","Wald ratio",1,0.004,0.119,1.004,0.974,NA,NA,NA,0.025800745
"OPN3","Lymphocyte","ANX","Wald ratio",1,0.005,0.151,1.005,0.974,NA,NA,NA,0.014859491
"TNFSF4","Lymphocyte","ANX","Wald ratio",1,-0.001,0.041,0.999,0.974,NA,NA,NA,0.015046786
"CDH13","Lymphocyte","ANX","Weighted mode",3,-0.001,0.033,0.999,0.975,0.540841335,0.796393571,0.823129762,0.018371863
"SNX19","Lymphocyte","ANX","Wald ratio",1,-0.002,0.049,0.998,0.975,NA,NA,NA,0.013917938
"DLEU7","Lymphocyte","ANX","Wald ratio",1,-0.007,0.217,0.993,0.975,NA,NA,NA,0.063040246
"BACE1","Lymphocyte","ANX","Wald ratio",1,0.001,0.037,1.001,0.975,NA,NA,NA,0.014153503
"PLEKHH3","Lymphocyte","ANX","Wald ratio",1,-0.001,0.031,0.999,0.975,NA,NA,NA,0.014153503
"LOC100190938","Lymphocyte","ANX","Wald ratio",1,-0.001,0.031,0.999,0.975,NA,NA,NA,0.014153474
"B3GALTL","Lymphocyte","ANX","Wald ratio",1,-0.001,0.041,0.999,0.975,NA,NA,NA,0.018693086
"C2orf83","Lymphocyte","ANX","Wald ratio",1,-0.002,0.066,0.998,0.976,NA,NA,NA,0.028729228
"BMP1","Lymphocyte","ANX","Wald ratio",1,0.001,0.039,1.001,0.976,NA,NA,NA,0.015886641
"ADPRH","Lymphocyte","ANX","Wald ratio",1,0.052,1.757,1.054,0.976,NA,NA,NA,0.017823769
"P2RX2","Lymphocyte","ANX","Wald ratio",1,0.003,0.093,1.003,0.976,NA,NA,NA,0.026730167
"POLE","Lymphocyte","ANX","Wald ratio",1,0.002,0.06,1.002,0.976,NA,NA,NA,0.026730188
"RRP12","Lymphocyte","ANX","Wald ratio",1,-0.001,0.046,0.999,0.976,NA,NA,NA,0.014811164
"PRR4","Lymphocyte","ANX","Wald ratio",1,-0.001,0.05,0.999,0.977,NA,NA,NA,0.013775004
"PRKDC","Lymphocyte","ANX","Wald ratio",1,-0.003,0.106,0.997,0.978,NA,NA,NA,0.043793177
"HLCS","Lymphocyte","ANX","Inverse variance weighted",2,0.002,0.056,1.002,0.978,NA,0.089896616,NA,0.058503863
"SLC2A8","Lymphocyte","ANX","Wald ratio",1,-0.001,0.039,0.999,0.978,NA,NA,NA,0.017459315
"SLCO3A1","Lymphocyte","ANX","Inverse variance weighted",3,-0.001,0.026,0.999,0.978,0.268256893,0.480006329,0.733666287,0.024291103
"GOLIM4","Lymphocyte","ANX","Wald ratio",1,-0.017,0.638,0.983,0.978,NA,NA,NA,0.021033994
"SPATA13","Lymphocyte","ANX","Simple mode",3,-0.002,0.058,0.998,0.978,0.4691638,0.136260271,0.313935864,0.016397752
"SERPINA4","Lymphocyte","ANX","Wald ratio",1,-0.001,0.032,0.999,0.979,NA,NA,NA,0.014622222
"SERPINA5","Lymphocyte","ANX","Wald ratio",1,-0.013,0.469,0.988,0.979,NA,NA,NA,0.014622222
"CAMK1D","Lymphocyte","ANX","Simple mode",3,-0.001,0.042,0.999,0.979,0.946140398,0.293266529,0.362000139,0.109644833
"ELF5","Lymphocyte","ANX","Wald ratio",1,-0.003,0.099,0.997,0.979,NA,NA,NA,0.013158935
"MALL","Lymphocyte","ANX","Wald ratio",1,0.006,0.241,1.006,0.979,NA,NA,NA,0.015137635
"SAMD4A","Lymphocyte","ANX","Wald ratio",1,0.03,1.197,1.03,0.98,NA,NA,NA,0.021173893
"MUC5B","Lymphocyte","ANX","Wald ratio",1,-0.001,0.034,0.999,0.981,NA,NA,NA,0.014245049
"SLC31A2","Lymphocyte","ANX","Wald ratio",1,0.001,0.03,1.001,0.981,NA,NA,NA,0.0142921
"LOC285696","Lymphocyte","ANX","Wald ratio",1,-0.001,0.049,0.999,0.981,NA,NA,NA,0.014574099
"RFX7","Lymphocyte","ANX","Wald ratio",1,-0.006,0.256,0.994,0.981,NA,NA,NA,0.0186482
"PRKCH","Lymphocyte","ANX","Inverse variance weighted",2,0.001,0.042,1.001,0.982,NA,0.362208807,NA,0.016192323
"KCNJ16","Lymphocyte","ANX","Wald ratio",1,-0.001,0.041,0.999,0.982,NA,NA,NA,0.016924125
"SNX29","Lymphocyte","ANX","Inverse variance weighted",2,0.001,0.024,1.001,0.982,NA,0.878355214,NA,0.014277105
"PDE4D","Lymphocyte","ANX","Simple mode",3,0.003,0.108,1.003,0.983,0.781033939,0.905289567,0.786289197,0.010726602
"LAMA1","Lymphocyte","ANX","Wald ratio",1,-0.003,0.147,0.997,0.983,NA,NA,NA,0.028020978
"KCNA10","Lymphocyte","ANX","Wald ratio",1,-0.001,0.039,0.999,0.983,NA,NA,NA,0.016069022
"FOXN3","Lymphocyte","ANX","Inverse variance weighted",4,-0.001,0.033,0.999,0.983,0.540523847,0.186707345,0.199264344,0.028645737
"ENPP6","Lymphocyte","ANX","Inverse variance weighted",2,0.001,0.04,1.001,0.984,NA,0.187817011,NA,0.017282942
"FZD7","Lymphocyte","ANX","Wald ratio",1,0.005,0.246,1.005,0.984,NA,NA,NA,0.014948283
"ZNF347","Lymphocyte","ANX","Wald ratio",1,0.005,0.267,1.005,0.985,NA,NA,NA,0.013440924
"CLIC6","Lymphocyte","ANX","Wald ratio",1,0.001,0.056,1.001,0.986,NA,NA,NA,0.016346678
"ADAMTS10","Lymphocyte","ANX","Wald ratio",1,0.001,0.061,1.001,0.986,NA,NA,NA,0.016439145
"GRPEL1","Lymphocyte","ANX","Wald ratio",1,0.008,0.467,1.008,0.987,NA,NA,NA,0.017178965
"ADAMTS13","Lymphocyte","ANX","Wald ratio",1,0.002,0.107,1.002,0.987,NA,NA,NA,0.01499428
"C9orf7","Lymphocyte","ANX","Wald ratio",1,0.002,0.101,1.002,0.987,NA,NA,NA,0.01499428
"PRR16","Lymphocyte","ANX","Inverse variance weighted",2,0.001,0.033,1.001,0.987,NA,0.298980393,NA,0.014611541
"NINJ2","Lymphocyte","ANX","Wald ratio",1,0.025,1.579,1.025,0.987,NA,NA,NA,0.018280488
"PXDN","Lymphocyte","ANX","Inverse variance weighted",2,-0.001,0.045,0.999,0.988,NA,0.225976869,NA,0.028646081
"RORA","Lymphocyte","ANX","MR Egger",4,-0.001,0.092,0.999,0.989,0.069257575,0.140447919,0.845783622,0.014878443
"TEK","Lymphocyte","ANX","Wald ratio",1,0.001,0.038,1.001,0.989,NA,NA,NA,0.017408529
"TMTC4","Lymphocyte","ANX","Wald ratio",1,0,0.031,1,0.989,NA,NA,NA,0.012336894
"RBMS3","Lymphocyte","ANX","Wald ratio",1,-0.014,1.054,0.986,0.989,NA,NA,NA,0.017821999
"CFDP1","Lymphocyte","ANX","Wald ratio",1,0,0.037,1,0.989,NA,NA,NA,0.014430544
"MUM1","Lymphocyte","ANX","Wald ratio",1,0.001,0.088,1.001,0.989,NA,NA,NA,0.018279713
"NDUFS7","Lymphocyte","ANX","Wald ratio",1,0.001,0.048,1.001,0.989,NA,NA,NA,0.018279838
"ARHGEF17","Lymphocyte","ANX","Wald ratio",1,-0.001,0.058,0.999,0.99,NA,NA,NA,0.021747874
"RELT","Lymphocyte","ANX","Wald ratio",1,-0.001,0.074,0.999,0.99,NA,NA,NA,0.021717861
"CHGA","Lymphocyte","ANX","Wald ratio",1,-0.001,0.075,0.999,0.99,NA,NA,NA,0.01504042
"ARFGEF1","Lymphocyte","ANX","Wald ratio",1,-0.001,0.063,0.999,0.99,NA,NA,NA,0.015414471
"TMEM108","Lymphocyte","ANX","Wald ratio",1,0,0.037,1,0.99,NA,NA,NA,0.015787546
"ISPD","Lymphocyte","ANX","Wald ratio",1,-0.016,1.337,0.984,0.991,NA,NA,NA,0.020498576
"MAGI2","Lymphocyte","ANX","MR Egger",3,0.003,0.24,1.003,0.991,0.91357678,0.965908015,0.850053689,0.025078417
"ZNF385B","Lymphocyte","ANX","Wald ratio",1,-0.001,0.075,0.999,0.991,NA,NA,NA,0.02418732
"SGCE","Lymphocyte","ANX","Wald ratio",1,0,0.031,1,0.991,NA,NA,NA,0.013060588
"GNAI3","Lymphocyte","ANX","Wald ratio",1,0,0.038,1,0.991,NA,NA,NA,0.017453962
"NCOR2","Lymphocyte","ANX","Simple mode",4,0,0.033,1,0.991,0.991793538,0.589304789,0.301743683,0.009978848
"C19orf53","Lymphocyte","ANX","Wald ratio",1,0,0.045,1,0.991,NA,NA,NA,0.0178673
"IDH3B","Lymphocyte","ANX","Wald ratio",1,-0.004,0.416,0.996,0.992,NA,NA,NA,0.014006195
"OLFM1","Lymphocyte","ANX","Wald ratio",1,-0.001,0.059,0.999,0.992,NA,NA,NA,0.022806229
"OLFML2A","Lymphocyte","ANX","Wald ratio",1,0,0.043,1,0.992,NA,NA,NA,0.014147655
"CHST6","Lymphocyte","ANX","Inverse variance weighted",2,0,0.03,1,0.992,NA,0.401490828,NA,0.039581217
"PDE7B","Lymphocyte","ANX","Wald ratio",1,-0.002,0.176,0.998,0.992,NA,NA,NA,0.014476993
"CAP2","Lymphocyte","ANX","Wald ratio",1,0,0.031,1,0.992,NA,NA,NA,0.01480561
"ADAMTS3","Lymphocyte","ANX","Wald ratio",1,-0.005,0.529,0.995,0.992,NA,NA,NA,0.015180278
"RNF219","Lymphocyte","ANX","Wald ratio",1,0.003,0.304,1.003,0.992,NA,NA,NA,0.015507319
"TBX4","Lymphocyte","ANX","Wald ratio",1,0,0.04,1,0.993,NA,NA,NA,0.015647251
"PTGES","Lymphocyte","ANX","Wald ratio",1,0.001,0.054,1.001,0.993,NA,NA,NA,0.019173059
"TTLL13","Lymphocyte","ANX","Wald ratio",1,0,0.047,1,0.994,NA,NA,NA,0.017821004
"ARL4C","Lymphocyte","ANX","Wald ratio",1,0.002,0.278,1.002,0.994,NA,NA,NA,0.017957985
"SYN3","Lymphocyte","ANX","Wald ratio",1,-0.001,0.112,0.999,0.994,NA,NA,NA,0.013581001
"SLC9A9","Lymphocyte","ANX","Wald ratio",1,0,0.038,1,0.994,NA,NA,NA,0.01410014
"ELFN2","Lymphocyte","ANX","Wald ratio",1,0,0.038,1,0.995,NA,NA,NA,0.014664298
"ZNF80","Lymphocyte","ANX","Wald ratio",1,0,0.033,1,0.995,NA,NA,NA,0.014992684
"KIAA1383","Lymphocyte","ANX","Wald ratio",1,-0.003,0.41,0.997,0.995,NA,NA,NA,0.015740102
"FLJ32065","Lymphocyte","ANX","Wald ratio",1,-0.007,1.23,0.993,0.995,NA,NA,NA,0.023330887
"ATP11A","Lymphocyte","ANX","Inverse variance weighted",2,0,0.03,1,0.995,NA,0.26885935,NA,0.025310595
"CCDC83","Lymphocyte","ANX","Wald ratio",1,-0.001,0.219,0.999,0.995,NA,NA,NA,0.016251667
"LOC401052","Lymphocyte","ANX","Wald ratio",1,0,0.045,1,0.996,NA,NA,NA,0.017269056
"PRR20A","Lymphocyte","ANX","Wald ratio",1,0,0.039,1,0.996,NA,NA,NA,0.018141383
"CHST11","Lymphocyte","ANX","Inverse variance weighted",2,0,0.086,1,0.997,NA,0.010809326,NA,0.026996582
"IL1F7","Lymphocyte","ANX","Wald ratio",1,0,0.029,1,0.997,NA,NA,NA,0.01304729
"LIMD1","Lymphocyte","ANX","Wald ratio",1,0,0.098,1,0.997,NA,NA,NA,0.014052772
"TSHR","Lymphocyte","ANX","Wald ratio",1,0,0.07,1,0.997,NA,NA,NA,0.014429353
"HGF","Lymphocyte","ANX","Wald ratio",1,0,0.033,1,0.997,NA,NA,NA,0.014758012
"PITRM1","Lymphocyte","ANX","Wald ratio",1,-0.003,0.884,0.997,0.998,NA,NA,NA,0.015879593
"JAKMIP2","Lymphocyte","ANX","Wald ratio",1,0,0.036,1,0.998,NA,NA,NA,0.015926131
"ITPRIPL2","Lymphocyte","ANX","Wald ratio",1,0,0.134,1,0.998,NA,NA,NA,0.01652829
"HS3ST1","Lymphocyte","ANX","Wald ratio",1,-0.001,0.473,0.999,0.998,NA,NA,NA,0.018461075
"PTPN21","Lymphocyte","ANX","Wald ratio",1,0,0.048,1,0.998,NA,NA,NA,0.021143056
"FRG1","Lymphocyte","ANX","Wald ratio",1,0,0.08,1,0.998,NA,NA,NA,0.020676595
"PGA5","Lymphocyte","ANX","Wald ratio",1,0,0.067,1,0.998,NA,NA,NA,0.022409283
"RALB","Lymphocyte","ANX","Wald ratio",1,0,0.078,1,0.998,NA,NA,NA,0.023155714
"ACOX2","Lymphocyte","ANX","Wald ratio",1,0,0.091,1,0.999,NA,NA,NA,0.033729504
"FNDC1","Lymphocyte","ANX","Inverse variance weighted",2,0,0.056,1,0.999,NA,0.073758462,NA,0.056481359
"CDH13","Lymphocyte","ANX","Weighted median",3,0,0.027,1,1,0.540841335,0.796393571,0.823129762,0.018371863
"MYRIP","Lymphocyte","ANX","Wald ratio",1,0,0.328,1,1,NA,NA,NA,0.014099596
"REG3G","Lymphocyte","ANX","Wald ratio",1,0,0.035,1,1,NA,NA,NA,0.016714808
