"Gene","Tissue","Psychiatric.disorder","Method","Nsnp","Beta","SE","OR","P.value","Q_Pvalue.MREgger.","Q_Pvalue.IVW.","P.value.Intercept.","PPH4"
"KIF13A","Lymphocyte","PTSD","Wald ratio",1,-0.099,0.028,0.905,0.000394,NA,NA,NA,0.801884844
"COLEC11","Lymphocyte","PTSD","Wald ratio",1,0.091,0.026,1.095,0.000396,NA,NA,NA,0.850153567
"LOC80154","Lymphocyte","PTSD","Wald ratio",1,-0.085,0.025,0.919,0.000834,NA,NA,NA,0.680188295
"SLC2A8","Lymphocyte","PTSD","Wald ratio",1,0.067,0.021,1.069,0.0015,NA,NA,NA,0.588127031
"SMAD3","Lymphocyte","PTSD","Wald ratio",1,-0.056,0.018,0.946,0.00183,NA,NA,NA,0.490989025
"CDK6","Lymphocyte","PTSD","Wald ratio",1,-0.104,0.034,0.901,0.00217,NA,NA,NA,0.553207759
"FOXF1","Lymphocyte","PTSD","Wald ratio",1,0.392,0.128,1.48,0.00217,NA,NA,NA,0.490404942
"TFCP2L1","Lymphocyte","PTSD","Wald ratio",1,0.107,0.036,1.113,0.0026,NA,NA,NA,0.448254386
"PARP14","Lymphocyte","PTSD","Wald ratio",1,-0.273,0.091,0.761,0.00261,NA,NA,NA,0.451805055
"PLCG1","Lymphocyte","PTSD","Wald ratio",1,-0.102,0.034,0.903,0.00261,NA,NA,NA,0.462163282
"C5orf13","Lymphocyte","PTSD","Wald ratio",1,-0.076,0.026,0.927,0.00288,NA,NA,NA,0.382000065
"SLC44A2","Lymphocyte","PTSD","Inverse variance weighted",2,0.037,0.013,1.038,0.00333,NA,0.564918352,NA,0.036032924
"MATN3","Lymphocyte","PTSD","Wald ratio",1,-0.081,0.028,0.923,0.00381,NA,NA,NA,0.33827494
"ATP6V0E2","Lymphocyte","PTSD","Wald ratio",1,-0.079,0.028,0.924,0.00429,NA,NA,NA,0.305649053
"TTC24","Lymphocyte","PTSD","Wald ratio",1,0.05,0.018,1.051,0.00461,NA,NA,NA,0.31057235
"SOBP","Lymphocyte","PTSD","Wald ratio",1,-0.091,0.033,0.913,0.00493,NA,NA,NA,0.415609305
"TTBK1","Lymphocyte","PTSD","Wald ratio",1,0.127,0.045,1.135,0.00529,NA,NA,NA,0.382541383
"METTL13","Lymphocyte","PTSD","Wald ratio",1,-0.07,0.025,0.932,0.00548,NA,NA,NA,0.295562587
"MEF2D","Lymphocyte","PTSD","Wald ratio",1,-0.19,0.069,0.827,0.00564,NA,NA,NA,0.258133545
"ECHDC3","Lymphocyte","PTSD","Wald ratio",1,-0.914,0.332,0.401,0.00591,NA,NA,NA,0.262817594
"TRPV1","Lymphocyte","PTSD","Wald ratio",1,0.05,0.018,1.051,0.00644,NA,NA,NA,0.249151023
"TSHR","Lymphocyte","PTSD","Wald ratio",1,-0.098,0.036,0.906,0.00681,NA,NA,NA,0.225077714
"AIM2","Lymphocyte","PTSD","Wald ratio",1,-0.11,0.041,0.896,0.00701,NA,NA,NA,0.362440401
"FBXO31","Lymphocyte","PTSD","Inverse variance weighted",2,-0.05,0.019,0.951,0.00708,NA,0.863547075,NA,0.069127222
"EHF","Lymphocyte","PTSD","Inverse variance weighted",2,0.049,0.018,1.05,0.00732,NA,0.339289277,NA,0.310782754
"SORBS2","Lymphocyte","PTSD","Wald ratio",1,0.044,0.016,1.044,0.00742,NA,NA,NA,0.217131506
"PREX1","Lymphocyte","PTSD","Wald ratio",1,-0.111,0.042,0.895,0.00755,NA,NA,NA,0.252424738
"TREM1","Lymphocyte","PTSD","Wald ratio",1,-2.475,0.928,0.084,0.00766,NA,NA,NA,0.322608568
"C6orf105","Lymphocyte","PTSD","Wald ratio",1,0.041,0.016,1.042,0.00808,NA,NA,NA,0.194634065
"ZNF507","Lymphocyte","PTSD","Wald ratio",1,0.654,0.248,1.923,0.0083,NA,NA,NA,0.203668424
"KCNS3","Lymphocyte","PTSD","Wald ratio",1,-0.108,0.041,0.897,0.00868,NA,NA,NA,0.29205393
"CCDC40","Lymphocyte","PTSD","Wald ratio",1,0.044,0.017,1.045,0.00875,NA,NA,NA,0.183733137
"RELL1","Lymphocyte","PTSD","Wald ratio",1,-0.096,0.037,0.909,0.00877,NA,NA,NA,0.260178577
"OTX2","Lymphocyte","PTSD","Wald ratio",1,0.047,0.018,1.048,0.00888,NA,NA,NA,0.184733179
"CLUAP1","Lymphocyte","PTSD","Wald ratio",1,0.063,0.024,1.065,0.00898,NA,NA,NA,0.191546409
"ACTN1","Lymphocyte","PTSD","Wald ratio",1,-0.086,0.033,0.918,0.00944,NA,NA,NA,0.20460533
"C1orf127","Lymphocyte","PTSD","Wald ratio",1,0.086,0.033,1.089,0.00989,NA,NA,NA,0.192262495
"MOSC2","Lymphocyte","PTSD","Wald ratio",1,-0.088,0.034,0.916,0.00997,NA,NA,NA,0.289469846
"MOSC1","Lymphocyte","PTSD","Wald ratio",1,-0.199,0.077,0.82,0.00997,NA,NA,NA,0.28988577
"MIR200A","Lymphocyte","PTSD","Wald ratio",1,-0.091,0.035,0.913,0.0102,NA,NA,NA,0.265629031
"SH3D20","Lymphocyte","PTSD","Wald ratio",1,-0.069,0.027,0.933,0.0104,NA,NA,NA,0.197047137
"IGF2BP2","Lymphocyte","PTSD","Wald ratio",1,-0.059,0.023,0.943,0.0104,NA,NA,NA,0.191330798
"ATP8A2","Lymphocyte","PTSD","Inverse variance weighted",3,0.034,0.013,1.035,0.0106,0.372227858,0.66391936,0.90423213,0.007992221
"INPP4A","Lymphocyte","PTSD","Wald ratio",1,-0.053,0.021,0.948,0.0108,NA,NA,NA,0.172148479
"KIF21A","Lymphocyte","PTSD","Wald ratio",1,1.111,0.439,3.039,0.0113,NA,NA,NA,0.187748868
"RASSF6","Lymphocyte","PTSD","Wald ratio",1,0.063,0.025,1.066,0.0118,NA,NA,NA,0.147665957
"C1orf94","Lymphocyte","PTSD","Wald ratio",1,0.226,0.09,1.253,0.0119,NA,NA,NA,0.167183508
"GXYLT1","Lymphocyte","PTSD","Wald ratio",1,3.74,1.49,42.105,0.0121,NA,NA,NA,0.145643751
"RPL28","Lymphocyte","PTSD","Wald ratio",1,-4.313,1.731,0.013,0.0127,NA,NA,NA,0.223640992
"COX6B2","Lymphocyte","PTSD","Wald ratio",1,-0.085,0.034,0.918,0.0127,NA,NA,NA,0.223640986
"FAM71E2","Lymphocyte","PTSD","Wald ratio",1,-0.091,0.037,0.913,0.0127,NA,NA,NA,0.223640992
"TNRC6C","Lymphocyte","PTSD","Wald ratio",1,-0.039,0.016,0.962,0.0133,NA,NA,NA,0.138666212
"CXCL13","Lymphocyte","PTSD","Wald ratio",1,-0.05,0.02,0.951,0.0134,NA,NA,NA,0.16550459
"NT5DC3","Lymphocyte","PTSD","Wald ratio",1,0.909,0.367,2.481,0.0134,NA,NA,NA,0.179203457
"MCC","Lymphocyte","PTSD","Wald ratio",1,-0.063,0.025,0.939,0.014,NA,NA,NA,0.136205799
"FHL3","Lymphocyte","PTSD","Wald ratio",1,-0.059,0.024,0.942,0.0146,NA,NA,NA,0.171959724
"NRXN1","Lymphocyte","PTSD","Wald ratio",1,0.443,0.181,1.558,0.0146,NA,NA,NA,0.124552602
"USP20","Lymphocyte","PTSD","Wald ratio",1,-0.041,0.017,0.96,0.0148,NA,NA,NA,0.123075697
"ATP8A2","Lymphocyte","PTSD","Weighted median",3,0.034,0.014,1.035,0.0149,0.372227858,0.66391936,0.90423213,0.007992221
"SLC35D1","Lymphocyte","PTSD","Wald ratio",1,-0.802,0.332,0.448,0.0157,NA,NA,NA,0.136674807
"SH2D5","Lymphocyte","PTSD","Wald ratio",1,-0.051,0.021,0.95,0.0161,NA,NA,NA,0.117558193
"C19orf53","Lymphocyte","PTSD","Wald ratio",1,-0.049,0.02,0.952,0.0164,NA,NA,NA,0.127114021
"RP1L1","Lymphocyte","PTSD","Wald ratio",1,-0.086,0.036,0.918,0.0167,NA,NA,NA,0.214525286
"MYO18A","Lymphocyte","PTSD","Wald ratio",1,-0.038,0.016,0.963,0.0177,NA,NA,NA,0.112873302
"WNT11","Lymphocyte","PTSD","Wald ratio",1,-0.039,0.016,0.962,0.0178,NA,NA,NA,0.11301088
"CCDC74B","Lymphocyte","PTSD","Wald ratio",1,-0.044,0.018,0.957,0.0178,NA,NA,NA,0.10798866
"TUBA3E","Lymphocyte","PTSD","Wald ratio",1,-0.036,0.015,0.965,0.0178,NA,NA,NA,0.107988662
"FLJ43860","Lymphocyte","PTSD","Wald ratio",1,0.06,0.025,1.062,0.0179,NA,NA,NA,0.113059365
"BSND","Lymphocyte","PTSD","Wald ratio",1,-0.04,0.017,0.96,0.0182,NA,NA,NA,0.106485388
"DHDH","Lymphocyte","PTSD","Wald ratio",1,-0.306,0.129,0.737,0.0182,NA,NA,NA,0.184292519
"C15orf29","Lymphocyte","PTSD","Wald ratio",1,0.037,0.016,1.037,0.0185,NA,NA,NA,0.106731134
"AP1M2","Lymphocyte","PTSD","Wald ratio",1,0.118,0.05,1.126,0.0189,NA,NA,NA,0.110327126
"TRHR","Lymphocyte","PTSD","Wald ratio",1,-0.038,0.016,0.963,0.0189,NA,NA,NA,0.103624526
"ATG10","Lymphocyte","PTSD","Wald ratio",1,0.037,0.016,1.038,0.0194,NA,NA,NA,0.100609591
"MIR1539","Lymphocyte","PTSD","Wald ratio",1,-0.169,0.072,0.845,0.0199,NA,NA,NA,0.102750211
"C18orf32","Lymphocyte","PTSD","Wald ratio",1,-0.488,0.209,0.614,0.0199,NA,NA,NA,0.10275474
"VCL","Lymphocyte","PTSD","Wald ratio",1,-0.54,0.232,0.583,0.0201,NA,NA,NA,0.114969353
"ARL4C","Lymphocyte","PTSD","Wald ratio",1,-0.312,0.134,0.732,0.0202,NA,NA,NA,0.115127627
"PFDN1","Lymphocyte","PTSD","Wald ratio",1,0.127,0.055,1.135,0.0205,NA,NA,NA,0.096448498
"TRPS1","Lymphocyte","PTSD","Wald ratio",1,-0.047,0.02,0.955,0.0205,NA,NA,NA,0.096377374
"PDE1C","Lymphocyte","PTSD","Wald ratio",1,0.152,0.066,1.164,0.0205,NA,NA,NA,0.118721187
"SETBP1","Lymphocyte","PTSD","Wald ratio",1,0.064,0.028,1.067,0.0207,NA,NA,NA,0.134850813
"ASGR2","Lymphocyte","PTSD","Wald ratio",1,-0.039,0.017,0.961,0.0209,NA,NA,NA,0.096949028
"DFNB31","Lymphocyte","PTSD","Wald ratio",1,-0.048,0.021,0.953,0.0209,NA,NA,NA,0.096909123
"MRE11A","Lymphocyte","PTSD","Wald ratio",1,0.041,0.018,1.042,0.0213,NA,NA,NA,0.093930349
"RDH8","Lymphocyte","PTSD","Wald ratio",1,0.063,0.027,1.065,0.0216,NA,NA,NA,0.111994773
"COL5A3","Lymphocyte","PTSD","Wald ratio",1,0.194,0.084,1.214,0.0216,NA,NA,NA,0.111994774
"SLC25A26","Lymphocyte","PTSD","Wald ratio",1,-0.039,0.017,0.962,0.0217,NA,NA,NA,0.099768755
"ZNF704","Lymphocyte","PTSD","Wald ratio",1,0.727,0.317,2.069,0.0218,NA,NA,NA,0.154290286
"ANKRD56","Lymphocyte","PTSD","Wald ratio",1,-1.181,0.516,0.307,0.0222,NA,NA,NA,0.09688205
"THBS2","Lymphocyte","PTSD","Inverse variance weighted",2,-0.066,0.029,0.936,0.0222,NA,0.76554415,NA,0.055920037
"KRTAP11-1","Lymphocyte","PTSD","Wald ratio",1,-0.049,0.021,0.952,0.0223,NA,NA,NA,0.101592787
"SLC2A2","Lymphocyte","PTSD","Wald ratio",1,-0.175,0.077,0.839,0.0224,NA,NA,NA,0.123439816
"SPP1","Lymphocyte","PTSD","Wald ratio",1,0.097,0.043,1.102,0.0224,NA,NA,NA,0.099206626
"SLC1A7","Lymphocyte","PTSD","Wald ratio",1,-0.053,0.023,0.949,0.0234,NA,NA,NA,0.09542091
"RIF1","Lymphocyte","PTSD","Wald ratio",1,-0.156,0.069,0.855,0.0236,NA,NA,NA,0.088181744
"ANKRD13B","Lymphocyte","PTSD","Wald ratio",1,0.061,0.027,1.062,0.0244,NA,NA,NA,0.083824082
"GIT1","Lymphocyte","PTSD","Wald ratio",1,0.132,0.058,1.141,0.0244,NA,NA,NA,0.083824082
"TMEM79","Lymphocyte","PTSD","Wald ratio",1,-0.215,0.096,0.807,0.0248,NA,NA,NA,0.096412427
"PAQR6","Lymphocyte","PTSD","Wald ratio",1,-1.463,0.652,0.232,0.0248,NA,NA,NA,0.096410987
"CRHR2","Lymphocyte","PTSD","Wald ratio",1,0.047,0.021,1.048,0.0249,NA,NA,NA,0.088620349
"RAB11B","Lymphocyte","PTSD","Wald ratio",1,-0.042,0.019,0.959,0.0251,NA,NA,NA,0.087051005
"ANGPTL4","Lymphocyte","PTSD","Wald ratio",1,-0.521,0.232,0.594,0.0251,NA,NA,NA,0.087051005
"LOC650368","Lymphocyte","PTSD","Wald ratio",1,-0.055,0.025,0.946,0.0252,NA,NA,NA,0.124734915
"MRPL22","Lymphocyte","PTSD","Wald ratio",1,-0.048,0.021,0.953,0.0252,NA,NA,NA,0.089498749
"GPD2","Lymphocyte","PTSD","Wald ratio",1,-0.038,0.017,0.963,0.0255,NA,NA,NA,0.082009524
"C9orf98","Lymphocyte","PTSD","Wald ratio",1,0.049,0.022,1.05,0.0257,NA,NA,NA,0.098477189
"LOC100190940","Lymphocyte","PTSD","Wald ratio",1,-0.111,0.05,0.895,0.0262,NA,NA,NA,0.087768498
"RCCD1","Lymphocyte","PTSD","Wald ratio",1,-0.235,0.106,0.791,0.0266,NA,NA,NA,0.084496216
"HDDC3","Lymphocyte","PTSD","Wald ratio",1,-0.038,0.017,0.963,0.0266,NA,NA,NA,0.084496216
"NUDT18","Lymphocyte","PTSD","Wald ratio",1,0.034,0.016,1.035,0.0272,NA,NA,NA,0.077417417
"FAM160B2","Lymphocyte","PTSD","Wald ratio",1,0.058,0.026,1.06,0.0272,NA,NA,NA,0.077417142
"EPB49","Lymphocyte","PTSD","Wald ratio",1,0.057,0.026,1.058,0.0272,NA,NA,NA,0.077416904
"ZNF766","Lymphocyte","PTSD","Wald ratio",1,-0.038,0.017,0.963,0.0277,NA,NA,NA,0.048577465
"ASS1","Lymphocyte","PTSD","Wald ratio",1,-0.41,0.187,0.664,0.0282,NA,NA,NA,0.084554155
"HSPA12A","Lymphocyte","PTSD","Wald ratio",1,-0.103,0.047,0.902,0.0288,NA,NA,NA,0.144000801
"RAMP3","Lymphocyte","PTSD","Wald ratio",1,0.101,0.046,1.107,0.029,NA,NA,NA,0.087048706
"TFG","Lymphocyte","PTSD","Wald ratio",1,-0.035,0.016,0.965,0.0293,NA,NA,NA,0.073860003
"C11orf48","Lymphocyte","PTSD","Wald ratio",1,0.037,0.017,1.037,0.0299,NA,NA,NA,0.07284684
"EML3","Lymphocyte","PTSD","Wald ratio",1,0.267,0.123,1.306,0.0299,NA,NA,NA,0.07284684
"NKX2-3","Lymphocyte","PTSD","Wald ratio",1,-0.069,0.032,0.933,0.0299,NA,NA,NA,0.077969409
"UBXN6","Lymphocyte","PTSD","Wald ratio",1,0.036,0.016,1.036,0.0301,NA,NA,NA,0.071106276
"SLC7A14","Lymphocyte","PTSD","Wald ratio",1,-0.046,0.021,0.955,0.0303,NA,NA,NA,0.0770199
"FLJ39653","Lymphocyte","PTSD","Wald ratio",1,-0.043,0.02,0.958,0.0305,NA,NA,NA,0.087426418
"CD48","Lymphocyte","PTSD","Wald ratio",1,-0.066,0.031,0.936,0.0306,NA,NA,NA,0.080323309
"CHN1","Lymphocyte","PTSD","Wald ratio",1,0.035,0.016,1.036,0.0308,NA,NA,NA,0.069830629
"MIR548N","Lymphocyte","PTSD","Wald ratio",1,-0.048,0.022,0.953,0.0309,NA,NA,NA,0.081631133
"MKKS","Lymphocyte","PTSD","Wald ratio",1,0.044,0.02,1.045,0.031,NA,NA,NA,0.068942369
"RFC5","Lymphocyte","PTSD","Wald ratio",1,0.122,0.057,1.13,0.0311,NA,NA,NA,0.074638176
"PPP2R2C","Lymphocyte","PTSD","Wald ratio",1,-0.062,0.029,0.94,0.0313,NA,NA,NA,0.077961166
"LTBP1","Lymphocyte","PTSD","Wald ratio",1,-0.083,0.039,0.92,0.0314,NA,NA,NA,0.093598529
"UBE2K","Lymphocyte","PTSD","Wald ratio",1,-0.055,0.026,0.946,0.0316,NA,NA,NA,0.079048948
"PAH","Lymphocyte","PTSD","Wald ratio",1,0.079,0.037,1.083,0.0317,NA,NA,NA,0.071456463
"SFRS7","Lymphocyte","PTSD","Wald ratio",1,-0.073,0.034,0.929,0.0321,NA,NA,NA,0.072537918
"SNORD115-15","Lymphocyte","PTSD","Wald ratio",1,-0.062,0.029,0.94,0.0321,NA,NA,NA,0.116226746
"SNORD115-16","Lymphocyte","PTSD","Wald ratio",1,-0.084,0.039,0.919,0.0321,NA,NA,NA,0.116432405
"KIAA1737","Lymphocyte","PTSD","Wald ratio",1,0.043,0.02,1.044,0.0322,NA,NA,NA,0.067399406
"KCTD16","Lymphocyte","PTSD","Wald ratio",1,-0.033,0.015,0.967,0.0324,NA,NA,NA,0.067944346
"GNAI2","Lymphocyte","PTSD","Wald ratio",1,-0.076,0.036,0.926,0.0324,NA,NA,NA,0.100805531
"SEMA3B","Lymphocyte","PTSD","Wald ratio",1,-0.292,0.136,0.747,0.0324,NA,NA,NA,0.10080508
"TUSC4","Lymphocyte","PTSD","Wald ratio",1,-2.296,1.073,0.101,0.0324,NA,NA,NA,0.100805533
"HYAL2","Lymphocyte","PTSD","Wald ratio",1,-0.277,0.13,0.758,0.0324,NA,NA,NA,0.100805533
"SULT1C2","Lymphocyte","PTSD","Wald ratio",1,-0.036,0.017,0.965,0.0326,NA,NA,NA,0.068790378
"NRXN2","Lymphocyte","PTSD","Wald ratio",1,-0.062,0.029,0.94,0.0331,NA,NA,NA,0.080005934
"STK24","Lymphocyte","PTSD","Wald ratio",1,-0.052,0.024,0.949,0.0334,NA,NA,NA,0.069022152
"LOC732275","Lymphocyte","PTSD","Wald ratio",1,-0.055,0.026,0.946,0.0335,NA,NA,NA,0.087787926
"ACOX2","Lymphocyte","PTSD","Wald ratio",1,-0.079,0.037,0.924,0.0335,NA,NA,NA,0.119937585
"LOC285401","Lymphocyte","PTSD","Wald ratio",1,0.035,0.017,1.036,0.0336,NA,NA,NA,0.06628271
"WDR48","Lymphocyte","PTSD","Wald ratio",1,-0.087,0.041,0.917,0.0343,NA,NA,NA,0.119463049
"TTC21A","Lymphocyte","PTSD","Wald ratio",1,-2.329,1.1,0.097,0.0343,NA,NA,NA,0.119580119
"PPM1F","Lymphocyte","PTSD","Wald ratio",1,0.198,0.094,1.219,0.0343,NA,NA,NA,0.097820285
"SNRPN","Lymphocyte","PTSD","Wald ratio",1,-0.065,0.031,0.937,0.0343,NA,NA,NA,0.066769171
"BCL6","Lymphocyte","PTSD","Wald ratio",1,-0.036,0.017,0.965,0.0344,NA,NA,NA,0.067044328
"NLRP3","Lymphocyte","PTSD","Wald ratio",1,-0.071,0.034,0.932,0.0346,NA,NA,NA,0.074743607
"TFAP2A","Lymphocyte","PTSD","Wald ratio",1,-0.139,0.066,0.87,0.0347,NA,NA,NA,0.088037674
"C3orf20","Lymphocyte","PTSD","Wald ratio",1,-0.062,0.029,0.94,0.0351,NA,NA,NA,0.063340994
"ACTA1","Lymphocyte","ANXIETY","Wald ratio",1,0.289,0.137,1.335,0.0355,NA,NA,NA,0.009567279
"MED10","Lymphocyte","PTSD","Wald ratio",1,-0.167,0.079,0.846,0.0356,NA,NA,NA,0.061881354
"FLJ33360","Lymphocyte","PTSD","Wald ratio",1,-0.032,0.015,0.968,0.0356,NA,NA,NA,0.061881354
"MIR641","Lymphocyte","PTSD","Wald ratio",1,-0.043,0.02,0.958,0.0356,NA,NA,NA,0.062210158
"AKT2","Lymphocyte","PTSD","Wald ratio",1,-0.08,0.038,0.923,0.0356,NA,NA,NA,0.062210158
"UBAC1","Lymphocyte","PTSD","Wald ratio",1,-0.037,0.018,0.964,0.0357,NA,NA,NA,0.066577118
"SASH1","Lymphocyte","PTSD","Wald ratio",1,0.38,0.181,1.462,0.0358,NA,NA,NA,0.070258864
"TBX21","Lymphocyte","PTSD","Wald ratio",1,-0.146,0.07,0.864,0.0358,NA,NA,NA,0.063100888
"QSOX1","Lymphocyte","PTSD","Wald ratio",1,0.043,0.021,1.044,0.036,NA,NA,NA,0.071729508
"CREB5","Lymphocyte","PTSD","Inverse variance weighted",2,-0.059,0.028,0.943,0.036,NA,0.395140538,NA,0.081107697
"WDR51A","Lymphocyte","PTSD","Wald ratio",1,-1.194,0.571,0.303,0.0364,NA,NA,NA,0.109472357
"HINFP","Lymphocyte","PTSD","Wald ratio",1,0.073,0.035,1.075,0.0368,NA,NA,NA,0.060277529
"C2CD2L","Lymphocyte","PTSD","Wald ratio",1,0.122,0.058,1.13,0.0368,NA,NA,NA,0.060277906
"CYP51A1","Lymphocyte","PTSD","Wald ratio",1,1.745,0.839,5.723,0.0376,NA,NA,NA,0.06071291
"PLCB3","Lymphocyte","PTSD","Wald ratio",1,-0.035,0.017,0.966,0.0379,NA,NA,NA,0.063118112
"KCNK4","Lymphocyte","PTSD","Wald ratio",1,-0.123,0.059,0.885,0.0379,NA,NA,NA,0.063118823
"CCDC88B","Lymphocyte","PTSD","Wald ratio",1,-0.052,0.025,0.949,0.0379,NA,NA,NA,0.063118859
"BAD","Lymphocyte","PTSD","Wald ratio",1,-0.221,0.107,0.801,0.0379,NA,NA,NA,0.063118859
"TREH","Lymphocyte","PTSD","Wald ratio",1,0.065,0.031,1.067,0.0382,NA,NA,NA,0.069830381
"ZNF583","Lymphocyte","PTSD","Wald ratio",1,0.042,0.02,1.043,0.0383,NA,NA,NA,0.065540783
"ZNF835","Lymphocyte","PTSD","Wald ratio",1,0.26,0.126,1.297,0.0383,NA,NA,NA,0.065558629
"ZNF470","Lymphocyte","PTSD","Wald ratio",1,1.282,0.619,3.603,0.0383,NA,NA,NA,0.06555863
"VPS28","Lymphocyte","PTSD","Wald ratio",1,-0.051,0.025,0.95,0.0388,NA,NA,NA,0.058850207
"SLC39A4","Lymphocyte","PTSD","Wald ratio",1,-0.05,0.024,0.951,0.0388,NA,NA,NA,0.058850207
"CPSF1","Lymphocyte","PTSD","Wald ratio",1,-0.032,0.015,0.969,0.0388,NA,NA,NA,0.058850202
"ING2","Lymphocyte","PTSD","Wald ratio",1,-1.995,0.967,0.136,0.039,NA,NA,NA,0.076768942
"ASAP3","Lymphocyte","PTSD","Wald ratio",1,-0.047,0.023,0.954,0.0392,NA,NA,NA,0.073469311
"MAST4","Lymphocyte","PTSD","Wald ratio",1,-0.117,0.057,0.89,0.0397,NA,NA,NA,0.060536315
"CATSPER1","Lymphocyte","PTSD","Wald ratio",1,0.106,0.051,1.111,0.04,NA,NA,NA,0.056759424
"GAL3ST3","Lymphocyte","PTSD","Wald ratio",1,0.038,0.018,1.038,0.04,NA,NA,NA,0.05675956
"SLC1A1","Lymphocyte","PTSD","Wald ratio",1,1.141,0.556,3.129,0.0403,NA,NA,NA,0.066623072
"CHCHD6","Lymphocyte","PTSD","Wald ratio",1,0.095,0.046,1.099,0.0404,NA,NA,NA,0.073803103
"USH1C","Lymphocyte","PTSD","Wald ratio",1,-0.034,0.017,0.967,0.0407,NA,NA,NA,0.056318328
"FGFR2","Lymphocyte","PTSD","Wald ratio",1,0.032,0.016,1.032,0.0413,NA,NA,NA,0.054936183
"C1orf173","Lymphocyte","PTSD","Wald ratio",1,0.158,0.078,1.171,0.0414,NA,NA,NA,0.05656579
"EPSTI1","Lymphocyte","PTSD","Wald ratio",1,-0.037,0.018,0.964,0.0419,NA,NA,NA,0.064229493
"COL23A1","Lymphocyte","PTSD","Inverse variance weighted",2,-0.042,0.021,0.959,0.0422,NA,0.262071787,NA,0.01228848
"CA10","Lymphocyte","PTSD","Wald ratio",1,-0.429,0.211,0.651,0.0424,NA,NA,NA,0.060462759
"PLOD2","Lymphocyte","PTSD","Wald ratio",1,-0.032,0.016,0.968,0.0427,NA,NA,NA,0.054183129
"FAM177B","Lymphocyte","PTSD","Wald ratio",1,0.041,0.02,1.042,0.0428,NA,NA,NA,0.068127065
"TNFSF4","Lymphocyte","PTSD","Wald ratio",1,0.043,0.021,1.044,0.0429,NA,NA,NA,0.057638608
"API5","Lymphocyte","PTSD","Wald ratio",1,-0.079,0.039,0.924,0.0431,NA,NA,NA,0.061655089
"SLC5A8","Lymphocyte","PTSD","Wald ratio",1,0.05,0.025,1.051,0.0432,NA,NA,NA,0.064391435
"FOXP2","Lymphocyte","PTSD","Wald ratio",1,-0.031,0.015,0.97,0.0434,NA,NA,NA,0.053179598
"WASL","Lymphocyte","PTSD","Wald ratio",1,-0.043,0.021,0.958,0.0436,NA,NA,NA,0.061009679
"FOXP1","Lymphocyte","PTSD","Wald ratio",1,-0.043,0.021,0.958,0.0438,NA,NA,NA,0.065548103
"PTPRN2","Lymphocyte","PTSD","Weighted mode",8,-0.026,0.011,0.974,0.0439,0.021806204,0.035235529,0.75992596,0.033254043
"CYP2J2","Lymphocyte","PTSD","Wald ratio",1,-0.727,0.361,0.484,0.044,NA,NA,NA,0.093366648
"OLIG3","Lymphocyte","PTSD","Wald ratio",1,0.121,0.06,1.128,0.0448,NA,NA,NA,0.052151812
"CARD17","Lymphocyte","PTSD","Wald ratio",1,0.036,0.018,1.037,0.0448,NA,NA,NA,0.046498883
"TLE1","Lymphocyte","PTSD","Wald ratio",1,-0.037,0.019,0.964,0.0448,NA,NA,NA,0.054370704
"HSFYP1","Lymphocyte","PTSD","Wald ratio",1,0.037,0.019,1.038,0.0448,NA,NA,NA,0.05404659
"MYLK","Lymphocyte","PTSD","Inverse variance weighted",2,-0.053,0.026,0.949,0.0461,NA,0.106243957,NA,0.840529606
"EXOC2","Lymphocyte","PTSD","Wald ratio",1,-0.037,0.019,0.964,0.0462,NA,NA,NA,0.056221764
"TSSC1","Lymphocyte","PTSD","Wald ratio",1,-0.03,0.015,0.97,0.0463,NA,NA,NA,0.050189398
"C4orf31","Lymphocyte","PTSD","Wald ratio",1,-0.086,0.043,0.918,0.0464,NA,NA,NA,0.075371264
"ADAMTSL1","Lymphocyte","PTSD","Wald ratio",1,-0.037,0.018,0.964,0.0467,NA,NA,NA,0.059033474
"MGAT1","Lymphocyte","PTSD","Wald ratio",1,5.05,2.54,156.069,0.0468,NA,NA,NA,0.080999169
"SRD5A3","Lymphocyte","PTSD","Wald ratio",1,-0.637,0.321,0.529,0.0469,NA,NA,NA,0.051789548
"TMEM20","Lymphocyte","PTSD","Wald ratio",1,1.028,0.517,2.794,0.047,NA,NA,NA,0.050530724
"UNC13A","Lymphocyte","PTSD","Wald ratio",1,0.109,0.055,1.115,0.0474,NA,NA,NA,0.075620111
"BCR","Lymphocyte","PTSD","Wald ratio",1,0.063,0.032,1.065,0.0474,NA,NA,NA,0.055928256
"SEC14L4","Lymphocyte","PTSD","Wald ratio",1,-0.063,0.032,0.939,0.0475,NA,NA,NA,0.05591246
"SYNPO2L","Lymphocyte","PTSD","Wald ratio",1,0.053,0.027,1.054,0.0476,NA,NA,NA,0.068674856
"ZCCHC14","Lymphocyte","PTSD","Wald ratio",1,-0.039,0.02,0.962,0.0477,NA,NA,NA,0.049589253
"CDH22","Lymphocyte","PTSD","Wald ratio",1,-0.041,0.021,0.96,0.0483,NA,NA,NA,0.04852931
"FOSL2","Lymphocyte","PTSD","Wald ratio",1,-0.033,0.017,0.968,0.0485,NA,NA,NA,0.048648288
"PTPRN2","Lymphocyte","PTSD","Weighted median",8,-0.022,0.011,0.979,0.0488,0.021806204,0.035235529,0.75992596,0.033254043
"ANKFN1","Lymphocyte","PTSD","Wald ratio",1,-0.046,0.023,0.955,0.0491,NA,NA,NA,0.068092115
"MLLT6","Lymphocyte","PTSD","Wald ratio",1,0.558,0.284,1.747,0.0493,NA,NA,NA,0.056264742
"NLRP5","Lymphocyte","PTSD","Wald ratio",1,-0.044,0.022,0.957,0.0495,NA,NA,NA,0.053179137
"SIK1","Lymphocyte","PTSD","Wald ratio",1,0.38,0.194,1.463,0.0496,NA,NA,NA,0.082874746
"LTF","Lymphocyte","PTSD","Wald ratio",1,0.127,0.065,1.135,0.0497,NA,NA,NA,0.0518958
"LOC285696","Lymphocyte","PTSD","Wald ratio",1,-0.047,0.024,0.954,0.0508,NA,NA,NA,0.047171385
"ENPP6","Lymphocyte","PTSD","Inverse variance weighted",2,-0.03,0.015,0.97,0.0508,NA,0.389611371,NA,0.064758978
"TRPC6","Lymphocyte","PTSD","Wald ratio",1,-0.032,0.017,0.968,0.0509,NA,NA,NA,0.046550155
"SLC6A2","Lymphocyte","PTSD","Wald ratio",1,-0.067,0.034,0.935,0.051,NA,NA,NA,0.051658535
"GABBR1","Lymphocyte","PTSD","Wald ratio",1,0.064,0.033,1.066,0.0512,NA,NA,NA,0.0916201
"PRR15","Lymphocyte","PTSD","Wald ratio",1,0.055,0.028,1.056,0.0512,NA,NA,NA,0.061354779
"JAZF1","Lymphocyte","PTSD","Inverse variance weighted",2,-0.028,0.015,0.972,0.0513,NA,0.283214003,NA,0.012401148
"STIM2","Lymphocyte","PTSD","Wald ratio",1,0.154,0.079,1.167,0.0517,NA,NA,NA,0.04627369
"LOC400794","Lymphocyte","PTSD","Wald ratio",1,0.098,0.05,1.103,0.0517,NA,NA,NA,0.05142485
"SPAG4","Lymphocyte","PTSD","Wald ratio",1,-0.367,0.189,0.693,0.0522,NA,NA,NA,0.057456624
"ADAMTS14","Lymphocyte","PTSD","Wald ratio",1,-0.381,0.196,0.683,0.0524,NA,NA,NA,0.051176811
"LDB2","Lymphocyte","PTSD","Wald ratio",1,0.106,0.055,1.112,0.0528,NA,NA,NA,0.048330304
"PTGER2","Lymphocyte","PTSD","Wald ratio",1,-0.09,0.047,0.914,0.0535,NA,NA,NA,0.051949776
"MYPN","Lymphocyte","PTSD","Wald ratio",1,0.033,0.017,1.033,0.0536,NA,NA,NA,0.047455865
"AXIN1","Lymphocyte","PTSD","Wald ratio",1,-0.095,0.049,0.91,0.0538,NA,NA,NA,0.054191478
"PDIA2","Lymphocyte","PTSD","Wald ratio",1,-0.044,0.023,0.957,0.0538,NA,NA,NA,0.054077741
"LDHAL6A","Lymphocyte","PTSD","Inverse variance weighted",2,0.041,0.021,1.042,0.0539,NA,0.425201934,NA,0.020333661
"MPDU1","Lymphocyte","PTSD","Wald ratio",1,0.063,0.033,1.065,0.0543,NA,NA,NA,0.057133773
"SENP3","Lymphocyte","PTSD","Wald ratio",1,0.042,0.022,1.043,0.0543,NA,NA,NA,0.058044708
"TNFSF12","Lymphocyte","PTSD","Wald ratio",1,0.146,0.076,1.157,0.0543,NA,NA,NA,0.058044708
"SOX15","Lymphocyte","PTSD","Wald ratio",1,0.071,0.037,1.074,0.0543,NA,NA,NA,0.058044708
"ASTN2","Lymphocyte","PTSD","Wald ratio",1,-0.513,0.267,0.599,0.055,NA,NA,NA,0.063670296
"PF4","Lymphocyte","PTSD","Wald ratio",1,-0.047,0.025,0.954,0.0556,NA,NA,NA,0.066172509
"FREQ","Lymphocyte","PTSD","Wald ratio",1,-0.113,0.059,0.894,0.0556,NA,NA,NA,0.054164139
"PPAP2B","Lymphocyte","PTSD","Wald ratio",1,-0.04,0.021,0.961,0.0559,NA,NA,NA,0.046483203
"PALLD","Lymphocyte","PTSD","Inverse variance weighted",2,0.032,0.017,1.033,0.0564,NA,0.755716166,NA,0.040488031
"ESR1","Lymphocyte","PTSD","Wald ratio",1,-1.282,0.673,0.278,0.0567,NA,NA,NA,0.042956565
"SLC35B3","Lymphocyte","PTSD","Wald ratio",1,-1.029,0.54,0.357,0.0568,NA,NA,NA,0.053769324
"psiTPTE22","Lymphocyte","PTSD","Wald ratio",1,0.09,0.047,1.094,0.0571,NA,NA,NA,0.049930352
"PAPSS2","Lymphocyte","PTSD","Wald ratio",1,-0.031,0.016,0.97,0.0576,NA,NA,NA,0.042734954
"SPRED2","Lymphocyte","PTSD","Wald ratio",1,0.034,0.018,1.035,0.0576,NA,NA,NA,0.042422565
"C19orf48","Lymphocyte","PTSD","Wald ratio",1,-0.039,0.021,0.962,0.0581,NA,NA,NA,0.045878395
"KLK1","Lymphocyte","PTSD","Wald ratio",1,-0.041,0.021,0.96,0.0581,NA,NA,NA,0.045878395
"TBC1D8","Lymphocyte","PTSD","Inverse variance weighted",2,0.046,0.024,1.047,0.0583,NA,0.76336671,NA,0.010613491
"C7orf53","Lymphocyte","PTSD","Wald ratio",1,0.029,0.016,1.03,0.0589,NA,NA,NA,0.043006508
"NFATC1","Lymphocyte","PTSD","Wald ratio",1,0.053,0.028,1.054,0.0589,NA,NA,NA,0.045339605
"SUSD1","Lymphocyte","PTSD","Wald ratio",1,0.08,0.042,1.083,0.0591,NA,NA,NA,0.049353021
"ETS1","Lymphocyte","PTSD","Wald ratio",1,-0.034,0.018,0.967,0.0591,NA,NA,NA,0.042373452
"PRDM11","Lymphocyte","PTSD","Wald ratio",1,-0.061,0.032,0.941,0.0592,NA,NA,NA,0.042051627
"CSNK2A2","Lymphocyte","PTSD","Wald ratio",1,-0.064,0.034,0.938,0.0593,NA,NA,NA,0.073444406
"FAM38A","Lymphocyte","PTSD","Wald ratio",1,-0.216,0.115,0.805,0.06,NA,NA,NA,0.046223713
"RNF166","Lymphocyte","PTSD","Wald ratio",1,-0.035,0.018,0.966,0.06,NA,NA,NA,0.046223699
"SOAT2","Lymphocyte","PTSD","Wald ratio",1,0.066,0.035,1.068,0.0601,NA,NA,NA,0.066938685
"GKN1","Lymphocyte","PTSD","Wald ratio",1,0.104,0.055,1.109,0.0602,NA,NA,NA,0.088698063
"ZFYVE27","Lymphocyte","PTSD","Wald ratio",1,0.142,0.075,1.152,0.0603,NA,NA,NA,0.049305299
"ARV1","Lymphocyte","PTSD","Wald ratio",1,0.043,0.023,1.044,0.0606,NA,NA,NA,0.042321915
"AJAP1","Lymphocyte","PTSD","Inverse variance weighted",3,-0.034,0.018,0.966,0.0606,0.791618692,0.685312327,0.55964041,0.007497284
"HHIPL1","Lymphocyte","PTSD","Wald ratio",1,-0.099,0.053,0.906,0.0613,NA,NA,NA,0.046209718
"AFMID","Lymphocyte","PTSD","Wald ratio",1,0.081,0.044,1.085,0.0615,NA,NA,NA,0.082211656
"CCT2","Lymphocyte","PTSD","Wald ratio",1,-0.034,0.018,0.967,0.0617,NA,NA,NA,0.041219839
"ANXA6","Lymphocyte","PTSD","Wald ratio",1,0.05,0.027,1.051,0.0619,NA,NA,NA,0.040595307
"HMCN1","Lymphocyte","PTSD","Wald ratio",1,-0.034,0.018,0.967,0.062,NA,NA,NA,0.042308446
"SLC4A11","Lymphocyte","PTSD","Wald ratio",1,-0.045,0.024,0.956,0.0621,NA,NA,NA,0.040257574
"HDAC4","Lymphocyte","PTSD","Weighted median",3,-0.026,0.014,0.975,0.0623,0.470641186,0.068430149,0.271514971,0.552273022
"GLUL","Lymphocyte","PTSD","Wald ratio",1,-0.11,0.059,0.896,0.0623,NA,NA,NA,0.039622108
"ILF3","Lymphocyte","PTSD","Wald ratio",1,0.399,0.215,1.49,0.0638,NA,NA,NA,0.041365721
"ARID1B","Lymphocyte","PTSD","Wald ratio",1,0.038,0.021,1.039,0.0641,NA,NA,NA,0.043871256
"KCNA1","Lymphocyte","PTSD","Wald ratio",1,-0.066,0.036,0.936,0.0643,NA,NA,NA,0.038674941
"RALBP1","Lymphocyte","PTSD","Wald ratio",1,0.059,0.032,1.061,0.0647,NA,NA,NA,0.039475137
"SKI","Lymphocyte","PTSD","Wald ratio",1,0.06,0.032,1.062,0.0648,NA,NA,NA,0.056133232
"CDH6","Lymphocyte","PTSD","Wald ratio",1,0.033,0.018,1.034,0.065,NA,NA,NA,0.038838371
"C11orf75","Lymphocyte","PTSD","Wald ratio",1,-0.105,0.057,0.9,0.065,NA,NA,NA,0.063882904
"C16orf72","Lymphocyte","PTSD","Wald ratio",1,0.439,0.239,1.552,0.0664,NA,NA,NA,0.047624681
"MADCAM1","Lymphocyte","PTSD","Wald ratio",1,-0.068,0.037,0.934,0.0664,NA,NA,NA,0.047615899
"C2orf63","Lymphocyte","PTSD","Wald ratio",1,-0.039,0.021,0.961,0.0665,NA,NA,NA,0.043138179
"CXCR2","Lymphocyte","PTSD","Wald ratio",1,0.041,0.022,1.042,0.0669,NA,NA,NA,0.037957228
"LHFP","Lymphocyte","PTSD","Wald ratio",1,-0.03,0.017,0.97,0.0671,NA,NA,NA,0.036237985
"RAPGEF2","Lymphocyte","PTSD","Wald ratio",1,0.053,0.029,1.055,0.0672,NA,NA,NA,0.038750284
"COCH","Lymphocyte","PTSD","Wald ratio",1,0.208,0.114,1.231,0.0673,NA,NA,NA,0.054716227
"SEMA5B","Lymphocyte","PTSD","Wald ratio",1,0.084,0.046,1.087,0.0679,NA,NA,NA,0.054589724
"UBE2L6","Lymphocyte","PTSD","Wald ratio",1,-0.042,0.023,0.958,0.0681,NA,NA,NA,0.041170366
"SERPING1","Lymphocyte","PTSD","Wald ratio",1,-0.065,0.036,0.937,0.0681,NA,NA,NA,0.041170368
"MIR130A","Lymphocyte","PTSD","Wald ratio",1,-0.042,0.023,0.959,0.0681,NA,NA,NA,0.041170368
"ZMYND15","Lymphocyte","PTSD","Wald ratio",1,0.045,0.025,1.046,0.0682,NA,NA,NA,0.039719459
"C1GALT1","Lymphocyte","PTSD","Wald ratio",1,0.044,0.024,1.045,0.0683,NA,NA,NA,0.057112131
"ABCB5","Lymphocyte","PTSD","Wald ratio",1,-0.037,0.02,0.963,0.0685,NA,NA,NA,0.049396408
"LMBRD1","Lymphocyte","PTSD","Wald ratio",1,-0.066,0.037,0.936,0.0689,NA,NA,NA,0.037058303
"CDC7","Lymphocyte","PTSD","Wald ratio",1,-0.039,0.022,0.962,0.0691,NA,NA,NA,0.036768947
"ASCC3","Lymphocyte","PTSD","Wald ratio",1,-0.791,0.435,0.453,0.0691,NA,NA,NA,0.036746341
"ANAPC4","Lymphocyte","PTSD","Inverse variance weighted",2,-0.093,0.051,0.911,0.0696,NA,0.700197834,NA,0.012586765
"SETMAR","Lymphocyte","PTSD","Wald ratio",1,0.059,0.032,1.06,0.0697,NA,NA,NA,0.070156166
"ODZ4","Lymphocyte","PTSD","Inverse variance weighted",2,-0.04,0.022,0.961,0.0701,NA,0.986483549,NA,0.013341386
"GLRB","Lymphocyte","PTSD","Wald ratio",1,0.057,0.031,1.058,0.0703,NA,NA,NA,0.049025737
"LAMA1","Lymphocyte","PTSD","Wald ratio",1,-0.09,0.05,0.914,0.0711,NA,NA,NA,0.0486098
"BCL2L15","Lymphocyte","PTSD","Wald ratio",1,-0.035,0.02,0.965,0.0715,NA,NA,NA,0.03784379
"ZNF486","Lymphocyte","PTSD","Wald ratio",1,0.763,0.423,2.144,0.0715,NA,NA,NA,0.043381704
"ANKRD1","Lymphocyte","PTSD","Wald ratio",1,0.028,0.015,1.028,0.0723,NA,NA,NA,0.035478507
"KIT","Lymphocyte","PTSD","Wald ratio",1,-0.046,0.026,0.955,0.0725,NA,NA,NA,0.035163902
"ADAMTS3","Lymphocyte","PTSD","Wald ratio",1,-0.49,0.273,0.613,0.0727,NA,NA,NA,0.0382432
"WDYHV1","Lymphocyte","PTSD","Wald ratio",1,-0.194,0.108,0.823,0.0729,NA,NA,NA,0.036818041
"AHR","Lymphocyte","PTSD","Wald ratio",1,-0.032,0.018,0.968,0.0731,NA,NA,NA,0.04176909
"TRIM24","Lymphocyte","PTSD","Wald ratio",1,-0.039,0.022,0.962,0.0731,NA,NA,NA,0.038050691
"CMIP","Lymphocyte","PTSD","Inverse variance weighted",2,-0.037,0.021,0.964,0.074,NA,0.126197114,NA,0.422069185
"TMEM132D","Lymphocyte","PTSD","Weighted median",3,0.026,0.014,1.026,0.0741,0.155508289,0.354260912,0.893006039,0.028499784
"ST8SIA4","Lymphocyte","PTSD","Wald ratio",1,0.11,0.062,1.117,0.0742,NA,NA,NA,0.041093246
"TBXAS1","Lymphocyte","PTSD","Wald ratio",1,0.049,0.027,1.05,0.0742,NA,NA,NA,0.043006767
"BCL2L14","Lymphocyte","PTSD","Inverse variance weighted",2,-0.032,0.018,0.968,0.0747,NA,0.618408153,NA,0.012110519
"IQSEC1","Lymphocyte","PTSD","Wald ratio",1,-0.034,0.019,0.966,0.0748,NA,NA,NA,0.034943215
"IFLTD1","Lymphocyte","PTSD","Wald ratio",1,-0.038,0.021,0.963,0.0749,NA,NA,NA,0.041001034
"IGF2BP1","Lymphocyte","PTSD","Wald ratio",1,0.037,0.021,1.038,0.0753,NA,NA,NA,0.034574246
"CLMN","Lymphocyte","PTSD","Wald ratio",1,0.091,0.051,1.095,0.0756,NA,NA,NA,0.066566256
"YWHAZ","Lymphocyte","PTSD","Wald ratio",1,0.105,0.059,1.111,0.0757,NA,NA,NA,0.035105888
"SPAG17","Lymphocyte","PTSD","Wald ratio",1,-0.081,0.046,0.922,0.0757,NA,NA,NA,0.067954898
"MRGPRX4","Lymphocyte","PTSD","Wald ratio",1,0.029,0.016,1.03,0.0762,NA,NA,NA,0.034485009
"MRGPRX3","Lymphocyte","PTSD","Wald ratio",1,0.034,0.019,1.035,0.0762,NA,NA,NA,0.034359843
"GJB6","Lymphocyte","PTSD","Wald ratio",1,-0.054,0.031,0.947,0.0763,NA,NA,NA,0.053494628
"AEBP1","Lymphocyte","PTSD","Wald ratio",1,-0.036,0.02,0.965,0.0765,NA,NA,NA,0.037786086
"GCK","Lymphocyte","PTSD","Wald ratio",1,-0.032,0.018,0.969,0.0765,NA,NA,NA,0.037786087
"chrND","Lymphocyte","PTSD","Wald ratio",1,-0.033,0.019,0.967,0.077,NA,NA,NA,0.038020544
"chrNG","Lymphocyte","PTSD","Wald ratio",1,-0.039,0.022,0.962,0.077,NA,NA,NA,0.037982284
"SDC2","Lymphocyte","PTSD","Wald ratio",1,-0.032,0.018,0.969,0.077,NA,NA,NA,0.037998741
"MUC20","Lymphocyte","PTSD","Inverse variance weighted",2,-0.029,0.016,0.972,0.0773,NA,0.705631965,NA,0.028914431
"VWA2","Lymphocyte","PTSD","Wald ratio",1,0.038,0.021,1.039,0.0775,NA,NA,NA,0.033792585
"TDRD1","Lymphocyte","PTSD","Wald ratio",1,0.032,0.018,1.032,0.0775,NA,NA,NA,0.033792551
"FGF7","Lymphocyte","PTSD","Wald ratio",1,-0.032,0.018,0.968,0.0777,NA,NA,NA,0.03903983
"C15orf33","Lymphocyte","PTSD","Wald ratio",1,-0.039,0.022,0.962,0.0777,NA,NA,NA,0.03903983
"SLC27A2","Lymphocyte","PTSD","Wald ratio",1,-0.653,0.37,0.52,0.0777,NA,NA,NA,0.03903983
"RUNX1","Lymphocyte","PTSD","Wald ratio",1,0.094,0.053,1.098,0.0779,NA,NA,NA,0.047308068
"PITPNM3","Lymphocyte","PTSD","Wald ratio",1,0.057,0.032,1.059,0.078,NA,NA,NA,0.035978641
"KCNQ4","Lymphocyte","PTSD","Wald ratio",1,-0.199,0.113,0.819,0.0787,NA,NA,NA,0.04954043
"CYP19A1","Lymphocyte","PTSD","Wald ratio",1,-0.043,0.024,0.958,0.0788,NA,NA,NA,0.049286099
"GAS2L1","Lymphocyte","PTSD","Wald ratio",1,-0.043,0.025,0.958,0.0788,NA,NA,NA,0.044292368
"PLEKHA2","Lymphocyte","PTSD","Wald ratio",1,-0.068,0.039,0.934,0.079,NA,NA,NA,0.033104483
"DAZAP2","Lymphocyte","PTSD","Wald ratio",1,0.029,0.017,1.03,0.0796,NA,NA,NA,0.03417183
"POU6F1","Lymphocyte","PTSD","Wald ratio",1,0.043,0.024,1.044,0.0796,NA,NA,NA,0.03417183
"PNMA2","Lymphocyte","PTSD","Wald ratio",1,0.358,0.204,1.43,0.0798,NA,NA,NA,0.033033877
"CDKAL1","Lymphocyte","PTSD","Wald ratio",1,0.058,0.033,1.06,0.0801,NA,NA,NA,0.065702361
"SLC25A41","Lymphocyte","PTSD","Wald ratio",1,0.031,0.018,1.031,0.0801,NA,NA,NA,0.035230949
"NTM","Lymphocyte","PTSD","Weighted median",5,-0.021,0.012,0.979,0.0804,0.160007013,0.270357513,0.969788004,0.008301075
"PAPSS1","Lymphocyte","PTSD","Wald ratio",1,-0.046,0.026,0.955,0.0806,NA,NA,NA,0.054102946
"LOC100133669","Lymphocyte","PTSD","Wald ratio",1,0.029,0.016,1.029,0.0807,NA,NA,NA,0.032979208
"LRMP","Lymphocyte","PTSD","Wald ratio",1,0.029,0.017,1.03,0.0807,NA,NA,NA,0.034615651
"SEMA4D","Lymphocyte","PTSD","Wald ratio",1,0.033,0.019,1.034,0.0809,NA,NA,NA,0.0384464
"SDSL","Lymphocyte","PTSD","Wald ratio",1,0.158,0.091,1.171,0.0814,NA,NA,NA,0.056464348
"SDS","Lymphocyte","PTSD","Wald ratio",1,0.122,0.07,1.129,0.0814,NA,NA,NA,0.056464348
"LOC651250","Lymphocyte","PTSD","Wald ratio",1,-0.829,0.476,0.437,0.0818,NA,NA,NA,0.038903195
"CWF19L2","Lymphocyte","PTSD","Wald ratio",1,0.726,0.418,2.067,0.0819,NA,NA,NA,0.066969162
"FHIT","Lymphocyte","PTSD","Wald ratio",1,-0.029,0.016,0.972,0.0821,NA,NA,NA,0.031425166
"SERPINA1","Lymphocyte","PTSD","Wald ratio",1,-0.032,0.018,0.969,0.0822,NA,NA,NA,0.031524713
"ARHGEF3","Lymphocyte","PTSD","Wald ratio",1,-0.072,0.041,0.93,0.0823,NA,NA,NA,0.05087565
"MMD2","Lymphocyte","PTSD","Wald ratio",1,-0.053,0.03,0.948,0.0824,NA,NA,NA,0.032830626
"DPY19L1","Lymphocyte","PTSD","Wald ratio",1,-0.063,0.036,0.939,0.0825,NA,NA,NA,0.032000738
"C2orf74","Lymphocyte","PTSD","Wald ratio",1,-0.028,0.016,0.972,0.0826,NA,NA,NA,0.034205483
"PRKDC","Lymphocyte","PTSD","Wald ratio",1,0.06,0.034,1.062,0.0827,NA,NA,NA,0.066790025
"FAM45B","Lymphocyte","PTSD","Wald ratio",1,0.122,0.07,1.129,0.0834,NA,NA,NA,0.031939087
"OSBPL2","Lymphocyte","PTSD","Wald ratio",1,0.027,0.016,1.027,0.0837,NA,NA,NA,0.031639979
"LAMA5","Lymphocyte","PTSD","Wald ratio",1,0.056,0.032,1.058,0.0837,NA,NA,NA,0.031639979
"FAM5B","Lymphocyte","PTSD","Wald ratio",1,-0.116,0.067,0.89,0.0843,NA,NA,NA,0.051399932
"HSP90AB1","Lymphocyte","PTSD","Wald ratio",1,0.15,0.087,1.162,0.0844,NA,NA,NA,0.034620192
"AJAP1","Lymphocyte","PTSD","Weighted median",3,-0.036,0.021,0.965,0.0849,0.791618692,0.685312327,0.55964041,0.007497284
"DDIT4L","Lymphocyte","PTSD","Wald ratio",1,0.032,0.018,1.032,0.085,NA,NA,NA,0.037577722
"CNBD1","Lymphocyte","PTSD","Wald ratio",1,-0.088,0.051,0.916,0.0856,NA,NA,NA,0.053490669
"APCDD1","Lymphocyte","PTSD","Wald ratio",1,0.081,0.047,1.084,0.0858,NA,NA,NA,0.033982388
"FLRT2","Lymphocyte","PTSD","Inverse variance weighted",2,-0.054,0.032,0.947,0.0877,NA,0.238481537,NA,0.035280605
"CPA6","Lymphocyte","PTSD","Wald ratio",1,0.042,0.025,1.043,0.0877,NA,NA,NA,0.038178781
"WIPI2","Lymphocyte","PTSD","Wald ratio",1,0.06,0.035,1.062,0.088,NA,NA,NA,0.039226738
"EFR3A","Lymphocyte","PTSD","Wald ratio",1,-0.727,0.427,0.484,0.0885,NA,NA,NA,0.038650183
"KCNQ5","Lymphocyte","PTSD","Wald ratio",1,-0.104,0.061,0.901,0.0886,NA,NA,NA,0.030256586
"LRDD","Lymphocyte","PTSD","Wald ratio",1,-0.315,0.185,0.73,0.0886,NA,NA,NA,0.030256367
"CEND1","Lymphocyte","PTSD","Wald ratio",1,-0.027,0.016,0.973,0.0886,NA,NA,NA,0.030256367
"OR2L13","Lymphocyte","PTSD","Wald ratio",1,-0.03,0.018,0.97,0.0889,NA,NA,NA,0.031347097
"KIAA1217","Lymphocyte","PTSD","Inverse variance weighted",3,0.04,0.024,1.041,0.0893,0.271365668,0.445168582,0.66479745,0.017604918
"PTGFRN","Lymphocyte","PTSD","Wald ratio",1,0.027,0.016,1.028,0.0897,NA,NA,NA,0.021508314
"DAPK1","Lymphocyte","PTSD","Wald ratio",1,-0.064,0.038,0.938,0.0903,NA,NA,NA,0.02962291
"TNS3","Lymphocyte","PTSD","Inverse variance weighted",2,0.029,0.017,1.03,0.0903,NA,0.20237537,NA,0.094868073
"HTRA3","Lymphocyte","PTSD","Wald ratio",1,0.033,0.02,1.034,0.0908,NA,NA,NA,0.029886328
"HECW2","Lymphocyte","PTSD","Inverse variance weighted",2,-0.034,0.02,0.967,0.0913,NA,0.527716081,NA,0.012215425
"ZMIZ1","Lymphocyte","PTSD","Weighted median",3,-0.026,0.016,0.974,0.0914,0.207576686,0.093980768,0.393510342,0.013446346
"FAM41C","Lymphocyte","PTSD","Wald ratio",1,-0.219,0.13,0.804,0.0915,NA,NA,NA,0.04574267
"AMBP","Lymphocyte","PTSD","Wald ratio",1,0.125,0.074,1.133,0.0919,NA,NA,NA,0.037942681
"TNIK","Lymphocyte","PTSD","Inverse variance weighted",2,0.024,0.015,1.025,0.0923,NA,0.757654167,NA,0.018302653
"TMEM132B","Lymphocyte","PTSD","Wald ratio",1,0.027,0.016,1.027,0.093,NA,NA,NA,0.029530033
"LOC153328","Lymphocyte","PTSD","Wald ratio",1,0.029,0.017,1.029,0.0934,NA,NA,NA,0.029790639
"ALG10B","Lymphocyte","PTSD","Wald ratio",1,-0.261,0.156,0.77,0.0938,NA,NA,NA,0.028952579
"POU2AF1","Lymphocyte","PTSD","Wald ratio",1,-0.401,0.241,0.669,0.0956,NA,NA,NA,0.032716025
"FAM57A","Lymphocyte","PTSD","Wald ratio",1,-0.069,0.042,0.933,0.0956,NA,NA,NA,0.028901153
"LDHAL6A","Lymphocyte","PTSD","Wald ratio",1,0.041,0.025,1.042,0.0956,NA,NA,NA,0.036978908
"LDHC","Lymphocyte","PTSD","Wald ratio",1,0.035,0.021,1.035,0.0956,NA,NA,NA,0.036978908
"PDLIM2","Lymphocyte","PTSD","Wald ratio",1,0.067,0.04,1.069,0.096,NA,NA,NA,0.030262726
"C8orf58","Lymphocyte","PTSD","Wald ratio",1,0.692,0.416,1.998,0.096,NA,NA,NA,0.030262726
"STL","Lymphocyte","PTSD","Wald ratio",1,0.188,0.113,1.207,0.0962,NA,NA,NA,0.038544849
"HMOX2","Lymphocyte","PTSD","Wald ratio",1,0.759,0.457,2.137,0.0964,NA,NA,NA,0.032151669
"NMRAL1","Lymphocyte","PTSD","Wald ratio",1,0.05,0.03,1.051,0.0964,NA,NA,NA,0.032151669
"CLDN18","Lymphocyte","PTSD","Wald ratio",1,-0.041,0.025,0.959,0.0968,NA,NA,NA,0.041124682
"OLFML2A","Lymphocyte","PTSD","Wald ratio",1,0.037,0.022,1.038,0.0969,NA,NA,NA,0.028594958
"ATG7","Lymphocyte","PTSD","Wald ratio",1,0.051,0.031,1.052,0.0973,NA,NA,NA,0.036657443
"COL16A1","Lymphocyte","PTSD","Wald ratio",1,-0.109,0.066,0.897,0.0974,NA,NA,NA,0.028307044
"GALNT1","Lymphocyte","PTSD","Wald ratio",1,0.065,0.039,1.067,0.0981,NA,NA,NA,0.04388976
"CXCR7","Lymphocyte","PTSD","Wald ratio",1,0.688,0.416,1.99,0.0982,NA,NA,NA,0.03848053
"KIF21B","Lymphocyte","PTSD","Wald ratio",1,0.029,0.017,1.029,0.0983,NA,NA,NA,0.027745925
"MOCS2","Lymphocyte","PTSD","Wald ratio",1,0.605,0.366,1.831,0.0986,NA,NA,NA,0.052239008
"CCDC102B","Lymphocyte","PTSD","Wald ratio",1,-0.048,0.029,0.953,0.0986,NA,NA,NA,0.037157757
"TRAK1","Lymphocyte","PTSD","Inverse variance weighted",3,-0.022,0.013,0.978,0.0988,0.695412333,0.286864986,0.368332766,0.008332295
"CLEC1A","Lymphocyte","PTSD","Wald ratio",1,-0.033,0.02,0.968,0.099,NA,NA,NA,0.02883675
"AGXT2L1","Lymphocyte","PTSD","Wald ratio",1,-0.056,0.034,0.946,0.0992,NA,NA,NA,0.040524631
"PCDH8","Lymphocyte","PTSD","Wald ratio",1,-0.072,0.044,0.931,0.0995,NA,NA,NA,0.034995274
"GDF9","Lymphocyte","PTSD","Wald ratio",1,0.025,0.015,1.026,0.0996,NA,NA,NA,0.027997961
"EIF2C2","Lymphocyte","PTSD","Wald ratio",1,0.039,0.023,1.039,0.1,NA,NA,NA,0.028829082
"NBPF22P","Lymphocyte","PTSD","Wald ratio",1,0.056,0.034,1.058,0.1,NA,NA,NA,0.045064096
"GALNT3","Lymphocyte","PTSD","Wald ratio",1,0.248,0.151,1.281,0.101,NA,NA,NA,0.040997802
"C6orf174","Lymphocyte","PTSD","Inverse variance weighted",2,-0.03,0.018,0.97,0.101,NA,0.913538158,NA,0.017680227
"RPH3AL","Lymphocyte","PTSD","Wald ratio",1,0.041,0.025,1.042,0.101,NA,NA,NA,0.037611152
"PDE4B","Lymphocyte","PTSD","Wald ratio",1,0.316,0.193,1.371,0.101,NA,NA,NA,0.029061985
"SFRP1","Lymphocyte","PTSD","Inverse variance weighted",2,0.031,0.019,1.032,0.102,NA,0.768739663,NA,0.009646706
"TARS","Lymphocyte","PTSD","Wald ratio",1,-0.119,0.073,0.888,0.102,NA,NA,NA,0.027684047
"PLXNC1","Lymphocyte","PTSD","Wald ratio",1,0.033,0.02,1.034,0.102,NA,NA,NA,0.033640179
"SLC47A1","Lymphocyte","PTSD","Wald ratio",1,0.045,0.027,1.046,0.102,NA,NA,NA,0.028743498
"MTUS2","Lymphocyte","PTSD","Wald ratio",1,0.035,0.022,1.036,0.103,NA,NA,NA,0.026852808
"FAM46C","Lymphocyte","PTSD","Wald ratio",1,0.069,0.042,1.071,0.103,NA,NA,NA,0.055332409
"C12orf75","Lymphocyte","PTSD","Wald ratio",1,-0.535,0.329,0.585,0.103,NA,NA,NA,0.026838476
"ITGA1","Lymphocyte","PTSD","Wald ratio",1,-0.031,0.019,0.97,0.104,NA,NA,NA,0.030394051
"SIRT6","Lymphocyte","PTSD","Wald ratio",1,-0.36,0.222,0.697,0.104,NA,NA,NA,0.041188183
"TP53I3","Lymphocyte","PTSD","Wald ratio",1,0.73,0.449,2.075,0.104,NA,NA,NA,0.051312412
"ITSN2","Lymphocyte","PTSD","Wald ratio",1,1.223,0.752,3.396,0.104,NA,NA,NA,0.051312412
"S100P","Lymphocyte","PTSD","Wald ratio",1,0.049,0.03,1.051,0.105,NA,NA,NA,0.029844106
"LOC93622","Lymphocyte","PTSD","Wald ratio",1,0.056,0.035,1.058,0.105,NA,NA,NA,0.029844106
"ARPP-21","Lymphocyte","PTSD","Wald ratio",1,0.051,0.031,1.052,0.105,NA,NA,NA,0.039380366
"CHMP4B","Lymphocyte","PTSD","Wald ratio",1,0.028,0.017,1.029,0.105,NA,NA,NA,0.026561531
"ATP8A2","Lymphocyte","PTSD","Simple mode",3,0.044,0.015,1.045,0.105,0.372227858,0.66391936,0.90423213,0.007992221
"HLA-DOB","Lymphocyte","PTSD","Wald ratio",1,-0.028,0.017,0.973,0.105,NA,NA,NA,0.029840174
"TAP2","Lymphocyte","PTSD","Wald ratio",1,-0.032,0.02,0.968,0.105,NA,NA,NA,0.029840174
"FNIP2","Lymphocyte","PTSD","Wald ratio",1,-0.046,0.028,0.955,0.106,NA,NA,NA,0.026551801
"EEPD1","Lymphocyte","PTSD","Inverse variance weighted",2,0.047,0.029,1.048,0.106,NA,0.663669984,NA,0.009856482
"HDAC4","Lymphocyte","PTSD","Inverse variance weighted",3,-0.028,0.018,0.972,0.106,0.470641186,0.068430149,0.271514971,0.552273022
"TMPRSS3","Lymphocyte","PTSD","Wald ratio",1,-0.072,0.045,0.931,0.107,NA,NA,NA,0.028741286
"ERCC4","Lymphocyte","PTSD","Wald ratio",1,0.185,0.115,1.203,0.107,NA,NA,NA,0.027382058
"B3GNT3","Lymphocyte","PTSD","Wald ratio",1,-0.077,0.047,0.926,0.107,NA,NA,NA,0.041916484
"KIAA1217","Lymphocyte","PTSD","Weighted median",3,0.04,0.025,1.04,0.107,0.271365668,0.445168582,0.66479745,0.017604918
"HAND2","Lymphocyte","PTSD","Wald ratio",1,-0.575,0.357,0.563,0.107,NA,NA,NA,0.02764876
"NBLA00301","Lymphocyte","PTSD","Wald ratio",1,-0.028,0.018,0.972,0.107,NA,NA,NA,0.027648914
"STX17","Lymphocyte","PTSD","Wald ratio",1,-0.538,0.334,0.584,0.107,NA,NA,NA,0.027648914
"PRR5","Lymphocyte","PTSD","Wald ratio",1,0.041,0.026,1.042,0.107,NA,NA,NA,0.03305714
"CYBRD1","Lymphocyte","PTSD","Wald ratio",1,-0.168,0.104,0.845,0.108,NA,NA,NA,0.029022722
"ZBTB2","Lymphocyte","PTSD","Wald ratio",1,-0.078,0.049,0.925,0.108,NA,NA,NA,0.046898008
"ABCD4","Lymphocyte","PTSD","Wald ratio",1,-0.039,0.024,0.962,0.108,NA,NA,NA,0.026559144
"PEX14","Lymphocyte","PTSD","Wald ratio",1,0.098,0.061,1.103,0.108,NA,NA,NA,0.034392893
"TGM6","Lymphocyte","PTSD","Wald ratio",1,-0.058,0.036,0.944,0.109,NA,NA,NA,0.041395312
"C4orf39","Lymphocyte","PTSD","Wald ratio",1,-0.063,0.039,0.939,0.109,NA,NA,NA,0.034650028
"TRIM61","Lymphocyte","PTSD","Wald ratio",1,-0.471,0.294,0.624,0.109,NA,NA,NA,0.034649867
"TRIM60","Lymphocyte","PTSD","Wald ratio",1,-0.037,0.023,0.964,0.109,NA,NA,NA,0.025635457
"SH3BP5","Lymphocyte","PTSD","Wald ratio",1,0.097,0.061,1.102,0.11,NA,NA,NA,0.038042407
"SCML4","Lymphocyte","PTSD","Wald ratio",1,-0.037,0.023,0.963,0.11,NA,NA,NA,0.034137426
"MFSD9","Lymphocyte","PTSD","Wald ratio",1,-0.029,0.018,0.971,0.11,NA,NA,NA,0.030383307
"ANXA5","Lymphocyte","PTSD","Wald ratio",1,2.614,1.636,13.657,0.11,NA,NA,NA,0.038496918
"COG5","Lymphocyte","PTSD","Wald ratio",1,0.035,0.022,1.036,0.11,NA,NA,NA,0.02984414
"AGT","Lymphocyte","PTSD","Wald ratio",1,-0.079,0.049,0.924,0.11,NA,NA,NA,0.029303814
"CHD9","Lymphocyte","PTSD","Wald ratio",1,-0.847,0.531,0.429,0.111,NA,NA,NA,0.029034506
"LOC727677","Lymphocyte","PTSD","Wald ratio",1,0.041,0.026,1.042,0.111,NA,NA,NA,0.040899565
"BMF","Lymphocyte","PTSD","Wald ratio",1,-0.13,0.081,0.878,0.111,NA,NA,NA,0.027683563
"REEP3","Lymphocyte","PTSD","Wald ratio",1,1.018,0.639,2.766,0.111,NA,NA,NA,0.025205708
"MATN4","Lymphocyte","PTSD","Wald ratio",1,-0.064,0.04,0.938,0.112,NA,NA,NA,0.029856089
"RCL1","Lymphocyte","PTSD","Wald ratio",1,-0.082,0.052,0.921,0.113,NA,NA,NA,0.034680637
"SIGMAR1","Lymphocyte","PTSD","Wald ratio",1,-1.432,0.904,0.239,0.113,NA,NA,NA,0.041418983
"IL11RA","Lymphocyte","PTSD","Wald ratio",1,-0.112,0.07,0.894,0.113,NA,NA,NA,0.041418983
"GALT","Lymphocyte","PTSD","Wald ratio",1,-0.334,0.211,0.716,0.113,NA,NA,NA,0.041418983
"DUSP6","Lymphocyte","PTSD","Wald ratio",1,-0.5,0.316,0.607,0.113,NA,NA,NA,0.048112031
"ADAMTS2","Lymphocyte","PTSD","Inverse variance weighted",5,-0.014,0.009,0.986,0.114,0.895312549,0.651761875,0.266412333,0.007826423
"TCP11L1","Lymphocyte","PTSD","Wald ratio",1,-0.23,0.145,0.795,0.114,NA,NA,NA,0.026330121
"LMO3","Lymphocyte","PTSD","Wald ratio",1,0.055,0.035,1.056,0.114,NA,NA,NA,0.028527289
"ACLY","Lymphocyte","PTSD","Wald ratio",1,-0.145,0.092,0.865,0.114,NA,NA,NA,0.042946624
"CCNYL1","Lymphocyte","PTSD","Wald ratio",1,0.06,0.038,1.062,0.115,NA,NA,NA,0.050756188
"TBK1","Lymphocyte","PTSD","Wald ratio",1,0.05,0.031,1.051,0.116,NA,NA,NA,0.038651069
"ACADM","Lymphocyte","PTSD","Wald ratio",1,-0.024,0.015,0.976,0.116,NA,NA,NA,0.024965921
"SSH3","Lymphocyte","PTSD","Wald ratio",1,0.141,0.09,1.152,0.116,NA,NA,NA,0.050765623
"ATPGD1","Lymphocyte","PTSD","Wald ratio",1,3.006,1.912,20.204,0.116,NA,NA,NA,0.050765623
"ABAT","Lymphocyte","PTSD","Inverse variance weighted",2,0.028,0.018,1.029,0.116,NA,0.887690349,NA,0.027789992
"ACCN4","Lymphocyte","PTSD","Wald ratio",1,-0.031,0.02,0.97,0.117,NA,NA,NA,0.024974232
"PSD3","Lymphocyte","PTSD","Inverse variance weighted",2,-0.032,0.02,0.968,0.117,NA,0.190021702,NA,0.032976229
"VPS4A","Lymphocyte","PTSD","Wald ratio",1,-0.271,0.173,0.763,0.117,NA,NA,NA,0.026098164
"PDF","Lymphocyte","PTSD","Wald ratio",1,-0.036,0.023,0.965,0.117,NA,NA,NA,0.026094432
"EAPP","Lymphocyte","PTSD","Wald ratio",1,-0.026,0.016,0.975,0.117,NA,NA,NA,0.024997124
"SLC6A3","Lymphocyte","PTSD","Wald ratio",1,-0.039,0.025,0.962,0.118,NA,NA,NA,0.036360632
"COL4A2","Lymphocyte","PTSD","Weighted median",3,-0.025,0.016,0.976,0.119,0.00817109,0.026474802,0.877054419,0.054873095
"FAM53B","Lymphocyte","PTSD","Wald ratio",1,0.034,0.022,1.035,0.119,NA,NA,NA,0.024183596
"APOL3","Lymphocyte","PTSD","Wald ratio",1,-0.032,0.021,0.968,0.119,NA,NA,NA,0.024466029
"DNALI1","Lymphocyte","PTSD","Wald ratio",1,0.069,0.045,1.072,0.119,NA,NA,NA,0.024199525
"FAM174B","Lymphocyte","PTSD","Wald ratio",1,0.052,0.034,1.054,0.12,NA,NA,NA,0.027825151
"C9orf66","Lymphocyte","PTSD","Wald ratio",1,0.568,0.366,1.765,0.12,NA,NA,NA,0.024222656
"DAGLA","Lymphocyte","PTSD","Wald ratio",1,-0.035,0.023,0.966,0.12,NA,NA,NA,0.033488329
"TNFRSF11B","Lymphocyte","PTSD","Wald ratio",1,-0.106,0.068,0.899,0.12,NA,NA,NA,0.02394669
"PENK","Lymphocyte","PTSD","Wald ratio",1,0.049,0.031,1.05,0.12,NA,NA,NA,0.023939644
"LEPROTL1","Lymphocyte","PTSD","Wald ratio",1,-0.051,0.033,0.95,0.122,NA,NA,NA,0.048752808
"FAM188B","Lymphocyte","PTSD","Wald ratio",1,0.071,0.046,1.074,0.123,NA,NA,NA,0.023726539
"ETV1","Lymphocyte","PTSD","Wald ratio",1,1.036,0.673,2.819,0.123,NA,NA,NA,0.023420143
"MSI2","Lymphocyte","PTSD","Weighted median",3,-0.022,0.014,0.978,0.124,0.080482148,0.149142845,0.707050237,0.044983833
"LAMC2","Lymphocyte","PTSD","Wald ratio",1,-0.517,0.336,0.596,0.124,NA,NA,NA,0.024875816
"RIMBP2","Lymphocyte","PTSD","Inverse variance weighted",2,0.018,0.012,1.019,0.124,NA,0.918792381,NA,0.014177514
"SLC43A2","Lymphocyte","PTSD","Wald ratio",1,-0.042,0.027,0.959,0.124,NA,NA,NA,0.026009306
"SIRPB2","Lymphocyte","PTSD","Wald ratio",1,-0.078,0.051,0.925,0.125,NA,NA,NA,0.033113194
"ATP9B","Lymphocyte","PTSD","Wald ratio",1,-0.026,0.017,0.974,0.126,NA,NA,NA,0.024925415
"AMPH","Lymphocyte","PTSD","Wald ratio",1,-0.036,0.024,0.965,0.126,NA,NA,NA,0.032794696
"LOC100188949","Lymphocyte","PTSD","Wald ratio",1,-0.191,0.125,0.826,0.126,NA,NA,NA,0.022973932
"ITGA9","Lymphocyte","PTSD","Wald ratio",1,-0.18,0.118,0.835,0.126,NA,NA,NA,0.032096361
"ESM1","Lymphocyte","PTSD","Wald ratio",1,0.039,0.025,1.04,0.127,NA,NA,NA,0.022990722
"AMOTL2","Lymphocyte","PTSD","Wald ratio",1,-0.031,0.02,0.969,0.127,NA,NA,NA,0.026090766
"FEZ1","Lymphocyte","PTSD","Wald ratio",1,-0.064,0.042,0.938,0.127,NA,NA,NA,0.034793451
"KLF4","Lymphocyte","PTSD","Wald ratio",1,-0.065,0.043,0.937,0.127,NA,NA,NA,0.029395546
"UBE2M","Lymphocyte","PTSD","Wald ratio",1,0.032,0.021,1.032,0.128,NA,NA,NA,0.029429319
"MGC2752","Lymphocyte","PTSD","Wald ratio",1,0.114,0.075,1.12,0.128,NA,NA,NA,0.029422832
"PDGFD","Lymphocyte","PTSD","Wald ratio",1,0.03,0.02,1.03,0.128,NA,NA,NA,0.024157933
"MAGI2","Lymphocyte","PTSD","Weighted median",3,0.043,0.028,1.044,0.128,0.797359337,0.216938512,0.333777411,0.010679343
"PVR","Lymphocyte","PTSD","Wald ratio",1,-0.059,0.039,0.943,0.128,NA,NA,NA,0.030290887
"CIAO1","Lymphocyte","PTSD","Wald ratio",1,0.043,0.028,1.044,0.129,NA,NA,NA,0.023894957
"ASTL","Lymphocyte","PTSD","Wald ratio",1,0.035,0.023,1.036,0.129,NA,NA,NA,0.023894957
"ZDHHC13","Lymphocyte","PTSD","Wald ratio",1,-0.036,0.024,0.965,0.129,NA,NA,NA,0.024469602
"HIST1H4D","Lymphocyte","PTSD","Wald ratio",1,-0.449,0.296,0.638,0.129,NA,NA,NA,0.032472669
"SGK1","Lymphocyte","PTSD","Wald ratio",1,0.036,0.024,1.037,0.129,NA,NA,NA,0.024031155
"LYST","Lymphocyte","PTSD","Wald ratio",1,-0.257,0.169,0.773,0.129,NA,NA,NA,0.022796595
"CUX2","Lymphocyte","PTSD","Wald ratio",1,0.059,0.039,1.061,0.129,NA,NA,NA,0.027295357
"MUC4","Lymphocyte","PTSD","Wald ratio",1,-0.03,0.02,0.971,0.13,NA,NA,NA,0.028963681
"MRGPRG","Lymphocyte","PTSD","Wald ratio",1,0.038,0.025,1.039,0.13,NA,NA,NA,0.02507676
"C11orf36","Lymphocyte","PTSD","Wald ratio",1,0.032,0.021,1.032,0.13,NA,NA,NA,0.02507676
"B3GALTL","Lymphocyte","PTSD","Wald ratio",1,0.028,0.018,1.028,0.13,NA,NA,NA,0.02646966
"PDGFB","Lymphocyte","PTSD","Wald ratio",1,0.036,0.023,1.036,0.13,NA,NA,NA,0.024813459
"GAS2L2","Lymphocyte","PTSD","Wald ratio",1,0.477,0.315,1.611,0.13,NA,NA,NA,0.037582805
"C5orf49","Lymphocyte","PTSD","Wald ratio",1,-0.109,0.072,0.897,0.13,NA,NA,NA,0.022535276
"RASGRP1","Lymphocyte","PTSD","Wald ratio",1,-0.047,0.031,0.954,0.131,NA,NA,NA,0.027625725
"C1QTNF6","Lymphocyte","PTSD","Wald ratio",1,-0.029,0.019,0.971,0.131,NA,NA,NA,0.027908184
"PIK3C2B","Lymphocyte","PTSD","Wald ratio",1,0.041,0.027,1.042,0.131,NA,NA,NA,0.02512722
"SMAD9","Lymphocyte","PTSD","Inverse variance weighted",2,-0.027,0.018,0.973,0.132,NA,0.55892157,NA,0.014948046
"C2orf40","Lymphocyte","PTSD","Wald ratio",1,-0.053,0.035,0.948,0.132,NA,NA,NA,0.029077834
"KLHDC5","Lymphocyte","PTSD","Wald ratio",1,0.03,0.02,1.031,0.132,NA,NA,NA,0.027688649
"PARD6B","Lymphocyte","PTSD","Wald ratio",1,-0.091,0.061,0.913,0.133,NA,NA,NA,0.044630308
"GJD2","Lymphocyte","PTSD","Wald ratio",1,0.096,0.064,1.101,0.133,NA,NA,NA,0.024046799
"PPFIA2","Lymphocyte","PTSD","Wald ratio",1,0.121,0.081,1.129,0.133,NA,NA,NA,0.025756781
"WDR51B","Lymphocyte","PTSD","Wald ratio",1,-0.034,0.023,0.966,0.133,NA,NA,NA,0.026037871
"AATK","Lymphocyte","PTSD","Wald ratio",1,-0.139,0.092,0.87,0.134,NA,NA,NA,0.022097174
"SLC38A10","Lymphocyte","PTSD","Wald ratio",1,-0.042,0.028,0.959,0.134,NA,NA,NA,0.022097174
"AZI1","Lymphocyte","PTSD","Wald ratio",1,-0.026,0.017,0.974,0.134,NA,NA,NA,0.022097174
"ITPRIPL2","Lymphocyte","PTSD","Wald ratio",1,-0.089,0.06,0.914,0.134,NA,NA,NA,0.022664315
"ASRGL1","Lymphocyte","PTSD","Wald ratio",1,-0.032,0.021,0.968,0.134,NA,NA,NA,0.028308646
"GP5","Lymphocyte","PTSD","Wald ratio",1,-0.038,0.025,0.963,0.134,NA,NA,NA,0.031340894
"ELF5","Lymphocyte","PTSD","Wald ratio",1,-0.083,0.056,0.92,0.134,NA,NA,NA,0.022420568
"FAM129A","Lymphocyte","PTSD","Wald ratio",1,-0.023,0.016,0.977,0.134,NA,NA,NA,0.022127294
"ACOXL","Lymphocyte","PTSD","Inverse variance weighted",2,-0.024,0.016,0.976,0.135,NA,0.722883269,NA,0.007988621
"DCLK1","Lymphocyte","PTSD","Inverse variance weighted",2,-0.03,0.02,0.971,0.136,NA,0.608253882,NA,0.018069853
"CDKN1C","Lymphocyte","PTSD","Wald ratio",1,-0.037,0.025,0.964,0.136,NA,NA,NA,0.024446477
"UNC80","Lymphocyte","PTSD","Wald ratio",1,-0.221,0.148,0.802,0.136,NA,NA,NA,0.042582965
"APOBEC3F","Lymphocyte","PTSD","Wald ratio",1,0.024,0.016,1.024,0.136,NA,NA,NA,0.021626773
"PTGER1","Lymphocyte","PTSD","Wald ratio",1,-0.155,0.104,0.856,0.136,NA,NA,NA,0.021623367
"PKN1","Lymphocyte","PTSD","Wald ratio",1,-0.023,0.015,0.978,0.136,NA,NA,NA,0.021623367
"TTC7B","Lymphocyte","PTSD","Weighted median",3,0.025,0.017,1.025,0.137,0.090812826,0.223995346,0.865102321,0.029998083
"C12orf71","Lymphocyte","PTSD","Wald ratio",1,0.027,0.018,1.027,0.137,NA,NA,NA,0.021664497
"ATG2B","Lymphocyte","PTSD","Wald ratio",1,-0.028,0.019,0.973,0.137,NA,NA,NA,0.025685316
"SLC45A4","Lymphocyte","PTSD","Wald ratio",1,-0.04,0.027,0.961,0.138,NA,NA,NA,0.033201653
"C14orf102","Lymphocyte","PTSD","Wald ratio",1,-0.027,0.018,0.974,0.138,NA,NA,NA,0.023421746
"CACNA2D4","Lymphocyte","PTSD","Inverse variance weighted",2,0.041,0.028,1.042,0.138,NA,0.201858726,NA,0.050201104
"SLC20A1","Lymphocyte","PTSD","Wald ratio",1,-0.041,0.028,0.96,0.138,NA,NA,NA,0.021710255
"DCLK2","Lymphocyte","PTSD","Wald ratio",1,-0.031,0.021,0.97,0.138,NA,NA,NA,0.021710255
"ELAVL4","Lymphocyte","PTSD","Wald ratio",1,0.044,0.029,1.045,0.138,NA,NA,NA,0.037787138
"ZNF239","Lymphocyte","PTSD","Wald ratio",1,0.031,0.021,1.032,0.138,NA,NA,NA,0.021414645
"ACSL5","Lymphocyte","PTSD","Wald ratio",1,-0.889,0.6,0.411,0.138,NA,NA,NA,0.024302273
"PXT1","Lymphocyte","PTSD","Wald ratio",1,-0.592,0.4,0.553,0.139,NA,NA,NA,0.023169798
"CLCN6","Lymphocyte","PTSD","Wald ratio",1,-0.529,0.357,0.589,0.139,NA,NA,NA,0.045809936
"THAP4","Lymphocyte","PTSD","Wald ratio",1,0.033,0.022,1.033,0.139,NA,NA,NA,0.030275973
"PEBP4","Lymphocyte","PTSD","Wald ratio",1,-0.031,0.021,0.969,0.139,NA,NA,NA,0.026916785
"PARP4","Lymphocyte","PTSD","Wald ratio",1,0.035,0.024,1.036,0.14,NA,NA,NA,0.032260412
"TMEM229B","Lymphocyte","PTSD","Inverse variance weighted",2,0.022,0.015,1.023,0.14,NA,0.694097079,NA,0.015432908
"FAM190B","Lymphocyte","PTSD","Wald ratio",1,-0.204,0.138,0.816,0.14,NA,NA,NA,0.031178269
"VSTM2B","Lymphocyte","PTSD","Wald ratio",1,-0.044,0.03,0.957,0.14,NA,NA,NA,0.024988945
"PDLIM3","Lymphocyte","PTSD","Wald ratio",1,-0.073,0.05,0.929,0.141,NA,NA,NA,0.021534468
"ATP10D","Lymphocyte","PTSD","Wald ratio",1,0.025,0.017,1.025,0.141,NA,NA,NA,0.021246262
"DAP","Lymphocyte","PTSD","Wald ratio",1,-0.589,0.4,0.555,0.141,NA,NA,NA,0.026152682
"PDSS2","Lymphocyte","PTSD","Wald ratio",1,2.493,1.693,12.096,0.141,NA,NA,NA,0.033133861
"NRN1","Lymphocyte","PTSD","Wald ratio",1,0.051,0.035,1.053,0.141,NA,NA,NA,0.022726798
"ALMS1P","Lymphocyte","PTSD","Wald ratio",1,-0.035,0.023,0.966,0.141,NA,NA,NA,0.02474605
"TSPAN11","Lymphocyte","PTSD","Inverse variance weighted",2,0.032,0.022,1.033,0.142,NA,0.84846468,NA,0.010374724
"CLCC1","Lymphocyte","PTSD","Wald ratio",1,-0.024,0.016,0.977,0.142,NA,NA,NA,0.021284396
"C18orf1","Lymphocyte","PTSD","Inverse variance weighted",3,-0.015,0.01,0.985,0.142,0.580795012,0.752083052,0.697414767,0.018569631
"NCF4","Lymphocyte","PTSD","Wald ratio",1,-0.029,0.02,0.972,0.142,NA,NA,NA,0.022474294
"PVALB","Lymphocyte","PTSD","Wald ratio",1,-0.05,0.034,0.951,0.142,NA,NA,NA,0.022451651
"CSF2RB","Lymphocyte","PTSD","Wald ratio",1,-0.183,0.124,0.833,0.142,NA,NA,NA,0.022474291
"ZNF385B","Lymphocyte","PTSD","Wald ratio",1,-0.06,0.041,0.942,0.142,NA,NA,NA,0.038175101
"FBXO18","Lymphocyte","PTSD","Wald ratio",1,-0.027,0.019,0.973,0.142,NA,NA,NA,0.022188939
"NCRNA00219","Lymphocyte","PTSD","Wald ratio",1,0.029,0.02,1.03,0.142,NA,NA,NA,0.026233673
"GAS2","Lymphocyte","PTSD","Wald ratio",1,-0.054,0.037,0.948,0.142,NA,NA,NA,0.02794541
"FANCF","Lymphocyte","PTSD","Wald ratio",1,-0.811,0.553,0.444,0.142,NA,NA,NA,0.02794541
"PPFIA1","Lymphocyte","PTSD","Wald ratio",1,0.046,0.031,1.047,0.142,NA,NA,NA,0.031867447
"TRAK1","Lymphocyte","PTSD","Weighted median",3,-0.019,0.013,0.981,0.142,0.695412333,0.286864986,0.368332766,0.008332295
"COL4A1","Lymphocyte","PTSD","Wald ratio",1,-0.023,0.016,0.977,0.143,NA,NA,NA,0.021652685
"C3orf14","Lymphocyte","PTSD","Wald ratio",1,0.163,0.111,1.177,0.144,NA,NA,NA,0.021986821
"YAP1","Lymphocyte","PTSD","Inverse variance weighted",2,-0.046,0.031,0.955,0.144,NA,0.127337584,NA,0.046035402
"FGF20","Lymphocyte","PTSD","Wald ratio",1,-0.057,0.039,0.945,0.144,NA,NA,NA,0.021127784
"TMC3","Lymphocyte","PTSD","Wald ratio",1,-0.024,0.016,0.976,0.144,NA,NA,NA,0.022600622
"EXOC3","Lymphocyte","PTSD","Wald ratio",1,0.024,0.017,1.025,0.145,NA,NA,NA,0.020830797
"SLC9A3","Lymphocyte","PTSD","Wald ratio",1,0.023,0.016,1.023,0.145,NA,NA,NA,0.020830797
"BFSP2","Lymphocyte","PTSD","Wald ratio",1,0.052,0.036,1.054,0.145,NA,NA,NA,0.023495988
"BRMS1L","Lymphocyte","PTSD","Wald ratio",1,-5.1,3.5,0.006,0.145,NA,NA,NA,0.046064
"HIVEP2","Lymphocyte","PTSD","Wald ratio",1,0.089,0.061,1.093,0.145,NA,NA,NA,0.038864125
"ADAMTS2","Lymphocyte","PTSD","Weighted median",5,-0.016,0.011,0.984,0.146,0.895312549,0.651761875,0.266412333,0.007826423
"LSG1","Lymphocyte","PTSD","Wald ratio",1,0.047,0.032,1.048,0.146,NA,NA,NA,0.02240228
"GLIS3","Lymphocyte","PTSD","Wald ratio",1,-0.118,0.081,0.889,0.146,NA,NA,NA,0.040557057
"PNOC","Lymphocyte","PTSD","Wald ratio",1,-0.366,0.252,0.693,0.147,NA,NA,NA,0.027674244
"FAM170B","Lymphocyte","PTSD","Wald ratio",1,-0.027,0.019,0.973,0.147,NA,NA,NA,0.021877734
"NCRNA00176","Lymphocyte","PTSD","Wald ratio",1,0.035,0.024,1.036,0.147,NA,NA,NA,0.026571755
"TCEA2","Lymphocyte","PTSD","Wald ratio",1,0.053,0.036,1.054,0.147,NA,NA,NA,0.026571755
"SAMD10","Lymphocyte","PTSD","Wald ratio",1,0.032,0.022,1.032,0.147,NA,NA,NA,0.026571755
"CDX1","Lymphocyte","PTSD","Wald ratio",1,-0.023,0.016,0.978,0.148,NA,NA,NA,0.021289888
"AK5","Lymphocyte","PTSD","Wald ratio",1,-0.338,0.233,0.713,0.148,NA,NA,NA,0.021305351
"PDGFRB","Lymphocyte","PTSD","Wald ratio",1,-0.026,0.018,0.975,0.148,NA,NA,NA,0.021305351
"ADCY3","Lymphocyte","PTSD","Inverse variance weighted",2,-0.02,0.014,0.98,0.148,NA,0.302491404,NA,0.009249552
"CDH12","Lymphocyte","PTSD","Inverse variance weighted",2,0.017,0.012,1.017,0.149,NA,0.291891827,NA,0.008025413
"PRDM5","Lymphocyte","PTSD","Wald ratio",1,0.12,0.083,1.128,0.149,NA,NA,NA,0.03593059
"FAM155A","Lymphocyte","PTSD","Wald ratio",1,-0.023,0.016,0.978,0.149,NA,NA,NA,0.020780324
"KCNJ16","Lymphocyte","PTSD","Wald ratio",1,0.031,0.021,1.031,0.149,NA,NA,NA,0.024373478
"NOX4","Lymphocyte","PTSD","Wald ratio",1,-0.162,0.113,0.85,0.15,NA,NA,NA,0.023196821
"BEST1","Lymphocyte","PTSD","Wald ratio",1,-0.063,0.044,0.939,0.15,NA,NA,NA,0.021730564
"ANXA2","Lymphocyte","PTSD","Wald ratio",1,-0.026,0.018,0.974,0.15,NA,NA,NA,0.022346954
"NAT2","Lymphocyte","PTSD","Wald ratio",1,-0.025,0.017,0.975,0.15,NA,NA,NA,0.022055358
"PLXDC1","Lymphocyte","PTSD","Wald ratio",1,-0.026,0.018,0.975,0.151,NA,NA,NA,0.023295214
"TBX4","Lymphocyte","PTSD","Wald ratio",1,-0.033,0.023,0.968,0.151,NA,NA,NA,0.024789763
"FER","Lymphocyte","PTSD","Wald ratio",1,0.072,0.05,1.075,0.152,NA,NA,NA,0.030042355
"TET2","Lymphocyte","PTSD","Wald ratio",1,0.187,0.13,1.205,0.153,NA,NA,NA,0.029541773
"NCRNA00111","Lymphocyte","PTSD","Wald ratio",1,0.038,0.027,1.039,0.153,NA,NA,NA,0.02010297
"VWA5A","Lymphocyte","PTSD","Wald ratio",1,0.043,0.03,1.044,0.153,NA,NA,NA,0.024326313
"WDR65","Lymphocyte","PTSD","Wald ratio",1,-0.076,0.053,0.927,0.153,NA,NA,NA,0.029577175
"DDX5","Lymphocyte","PTSD","Wald ratio",1,-0.048,0.033,0.953,0.153,NA,NA,NA,0.040953456
"FLT3","Lymphocyte","PTSD","Wald ratio",1,-0.075,0.052,0.928,0.154,NA,NA,NA,0.025541027
"CCDC53","Lymphocyte","PTSD","Wald ratio",1,-0.026,0.018,0.974,0.154,NA,NA,NA,0.022869681
"ABR","Lymphocyte","PTSD","Inverse variance weighted",2,-0.022,0.015,0.978,0.154,NA,0.390282343,NA,0.033612809
"GABRA5","Lymphocyte","PTSD","Wald ratio",1,0.259,0.182,1.296,0.154,NA,NA,NA,0.024429548
"LOC644649","Lymphocyte","PTSD","Wald ratio",1,0.025,0.017,1.025,0.155,NA,NA,NA,0.019970306
"HNRNPD","Lymphocyte","PTSD","Wald ratio",1,0.218,0.153,1.244,0.155,NA,NA,NA,0.023574469
"SDR39U1","Lymphocyte","PTSD","Wald ratio",1,-0.04,0.028,0.961,0.156,NA,NA,NA,0.032124439
"SP4","Lymphocyte","PTSD","Wald ratio",1,-0.056,0.039,0.946,0.157,NA,NA,NA,0.019732669
"RAC2","Lymphocyte","PTSD","Wald ratio",1,0.089,0.063,1.093,0.157,NA,NA,NA,0.019732669
"LDB3","Lymphocyte","PTSD","Wald ratio",1,-0.043,0.031,0.958,0.157,NA,NA,NA,0.027857061
"CYP26C1","Lymphocyte","PTSD","Wald ratio",1,0.028,0.02,1.028,0.157,NA,NA,NA,0.020993067
"ASB18","Lymphocyte","PTSD","Wald ratio",1,0.203,0.144,1.225,0.158,NA,NA,NA,0.024388756
"NCALD","Lymphocyte","PTSD","Wald ratio",1,-0.192,0.136,0.825,0.158,NA,NA,NA,0.020750616
"HOXC4","Lymphocyte","PTSD","Wald ratio",1,0.556,0.395,1.744,0.159,NA,NA,NA,0.020181586
"OR5AU1","Lymphocyte","PTSD","Wald ratio",1,-0.031,0.022,0.97,0.159,NA,NA,NA,0.026255651
"PPFIBP1","Lymphocyte","PTSD","Wald ratio",1,0.038,0.027,1.039,0.159,NA,NA,NA,0.020526112
"DNAI2","Lymphocyte","PTSD","Wald ratio",1,-0.027,0.019,0.973,0.159,NA,NA,NA,0.02113673
"BREA2","Lymphocyte","PTSD","Wald ratio",1,-0.031,0.022,0.969,0.16,NA,NA,NA,0.027516485
"ZMAT4","Lymphocyte","PTSD","Wald ratio",1,-0.025,0.018,0.975,0.16,NA,NA,NA,0.019329554
"ZNF282","Lymphocyte","PTSD","Wald ratio",1,-0.022,0.016,0.978,0.16,NA,NA,NA,0.019947732
"STK39","Lymphocyte","PTSD","Wald ratio",1,0.024,0.017,1.024,0.16,NA,NA,NA,0.021185418
"MEIS1","Lymphocyte","PTSD","Wald ratio",1,-0.023,0.016,0.977,0.16,NA,NA,NA,0.019665041
"ME3","Lymphocyte","PTSD","Wald ratio",1,0.237,0.169,1.267,0.16,NA,NA,NA,0.034009101
"KL","Lymphocyte","PTSD","Wald ratio",1,-0.093,0.066,0.912,0.161,NA,NA,NA,0.02062516
"ST6GAL1","Lymphocyte","PTSD","Wald ratio",1,0.042,0.03,1.043,0.161,NA,NA,NA,0.029981479
"PAX9","Lymphocyte","PTSD","Wald ratio",1,-0.235,0.167,0.791,0.161,NA,NA,NA,0.021863479
"OTUB2","Lymphocyte","PTSD","Wald ratio",1,0.035,0.025,1.035,0.161,NA,NA,NA,0.022814395
"RNF144A","Lymphocyte","PTSD","Wald ratio",1,0.08,0.057,1.083,0.162,NA,NA,NA,0.020679135
"C22orf25","Lymphocyte","PTSD","Wald ratio",1,-1.312,0.938,0.269,0.162,NA,NA,NA,0.019429824
"NAT8L","Lymphocyte","PTSD","Wald ratio",1,-0.037,0.026,0.964,0.162,NA,NA,NA,0.032101692
"C9orf130","Lymphocyte","PTSD","Wald ratio",1,-0.024,0.017,0.976,0.162,NA,NA,NA,0.02039048
"ZNF783","Lymphocyte","PTSD","Wald ratio",1,0.028,0.02,1.028,0.162,NA,NA,NA,0.024701182
"ZNF212","Lymphocyte","PTSD","Wald ratio",1,0.044,0.031,1.045,0.162,NA,NA,NA,0.024701042
"SLC2A9","Lymphocyte","PTSD","Wald ratio",1,-0.03,0.021,0.971,0.162,NA,NA,NA,0.019059375
"THUMPD3","Lymphocyte","PTSD","Wald ratio",1,-0.24,0.172,0.787,0.162,NA,NA,NA,0.01948057
"DCBLD1","Lymphocyte","PTSD","Wald ratio",1,0.022,0.016,1.023,0.163,NA,NA,NA,0.019206408
"LOC100133545","Lymphocyte","PTSD","Wald ratio",1,-0.03,0.022,0.97,0.163,NA,NA,NA,0.019202365
"CD33","Lymphocyte","PTSD","Wald ratio",1,-0.066,0.047,0.936,0.163,NA,NA,NA,0.019202365
"TNNT3","Lymphocyte","PTSD","Wald ratio",1,-0.046,0.033,0.955,0.163,NA,NA,NA,0.019202365
"MRPL23","Lymphocyte","PTSD","Wald ratio",1,-0.281,0.201,0.755,0.163,NA,NA,NA,0.019202365
"PHF17","Lymphocyte","PTSD","Wald ratio",1,0.032,0.023,1.032,0.163,NA,NA,NA,0.026337148
"RAB22A","Lymphocyte","PTSD","Wald ratio",1,0.025,0.018,1.025,0.164,NA,NA,NA,0.019257834
"ERAP1","Lymphocyte","PTSD","Wald ratio",1,-0.097,0.07,0.907,0.164,NA,NA,NA,0.036145036
"PSME4","Lymphocyte","PTSD","Wald ratio",1,-0.079,0.057,0.924,0.164,NA,NA,NA,0.019936576
"EPS8L3","Lymphocyte","PTSD","Wald ratio",1,-0.029,0.021,0.972,0.164,NA,NA,NA,0.022743972
"CLIC6","Lymphocyte","PTSD","Wald ratio",1,0.04,0.029,1.041,0.165,NA,NA,NA,0.022191721
"B3GNT4","Lymphocyte","PTSD","Wald ratio",1,-0.382,0.275,0.683,0.166,NA,NA,NA,0.021283478
"SOX6","Lymphocyte","PTSD","Wald ratio",1,-0.034,0.024,0.967,0.166,NA,NA,NA,0.029317179
"ALK","Lymphocyte","PTSD","Wald ratio",1,-0.061,0.044,0.941,0.166,NA,NA,NA,0.032927625
"FAM118B","Lymphocyte","PTSD","Wald ratio",1,-0.025,0.018,0.975,0.166,NA,NA,NA,0.022293781
"NUP214","Lymphocyte","PTSD","Wald ratio",1,-0.186,0.135,0.83,0.167,NA,NA,NA,0.022018772
"SERPINI1","Lymphocyte","PTSD","Wald ratio",1,0.033,0.024,1.033,0.167,NA,NA,NA,0.021119742
"AGXT","Lymphocyte","PTSD","Wald ratio",1,0.036,0.026,1.037,0.167,NA,NA,NA,0.018571194
"DHX29","Lymphocyte","PTSD","Wald ratio",1,-0.038,0.028,0.962,0.168,NA,NA,NA,0.027376574
"CCNO","Lymphocyte","PTSD","Wald ratio",1,-0.4,0.29,0.67,0.168,NA,NA,NA,0.028283568
"ADRB2","Lymphocyte","PTSD","Wald ratio",1,-0.346,0.251,0.708,0.168,NA,NA,NA,0.018630092
"SRRM4","Lymphocyte","PTSD","Wald ratio",1,-0.04,0.029,0.961,0.168,NA,NA,NA,0.019932603
"WNT16","Lymphocyte","PTSD","Wald ratio",1,-0.024,0.017,0.977,0.169,NA,NA,NA,0.020414723
"SLC40A1","Lymphocyte","PTSD","Wald ratio",1,-0.745,0.542,0.475,0.169,NA,NA,NA,0.020951426
"chrM2","Lymphocyte","PTSD","Wald ratio",1,-0.054,0.039,0.947,0.169,NA,NA,NA,0.019370033
"TRAF3","Lymphocyte","PTSD","Wald ratio",1,-0.094,0.069,0.91,0.17,NA,NA,NA,0.01942655
"PRSS33","Lymphocyte","PTSD","Wald ratio",1,0.032,0.023,1.032,0.17,NA,NA,NA,0.019769023
"ZG16B","Lymphocyte","PTSD","Wald ratio",1,0.051,0.037,1.053,0.17,NA,NA,NA,0.019769113
"TESSP1","Lymphocyte","PTSD","Wald ratio",1,0.029,0.021,1.029,0.17,NA,NA,NA,0.019769113
"HNRNPF","Lymphocyte","PTSD","Wald ratio",1,-2.379,1.736,0.093,0.171,NA,NA,NA,0.029528227
"TM7SF4","Lymphocyte","PTSD","Wald ratio",1,-0.025,0.018,0.976,0.171,NA,NA,NA,0.020791792
"DYNC1LI1","Lymphocyte","PTSD","Wald ratio",1,-0.942,0.689,0.39,0.172,NA,NA,NA,0.029955177
"BCCIP","Lymphocyte","PTSD","Wald ratio",1,0.024,0.018,1.024,0.172,NA,NA,NA,0.018576059
"KCNE1","Lymphocyte","PTSD","Wald ratio",1,-0.034,0.025,0.966,0.172,NA,NA,NA,0.022814267
"JAK2","Lymphocyte","PTSD","Wald ratio",1,0.027,0.02,1.027,0.172,NA,NA,NA,0.021523446
"C18orf1","Lymphocyte","PTSD","Weighted median",3,-0.016,0.012,0.984,0.172,0.580795012,0.752083052,0.697414767,0.018569631
"ZNF260","Lymphocyte","PTSD","Wald ratio",1,0.033,0.024,1.033,0.172,NA,NA,NA,0.019264613
"C15orf53","Lymphocyte","PTSD","Wald ratio",1,-0.05,0.036,0.952,0.172,NA,NA,NA,0.01926255
"RAB38","Lymphocyte","PTSD","Wald ratio",1,-0.022,0.016,0.978,0.173,NA,NA,NA,0.018631914
"BACH2","Lymphocyte","PTSD","Inverse variance weighted",2,-0.018,0.014,0.982,0.173,NA,0.800698505,NA,0.012195631
"AQP2","Lymphocyte","PTSD","Wald ratio",1,-0.03,0.022,0.97,0.173,NA,NA,NA,0.023201809
"ANKS1B","Lymphocyte","PTSD","Wald ratio",1,-0.048,0.036,0.953,0.173,NA,NA,NA,0.021294366
"ZNF236","Lymphocyte","PTSD","Wald ratio",1,-0.079,0.058,0.924,0.174,NA,NA,NA,0.01876043
"KCP","Lymphocyte","PTSD","Wald ratio",1,-0.21,0.155,0.81,0.174,NA,NA,NA,0.023648907
"TYMS","Lymphocyte","PTSD","Wald ratio",1,-0.027,0.02,0.973,0.174,NA,NA,NA,0.02223316
"FAM60A","Lymphocyte","PTSD","Wald ratio",1,0.025,0.018,1.025,0.174,NA,NA,NA,0.021417459
"VPREB1","Lymphocyte","PTSD","Wald ratio",1,0.398,0.293,1.489,0.174,NA,NA,NA,0.040668712
"PREX2","Lymphocyte","PTSD","Wald ratio",1,-0.044,0.032,0.957,0.175,NA,NA,NA,0.030017809
"LOC388588","Lymphocyte","PTSD","Wald ratio",1,0.057,0.042,1.059,0.175,NA,NA,NA,0.018191435
"KIAA0562","Lymphocyte","PTSD","Wald ratio",1,0.021,0.015,1.021,0.175,NA,NA,NA,0.018191435
"SLC2A7","Lymphocyte","PTSD","Wald ratio",1,-0.03,0.022,0.97,0.175,NA,NA,NA,0.02018125
"PLA2G4C","Lymphocyte","PTSD","Wald ratio",1,0.022,0.016,1.022,0.175,NA,NA,NA,0.018529132
"FAM102A","Lymphocyte","PTSD","Wald ratio",1,0.036,0.027,1.037,0.176,NA,NA,NA,0.026352924
"DPM2","Lymphocyte","PTSD","Wald ratio",1,0.035,0.025,1.035,0.176,NA,NA,NA,0.026352986
"PIP5KL1","Lymphocyte","PTSD","Wald ratio",1,0.112,0.083,1.119,0.176,NA,NA,NA,0.026352986
"CACNA1E","Lymphocyte","PTSD","Wald ratio",1,-0.266,0.196,0.767,0.176,NA,NA,NA,0.026083447
"PDE7A","Lymphocyte","PTSD","Wald ratio",1,0.037,0.027,1.038,0.176,NA,NA,NA,0.018595091
"NMNAT3","Lymphocyte","PTSD","Wald ratio",1,0.022,0.016,1.022,0.176,NA,NA,NA,0.013264964
"THRB","Lymphocyte","PTSD","Inverse variance weighted",2,0.017,0.013,1.018,0.176,NA,0.688057211,NA,0.014732817
"IDH3B","Lymphocyte","PTSD","Wald ratio",1,-0.296,0.219,0.744,0.177,NA,NA,NA,0.01831289
"APBB1IP","Lymphocyte","PTSD","Wald ratio",1,0.023,0.017,1.023,0.177,NA,NA,NA,0.018313015
"LRRC37B2","Lymphocyte","PTSD","Wald ratio",1,1.783,1.322,5.949,0.177,NA,NA,NA,0.028155855
"SCPEP1","Lymphocyte","PTSD","Wald ratio",1,1.827,1.353,6.214,0.177,NA,NA,NA,0.02427573
"TENC1","Lymphocyte","PTSD","Wald ratio",1,-0.147,0.109,0.864,0.177,NA,NA,NA,0.025268218
"POLS","Lymphocyte","PTSD","Wald ratio",1,-0.022,0.016,0.978,0.177,NA,NA,NA,0.018372252
"ZNF532","Lymphocyte","PTSD","Wald ratio",1,0.074,0.055,1.077,0.177,NA,NA,NA,0.018372252
"DNAJA4","Lymphocyte","PTSD","Wald ratio",1,0.436,0.323,1.547,0.177,NA,NA,NA,0.018372252
"GMPR","Lymphocyte","PTSD","Wald ratio",1,-0.271,0.201,0.763,0.179,NA,NA,NA,0.018154133
"EMX2","Lymphocyte","PTSD","Wald ratio",1,0.034,0.025,1.034,0.179,NA,NA,NA,0.019177745
"IRX4","Lymphocyte","PTSD","Wald ratio",1,-0.09,0.067,0.914,0.18,NA,NA,NA,0.020944194
"PIP5K1C","Lymphocyte","PTSD","Wald ratio",1,-0.023,0.017,0.977,0.18,NA,NA,NA,0.017598681
"CD302","Lymphocyte","PTSD","Wald ratio",1,0.049,0.037,1.05,0.18,NA,NA,NA,0.01759114
"ASAP1","Lymphocyte","PTSD","Wald ratio",1,-0.049,0.037,0.952,0.181,NA,NA,NA,0.029204325
"SRD5A1","Lymphocyte","PTSD","Wald ratio",1,0.022,0.017,1.022,0.181,NA,NA,NA,0.01765369
"MFSD1","Lymphocyte","PTSD","Wald ratio",1,-0.03,0.022,0.971,0.181,NA,NA,NA,0.023423651
"GFM1","Lymphocyte","PTSD","Wald ratio",1,-0.032,0.024,0.968,0.181,NA,NA,NA,0.020674198
"RARRES1","Lymphocyte","PTSD","Wald ratio",1,-0.028,0.021,0.972,0.181,NA,NA,NA,0.023423651
"THG1L","Lymphocyte","PTSD","Wald ratio",1,-0.806,0.603,0.447,0.181,NA,NA,NA,0.02408734
"SOX30","Lymphocyte","PTSD","Wald ratio",1,-0.028,0.021,0.973,0.181,NA,NA,NA,0.02408734
"REG1A","Lymphocyte","PTSD","Wald ratio",1,0.05,0.037,1.051,0.181,NA,NA,NA,0.039176072
"C10orf50","Lymphocyte","PTSD","Wald ratio",1,-0.027,0.02,0.973,0.182,NA,NA,NA,0.018060127
"CALM1","Lymphocyte","PTSD","Wald ratio",1,-0.023,0.017,0.978,0.182,NA,NA,NA,0.018123092
"MCF2L2","Lymphocyte","PTSD","Wald ratio",1,-0.296,0.222,0.744,0.184,NA,NA,NA,0.017562459
"PDLIM5","Lymphocyte","PTSD","Wald ratio",1,0.026,0.02,1.027,0.184,NA,NA,NA,0.022053494
"SMPDL3A","Lymphocyte","PTSD","Wald ratio",1,0.047,0.036,1.048,0.185,NA,NA,NA,0.020081167
"CFD","Lymphocyte","PTSD","Wald ratio",1,-0.063,0.047,0.939,0.185,NA,NA,NA,0.019403447
"KBTBD5","Lymphocyte","PTSD","Wald ratio",1,-0.124,0.094,0.883,0.185,NA,NA,NA,0.01803506
"GPT2","Lymphocyte","PTSD","Wald ratio",1,-0.048,0.037,0.953,0.185,NA,NA,NA,0.026191062
"FMN2","Lymphocyte","PTSD","Wald ratio",1,-0.026,0.02,0.974,0.185,NA,NA,NA,0.017690199
"NKAIN3","Lymphocyte","PTSD","Wald ratio",1,-0.028,0.021,0.972,0.186,NA,NA,NA,0.018785886
"JARID2","Lymphocyte","PTSD","Wald ratio",1,0.041,0.031,1.042,0.186,NA,NA,NA,0.030919842
"HBBP1","Lymphocyte","PTSD","Wald ratio",1,-0.056,0.042,0.946,0.187,NA,NA,NA,0.018157271
"TRIM33","Lymphocyte","PTSD","Wald ratio",1,-0.021,0.016,0.979,0.187,NA,NA,NA,0.018233295
"HS3ST2","Lymphocyte","PTSD","Wald ratio",1,-0.321,0.244,0.725,0.188,NA,NA,NA,0.017538059
"OAT","Lymphocyte","PTSD","Wald ratio",1,0.029,0.022,1.029,0.188,NA,NA,NA,0.023156535
"MGC45800","Lymphocyte","PTSD","Wald ratio",1,-0.056,0.043,0.945,0.188,NA,NA,NA,0.017603105
"SSH1","Lymphocyte","PTSD","Wald ratio",1,0.023,0.017,1.023,0.188,NA,NA,NA,0.018581875
"SEC16A","Lymphocyte","PTSD","Wald ratio",1,0.023,0.018,1.024,0.188,NA,NA,NA,0.017256054
"INPP5E","Lymphocyte","PTSD","Wald ratio",1,0.024,0.018,1.024,0.188,NA,NA,NA,0.017256054
"CCR8","Lymphocyte","PTSD","Wald ratio",1,-0.036,0.027,0.965,0.189,NA,NA,NA,0.02599429
"RPSA","Lymphocyte","PTSD","Wald ratio",1,-1.343,1.022,0.261,0.189,NA,NA,NA,0.026644044
"PPARGC1A","Lymphocyte","PTSD","Wald ratio",1,-0.023,0.017,0.978,0.189,NA,NA,NA,0.018354559
"MARCO","Lymphocyte","PTSD","Wald ratio",1,0.034,0.026,1.035,0.189,NA,NA,NA,0.017669629
"C22orf9","Lymphocyte","PTSD","Wald ratio",1,0.022,0.017,1.023,0.189,NA,NA,NA,0.016981742
"ADAMTS2","Lymphocyte","PTSD","MR Egger",5,-0.067,0.039,0.935,0.189,0.895312549,0.651761875,0.266412333,0.007826423
"RYR3","Lymphocyte","PTSD","Inverse variance weighted",2,-0.039,0.03,0.962,0.189,NA,0.127284589,NA,0.113462283
"OR1A1","Lymphocyte","PTSD","Wald ratio",1,-0.021,0.016,0.98,0.19,NA,NA,NA,0.017048114
"CLEC11A","Lymphocyte","PTSD","Wald ratio",1,-0.045,0.035,0.956,0.19,NA,NA,NA,0.030497244
"DLX3","Lymphocyte","PTSD","Wald ratio",1,0.183,0.14,1.2,0.19,NA,NA,NA,0.025517463
"RIMS1","Lymphocyte","PTSD","Wald ratio",1,0.045,0.034,1.046,0.191,NA,NA,NA,0.017111039
"LPCAT1","Lymphocyte","PTSD","Wald ratio",1,0.033,0.026,1.034,0.192,NA,NA,NA,0.020745418
"GNLY","Lymphocyte","PTSD","Wald ratio",1,-0.022,0.017,0.978,0.192,NA,NA,NA,0.0172517
"ESPNL","Lymphocyte","PTSD","Inverse variance weighted",2,-0.027,0.02,0.974,0.192,NA,0.76082774,NA,0.015417122
"KCNQ1","Lymphocyte","PTSD","Inverse variance weighted",4,0.014,0.011,1.014,0.192,0.91547321,0.962673536,0.772474356,0.009540191
"MAGI2","Lymphocyte","PTSD","Weighted mode",3,0.056,0.029,1.057,0.192,0.797359337,0.216938512,0.333777411,0.010679343
"C1orf100","Lymphocyte","PTSD","Wald ratio",1,0.023,0.018,1.023,0.192,NA,NA,NA,0.018337671
"WNT10A","Lymphocyte","PTSD","Wald ratio",1,0.607,0.466,1.835,0.192,NA,NA,NA,0.021587146
"GNG7","Lymphocyte","PTSD","Wald ratio",1,-0.023,0.017,0.978,0.192,NA,NA,NA,0.019087285
"SERPINB1","Lymphocyte","PTSD","Inverse variance weighted",2,0.043,0.033,1.044,0.194,NA,0.825137063,NA,0.021937807
"DNAH5","Lymphocyte","PTSD","Wald ratio",1,-0.025,0.019,0.975,0.194,NA,NA,NA,0.02037075
"IL15RA","Lymphocyte","PTSD","Wald ratio",1,0.364,0.281,1.439,0.195,NA,NA,NA,0.016826689
"ONECUT2","Lymphocyte","PTSD","Wald ratio",1,0.027,0.021,1.028,0.195,NA,NA,NA,0.017915565
"KIAA1609","Lymphocyte","PTSD","Wald ratio",1,0.121,0.094,1.129,0.196,NA,NA,NA,0.019825013
"ANO1","Lymphocyte","PTSD","Wald ratio",1,-0.03,0.023,0.97,0.196,NA,NA,NA,0.023841472
"NEDD4","Lymphocyte","PTSD","Wald ratio",1,0.042,0.033,1.043,0.196,NA,NA,NA,0.020636602
"GNG12","Lymphocyte","PTSD","Inverse variance weighted",2,0.056,0.043,1.057,0.197,NA,0.46043533,NA,0.013256833
"TWSG1","Lymphocyte","PTSD","Wald ratio",1,-0.51,0.396,0.6,0.197,NA,NA,NA,0.028911766
"WIPI1","Lymphocyte","PTSD","Wald ratio",1,0.025,0.019,1.025,0.197,NA,NA,NA,0.017020558
"C19orf33","Lymphocyte","PTSD","Wald ratio",1,-0.033,0.025,0.968,0.198,NA,NA,NA,0.022240482
"YIF1B","Lymphocyte","PTSD","Wald ratio",1,-0.028,0.021,0.973,0.198,NA,NA,NA,0.022240482
"KCNK6","Lymphocyte","PTSD","Wald ratio",1,-0.051,0.04,0.95,0.198,NA,NA,NA,0.022240482
"SPRED3","Lymphocyte","PTSD","Wald ratio",1,-0.041,0.032,0.96,0.198,NA,NA,NA,0.022240482
"VSTM1","Lymphocyte","PTSD","Wald ratio",1,0.029,0.023,1.03,0.198,NA,NA,NA,0.021162223
"TARM1","Lymphocyte","PTSD","Wald ratio",1,0.034,0.027,1.035,0.198,NA,NA,NA,0.021175435
"CETP","Lymphocyte","PTSD","Wald ratio",1,0.57,0.442,1.768,0.198,NA,NA,NA,0.019684503
"DMRT2","Lymphocyte","PTSD","Wald ratio",1,-0.073,0.057,0.93,0.198,NA,NA,NA,0.017841393
"ARL6IP5","Lymphocyte","PTSD","Wald ratio",1,-0.059,0.046,0.942,0.198,NA,NA,NA,0.035271269
"GLT1D1","Lymphocyte","PTSD","Wald ratio",1,-0.023,0.018,0.977,0.198,NA,NA,NA,0.017510059
"RAB23","Lymphocyte","PTSD","Wald ratio",1,0.281,0.219,1.325,0.199,NA,NA,NA,0.022837653
"C16orf52","Lymphocyte","PTSD","Wald ratio",1,0.038,0.03,1.039,0.199,NA,NA,NA,0.019141611
"GUCY1B3","Lymphocyte","PTSD","Wald ratio",1,-0.02,0.016,0.98,0.2,NA,NA,NA,0.016884799
"C1orf96","Lymphocyte","PTSD","Inverse variance weighted",2,0.024,0.019,1.025,0.2,NA,0.400155495,NA,0.011928872
"LOC643719","Lymphocyte","PTSD","Wald ratio",1,-0.031,0.024,0.97,0.2,NA,NA,NA,0.024093934
"ARHGAP28","Lymphocyte","PTSD","Wald ratio",1,-0.025,0.019,0.976,0.201,NA,NA,NA,0.020429866
"C1QTNF7","Lymphocyte","PTSD","Wald ratio",1,0.049,0.038,1.05,0.201,NA,NA,NA,0.038777768
"STON1-GTF2A1L","Lymphocyte","PTSD","Wald ratio",1,0.022,0.018,1.023,0.201,NA,NA,NA,0.017439008
"SLC8A1","Lymphocyte","PTSD","Wald ratio",1,-0.063,0.049,0.939,0.201,NA,NA,NA,0.038185317
"VWA5B1","Lymphocyte","PTSD","Wald ratio",1,-0.043,0.034,0.958,0.202,NA,NA,NA,0.016333295
"WWC1","Lymphocyte","PTSD","Wald ratio",1,-0.121,0.095,0.886,0.202,NA,NA,NA,0.022435994
"SMYD1","Lymphocyte","PTSD","Wald ratio",1,0.025,0.02,1.026,0.202,NA,NA,NA,0.01674653
"RNF7","Lymphocyte","PTSD","Wald ratio",1,-0.022,0.017,0.979,0.203,NA,NA,NA,0.015683175
"SLC46A3","Lymphocyte","PTSD","Wald ratio",1,-0.024,0.019,0.976,0.204,NA,NA,NA,0.016952906
"TAGLN3","Lymphocyte","PTSD","Wald ratio",1,-0.079,0.062,0.924,0.204,NA,NA,NA,0.028322231
"FCHO1","Lymphocyte","PTSD","Wald ratio",1,-0.074,0.058,0.928,0.204,NA,NA,NA,0.028709528
"JPH3","Lymphocyte","PTSD","Wald ratio",1,0.333,0.262,1.395,0.204,NA,NA,NA,0.017437148
"C15orf2","Lymphocyte","PTSD","Wald ratio",1,-0.031,0.024,0.97,0.205,NA,NA,NA,0.023701437
"C8orf42","Lymphocyte","PTSD","Wald ratio",1,-0.022,0.018,0.978,0.206,NA,NA,NA,0.017160338
"PCDH12","Lymphocyte","PTSD","Wald ratio",1,-0.023,0.018,0.978,0.206,NA,NA,NA,0.017160338
"CPNE4","Lymphocyte","PTSD","Wald ratio",1,-0.143,0.113,0.867,0.206,NA,NA,NA,0.023828786
"HNRNPC","Lymphocyte","PTSD","Wald ratio",1,0.022,0.017,1.022,0.206,NA,NA,NA,0.012245343
"FHDC1","Lymphocyte","PTSD","Wald ratio",1,-0.021,0.016,0.98,0.206,NA,NA,NA,0.016067139
"ZMIZ1","Lymphocyte","PTSD","Weighted mode",3,-0.031,0.017,0.97,0.207,0.207576686,0.093980768,0.393510342,0.013446346
"COL9A3","Lymphocyte","PTSD","Wald ratio",1,-0.073,0.058,0.93,0.207,NA,NA,NA,0.018940452
"OGFR","Lymphocyte","PTSD","Wald ratio",1,-0.043,0.034,0.958,0.207,NA,NA,NA,0.01894044
"FARP1","Lymphocyte","PTSD","Inverse variance weighted",2,-0.019,0.015,0.981,0.207,NA,0.919541891,NA,0.017380085
"ALKBH3","Lymphocyte","PTSD","Wald ratio",1,0.047,0.037,1.048,0.207,NA,NA,NA,0.026322461
"ZFPM2","Lymphocyte","PTSD","Wald ratio",1,0.024,0.019,1.025,0.208,NA,NA,NA,0.017023522
"NRBP1","Lymphocyte","PTSD","Wald ratio",1,-0.76,0.604,0.468,0.208,NA,NA,NA,0.016272471
"KRTCAP3","Lymphocyte","PTSD","Wald ratio",1,-0.021,0.017,0.979,0.208,NA,NA,NA,0.016272472
"CLDN1","Lymphocyte","PTSD","Wald ratio",1,-0.048,0.038,0.954,0.208,NA,NA,NA,0.019894778
"CCDC163P","Lymphocyte","PTSD","Wald ratio",1,-0.283,0.225,0.754,0.208,NA,NA,NA,0.016683246
"FLJ34503","Lymphocyte","PTSD","Wald ratio",1,0.026,0.02,1.026,0.209,NA,NA,NA,0.016750807
"SLC35B4","Lymphocyte","PTSD","Wald ratio",1,-0.075,0.06,0.927,0.209,NA,NA,NA,0.015998672
"MIR1257","Lymphocyte","PTSD","Wald ratio",1,-0.029,0.023,0.972,0.21,NA,NA,NA,0.016825018
"TAF4","Lymphocyte","PTSD","Wald ratio",1,-0.023,0.018,0.978,0.21,NA,NA,NA,0.016825018
"KIAA1211","Lymphocyte","PTSD","Wald ratio",1,-0.02,0.016,0.981,0.211,NA,NA,NA,0.016140874
"ALDH1A1","Lymphocyte","PTSD","Wald ratio",1,0.028,0.023,1.029,0.211,NA,NA,NA,0.017035917
"EHMT1","Lymphocyte","PTSD","Wald ratio",1,0.026,0.021,1.027,0.211,NA,NA,NA,0.017034661
"RNASE12","Lymphocyte","PTSD","Wald ratio",1,0.038,0.03,1.039,0.212,NA,NA,NA,0.029412691
"ARC","Lymphocyte","PTSD","Wald ratio",1,1.271,1.018,3.563,0.212,NA,NA,NA,0.018324635
"RBM28","Lymphocyte","PTSD","Wald ratio",1,-0.041,0.033,0.96,0.212,NA,NA,NA,0.029478431
"METTL7B","Lymphocyte","PTSD","Wald ratio",1,-0.128,0.103,0.88,0.212,NA,NA,NA,0.015862778
"ITGA7","Lymphocyte","PTSD","Wald ratio",1,-0.052,0.042,0.949,0.212,NA,NA,NA,0.015862824
"JPH2","Lymphocyte","PTSD","Wald ratio",1,0.105,0.084,1.11,0.212,NA,NA,NA,0.02245214
"NTF3","Lymphocyte","PTSD","Inverse variance weighted",2,-0.042,0.033,0.959,0.212,NA,0.773670344,NA,0.013113857
"KIAA0776","Lymphocyte","PTSD","Wald ratio",1,0.27,0.217,1.311,0.212,NA,NA,NA,0.016358404
"ANKH","Lymphocyte","PTSD","Wald ratio",1,-0.046,0.037,0.955,0.212,NA,NA,NA,0.015944234
"COL4A2","Lymphocyte","PTSD","Weighted mode",3,-0.029,0.016,0.972,0.213,0.00817109,0.026474802,0.877054419,0.054873095
"MIR1207","Lymphocyte","PTSD","Wald ratio",1,-0.035,0.028,0.966,0.214,NA,NA,NA,0.016081759
"LIPA","Lymphocyte","PTSD","Wald ratio",1,0.047,0.038,1.048,0.214,NA,NA,NA,0.02319509
"DBX2","Lymphocyte","PTSD","Wald ratio",1,-0.038,0.031,0.963,0.214,NA,NA,NA,0.024841341
"DNMT3L","Lymphocyte","PTSD","Wald ratio",1,-0.021,0.017,0.979,0.214,NA,NA,NA,0.015736347
"RIPK4","Lymphocyte","PTSD","Wald ratio",1,-0.027,0.022,0.974,0.215,NA,NA,NA,0.018274167
"CLIP3","Lymphocyte","PTSD","Wald ratio",1,0.021,0.017,1.021,0.215,NA,NA,NA,0.011015566
"TBCB","Lymphocyte","PTSD","Wald ratio",1,0.022,0.018,1.022,0.215,NA,NA,NA,0.016636807
"HK1","Lymphocyte","PTSD","Wald ratio",1,0.025,0.02,1.025,0.215,NA,NA,NA,0.018354348
"TMEM97","Lymphocyte","PTSD","Wald ratio",1,0.042,0.034,1.043,0.215,NA,NA,NA,0.015810184
"RXRA","Lymphocyte","PTSD","Wald ratio",1,0.041,0.033,1.042,0.215,NA,NA,NA,0.018350556
"UBASH3B","Lymphocyte","PTSD","Wald ratio",1,-0.026,0.021,0.974,0.215,NA,NA,NA,0.021335411
"SH3RF2","Lymphocyte","PTSD","Wald ratio",1,0.036,0.029,1.037,0.215,NA,NA,NA,0.025829402
"MAP1B","Lymphocyte","PTSD","Wald ratio",1,-0.057,0.046,0.945,0.215,NA,NA,NA,0.019234803
"TRPC3","Lymphocyte","PTSD","Inverse variance weighted",2,0.018,0.014,1.018,0.216,NA,0.294853511,NA,0.032751577
"TRPM1","Lymphocyte","PTSD","Wald ratio",1,0.022,0.018,1.023,0.216,NA,NA,NA,0.015956275
"ATXN7","Lymphocyte","PTSD","Wald ratio",1,-0.027,0.022,0.973,0.216,NA,NA,NA,0.021743203
"LPHN3","Lymphocyte","PTSD","Wald ratio",1,0.051,0.041,1.053,0.216,NA,NA,NA,0.017262121
"CLNK","Lymphocyte","PTSD","Inverse variance weighted",2,0.029,0.023,1.029,0.217,NA,0.107104212,NA,0.011252664
"LOC202781","Lymphocyte","PTSD","Wald ratio",1,-0.022,0.018,0.979,0.217,NA,NA,NA,0.016510043
"ST8SIA3","Lymphocyte","PTSD","Wald ratio",1,0.089,0.072,1.093,0.217,NA,NA,NA,0.02040188
"MLYCD","Lymphocyte","PTSD","Wald ratio",1,1.55,1.258,4.712,0.218,NA,NA,NA,0.032702434
"HK2","Lymphocyte","PTSD","Wald ratio",1,-0.024,0.02,0.976,0.218,NA,NA,NA,0.019658942
"DSCR6","Lymphocyte","PTSD","Wald ratio",1,-0.07,0.057,0.933,0.218,NA,NA,NA,0.016653306
"MSRB2","Lymphocyte","PTSD","Wald ratio",1,-0.057,0.047,0.944,0.219,NA,NA,NA,0.015827088
"FBXL4","Lymphocyte","PTSD","Wald ratio",1,0.02,0.016,1.02,0.219,NA,NA,NA,0.015416952
"JDP2","Lymphocyte","PTSD","Wald ratio",1,0.308,0.251,1.361,0.219,NA,NA,NA,0.015412585
"RBP4","Lymphocyte","PTSD","Wald ratio",1,-0.039,0.031,0.962,0.219,NA,NA,NA,0.028183523
"KRTAP8-1","Lymphocyte","PTSD","Wald ratio",1,-0.021,0.017,0.979,0.219,NA,NA,NA,0.013046536
"NFU1","Lymphocyte","PTSD","Wald ratio",1,0.097,0.079,1.102,0.219,NA,NA,NA,0.015485978
"KRTAP7-1","Lymphocyte","PTSD","Wald ratio",1,-0.021,0.017,0.979,0.219,NA,NA,NA,0.015485978
"TCP10L","Lymphocyte","PTSD","Wald ratio",1,0.031,0.025,1.032,0.219,NA,NA,NA,0.02415268
"C7orf41","Lymphocyte","PTSD","Wald ratio",1,0.066,0.054,1.069,0.22,NA,NA,NA,0.016384882
"PDE4D","Lymphocyte","PTSD","Inverse variance weighted",3,-0.029,0.024,0.971,0.22,0.900377806,0.421957505,0.415617669,0.009332231
"KIAA1217","Lymphocyte","PTSD","Weighted mode",3,0.042,0.024,1.043,0.22,0.271365668,0.445168582,0.66479745,0.017604918
"NTM","Lymphocyte","PTSD","Weighted mode",5,-0.021,0.015,0.979,0.221,0.160007013,0.270357513,0.969788004,0.008301075
"TIFAB","Lymphocyte","PTSD","Wald ratio",1,-0.071,0.058,0.932,0.221,NA,NA,NA,0.015212153
"TMEM150B","Lymphocyte","PTSD","Wald ratio",1,-0.019,0.015,0.981,0.221,NA,NA,NA,0.007778599
"ATP8A2","Lymphocyte","PTSD","Weighted mode",3,0.025,0.014,1.026,0.221,0.372227858,0.66391936,0.90423213,0.007992221
"AKAP8L","Lymphocyte","PTSD","Wald ratio",1,-0.166,0.135,0.847,0.221,NA,NA,NA,0.024424876
"NOTCH3","Lymphocyte","PTSD","Wald ratio",1,-0.122,0.1,0.885,0.221,NA,NA,NA,0.024424895
"ZNF767","Lymphocyte","PTSD","Wald ratio",1,-0.042,0.034,0.959,0.221,NA,NA,NA,0.015702751
"NOL10","Lymphocyte","PTSD","Wald ratio",1,0.597,0.488,1.817,0.221,NA,NA,NA,0.016601059
"ODC1","Lymphocyte","PTSD","Wald ratio",1,0.294,0.24,1.342,0.221,NA,NA,NA,0.016601052
"RYR1","Lymphocyte","PTSD","Wald ratio",1,0.135,0.11,1.144,0.222,NA,NA,NA,0.025023393
"FURIN","Lymphocyte","PTSD","Wald ratio",1,-0.035,0.029,0.966,0.222,NA,NA,NA,0.017637107
"BMP4","Lymphocyte","PTSD","Wald ratio",1,-0.054,0.044,0.947,0.222,NA,NA,NA,0.015847585
"MASP1","Lymphocyte","PTSD","Wald ratio",1,-0.029,0.024,0.972,0.222,NA,NA,NA,0.020766175
"CLEC17A","Lymphocyte","PTSD","Wald ratio",1,0.02,0.016,1.02,0.223,NA,NA,NA,0.012572151
"AJAP1","Lymphocyte","PTSD","Simple mode",3,-0.044,0.025,0.957,0.223,0.791618692,0.685312327,0.55964041,0.007497284
"OPN3","Lymphocyte","PTSD","Wald ratio",1,0.097,0.08,1.102,0.224,NA,NA,NA,0.016474833
"FAM20C","Lymphocyte","PTSD","Wald ratio",1,-0.43,0.353,0.65,0.224,NA,NA,NA,0.015580046
"PPM1B","Lymphocyte","PTSD","Wald ratio",1,-0.199,0.163,0.82,0.224,NA,NA,NA,0.015577334
"PPP3R1","Lymphocyte","PTSD","Wald ratio",1,-0.035,0.029,0.965,0.224,NA,NA,NA,0.015648003
"C9orf171","Lymphocyte","PTSD","Wald ratio",1,-0.027,0.023,0.973,0.225,NA,NA,NA,0.021193598
"BCL9","Lymphocyte","PTSD","Wald ratio",1,0.058,0.048,1.06,0.225,NA,NA,NA,0.015725669
"DHX35","Lymphocyte","PTSD","Wald ratio",1,0.116,0.095,1.123,0.225,NA,NA,NA,0.016214993
"NDUFS5","Lymphocyte","PTSD","Wald ratio",1,-0.023,0.019,0.978,0.225,NA,NA,NA,0.014754164
"MACF1","Lymphocyte","PTSD","Wald ratio",1,-0.031,0.025,0.97,0.225,NA,NA,NA,0.015311571
"AKIRIN1","Lymphocyte","PTSD","Wald ratio",1,-0.161,0.133,0.851,0.225,NA,NA,NA,0.015311571
"ACSS2","Lymphocyte","PTSD","Wald ratio",1,0.028,0.023,1.028,0.226,NA,NA,NA,0.015385849
"CYYR1","Lymphocyte","PTSD","Wald ratio",1,-0.024,0.02,0.976,0.226,NA,NA,NA,0.015458949
"CCBL2","Lymphocyte","PTSD","Wald ratio",1,-0.022,0.018,0.979,0.226,NA,NA,NA,0.015044677
"CPN2","Lymphocyte","PTSD","Wald ratio",1,0.076,0.063,1.079,0.227,NA,NA,NA,0.016503379
"MAP1D","Lymphocyte","PTSD","Wald ratio",1,-0.131,0.108,0.877,0.227,NA,NA,NA,0.0193166
"DLX1","Lymphocyte","PTSD","Wald ratio",1,-0.141,0.117,0.868,0.227,NA,NA,NA,0.0193166
"LRIG3","Lymphocyte","PTSD","Wald ratio",1,0.041,0.034,1.042,0.227,NA,NA,NA,0.031794296
"PRR24","Lymphocyte","PTSD","Wald ratio",1,0.048,0.04,1.049,0.227,NA,NA,NA,0.017061353
"TULP2","Lymphocyte","PTSD","Wald ratio",1,-0.045,0.038,0.956,0.227,NA,NA,NA,0.022627076
"ARRDC5","Lymphocyte","PTSD","Wald ratio",1,-0.021,0.018,0.979,0.228,NA,NA,NA,0.016165052
"CMTM8","Lymphocyte","PTSD","Wald ratio",1,0.021,0.018,1.022,0.228,NA,NA,NA,0.016650715
"CGN","Lymphocyte","PTSD","Wald ratio",1,-0.49,0.406,0.613,0.228,NA,NA,NA,0.019533618
"CCDC149","Lymphocyte","PTSD","Wald ratio",1,-0.021,0.017,0.979,0.228,NA,NA,NA,0.017117172
"TRIM59","Lymphocyte","PTSD","Wald ratio",1,0.078,0.065,1.081,0.228,NA,NA,NA,0.019132291
"TTC7B","Lymphocyte","PTSD","Inverse variance weighted",3,0.024,0.02,1.024,0.229,0.090812826,0.223995346,0.865102321,0.029998083
"SETD7","Lymphocyte","PTSD","Wald ratio",1,-0.032,0.026,0.969,0.229,NA,NA,NA,0.014503241
"USP44","Lymphocyte","PTSD","Wald ratio",1,-0.027,0.023,0.973,0.229,NA,NA,NA,0.021103004
"HOXA1","Lymphocyte","PTSD","Wald ratio",1,0.026,0.021,1.026,0.229,NA,NA,NA,0.014925476
"SKAP2","Lymphocyte","PTSD","Wald ratio",1,0.018,0.015,1.018,0.229,NA,NA,NA,0.014925482
"OVOL1","Lymphocyte","PTSD","Wald ratio",1,0.025,0.021,1.026,0.229,NA,NA,NA,0.014925325
"EFEMP2","Lymphocyte","PTSD","Wald ratio",1,0.091,0.076,1.095,0.229,NA,NA,NA,0.014925325
"SCARA5","Lymphocyte","PTSD","Wald ratio",1,0.032,0.027,1.033,0.23,NA,NA,NA,0.015486508
"TTC7B","Lymphocyte","PTSD","Simple mode",3,0.038,0.022,1.039,0.23,0.090812826,0.223995346,0.865102321,0.029998083
"EPHA8","Lymphocyte","PTSD","Wald ratio",1,-0.042,0.035,0.959,0.231,NA,NA,NA,0.01563376
"EFCAB4B","Lymphocyte","PTSD","Wald ratio",1,0.468,0.391,1.597,0.231,NA,NA,NA,0.020511912
"TRIO","Lymphocyte","PTSD","Wald ratio",1,0.021,0.017,1.021,0.231,NA,NA,NA,0.016604856
"EFCAB1","Lymphocyte","PTSD","Wald ratio",1,-0.044,0.036,0.957,0.232,NA,NA,NA,0.015296591
"SPON2","Lymphocyte","PTSD","Wald ratio",1,0.038,0.032,1.039,0.232,NA,NA,NA,0.022138505
"KIAA1026","Lymphocyte","PTSD","Inverse variance weighted",3,-0.017,0.014,0.983,0.232,0.650236694,0.47411497,0.459947983,0.01203848
"AGAP3","Lymphocyte","PTSD","Wald ratio",1,-0.02,0.016,0.981,0.232,NA,NA,NA,0.015853826
"KCNV2","Lymphocyte","PTSD","Wald ratio",1,-0.018,0.015,0.982,0.232,NA,NA,NA,0.014881721
"SFT2D1","Lymphocyte","PTSD","Wald ratio",1,0.026,0.022,1.027,0.232,NA,NA,NA,0.014987446
"PRR18","Lymphocyte","PTSD","Wald ratio",1,0.023,0.019,1.023,0.232,NA,NA,NA,0.017382054
"STAT3","Lymphocyte","PTSD","Wald ratio",1,-0.038,0.032,0.962,0.232,NA,NA,NA,0.016420354
"F10","Lymphocyte","PTSD","Wald ratio",1,-0.056,0.047,0.946,0.233,NA,NA,NA,0.022253783
"F7","Lymphocyte","PTSD","Wald ratio",1,-0.035,0.029,0.965,0.233,NA,NA,NA,0.022283189
"FUBP1","Lymphocyte","PTSD","Wald ratio",1,0.796,0.667,2.216,0.233,NA,NA,NA,0.030674289
"TACC3","Lymphocyte","PTSD","Wald ratio",1,-0.04,0.034,0.961,0.233,NA,NA,NA,0.018489669
"UBE2C","Lymphocyte","PTSD","Wald ratio",1,0.168,0.141,1.182,0.233,NA,NA,NA,0.01551715
"CNR1","Lymphocyte","PTSD","Wald ratio",1,0.03,0.025,1.03,0.233,NA,NA,NA,0.022889896
"CPVL","Lymphocyte","PTSD","Wald ratio",1,0.062,0.052,1.064,0.234,NA,NA,NA,0.014615918
"NXN","Lymphocyte","PTSD","MR Egger",4,0.054,0.032,1.055,0.234,0.283745745,0.178144241,0.301864488,0.008758546
"PION","Lymphocyte","PTSD","Wald ratio",1,-0.02,0.017,0.98,0.234,NA,NA,NA,0.015178019
"AOAH","Lymphocyte","PTSD","Inverse variance weighted",2,0.016,0.014,1.017,0.234,NA,0.380975441,NA,0.023534128
"SDHAP3","Lymphocyte","PTSD","Wald ratio",1,-0.171,0.144,0.843,0.235,NA,NA,NA,0.020289499
"CPXM1","Lymphocyte","PTSD","Wald ratio",1,-0.575,0.484,0.563,0.235,NA,NA,NA,0.026148667
"TOM1L1","Lymphocyte","PTSD","Wald ratio",1,0.142,0.119,1.152,0.235,NA,NA,NA,0.025696091
"PTPN14","Lymphocyte","PTSD","Wald ratio",1,-0.029,0.025,0.971,0.235,NA,NA,NA,0.02313478
"KHDC1","Lymphocyte","PTSD","Wald ratio",1,-0.048,0.04,0.953,0.235,NA,NA,NA,0.019407334
"AXL","Lymphocyte","PTSD","Wald ratio",1,0.119,0.101,1.127,0.235,NA,NA,NA,0.01484015
"ADAMTS12","Lymphocyte","PTSD","Wald ratio",1,-0.046,0.039,0.955,0.235,NA,NA,NA,0.024386091
"C10orf72","Lymphocyte","PTSD","Wald ratio",1,-0.027,0.023,0.974,0.236,NA,NA,NA,0.017969051
"ANKDD1A","Lymphocyte","PTSD","Wald ratio",1,0.034,0.029,1.035,0.236,NA,NA,NA,0.014914576
"CUGBP2","Lymphocyte","PTSD","Wald ratio",1,0.039,0.033,1.04,0.236,NA,NA,NA,0.02837474
"DUSP10","Lymphocyte","PTSD","Wald ratio",1,0.018,0.016,1.019,0.237,NA,NA,NA,0.014570844
"chrM3","Lymphocyte","PTSD","Wald ratio",1,0.303,0.257,1.353,0.238,NA,NA,NA,0.028017015
"TGFB2","Lymphocyte","PTSD","Wald ratio",1,0.242,0.205,1.274,0.239,NA,NA,NA,0.014875669
"RRP15","Lymphocyte","PTSD","Wald ratio",1,0.289,0.245,1.335,0.239,NA,NA,NA,0.014872694
"MRPS26","Lymphocyte","PTSD","Wald ratio",1,-0.101,0.086,0.904,0.239,NA,NA,NA,0.014386489
"MSI2","Lymphocyte","PTSD","Simple mode",3,-0.038,0.023,0.962,0.239,0.080482148,0.149142845,0.707050237,0.044983833
"ELFN2","Lymphocyte","PTSD","Wald ratio",1,-0.023,0.02,0.977,0.24,NA,NA,NA,0.015512105
"NUB1","Lymphocyte","PTSD","Wald ratio",1,-0.024,0.02,0.976,0.24,NA,NA,NA,0.019254649
"KRT1","Lymphocyte","PTSD","Wald ratio",1,-0.026,0.022,0.974,0.24,NA,NA,NA,0.019250493
"WDR1","Lymphocyte","PTSD","Wald ratio",1,0.038,0.032,1.038,0.24,NA,NA,NA,0.023628223
"CIB3","Lymphocyte","PTSD","Wald ratio",1,-0.031,0.026,0.97,0.24,NA,NA,NA,0.01566412
"MRPS9","Lymphocyte","PTSD","Wald ratio",1,0.018,0.015,1.018,0.24,NA,NA,NA,0.014449918
"BAI1","Lymphocyte","PTSD","Wald ratio",1,-0.127,0.108,0.881,0.24,NA,NA,NA,0.017741951
"ISY1","Lymphocyte","PTSD","Wald ratio",1,0.869,0.74,2.384,0.24,NA,NA,NA,0.024665879
"PLXND1","Lymphocyte","PTSD","Wald ratio",1,0.033,0.028,1.034,0.24,NA,NA,NA,0.024624703
"KIF25","Lymphocyte","PTSD","Wald ratio",1,-0.047,0.04,0.954,0.241,NA,NA,NA,0.020496974
"CCNE1","Lymphocyte","PTSD","Wald ratio",1,0.058,0.049,1.059,0.241,NA,NA,NA,0.014612558
"DENND1A","Lymphocyte","PTSD","Wald ratio",1,-0.038,0.032,0.963,0.241,NA,NA,NA,0.021114568
"CRB2","Lymphocyte","PTSD","Wald ratio",1,-0.029,0.024,0.972,0.241,NA,NA,NA,0.021114568
"TCF25","Lymphocyte","PTSD","Wald ratio",1,-0.034,0.029,0.966,0.241,NA,NA,NA,0.02373829
"PRSS37","Lymphocyte","PTSD","Wald ratio",1,0.024,0.021,1.025,0.241,NA,NA,NA,0.018999314
"C6orf127","Lymphocyte","PTSD","Wald ratio",1,0.038,0.032,1.038,0.241,NA,NA,NA,0.014687588
"CLPS","Lymphocyte","PTSD","Wald ratio",1,0.02,0.017,1.02,0.241,NA,NA,NA,0.014687588
"CACNA1B","Lymphocyte","PTSD","Wald ratio",1,-0.054,0.046,0.948,0.241,NA,NA,NA,0.020065192
"KCNIP4","Lymphocyte","PTSD","Wald ratio",1,-0.167,0.142,0.846,0.242,NA,NA,NA,0.022414024
"UGGT2","Lymphocyte","PTSD","Wald ratio",1,0.041,0.035,1.041,0.242,NA,NA,NA,0.029931387
"GAD2","Lymphocyte","PTSD","Wald ratio",1,-0.062,0.053,0.94,0.242,NA,NA,NA,0.023019418
"LMCD1","Lymphocyte","PTSD","Wald ratio",1,-0.03,0.026,0.971,0.242,NA,NA,NA,0.014349907
"ADCY9","Lymphocyte","PTSD","Inverse variance weighted",2,-0.019,0.016,0.981,0.243,NA,0.945887802,NA,0.008469159
"GRID2","Lymphocyte","PTSD","Wald ratio",1,-0.065,0.056,0.937,0.243,NA,NA,NA,0.028357978
"TTLL11","Lymphocyte","PTSD","Wald ratio",1,0.019,0.016,1.019,0.243,NA,NA,NA,0.014425172
"DAB2IP","Lymphocyte","PTSD","Wald ratio",1,0.019,0.016,1.019,0.243,NA,NA,NA,0.013080177
"RGS12","Lymphocyte","PTSD","Wald ratio",1,0.019,0.016,1.019,0.244,NA,NA,NA,0.014567063
"C9orf5","Lymphocyte","PTSD","Wald ratio",1,0.048,0.041,1.049,0.244,NA,NA,NA,0.015699815
"TRIM75","Lymphocyte","PTSD","Wald ratio",1,0.039,0.033,1.04,0.244,NA,NA,NA,0.029285169
"DPP10","Lymphocyte","PTSD","Inverse variance weighted",2,-0.053,0.046,0.948,0.244,NA,0.430457513,NA,0.012730167
"NMD3","Lymphocyte","PTSD","Wald ratio",1,-0.086,0.074,0.918,0.245,NA,NA,NA,0.014239871
"DUSP4","Lymphocyte","PTSD","Wald ratio",1,-0.029,0.025,0.972,0.246,NA,NA,NA,0.017267979
"P2RX1","Lymphocyte","PTSD","Wald ratio",1,-0.027,0.023,0.973,0.246,NA,NA,NA,0.014949935
"SHOX2","Lymphocyte","PTSD","Wald ratio",1,-0.115,0.099,0.891,0.246,NA,NA,NA,0.020172906
"WDR86","Lymphocyte","PTSD","Wald ratio",1,0.043,0.037,1.044,0.246,NA,NA,NA,0.016149069
"CRYGN","Lymphocyte","PTSD","Wald ratio",1,0.37,0.319,1.447,0.246,NA,NA,NA,0.016149069
"RSPH1","Lymphocyte","PTSD","Wald ratio",1,0.11,0.095,1.116,0.247,NA,NA,NA,0.0181251
"SLC37A1","Lymphocyte","PTSD","Wald ratio",1,0.026,0.022,1.026,0.247,NA,NA,NA,0.018123927
"TBC1D9B","Lymphocyte","PTSD","Wald ratio",1,0.02,0.017,1.02,0.248,NA,NA,NA,0.014054421
"AJAP1","Lymphocyte","PTSD","Weighted mode",3,-0.039,0.024,0.962,0.248,0.791618692,0.685312327,0.55964041,0.007497284
"C8orf48","Lymphocyte","PTSD","Wald ratio",1,-0.254,0.22,0.776,0.248,NA,NA,NA,0.01889558
"TMX4","Lymphocyte","PTSD","Wald ratio",1,1.326,1.148,3.766,0.248,NA,NA,NA,0.028529795
"FAM160A2","Lymphocyte","PTSD","Wald ratio",1,-0.041,0.035,0.96,0.248,NA,NA,NA,0.030784467
"LOC100133469","Lymphocyte","PTSD","Wald ratio",1,0.067,0.058,1.069,0.249,NA,NA,NA,0.044884086
"MAGI2","Lymphocyte","PTSD","Inverse variance weighted",3,0.034,0.029,1.035,0.249,0.797359337,0.216938512,0.333777411,0.010679343
"PDE4D","Lymphocyte","PTSD","Weighted median",3,-0.028,0.024,0.972,0.249,0.900377806,0.421957505,0.415617669,0.009332231
"CTSL1","Lymphocyte","PTSD","Wald ratio",1,-0.043,0.037,0.958,0.25,NA,NA,NA,0.014515962
"LQK1","Lymphocyte","PTSD","Wald ratio",1,-0.022,0.02,0.978,0.251,NA,NA,NA,0.015226429
"CPEB2","Lymphocyte","PTSD","Wald ratio",1,-0.023,0.02,0.977,0.251,NA,NA,NA,0.014664383
"SULF2","Lymphocyte","PTSD","Wald ratio",1,-0.091,0.079,0.913,0.251,NA,NA,NA,0.014102686
"GPR88","Lymphocyte","PTSD","Wald ratio",1,0.018,0.016,1.018,0.251,NA,NA,NA,0.014100238
"ZNHIT6","Lymphocyte","PTSD","Wald ratio",1,0.092,0.08,1.096,0.253,NA,NA,NA,0.021929958
"UGT2B7","Lymphocyte","PTSD","Wald ratio",1,0.017,0.015,1.018,0.253,NA,NA,NA,0.01383882
"CDC42EP3","Lymphocyte","PTSD","Wald ratio",1,-0.375,0.329,0.687,0.254,NA,NA,NA,0.013913692
"CD300A","Lymphocyte","PTSD","Wald ratio",1,-0.031,0.027,0.97,0.254,NA,NA,NA,0.01399889
"CD300LB","Lymphocyte","PTSD","Wald ratio",1,-0.042,0.037,0.959,0.254,NA,NA,NA,0.01399889
"TMEM171","Lymphocyte","PTSD","Wald ratio",1,0.06,0.052,1.061,0.254,NA,NA,NA,0.017326275
"TNFRSF11A","Lymphocyte","PTSD","Wald ratio",1,0.019,0.017,1.019,0.255,NA,NA,NA,0.015424715
"COG3","Lymphocyte","PTSD","Wald ratio",1,0.173,0.152,1.189,0.255,NA,NA,NA,0.014223686
"SLIT3","Lymphocyte","PTSD","Simple mode",4,0.029,0.021,1.03,0.255,0.105114249,0.211773255,0.990718512,0.045458281
"ARHGAP8","Lymphocyte","PTSD","Wald ratio",1,0.028,0.025,1.029,0.255,NA,NA,NA,0.0143
"RFTN2","Lymphocyte","PTSD","Wald ratio",1,0.058,0.051,1.059,0.256,NA,NA,NA,0.01762674
"ABHD2","Lymphocyte","PTSD","Wald ratio",1,0.365,0.322,1.441,0.256,NA,NA,NA,0.013813176
"IRS2","Lymphocyte","PTSD","Wald ratio",1,-0.022,0.02,0.978,0.257,NA,NA,NA,0.013889681
"GBP3","Lymphocyte","PTSD","Wald ratio",1,-0.021,0.018,0.979,0.257,NA,NA,NA,0.016591137
"ZNF804B","Lymphocyte","PTSD","Wald ratio",1,0.019,0.016,1.019,0.257,NA,NA,NA,0.013971284
"CTSG","Lymphocyte","PTSD","Wald ratio",1,0.031,0.028,1.032,0.257,NA,NA,NA,0.018856232
"SHISA4","Lymphocyte","PTSD","Wald ratio",1,0.331,0.292,1.392,0.257,NA,NA,NA,0.016741405
"FRAS1","Lymphocyte","PTSD","Wald ratio",1,-0.018,0.016,0.982,0.257,NA,NA,NA,0.013994968
"CDC42","Lymphocyte","PTSD","Wald ratio",1,-0.047,0.042,0.954,0.257,NA,NA,NA,0.025260636
"CXCL17","Lymphocyte","PTSD","Wald ratio",1,0.032,0.029,1.033,0.257,NA,NA,NA,0.024666114
"SPIB","Lymphocyte","PTSD","Wald ratio",1,-0.081,0.072,0.922,0.258,NA,NA,NA,0.02276842
"KRT79","Lymphocyte","PTSD","Wald ratio",1,-0.018,0.016,0.982,0.258,NA,NA,NA,0.014121444
"ENPP7","Lymphocyte","PTSD","Wald ratio",1,-0.019,0.017,0.981,0.258,NA,NA,NA,0.014196803
"ASL","Lymphocyte","PTSD","Wald ratio",1,0.017,0.015,1.017,0.258,NA,NA,NA,0.012690796
"TULP4","Lymphocyte","PTSD","Wald ratio",1,-0.033,0.029,0.968,0.259,NA,NA,NA,0.022459569
"JOSD1","Lymphocyte","PTSD","Wald ratio",1,-0.019,0.016,0.982,0.259,NA,NA,NA,0.01434661
"RAI14","Lymphocyte","PTSD","Wald ratio",1,0.051,0.045,1.052,0.259,NA,NA,NA,0.020619757
"TG","Lymphocyte","PTSD","Wald ratio",1,-0.034,0.03,0.966,0.261,NA,NA,NA,0.019750302
"FRMD4B","Lymphocyte","PTSD","Wald ratio",1,-0.046,0.041,0.955,0.261,NA,NA,NA,0.015601861
"FGF4","Lymphocyte","PTSD","Wald ratio",1,0.02,0.018,1.02,0.261,NA,NA,NA,0.01417166
"MAP4K3","Lymphocyte","PTSD","Wald ratio",1,-0.02,0.018,0.98,0.262,NA,NA,NA,0.013533591
"KBTBD3","Lymphocyte","PTSD","Wald ratio",1,0.164,0.146,1.179,0.262,NA,NA,NA,0.02430384
"TSPAN9","Lymphocyte","PTSD","Wald ratio",1,-0.031,0.027,0.97,0.262,NA,NA,NA,0.016724977
"TEAD4","Lymphocyte","PTSD","Wald ratio",1,-0.102,0.091,0.903,0.262,NA,NA,NA,0.017952934
"ACCN1","Lymphocyte","PTSD","Inverse variance weighted",3,-0.015,0.014,0.985,0.263,0.291038492,0.508385705,0.724341632,0.010432276
"TXN2","Lymphocyte","PTSD","Wald ratio",1,-1.05,0.938,0.35,0.263,NA,NA,NA,0.013762632
"EIF3D","Lymphocyte","PTSD","Wald ratio",1,-0.033,0.03,0.967,0.263,NA,NA,NA,0.013762632
"KCNMA1","Lymphocyte","PTSD","Inverse variance weighted",5,-0.01,0.009,0.99,0.263,0.203333993,0.318213886,0.807128922,0.008477545
"WISP1","Lymphocyte","PTSD","Inverse variance weighted",2,-0.019,0.017,0.981,0.263,NA,0.270707906,NA,0.009994219
"LRAT","Lymphocyte","PTSD","Wald ratio",1,0.085,0.076,1.089,0.263,NA,NA,NA,0.013921396
"TRPV6","Lymphocyte","PTSD","Wald ratio",1,-0.033,0.03,0.968,0.264,NA,NA,NA,0.02494986
"SMAD6","Lymphocyte","PTSD","Wald ratio",1,-0.044,0.039,0.957,0.264,NA,NA,NA,0.017776449
"ATIC","Lymphocyte","PTSD","Wald ratio",1,-0.531,0.476,0.588,0.264,NA,NA,NA,0.019329606
"TMEM50A","Lymphocyte","PTSD","Wald ratio",1,-0.781,0.7,0.458,0.265,NA,NA,NA,0.013429529
"ZNF80","Lymphocyte","PTSD","Wald ratio",1,-0.02,0.018,0.98,0.265,NA,NA,NA,0.015731218
"ANKRD45","Lymphocyte","PTSD","Wald ratio",1,0.063,0.057,1.066,0.266,NA,NA,NA,0.013661954
"SLC9A11","Lymphocyte","PTSD","Wald ratio",1,0.017,0.015,1.017,0.266,NA,NA,NA,0.01341481
"MGAT5","Lymphocyte","PTSD","Wald ratio",1,0.031,0.028,1.032,0.266,NA,NA,NA,0.023578944
"LOC151162","Lymphocyte","PTSD","Wald ratio",1,0.033,0.03,1.033,0.266,NA,NA,NA,0.023578944
"GALNTL4","Lymphocyte","PTSD","Inverse variance weighted",2,-0.038,0.034,0.963,0.266,NA,0.180062625,NA,0.012389077
"FERMT1","Lymphocyte","PTSD","Inverse variance weighted",2,0.029,0.026,1.029,0.267,NA,0.83195803,NA,0.018394769
"SNX5","Lymphocyte","PTSD","Wald ratio",1,0.036,0.032,1.037,0.268,NA,NA,NA,0.013412732
"ZMIZ1","Lymphocyte","PTSD","Simple mode",3,-0.03,0.02,0.97,0.268,0.207576686,0.093980768,0.393510342,0.013446346
"SLCO4A1","Lymphocyte","PTSD","Wald ratio",1,-0.057,0.051,0.945,0.268,NA,NA,NA,0.014203417
"C4orf51","Lymphocyte","PTSD","Wald ratio",1,0.298,0.269,1.347,0.268,NA,NA,NA,0.013407844
"C10orf11","Lymphocyte","PTSD","Wald ratio",1,0.017,0.016,1.017,0.268,NA,NA,NA,0.013407844
"DKK3","Lymphocyte","PTSD","Wald ratio",1,-0.068,0.061,0.935,0.268,NA,NA,NA,0.018287834
"ARRB1","Lymphocyte","PTSD","Wald ratio",1,0.089,0.08,1.093,0.269,NA,NA,NA,0.024056164
"TMEM132D","Lymphocyte","PTSD","Weighted mode",3,0.027,0.018,1.027,0.269,0.155508289,0.354260912,0.893006039,0.028499784
"ProSAPiP1","Lymphocyte","PTSD","Wald ratio",1,-0.029,0.026,0.972,0.269,NA,NA,NA,0.017185604
"IFI44","Lymphocyte","PTSD","Wald ratio",1,-0.033,0.03,0.967,0.27,NA,NA,NA,0.013878197
"CACNA2D1","Lymphocyte","PTSD","Inverse variance weighted",2,0.017,0.015,1.017,0.27,NA,0.47395691,NA,0.009264154
"ARRDC2","Lymphocyte","PTSD","Wald ratio",1,-1.135,1.029,0.321,0.27,NA,NA,NA,0.015688946
"TTC7B","Lymphocyte","PTSD","Weighted mode",3,0.023,0.015,1.024,0.27,0.090812826,0.223995346,0.865102321,0.029998083
"KIAA1026","Lymphocyte","PTSD","Weighted median",3,-0.016,0.014,0.984,0.271,0.650236694,0.47411497,0.459947983,0.01203848
"NOD1","Lymphocyte","PTSD","Wald ratio",1,0.28,0.254,1.323,0.271,NA,NA,NA,0.016780812
"RIN3","Lymphocyte","PTSD","Inverse variance weighted",2,0.019,0.017,1.019,0.271,NA,0.322830738,NA,0.026873546
"C2CD4A","Lymphocyte","PTSD","Wald ratio",1,0.025,0.022,1.025,0.271,NA,NA,NA,0.013387809
"GJB3","Lymphocyte","PTSD","Wald ratio",1,-0.032,0.029,0.968,0.271,NA,NA,NA,0.016075286
"FSTL3","Lymphocyte","PTSD","Wald ratio",1,0.021,0.019,1.022,0.271,NA,NA,NA,0.013466225
"PRSSL1","Lymphocyte","PTSD","Wald ratio",1,0.05,0.046,1.051,0.271,NA,NA,NA,0.013464656
"C20orf160","Lymphocyte","PTSD","Wald ratio",1,0.139,0.127,1.149,0.271,NA,NA,NA,0.017790808
"GRAMD4","Lymphocyte","PTSD","Wald ratio",1,-0.027,0.024,0.973,0.271,NA,NA,NA,0.017790808
"ATXN7L1","Lymphocyte","PTSD","Inverse variance weighted",2,-0.014,0.012,0.986,0.273,NA,0.570357729,NA,0.007716025
"WDR19","Lymphocyte","PTSD","Wald ratio",1,0.034,0.031,1.034,0.273,NA,NA,NA,0.021009593
"NTM","Lymphocyte","PTSD","Simple mode",5,-0.021,0.016,0.98,0.273,0.160007013,0.270357513,0.969788004,0.008301075
"TMEM132D","Lymphocyte","PTSD","Inverse variance weighted",3,0.014,0.012,1.014,0.273,0.155508289,0.354260912,0.893006039,0.028499784
"SV2C","Lymphocyte","PTSD","Wald ratio",1,0.024,0.022,1.025,0.274,NA,NA,NA,0.018700106
"C4orf42","Lymphocyte","PTSD","Wald ratio",1,-0.024,0.022,0.976,0.274,NA,NA,NA,0.0132883
"PTK7","Lymphocyte","PTSD","Wald ratio",1,-0.044,0.04,0.957,0.274,NA,NA,NA,0.030880203
"MEA1","Lymphocyte","PTSD","Wald ratio",1,-0.827,0.756,0.437,0.274,NA,NA,NA,0.030880201
"ERC2","Lymphocyte","PTSD","Weighted median",3,-0.017,0.015,0.984,0.274,0.70950919,0.551509422,0.492019786,0.014356107
"PPP1R1B","Lymphocyte","PTSD","Wald ratio",1,0.035,0.032,1.036,0.274,NA,NA,NA,0.017912455
"ISPD","Lymphocyte","PTSD","Wald ratio",1,0.769,0.703,2.157,0.274,NA,NA,NA,0.019773306
"LATS2","Lymphocyte","PTSD","Wald ratio",1,0.021,0.019,1.021,0.274,NA,NA,NA,0.015266086
"LPAR1","Lymphocyte","PTSD","Wald ratio",1,0.028,0.025,1.028,0.274,NA,NA,NA,0.013450473
"HIAT1","Lymphocyte","PTSD","Wald ratio",1,-0.049,0.045,0.952,0.274,NA,NA,NA,0.030238977
"SCAMP4","Lymphocyte","PTSD","Wald ratio",1,0.065,0.06,1.067,0.275,NA,NA,NA,0.021674819
"ZFYVE21","Lymphocyte","PTSD","Wald ratio",1,-0.036,0.033,0.964,0.275,NA,NA,NA,0.028163664
"SESN1","Lymphocyte","PTSD","Wald ratio",1,0.048,0.044,1.049,0.276,NA,NA,NA,0.021285627
"EVPLL","Lymphocyte","PTSD","Wald ratio",1,0.034,0.031,1.035,0.276,NA,NA,NA,0.013755683
"SHMT1","Lymphocyte","PTSD","Wald ratio",1,0.057,0.053,1.059,0.276,NA,NA,NA,0.013755683
"C9orf84","Lymphocyte","PTSD","Wald ratio",1,0.023,0.021,1.024,0.276,NA,NA,NA,0.015729647
"WBSCR28","Lymphocyte","PTSD","Wald ratio",1,-0.02,0.018,0.981,0.276,NA,NA,NA,0.013915043
"F13A1","Lymphocyte","PTSD","Wald ratio",1,-0.246,0.226,0.782,0.277,NA,NA,NA,0.016113654
"PVRL1","Lymphocyte","PTSD","Wald ratio",1,0.022,0.021,1.023,0.277,NA,NA,NA,0.013194739
"ATP8B1","Lymphocyte","PTSD","Wald ratio",1,0.056,0.051,1.058,0.277,NA,NA,NA,0.025745491
"TUSC1","Lymphocyte","PTSD","Wald ratio",1,0.15,0.138,1.162,0.278,NA,NA,NA,0.013433642
"A1BG","Lymphocyte","PTSD","Wald ratio",1,0.041,0.038,1.042,0.278,NA,NA,NA,0.025437502
"ZSCAN22","Lymphocyte","PTSD","Wald ratio",1,0.046,0.042,1.047,0.278,NA,NA,NA,0.025085764
"NCRNA00181","Lymphocyte","PTSD","Wald ratio",1,0.036,0.033,1.037,0.278,NA,NA,NA,0.025437502
"COL4A3","Lymphocyte","PTSD","Wald ratio",1,0.025,0.023,1.026,0.278,NA,NA,NA,0.019739493
"FA2H","Lymphocyte","PTSD","Wald ratio",1,0.03,0.028,1.03,0.279,NA,NA,NA,0.013742733
"ZDHHC14","Lymphocyte","PTSD","Inverse variance weighted",2,0.016,0.014,1.016,0.279,NA,0.927257666,NA,0.008274301
"FAM38B","Lymphocyte","PTSD","Weighted median",3,-0.019,0.018,0.981,0.279,0.191912366,0.292321699,0.625648091,0.024876384
"KLF13","Lymphocyte","PTSD","Wald ratio",1,-0.148,0.137,0.862,0.279,NA,NA,NA,0.018042763
"HERC1","Lymphocyte","PTSD","Wald ratio",1,-0.16,0.148,0.852,0.28,NA,NA,NA,0.014053871
"APOLD1","Lymphocyte","PTSD","Wald ratio",1,-0.021,0.019,0.979,0.28,NA,NA,NA,0.014053871
"ADAMTS17","Lymphocyte","PTSD","Inverse variance weighted",2,0.025,0.023,1.025,0.28,NA,0.083422313,NA,0.009594136
"IQSEC3","Lymphocyte","PTSD","Inverse variance weighted",2,-0.015,0.014,0.986,0.28,NA,0.971707204,NA,0.007667899
"SCN4B","Lymphocyte","PTSD","Wald ratio",1,-0.358,0.331,0.699,0.28,NA,NA,NA,0.013102379
"MYBPH","Lymphocyte","PTSD","Wald ratio",1,-0.024,0.022,0.976,0.28,NA,NA,NA,0.014206295
"ADAMTS2","Lymphocyte","PTSD","Weighted mode",5,-0.017,0.014,0.983,0.28,0.895312549,0.651761875,0.266412333,0.007826423
"COMT","Lymphocyte","PTSD","Wald ratio",1,0.019,0.017,1.019,0.281,NA,NA,NA,0.013418281
"CNTN1","Lymphocyte","PTSD","Wald ratio",1,-0.139,0.129,0.871,0.281,NA,NA,NA,0.013418281
"CEP68","Lymphocyte","PTSD","Wald ratio",1,0.306,0.283,1.357,0.281,NA,NA,NA,0.013418281
"MECOM","Lymphocyte","PTSD","Wald ratio",1,-0.019,0.018,0.981,0.281,NA,NA,NA,0.013493585
"LASS2","Lymphocyte","PTSD","Wald ratio",1,0.038,0.035,1.038,0.281,NA,NA,NA,0.013493585
"SETDB1","Lymphocyte","PTSD","Wald ratio",1,0.021,0.02,1.021,0.281,NA,NA,NA,0.013493585
"PHACTR1","Lymphocyte","PTSD","Wald ratio",1,-0.02,0.019,0.98,0.281,NA,NA,NA,0.013493585
"CCDC91","Lymphocyte","PTSD","Wald ratio",1,0.019,0.018,1.019,0.282,NA,NA,NA,0.013360047
"OR9Q1","Lymphocyte","PTSD","Wald ratio",1,0.031,0.029,1.031,0.283,NA,NA,NA,0.018636193
"GPR98","Lymphocyte","PTSD","Wald ratio",1,0.039,0.036,1.04,0.283,NA,NA,NA,0.014115723
"GLIPR2","Lymphocyte","PTSD","Wald ratio",1,-0.027,0.026,0.973,0.283,NA,NA,NA,0.01654303
"C14orf23","Lymphocyte","PTSD","Wald ratio",1,0.118,0.11,1.125,0.283,NA,NA,NA,0.018711993
"NRP1","Lymphocyte","PTSD","Wald ratio",1,0.018,0.017,1.018,0.283,NA,NA,NA,0.014277337
"LMO2","Lymphocyte","PTSD","Wald ratio",1,0.024,0.023,1.025,0.284,NA,NA,NA,0.016852639
"C14orf159","Lymphocyte","PTSD","Wald ratio",1,2.318,2.164,10.158,0.284,NA,NA,NA,0.020386893
"KCNQ3","Lymphocyte","PTSD","Wald ratio",1,0.023,0.021,1.023,0.284,NA,NA,NA,0.014584858
"ZNF815","Lymphocyte","PTSD","Wald ratio",1,-0.078,0.072,0.925,0.284,NA,NA,NA,0.013479779
"PRDM1","Lymphocyte","PTSD","Wald ratio",1,0.074,0.069,1.077,0.285,NA,NA,NA,0.021893605
"SLFN12","Lymphocyte","PTSD","Wald ratio",1,-0.045,0.042,0.956,0.286,NA,NA,NA,0.012758094
"RBM24","Lymphocyte","PTSD","Wald ratio",1,0.024,0.022,1.024,0.286,NA,NA,NA,0.012913038
"HDAC4","Lymphocyte","PTSD","MR Egger",3,0.471,0.227,1.602,0.286,0.470641186,0.068430149,0.271514971,0.552273022
"ABCG2","Lymphocyte","PTSD","Wald ratio",1,0.058,0.054,1.059,0.286,NA,NA,NA,0.012997352
"WDR70","Lymphocyte","PTSD","Wald ratio",1,0.032,0.03,1.033,0.287,NA,NA,NA,0.018573252
"TCOF1","Lymphocyte","PTSD","Wald ratio",1,0.023,0.021,1.023,0.287,NA,NA,NA,0.017297755
"CTBS","Lymphocyte","PTSD","Wald ratio",1,0.807,0.758,2.24,0.287,NA,NA,NA,0.019981444
"AASS","Lymphocyte","PTSD","Wald ratio",1,0.029,0.027,1.029,0.288,NA,NA,NA,0.014147407
"CTBP2","Lymphocyte","PTSD","Inverse variance weighted",2,0.026,0.025,1.027,0.288,NA,0.306098319,NA,0.009666467
"LOC388796","Lymphocyte","PTSD","Wald ratio",1,0.042,0.039,1.043,0.288,NA,NA,NA,0.029164239
"CHGA","Lymphocyte","PTSD","Wald ratio",1,-0.042,0.04,0.959,0.289,NA,NA,NA,0.014092375
"PALM2","Lymphocyte","PTSD","Wald ratio",1,-0.018,0.017,0.982,0.289,NA,NA,NA,0.009670823
"GJA3","Lymphocyte","PTSD","Wald ratio",1,0.077,0.072,1.08,0.289,NA,NA,NA,0.012832356
"CAV3","Lymphocyte","PTSD","Wald ratio",1,-0.065,0.061,0.937,0.289,NA,NA,NA,0.014405464
"FAM107B","Lymphocyte","PTSD","Wald ratio",1,0.336,0.317,1.399,0.29,NA,NA,NA,0.017289081
"HOOK1","Lymphocyte","PTSD","Wald ratio",1,-0.54,0.51,0.583,0.29,NA,NA,NA,0.021486441
"ACCN1","Lymphocyte","PTSD","Weighted median",3,-0.014,0.014,0.986,0.29,0.291038492,0.508385705,0.724341632,0.010432276
"PRICKLE2","Lymphocyte","PTSD","Wald ratio",1,0.156,0.148,1.169,0.291,NA,NA,NA,0.019357996
"MSI2","Lymphocyte","PTSD","Weighted mode",3,-0.038,0.026,0.963,0.291,0.080482148,0.149142845,0.707050237,0.044983833
"MSI2","Lymphocyte","PTSD","Inverse variance weighted",3,-0.017,0.016,0.983,0.291,0.080482148,0.149142845,0.707050237,0.044983833
"HIP1R","Lymphocyte","PTSD","Wald ratio",1,-0.027,0.026,0.973,0.291,NA,NA,NA,0.019735382
"RNF139","Lymphocyte","PTSD","Wald ratio",1,0.031,0.03,1.032,0.292,NA,NA,NA,0.012581261
"CHAT","Lymphocyte","PTSD","Wald ratio",1,0.016,0.016,1.017,0.292,NA,NA,NA,0.01273594
"COPS3","Lymphocyte","PTSD","Wald ratio",1,-0.9,0.855,0.407,0.292,NA,NA,NA,0.0159604
"C11orf51","Lymphocyte","PTSD","Wald ratio",1,0.991,0.943,2.695,0.293,NA,NA,NA,0.027129454
"LOC283663","Lymphocyte","PTSD","Wald ratio",1,0.03,0.029,1.031,0.294,NA,NA,NA,0.015638983
"DSEL","Lymphocyte","PTSD","Wald ratio",1,-0.397,0.379,0.672,0.295,NA,NA,NA,0.012572038
"CCNI","Lymphocyte","PTSD","Wald ratio",1,0.022,0.021,1.023,0.295,NA,NA,NA,0.012651504
"PPFIA4","Lymphocyte","PTSD","Wald ratio",1,-0.019,0.018,0.982,0.295,NA,NA,NA,0.012633668
"ANK1","Lymphocyte","PTSD","Wald ratio",1,-0.266,0.254,0.766,0.296,NA,NA,NA,0.014615365
"PTCHD3","Lymphocyte","PTSD","Wald ratio",1,0.025,0.024,1.025,0.296,NA,NA,NA,0.014615347
"NKX6-3","Lymphocyte","PTSD","Wald ratio",1,-0.091,0.087,0.913,0.296,NA,NA,NA,0.014615365
"SNX18","Lymphocyte","PTSD","Wald ratio",1,-0.049,0.047,0.952,0.296,NA,NA,NA,0.025012846
"ERC2","Lymphocyte","PTSD","Inverse variance weighted",3,-0.015,0.015,0.985,0.296,0.70950919,0.551509422,0.492019786,0.014356107
"KIAA0748","Lymphocyte","PTSD","Wald ratio",1,-0.047,0.045,0.954,0.297,NA,NA,NA,0.015479108
"RNF17","Lymphocyte","PTSD","Wald ratio",1,-0.019,0.018,0.982,0.297,NA,NA,NA,0.011298509
"DCAKD","Lymphocyte","PTSD","Wald ratio",1,-0.293,0.281,0.746,0.297,NA,NA,NA,0.028104885
"LRRC33","Lymphocyte","PTSD","Wald ratio",1,0.025,0.024,1.025,0.297,NA,NA,NA,0.013755346
"CRIP3","Lymphocyte","PTSD","Wald ratio",1,-0.215,0.207,0.806,0.298,NA,NA,NA,0.020085429
"DHX58","Lymphocyte","PTSD","Wald ratio",1,0.021,0.02,1.021,0.298,NA,NA,NA,0.016404976
"SFRS8","Lymphocyte","PTSD","Wald ratio",1,-0.016,0.015,0.984,0.298,NA,NA,NA,0.012486573
"MAGI2","Lymphocyte","PTSD","MR Egger",3,0.239,0.121,1.27,0.298,0.797359337,0.216938512,0.333777411,0.010679343
"COQ3","Lymphocyte","PTSD","Wald ratio",1,0.033,0.031,1.033,0.298,NA,NA,NA,0.012564314
"C8orf71","Lymphocyte","PTSD","Wald ratio",1,-0.023,0.022,0.977,0.298,NA,NA,NA,0.016635924
"SLC7A4","Lymphocyte","PTSD","Wald ratio",1,-0.019,0.018,0.981,0.298,NA,NA,NA,0.012804973
"C8orf85","Lymphocyte","PTSD","Wald ratio",1,0.053,0.051,1.054,0.298,NA,NA,NA,0.01272203
"PLD1","Lymphocyte","PTSD","Wald ratio",1,0.129,0.124,1.138,0.299,NA,NA,NA,0.017021483
"IKZF1","Lymphocyte","PTSD","Wald ratio",1,0.032,0.03,1.032,0.299,NA,NA,NA,0.012879664
"CD9","Lymphocyte","PTSD","Wald ratio",1,-0.053,0.051,0.948,0.299,NA,NA,NA,0.013037035
"FAM110B","Lymphocyte","PTSD","Inverse variance weighted",2,0.017,0.016,1.017,0.299,NA,0.39151619,NA,0.011989936
"XPO6","Lymphocyte","PTSD","Wald ratio",1,-0.02,0.02,0.98,0.3,NA,NA,NA,0.011143327
"GABRB1","Lymphocyte","PTSD","Wald ratio",1,-0.018,0.017,0.982,0.3,NA,NA,NA,0.013662669
"GABRA4","Lymphocyte","PTSD","Wald ratio",1,-0.034,0.033,0.967,0.3,NA,NA,NA,0.013662669
"KIAA0040","Lymphocyte","PTSD","Wald ratio",1,1.075,1.038,2.93,0.3,NA,NA,NA,0.013900909
"ANK2","Lymphocyte","PTSD","Inverse variance weighted",2,-0.017,0.016,0.984,0.3,NA,0.33017312,NA,0.010388437
"ZNF677","Lymphocyte","PTSD","Wald ratio",1,-0.429,0.415,0.651,0.301,NA,NA,NA,0.014212094
"ST3GAL1","Lymphocyte","PTSD","Inverse variance weighted",3,-0.023,0.023,0.977,0.301,0.405739715,0.327176886,0.431478646,0.034791661
"FARP2","Lymphocyte","PTSD","Wald ratio",1,-0.037,0.036,0.963,0.301,NA,NA,NA,0.016933991
"STK25","Lymphocyte","PTSD","Wald ratio",1,-0.025,0.024,0.975,0.301,NA,NA,NA,0.016933509
"MFSD4","Lymphocyte","PTSD","Wald ratio",1,-0.383,0.37,0.682,0.301,NA,NA,NA,0.012402216
"C17orf48","Lymphocyte","PTSD","Wald ratio",1,0.017,0.016,1.017,0.301,NA,NA,NA,0.012479847
"CNTNAP4","Lymphocyte","PTSD","Wald ratio",1,-0.046,0.045,0.955,0.302,NA,NA,NA,0.01279473
"RPL37","Lymphocyte","PTSD","Wald ratio",1,-0.396,0.384,0.673,0.302,NA,NA,NA,0.022842135
"NCK1","Lymphocyte","PTSD","Wald ratio",1,-1.64,1.59,0.194,0.302,NA,NA,NA,0.013269269
"TMEM22","Lymphocyte","PTSD","Wald ratio",1,-0.043,0.041,0.958,0.302,NA,NA,NA,0.013270792
"GINS3","Lymphocyte","PTSD","Wald ratio",1,-0.843,0.817,0.43,0.302,NA,NA,NA,0.023286535
"CACNA1D","Lymphocyte","PTSD","Wald ratio",1,-0.03,0.029,0.971,0.303,NA,NA,NA,0.01624026
"LOC285768","Lymphocyte","PTSD","Wald ratio",1,-0.028,0.028,0.972,0.303,NA,NA,NA,0.021580553
"SKAP1","Lymphocyte","PTSD","Wald ratio",1,-0.02,0.02,0.98,0.303,NA,NA,NA,0.013530732
"OPTN","Lymphocyte","PTSD","Wald ratio",1,0.026,0.025,1.026,0.303,NA,NA,NA,0.019611187
"NHEDC2","Lymphocyte","PTSD","Wald ratio",1,0.041,0.04,1.042,0.305,NA,NA,NA,0.019001915
"CLUL1","Lymphocyte","PTSD","Wald ratio",1,-0.11,0.107,0.896,0.305,NA,NA,NA,0.013342791
"AQP11","Lymphocyte","PTSD","Wald ratio",1,0.024,0.023,1.024,0.306,NA,NA,NA,0.013811644
"CCDC83","Lymphocyte","PTSD","Wald ratio",1,0.117,0.114,1.124,0.306,NA,NA,NA,0.014437885
"CCDC50","Lymphocyte","PTSD","Wald ratio",1,-0.021,0.021,0.979,0.306,NA,NA,NA,0.014360008
"UTS2D","Lymphocyte","PTSD","Wald ratio",1,-0.019,0.018,0.981,0.306,NA,NA,NA,0.008939343
"CAMKK1","Lymphocyte","PTSD","Wald ratio",1,0.019,0.018,1.019,0.306,NA,NA,NA,0.014356705
"SFXN1","Lymphocyte","PTSD","Wald ratio",1,0.808,0.792,2.244,0.308,NA,NA,NA,0.023563748
"NPSR1","Lymphocyte","PTSD","Wald ratio",1,0.027,0.026,1.027,0.308,NA,NA,NA,0.012232699
"MED31","Lymphocyte","PTSD","Wald ratio",1,-0.038,0.037,0.963,0.308,NA,NA,NA,0.012150762
"CDYL2","Lymphocyte","PTSD","Wald ratio",1,0.016,0.016,1.016,0.308,NA,NA,NA,0.012390764
"EFHD1","Lymphocyte","PTSD","Wald ratio",1,0.018,0.018,1.019,0.308,NA,NA,NA,0.012228598
"IL20RA","Lymphocyte","PTSD","Wald ratio",1,-0.031,0.031,0.969,0.308,NA,NA,NA,0.012539271
"PLA2G4E","Lymphocyte","PTSD","Wald ratio",1,0.022,0.022,1.023,0.308,NA,NA,NA,0.016921718
"NAV2","Lymphocyte","PTSD","MR Egger",3,0.106,0.056,1.112,0.309,0.867886873,0.123261293,0.290226328,0.086384525
"LBH","Lymphocyte","PTSD","Wald ratio",1,0.021,0.021,1.021,0.309,NA,NA,NA,0.014509569
"C6orf10","Lymphocyte","PTSD","Wald ratio",1,-0.022,0.021,0.979,0.31,NA,NA,NA,0.01545086
"MOBP","Lymphocyte","PTSD","Wald ratio",1,0.065,0.064,1.067,0.31,NA,NA,NA,0.015369733
"ITPR1","Lymphocyte","PTSD","Inverse variance weighted",2,-0.022,0.022,0.978,0.311,NA,0.518344865,NA,0.009348791
"RPS6KA2","Lymphocyte","PTSD","Weighted median",7,-0.009,0.009,0.991,0.311,0.764845213,0.855708127,0.858749627,0.013527638
"PLCG2","Lymphocyte","PTSD","Wald ratio",1,0.016,0.015,1.016,0.311,NA,NA,NA,0.012311313
"IFI27L2","Lymphocyte","PTSD","Wald ratio",1,0.184,0.182,1.202,0.311,NA,NA,NA,0.0123891
"NTM","Lymphocyte","PTSD","Inverse variance weighted",5,-0.011,0.011,0.989,0.311,0.160007013,0.270357513,0.969788004,0.008301075
"DUSP5","Lymphocyte","PTSD","Wald ratio",1,-0.093,0.092,0.911,0.311,NA,NA,NA,0.012939784
"C1orf52","Lymphocyte","PTSD","Wald ratio",1,-0.018,0.018,0.982,0.312,NA,NA,NA,0.013681558
"FGF12","Lymphocyte","PTSD","MR Egger",3,0.066,0.035,1.069,0.312,0.17768799,0.010803526,0.295668071,0.012308129
"NXN","Lymphocyte","PTSD","Weighted median",4,0.014,0.013,1.014,0.312,0.283745745,0.178144241,0.301864488,0.008758546
"CRYBB3","Lymphocyte","PTSD","Wald ratio",1,0.036,0.036,1.036,0.313,NA,NA,NA,0.019665804
"CDH13","Lymphocyte","PTSD","Inverse variance weighted",3,0.012,0.012,1.012,0.313,0.971654169,0.773141312,0.604218565,0.008112639
"DMRT1","Lymphocyte","PTSD","Wald ratio",1,0.031,0.031,1.032,0.314,NA,NA,NA,0.012069211
"OXGR1","Lymphocyte","PTSD","Wald ratio",1,0.034,0.033,1.034,0.314,NA,NA,NA,0.012069211
"MKLN1","Lymphocyte","PTSD","Wald ratio",1,-0.016,0.015,0.985,0.314,NA,NA,NA,0.0120676
"SGK269","Lymphocyte","PTSD","Wald ratio",1,-0.016,0.016,0.984,0.314,NA,NA,NA,0.012385508
"ABCC4","Lymphocyte","PTSD","Wald ratio",1,-0.064,0.063,0.938,0.314,NA,NA,NA,0.01246478
"PDXK","Lymphocyte","PTSD","Wald ratio",1,-0.021,0.021,0.979,0.314,NA,NA,NA,0.0132562
"SLC44A4","Lymphocyte","PTSD","Wald ratio",1,-0.065,0.065,0.937,0.314,NA,NA,NA,0.013094624
"TNXB","Lymphocyte","PTSD","Wald ratio",1,-0.041,0.04,0.96,0.314,NA,NA,NA,0.013093756
"ZIK1","Lymphocyte","PTSD","Wald ratio",1,0.061,0.061,1.063,0.314,NA,NA,NA,0.013331393
"CDKN3","Lymphocyte","PTSD","Wald ratio",1,-0.019,0.019,0.981,0.314,NA,NA,NA,0.013488124
"FTSJD1","Lymphocyte","PTSD","Wald ratio",1,-0.294,0.292,0.746,0.315,NA,NA,NA,0.01466587
"PRKG1","Lymphocyte","PTSD","Inverse variance weighted",2,-0.017,0.017,0.983,0.315,NA,0.563783837,NA,0.010610551
"TMEM151B","Lymphocyte","PTSD","Wald ratio",1,-0.023,0.022,0.978,0.315,NA,NA,NA,0.01622177
"ZSCAN18","Lymphocyte","PTSD","Wald ratio",1,-0.034,0.034,0.967,0.315,NA,NA,NA,0.016449035
"POU2F3","Lymphocyte","PTSD","Wald ratio",1,-0.032,0.032,0.968,0.315,NA,NA,NA,0.017451931
"NXN","Lymphocyte","PTSD","Simple mode",4,0.015,0.013,1.015,0.317,0.283745745,0.178144241,0.301864488,0.008758546
"PPT1","Lymphocyte","PTSD","Wald ratio",1,-0.017,0.017,0.983,0.317,NA,NA,NA,0.013332495
"FOXD2","Lymphocyte","PTSD","Wald ratio",1,0.019,0.019,1.019,0.317,NA,NA,NA,0.011691833
"C9orf139","Lymphocyte","PTSD","Wald ratio",1,0.025,0.025,1.025,0.317,NA,NA,NA,0.012621089
"C13orf28","Lymphocyte","PTSD","Wald ratio",1,-0.018,0.018,0.982,0.317,NA,NA,NA,0.012557846
"NPDC1","Lymphocyte","PTSD","Wald ratio",1,0.029,0.029,1.029,0.317,NA,NA,NA,0.012621089
"MAN1B1","Lymphocyte","PTSD","Wald ratio",1,0.017,0.017,1.017,0.317,NA,NA,NA,0.012008583
"EGF","Lymphocyte","PTSD","Wald ratio",1,-0.018,0.018,0.982,0.317,NA,NA,NA,0.012146928
"COL4A3BP","Lymphocyte","PTSD","Wald ratio",1,0.023,0.023,1.023,0.317,NA,NA,NA,0.017757392
"SMPD3","Lymphocyte","PTSD","Wald ratio",1,-0.088,0.088,0.915,0.317,NA,NA,NA,0.014661909
"TAS2R16","Lymphocyte","PTSD","Wald ratio",1,-0.017,0.017,0.983,0.317,NA,NA,NA,0.012699633
"TTR","Lymphocyte","PTSD","Wald ratio",1,-0.022,0.022,0.978,0.317,NA,NA,NA,0.012541716
"ZNF593","Lymphocyte","PTSD","Wald ratio",1,0.017,0.017,1.017,0.317,NA,NA,NA,0.013083322
"CNKSR1","Lymphocyte","PTSD","Wald ratio",1,0.027,0.027,1.027,0.317,NA,NA,NA,0.013092501
"CUX1","Lymphocyte","PTSD","Wald ratio",1,-0.019,0.019,0.981,0.317,NA,NA,NA,0.014580404
"NCOR2","Lymphocyte","PTSD","MR Egger",4,-0.118,0.09,0.888,0.318,0.103849652,0.040855876,0.327766699,0.006093541
"CD180","Lymphocyte","PTSD","Wald ratio",1,-0.05,0.05,0.951,0.319,NA,NA,NA,0.022435571
"C18orf1","Lymphocyte","PTSD","Simple mode",3,-0.02,0.015,0.98,0.319,0.580795012,0.752083052,0.697414767,0.018569631
"GABRG1","Lymphocyte","PTSD","Wald ratio",1,0.029,0.029,1.029,0.32,NA,NA,NA,0.01395783
"PTER","Lymphocyte","PTSD","Wald ratio",1,3.082,3.1,21.798,0.32,NA,NA,NA,0.026448912
"GGT1","Lymphocyte","PTSD","Wald ratio",1,-0.022,0.022,0.979,0.32,NA,NA,NA,0.01309359
"LOC149134","Lymphocyte","PTSD","Wald ratio",1,0.13,0.131,1.139,0.32,NA,NA,NA,0.012936722
"TSPAN33","Lymphocyte","PTSD","Wald ratio",1,-0.023,0.023,0.977,0.32,NA,NA,NA,0.012573747
"HIST1H2BB","Lymphocyte","PTSD","Wald ratio",1,-0.065,0.065,0.937,0.32,NA,NA,NA,0.012857457
"CCR5","Lymphocyte","PTSD","Wald ratio",1,-0.071,0.071,0.932,0.32,NA,NA,NA,0.012778965
"RASSF8","Lymphocyte","PTSD","Wald ratio",1,-0.015,0.015,0.985,0.321,NA,NA,NA,0.011909254
"ACTR3","Lymphocyte","PTSD","Inverse variance weighted",2,0.085,0.086,1.089,0.321,NA,0.275932342,NA,0.02297704
"SPSB4","Lymphocyte","PTSD","Wald ratio",1,0.024,0.024,1.024,0.321,NA,NA,NA,0.018826472
"TMEM18","Lymphocyte","PTSD","Wald ratio",1,0.035,0.035,1.036,0.321,NA,NA,NA,0.018446336
"DENND3","Lymphocyte","PTSD","Inverse variance weighted",2,0.05,0.051,1.052,0.322,NA,0.96801841,NA,0.008129232
"PRKCH","Lymphocyte","PTSD","Inverse variance weighted",2,0.022,0.022,1.022,0.322,NA,0.992721693,NA,0.012428099
"SOX9","Lymphocyte","PTSD","Wald ratio",1,0.126,0.127,1.134,0.322,NA,NA,NA,0.016834778
"NGLY1","Lymphocyte","PTSD","Wald ratio",1,-0.833,0.842,0.435,0.322,NA,NA,NA,0.016061161
"C18orf1","Lymphocyte","PTSD","Weighted mode",3,-0.018,0.014,0.982,0.323,0.580795012,0.752083052,0.697414767,0.018569631
"BMP1","Lymphocyte","PTSD","Wald ratio",1,-0.02,0.021,0.98,0.323,NA,NA,NA,0.014154964
"TMC5","Lymphocyte","PTSD","Wald ratio",1,-0.031,0.032,0.969,0.323,NA,NA,NA,0.013723297
"CCNT1","Lymphocyte","PTSD","Wald ratio",1,-0.048,0.049,0.953,0.323,NA,NA,NA,0.013645079
"PLK1S1","Lymphocyte","PTSD","Wald ratio",1,-0.041,0.041,0.96,0.324,NA,NA,NA,0.012227571
"RDH13","Lymphocyte","PTSD","Wald ratio",1,0.017,0.017,1.017,0.324,NA,NA,NA,0.012146012
"OSGIN1","Lymphocyte","PTSD","Wald ratio",1,0.031,0.031,1.031,0.324,NA,NA,NA,0.011989903
"CERK","Lymphocyte","PTSD","Wald ratio",1,-0.023,0.023,0.977,0.324,NA,NA,NA,0.012067885
"GNASAS","Lymphocyte","PTSD","Wald ratio",1,-0.022,0.023,0.978,0.324,NA,NA,NA,0.011831664
"MIR298","Lymphocyte","PTSD","Wald ratio",1,-0.052,0.053,0.949,0.324,NA,NA,NA,0.011831664
"FLJ44817","Lymphocyte","PTSD","Wald ratio",1,0.089,0.091,1.094,0.325,NA,NA,NA,0.015598573
"RPS6KA2","Lymphocyte","PTSD","Inverse variance weighted",7,-0.007,0.008,0.993,0.325,0.764845213,0.855708127,0.858749627,0.013527638
"RPS6KA2","Lymphocyte","PTSD","Simple mode",7,-0.012,0.012,0.988,0.325,0.764845213,0.855708127,0.858749627,0.013527638
"ST3GAL1","Lymphocyte","PTSD","Weighted mode",3,-0.048,0.037,0.953,0.325,0.405739715,0.327176886,0.431478646,0.034791661
"MYST4","Lymphocyte","PTSD","Wald ratio",1,-0.026,0.026,0.975,0.325,NA,NA,NA,0.018214735
"EMID1","Lymphocyte","PTSD","Wald ratio",1,-0.031,0.031,0.97,0.326,NA,NA,NA,0.0225816
"SDHAP2","Lymphocyte","PTSD","Wald ratio",1,-0.019,0.019,0.981,0.326,NA,NA,NA,0.013557933
"TRIM21","Lymphocyte","PTSD","Wald ratio",1,-0.051,0.052,0.95,0.326,NA,NA,NA,0.017144871
"TIAM2","Lymphocyte","PTSD","Wald ratio",1,-0.019,0.02,0.981,0.326,NA,NA,NA,0.012392195
"UBE2E2","Lymphocyte","PTSD","Inverse variance weighted",2,0.025,0.026,1.025,0.327,NA,0.13482125,NA,0.01510551
"TLN2","Lymphocyte","PTSD","Wald ratio",1,-0.026,0.027,0.974,0.327,NA,NA,NA,0.020343176
"ZNF347","Lymphocyte","PTSD","Wald ratio",1,-0.144,0.147,0.866,0.327,NA,NA,NA,0.011992055
"KLF9","Lymphocyte","PTSD","Wald ratio",1,0.332,0.339,1.394,0.327,NA,NA,NA,0.011835998
"NFKB1","Lymphocyte","PTSD","Wald ratio",1,-0.016,0.016,0.984,0.327,NA,NA,NA,0.011833861
"UCHL3","Lymphocyte","PTSD","Wald ratio",1,-0.015,0.016,0.985,0.327,NA,NA,NA,0.010907148
"RSPH3","Lymphocyte","PTSD","Wald ratio",1,-0.029,0.03,0.971,0.328,NA,NA,NA,0.021602317
"PTPRG","Lymphocyte","PTSD","Wald ratio",1,-0.018,0.018,0.983,0.329,NA,NA,NA,0.013649342
"SLITRK5","Lymphocyte","PTSD","Inverse variance weighted",2,-0.016,0.017,0.984,0.329,NA,0.964125286,NA,0.009291366
"TRPM6","Lymphocyte","PTSD","Wald ratio",1,0.045,0.046,1.046,0.329,NA,NA,NA,0.013492143
"KHNYN","Lymphocyte","PTSD","Wald ratio",1,0.201,0.206,1.223,0.329,NA,NA,NA,0.013335615
"C17orf104","Lymphocyte","PTSD","Wald ratio",1,0.078,0.08,1.081,0.329,NA,NA,NA,0.016377329
"LCMT1","Lymphocyte","PTSD","Wald ratio",1,-0.017,0.017,0.983,0.329,NA,NA,NA,0.013098047
"SLC22A23","Lymphocyte","PTSD","Inverse variance weighted",3,-0.017,0.017,0.983,0.329,0.793616589,0.671759087,0.550471808,0.011518904
"KPRP","Lymphocyte","PTSD","Wald ratio",1,0.023,0.023,1.023,0.33,NA,NA,NA,0.011913419
"SPATA17","Lymphocyte","PTSD","Wald ratio",1,-0.025,0.025,0.976,0.33,NA,NA,NA,0.011915759
"ZNF709","Lymphocyte","PTSD","Wald ratio",1,0.049,0.05,1.05,0.331,NA,NA,NA,0.011678791
"PDGFRL","Lymphocyte","PTSD","Wald ratio",1,0.166,0.17,1.18,0.331,NA,NA,NA,0.014434389
"LSAMP","Lymphocyte","PTSD","MR Egger",4,-0.06,0.047,0.942,0.331,0.783496848,0.338389545,0.231817515,0.03307071
"RPS20","Lymphocyte","PTSD","Wald ratio",1,0.073,0.076,1.076,0.332,NA,NA,NA,0.013179085
"SUMO3","Lymphocyte","PTSD","Wald ratio",1,-0.366,0.377,0.694,0.332,NA,NA,NA,0.013024379
"KCNQ1","Lymphocyte","PTSD","Weighted median",4,0.012,0.012,1.012,0.332,0.91547321,0.962673536,0.772474356,0.009540191
"CLCA2","Lymphocyte","PTSD","Wald ratio",1,-0.016,0.017,0.984,0.332,NA,NA,NA,0.012866864
"SYT3","Lymphocyte","PTSD","Wald ratio",1,0.024,0.025,1.024,0.332,NA,NA,NA,0.015370858
"GPC6","Lymphocyte","PTSD","Inverse variance weighted",2,-0.031,0.032,0.97,0.333,NA,0.882436611,NA,0.008659576
"SKA1","Lymphocyte","PTSD","Wald ratio",1,0.029,0.03,1.03,0.333,NA,NA,NA,0.012232958
"CACNA1C","Lymphocyte","PTSD","MR Egger",4,-0.055,0.043,0.947,0.334,0.997055921,0.784258668,0.41064856,0.019330126
"SENP7","Lymphocyte","PTSD","Wald ratio",1,-0.016,0.017,0.984,0.334,NA,NA,NA,0.011683004
"HRG","Lymphocyte","PTSD","Wald ratio",1,-0.019,0.02,0.981,0.334,NA,NA,NA,0.011603502
"TSNARE1","Lymphocyte","PTSD","Wald ratio",1,0.015,0.015,1.015,0.334,NA,NA,NA,0.011603502
"RPL36AL","Lymphocyte","PTSD","Wald ratio",1,-0.391,0.405,0.677,0.334,NA,NA,NA,0.013577164
"LPAR3","Lymphocyte","PTSD","Inverse variance weighted",2,0.039,0.04,1.04,0.334,NA,0.194681286,NA,0.029576593
"ORC5L","Lymphocyte","PTSD","Wald ratio",1,0.017,0.018,1.017,0.335,NA,NA,NA,0.013343471
"DYSF","Lymphocyte","PTSD","Wald ratio",1,-0.019,0.02,0.981,0.335,NA,NA,NA,0.014756685
"PHOX2B","Lymphocyte","PTSD","Wald ratio",1,-0.054,0.056,0.947,0.336,NA,NA,NA,0.016622737
"TARP","Lymphocyte","PTSD","Wald ratio",1,-0.041,0.043,0.959,0.336,NA,NA,NA,0.020658718
"HCG9","Lymphocyte","PTSD","Wald ratio",1,0.402,0.417,1.494,0.336,NA,NA,NA,0.01861238
"RNF39","Lymphocyte","PTSD","Wald ratio",1,0.027,0.028,1.028,0.336,NA,NA,NA,0.01861238
"NXN","Lymphocyte","PTSD","Inverse variance weighted",4,0.013,0.013,1.013,0.336,0.283745745,0.178144241,0.301864488,0.008758546
"KIAA1549","Lymphocyte","PTSD","Wald ratio",1,0.1,0.104,1.105,0.336,NA,NA,NA,0.01451963
"CNRIP1","Lymphocyte","PTSD","Wald ratio",1,-0.03,0.032,0.97,0.336,NA,NA,NA,0.01239931
"C10orf111","Lymphocyte","PTSD","Wald ratio",1,-1.9,1.975,0.15,0.336,NA,NA,NA,0.01823273
"LOC648740","Lymphocyte","PTSD","Wald ratio",1,-0.026,0.027,0.975,0.336,NA,NA,NA,0.020057334
"SLC1A4","Lymphocyte","PTSD","Wald ratio",1,-0.051,0.053,0.95,0.336,NA,NA,NA,0.016002022
"TCF15","Lymphocyte","PTSD","Wald ratio",1,-0.039,0.041,0.961,0.337,NA,NA,NA,0.013897035
"FLJ16779","Lymphocyte","PTSD","Wald ratio",1,-0.35,0.364,0.705,0.337,NA,NA,NA,0.011926293
"BIRC7","Lymphocyte","PTSD","Wald ratio",1,-0.094,0.097,0.911,0.337,NA,NA,NA,0.011926293
"NKAIN4","Lymphocyte","PTSD","Wald ratio",1,-0.025,0.026,0.975,0.337,NA,NA,NA,0.011926293
"YTHDF1","Lymphocyte","PTSD","Wald ratio",1,-0.072,0.075,0.93,0.337,NA,NA,NA,0.011926017
"LOC400804","Lymphocyte","PTSD","Wald ratio",1,-0.047,0.049,0.954,0.337,NA,NA,NA,0.011846255
"DNAJC6","Lymphocyte","PTSD","Wald ratio",1,0.046,0.048,1.047,0.337,NA,NA,NA,0.011846245
"ARHGEF4","Lymphocyte","PTSD","Wald ratio",1,0.201,0.209,1.223,0.337,NA,NA,NA,0.017546334
"KANK2","Lymphocyte","PTSD","Wald ratio",1,0.016,0.017,1.017,0.337,NA,NA,NA,0.01168811
"CDH13","Lymphocyte","PTSD","Weighted median",3,0.013,0.013,1.013,0.337,0.971654169,0.773141312,0.604218565,0.008112639
"ARHGAP12","Lymphocyte","PTSD","Wald ratio",1,-0.049,0.051,0.952,0.337,NA,NA,NA,0.011529967
"ABLIM3","Lymphocyte","PTSD","Wald ratio",1,-0.019,0.02,0.981,0.337,NA,NA,NA,0.013273291
"RASSF3","Lymphocyte","PTSD","Wald ratio",1,0.272,0.284,1.312,0.338,NA,NA,NA,0.018468222
"NPTN","Lymphocyte","PTSD","Wald ratio",1,-0.871,0.91,0.419,0.338,NA,NA,NA,0.021416695
"AKAP5","Lymphocyte","PTSD","Wald ratio",1,0.345,0.36,1.411,0.338,NA,NA,NA,0.017931841
"ST14","Lymphocyte","PTSD","Wald ratio",1,0.03,0.031,1.03,0.338,NA,NA,NA,0.021266015
"BCL11A","Lymphocyte","PTSD","Wald ratio",1,0.026,0.027,1.026,0.339,NA,NA,NA,0.012640988
"SIK2","Lymphocyte","PTSD","Wald ratio",1,-0.05,0.052,0.951,0.339,NA,NA,NA,0.012483408
"NOSTRIN","Lymphocyte","PTSD","Wald ratio",1,-0.017,0.018,0.983,0.339,NA,NA,NA,0.012382847
"RFFL","Lymphocyte","PTSD","Wald ratio",1,-0.029,0.03,0.972,0.339,NA,NA,NA,0.019007488
"SLC18A1","Lymphocyte","PTSD","Wald ratio",1,0.018,0.018,1.018,0.339,NA,NA,NA,0.013903332
"ZHX2","Lymphocyte","PTSD","Wald ratio",1,-0.02,0.021,0.98,0.34,NA,NA,NA,0.011776251
"GNG4","Lymphocyte","PTSD","Wald ratio",1,0.016,0.017,1.016,0.34,NA,NA,NA,0.01177626
"SORCS2","Lymphocyte","PTSD","MR Egger",4,0.034,0.027,1.034,0.34,0.460296073,0.329024917,0.303415226,0.026896364
"C22orf41","Lymphocyte","PTSD","Wald ratio",1,0.199,0.208,1.22,0.341,NA,NA,NA,0.011613027
"CHKB-CPT1B","Lymphocyte","PTSD","Wald ratio",1,0.015,0.015,1.015,0.341,NA,NA,NA,0.011613027
"KLHDC7B","Lymphocyte","PTSD","Wald ratio",1,0.019,0.02,1.019,0.341,NA,NA,NA,0.011601927
"NAGS","Lymphocyte","PTSD","Wald ratio",1,0.209,0.219,1.232,0.341,NA,NA,NA,0.011534935
"TECTA","Lymphocyte","PTSD","Wald ratio",1,0.015,0.016,1.015,0.341,NA,NA,NA,0.011456808
"TMEM132D","Lymphocyte","PTSD","Simple mode",3,0.026,0.021,1.027,0.341,0.155508289,0.354260912,0.893006039,0.028499784
"PCBP3","Lymphocyte","PTSD","Wald ratio",1,-0.017,0.018,0.983,0.342,NA,NA,NA,0.012645652
"GADL1","Lymphocyte","PTSD","Inverse variance weighted",2,0.022,0.024,1.023,0.342,NA,0.351177863,NA,0.013137252
"CANX","Lymphocyte","PTSD","Wald ratio",1,-0.07,0.073,0.933,0.342,NA,NA,NA,0.012412771
"TEK","Lymphocyte","PTSD","Wald ratio",1,-0.018,0.019,0.982,0.342,NA,NA,NA,0.013909699
"PFN2","Lymphocyte","PTSD","Wald ratio",1,-0.017,0.018,0.983,0.342,NA,NA,NA,0.012332116
"NPS","Lymphocyte","PTSD","Wald ratio",1,-0.016,0.017,0.984,0.342,NA,NA,NA,0.012322068
"HHIP","Lymphocyte","PTSD","Wald ratio",1,-0.024,0.025,0.976,0.342,NA,NA,NA,0.015163253
"ISCA1","Lymphocyte","PTSD","Wald ratio",1,0.02,0.021,1.02,0.342,NA,NA,NA,0.013671683
"SHROOM3","Lymphocyte","PTSD","Inverse variance weighted",2,-0.02,0.022,0.98,0.343,NA,0.368837494,NA,0.016086381
"SNORD93","Lymphocyte","PTSD","Wald ratio",1,0.092,0.097,1.096,0.343,NA,NA,NA,0.011861051
"MSLNL","Lymphocyte","PTSD","Wald ratio",1,-0.018,0.02,0.982,0.344,NA,NA,NA,0.014367729
"PRR25","Lymphocyte","PTSD","Wald ratio",1,-0.023,0.024,0.977,0.344,NA,NA,NA,0.014383926
"CHTF18","Lymphocyte","PTSD","Wald ratio",1,-0.02,0.021,0.981,0.344,NA,NA,NA,0.014384492
"MIR662","Lymphocyte","PTSD","Wald ratio",1,-0.019,0.02,0.981,0.344,NA,NA,NA,0.014384492
"MSLN","Lymphocyte","PTSD","Wald ratio",1,-0.019,0.02,0.981,0.344,NA,NA,NA,0.014384492
"RPUSD1","Lymphocyte","PTSD","Wald ratio",1,-0.019,0.02,0.981,0.344,NA,NA,NA,0.014126816
"LRRC32","Lymphocyte","PTSD","Wald ratio",1,0.041,0.043,1.042,0.344,NA,NA,NA,0.01428352
"C6orf218","Lymphocyte","PTSD","Wald ratio",1,-0.101,0.106,0.904,0.345,NA,NA,NA,0.013916774
"MLNR","Lymphocyte","PTSD","Wald ratio",1,-0.018,0.019,0.983,0.345,NA,NA,NA,0.012339614
"CNNM1","Lymphocyte","PTSD","Wald ratio",1,-0.09,0.096,0.914,0.346,NA,NA,NA,0.018643974
"AGPAT4","Lymphocyte","PTSD","Weighted mode",3,0.027,0.022,1.027,0.346,0.244203174,0.500242694,0.907312207,0.019360754
"EPB41","Lymphocyte","PTSD","Wald ratio",1,0.076,0.08,1.078,0.346,NA,NA,NA,0.022261045
"KIAA0892","Lymphocyte","PTSD","Wald ratio",1,-1.336,1.418,0.263,0.346,NA,NA,NA,0.011946565
"HAPLN4","Lymphocyte","PTSD","Wald ratio",1,-0.171,0.181,0.843,0.346,NA,NA,NA,0.011946565
"LMNB2","Lymphocyte","PTSD","Wald ratio",1,-0.049,0.052,0.952,0.346,NA,NA,NA,0.026496182
"TMPRSS9","Lymphocyte","PTSD","Wald ratio",1,-0.044,0.046,0.957,0.346,NA,NA,NA,0.026496182
"TIMM13","Lymphocyte","PTSD","Wald ratio",1,-0.346,0.367,0.708,0.346,NA,NA,NA,0.026496182
"DEGS2","Lymphocyte","PTSD","Wald ratio",1,-0.021,0.022,0.979,0.347,NA,NA,NA,0.012976661
"TTF1","Lymphocyte","PTSD","Wald ratio",1,0.018,0.019,1.018,0.347,NA,NA,NA,0.014157933
"EYA1","Lymphocyte","PTSD","Wald ratio",1,0.032,0.034,1.032,0.347,NA,NA,NA,0.011627903
"PAEP","Lymphocyte","PTSD","Wald ratio",1,-0.033,0.035,0.967,0.347,NA,NA,NA,0.013767283
"SOCS5","Lymphocyte","PTSD","Wald ratio",1,-0.042,0.045,0.959,0.348,NA,NA,NA,0.020996722
"TBL2","Lymphocyte","PTSD","Wald ratio",1,-0.208,0.222,0.812,0.348,NA,NA,NA,0.012505679
"FAM59A","Lymphocyte","PTSD","Wald ratio",1,0.029,0.031,1.03,0.348,NA,NA,NA,0.014866276
"LHFPL2","Lymphocyte","PTSD","Inverse variance weighted",2,-0.015,0.016,0.985,0.348,NA,0.251085363,NA,0.008350985
"SLC33A1","Lymphocyte","PTSD","Wald ratio",1,-0.211,0.225,0.809,0.348,NA,NA,NA,0.013532511
"GMPS","Lymphocyte","PTSD","Wald ratio",1,-0.037,0.039,0.964,0.348,NA,NA,NA,0.013532884
"BCL2L14","Lymphocyte","PTSD","Wald ratio",1,-0.022,0.023,0.979,0.349,NA,NA,NA,0.011964581
"MYCN","Lymphocyte","PTSD","Wald ratio",1,-0.018,0.019,0.983,0.349,NA,NA,NA,0.012032795
"SRD5A2","Lymphocyte","PTSD","Wald ratio",1,-0.038,0.04,0.963,0.349,NA,NA,NA,0.011954798
"SCFD1","Lymphocyte","PTSD","Wald ratio",1,0.765,0.817,2.15,0.349,NA,NA,NA,0.014246823
"TRAM2","Lymphocyte","PTSD","Wald ratio",1,0.086,0.092,1.09,0.349,NA,NA,NA,0.012985089
"GYG1","Lymphocyte","PTSD","Wald ratio",1,-0.036,0.038,0.965,0.35,NA,NA,NA,0.011796017
"KNDC1","Lymphocyte","PTSD","Wald ratio",1,0.191,0.204,1.21,0.35,NA,NA,NA,0.011796012
"CRIP2","Lymphocyte","PTSD","Wald ratio",1,-0.019,0.021,0.981,0.35,NA,NA,NA,0.014024835
"TMEM121","Lymphocyte","PTSD","Wald ratio",1,-0.025,0.026,0.976,0.35,NA,NA,NA,0.014086599
"HEBP1","Lymphocyte","PTSD","Wald ratio",1,0.015,0.016,1.015,0.35,NA,NA,NA,0.011714516
"RGS6","Lymphocyte","PTSD","Wald ratio",1,0.018,0.019,1.018,0.351,NA,NA,NA,0.011246479
"GNG2","Lymphocyte","PTSD","Wald ratio",1,-0.035,0.037,0.966,0.351,NA,NA,NA,0.011243343
"CYB561","Lymphocyte","PTSD","Wald ratio",1,0.015,0.017,1.016,0.351,NA,NA,NA,0.010693011
"CPT1A","Lymphocyte","PTSD","Wald ratio",1,0.019,0.021,1.02,0.352,NA,NA,NA,0.009758472
"RNF6","Lymphocyte","PTSD","Wald ratio",1,-0.03,0.032,0.97,0.352,NA,NA,NA,0.013149346
"SLC25A37","Lymphocyte","PTSD","Wald ratio",1,0.019,0.02,1.019,0.352,NA,NA,NA,0.011808598
"ANK1","Lymphocyte","PTSD","Inverse variance weighted",2,-0.011,0.012,0.989,0.353,NA,0.549801066,NA,0.007803633
"C6orf186","Lymphocyte","PTSD","Inverse variance weighted",2,-0.06,0.064,0.942,0.353,NA,0.191727408,NA,0.022210824
"NIPAL2","Lymphocyte","PTSD","Wald ratio",1,0.035,0.038,1.036,0.353,NA,NA,NA,0.024795176
"IL2RB","Lymphocyte","PTSD","Wald ratio",1,0.433,0.467,1.542,0.353,NA,NA,NA,0.012680421
"HEPACAM2","Lymphocyte","PTSD","Wald ratio",1,-0.015,0.016,0.985,0.353,NA,NA,NA,0.011605048
"RAPGEF4","Lymphocyte","PTSD","Wald ratio",1,0.015,0.016,1.015,0.353,NA,NA,NA,0.011646084
"NXN","Lymphocyte","PTSD","Weighted mode",4,0.014,0.013,1.014,0.353,0.283745745,0.178144241,0.301864488,0.008758546
"SLC37A2","Lymphocyte","PTSD","Wald ratio",1,-0.037,0.04,0.964,0.354,NA,NA,NA,0.015515199
"PPP2R5E","Lymphocyte","PTSD","Wald ratio",1,-1.139,1.228,0.32,0.354,NA,NA,NA,0.016522478
"PLXNA4","Lymphocyte","PTSD","Inverse variance weighted",2,-0.016,0.017,0.984,0.354,NA,0.674979991,NA,0.013042699
"SCUBE1","Lymphocyte","PTSD","Inverse variance weighted",2,0.028,0.03,1.028,0.354,NA,0.461539959,NA,0.015735363
"FAM38B","Lymphocyte","PTSD","Inverse variance weighted",3,-0.019,0.02,0.982,0.354,0.191912366,0.292321699,0.625648091,0.024876384
"FMO1","Lymphocyte","PTSD","Wald ratio",1,0.503,0.543,1.654,0.354,NA,NA,NA,0.012288052
"TANC1","Lymphocyte","PTSD","Inverse variance weighted",2,0.03,0.032,1.031,0.354,NA,0.316698707,NA,0.014309338
"FLJ35220","Lymphocyte","PTSD","Wald ratio",1,0.014,0.015,1.014,0.354,NA,NA,NA,0.011253152
"CHST9","Lymphocyte","PTSD","Wald ratio",1,0.016,0.018,1.016,0.354,NA,NA,NA,0.01228466
"COL4A2","Lymphocyte","PTSD","Simple mode",3,-0.027,0.022,0.974,0.354,0.00817109,0.026474802,0.877054419,0.054873095
"CDX2","Lymphocyte","PTSD","Wald ratio",1,0.022,0.023,1.022,0.355,NA,NA,NA,0.011174593
"PRHOXNB","Lymphocyte","PTSD","Wald ratio",1,0.043,0.047,1.044,0.355,NA,NA,NA,0.011174591
"chrM1","Lymphocyte","PTSD","Wald ratio",1,-0.042,0.045,0.959,0.355,NA,NA,NA,0.013159078
"SYNE1","Lymphocyte","PTSD","Wald ratio",1,-0.201,0.218,0.818,0.355,NA,NA,NA,0.011171404
"LAMB3","Lymphocyte","PTSD","Wald ratio",1,-0.016,0.018,0.984,0.355,NA,NA,NA,0.012927508
"LOC387646","Lymphocyte","PTSD","Wald ratio",1,0.018,0.02,1.018,0.355,NA,NA,NA,0.011894507
"PRR20A","Lymphocyte","PTSD","Wald ratio",1,0.019,0.02,1.019,0.355,NA,NA,NA,0.014740564
"CFHR5","Lymphocyte","PTSD","Wald ratio",1,-0.037,0.04,0.964,0.356,NA,NA,NA,0.018460167
"MT3","Lymphocyte","PTSD","Wald ratio",1,0.019,0.02,1.019,0.356,NA,NA,NA,0.013561013
"MT1X","Lymphocyte","PTSD","Wald ratio",1,0.506,0.548,1.659,0.356,NA,NA,NA,0.013561042
"IGDCC4","Lymphocyte","PTSD","Wald ratio",1,0.128,0.139,1.137,0.357,NA,NA,NA,0.014351529
"EPHA4","Lymphocyte","PTSD","Wald ratio",1,-0.028,0.03,0.973,0.357,NA,NA,NA,0.015212802
"PRKCA","Lymphocyte","PTSD","Weighted median",4,-0.022,0.024,0.978,0.357,0.861051371,0.935731491,0.759794839,0.018166086
"PDLIM1","Lymphocyte","PTSD","Wald ratio",1,-0.027,0.029,0.973,0.357,NA,NA,NA,0.016848792
"TMEM108","Lymphocyte","PTSD","Wald ratio",1,0.016,0.017,1.016,0.357,NA,NA,NA,0.011266814
"SPATA6","Lymphocyte","PTSD","Wald ratio",1,-0.051,0.056,0.95,0.358,NA,NA,NA,0.014750929
"IDH3A","Lymphocyte","PTSD","Wald ratio",1,-0.015,0.016,0.985,0.358,NA,NA,NA,0.011106069
"MDGA2","Lymphocyte","PTSD","Wald ratio",1,-0.014,0.016,0.986,0.358,NA,NA,NA,0.010709916
"NLRP7","Lymphocyte","PTSD","Wald ratio",1,-0.023,0.025,0.977,0.359,NA,NA,NA,0.013648673
"ATP6V0A4","Lymphocyte","PTSD","Wald ratio",1,0.023,0.025,1.023,0.36,NA,NA,NA,0.011590683
"BEND7","Lymphocyte","PTSD","Inverse variance weighted",2,-0.012,0.013,0.989,0.36,NA,0.441117725,NA,0.008350985
"NRCAM","Lymphocyte","PTSD","Wald ratio",1,0.016,0.017,1.016,0.36,NA,NA,NA,0.012228827
"ALDH3B1","Lymphocyte","PTSD","Wald ratio",1,0.027,0.03,1.028,0.361,NA,NA,NA,0.013026409
"UNC93B1","Lymphocyte","PTSD","Wald ratio",1,0.045,0.05,1.047,0.361,NA,NA,NA,0.013026409
"PLEC1","Lymphocyte","PTSD","Inverse variance weighted",2,-0.014,0.015,0.986,0.361,NA,0.962003788,NA,0.015059549
"PPAN-P2RY11","Lymphocyte","PTSD","Wald ratio",1,-0.086,0.094,0.918,0.361,NA,NA,NA,0.017176633
"PPAN","Lymphocyte","PTSD","Wald ratio",1,-0.035,0.039,0.965,0.361,NA,NA,NA,0.017176633
"FAM135B","Lymphocyte","PTSD","Wald ratio",1,-0.016,0.018,0.984,0.361,NA,NA,NA,0.01127815
"PLEC1","Lymphocyte","PTSD","Wald ratio",1,-0.031,0.033,0.97,0.361,NA,NA,NA,0.011275129
"MIR661","Lymphocyte","PTSD","Wald ratio",1,-0.014,0.016,0.986,0.361,NA,NA,NA,0.01127513
"RPRM","Lymphocyte","PTSD","Wald ratio",1,0.021,0.023,1.021,0.361,NA,NA,NA,0.012872148
"TRAK1","Lymphocyte","PTSD","Weighted mode",3,-0.016,0.014,0.984,0.361,0.695412333,0.286864986,0.368332766,0.008332295
"BACE1","Lymphocyte","PTSD","Wald ratio",1,0.017,0.019,1.017,0.362,NA,NA,NA,0.011037645
"PELI2","Lymphocyte","PTSD","Wald ratio",1,0.015,0.016,1.015,0.362,NA,NA,NA,0.010903555
"GPC1","Lymphocyte","PTSD","Wald ratio",1,-0.023,0.025,0.978,0.362,NA,NA,NA,0.016638521
"DIDO1","Lymphocyte","PTSD","Wald ratio",1,0.021,0.023,1.021,0.363,NA,NA,NA,0.011602482
"PODNL1","Lymphocyte","PTSD","Wald ratio",1,0.041,0.045,1.042,0.363,NA,NA,NA,0.013193152
"NANOS3","Lymphocyte","PTSD","Wald ratio",1,0.017,0.019,1.017,0.363,NA,NA,NA,0.013185299
"C19orf57","Lymphocyte","PTSD","Wald ratio",1,0.119,0.131,1.126,0.363,NA,NA,NA,0.013193152
"MIR181C","Lymphocyte","PTSD","Wald ratio",1,0.043,0.048,1.044,0.363,NA,NA,NA,0.013193152
"CDCA2","Lymphocyte","PTSD","Wald ratio",1,0.017,0.019,1.017,0.363,NA,NA,NA,0.011523528
"RASSF2","Lymphocyte","PTSD","Wald ratio",1,0.019,0.021,1.019,0.363,NA,NA,NA,0.011523528
"C16orf61","Lymphocyte","PTSD","Wald ratio",1,0.028,0.031,1.029,0.363,NA,NA,NA,0.013115236
"TGFBRAP1","Lymphocyte","PTSD","Wald ratio",1,-0.102,0.113,0.903,0.363,NA,NA,NA,0.013828418
"PEX5L","Lymphocyte","PTSD","Wald ratio",1,-0.038,0.042,0.963,0.364,NA,NA,NA,0.011368044
"TRAK1","Lymphocyte","PTSD","Simple mode",3,-0.022,0.019,0.978,0.364,0.695412333,0.286864986,0.368332766,0.008332295
"SGSM1","Lymphocyte","PTSD","Wald ratio",1,0.705,0.776,2.023,0.364,NA,NA,NA,0.01208587
"PRKCZ","Lymphocyte","PTSD","Wald ratio",1,0.025,0.027,1.025,0.364,NA,NA,NA,0.013937326
"CLN5","Lymphocyte","PTSD","Wald ratio",1,0.076,0.084,1.079,0.364,NA,NA,NA,0.015950835
"SLC30A9","Lymphocyte","PTSD","Wald ratio",1,-0.057,0.063,0.945,0.364,NA,NA,NA,0.014383889
"CAMTA1","Lymphocyte","PTSD","MR Egger",3,0.431,0.277,1.539,0.364,0.38478322,0.201962527,0.36228365,0.007552695
"SLAIN1","Lymphocyte","PTSD","Wald ratio",1,0.425,0.469,1.53,0.365,NA,NA,NA,0.016499247
"ITPKB","Lymphocyte","PTSD","Wald ratio",1,0.35,0.386,1.419,0.365,NA,NA,NA,0.014226449
"PCGF3","Lymphocyte","PTSD","Wald ratio",1,-0.032,0.035,0.968,0.365,NA,NA,NA,0.012568535
"CPLX1","Lymphocyte","PTSD","Wald ratio",1,-0.025,0.028,0.975,0.365,NA,NA,NA,0.012568936
"FAM19A5","Lymphocyte","PTSD","Inverse variance weighted",2,0.014,0.015,1.014,0.365,NA,0.313650963,NA,0.014922609
"TBR1","Lymphocyte","PTSD","Wald ratio",1,-0.06,0.066,0.942,0.365,NA,NA,NA,0.010972071
"SH3RF3","Lymphocyte","PTSD","Inverse variance weighted",2,-0.017,0.019,0.983,0.365,NA,0.242123141,NA,0.011016575
"ATP10B","Lymphocyte","PTSD","Wald ratio",1,-0.036,0.04,0.965,0.366,NA,NA,NA,0.0147029
"ATP10A","Lymphocyte","PTSD","Inverse variance weighted",2,0.016,0.018,1.016,0.366,NA,0.293273132,NA,0.026843048
"SIM2","Lymphocyte","PTSD","Wald ratio",1,-0.095,0.105,0.909,0.366,NA,NA,NA,0.01225332
"HOTAIR","Lymphocyte","PTSD","Wald ratio",1,0.072,0.079,1.074,0.366,NA,NA,NA,0.011457237
"HOXC10","Lymphocyte","PTSD","Wald ratio",1,0.078,0.086,1.081,0.366,NA,NA,NA,0.011457237
"C6orf125","Lymphocyte","PTSD","Wald ratio",1,-0.229,0.253,0.796,0.367,NA,NA,NA,0.013607567
"CAPSL","Lymphocyte","PTSD","Wald ratio",1,0.069,0.076,1.071,0.367,NA,NA,NA,0.01565758
"ZFYVE28","Lymphocyte","PTSD","Wald ratio",1,-0.018,0.021,0.982,0.368,NA,NA,NA,0.014788512
"MPP6","Lymphocyte","PTSD","Wald ratio",1,-1.405,1.56,0.245,0.368,NA,NA,NA,0.022389377
"C9orf47","Lymphocyte","PTSD","Wald ratio",1,-0.039,0.044,0.961,0.368,NA,NA,NA,0.011140974
"TRAPPC3","Lymphocyte","PTSD","Wald ratio",1,-0.035,0.039,0.966,0.368,NA,NA,NA,0.011785048
"HDAC4","Lymphocyte","PTSD","Weighted mode",3,-0.023,0.02,0.978,0.368,0.470641186,0.068430149,0.271514971,0.552273022
"BNIP3","Lymphocyte","PTSD","Wald ratio",1,-0.017,0.019,0.983,0.368,NA,NA,NA,0.012425731
"MAP2K5","Lymphocyte","PTSD","Wald ratio",1,-0.032,0.036,0.968,0.368,NA,NA,NA,0.018761945
"FREM2","Lymphocyte","PTSD","Wald ratio",1,-0.015,0.017,0.985,0.369,NA,NA,NA,0.011704702
"LOC100129066","Lymphocyte","PTSD","Wald ratio",1,0.047,0.053,1.049,0.369,NA,NA,NA,0.011704702
"UTRN","Lymphocyte","PTSD","Wald ratio",1,0.047,0.052,1.048,0.369,NA,NA,NA,0.010906641
"PCCA","Lymphocyte","PTSD","Wald ratio",1,-0.02,0.022,0.981,0.369,NA,NA,NA,0.011471894
"AFF3","Lymphocyte","PTSD","Wald ratio",1,-0.152,0.17,0.859,0.369,NA,NA,NA,0.0142548
"GZMM","Lymphocyte","PTSD","Wald ratio",1,-0.042,0.047,0.958,0.37,NA,NA,NA,0.023515781
"ST3GAL1","Lymphocyte","PTSD","Weighted median",3,-0.024,0.026,0.977,0.37,0.405739715,0.327176886,0.431478646,0.034791661
"OLA1","Lymphocyte","PTSD","Wald ratio",1,0.028,0.031,1.028,0.371,NA,NA,NA,0.021211002
"TUBGCP2","Lymphocyte","PTSD","Wald ratio",1,0.023,0.026,1.023,0.372,NA,NA,NA,0.016306194
"CALY","Lymphocyte","PTSD","Wald ratio",1,0.027,0.03,1.027,0.372,NA,NA,NA,0.016306192
"ZNF511","Lymphocyte","PTSD","Wald ratio",1,0.913,1.023,2.493,0.372,NA,NA,NA,0.016305301
"GNB4","Lymphocyte","PTSD","Wald ratio",1,0.036,0.04,1.036,0.372,NA,NA,NA,0.01292356
"TFAP2B","Lymphocyte","PTSD","Wald ratio",1,-0.067,0.075,0.936,0.372,NA,NA,NA,0.01677943
"EYA2","Lymphocyte","PTSD","Wald ratio",1,-0.024,0.027,0.976,0.372,NA,NA,NA,0.010843478
"IGFBP3","Lymphocyte","PTSD","Wald ratio",1,0.062,0.069,1.064,0.372,NA,NA,NA,0.010841645
"DPP4","Lymphocyte","PTSD","Wald ratio",1,0.05,0.056,1.051,0.373,NA,NA,NA,0.011484654
"SALL4","Lymphocyte","PTSD","Wald ratio",1,0.02,0.023,1.021,0.373,NA,NA,NA,0.010763463
"ATP9A","Lymphocyte","PTSD","Wald ratio",1,0.124,0.139,1.132,0.373,NA,NA,NA,0.010763463
"ZNF879","Lymphocyte","PTSD","Wald ratio",1,-0.054,0.061,0.947,0.374,NA,NA,NA,0.013168398
"GNG11","Lymphocyte","PTSD","Wald ratio",1,-0.029,0.032,0.972,0.374,NA,NA,NA,0.013089029
"TACC2","Lymphocyte","PTSD","Inverse variance weighted",2,-0.017,0.019,0.983,0.374,NA,0.592494494,NA,0.0201132
"AGPAT4","Lymphocyte","PTSD","Simple mode",3,0.03,0.026,1.03,0.375,0.244203174,0.500242694,0.907312207,0.019360754
"KLHL3","Lymphocyte","PTSD","Wald ratio",1,-0.018,0.02,0.982,0.375,NA,NA,NA,0.011656566
"PDE9A","Lymphocyte","PTSD","Wald ratio",1,0.016,0.018,1.016,0.375,NA,NA,NA,0.012294865
"TTC39A","Lymphocyte","PTSD","Wald ratio",1,0.104,0.118,1.11,0.375,NA,NA,NA,0.018891821
"C1orf150","Lymphocyte","PTSD","Wald ratio",1,-0.059,0.067,0.942,0.376,NA,NA,NA,0.012063329
"IPO7","Lymphocyte","PTSD","Wald ratio",1,0.812,0.918,2.252,0.376,NA,NA,NA,0.011342731
"PTPN21","Lymphocyte","PTSD","Wald ratio",1,-0.021,0.024,0.979,0.376,NA,NA,NA,0.016096589
"C20orf30","Lymphocyte","PTSD","Wald ratio",1,-0.024,0.027,0.976,0.377,NA,NA,NA,0.010699501
"ADNP","Lymphocyte","PTSD","Wald ratio",1,0.04,0.045,1.04,0.377,NA,NA,NA,0.02020034
"KLHL14","Lymphocyte","PTSD","Wald ratio",1,-0.028,0.032,0.972,0.377,NA,NA,NA,0.011261793
"CRBN","Lymphocyte","PTSD","Wald ratio",1,0.342,0.388,1.408,0.377,NA,NA,NA,0.011261793
"COL13A1","Lymphocyte","PTSD","Inverse variance weighted",2,-0.017,0.019,0.983,0.377,NA,0.87112462,NA,0.008757835
"PRDM16","Lymphocyte","PTSD","Weighted mode",4,0.018,0.018,1.018,0.377,0.190087736,0.262430632,0.590113874,0.011854246
"CYB5D2","Lymphocyte","PTSD","Wald ratio",1,0.415,0.47,1.514,0.377,NA,NA,NA,0.01358606
"MAP3K12","Lymphocyte","PTSD","Wald ratio",1,0.082,0.093,1.085,0.377,NA,NA,NA,0.0141423
"ADCK2","Lymphocyte","PTSD","Wald ratio",1,-0.65,0.737,0.522,0.378,NA,NA,NA,0.019902454
"COPS4","Lymphocyte","ANXIETY","Wald ratio",1,0.067,0.077,1.07,0.378,NA,NA,NA,0.009567279
"STARD13","Lymphocyte","PTSD","Wald ratio",1,0.019,0.021,1.019,0.378,NA,NA,NA,0.012155778
"DUSP12","Lymphocyte","PTSD","Wald ratio",1,0.532,0.604,1.702,0.378,NA,NA,NA,0.010949985
"RASL11B","Lymphocyte","PTSD","Wald ratio",1,-0.039,0.044,0.962,0.379,NA,NA,NA,0.012716394
"RASGRF1","Lymphocyte","PTSD","Wald ratio",1,0.02,0.023,1.02,0.379,NA,NA,NA,0.010873657
"SEC61G","Lymphocyte","PTSD","Wald ratio",1,-0.58,0.66,0.56,0.38,NA,NA,NA,0.020982328
"NCOR2","Lymphocyte","PTSD","Weighted median",4,-0.015,0.017,0.985,0.38,0.103849652,0.040855876,0.327766699,0.006093541
"RNGTT","Lymphocyte","PTSD","Wald ratio",1,-0.019,0.022,0.981,0.38,NA,NA,NA,0.014789424
"YEATS4","Lymphocyte","PTSD","Wald ratio",1,-0.022,0.025,0.978,0.38,NA,NA,NA,0.010634307
"BCAR3","Lymphocyte","PTSD","Wald ratio",1,-0.041,0.047,0.96,0.38,NA,NA,NA,0.012325561
"MIR453","Lymphocyte","PTSD","Wald ratio",1,0.017,0.019,1.017,0.381,NA,NA,NA,0.013369171
"MIR134","Lymphocyte","PTSD","Wald ratio",1,0.017,0.019,1.017,0.381,NA,NA,NA,0.013369179
"MIR487A","Lymphocyte","PTSD","Wald ratio",1,0.017,0.02,1.017,0.381,NA,NA,NA,0.013369175
"AQP4","Lymphocyte","PTSD","Wald ratio",1,0.108,0.124,1.115,0.381,NA,NA,NA,0.016684407
"TDRD5","Lymphocyte","PTSD","Wald ratio",1,-0.028,0.032,0.972,0.381,NA,NA,NA,0.019933078
"C1orf125","Lymphocyte","PTSD","Wald ratio",1,-0.025,0.029,0.975,0.381,NA,NA,NA,0.018031067
"BEST4","Lymphocyte","PTSD","Wald ratio",1,-0.014,0.016,0.986,0.381,NA,NA,NA,0.010641184
"SNORD38A","Lymphocyte","PTSD","Wald ratio",1,-0.031,0.035,0.969,0.381,NA,NA,NA,0.011044662
"PTCH2","Lymphocyte","PTSD","Wald ratio",1,-0.016,0.019,0.984,0.381,NA,NA,NA,0.011044888
"KIF2C","Lymphocyte","PTSD","Wald ratio",1,-0.161,0.184,0.851,0.381,NA,NA,NA,0.011044888
"SULF1","Lymphocyte","PTSD","Wald ratio",1,0.017,0.02,1.018,0.381,NA,NA,NA,0.011485547
"ST6GAL2","Lymphocyte","PTSD","Wald ratio",1,-0.02,0.022,0.981,0.381,NA,NA,NA,0.015511042
"XYLT1","Lymphocyte","PTSD","Inverse variance weighted",2,0.014,0.016,1.014,0.382,NA,0.322856332,NA,0.016967927
"FRK","Lymphocyte","PTSD","Wald ratio",1,0.016,0.018,1.016,0.382,NA,NA,NA,0.009707282
"MPG","Lymphocyte","PTSD","Wald ratio",1,0.098,0.112,1.103,0.382,NA,NA,NA,0.015755859
"RADIL","Lymphocyte","PTSD","Wald ratio",1,-0.017,0.019,0.983,0.383,NA,NA,NA,0.013540156
"KIAA0415","Lymphocyte","PTSD","Wald ratio",1,-0.019,0.021,0.981,0.383,NA,NA,NA,0.013540156
"MOGAT2","Lymphocyte","PTSD","Wald ratio",1,0.015,0.017,1.015,0.384,NA,NA,NA,0.010650735
"DGAT2","Lymphocyte","PTSD","Wald ratio",1,0.087,0.099,1.09,0.384,NA,NA,NA,0.010650735
"SPINK2","Lymphocyte","PTSD","Wald ratio",1,0.055,0.063,1.056,0.384,NA,NA,NA,0.010650735
"C13orf34","Lymphocyte","PTSD","Wald ratio",1,-1.267,1.456,0.282,0.384,NA,NA,NA,0.018496946
"PRR16","Lymphocyte","PTSD","Inverse variance weighted",2,-0.02,0.023,0.98,0.384,NA,0.155292863,NA,0.009648201
"WIPF1","Lymphocyte","PTSD","Wald ratio",1,0.253,0.291,1.288,0.384,NA,NA,NA,0.012109786
"PTCH1","Lymphocyte","PTSD","Wald ratio",1,-0.03,0.035,0.97,0.385,NA,NA,NA,0.017805785
"PIK3R1","Lymphocyte","PTSD","Wald ratio",1,-0.017,0.019,0.983,0.385,NA,NA,NA,0.013308712
"ARHGAP10","Lymphocyte","PTSD","Wald ratio",1,0.025,0.029,1.025,0.386,NA,NA,NA,0.017580467
"GPR133","Lymphocyte","PTSD","Weighted mode",3,0.022,0.02,1.022,0.386,0.385177802,0.541026146,0.616004377,0.018194921
"NCOR2","Lymphocyte","PTSD","Weighted mode",4,-0.017,0.017,0.983,0.386,0.103849652,0.040855876,0.327766699,0.006093541
"NCRNA00173","Lymphocyte","PTSD","Wald ratio",1,-0.119,0.137,0.888,0.387,NA,NA,NA,0.021805879
"KLHDC4","Lymphocyte","PTSD","Wald ratio",1,-0.018,0.02,0.982,0.387,NA,NA,NA,0.010667801
"SLC35F1","Lymphocyte","PTSD","Wald ratio",1,0.015,0.017,1.015,0.387,NA,NA,NA,0.011642521
"RFX4","Lymphocyte","PTSD","Wald ratio",1,0.025,0.029,1.025,0.387,NA,NA,NA,0.011078556
"ZMIZ1","Lymphocyte","PTSD","Inverse variance weighted",3,-0.017,0.02,0.983,0.388,0.207576686,0.093980768,0.393510342,0.013446346
"OVCA2","Lymphocyte","PTSD","Wald ratio",1,-0.033,0.038,0.968,0.388,NA,NA,NA,0.020451344
"DPH1","Lymphocyte","PTSD","Wald ratio",1,-1.331,1.542,0.264,0.388,NA,NA,NA,0.020451344
"CAP2","Lymphocyte","PTSD","Wald ratio",1,-0.014,0.016,0.986,0.388,NA,NA,NA,0.011408443
"RPTOR","Lymphocyte","PTSD","MR Egger",3,0.101,0.07,1.106,0.389,0.559306528,0.318091418,0.395639167,0.014327574
"GULP1","Lymphocyte","PTSD","Wald ratio",1,-0.157,0.182,0.855,0.389,NA,NA,NA,0.014300332
"GPAM","Lymphocyte","PTSD","Wald ratio",1,-0.027,0.031,0.974,0.39,NA,NA,NA,0.015092698
"SSTR1","Lymphocyte","PTSD","Inverse variance weighted",2,0.03,0.034,1.03,0.39,NA,0.557140566,NA,0.010172837
"FDX1","Lymphocyte","PTSD","Wald ratio",1,0.013,0.016,1.014,0.39,NA,NA,NA,0.010687514
"ELOVL7","Lymphocyte","PTSD","Inverse variance weighted",2,-0.026,0.03,0.974,0.39,NA,0.203395336,NA,0.058347506
"ERC2","Lymphocyte","PTSD","Weighted mode",3,-0.017,0.015,0.984,0.39,0.70950919,0.551509422,0.492019786,0.014356107
"GPR65","Lymphocyte","PTSD","Wald ratio",1,0.222,0.259,1.249,0.39,NA,NA,NA,0.019325773
"C17orf90","Lymphocyte","PTSD","Wald ratio",1,-0.014,0.016,0.986,0.39,NA,NA,NA,0.010609095
"RCVRN","Lymphocyte","PTSD","Wald ratio",1,-0.018,0.021,0.982,0.39,NA,NA,NA,0.012066983
"ERC2","Lymphocyte","PTSD","MR Egger",3,-0.039,0.028,0.961,0.391,0.70950919,0.551509422,0.492019786,0.014356107
"CALN1","Lymphocyte","PTSD","Wald ratio",1,-0.03,0.035,0.971,0.391,NA,NA,NA,0.010530507
"MFSD6L","Lymphocyte","PTSD","Wald ratio",1,-0.019,0.022,0.981,0.391,NA,NA,NA,0.012473159
"ZADH2","Lymphocyte","PTSD","Wald ratio",1,-0.061,0.071,0.941,0.391,NA,NA,NA,0.017237173
"ADAMTS2","Lymphocyte","PTSD","Simple mode",5,-0.015,0.016,0.985,0.391,0.895312549,0.651761875,0.266412333,0.007826423
"ZMIZ1","Lymphocyte","PTSD","MR Egger",3,-2.198,1.551,0.111,0.391,0.207576686,0.093980768,0.393510342,0.013446346
"FAM38B","Lymphocyte","PTSD","Simple mode",3,-0.033,0.03,0.967,0.391,0.191912366,0.292321699,0.625648091,0.024876384
"KIAA1026","Lymphocyte","PTSD","Weighted mode",3,-0.016,0.015,0.984,0.392,0.650236694,0.47411497,0.459947983,0.01203848
"C22orf43","Lymphocyte","PTSD","Wald ratio",1,-0.013,0.016,0.987,0.392,NA,NA,NA,0.010864236
"FAM198A","Lymphocyte","PTSD","Wald ratio",1,-0.024,0.028,0.976,0.392,NA,NA,NA,0.014241124
"NFKBIA","Lymphocyte","PTSD","Wald ratio",1,-0.051,0.059,0.951,0.392,NA,NA,NA,0.013282138
"ADHFE1","Lymphocyte","PTSD","Wald ratio",1,-0.555,0.648,0.574,0.392,NA,NA,NA,0.013281943
"RGS9","Lymphocyte","PTSD","Wald ratio",1,-0.024,0.028,0.976,0.392,NA,NA,NA,0.018416013
"LOC645323","Lymphocyte","PTSD","Wald ratio",1,-0.145,0.169,0.865,0.392,NA,NA,NA,0.014164709
"MEIG1","Lymphocyte","PTSD","Wald ratio",1,0.014,0.017,1.014,0.392,NA,NA,NA,0.011270642
"ISM2","Lymphocyte","PTSD","Wald ratio",1,-0.116,0.136,0.89,0.392,NA,NA,NA,0.014089598
"LSM6","Lymphocyte","PTSD","Wald ratio",1,-0.014,0.016,0.986,0.393,NA,NA,NA,0.011114923
"ALDOB","Lymphocyte","PTSD","Wald ratio",1,0.031,0.036,1.032,0.393,NA,NA,NA,0.018971135
"PCBP1","Lymphocyte","PTSD","Wald ratio",1,-0.127,0.149,0.881,0.394,NA,NA,NA,0.022411494
"MPZL2","Lymphocyte","PTSD","Wald ratio",1,-0.111,0.13,0.895,0.395,NA,NA,NA,0.010471439
"PDE4D","Lymphocyte","PTSD","Weighted mode",3,-0.027,0.025,0.973,0.395,0.900377806,0.421957505,0.415617669,0.009332231
"IL22RA2","Lymphocyte","PTSD","Wald ratio",1,-0.016,0.019,0.984,0.395,NA,NA,NA,0.013223517
"PADI4","Lymphocyte","PTSD","Wald ratio",1,-0.024,0.029,0.976,0.395,NA,NA,NA,0.017740536
"PLS1","Lymphocyte","PTSD","Wald ratio",1,-0.031,0.036,0.969,0.395,NA,NA,NA,0.014107795
"VGF","Lymphocyte","PTSD","Wald ratio",1,-0.046,0.054,0.955,0.395,NA,NA,NA,0.012258734
"DLC1","Lymphocyte","PTSD","Weighted median",4,-0.01,0.012,0.99,0.395,0.948661,0.964434118,0.719477876,0.009567669
"ASAM","Lymphocyte","PTSD","Wald ratio",1,-0.024,0.029,0.976,0.396,NA,NA,NA,0.011697009
"HMGA2","Lymphocyte","PTSD","Wald ratio",1,-0.025,0.03,0.975,0.396,NA,NA,NA,0.013395743
"XRRA1","Lymphocyte","PTSD","Wald ratio",1,0.695,0.82,2.004,0.397,NA,NA,NA,0.011543274
"URB1","Lymphocyte","PTSD","Wald ratio",1,-0.095,0.113,0.909,0.397,NA,NA,NA,0.016819528
"NAA16","Lymphocyte","PTSD","Wald ratio",1,-0.022,0.027,0.978,0.397,NA,NA,NA,0.013722375
"DOK2","Lymphocyte","PTSD","Wald ratio",1,0.018,0.021,1.018,0.397,NA,NA,NA,0.014126416
"DLGAP2","Lymphocyte","PTSD","Simple mode",3,-0.016,0.015,0.984,0.397,0.552640156,0.66884022,0.623246866,0.011597855
"MAGEF1","Lymphocyte","PTSD","Wald ratio",1,-0.104,0.123,0.901,0.398,NA,NA,NA,0.011386406
"PCDHGA1","Lymphocyte","PTSD","Wald ratio",1,-0.017,0.021,0.983,0.398,NA,NA,NA,0.010490753
"MYT1L","Lymphocyte","PTSD","MR Egger",5,0.043,0.044,1.044,0.398,0.545636766,0.499159027,0.348167088,0.012406309
"NCRNA00162","Lymphocyte","PTSD","Wald ratio",1,0.038,0.044,1.038,0.398,NA,NA,NA,0.016122098
"C21orf70","Lymphocyte","PTSD","Wald ratio",1,0.02,0.023,1.02,0.398,NA,NA,NA,0.01252199
"CTSZ","Lymphocyte","PTSD","Wald ratio",1,-0.016,0.019,0.984,0.398,NA,NA,NA,0.010412373
"EDN3","Lymphocyte","PTSD","Wald ratio",1,-0.062,0.074,0.94,0.398,NA,NA,NA,0.010413424
"ZNF831","Lymphocyte","PTSD","Wald ratio",1,-0.013,0.016,0.987,0.398,NA,NA,NA,0.010413424
"EPM2A","Lymphocyte","PTSD","Wald ratio",1,-0.016,0.019,0.984,0.398,NA,NA,NA,0.010412412
"IYD","Lymphocyte","PTSD","Wald ratio",1,0.039,0.046,1.04,0.399,NA,NA,NA,0.020260358
"SMYD3","Lymphocyte","PTSD","Weighted mode",3,-0.021,0.02,0.979,0.399,0.171134405,0.337806164,0.758528706,0.015400062
"SGOL1","Lymphocyte","PTSD","Wald ratio",1,-0.015,0.018,0.985,0.399,NA,NA,NA,0.011639425
"RNF157","Lymphocyte","PTSD","Wald ratio",1,0.028,0.033,1.028,0.399,NA,NA,NA,0.019264346
"MAN2A1","Lymphocyte","PTSD","Wald ratio",1,0.95,1.129,2.586,0.4,NA,NA,NA,0.011075225
"LOC84856","Lymphocyte","PTSD","Wald ratio",1,0.016,0.019,1.016,0.4,NA,NA,NA,0.009538105
"LOC441666","Lymphocyte","PTSD","Wald ratio",1,0.036,0.042,1.036,0.4,NA,NA,NA,0.010587704
"RASSF5","Lymphocyte","PTSD","Wald ratio",1,-0.028,0.033,0.973,0.4,NA,NA,NA,0.012297149
"LMF1","Lymphocyte","PTSD","Wald ratio",1,-0.015,0.017,0.985,0.401,NA,NA,NA,0.011284141
"LDLRAD3","Lymphocyte","PTSD","Simple mode",3,-0.024,0.023,0.976,0.401,0.473844981,0.69022568,0.716138925,0.016759792
"MYO3B","Lymphocyte","PTSD","Inverse variance weighted",3,0.01,0.012,1.011,0.401,0.489141481,0.443911593,0.478348921,0.01584122
"SLC17A5","Lymphocyte","PTSD","Wald ratio",1,0.106,0.127,1.112,0.401,NA,NA,NA,0.020372502
"BMPER","Lymphocyte","PTSD","Wald ratio",1,0.014,0.016,1.014,0.402,NA,NA,NA,0.01084194
"PTPRN2","Lymphocyte","PTSD","Inverse variance weighted",8,-0.01,0.012,0.99,0.402,0.021806204,0.035235529,0.75992596,0.033254043
"SERPINB6","Lymphocyte","PTSD","Wald ratio",1,-0.02,0.024,0.98,0.402,NA,NA,NA,0.012469661
"OR2A14","Lymphocyte","PTSD","Wald ratio",1,0.014,0.017,1.014,0.402,NA,NA,NA,0.011172771
"ITM2C","Lymphocyte","PTSD","Weighted median",3,-0.017,0.02,0.984,0.403,0.237897974,0.492494886,0.917711766,0.009314305
"UGP2","Lymphocyte","PTSD","Wald ratio",1,0.103,0.123,1.108,0.403,NA,NA,NA,0.013203956
"MYBPC1","Lymphocyte","PTSD","Wald ratio",1,-0.035,0.041,0.966,0.403,NA,NA,NA,0.013607539
"NIPAL4","Lymphocyte","PTSD","Wald ratio",1,0.197,0.236,1.218,0.403,NA,NA,NA,0.011503235
"AJAP1","Lymphocyte","PTSD","MR Egger",3,-0.081,0.059,0.922,0.403,0.791618692,0.685312327,0.55964041,0.007497284
"CAMSAP1","Lymphocyte","PTSD","Wald ratio",1,0.022,0.027,1.023,0.403,NA,NA,NA,0.01352904
"KCNT1","Lymphocyte","PTSD","Wald ratio",1,0.021,0.025,1.021,0.403,NA,NA,NA,0.01352904
"ZBTB7C","Lymphocyte","PTSD","Wald ratio",1,-0.015,0.018,0.985,0.403,NA,NA,NA,0.011384227
"RBM26","Lymphocyte","PTSD","Wald ratio",1,-0.028,0.033,0.973,0.404,NA,NA,NA,0.01751615
"RAB6B","Lymphocyte","PTSD","Wald ratio",1,0.018,0.022,1.019,0.404,NA,NA,NA,0.013454082
"PTGIS","Lymphocyte","PTSD","Wald ratio",1,-0.027,0.033,0.973,0.404,NA,NA,NA,0.017223119
"PRDM6","Lymphocyte","PTSD","Wald ratio",1,-0.014,0.017,0.986,0.404,NA,NA,NA,0.011348389
"DPYS","Lymphocyte","PTSD","Wald ratio",1,0.032,0.039,1.033,0.405,NA,NA,NA,0.010859489
"MRPL15","Lymphocyte","PTSD","Wald ratio",1,1.056,1.269,2.876,0.405,NA,NA,NA,0.014030367
"CDGAP","Lymphocyte","PTSD","Wald ratio",1,-0.013,0.016,0.987,0.405,NA,NA,NA,0.010376554
"BIN1","Lymphocyte","PTSD","Wald ratio",1,0.013,0.016,1.013,0.405,NA,NA,NA,0.010784463
"C1QL3","Lymphocyte","PTSD","Wald ratio",1,-0.02,0.024,0.98,0.405,NA,NA,NA,0.016350147
"PARK2","Lymphocyte","PTSD","Inverse variance weighted",2,0.013,0.015,1.013,0.406,NA,0.715137303,NA,0.013723177
"CPNE2","Lymphocyte","PTSD","Wald ratio",1,-0.016,0.019,0.985,0.406,NA,NA,NA,0.011523725
"TTC7A","Lymphocyte","PTSD","Wald ratio",1,-0.014,0.017,0.986,0.406,NA,NA,NA,0.007916159
"FLI1","Lymphocyte","PTSD","Wald ratio",1,-0.021,0.025,0.979,0.406,NA,NA,NA,0.016595712
"ANGPT4","Lymphocyte","PTSD","Wald ratio",1,-0.02,0.024,0.98,0.407,NA,NA,NA,0.012992751
"UPK1A","Lymphocyte","PTSD","Wald ratio",1,0.013,0.016,1.013,0.407,NA,NA,NA,0.010216646
"TCL1B","Lymphocyte","PTSD","Wald ratio",1,-0.02,0.024,0.98,0.407,NA,NA,NA,0.010216396
"C19orf55","Lymphocyte","PTSD","Wald ratio",1,0.021,0.026,1.022,0.407,NA,NA,NA,0.010200669
"OR10A5","Lymphocyte","PTSD","Wald ratio",1,0.013,0.016,1.013,0.407,NA,NA,NA,0.010551625
"ASPH","Lymphocyte","PTSD","Wald ratio",1,0.035,0.042,1.036,0.407,NA,NA,NA,0.016371777
"ITM2C","Lymphocyte","PTSD","Inverse variance weighted",3,-0.016,0.02,0.984,0.408,0.237897974,0.492494886,0.917711766,0.009314305
"ANKRD46","Lymphocyte","PTSD","Wald ratio",1,-0.019,0.023,0.981,0.408,NA,NA,NA,0.010474623
"NUCKS1","Lymphocyte","PTSD","Wald ratio",1,0.022,0.026,1.022,0.408,NA,NA,NA,0.010472673
"SLC41A1","Lymphocyte","PTSD","Wald ratio",1,0.26,0.315,1.297,0.408,NA,NA,NA,0.010473459
"BCHE","Lymphocyte","PTSD","Wald ratio",1,-0.029,0.036,0.971,0.408,NA,NA,NA,0.015100117
"LOC283050","Lymphocyte","PTSD","Wald ratio",1,0.017,0.021,1.017,0.408,NA,NA,NA,0.012314802
"C13orf33","Lymphocyte","PTSD","Wald ratio",1,0.02,0.025,1.021,0.409,NA,NA,NA,0.015025148
"ST3GAL4","Lymphocyte","PTSD","Wald ratio",1,-0.073,0.088,0.93,0.409,NA,NA,NA,0.011950462
"PYGL","Lymphocyte","PTSD","Wald ratio",1,-0.38,0.46,0.684,0.409,NA,NA,NA,0.011137456
"GPD1L","Lymphocyte","PTSD","Wald ratio",1,-0.019,0.024,0.981,0.409,NA,NA,NA,0.011137456
"PDIA6","Lymphocyte","PTSD","Wald ratio",1,0.013,0.015,1.013,0.409,NA,NA,NA,0.009445198
"ARMC10","Lymphocyte","PTSD","Wald ratio",1,-0.089,0.108,0.914,0.41,NA,NA,NA,0.016711231
"KIAA1026","Lymphocyte","PTSD","Simple mode",3,-0.015,0.015,0.985,0.41,0.650236694,0.47411497,0.459947983,0.01203848
"DLGAP2","Lymphocyte","PTSD","Weighted mode",3,-0.016,0.015,0.984,0.41,0.552640156,0.66884022,0.623246866,0.011597855
"C4orf50","Lymphocyte","PTSD","Wald ratio",1,0.022,0.027,1.023,0.41,NA,NA,NA,0.010237989
"GHSR","Lymphocyte","PTSD","Wald ratio",1,0.016,0.02,1.017,0.41,NA,NA,NA,0.011721409
"VANGL1","Lymphocyte","PTSD","Wald ratio",1,0.023,0.027,1.023,0.41,NA,NA,NA,0.017669713
"TFAM","Lymphocyte","PTSD","Wald ratio",1,1.317,1.6,3.731,0.411,NA,NA,NA,0.013189356
"NOLC1","Lymphocyte","PTSD","Wald ratio",1,0.044,0.054,1.045,0.411,NA,NA,NA,0.021941749
"SYNJ2","Lymphocyte","PTSD","Wald ratio",1,0.018,0.022,1.018,0.411,NA,NA,NA,0.010496084
"NDUFS6","Lymphocyte","PTSD","Wald ratio",1,1.15,1.4,3.158,0.411,NA,NA,NA,0.015293841
"ALAD","Lymphocyte","PTSD","Wald ratio",1,-0.025,0.03,0.976,0.412,NA,NA,NA,0.01074835
"LYPD6B","Lymphocyte","PTSD","Wald ratio",1,-0.013,0.016,0.987,0.412,NA,NA,NA,0.007722738
"ZNF77","Lymphocyte","PTSD","Wald ratio",1,-0.017,0.02,0.984,0.412,NA,NA,NA,0.010342265
"DLC1","Lymphocyte","PTSD","Inverse variance weighted",4,-0.009,0.011,0.991,0.412,0.948661,0.964434118,0.719477876,0.009567669
"CDH8","Lymphocyte","PTSD","Wald ratio",1,0.014,0.017,1.014,0.413,NA,NA,NA,0.010262507
"DGKI","Lymphocyte","PTSD","Wald ratio",1,0.097,0.118,1.101,0.413,NA,NA,NA,0.011741971
"SMYD3","Lymphocyte","PTSD","Simple mode",3,-0.024,0.024,0.976,0.414,0.171134405,0.337806164,0.758528706,0.015400062
"CACNA1C","Lymphocyte","PTSD","Inverse variance weighted",4,-0.013,0.016,0.987,0.414,0.997055921,0.784258668,0.41064856,0.019330126
"ZNF423","Lymphocyte","PTSD","Inverse variance weighted",2,0.012,0.015,1.012,0.414,NA,0.936760517,NA,0.008500944
"SLC6A1","Lymphocyte","PTSD","Inverse variance weighted",2,0.013,0.016,1.013,0.415,NA,0.866922313,NA,0.010182927
"NTNG2","Lymphocyte","PTSD","Wald ratio",1,0.013,0.015,1.013,0.415,NA,NA,NA,0.01036446
"PRKAG2","Lymphocyte","PTSD","Weighted median",4,-0.012,0.015,0.988,0.415,0.318768657,0.509828558,0.890982187,0.010405217
"ONECUT1","Lymphocyte","PTSD","Wald ratio",1,0.628,0.772,1.874,0.416,NA,NA,NA,0.016697757
"PROX1","Lymphocyte","PTSD","Wald ratio",1,0.081,0.099,1.084,0.417,NA,NA,NA,0.010207261
"COL19A1","Lymphocyte","PTSD","Wald ratio",1,0.12,0.148,1.128,0.417,NA,NA,NA,0.013003221
"BARX1","Lymphocyte","PTSD","Wald ratio",1,0.252,0.311,1.287,0.417,NA,NA,NA,0.015750542
"PRSS48","Lymphocyte","PTSD","Wald ratio",1,0.074,0.092,1.077,0.418,NA,NA,NA,0.010052094
"CACNA1C","Lymphocyte","PTSD","Weighted mode",4,-0.018,0.019,0.982,0.418,0.997055921,0.784258668,0.41064856,0.019330126
"ACCN1","Lymphocyte","PTSD","Weighted mode",3,-0.015,0.015,0.985,0.419,0.291038492,0.508385705,0.724341632,0.010432276
"KIAA1217","Lymphocyte","PTSD","MR Egger",3,0.065,0.051,1.067,0.419,0.271365668,0.445168582,0.66479745,0.017604918
"DLGAP2","Lymphocyte","PTSD","Weighted median",3,-0.009,0.011,0.991,0.42,0.552640156,0.66884022,0.623246866,0.011597855
"C1orf177","Lymphocyte","PTSD","Wald ratio",1,-0.014,0.017,0.987,0.42,NA,NA,NA,0.010892516
"AKAP11","Lymphocyte","PTSD","Wald ratio",1,0.018,0.022,1.018,0.42,NA,NA,NA,0.011886475
"USP14","Lymphocyte","PTSD","Wald ratio",1,-0.019,0.024,0.981,0.42,NA,NA,NA,0.011886475
"NPAS3","Lymphocyte","PTSD","Wald ratio",1,-0.022,0.027,0.978,0.421,NA,NA,NA,0.010152764
"DMPK","Lymphocyte","PTSD","Wald ratio",1,0.462,0.573,1.586,0.421,NA,NA,NA,0.010152764
"SIX5","Lymphocyte","PTSD","Wald ratio",1,0.019,0.024,1.02,0.421,NA,NA,NA,0.010152764
"BYSL","Lymphocyte","PTSD","Wald ratio",1,0.015,0.019,1.015,0.421,NA,NA,NA,0.011479566
"IGSF21","Lymphocyte","PTSD","Inverse variance weighted",3,-0.011,0.014,0.989,0.421,0.714600577,0.934811506,0.97893525,0.010585906
"OPCML","Lymphocyte","PTSD","Inverse variance weighted",4,0.011,0.014,1.011,0.421,0.203203751,0.346344068,0.807797559,0.009255291
"RALGDS","Lymphocyte","PTSD","Wald ratio",1,0.397,0.493,1.487,0.421,NA,NA,NA,0.010075312
"PKP1","Lymphocyte","PTSD","Wald ratio",1,-0.032,0.04,0.968,0.421,NA,NA,NA,0.010408344
"NIPA2","Lymphocyte","PTSD","Wald ratio",1,0.018,0.023,1.019,0.422,NA,NA,NA,0.013703312
"HSPA5","Lymphocyte","PTSD","Wald ratio",1,0.026,0.033,1.027,0.422,NA,NA,NA,0.009998411
"PKDCC","Lymphocyte","PTSD","Wald ratio",1,0.029,0.036,1.029,0.422,NA,NA,NA,0.015328872
"SHH","Lymphocyte","PTSD","Wald ratio",1,-0.084,0.104,0.92,0.422,NA,NA,NA,0.011323402
"RAB35","Lymphocyte","PTSD","Inverse variance weighted",2,-0.016,0.02,0.984,0.422,NA,0.437264553,NA,0.02523775
"RFESD","Lymphocyte","PTSD","Wald ratio",1,-0.091,0.113,0.913,0.422,NA,NA,NA,0.012315758
"SERPINA5","Lymphocyte","PTSD","Wald ratio",1,-0.195,0.244,0.823,0.423,NA,NA,NA,0.010586831
"SERPINA4","Lymphocyte","PTSD","Wald ratio",1,-0.013,0.017,0.987,0.423,NA,NA,NA,0.010586831
"UBE2W","Lymphocyte","PTSD","Wald ratio",1,-0.021,0.026,0.979,0.423,NA,NA,NA,0.015175269
"ATP8A2","Lymphocyte","PTSD","MR Egger",3,0.031,0.024,1.031,0.424,0.372227858,0.66391936,0.90423213,0.007992221
"SCARA3","Lymphocyte","PTSD","Wald ratio",1,0.013,0.016,1.013,0.424,NA,NA,NA,0.010437693
"C22orf15","Lymphocyte","PTSD","Wald ratio",1,-0.242,0.302,0.785,0.424,NA,NA,NA,0.019253302
"NIPSNAP1","Lymphocyte","PTSD","Wald ratio",1,-0.045,0.056,0.956,0.424,NA,NA,NA,0.018623095
"IQCJ","Lymphocyte","PTSD","Wald ratio",1,-0.015,0.019,0.985,0.424,NA,NA,NA,0.01175809
"RNF145","Lymphocyte","PTSD","Wald ratio",1,-0.043,0.054,0.958,0.424,NA,NA,NA,0.011426048
"ARHGEF10","Lymphocyte","PTSD","Simple mode",3,0.02,0.02,1.02,0.425,0.185115961,0.166170671,0.493140387,0.014108086
"KLHL33","Lymphocyte","PTSD","Wald ratio",1,-0.013,0.016,0.987,0.425,NA,NA,NA,0.008977891
"FNDC1","Lymphocyte","PTSD","Inverse variance weighted",2,-0.013,0.016,0.988,0.426,NA,0.821431092,NA,0.014493884
"WDFY3","Lymphocyte","PTSD","Wald ratio",1,-0.014,0.017,0.987,0.426,NA,NA,NA,0.010609757
"USP43","Lymphocyte","PTSD","Wald ratio",1,0.021,0.026,1.021,0.426,NA,NA,NA,0.011857033
"SYNE1","Lymphocyte","PTSD","Inverse variance weighted",2,-0.02,0.025,0.98,0.427,NA,0.551492721,NA,0.011171404
"MTMR7","Lymphocyte","PTSD","Wald ratio",1,0.017,0.021,1.017,0.427,NA,NA,NA,0.012440004
"NRP2","Lymphocyte","PTSD","Wald ratio",1,-0.029,0.036,0.971,0.427,NA,NA,NA,0.021100168
"ARHGEF10","Lymphocyte","PTSD","Weighted mode",3,0.019,0.019,1.019,0.427,0.185115961,0.166170671,0.493140387,0.014108086
"SHC4","Lymphocyte","PTSD","Wald ratio",1,0.013,0.017,1.013,0.427,NA,NA,NA,0.010456064
"ERC1","Lymphocyte","PTSD","Wald ratio",1,0.14,0.177,1.15,0.428,NA,NA,NA,0.020021231
"VSIG10","Lymphocyte","PTSD","Wald ratio",1,-0.019,0.024,0.981,0.429,NA,NA,NA,0.015315516
"MIR1256","Lymphocyte","PTSD","Wald ratio",1,0.015,0.018,1.015,0.429,NA,NA,NA,0.01063495
"DAB1","Lymphocyte","PTSD","Inverse variance weighted",2,-0.016,0.02,0.984,0.429,NA,0.316978039,NA,0.009209265
"TMEM211","Lymphocyte","PTSD","Wald ratio",1,0.205,0.26,1.228,0.429,NA,NA,NA,0.009969919
"LOC285593","Lymphocyte","PTSD","Wald ratio",1,0.012,0.015,1.012,0.429,NA,NA,NA,0.009969347
"CALML3","Lymphocyte","PTSD","Wald ratio",1,-0.015,0.019,0.985,0.429,NA,NA,NA,0.012464083
"WBSCR17","Lymphocyte","PTSD","Weighted mode",3,-0.014,0.014,0.986,0.429,0.639897309,0.887891174,0.91294339,0.007930442
"CRISPLD2","Lymphocyte","PTSD","Inverse variance weighted",2,-0.018,0.023,0.982,0.429,NA,0.728850159,NA,0.009343161
"TBCA","Lymphocyte","PTSD","Wald ratio",1,-0.013,0.016,0.987,0.431,NA,NA,NA,0.010142338
"SERPINE2","Lymphocyte","PTSD","Wald ratio",1,-0.021,0.026,0.98,0.431,NA,NA,NA,0.009517663
"WFS1","Lymphocyte","PTSD","Wald ratio",1,0.186,0.237,1.204,0.432,NA,NA,NA,0.014623356
"GSTA2","Lymphocyte","PTSD","Wald ratio",1,0.013,0.016,1.013,0.432,NA,NA,NA,0.009994785
"SLC26A10","Lymphocyte","PTSD","Wald ratio",1,-0.019,0.024,0.981,0.432,NA,NA,NA,0.009994785
"CLN8","Lymphocyte","PTSD","Wald ratio",1,0.019,0.024,1.019,0.433,NA,NA,NA,0.013317986
"AHRR","Lymphocyte","PTSD","Wald ratio",1,0.014,0.017,1.014,0.433,NA,NA,NA,0.011168667
"PGLYRP3","Lymphocyte","PTSD","Wald ratio",1,0.015,0.019,1.015,0.433,NA,NA,NA,0.009918436
"ERC2","Lymphocyte","PTSD","Simple mode",3,-0.016,0.017,0.984,0.433,0.70950919,0.551509422,0.492019786,0.014356107
"PRDM2","Lymphocyte","PTSD","Wald ratio",1,-0.017,0.022,0.983,0.434,NA,NA,NA,0.011676959
"CLEC14A","Lymphocyte","PTSD","Wald ratio",1,0.062,0.079,1.064,0.434,NA,NA,NA,0.010172837
"PDZD7","Lymphocyte","PTSD","Wald ratio",1,0.022,0.028,1.022,0.434,NA,NA,NA,0.01076061
"ANKRD55","Lymphocyte","PTSD","Wald ratio",1,-0.014,0.018,0.986,0.434,NA,NA,NA,0.011346397
"PRKCA","Lymphocyte","PTSD","Inverse variance weighted",4,-0.017,0.022,0.983,0.434,0.861051371,0.935731491,0.759794839,0.018166086
"PXDN","Lymphocyte","PTSD","Inverse variance weighted",2,0.015,0.019,1.015,0.435,NA,0.6482688,NA,0.008755111
"IGSF21","Lymphocyte","PTSD","Weighted median",3,-0.011,0.014,0.989,0.435,0.714600577,0.934811506,0.97893525,0.010585906
"DKK2","Lymphocyte","PTSD","Wald ratio",1,0.437,0.56,1.548,0.436,NA,NA,NA,0.011193839
"COG4","Lymphocyte","PTSD","Wald ratio",1,0.012,0.015,1.012,0.436,NA,NA,NA,0.009942634
"SV2B","Lymphocyte","PTSD","Wald ratio",1,-0.019,0.025,0.981,0.437,NA,NA,NA,0.009867644
"LNX1","Lymphocyte","PTSD","Inverse variance weighted",2,0.014,0.018,1.014,0.438,NA,0.261416469,NA,0.009492121
"OCA2","Lymphocyte","PTSD","Wald ratio",1,-0.036,0.046,0.965,0.438,NA,NA,NA,0.010122041
"C4orf32","Lymphocyte","PTSD","Wald ratio",1,0.014,0.018,1.014,0.438,NA,NA,NA,0.010121906
"KCNK1","Lymphocyte","PTSD","Inverse variance weighted",2,-0.02,0.025,0.981,0.438,NA,0.198429506,NA,0.023903463
"RCOR3","Lymphocyte","PTSD","Wald ratio",1,0.043,0.056,1.044,0.439,NA,NA,NA,0.009968505
"TRAF5","Lymphocyte","PTSD","Wald ratio",1,0.018,0.023,1.018,0.439,NA,NA,NA,0.009945211
"LMX1A","Lymphocyte","PTSD","Wald ratio",1,0.13,0.168,1.138,0.441,NA,NA,NA,0.010148058
"SLIT3","Lymphocyte","PTSD","Inverse variance weighted",4,0.009,0.012,1.009,0.441,0.105114249,0.211773255,0.990718512,0.045458281
"SYCE1L","Lymphocyte","PTSD","Wald ratio",1,0.012,0.016,1.012,0.441,NA,NA,NA,0.010403582
"CYP4F3","Lymphocyte","PTSD","Wald ratio",1,0.046,0.059,1.047,0.441,NA,NA,NA,0.009815026
"PFKFB3","Lymphocyte","PTSD","Wald ratio",1,0.026,0.034,1.027,0.441,NA,NA,NA,0.013911772
"RFXAP","Lymphocyte","PTSD","Wald ratio",1,-0.224,0.291,0.799,0.441,NA,NA,NA,0.018880102
"FAM131B","Lymphocyte","PTSD","Wald ratio",1,-0.083,0.108,0.92,0.442,NA,NA,NA,0.01200787
"GCM1","Lymphocyte","PTSD","Wald ratio",1,0.035,0.045,1.036,0.442,NA,NA,NA,0.018808531
"ICK","Lymphocyte","PTSD","Wald ratio",1,1.115,1.45,3.049,0.442,NA,NA,NA,0.018804698
"MAGI2","Lymphocyte","PTSD","Simple mode",3,0.043,0.045,1.044,0.442,0.797359337,0.216938512,0.333777411,0.010679343
"TMEM117","Lymphocyte","PTSD","Wald ratio",1,-0.016,0.021,0.984,0.442,NA,NA,NA,0.013345507
"CACNA1C","Lymphocyte","PTSD","Weighted median",4,-0.014,0.018,0.986,0.443,0.997055921,0.784258668,0.41064856,0.019330126
"PDE4D","Lymphocyte","PTSD","Simple mode",3,-0.073,0.076,0.93,0.443,0.900377806,0.421957505,0.415617669,0.009332231
"SLC47A2","Lymphocyte","PTSD","Wald ratio",1,0.014,0.018,1.014,0.444,NA,NA,NA,0.010174476
"CSMD2","Lymphocyte","PTSD","Inverse variance weighted",2,0.023,0.03,1.024,0.444,NA,0.075752637,NA,0.065790425
"FBXW2","Lymphocyte","PTSD","Wald ratio",1,0.025,0.032,1.025,0.444,NA,NA,NA,0.01369812
"PDZRN4","Lymphocyte","PTSD","Wald ratio",1,0.055,0.071,1.056,0.444,NA,NA,NA,0.010097967
"CYP7B1","Lymphocyte","PTSD","Wald ratio",1,0.016,0.021,1.016,0.444,NA,NA,NA,0.009844052
"FIP1L1","Lymphocyte","PTSD","Wald ratio",1,0.015,0.019,1.015,0.444,NA,NA,NA,0.010685252
"ARHGAP24","Lymphocyte","PTSD","Inverse variance weighted",2,0.015,0.019,1.015,0.445,NA,0.276596067,NA,0.016267457
"LOC339674","Lymphocyte","PTSD","Wald ratio",1,-0.027,0.035,0.974,0.445,NA,NA,NA,0.009765004
"XKR5","Lymphocyte","PTSD","Wald ratio",1,0.222,0.29,1.248,0.445,NA,NA,NA,0.009765004
"CCDC63","Lymphocyte","PTSD","Wald ratio",1,-0.013,0.016,0.988,0.445,NA,NA,NA,0.010022668
"PRTG","Lymphocyte","PTSD","Wald ratio",1,-0.017,0.022,0.983,0.445,NA,NA,NA,0.010022668
"ADAMTS15","Lymphocyte","PTSD","Wald ratio",1,-0.068,0.089,0.934,0.445,NA,NA,NA,0.010021474
"LYSMD4","Lymphocyte","PTSD","Inverse variance weighted",2,0.011,0.015,1.012,0.446,NA,0.754874238,NA,0.01138605
"C2orf58","Lymphocyte","PTSD","Inverse variance weighted",2,0.021,0.027,1.021,0.446,NA,0.842383891,NA,0.016593028
"SDK1","Lymphocyte","PTSD","Simple mode",3,0.017,0.018,1.017,0.446,0.000722222,0.000699324,0.694364852,0.009554293
"PRKCA","Lymphocyte","PTSD","Weighted mode",4,-0.02,0.023,0.98,0.446,0.861051371,0.935731491,0.759794839,0.018166086
"FAM20A","Lymphocyte","PTSD","Wald ratio",1,-0.02,0.027,0.98,0.447,NA,NA,NA,0.010456761
"FYB","Lymphocyte","PTSD","Wald ratio",1,0.022,0.029,1.022,0.447,NA,NA,NA,0.011804223
"MAML3","Lymphocyte","PTSD","Inverse variance weighted",2,0.017,0.023,1.018,0.447,NA,0.386056687,NA,0.020245717
"CTDSPL","Lymphocyte","PTSD","Wald ratio",1,-0.014,0.018,0.987,0.447,NA,NA,NA,0.011219742
"EPS8","Lymphocyte","PTSD","Wald ratio",1,-0.252,0.332,0.777,0.448,NA,NA,NA,0.010891486
"KCNQ1","Lymphocyte","PTSD","Weighted mode",4,0.012,0.014,1.012,0.449,0.91547321,0.962673536,0.772474356,0.009540191
"PNPLA3","Lymphocyte","PTSD","Wald ratio",1,-0.016,0.021,0.984,0.449,NA,NA,NA,0.011831152
"TRIM41","Lymphocyte","PTSD","Wald ratio",1,-0.03,0.039,0.971,0.449,NA,NA,NA,0.012594353
"HLX","Lymphocyte","PTSD","Wald ratio",1,0.014,0.019,1.014,0.449,NA,NA,NA,0.01022847
"GFM2","Lymphocyte","PTSD","Wald ratio",1,-0.018,0.024,0.982,0.45,NA,NA,NA,0.011504129
"IL21R","Lymphocyte","PTSD","Inverse variance weighted",2,0.031,0.041,1.031,0.45,NA,0.891685594,NA,0.010407804
"C10orf81","Lymphocyte","PTSD","Wald ratio",1,-0.012,0.016,0.988,0.45,NA,NA,NA,0.009898317
"LOC285419","Lymphocyte","PTSD","Wald ratio",1,0.019,0.025,1.019,0.451,NA,NA,NA,0.012189318
"SGMS1","Lymphocyte","PTSD","Wald ratio",1,0.015,0.02,1.015,0.451,NA,NA,NA,0.010331374
"CCL23","Lymphocyte","PTSD","Wald ratio",1,-0.027,0.036,0.973,0.451,NA,NA,NA,0.016935609
"CCL16","Lymphocyte","PTSD","Wald ratio",1,-0.025,0.034,0.975,0.451,NA,NA,NA,0.016928342
"ODZ2","Lymphocyte","PTSD","Inverse variance weighted",2,-0.019,0.025,0.981,0.452,NA,0.562909237,NA,0.014877439
"INPP5D","Lymphocyte","PTSD","Wald ratio",1,0.747,0.993,2.11,0.452,NA,NA,NA,0.009739649
"RRAGA","Lymphocyte","PTSD","Wald ratio",1,0.046,0.062,1.048,0.452,NA,NA,NA,0.00974379
"GAS7","Lymphocyte","PTSD","Wald ratio",1,-0.022,0.029,0.978,0.452,NA,NA,NA,0.009742138
"CCDC81","Lymphocyte","PTSD","Wald ratio",1,-0.079,0.106,0.924,0.452,NA,NA,NA,0.013050027
"SPNS3","Lymphocyte","PTSD","Wald ratio",1,0.017,0.023,1.017,0.453,NA,NA,NA,0.013729657
"FAM38B","Lymphocyte","PTSD","Weighted mode",3,-0.018,0.02,0.982,0.454,0.191912366,0.292321699,0.625648091,0.024876384
"FOXN3","Lymphocyte","PTSD","Inverse variance weighted",4,0.01,0.013,1.01,0.454,0.360037377,0.435071716,0.498256817,0.018209846
"GPR149","Lymphocyte","PTSD","Wald ratio",1,-0.025,0.033,0.975,0.454,NA,NA,NA,0.012898983
"RHBDD1","Lymphocyte","PTSD","Wald ratio",1,-0.05,0.066,0.952,0.454,NA,NA,NA,0.012393379
"SLITRK6","Lymphocyte","PTSD","Wald ratio",1,0.023,0.031,1.023,0.454,NA,NA,NA,0.011885946
"C21orf129","Lymphocyte","PTSD","Wald ratio",1,-0.026,0.035,0.974,0.454,NA,NA,NA,0.019736684
"GRM3","Lymphocyte","PTSD","Wald ratio",1,-0.089,0.119,0.915,0.454,NA,NA,NA,0.009847446
"CCDC113","Lymphocyte","PTSD","Wald ratio",1,0.024,0.032,1.024,0.455,NA,NA,NA,0.015578594
"TLL1","Lymphocyte","PTSD","Wald ratio",1,0.012,0.016,1.012,0.455,NA,NA,NA,0.009771122
"DLGAP2","Lymphocyte","PTSD","Inverse variance weighted",3,-0.008,0.01,0.992,0.455,0.552640156,0.66884022,0.623246866,0.011597855
"CLDN23","Lymphocyte","PTSD","Wald ratio",1,-0.023,0.03,0.978,0.456,NA,NA,NA,0.01122874
"TCERG1L","Lymphocyte","PTSD","Inverse variance weighted",2,-0.026,0.035,0.974,0.456,NA,0.215154741,NA,0.009976749
"OSTM1","Lymphocyte","PTSD","Wald ratio",1,0.066,0.088,1.068,0.457,NA,NA,NA,0.011915988
"KIAA0182","Lymphocyte","PTSD","Inverse variance weighted",2,0.015,0.02,1.015,0.457,NA,0.736635889,NA,0.008495273
"ERBB3","Lymphocyte","PTSD","Wald ratio",1,-0.04,0.053,0.961,0.457,NA,NA,NA,0.010133151
"WBSCR17","Lymphocyte","PTSD","Inverse variance weighted",3,-0.009,0.012,0.991,0.457,0.639897309,0.887891174,0.91294339,0.007930442
"TGIF1","Lymphocyte","PTSD","Wald ratio",1,0.24,0.323,1.272,0.457,NA,NA,NA,0.009872513
"MKL2","Lymphocyte","PTSD","Wald ratio",1,-0.023,0.031,0.977,0.457,NA,NA,NA,0.018331352
"FAM82B","Lymphocyte","PTSD","Wald ratio",1,0.6,0.81,1.822,0.459,NA,NA,NA,0.011002433
"CDH13","Lymphocyte","PTSD","Weighted mode",3,0.014,0.016,1.014,0.459,0.971654169,0.773141312,0.604218565,0.008112639
"TNR","Lymphocyte","PTSD","Wald ratio",1,-0.024,0.033,0.976,0.459,NA,NA,NA,0.0104918
"SNX24","Lymphocyte","PTSD","Wald ratio",1,-0.293,0.395,0.746,0.459,NA,NA,NA,0.010490871
"LAP3","Lymphocyte","PTSD","Wald ratio",1,0.335,0.453,1.399,0.459,NA,NA,NA,0.009982512
"SLC41A3","Lymphocyte","PTSD","Wald ratio",1,-0.014,0.019,0.986,0.459,NA,NA,NA,0.011689637
"PLEKHG5","Lymphocyte","PTSD","Wald ratio",1,0.076,0.103,1.079,0.459,NA,NA,NA,0.014313875
"NOL9","Lymphocyte","PTSD","Wald ratio",1,0.021,0.028,1.021,0.459,NA,NA,NA,0.014313875
"TRAK1","Lymphocyte","PTSD","MR Egger",3,0.068,0.06,1.07,0.46,0.695412333,0.286864986,0.368332766,0.008332295
"BEGAIN","Lymphocyte","PTSD","Wald ratio",1,-0.015,0.02,0.985,0.46,NA,NA,NA,0.010669518
"PEX26","Lymphocyte","PTSD","Wald ratio",1,-0.015,0.021,0.985,0.46,NA,NA,NA,0.009904264
"THSD4","Lymphocyte","PTSD","Inverse variance weighted",2,-0.011,0.015,0.989,0.46,NA,0.857636185,NA,0.009102017
"UGT1A10","Lymphocyte","PTSD","Wald ratio",1,-0.012,0.016,0.988,0.46,NA,NA,NA,0.009648201
"CAPG","Lymphocyte","PTSD","Wald ratio",1,0.019,0.025,1.019,0.46,NA,NA,NA,0.009648201
"TTLL13","Lymphocyte","PTSD","Wald ratio",1,-0.016,0.022,0.984,0.46,NA,NA,NA,0.01085114
"ST3GAL1","Lymphocyte","PTSD","MR Egger",3,0.252,0.223,1.287,0.461,0.405739715,0.327176886,0.431478646,0.034791661
"DHRS9","Lymphocyte","PTSD","Wald ratio",1,0.021,0.028,1.021,0.461,NA,NA,NA,0.009572264
"ABCB11","Lymphocyte","PTSD","Wald ratio",1,0.011,0.015,1.011,0.461,NA,NA,NA,0.009572264
"LRP2","Lymphocyte","PTSD","Wald ratio",1,0.011,0.015,1.011,0.461,NA,NA,NA,0.009572023
"B9D2","Lymphocyte","PTSD","Wald ratio",1,-0.045,0.061,0.956,0.462,NA,NA,NA,0.010265596
"HUS1","Lymphocyte","PTSD","Wald ratio",1,-0.156,0.212,0.855,0.462,NA,NA,NA,0.01518996
"SHISA3","Lymphocyte","PTSD","Wald ratio",1,0.016,0.022,1.016,0.462,NA,NA,NA,0.009752525
"DSCAM","Lymphocyte","PTSD","Inverse variance weighted",3,-0.012,0.017,0.988,0.462,0.305928922,0.269562961,0.435758919,0.007868046
"MEGF11","Lymphocyte","PTSD","Wald ratio",1,0.015,0.02,1.015,0.463,NA,NA,NA,0.011078862
"MCF2L","Lymphocyte","PTSD","Inverse variance weighted",2,-0.011,0.015,0.989,0.463,NA,0.801620302,NA,0.008280243
"ARHGEF19","Lymphocyte","PTSD","Wald ratio",1,-0.013,0.018,0.987,0.463,NA,NA,NA,0.010881424
"C4orf49","Lymphocyte","PTSD","Wald ratio",1,0.033,0.045,1.033,0.463,NA,NA,NA,0.010881424
"LTBP4","Lymphocyte","PTSD","Wald ratio",1,0.018,0.024,1.018,0.463,NA,NA,NA,0.009677179
"HS3ST3A1","Lymphocyte","PTSD","Wald ratio",1,0.032,0.044,1.033,0.464,NA,NA,NA,0.01036961
"LDHD","Lymphocyte","PTSD","Wald ratio",1,0.024,0.033,1.024,0.464,NA,NA,NA,0.013870399
"C2orf27A","Lymphocyte","PTSD","Wald ratio",1,0.017,0.024,1.018,0.464,NA,NA,NA,0.013113725
"CD6","Lymphocyte","PTSD","Wald ratio",1,-0.028,0.039,0.972,0.465,NA,NA,NA,0.010294652
"C20orf7","Lymphocyte","PTSD","Wald ratio",1,-0.056,0.076,0.946,0.465,NA,NA,NA,0.015819247
"PGR","Lymphocyte","PTSD","Wald ratio",1,0.017,0.024,1.017,0.465,NA,NA,NA,0.014220477
"TRIM9","Lymphocyte","PTSD","Wald ratio",1,-0.05,0.068,0.952,0.465,NA,NA,NA,0.011164106
"AFAP1L2","Lymphocyte","PTSD","Inverse variance weighted",2,0.017,0.023,1.017,0.466,NA,0.740442663,NA,0.017812304
"PARP1","Lymphocyte","PTSD","Wald ratio",1,0.035,0.047,1.035,0.467,NA,NA,NA,0.012639675
"ZBED4","Lymphocyte","PTSD","Inverse variance weighted",2,-0.015,0.021,0.985,0.467,NA,0.937651669,NA,0.01439393
"MGC72080","Lymphocyte","PTSD","Wald ratio",1,0.246,0.339,1.279,0.468,NA,NA,NA,0.017941441
"TAOK3","Lymphocyte","PTSD","Wald ratio",1,0.014,0.019,1.014,0.468,NA,NA,NA,0.009555874
"PMPCB","Lymphocyte","PTSD","Wald ratio",1,-0.036,0.049,0.965,0.469,NA,NA,NA,0.018456682
"KDM4B","Lymphocyte","PTSD","Wald ratio",1,0.031,0.043,1.031,0.469,NA,NA,NA,0.011118407
"GTF2IRD1","Lymphocyte","PTSD","Wald ratio",1,0.018,0.025,1.018,0.469,NA,NA,NA,0.011552116
"DNMT3B","Lymphocyte","PTSD","Wald ratio",1,0.079,0.109,1.082,0.47,NA,NA,NA,0.00948079
"AP3D1","Lymphocyte","PTSD","Wald ratio",1,-0.012,0.016,0.988,0.47,NA,NA,NA,0.008896758
"HOPX","Lymphocyte","PTSD","Wald ratio",1,-0.023,0.032,0.977,0.47,NA,NA,NA,0.00948079
"COMMD7","Lymphocyte","PTSD","Wald ratio",1,0.034,0.047,1.035,0.47,NA,NA,NA,0.00948079
"MAL2","Lymphocyte","PTSD","Wald ratio",1,-0.022,0.03,0.979,0.47,NA,NA,NA,0.01241616
"EZR","Lymphocyte","PTSD","Wald ratio",1,0.465,0.643,1.592,0.47,NA,NA,NA,0.009476845
"RASA3","Lymphocyte","PTSD","Wald ratio",1,-0.014,0.02,0.986,0.47,NA,NA,NA,0.005930704
"RBPMS","Lymphocyte","PTSD","Wald ratio",1,-0.016,0.022,0.984,0.47,NA,NA,NA,0.010589142
"CYP1B1","Lymphocyte","PTSD","Wald ratio",1,0.019,0.027,1.02,0.47,NA,NA,NA,0.013276509
"OPRM1","Lymphocyte","PTSD","Wald ratio",1,-0.016,0.021,0.985,0.47,NA,NA,NA,0.009783157
"ATP12A","Lymphocyte","PTSD","Wald ratio",1,0.739,1.023,2.093,0.47,NA,NA,NA,0.019790801
"MAN1A1","Lymphocyte","PTSD","Wald ratio",1,0.014,0.02,1.015,0.47,NA,NA,NA,0.01035322
"ARL9","Lymphocyte","PTSD","Wald ratio",1,-0.049,0.068,0.952,0.471,NA,NA,NA,0.010532877
"TARSL2","Lymphocyte","PTSD","Wald ratio",1,0.015,0.021,1.015,0.471,NA,NA,NA,0.01096957
"C1orf77","Lymphocyte","PTSD","Wald ratio",1,-0.015,0.021,0.985,0.471,NA,NA,NA,0.009404086
"TUBGCP3","Lymphocyte","PTSD","Wald ratio",1,0.446,0.619,1.562,0.471,NA,NA,NA,0.010277931
"ANK3","Lymphocyte","PTSD","Wald ratio",1,0.012,0.016,1.012,0.471,NA,NA,NA,0.009841639
"DLEU7","Lymphocyte","PTSD","Wald ratio",1,0.029,0.041,1.03,0.471,NA,NA,NA,0.021113401
"SNX16","Lymphocyte","PTSD","Wald ratio",1,-0.284,0.395,0.753,0.472,NA,NA,NA,0.009585221
"RNU5D","Lymphocyte","PTSD","Wald ratio",1,0.041,0.058,1.042,0.472,NA,NA,NA,0.011581778
"RNU5E","Lymphocyte","PTSD","Wald ratio",1,0.086,0.119,1.089,0.472,NA,NA,NA,0.011581778
"ACOT12","Lymphocyte","PTSD","Wald ratio",1,0.029,0.04,1.029,0.472,NA,NA,NA,0.011581778
"HS6ST3","Lymphocyte","PTSD","Inverse variance weighted",2,0.016,0.023,1.016,0.472,NA,0.431080101,NA,0.011999978
"DIP2C","Lymphocyte","PTSD","Wald ratio",1,-0.012,0.017,0.988,0.472,NA,NA,NA,0.010020341
"KLHL1","Lymphocyte","PTSD","Inverse variance weighted",2,-0.017,0.023,0.984,0.473,NA,0.731917576,NA,0.009995708
"ZNF7","Lymphocyte","PTSD","Wald ratio",1,-0.072,0.101,0.93,0.473,NA,NA,NA,0.009690857
"CCNF","Lymphocyte","PTSD","Wald ratio",1,0.496,0.691,1.642,0.473,NA,NA,NA,0.010127427
"ABCA17P","Lymphocyte","PTSD","Wald ratio",1,0.07,0.098,1.073,0.473,NA,NA,NA,0.010127427
"CD83","Lymphocyte","PTSD","Wald ratio",1,0.067,0.094,1.07,0.473,NA,NA,NA,0.010562914
"DNTTIP2","Lymphocyte","PTSD","Wald ratio",1,0.022,0.03,1.022,0.474,NA,NA,NA,0.018298221
"HIF3A","Lymphocyte","PTSD","Wald ratio",1,-0.132,0.185,0.876,0.474,NA,NA,NA,0.012297128
"PCDH9","Lymphocyte","PTSD","MR Egger",4,-0.054,0.062,0.947,0.474,0.735396269,0.704491853,0.467935939,0.010353168
"ANGPT2","Lymphocyte","PTSD","Wald ratio",1,0.028,0.039,1.028,0.474,NA,NA,NA,0.019464925
"CDC73","Lymphocyte","PTSD","Wald ratio",1,-0.403,0.564,0.668,0.475,NA,NA,NA,0.010050585
"CCDC146","Lymphocyte","PTSD","Wald ratio",1,-0.019,0.026,0.981,0.476,NA,NA,NA,0.016164524
"PITX2","Lymphocyte","PTSD","Wald ratio",1,0.029,0.04,1.029,0.476,NA,NA,NA,0.010160041
"PCDHB15","Lymphocyte","PTSD","Wald ratio",1,-0.026,0.037,0.974,0.477,NA,NA,NA,0.011208389
"PCDHB8","Lymphocyte","PTSD","Wald ratio",1,-0.023,0.032,0.978,0.477,NA,NA,NA,0.011208389
"ATP7B","Lymphocyte","PTSD","Wald ratio",1,1.406,1.976,4.079,0.477,NA,NA,NA,0.020749521
"LOC220115","Lymphocyte","PTSD","Wald ratio",1,0.034,0.047,1.034,0.477,NA,NA,NA,0.020749828
"C7orf50","Lymphocyte","PTSD","Wald ratio",1,-0.015,0.021,0.985,0.477,NA,NA,NA,0.006895623
"C20orf54","Lymphocyte","PTSD","Wald ratio",1,0.044,0.062,1.045,0.477,NA,NA,NA,0.017033834
"SPARC","Lymphocyte","PTSD","Wald ratio",1,0.028,0.039,1.028,0.478,NA,NA,NA,0.018039343
"DTNBP1","Lymphocyte","PTSD","Wald ratio",1,0.019,0.027,1.019,0.478,NA,NA,NA,0.016368238
"C19orf28","Lymphocyte","PTSD","Wald ratio",1,-0.013,0.018,0.987,0.478,NA,NA,NA,0.009827192
"PYGB","Lymphocyte","PTSD","Wald ratio",1,-0.011,0.016,0.989,0.478,NA,NA,NA,0.009389649
"GSDMC","Lymphocyte","PTSD","Wald ratio",1,-0.012,0.017,0.988,0.478,NA,NA,NA,0.009300989
"IL1F7","Lymphocyte","PTSD","Wald ratio",1,0.011,0.015,1.011,0.478,NA,NA,NA,0.008834073
"MTUS1","Lymphocyte","PTSD","Wald ratio",1,-0.038,0.053,0.963,0.478,NA,NA,NA,0.017969205
"PKNOX1","Lymphocyte","PTSD","Wald ratio",1,0.021,0.029,1.021,0.479,NA,NA,NA,0.015874526
"PRKAG2","Lymphocyte","PTSD","Weighted mode",4,-0.013,0.016,0.987,0.479,0.318768657,0.509828558,0.890982187,0.010405217
"KIAA1199","Lymphocyte","PTSD","Wald ratio",1,-0.015,0.022,0.985,0.479,NA,NA,NA,0.0121045
"B4GALNT4","Lymphocyte","PTSD","Wald ratio",1,-0.1,0.141,0.905,0.479,NA,NA,NA,0.017410485
"CREB3L3","Lymphocyte","PTSD","Wald ratio",1,0.167,0.236,1.181,0.48,NA,NA,NA,0.010729681
"FABP1","Lymphocyte","PTSD","Wald ratio",1,0.012,0.016,1.012,0.481,NA,NA,NA,0.006832369
"GALC","Lymphocyte","PTSD","Wald ratio",1,0.029,0.042,1.03,0.481,NA,NA,NA,0.012744469
"PEX11G","Lymphocyte","PTSD","Wald ratio",1,-0.013,0.019,0.987,0.482,NA,NA,NA,0.009783165
"ZNF438","Lymphocyte","PTSD","Wald ratio",1,-0.013,0.019,0.987,0.482,NA,NA,NA,0.010579986
"RPTOR","Lymphocyte","PTSD","Weighted mode",3,0.013,0.015,1.013,0.483,0.559306528,0.318091418,0.395639167,0.014327574
"RNF44","Lymphocyte","PTSD","Wald ratio",1,-0.02,0.028,0.981,0.483,NA,NA,NA,0.011987119
"BBS9","Lymphocyte","PTSD","Wald ratio",1,-0.385,0.549,0.68,0.483,NA,NA,NA,0.016034509
"PKNOX2","Lymphocyte","PTSD","Inverse variance weighted",2,0.018,0.026,1.018,0.483,NA,0.285299347,NA,0.018735491
"TMEM51","Lymphocyte","PTSD","Inverse variance weighted",3,-0.015,0.022,0.985,0.484,0.854293781,0.963875734,0.874546745,0.007854193
"NODAL","Lymphocyte","PTSD","Wald ratio",1,-0.018,0.025,0.982,0.484,NA,NA,NA,0.010252895
"EIF4EBP2","Lymphocyte","PTSD","Wald ratio",1,-0.045,0.064,0.956,0.484,NA,NA,NA,0.010252895
"BCL2","Lymphocyte","PTSD","Wald ratio",1,-0.251,0.359,0.778,0.484,NA,NA,NA,0.016907053
"TSPAN15","Lymphocyte","PTSD","Wald ratio",1,-0.013,0.019,0.987,0.484,NA,NA,NA,0.009634414
"COL15A1","Lymphocyte","PTSD","Inverse variance weighted",2,-0.027,0.038,0.974,0.484,NA,0.94344332,NA,0.008062094
"GDF2","Lymphocyte","PTSD","Wald ratio",1,-0.016,0.022,0.985,0.485,NA,NA,NA,0.01227094
"KIAA1217","Lymphocyte","PTSD","Simple mode",3,0.025,0.029,1.025,0.485,0.271365668,0.445168582,0.66479745,0.017604918
"MAD1L1","Lymphocyte","PTSD","Inverse variance weighted",2,0.009,0.013,1.009,0.486,NA,0.334490181,NA,0.009710412
"PDE1A","Lymphocyte","PTSD","Wald ratio",1,-0.033,0.047,0.968,0.486,NA,NA,NA,0.009558475
"SLC35F3","Lymphocyte","PTSD","Weighted median",3,0.01,0.015,1.01,0.486,0.521680588,0.626853357,0.601251227,0.011158973
"RPTOR","Lymphocyte","PTSD","Simple mode",3,-0.02,0.024,0.98,0.486,0.559306528,0.318091418,0.395639167,0.014327574
"SORCS2","Lymphocyte","PTSD","Weighted median",4,0.01,0.014,1.01,0.486,0.460296073,0.329024917,0.303415226,0.026896364
"IGSF21","Lymphocyte","PTSD","Simple mode",3,-0.016,0.019,0.984,0.486,0.714600577,0.934811506,0.97893525,0.010585906
"PTPRD","Lymphocyte","PTSD","Wald ratio",1,0.014,0.02,1.014,0.487,NA,NA,NA,0.01212296
"DHRS4L1","Lymphocyte","PTSD","Wald ratio",1,-0.928,1.333,0.395,0.487,NA,NA,NA,0.014900495
"DHRS4L2","Lymphocyte","PTSD","Wald ratio",1,-0.759,1.091,0.468,0.487,NA,NA,NA,0.014900495
"RERE","Lymphocyte","PTSD","Wald ratio",1,0.018,0.027,1.019,0.488,NA,NA,NA,0.009226452
"SPRR1B","Lymphocyte","PTSD","Wald ratio",1,0.012,0.018,1.012,0.488,NA,NA,NA,0.009226452
"ENO1","Lymphocyte","PTSD","Wald ratio",1,0.01,0.015,1.011,0.488,NA,NA,NA,0.009226452
"ARHGEF10L","Lymphocyte","PTSD","Inverse variance weighted",2,0.014,0.021,1.015,0.488,NA,0.188977605,NA,0.029338659
"PPAP2C","Lymphocyte","PTSD","Wald ratio",1,0.016,0.024,1.017,0.488,NA,NA,NA,0.009408854
"GTF3A","Lymphocyte","PTSD","Wald ratio",1,-0.02,0.028,0.981,0.488,NA,NA,NA,0.012586108
"DLC1","Lymphocyte","PTSD","Weighted mode",4,-0.01,0.013,0.99,0.489,0.948661,0.964434118,0.719477876,0.009567669
"SORCS2","Lymphocyte","PTSD","Weighted mode",4,0.011,0.014,1.011,0.489,0.460296073,0.329024917,0.303415226,0.026896364
"RPS6KA2","Lymphocyte","PTSD","Weighted mode",7,-0.008,0.011,0.992,0.489,0.764845213,0.855708127,0.858749627,0.013527638
"IGSF21","Lymphocyte","PTSD","Weighted mode",3,-0.014,0.016,0.986,0.49,0.714600577,0.934811506,0.97893525,0.010585906
"NADSYN1","Lymphocyte","PTSD","Wald ratio",1,-0.018,0.026,0.982,0.49,NA,NA,NA,0.013654595
"C1orf21","Lymphocyte","PTSD","Wald ratio",1,0.037,0.053,1.037,0.49,NA,NA,NA,0.009515568
"KITLG","Lymphocyte","PTSD","Wald ratio",1,0.013,0.019,1.013,0.49,NA,NA,NA,0.005594912
"KIAA1274","Lymphocyte","PTSD","Wald ratio",1,-0.019,0.028,0.981,0.49,NA,NA,NA,0.00969689
"ZNF606","Lymphocyte","PTSD","Wald ratio",1,0.157,0.228,1.17,0.491,NA,NA,NA,0.0092592
"GLB1","Lymphocyte","PTSD","Wald ratio",1,0.012,0.018,1.012,0.491,NA,NA,NA,0.010238097
"MTPAP","Lymphocyte","PTSD","Wald ratio",1,-0.057,0.083,0.944,0.491,NA,NA,NA,0.010238097
"GPR63","Lymphocyte","PTSD","Wald ratio",1,-0.303,0.439,0.739,0.491,NA,NA,NA,0.010420407
"KCNQ1","Lymphocyte","PTSD","Simple mode",4,0.012,0.015,1.012,0.491,0.91547321,0.962673536,0.772474356,0.009540191
"C15orf27","Lymphocyte","PTSD","Wald ratio",1,-0.031,0.044,0.97,0.491,NA,NA,NA,0.01541749
"TMEM90B","Lymphocyte","PTSD","Wald ratio",1,-0.02,0.029,0.98,0.492,NA,NA,NA,0.013601553
"C20orf3","Lymphocyte","PTSD","Wald ratio",1,-0.019,0.028,0.981,0.492,NA,NA,NA,0.013861932
"LOC121838","Lymphocyte","PTSD","Wald ratio",1,-0.013,0.019,0.987,0.492,NA,NA,NA,0.011316208
"PTK2B","Lymphocyte","PTSD","Wald ratio",1,-0.017,0.025,0.983,0.492,NA,NA,NA,0.009366304
"OTUD7A","Lymphocyte","PTSD","Wald ratio",1,0.025,0.036,1.025,0.492,NA,NA,NA,0.013434074
"HDAC4","Lymphocyte","PTSD","Simple mode",3,-0.017,0.02,0.983,0.492,0.470641186,0.068430149,0.271514971,0.552273022
"NEK3","Lymphocyte","PTSD","Inverse variance weighted",2,0.015,0.022,1.015,0.492,NA,0.71364262,NA,0.020749827
"KRT83","Lymphocyte","PTSD","Wald ratio",1,-0.017,0.024,0.984,0.492,NA,NA,NA,0.009549753
"MYRIP","Lymphocyte","PTSD","Wald ratio",1,0.117,0.17,1.124,0.492,NA,NA,NA,0.009364867
"GNAL","Lymphocyte","PTSD","Wald ratio",1,0.033,0.047,1.033,0.492,NA,NA,NA,0.014568486
"ENGASE","Lymphocyte","PTSD","Wald ratio",1,0.024,0.036,1.025,0.493,NA,NA,NA,0.010707021
"USP42","Lymphocyte","PTSD","Wald ratio",1,0.016,0.024,1.016,0.493,NA,NA,NA,0.013965655
"C10orf47","Lymphocyte","PTSD","Wald ratio",1,-0.016,0.023,0.985,0.494,NA,NA,NA,0.013892251
"XRCC3","Lymphocyte","PTSD","Wald ratio",1,-0.094,0.137,0.911,0.494,NA,NA,NA,0.00947326
"KLC1","Lymphocyte","PTSD","Wald ratio",1,-0.011,0.016,0.989,0.494,NA,NA,NA,0.00947326
"CADPS","Lymphocyte","PTSD","Inverse variance weighted",2,-0.019,0.028,0.981,0.494,NA,0.243331239,NA,0.014417023
"FXYD1","Lymphocyte","PTSD","Wald ratio",1,0.013,0.02,1.014,0.494,NA,NA,NA,0.00965479
"FXYD3","Lymphocyte","PTSD","Wald ratio",1,0.012,0.018,1.012,0.494,NA,NA,NA,0.009656163
"NSMCE1","Lymphocyte","PTSD","Wald ratio",1,-0.028,0.041,0.972,0.494,NA,NA,NA,0.009656163
"C6orf204","Lymphocyte","PTSD","Wald ratio",1,-0.21,0.306,0.811,0.494,NA,NA,NA,0.011784115
"RMST","Lymphocyte","PTSD","Wald ratio",1,0.015,0.021,1.015,0.494,NA,NA,NA,0.009456133
"SLC27A1","Lymphocyte","PTSD","Wald ratio",1,0.046,0.067,1.047,0.494,NA,NA,NA,0.01666915
"BICD1","Lymphocyte","PTSD","Wald ratio",1,0.055,0.081,1.057,0.495,NA,NA,NA,0.011533152
"L1TD1","Lymphocyte","PTSD","Wald ratio",1,-0.014,0.02,0.987,0.495,NA,NA,NA,0.01037839
"NFIL3","Lymphocyte","PTSD","Wald ratio",1,0.238,0.348,1.268,0.495,NA,NA,NA,0.01038047
"C22orf33","Lymphocyte","PTSD","Wald ratio",1,-0.025,0.037,0.975,0.495,NA,NA,NA,0.009216776
"MYO3B","Lymphocyte","PTSD","Weighted median",3,0.009,0.013,1.009,0.495,0.489141481,0.443911593,0.478348921,0.01584122
"FOSB","Lymphocyte","PTSD","Wald ratio",1,0.025,0.036,1.025,0.495,NA,NA,NA,0.009580245
"CAMK1D","Lymphocyte","PTSD","MR Egger",3,0.313,0.308,1.367,0.495,0.557172452,0.509568906,0.499403215,0.012282962
"RFC1","Lymphocyte","PTSD","Wald ratio",1,0.232,0.34,1.261,0.496,NA,NA,NA,0.009937403
"BRI3","Lymphocyte","PTSD","Wald ratio",1,0.013,0.019,1.013,0.496,NA,NA,NA,0.009142701
"KCNMB3","Lymphocyte","PTSD","Wald ratio",1,-0.011,0.016,0.989,0.496,NA,NA,NA,0.0091427
"GDAP1","Lymphocyte","PTSD","Wald ratio",1,0.034,0.05,1.034,0.496,NA,NA,NA,0.0091427
"REM2","Lymphocyte","PTSD","Wald ratio",1,0.014,0.021,1.015,0.497,NA,NA,NA,0.009324356
"UCMA","Lymphocyte","PTSD","Wald ratio",1,0.032,0.047,1.032,0.497,NA,NA,NA,0.019422387
"FAM189A1","Lymphocyte","PTSD","Inverse variance weighted",2,0.01,0.015,1.011,0.497,NA,0.363892568,NA,0.012696964
"ITIH4","Lymphocyte","PTSD","Wald ratio",1,0.016,0.023,1.016,0.498,NA,NA,NA,0.010772101
"SCARB1","Lymphocyte","PTSD","Wald ratio",1,-0.032,0.047,0.969,0.498,NA,NA,NA,0.024752497
"RRP12","Lymphocyte","PTSD","Wald ratio",1,0.016,0.024,1.016,0.498,NA,NA,NA,0.009795311
"CD34","Lymphocyte","PTSD","Wald ratio",1,0.031,0.046,1.032,0.498,NA,NA,NA,0.009794286
"CD209","Lymphocyte","PTSD","Wald ratio",1,-0.018,0.027,0.982,0.499,NA,NA,NA,0.010335412
"ARHGEF10","Lymphocyte","PTSD","Weighted median",3,0.011,0.016,1.011,0.499,0.185115961,0.166170671,0.493140387,0.014108086
"LSAMP","Lymphocyte","PTSD","Inverse variance weighted",4,0.013,0.02,1.014,0.499,0.783496848,0.338389545,0.231817515,0.03307071
"C13orf35","Lymphocyte","PTSD","Wald ratio",1,-0.018,0.027,0.982,0.499,NA,NA,NA,0.009721597
"C4orf43","Lymphocyte","PTSD","Wald ratio",1,-0.044,0.066,0.957,0.499,NA,NA,NA,0.009356423
"NCRNA00029","Lymphocyte","PTSD","Wald ratio",1,-0.011,0.017,0.989,0.5,NA,NA,NA,0.009537061
"MCEE","Lymphocyte","PTSD","Wald ratio",1,0.015,0.022,1.015,0.5,NA,NA,NA,0.009901334
"SGK2","Lymphocyte","PTSD","Wald ratio",1,-0.016,0.024,0.984,0.5,NA,NA,NA,0.013384591
"C11orf17","Lymphocyte","PTSD","Wald ratio",1,0.01,0.016,1.011,0.501,NA,NA,NA,0.009464565
"HTR4","Lymphocyte","PTSD","Wald ratio",1,0.012,0.018,1.012,0.501,NA,NA,NA,0.010731062
"ANGPT2","Lymphocyte","PTSD","Simple mode",3,0.018,0.023,1.019,0.502,0.686345212,0.739984815,0.627414211,0.008185062
"SHFM1","Lymphocyte","PTSD","Wald ratio",1,0.018,0.027,1.018,0.502,NA,NA,NA,0.009208801
"LEKR1","Lymphocyte","PTSD","Wald ratio",1,0.022,0.033,1.022,0.502,NA,NA,NA,0.0092088
"TEAD1","Lymphocyte","PTSD","Wald ratio",1,-0.013,0.019,0.987,0.502,NA,NA,NA,0.009570192
"TMPRSS4","Lymphocyte","PTSD","Wald ratio",1,-0.02,0.03,0.98,0.503,NA,NA,NA,0.010657326
"CAMK1D","Lymphocyte","PTSD","Weighted mode",3,0.013,0.016,1.013,0.503,0.557172452,0.509568906,0.499403215,0.012282962
"ARHGEF10","Lymphocyte","PTSD","MR Egger",3,-0.138,0.139,0.871,0.503,0.185115961,0.166170671,0.493140387,0.014108086
"C9orf135","Lymphocyte","PTSD","Wald ratio",1,0.026,0.039,1.027,0.503,NA,NA,NA,0.014053298
"GMDS","Lymphocyte","PTSD","Simple mode",4,0.01,0.013,1.01,0.503,0.766879764,0.855182076,0.669518503,0.00922971
"NHSL1","Lymphocyte","PTSD","Wald ratio",1,0.012,0.018,1.012,0.504,NA,NA,NA,0.008196828
"EEF1DP3","Lymphocyte","PTSD","Wald ratio",1,-0.042,0.062,0.959,0.504,NA,NA,NA,0.018241769
"SNRPE","Lymphocyte","PTSD","Wald ratio",1,0.013,0.019,1.013,0.504,NA,NA,NA,0.010764581
"LOC728264","Lymphocyte","PTSD","Wald ratio",1,-0.021,0.032,0.979,0.504,NA,NA,NA,0.012738155
"CD207","Lymphocyte","PTSD","Wald ratio",1,-0.016,0.025,0.984,0.504,NA,NA,NA,0.012915254
"SLC22A23","Lymphocyte","PTSD","Weighted median",3,-0.013,0.019,0.987,0.505,0.793616589,0.671759087,0.550471808,0.011518904
"PRDM16","Lymphocyte","PTSD","Simple mode",4,-0.015,0.02,0.985,0.505,0.190087736,0.262430632,0.590113874,0.011854246
"FBLN2","Lymphocyte","PTSD","Wald ratio",1,0.113,0.17,1.12,0.505,NA,NA,NA,0.020658775
"PDIA5","Lymphocyte","PTSD","Wald ratio",1,-0.012,0.018,0.988,0.505,NA,NA,NA,0.010329639
"ZNF131","Lymphocyte","PTSD","Wald ratio",1,0.012,0.018,1.012,0.505,NA,NA,NA,0.010870954
"ADAM7","Lymphocyte","PTSD","Wald ratio",1,-0.011,0.017,0.989,0.505,NA,NA,NA,0.009786587
"TPO","Lymphocyte","PTSD","Wald ratio",1,0.015,0.022,1.015,0.505,NA,NA,NA,0.013020243
"SPI1","Lymphocyte","PTSD","Wald ratio",1,-0.039,0.058,0.962,0.505,NA,NA,NA,0.013020243
"TRIM34","Lymphocyte","PTSD","Wald ratio",1,0.011,0.016,1.011,0.505,NA,NA,NA,0.009567279
"TRIM78P","Lymphocyte","PTSD","Wald ratio",1,0.014,0.021,1.014,0.505,NA,NA,NA,0.00959589
"FAS","Lymphocyte","PTSD","Wald ratio",1,-0.017,0.026,0.983,0.506,NA,NA,NA,0.01436717
"PTGES","Lymphocyte","PTSD","Wald ratio",1,-0.019,0.028,0.982,0.506,NA,NA,NA,0.012576035
"SGSM2","Lymphocyte","PTSD","Wald ratio",1,-0.011,0.016,0.989,0.506,NA,NA,NA,0.009531369
"USP45","Lymphocyte","PTSD","Wald ratio",1,-0.291,0.438,0.747,0.506,NA,NA,NA,0.009168192
"B3GALT5","Lymphocyte","PTSD","Wald ratio",1,0.048,0.072,1.049,0.507,NA,NA,NA,0.01144377
"ACOX3","Lymphocyte","PTSD","Wald ratio",1,0.013,0.019,1.013,0.507,NA,NA,NA,0.01144377
"KIF26B","Lymphocyte","PTSD","Inverse variance weighted",2,-0.016,0.024,0.984,0.508,NA,0.359795633,NA,0.032428553
"ZNF827","Lymphocyte","PTSD","Wald ratio",1,-0.011,0.017,0.989,0.508,NA,NA,NA,0.009638913
"TOM1","Lymphocyte","PTSD","Wald ratio",1,-0.025,0.037,0.976,0.508,NA,NA,NA,0.0094575
"HNMT","Lymphocyte","PTSD","Wald ratio",1,0.022,0.033,1.022,0.508,NA,NA,NA,0.009275948
"PALMD","Lymphocyte","PTSD","Wald ratio",1,-0.014,0.021,0.986,0.508,NA,NA,NA,0.009094255
"LPPR5","Lymphocyte","PTSD","Wald ratio",1,-0.01,0.015,0.99,0.508,NA,NA,NA,0.009092143
"TMEM51","Lymphocyte","PTSD","Weighted median",3,-0.015,0.022,0.985,0.508,0.854293781,0.963875734,0.874546745,0.007854193
"SLC6A7","Lymphocyte","PTSD","Wald ratio",1,-0.096,0.145,0.908,0.509,NA,NA,NA,0.017578396
"ODZ3","Lymphocyte","PTSD","MR Egger",3,-0.302,0.31,0.74,0.509,0.596741459,0.53545493,0.504956106,0.012122398
"ANO3","Lymphocyte","PTSD","Wald ratio",1,0.014,0.021,1.014,0.509,NA,NA,NA,0.009746462
"TGFBR3","Lymphocyte","PTSD","Inverse variance weighted",2,0.015,0.023,1.015,0.509,NA,0.768656395,NA,0.01355499
"MYLK4","Lymphocyte","PTSD","Wald ratio",1,-0.042,0.064,0.959,0.51,NA,NA,NA,0.010758536
"GAB4","Lymphocyte","PTSD","Wald ratio",1,0.022,0.034,1.022,0.51,NA,NA,NA,0.010215649
"CRELD2","Lymphocyte","PTSD","Wald ratio",1,-0.065,0.099,0.937,0.51,NA,NA,NA,0.014714052
"ENC1","Lymphocyte","PTSD","Wald ratio",1,-0.058,0.088,0.944,0.51,NA,NA,NA,0.014537672
"PRKCA","Lymphocyte","PTSD","Simple mode",4,-0.021,0.028,0.979,0.51,0.861051371,0.935731491,0.759794839,0.018166086
"MALL","Lymphocyte","PTSD","Wald ratio",1,-0.079,0.12,0.924,0.511,NA,NA,NA,0.009491408
"ADAMTS13","Lymphocyte","PTSD","Wald ratio",1,-0.034,0.052,0.967,0.511,NA,NA,NA,0.009128241
"C9orf7","Lymphocyte","PTSD","Wald ratio",1,-0.032,0.049,0.968,0.511,NA,NA,NA,0.009128241
"SART3","Lymphocyte","PTSD","Wald ratio",1,-0.018,0.027,0.982,0.511,NA,NA,NA,0.015165857
"DDX20","Lymphocyte","PTSD","Wald ratio",1,0.045,0.069,1.046,0.512,NA,NA,NA,0.013225317
"IGSF22","Lymphocyte","PTSD","Wald ratio",1,-0.139,0.213,0.87,0.512,NA,NA,NA,0.00923616
"TMEM86A","Lymphocyte","PTSD","Wald ratio",1,-0.037,0.056,0.964,0.512,NA,NA,NA,0.00923616
"CHD5","Lymphocyte","PTSD","Wald ratio",1,0.017,0.026,1.017,0.513,NA,NA,NA,0.010069113
"KLHDC7A","Lymphocyte","PTSD","Wald ratio",1,0.011,0.017,1.011,0.513,NA,NA,NA,0.009344083
"CARKD","Lymphocyte","PTSD","Wald ratio",1,0.02,0.031,1.02,0.514,NA,NA,NA,0.012903286
"CBR3","Lymphocyte","PTSD","Wald ratio",1,-0.123,0.188,0.885,0.515,NA,NA,NA,0.013541023
"PLEKHH3","Lymphocyte","PTSD","Wald ratio",1,0.01,0.016,1.01,0.515,NA,NA,NA,0.009089963
"LOC100190938","Lymphocyte","PTSD","Wald ratio",1,0.011,0.016,1.011,0.515,NA,NA,NA,0.009089945
"EMP2","Lymphocyte","PTSD","Wald ratio",1,0.026,0.04,1.026,0.515,NA,NA,NA,0.009088835
"PRKAG2","Lymphocyte","PTSD","Simple mode",4,-0.014,0.019,0.986,0.515,0.318768657,0.509828558,0.890982187,0.010405217
"ARRDC4","Lymphocyte","PTSD","Wald ratio",1,0.021,0.032,1.021,0.515,NA,NA,NA,0.017246326
"OPRL1","Lymphocyte","PTSD","Wald ratio",1,0.022,0.034,1.023,0.515,NA,NA,NA,0.014989137
"MYT1","Lymphocyte","PTSD","Wald ratio",1,0.019,0.029,1.019,0.515,NA,NA,NA,0.01498914
"CYS1","Lymphocyte","PTSD","Wald ratio",1,-0.031,0.048,0.969,0.516,NA,NA,NA,0.011112217
"KLF11","Lymphocyte","PTSD","Wald ratio",1,-0.238,0.366,0.788,0.516,NA,NA,NA,0.011112217
"E2F7","Lymphocyte","PTSD","Wald ratio",1,0.014,0.021,1.014,0.516,NA,NA,NA,0.01093311
"C9orf40","Lymphocyte","PTSD","Wald ratio",1,0.01,0.015,1.01,0.516,NA,NA,NA,0.009197628
"LOC646982","Lymphocyte","PTSD","Wald ratio",1,-0.135,0.209,0.873,0.516,NA,NA,NA,0.010390866
"RHOB","Lymphocyte","PTSD","Wald ratio",1,-0.114,0.176,0.892,0.516,NA,NA,NA,0.009016728
"TUBB6","Lymphocyte","PTSD","Wald ratio",1,-0.106,0.164,0.899,0.517,NA,NA,NA,0.010859696
"AACSL","Lymphocyte","PTSD","Wald ratio",1,0.015,0.024,1.015,0.517,NA,NA,NA,0.009486516
"ZNF354A","Lymphocyte","PTSD","Wald ratio",1,0.171,0.264,1.187,0.517,NA,NA,NA,0.009486516
"N4BP3","Lymphocyte","PTSD","Wald ratio",1,-0.015,0.024,0.985,0.518,NA,NA,NA,0.009305051
"SENP8","Lymphocyte","PTSD","Wald ratio",1,0.011,0.017,1.011,0.518,NA,NA,NA,0.010138298
"FIBIN","Lymphocyte","PTSD","Wald ratio",1,0.035,0.054,1.036,0.518,NA,NA,NA,0.008941709
"ITM2C","Lymphocyte","PTSD","Simple mode",3,-0.021,0.026,0.98,0.518,0.237897974,0.492494886,0.917711766,0.009314305
"ZDHHC4","Lymphocyte","PTSD","Wald ratio",1,-0.012,0.018,0.988,0.519,NA,NA,NA,0.009594522
"C7orf26","Lymphocyte","PTSD","Wald ratio",1,-0.013,0.019,0.988,0.519,NA,NA,NA,0.009594522
"LOC146481","Lymphocyte","PTSD","Wald ratio",1,-0.018,0.029,0.982,0.519,NA,NA,NA,0.015055474
"LOC283914","Lymphocyte","PTSD","Wald ratio",1,-0.02,0.032,0.98,0.519,NA,NA,NA,0.014986746
"P2RX4","Lymphocyte","PTSD","Wald ratio",1,0.121,0.188,1.129,0.519,NA,NA,NA,0.009593744
"ADAMTS16","Lymphocyte","PTSD","Inverse variance weighted",2,-0.013,0.021,0.987,0.519,NA,0.137520249,NA,0.023452901
"POLR1A","Lymphocyte","PTSD","Wald ratio",1,0.052,0.08,1.053,0.519,NA,NA,NA,0.009050003
"MYO10","Lymphocyte","PTSD","Wald ratio",1,0.01,0.016,1.01,0.519,NA,NA,NA,0.009050003
"ANKRD40","Lymphocyte","PTSD","Wald ratio",1,-0.029,0.045,0.972,0.519,NA,NA,NA,0.00988365
"CSMD1","Lymphocyte","PTSD","Inverse variance weighted",4,-0.008,0.012,0.992,0.52,0.341715401,0.530497242,0.835378162,0.012346093
"CHN2","Lymphocyte","PTSD","Wald ratio",1,-0.183,0.285,0.833,0.521,NA,NA,NA,0.009158292
"SNX19","Lymphocyte","PTSD","Wald ratio",1,-0.016,0.025,0.984,0.521,NA,NA,NA,0.008978415
"OPCML","Lymphocyte","PTSD","Weighted mode",4,0.013,0.018,1.013,0.521,0.203203751,0.346344068,0.807797559,0.009255291
"GNE","Lymphocyte","PTSD","Wald ratio",1,1.106,1.722,3.021,0.521,NA,NA,NA,0.01838642
"HPCAL1","Lymphocyte","PTSD","Wald ratio",1,0.043,0.067,1.044,0.521,NA,NA,NA,0.009629336
"LRP1","Lymphocyte","PTSD","Wald ratio",1,-0.011,0.017,0.989,0.521,NA,NA,NA,0.009628565
"CCDC60","Lymphocyte","PTSD","Wald ratio",1,0.018,0.028,1.018,0.521,NA,NA,NA,0.009628565
"ASAH1","Lymphocyte","PTSD","Wald ratio",1,-0.022,0.035,0.978,0.522,NA,NA,NA,0.016277792
"MAPK13","Lymphocyte","PTSD","Wald ratio",1,0.016,0.025,1.016,0.522,NA,NA,NA,0.010100358
"RPS6KL1","Lymphocyte","PTSD","Wald ratio",1,-0.011,0.017,0.989,0.522,NA,NA,NA,0.009267314
"CGB1","Lymphocyte","PTSD","Wald ratio",1,0.012,0.018,1.012,0.522,NA,NA,NA,0.009086442
"LHB","Lymphocyte","PTSD","Wald ratio",1,0.011,0.016,1.011,0.522,NA,NA,NA,0.009086442
"TRAPPC9","Lymphocyte","PTSD","MR Egger",4,0.058,0.075,1.059,0.522,0.26536929,0.350796951,0.563603246,0.014603869
"PTPRN2","Lymphocyte","PTSD","Simple mode",8,0.01,0.015,1.01,0.523,0.021806204,0.035235529,0.75992596,0.033254043
"MYCBPAP","Lymphocyte","PTSD","Wald ratio",1,0.694,1.087,2.001,0.524,NA,NA,NA,0.010494863
"RSAD1","Lymphocyte","PTSD","Wald ratio",1,0.336,0.527,1.4,0.524,NA,NA,NA,0.010494863
"CCDC148","Lymphocyte","PTSD","Wald ratio",1,-0.162,0.255,0.85,0.524,NA,NA,NA,0.009843913
"SMAD7","Lymphocyte","PTSD","Wald ratio",1,0.072,0.113,1.075,0.524,NA,NA,NA,0.01951016
"VCAN","Lymphocyte","PTSD","Wald ratio",1,-0.021,0.032,0.98,0.524,NA,NA,NA,0.009483111
"INPP1","Lymphocyte","PTSD","Wald ratio",1,0.341,0.536,1.407,0.524,NA,NA,NA,0.018383165
"APOL4","Lymphocyte","PTSD","Wald ratio",1,0.016,0.025,1.016,0.525,NA,NA,NA,0.011250341
"CECR5","Lymphocyte","PTSD","Wald ratio",1,-0.022,0.034,0.979,0.525,NA,NA,NA,0.01909945
"CECR4","Lymphocyte","PTSD","Wald ratio",1,-0.107,0.169,0.898,0.525,NA,NA,NA,0.019099449
"FOXN3","Lymphocyte","PTSD","MR Egger",4,-0.133,0.175,0.875,0.525,0.360037377,0.435071716,0.498256817,0.018209846
"ADAP1","Lymphocyte","PTSD","Wald ratio",1,0.011,0.017,1.011,0.525,NA,NA,NA,0.00893854
"COX19","Lymphocyte","PTSD","Wald ratio",1,0.013,0.02,1.013,0.525,NA,NA,NA,0.008889069
"CRELD1","Lymphocyte","PTSD","Wald ratio",1,-0.01,0.016,0.99,0.525,NA,NA,NA,0.008938274
"CYP2W1","Lymphocyte","PTSD","Wald ratio",1,0.01,0.016,1.01,0.525,NA,NA,NA,0.008938541
"IL17RE","Lymphocyte","PTSD","Wald ratio",1,-0.04,0.063,0.961,0.525,NA,NA,NA,0.008938536
"TP63","Lymphocyte","PTSD","Wald ratio",1,0.015,0.024,1.015,0.525,NA,NA,NA,0.008938541
"JAGN1","Lymphocyte","PTSD","Wald ratio",1,-0.01,0.016,0.99,0.525,NA,NA,NA,0.008938541
"C1orf43","Lymphocyte","PTSD","Wald ratio",1,0.011,0.017,1.011,0.526,NA,NA,NA,0.008936908
"FUCA2","Lymphocyte","PTSD","Wald ratio",1,0.291,0.459,1.338,0.526,NA,NA,NA,0.009410072
"ZFP36L2","Lymphocyte","PTSD","Wald ratio",1,-0.274,0.433,0.76,0.526,NA,NA,NA,0.011178388
"NKAIN2","Lymphocyte","PTSD","Wald ratio",1,0.018,0.028,1.018,0.526,NA,NA,NA,0.012698656
"OPRK1","Lymphocyte","PTSD","Wald ratio",1,-0.02,0.031,0.98,0.526,NA,NA,NA,0.015576085
"DSCAM","Lymphocyte","PTSD","Weighted median",3,-0.009,0.015,0.991,0.526,0.305928922,0.269562961,0.435758919,0.007868046
"POLRMT","Lymphocyte","PTSD","Wald ratio",1,-0.378,0.596,0.685,0.526,NA,NA,NA,0.009699593
"HCN2","Lymphocyte","PTSD","Wald ratio",1,-0.012,0.019,0.988,0.526,NA,NA,NA,0.009699593
"KIF2B","Lymphocyte","PTSD","Wald ratio",1,0.01,0.016,1.01,0.527,NA,NA,NA,0.00902984
"C10orf35","Lymphocyte","PTSD","Wald ratio",1,-0.018,0.029,0.982,0.527,NA,NA,NA,0.01303797
"TNS1","Lymphocyte","PTSD","Inverse variance weighted",2,0.017,0.027,1.018,0.527,NA,0.71515923,NA,0.009885772
"CADM1","Lymphocyte","PTSD","Wald ratio",1,-0.011,0.017,0.989,0.527,NA,NA,NA,0.007727389
"LRP5","Lymphocyte","PTSD","Wald ratio",1,-0.014,0.022,0.986,0.528,NA,NA,NA,0.012502829
"BCAR1","Lymphocyte","PTSD","Wald ratio",1,0.013,0.021,1.013,0.528,NA,NA,NA,0.009598271
"NRG2","Lymphocyte","PTSD","Wald ratio",1,-0.085,0.135,0.919,0.528,NA,NA,NA,0.012785773
"FARS2","Lymphocyte","PTSD","Wald ratio",1,-0.013,0.021,0.987,0.528,NA,NA,NA,0.008972418
"SHB","Lymphocyte","PTSD","Wald ratio",1,0.495,0.784,1.64,0.528,NA,NA,NA,0.008972418
"KIAA0922","Lymphocyte","PTSD","Wald ratio",1,-0.01,0.016,0.99,0.528,NA,NA,NA,0.009445504
"HTR1D","Lymphocyte","PTSD","Wald ratio",1,-0.014,0.022,0.987,0.529,NA,NA,NA,0.011786654
"WISP2","Lymphocyte","PTSD","Wald ratio",1,0.057,0.091,1.059,0.529,NA,NA,NA,0.011141658
"MPZ","Lymphocyte","PTSD","Wald ratio",1,-0.017,0.027,0.983,0.529,NA,NA,NA,0.01271507
"LEPREL1","Lymphocyte","PTSD","Wald ratio",1,0.044,0.071,1.046,0.53,NA,NA,NA,0.008901036
"DIRC3","Lymphocyte","PTSD","Wald ratio",1,0.02,0.032,1.021,0.53,NA,NA,NA,0.009373375
"LY96","Lymphocyte","PTSD","Wald ratio",1,-0.056,0.089,0.945,0.53,NA,NA,NA,0.01299811
"PCDH15","Lymphocyte","PTSD","Wald ratio",1,0.011,0.017,1.011,0.53,NA,NA,NA,0.009372653
"PAX5","Lymphocyte","PTSD","Wald ratio",1,-0.021,0.033,0.98,0.53,NA,NA,NA,0.011893853
"IFNGR2","Lymphocyte","PTSD","Wald ratio",1,-0.026,0.041,0.974,0.53,NA,NA,NA,0.010312963
"DTHD1","Lymphocyte","PTSD","Wald ratio",1,-0.02,0.032,0.98,0.53,NA,NA,NA,0.010312963
"SDK2","Lymphocyte","PTSD","Inverse variance weighted",2,-0.01,0.015,0.99,0.53,NA,0.482639334,NA,0.011718504
"DSP","Lymphocyte","PTSD","Wald ratio",1,0.012,0.019,1.012,0.53,NA,NA,NA,0.009191265
"MYT1L","Lymphocyte","PTSD","Weighted mode",5,0.012,0.018,1.012,0.53,0.545636766,0.499159027,0.348167088,0.012406309
"IL17RA","Lymphocyte","PTSD","Inverse variance weighted",2,0.012,0.02,1.012,0.531,NA,0.952757499,NA,0.009946363
"NDRG4","Lymphocyte","PTSD","Wald ratio",1,-0.024,0.039,0.976,0.531,NA,NA,NA,0.009008143
"FBXL16","Lymphocyte","PTSD","Wald ratio",1,0.012,0.019,1.012,0.531,NA,NA,NA,0.009295605
"C16orf11","Lymphocyte","PTSD","Wald ratio",1,0.016,0.026,1.016,0.531,NA,NA,NA,0.00930092
"PIGQ","Lymphocyte","PTSD","Wald ratio",1,0.647,1.033,1.91,0.531,NA,NA,NA,0.009299636
"STUB1","Lymphocyte","PTSD","Wald ratio",1,0.038,0.061,1.039,0.531,NA,NA,NA,0.009300921
"RAB40C","Lymphocyte","PTSD","Wald ratio",1,0.012,0.019,1.012,0.531,NA,NA,NA,0.009300839
"RHBDL1","Lymphocyte","PTSD","Wald ratio",1,0.019,0.031,1.02,0.531,NA,NA,NA,0.009300921
"WDR90","Lymphocyte","PTSD","Wald ratio",1,0.013,0.02,1.013,0.531,NA,NA,NA,0.009300921
"C16orf13","Lymphocyte","PTSD","Wald ratio",1,0.025,0.039,1.025,0.531,NA,NA,NA,0.009300921
"RHOT2","Lymphocyte","PTSD","Wald ratio",1,0.01,0.016,1.01,0.531,NA,NA,NA,0.00913841
"FAM195A","Lymphocyte","PTSD","Wald ratio",1,0.067,0.108,1.07,0.531,NA,NA,NA,0.009300921
"NHLRC4","Lymphocyte","PTSD","Wald ratio",1,0.01,0.016,1.01,0.531,NA,NA,NA,0.009300921
"WFIKKN1","Lymphocyte","PTSD","Wald ratio",1,0.023,0.037,1.024,0.531,NA,NA,NA,0.009300921
"EOMES","Lymphocyte","PTSD","Wald ratio",1,-0.019,0.03,0.982,0.531,NA,NA,NA,0.008828095
"ACIN1","Lymphocyte","PTSD","Wald ratio",1,0.316,0.505,1.371,0.531,NA,NA,NA,0.018652447
"TNFAIP8","Lymphocyte","PTSD","Wald ratio",1,0.018,0.028,1.018,0.531,NA,NA,NA,0.010709252
"FAM18B2","Lymphocyte","PTSD","Wald ratio",1,-0.013,0.021,0.987,0.531,NA,NA,NA,0.010709252
"CENPP","Lymphocyte","PTSD","Wald ratio",1,0.011,0.018,1.011,0.532,NA,NA,NA,0.009769908
"PODN","Lymphocyte","PTSD","Wald ratio",1,0.019,0.03,1.019,0.533,NA,NA,NA,0.015697438
"LSAMP","Lymphocyte","PTSD","Weighted median",4,0.014,0.022,1.014,0.533,0.783496848,0.338389545,0.231817515,0.03307071
"C1orf14","Lymphocyte","PTSD","Wald ratio",1,-0.047,0.075,0.954,0.533,NA,NA,NA,0.014907039
"TMTC1","Lymphocyte","PTSD","Wald ratio",1,-0.018,0.029,0.982,0.534,NA,NA,NA,0.009045665
"EFCAB9","Lymphocyte","PTSD","Wald ratio",1,0.013,0.022,1.013,0.535,NA,NA,NA,0.011086066
"LOC339524","Lymphocyte","PTSD","Wald ratio",1,0.014,0.022,1.014,0.535,NA,NA,NA,0.009913752
"HTR2A","Lymphocyte","PTSD","Wald ratio",1,0.012,0.019,1.012,0.535,NA,NA,NA,0.00897295
"HPS4","Lymphocyte","PTSD","Wald ratio",1,0.033,0.054,1.034,0.535,NA,NA,NA,0.008966397
"TFIP11","Lymphocyte","PTSD","Wald ratio",1,0.01,0.016,1.01,0.535,NA,NA,NA,0.008971685
"GDNF","Lymphocyte","PTSD","Wald ratio",1,0.027,0.044,1.028,0.536,NA,NA,NA,0.01049253
"TRIM29","Lymphocyte","PTSD","Inverse variance weighted",2,0.012,0.02,1.012,0.536,NA,0.587532748,NA,0.012687709
"UBTF","Lymphocyte","PTSD","Wald ratio",1,0.081,0.131,1.084,0.537,NA,NA,NA,0.009371858
"CARS","Lymphocyte","PTSD","Wald ratio",1,-0.297,0.481,0.743,0.537,NA,NA,NA,0.008900293
"KRT6B","Lymphocyte","PTSD","Wald ratio",1,-0.012,0.02,0.988,0.537,NA,NA,NA,0.010708616
"GALNTL1","Lymphocyte","PTSD","Wald ratio",1,-0.052,0.085,0.949,0.538,NA,NA,NA,0.016200519
"LRP1B","Lymphocyte","PTSD","Inverse variance weighted",2,0.012,0.02,1.012,0.538,NA,0.367491415,NA,0.009853023
"LOC150197","Lymphocyte","PTSD","Wald ratio",1,-0.017,0.027,0.983,0.538,NA,NA,NA,0.013246859
"SPATA13","Lymphocyte","PTSD","Inverse variance weighted",3,-0.009,0.015,0.991,0.538,0.346892393,0.595372881,0.763097563,0.015296583
"RNF165","Lymphocyte","PTSD","Wald ratio",1,0.012,0.019,1.012,0.539,NA,NA,NA,0.010348162
"LOXL4","Lymphocyte","PTSD","Wald ratio",1,0.015,0.024,1.015,0.539,NA,NA,NA,0.008827697
"LHPP","Lymphocyte","PTSD","Wald ratio",1,-0.025,0.04,0.976,0.539,NA,NA,NA,0.017310274
"ENDOD1","Lymphocyte","PTSD","Wald ratio",1,0.01,0.017,1.01,0.539,NA,NA,NA,0.008827046
"SLC35F3","Lymphocyte","PTSD","MR Egger",3,0.028,0.031,1.028,0.539,0.521680588,0.626853357,0.601251227,0.011158973
"ERI2","Lymphocyte","PTSD","Wald ratio",1,0.029,0.047,1.029,0.54,NA,NA,NA,0.008936698
"VIPR2","Lymphocyte","PTSD","Wald ratio",1,-0.01,0.017,0.99,0.54,NA,NA,NA,0.009979413
"SH2B2","Lymphocyte","PTSD","Wald ratio",1,-0.014,0.022,0.986,0.54,NA,NA,NA,0.012533932
"PARVA","Lymphocyte","PTSD","Wald ratio",1,0.139,0.228,1.15,0.54,NA,NA,NA,0.01459018
"CD27","Lymphocyte","PTSD","Wald ratio",1,-0.018,0.03,0.982,0.54,NA,NA,NA,0.009516901
"A2BP1","Lymphocyte","PTSD","Inverse variance weighted",2,-0.012,0.02,0.988,0.54,NA,0.992820726,NA,0.012140928
"MYO3B","Lymphocyte","PTSD","Simple mode",3,0.014,0.019,1.014,0.54,0.489141481,0.443911593,0.478348921,0.01584122
"ADAMTS5","Lymphocyte","PTSD","Wald ratio",1,0.016,0.026,1.016,0.541,NA,NA,NA,0.011893083
"TMTC4","Lymphocyte","PTSD","Wald ratio",1,-0.01,0.016,0.99,0.541,NA,NA,NA,0.007751531
"SP140","Lymphocyte","PTSD","Wald ratio",1,0.079,0.129,1.082,0.541,NA,NA,NA,0.012464398
"KCNQ1","Lymphocyte","PTSD","MR Egger",4,0.024,0.033,1.024,0.541,0.91547321,0.962673536,0.772474356,0.009540191
"MBP","Lymphocyte","PTSD","Weighted mode",3,-0.012,0.017,0.988,0.541,0.255527609,0.52206155,0.952866875,0.008071232
"GOLM1","Lymphocyte","PTSD","Wald ratio",1,0.011,0.018,1.011,0.542,NA,NA,NA,0.010204051
"HSP90AA1","Lymphocyte","PTSD","Wald ratio",1,0.011,0.019,1.011,0.542,NA,NA,NA,0.010780161
"SLIT3","Lymphocyte","PTSD","Weighted median",4,0.008,0.014,1.008,0.543,0.105114249,0.211773255,0.990718512,0.045458281
"GALNT13","Lymphocyte","PTSD","Inverse variance weighted",2,0.036,0.059,1.037,0.543,NA,0.24279425,NA,0.018209048
"DLC1","Lymphocyte","PTSD","Simple mode",4,-0.011,0.016,0.989,0.543,0.948661,0.964434118,0.719477876,0.009567669
"EXOC4","Lymphocyte","PTSD","Wald ratio",1,-0.009,0.016,0.991,0.543,NA,NA,NA,0.008791494
"SLC44A3","Lymphocyte","PTSD","Wald ratio",1,-0.258,0.425,0.772,0.543,NA,NA,NA,0.009082327
"LOC100289341","Lymphocyte","PTSD","Wald ratio",1,-0.029,0.047,0.972,0.543,NA,NA,NA,0.009081098
"UAP1L1","Lymphocyte","PTSD","Wald ratio",1,-0.032,0.053,0.968,0.543,NA,NA,NA,0.009081098
"PSMF1","Lymphocyte","PTSD","Wald ratio",1,-0.02,0.033,0.98,0.544,NA,NA,NA,0.009662187
"GDF7","Lymphocyte","PTSD","Wald ratio",1,0.202,0.333,1.224,0.544,NA,NA,NA,0.009479427
"TIAM1","Lymphocyte","PTSD","Wald ratio",1,-0.093,0.154,0.911,0.545,NA,NA,NA,0.00930131
"MYOM3","Lymphocyte","PTSD","Wald ratio",1,-0.012,0.019,0.988,0.545,NA,NA,NA,0.00901009
"CYFIP1","Lymphocyte","PTSD","Wald ratio",1,-0.016,0.027,0.984,0.545,NA,NA,NA,0.010924277
"FIGN","Lymphocyte","PTSD","Wald ratio",1,0.018,0.029,1.018,0.545,NA,NA,NA,0.011785283
"MBP","Lymphocyte","PTSD","Weighted median",3,-0.008,0.014,0.992,0.546,0.255527609,0.52206155,0.952866875,0.008071232
"ABCA4","Lymphocyte","PTSD","Wald ratio",1,-0.013,0.021,0.987,0.546,NA,NA,NA,0.010278839
"TLE3","Lymphocyte","PTSD","Wald ratio",1,0.014,0.023,1.014,0.546,NA,NA,NA,0.013035326
"FHL2","Lymphocyte","PTSD","Wald ratio",1,0.03,0.049,1.03,0.546,NA,NA,NA,0.017413406
"PCDH9","Lymphocyte","PTSD","Weighted mode",4,0.012,0.018,1.012,0.547,0.735396269,0.704491853,0.467935939,0.010353168
"SPATA13","Lymphocyte","PTSD","Weighted median",3,-0.01,0.017,0.99,0.547,0.346892393,0.595372881,0.763097563,0.015296583
"HCCA2","Lymphocyte","PTSD","Wald ratio",1,0.009,0.015,1.009,0.548,NA,NA,NA,0.008756543
"BRSK2","Lymphocyte","PTSD","Wald ratio",1,0.013,0.022,1.013,0.548,NA,NA,NA,0.008756543
"DUSP8","Lymphocyte","PTSD","Wald ratio",1,0.01,0.017,1.01,0.548,NA,NA,NA,0.005937364
"TEAD2","Lymphocyte","PTSD","Wald ratio",1,0.086,0.142,1.089,0.548,NA,NA,NA,0.009916082
"CCDC155","Lymphocyte","PTSD","Wald ratio",1,0.016,0.027,1.016,0.548,NA,NA,NA,0.009916082
"PADI1","Lymphocyte","PTSD","Inverse variance weighted",2,-0.012,0.021,0.988,0.548,NA,0.539639609,NA,0.009749529
"BFSP1","Lymphocyte","PTSD","Wald ratio",1,-0.129,0.214,0.879,0.548,NA,NA,NA,0.008861859
"RRBP1","Lymphocyte","PTSD","Wald ratio",1,-0.01,0.017,0.99,0.548,NA,NA,NA,0.008865802
"WWTR1","Lymphocyte","PTSD","Wald ratio",1,0.013,0.021,1.013,0.549,NA,NA,NA,0.011465192
"MYL10","Lymphocyte","PTSD","Wald ratio",1,0.028,0.047,1.028,0.549,NA,NA,NA,0.010024422
"MYO7A","Lymphocyte","PTSD","Inverse variance weighted",2,0.012,0.02,1.012,0.549,NA,0.144669911,NA,0.011579878
"GPC2","Lymphocyte","PTSD","Wald ratio",1,-0.044,0.074,0.957,0.549,NA,NA,NA,0.01042251
"GATS","Lymphocyte","PTSD","Wald ratio",1,-0.017,0.028,0.983,0.549,NA,NA,NA,0.01042251
"TAF10","Lymphocyte","PTSD","Wald ratio",1,0.011,0.019,1.011,0.549,NA,NA,NA,0.009784543
"POLE","Lymphocyte","PTSD","Wald ratio",1,-0.017,0.028,0.984,0.549,NA,NA,NA,0.01536693
"P2RX2","Lymphocyte","PTSD","Wald ratio",1,-0.026,0.043,0.975,0.549,NA,NA,NA,0.015366917
"NLGN1","Lymphocyte","PTSD","Wald ratio",1,-0.053,0.089,0.948,0.549,NA,NA,NA,0.008974399
"BRD3","Lymphocyte","PTSD","Wald ratio",1,-0.224,0.374,0.8,0.55,NA,NA,NA,0.009263774
"GAS2L3","Lymphocyte","PTSD","Wald ratio",1,0.032,0.053,1.032,0.55,NA,NA,NA,0.011967096
"CCDC52","Lymphocyte","PTSD","Wald ratio",1,0.023,0.038,1.023,0.55,NA,NA,NA,0.01110659
"TNFRSF8","Lymphocyte","PTSD","Wald ratio",1,-0.056,0.093,0.946,0.55,NA,NA,NA,0.008793755
"INPP5F","Lymphocyte","PTSD","Wald ratio",1,0.121,0.202,1.128,0.551,NA,NA,NA,0.01035097
"TNFAIP8L1","Lymphocyte","PTSD","Wald ratio",1,-0.01,0.017,0.99,0.551,NA,NA,NA,0.008903056
"MAPK10","Lymphocyte","PTSD","Wald ratio",1,0.01,0.018,1.011,0.552,NA,NA,NA,0.009881776
"LOC643406","Lymphocyte","PTSD","Wald ratio",1,0.019,0.033,1.02,0.552,NA,NA,NA,0.018209817
"C19orf40","Lymphocyte","PTSD","Wald ratio",1,0.109,0.183,1.115,0.552,NA,NA,NA,0.011143487
"WRB","Lymphocyte","PTSD","Wald ratio",1,-0.013,0.022,0.987,0.552,NA,NA,NA,0.009301024
"SELK","Lymphocyte","PTSD","Wald ratio",1,0.012,0.019,1.012,0.552,NA,NA,NA,0.009301024
"USP36","Lymphocyte","PTSD","Wald ratio",1,-0.011,0.018,0.99,0.552,NA,NA,NA,0.008720745
"AIM1","Lymphocyte","PTSD","Wald ratio",1,-0.491,0.826,0.612,0.552,NA,NA,NA,0.016274738
"NIPA1","Lymphocyte","PTSD","Wald ratio",1,0.018,0.03,1.018,0.553,NA,NA,NA,0.011824474
"APLP2","Lymphocyte","PTSD","Inverse variance weighted",2,-0.015,0.026,0.985,0.553,NA,0.793959112,NA,0.019129225
"VIPR1","Lymphocyte","PTSD","Wald ratio",1,0.01,0.017,1.01,0.553,NA,NA,NA,0.008831073
"KBTBD11","Lymphocyte","PTSD","Wald ratio",1,0.01,0.016,1.01,0.553,NA,NA,NA,0.005799742
"ODZ3","Lymphocyte","PTSD","Weighted median",3,0.01,0.016,1.01,0.553,0.596741459,0.53545493,0.504956106,0.012122398
"LOC154449","Lymphocyte","PTSD","Wald ratio",1,0.017,0.029,1.017,0.554,NA,NA,NA,0.012326826
"GMDS","Lymphocyte","PTSD","Weighted mode",4,0.008,0.012,1.008,0.554,0.766879764,0.855182076,0.669518503,0.00922971
"PTGR2","Lymphocyte","PTSD","Wald ratio",1,0.028,0.047,1.028,0.554,NA,NA,NA,0.008649512
"SEC14L5","Lymphocyte","PTSD","Wald ratio",1,0.01,0.017,1.01,0.554,NA,NA,NA,0.008649512
"SLC10A2","Lymphocyte","PTSD","Wald ratio",1,0.01,0.017,1.01,0.554,NA,NA,NA,0.00933992
"TRAPPC9","Lymphocyte","PTSD","Inverse variance weighted",4,0.007,0.012,1.007,0.555,0.26536929,0.350796951,0.563603246,0.014603869
"EBPL","Lymphocyte","PTSD","Wald ratio",1,0.326,0.552,1.385,0.555,NA,NA,NA,0.008758961
"ETV6","Lymphocyte","PTSD","Inverse variance weighted",2,-0.013,0.022,0.987,0.555,NA,0.605725071,NA,0.009328755
"CES1","Lymphocyte","PTSD","Wald ratio",1,-0.012,0.02,0.988,0.555,NA,NA,NA,0.010136663
"DEFA4","Lymphocyte","PTSD","Wald ratio",1,-0.01,0.017,0.99,0.556,NA,NA,NA,0.009267121
"JAG1","Lymphocyte","PTSD","Wald ratio",1,-0.013,0.022,0.987,0.556,NA,NA,NA,0.011216465
"CYB5R3","Lymphocyte","PTSD","Wald ratio",1,-0.555,0.944,0.574,0.556,NA,NA,NA,0.014772395
"C21orf130","Lymphocyte","PTSD","Wald ratio",1,0.012,0.021,1.013,0.557,NA,NA,NA,0.01161323
"SBF2","Lymphocyte","PTSD","Wald ratio",1,-0.012,0.02,0.988,0.557,NA,NA,NA,0.008649046
"MAPK8IP3","Lymphocyte","PTSD","Wald ratio",1,-0.011,0.018,0.989,0.557,NA,NA,NA,0.010642482
"LNPEP","Lymphocyte","PTSD","Wald ratio",1,0.018,0.03,1.018,0.557,NA,NA,NA,0.00868719
"TFB1M","Lymphocyte","PTSD","Wald ratio",1,0.011,0.018,1.011,0.557,NA,NA,NA,0.009087435
"SSBP2","Lymphocyte","PTSD","Wald ratio",1,0.025,0.042,1.025,0.558,NA,NA,NA,0.019207588
"LRRK1","Lymphocyte","PTSD","Inverse variance weighted",2,0.009,0.015,1.009,0.558,NA,0.853134768,NA,0.009174825
"NEBL","Lymphocyte","PTSD","Wald ratio",1,0.009,0.016,1.009,0.558,NA,NA,NA,0.008906463
"DNAH17","Lymphocyte","PTSD","Inverse variance weighted",2,-0.016,0.027,0.984,0.558,NA,0.036327398,NA,0.007958865
"TNIP3","Lymphocyte","PTSD","Wald ratio",1,0.01,0.018,1.01,0.559,NA,NA,NA,0.009994064
"SYS1","Lymphocyte","PTSD","Wald ratio",1,0.058,0.099,1.06,0.559,NA,NA,NA,0.010391633
"PKHD1","Lymphocyte","PTSD","Wald ratio",1,-0.044,0.075,0.957,0.559,NA,NA,NA,0.010102606
"GPR133","Lymphocyte","PTSD","Inverse variance weighted",3,0.009,0.016,1.009,0.56,0.385177802,0.541026146,0.616004377,0.018194921
"RGMA","Lymphocyte","PTSD","Wald ratio",1,-0.01,0.018,0.99,0.56,NA,NA,NA,0.00952598
"TTC39C","Lymphocyte","PTSD","Wald ratio",1,-0.025,0.042,0.976,0.56,NA,NA,NA,0.01129242
"RND3","Lymphocyte","PTSD","Wald ratio",1,-0.32,0.55,0.726,0.561,NA,NA,NA,0.009634813
"CAPZB","Lymphocyte","PTSD","Wald ratio",1,-0.015,0.026,0.985,0.561,NA,NA,NA,0.009633542
"TTC15","Lymphocyte","PTSD","Wald ratio",1,0.009,0.016,1.009,0.561,NA,NA,NA,0.008475382
"LOC100192378","Lymphocyte","PTSD","Wald ratio",1,-0.021,0.036,0.979,0.561,NA,NA,NA,0.011795373
"PROK2","Lymphocyte","PTSD","Wald ratio",1,-0.125,0.215,0.882,0.561,NA,NA,NA,0.011508786
"EIF4E3","Lymphocyte","PTSD","Wald ratio",1,-0.016,0.027,0.984,0.561,NA,NA,NA,0.011508786
"FOXN3","Lymphocyte","PTSD","Weighted median",4,0.009,0.015,1.009,0.562,0.360037377,0.435071716,0.498256817,0.018209846
"C19orf22","Lymphocyte","PTSD","Inverse variance weighted",2,-0.014,0.024,0.986,0.562,NA,0.217838494,NA,0.009212149
"HIPK2","Lymphocyte","PTSD","Inverse variance weighted",2,0.016,0.028,1.016,0.562,NA,0.110189777,NA,0.043006767
"FBXO44","Lymphocyte","PTSD","Wald ratio",1,-0.027,0.046,0.974,0.563,NA,NA,NA,0.017395451
"GAB1","Lymphocyte","PTSD","Wald ratio",1,-0.013,0.022,0.988,0.563,NA,NA,NA,0.008583227
"CST5","Lymphocyte","PTSD","Wald ratio",1,0.021,0.036,1.021,0.563,NA,NA,NA,0.012619398
"CNTNAP5","Lymphocyte","PTSD","Inverse variance weighted",2,-0.017,0.029,0.983,0.563,NA,0.096310479,NA,0.100026487
"LYG2","Lymphocyte","PTSD","Wald ratio",1,-0.01,0.018,0.99,0.564,NA,NA,NA,0.008691641
"ARMC9","Lymphocyte","PTSD","Wald ratio",1,0.01,0.017,1.01,0.564,NA,NA,NA,0.009476987
"ISM1","Lymphocyte","PTSD","Wald ratio",1,-0.01,0.018,0.99,0.565,NA,NA,NA,0.010286786
"LOC442293","Lymphocyte","PTSD","Wald ratio",1,-0.009,0.016,0.991,0.565,NA,NA,NA,0.005723422
"TOX4","Lymphocyte","PTSD","Wald ratio",1,0.01,0.017,1.01,0.565,NA,NA,NA,0.009601926
"GPR133","Lymphocyte","PTSD","MR Egger",3,0.052,0.064,1.054,0.565,0.385177802,0.541026146,0.616004377,0.018194921
"PLEKHA6","Lymphocyte","PTSD","Wald ratio",1,-0.015,0.027,0.985,0.565,NA,NA,NA,0.009709556
"PDE8A","Lymphocyte","PTSD","Wald ratio",1,0.019,0.032,1.019,0.565,NA,NA,NA,0.017190229
"MED12L","Lymphocyte","PTSD","Wald ratio",1,-0.011,0.019,0.989,0.565,NA,NA,NA,0.010107673
"APC","Lymphocyte","PTSD","Wald ratio",1,0.34,0.592,1.405,0.566,NA,NA,NA,0.008621516
"PECR","Lymphocyte","PTSD","Wald ratio",1,0.173,0.302,1.189,0.566,NA,NA,NA,0.00862029
"AKAP1","Lymphocyte","PTSD","Wald ratio",1,0.756,1.317,2.129,0.566,NA,NA,NA,0.013653226
"SETX","Lymphocyte","PTSD","Wald ratio",1,0.017,0.03,1.017,0.566,NA,NA,NA,0.015589235
"LOC400940","Lymphocyte","PTSD","Wald ratio",1,-0.014,0.024,0.986,0.567,NA,NA,NA,0.009129841
"STAB2","Lymphocyte","PTSD","Wald ratio",1,0.012,0.021,1.012,0.567,NA,NA,NA,0.010325491
"CDH13","Lymphocyte","PTSD","MR Egger",3,0.101,0.125,1.106,0.567,0.971654169,0.773141312,0.604218565,0.008112639
"LCP2","Lymphocyte","PTSD","Wald ratio",1,-0.012,0.02,0.988,0.567,NA,NA,NA,0.009239611
"C9orf123","Lymphocyte","PTSD","Wald ratio",1,1.357,2.371,3.885,0.567,NA,NA,NA,0.009638581
"GPR114","Lymphocyte","PTSD","Wald ratio",1,0.059,0.103,1.061,0.567,NA,NA,NA,0.009239022
"CACNB2","Lymphocyte","PTSD","Inverse variance weighted",2,0.016,0.028,1.016,0.567,NA,0.51946014,NA,0.014557688
"FPGT","Lymphocyte","PTSD","Wald ratio",1,0.058,0.101,1.059,0.567,NA,NA,NA,0.008550455
"TMEM51","Lymphocyte","PTSD","Weighted mode",3,-0.015,0.022,0.985,0.568,0.854293781,0.963875734,0.874546745,0.007854193
"PAK4","Lymphocyte","PTSD","Wald ratio",1,-0.011,0.019,0.989,0.568,NA,NA,NA,0.00819779
"C14orf118","Lymphocyte","PTSD","Wald ratio",1,-0.01,0.017,0.99,0.568,NA,NA,NA,0.009059002
"AUTS2","Lymphocyte","PTSD","Simple mode",3,-0.033,0.048,0.968,0.569,0.298353746,0.58228523,0.995597965,0.01008113
"FOXP4","Lymphocyte","PTSD","Wald ratio",1,-0.011,0.02,0.989,0.569,NA,NA,NA,0.009566265
"GMDS","Lymphocyte","PTSD","Weighted median",4,0.008,0.013,1.008,0.57,0.766879764,0.855182076,0.669518503,0.00922971
"INO80C","Lymphocyte","PTSD","Wald ratio",1,0.01,0.017,1.01,0.57,NA,NA,NA,0.009786143
"ZFP42","Lymphocyte","PTSD","Wald ratio",1,0.055,0.097,1.057,0.57,NA,NA,NA,0.009387453
"STRADB","Lymphocyte","PTSD","Wald ratio",1,-0.256,0.45,0.774,0.57,NA,NA,NA,0.018368831
"AIFM2","Lymphocyte","PTSD","Inverse variance weighted",2,0.008,0.014,1.008,0.57,NA,0.667972513,NA,0.009598757
"POLR1E","Lymphocyte","PTSD","Wald ratio",1,-0.01,0.018,0.99,0.57,NA,NA,NA,0.010292739
"EXT1","Lymphocyte","PTSD","Wald ratio",1,0.01,0.018,1.01,0.571,NA,NA,NA,0.009895309
"CHPT1","Lymphocyte","PTSD","Wald ratio",1,0.147,0.259,1.158,0.571,NA,NA,NA,0.008698569
"FLJ41941","Lymphocyte","PTSD","Wald ratio",1,0.02,0.036,1.02,0.571,NA,NA,NA,0.010798751
"MICAL3","Lymphocyte","PTSD","Wald ratio",1,0.012,0.021,1.012,0.571,NA,NA,NA,0.010798751
"SH3BGRL2","Lymphocyte","PTSD","Wald ratio",1,0.021,0.037,1.021,0.571,NA,NA,NA,0.013482908
"STEAP3","Lymphocyte","PTSD","Wald ratio",1,0.009,0.016,1.009,0.571,NA,NA,NA,0.008796088
"TXNDC5","Lymphocyte","PTSD","Wald ratio",1,0.009,0.015,1.009,0.572,NA,NA,NA,0.004618421
"GRM8","Lymphocyte","PTSD","Wald ratio",1,-0.021,0.038,0.979,0.572,NA,NA,NA,0.018130983
"RPL39L","Lymphocyte","PTSD","Wald ratio",1,0.016,0.028,1.016,0.572,NA,NA,NA,0.010729886
"SGPP2","Lymphocyte","PTSD","Wald ratio",1,0.036,0.064,1.037,0.572,NA,NA,NA,0.009824643
"PHACTR2","Lymphocyte","PTSD","Wald ratio",1,0.009,0.015,1.009,0.572,NA,NA,NA,0.008516552
"RLTPR","Lymphocyte","PTSD","Wald ratio",1,-0.09,0.159,0.914,0.572,NA,NA,NA,0.01241375
"ACD","Lymphocyte","PTSD","Wald ratio",1,-0.069,0.123,0.933,0.572,NA,NA,NA,0.012413749
"FAM65A","Lymphocyte","PTSD","Wald ratio",1,-0.022,0.038,0.979,0.572,NA,NA,NA,0.012290932
"SLCO2A1","Lymphocyte","PTSD","Wald ratio",1,-0.088,0.155,0.916,0.572,NA,NA,NA,0.011629359
"BZW2","Lymphocyte","PTSD","Wald ratio",1,-0.013,0.023,0.987,0.572,NA,NA,NA,0.010728385
"OSCP1","Lymphocyte","PTSD","Wald ratio",1,0.023,0.041,1.023,0.573,NA,NA,NA,0.010331161
"MPPED2","Lymphocyte","PTSD","Inverse variance weighted",2,0.014,0.024,1.014,0.573,NA,0.077990727,NA,0.008606154
"ANKMY1","Lymphocyte","PTSD","Wald ratio",1,-0.01,0.017,0.99,0.573,NA,NA,NA,0.009136231
"UBAC2","Lymphocyte","PTSD","Wald ratio",1,0.021,0.037,1.021,0.573,NA,NA,NA,0.008737346
"TGFBR2","Lymphocyte","PTSD","Wald ratio",1,0.018,0.032,1.018,0.574,NA,NA,NA,0.010658074
"KIAA1644","Lymphocyte","PTSD","Inverse variance weighted",2,0.02,0.036,1.021,0.574,NA,0.009749532,NA,0.34861778
"SLC35F3","Lymphocyte","PTSD","Weighted mode",3,0.01,0.016,1.01,0.574,0.521680588,0.626853357,0.601251227,0.011158973
"HCCA2","Lymphocyte","PTSD","Inverse variance weighted",2,0.008,0.013,1.008,0.575,NA,0.78284907,NA,0.008480933
"LOC729668","Lymphocyte","PTSD","Wald ratio",1,-0.009,0.017,0.991,0.575,NA,NA,NA,0.009065711
"KRT80","Lymphocyte","PTSD","Wald ratio",1,-0.016,0.028,0.984,0.575,NA,NA,NA,0.011448183
"MRPS18C","Lymphocyte","PTSD","Wald ratio",1,-0.012,0.021,0.988,0.575,NA,NA,NA,0.008666691
"UBE2E3","Lymphocyte","PTSD","Wald ratio",1,-0.011,0.02,0.989,0.575,NA,NA,NA,0.009574158
"AGAP1","Lymphocyte","PTSD","Wald ratio",1,-0.016,0.029,0.984,0.575,NA,NA,NA,0.008665287
"KLRC1","Lymphocyte","PTSD","Wald ratio",1,-0.012,0.022,0.988,0.576,NA,NA,NA,0.009175132
"SEMA6D","Lymphocyte","PTSD","Wald ratio",1,-0.01,0.017,0.99,0.576,NA,NA,NA,0.009683501
"ITM2C","Lymphocyte","PTSD","Weighted mode",3,-0.014,0.021,0.986,0.576,0.237897974,0.492494886,0.917711766,0.009314305
"APBA1","Lymphocyte","PTSD","Wald ratio",1,-0.071,0.127,0.931,0.577,NA,NA,NA,0.009902038
"XKR9","Lymphocyte","PTSD","Wald ratio",1,-0.079,0.141,0.924,0.577,NA,NA,NA,0.008483265
"OSTBETA","Lymphocyte","PTSD","Wald ratio",1,0.186,0.334,1.205,0.577,NA,NA,NA,0.012420877
"MTFMT","Lymphocyte","PTSD","Wald ratio",1,0.55,0.986,1.733,0.577,NA,NA,NA,0.01242088
"STK35","Lymphocyte","PTSD","Wald ratio",1,0.009,0.017,1.01,0.578,NA,NA,NA,0.008592961
"OLFM1","Lymphocyte","PTSD","Wald ratio",1,0.014,0.025,1.014,0.578,NA,NA,NA,0.01163462
"SLC15A4","Lymphocyte","PTSD","Wald ratio",1,-0.009,0.017,0.991,0.578,NA,NA,NA,0.008704349
"GMDS","Lymphocyte","PTSD","Inverse variance weighted",4,0.006,0.011,1.006,0.578,0.766879764,0.855182076,0.669518503,0.00922971
"FAM129B","Lymphocyte","PTSD","Wald ratio",1,-0.092,0.165,0.912,0.578,NA,NA,NA,0.009323658
"ACP1","Lymphocyte","PTSD","Wald ratio",1,-0.017,0.031,0.983,0.579,NA,NA,NA,0.00892486
"MIR620","Lymphocyte","PTSD","Wald ratio",1,-0.017,0.031,0.983,0.579,NA,NA,NA,0.013565077
"KIAA0427","Lymphocyte","PTSD","Inverse variance weighted",2,0.007,0.012,1.007,0.579,NA,0.934455178,NA,0.00783695
"MTAP","Lymphocyte","PTSD","Wald ratio",1,0.011,0.021,1.011,0.58,NA,NA,NA,0.008523472
"MUC5B","Lymphocyte","PTSD","Wald ratio",1,-0.01,0.017,0.99,0.58,NA,NA,NA,0.008522464
"FAM105A","Lymphocyte","PTSD","Wald ratio",1,-0.02,0.035,0.981,0.58,NA,NA,NA,0.014274774
"FGFR1","Lymphocyte","PTSD","Wald ratio",1,-0.01,0.019,0.99,0.58,NA,NA,NA,0.008633696
"IL27RA","Lymphocyte","PTSD","Wald ratio",1,-0.03,0.055,0.97,0.58,NA,NA,NA,0.017527254
"RFX1","Lymphocyte","PTSD","Wald ratio",1,-0.052,0.094,0.949,0.58,NA,NA,NA,0.017527247
"GCNT2","Lymphocyte","PTSD","Wald ratio",1,0.063,0.114,1.065,0.58,NA,NA,NA,0.008632172
"ADAMTS9","Lymphocyte","PTSD","Wald ratio",1,0.014,0.024,1.014,0.58,NA,NA,NA,0.009253113
"UBP1","Lymphocyte","PTSD","Wald ratio",1,0.144,0.261,1.155,0.581,NA,NA,NA,0.011494817
"PRDM16","Lymphocyte","PTSD","MR Egger",4,0.122,0.187,1.13,0.581,0.190087736,0.262430632,0.590113874,0.011854246
"ZNF787","Lymphocyte","PTSD","Wald ratio",1,0.015,0.028,1.015,0.582,NA,NA,NA,0.014398386
"KRTAP12-4","Lymphocyte","PTSD","Wald ratio",1,-0.017,0.03,0.983,0.582,NA,NA,NA,0.008452037
"KRTAP12-3","Lymphocyte","PTSD","Wald ratio",1,-0.016,0.028,0.985,0.582,NA,NA,NA,0.008452037
"ANKAR","Lymphocyte","PTSD","Wald ratio",1,0.383,0.696,1.467,0.582,NA,NA,NA,0.009575469
"FAM190A","Lymphocyte","PTSD","Inverse variance weighted",2,-0.008,0.014,0.992,0.582,NA,0.337793136,NA,0.007287542
"SPEG","Lymphocyte","PTSD","Wald ratio",1,0.058,0.106,1.06,0.583,NA,NA,NA,0.008672541
"IRS1","Lymphocyte","PTSD","Wald ratio",1,-0.015,0.028,0.985,0.583,NA,NA,NA,0.014843421
"LRRC27","Lymphocyte","PTSD","Wald ratio",1,0.089,0.162,1.093,0.583,NA,NA,NA,0.009911274
"UBE2U","Lymphocyte","PTSD","Wald ratio",1,-0.009,0.016,0.991,0.585,NA,NA,NA,0.008601737
"ODZ3","Lymphocyte","PTSD","Weighted mode",3,0.013,0.02,1.013,0.585,0.596741459,0.53545493,0.504956106,0.012122398
"APBA2","Lymphocyte","PTSD","Inverse variance weighted",2,-0.011,0.02,0.989,0.585,NA,0.971793246,NA,0.015776489
"C6orf225","Lymphocyte","PTSD","Wald ratio",1,-0.474,0.868,0.623,0.585,NA,NA,NA,0.009440535
"CCDC154","Lymphocyte","PTSD","Wald ratio",1,0.011,0.02,1.011,0.585,NA,NA,NA,0.008822392
"CLCN7","Lymphocyte","PTSD","Wald ratio",1,0.009,0.016,1.009,0.585,NA,NA,NA,0.008822247
"ZNF641","Lymphocyte","PTSD","Wald ratio",1,-0.016,0.03,0.984,0.586,NA,NA,NA,0.008933358
"C1orf51","Lymphocyte","PTSD","Wald ratio",1,-0.017,0.03,0.984,0.586,NA,NA,NA,0.01261356
"RPRD2","Lymphocyte","PTSD","Wald ratio",1,-0.014,0.025,0.987,0.586,NA,NA,NA,0.012613577
"C12orf72","Lymphocyte","PTSD","Wald ratio",1,-0.009,0.017,0.991,0.586,NA,NA,NA,0.009550349
"ADC","Lymphocyte","PTSD","Wald ratio",1,-0.01,0.018,0.99,0.586,NA,NA,NA,0.009660365
"LOC348840","Lymphocyte","PTSD","Wald ratio",1,-0.022,0.04,0.978,0.586,NA,NA,NA,0.009041988
"RPP21","Lymphocyte","PTSD","Wald ratio",1,0.016,0.029,1.016,0.586,NA,NA,NA,0.015940875
"CLIP2","Lymphocyte","PTSD","Wald ratio",1,0.01,0.019,1.01,0.587,NA,NA,NA,0.009761261
"TPD52L2","Lymphocyte","PTSD","Wald ratio",1,0.011,0.019,1.011,0.587,NA,NA,NA,0.008640923
"DNAJC5","Lymphocyte","PTSD","Wald ratio",1,0.016,0.03,1.016,0.587,NA,NA,NA,0.008640867
"MIR1914","Lymphocyte","PTSD","Wald ratio",1,0.016,0.029,1.016,0.587,NA,NA,NA,0.008640923
"WBSCR17","Lymphocyte","PTSD","Weighted median",3,-0.007,0.012,0.993,0.587,0.639897309,0.887891174,0.91294339,0.007930442
"GMDS","Lymphocyte","PTSD","MR Egger",4,0.024,0.038,1.024,0.587,0.766879764,0.855182076,0.669518503,0.00922971
"PCDH20","Lymphocyte","PTSD","Wald ratio",1,0.009,0.017,1.009,0.587,NA,NA,NA,0.008752138
"EPC2","Lymphocyte","PTSD","Wald ratio",1,-0.012,0.023,0.988,0.588,NA,NA,NA,0.011927566
"CASS4","Lymphocyte","PTSD","Wald ratio",1,-0.017,0.031,0.983,0.588,NA,NA,NA,0.01009769
"C20orf108","Lymphocyte","PTSD","Wald ratio",1,-0.077,0.143,0.926,0.588,NA,NA,NA,0.011434393
"NEU4","Lymphocyte","PTSD","Wald ratio",1,-0.009,0.017,0.991,0.588,NA,NA,NA,0.008971999
"PDCD1","Lymphocyte","PTSD","Wald ratio",1,-0.01,0.019,0.99,0.588,NA,NA,NA,0.00897297
"C2orf85","Lymphocyte","PTSD","Wald ratio",1,-0.017,0.032,0.983,0.588,NA,NA,NA,0.008970451
"BEAN","Lymphocyte","PTSD","Wald ratio",1,-0.032,0.059,0.969,0.588,NA,NA,NA,0.011039111
"PRR5L","Lymphocyte","PTSD","Wald ratio",1,0.01,0.018,1.01,0.588,NA,NA,NA,0.009082528
"PAOX","Lymphocyte","PTSD","Wald ratio",1,-0.021,0.038,0.98,0.589,NA,NA,NA,0.019266601
"LGALS3","Lymphocyte","PTSD","Wald ratio",1,0.01,0.018,1.01,0.589,NA,NA,NA,0.008461658
"MYOZ2","Lymphocyte","PTSD","Wald ratio",1,-0.013,0.024,0.987,0.589,NA,NA,NA,0.012085018
"GPR35","Lymphocyte","PTSD","Wald ratio",1,0.009,0.016,1.009,0.589,NA,NA,NA,0.008570896
"ZNF366","Lymphocyte","PTSD","Wald ratio",1,-0.014,0.025,0.986,0.589,NA,NA,NA,0.01075142
"RAP1GAP2","Lymphocyte","PTSD","Inverse variance weighted",2,0.016,0.029,1.016,0.59,NA,0.301263869,NA,0.016695119
"LOC100130557","Lymphocyte","PTSD","Wald ratio",1,0.143,0.265,1.153,0.59,NA,NA,NA,0.010246359
"LOC407835","Lymphocyte","PTSD","Wald ratio",1,-0.011,0.021,0.989,0.59,NA,NA,NA,0.011690372
"SYNGR3","Lymphocyte","PTSD","Wald ratio",1,0.019,0.035,1.019,0.59,NA,NA,NA,0.010968451
"ZNF598","Lymphocyte","PTSD","Wald ratio",1,0.012,0.022,1.012,0.59,NA,NA,NA,0.010965396
"ZNF148","Lymphocyte","PTSD","Wald ratio",1,0.039,0.072,1.039,0.591,NA,NA,NA,0.009738676
"HCRTR2","Lymphocyte","PTSD","Wald ratio",1,-0.013,0.025,0.987,0.591,NA,NA,NA,0.009121359
"SLC12A3","Lymphocyte","PTSD","Wald ratio",1,0.008,0.016,1.008,0.591,NA,NA,NA,0.008391045
"MIR138-2","Lymphocyte","PTSD","Wald ratio",1,0.011,0.02,1.011,0.591,NA,NA,NA,0.008391045
"RBM12B","Lymphocyte","PTSD","Wald ratio",1,0.011,0.02,1.011,0.591,NA,NA,NA,0.009135006
"DENND2A","Lymphocyte","PTSD","Wald ratio",1,-0.011,0.02,0.989,0.591,NA,NA,NA,0.008500944
"IL2RA","Lymphocyte","PTSD","Wald ratio",1,-0.014,0.027,0.986,0.591,NA,NA,NA,0.014581187
"SRC","Lymphocyte","PTSD","Wald ratio",1,-0.042,0.078,0.959,0.592,NA,NA,NA,0.009340747
"COL9A1","Lymphocyte","PTSD","Wald ratio",1,-0.035,0.066,0.965,0.592,NA,NA,NA,0.008720577
"RNASE6","Lymphocyte","PTSD","Inverse variance weighted",2,-0.041,0.077,0.96,0.592,NA,0.062208157,NA,0.025723121
"NPY","Lymphocyte","PTSD","Wald ratio",1,-0.065,0.121,0.938,0.593,NA,NA,NA,0.009669134
"DOCK1","Lymphocyte","PTSD","Inverse variance weighted",2,-0.014,0.027,0.986,0.593,NA,0.912878073,NA,0.010756132
"COMMD8","Lymphocyte","PTSD","Wald ratio",1,0.024,0.045,1.024,0.593,NA,NA,NA,0.012878009
"MGC34034","Lymphocyte","PTSD","Wald ratio",1,0.025,0.046,1.025,0.593,NA,NA,NA,0.009778405
"VASH2","Lymphocyte","PTSD","Wald ratio",1,-0.09,0.168,0.914,0.593,NA,NA,NA,0.008431489
"KLHL31","Lymphocyte","PTSD","Wald ratio",1,0.01,0.018,1.01,0.593,NA,NA,NA,0.009271632
"RALGPS1","Lymphocyte","PTSD","Wald ratio",1,-0.037,0.069,0.964,0.594,NA,NA,NA,0.008431069
"LIPC","Lymphocyte","PTSD","Wald ratio",1,0.028,0.052,1.028,0.594,NA,NA,NA,0.012593865
"ADAM10","Lymphocyte","PTSD","Wald ratio",1,0.012,0.023,1.012,0.594,NA,NA,NA,0.012593707
"FOXF2","Lymphocyte","PTSD","Wald ratio",1,0.018,0.033,1.018,0.594,NA,NA,NA,0.011877228
"UNCX","Lymphocyte","PTSD","Wald ratio",1,0.029,0.054,1.029,0.594,NA,NA,NA,0.009380609
"SLC6A18","Lymphocyte","PTSD","Wald ratio",1,-0.013,0.024,0.987,0.594,NA,NA,NA,0.011158743
"CAMK1D","Lymphocyte","PTSD","Weighted median",3,0.007,0.014,1.007,0.594,0.557172452,0.509568906,0.499403215,0.012282962
"PPP2R5A","Lymphocyte","PTSD","Wald ratio",1,0.014,0.026,1.014,0.594,NA,NA,NA,0.008650811
"EFNA5","Lymphocyte","PTSD","MR Egger",3,-0.059,0.079,0.943,0.595,0.065335931,0.029915374,0.489757151,0.00794467
"C17orf76","Lymphocyte","PTSD","Wald ratio",1,-0.02,0.037,0.98,0.595,NA,NA,NA,0.011807764
"FAIM2","Lymphocyte","PTSD","Wald ratio",1,-0.022,0.041,0.979,0.596,NA,NA,NA,0.008581709
"PYROXD2","Lymphocyte","PTSD","Wald ratio",1,-0.024,0.046,0.976,0.596,NA,NA,NA,0.009530424
"AKR1CL1","Lymphocyte","PTSD","Wald ratio",1,0.009,0.016,1.009,0.597,NA,NA,NA,0.008691726
"ACCN1","Lymphocyte","PTSD","Simple mode",3,-0.01,0.016,0.99,0.597,0.291038492,0.508385705,0.724341632,0.010432276
"PADI3","Lymphocyte","PTSD","Wald ratio",1,-0.019,0.035,0.982,0.597,NA,NA,NA,0.009749529
"PADI2","Lymphocyte","PTSD","Wald ratio",1,-0.044,0.083,0.957,0.597,NA,NA,NA,0.009749529
"RAD54B","Lymphocyte","PTSD","Wald ratio",1,-0.009,0.016,0.991,0.597,NA,NA,NA,0.008801692
"CDH13","Lymphocyte","PTSD","Simple mode",3,0.01,0.016,1.01,0.597,0.971654169,0.773141312,0.604218565,0.008112639
"RFX7","Lymphocyte","PTSD","Wald ratio",1,0.079,0.15,1.083,0.597,NA,NA,NA,0.012779647
"DOCK6","Lymphocyte","PTSD","Inverse variance weighted",2,0.008,0.014,1.008,0.598,NA,0.310201462,NA,0.011688151
"LILRA4","Lymphocyte","PTSD","Wald ratio",1,-0.013,0.025,0.987,0.598,NA,NA,NA,0.011126756
"SLC35F3","Lymphocyte","PTSD","Inverse variance weighted",3,0.008,0.014,1.008,0.598,0.521680588,0.626853357,0.601251227,0.011158973
"FOXK2","Lymphocyte","PTSD","Inverse variance weighted",2,-0.008,0.015,0.992,0.598,NA,0.327585317,NA,0.016175409
"APOC2","Lymphocyte","PTSD","Wald ratio",1,0.01,0.018,1.01,0.598,NA,NA,NA,0.008401559
"APOC4","Lymphocyte","PTSD","Wald ratio",1,0.009,0.017,1.009,0.598,NA,NA,NA,0.008157002
"CLPTM1","Lymphocyte","PTSD","Wald ratio",1,0.057,0.108,1.059,0.598,NA,NA,NA,0.008401559
"STAM","Lymphocyte","PTSD","Wald ratio",1,-0.013,0.025,0.987,0.598,NA,NA,NA,0.013532583
"C4orf19","Lymphocyte","PTSD","Wald ratio",1,-0.008,0.016,0.992,0.599,NA,NA,NA,0.008573432
"GGH","Lymphocyte","PTSD","Wald ratio",1,0.028,0.053,1.028,0.599,NA,NA,NA,0.008621399
"GPX4","Lymphocyte","PTSD","Wald ratio",1,0.022,0.042,1.022,0.599,NA,NA,NA,0.00884101
"CPS1","Lymphocyte","PTSD","Wald ratio",1,0.017,0.032,1.017,0.6,NA,NA,NA,0.012536215
"SSBP4","Lymphocyte","PTSD","Wald ratio",1,-0.027,0.051,0.974,0.6,NA,NA,NA,0.010331812
"ISYNA1","Lymphocyte","PTSD","Wald ratio",1,-0.053,0.101,0.949,0.6,NA,NA,NA,0.010336159
"MSX1","Lymphocyte","PTSD","Wald ratio",1,0.03,0.056,1.03,0.6,NA,NA,NA,0.017476805
"ANTXR1","Lymphocyte","PTSD","Wald ratio",1,0.017,0.033,1.018,0.601,NA,NA,NA,0.013066551
"CLPB","Lymphocyte","PTSD","Wald ratio",1,0.038,0.073,1.039,0.601,NA,NA,NA,0.010772378
"TBL1XR1","Lymphocyte","PTSD","Wald ratio",1,0.011,0.022,1.012,0.601,NA,NA,NA,0.008442218
"ZAR1L","Lymphocyte","PTSD","Wald ratio",1,0.01,0.02,1.011,0.601,NA,NA,NA,0.010881286
"EVC2","Lymphocyte","PTSD","Wald ratio",1,0.034,0.065,1.034,0.601,NA,NA,NA,0.01452112
"PCSK9","Lymphocyte","PTSD","Wald ratio",1,-0.011,0.02,0.989,0.601,NA,NA,NA,0.008771626
"PCDH9","Lymphocyte","PTSD","Simple mode",4,0.011,0.019,1.011,0.602,0.735396269,0.704491853,0.467935939,0.010353168
"ABCC13","Lymphocyte","PTSD","Wald ratio",1,0.011,0.021,1.011,0.602,NA,NA,NA,0.011424921
"FILIP1","Lymphocyte","PTSD","Wald ratio",1,-0.029,0.055,0.972,0.602,NA,NA,NA,0.009103621
"ARID3A","Lymphocyte","PTSD","Wald ratio",1,-0.028,0.054,0.972,0.602,NA,NA,NA,0.009212103
"ANO2","Lymphocyte","PTSD","Wald ratio",1,-0.023,0.044,0.977,0.602,NA,NA,NA,0.013113857
"ARNTL","Lymphocyte","PTSD","Wald ratio",1,-0.226,0.435,0.797,0.603,NA,NA,NA,0.008372313
"ITGA8","Lymphocyte","PTSD","Wald ratio",1,-0.043,0.083,0.958,0.603,NA,NA,NA,0.011138916
"TMEM72","Lymphocyte","PTSD","Wald ratio",1,0.008,0.016,1.008,0.603,NA,NA,NA,0.008482753
"FAM163A","Lymphocyte","PTSD","Wald ratio",1,0.533,1.027,1.705,0.603,NA,NA,NA,0.00869562
"ODZ3","Lymphocyte","PTSD","Simple mode",3,0.013,0.021,1.013,0.604,0.596741459,0.53545493,0.504956106,0.012122398
"IGF1R","Lymphocyte","PTSD","MR Egger",3,0.085,0.119,1.089,0.604,0.967633262,0.735729232,0.57734001,0.007555832
"SLC28A3","Lymphocyte","PTSD","Wald ratio",1,0.012,0.023,1.012,0.604,NA,NA,NA,0.011897754
"COL18A1","Lymphocyte","PTSD","Inverse variance weighted",2,0.013,0.024,1.013,0.604,NA,0.795453824,NA,0.012796562
"RGS17","Lymphocyte","PTSD","Wald ratio",1,0.02,0.039,1.021,0.605,NA,NA,NA,0.008303149
"MYO1D","Lymphocyte","PTSD","Inverse variance weighted",2,0.014,0.026,1.014,0.605,NA,0.031088695,NA,0.010650707
"FBXO2","Lymphocyte","PTSD","Wald ratio",1,0.153,0.296,1.165,0.605,NA,NA,NA,0.011613301
"IGSF9","Lymphocyte","PTSD","Wald ratio",1,0.024,0.046,1.024,0.606,NA,NA,NA,0.011938266
"PLCL2","Lymphocyte","PTSD","Wald ratio",1,0.01,0.019,1.01,0.606,NA,NA,NA,0.008743523
"TACR1","Lymphocyte","PTSD","MR Egger",3,-0.135,0.191,0.874,0.608,0.462107891,0.591506216,0.605379681,0.010843478
"DSCAM","Lymphocyte","PTSD","Weighted mode",3,-0.009,0.015,0.991,0.608,0.305928922,0.269562961,0.435758919,0.007868046
"C5orf42","Lymphocyte","PTSD","Wald ratio",1,-0.184,0.358,0.832,0.608,NA,NA,NA,0.013379969
"DGCR5","Lymphocyte","PTSD","Wald ratio",1,-0.344,0.672,0.709,0.609,NA,NA,NA,0.009444376
"ADAM32","Lymphocyte","PTSD","Inverse variance weighted",2,0.008,0.016,1.008,0.609,NA,0.267781441,NA,0.01484015
"GATA5","Lymphocyte","PTSD","Wald ratio",1,-0.013,0.025,0.987,0.609,NA,NA,NA,0.010850316
"PRLR","Lymphocyte","PTSD","Wald ratio",1,-0.026,0.051,0.974,0.61,NA,NA,NA,0.010646599
"CLASP1","Lymphocyte","PTSD","Wald ratio",1,0.395,0.773,1.484,0.61,NA,NA,NA,0.015829446
"MKI67IP","Lymphocyte","PTSD","Wald ratio",1,0.417,0.817,1.518,0.61,NA,NA,NA,0.015829446
"RNF213","Lymphocyte","PTSD","Wald ratio",1,-0.107,0.21,0.898,0.61,NA,NA,NA,0.008384862
"ZNF491","Lymphocyte","PTSD","Wald ratio",1,-0.022,0.043,0.978,0.61,NA,NA,NA,0.011191048
"LIMD1","Lymphocyte","PTSD","Wald ratio",1,0.026,0.051,1.026,0.61,NA,NA,NA,0.008384513
"MYO3B","Lymphocyte","PTSD","MR Egger",3,-0.025,0.035,0.976,0.61,0.489141481,0.443911593,0.478348921,0.01584122
"CDO1","Lymphocyte","PTSD","Wald ratio",1,-0.01,0.021,0.99,0.61,NA,NA,NA,0.008563623
"CABYR","Lymphocyte","PTSD","Wald ratio",1,-0.018,0.035,0.982,0.61,NA,NA,NA,0.008714725
"ZNF28","Lymphocyte","PTSD","Wald ratio",1,0.206,0.404,1.228,0.611,NA,NA,NA,0.011950454
"PPP2R2B","Lymphocyte","PTSD","Wald ratio",1,0.026,0.052,1.027,0.611,NA,NA,NA,0.012167052
"SCHIP1","Lymphocyte","PTSD","Wald ratio",1,0.01,0.02,1.01,0.611,NA,NA,NA,0.009922408
"C3orf67","Lymphocyte","PTSD","Wald ratio",1,-0.018,0.035,0.982,0.611,NA,NA,NA,0.010250685
"TTK","Lymphocyte","PTSD","Wald ratio",1,0.01,0.02,1.01,0.612,NA,NA,NA,0.008315837
"CHIT1","Lymphocyte","PTSD","Wald ratio",1,-0.01,0.02,0.99,0.612,NA,NA,NA,0.00831535
"CPOX","Lymphocyte","PTSD","Wald ratio",1,-0.026,0.051,0.974,0.612,NA,NA,NA,0.00831535
"PPOX","Lymphocyte","PTSD","Wald ratio",1,0.01,0.019,1.01,0.612,NA,NA,NA,0.008425545
"NDUFS2","Lymphocyte","PTSD","Wald ratio",1,0.009,0.017,1.009,0.612,NA,NA,NA,0.008425545
"LRRC4","Lymphocyte","PTSD","Wald ratio",1,-0.009,0.017,0.991,0.612,NA,NA,NA,0.008535689
"FZD7","Lymphocyte","PTSD","Wald ratio",1,-0.065,0.128,0.937,0.613,NA,NA,NA,0.008975291
"C14orf106","Lymphocyte","PTSD","Wald ratio",1,3.38,6.68,29.371,0.613,NA,NA,NA,0.018314796
"RALYL","Lymphocyte","PTSD","Wald ratio",1,0.069,0.137,1.072,0.613,NA,NA,NA,0.009635087
"CLDN14","Lymphocyte","PTSD","Wald ratio",1,-0.013,0.025,0.987,0.613,NA,NA,NA,0.01018141
"JAM3","Lymphocyte","PTSD","Wald ratio",1,0.02,0.039,1.02,0.615,NA,NA,NA,0.015880924
"CAMK2A","Lymphocyte","PTSD","Wald ratio",1,0.011,0.021,1.011,0.615,NA,NA,NA,0.009236997
"LIX1","Lymphocyte","PTSD","Wald ratio",1,-0.078,0.154,0.925,0.615,NA,NA,NA,0.008906571
"PANX2","Lymphocyte","PTSD","Wald ratio",1,0.015,0.029,1.015,0.615,NA,NA,NA,0.009566067
"TRABD","Lymphocyte","PTSD","Wald ratio",1,0.098,0.194,1.103,0.615,NA,NA,NA,0.00956603
"PLEKHG3","Lymphocyte","PTSD","Wald ratio",1,0.094,0.187,1.098,0.615,NA,NA,NA,0.011639559
"GPR133","Lymphocyte","PTSD","Weighted median",3,0.009,0.018,1.009,0.616,0.385177802,0.541026146,0.616004377,0.018194921
"C6orf191","Lymphocyte","PTSD","Wald ratio",1,-0.019,0.038,0.981,0.616,NA,NA,NA,0.017599241
"NEXN","Lymphocyte","PTSD","Inverse variance weighted",2,0.012,0.023,1.012,0.616,NA,0.274436335,NA,0.029699254
"LENG8","Lymphocyte","PTSD","Wald ratio",1,0.02,0.04,1.02,0.617,NA,NA,NA,0.008398263
"CDC42EP5","Lymphocyte","PTSD","Wald ratio",1,0.009,0.018,1.009,0.617,NA,NA,NA,0.008398263
"RCSD1","Lymphocyte","PTSD","Wald ratio",1,0.011,0.021,1.011,0.617,NA,NA,NA,0.008728376
"TSTD1","Lymphocyte","PTSD","Wald ratio",1,-0.018,0.035,0.983,0.617,NA,NA,NA,0.010045261
"F11R","Lymphocyte","PTSD","Wald ratio",1,-0.04,0.08,0.961,0.617,NA,NA,NA,0.010045261
"MMP16","Lymphocyte","PTSD","Wald ratio",1,0.107,0.214,1.113,0.617,NA,NA,NA,0.008838374
"IRX6","Lymphocyte","PTSD","Wald ratio",1,0.025,0.05,1.025,0.617,NA,NA,NA,0.008397783
"ETV5","Lymphocyte","PTSD","Wald ratio",1,-0.113,0.226,0.893,0.617,NA,NA,NA,0.017429536
"ABCA10","Lymphocyte","PTSD","Wald ratio",1,0.115,0.231,1.122,0.617,NA,NA,NA,0.014154612
"ATP6V1A","Lymphocyte","PTSD","Wald ratio",1,0.008,0.017,1.008,0.617,NA,NA,NA,0.008618046
"PIP4K2A","Lymphocyte","PTSD","Wald ratio",1,0.012,0.025,1.012,0.619,NA,NA,NA,0.013337426
"KRT40","Lymphocyte","PTSD","Wald ratio",1,0.017,0.035,1.017,0.619,NA,NA,NA,0.011067878
"SPDEF","Lymphocyte","PTSD","Wald ratio",1,0.01,0.021,1.01,0.619,NA,NA,NA,0.010195597
"FCGBP","Lymphocyte","PTSD","Wald ratio",1,0.009,0.019,1.01,0.619,NA,NA,NA,0.010086023
"C4orf36","Lymphocyte","PTSD","Wald ratio",1,0.062,0.124,1.064,0.619,NA,NA,NA,0.008329581
"FLJ40330","Lymphocyte","PTSD","Wald ratio",1,-0.012,0.024,0.988,0.619,NA,NA,NA,0.008329581
"LHX3","Lymphocyte","PTSD","Wald ratio",1,0.124,0.249,1.132,0.619,NA,NA,NA,0.008769458
"QSOX2","Lymphocyte","PTSD","Wald ratio",1,0.011,0.023,1.011,0.619,NA,NA,NA,0.008769458
"C22orf40","Lymphocyte","PTSD","Wald ratio",1,-0.023,0.047,0.977,0.621,NA,NA,NA,0.011434792
"SCN8A","Lymphocyte","PTSD","Wald ratio",1,0.009,0.019,1.009,0.621,NA,NA,NA,0.007605938
"FIGNL2","Lymphocyte","PTSD","Wald ratio",1,0.012,0.025,1.012,0.621,NA,NA,NA,0.009471372
"SLC35F3","Lymphocyte","PTSD","Simple mode",3,0.012,0.021,1.012,0.622,0.521680588,0.626853357,0.601251227,0.011158973
"RGS13","Lymphocyte","PTSD","Wald ratio",1,-0.008,0.015,0.993,0.622,NA,NA,NA,0.008259988
"PACSIN1","Lymphocyte","PTSD","Wald ratio",1,-0.013,0.027,0.987,0.622,NA,NA,NA,0.011475674
"TMEM132E","Lymphocyte","PTSD","Wald ratio",1,0.202,0.41,1.224,0.622,NA,NA,NA,0.01136673
"CDH23","Lymphocyte","PTSD","Inverse variance weighted",2,0.008,0.015,1.008,0.622,NA,0.349274514,NA,0.013131952
"PPP1CB","Lymphocyte","PTSD","Wald ratio",1,0.029,0.06,1.03,0.624,NA,NA,NA,0.008962535
"THBS4","Lymphocyte","PTSD","Wald ratio",1,-0.008,0.016,0.992,0.624,NA,NA,NA,0.008522698
"AFAP1","Lymphocyte","PTSD","Wald ratio",1,-0.008,0.016,0.992,0.624,NA,NA,NA,0.005649069
"FLJ32065","Lymphocyte","PTSD","Wald ratio",1,0.31,0.632,1.363,0.624,NA,NA,NA,0.013927994
"SHISA6","Lymphocyte","PTSD","Wald ratio",1,-0.007,0.015,0.993,0.624,NA,NA,NA,0.008074186
"DOCK9","Lymphocyte","PTSD","Wald ratio",1,-0.014,0.028,0.986,0.624,NA,NA,NA,0.013070672
"DOCK5","Lymphocyte","PTSD","Inverse variance weighted",2,-0.007,0.013,0.993,0.625,NA,0.846508258,NA,0.007637529
"GALNTL6","Lymphocyte","PTSD","Inverse variance weighted",2,0.009,0.017,1.009,0.626,NA,0.346555536,NA,0.009163327
"KALRN","Lymphocyte","PTSD","Wald ratio",1,-0.021,0.043,0.979,0.626,NA,NA,NA,0.010687684
"C3orf21","Lymphocyte","PTSD","Wald ratio",1,0.155,0.318,1.168,0.626,NA,NA,NA,0.010578666
"FBXO7","Lymphocyte","PTSD","Wald ratio",1,-0.015,0.031,0.985,0.627,NA,NA,NA,0.008343362
"ADARB2","Lymphocyte","PTSD","Inverse variance weighted",4,0.007,0.014,1.007,0.627,0.679660355,0.849807483,0.8861751,0.011148558
"PTPRJ","Lymphocyte","PTSD","Wald ratio",1,0.023,0.048,1.024,0.627,NA,NA,NA,0.01906502
"FCRLB","Lymphocyte","PTSD","Wald ratio",1,-0.01,0.021,0.99,0.628,NA,NA,NA,0.010815096
"EGLN2","Lymphocyte","PTSD","Wald ratio",1,0.076,0.158,1.079,0.628,NA,NA,NA,0.009264681
"LOC642597","Lymphocyte","PTSD","Wald ratio",1,0.011,0.023,1.011,0.628,NA,NA,NA,0.010729005
"OSBPL3","Lymphocyte","PTSD","Inverse variance weighted",2,0.007,0.015,1.007,0.629,NA,0.426496826,NA,0.009159068
"RORA","Lymphocyte","PTSD","Inverse variance weighted",4,0.005,0.011,1.005,0.629,0.837352718,0.897180446,0.671634022,0.008840621
"HPS3","Lymphocyte","PTSD","Wald ratio",1,-0.913,1.888,0.401,0.629,NA,NA,NA,0.01645204
"FSD1L","Lymphocyte","PTSD","Wald ratio",1,0.01,0.02,1.01,0.629,NA,NA,NA,0.0082761
"C6orf170","Lymphocyte","PTSD","Wald ratio",1,0.012,0.025,1.012,0.629,NA,NA,NA,0.013084675
"TMEM51","Lymphocyte","PTSD","Simple mode",3,-0.014,0.025,0.986,0.629,0.854293781,0.963875734,0.874546745,0.007854193
"PRDM16","Lymphocyte","PTSD","Weighted median",4,0.005,0.011,1.005,0.629,0.190087736,0.262430632,0.590113874,0.011854246
"TRIML1","Lymphocyte","PTSD","Wald ratio",1,-0.016,0.034,0.984,0.631,NA,NA,NA,0.01434427
"CDK2","Lymphocyte","PTSD","Wald ratio",1,0.015,0.032,1.016,0.631,NA,NA,NA,0.015447396
"LSAMP","Lymphocyte","PTSD","Simple mode",4,0.015,0.028,1.015,0.631,0.783496848,0.338389545,0.231817515,0.03307071
"MXRA7","Lymphocyte","PTSD","Wald ratio",1,-0.008,0.016,0.992,0.631,NA,NA,NA,0.0084281
"TBC1D20","Lymphocyte","PTSD","Wald ratio",1,-0.014,0.03,0.986,0.631,NA,NA,NA,0.009788352
"SLC7A7","Lymphocyte","PTSD","Wald ratio",1,0.008,0.016,1.008,0.631,NA,NA,NA,0.008207947
"ZMAT3","Lymphocyte","PTSD","Wald ratio",1,0.012,0.026,1.013,0.632,NA,NA,NA,0.009567093
"HRNBP3","Lymphocyte","PTSD","Simple mode",3,-0.01,0.017,0.99,0.632,0.45837911,0.645420478,0.669784473,0.010707333
"LOC644145","Lymphocyte","PTSD","Wald ratio",1,0.029,0.062,1.03,0.632,NA,NA,NA,0.009457664
"IL16","Lymphocyte","PTSD","Wald ratio",1,-0.017,0.035,0.983,0.632,NA,NA,NA,0.009239143
"STARD5","Lymphocyte","PTSD","Wald ratio",1,-0.01,0.02,0.99,0.632,NA,NA,NA,0.009239143
"TBC1D22A","Lymphocyte","PTSD","Wald ratio",1,-0.008,0.017,0.992,0.632,NA,NA,NA,0.009019342
"BRUNOL5","Lymphocyte","PTSD","Wald ratio",1,-0.014,0.03,0.986,0.633,NA,NA,NA,0.0084695
"ECEL1P2","Lymphocyte","PTSD","Wald ratio",1,-0.434,0.91,0.648,0.633,NA,NA,NA,0.014425454
"RUNX3","Lymphocyte","PTSD","Wald ratio",1,-0.011,0.023,0.989,0.633,NA,NA,NA,0.008360101
"RNF4","Lymphocyte","PTSD","Wald ratio",1,-0.126,0.264,0.882,0.633,NA,NA,NA,0.010744495
"LSAMP","Lymphocyte","PTSD","Weighted mode",4,0.013,0.024,1.013,0.635,0.783496848,0.338389545,0.231817515,0.03307071
"ZNF468","Lymphocyte","PTSD","Wald ratio",1,-0.038,0.081,0.962,0.635,NA,NA,NA,0.008841533
"RAB27B","Lymphocyte","PTSD","Wald ratio",1,0.011,0.024,1.011,0.635,NA,NA,NA,0.00976152
"CELSR2","Lymphocyte","PTSD","Wald ratio",1,-0.012,0.025,0.988,0.635,NA,NA,NA,0.00976152
"KLF7","Lymphocyte","PTSD","Wald ratio",1,0.01,0.02,1.01,0.635,NA,NA,NA,0.008621589
"DGKE","Lymphocyte","PTSD","Wald ratio",1,0.014,0.029,1.014,0.635,NA,NA,NA,0.012818456
"LPHN2","Lymphocyte","PTSD","Wald ratio",1,-0.028,0.059,0.972,0.635,NA,NA,NA,0.01371813
"MRPS5","Lymphocyte","PTSD","Wald ratio",1,-0.008,0.017,0.992,0.636,NA,NA,NA,0.009432662
"PDE7B","Lymphocyte","PTSD","Wald ratio",1,0.042,0.089,1.043,0.636,NA,NA,NA,0.00829102
"ANGPT2","Lymphocyte","PTSD","MR Egger",3,-0.171,0.266,0.843,0.636,0.686345212,0.739984815,0.627414211,0.008185062
"COL21A1","Lymphocyte","PTSD","Inverse variance weighted",2,-0.01,0.021,0.99,0.636,NA,0.901078888,NA,0.007476363
"ADARB2","Lymphocyte","PTSD","Weighted median",4,0.007,0.016,1.007,0.637,0.679660355,0.849807483,0.8861751,0.011148558
"SND1","Lymphocyte","PTSD","Wald ratio",1,-0.043,0.092,0.958,0.637,NA,NA,NA,0.008993502
"BLZF1","Lymphocyte","PTSD","Wald ratio",1,0.125,0.264,1.133,0.637,NA,NA,NA,0.018385667
"GAD1","Lymphocyte","PTSD","Wald ratio",1,-0.045,0.095,0.956,0.638,NA,NA,NA,0.008553485
"EPDR1","Lymphocyte","PTSD","Wald ratio",1,0.009,0.019,1.009,0.638,NA,NA,NA,0.009474028
"LHX6","Lymphocyte","PTSD","Wald ratio",1,0.009,0.018,1.009,0.638,NA,NA,NA,0.008443415
"NHLRC1","Lymphocyte","PTSD","Wald ratio",1,-0.016,0.034,0.984,0.638,NA,NA,NA,0.008334459
"FMNL3","Lymphocyte","PTSD","Wald ratio",1,0.035,0.075,1.036,0.638,NA,NA,NA,0.013693455
"KCNH3","Lymphocyte","PTSD","Wald ratio",1,0.016,0.035,1.016,0.638,NA,NA,NA,0.013693267
"KIAA1908","Lymphocyte","PTSD","Wald ratio",1,-0.008,0.017,0.992,0.639,NA,NA,NA,0.008221849
"SLC22A23","Lymphocyte","PTSD","Simple mode",3,-0.013,0.024,0.987,0.639,0.793616589,0.671759087,0.550471808,0.011518904
"PRPF40A","Lymphocyte","PTSD","Wald ratio",1,-0.01,0.021,0.99,0.639,NA,NA,NA,0.008925833
"DCN","Lymphocyte","PTSD","Wald ratio",1,-0.015,0.031,0.985,0.639,NA,NA,NA,0.015514199
"CHSY1","Lymphocyte","PTSD","Inverse variance weighted",2,0.01,0.021,1.01,0.64,NA,0.143076368,NA,0.012387273
"DNAJB6","Lymphocyte","PTSD","Wald ratio",1,0.008,0.016,1.008,0.64,NA,NA,NA,0.008463463
"AKAP2","Lymphocyte","PTSD","Wald ratio",1,0.009,0.019,1.009,0.641,NA,NA,NA,0.008265516
"MINA","Lymphocyte","PTSD","Wald ratio",1,0.008,0.018,1.008,0.641,NA,NA,NA,0.009077899
"TTC7B","Lymphocyte","PTSD","MR Egger",3,0.033,0.053,1.034,0.641,0.090812826,0.223995346,0.865102321,0.029998083
"SHANK1","Lymphocyte","PTSD","Inverse variance weighted",2,-0.01,0.021,0.99,0.641,NA,0.216310815,NA,0.030499157
"FLJ22536","Lymphocyte","PTSD","Wald ratio",1,0.011,0.024,1.011,0.642,NA,NA,NA,0.008748922
"ACSL1","Lymphocyte","PTSD","MR Egger",3,-0.02,0.031,0.98,0.642,0.174134852,0.248234171,0.60554538,0.007715853
"KIAA1026","Lymphocyte","PTSD","MR Egger",3,0.025,0.039,1.025,0.642,0.650236694,0.47411497,0.459947983,0.01203848
"TMTC2","Lymphocyte","PTSD","Wald ratio",1,-0.127,0.275,0.88,0.643,NA,NA,NA,0.012012472
"HOXD4","Lymphocyte","PTSD","Wald ratio",1,-0.047,0.101,0.954,0.643,NA,NA,NA,0.008901083
"HOXD1","Lymphocyte","PTSD","Wald ratio",1,-0.045,0.098,0.956,0.643,NA,NA,NA,0.008900752
"HOXD3","Lymphocyte","PTSD","Wald ratio",1,-0.013,0.028,0.987,0.643,NA,NA,NA,0.008901083
"FGF12","Lymphocyte","PTSD","Weighted median",3,0.006,0.013,1.006,0.643,0.17768799,0.010803526,0.295668071,0.012308129
"PRMT3","Lymphocyte","PTSD","Wald ratio",1,0.014,0.03,1.014,0.644,NA,NA,NA,0.013173056
"FNDC3B","Lymphocyte","PTSD","Inverse variance weighted",2,-0.009,0.019,0.991,0.644,NA,0.729568699,NA,0.008183985
"CRX","Lymphocyte","PTSD","Wald ratio",1,0.01,0.021,1.01,0.645,NA,NA,NA,0.010559891
"CCND3","Lymphocyte","PTSD","Wald ratio",1,0.014,0.03,1.014,0.645,NA,NA,NA,0.012528228
"TAF8","Lymphocyte","PTSD","Wald ratio",1,0.014,0.031,1.014,0.645,NA,NA,NA,0.012528091
"SNAR-I","Lymphocyte","PTSD","Wald ratio",1,-0.008,0.018,0.992,0.645,NA,NA,NA,0.008350569
"MYO3B","Lymphocyte","PTSD","Weighted mode",3,0.007,0.014,1.008,0.645,0.489141481,0.443911593,0.478348921,0.01584122
"GNA12","Lymphocyte","PTSD","Wald ratio",1,-0.008,0.017,0.992,0.645,NA,NA,NA,0.008943546
"RASA1","Lymphocyte","PTSD","Wald ratio",1,-0.149,0.323,0.862,0.645,NA,NA,NA,0.008349329
"ITGAM","Lymphocyte","PTSD","Wald ratio",1,-0.008,0.017,0.992,0.646,NA,NA,NA,0.008192117
"ANKS1A","Lymphocyte","PTSD","Wald ratio",1,-0.008,0.017,0.992,0.646,NA,NA,NA,0.008130033
"NDUFC2","Lymphocyte","PTSD","Wald ratio",1,-0.008,0.018,0.992,0.646,NA,NA,NA,0.008129232
"CTHRC1","Lymphocyte","PTSD","Wald ratio",1,0.02,0.043,1.02,0.646,NA,NA,NA,0.008129231
"VWDE","Lymphocyte","PTSD","Wald ratio",1,0.348,0.759,1.417,0.646,NA,NA,NA,0.011988401
"DNAJC13","Lymphocyte","PTSD","Wald ratio",1,0.011,0.025,1.011,0.647,NA,NA,NA,0.01314896
"RRM2","Lymphocyte","PTSD","Wald ratio",1,0.037,0.08,1.037,0.647,NA,NA,NA,0.009205079
"CSMD1","Lymphocyte","PTSD","MR Egger",4,-0.013,0.024,0.987,0.647,0.341715401,0.530497242,0.835378162,0.012346093
"VWF","Lymphocyte","PTSD","Inverse variance weighted",2,-0.013,0.029,0.987,0.647,NA,0.389250434,NA,0.007401341
"GANC","Lymphocyte","PTSD","Wald ratio",1,0.019,0.042,1.019,0.647,NA,NA,NA,0.011663752
"COL9A2","Lymphocyte","PTSD","Wald ratio",1,0.023,0.05,1.023,0.647,NA,NA,NA,0.008985657
"C6orf108","Lymphocyte","PTSD","Wald ratio",1,0.044,0.097,1.045,0.648,NA,NA,NA,0.01445
"ADARB2","Lymphocyte","PTSD","Simple mode",4,0.01,0.02,1.01,0.648,0.679660355,0.849807483,0.8861751,0.011148558
"FAM126A","Lymphocyte","PTSD","Wald ratio",1,-0.027,0.06,0.973,0.648,NA,NA,NA,0.008281887
"FAM105B","Lymphocyte","PTSD","Wald ratio",1,0.34,0.745,1.405,0.648,NA,NA,NA,0.008171964
"C3orf59","Lymphocyte","PTSD","Wald ratio",1,0.131,0.287,1.14,0.648,NA,NA,NA,0.00817196
"ADAMTS1","Lymphocyte","PTSD","Wald ratio",1,-0.01,0.021,0.99,0.649,NA,NA,NA,0.009834398
"C22orf26","Lymphocyte","PTSD","Wald ratio",1,-0.057,0.126,0.944,0.649,NA,NA,NA,0.008547066
"LOC150381","Lymphocyte","PTSD","Wald ratio",1,-0.011,0.025,0.989,0.649,NA,NA,NA,0.008547066
"LOC400931","Lymphocyte","PTSD","Wald ratio",1,-0.008,0.017,0.992,0.649,NA,NA,NA,0.008093164
"ENOSF1","Lymphocyte","PTSD","Wald ratio",1,-0.653,1.435,0.521,0.649,NA,NA,NA,0.013232192
"SH3TC1","Lymphocyte","PTSD","Wald ratio",1,-0.021,0.046,0.979,0.65,NA,NA,NA,0.011856222
"T","Lymphocyte","PTSD","Inverse variance weighted",2,-0.008,0.018,0.992,0.65,NA,0.548797416,NA,0.009482231
"C14orf182","Lymphocyte","PTSD","Wald ratio",1,-0.008,0.017,0.992,0.65,NA,NA,NA,0.008918521
"GPR176","Lymphocyte","PTSD","Wald ratio",1,-0.008,0.018,0.992,0.65,NA,NA,NA,0.008325665
"TTC26","Lymphocyte","PTSD","Wald ratio",1,-0.016,0.036,0.984,0.65,NA,NA,NA,0.016912514
"PRR4","Lymphocyte","PTSD","Wald ratio",1,0.012,0.026,1.012,0.651,NA,NA,NA,0.008105436
"ACSF3","Lymphocyte","PTSD","Wald ratio",1,-0.008,0.018,0.992,0.652,NA,NA,NA,0.004567953
"CDH15","Lymphocyte","PTSD","Wald ratio",1,-0.01,0.022,0.99,0.652,NA,NA,NA,0.009551797
"ALLC","Lymphocyte","PTSD","Wald ratio",1,0.009,0.02,1.009,0.652,NA,NA,NA,0.010031037
"GPR111","Lymphocyte","PTSD","Wald ratio",1,-0.007,0.016,0.993,0.652,NA,NA,NA,0.008325678
"NRG1","Lymphocyte","PTSD","Wald ratio",1,-0.012,0.027,0.988,0.653,NA,NA,NA,0.008257687
"CMYA5","Lymphocyte","PTSD","Wald ratio",1,0.009,0.021,1.009,0.653,NA,NA,NA,0.010768356
"RORA","Lymphocyte","PTSD","Weighted mode",4,0.006,0.012,1.006,0.654,0.837352718,0.897180446,0.671634022,0.008840621
"NCOR2","Lymphocyte","PTSD","Simple mode",4,-0.01,0.021,0.99,0.654,0.103849652,0.040855876,0.327766699,0.006093541
"RYBP","Lymphocyte","PTSD","Wald ratio",1,-0.009,0.021,0.991,0.655,NA,NA,NA,0.00830144
"KATNAL2","Lymphocyte","PTSD","Wald ratio",1,0.007,0.015,1.007,0.656,NA,NA,NA,0.008081034
"PIAS2","Lymphocyte","PTSD","Wald ratio",1,0.009,0.019,1.009,0.656,NA,NA,NA,0.008081034
"C12orf34","Lymphocyte","PTSD","Wald ratio",1,1,2.244,2.718,0.656,NA,NA,NA,0.019080922
"ZFR2","Lymphocyte","PTSD","Wald ratio",1,0.013,0.029,1.013,0.656,NA,NA,NA,0.010008041
"MORN1","Lymphocyte","PTSD","Inverse variance weighted",2,0.013,0.028,1.013,0.656,NA,0.048441265,NA,0.012562286
"TMEM8A","Lymphocyte","PTSD","Wald ratio",1,0.067,0.151,1.07,0.657,NA,NA,NA,0.008344489
"MRPL28","Lymphocyte","PTSD","Wald ratio",1,0.009,0.019,1.009,0.657,NA,NA,NA,0.008344489
"LOC100134368","Lymphocyte","PTSD","Wald ratio",1,0.014,0.032,1.014,0.657,NA,NA,NA,0.008344489
"RNF175","Lymphocyte","PTSD","Wald ratio",1,-0.008,0.018,0.992,0.658,NA,NA,NA,0.009090387
"SFRP2","Lymphocyte","PTSD","Wald ratio",1,-0.019,0.043,0.981,0.658,NA,NA,NA,0.009090387
"CDK5RAP2","Lymphocyte","PTSD","Wald ratio",1,0.013,0.029,1.013,0.658,NA,NA,NA,0.015604454
"TPH2","Lymphocyte","PTSD","Wald ratio",1,0.007,0.015,1.007,0.658,NA,NA,NA,0.008124141
"ST6GALNAC3","Lymphocyte","PTSD","Inverse variance weighted",3,0.007,0.015,1.007,0.658,0.499767289,0.77069711,0.840506535,0.014620559
"CHST11","Lymphocyte","PTSD","Inverse variance weighted",2,-0.008,0.017,0.993,0.658,NA,0.349733441,NA,0.010634044
"APOB","Lymphocyte","PTSD","Wald ratio",1,-0.016,0.037,0.984,0.658,NA,NA,NA,0.008496688
"SFRS13B","Lymphocyte","PTSD","Wald ratio",1,0.008,0.018,1.008,0.659,NA,NA,NA,0.00887127
"NUDCD3","Lymphocyte","PTSD","Wald ratio",1,-0.009,0.02,0.991,0.659,NA,NA,NA,0.009515171
"LOC389333","Lymphocyte","PTSD","Wald ratio",1,0.424,0.959,1.527,0.659,NA,NA,NA,0.008870291
"GPR124","Lymphocyte","PTSD","Wald ratio",1,-0.019,0.043,0.981,0.659,NA,NA,NA,0.010201707
"C10orf93","Lymphocyte","PTSD","Wald ratio",1,0.1,0.227,1.105,0.66,NA,NA,NA,0.008167015
"NAV3","Lymphocyte","PTSD","Wald ratio",1,-0.034,0.078,0.966,0.66,NA,NA,NA,0.008167015
"AZIN1","Lymphocyte","PTSD","Wald ratio",1,-0.011,0.024,0.989,0.661,NA,NA,NA,0.008052361
"IGF2BP3","Lymphocyte","PTSD","Wald ratio",1,0.067,0.153,1.069,0.661,NA,NA,NA,0.00805702
"FGF12","Lymphocyte","PTSD","Simple mode",3,0.007,0.013,1.007,0.661,0.17768799,0.010803526,0.295668071,0.012308129
"HHAT","Lymphocyte","PTSD","Wald ratio",1,0.008,0.019,1.008,0.661,NA,NA,NA,0.009765773
"SLC22A15","Lymphocyte","PTSD","Wald ratio",1,0.023,0.052,1.023,0.661,NA,NA,NA,0.009285846
"IREB2","Lymphocyte","PTSD","Wald ratio",1,-0.033,0.076,0.967,0.661,NA,NA,NA,0.008430051
"EN2","Lymphocyte","PTSD","Wald ratio",1,-0.373,0.851,0.689,0.661,NA,NA,NA,0.016798211
"MYBL2","Lymphocyte","PTSD","Wald ratio",1,-0.037,0.085,0.963,0.661,NA,NA,NA,0.010875565
"MCPH1","Lymphocyte","PTSD","Wald ratio",1,0.013,0.029,1.013,0.662,NA,NA,NA,0.01541272
"ARHGEF16","Lymphocyte","PTSD","Wald ratio",1,0.017,0.038,1.017,0.662,NA,NA,NA,0.012451647
"PLA2G12A","Lymphocyte","PTSD","Wald ratio",1,-0.169,0.387,0.844,0.662,NA,NA,NA,0.008210643
"LOC283867","Lymphocyte","PTSD","Inverse variance weighted",2,-0.008,0.019,0.992,0.663,NA,0.675307042,NA,0.008615488
"BLOC1S1","Lymphocyte","PTSD","Wald ratio",1,-0.61,1.4,0.543,0.663,NA,NA,NA,0.014989496
"MAP2K4","Lymphocyte","PTSD","Wald ratio",1,0.094,0.215,1.098,0.663,NA,NA,NA,0.009219581
"PARD6G","Lymphocyte","PTSD","Wald ratio",1,0.462,1.062,1.587,0.663,NA,NA,NA,0.012021087
"ZIC5","Lymphocyte","PTSD","Wald ratio",1,0.036,0.082,1.036,0.663,NA,NA,NA,0.00836417
"ZNF232","Lymphocyte","PTSD","Wald ratio",1,-0.036,0.082,0.965,0.664,NA,NA,NA,0.015030148
"WASF3","Lymphocyte","PTSD","Wald ratio",1,0.216,0.497,1.241,0.664,NA,NA,NA,0.010222273
"FAM176B","Lymphocyte","PTSD","Wald ratio",1,-0.06,0.138,0.942,0.665,NA,NA,NA,0.009372076
"C1orf113","Lymphocyte","PTSD","Wald ratio",1,-0.012,0.028,0.988,0.665,NA,NA,NA,0.009372079
"WT1","Lymphocyte","PTSD","Inverse variance weighted",2,-0.007,0.016,0.993,0.665,NA,0.920978232,NA,0.009440638
"PARD3B","Lymphocyte","PTSD","Inverse variance weighted",2,0.007,0.017,1.007,0.665,NA,0.232343145,NA,0.008657798
"MYO1H","Lymphocyte","PTSD","Wald ratio",1,-0.014,0.033,0.986,0.665,NA,NA,NA,0.015895198
"UBE3B","Lymphocyte","PTSD","Wald ratio",1,-0.013,0.03,0.987,0.665,NA,NA,NA,0.015895201
"ALDH4A1","Lymphocyte","PTSD","Wald ratio",1,-0.011,0.025,0.989,0.665,NA,NA,NA,0.008760285
"WDR41","Lymphocyte","PTSD","Wald ratio",1,0.139,0.322,1.149,0.665,NA,NA,NA,0.008034023
"LOC100128554","Lymphocyte","PTSD","Wald ratio",1,0.007,0.015,1.007,0.665,NA,NA,NA,0.008033801
"PAG1","Lymphocyte","PTSD","Wald ratio",1,0.089,0.207,1.093,0.666,NA,NA,NA,0.008407569
"FOXB1","Lymphocyte","PTSD","Wald ratio",1,-0.028,0.064,0.973,0.666,NA,NA,NA,0.00915341
"TACR1","Lymphocyte","PTSD","Weighted median",3,-0.005,0.012,0.995,0.666,0.462107891,0.591506216,0.605379681,0.010843478
"RAB5A","Lymphocyte","PTSD","Wald ratio",1,-0.33,0.765,0.719,0.666,NA,NA,NA,0.009524494
"AGTPBP1","Lymphocyte","PTSD","Wald ratio",1,0.016,0.038,1.017,0.666,NA,NA,NA,0.01851671
"SEMA3D","Lymphocyte","PTSD","Wald ratio",1,0.007,0.017,1.008,0.666,NA,NA,NA,0.008670562
"DGCR14","Lymphocyte","PTSD","Wald ratio",1,-0.113,0.263,0.893,0.667,NA,NA,NA,0.008560812
"GSC2","Lymphocyte","PTSD","Wald ratio",1,-0.02,0.046,0.98,0.667,NA,NA,NA,0.008560812
"SDK1","Lymphocyte","PTSD","Weighted median",3,0.007,0.016,1.007,0.667,0.000722222,0.000699324,0.694364852,0.009554293
"HRNBP3","Lymphocyte","PTSD","Weighted mode",3,-0.008,0.016,0.992,0.667,0.45837911,0.645420478,0.669784473,0.010707333
"DCK","Lymphocyte","PTSD","Wald ratio",1,-0.052,0.121,0.95,0.667,NA,NA,NA,0.01950215
"ANKRD7","Lymphocyte","PTSD","Wald ratio",1,-0.014,0.032,0.986,0.667,NA,NA,NA,0.016230865
"CCDC150","Lymphocyte","PTSD","Wald ratio",1,0.008,0.018,1.008,0.667,NA,NA,NA,0.009196704
"LDOC1L","Lymphocyte","PTSD","Wald ratio",1,-0.013,0.03,0.987,0.668,NA,NA,NA,0.008077543
"RBPJ","Lymphocyte","PTSD","Wald ratio",1,-0.015,0.035,0.985,0.668,NA,NA,NA,0.008077323
"BCAS1","Lymphocyte","PTSD","Wald ratio",1,-0.007,0.016,0.993,0.668,NA,NA,NA,0.008077323
"FLJ20184","Lymphocyte","PTSD","Wald ratio",1,0.008,0.019,1.008,0.668,NA,NA,NA,0.009496144
"SLC30A5","Lymphocyte","PTSD","Wald ratio",1,-0.037,0.087,0.963,0.668,NA,NA,NA,0.007966909
"GP2","Lymphocyte","PTSD","Wald ratio",1,-0.007,0.017,0.993,0.668,NA,NA,NA,0.007931986
"PCMT1","Lymphocyte","PTSD","Wald ratio",1,-0.009,0.021,0.991,0.668,NA,NA,NA,0.008340946
"ESRRG","Lymphocyte","PTSD","Inverse variance weighted",2,0.019,0.043,1.019,0.668,NA,0.056812108,NA,0.010899
"NLGN2","Lymphocyte","PTSD","Wald ratio",1,0.024,0.057,1.025,0.669,NA,NA,NA,0.013028491
"TNK1","Lymphocyte","PTSD","Wald ratio",1,0.011,0.025,1.011,0.669,NA,NA,NA,0.013028387
"LHX4","Lymphocyte","PTSD","Wald ratio",1,-0.007,0.015,0.993,0.669,NA,NA,NA,0.007623511
"EFCAB2","Lymphocyte","PTSD","Wald ratio",1,0.11,0.258,1.116,0.669,NA,NA,NA,0.008230777
"FOXN3","Lymphocyte","PTSD","Weighted mode",4,0.011,0.023,1.011,0.669,0.360037377,0.435071716,0.498256817,0.018209846
"GABRB3","Lymphocyte","PTSD","Wald ratio",1,-0.011,0.025,0.989,0.67,NA,NA,NA,0.010981011
"HTR1B","Lymphocyte","PTSD","Wald ratio",1,0.019,0.044,1.019,0.67,NA,NA,NA,0.009129797
"LOC151534","Lymphocyte","PTSD","Wald ratio",1,-0.016,0.037,0.984,0.67,NA,NA,NA,0.011607894
"LBX2","Lymphocyte","PTSD","Wald ratio",1,-0.019,0.046,0.981,0.67,NA,NA,NA,0.011607894
"PCGF1","Lymphocyte","PTSD","Wald ratio",1,-0.01,0.023,0.99,0.67,NA,NA,NA,0.011607894
"DUSP27","Lymphocyte","PTSD","Wald ratio",1,0.013,0.03,1.013,0.67,NA,NA,NA,0.008384281
"P2RX5","Lymphocyte","PTSD","Wald ratio",1,-0.01,0.024,0.99,0.67,NA,NA,NA,0.008010932
"ARSG","Lymphocyte","PTSD","Wald ratio",1,-0.009,0.02,0.991,0.67,NA,NA,NA,0.01013373
"ARHGEF17","Lymphocyte","PTSD","Wald ratio",1,-0.012,0.029,0.988,0.671,NA,NA,NA,0.012233574
"RELT","Lymphocyte","PTSD","Wald ratio",1,-0.016,0.037,0.984,0.671,NA,NA,NA,0.012216528
"FAM69A","Lymphocyte","PTSD","Wald ratio",1,0.01,0.024,1.01,0.671,NA,NA,NA,0.009021355
"IKZF2","Lymphocyte","PTSD","Wald ratio",1,-0.008,0.019,0.992,0.671,NA,NA,NA,0.009021355
"TSPO","Lymphocyte","PTSD","Wald ratio",1,0.134,0.315,1.143,0.671,NA,NA,NA,0.009020325
"MCAT","Lymphocyte","PTSD","Wald ratio",1,0.095,0.223,1.099,0.671,NA,NA,NA,0.009020325
"SLC35A5","Lymphocyte","PTSD","Wald ratio",1,-0.016,0.038,0.984,0.671,NA,NA,NA,0.019664026
"FGF12","Lymphocyte","PTSD","Weighted mode",3,0.007,0.014,1.007,0.671,0.17768799,0.010803526,0.295668071,0.012308129
"PSMA3","Lymphocyte","PTSD","Wald ratio",1,-0.308,0.726,0.735,0.672,NA,NA,NA,0.015067075
"ADARB2","Lymphocyte","PTSD","Weighted mode",4,0.008,0.017,1.008,0.672,0.679660355,0.849807483,0.8861751,0.011148558
"MYT1L","Lymphocyte","PTSD","Weighted median",5,0.006,0.014,1.006,0.672,0.545636766,0.499159027,0.348167088,0.012406309
"GMPR2","Lymphocyte","PTSD","Wald ratio",1,-0.607,1.436,0.545,0.672,NA,NA,NA,0.010793127
"SELT","Lymphocyte","PTSD","Wald ratio",1,-0.02,0.047,0.98,0.673,NA,NA,NA,0.008690682
"DLGAP2","Lymphocyte","PTSD","MR Egger",3,0.042,0.075,1.043,0.673,0.552640156,0.66884022,0.623246866,0.011597855
"DNAH7","Lymphocyte","PTSD","Wald ratio",1,-0.156,0.369,0.856,0.673,NA,NA,NA,0.008954363
"FAM65B","Lymphocyte","PTSD","Wald ratio",1,-0.007,0.017,0.993,0.674,NA,NA,NA,0.008471481
"FAM119A","Lymphocyte","PTSD","Wald ratio",1,-0.009,0.021,0.991,0.674,NA,NA,NA,0.010111436
"PLAT","Lymphocyte","PTSD","Wald ratio",1,-0.007,0.016,0.993,0.674,NA,NA,NA,0.008098413
"FZD3","Lymphocyte","PTSD","Wald ratio",1,-0.303,0.723,0.738,0.675,NA,NA,NA,0.011995987
"C2orf3","Lymphocyte","PTSD","Wald ratio",1,-0.325,0.775,0.723,0.675,NA,NA,NA,0.011628901
"CCDC85C","Lymphocyte","PTSD","Wald ratio",1,-0.016,0.039,0.984,0.675,NA,NA,NA,0.012512709
"FAR2","Lymphocyte","PTSD","Wald ratio",1,0.036,0.086,1.037,0.676,NA,NA,NA,0.008252088
"ERGIC2","Lymphocyte","PTSD","Wald ratio",1,0.01,0.025,1.011,0.676,NA,NA,NA,0.008252088
"DOCK10","Lymphocyte","PTSD","Inverse variance weighted",2,0.006,0.015,1.006,0.676,NA,0.711030372,NA,0.008784272
"C9orf170","Lymphocyte","PTSD","Wald ratio",1,-0.01,0.024,0.99,0.676,NA,NA,NA,0.010786
"GDPD5","Lymphocyte","PTSD","Wald ratio",1,-0.03,0.072,0.97,0.676,NA,NA,NA,0.015492006
"GRID1","Lymphocyte","PTSD","Wald ratio",1,0.009,0.021,1.009,0.677,NA,NA,NA,0.00993701
"RNF126P1","Lymphocyte","PTSD","Wald ratio",1,0.032,0.076,1.032,0.677,NA,NA,NA,0.009936853
"RAX","Lymphocyte","PTSD","Wald ratio",1,-0.02,0.047,0.981,0.677,NA,NA,NA,0.008669214
"RFTN1","Lymphocyte","PTSD","Inverse variance weighted",2,-0.013,0.032,0.987,0.678,NA,0.626133096,NA,0.011037385
"GNA14","Lymphocyte","PTSD","Wald ratio",1,-0.223,0.535,0.8,0.678,NA,NA,NA,0.008932007
"HRNBP3","Lymphocyte","PTSD","MR Egger",3,0.031,0.057,1.032,0.678,0.45837911,0.645420478,0.669784473,0.010707333
"ZC3H18","Lymphocyte","PTSD","Wald ratio",1,-0.157,0.378,0.855,0.678,NA,NA,NA,0.011715057
"CCL1","Lymphocyte","PTSD","Wald ratio",1,-0.023,0.055,0.977,0.678,NA,NA,NA,0.017042692
"CCL13","Lymphocyte","PTSD","Wald ratio",1,-0.015,0.037,0.985,0.678,NA,NA,NA,0.014853212
"TMPRSS13","Lymphocyte","PTSD","Inverse variance weighted",2,-0.006,0.013,0.994,0.678,NA,0.286590184,NA,0.007702472
"NKPD1","Lymphocyte","PTSD","Wald ratio",1,-0.008,0.02,0.992,0.678,NA,NA,NA,0.009456857
"SLC15A3","Lymphocyte","PTSD","Wald ratio",1,0.009,0.022,1.009,0.679,NA,NA,NA,0.008186155
"PGA5","Lymphocyte","PTSD","Wald ratio",1,0.01,0.023,1.01,0.679,NA,NA,NA,0.008821835
"KCNH2","Lymphocyte","PTSD","Wald ratio",1,0.026,0.062,1.026,0.679,NA,NA,NA,0.009347172
"NOS3","Lymphocyte","PTSD","Wald ratio",1,0.009,0.022,1.009,0.679,NA,NA,NA,0.009347669
"LARP1B","Lymphocyte","PTSD","Wald ratio",1,0.026,0.064,1.027,0.68,NA,NA,NA,0.008339854
"RNF138","Lymphocyte","PTSD","Wald ratio",1,-0.006,0.015,0.994,0.68,NA,NA,NA,0.007966263
"GSTT1","Lymphocyte","PTSD","Wald ratio",1,-0.006,0.015,0.994,0.68,NA,NA,NA,0.007966263
"GSTTP1","Lymphocyte","PTSD","Wald ratio",1,-0.007,0.016,0.993,0.68,NA,NA,NA,0.007966263
"LOC391322","Lymphocyte","PTSD","Wald ratio",1,-0.339,0.822,0.713,0.68,NA,NA,NA,0.007966263
"DDT","Lymphocyte","PTSD","Wald ratio",1,-0.006,0.015,0.994,0.68,NA,NA,NA,0.007966263
"DDTL","Lymphocyte","PTSD","Wald ratio",1,-0.006,0.015,0.994,0.68,NA,NA,NA,0.007966263
"STEAP2","Lymphocyte","PTSD","Wald ratio",1,0.009,0.022,1.009,0.681,NA,NA,NA,0.009391403
"DPY19L2P4","Lymphocyte","PTSD","Wald ratio",1,0.088,0.213,1.092,0.681,NA,NA,NA,0.009389612
"TC2N","Lymphocyte","PTSD","Wald ratio",1,0.026,0.063,1.026,0.681,NA,NA,NA,0.010545508
"EHD4","Lymphocyte","PTSD","Wald ratio",1,-0.018,0.044,0.982,0.682,NA,NA,NA,0.016101674
"SPTBN5","Lymphocyte","PTSD","Wald ratio",1,-0.357,0.871,0.7,0.682,NA,NA,NA,0.016101674
"FBP1","Lymphocyte","PTSD","Wald ratio",1,0.053,0.128,1.054,0.682,NA,NA,NA,0.008010718
"DECR1","Lymphocyte","PTSD","Wald ratio",1,-0.047,0.114,0.954,0.682,NA,NA,NA,0.008274142
"SNX29","Lymphocyte","PTSD","Inverse variance weighted",2,-0.006,0.014,0.994,0.683,NA,0.250863659,NA,0.012844145
"CENPH","Lymphocyte","PTSD","Wald ratio",1,0.007,0.018,1.008,0.683,NA,NA,NA,0.007900919
"CD164L2","Lymphocyte","PTSD","Wald ratio",1,-0.019,0.046,0.981,0.684,NA,NA,NA,0.013945554
"CRMP1","Lymphocyte","PTSD","Wald ratio",1,-0.012,0.029,0.988,0.684,NA,NA,NA,0.00805446
"MTPN","Lymphocyte","PTSD","Wald ratio",1,0.061,0.151,1.063,0.684,NA,NA,NA,0.01332681
"MIR30B","Lymphocyte","PTSD","Wald ratio",1,0.008,0.019,1.008,0.685,NA,NA,NA,0.008844208
"GAP43","Lymphocyte","PTSD","Wald ratio",1,-0.145,0.359,0.865,0.685,NA,NA,NA,0.008471944
"FBXL17","Lymphocyte","PTSD","Wald ratio",1,-0.007,0.018,0.993,0.685,NA,NA,NA,0.00794467
"ITM2C","Lymphocyte","PTSD","MR Egger",3,-0.02,0.037,0.98,0.685,0.237897974,0.492494886,0.917711766,0.009314305
"TFEB","Lymphocyte","PTSD","Wald ratio",1,0.007,0.018,1.007,0.685,NA,NA,NA,0.008471944
"C13orf16","Lymphocyte","PTSD","Wald ratio",1,-0.007,0.018,0.993,0.686,NA,NA,NA,0.009259738
"MBP","Lymphocyte","PTSD","Simple mode",3,-0.009,0.019,0.991,0.686,0.255527609,0.52206155,0.952866875,0.008071232
"CHL1","Lymphocyte","PTSD","Wald ratio",1,0.008,0.02,1.008,0.686,NA,NA,NA,0.008099029
"PDE4C","Lymphocyte","PTSD","Wald ratio",1,-0.008,0.021,0.992,0.686,NA,NA,NA,0.008099029
"AEN","Lymphocyte","PTSD","Wald ratio",1,-0.008,0.019,0.992,0.687,NA,NA,NA,0.009042204
"SEMA3A","Lymphocyte","PTSD","Wald ratio",1,0.166,0.413,1.181,0.687,NA,NA,NA,0.017957435
"MAFB","Lymphocyte","PTSD","Wald ratio",1,-0.018,0.045,0.982,0.688,NA,NA,NA,0.009041522
"SAMD12","Lymphocyte","PTSD","Inverse variance weighted",2,0.021,0.051,1.021,0.688,NA,0.065936048,NA,0.033942667
"DCTD","Lymphocyte","PTSD","Wald ratio",1,0.007,0.016,1.007,0.688,NA,NA,NA,0.007879452
"PNMAL1","Lymphocyte","PTSD","Wald ratio",1,0.027,0.068,1.028,0.688,NA,NA,NA,0.015239823
"CCDC8","Lymphocyte","PTSD","Wald ratio",1,0.017,0.043,1.017,0.688,NA,NA,NA,0.015239822
"SPATA13","Lymphocyte","PTSD","MR Egger",3,-0.033,0.061,0.968,0.688,0.346892393,0.595372881,0.763097563,0.015296583
"CSNK1G2","Lymphocyte","PTSD","Wald ratio",1,-0.006,0.016,0.994,0.688,NA,NA,NA,0.008142894
"BTBD2","Lymphocyte","PTSD","Wald ratio",1,-0.006,0.016,0.994,0.688,NA,NA,NA,0.008142894
"PRSS3","Lymphocyte","PTSD","Wald ratio",1,0.019,0.048,1.019,0.688,NA,NA,NA,0.008142894
"C19orf34","Lymphocyte","PTSD","Wald ratio",1,-0.007,0.017,0.993,0.688,NA,NA,NA,0.008142894
"ADAMTS19","Lymphocyte","PTSD","Wald ratio",1,-0.054,0.134,0.948,0.688,NA,NA,NA,0.012578648
"SEMA5A","Lymphocyte","PTSD","Wald ratio",1,0.017,0.042,1.017,0.689,NA,NA,NA,0.013092293
"SNORD123","Lymphocyte","PTSD","Wald ratio",1,0.01,0.025,1.01,0.689,NA,NA,NA,0.013092293
"SEL1L2","Lymphocyte","PTSD","Wald ratio",1,-0.068,0.171,0.934,0.689,NA,NA,NA,0.010916059
"ELOVL5","Lymphocyte","PTSD","Wald ratio",1,0.494,1.235,1.639,0.689,NA,NA,NA,0.01117598
"SEMA6A","Lymphocyte","PTSD","Inverse variance weighted",2,0.007,0.018,1.007,0.689,NA,0.292923153,NA,0.009732483
"CDH3","Lymphocyte","PTSD","Wald ratio",1,-0.013,0.032,0.987,0.69,NA,NA,NA,0.012363119
"ZNF365","Lymphocyte","PTSD","Inverse variance weighted",2,0.011,0.028,1.011,0.69,NA,0.343557302,NA,0.011304415
"NID1","Lymphocyte","PTSD","Wald ratio",1,0.008,0.02,1.008,0.69,NA,NA,NA,0.010286588
"FOXI1","Lymphocyte","PTSD","Wald ratio",1,-0.01,0.024,0.991,0.69,NA,NA,NA,0.008975469
"PAK2","Lymphocyte","PTSD","Wald ratio",1,-0.007,0.017,0.993,0.69,NA,NA,NA,0.00792395
"TLE2","Lymphocyte","PTSD","Wald ratio",1,-0.008,0.021,0.992,0.69,NA,NA,NA,0.008713842
"DSCAM","Lymphocyte","PTSD","MR Egger",3,0.014,0.026,1.014,0.69,0.305928922,0.269562961,0.435758919,0.007868046
"TM4SF1","Lymphocyte","PTSD","Wald ratio",1,0.018,0.046,1.019,0.691,NA,NA,NA,0.011889821
"SMYD3","Lymphocyte","PTSD","Weighted median",3,-0.006,0.015,0.994,0.692,0.171134405,0.337806164,0.758528706,0.015400062
"FAM84B","Lymphocyte","PTSD","Wald ratio",1,-0.012,0.031,0.988,0.693,NA,NA,NA,0.013882071
"CCL20","Lymphocyte","PTSD","Wald ratio",1,0.007,0.018,1.007,0.693,NA,NA,NA,0.008911869
"PIGP","Lymphocyte","PTSD","Wald ratio",1,0.007,0.019,1.007,0.693,NA,NA,NA,0.00785869
"ZDHHC17","Lymphocyte","PTSD","Wald ratio",1,0.007,0.019,1.007,0.693,NA,NA,NA,0.006189318
"MGLL","Lymphocyte","PTSD","Wald ratio",1,-0.034,0.085,0.967,0.693,NA,NA,NA,0.007857982
"PCSK6","Lymphocyte","PTSD","MR Egger",3,0.055,0.105,1.057,0.693,0.861396591,0.848928811,0.682306144,0.008079515
"ABCC11","Lymphocyte","PTSD","Wald ratio",1,-0.01,0.024,0.991,0.694,NA,NA,NA,0.012492614
"KCTD12","Lymphocyte","PTSD","Wald ratio",1,-0.015,0.037,0.985,0.694,NA,NA,NA,0.008539521
"ZBTB20","Lymphocyte","PTSD","Wald ratio",1,0.012,0.031,1.012,0.694,NA,NA,NA,0.014331736
"KCNK12","Lymphocyte","PTSD","Wald ratio",1,-0.058,0.149,0.943,0.694,NA,NA,NA,0.008012368
"MAP3K5","Lymphocyte","PTSD","Wald ratio",1,-0.011,0.028,0.989,0.694,NA,NA,NA,0.010938704
"ABCB9","Lymphocyte","PTSD","Wald ratio",1,0.032,0.081,1.032,0.695,NA,NA,NA,0.008693369
"ARL6IP4","Lymphocyte","PTSD","Wald ratio",1,0.125,0.32,1.134,0.695,NA,NA,NA,0.008693369
"ITGB5","Lymphocyte","PTSD","Wald ratio",1,0.008,0.021,1.008,0.695,NA,NA,NA,0.009634203
"F5","Lymphocyte","PTSD","Wald ratio",1,0.011,0.028,1.011,0.695,NA,NA,NA,0.010309811
"GPR177","Lymphocyte","PTSD","Inverse variance weighted",2,-0.016,0.042,0.984,0.696,NA,0.066517708,NA,0.073440387
"SDC1","Lymphocyte","PTSD","Wald ratio",1,-0.009,0.023,0.991,0.696,NA,NA,NA,0.008320606
"GORASP2","Lymphocyte","PTSD","Wald ratio",1,-0.007,0.018,0.993,0.697,NA,NA,NA,0.008210947
"SERBP1","Lymphocyte","PTSD","Wald ratio",1,-0.006,0.015,0.994,0.697,NA,NA,NA,0.007947094
"RUNX2","Lymphocyte","PTSD","Inverse variance weighted",2,0.023,0.06,1.024,0.698,NA,0.958056108,NA,0.009807066
"RPS6KA2","Lymphocyte","PTSD","MR Egger",7,-0.013,0.033,0.987,0.698,0.764845213,0.855708127,0.858749627,0.013527638
"TTC35","Lymphocyte","PTSD","Wald ratio",1,0.3,0.774,1.35,0.698,NA,NA,NA,0.007838188
"EXPH5","Lymphocyte","PTSD","Wald ratio",1,0.008,0.021,1.008,0.698,NA,NA,NA,0.007837476
"CPM","Lymphocyte","PTSD","Wald ratio",1,0.009,0.022,1.009,0.699,NA,NA,NA,0.006926322
"AMDHD1","Lymphocyte","PTSD","Wald ratio",1,-0.415,1.071,0.661,0.699,NA,NA,NA,0.007992404
"PDE6B","Lymphocyte","PTSD","Wald ratio",1,0.013,0.035,1.014,0.699,NA,NA,NA,0.01189279
"FAM178B","Lymphocyte","PTSD","Wald ratio",1,-0.009,0.024,0.991,0.699,NA,NA,NA,0.010962572
"SPATA13","Lymphocyte","PTSD","Weighted mode",3,-0.009,0.02,0.991,0.7,0.346892393,0.595372881,0.763097563,0.015296583
"RTTN","Lymphocyte","PTSD","Wald ratio",1,0.013,0.034,1.013,0.7,NA,NA,NA,0.016505513
"RPL37A","Lymphocyte","PTSD","Wald ratio",1,0.013,0.033,1.013,0.7,NA,NA,NA,0.01018121
"GLRA1","Lymphocyte","PTSD","Wald ratio",1,-0.045,0.117,0.956,0.7,NA,NA,NA,0.009088975
"G3BP1","Lymphocyte","PTSD","Wald ratio",1,-0.016,0.04,0.985,0.7,NA,NA,NA,0.009088975
"CEBPE","Lymphocyte","PTSD","Wald ratio",1,0.009,0.024,1.009,0.7,NA,NA,NA,0.007882162
"C1orf200","Lymphocyte","PTSD","Wald ratio",1,-0.049,0.127,0.952,0.701,NA,NA,NA,0.008037079
"PIK3CD","Lymphocyte","PTSD","Wald ratio",1,-0.031,0.082,0.969,0.701,NA,NA,NA,0.008037079
"KCTD1","Lymphocyte","PTSD","Wald ratio",1,-0.006,0.016,0.994,0.701,NA,NA,NA,0.008037079
"BTC","Lymphocyte","PTSD","Wald ratio",1,-0.01,0.026,0.99,0.701,NA,NA,NA,0.011418629
"RNF144B","Lymphocyte","PTSD","Wald ratio",1,-0.296,0.77,0.744,0.701,NA,NA,NA,0.009396163
"ZFP37","Lymphocyte","PTSD","Wald ratio",1,0.091,0.237,1.095,0.701,NA,NA,NA,0.017736732
"C3orf27","Lymphocyte","PTSD","Wald ratio",1,-0.024,0.062,0.976,0.701,NA,NA,NA,0.008036405
"CPEB4","Lymphocyte","PTSD","Wald ratio",1,-0.006,0.016,0.994,0.701,NA,NA,NA,0.008454462
"LASS6","Lymphocyte","PTSD","Wald ratio",1,-0.008,0.021,0.992,0.703,NA,NA,NA,0.009855577
"RORA","Lymphocyte","PTSD","Weighted median",4,0.005,0.013,1.005,0.703,0.837352718,0.897180446,0.671634022,0.008840621
"SDK1","Lymphocyte","PTSD","MR Egger",3,0.06,0.119,1.062,0.703,0.000722222,0.000699324,0.694364852,0.009554293
"GSTM5","Lymphocyte","PTSD","Wald ratio",1,0.026,0.067,1.026,0.703,NA,NA,NA,0.008499113
"OR10X1","Lymphocyte","PTSD","Wald ratio",1,-0.006,0.016,0.994,0.703,NA,NA,NA,0.007818089
"MCOLN2","Lymphocyte","PTSD","Wald ratio",1,-0.008,0.02,0.992,0.703,NA,NA,NA,0.007817165
"FMN1","Lymphocyte","PTSD","Wald ratio",1,-0.007,0.018,0.993,0.704,NA,NA,NA,0.009331249
"SSBP3","Lymphocyte","PTSD","Inverse variance weighted",2,-0.012,0.032,0.988,0.704,NA,0.076294817,NA,0.007520956
"ADAM29","Lymphocyte","PTSD","Wald ratio",1,0.006,0.017,1.006,0.704,NA,NA,NA,0.007971689
"PROP1","Lymphocyte","PTSD","Inverse variance weighted",2,-0.027,0.071,0.973,0.704,NA,0.066661295,NA,0.007730804
"BRF1","Lymphocyte","PTSD","Wald ratio",1,-0.006,0.017,0.994,0.704,NA,NA,NA,0.007476561
"PACS2","Lymphocyte","PTSD","Wald ratio",1,-0.013,0.034,0.987,0.704,NA,NA,NA,0.008806561
"CA3","Lymphocyte","PTSD","Wald ratio",1,-0.014,0.037,0.986,0.705,NA,NA,NA,0.009222498
"CCL26","Lymphocyte","PTSD","Wald ratio",1,-0.01,0.026,0.99,0.705,NA,NA,NA,0.007862929
"ST3GAL1","Lymphocyte","PTSD","Simple mode",3,-0.018,0.042,0.982,0.705,0.405739715,0.327176886,0.431478646,0.034791661
"METAP2","Lymphocyte","PTSD","Wald ratio",1,0.019,0.049,1.019,0.705,NA,NA,NA,0.012111973
"OPCML","Lymphocyte","PTSD","MR Egger",4,0.029,0.068,1.03,0.705,0.203203751,0.346344068,0.807797559,0.009255291
"ASTN1","Lymphocyte","PTSD","Wald ratio",1,-0.022,0.059,0.978,0.705,NA,NA,NA,0.011854208
"HAS1","Lymphocyte","PTSD","Wald ratio",1,0.016,0.042,1.016,0.707,NA,NA,NA,0.008997768
"MAPRE2","Lymphocyte","PTSD","Wald ratio",1,-0.007,0.018,0.993,0.707,NA,NA,NA,0.009004877
"SNTG2","Lymphocyte","PTSD","Wald ratio",1,-0.007,0.018,0.993,0.707,NA,NA,NA,0.009004877
"GPR133","Lymphocyte","PTSD","Simple mode",3,-0.011,0.026,0.989,0.707,0.385177802,0.541026146,0.616004377,0.018194921
"ADAM9","Lymphocyte","PTSD","Wald ratio",1,-0.14,0.372,0.869,0.707,NA,NA,NA,0.007907819
"C4orf26","Lymphocyte","PTSD","Wald ratio",1,0.007,0.019,1.007,0.707,NA,NA,NA,0.007907812
"SLIT3","Lymphocyte","PTSD","Weighted mode",4,0.008,0.018,1.008,0.707,0.105114249,0.211773255,0.990718512,0.045458281
"SGCE","Lymphocyte","PTSD","Wald ratio",1,-0.006,0.017,0.994,0.707,NA,NA,NA,0.00790691
"VEZF1","Lymphocyte","PTSD","Wald ratio",1,0.012,0.032,1.012,0.708,NA,NA,NA,0.014785927
"ZNF8","Lymphocyte","PTSD","Wald ratio",1,-0.193,0.517,0.824,0.708,NA,NA,NA,0.008216267
"LMO1","Lymphocyte","PTSD","Wald ratio",1,0.116,0.31,1.123,0.708,NA,NA,NA,0.00821543
"TRPA1","Lymphocyte","PTSD","Wald ratio",1,-0.009,0.025,0.991,0.708,NA,NA,NA,0.007797466
"CMKLR1","Lymphocyte","PTSD","Wald ratio",1,-0.01,0.027,0.99,0.709,NA,NA,NA,0.008370337
"WSCD2","Lymphocyte","PTSD","Wald ratio",1,-0.006,0.017,0.994,0.709,NA,NA,NA,0.005215051
"PDE6A","Lymphocyte","PTSD","Wald ratio",1,0.007,0.018,1.007,0.709,NA,NA,NA,0.008369914
"KRBA1","Lymphocyte","PTSD","Wald ratio",1,-0.009,0.025,0.991,0.709,NA,NA,NA,0.011834226
"GALNT5","Lymphocyte","PTSD","Inverse variance weighted",2,0.016,0.044,1.016,0.709,NA,0.097271986,NA,0.032339289
"VGLL3","Lymphocyte","PTSD","Wald ratio",1,0.01,0.026,1.01,0.709,NA,NA,NA,0.008940701
"UQCRFS1","Lymphocyte","PTSD","Wald ratio",1,0.011,0.029,1.011,0.709,NA,NA,NA,0.014171218
"SMYD3","Lymphocyte","PTSD","Inverse variance weighted",3,-0.005,0.013,0.995,0.709,0.171134405,0.337806164,0.758528706,0.015400062
"FXYD6","Lymphocyte","PTSD","Wald ratio",1,-0.046,0.123,0.955,0.71,NA,NA,NA,0.009508862
"FXYD2","Lymphocyte","PTSD","Wald ratio",1,-0.016,0.043,0.984,0.71,NA,NA,NA,0.009510167
"CBLL1","Lymphocyte","PTSD","Wald ratio",1,-0.007,0.019,0.993,0.71,NA,NA,NA,0.007843388
"PITRM1","Lymphocyte","PTSD","Wald ratio",1,0.165,0.443,1.179,0.71,NA,NA,NA,0.008677815
"SMAD2","Lymphocyte","PTSD","Wald ratio",1,0.036,0.096,1.036,0.71,NA,NA,NA,0.00784247
"BAI3","Lymphocyte","PTSD","Wald ratio",1,0.006,0.016,1.006,0.71,NA,NA,NA,0.00784247
"FAM49A","Lymphocyte","PTSD","MR Egger",3,0.015,0.031,1.015,0.71,0.553102318,0.704267211,0.660137971,0.008351203
"FBXL7","Lymphocyte","PTSD","Wald ratio",1,0.007,0.02,1.007,0.711,NA,NA,NA,0.007996845
"CNTN4","Lymphocyte","PTSD","Inverse variance weighted",2,-0.013,0.035,0.987,0.711,NA,0.033226762,NA,0.091173948
"EPS8L1","Lymphocyte","PTSD","Wald ratio",1,0.009,0.024,1.009,0.712,NA,NA,NA,0.010688386
"SLC7A2","Lymphocyte","PTSD","Wald ratio",1,-0.038,0.102,0.963,0.712,NA,NA,NA,0.00788752
"OBSCN","Lymphocyte","PTSD","Wald ratio",1,0.032,0.088,1.033,0.712,NA,NA,NA,0.008459757
"COL22A1","Lymphocyte","PTSD","Wald ratio",1,0.068,0.183,1.07,0.712,NA,NA,NA,0.013341692
"FZD1","Lymphocyte","PTSD","Wald ratio",1,0.007,0.02,1.007,0.713,NA,NA,NA,0.009184081
"ZNF555","Lymphocyte","PTSD","Wald ratio",1,-0.021,0.058,0.979,0.713,NA,NA,NA,0.010732849
"ZNF556","Lymphocyte","PTSD","Wald ratio",1,-0.008,0.022,0.992,0.713,NA,NA,NA,0.010732849
"MYT1L","Lymphocyte","PTSD","Inverse variance weighted",5,-0.004,0.011,0.996,0.714,0.545636766,0.499159027,0.348167088,0.012406309
"DPH3","Lymphocyte","PTSD","Wald ratio",1,-0.008,0.022,0.992,0.714,NA,NA,NA,0.011037385
"TSPAN18","Lymphocyte","PTSD","Wald ratio",1,0.007,0.02,1.007,0.714,NA,NA,NA,0.007605071
"DDX58","Lymphocyte","PTSD","Wald ratio",1,-0.008,0.022,0.992,0.714,NA,NA,NA,0.00808696
"RNF168","Lymphocyte","PTSD","Wald ratio",1,0.007,0.019,1.007,0.714,NA,NA,NA,0.00808696
"ACSL1","Lymphocyte","PTSD","Simple mode",3,-0.111,0.263,0.895,0.716,0.174134852,0.248234171,0.60554538,0.007715853
"PARVG","Lymphocyte","PTSD","Wald ratio",1,-0.013,0.036,0.987,0.716,NA,NA,NA,0.007977744
"AP1S3","Lymphocyte","PTSD","Wald ratio",1,-0.006,0.015,0.994,0.716,NA,NA,NA,0.007977754
"PARVB","Lymphocyte","PTSD","Wald ratio",1,-0.098,0.27,0.906,0.716,NA,NA,NA,0.007977754
"TRPM4","Lymphocyte","PTSD","Wald ratio",1,0.006,0.018,1.006,0.717,NA,NA,NA,0.008440801
"LIN7B","Lymphocyte","PTSD","Wald ratio",1,0.008,0.023,1.008,0.717,NA,NA,NA,0.00844125
"PPFIA3","Lymphocyte","PTSD","Wald ratio",1,0.048,0.133,1.05,0.717,NA,NA,NA,0.00844125
"MAP3K8","Lymphocyte","PTSD","Wald ratio",1,0.091,0.25,1.095,0.717,NA,NA,NA,0.00844125
"C1orf175","Lymphocyte","PTSD","Inverse variance weighted",2,-0.014,0.04,0.986,0.717,NA,0.619600581,NA,0.017967887
"EGR2","Lymphocyte","PTSD","Wald ratio",1,0.025,0.069,1.025,0.717,NA,NA,NA,0.007868335
"TACR1","Lymphocyte","PTSD","Simple mode",3,-0.006,0.015,0.994,0.718,0.462107891,0.591506216,0.605379681,0.010843478
"TMEM163","Lymphocyte","PTSD","Wald ratio",1,-0.015,0.042,0.985,0.718,NA,NA,NA,0.017296932
"WDR69","Lymphocyte","PTSD","Wald ratio",1,0.021,0.059,1.021,0.719,NA,NA,NA,0.007758321
"CDC16","Lymphocyte","PTSD","Wald ratio",1,0.059,0.164,1.061,0.719,NA,NA,NA,0.009210069
"SERPINF2","Lymphocyte","PTSD","Inverse variance weighted",2,-0.01,0.028,0.99,0.719,NA,0.844989624,NA,0.007610855
"GLIS1","Lymphocyte","PTSD","Inverse variance weighted",2,-0.005,0.013,0.995,0.719,NA,0.454979123,NA,0.011699815
"KIFC3","Lymphocyte","PTSD","Wald ratio",1,0.007,0.019,1.007,0.719,NA,NA,NA,0.009363142
"PGS1","Lymphocyte","PTSD","Wald ratio",1,-0.009,0.026,0.991,0.719,NA,NA,NA,0.010803735
"SERPINB9","Lymphocyte","PTSD","Wald ratio",1,0.007,0.02,1.007,0.72,NA,NA,NA,0.008222449
"SNRPD1","Lymphocyte","PTSD","Wald ratio",1,-0.009,0.024,0.991,0.72,NA,NA,NA,0.010543756
"TRAPPC9","Lymphocyte","PTSD","Weighted median",4,-0.005,0.015,0.995,0.72,0.26536929,0.350796951,0.563603246,0.014603869
"PDCD1LG2","Lymphocyte","PTSD","Wald ratio",1,0.03,0.083,1.03,0.72,NA,NA,NA,0.009255076
"PGBD5","Lymphocyte","PTSD","Wald ratio",1,-0.007,0.02,0.993,0.72,NA,NA,NA,0.007803633
"AGPAT6","Lymphocyte","PTSD","Wald ratio",1,-0.006,0.016,0.994,0.72,NA,NA,NA,0.007803633
"KIAA1383","Lymphocyte","PTSD","Wald ratio",1,-0.075,0.209,0.928,0.721,NA,NA,NA,0.008685063
"FAM110A","Lymphocyte","PTSD","Wald ratio",1,0.174,0.487,1.19,0.721,NA,NA,NA,0.007958847
"IGSF9B","Lymphocyte","PTSD","Wald ratio",1,0.019,0.053,1.019,0.721,NA,NA,NA,0.007958865
"FAM166B","Lymphocyte","PTSD","Wald ratio",1,-0.009,0.025,0.991,0.721,NA,NA,NA,0.010128878
"PPM1H","Lymphocyte","PTSD","Inverse variance weighted",2,0.008,0.023,1.008,0.721,NA,0.46046666,NA,0.009969919
"CHST6","Lymphocyte","PTSD","Inverse variance weighted",2,-0.006,0.016,0.994,0.721,NA,0.566512952,NA,0.017874403
"NT5C1A","Lymphocyte","PTSD","Wald ratio",1,0.072,0.203,1.075,0.722,NA,NA,NA,0.009300115
"TTLL8","Lymphocyte","PTSD","Wald ratio",1,-0.008,0.022,0.992,0.722,NA,NA,NA,0.007849737
"IL17REL","Lymphocyte","PTSD","Wald ratio",1,-0.008,0.021,0.992,0.722,NA,NA,NA,0.007849737
"PIM3","Lymphocyte","PTSD","Wald ratio",1,-0.017,0.049,0.983,0.722,NA,NA,NA,0.007849737
"BDNF","Lymphocyte","PTSD","Wald ratio",1,0.328,0.922,1.388,0.722,NA,NA,NA,0.008730635
"BDNFOS","Lymphocyte","PTSD","Wald ratio",1,0.007,0.021,1.007,0.722,NA,NA,NA,0.008730635
"TACR1","Lymphocyte","PTSD","Weighted mode",3,-0.006,0.015,0.994,0.723,0.462107891,0.591506216,0.605379681,0.010843478
"DLG2","Lymphocyte","PTSD","Wald ratio",1,0.008,0.021,1.008,0.723,NA,NA,NA,0.009913445
"NTN1","Lymphocyte","PTSD","Inverse variance weighted",2,0.009,0.026,1.009,0.723,NA,0.432742638,NA,0.010506073
"IL4I1","Lymphocyte","PTSD","Wald ratio",1,-0.115,0.324,0.892,0.723,NA,NA,NA,0.009345077
"IFT88","Lymphocyte","PTSD","Wald ratio",1,0.118,0.334,1.125,0.724,NA,NA,NA,0.007740591
"PLB1","Lymphocyte","PTSD","Wald ratio",1,0.017,0.048,1.017,0.724,NA,NA,NA,0.007740591
"SFRS12","Lymphocyte","PTSD","Wald ratio",1,0.033,0.094,1.034,0.724,NA,NA,NA,0.009498537
"SKP1","Lymphocyte","PTSD","Wald ratio",1,-0.012,0.034,0.988,0.724,NA,NA,NA,0.016658899
"GOLGA8B","Lymphocyte","PTSD","Inverse variance weighted",2,-0.011,0.031,0.989,0.725,NA,0.241746345,NA,0.023135145
"COPA","Lymphocyte","PTSD","Wald ratio",1,0.011,0.032,1.011,0.725,NA,NA,NA,0.007786041
"TRIM68","Lymphocyte","PTSD","Wald ratio",1,0.108,0.308,1.114,0.725,NA,NA,NA,0.015313175
"LRRC34","Lymphocyte","PTSD","Wald ratio",1,0.067,0.191,1.069,0.726,NA,NA,NA,0.007940552
"B4GALNT3","Lymphocyte","PTSD","Wald ratio",1,0.025,0.07,1.025,0.726,NA,NA,NA,0.007940549
"UCK2","Lymphocyte","PTSD","Wald ratio",1,0.005,0.016,1.005,0.726,NA,NA,NA,0.007939812
"KIAA1430","Lymphocyte","PTSD","Wald ratio",1,0.006,0.016,1.006,0.726,NA,NA,NA,0.008250304
"ERICH1","Lymphocyte","PTSD","Wald ratio",1,-0.007,0.019,0.993,0.726,NA,NA,NA,0.009128156
"SLC25A24","Lymphocyte","PTSD","Wald ratio",1,0.009,0.024,1.009,0.726,NA,NA,NA,0.008249446
"FAT1","Lymphocyte","PTSD","Inverse variance weighted",2,-0.005,0.013,0.996,0.726,NA,0.314495734,NA,0.015363073
"ZBED3","Lymphocyte","PTSD","Wald ratio",1,0.008,0.023,1.008,0.726,NA,NA,NA,0.008558548
"COL5A1","Lymphocyte","PTSD","Inverse variance weighted",2,0.013,0.036,1.013,0.726,NA,0.010896545,NA,0.070792033
"TRANK1","Lymphocyte","PTSD","Wald ratio",1,-0.321,0.921,0.725,0.727,NA,NA,NA,0.009173696
"BLCAP","Lymphocyte","PTSD","Wald ratio",1,-0.009,0.026,0.991,0.728,NA,NA,NA,0.009327197
"BASP1","Lymphocyte","PTSD","Wald ratio",1,-0.066,0.189,0.936,0.728,NA,NA,NA,0.008139525
"ZPBP","Lymphocyte","PTSD","Wald ratio",1,-0.037,0.106,0.964,0.728,NA,NA,NA,0.009633844
"DNAH11","Lymphocyte","PTSD","Inverse variance weighted",2,-0.005,0.015,0.995,0.728,NA,0.403789836,NA,0.015656008
"ANGPT2","Lymphocyte","PTSD","Inverse variance weighted",3,0.005,0.014,1.005,0.728,0.686345212,0.739984815,0.627414211,0.008185062
"TAF1B","Lymphocyte","PTSD","Wald ratio",1,-0.03,0.088,0.97,0.729,NA,NA,NA,0.012435024
"B3GNTL1","Lymphocyte","PTSD","Wald ratio",1,0.007,0.019,1.007,0.729,NA,NA,NA,0.009064999
"SHE","Lymphocyte","PTSD","Wald ratio",1,0.025,0.072,1.025,0.729,NA,NA,NA,0.010398387
"SNN","Lymphocyte","PTSD","Wald ratio",1,0.014,0.039,1.014,0.729,NA,NA,NA,0.007876335
"GOLPH3","Lymphocyte","PTSD","Wald ratio",1,0.009,0.026,1.009,0.729,NA,NA,NA,0.00803152
"SLC22A23","Lymphocyte","PTSD","Weighted mode",3,-0.009,0.024,0.991,0.729,0.793616589,0.671759087,0.550471808,0.011518904
"STK32B","Lymphocyte","PTSD","Inverse variance weighted",2,0.005,0.014,1.005,0.729,NA,0.870076502,NA,0.007967512
"OR10A2","Lymphocyte","PTSD","Wald ratio",1,0.007,0.021,1.007,0.729,NA,NA,NA,0.008185878
"OR2D2","Lymphocyte","PTSD","Wald ratio",1,0.006,0.017,1.006,0.729,NA,NA,NA,0.008185878
"OR10A4","Lymphocyte","PTSD","Wald ratio",1,0.009,0.025,1.009,0.729,NA,NA,NA,0.008185878
"DLC1","Lymphocyte","PTSD","MR Egger",4,0.222,0.56,1.249,0.729,0.948661,0.964434118,0.719477876,0.009567669
"RAP1GAP","Lymphocyte","PTSD","Inverse variance weighted",2,-0.008,0.023,0.992,0.73,NA,0.730353188,NA,0.011103202
"CAMK1D","Lymphocyte","PTSD","Inverse variance weighted",3,0.004,0.012,1.004,0.73,0.557172452,0.509568906,0.499403215,0.012282962
"GSDMD","Lymphocyte","PTSD","Wald ratio",1,-0.383,1.111,0.682,0.73,NA,NA,NA,0.010444024
"ZC3H3","Lymphocyte","PTSD","Wald ratio",1,-0.007,0.021,0.993,0.73,NA,NA,NA,0.010444024
"ARID1A","Lymphocyte","PTSD","Wald ratio",1,0.118,0.343,1.126,0.73,NA,NA,NA,0.010750033
"ZDHHC18","Lymphocyte","PTSD","Wald ratio",1,0.015,0.043,1.015,0.73,NA,NA,NA,0.010750033
"C1orf172","Lymphocyte","PTSD","Wald ratio",1,0.012,0.034,1.012,0.73,NA,NA,NA,0.010750033
"DKFZP434H168","Lymphocyte","PTSD","Wald ratio",1,-0.022,0.063,0.979,0.73,NA,NA,NA,0.007767903
"NMBR","Lymphocyte","PTSD","Wald ratio",1,0.01,0.03,1.011,0.731,NA,NA,NA,0.007755333
"LGR6","Lymphocyte","PTSD","Wald ratio",1,0.01,0.03,1.01,0.731,NA,NA,NA,0.008077058
"GPR126","Lymphocyte","PTSD","Wald ratio",1,-0.025,0.073,0.975,0.731,NA,NA,NA,0.009724365
"RBM20","Lymphocyte","PTSD","Wald ratio",1,-0.085,0.248,0.918,0.731,NA,NA,NA,0.008076335
"ZP2","Lymphocyte","PTSD","Wald ratio",1,-0.01,0.028,0.99,0.731,NA,NA,NA,0.00854073
"USP31","Lymphocyte","PTSD","Wald ratio",1,-0.006,0.018,0.994,0.731,NA,NA,NA,0.008226085
"CAMTA1","Lymphocyte","PTSD","Weighted mode",3,-0.007,0.019,0.993,0.731,0.38478322,0.201962527,0.36228365,0.007552695
"PGAP2","Lymphocyte","PTSD","Wald ratio",1,-0.02,0.057,0.981,0.731,NA,NA,NA,0.008847999
"HEATR2","Lymphocyte","PTSD","Wald ratio",1,-0.053,0.153,0.949,0.732,NA,NA,NA,0.009309525
"PRKAR1B","Lymphocyte","PTSD","Wald ratio",1,-0.007,0.02,0.993,0.732,NA,NA,NA,0.009302849
"USP22","Lymphocyte","PTSD","Wald ratio",1,-0.007,0.019,0.993,0.732,NA,NA,NA,0.009462937
"SFMBT2","Lymphocyte","PTSD","Inverse variance weighted",2,0.006,0.018,1.006,0.732,NA,0.24349468,NA,0.015029635
"CSMD1","Lymphocyte","PTSD","Simple mode",4,0.006,0.017,1.006,0.732,0.341715401,0.530497242,0.835378162,0.012346093
"DIAPH3","Lymphocyte","PTSD","Wald ratio",1,0.005,0.016,1.005,0.732,NA,NA,NA,0.007968223
"ALPPL2","Lymphocyte","PTSD","Wald ratio",1,0.008,0.025,1.008,0.732,NA,NA,NA,0.010228687
"SLC22A23","Lymphocyte","PTSD","MR Egger",3,0.021,0.048,1.021,0.733,0.793616589,0.671759087,0.550471808,0.011518904
"PPFIBP2","Lymphocyte","PTSD","Wald ratio",1,-0.041,0.122,0.959,0.733,NA,NA,NA,0.009354545
"DSCAM","Lymphocyte","PTSD","Simple mode",3,-0.01,0.024,0.991,0.733,0.305928922,0.269562961,0.435758919,0.007868046
"NALCN","Lymphocyte","ANXIETY","Wald ratio",1,0.014,0.04,1.014,0.734,NA,NA,NA,0.009567279
"PYROXD1","Lymphocyte","PTSD","Wald ratio",1,0.263,0.774,1.301,0.734,NA,NA,NA,0.007704082
"IDE","Lymphocyte","PTSD","Wald ratio",1,-0.014,0.041,0.986,0.734,NA,NA,NA,0.013560756
"CFDP1","Lymphocyte","PTSD","Wald ratio",1,-0.006,0.019,0.994,0.734,NA,NA,NA,0.008013153
"DTX4","Lymphocyte","PTSD","Wald ratio",1,0.009,0.026,1.009,0.734,NA,NA,NA,0.008321791
"NR1D2","Lymphocyte","PTSD","Wald ratio",1,0.139,0.41,1.149,0.735,NA,NA,NA,0.015201481
"MTHFS","Lymphocyte","PTSD","Wald ratio",1,0.291,0.861,1.338,0.735,NA,NA,NA,0.010318518
"SHANK2","Lymphocyte","PTSD","Inverse variance weighted",4,0.005,0.014,1.005,0.735,0.096559974,0.196487694,0.957635718,0.011456673
"ATXN1","Lymphocyte","PTSD","Wald ratio",1,-0.005,0.016,0.995,0.736,NA,NA,NA,0.007904694
"HS6ST1","Lymphocyte","PTSD","Wald ratio",1,0.006,0.016,1.006,0.736,NA,NA,NA,0.007904898
"OPCML","Lymphocyte","PTSD","Weighted median",4,0.005,0.015,1.005,0.736,0.203203751,0.346344068,0.807797559,0.009255291
"FRMD4A","Lymphocyte","PTSD","Inverse variance weighted",2,0.012,0.037,1.012,0.737,NA,0.665954085,NA,0.008196334
"ENPEP","Lymphocyte","PTSD","Wald ratio",1,-0.008,0.023,0.992,0.737,NA,NA,NA,0.011664677
"WDFY4","Lymphocyte","PTSD","Wald ratio",1,0.02,0.059,1.02,0.737,NA,NA,NA,0.007796101
"QPCT","Lymphocyte","PTSD","Wald ratio",1,-0.007,0.021,0.993,0.737,NA,NA,NA,0.007950632
"MIR548F3","Lymphocyte","PTSD","Wald ratio",1,-0.007,0.022,0.993,0.737,NA,NA,NA,0.007950114
"TNFRSF19","Lymphocyte","PTSD","Wald ratio",1,0.012,0.037,1.012,0.737,NA,NA,NA,0.007950114
"CTTNBP2NL","Lymphocyte","PTSD","Wald ratio",1,-0.008,0.023,0.992,0.737,NA,NA,NA,0.008104537
"ZNF264","Lymphocyte","PTSD","Wald ratio",1,0.007,0.021,1.007,0.738,NA,NA,NA,0.009950629
"FOXD4L1","Lymphocyte","PTSD","Wald ratio",1,0.01,0.031,1.011,0.738,NA,NA,NA,0.011475351
"LOC440839","Lymphocyte","PTSD","Wald ratio",1,0.012,0.037,1.012,0.738,NA,NA,NA,0.011475432
"MIR548H4","Lymphocyte","PTSD","Wald ratio",1,-0.01,0.03,0.99,0.739,NA,NA,NA,0.007841899
"NAV1","Lymphocyte","PTSD","Inverse variance weighted",3,0.013,0.039,1.013,0.739,0.894620355,0.673361442,0.540784151,0.0132108
"ATP1B1","Lymphocyte","PTSD","Inverse variance weighted",2,-0.015,0.046,0.985,0.739,NA,0.126375119,NA,0.031541647
"C1orf83","Lymphocyte","PTSD","Wald ratio",1,-0.008,0.025,0.992,0.739,NA,NA,NA,0.008150278
"C1QTNF9B","Lymphocyte","PTSD","Wald ratio",1,0.007,0.022,1.007,0.74,NA,NA,NA,0.010652413
"C12orf49","Lymphocyte","PTSD","Wald ratio",1,-0.5,1.509,0.607,0.74,NA,NA,NA,0.008659356
"LOC134466","Lymphocyte","PTSD","Wald ratio",1,-0.005,0.017,0.995,0.741,NA,NA,NA,0.007732644
"MYOM1","Lymphocyte","PTSD","Wald ratio",1,-0.012,0.036,0.988,0.741,NA,NA,NA,0.014811378
"CA8","Lymphocyte","PTSD","Wald ratio",1,0.005,0.016,1.005,0.742,NA,NA,NA,0.007777997
"SH3PXD2A","Lymphocyte","PTSD","Inverse variance weighted",2,-0.009,0.029,0.991,0.742,NA,0.686027897,NA,0.009800949
"GALNT14","Lymphocyte","PTSD","Wald ratio",1,0.008,0.023,1.008,0.743,NA,NA,NA,0.010590425
"AACS","Lymphocyte","PTSD","Inverse variance weighted",2,0.025,0.075,1.025,0.743,NA,0.028169917,NA,0.115849401
"TKT","Lymphocyte","PTSD","Wald ratio",1,-0.014,0.043,0.986,0.744,NA,NA,NA,0.007824811
"PLD5","Lymphocyte","PTSD","Wald ratio",1,-0.012,0.037,0.988,0.744,NA,NA,NA,0.007978986
"CASR","Lymphocyte","PTSD","Wald ratio",1,-0.013,0.039,0.987,0.744,NA,NA,NA,0.007978986
"ACAT2","Lymphocyte","PTSD","Wald ratio",1,-0.042,0.129,0.959,0.744,NA,NA,NA,0.009871452
"LAPTM4B","Lymphocyte","PTSD","Inverse variance weighted",2,-0.007,0.022,0.993,0.744,NA,0.429035401,NA,0.007798084
"C1QTNF5","Lymphocyte","PTSD","Wald ratio",1,0.013,0.039,1.013,0.745,NA,NA,NA,0.008796526
"SFRS15","Lymphocyte","PTSD","Wald ratio",1,0.022,0.067,1.022,0.745,NA,NA,NA,0.013148411
"NEURL1B","Lymphocyte","PTSD","Wald ratio",1,-0.01,0.03,0.99,0.745,NA,NA,NA,0.008642419
"ENOX1","Lymphocyte","PTSD","Wald ratio",1,0.016,0.049,1.016,0.745,NA,NA,NA,0.010681051
"KCNIP1","Lymphocyte","PTSD","Wald ratio",1,-0.02,0.061,0.98,0.745,NA,NA,NA,0.008488371
"PRKCDBP","Lymphocyte","PTSD","Wald ratio",1,0.005,0.017,1.005,0.745,NA,NA,NA,0.008315077
"KCNB1","Lymphocyte","PTSD","Wald ratio",1,-0.183,0.564,0.833,0.746,NA,NA,NA,0.015328033
"BMP6","Lymphocyte","PTSD","Wald ratio",1,-0.019,0.058,0.981,0.746,NA,NA,NA,0.007716025
"FBLN5","Lymphocyte","PTSD","Wald ratio",1,0.008,0.025,1.008,0.746,NA,NA,NA,0.00914994
"CCDC85A","Lymphocyte","PTSD","Inverse variance weighted",2,-0.006,0.018,0.994,0.747,NA,0.876052102,NA,0.008739803
"ST3GAL3","Lymphocyte","PTSD","Wald ratio",1,0.007,0.02,1.007,0.747,NA,NA,NA,0.007762051
"LMBR1","Lymphocyte","PTSD","Wald ratio",1,0.178,0.552,1.194,0.747,NA,NA,NA,0.007761881
"ACSL1","Lymphocyte","PTSD","Weighted median",3,-0.005,0.017,0.995,0.748,0.174134852,0.248234171,0.60554538,0.007715853
"CAMTA1","Lymphocyte","PTSD","Weighted median",3,-0.004,0.014,0.996,0.748,0.38478322,0.201962527,0.36228365,0.007552695
"KCNJ15","Lymphocyte","PTSD","Wald ratio",1,-0.007,0.021,0.993,0.748,NA,NA,NA,0.008579424
"PRDM9","Lymphocyte","PTSD","Wald ratio",1,0.009,0.029,1.009,0.748,NA,NA,NA,0.012265363
"SNTG1","Lymphocyte","PTSD","Wald ratio",1,-0.008,0.026,0.992,0.749,NA,NA,NA,0.009088398
"CCDC87","Lymphocyte","PTSD","Wald ratio",1,-0.026,0.08,0.975,0.749,NA,NA,NA,0.007653495
"COL14A1","Lymphocyte","PTSD","Wald ratio",1,0.005,0.016,1.005,0.749,NA,NA,NA,0.007653317
"MIR216A","Lymphocyte","PTSD","Wald ratio",1,0.006,0.019,1.006,0.749,NA,NA,NA,0.008779931
"HLA-DPB2","Lymphocyte","PTSD","Wald ratio",1,0.011,0.034,1.011,0.75,NA,NA,NA,0.009594142
"NAV1","Lymphocyte","PTSD","Simple mode",3,0.019,0.051,1.019,0.75,0.894620355,0.673361442,0.540784151,0.0132108
"ADARB1","Lymphocyte","PTSD","Wald ratio",1,0.011,0.036,1.011,0.75,NA,NA,NA,0.017322962
"VTI1A","Lymphocyte","PTSD","Wald ratio",1,-0.006,0.017,0.994,0.75,NA,NA,NA,0.008162252
"ZNF83","Lymphocyte","PTSD","Wald ratio",1,-0.041,0.129,0.96,0.75,NA,NA,NA,0.008162874
"CDH4","Lymphocyte","PTSD","Wald ratio",1,-0.008,0.024,0.992,0.75,NA,NA,NA,0.008008504
"FHAD1","Lymphocyte","PTSD","Wald ratio",1,-0.006,0.019,0.994,0.751,NA,NA,NA,0.007854193
"RPTOR","Lymphocyte","PTSD","Weighted median",3,0.004,0.013,1.004,0.751,0.559306528,0.318091418,0.395639167,0.014327574
"TRPM7","Lymphocyte","PTSD","Wald ratio",1,0.005,0.017,1.006,0.751,NA,NA,NA,0.00769944
"C22orf34","Lymphocyte","PTSD","Wald ratio",1,-0.006,0.017,0.994,0.751,NA,NA,NA,0.008671257
"CAMK1D","Lymphocyte","PTSD","Simple mode",3,0.007,0.018,1.007,0.751,0.557172452,0.509568906,0.499403215,0.012282962
"LRRC16A","Lymphocyte","PTSD","Inverse variance weighted",2,-0.004,0.014,0.996,0.752,NA,0.424413269,NA,0.007650127
"MSRB3","Lymphocyte","PTSD","Wald ratio",1,0.012,0.039,1.013,0.752,NA,NA,NA,0.00836314
"UTP23","Lymphocyte","PTSD","Wald ratio",1,-0.312,0.988,0.732,0.752,NA,NA,NA,0.008208915
"SLC35E3","Lymphocyte","PTSD","Wald ratio",1,-0.04,0.126,0.961,0.752,NA,NA,NA,0.008208915
"TAPT1","Lymphocyte","PTSD","Wald ratio",1,0.009,0.029,1.009,0.752,NA,NA,NA,0.008054906
"CCNY","Lymphocyte","PTSD","Wald ratio",1,-0.006,0.018,0.994,0.752,NA,NA,NA,0.008054582
"NR4A1","Lymphocyte","PTSD","Wald ratio",1,-0.071,0.225,0.931,0.752,NA,NA,NA,0.014746679
"FLJ43663","Lymphocyte","PTSD","Wald ratio",1,0.006,0.019,1.006,0.752,NA,NA,NA,0.008871718
"LOC254559","Lymphocyte","PTSD","Wald ratio",1,0.014,0.044,1.014,0.752,NA,NA,NA,0.007745593
"XIRP2","Lymphocyte","PTSD","Wald ratio",1,-0.007,0.021,0.993,0.753,NA,NA,NA,0.009379347
"KCNMA1","Lymphocyte","PTSD","MR Egger",5,-0.042,0.123,0.959,0.753,0.203333993,0.318213886,0.807128922,0.008477545
"PACRG","Lymphocyte","PTSD","Wald ratio",1,0.023,0.074,1.024,0.753,NA,NA,NA,0.00840965
"WDR11","Lymphocyte","PTSD","Wald ratio",1,-0.008,0.024,0.992,0.753,NA,NA,NA,0.009884762
"RAB3IP","Lymphocyte","PTSD","Wald ratio",1,-0.065,0.208,0.937,0.753,NA,NA,NA,0.01528015
"ARAP1","Lymphocyte","PTSD","Wald ratio",1,-0.005,0.016,0.995,0.753,NA,NA,NA,0.008101008
"STARD10","Lymphocyte","PTSD","Wald ratio",1,-0.006,0.018,0.994,0.753,NA,NA,NA,0.008101008
"MYF5","Lymphocyte","PTSD","Wald ratio",1,-0.011,0.036,0.989,0.754,NA,NA,NA,0.007946449
"MYF6","Lymphocyte","PTSD","Wald ratio",1,-0.012,0.039,0.988,0.754,NA,NA,NA,0.007946449
"NAV2","Lymphocyte","PTSD","Inverse variance weighted",3,-0.005,0.017,0.995,0.754,0.867886873,0.123261293,0.290226328,0.086384525
"CCDC28A","Lymphocyte","PTSD","Wald ratio",1,-0.42,1.34,0.657,0.754,NA,NA,NA,0.010388872
"SPOCK1","Lymphocyte","PTSD","Wald ratio",1,0.01,0.032,1.01,0.754,NA,NA,NA,0.009425177
"SRGAP3","Lymphocyte","PTSD","Wald ratio",1,-0.013,0.042,0.987,0.754,NA,NA,NA,0.012649498
"CNTLN","Lymphocyte","PTSD","Wald ratio",1,0.007,0.023,1.007,0.755,NA,NA,NA,0.008146818
"DEFA5","Lymphocyte","PTSD","Wald ratio",1,-0.006,0.02,0.994,0.755,NA,NA,NA,0.008146818
"PXN","Lymphocyte","PTSD","Wald ratio",1,-0.019,0.06,0.981,0.755,NA,NA,NA,0.011743172
"RRAGD","Lymphocyte","PTSD","Wald ratio",1,-0.005,0.016,0.995,0.756,NA,NA,NA,0.007837963
"NR2F6","Lymphocyte","PTSD","Wald ratio",1,-0.065,0.21,0.937,0.756,NA,NA,NA,0.007837981
"MYO9B","Lymphocyte","PTSD","Wald ratio",1,-0.018,0.056,0.983,0.756,NA,NA,NA,0.007837981
"C1orf187","Lymphocyte","PTSD","Wald ratio",1,0.008,0.024,1.008,0.756,NA,NA,NA,0.008501775
"AUTS2","Lymphocyte","PTSD","Weighted mode",3,0.006,0.016,1.006,0.756,0.298353746,0.58228523,0.995597965,0.01008113
"OCEL1","Lymphocyte","PTSD","Wald ratio",1,-0.007,0.021,0.993,0.756,NA,NA,NA,0.007837981
"ERN1","Lymphocyte","PTSD","Wald ratio",1,-0.007,0.022,0.993,0.756,NA,NA,NA,0.01048013
"NFATC2","Lymphocyte","PTSD","Wald ratio",1,-0.007,0.021,0.994,0.758,NA,NA,NA,0.007729702
"LOC100133612","Lymphocyte","PTSD","Wald ratio",1,0.007,0.022,1.007,0.758,NA,NA,NA,0.008393802
"SLC27A6","Lymphocyte","PTSD","Wald ratio",1,0.02,0.064,1.02,0.758,NA,NA,NA,0.008393332
"KDM4C","Lymphocyte","PTSD","Wald ratio",1,-0.007,0.023,0.993,0.758,NA,NA,NA,0.008239154
"LOC221710","Lymphocyte","PTSD","Wald ratio",1,-0.007,0.022,0.993,0.758,NA,NA,NA,0.009409474
"HERV-FRD","Lymphocyte","PTSD","Wald ratio",1,-0.007,0.021,0.993,0.758,NA,NA,NA,0.009409474
"UBXN11","Lymphocyte","PTSD","Wald ratio",1,0.05,0.164,1.052,0.758,NA,NA,NA,0.008901223
"CD52","Lymphocyte","PTSD","Wald ratio",1,0.123,0.4,1.131,0.758,NA,NA,NA,0.008901245
"SH3BP4","Lymphocyte","PTSD","Wald ratio",1,-0.034,0.11,0.967,0.759,NA,NA,NA,0.009255311
"CDCP1","Lymphocyte","PTSD","Wald ratio",1,-0.032,0.103,0.969,0.759,NA,NA,NA,0.01122572
"MSI2","Lymphocyte","PTSD","MR Egger",3,0.072,0.182,1.075,0.759,0.080482148,0.149142845,0.707050237,0.044983833
"MUC2","Lymphocyte","PTSD","Wald ratio",1,-0.01,0.034,0.99,0.759,NA,NA,NA,0.013665174
"RHOJ","Lymphocyte","PTSD","Wald ratio",1,-0.005,0.017,0.995,0.759,NA,NA,NA,0.007776002
"PLEKHA5","Lymphocyte","PTSD","Wald ratio",1,0.159,0.517,1.172,0.759,NA,NA,NA,0.010921869
"FSCN1","Lymphocyte","PTSD","Wald ratio",1,0.006,0.019,1.006,0.76,NA,NA,NA,0.008285358
"TRAPPC9","Lymphocyte","PTSD","Weighted mode",4,-0.006,0.019,0.994,0.76,0.26536929,0.350796951,0.563603246,0.014603869
"FAM13C","Lymphocyte","PTSD","Wald ratio",1,0.008,0.027,1.008,0.76,NA,NA,NA,0.01046467
"GALNT9","Lymphocyte","PTSD","Wald ratio",1,0.01,0.034,1.01,0.76,NA,NA,NA,0.013910088
"NOC4L","Lymphocyte","PTSD","Wald ratio",1,0.009,0.03,1.009,0.76,NA,NA,NA,0.013910086
"KIAA0528","Lymphocyte","PTSD","Wald ratio",1,-0.11,0.361,0.896,0.76,NA,NA,NA,0.01616645
"SMR3B","Lymphocyte","PTSD","Wald ratio",1,-0.007,0.024,0.993,0.76,NA,NA,NA,0.010967285
"ROR1","Lymphocyte","PTSD","Wald ratio",1,0.011,0.034,1.011,0.76,NA,NA,NA,0.009654609
"PLCD1","Lymphocyte","PTSD","Wald ratio",1,0.016,0.051,1.016,0.761,NA,NA,NA,0.018238748
"FRG1","Lymphocyte","PTSD","Wald ratio",1,-0.009,0.03,0.991,0.761,NA,NA,NA,0.008331895
"RUNX1T1","Lymphocyte","PTSD","Wald ratio",1,-0.006,0.018,0.994,0.761,NA,NA,NA,0.00766778
"MYPOP","Lymphocyte","PTSD","Wald ratio",1,0.007,0.022,1.007,0.761,NA,NA,NA,0.00766774
"FGFBP1","Lymphocyte","PTSD","Wald ratio",1,0.011,0.036,1.011,0.761,NA,NA,NA,0.007667741
"CEP72","Lymphocyte","PTSD","Wald ratio",1,-0.01,0.032,0.99,0.763,NA,NA,NA,0.013643218
"AKAP12","Lymphocyte","PTSD","Inverse variance weighted",2,-0.009,0.029,0.991,0.763,NA,0.866242579,NA,0.012986336
"ZXDC","Lymphocyte","PTSD","Wald ratio",1,-0.056,0.184,0.946,0.763,NA,NA,NA,0.007714031
"PRDM16","Lymphocyte","PTSD","Inverse variance weighted",4,0.003,0.011,1.003,0.763,0.190087736,0.262430632,0.590113874,0.011854246
"KCNA10","Lymphocyte","PTSD","Wald ratio",1,-0.005,0.017,0.995,0.763,NA,NA,NA,0.007714133
"MAML2","Lymphocyte","PTSD","Inverse variance weighted",2,-0.004,0.013,0.996,0.763,NA,0.741320888,NA,0.007482631
"MUPCDH","Lymphocyte","PTSD","Wald ratio",1,0.006,0.019,1.006,0.763,NA,NA,NA,0.008731075
"PHRF1","Lymphocyte","PTSD","Wald ratio",1,0.006,0.018,1.006,0.763,NA,NA,NA,0.008732478
"ENPP2","Lymphocyte","PTSD","Wald ratio",1,-0.007,0.023,0.993,0.763,NA,NA,NA,0.008732478
"LOC143666","Lymphocyte","PTSD","Wald ratio",1,0.155,0.512,1.167,0.763,NA,NA,NA,0.008732478
"IRF7","Lymphocyte","PTSD","Wald ratio",1,0.006,0.019,1.006,0.763,NA,NA,NA,0.008732478
"DRD4","Lymphocyte","PTSD","Wald ratio",1,0.03,0.101,1.031,0.763,NA,NA,NA,0.008731829
"ZRANB3","Lymphocyte","PTSD","Wald ratio",1,-0.011,0.036,0.989,0.763,NA,NA,NA,0.017455049
"KIAA1614","Lymphocyte","PTSD","Wald ratio",1,0.011,0.037,1.011,0.764,NA,NA,NA,0.007915028
"ROBO1","Lymphocyte","PTSD","Wald ratio",1,-0.005,0.018,0.995,0.764,NA,NA,NA,0.008424105
"SIM1","Lymphocyte","PTSD","Wald ratio",1,-0.013,0.045,0.987,0.765,NA,NA,NA,0.010647565
"SLC10A4","Lymphocyte","PTSD","Wald ratio",1,0.011,0.036,1.011,0.765,NA,NA,NA,0.007605869
"FRYL","Lymphocyte","PTSD","Wald ratio",1,0.005,0.015,1.005,0.765,NA,NA,NA,0.007605869
"ADRB3","Lymphocyte","PTSD","Wald ratio",1,-0.009,0.03,0.991,0.765,NA,NA,NA,0.009486171
"SLC30A10","Lymphocyte","PTSD","Wald ratio",1,-0.007,0.024,0.993,0.765,NA,NA,NA,0.009486171
"IGF1R","Lymphocyte","PTSD","Inverse variance weighted",3,-0.006,0.021,0.994,0.765,0.967633262,0.735729232,0.57734001,0.007555832
"ZNF826","Lymphocyte","PTSD","Wald ratio",1,-0.064,0.214,0.938,0.766,NA,NA,NA,0.008824901
"ACRV1","Lymphocyte","PTSD","Wald ratio",1,-0.013,0.043,0.987,0.766,NA,NA,NA,0.015901235
"PATE3","Lymphocyte","PTSD","Wald ratio",1,-0.011,0.037,0.989,0.766,NA,NA,NA,0.013837755
"STX2","Lymphocyte","PTSD","Inverse variance weighted",2,0.011,0.038,1.011,0.766,NA,0.047395387,NA,0.013604216
"TBX1","Lymphocyte","PTSD","Wald ratio",1,-0.025,0.083,0.976,0.766,NA,NA,NA,0.011892994
"DLX6AS","Lymphocyte","PTSD","Wald ratio",1,-0.007,0.022,0.993,0.767,NA,NA,NA,0.008362829
"C10orf4","Lymphocyte","PTSD","Wald ratio",1,0.008,0.028,1.008,0.767,NA,NA,NA,0.010586984
"MYT1L","Lymphocyte","PTSD","Simple mode",5,0.008,0.024,1.008,0.767,0.545636766,0.499159027,0.348167088,0.012406309
"NMT1","Lymphocyte","PTSD","Wald ratio",1,0.007,0.023,1.007,0.768,NA,NA,NA,0.011287053
"NAV1","Lymphocyte","PTSD","MR Egger",3,-0.021,0.056,0.979,0.768,0.894620355,0.673361442,0.540784151,0.0132108
"CHST2","Lymphocyte","PTSD","Wald ratio",1,0.005,0.016,1.005,0.768,NA,NA,NA,0.007698957
"JMJD7-PLA2G4B","Lymphocyte","PTSD","Wald ratio",1,-0.006,0.021,0.994,0.768,NA,NA,NA,0.00977752
"HECW1","Lymphocyte","PTSD","Inverse variance weighted",2,0.011,0.037,1.011,0.769,NA,0.191305996,NA,0.039494858
"RPTOR","Lymphocyte","PTSD","Inverse variance weighted",3,0.004,0.013,1.004,0.769,0.559306528,0.318091418,0.395639167,0.014327574
"TMEM194B","Lymphocyte","PTSD","Wald ratio",1,-0.057,0.194,0.945,0.77,NA,NA,NA,0.008100775
"ANGPT2","Lymphocyte","PTSD","Weighted median",3,0.004,0.015,1.004,0.77,0.686345212,0.739984815,0.627414211,0.008185062
"ACER3","Lymphocyte","PTSD","Wald ratio",1,0.005,0.017,1.005,0.771,NA,NA,NA,0.00865571
"SLCO1B1","Lymphocyte","PTSD","Wald ratio",1,-0.013,0.046,0.987,0.771,NA,NA,NA,0.010572011
"SLCO1C1","Lymphocyte","PTSD","Wald ratio",1,-0.006,0.021,0.994,0.771,NA,NA,NA,0.010572011
"GFPT2","Lymphocyte","PTSD","Wald ratio",1,-0.007,0.025,0.993,0.771,NA,NA,NA,0.009363292
"PAPPA2","Lymphocyte","PTSD","Wald ratio",1,-0.008,0.027,0.992,0.772,NA,NA,NA,0.009346808
"SPATA13","Lymphocyte","PTSD","Simple mode",3,-0.007,0.021,0.993,0.772,0.346892393,0.595372881,0.763097563,0.015296583
"DLL1","Lymphocyte","PTSD","Wald ratio",1,0.01,0.036,1.01,0.772,NA,NA,NA,0.00834801
"NFE2L3","Lymphocyte","PTSD","Wald ratio",1,0.026,0.088,1.026,0.772,NA,NA,NA,0.009409524
"NTRK3","Lymphocyte","PTSD","Wald ratio",1,-0.005,0.017,0.995,0.772,NA,NA,NA,0.007838612
"TRAPPC9","Lymphocyte","PTSD","Simple mode",4,-0.007,0.023,0.993,0.772,0.26536929,0.350796951,0.563603246,0.014603869
"SDK1","Lymphocyte","PTSD","Weighted mode",3,0.005,0.016,1.005,0.773,0.000722222,0.000699324,0.694364852,0.009554293
"C6orf129","Lymphocyte","PTSD","Wald ratio",1,-0.005,0.017,0.995,0.773,NA,NA,NA,0.008039523
"CLCN3","Lymphocyte","PTSD","Wald ratio",1,0.022,0.077,1.022,0.773,NA,NA,NA,0.008748546
"SERINC3","Lymphocyte","PTSD","Wald ratio",1,0.126,0.437,1.134,0.773,NA,NA,NA,0.012053376
"PKIG","Lymphocyte","PTSD","Wald ratio",1,0.017,0.059,1.017,0.773,NA,NA,NA,0.012060728
"SMCR7L","Lymphocyte","PTSD","Wald ratio",1,0.013,0.044,1.013,0.773,NA,NA,NA,0.009455179
"TTC12","Lymphocyte","PTSD","Wald ratio",1,-0.17,0.592,0.843,0.774,NA,NA,NA,0.011212095
"UNC93A","Lymphocyte","PTSD","Wald ratio",1,0.01,0.034,1.01,0.774,NA,NA,NA,0.007885112
"IQCK","Lymphocyte","PTSD","Wald ratio",1,-0.006,0.022,0.994,0.774,NA,NA,NA,0.010008034
"VASH1","Lymphocyte","PTSD","Wald ratio",1,0.006,0.021,1.006,0.775,NA,NA,NA,0.008794966
"COL1A1","Lymphocyte","PTSD","Wald ratio",1,-0.041,0.143,0.96,0.775,NA,NA,NA,0.012847046
"MBP","Lymphocyte","PTSD","Inverse variance weighted",3,-0.004,0.012,0.996,0.775,0.255527609,0.52206155,0.952866875,0.008071232
"FAM196A","Lymphocyte","PTSD","Wald ratio",1,-0.02,0.07,0.98,0.775,NA,NA,NA,0.010756132
"BAHD1","Lymphocyte","PTSD","Wald ratio",1,0.014,0.05,1.014,0.775,NA,NA,NA,0.007576166
"PHGR1","Lymphocyte","PTSD","Wald ratio",1,0.01,0.034,1.01,0.775,NA,NA,NA,0.00757623
"ERCC5","Lymphocyte","PTSD","Wald ratio",1,-0.007,0.023,0.993,0.775,NA,NA,NA,0.00793182
"OR4N5","Lymphocyte","PTSD","Wald ratio",1,0.006,0.022,1.006,0.775,NA,NA,NA,0.007576072
"C11orf87","Lymphocyte","PTSD","Wald ratio",1,0.022,0.076,1.022,0.775,NA,NA,NA,0.008286825
"HLCS","Lymphocyte","PTSD","Inverse variance weighted",2,0.006,0.021,1.006,0.775,NA,0.213766104,NA,0.016653307
"PIGS","Lymphocyte","PTSD","Wald ratio",1,0.009,0.033,1.009,0.776,NA,NA,NA,0.008132679
"KIAA0100","Lymphocyte","PTSD","Wald ratio",1,0.045,0.156,1.046,0.776,NA,NA,NA,0.008132671
"RAB34","Lymphocyte","PTSD","Wald ratio",1,0.006,0.02,1.006,0.776,NA,NA,NA,0.00811855
"PLCH2","Lymphocyte","PTSD","Wald ratio",1,-0.006,0.02,0.994,0.776,NA,NA,NA,0.008841402
"ATP5S","Lymphocyte","PTSD","Wald ratio",1,0.004,0.016,1.004,0.777,NA,NA,NA,0.007622976
"FAM76B","Lymphocyte","PTSD","Wald ratio",1,-0.004,0.016,0.996,0.777,NA,NA,NA,0.006322961
"MTMR2","Lymphocyte","PTSD","Wald ratio",1,-0.004,0.016,0.996,0.777,NA,NA,NA,0.00762278
"AMPD3","Lymphocyte","PTSD","Wald ratio",1,-0.008,0.027,0.992,0.778,NA,NA,NA,0.008379937
"FGD5","Lymphocyte","PTSD","Inverse variance weighted",2,0.005,0.019,1.006,0.778,NA,0.790385299,NA,0.007394472
"OPCML","Lymphocyte","PTSD","Simple mode",4,-0.006,0.02,0.994,0.778,0.203203751,0.346344068,0.807797559,0.009255291
"AUTS2","Lymphocyte","PTSD","Inverse variance weighted",3,0.005,0.016,1.005,0.779,0.298353746,0.58228523,0.995597965,0.01008113
"PCNXL2","Lymphocyte","PTSD","Inverse variance weighted",2,-0.012,0.044,0.988,0.779,NA,0.177059008,NA,0.026108378
"NCOR2","Lymphocyte","PTSD","Inverse variance weighted",4,-0.006,0.021,0.994,0.779,0.103849652,0.040855876,0.327766699,0.006093541
"NTRK2","Lymphocyte","PTSD","Wald ratio",1,0.02,0.073,1.021,0.779,NA,NA,NA,0.007716449
"APTX","Lymphocyte","PTSD","Wald ratio",1,0.02,0.072,1.02,0.78,NA,NA,NA,0.012032686
"PLXNA2","Lymphocyte","PTSD","Inverse variance weighted",2,0.005,0.018,1.005,0.78,NA,0.663074466,NA,0.008274301
"TPCN2","Lymphocyte","PTSD","Inverse variance weighted",2,0.008,0.028,1.008,0.781,NA,0.488480723,NA,0.012645134
"SSPO","Lymphocyte","PTSD","Wald ratio",1,-0.022,0.08,0.978,0.781,NA,NA,NA,0.013307515
"ZNF467","Lymphocyte","PTSD","Wald ratio",1,-0.033,0.118,0.968,0.781,NA,NA,NA,0.01331455
"LILRB1","Lymphocyte","PTSD","Wald ratio",1,0.075,0.268,1.077,0.781,NA,NA,NA,0.008118464
"FLT4","Lymphocyte","PTSD","Wald ratio",1,-0.005,0.019,0.995,0.781,NA,NA,NA,0.008118374
"DPPA2","Lymphocyte","PTSD","Wald ratio",1,0.005,0.017,1.005,0.781,NA,NA,NA,0.007763024
"LRRN2","Lymphocyte","PTSD","Wald ratio",1,0.06,0.217,1.062,0.781,NA,NA,NA,0.015994166
"C18orf1","Lymphocyte","PTSD","MR Egger",3,0.035,0.098,1.036,0.781,0.580795012,0.752083052,0.697414767,0.018569631
"IL31RA","Lymphocyte","PTSD","Wald ratio",1,-0.01,0.036,0.99,0.782,NA,NA,NA,0.014116703
"OR52E8","Lymphocyte","PTSD","Wald ratio",1,0.004,0.015,1.004,0.782,NA,NA,NA,0.007608622
"GRAMD1B","Lymphocyte","PTSD","Wald ratio",1,0.012,0.045,1.013,0.782,NA,NA,NA,0.008164679
"BANK1","Lymphocyte","PTSD","Wald ratio",1,0.044,0.158,1.045,0.782,NA,NA,NA,0.007808373
"NEGR1","Lymphocyte","PTSD","Wald ratio",1,-0.005,0.017,0.995,0.782,NA,NA,NA,0.007695307
"NID2","Lymphocyte","PTSD","Inverse variance weighted",2,0.03,0.108,1.03,0.783,NA,0.081992952,NA,0.038662042
"MSH3","Lymphocyte","PTSD","Wald ratio",1,0.005,0.019,1.005,0.783,NA,NA,NA,0.008566403
"DHFR","Lymphocyte","PTSD","Wald ratio",1,0.005,0.018,1.005,0.783,NA,NA,NA,0.008566403
"ANKRD33B","Lymphocyte","PTSD","Wald ratio",1,-0.012,0.044,0.988,0.783,NA,NA,NA,0.008211507
"IMMP2L","Lymphocyte","PTSD","Inverse variance weighted",2,-0.004,0.013,0.996,0.783,NA,0.775815925,NA,0.007857994
"TMEM135","Lymphocyte","PTSD","Wald ratio",1,0.005,0.016,1.005,0.784,NA,NA,NA,0.007856801
"CDC14C","Lymphocyte","PTSD","Wald ratio",1,0.007,0.026,1.007,0.785,NA,NA,NA,0.009566612
"CCL25","Lymphocyte","PTSD","Wald ratio",1,0.015,0.056,1.015,0.786,NA,NA,NA,0.00830538
"ELAVL1","Lymphocyte","PTSD","Wald ratio",1,0.031,0.116,1.032,0.786,NA,NA,NA,0.00830538
"LRFN2","Lymphocyte","PTSD","Inverse variance weighted",2,-0.008,0.031,0.992,0.787,NA,0.055879162,NA,0.037723562
"CCDC114","Lymphocyte","PTSD","Wald ratio",1,-0.16,0.592,0.852,0.787,NA,NA,NA,0.007589281
"EMP3","Lymphocyte","PTSD","Wald ratio",1,-0.148,0.548,0.862,0.787,NA,NA,NA,0.007594966
"PDCD2L","Lymphocyte","PTSD","Wald ratio",1,0.053,0.197,1.055,0.787,NA,NA,NA,0.01797495
"CATSPERB","Lymphocyte","PTSD","Wald ratio",1,-0.005,0.019,0.995,0.787,NA,NA,NA,0.008906639
"FCER1A","Lymphocyte","PTSD","Wald ratio",1,0.005,0.018,1.005,0.787,NA,NA,NA,0.00835206
"FSTL4","Lymphocyte","PTSD","Wald ratio",1,0.01,0.037,1.01,0.787,NA,NA,NA,0.007796225
"COL4A2","Lymphocyte","PTSD","Inverse variance weighted",3,-0.006,0.023,0.994,0.787,0.00817109,0.026474802,0.877054419,0.054873095
"LDLRAD3","Lymphocyte","PTSD","MR Egger",3,0.011,0.031,1.011,0.788,0.473844981,0.69022568,0.716138925,0.016759792
"PRDM8","Lymphocyte","PTSD","Wald ratio",1,0.008,0.031,1.008,0.788,NA,NA,NA,0.008552751
"C16orf53","Lymphocyte","PTSD","Wald ratio",1,0.028,0.106,1.029,0.788,NA,NA,NA,0.010608663
"TMEM104","Lymphocyte","PTSD","Inverse variance weighted",2,0.008,0.03,1.008,0.788,NA,0.127766328,NA,0.036177729
"GNAI3","Lymphocyte","PTSD","Wald ratio",1,-0.005,0.02,0.995,0.788,NA,NA,NA,0.009506586
"ITGAE","Lymphocyte","PTSD","Wald ratio",1,-0.01,0.037,0.99,0.789,NA,NA,NA,0.012490358
"S100B","Lymphocyte","PTSD","Wald ratio",1,0.07,0.261,1.072,0.789,NA,NA,NA,0.012339775
"CD8A","Lymphocyte","PTSD","Wald ratio",1,0.008,0.029,1.008,0.789,NA,NA,NA,0.009552722
"ZNF266","Lymphocyte","PTSD","Wald ratio",1,0.01,0.036,1.01,0.789,NA,NA,NA,0.013274368
"ST7","Lymphocyte","PTSD","Wald ratio",1,0.006,0.021,1.006,0.789,NA,NA,NA,0.009752538
"C3orf32","Lymphocyte","PTSD","Wald ratio",1,-0.005,0.021,0.995,0.79,NA,NA,NA,0.009399699
"GPR39","Lymphocyte","PTSD","Inverse variance weighted",2,0.004,0.013,1.004,0.79,NA,0.42256478,NA,0.010862615
"FOXN3","Lymphocyte","PTSD","Simple mode",4,0.007,0.025,1.007,0.792,0.360037377,0.435071716,0.498256817,0.018209846
"AGPAT4","Lymphocyte","PTSD","Inverse variance weighted",3,0.005,0.019,1.005,0.792,0.244203174,0.500242694,0.907312207,0.019360754
"C6orf173","Lymphocyte","PTSD","Wald ratio",1,-0.005,0.021,0.995,0.792,NA,NA,NA,0.007581134
"C6orf162","Lymphocyte","PTSD","Wald ratio",1,-0.118,0.448,0.889,0.792,NA,NA,NA,0.007581134
"PDZD2","Lymphocyte","PTSD","Inverse variance weighted",2,-0.004,0.014,0.996,0.792,NA,0.653245051,NA,0.008210665
"PRMT6","Lymphocyte","PTSD","Wald ratio",1,0.007,0.027,1.007,0.793,NA,NA,NA,0.007983923
"SYN3","Lymphocyte","PTSD","Wald ratio",1,-0.016,0.063,0.984,0.793,NA,NA,NA,0.007983766
"SP8","Lymphocyte","PTSD","Wald ratio",1,-0.012,0.048,0.988,0.793,NA,NA,NA,0.010687472
"CLN6","Lymphocyte","PTSD","Wald ratio",1,-0.033,0.125,0.968,0.793,NA,NA,NA,0.00762854
"PWWP2B","Lymphocyte","PTSD","Wald ratio",1,-0.007,0.029,0.993,0.794,NA,NA,NA,0.007628172
"PSIP1","Lymphocyte","PTSD","Wald ratio",1,0.004,0.017,1.004,0.794,NA,NA,NA,0.007829503
"MBNL2","Lymphocyte","PTSD","Wald ratio",1,-0.004,0.016,0.996,0.794,NA,NA,NA,0.00801378
"SPINK8","Lymphocyte","PTSD","Wald ratio",1,0.008,0.031,1.008,0.794,NA,NA,NA,0.008231605
"OR5A2","Lymphocyte","PTSD","Wald ratio",1,0.005,0.02,1.005,0.794,NA,NA,NA,0.007027626
"HGF","Lymphocyte","PTSD","Wald ratio",1,0.005,0.019,1.005,0.795,NA,NA,NA,0.00883332
"NRGN","Lymphocyte","PTSD","Wald ratio",1,-0.005,0.02,0.995,0.795,NA,NA,NA,0.007132189
"VSIG2","Lymphocyte","PTSD","Wald ratio",1,-0.005,0.02,0.995,0.795,NA,NA,NA,0.009027773
"SYCP2L","Lymphocyte","PTSD","Wald ratio",1,0.012,0.046,1.012,0.795,NA,NA,NA,0.00923347
"TMEFF2","Lymphocyte","PTSD","Wald ratio",1,0.015,0.057,1.015,0.795,NA,NA,NA,0.008077703
"MYOF","Lymphocyte","PTSD","Inverse variance weighted",2,-0.006,0.022,0.994,0.796,NA,0.88557557,NA,0.008062865
"MEST","Lymphocyte","PTSD","Wald ratio",1,0.016,0.06,1.016,0.796,NA,NA,NA,0.014804878
"YIPF5","Lymphocyte","PTSD","Wald ratio",1,0.006,0.024,1.006,0.797,NA,NA,NA,0.010078245
"DGKB","Lymphocyte","PTSD","Wald ratio",1,0.006,0.024,1.006,0.797,NA,NA,NA,0.010277284
"RASA2","Lymphocyte","PTSD","Wald ratio",1,0.079,0.307,1.082,0.797,NA,NA,NA,0.016004962
"SMAP1","Lymphocyte","PTSD","Wald ratio",1,-0.03,0.117,0.97,0.797,NA,NA,NA,0.007568075
"PDHA2","Lymphocyte","PTSD","Wald ratio",1,-0.004,0.016,0.996,0.798,NA,NA,NA,0.007970879
"DHDDS","Lymphocyte","PTSD","Wald ratio",1,-0.007,0.027,0.993,0.798,NA,NA,NA,0.007970622
"KCNMB2","Lymphocyte","PTSD","Wald ratio",1,0.011,0.045,1.012,0.798,NA,NA,NA,0.008372451
"LHCGR","Lymphocyte","PTSD","Wald ratio",1,0.005,0.021,1.006,0.798,NA,NA,NA,0.008571771
"C1orf128","Lymphocyte","PTSD","Wald ratio",1,-0.453,1.773,0.636,0.798,NA,NA,NA,0.013431235
"CNR2","Lymphocyte","PTSD","Wald ratio",1,-0.015,0.057,0.985,0.798,NA,NA,NA,0.013431235
"FUCA1","Lymphocyte","PTSD","Wald ratio",1,-0.007,0.028,0.993,0.798,NA,NA,NA,0.013431235
"SQRDL","Lymphocyte","PTSD","Wald ratio",1,-0.014,0.053,0.987,0.798,NA,NA,NA,0.01362592
"AGPAT4","Lymphocyte","PTSD","Weighted median",3,0.005,0.02,1.005,0.8,0.244203174,0.500242694,0.907312207,0.019360754
"ABCC1","Lymphocyte","PTSD","Inverse variance weighted",2,0.008,0.031,1.008,0.8,NA,0.100141816,NA,0.015301215
"EGFR","Lymphocyte","PTSD","Inverse variance weighted",2,-0.005,0.018,0.995,0.8,NA,0.964560599,NA,0.00756791
"MGC2889","Lymphocyte","PTSD","Wald ratio",1,-0.089,0.353,0.915,0.801,NA,NA,NA,0.014734684
"HRASLS","Lymphocyte","PTSD","Wald ratio",1,-0.027,0.105,0.974,0.801,NA,NA,NA,0.014734684
"ASCL1","Lymphocyte","PTSD","Wald ratio",1,0.017,0.069,1.018,0.801,NA,NA,NA,0.010264507
"NAV1","Lymphocyte","PTSD","Weighted median",3,0.01,0.041,1.01,0.801,0.894620355,0.673361442,0.540784151,0.0132108
"PHYHD1","Lymphocyte","PTSD","Wald ratio",1,0.067,0.265,1.069,0.801,NA,NA,NA,0.00770984
"TMEM176A","Lymphocyte","PTSD","Wald ratio",1,-0.009,0.038,0.991,0.801,NA,NA,NA,0.007911047
"HTR6","Lymphocyte","PTSD","Wald ratio",1,0.006,0.025,1.006,0.801,NA,NA,NA,0.007911047
"GPR25","Lymphocyte","PTSD","Wald ratio",1,0.006,0.024,1.006,0.802,NA,NA,NA,0.010281971
"HPSE2","Lymphocyte","PTSD","Inverse variance weighted",2,0.017,0.069,1.018,0.802,NA,0.129426008,NA,0.015938751
"CACNB2","Lymphocyte","PTSD","Wald ratio",1,-0.013,0.051,0.987,0.802,NA,NA,NA,0.014048677
"GPR31","Lymphocyte","PTSD","Wald ratio",1,0.005,0.02,1.005,0.802,NA,NA,NA,0.007555665
"FGFR1OP","Lymphocyte","PTSD","Wald ratio",1,0.116,0.462,1.123,0.802,NA,NA,NA,0.007555665
"SLC38A11","Lymphocyte","PTSD","Wald ratio",1,-0.006,0.024,0.994,0.802,NA,NA,NA,0.008158657
"C6orf195","Lymphocyte","PTSD","Wald ratio",1,0.005,0.018,1.005,0.803,NA,NA,NA,0.009161209
"C5orf35","Lymphocyte","PTSD","Wald ratio",1,-0.222,0.887,0.801,0.803,NA,NA,NA,0.010357687
"TUB","Lymphocyte","PTSD","Wald ratio",1,-0.006,0.025,0.994,0.803,NA,NA,NA,0.007957826
"NINJ2","Lymphocyte","PTSD","Wald ratio",1,0.208,0.833,1.231,0.803,NA,NA,NA,0.010158475
"C9orf125","Lymphocyte","PTSD","Wald ratio",1,0.007,0.026,1.007,0.803,NA,NA,NA,0.011593362
"ST6GALNAC3","Lymphocyte","PTSD","Weighted median",3,0.004,0.016,1.004,0.803,0.499767289,0.77069711,0.840506535,0.014620559
"PCBD2","Lymphocyte","PTSD","Wald ratio",1,-0.038,0.152,0.963,0.804,NA,NA,NA,0.007602477
"SMYD2","Lymphocyte","PTSD","Wald ratio",1,0.006,0.024,1.006,0.804,NA,NA,NA,0.008004969
"ODZ3","Lymphocyte","PTSD","Inverse variance weighted",3,0.003,0.013,1.003,0.804,0.596741459,0.53545493,0.504956106,0.012122398
"ACY3","Lymphocyte","PTSD","Wald ratio",1,0.009,0.035,1.009,0.804,NA,NA,NA,0.012230391
"GNAQ","Lymphocyte","PTSD","Wald ratio",1,0.007,0.028,1.007,0.804,NA,NA,NA,0.011441642
"SMOX","Lymphocyte","PTSD","Wald ratio",1,0.07,0.282,1.073,0.804,NA,NA,NA,0.01144125
"DPF3","Lymphocyte","PTSD","Inverse variance weighted",2,-0.005,0.021,0.995,0.804,NA,0.157793041,NA,0.011765223
"CSMD1","Lymphocyte","PTSD","Weighted median",4,-0.003,0.013,0.997,0.804,0.341715401,0.530497242,0.835378162,0.012346093
"CASP7","Lymphocyte","PTSD","Wald ratio",1,0.005,0.019,1.005,0.805,NA,NA,NA,0.009255058
"ST6GALNAC3","Lymphocyte","PTSD","Simple mode",3,0.006,0.022,1.006,0.805,0.499767289,0.77069711,0.840506535,0.014620559
"USH2A","Lymphocyte","PTSD","Wald ratio",1,0.008,0.031,1.008,0.806,NA,NA,NA,0.013302717
"ABTB2","Lymphocyte","PTSD","Wald ratio",1,-0.009,0.035,0.991,0.806,NA,NA,NA,0.011731811
"EMID2","Lymphocyte","PTSD","Wald ratio",1,0.005,0.02,1.005,0.806,NA,NA,NA,0.008099631
"PCDH9","Lymphocyte","PTSD","Weighted median",4,0.003,0.014,1.003,0.806,0.735396269,0.704491853,0.467935939,0.010353168
"PIK3R4","Lymphocyte","PTSD","Wald ratio",1,0.019,0.076,1.019,0.807,NA,NA,NA,0.009548492
"LDLRAD3","Lymphocyte","PTSD","Weighted mode",3,0.005,0.017,1.005,0.807,0.473844981,0.69022568,0.716138925,0.016759792
"SCTR","Lymphocyte","PTSD","Wald ratio",1,0.007,0.03,1.007,0.808,NA,NA,NA,0.009994069
"TMEM37","Lymphocyte","PTSD","Wald ratio",1,0.007,0.029,1.007,0.808,NA,NA,NA,0.009994069
"DRD2","Lymphocyte","PTSD","Wald ratio",1,0.019,0.079,1.019,0.808,NA,NA,NA,0.012461295
"ACVRL1","Lymphocyte","PTSD","Wald ratio",1,-0.005,0.019,0.995,0.808,NA,NA,NA,0.008795714
"ACSL1","Lymphocyte","PTSD","Inverse variance weighted",3,-0.005,0.02,0.995,0.808,0.174134852,0.248234171,0.60554538,0.007715853
"CAT","Lymphocyte","PTSD","Wald ratio",1,0.004,0.017,1.004,0.809,NA,NA,NA,0.008193648
"BMP2","Lymphocyte","PTSD","Wald ratio",1,-0.007,0.03,0.993,0.809,NA,NA,NA,0.014503951
"HOXA11AS","Lymphocyte","PTSD","Wald ratio",1,0.048,0.199,1.049,0.809,NA,NA,NA,0.007590597
"HOXA10","Lymphocyte","PTSD","Wald ratio",1,0.004,0.016,1.004,0.809,NA,NA,NA,0.007532118
"NTM","Lymphocyte","PTSD","MR Egger",5,-0.009,0.036,0.991,0.809,0.160007013,0.270357513,0.969788004,0.008301075
"MCTP1","Lymphocyte","PTSD","Inverse variance weighted",2,-0.004,0.016,0.996,0.809,NA,0.319460922,NA,0.011828401
"SMTNL2","Lymphocyte","PTSD","Wald ratio",1,0.006,0.026,1.006,0.809,NA,NA,NA,0.010683556
"MSC","Lymphocyte","PTSD","Wald ratio",1,-0.006,0.024,0.994,0.809,NA,NA,NA,0.009600784
"GNPDA2","Lymphocyte","PTSD","Wald ratio",1,0.362,1.5,1.436,0.809,NA,NA,NA,0.015754224
"UNC5C","Lymphocyte","PTSD","Inverse variance weighted",2,-0.004,0.016,0.996,0.81,NA,0.647459931,NA,0.007724508
"KCTD10","Lymphocyte","PTSD","Inverse variance weighted",2,0.005,0.022,1.005,0.81,NA,0.429636609,NA,0.015895201
"PAMR1","Lymphocyte","PTSD","Wald ratio",1,-0.004,0.016,0.996,0.81,NA,NA,NA,0.008039967
"ADAMTS18","Lymphocyte","PTSD","Wald ratio",1,0.005,0.022,1.005,0.81,NA,NA,NA,0.007838723
"SCIN","Lymphocyte","PTSD","Wald ratio",1,-0.1,0.417,0.905,0.81,NA,NA,NA,0.007637923
"SORCS2","Lymphocyte","PTSD","Simple mode",4,0.006,0.023,1.006,0.811,0.460296073,0.329024917,0.303415226,0.026896364
"WNK2","Lymphocyte","PTSD","Wald ratio",1,-0.009,0.039,0.991,0.811,NA,NA,NA,0.010776797
"HBM","Lymphocyte","PTSD","Wald ratio",1,-0.084,0.352,0.919,0.811,NA,NA,NA,0.007886086
"MIER2","Lymphocyte","PTSD","Wald ratio",1,0.005,0.02,1.005,0.811,NA,NA,NA,0.009982147
"ZNF234","Lymphocyte","PTSD","Wald ratio",1,0.004,0.016,1.004,0.812,NA,NA,NA,0.007684898
"BCL7A","Lymphocyte","PTSD","Wald ratio",1,0.009,0.039,1.009,0.812,NA,NA,NA,0.007483862
"PSMD9","Lymphocyte","PTSD","Wald ratio",1,0.004,0.015,1.004,0.812,NA,NA,NA,0.007483862
"CRISPLD1","Lymphocyte","PTSD","Wald ratio",1,0.006,0.025,1.006,0.812,NA,NA,NA,0.011858803
"LOC646762","Lymphocyte","PTSD","Wald ratio",1,0.007,0.03,1.007,0.812,NA,NA,NA,0.01352048
"PRKCE","Lymphocyte","PTSD","Inverse variance weighted",2,-0.003,0.014,0.997,0.812,NA,0.716259501,NA,0.009048734
"RORA","Lymphocyte","PTSD","MR Egger",4,-0.008,0.03,0.992,0.812,0.837352718,0.897180446,0.671634022,0.008840621
"SOSTDC1","Lymphocyte","PTSD","Wald ratio",1,0.004,0.016,1.004,0.812,NA,NA,NA,0.007933782
"C1orf101","Lymphocyte","PTSD","Wald ratio",1,0.006,0.027,1.006,0.813,NA,NA,NA,0.00858338
"RARS","Lymphocyte","PTSD","Wald ratio",1,0.005,0.021,1.005,0.814,NA,NA,NA,0.009477674
"TRDMT1","Lymphocyte","PTSD","Wald ratio",1,-0.48,2.04,0.619,0.814,NA,NA,NA,0.010321372
"AGA","Lymphocyte","PTSD","Wald ratio",1,0.012,0.052,1.012,0.814,NA,NA,NA,0.007578658
"GREB1","Lymphocyte","PTSD","Inverse variance weighted",2,0.004,0.017,1.004,0.814,NA,0.967693569,NA,0.009375297
"ZSWIM2","Lymphocyte","PTSD","Inverse variance weighted",2,-0.023,0.097,0.978,0.814,NA,0.658729524,NA,0.01286824
"ATP11B","Lymphocyte","PTSD","Wald ratio",1,0.004,0.017,1.004,0.815,NA,NA,NA,0.008028025
"AUTS2","Lymphocyte","PTSD","Weighted median",3,0.004,0.018,1.004,0.816,0.298353746,0.58228523,0.995597965,0.01008113
"BAMBI","Lymphocyte","PTSD","Inverse variance weighted",2,-0.01,0.045,0.99,0.816,NA,0.89378151,NA,0.011871117
"SERINC2","Lymphocyte","PTSD","Wald ratio",1,-0.039,0.169,0.962,0.817,NA,NA,NA,0.009172161
"RBM33","Lymphocyte","PTSD","Wald ratio",1,-0.004,0.018,0.996,0.817,NA,NA,NA,0.008323867
"RAP1GAP","Lymphocyte","PTSD","Wald ratio",1,0.011,0.046,1.011,0.817,NA,NA,NA,0.011103202
"ALPL","Lymphocyte","PTSD","Wald ratio",1,0.009,0.037,1.009,0.817,NA,NA,NA,0.011103202
"GLP1R","Lymphocyte","PTSD","Wald ratio",1,0.004,0.016,1.004,0.817,NA,NA,NA,0.007472103
"TULP3","Lymphocyte","PTSD","Wald ratio",1,0.005,0.022,1.005,0.817,NA,NA,NA,0.009219418
"CAPN14","Lymphocyte","PTSD","Wald ratio",1,-0.005,0.022,0.995,0.818,NA,NA,NA,0.007969481
"ZEB2","Lymphocyte","PTSD","Wald ratio",1,-0.012,0.052,0.988,0.819,NA,NA,NA,0.007768364
"CCPG1","Lymphocyte","PTSD","Wald ratio",1,-0.026,0.113,0.974,0.819,NA,NA,NA,0.013152921
"DYX1C1","Lymphocyte","PTSD","Wald ratio",1,-0.273,1.191,0.761,0.819,NA,NA,NA,0.013144968
"SOX5","Lymphocyte","PTSD","Wald ratio",1,0.005,0.02,1.005,0.819,NA,NA,NA,0.00841817
"GLRX","Lymphocyte","PTSD","Wald ratio",1,-0.009,0.039,0.991,0.819,NA,NA,NA,0.009513285
"CTSH","Lymphocyte","PTSD","Wald ratio",1,-0.055,0.243,0.946,0.82,NA,NA,NA,0.00801688
"FER1L6","Lymphocyte","PTSD","Inverse variance weighted",2,0.005,0.022,1.005,0.82,NA,0.69252762,NA,0.011155095
"PGCP","Lymphocyte","PTSD","Wald ratio",1,0.007,0.032,1.007,0.82,NA,NA,NA,0.008913518
"LOC149837","Lymphocyte","PTSD","Wald ratio",1,-0.012,0.053,0.988,0.821,NA,NA,NA,0.00980672
"GFRA2","Lymphocyte","PTSD","Wald ratio",1,0.018,0.079,1.018,0.821,NA,NA,NA,0.007614063
"LOC286094","Lymphocyte","PTSD","Wald ratio",1,-0.005,0.024,0.995,0.821,NA,NA,NA,0.0100529
"MAP4K4","Lymphocyte","PTSD","Wald ratio",1,-0.006,0.025,0.994,0.821,NA,NA,NA,0.010052309
"DLG5","Lymphocyte","PTSD","Wald ratio",1,-0.007,0.029,0.993,0.822,NA,NA,NA,0.008312116
"MGC3771","Lymphocyte","PTSD","Wald ratio",1,0.004,0.019,1.004,0.822,NA,NA,NA,0.007661572
"MYO3A","Lymphocyte","PTSD","Wald ratio",1,0.008,0.037,1.008,0.822,NA,NA,NA,0.01698214
"C18orf21","Lymphocyte","PTSD","Wald ratio",1,0.031,0.136,1.031,0.822,NA,NA,NA,0.009008181
"WBSCR17","Lymphocyte","PTSD","MR Egger",3,-0.016,0.057,0.984,0.822,0.639897309,0.887891174,0.91294339,0.007930442
"SMOC2","Lymphocyte","PTSD","Wald ratio",1,-0.004,0.018,0.996,0.823,NA,NA,NA,0.007707771
"SLC38A8","Lymphocyte","PTSD","Wald ratio",1,0.007,0.031,1.007,0.823,NA,NA,NA,0.009501955
"PDE1B","Lymphocyte","PTSD","Wald ratio",1,0.005,0.024,1.005,0.823,NA,NA,NA,0.00994774
"F2RL3","Lymphocyte","PTSD","Wald ratio",1,-0.015,0.068,0.985,0.823,NA,NA,NA,0.007508175
"TIMP2","Lymphocyte","PTSD","Wald ratio",1,0.004,0.019,1.004,0.823,NA,NA,NA,0.00750822
"CPAMD8","Lymphocyte","PTSD","Wald ratio",1,-0.077,0.344,0.926,0.823,NA,NA,NA,0.007505501
"PRKAG2","Lymphocyte","PTSD","Inverse variance weighted",4,-0.003,0.013,0.997,0.824,0.318768657,0.509828558,0.890982187,0.010405217
"CD2AP","Lymphocyte","PTSD","Wald ratio",1,0.005,0.021,1.005,0.824,NA,NA,NA,0.008406865
"UHRF1BP1L","Lymphocyte","PTSD","Wald ratio",1,-0.369,1.656,0.691,0.824,NA,NA,NA,0.013280596
"C20orf26","Lymphocyte","PTSD","Wald ratio",1,0.009,0.042,1.009,0.824,NA,NA,NA,0.014151812
"FAM108B1","Lymphocyte","PTSD","Wald ratio",1,-0.013,0.06,0.987,0.824,NA,NA,NA,0.0113254
"C21orf29","Lymphocyte","PTSD","Inverse variance weighted",2,-0.003,0.013,0.997,0.824,NA,0.596179533,NA,0.007373266
"AKTIP","Lymphocyte","PTSD","Wald ratio",1,0.007,0.032,1.007,0.824,NA,NA,NA,0.008005677
"RUNDC2C","Lymphocyte","PTSD","Wald ratio",1,0.004,0.018,1.004,0.825,NA,NA,NA,0.008454612
"TOB2","Lymphocyte","PTSD","Wald ratio",1,0.1,0.451,1.105,0.825,NA,NA,NA,0.009349646
"KRT5","Lymphocyte","PTSD","Wald ratio",1,-0.007,0.032,0.993,0.825,NA,NA,NA,0.010684736
"C20orf103","Lymphocyte","PTSD","Wald ratio",1,-0.092,0.416,0.912,0.825,NA,NA,NA,0.010486322
"CARHSP1","Lymphocyte","PTSD","Wald ratio",1,-0.007,0.031,0.993,0.825,NA,NA,NA,0.01048468
"TMEM186","Lymphocyte","PTSD","Wald ratio",1,-0.005,0.021,0.995,0.825,NA,NA,NA,0.010486322
"PMM2","Lymphocyte","PTSD","Wald ratio",1,-0.005,0.023,0.995,0.825,NA,NA,NA,0.010486322
"ARFGEF1","Lymphocyte","PTSD","Wald ratio",1,-0.007,0.033,0.993,0.825,NA,NA,NA,0.008253643
"BTBD7","Lymphocyte","PTSD","Wald ratio",1,0.013,0.057,1.013,0.826,NA,NA,NA,0.012739319
"GREM1","Lymphocyte","PTSD","Wald ratio",1,0.006,0.026,1.006,0.826,NA,NA,NA,0.008052749
"RASGEF1B","Lymphocyte","PTSD","Wald ratio",1,-0.038,0.172,0.963,0.826,NA,NA,NA,0.009196884
"KCNA6","Lymphocyte","PTSD","Wald ratio",1,-0.005,0.022,0.995,0.826,NA,NA,NA,0.008301413
"AZI2","Lymphocyte","PTSD","Wald ratio",1,-0.01,0.047,0.99,0.826,NA,NA,NA,0.008749455
"ATP2B2","Lymphocyte","PTSD","Wald ratio",1,0.009,0.04,1.009,0.826,NA,NA,NA,0.01640828
"CTDP1","Lymphocyte","PTSD","Wald ratio",1,0.01,0.044,1.01,0.827,NA,NA,NA,0.007650994
"BET1L","Lymphocyte","PTSD","Wald ratio",1,-0.224,1.024,0.8,0.827,NA,NA,NA,0.008797075
"ATHL1","Lymphocyte","PTSD","Wald ratio",1,-0.006,0.027,0.994,0.827,NA,NA,NA,0.008797075
"IFITM5","Lymphocyte","PTSD","Wald ratio",1,-0.007,0.033,0.993,0.827,NA,NA,NA,0.008797074
"PID1","Lymphocyte","PTSD","Wald ratio",1,0.003,0.016,1.003,0.827,NA,NA,NA,0.007448175
"CAND2","Lymphocyte","PTSD","Wald ratio",1,0.004,0.019,1.004,0.827,NA,NA,NA,0.00744965
"FLJ36000","Lymphocyte","PTSD","Wald ratio",1,-0.003,0.016,0.997,0.828,NA,NA,NA,0.007449133
"HEATR6","Lymphocyte","PTSD","Wald ratio",1,0.014,0.062,1.014,0.828,NA,NA,NA,0.01248569
"PLAGL1","Lymphocyte","PTSD","Wald ratio",1,-0.007,0.032,0.993,0.829,NA,NA,NA,0.010919139
"MTX2","Lymphocyte","PTSD","Wald ratio",1,0.004,0.018,1.004,0.829,NA,NA,NA,0.008643824
"NEDD4L","Lymphocyte","PTSD","Wald ratio",1,-0.003,0.016,0.997,0.829,NA,NA,NA,0.00749678
"RAB11FIP4","Lymphocyte","PTSD","Wald ratio",1,-0.004,0.016,0.997,0.829,NA,NA,NA,0.007746183
"SH2D4B","Lymphocyte","PTSD","Wald ratio",1,-0.004,0.019,0.996,0.83,NA,NA,NA,0.007544942
"GABRA6","Lymphocyte","PTSD","Wald ratio",1,-0.007,0.032,0.993,0.83,NA,NA,NA,0.007544893
"ARHGEF10","Lymphocyte","PTSD","Inverse variance weighted",3,0.003,0.016,1.003,0.83,0.185115961,0.166170671,0.493140387,0.014108086
"CPN1","Lymphocyte","PTSD","Wald ratio",1,-0.003,0.016,0.997,0.831,NA,NA,NA,0.007592598
"IFT140","Lymphocyte","PTSD","Wald ratio",1,-0.014,0.065,0.986,0.831,NA,NA,NA,0.014941195
"RIN2","Lymphocyte","PTSD","Wald ratio",1,-0.004,0.019,0.996,0.832,NA,NA,NA,0.00764026
"WBSCR17","Lymphocyte","PTSD","Simple mode",3,-0.004,0.015,0.996,0.832,0.639897309,0.887891174,0.91294339,0.007930442
"ZNF727","Lymphocyte","PTSD","Wald ratio",1,-0.009,0.041,0.991,0.833,NA,NA,NA,0.008137021
"PAPOLA","Lymphocyte","PTSD","Wald ratio",1,-0.04,0.188,0.961,0.833,NA,NA,NA,0.009080923
"PLEKHH1","Lymphocyte","PTSD","Wald ratio",1,-0.017,0.079,0.983,0.833,NA,NA,NA,0.007438387
"SNCA","Lymphocyte","PTSD","Wald ratio",1,0.004,0.018,1.004,0.833,NA,NA,NA,0.007437903
"LRIG2","Lymphocyte","PTSD","Wald ratio",1,0.003,0.016,1.003,0.833,NA,NA,NA,0.007687429
"BBS10","Lymphocyte","PTSD","Wald ratio",1,-0.035,0.168,0.965,0.834,NA,NA,NA,0.009375297
"LOC144742","Lymphocyte","PTSD","Wald ratio",1,-0.006,0.027,0.994,0.834,NA,NA,NA,0.007735601
"ZFYVE19","Lymphocyte","PTSD","Wald ratio",1,0.003,0.017,1.003,0.834,NA,NA,NA,0.007735601
"ATP11A","Lymphocyte","PTSD","Inverse variance weighted",2,0.004,0.017,1.004,0.834,NA,0.166896975,NA,0.018758836
"RORA","Lymphocyte","PTSD","Simple mode",4,0.003,0.015,1.003,0.834,0.837352718,0.897180446,0.671634022,0.008840621
"ACACA","Lymphocyte","PTSD","Wald ratio",1,-0.004,0.019,0.996,0.836,NA,NA,NA,0.009270643
"TJP2","Lymphocyte","PTSD","Wald ratio",1,0.012,0.059,1.012,0.836,NA,NA,NA,0.009270383
"DNM3","Lymphocyte","PTSD","Inverse variance weighted",2,-0.01,0.049,0.99,0.837,NA,0.00418244,NA,0.00838214
"PGGT1B","Lymphocyte","PTSD","Wald ratio",1,0.005,0.023,1.005,0.837,NA,NA,NA,0.011434458
"SCNN1A","Lymphocyte","PTSD","Wald ratio",1,-0.004,0.021,0.996,0.837,NA,NA,NA,0.00812715
"BNC2","Lymphocyte","PTSD","Inverse variance weighted",2,0.003,0.016,1.003,0.837,NA,0.552807623,NA,0.008033631
"LRRC46","Lymphocyte","PTSD","Wald ratio",1,0.003,0.017,1.003,0.838,NA,NA,NA,0.007628847
"OSBPL7","Lymphocyte","PTSD","Wald ratio",1,0.034,0.164,1.034,0.838,NA,NA,NA,0.007628848
"DEFB132","Lymphocyte","PTSD","Wald ratio",1,-0.003,0.016,0.997,0.838,NA,NA,NA,0.007677063
"CDA","Lymphocyte","PTSD","Wald ratio",1,0.007,0.035,1.007,0.838,NA,NA,NA,0.007925856
"ADCY5","Lymphocyte","PTSD","Wald ratio",1,0.008,0.041,1.008,0.839,NA,NA,NA,0.008174374
"C10orf107","Lymphocyte","PTSD","Wald ratio",1,0.004,0.018,1.004,0.839,NA,NA,NA,0.007974016
"TMPRSS2","Lymphocyte","PTSD","Wald ratio",1,0.028,0.14,1.029,0.839,NA,NA,NA,0.007475798
"KCNK16","Lymphocyte","PTSD","Wald ratio",1,0.003,0.016,1.003,0.839,NA,NA,NA,0.0074759
"THTPA","Lymphocyte","PTSD","Wald ratio",1,0.005,0.026,1.005,0.84,NA,NA,NA,0.010690163
"UNC5D","Lymphocyte","PTSD","Wald ratio",1,-0.007,0.033,0.993,0.841,NA,NA,NA,0.01130422
"C8orf84","Lymphocyte","PTSD","Wald ratio",1,0.004,0.018,1.004,0.841,NA,NA,NA,0.004726737
"ZFHX3","Lymphocyte","PTSD","Inverse variance weighted",2,0.002,0.012,1.002,0.841,NA,0.992124702,NA,0.007718213
"SLC16A3","Lymphocyte","PTSD","Wald ratio",1,0.014,0.069,1.014,0.841,NA,NA,NA,0.009554596
"SECTM1","Lymphocyte","PTSD","Wald ratio",1,0.007,0.033,1.007,0.841,NA,NA,NA,0.009553274
"CCDC57","Lymphocyte","PTSD","Wald ratio",1,0.004,0.02,1.004,0.841,NA,NA,NA,0.009554596
"PRKAG2","Lymphocyte","PTSD","MR Egger",4,-0.008,0.034,0.992,0.842,0.318768657,0.509828558,0.890982187,0.010405217
"SNW1","Lymphocyte","PTSD","Wald ratio",1,0.111,0.559,1.118,0.842,NA,NA,NA,0.007619324
"NAV1","Lymphocyte","PTSD","Weighted mode",3,0.009,0.04,1.009,0.843,0.894620355,0.673361442,0.540784151,0.0132108
"MAP7","Lymphocyte","PTSD","Wald ratio",1,0.015,0.077,1.015,0.843,NA,NA,NA,0.010633338
"LOC257358","Lymphocyte","PTSD","Wald ratio",1,0.005,0.024,1.005,0.843,NA,NA,NA,0.007915844
"RTL1","Lymphocyte","PTSD","Wald ratio",1,0.003,0.016,1.003,0.844,NA,NA,NA,0.007667139
"PRR5-ARHGAP8","Lymphocyte","PTSD","Wald ratio",1,0.006,0.032,1.006,0.844,NA,NA,NA,0.011106153
"PCP2","Lymphocyte","PTSD","Wald ratio",1,-0.003,0.016,0.997,0.845,NA,NA,NA,0.007714958
"STXBP2","Lymphocyte","PTSD","Wald ratio",1,-0.111,0.567,0.895,0.845,NA,NA,NA,0.00771493
"AP4S1","Lymphocyte","PTSD","Wald ratio",1,0.007,0.037,1.007,0.845,NA,NA,NA,0.007465622
"DSC3","Lymphocyte","PTSD","Inverse variance weighted",2,0.003,0.014,1.003,0.845,NA,0.902875502,NA,0.007519555
"NLRP13","Lymphocyte","PTSD","Wald ratio",1,0.004,0.018,1.004,0.845,NA,NA,NA,0.007465509
"SORBS1","Lymphocyte","PTSD","Wald ratio",1,-0.004,0.018,0.996,0.845,NA,NA,NA,0.008244437
"MYO16","Lymphocyte","PTSD","Wald ratio",1,0.004,0.023,1.004,0.845,NA,NA,NA,0.010774698
"GRIK1","Lymphocyte","PTSD","Wald ratio",1,-0.004,0.021,0.996,0.845,NA,NA,NA,0.008507609
"TMEM177","Lymphocyte","PTSD","Wald ratio",1,0.004,0.02,1.004,0.845,NA,NA,NA,0.009791432
"SMYD3","Lymphocyte","PTSD","MR Egger",3,0.011,0.043,1.011,0.846,0.171134405,0.337806164,0.758528706,0.015400062
"CTNNA2","Lymphocyte","PTSD","Inverse variance weighted",2,-0.007,0.038,0.993,0.846,NA,0.018886787,NA,0.028432381
"SCP2","Lymphocyte","PTSD","Wald ratio",1,0.071,0.367,1.074,0.846,NA,NA,NA,0.007762297
"ECHDC2","Lymphocyte","PTSD","Wald ratio",1,0.004,0.02,1.004,0.846,NA,NA,NA,0.007762297
"CSN3","Lymphocyte","PTSD","Wald ratio",1,-0.004,0.023,0.996,0.846,NA,NA,NA,0.008770684
"IGSF21","Lymphocyte","PTSD","MR Egger",3,-0.01,0.04,0.99,0.846,0.714600577,0.934811506,0.97893525,0.010585906
"KCNN4","Lymphocyte","PTSD","Wald ratio",1,0.005,0.028,1.005,0.847,NA,NA,NA,0.008603249
"TBX2","Lymphocyte","PTSD","Wald ratio",1,-0.062,0.319,0.94,0.847,NA,NA,NA,0.008355225
"USP24","Lymphocyte","PTSD","Wald ratio",1,-0.011,0.057,0.989,0.848,NA,NA,NA,0.008650908
"ATP1A4","Lymphocyte","PTSD","Wald ratio",1,0.005,0.026,1.005,0.848,NA,NA,NA,0.009192691
"ATP1A2","Lymphocyte","PTSD","Wald ratio",1,0.004,0.019,1.004,0.848,NA,NA,NA,0.009193775
"TMEM217","Lymphocyte","PTSD","Wald ratio",1,0.018,0.093,1.018,0.848,NA,NA,NA,0.011254868
"GPATCH1","Lymphocyte","PTSD","Wald ratio",1,-0.008,0.04,0.992,0.849,NA,NA,NA,0.01305084
"C2orf83","Lymphocyte","PTSD","Wald ratio",1,-0.006,0.031,0.994,0.849,NA,NA,NA,0.014634344
"DOK6","Lymphocyte","PTSD","Wald ratio",1,0.004,0.023,1.004,0.85,NA,NA,NA,0.007953619
"PXMP3","Lymphocyte","PTSD","Wald ratio",1,0.045,0.235,1.046,0.85,NA,NA,NA,0.007704443
"GRK7","Lymphocyte","PTSD","Wald ratio",1,-0.004,0.02,0.996,0.85,NA,NA,NA,0.008546536
"ARHGAP18","Lymphocyte","PTSD","Wald ratio",1,-0.005,0.028,0.995,0.851,NA,NA,NA,0.012995355
"CSMD1","Lymphocyte","PTSD","Weighted mode",4,-0.003,0.015,0.997,0.852,0.341715401,0.530497242,0.835378162,0.012346093
"GGNBP2","Lymphocyte","PTSD","Wald ratio",1,0.187,1,1.205,0.852,NA,NA,NA,0.007552218
"KIF7","Lymphocyte","PTSD","Wald ratio",1,-0.003,0.017,0.997,0.853,NA,NA,NA,0.007849013
"POLR2B","Lymphocyte","PTSD","Wald ratio",1,-0.004,0.022,0.996,0.853,NA,NA,NA,0.010659926
"MOBKL2B","Lymphocyte","PTSD","Wald ratio",1,-0.021,0.112,0.979,0.853,NA,NA,NA,0.008144965
"FRMD3","Lymphocyte","PTSD","Wald ratio",1,0.02,0.111,1.021,0.853,NA,NA,NA,0.009231684
"MESDC1","Lymphocyte","PTSD","Wald ratio",1,-0.004,0.021,0.996,0.854,NA,NA,NA,0.009772782
"C15orf26","Lymphocyte","PTSD","Wald ratio",1,-0.073,0.398,0.929,0.854,NA,NA,NA,0.009772782
"C2orf73","Lymphocyte","PTSD","Wald ratio",1,-0.015,0.084,0.985,0.854,NA,NA,NA,0.007647766
"CACNA1C","Lymphocyte","PTSD","Simple mode",4,-0.005,0.023,0.995,0.854,0.997055921,0.784258668,0.41064856,0.019330126
"AKAP12","Lymphocyte","PTSD","Wald ratio",1,-0.253,1.374,0.777,0.854,NA,NA,NA,0.012986336
"LARGE","Lymphocyte","PTSD","Wald ratio",1,-0.003,0.019,0.997,0.855,NA,NA,NA,0.007696068
"CRADD","Lymphocyte","PTSD","Wald ratio",1,-0.003,0.017,0.997,0.855,NA,NA,NA,0.007445936
"SYT6","Lymphocyte","PTSD","Wald ratio",1,0.032,0.176,1.033,0.855,NA,NA,NA,0.00744677
"PHLDB3","Lymphocyte","PTSD","Wald ratio",1,-0.006,0.031,0.994,0.856,NA,NA,NA,0.009374857
"CALCB","Lymphocyte","PTSD","Wald ratio",1,-0.035,0.192,0.966,0.856,NA,NA,NA,0.008288929
"EBF2","Lymphocyte","PTSD","Wald ratio",1,0.016,0.09,1.017,0.856,NA,NA,NA,0.008584676
"PTGER3","Lymphocyte","PTSD","Wald ratio",1,-0.013,0.069,0.988,0.856,NA,NA,NA,0.012109267
"NBPF1","Lymphocyte","PTSD","Wald ratio",1,-0.003,0.017,0.997,0.856,NA,NA,NA,0.007494783
"RAD52","Lymphocyte","PTSD","Wald ratio",1,0.004,0.023,1.004,0.856,NA,NA,NA,0.007494783
"PHOSPHO1","Lymphocyte","PTSD","Wald ratio",1,-0.005,0.03,0.995,0.857,NA,NA,NA,0.007791973
"RRM1","Lymphocyte","PTSD","Wald ratio",1,-0.112,0.62,0.894,0.857,NA,NA,NA,0.007791973
"SIAH3","Lymphocyte","PTSD","Inverse variance weighted",2,-0.003,0.019,0.997,0.857,NA,0.503992742,NA,0.008348003
"SLCO3A1","Lymphocyte","PTSD","Inverse variance weighted",3,-0.002,0.013,0.998,0.858,0.672687339,0.911980594,0.951616443,0.010678732
"ANO6","Lymphocyte","PTSD","Wald ratio",1,0.012,0.066,1.012,0.858,NA,NA,NA,0.015746142
"GOLIM4","Lymphocyte","PTSD","Wald ratio",1,-0.059,0.333,0.942,0.858,NA,NA,NA,0.011468112
"MATN2","Lymphocyte","PTSD","Wald ratio",1,0.003,0.015,1.003,0.86,NA,NA,NA,0.007390172
"ITPK1","Lymphocyte","PTSD","Wald ratio",1,-0.003,0.019,0.997,0.86,NA,NA,NA,0.008232166
"RBMS3","Lymphocyte","PTSD","Wald ratio",1,-0.109,0.614,0.897,0.86,NA,NA,NA,0.010738195
"PDS5A","Lymphocyte","PTSD","Wald ratio",1,0.003,0.018,1.003,0.86,NA,NA,NA,0.007873269
"C6orf122","Lymphocyte","PTSD","Wald ratio",1,-0.055,0.314,0.946,0.86,NA,NA,NA,0.01019987
"KIAA1217","Lymphocyte","PTSD","Wald ratio",1,-0.004,0.024,0.996,0.86,NA,NA,NA,0.009659949
"EPHX1","Lymphocyte","PTSD","Wald ratio",1,-0.005,0.031,0.995,0.861,NA,NA,NA,0.007438244
"RASGRF2","Lymphocyte","PTSD","Wald ratio",1,0.006,0.035,1.006,0.861,NA,NA,NA,0.014930933
"TEX101","Lymphocyte","PTSD","Wald ratio",1,-0.004,0.022,0.996,0.861,NA,NA,NA,0.00916676
"SEMA3E","Lymphocyte","PTSD","Wald ratio",1,0.043,0.247,1.044,0.861,NA,NA,NA,0.013350675
"LRRC1","Lymphocyte","PTSD","Wald ratio",1,-0.005,0.027,0.995,0.862,NA,NA,NA,0.008623758
"TP53BP2","Lymphocyte","PTSD","Wald ratio",1,0.008,0.047,1.008,0.862,NA,NA,NA,0.012820341
"ABO","Lymphocyte","PTSD","Wald ratio",1,-0.003,0.017,0.997,0.862,NA,NA,NA,0.007783158
"TRIM58","Lymphocyte","PTSD","Wald ratio",1,-0.004,0.022,0.996,0.863,NA,NA,NA,0.010682578
"MLLT1","Lymphocyte","PTSD","Wald ratio",1,-0.003,0.019,0.997,0.863,NA,NA,NA,0.009014592
"TOR3A","Lymphocyte","PTSD","Wald ratio",1,0.005,0.026,1.005,0.863,NA,NA,NA,0.011022124
"STK10","Lymphocyte","PTSD","Inverse variance weighted",2,-0.003,0.018,0.997,0.863,NA,0.295121356,NA,0.012535904
"RARRES2","Lymphocyte","PTSD","Wald ratio",1,-0.004,0.022,0.996,0.864,NA,NA,NA,0.008471621
"ZNF167","Lymphocyte","PTSD","Wald ratio",1,0.003,0.016,1.003,0.864,NA,NA,NA,0.007927199
"TSEN34","Lymphocyte","PTSD","Wald ratio",1,0.011,0.067,1.012,0.864,NA,NA,NA,0.007630221
"RPS9","Lymphocyte","PTSD","Wald ratio",1,0.006,0.035,1.006,0.864,NA,NA,NA,0.007630221
"CTSD","Lymphocyte","PTSD","Wald ratio",1,0.015,0.089,1.015,0.865,NA,NA,NA,0.008517227
"NAP1L5","Lymphocyte","PTSD","Wald ratio",1,0.006,0.033,1.006,0.865,NA,NA,NA,0.011699336
"PDX1","Lymphocyte","PTSD","Wald ratio",1,-0.01,0.061,0.99,0.865,NA,NA,NA,0.007678268
"C7orf50","Lymphocyte","PTSD","Inverse variance weighted",2,0.002,0.013,1.002,0.865,NA,0.348245866,NA,0.012632431
"POLR2C","Lymphocyte","PTSD","Wald ratio",1,0.083,0.488,1.086,0.866,NA,NA,NA,0.012616543
"CCL17","Lymphocyte","PTSD","Wald ratio",1,0.005,0.028,1.005,0.866,NA,NA,NA,0.012616543
"CHCHD2","Lymphocyte","PTSD","Wald ratio",1,-0.003,0.017,0.997,0.866,NA,NA,NA,0.007726686
"PHKG1","Lymphocyte","PTSD","Wald ratio",1,-0.004,0.023,0.996,0.866,NA,NA,NA,0.007726635
"KLHL29","Lymphocyte","PTSD","Inverse variance weighted",2,0.002,0.015,1.002,0.866,NA,0.608431317,NA,0.00845377
"ACSL1","Lymphocyte","PTSD","Weighted mode",3,-0.004,0.019,0.996,0.866,0.174134852,0.248234171,0.60554538,0.007715853
"EMCN","Lymphocyte","PTSD","Wald ratio",1,-0.004,0.025,0.996,0.866,NA,NA,NA,0.008910258
"ZAK","Lymphocyte","PTSD","Wald ratio",1,-0.006,0.036,0.994,0.867,NA,NA,NA,0.007477812
"SHANK2","Lymphocyte","PTSD","Simple mode",4,-0.003,0.019,0.997,0.867,0.096559974,0.196487694,0.957635718,0.011456673
"ARNT2","Lymphocyte","PTSD","Wald ratio",1,-0.006,0.038,0.994,0.867,NA,NA,NA,0.007774447
"COL28A1","Lymphocyte","PTSD","Wald ratio",1,0.004,0.025,1.004,0.867,NA,NA,NA,0.008367077
"AMFR","Lymphocyte","PTSD","Wald ratio",1,-0.003,0.017,0.997,0.868,NA,NA,NA,0.007525669
"BBS2","Lymphocyte","PTSD","Wald ratio",1,-0.003,0.017,0.997,0.868,NA,NA,NA,0.007523217
"FGF12","Lymphocyte","PTSD","Inverse variance weighted",3,0.004,0.027,1.004,0.868,0.17768799,0.010803526,0.295668071,0.012308129
"LOC100287718","Lymphocyte","PTSD","Wald ratio",1,-0.008,0.05,0.992,0.868,NA,NA,NA,0.007574079
"FAM198B","Lymphocyte","PTSD","Wald ratio",1,-0.009,0.052,0.991,0.869,NA,NA,NA,0.011447101
"CTNNA3","Lymphocyte","PTSD","Wald ratio",1,0.003,0.021,1.003,0.869,NA,NA,NA,0.007622212
"ISL1","Lymphocyte","PTSD","Wald ratio",1,0.014,0.088,1.015,0.869,NA,NA,NA,0.007622191
"RGL1","Lymphocyte","PTSD","Wald ratio",1,0.003,0.017,1.003,0.87,NA,NA,NA,0.007621948
"C10orf90","Lymphocyte","PTSD","Inverse variance weighted",2,0.004,0.024,1.004,0.87,NA,0.58284907,NA,0.008989585
"ZFAT","Lymphocyte","PTSD","Wald ratio",1,-0.014,0.087,0.986,0.87,NA,NA,NA,0.012123006
"RANBP17","Lymphocyte","PTSD","Wald ratio",1,-0.003,0.017,0.997,0.87,NA,NA,NA,0.007967035
"EIF3M","Lymphocyte","PTSD","Wald ratio",1,-0.003,0.021,0.997,0.87,NA,NA,NA,0.010076984
"LOC93432","Lymphocyte","PTSD","Wald ratio",1,-0.01,0.063,0.99,0.871,NA,NA,NA,0.009491655
"MUM1","Lymphocyte","PTSD","Wald ratio",1,0.006,0.04,1.006,0.871,NA,NA,NA,0.00860672
"NDUFS7","Lymphocyte","PTSD","Wald ratio",1,0.004,0.022,1.004,0.871,NA,NA,NA,0.008606779
"REG3G","Lymphocyte","PTSD","Wald ratio",1,-0.003,0.018,0.997,0.871,NA,NA,NA,0.008950021
"FAT3","Lymphocyte","PTSD","Wald ratio",1,-0.002,0.015,0.998,0.872,NA,NA,NA,0.007469652
"FBXO39","Lymphocyte","PTSD","Wald ratio",1,-0.003,0.016,0.997,0.872,NA,NA,NA,0.007469432
"EXOG","Lymphocyte","PTSD","Wald ratio",1,-0.006,0.04,0.994,0.872,NA,NA,NA,0.007469432
"NDUFAF1","Lymphocyte","PTSD","Wald ratio",1,-0.007,0.044,0.993,0.872,NA,NA,NA,0.008406986
"ARID5B","Lymphocyte","PTSD","Wald ratio",1,-0.003,0.022,0.997,0.873,NA,NA,NA,0.007814728
"ELAC2","Lymphocyte","PTSD","Wald ratio",1,0.087,0.547,1.091,0.873,NA,NA,NA,0.008744212
"CLTC","Lymphocyte","PTSD","Wald ratio",1,-0.19,1.195,0.827,0.873,NA,NA,NA,0.01245196
"PLEKHG1","Lymphocyte","PTSD","Wald ratio",1,-0.004,0.026,0.996,0.874,NA,NA,NA,0.011871952
"SLC1A2","Lymphocyte","PTSD","Wald ratio",1,0.003,0.016,1.003,0.874,NA,NA,NA,0.007565817
"C10orf10","Lymphocyte","PTSD","Wald ratio",1,0.019,0.119,1.019,0.874,NA,NA,NA,0.00820734
"C10orf25","Lymphocyte","PTSD","Wald ratio",1,0.004,0.023,1.004,0.874,NA,NA,NA,0.00820734
"RASSF4","Lymphocyte","PTSD","Wald ratio",1,0.034,0.216,1.035,0.874,NA,NA,NA,0.00820734
"CXXC1","Lymphocyte","PTSD","Wald ratio",1,0.003,0.018,1.003,0.874,NA,NA,NA,0.007909019
"MBD1","Lymphocyte","PTSD","Wald ratio",1,0.052,0.329,1.053,0.874,NA,NA,NA,0.007910723
"HS3ST1","Lymphocyte","PTSD","Wald ratio",1,0.038,0.242,1.039,0.875,NA,NA,NA,0.00977793
"NMUR1","Lymphocyte","PTSD","Wald ratio",1,0.007,0.047,1.008,0.875,NA,NA,NA,0.01317059
"MIF4GD","Lymphocyte","PTSD","Wald ratio",1,0.007,0.042,1.007,0.875,NA,NA,NA,0.009189623
"LLGL2","Lymphocyte","PTSD","Wald ratio",1,0.005,0.03,1.005,0.875,NA,NA,NA,0.00918672
"ORAI2","Lymphocyte","PTSD","Wald ratio",1,0.01,0.061,1.01,0.876,NA,NA,NA,0.013886103
"PRKRIP1","Lymphocyte","PTSD","Wald ratio",1,0.011,0.072,1.011,0.876,NA,NA,NA,0.013886103
"CAMTA1","Lymphocyte","PTSD","Inverse variance weighted",3,-0.002,0.015,0.998,0.876,0.38478322,0.201962527,0.36228365,0.007552695
"PDCD6IP","Lymphocyte","PTSD","Wald ratio",1,0.003,0.018,1.003,0.876,NA,NA,NA,0.00835149
"SORL1","Lymphocyte","PTSD","Wald ratio",1,-0.01,0.065,0.99,0.876,NA,NA,NA,0.008990362
"FAM125B","Lymphocyte","PTSD","Wald ratio",1,0.002,0.015,1.002,0.877,NA,NA,NA,0.007413585
"XKR4","Lymphocyte","PTSD","Wald ratio",1,-0.003,0.017,0.997,0.877,NA,NA,NA,0.00741341
"SVIL","Lymphocyte","PTSD","Wald ratio",1,-0.079,0.513,0.924,0.877,NA,NA,NA,0.009969026
"ACADS","Lymphocyte","PTSD","Wald ratio",1,-0.003,0.021,0.997,0.879,NA,NA,NA,0.007903306
"CSMD3","Lymphocyte","PTSD","Wald ratio",1,0.003,0.018,1.003,0.88,NA,NA,NA,0.008247756
"DOK5","Lymphocyte","PTSD","Wald ratio",1,0.009,0.059,1.009,0.88,NA,NA,NA,0.012429795
"CLDN7","Lymphocyte","PTSD","Wald ratio",1,0.006,0.039,1.006,0.88,NA,NA,NA,0.007606566
"DULLARD","Lymphocyte","PTSD","Wald ratio",1,0.003,0.017,1.003,0.88,NA,NA,NA,0.007564318
"DLG4","Lymphocyte","PTSD","Wald ratio",1,0.004,0.03,1.004,0.88,NA,NA,NA,0.007606566
"TNFAIP2","Lymphocyte","PTSD","Wald ratio",1,0.003,0.021,1.003,0.88,NA,NA,NA,0.010207324
"EVI5L","Lymphocyte","PTSD","Wald ratio",1,0.003,0.017,1.003,0.88,NA,NA,NA,0.008547469
"CREB3L2","Lymphocyte","PTSD","Wald ratio",1,0.124,0.818,1.131,0.88,NA,NA,NA,0.013731452
"SLC2A4","Lymphocyte","PTSD","Inverse variance weighted",2,-0.06,0.398,0.942,0.88,NA,0.728861783,NA,0.007606566
"SH3GL3","Lymphocyte","PTSD","Wald ratio",1,0.003,0.02,1.003,0.88,NA,NA,NA,0.007951273
"MIR1208","Lymphocyte","PTSD","Wald ratio",1,-0.005,0.033,0.995,0.881,NA,NA,NA,0.013202806
"RSPO4","Lymphocyte","PTSD","Wald ratio",1,-0.011,0.075,0.989,0.881,NA,NA,NA,0.009325353
"CCDC33","Lymphocyte","PTSD","Wald ratio",1,0.005,0.033,1.005,0.882,NA,NA,NA,0.00740613
"SEMA7A","Lymphocyte","PTSD","Wald ratio",1,0.005,0.03,1.005,0.882,NA,NA,NA,0.00740613
"AUTS2","Lymphocyte","PTSD","MR Egger",3,0.004,0.024,1.005,0.882,0.298353746,0.58228523,0.995597965,0.01008113
"FAM38B","Lymphocyte","PTSD","MR Egger",3,0.009,0.047,1.009,0.882,0.191912366,0.292321699,0.625648091,0.024876384
"NDUFA10","Lymphocyte","PTSD","Wald ratio",1,0.114,0.772,1.121,0.883,NA,NA,NA,0.0111255
"KLF3","Lymphocyte","PTSD","Wald ratio",1,0.007,0.045,1.007,0.883,NA,NA,NA,0.00912673
"PLEKHF2","Lymphocyte","PTSD","Wald ratio",1,0.003,0.019,1.003,0.883,NA,NA,NA,0.008179195
"LDLRAD3","Lymphocyte","PTSD","Inverse variance weighted",3,-0.002,0.015,0.998,0.883,0.473844981,0.69022568,0.716138925,0.016759792
"SPAG16","Lymphocyte","PTSD","Wald ratio",1,0.003,0.02,1.003,0.883,NA,NA,NA,0.007799341
"RNF182","Lymphocyte","PTSD","Wald ratio",1,0.014,0.092,1.014,0.883,NA,NA,NA,0.007799341
"MBOAT1","Lymphocyte","PTSD","Inverse variance weighted",2,-0.004,0.03,0.996,0.883,NA,0.806168055,NA,0.014730816
"NUDT4","Lymphocyte","PTSD","Wald ratio",1,-0.033,0.224,0.968,0.883,NA,NA,NA,0.007502717
"FST","Lymphocyte","PTSD","Wald ratio",1,-0.002,0.017,0.998,0.884,NA,NA,NA,0.005202789
"SPATA20","Lymphocyte","PTSD","Wald ratio",1,-0.004,0.025,0.996,0.884,NA,NA,NA,0.009906339
"EPN3","Lymphocyte","PTSD","Wald ratio",1,-0.013,0.093,0.987,0.884,NA,NA,NA,0.00990634
"MESP2","Lymphocyte","PTSD","Wald ratio",1,-0.002,0.017,0.998,0.884,NA,NA,NA,0.007892854
"MESP1","Lymphocyte","PTSD","Wald ratio",1,-0.082,0.564,0.921,0.884,NA,NA,NA,0.007895794
"CIITA","Lymphocyte","PTSD","Wald ratio",1,-0.025,0.169,0.976,0.884,NA,NA,NA,0.008584369
"RAB19","Lymphocyte","PTSD","Wald ratio",1,0.004,0.029,1.004,0.885,NA,NA,NA,0.011315189
"AK3L1","Lymphocyte","PTSD","Wald ratio",1,-0.011,0.076,0.989,0.885,NA,NA,NA,0.014623362
"ENTPD3","Lymphocyte","PTSD","Wald ratio",1,-0.003,0.019,0.997,0.885,NA,NA,NA,0.007944015
"RPL14","Lymphocyte","PTSD","Wald ratio",1,-0.177,1.223,0.838,0.885,NA,NA,NA,0.007944015
"FMNL2","Lymphocyte","PTSD","Wald ratio",1,0.005,0.033,1.005,0.885,NA,NA,NA,0.008975745
"C8orf31","Lymphocyte","PTSD","Wald ratio",1,0.003,0.02,1.003,0.886,NA,NA,NA,0.007647607
"WDR17","Lymphocyte","PTSD","Wald ratio",1,0.01,0.071,1.01,0.886,NA,NA,NA,0.007647607
"TUBB8","Lymphocyte","PTSD","Wald ratio",1,-0.003,0.019,0.997,0.886,NA,NA,NA,0.008040607
"NRG3","Lymphocyte","PTSD","Wald ratio",1,0.002,0.015,1.002,0.887,NA,NA,NA,0.007398772
"CHI3L2","Lymphocyte","PTSD","Wald ratio",1,0.005,0.035,1.005,0.887,NA,NA,NA,0.01177554
"EFNA5","Lymphocyte","PTSD","Weighted mode",3,-0.005,0.03,0.995,0.888,0.065335931,0.029915374,0.489757151,0.00794467
"MRPL48","Lymphocyte","PTSD","Wald ratio",1,0.003,0.018,1.003,0.888,NA,NA,NA,0.007447292
"PLEKHB1","Lymphocyte","PTSD","Wald ratio",1,0.002,0.017,1.002,0.888,NA,NA,NA,0.007447292
"ALDH5A1","Lymphocyte","PTSD","Wald ratio",1,-0.014,0.097,0.986,0.888,NA,NA,NA,0.007447292
"ROR2","Lymphocyte","PTSD","Inverse variance weighted",2,-0.002,0.017,0.998,0.888,NA,0.25203764,NA,0.009843304
"KIF3C","Lymphocyte","PTSD","Wald ratio",1,0.008,0.056,1.008,0.888,NA,NA,NA,0.008872481
"KCNMA1","Lymphocyte","PTSD","Weighted mode",5,0.002,0.015,1.002,0.889,0.203333993,0.318213886,0.807128922,0.008477545
"SCARF2","Lymphocyte","PTSD","Wald ratio",1,0.003,0.021,1.003,0.889,NA,NA,NA,0.007840728
"IL21R","Lymphocyte","PTSD","Wald ratio",1,0.073,0.523,1.076,0.889,NA,NA,NA,0.007840532
"PROZ","Lymphocyte","PTSD","Wald ratio",1,0.003,0.02,1.003,0.889,NA,NA,NA,0.008961854
"CAMTA1","Lymphocyte","PTSD","Simple mode",3,-0.003,0.02,0.997,0.889,0.38478322,0.201962527,0.36228365,0.007552695
"PFKP","Lymphocyte","PTSD","Wald ratio",1,0.004,0.028,1.004,0.889,NA,NA,NA,0.007543986
"B3GAT2","Lymphocyte","PTSD","Wald ratio",1,0.004,0.026,1.004,0.89,NA,NA,NA,0.009746484
"JAKMIP3","Lymphocyte","PTSD","Wald ratio",1,-0.003,0.021,0.997,0.891,NA,NA,NA,0.009407419
"LOC619207","Lymphocyte","PTSD","Wald ratio",1,-0.003,0.025,0.997,0.891,NA,NA,NA,0.007678996
"SYCE1","Lymphocyte","PTSD","Wald ratio",1,-0.003,0.023,0.997,0.891,NA,NA,NA,0.010866641
"C6orf167","Lymphocyte","PTSD","Wald ratio",1,-0.064,0.467,0.938,0.891,NA,NA,NA,0.008375094
"MYBPC2","Lymphocyte","PTSD","Wald ratio",1,-0.023,0.169,0.977,0.892,NA,NA,NA,0.007688836
"CSGALNACT1","Lymphocyte","PTSD","Wald ratio",1,0.004,0.027,1.004,0.892,NA,NA,NA,0.008425994
"MYH11","Lymphocyte","PTSD","Inverse variance weighted",2,-0.002,0.015,0.998,0.892,NA,0.246158653,NA,0.011209997
"SPIRE1","Lymphocyte","PTSD","Wald ratio",1,-0.006,0.044,0.994,0.892,NA,NA,NA,0.012376588
"FAM115A","Lymphocyte","PTSD","Wald ratio",1,-0.018,0.131,0.983,0.893,NA,NA,NA,0.007440492
"C8orf40","Lymphocyte","PTSD","Wald ratio",1,0.002,0.016,1.002,0.893,NA,NA,NA,0.007440493
"RNPEP","Lymphocyte","PTSD","Wald ratio",1,-0.003,0.019,0.997,0.893,NA,NA,NA,0.008914031
"PDE11A","Lymphocyte","PTSD","Inverse variance weighted",2,0.003,0.026,1.003,0.893,NA,0.971011399,NA,0.008285175
"CACNA1G","Lymphocyte","PTSD","Wald ratio",1,-0.003,0.02,0.997,0.894,NA,NA,NA,0.00783381
"GTF3C6","Lymphocyte","PTSD","Wald ratio",1,-0.015,0.113,0.985,0.894,NA,NA,NA,0.010036143
"C5orf62","Lymphocyte","PTSD","Wald ratio",1,0.007,0.051,1.007,0.894,NA,NA,NA,0.016857245
"MYO1B","Lymphocyte","PTSD","Wald ratio",1,0.002,0.016,1.002,0.894,NA,NA,NA,0.007488758
"ADH5","Lymphocyte","PTSD","Wald ratio",1,-0.064,0.479,0.938,0.894,NA,NA,NA,0.007882287
"BTAF1","Lymphocyte","PTSD","Wald ratio",1,-0.003,0.021,0.997,0.895,NA,NA,NA,0.009449809
"SUGT1L1","Lymphocyte","PTSD","Wald ratio",1,-0.003,0.02,0.997,0.895,NA,NA,NA,0.007930598
"RTP1","Lymphocyte","PTSD","Wald ratio",1,0.002,0.017,1.002,0.895,NA,NA,NA,0.007585539
"A4GNT","Lymphocyte","PTSD","Wald ratio",1,-0.004,0.032,0.996,0.896,NA,NA,NA,0.007978748
"CTAGE5","Lymphocyte","PTSD","Wald ratio",1,0.005,0.036,1.005,0.896,NA,NA,NA,0.013550945
"C3orf15","Lymphocyte","PTSD","Wald ratio",1,-0.007,0.055,0.993,0.896,NA,NA,NA,0.010227331
"LDLRAD3","Lymphocyte","PTSD","Weighted median",3,-0.002,0.015,0.998,0.896,0.473844981,0.69022568,0.716138925,0.016759792
"HRNBP3","Lymphocyte","PTSD","Weighted median",3,-0.002,0.014,0.998,0.896,0.45837911,0.645420478,0.669784473,0.010707333
"CTNNA1","Lymphocyte","PTSD","Wald ratio",1,0.002,0.017,1.002,0.896,NA,NA,NA,0.00802705
"KCNMA1","Lymphocyte","PTSD","Weighted median",5,-0.001,0.011,0.999,0.897,0.203333993,0.318213886,0.807128922,0.008477545
"KANK4","Lymphocyte","PTSD","Wald ratio",1,-0.01,0.075,0.99,0.897,NA,NA,NA,0.007682302
"ZBTB38","Lymphocyte","PTSD","Wald ratio",1,0.005,0.042,1.005,0.897,NA,NA,NA,0.015537699
"CARD11","Lymphocyte","PTSD","Wald ratio",1,0.003,0.02,1.003,0.897,NA,NA,NA,0.007643855
"GALR1","Lymphocyte","PTSD","Wald ratio",1,-0.003,0.025,0.997,0.898,NA,NA,NA,0.007385226
"ACCN1","Lymphocyte","PTSD","MR Egger",3,-0.004,0.027,0.996,0.898,0.291038492,0.508385705,0.724341632,0.010432276
"MTERFD2","Lymphocyte","PTSD","Wald ratio",1,-0.003,0.021,0.997,0.898,NA,NA,NA,0.010077624
"PASK","Lymphocyte","PTSD","Wald ratio",1,-0.003,0.024,0.997,0.898,NA,NA,NA,0.010077625
"MAGI1","Lymphocyte","PTSD","Wald ratio",1,-0.003,0.024,0.997,0.898,NA,NA,NA,0.010853859
"SIGLEC14","Lymphocyte","PTSD","Wald ratio",1,0.078,0.613,1.081,0.898,NA,NA,NA,0.009736456
"THBS1","Lymphocyte","PTSD","Wald ratio",1,0.002,0.017,1.002,0.899,NA,NA,NA,0.007425898
"C18orf1","Lymphocyte","PTSD","Wald ratio",1,-0.002,0.017,0.998,0.899,NA,NA,NA,0.007433911
"CUL1","Lymphocyte","PTSD","Wald ratio",1,0.002,0.017,1.002,0.899,NA,NA,NA,0.007875894
"THSD7A","Lymphocyte","PTSD","Wald ratio",1,0.005,0.043,1.005,0.899,NA,NA,NA,0.007875894
"N4BP1","Lymphocyte","PTSD","Wald ratio",1,-0.002,0.016,0.998,0.899,NA,NA,NA,0.00787577
"LMO7","Lymphocyte","PTSD","Wald ratio",1,0.002,0.019,1.002,0.899,NA,NA,NA,0.009030546
"B3GNT7","Lymphocyte","PTSD","Wald ratio",1,-0.003,0.027,0.997,0.899,NA,NA,NA,0.008660481
"PDE4D","Lymphocyte","PTSD","MR Egger",3,-0.005,0.03,0.995,0.9,0.900377806,0.421957505,0.415617669,0.009332231
"LUZP2","Lymphocyte","PTSD","Inverse variance weighted",2,-0.002,0.015,0.998,0.901,NA,0.838030115,NA,0.010715905
"TTC39B","Lymphocyte","PTSD","Wald ratio",1,0.003,0.02,1.003,0.901,NA,NA,NA,0.008805176
"IGHMBP2","Lymphocyte","PTSD","Wald ratio",1,-0.095,0.767,0.909,0.901,NA,NA,NA,0.008020937
"MRGPRF","Lymphocyte","PTSD","Wald ratio",1,-0.007,0.06,0.993,0.901,NA,NA,NA,0.008020937
"SLN","Lymphocyte","PTSD","Wald ratio",1,0.002,0.018,1.002,0.902,NA,NA,NA,0.007436722
"ARSJ","Lymphocyte","PTSD","Wald ratio",1,0.018,0.144,1.018,0.902,NA,NA,NA,0.008509759
"PBX1","Lymphocyte","PTSD","Inverse variance weighted",2,0.002,0.016,1.002,0.902,NA,0.278977001,NA,0.00693818
"EFNA5","Lymphocyte","PTSD","Simple mode",3,-0.005,0.035,0.995,0.903,0.065335931,0.029915374,0.489757151,0.00794467
"FCRL3","Lymphocyte","PTSD","Wald ratio",1,-0.003,0.021,0.997,0.903,NA,NA,NA,0.007379347
"NUDT12","Lymphocyte","PTSD","Wald ratio",1,0.063,0.517,1.064,0.904,NA,NA,NA,0.010263143
"IL17RD","Lymphocyte","PTSD","Wald ratio",1,0.002,0.016,1.002,0.904,NA,NA,NA,0.007427837
"LOC154822","Lymphocyte","PTSD","Wald ratio",1,0.002,0.02,1.002,0.904,NA,NA,NA,0.007427837
"DNAH14","Lymphocyte","PTSD","Wald ratio",1,0.003,0.021,1.003,0.904,NA,NA,NA,0.009484459
"C3P1","Lymphocyte","PTSD","Wald ratio",1,0.004,0.036,1.004,0.904,NA,NA,NA,0.007869617
"CD160","Lymphocyte","PTSD","Wald ratio",1,0.026,0.221,1.027,0.905,NA,NA,NA,0.007476394
"NUDT17","Lymphocyte","PTSD","Wald ratio",1,0.041,0.341,1.042,0.905,NA,NA,NA,0.007476394
"JAM2","Lymphocyte","PTSD","Wald ratio",1,0.013,0.107,1.013,0.905,NA,NA,NA,0.010358791
"CXCL12","Lymphocyte","PTSD","Wald ratio",1,-0.005,0.04,0.995,0.905,NA,NA,NA,0.007917983
"ALG3","Lymphocyte","PTSD","Wald ratio",1,0.002,0.019,1.002,0.905,NA,NA,NA,0.008723953
"VWA5B2","Lymphocyte","PTSD","Wald ratio",1,0.041,0.345,1.042,0.905,NA,NA,NA,0.008751019
"FLG2","Lymphocyte","PTSD","Wald ratio",1,0.002,0.016,1.002,0.905,NA,NA,NA,0.007522585
"FLG","Lymphocyte","PTSD","Wald ratio",1,0.002,0.016,1.002,0.905,NA,NA,NA,0.007524873
"HRNR","Lymphocyte","PTSD","Wald ratio",1,0.002,0.016,1.002,0.905,NA,NA,NA,0.007524873
"GRPEL1","Lymphocyte","PTSD","Wald ratio",1,-0.03,0.257,0.97,0.906,NA,NA,NA,0.00967651
"ACOT11","Lymphocyte","PTSD","Wald ratio",1,0.005,0.039,1.005,0.906,NA,NA,NA,0.008014887
"C11orf46","Lymphocyte","PTSD","Wald ratio",1,0.009,0.074,1.009,0.906,NA,NA,NA,0.008847279
"PTPRN2","Lymphocyte","PTSD","MR Egger",8,-0.003,0.025,0.997,0.906,0.021806204,0.035235529,0.75992596,0.033254043
"LRP8","Lymphocyte","PTSD","Wald ratio",1,0.002,0.018,1.002,0.906,NA,NA,NA,0.007621742
"FAM49A","Lymphocyte","PTSD","Simple mode",3,0.003,0.022,1.003,0.907,0.553102318,0.704267211,0.660137971,0.008351203
"EFNA5","Lymphocyte","PTSD","Weighted median",3,-0.004,0.031,0.996,0.907,0.065335931,0.029915374,0.489757151,0.00794467
"PCSK6","Lymphocyte","PTSD","Weighted mode",3,0.006,0.048,1.006,0.907,0.861396591,0.848928811,0.682306144,0.008079515
"GRAMD1A","Lymphocyte","PTSD","Wald ratio",1,0.002,0.019,1.002,0.907,NA,NA,NA,0.008111632
"TREML2","Lymphocyte","PTSD","Wald ratio",1,0.005,0.046,1.005,0.908,NA,NA,NA,0.00771866
"MTSS1","Lymphocyte","PTSD","Wald ratio",1,0.002,0.017,1.002,0.908,NA,NA,NA,0.008160086
"FBXO27","Lymphocyte","PTSD","Wald ratio",1,0.009,0.081,1.009,0.908,NA,NA,NA,0.007325116
"FBXO17","Lymphocyte","PTSD","Wald ratio",1,0.003,0.028,1.003,0.908,NA,NA,NA,0.007325116
"C4BPB","Lymphocyte","PTSD","Wald ratio",1,0.003,0.025,1.003,0.908,NA,NA,NA,0.007325008
"MTMR10","Lymphocyte","PTSD","Wald ratio",1,-0.067,0.578,0.936,0.908,NA,NA,NA,0.00776718
"IGF1R","Lymphocyte","PTSD","Weighted median",3,-0.003,0.022,0.997,0.908,0.967633262,0.735729232,0.57734001,0.007555832
"EDEM1","Lymphocyte","PTSD","Wald ratio",1,0.044,0.384,1.045,0.908,NA,NA,NA,0.008208441
"ZNF44","Lymphocyte","PTSD","Wald ratio",1,-0.004,0.031,0.996,0.908,NA,NA,NA,0.009478604
"CD300E","Lymphocyte","PTSD","Wald ratio",1,0.018,0.153,1.018,0.909,NA,NA,NA,0.007373544
"KYNU","Lymphocyte","PTSD","Wald ratio",1,0.006,0.048,1.006,0.909,NA,NA,NA,0.00825679
"PTPRE","Lymphocyte","PTSD","Inverse variance weighted",2,-0.002,0.016,0.998,0.909,NA,0.661040085,NA,0.007503914
"OXR1","Lymphocyte","PTSD","Wald ratio",1,-0.003,0.028,0.997,0.909,NA,NA,NA,0.011271107
"TMEM158","Lymphocyte","PTSD","Wald ratio",1,0.005,0.04,1.005,0.909,NA,NA,NA,0.010836358
"AKAP13","Lymphocyte","PTSD","Wald ratio",1,0.002,0.016,1.002,0.909,NA,NA,NA,0.007422075
"ZNF579","Lymphocyte","PTSD","Wald ratio",1,0.004,0.031,1.004,0.91,NA,NA,NA,0.009184579
"SDK1","Lymphocyte","PTSD","Inverse variance weighted",3,0.005,0.044,1.005,0.91,0.000722222,0.000699324,0.694364852,0.009554293
"DRG2","Lymphocyte","PTSD","Wald ratio",1,-0.002,0.02,0.998,0.91,NA,NA,NA,0.007912424
"MYO15A","Lymphocyte","PTSD","Wald ratio",1,-0.002,0.017,0.998,0.91,NA,NA,NA,0.007912424
"SLIT1","Lymphocyte","PTSD","Wald ratio",1,-0.002,0.018,0.998,0.91,NA,NA,NA,0.007519222
"STRA6","Lymphocyte","PTSD","Wald ratio",1,0.003,0.027,1.003,0.91,NA,NA,NA,0.008401795
"COL4A2","Lymphocyte","PTSD","MR Egger",3,0.018,0.125,1.018,0.911,0.00817109,0.026474802,0.877054419,0.054873095
"FAM172A","Lymphocyte","PTSD","Wald ratio",1,0.003,0.025,1.003,0.911,NA,NA,NA,0.011074882
"SLCO3A1","Lymphocyte","PTSD","Weighted mode",3,0.002,0.017,1.002,0.912,0.672687339,0.911980594,0.951616443,0.010678732
"SIGLEC15","Lymphocyte","PTSD","Wald ratio",1,-0.005,0.042,0.995,0.912,NA,NA,NA,0.014642148
"ACBD7","Lymphocyte","PTSD","Inverse variance weighted",2,0.003,0.027,1.003,0.912,NA,0.334413817,NA,0.01823273
"VAT1L","Lymphocyte","PTSD","Wald ratio",1,-0.005,0.042,0.995,0.912,NA,NA,NA,0.012515731
"REN","Lymphocyte","PTSD","Wald ratio",1,-0.003,0.025,0.997,0.912,NA,NA,NA,0.010783208
"ERG","Lymphocyte","PTSD","Wald ratio",1,-0.002,0.02,0.998,0.913,NA,NA,NA,0.009034511
"SLC19A3","Lymphocyte","PTSD","Wald ratio",1,-0.002,0.018,0.998,0.913,NA,NA,NA,0.004134426
"WWC2","Lymphocyte","PTSD","Wald ratio",1,-0.002,0.02,0.998,0.913,NA,NA,NA,0.007713131
"GPR85","Lymphocyte","PTSD","Wald ratio",1,0.002,0.022,1.002,0.913,NA,NA,NA,0.007580838
"KSR1","Lymphocyte","PTSD","Wald ratio",1,0.002,0.021,1.002,0.913,NA,NA,NA,0.007761719
"COL4A4","Lymphocyte","PTSD","Wald ratio",1,-0.002,0.016,0.998,0.914,NA,NA,NA,0.00736766
"GFOD1","Lymphocyte","PTSD","Wald ratio",1,0.002,0.022,1.002,0.914,NA,NA,NA,0.007368159
"SLCO3A1","Lymphocyte","PTSD","Weighted median",3,-0.002,0.014,0.998,0.914,0.672687339,0.911980594,0.951616443,0.010678732
"SYNM","Lymphocyte","PTSD","Wald ratio",1,0.02,0.188,1.02,0.914,NA,NA,NA,0.007858672
"SLC25A13","Lymphocyte","PTSD","Wald ratio",1,-0.002,0.016,0.998,0.914,NA,NA,NA,0.007858573
"TNFSF15","Lymphocyte","PTSD","Wald ratio",1,-0.002,0.017,0.998,0.914,NA,NA,NA,0.007858573
"MTR","Lymphocyte","PTSD","Wald ratio",1,0.002,0.02,1.002,0.914,NA,NA,NA,0.009227226
"PCSK6","Lymphocyte","PTSD","Weighted median",3,0.005,0.045,1.005,0.915,0.861396591,0.848928811,0.682306144,0.008079515
"PEG3","Lymphocyte","PTSD","Wald ratio",1,0.002,0.017,1.002,0.915,NA,NA,NA,0.00701725
"KBTBD2","Lymphocyte","PTSD","Wald ratio",1,0.07,0.652,1.072,0.915,NA,NA,NA,0.00746456
"FUT10","Lymphocyte","PTSD","Wald ratio",1,0.003,0.033,1.003,0.916,NA,NA,NA,0.007513844
"C4orf22","Lymphocyte","PTSD","Wald ratio",1,0.003,0.026,1.003,0.916,NA,NA,NA,0.008004051
"CLYBL","Lymphocyte","PTSD","Wald ratio",1,0.002,0.016,1.002,0.916,NA,NA,NA,0.007119652
"ASCL2","Lymphocyte","PTSD","Wald ratio",1,0.009,0.086,1.009,0.916,NA,NA,NA,0.00941991
"SLCO3A1","Lymphocyte","PTSD","MR Egger",3,-0.005,0.039,0.995,0.917,0.672687339,0.911980594,0.951616443,0.010678732
"PLEKHH2","Lymphocyte","PTSD","Wald ratio",1,-0.002,0.021,0.998,0.917,NA,NA,NA,0.010390211
"SIGIRR","Lymphocyte","PTSD","Wald ratio",1,0.019,0.178,1.019,0.917,NA,NA,NA,0.007610935
"PDHB","Lymphocyte","PTSD","Wald ratio",1,0.007,0.069,1.007,0.917,NA,NA,NA,0.007610935
"ANO9","Lymphocyte","PTSD","Wald ratio",1,0.003,0.027,1.003,0.917,NA,NA,NA,0.007610935
"PKP3","Lymphocyte","PTSD","Wald ratio",1,0.002,0.018,1.002,0.917,NA,NA,NA,0.00750633
"SERPINF1","Lymphocyte","PTSD","Wald ratio",1,-0.002,0.018,0.998,0.917,NA,NA,NA,0.007610855
"WDR81","Lymphocyte","PTSD","Wald ratio",1,-0.059,0.567,0.943,0.917,NA,NA,NA,0.007610855
"SMYD4","Lymphocyte","PTSD","Wald ratio",1,-0.002,0.018,0.998,0.917,NA,NA,NA,0.007610855
"DENND2D","Lymphocyte","PTSD","Wald ratio",1,0.002,0.022,1.002,0.917,NA,NA,NA,0.008100838
"NPHP4","Lymphocyte","PTSD","Wald ratio",1,0.002,0.019,1.002,0.918,NA,NA,NA,0.009564155
"ZP3","Lymphocyte","PTSD","Wald ratio",1,0.002,0.02,1.002,0.918,NA,NA,NA,0.007586837
"POMZP3","Lymphocyte","PTSD","Wald ratio",1,0.004,0.041,1.004,0.918,NA,NA,NA,0.007756521
"RORB","Lymphocyte","PTSD","Inverse variance weighted",2,0.015,0.149,1.015,0.919,NA,0.210274209,NA,0.00980358
"TBX18","Lymphocyte","PTSD","Wald ratio",1,-0.003,0.031,0.997,0.919,NA,NA,NA,0.007805036
"PTGDR","Lymphocyte","PTSD","Wald ratio",1,0.01,0.103,1.01,0.919,NA,NA,NA,0.00736293
"C1QTNF3","Lymphocyte","PTSD","Wald ratio",1,0.002,0.016,1.002,0.919,NA,NA,NA,0.00736293
"FAM46A","Lymphocyte","PTSD","Wald ratio",1,-0.009,0.088,0.991,0.92,NA,NA,NA,0.015065613
"RINT1","Lymphocyte","PTSD","Wald ratio",1,0.003,0.03,1.003,0.92,NA,NA,NA,0.007460206
"HMGCS2","Lymphocyte","PTSD","Wald ratio",1,0.002,0.018,1.002,0.92,NA,NA,NA,0.007460145
"SGTA","Lymphocyte","PTSD","Wald ratio",1,0.002,0.02,1.002,0.92,NA,NA,NA,0.008927832
"ZNF642","Lymphocyte","PTSD","Wald ratio",1,-0.05,0.503,0.951,0.921,NA,NA,NA,0.009463058
"SYT1","Lymphocyte","PTSD","Wald ratio",1,0.084,0.847,1.088,0.921,NA,NA,NA,0.007999021
"MIR1252","Lymphocyte","PTSD","Wald ratio",1,0.002,0.021,1.002,0.921,NA,NA,NA,0.007998106
"EPB41L4B","Lymphocyte","PTSD","Wald ratio",1,-0.002,0.016,0.998,0.921,NA,NA,NA,0.007508797
"SNTB1","Lymphocyte","PTSD","Wald ratio",1,-0.002,0.015,0.998,0.921,NA,NA,NA,0.007508797
"TMEM45B","Lymphocyte","PTSD","Wald ratio",1,0.004,0.037,1.004,0.921,NA,NA,NA,0.007508736
"TACR1","Lymphocyte","PTSD","Inverse variance weighted",3,0.001,0.01,1.001,0.921,0.462107891,0.591506216,0.605379681,0.010843478
"DPYD","Lymphocyte","PTSD","Inverse variance weighted",2,0.002,0.018,1.002,0.921,NA,0.37406074,NA,0.009580018
"HECA","Lymphocyte","PTSD","Wald ratio",1,-0.003,0.03,0.997,0.921,NA,NA,NA,0.00999671
"KIAA1529","Lymphocyte","PTSD","Wald ratio",1,0.003,0.028,1.003,0.922,NA,NA,NA,0.012500762
"FLJ37453","Lymphocyte","PTSD","Wald ratio",1,-0.007,0.074,0.993,0.922,NA,NA,NA,0.012069269
"EPB41L2","Lymphocyte","PTSD","Wald ratio",1,0.002,0.022,1.002,0.922,NA,NA,NA,0.010092731
"CD1A","Lymphocyte","PTSD","Wald ratio",1,0.002,0.017,1.002,0.922,NA,NA,NA,0.007654466
"NTRK1","Lymphocyte","PTSD","Wald ratio",1,-0.003,0.027,0.997,0.923,NA,NA,NA,0.009169139
"PEAR1","Lymphocyte","PTSD","Wald ratio",1,-0.012,0.128,0.988,0.923,NA,NA,NA,0.009169139
"GCH1","Lymphocyte","PTSD","Wald ratio",1,-0.003,0.026,0.997,0.923,NA,NA,NA,0.010793845
"ZNF692","Lymphocyte","PTSD","Wald ratio",1,0.006,0.065,1.006,0.923,NA,NA,NA,0.01757709
"BRUNOL4","Lymphocyte","PTSD","Inverse variance weighted",2,-0.003,0.03,0.997,0.923,NA,0.490933896,NA,0.008196693
"ATP4A","Lymphocyte","PTSD","Wald ratio",1,-0.005,0.053,0.995,0.923,NA,NA,NA,0.010768296
"GAPDHS","Lymphocyte","PTSD","Wald ratio",1,-0.002,0.023,0.998,0.923,NA,NA,NA,0.010768296
"SBSN","Lymphocyte","PTSD","Wald ratio",1,-0.002,0.022,0.998,0.923,NA,NA,NA,0.010768296
"SDPR","Lymphocyte","PTSD","Wald ratio",1,0.006,0.065,1.006,0.924,NA,NA,NA,0.01081624
"BDH1","Lymphocyte","PTSD","Inverse variance weighted",2,-0.002,0.021,0.998,0.924,NA,0.211103795,NA,0.008018535
"MGMT","Lymphocyte","PTSD","Inverse variance weighted",2,0.002,0.022,1.002,0.924,NA,0.91410915,NA,0.008281605
"IBTK","Lymphocyte","PTSD","Wald ratio",1,-0.005,0.051,0.995,0.924,NA,NA,NA,0.008874805
"SLC14A1","Lymphocyte","PTSD","Inverse variance weighted",2,0.001,0.015,1.001,0.924,NA,0.873094921,NA,0.007676916
"NTN4","Lymphocyte","PTSD","Wald ratio",1,-0.002,0.023,0.998,0.925,NA,NA,NA,0.007280667
"R3HCC1","Lymphocyte","PTSD","Wald ratio",1,-0.004,0.042,0.996,0.925,NA,NA,NA,0.007358143
"C13orf18","Lymphocyte","PTSD","Wald ratio",1,0.009,0.097,1.009,0.925,NA,NA,NA,0.010476504
"GRIK4","Lymphocyte","PTSD","Inverse variance weighted",2,0.002,0.018,1.002,0.925,NA,0.25650784,NA,0.024810489
"DNAJC15","Lymphocyte","PTSD","Wald ratio",1,-0.001,0.015,0.999,0.925,NA,NA,NA,0.007406781
"UTP11L","Lymphocyte","PTSD","Wald ratio",1,0.006,0.069,1.006,0.925,NA,NA,NA,0.007406781
"ADAL","Lymphocyte","PTSD","Wald ratio",1,0.131,1.4,1.14,0.925,NA,NA,NA,0.011055244
"OR5D16","Lymphocyte","PTSD","Wald ratio",1,-0.002,0.023,0.998,0.926,NA,NA,NA,0.009019686
"OR4A16","Lymphocyte","PTSD","Wald ratio",1,-0.012,0.133,0.988,0.926,NA,NA,NA,0.009019686
"ALDH1A3","Lymphocyte","PTSD","Wald ratio",1,-0.002,0.023,0.998,0.926,NA,NA,NA,0.009600547
"GJA5","Lymphocyte","PTSD","Wald ratio",1,-0.004,0.04,0.996,0.926,NA,NA,NA,0.008580165
"C2CD2","Lymphocyte","PTSD","Wald ratio",1,0.003,0.029,1.003,0.926,NA,NA,NA,0.009650958
"ALCAM","Lymphocyte","PTSD","Wald ratio",1,0.058,0.642,1.06,0.928,NA,NA,NA,0.007649903
"PTPRZ1","Lymphocyte","PTSD","Wald ratio",1,-0.002,0.023,0.998,0.928,NA,NA,NA,0.010328182
"PPAPDC1A","Lymphocyte","PTSD","Wald ratio",1,0.005,0.053,1.005,0.928,NA,NA,NA,0.009309291
"CSRNP2","Lymphocyte","PTSD","Wald ratio",1,0.005,0.056,1.005,0.928,NA,NA,NA,0.009309209
"ELOVL4","Lymphocyte","PTSD","Wald ratio",1,0.079,0.879,1.083,0.928,NA,NA,NA,0.014627424
"ATXN10","Lymphocyte","PTSD","Wald ratio",1,0.023,0.253,1.023,0.929,NA,NA,NA,0.007795659
"ZDHHC22","Lymphocyte","PTSD","Wald ratio",1,-0.007,0.081,0.993,0.929,NA,NA,NA,0.007795617
"DOCK2","Lymphocyte","PTSD","Inverse variance weighted",2,0.001,0.013,1.001,0.93,NA,0.600011293,NA,0.01031711
"IPO11","Lymphocyte","PTSD","Wald ratio",1,0.003,0.035,1.003,0.93,NA,NA,NA,0.008430528
"PRSS35","Lymphocyte","PTSD","Wald ratio",1,-0.002,0.021,0.998,0.93,NA,NA,NA,0.010083732
"ADCY8","Lymphocyte","PTSD","Wald ratio",1,-0.003,0.033,0.997,0.93,NA,NA,NA,0.012815088
"C2orf77","Lymphocyte","PTSD","Wald ratio",1,0.002,0.021,1.002,0.93,NA,NA,NA,0.007892748
"CTTNBP2","Lymphocyte","PTSD","Wald ratio",1,0.002,0.023,1.002,0.93,NA,NA,NA,0.007402042
"PLA2G5","Lymphocyte","PTSD","Wald ratio",1,0.002,0.018,1.002,0.931,NA,NA,NA,0.00740233
"NCRNA00032","Lymphocyte","PTSD","Wald ratio",1,-0.002,0.018,0.998,0.931,NA,NA,NA,0.008458164
"DKFZp566F0947","Lymphocyte","PTSD","Wald ratio",1,0.002,0.021,1.002,0.931,NA,NA,NA,0.008527387
"CMBL","Lymphocyte","PTSD","Wald ratio",1,-0.014,0.161,0.986,0.931,NA,NA,NA,0.007989847
"HSPG2","Lymphocyte","PTSD","Wald ratio",1,-0.002,0.027,0.998,0.931,NA,NA,NA,0.008575804
"JAKMIP2","Lymphocyte","PTSD","Wald ratio",1,-0.002,0.019,0.998,0.931,NA,NA,NA,0.008624211
"TM4SF4","Lymphocyte","PTSD","Wald ratio",1,-0.001,0.017,0.999,0.931,NA,NA,NA,0.007499661
"AS3MT","Lymphocyte","PTSD","Wald ratio",1,-0.003,0.03,0.997,0.931,NA,NA,NA,0.007499661
"EPAS1","Lymphocyte","PTSD","Wald ratio",1,-0.003,0.033,0.997,0.931,NA,NA,NA,0.007499661
"ARHGAP23","Lymphocyte","PTSD","Wald ratio",1,-0.009,0.101,0.991,0.932,NA,NA,NA,0.007548306
"FLYWCH1","Lymphocyte","PTSD","Wald ratio",1,0.093,1.093,1.098,0.932,NA,NA,NA,0.008135433
"KRTAP10-6","Lymphocyte","PTSD","Wald ratio",1,-0.005,0.057,0.995,0.932,NA,NA,NA,0.016027944
"TTC23","Lymphocyte","PTSD","Wald ratio",1,0.009,0.108,1.009,0.933,NA,NA,NA,0.014005855
"P2RX6P","Lymphocyte","PTSD","Wald ratio",1,0.002,0.025,1.002,0.933,NA,NA,NA,0.008591334
"ADCY7","Lymphocyte","PTSD","Wald ratio",1,0.002,0.02,1.002,0.934,NA,NA,NA,0.008667034
"RNF219","Lymphocyte","PTSD","Wald ratio",1,-0.013,0.16,0.987,0.934,NA,NA,NA,0.008329468
"FAM164A","Lymphocyte","PTSD","Wald ratio",1,-0.009,0.106,0.991,0.934,NA,NA,NA,0.008329468
"HAL","Lymphocyte","PTSD","Wald ratio",1,-0.002,0.02,0.998,0.934,NA,NA,NA,0.008329468
"OR52R1","Lymphocyte","PTSD","Wald ratio",1,-0.001,0.017,0.999,0.934,NA,NA,NA,0.007742833
"CLEC7A","Lymphocyte","PTSD","Wald ratio",1,0.002,0.022,1.002,0.934,NA,NA,NA,0.009545883
"DOK7","Lymphocyte","PTSD","Wald ratio",1,-0.002,0.022,0.998,0.934,NA,NA,NA,0.007791416
"CYP2U1","Lymphocyte","PTSD","Wald ratio",1,0.004,0.049,1.004,0.934,NA,NA,NA,0.009011197
"KIRREL3","Lymphocyte","PTSD","Inverse variance weighted",2,0.002,0.026,1.002,0.934,NA,0.079286349,NA,0.019658942
"GAS7","Lymphocyte","PTSD","Inverse variance weighted",2,-0.002,0.024,0.998,0.934,NA,0.269089872,NA,0.014037161
"FAM49A","Lymphocyte","PTSD","Inverse variance weighted",3,-0.001,0.014,0.999,0.934,0.553102318,0.704267211,0.660137971,0.008351203
"RREB1","Lymphocyte","PTSD","Wald ratio",1,-0.003,0.033,0.997,0.935,NA,NA,NA,0.010803328
"DDX51","Lymphocyte","PTSD","Wald ratio",1,0.004,0.044,1.004,0.935,NA,NA,NA,0.010223825
"C3","Lymphocyte","PTSD","Wald ratio",1,-0.004,0.052,0.996,0.935,NA,NA,NA,0.011428728
"GRHL1","Lymphocyte","PTSD","Wald ratio",1,-0.012,0.149,0.988,0.935,NA,NA,NA,0.00734956
"PARP12","Lymphocyte","PTSD","Wald ratio",1,0.002,0.022,1.002,0.935,NA,NA,NA,0.009156143
"RNF180","Lymphocyte","PTSD","Wald ratio",1,0.003,0.04,1.003,0.935,NA,NA,NA,0.007349542
"MDGA1","Lymphocyte","PTSD","Wald ratio",1,0.002,0.025,1.002,0.935,NA,NA,NA,0.007349542
"SORCS2","Lymphocyte","PTSD","Inverse variance weighted",4,0.001,0.014,1.001,0.936,0.460296073,0.329024917,0.303415226,0.026896364
"GPR155","Lymphocyte","PTSD","Wald ratio",1,-0.015,0.189,0.985,0.936,NA,NA,NA,0.009787023
"SELP","Lymphocyte","PTSD","Wald ratio",1,-0.001,0.018,0.999,0.936,NA,NA,NA,0.007398258
"CD82","Lymphocyte","PTSD","Wald ratio",1,-0.003,0.034,0.997,0.936,NA,NA,NA,0.01046388
"HS3ST3B1","Lymphocyte","PTSD","Inverse variance weighted",2,0.004,0.05,1.004,0.936,NA,0.644215038,NA,0.008737395
"SRMS","Lymphocyte","PTSD","Wald ratio",1,-0.005,0.06,0.995,0.936,NA,NA,NA,0.015226408
"IQGAP2","Lymphocyte","PTSD","Inverse variance weighted",2,0.003,0.034,1.003,0.937,NA,0.031099129,NA,0.021664497
"KIF6","Lymphocyte","PTSD","Inverse variance weighted",2,0.004,0.045,1.004,0.937,NA,0.060442067,NA,0.0074759
"STOML1","Lymphocyte","PTSD","Wald ratio",1,0.004,0.056,1.004,0.937,NA,NA,NA,0.007495612
"PML","Lymphocyte","PTSD","Wald ratio",1,0.001,0.016,1.001,0.937,NA,NA,NA,0.007495611
"VNN2","Lymphocyte","PTSD","Wald ratio",1,0.029,0.367,1.029,0.937,NA,NA,NA,0.008179956
"MIR301B","Lymphocyte","PTSD","Wald ratio",1,0.003,0.036,1.003,0.937,NA,NA,NA,0.010075743
"MIR130B","Lymphocyte","PTSD","Wald ratio",1,0.073,0.927,1.075,0.937,NA,NA,NA,0.010075737
"MACROD2","Lymphocyte","PTSD","Wald ratio",1,0.001,0.017,1.001,0.937,NA,NA,NA,0.007592968
"MYL9","Lymphocyte","PTSD","Wald ratio",1,-0.002,0.032,0.998,0.938,NA,NA,NA,0.011218956
"CCL2","Lymphocyte","PTSD","Wald ratio",1,0.002,0.023,1.002,0.938,NA,NA,NA,0.008958958
"SFTA2","Lymphocyte","PTSD","Wald ratio",1,-0.003,0.038,0.997,0.939,NA,NA,NA,0.013429512
"GRAMD2","Lymphocyte","PTSD","Wald ratio",1,0.003,0.044,1.003,0.939,NA,NA,NA,0.01398301
"CELSR1","Lymphocyte","PTSD","Inverse variance weighted",2,-0.001,0.017,0.999,0.939,NA,0.164154036,NA,0.013886487
"TSKU","Lymphocyte","PTSD","Wald ratio",1,-0.003,0.033,0.998,0.939,NA,NA,NA,0.009735
"SSU72","Lymphocyte","PTSD","Wald ratio",1,0.001,0.019,1.001,0.939,NA,NA,NA,0.008470991
"ATAD3A","Lymphocyte","PTSD","Wald ratio",1,0.002,0.021,1.002,0.939,NA,NA,NA,0.008470958
"VWA1","Lymphocyte","PTSD","Wald ratio",1,0.002,0.023,1.002,0.939,NA,NA,NA,0.008470991
"C1orf70","Lymphocyte","PTSD","Wald ratio",1,0.005,0.07,1.005,0.939,NA,NA,NA,0.008470991
"TMEM88B","Lymphocyte","PTSD","Wald ratio",1,0.002,0.022,1.002,0.939,NA,NA,NA,0.008252624
"SHANK2","Lymphocyte","PTSD","Weighted mode",4,-0.001,0.017,0.999,0.94,0.096559974,0.196487694,0.957635718,0.011456673
"ZNF367","Lymphocyte","PTSD","Wald ratio",1,0.002,0.028,1.002,0.94,NA,NA,NA,0.01103884
"SAMD4A","Lymphocyte","PTSD","Wald ratio",1,0.041,0.535,1.041,0.94,NA,NA,NA,0.009783053
"ERGIC1","Lymphocyte","PTSD","Inverse variance weighted",2,0.001,0.017,1.001,0.94,NA,0.965489823,NA,0.007429335
"KLK7","Lymphocyte","PTSD","Wald ratio",1,-0.008,0.109,0.992,0.94,NA,NA,NA,0.014939229
"BTBD3","Lymphocyte","PTSD","Wald ratio",1,-0.003,0.037,0.997,0.94,NA,NA,NA,0.008567831
"BRDT","Lymphocyte","PTSD","Wald ratio",1,-0.003,0.045,0.997,0.94,NA,NA,NA,0.014939148
"TET3","Lymphocyte","PTSD","Wald ratio",1,-0.002,0.023,0.998,0.94,NA,NA,NA,0.007933387
"CDC25B","Lymphocyte","PTSD","Wald ratio",1,0.002,0.033,1.002,0.941,NA,NA,NA,0.00734574
"SPEF1","Lymphocyte","PTSD","Wald ratio",1,0.006,0.081,1.006,0.941,NA,NA,NA,0.007344222
"SLC24A4","Lymphocyte","PTSD","Wald ratio",1,-0.007,0.09,0.993,0.941,NA,NA,NA,0.012570764
"TCF7L2","Lymphocyte","PTSD","Inverse variance weighted",2,0.003,0.035,1.003,0.941,NA,0.066995169,NA,0.009558203
"TMEM51","Lymphocyte","PTSD","MR Egger",3,-0.005,0.056,0.995,0.941,0.854293781,0.963875734,0.874546745,0.007854193
"NAV2","Lymphocyte","PTSD","Simple mode",3,-0.001,0.014,0.999,0.941,0.867886873,0.123261293,0.290226328,0.086384525
"HEATR3","Lymphocyte","PTSD","Wald ratio",1,0.002,0.023,1.002,0.941,NA,NA,NA,0.008079134
"ZFP41","Lymphocyte","PTSD","Wald ratio",1,0.002,0.032,1.002,0.942,NA,NA,NA,0.007443188
"GIMAP4","Lymphocyte","PTSD","Wald ratio",1,0.003,0.038,1.003,0.942,NA,NA,NA,0.007443188
"GLI4","Lymphocyte","PTSD","Wald ratio",1,0.001,0.017,1.001,0.942,NA,NA,NA,0.007443188
"LRRC8C","Lymphocyte","PTSD","Wald ratio",1,0.009,0.119,1.009,0.942,NA,NA,NA,0.007443181
"SLIT3","Lymphocyte","PTSD","MR Egger",4,0.011,0.136,1.011,0.942,0.105114249,0.211773255,0.990718512,0.045458281
"ZDHHC19","Lymphocyte","PTSD","Wald ratio",1,0.003,0.036,1.003,0.942,NA,NA,NA,0.008175353
"ZNF57","Lymphocyte","PTSD","Wald ratio",1,-0.03,0.428,0.97,0.944,NA,NA,NA,0.011178912
"UPK1B","Lymphocyte","PTSD","Wald ratio",1,-0.002,0.022,0.998,0.944,NA,NA,NA,0.008467434
"PCGF5","Lymphocyte","PTSD","Wald ratio",1,-0.008,0.116,0.992,0.944,NA,NA,NA,0.015963539
"GRB10","Lymphocyte","PTSD","Inverse variance weighted",2,0.001,0.015,1.001,0.944,NA,0.831021281,NA,0.007373651
"H6PD","Lymphocyte","PTSD","Wald ratio",1,-0.002,0.03,0.998,0.944,NA,NA,NA,0.008515929
"CUEDC2","Lymphocyte","PTSD","Wald ratio",1,-0.002,0.022,0.998,0.945,NA,NA,NA,0.010744464
"FHL2","Lymphocyte","PTSD","Inverse variance weighted",2,0.002,0.029,1.002,0.945,NA,0.27640925,NA,0.013828418
"MYH3","Lymphocyte","PTSD","Wald ratio",1,0.001,0.019,1.001,0.945,NA,NA,NA,0.008661357
"ARGLU1","Lymphocyte","PTSD","Wald ratio",1,-0.002,0.026,0.998,0.946,NA,NA,NA,0.007978491
"PTPRO","Lymphocyte","PTSD","Wald ratio",1,-0.001,0.019,0.999,0.946,NA,NA,NA,0.007978472
"SYN2","Lymphocyte","PTSD","Wald ratio",1,0.002,0.034,1.002,0.946,NA,NA,NA,0.010116707
"GFRA1","Lymphocyte","PTSD","Wald ratio",1,-0.001,0.016,0.999,0.946,NA,NA,NA,0.007293513
"CALML6","Lymphocyte","PTSD","Wald ratio",1,0.001,0.016,1.001,0.946,NA,NA,NA,0.007293492
"SLC35E2","Lymphocyte","PTSD","Wald ratio",1,0.001,0.015,1.001,0.946,NA,NA,NA,0.007293513
"KIAA1751","Lymphocyte","PTSD","Wald ratio",1,0.001,0.015,1.001,0.946,NA,NA,NA,0.006927701
"CDK11B","Lymphocyte","PTSD","Wald ratio",1,0.001,0.021,1.001,0.946,NA,NA,NA,0.007292831
"NADK","Lymphocyte","PTSD","Wald ratio",1,0.001,0.017,1.001,0.946,NA,NA,NA,0.007293513
"ST6GALNAC3","Lymphocyte","PTSD","MR Egger",3,-0.004,0.043,0.996,0.946,0.499767289,0.77069711,0.840506535,0.014620559
"RNF150","Lymphocyte","PTSD","Wald ratio",1,0.013,0.195,1.013,0.946,NA,NA,NA,0.007342303
"TBC1D9","Lymphocyte","PTSD","Wald ratio",1,0.002,0.026,1.002,0.946,NA,NA,NA,0.00733922
"SSPN","Lymphocyte","PTSD","Wald ratio",1,0.002,0.032,1.002,0.947,NA,NA,NA,0.008172875
"ATP6V0A2","Lymphocyte","PTSD","Wald ratio",1,-0.001,0.016,0.999,0.947,NA,NA,NA,0.007439759
"GTF2H3","Lymphocyte","PTSD","Wald ratio",1,-0.001,0.015,0.999,0.947,NA,NA,NA,0.007415239
"ELMO1","Lymphocyte","PTSD","Inverse variance weighted",2,0.003,0.039,1.003,0.947,NA,0.014578034,NA,0.02240228
"ACCS","Lymphocyte","PTSD","Wald ratio",1,-0.018,0.278,0.982,0.948,NA,NA,NA,0.007585925
"C6orf145","Lymphocyte","PTSD","Wald ratio",1,0.004,0.057,1.004,0.948,NA,NA,NA,0.00763463
"NRXN3","Lymphocyte","PTSD","Wald ratio",1,-0.001,0.02,0.999,0.948,NA,NA,NA,0.007236349
"TIMD4","Lymphocyte","PTSD","Wald ratio",1,0.003,0.049,1.003,0.949,NA,NA,NA,0.007732011
"PTPN7","Lymphocyte","PTSD","Wald ratio",1,0.051,0.803,1.053,0.949,NA,NA,NA,0.015256219
"LRP6","Lymphocyte","PTSD","Wald ratio",1,0.004,0.057,1.004,0.949,NA,NA,NA,0.009290529
"NAV2","Lymphocyte","PTSD","Weighted mode",3,0.001,0.013,1.001,0.949,0.867886873,0.123261293,0.290226328,0.086384525
"BARD1","Lymphocyte","PTSD","Wald ratio",1,-0.003,0.045,0.997,0.949,NA,NA,NA,0.013890983
"KCNMA1","Lymphocyte","PTSD","Simple mode",5,0.001,0.016,1.001,0.95,0.203333993,0.318213886,0.807128922,0.008477545
"FAM83F","Lymphocyte","PTSD","Wald ratio",1,-0.002,0.037,0.998,0.95,NA,NA,NA,0.007975334
"UGT3A1","Lymphocyte","PTSD","Wald ratio",1,-0.003,0.042,0.997,0.951,NA,NA,NA,0.010354069
"GTF2A1","Lymphocyte","PTSD","Wald ratio",1,-0.001,0.017,0.999,0.951,NA,NA,NA,0.007290376
"ALOX15B","Lymphocyte","PTSD","Wald ratio",1,0.001,0.02,1.001,0.951,NA,NA,NA,0.007290352
"EGLN3","Lymphocyte","PTSD","Wald ratio",1,0.001,0.019,1.001,0.951,NA,NA,NA,0.007339156
"DNMT3A","Lymphocyte","PTSD","Wald ratio",1,-0.001,0.016,0.999,0.952,NA,NA,NA,0.007339132
"BSX","Lymphocyte","PTSD","Wald ratio",1,0.002,0.039,1.002,0.952,NA,NA,NA,0.007387926
"LOX","Lymphocyte","PTSD","Wald ratio",1,0.001,0.017,1.001,0.952,NA,NA,NA,0.007387926
"MYOM2","Lymphocyte","PTSD","Inverse variance weighted",2,-0.001,0.02,0.999,0.952,NA,0.424410088,NA,0.008831073
"KLHL26","Lymphocyte","PTSD","Wald ratio",1,0.002,0.04,1.002,0.952,NA,NA,NA,0.01303521
"TMEM132D","Lymphocyte","PTSD","MR Egger",3,-0.011,0.145,0.989,0.952,0.155508289,0.354260912,0.893006039,0.028499784
"PCSK6","Lymphocyte","PTSD","Inverse variance weighted",3,0.003,0.043,1.003,0.952,0.861396591,0.848928811,0.682306144,0.008079515
"FAM49A","Lymphocyte","PTSD","Weighted median",3,0.001,0.015,1.001,0.952,0.553102318,0.704267211,0.660137971,0.008351203
"SLC36A3","Lymphocyte","PTSD","Wald ratio",1,-0.001,0.024,0.999,0.953,NA,NA,NA,0.007534159
"RWDD3","Lymphocyte","PTSD","Wald ratio",1,-0.001,0.025,0.999,0.953,NA,NA,NA,0.010834235
"LOC401052","Lymphocyte","PTSD","Wald ratio",1,0.001,0.021,1.001,0.953,NA,NA,NA,0.008412632
"KIF12","Lymphocyte","PTSD","Inverse variance weighted",2,0.002,0.028,1.002,0.953,NA,0.04310837,NA,0.037942681
"CCND1","Lymphocyte","PTSD","Wald ratio",1,0.002,0.03,1.002,0.954,NA,NA,NA,0.007729062
"ANGPT2","Lymphocyte","PTSD","Weighted mode",3,-0.001,0.017,0.999,0.954,0.686345212,0.739984815,0.627414211,0.008185062
"NR5A2","Lymphocyte","PTSD","Wald ratio",1,0.002,0.029,1.002,0.954,NA,NA,NA,0.010254979
"EBF3","Lymphocyte","PTSD","Inverse variance weighted",2,-0.001,0.019,0.999,0.954,NA,0.66125374,NA,0.008185138
"ARHGAP26","Lymphocyte","PTSD","Inverse variance weighted",2,0.001,0.016,1.001,0.955,NA,0.777685817,NA,0.008214588
"A4GALT","Lymphocyte","PTSD","Inverse variance weighted",2,0.005,0.093,1.005,0.955,NA,0.53482388,NA,0.007581104
"IGF1R","Lymphocyte","PTSD","Weighted mode",3,-0.002,0.024,0.998,0.955,0.967633262,0.735729232,0.57734001,0.007555832
"C14orf181","Lymphocyte","PTSD","Wald ratio",1,-0.001,0.026,0.999,0.956,NA,NA,NA,0.008118345
"ZBTB17","Lymphocyte","PTSD","Wald ratio",1,-0.003,0.05,0.997,0.956,NA,NA,NA,0.012555462
"PCDH7","Lymphocyte","PTSD","Wald ratio",1,-0.004,0.08,0.996,0.957,NA,NA,NA,0.007287542
"C7orf31","Lymphocyte","PTSD","Wald ratio",1,0.001,0.024,1.001,0.957,NA,NA,NA,0.007287525
"C18orf34","Lymphocyte","PTSD","Wald ratio",1,-0.001,0.023,0.999,0.957,NA,NA,NA,0.009091313
"FLJ37201","Lymphocyte","PTSD","Wald ratio",1,0.001,0.017,1.001,0.957,NA,NA,NA,0.008215596
"GPC5","Lymphocyte","PTSD","Wald ratio",1,-0.003,0.054,0.997,0.957,NA,NA,NA,0.009139713
"FIGLA","Lymphocyte","PTSD","Wald ratio",1,-0.003,0.051,0.997,0.957,NA,NA,NA,0.009188102
"HPGD","Lymphocyte","PTSD","Wald ratio",1,0.005,0.087,1.005,0.957,NA,NA,NA,0.007385131
"HTATIP2","Lymphocyte","PTSD","Wald ratio",1,-0.001,0.027,0.999,0.957,NA,NA,NA,0.007385131
"TMEM41B","Lymphocyte","PTSD","Wald ratio",1,-0.005,0.1,0.995,0.957,NA,NA,NA,0.013741345
"ARHGEF7","Lymphocyte","PTSD","Wald ratio",1,-0.001,0.021,0.999,0.957,NA,NA,NA,0.007433894
"SLC9A9","Lymphocyte","PTSD","Wald ratio",1,0.001,0.02,1.001,0.958,NA,NA,NA,0.007482666
"CYB5A","Lymphocyte","PTSD","Wald ratio",1,-0.004,0.079,0.996,0.958,NA,NA,NA,0.010300441
"UNC13D","Lymphocyte","PTSD","Wald ratio",1,-0.001,0.024,0.999,0.959,NA,NA,NA,0.007775111
"MAG","Lymphocyte","PTSD","Inverse variance weighted",2,-0.001,0.016,0.999,0.96,NA,0.948228343,NA,0.010655732
"TRIOBP","Lymphocyte","PTSD","Wald ratio",1,0.003,0.056,1.003,0.96,NA,NA,NA,0.00787251
"ZBTB16","Lymphocyte","PTSD","Wald ratio",1,-0.002,0.033,0.998,0.96,NA,NA,NA,0.009778189
"TMEM92","Lymphocyte","PTSD","Wald ratio",1,0.009,0.185,1.009,0.961,NA,NA,NA,0.008067163
"COL1A2","Lymphocyte","PTSD","Wald ratio",1,-0.001,0.026,0.999,0.961,NA,NA,NA,0.00908883
"SLC9A10","Lymphocyte","PTSD","Wald ratio",1,0.001,0.029,1.001,0.961,NA,NA,NA,0.011533176
"TF","Lymphocyte","PTSD","Wald ratio",1,0.002,0.049,1.002,0.962,NA,NA,NA,0.007333859
"GPRC5C","Lymphocyte","PTSD","Wald ratio",1,0.002,0.049,1.002,0.962,NA,NA,NA,0.012455534
"CASZ1","Lymphocyte","PTSD","Wald ratio",1,-0.001,0.016,0.999,0.963,NA,NA,NA,0.007431461
"C4orf37","Lymphocyte","PTSD","Wald ratio",1,0.012,0.254,1.012,0.963,NA,NA,NA,0.007431463
"DSTYK","Lymphocyte","PTSD","Wald ratio",1,-0.022,0.469,0.978,0.963,NA,NA,NA,0.007431452
"GRLF1","Lymphocyte","PTSD","Wald ratio",1,0.002,0.053,1.002,0.963,NA,NA,NA,0.007480251
"MAFF","Lymphocyte","PTSD","Wald ratio",1,0.001,0.016,1.001,0.963,NA,NA,NA,0.00748024
"STATH","Lymphocyte","PTSD","Wald ratio",1,0.001,0.028,1.001,0.964,NA,NA,NA,0.008198258
"ELOVL6","Lymphocyte","PTSD","Wald ratio",1,-0.018,0.408,0.982,0.964,NA,NA,NA,0.007675281
"RNASE11","Lymphocyte","PTSD","Wald ratio",1,-0.001,0.025,0.999,0.965,NA,NA,NA,0.007821495
"KIAA0226","Lymphocyte","PTSD","Wald ratio",1,0.001,0.027,1.001,0.965,NA,NA,NA,0.012215421
"MGC23270","Lymphocyte","PTSD","Wald ratio",1,0.001,0.029,1.001,0.965,NA,NA,NA,0.010103197
"PIM1","Lymphocyte","PTSD","Wald ratio",1,0.025,0.579,1.025,0.966,NA,NA,NA,0.008013896
"IL10RB","Lymphocyte","PTSD","Inverse variance weighted",2,0.001,0.024,1.001,0.966,NA,0.835962503,NA,0.008348003
"SEC62","Lymphocyte","PTSD","Wald ratio",1,0.001,0.019,1.001,0.966,NA,NA,NA,0.009231831
"MXRA8","Lymphocyte","PTSD","Wald ratio",1,-0.004,0.096,0.996,0.966,NA,NA,NA,0.015986425
"TTLL10","Lymphocyte","PTSD","Wald ratio",1,-0.002,0.043,0.998,0.966,NA,NA,NA,0.015983822
"TNFRSF18","Lymphocyte","PTSD","Wald ratio",1,-0.012,0.276,0.988,0.966,NA,NA,NA,0.015986425
"DVL1","Lymphocyte","PTSD","Wald ratio",1,-0.001,0.034,0.999,0.966,NA,NA,NA,0.015972365
"SCNN1D","Lymphocyte","PTSD","Wald ratio",1,-0.001,0.034,0.999,0.966,NA,NA,NA,0.015986424
"LOC441869","Lymphocyte","PTSD","Wald ratio",1,-0.002,0.038,0.998,0.966,NA,NA,NA,0.015986405
"PUSL1","Lymphocyte","PTSD","Wald ratio",1,-0.001,0.035,0.999,0.966,NA,NA,NA,0.015983048
"LOC100128842","Lymphocyte","PTSD","Wald ratio",1,-0.002,0.047,0.998,0.966,NA,NA,NA,0.015978064
"UBE2J2","Lymphocyte","PTSD","Wald ratio",1,-0.001,0.034,0.999,0.966,NA,NA,NA,0.015985276
"INPP5A","Lymphocyte","PTSD","Wald ratio",1,0.004,0.095,1.004,0.966,NA,NA,NA,0.008162243
"FAM49A","Lymphocyte","PTSD","Weighted mode",3,0.001,0.015,1.001,0.966,0.553102318,0.704267211,0.660137971,0.008351203
"ESRRB","Lymphocyte","PTSD","Wald ratio",1,-0.001,0.021,0.999,0.967,NA,NA,NA,0.008308141
"MCTP2","Lymphocyte","PTSD","Wald ratio",1,0.003,0.07,1.003,0.967,NA,NA,NA,0.011975083
"SCN9A","Lymphocyte","PTSD","Wald ratio",1,0.001,0.015,1.001,0.967,NA,NA,NA,0.006918151
"PRMT2","Lymphocyte","PTSD","Wald ratio",1,-0.001,0.016,0.999,0.968,NA,NA,NA,0.005728063
"NCOA7","Lymphocyte","PTSD","Wald ratio",1,0.001,0.018,1.001,0.968,NA,NA,NA,0.007331701
"DMXL2","Lymphocyte","PTSD","Wald ratio",1,-0.001,0.017,0.999,0.968,NA,NA,NA,0.007331701
"NIPSNAP3A","Lymphocyte","PTSD","Wald ratio",1,-0.065,1.606,0.937,0.968,NA,NA,NA,0.0133546
"SLC31A2","Lymphocyte","PTSD","Wald ratio",1,-0.001,0.016,0.999,0.968,NA,NA,NA,0.007478138
"GDEP","Lymphocyte","PTSD","Wald ratio",1,-0.001,0.025,0.999,0.969,NA,NA,NA,0.010004768
"RUFY1","Lymphocyte","PTSD","Wald ratio",1,-0.004,0.113,0.996,0.969,NA,NA,NA,0.007575713
"SLCO3A1","Lymphocyte","PTSD","Simple mode",3,-0.001,0.019,0.999,0.969,0.672687339,0.911980594,0.951616443,0.010678732
"CLEC16A","Lymphocyte","PTSD","Wald ratio",1,0.001,0.018,1.001,0.97,NA,NA,NA,0.007770746
"RABL4","Lymphocyte","PTSD","Wald ratio",1,-0.001,0.02,0.999,0.97,NA,NA,NA,0.009084596
"VSIG8","Lymphocyte","PTSD","Wald ratio",1,-0.002,0.051,0.998,0.97,NA,NA,NA,0.007819479
"CORIN","Lymphocyte","PTSD","Wald ratio",1,0.002,0.063,1.002,0.97,NA,NA,NA,0.009133043
"H2AFY2","Lymphocyte","PTSD","Wald ratio",1,0.001,0.021,1.001,0.97,NA,NA,NA,0.009133034
"GSG1L","Lymphocyte","PTSD","Wald ratio",1,-0.001,0.022,0.999,0.97,NA,NA,NA,0.007868202
"PARD3","Lymphocyte","PTSD","Inverse variance weighted",2,-0.001,0.018,0.999,0.97,NA,0.563262191,NA,0.012796562
"OSBPL6","Lymphocyte","PTSD","Wald ratio",1,-0.001,0.023,0.999,0.97,NA,NA,NA,0.009324229
"EDARADD","Lymphocyte","PTSD","Wald ratio",1,0.001,0.03,1.001,0.97,NA,NA,NA,0.00801431
"CRTC1","Lymphocyte","PTSD","Wald ratio",1,0.001,0.023,1.001,0.971,NA,NA,NA,0.008800678
"ADARB2","Lymphocyte","PTSD","MR Egger",4,0.001,0.035,1.001,0.971,0.679660355,0.849807483,0.8861751,0.011148558
"EIF2AK4","Lymphocyte","PTSD","Wald ratio",1,-0.001,0.02,0.999,0.972,NA,NA,NA,0.007744169
"OR6M1","Lymphocyte","PTSD","Wald ratio",1,-0.001,0.024,0.999,0.973,NA,NA,NA,0.008694918
"ST6GALNAC3","Lymphocyte","PTSD","Weighted mode",3,0.001,0.019,1.001,0.973,0.499767289,0.77069711,0.840506535,0.014620559
"CHD1L","Lymphocyte","PTSD","Wald ratio",1,0.002,0.067,1.002,0.973,NA,NA,NA,0.007329885
"PRKAB2","Lymphocyte","PTSD","Wald ratio",1,0.006,0.192,1.007,0.973,NA,NA,NA,0.007329885
"PDIA3P","Lymphocyte","PTSD","Wald ratio",1,0.001,0.025,1.001,0.973,NA,NA,NA,0.007329885
"C11orf30","Lymphocyte","PTSD","Wald ratio",1,0.001,0.016,1.001,0.973,NA,NA,NA,0.007372578
"TMEM178","Lymphocyte","PTSD","Wald ratio",1,-0.003,0.087,0.997,0.973,NA,NA,NA,0.007378724
"HLA-DOA","Lymphocyte","PTSD","Wald ratio",1,-0.001,0.024,0.999,0.973,NA,NA,NA,0.007378724
"WFDC2","Lymphocyte","PTSD","Wald ratio",1,0.006,0.17,1.006,0.973,NA,NA,NA,0.015934107
"HTRA1","Lymphocyte","PTSD","Wald ratio",1,0.004,0.105,1.004,0.973,NA,NA,NA,0.00884047
"ARMS2","Lymphocyte","PTSD","Wald ratio",1,0.001,0.018,1.001,0.973,NA,NA,NA,0.008840483
"UTP20","Lymphocyte","PTSD","Wald ratio",1,-0.001,0.017,0.999,0.973,NA,NA,NA,0.007427544
"RFX2","Lymphocyte","PTSD","Wald ratio",1,0.003,0.088,1.003,0.974,NA,NA,NA,0.013303819
"SRGAP1","Lymphocyte","PTSD","Wald ratio",1,-0.001,0.018,0.999,0.974,NA,NA,NA,0.007573963
"SLC39A11","Lymphocyte","PTSD","Wald ratio",1,0.001,0.017,1.001,0.974,NA,NA,NA,0.007573959
"CAPN1","Lymphocyte","PTSD","Wald ratio",1,-0.002,0.07,0.998,0.974,NA,NA,NA,0.007671518
"SLC22A20","Lymphocyte","PTSD","Wald ratio",1,-0.002,0.05,0.998,0.974,NA,NA,NA,0.007671518
"CC2D2A","Lymphocyte","PTSD","Wald ratio",1,-0.003,0.083,0.997,0.974,NA,NA,NA,0.007720287
"KDM3B","Lymphocyte","PTSD","Wald ratio",1,-0.002,0.076,0.998,0.974,NA,NA,NA,0.007720287
"IRF1","Lymphocyte","PTSD","Wald ratio",1,0.001,0.029,1.001,0.975,NA,NA,NA,0.007769037
"TARBP1","Lymphocyte","PTSD","Inverse variance weighted",2,-0.001,0.019,0.999,0.975,NA,0.195272544,NA,0.015810184
"KIAA1009","Lymphocyte","PTSD","Wald ratio",1,0.001,0.022,1.001,0.975,NA,NA,NA,0.007863235
"THY1","Lymphocyte","PTSD","Wald ratio",1,0.003,0.088,1.003,0.976,NA,NA,NA,0.008207368
"SHANK2","Lymphocyte","PTSD","Weighted median",4,0,0.014,1,0.976,0.096559974,0.196487694,0.957635718,0.011456673
"ITIH5","Lymphocyte","PTSD","Inverse variance weighted",2,-0.001,0.018,0.999,0.976,NA,0.392544708,NA,0.008927685
"BMPR1A","Lymphocyte","PTSD","Wald ratio",1,0.002,0.054,1.002,0.976,NA,NA,NA,0.008353289
"DDX1","Lymphocyte","PTSD","Wald ratio",1,-0.001,0.021,0.999,0.977,NA,NA,NA,0.01009719
"GUCY1B2","Lymphocyte","PTSD","Wald ratio",1,0.001,0.037,1.001,0.977,NA,NA,NA,0.008499115
"STARD9","Lymphocyte","PTSD","Wald ratio",1,-0.001,0.022,0.999,0.977,NA,NA,NA,0.010194289
"LASS3","Lymphocyte","PTSD","Wald ratio",1,-0.001,0.04,0.999,0.977,NA,NA,NA,0.015232417
"FAM71F1","Lymphocyte","PTSD","Wald ratio",1,0.001,0.026,1.001,0.978,NA,NA,NA,0.009032973
"LPCAT2","Lymphocyte","PTSD","Wald ratio",1,0,0.017,1,0.978,NA,NA,NA,0.007122636
"FLJ12825","Lymphocyte","PTSD","Wald ratio",1,-0.001,0.053,0.999,0.979,NA,NA,NA,0.007377246
"SEC14L1","Lymphocyte","PTSD","Wald ratio",1,0,0.016,1,0.979,NA,NA,NA,0.007474904
"USP10","Lymphocyte","PTSD","Wald ratio",1,-0.001,0.034,0.999,0.979,NA,NA,NA,0.009372001
"EFNA5","Lymphocyte","PTSD","Inverse variance weighted",3,-0.002,0.058,0.998,0.979,0.065335931,0.029915374,0.489757151,0.00794467
"CIZ1","Lymphocyte","PTSD","Wald ratio",1,-0.001,0.029,0.999,0.979,NA,NA,NA,0.00762132
"DNM1","Lymphocyte","PTSD","Wald ratio",1,-0.001,0.055,0.999,0.979,NA,NA,NA,0.00762132
"LOC151174","Lymphocyte","PTSD","Wald ratio",1,-0.013,0.484,0.988,0.979,NA,NA,NA,0.007670104
"HES6","Lymphocyte","PTSD","Wald ratio",1,-0.001,0.052,0.999,0.979,NA,NA,NA,0.007670104
"DPP6","Lymphocyte","PTSD","Wald ratio",1,0,0.017,1,0.98,NA,NA,NA,0.007718876
"HRNBP3","Lymphocyte","PTSD","Inverse variance weighted",3,0,0.011,1,0.98,0.45837911,0.645420478,0.669784473,0.010707333
"AGBL4","Lymphocyte","PTSD","Wald ratio",1,0.001,0.024,1.001,0.98,NA,NA,NA,0.008011303
"TMEM168","Lymphocyte","PTSD","Wald ratio",1,-0.001,0.031,0.999,0.981,NA,NA,NA,0.008108697
"FFAR1","Lymphocyte","PTSD","Wald ratio",1,-0.001,0.042,0.999,0.981,NA,NA,NA,0.008242953
"SGPL1","Lymphocyte","PTSD","Wald ratio",1,0.007,0.307,1.007,0.981,NA,NA,NA,0.010289377
"LIMCH1","Lymphocyte","PTSD","Wald ratio",1,0.001,0.036,1.001,0.981,NA,NA,NA,0.008449122
"STARD4","Lymphocyte","PTSD","Wald ratio",1,0.024,1.019,1.024,0.981,NA,NA,NA,0.010530079
"SYDE1","Lymphocyte","PTSD","Wald ratio",1,-0.001,0.049,0.999,0.981,NA,NA,NA,0.01057818
"TSC22D1","Lymphocyte","PTSD","Wald ratio",1,0.001,0.04,1.001,0.982,NA,NA,NA,0.011058543
"UCK1","Lymphocyte","PTSD","Wald ratio",1,-0.006,0.263,0.994,0.983,NA,NA,NA,0.009080252
"CCDC67","Lymphocyte","PTSD","Wald ratio",1,0.002,0.077,1.002,0.983,NA,NA,NA,0.009080252
"BAT2L1","Lymphocyte","PTSD","Wald ratio",1,0,0.021,1,0.983,NA,NA,NA,0.009080252
"ADPRH","Lymphocyte","PTSD","Wald ratio",1,-0.019,0.881,0.981,0.983,NA,NA,NA,0.009126546
"KRT36","Lymphocyte","PTSD","Wald ratio",1,0,0.022,1,0.983,NA,NA,NA,0.009370854
"LOC285456","Lymphocyte","PTSD","Wald ratio",1,0.005,0.223,1.005,0.984,NA,NA,NA,0.007278382
"SPTLC3","Lymphocyte","PTSD","Wald ratio",1,0.001,0.034,1.001,0.984,NA,NA,NA,0.007278382
"HACE1","Lymphocyte","PTSD","Wald ratio",1,0,0.018,1,0.984,NA,NA,NA,0.007327244
"KLF17","Lymphocyte","PTSD","Wald ratio",1,0.001,0.03,1.001,0.984,NA,NA,NA,0.014479131
"NDST1","Lymphocyte","PTSD","Wald ratio",1,0,0.017,1,0.984,NA,NA,NA,0.007467496
"U2AF1","Lymphocyte","PTSD","Wald ratio",1,0.033,1.717,1.034,0.985,NA,NA,NA,0.010143757
"APBB2","Lymphocyte","PTSD","Wald ratio",1,0,0.021,1,0.985,NA,NA,NA,0.007815313
"PRKCA","Lymphocyte","PTSD","MR Egger",4,0.001,0.057,1.001,0.985,0.861051371,0.935731491,0.759794839,0.018166086
"INSR","Lymphocyte","PTSD","Wald ratio",1,0,0.016,1,0.985,NA,NA,NA,0.007864063
"NAV2","Lymphocyte","PTSD","Weighted median",3,0,0.012,1,0.985,0.867886873,0.123261293,0.290226328,0.086384525
"TSPAN2","Lymphocyte","PTSD","Wald ratio",1,0.001,0.051,1.001,0.985,NA,NA,NA,0.008156344
"FYN","Lymphocyte","PTSD","Inverse variance weighted",2,-0.001,0.051,0.999,0.986,NA,0.030026465,NA,0.094424706
"SHANK2","Lymphocyte","PTSD","MR Egger",4,-0.002,0.122,0.998,0.986,0.096559974,0.196487694,0.957635718,0.011456673
"SNX9","Lymphocyte","PTSD","Wald ratio",1,0,0.018,1,0.986,NA,NA,NA,0.00822159
"DSCAML1","Lymphocyte","PTSD","Inverse variance weighted",2,0,0.017,1,0.987,NA,0.90694837,NA,0.012578292
"CNGB1","Lymphocyte","PTSD","Inverse variance weighted",2,-0.001,0.067,0.999,0.987,NA,0.049731931,NA,0.05484377
"IGF1R","Lymphocyte","PTSD","Simple mode",3,0,0.026,1,0.988,0.967633262,0.735729232,0.57734001,0.007555832
"PCOLCE2","Lymphocyte","PTSD","Wald ratio",1,0,0.027,1,0.988,NA,NA,NA,0.01004648
"MBP","Lymphocyte","PTSD","MR Egger",3,0.001,0.064,1.001,0.989,0.255527609,0.52206155,0.952866875,0.008071232
"CTNNB1","Lymphocyte","PTSD","Wald ratio",1,0.001,0.039,1.001,0.989,NA,NA,NA,0.00727755
"KCNG1","Lymphocyte","PTSD","Wald ratio",1,-0.001,0.039,0.999,0.989,NA,NA,NA,0.007326419
"CA6","Lymphocyte","PTSD","Wald ratio",1,0.001,0.051,1.001,0.989,NA,NA,NA,0.007424126
"CDH5","Lymphocyte","PTSD","Wald ratio",1,0,0.031,1,0.989,NA,NA,NA,0.007424108
"ANKLE2","Lymphocyte","PTSD","Wald ratio",1,0,0.016,1,0.989,NA,NA,NA,0.007472964
"KIAA0513","Lymphocyte","PTSD","Wald ratio",1,0,0.034,1,0.99,NA,NA,NA,0.007521792
"TMEM19","Lymphocyte","PTSD","Wald ratio",1,-0.029,2.171,0.972,0.99,NA,NA,NA,0.014801527
"ADAMTS10","Lymphocyte","PTSD","Wald ratio",1,0,0.028,1,0.99,NA,NA,NA,0.007570487
"NT5E","Lymphocyte","PTSD","Wald ratio",1,0,0.026,1,0.99,NA,NA,NA,0.007668214
"PRPH2","Lymphocyte","PTSD","Wald ratio",1,0,0.018,1,0.99,NA,NA,NA,0.008106914
"AGPAT4","Lymphocyte","PTSD","MR Egger",3,0.001,0.037,1.001,0.99,0.244203174,0.500242694,0.907312207,0.019360754
"SERPINB2","Lymphocyte","PTSD","Wald ratio",1,0,0.023,1,0.99,NA,NA,NA,0.008252957
"OSBPL1A","Lymphocyte","PTSD","Wald ratio",1,-0.001,0.097,0.999,0.991,NA,NA,NA,0.008544749
"UST","Lymphocyte","PTSD","Inverse variance weighted",2,0,0.027,1,0.991,NA,0.854286294,NA,0.006278337
"GOLSYN","Lymphocyte","PTSD","Wald ratio",1,0,0.044,1,0.991,NA,NA,NA,0.008981694
"STK32C","Lymphocyte","PTSD","Inverse variance weighted",2,0,0.025,1,0.992,NA,0.542877536,NA,0.007627729
"SLCO5A1","Lymphocyte","PTSD","Inverse variance weighted",2,0,0.018,1,0.992,NA,0.683645794,NA,0.007930646
"C15orf41","Lymphocyte","PTSD","Wald ratio",1,0,0.026,1,0.992,NA,NA,NA,0.010431448
"PPARGC1B","Lymphocyte","PTSD","Wald ratio",1,0,0.036,1,0.993,NA,NA,NA,0.01129607
"FAM83A","Lymphocyte","PTSD","Wald ratio",1,0.001,0.089,1.001,0.994,NA,NA,NA,0.012442423
"KRT20","Lymphocyte","PTSD","Wald ratio",1,0,0.03,1,0.994,NA,NA,NA,0.009598483
"GUSBL2","Lymphocyte","PTSD","Wald ratio",1,0,0.028,1,0.994,NA,NA,NA,0.013107564
"PVT1","Lymphocyte","PTSD","Inverse variance weighted",2,0,0.021,1,0.994,NA,0.183448381,NA,0.016081759
"SLC35E4","Lymphocyte","PTSD","Wald ratio",1,0,0.024,1,0.995,NA,NA,NA,0.007325924
"PRKD2","Lymphocyte","PTSD","Wald ratio",1,0,0.017,1,0.995,NA,NA,NA,0.007325924
"CASP10","Lymphocyte","PTSD","Wald ratio",1,0,0.055,1,0.995,NA,NA,NA,0.007325924
"RBMS1","Lymphocyte","PTSD","Wald ratio",1,0,0.022,1,0.995,NA,NA,NA,0.007374786
"GLRX5","Lymphocyte","PTSD","Wald ratio",1,-0.001,0.116,0.999,0.995,NA,NA,NA,0.007423638
"PCDH9","Lymphocyte","PTSD","Inverse variance weighted",4,0,0.011,1,0.995,0.735396269,0.704491853,0.467935939,0.010353168
"CAMK2D","Lymphocyte","PTSD","Wald ratio",1,0,0.049,1,0.995,NA,NA,NA,0.015273365
"ACSL3","Lymphocyte","PTSD","Wald ratio",1,0,0.016,1,0.995,NA,NA,NA,0.007862777
"LGALS8","Lymphocyte","PTSD","Wald ratio",1,0,0.017,1,0.995,NA,NA,NA,0.007862837
"MERTK","Lymphocyte","PTSD","Wald ratio",1,0,0.019,1,0.995,NA,NA,NA,0.008009048
"SLC12A5","Lymphocyte","PTSD","Wald ratio",1,0,0.019,1,0.995,NA,NA,NA,0.00825252
"COL18A1","Lymphocyte","PTSD","Wald ratio",1,0,0.047,1,0.995,NA,NA,NA,0.008690084
"SH2D3A","Lymphocyte","PTSD","Wald ratio",1,0,0.024,1,0.996,NA,NA,NA,0.00883574
"LILRA3","Lymphocyte","PTSD","Wald ratio",1,0,0.019,1,0.996,NA,NA,NA,0.008981295
"PI16","Lymphocyte","PTSD","Wald ratio",1,0,0.05,1,0.996,NA,NA,NA,0.009852458
"IL12B","Lymphocyte","PTSD","Wald ratio",1,0,0.065,1,0.996,NA,NA,NA,0.010142
"LOC339788","Lymphocyte","PTSD","Wald ratio",1,0,0.025,1,0.997,NA,NA,NA,0.011869897
"PCSK6","Lymphocyte","PTSD","Simple mode",3,0,0.053,1,0.999,0.861396591,0.848928811,0.682306144,0.008079515
"TMEM63C","Lymphocyte","PTSD","Wald ratio",1,0,0.035,1,1,NA,NA,NA,0.007618783
"KLF15","Lymphocyte","PTSD","Wald ratio",1,0,0.3,1,1,NA,NA,NA,0.007569971
"CD1D","Lymphocyte","PTSD","Wald ratio",1,0,0.027,1,1,NA,NA,NA,0.011672492
"FAR1","Lymphocyte","PTSD","Wald ratio",1,0,0.098,1,1,NA,NA,NA,0.012060761
