"Gene","Tissue","Psychiatric disorder","Method","Nsnp","Beta","SE","OR","P-value","Q_Pvalue(MREgger)","Q_Pvalue(IVW)","P-value(Intercept)","PPH4"
"PLK1S1","Lymphocyte","ASD","Wald ratio",1,"-0.193","0.039"," 0.824","6.16e-07",NA,NA,NA,0.999404005
"C6orf105","Lymphocyte","ASD","Wald ratio",1," 0.071","0.015"," 1.074","1.59e-06",NA,NA,NA,0.998498432
"CCDC148","Lymphocyte","ASD","Wald ratio",1," 0.919","0.238"," 2.506","1.10e-04",NA,NA,NA,0.927950888
"SERPINA1","Lymphocyte","ASD","Wald ratio",1," 0.065","0.017"," 1.067","1.79e-04",NA,NA,NA,0.881565462
"LOC651250","Lymphocyte","ASD","Wald ratio",1,"-1.619","0.442"," 0.198","2.51e-04",NA,NA,NA,0.866586235
"SH3D20","Lymphocyte","ASD","Wald ratio",1,"-0.095","0.027"," 0.909","3.58e-04",NA,NA,NA,0.837773743
"CACNA1C","Lymphocyte","ASD","Weighted median",4,"-0.063","0.018"," 0.939","3.69e-04",0.00024342,0.000615236,0.805938666,0.495662012
"ERAP1","Lymphocyte","ASD","Wald ratio",1," 0.235","0.067"," 1.265","4.47e-04",NA,NA,NA,0.854600873
"SMR3B","Lymphocyte","ASD","Wald ratio",1," 0.077","0.022"," 1.080","4.52e-04",NA,NA,NA,0.808489488
"REG1A","Lymphocyte","ASD","Wald ratio",1,"-0.122","0.035"," 0.885","4.74e-04",NA,NA,NA,0.860402213
"FLJ37201","Lymphocyte","ASD","Wald ratio",1,"-0.056","0.016"," 0.945","5.97e-04",NA,NA,NA,0.732422368
"GAL3ST3","Lymphocyte","ASD","Wald ratio",1," 0.058","0.017"," 1.060","7.80e-04",NA,NA,NA,0.65606938
"CATSPER1","Lymphocyte","ASD","Wald ratio",1," 0.162","0.048"," 1.176","7.80e-04",NA,NA,NA,0.656068808
"NFKB1","Lymphocyte","ASD","Wald ratio",1,"-0.049","0.015"," 0.952","7.86e-04",NA,NA,NA,0.651418906
"MXRA7","Lymphocyte","ASD","Wald ratio",1," 0.052","0.015"," 1.053","8.03e-04",NA,NA,NA,0.654475882
"SLC30A9","Lymphocyte","ASD","Wald ratio",1," 0.196","0.059"," 1.216","9.96e-04",NA,NA,NA,0.664738101
"HTR6","Lymphocyte","ASD","Wald ratio",1,"-0.076","0.023"," 0.927","1.14e-03",NA,NA,NA,0.584652951
"HIST1H2BB","Lymphocyte","ASD","Wald ratio",1," 0.196","0.060"," 1.216","1.18e-03",NA,NA,NA,0.57969666
"RNF139","Lymphocyte","ASD","Wald ratio",1," 0.089","0.028"," 1.094","1.36e-03",NA,NA,NA,0.531474026
"TFAP2B","Lymphocyte","ASD","Wald ratio",1,"-0.216","0.069"," 0.806","1.78e-03",NA,NA,NA,0.571984456
"TARSL2","Lymphocyte","ASD","Wald ratio",1," 0.061","0.020"," 1.063","1.81e-03",NA,NA,NA,0.500402947
"NRGN","Lymphocyte","ASD","Wald ratio",1," 0.058","0.019"," 1.060","1.83e-03",NA,NA,NA,0.443368346
"VSIG2","Lymphocyte","ASD","Wald ratio",1," 0.058","0.019"," 1.059","1.83e-03",NA,NA,NA,0.502576831
"CLDN1","Lymphocyte","ASD","Wald ratio",1," 0.109","0.035"," 1.116","1.99e-03",NA,NA,NA,0.499069657
"GAB1","Lymphocyte","ASD","Wald ratio",1,"-0.063","0.020"," 0.939","2.02e-03",NA,NA,NA,0.441119104
"PCNXL2","Lymphocyte","ASD","Inverse variance weighted",2," 0.096","0.031"," 1.100","2.07e-03",NA,0.596372827,NA,0.009879091
"GABBR1","Lymphocyte","ASD","Wald ratio",1,"-0.100","0.032"," 0.905","2.08e-03",NA,NA,NA,0.6145342
"RASGRP1","Lymphocyte","ASD","Wald ratio",1,"-0.090","0.029"," 0.914","2.15e-03",NA,NA,NA,0.480184496
"PRMT3","Lymphocyte","ASD","Wald ratio",1," 0.084","0.028"," 1.088","2.47e-03",NA,NA,NA,0.51010117
"TRIOBP","Lymphocyte","ASD","Wald ratio",1,"-0.156","0.052"," 0.855","2.53e-03",NA,NA,NA,0.407665357
"TMEM50A","Lymphocyte","ASD","Wald ratio",1,"-1.976","0.657"," 0.139","2.64e-03",NA,NA,NA,0.382625357
"RALGDS","Lymphocyte","ASD","Wald ratio",1,"-1.383","0.460"," 0.251","2.64e-03",NA,NA,NA,0.382505458
"SEC62","Lymphocyte","ASD","Wald ratio",1," 0.053","0.018"," 1.054","2.75e-03",NA,NA,NA,0.425950154
"PDLIM3","Lymphocyte","ASD","Wald ratio",1," 0.139","0.047"," 1.149","2.96e-03",NA,NA,NA,0.362671828
"ZMAT3","Lymphocyte","ASD","Wald ratio",1," 0.073","0.025"," 1.076","3.04e-03",NA,NA,NA,0.392155951
"UBE2K","Lymphocyte","ASD","Wald ratio",1," 0.071","0.024"," 1.073","3.30e-03",NA,NA,NA,0.371943768
"CD8A","Lymphocyte","ASD","Wald ratio",1,"-0.080","0.027"," 0.923","3.31e-03",NA,NA,NA,0.388192789
"FLI1","Lymphocyte","ASD","Wald ratio",1,"-0.069","0.024"," 0.933","3.59e-03",NA,NA,NA,0.425639336
"RFC5","Lymphocyte","ASD","Wald ratio",1,"-0.155","0.053"," 0.857","3.65e-03",NA,NA,NA,0.334718699
"SNX16","Lymphocyte","ASD","Wald ratio",1,"-1.076","0.371"," 0.341","3.73e-03",NA,NA,NA,0.316047175
"SNX16","Lymphocyte","ASD","Wald ratio",1,"-1.636","0.564"," 0.195","3.73e-03",NA,NA,NA,0.316047175
"ZNF642","Lymphocyte","ASD","Wald ratio",1," 1.361","0.474"," 3.898","4.08e-03",NA,NA,NA,0.34913506
"C22orf26","Lymphocyte","ASD","Wald ratio",1," 0.334","0.117"," 1.396","4.31e-03",NA,NA,NA,0.294080567
"LOC400931","Lymphocyte","ASD","Wald ratio",1," 0.044","0.015"," 1.045","4.31e-03",NA,NA,NA,0.28278369
"C22orf26","Lymphocyte","ASD","Wald ratio",1," 0.095","0.033"," 1.100","4.31e-03",NA,NA,NA,0.294080567
"LOC150381","Lymphocyte","ASD","Wald ratio",1," 0.066","0.023"," 1.069","4.31e-03",NA,NA,NA,0.294080567
"FAM38B","Lymphocyte","ASD","Inverse variance weighted",2,"-0.049","0.017"," 0.952","4.50e-03",NA,0.762798371,NA,0.014583077
"HNRNPD","Lymphocyte","ASD","Wald ratio",1,"-0.403","0.142"," 0.668","4.56e-03",NA,NA,NA,0.308740858
"DRG2","Lymphocyte","ASD","Wald ratio",1," 0.054","0.019"," 1.055","4.59e-03",NA,NA,NA,0.290240071
"MYO15A","Lymphocyte","ASD","Wald ratio",1," 0.046","0.016"," 1.047","4.59e-03",NA,NA,NA,0.290240071
"LRRC4","Lymphocyte","ASD","Wald ratio",1," 0.045","0.016"," 1.046","4.64e-03",NA,NA,NA,0.276311039
"PAMR1","Lymphocyte","ASD","Wald ratio",1,"-0.042","0.015"," 0.958","5.11e-03",NA,NA,NA,0.269408431
"SFRS15","Lymphocyte","ASD","Wald ratio",1,"-0.172","0.062"," 0.842","5.40e-03",NA,NA,NA,0.345959231
"C4orf42","Lymphocyte","ASD","Wald ratio",1,"-0.056","0.020"," 0.946","5.52e-03",NA,NA,NA,0.241202448
"TTBK1","Lymphocyte","ASD","Wald ratio",1," 0.121","0.043"," 1.128","5.57e-03",NA,NA,NA,0.362814022
"TACC3","Lymphocyte","ASD","Wald ratio",1,"-0.086","0.031"," 0.918","5.65e-03",NA,NA,NA,0.277161108
"MATN2","Lymphocyte","ASD","Wald ratio",1,"-0.040","0.015"," 0.960","5.70e-03",NA,NA,NA,0.238301078
"A4GNT","Lymphocyte","ASD","Wald ratio",1," 0.082","0.030"," 1.085","5.80e-03",NA,NA,NA,0.246318031
"LSG1","Lymphocyte","ASD","Wald ratio",1," 0.083","0.030"," 1.086","5.87e-03",NA,NA,NA,0.246941055
"SNCA","Lymphocyte","ASD","Wald ratio",1,"-0.048","0.017"," 0.953","5.89e-03",NA,NA,NA,0.230631975
"EXOG","Lymphocyte","ASD","Wald ratio",1," 0.104","0.038"," 1.109","6.22e-03",NA,NA,NA,0.224500939
"KCP","Lymphocyte","ASD","Wald ratio",1,"-0.399","0.146"," 0.671","6.26e-03",NA,NA,NA,0.271515774
"THUMPD3","Lymphocyte","ASD","Wald ratio",1,"-0.436","0.160"," 0.646","6.46e-03",NA,NA,NA,0.21985839
"PML","Lymphocyte","ASD","Wald ratio",1,"-0.041","0.015"," 0.960","6.74e-03",NA,NA,NA,0.213268006
"STOML1","Lymphocyte","ASD","Wald ratio",1,"-0.140","0.052"," 0.869","6.74e-03",NA,NA,NA,0.213268035
"IFNGR2","Lymphocyte","ASD","Wald ratio",1," 0.106","0.039"," 1.112","6.95e-03",NA,NA,NA,0.232523816
"LOC257358","Lymphocyte","ASD","Wald ratio",1," 0.064","0.024"," 1.066","7.19e-03",NA,NA,NA,0.217868092
"GFRA2","Lymphocyte","ASD","Wald ratio",1,"-0.198","0.074"," 0.820","7.23e-03",NA,NA,NA,0.20188146
"C16orf53","Lymphocyte","ASD","Wald ratio",1," 0.273","0.102"," 1.313","7.25e-03",NA,NA,NA,0.260962745
"LOC100192378","Lymphocyte","ASD","Wald ratio",1,"-0.090","0.033"," 0.914","7.30e-03",NA,NA,NA,0.249804652
"FOXP2","Lymphocyte","ASD","Wald ratio",1,"-0.038","0.014"," 0.963","7.34e-03",NA,NA,NA,0.197481532
"EFHD1","Lymphocyte","ASD","Wald ratio",1," 0.046","0.017"," 1.047","7.35e-03",NA,NA,NA,0.200666086
"PRKCH","Lymphocyte","ASD","Inverse variance weighted",2,"-0.056","0.021"," 0.945","7.39e-03",NA,0.765460332,NA,0.190068327
"CD1D","Lymphocyte","ASD","Wald ratio",1," 0.073","0.027"," 1.076","7.50e-03",NA,NA,NA,0.286809269
"GPR126","Lymphocyte","ASD","Wald ratio",1," 0.189","0.071"," 1.208","7.87e-03",NA,NA,NA,0.23039231
"GPR126","Lymphocyte","ASD","Wald ratio",1," 0.263","0.099"," 1.301","7.87e-03",NA,NA,NA,0.23039231
"FHL2","Lymphocyte","ASD","Wald ratio",1,"-0.122","0.046"," 0.885","7.96e-03",NA,NA,NA,0.30468767
"UTP23","Lymphocyte","ASD","Wald ratio",1," 2.419","0.912","11.231","8.03e-03",NA,NA,NA,0.193374536
"SEMA7A","Lymphocyte","ASD","Wald ratio",1," 0.075","0.028"," 1.078","8.11e-03",NA,NA,NA,0.184837961
"CCDC33","Lymphocyte","ASD","Wald ratio",1," 0.082","0.031"," 1.086","8.11e-03",NA,NA,NA,0.184837961
"GPR63","Lymphocyte","ASD","Wald ratio",1,"-1.066","0.403"," 0.344","8.12e-03",NA,NA,NA,0.198922802
"TNFAIP8L1","Lymphocyte","ASD","Wald ratio",1,"-0.045","0.017"," 0.956","8.14e-03",NA,NA,NA,0.192507389
"ADAM9","Lymphocyte","ASD","Wald ratio",1," 0.925","0.350"," 2.522","8.23e-03",NA,NA,NA,0.18396307
"TOX4","Lymphocyte","ASD","Wald ratio",1,"-0.042","0.016"," 0.959","8.42e-03",NA,NA,NA,0.196786471
"PARVA","Lymphocyte","ASD","Wald ratio",1,"-0.545","0.207"," 0.580","8.58e-03",NA,NA,NA,0.25373765
"C2CD4A","Lymphocyte","ASD","Wald ratio",1," 0.055","0.021"," 1.056","8.65e-03",NA,NA,NA,0.176434387
"GPR176","Lymphocyte","ASD","Wald ratio",1,"-0.043","0.017"," 0.957","8.98e-03",NA,NA,NA,0.17446628
"THSD7A","Lymphocyte","ASD","Wald ratio",1,"-0.105","0.040"," 0.900","9.11e-03",NA,NA,NA,0.178403662
"CIZ1","Lymphocyte","ASD","Wald ratio",1,"-0.067","0.026"," 0.935","9.48e-03",NA,NA,NA,0.168698063
"DNM1","Lymphocyte","ASD","Wald ratio",1,"-0.132","0.051"," 0.876","9.48e-03",NA,NA,NA,0.168698063
"CIZ1","Lymphocyte","ASD","Wald ratio",1,"-0.069","0.027"," 0.933","9.48e-03",NA,NA,NA,0.168698063
"CRISPLD2","Lymphocyte","ASD","Inverse variance weighted",2,"-0.056","0.022"," 0.946","9.54e-03",NA,0.44972066,NA,0.087898135
"ST3GAL3","Lymphocyte","ASD","Wald ratio",1," 0.050","0.019"," 1.051","9.64e-03",NA,NA,NA,0.164712051
"LOC388796","Lymphocyte","ASD","Wald ratio",1," 0.054","0.021"," 1.055","9.73e-03",NA,NA,NA,0.20439878
"CCND1","Lymphocyte","ASD","Wald ratio",1," 0.074","0.029"," 1.077","1.01e-02",NA,NA,NA,0.166023363
"CYYR1","Lymphocyte","ASD","Wald ratio",1," 0.048","0.019"," 1.049","1.01e-02",NA,NA,NA,0.161379959
"GPD2","Lymphocyte","ASD","Wald ratio",1,"-0.040","0.016"," 0.960","1.01e-02",NA,NA,NA,0.157950735
"NAT8L","Lymphocyte","ASD","Wald ratio",1," 0.066","0.026"," 1.069","1.03e-02",NA,NA,NA,0.239910346
"TGIF1","Lymphocyte","ASD","Wald ratio",1,"-0.785","0.306"," 0.456","1.04e-02",NA,NA,NA,0.158467549
"RIF1","Lymphocyte","ASD","Wald ratio",1,"-0.166","0.065"," 0.847","1.05e-02",NA,NA,NA,0.156547369
"ITPK1","Lymphocyte","ASD","Wald ratio",1,"-0.043","0.017"," 0.958","1.06e-02",NA,NA,NA,0.160879508
"NEGR1","Lymphocyte","ASD","Wald ratio",1," 0.042","0.016"," 1.043","1.06e-02",NA,NA,NA,0.152712659
"MYO18A","Lymphocyte","ASD","Wald ratio",1," 0.043","0.017"," 1.044","1.07e-02",NA,NA,NA,0.158991288
"MYO18A","Lymphocyte","ASD","Wald ratio",1," 0.038","0.015"," 1.039","1.07e-02",NA,NA,NA,0.158887657
"C6orf122","Lymphocyte","ASD","Wald ratio",1," 0.757","0.297"," 2.132","1.08e-02",NA,NA,NA,0.193692374
"TMEM178","Lymphocyte","ASD","Wald ratio",1,"-0.207","0.081"," 0.813","1.09e-02",NA,NA,NA,0.148786104
"MGC2752","Lymphocyte","ASD","Wald ratio",1," 0.175","0.069"," 1.192","1.12e-02",NA,NA,NA,0.177971969
"UBE2M","Lymphocyte","ASD","Wald ratio",1," 0.049","0.019"," 1.050","1.12e-02",NA,NA,NA,0.178005209
"FAM69A","Lymphocyte","ASD","Wald ratio",1," 0.056","0.022"," 1.057","1.17e-02",NA,NA,NA,0.155840282
"EHMT1","Lymphocyte","ASD","Wald ratio",1," 0.050","0.020"," 1.051","1.17e-02",NA,NA,NA,0.149467752
"UNC13A","Lymphocyte","ASD","Wald ratio",1,"-0.133","0.053"," 0.875","1.17e-02",NA,NA,NA,0.205687333
"EGR2","Lymphocyte","ASD","Wald ratio",1,"-0.161","0.064"," 0.851","1.19e-02",NA,NA,NA,0.137989646
"LDLRAD3","Lymphocyte","ASD","Inverse variance weighted",3,"-0.036","0.014"," 0.965","1.20e-02",0.841908679,0.890666851,0.737218207,0.020877134
"SCARB1","Lymphocyte","ASD","Wald ratio",1,"-0.114","0.045"," 0.892","1.20e-02",NA,NA,NA,0.290206115
"CYP26C1","Lymphocyte","ASD","Wald ratio",1," 0.047","0.019"," 1.048","1.21e-02",NA,NA,NA,0.147216678
"PRTG","Lymphocyte","ASD","Wald ratio",1,"-0.052","0.021"," 0.949","1.27e-02",NA,NA,NA,0.136462575
"DHDDS","Lymphocyte","ASD","Wald ratio",1," 0.063","0.025"," 1.065","1.28e-02",NA,NA,NA,0.137935847
"ADAL","Lymphocyte","ASD","Wald ratio",1," 3.325","1.337","27.800","1.29e-02",NA,NA,NA,0.184209111
"PPOX","Lymphocyte","ASD","Wald ratio",1," 0.045","0.018"," 1.046","1.29e-02",NA,NA,NA,0.131218291
"NDUFS2","Lymphocyte","ASD","Wald ratio",1," 0.040","0.016"," 1.041","1.29e-02",NA,NA,NA,0.131218291
"LHX6","Lymphocyte","ASD","Wald ratio",1,"-0.042","0.017"," 0.959","1.30e-02",NA,NA,NA,0.132730737
"KBTBD11","Lymphocyte","ASD","Wald ratio",1,"-0.037","0.015"," 0.963","1.35e-02",NA,NA,NA,0.087189097
"LRP8","Lymphocyte","ASD","Wald ratio",1," 0.041","0.017"," 1.042","1.35e-02",NA,NA,NA,0.130428297
"MAP3K5","Lymphocyte","ASD","Wald ratio",1," 0.064","0.026"," 1.067","1.37e-02",NA,NA,NA,0.163451149
"C9orf7","Lymphocyte","ASD","Wald ratio",1," 0.113","0.046"," 1.120","1.39e-02",NA,NA,NA,0.125232714
"ADAMTS13","Lymphocyte","ASD","Wald ratio",1," 0.120","0.049"," 1.128","1.39e-02",NA,NA,NA,0.125232714
"CD33","Lymphocyte","ASD","Wald ratio",1," 0.110","0.045"," 1.116","1.40e-02",NA,NA,NA,0.123468744
"C6orf125","Lymphocyte","ASD","Wald ratio",1,"-0.589","0.241"," 0.555","1.46e-02",NA,NA,NA,0.144918294
"HAPLN4","Lymphocyte","ASD","Wald ratio",1,"-0.406","0.167"," 0.666","1.54e-02",NA,NA,NA,0.117757606
"KIAA0892","Lymphocyte","ASD","Wald ratio",1,"-3.173","1.309"," 0.042","1.54e-02",NA,NA,NA,0.117757606
"TTC39B","Lymphocyte","ASD","Wald ratio",1,"-0.046","0.019"," 0.955","1.54e-02",NA,NA,NA,0.130531209
"RARRES1","Lymphocyte","ASD","Wald ratio",1," 0.048","0.020"," 1.049","1.55e-02",NA,NA,NA,0.147271702
"MFSD1","Lymphocyte","ASD","Wald ratio",1," 0.051","0.021"," 1.053","1.55e-02",NA,NA,NA,0.147271702
"GFM1","Lymphocyte","ASD","Wald ratio",1," 0.055","0.023"," 1.057","1.55e-02",NA,NA,NA,0.131947185
"SLAIN1","Lymphocyte","ASD","Wald ratio",1,"-1.083","0.448"," 0.338","1.56e-02",NA,NA,NA,0.161550759
"STXBP2","Lymphocyte","ASD","Wald ratio",1," 1.285","0.533"," 3.615","1.60e-02",NA,NA,NA,0.114284339
"PCP2","Lymphocyte","ASD","Wald ratio",1," 0.036","0.015"," 1.037","1.60e-02",NA,NA,NA,0.114284703
"JPH2","Lymphocyte","ASD","Wald ratio",1," 0.189","0.078"," 1.208","1.62e-02",NA,NA,NA,0.148518933
"LOC407835","Lymphocyte","ASD","Wald ratio",1,"-0.046","0.019"," 0.955","1.63e-02",NA,NA,NA,0.139585795
"ADAMTSL1","Lymphocyte","ASD","Wald ratio",1," 0.042","0.018"," 1.043","1.66e-02",NA,NA,NA,0.127178309
"CDH8","Lymphocyte","ASD","Wald ratio",1," 0.039","0.016"," 1.040","1.67e-02",NA,NA,NA,0.10769521
"T","Lymphocyte","ASD","Inverse variance weighted",2," 0.040","0.017"," 1.040","1.68e-02",NA,0.621899107,NA,0.009377957
"ITIH4","Lymphocyte","ASD","Wald ratio",1," 0.052","0.022"," 1.054","1.68e-02",NA,NA,NA,0.122425111
"CRMP1","Lymphocyte","ASD","Wald ratio",1,"-0.066","0.028"," 0.936","1.70e-02",NA,NA,NA,0.106019114
"SGTA","Lymphocyte","ASD","Wald ratio",1,"-0.043","0.018"," 0.958","1.72e-02",NA,NA,NA,0.122550944
"FLJ34503","Lymphocyte","ASD","Wald ratio",1,"-0.046","0.019"," 0.955","1.72e-02",NA,NA,NA,0.111129902
"CGN","Lymphocyte","ASD","Wald ratio",1," 0.923","0.390"," 2.517","1.78e-02",NA,NA,NA,0.130730633
"PRMT2","Lymphocyte","ASD","Wald ratio",1,"-0.036","0.015"," 0.965","1.80e-02",NA,NA,NA,0.080686705
"CTTNBP2","Lymphocyte","ASD","Wald ratio",1,"-0.051","0.021"," 0.951","1.82e-02",NA,NA,NA,0.101348435
"FAM126A","Lymphocyte","ASD","Wald ratio",1," 0.133","0.057"," 1.143","1.83e-02",NA,NA,NA,0.101515183
"LMBR1","Lymphocyte","ASD","Wald ratio",1," 1.211","0.515"," 3.357","1.86e-02",NA,NA,NA,0.098177626
"EGLN2","Lymphocyte","ASD","Wald ratio",1,"-0.346","0.147"," 0.707","1.87e-02",NA,NA,NA,0.108432493
"CD164L2","Lymphocyte","ASD","Wald ratio",1," 0.102","0.043"," 1.107","1.87e-02",NA,NA,NA,0.157540097
"SPINK8","Lymphocyte","ASD","Wald ratio",1," 0.068","0.029"," 1.070","1.88e-02",NA,NA,NA,0.105249541
"MEIG1","Lymphocyte","ASD","Wald ratio",1," 0.037","0.016"," 1.037","1.91e-02",NA,NA,NA,0.101907682
"HK2","Lymphocyte","ASD","Wald ratio",1,"-0.044","0.019"," 0.957","1.94e-02",NA,NA,NA,0.117566412
"DDX5","Lymphocyte","ASD","Wald ratio",1,"-0.072","0.031"," 0.931","1.95e-02",NA,NA,NA,0.17385747
"FBXW2","Lymphocyte","ASD","Wald ratio",1," 0.070","0.030"," 1.073","1.96e-02",NA,NA,NA,0.125792924
"SLC34A1","Lymphocyte","ASD","Wald ratio",1,"-0.038","0.016"," 0.963","1.96e-02",NA,NA,NA,0.102449468
"WIPF1","Lymphocyte","ASD","Wald ratio",1," 0.631","0.271"," 1.880","1.97e-02",NA,NA,NA,0.104384755
"CALN1","Lymphocyte","ASD","Wald ratio",1," 0.076","0.032"," 1.079","1.98e-02",NA,NA,NA,0.093809759
"TCERG1L","Lymphocyte","ASD","Inverse variance weighted",2,"-0.062","0.027"," 0.940","2.02e-02",NA,0.639273134,NA,0.040003355
"EGF","Lymphocyte","ASD","Wald ratio",1,"-0.040","0.017"," 0.960","2.03e-02",NA,NA,NA,0.094265727
"NHLRC1","Lymphocyte","ASD","Wald ratio",1,"-0.073","0.032"," 0.929","2.04e-02",NA,NA,NA,0.092678258
"LOC285593","Lymphocyte","ASD","Wald ratio",1," 0.032","0.014"," 1.033","2.12e-02",NA,NA,NA,0.088174733
"MIR200A","Lymphocyte","ASD","Wald ratio",1,"-0.067","0.029"," 0.935","2.13e-02",NA,NA,NA,0.140558969
"ACSL1","Lymphocyte","ASD","Inverse variance weighted",3,"-0.037","0.016"," 0.964","2.22e-02",0.671618769,0.615970923,0.537550581,0.079363895
"LPAR3","Lymphocyte","ASD","Inverse variance weighted",2,"-0.066","0.029"," 0.936","2.22e-02",NA,0.816939477,NA,0.086907044
"LDLRAD3","Lymphocyte","ASD","Weighted median",3,"-0.034","0.015"," 0.966","2.22e-02",0.841908679,0.890666851,0.737218207,0.020877134
"ACSL1","Lymphocyte","ASD","Weighted median",3,"-0.037","0.016"," 0.964","2.22e-02",0.671618769,0.615970923,0.537550581,0.079363895
"SMCR7L","Lymphocyte","ASD","Wald ratio",1," 0.094","0.041"," 1.098","2.23e-02",NA,NA,NA,0.102586801
"LRP1","Lymphocyte","ASD","Wald ratio",1,"-0.036","0.016"," 0.965","2.25e-02",NA,NA,NA,0.088016638
"EPHX1","Lymphocyte","ASD","Wald ratio",1," 0.067","0.029"," 1.069","2.26e-02",NA,NA,NA,0.084473402
"SLC26A10","Lymphocyte","ASD","Wald ratio",1,"-0.052","0.023"," 0.949","2.27e-02",NA,NA,NA,0.084581063
"HTR4","Lymphocyte","ASD","Wald ratio",1," 0.038","0.017"," 1.038","2.28e-02",NA,NA,NA,0.096222822
"FDX1","Lymphocyte","ASD","Wald ratio",1," 0.033","0.015"," 1.034","2.31e-02",NA,NA,NA,0.083392294
"GRLF1","Lymphocyte","ASD","Wald ratio",1," 0.112","0.049"," 1.119","2.33e-02",NA,NA,NA,0.083540576
"SGOL1","Lymphocyte","ASD","Wald ratio",1," 0.039","0.017"," 1.039","2.34e-02",NA,NA,NA,0.091470954
"HPGD","Lymphocyte","ASD","Wald ratio",1," 0.096","0.042"," 1.101","2.34e-02",NA,NA,NA,0.081975444
"HPGD","Lymphocyte","ASD","Wald ratio",1," 0.184","0.081"," 1.202","2.34e-02",NA,NA,NA,0.081975444
"MIF4GD","Lymphocyte","ASD","Wald ratio",1,"-0.088","0.039"," 0.916","2.39e-02",NA,NA,NA,0.096385995
"LLGL2","Lymphocyte","ASD","Wald ratio",1,"-0.063","0.028"," 0.939","2.39e-02",NA,NA,NA,0.096358228
"LOC84856","Lymphocyte","ASD","Wald ratio",1,"-0.040","0.018"," 0.961","2.39e-02",NA,NA,NA,0.073237656
"LOC441666","Lymphocyte","ASD","Wald ratio",1,"-0.088","0.039"," 0.916","2.39e-02",NA,NA,NA,0.080726186
"MAN2A1","Lymphocyte","ASD","Wald ratio",1,"-2.350","1.043"," 0.095","2.42e-02",NA,NA,NA,0.083430965
"RRM1","Lymphocyte","ASD","Wald ratio",1," 1.312","0.584"," 3.713","2.47e-02",NA,NA,NA,0.08219165
"KCNMB3","Lymphocyte","ASD","Wald ratio",1,"-0.034","0.015"," 0.967","2.47e-02",NA,NA,NA,0.078117791
"KCNMB3","Lymphocyte","ASD","Wald ratio",1,"-0.034","0.015"," 0.966","2.47e-02",NA,NA,NA,0.078117791
"ZNF815","Lymphocyte","ASD","Wald ratio",1,"-0.154","0.069"," 0.857","2.48e-02",NA,NA,NA,0.082433672
"GNG2","Lymphocyte","ASD","Wald ratio",1," 0.079","0.035"," 1.082","2.49e-02",NA,NA,NA,0.078632894
"JOSD1","Lymphocyte","ASD","Wald ratio",1,"-0.034","0.015"," 0.966","2.50e-02",NA,NA,NA,0.08082442
"chrND","Lymphocyte","ASD","Wald ratio",1," 0.041","0.018"," 1.041","2.50e-02",NA,NA,NA,0.089079159
"chrNG","Lymphocyte","ASD","Wald ratio",1," 0.047","0.021"," 1.048","2.50e-02",NA,NA,NA,0.088994266
"PPFIA1","Lymphocyte","ASD","Wald ratio",1,"-0.065","0.029"," 0.937","2.50e-02",NA,NA,NA,0.112053904
"SKA1","Lymphocyte","ASD","Wald ratio",1,"-0.064","0.028"," 0.938","2.52e-02",NA,NA,NA,0.081255935
"TTC35","Lymphocyte","ASD","Wald ratio",1," 1.637","0.732"," 5.139","2.53e-02",NA,NA,NA,0.077254766
"UQCRFS1","Lymphocyte","ASD","Wald ratio",1,"-0.060","0.027"," 0.942","2.54e-02",NA,NA,NA,0.126911095
"SP4","Lymphocyte","ASD","Wald ratio",1,"-0.083","0.037"," 0.920","2.59e-02",NA,NA,NA,0.076594787
"FBXO39","Lymphocyte","ASD","Wald ratio",1," 0.033","0.015"," 1.034","2.60e-02",NA,NA,NA,0.076550659
"SFRS8","Lymphocyte","ASD","Wald ratio",1," 0.031","0.014"," 1.032","2.67e-02",NA,NA,NA,0.073893637
"BACH2","Lymphocyte","ASD","Inverse variance weighted",2,"-0.028","0.013"," 0.972","2.67e-02",NA,0.863409131,NA,0.044382258
"THAP4","Lymphocyte","ASD","Wald ratio",1," 0.047","0.021"," 1.048","2.68e-02",NA,NA,NA,0.103755936
"ASCL1","Lymphocyte","ASD","Wald ratio",1," 0.146","0.066"," 1.157","2.69e-02",NA,NA,NA,0.097702847
"FAM5B","Lymphocyte","ASD","Wald ratio",1,"-0.140","0.063"," 0.869","2.71e-02",NA,NA,NA,0.116095474
"VASH1","Lymphocyte","ASD","Wald ratio",1," 0.044","0.020"," 1.045","2.71e-02",NA,NA,NA,0.083699721
"GNA12","Lymphocyte","ASD","Wald ratio",1," 0.035","0.016"," 1.036","2.74e-02",NA,NA,NA,0.080220762
"ISPD","Lymphocyte","ASD","Wald ratio",1,"-1.447","0.656"," 0.235","2.75e-02",NA,NA,NA,0.103610347
"NCALD","Lymphocyte","ASD","Wald ratio",1,"-0.053","0.024"," 0.948","2.75e-02",NA,NA,NA,0.107629019
"AMDHD1","Lymphocyte","ASD","Wald ratio",1,"-2.200","1.000"," 0.111","2.78e-02",NA,NA,NA,0.072026292
"F11R","Lymphocyte","ASD","Wald ratio",1,"-0.168","0.076"," 0.845","2.79e-02",NA,NA,NA,0.08581545
"TSTD1","Lymphocyte","ASD","Wald ratio",1,"-0.073","0.033"," 0.929","2.79e-02",NA,NA,NA,0.08581545
"C5orf13","Lymphocyte","ASD","Wald ratio",1,"-0.053","0.024"," 0.948","2.80e-02",NA,NA,NA,0.07251073
"BEST1","Lymphocyte","ASD","Wald ratio",1,"-0.090","0.041"," 0.914","2.82e-02",NA,NA,NA,0.075329159
"SEC16A","Lymphocyte","ASD","Wald ratio",1," 0.037","0.017"," 1.037","2.83e-02",NA,NA,NA,0.071020853
"INPP5E","Lymphocyte","ASD","Wald ratio",1," 0.038","0.017"," 1.038","2.83e-02",NA,NA,NA,0.071020853
"SLC36A3","Lymphocyte","ASD","Wald ratio",1," 0.050","0.023"," 1.051","2.86e-02",NA,NA,NA,0.071812249
"STRADB","Lymphocyte","ASD","Wald ratio",1,"-0.903","0.412"," 0.405","2.86e-02",NA,NA,NA,0.132659086
"OR6M1","Lymphocyte","ASD","Wald ratio",1," 0.048","0.022"," 1.050","2.92e-02",NA,NA,NA,0.080629311
"FGFR1OP","Lymphocyte","ASD","Wald ratio",1,"-0.947","0.434"," 0.388","2.92e-02",NA,NA,NA,0.068737733
"GPR31","Lymphocyte","ASD","Wald ratio",1,"-0.040","0.018"," 0.961","2.92e-02",NA,NA,NA,0.068737733
"HOOK1","Lymphocyte","ASD","Wald ratio",1,"-1.046","0.480"," 0.351","2.93e-02",NA,NA,NA,0.110124249
"PIM1","Lymphocyte","ASD","Wald ratio",1,"-1.197","0.550"," 0.302","2.96e-02",NA,NA,NA,0.074674827
"PRKCDBP","Lymphocyte","ASD","Wald ratio",1,"-0.031","0.014"," 0.969","2.97e-02",NA,NA,NA,0.067240938
"USP43","Lymphocyte","ASD","Wald ratio",1,"-0.052","0.024"," 0.949","2.98e-02",NA,NA,NA,0.077724795
"LOC648740","Lymphocyte","ASD","Wald ratio",1,"-0.060","0.028"," 0.942","3.01e-02",NA,NA,NA,0.119486279
"NIPAL4","Lymphocyte","ASD","Wald ratio",1," 0.480","0.221"," 1.616","3.02e-02",NA,NA,NA,0.073932882
"PCMT1","Lymphocyte","ASD","Wald ratio",1," 0.042","0.019"," 1.043","3.03e-02",NA,NA,NA,0.069047931
"SFTA2","Lymphocyte","ASD","Wald ratio",1," 0.077","0.036"," 1.080","3.13e-02",NA,NA,NA,0.110092282
"INSR","Lymphocyte","ASD","Wald ratio",1," 0.034","0.016"," 1.034","3.15e-02",NA,NA,NA,0.070321112
"ATG10","Lymphocyte","ASD","Wald ratio",1," 0.032","0.015"," 1.033","3.20e-02",NA,NA,NA,0.06391693
"PTPRG","Lymphocyte","ASD","Wald ratio",1," 0.036","0.017"," 1.037","3.22e-02",NA,NA,NA,0.073405074
"C13orf18","Lymphocyte","ASD","Wald ratio",1," 0.194","0.091"," 1.215","3.23e-02",NA,NA,NA,0.087070766
"CNNM1","Lymphocyte","ASD","Wald ratio",1,"-0.197","0.092"," 0.821","3.25e-02",NA,NA,NA,0.101295547
"FGFR1","Lymphocyte","ASD","Wald ratio",1,"-0.038","0.018"," 0.963","3.27e-02",NA,NA,NA,0.063306507
"TPCN2","Lymphocyte","ASD","Inverse variance weighted",2," 0.056","0.026"," 1.058","3.38e-02",NA,0.556298521,NA,0.031711898
"SGSM2","Lymphocyte","ASD","Wald ratio",1,"-0.032","0.015"," 0.968","3.38e-02",NA,NA,NA,0.064452396
"CASP7","Lymphocyte","ASD","Wald ratio",1,"-0.039","0.018"," 0.962","3.40e-02",NA,NA,NA,0.075019938
"ALDH4A1","Lymphocyte","ASD","Wald ratio",1,"-0.050","0.023"," 0.952","3.40e-02",NA,NA,NA,0.064873726
"SEMA3D","Lymphocyte","ASD","Wald ratio",1," 0.035","0.016"," 1.035","3.41e-02",NA,NA,NA,0.065573942
"CACNA1C","Lymphocyte","ASD","Weighted mode",4,"-0.059","0.016"," 0.942","3.42e-02",0.00024342,0.000615236,0.805938666,0.495662012
"SCN9A","Lymphocyte","ASD","Wald ratio",1,"-0.030","0.014"," 0.970","3.44e-02",NA,NA,NA,0.057192867
"NLRP7","Lymphocyte","ASD","Wald ratio",1,"-0.050","0.023"," 0.952","3.47e-02",NA,NA,NA,0.071906341
"ARHGAP24","Lymphocyte","ASD","Inverse variance weighted",2," 0.035","0.017"," 1.036","3.48e-02",NA,0.9294645,NA,0.007745202
"MED31","Lymphocyte","ASD","Wald ratio",1," 0.073","0.035"," 1.076","3.50e-02",NA,NA,NA,0.059192134
"PRKAB2","Lymphocyte","ASD","Wald ratio",1,"-0.380","0.181"," 0.684","3.51e-02",NA,NA,NA,0.0594563
"PDIA3P","Lymphocyte","ASD","Wald ratio",1,"-0.050","0.024"," 0.952","3.51e-02",NA,NA,NA,0.059456302
"CHD1L","Lymphocyte","ASD","Wald ratio",1,"-0.133","0.063"," 0.875","3.51e-02",NA,NA,NA,0.059456302
"ACTA1","Lymphocyte","ANXIETY","Wald ratio",1," 0.289","0.137"," 1.335","3.55e-02",NA,NA,NA,0.009079142
"C17orf90","Lymphocyte","ASD","Wald ratio",1," 0.031","0.015"," 1.032","3.56e-02",NA,NA,NA,0.058320943
"TSEN34","Lymphocyte","ASD","Wald ratio",1,"-0.139","0.066"," 0.870","3.57e-02",NA,NA,NA,0.062805205
"RPS9","Lymphocyte","ASD","Wald ratio",1,"-0.072","0.034"," 0.930","3.57e-02",NA,NA,NA,0.062805205
"KDM4C","Lymphocyte","ASD","Wald ratio",1," 0.045","0.021"," 1.046","3.63e-02",NA,NA,NA,0.061966218
"KRT79","Lymphocyte","ASD","Wald ratio",1,"-0.031","0.015"," 0.970","3.64e-02",NA,NA,NA,0.058115873
"PDE7B","Lymphocyte","ASD","Wald ratio",1,"-0.175","0.084"," 0.839","3.71e-02",NA,NA,NA,0.057930658
"PLCL2","Lymphocyte","ASD","Wald ratio",1,"-0.037","0.018"," 0.964","3.72e-02",NA,NA,NA,0.058527639
"PLCL2","Lymphocyte","ASD","Wald ratio",1,"-0.057","0.027"," 0.944","3.72e-02",NA,NA,NA,0.058527639
"RAC2","Lymphocyte","ASD","Wald ratio",1,"-0.123","0.059"," 0.884","3.77e-02",NA,NA,NA,0.056535215
"DPF3","Lymphocyte","ASD","Inverse variance weighted",2,"-0.030","0.014"," 0.971","3.83e-02",NA,0.805544454,NA,0.011272143
"ARFGEF1","Lymphocyte","ASD","Wald ratio",1," 0.064","0.031"," 1.066","3.83e-02",NA,NA,NA,0.060809105
"CSRNP2","Lymphocyte","ASD","Wald ratio",1,"-0.110","0.053"," 0.896","3.86e-02",NA,NA,NA,0.068513559
"C2orf74","Lymphocyte","ASD","Wald ratio",1," 0.031","0.015"," 1.032","3.87e-02",NA,NA,NA,0.058551246
"CLYBL","Lymphocyte","ASD","Wald ratio",1," 0.030","0.015"," 1.030","3.91e-02",NA,NA,NA,0.052471213
"TUBB6","Lymphocyte","ASD","Wald ratio",1," 0.317","0.154"," 1.374","3.94e-02",NA,NA,NA,0.064371011
"CCNO","Lymphocyte","ASD","Wald ratio",1,"-0.544","0.265"," 0.580","3.96e-02",NA,NA,NA,0.077789328
"DHX29","Lymphocyte","ASD","Wald ratio",1,"-0.052","0.025"," 0.949","3.96e-02",NA,NA,NA,0.075417878
"PVRL1","Lymphocyte","ASD","Wald ratio",1," 0.040","0.019"," 1.041","3.97e-02",NA,NA,NA,0.053898343
"NHSL1","Lymphocyte","ASD","Wald ratio",1," 0.035","0.017"," 1.036","3.97e-02",NA,NA,NA,0.048574957
"ELOVL6","Lymphocyte","ASD","Wald ratio",1,"-0.784","0.382"," 0.456","3.99e-02",NA,NA,NA,0.055811687
"LOC339674","Lymphocyte","ASD","Wald ratio",1," 0.067","0.033"," 1.070","4.03e-02",NA,NA,NA,0.053520111
"FAIM2","Lymphocyte","ASD","Wald ratio",1,"-0.079","0.039"," 0.924","4.05e-02",NA,NA,NA,0.054398196
"TBX21","Lymphocyte","ASD","Wald ratio",1," 0.134","0.065"," 1.143","4.12e-02",NA,NA,NA,0.053354761
"DOK2","Lymphocyte","ASD","Wald ratio",1," 0.042","0.020"," 1.042","4.12e-02",NA,NA,NA,0.070642545
"BCCIP","Lymphocyte","ASD","Wald ratio",1," 0.033","0.016"," 1.034","4.18e-02",NA,NA,NA,0.052038604
"ACP1","Lymphocyte","ASD","Wald ratio",1,"-0.059","0.029"," 0.943","4.19e-02",NA,NA,NA,0.053284078
"CPLX1","Lymphocyte","ASD","Wald ratio",1," 0.052","0.026"," 1.053","4.22e-02",NA,NA,NA,0.057701088
"PCGF3","Lymphocyte","ASD","Wald ratio",1," 0.067","0.033"," 1.069","4.22e-02",NA,NA,NA,0.057699332
"FBXO31","Lymphocyte","ASD","Inverse variance weighted",2," 0.036","0.018"," 1.037","4.22e-02",NA,0.563034116,NA,0.018831214
"KIAA0776","Lymphocyte","ASD","Wald ratio",1,"-0.414","0.204"," 0.661","4.26e-02",NA,NA,NA,0.052907075
"INO80C","Lymphocyte","ASD","Wald ratio",1,"-0.033","0.016"," 0.968","4.29e-02",NA,NA,NA,0.057298484
"GABRA6","Lymphocyte","ASD","Wald ratio",1,"-0.060","0.030"," 0.942","4.32e-02",NA,NA,NA,0.050323618
"GNAQ","Lymphocyte","ASD","Wald ratio",1," 0.054","0.027"," 1.055","4.35e-02",NA,NA,NA,0.075051061
"ATP2B2","Lymphocyte","ASD","Wald ratio",1,"-0.077","0.038"," 0.926","4.38e-02",NA,NA,NA,0.101319212
"MDGA1","Lymphocyte","ASD","Wald ratio",1,"-0.047","0.023"," 0.954","4.39e-02",NA,NA,NA,0.049326694
"DUSP10","Lymphocyte","ASD","Wald ratio",1,"-0.030","0.015"," 0.971","4.40e-02",NA,NA,NA,0.049616677
"C3orf27","Lymphocyte","ASD","Wald ratio",1,"-0.118","0.059"," 0.889","4.47e-02",NA,NA,NA,0.049933703
"SRD5A3","Lymphocyte","ASD","Wald ratio",1,"-0.602","0.300"," 0.548","4.48e-02",NA,NA,NA,0.050548266
"PROZ","Lymphocyte","ASD","Wald ratio",1," 0.037","0.018"," 1.038","4.49e-02",NA,NA,NA,0.05751792
"C14orf159","Lymphocyte","ASD","Wald ratio",1," 4.045","2.018","57.113","4.50e-02",NA,NA,NA,0.074276842
"C14orf159","Lymphocyte","ASD","Wald ratio",1," 0.664","0.331"," 1.943","4.50e-02",NA,NA,NA,0.074276842
"C14orf159","Lymphocyte","ASD","Wald ratio",1," 0.090","0.045"," 1.095","4.50e-02",NA,NA,NA,0.074276842
"C6orf195","Lymphocyte","ASD","Wald ratio",1," 0.034","0.017"," 1.035","4.55e-02",NA,NA,NA,0.05811481
"SEC14L4","Lymphocyte","ASD","Wald ratio",1," 0.060","0.030"," 1.062","4.55e-02",NA,NA,NA,0.05465966
"SLITRK6","Lymphocyte","ASD","Wald ratio",1," 0.057","0.029"," 1.059","4.55e-02",NA,NA,NA,0.058406113
"SEMA4D","Lymphocyte","ASD","Wald ratio",1," 0.035","0.017"," 1.035","4.61e-02",NA,NA,NA,0.055299343
"FSCN1","Lymphocyte","ASD","Wald ratio",1," 0.035","0.018"," 1.036","4.62e-02",NA,NA,NA,0.051503608
"DNAH17","Lymphocyte","ASD","Inverse variance weighted",2,"-0.024","0.012"," 0.976","4.62e-02",NA,0.771075516,NA,0.018054202
"TECTA","Lymphocyte","ASD","Wald ratio",1," 0.029","0.015"," 1.030","4.63e-02",NA,NA,NA,0.047303623
"FIGLA","Lymphocyte","ASD","Wald ratio",1,"-0.093","0.047"," 0.911","4.68e-02",NA,NA,NA,0.057127345
"GNAI2","Lymphocyte","ASD","Wald ratio",1," 0.067","0.034"," 1.070","4.70e-02",NA,NA,NA,0.072452024
"TUSC4","Lymphocyte","ASD","Wald ratio",1," 2.023","1.018"," 7.557","4.70e-02",NA,NA,NA,0.072452026
"HYAL2","Lymphocyte","ASD","Wald ratio",1," 0.244","0.123"," 1.277","4.70e-02",NA,NA,NA,0.072452026
"SEMA3B","Lymphocyte","ASD","Wald ratio",1," 0.257","0.129"," 1.293","4.70e-02",NA,NA,NA,0.07245169
"ATXN1","Lymphocyte","ASD","Wald ratio",1,"-0.029","0.015"," 0.972","4.71e-02",NA,NA,NA,0.04763014
"LHFPL2","Lymphocyte","ASD","Inverse variance weighted",2,"-0.041","0.021"," 0.960","4.72e-02",NA,0.104394571,NA,0.761470967
"PARD6G","Lymphocyte","ASD","Wald ratio",1,"-1.952","0.986"," 0.142","4.76e-02",NA,NA,NA,0.066892557
"CD302","Lymphocyte","ASD","Wald ratio",1,"-0.068","0.034"," 0.934","4.79e-02",NA,NA,NA,0.046063528
"MIR1207","Lymphocyte","ASD","Wald ratio",1,"-0.052","0.026"," 0.950","4.79e-02",NA,NA,NA,0.046993945
"ZSCAN22","Lymphocyte","ASD","Wald ratio",1,"-0.074","0.037"," 0.929","4.80e-02",NA,NA,NA,0.080972185
"A1BG","Lymphocyte","ASD","Wald ratio",1,"-0.066","0.033"," 0.936","4.80e-02",NA,NA,NA,0.082041656
"NCRNA00181","Lymphocyte","ASD","Wald ratio",1,"-0.059","0.030"," 0.943","4.80e-02",NA,NA,NA,0.082041656
"SDSL","Lymphocyte","ASD","Wald ratio",1," 0.169","0.086"," 1.185","4.81e-02",NA,NA,NA,0.080109946
"SDS","Lymphocyte","ASD","Wald ratio",1," 0.130","0.066"," 1.139","4.81e-02",NA,NA,NA,0.080109946
"ADCY8","Lymphocyte","ASD","Wald ratio",1,"-0.060","0.030"," 0.942","4.83e-02",NA,NA,NA,0.075291798
"FLYWCH1","Lymphocyte","ASD","Wald ratio",1," 2.027","1.027"," 7.590","4.84e-02",NA,NA,NA,0.050585066
"ZCCHC14","Lymphocyte","ASD","Wald ratio",1," 0.036","0.018"," 1.037","4.95e-02",NA,NA,NA,0.045485254
"SHOX2","Lymphocyte","ASD","Wald ratio",1," 0.196","0.100"," 1.217","4.97e-02",NA,NA,NA,0.066944961
"RPSA","Lymphocyte","ASD","Wald ratio",1," 1.917","0.978"," 6.803","5.00e-02",NA,NA,NA,0.069329315
"CCR8","Lymphocyte","ASD","Wald ratio",1," 0.051","0.026"," 1.052","5.00e-02",NA,NA,NA,0.067710958
"ARMC10","Lymphocyte","ASD","Wald ratio",1,"-0.196","0.100"," 0.822","5.05e-02",NA,NA,NA,0.069377563
"ATP1A4","Lymphocyte","ASD","Wald ratio",1," 0.050","0.026"," 1.051","5.05e-02",NA,NA,NA,0.056649
"ATP1A2","Lymphocyte","ASD","Wald ratio",1," 0.036","0.018"," 1.037","5.05e-02",NA,NA,NA,0.056655359
"BDNF","Lymphocyte","ASD","Wald ratio",1," 1.672","0.856"," 5.325","5.06e-02",NA,NA,NA,0.048784436
"BDNFOS","Lymphocyte","ASD","Wald ratio",1," 0.038","0.019"," 1.038","5.06e-02",NA,NA,NA,0.048784436
"RNU5D","Lymphocyte","ASD","Wald ratio",1," 0.107","0.055"," 1.113","5.07e-02",NA,NA,NA,0.05422037
"ACOT12","Lymphocyte","ASD","Wald ratio",1," 0.075","0.038"," 1.077","5.07e-02",NA,NA,NA,0.05422037
"RNU5E","Lymphocyte","ASD","Wald ratio",1," 0.221","0.113"," 1.247","5.07e-02",NA,NA,NA,0.05422037
"C1orf177","Lymphocyte","ASD","Wald ratio",1," 0.031","0.016"," 1.031","5.07e-02",NA,NA,NA,0.047816334
"GPC1","Lymphocyte","ASD","Wald ratio",1," 0.045","0.023"," 1.046","5.09e-02",NA,NA,NA,0.063780219
"ABLIM3","Lymphocyte","ASD","Wald ratio",1," 0.037","0.019"," 1.038","5.11e-02",NA,NA,NA,0.051051358
"CD209","Lymphocyte","ASD","Wald ratio",1," 0.050","0.026"," 1.052","5.12e-02",NA,NA,NA,0.050109691
"C14orf181","Lymphocyte","ASD","Wald ratio",1,"-0.047","0.024"," 0.954","5.14e-02",NA,NA,NA,0.048164295
"GMPR2","Lymphocyte","ASD","Wald ratio",1," 2.643","1.357","14.049","5.15e-02",NA,NA,NA,0.058217568
"PRKAG2","Lymphocyte","ASD","Simple mode",4," 0.067","0.021"," 1.069","5.19e-02",0.030587009,0.071600785,0.929360059,0.01190277
"FOXI1","Lymphocyte","ASD","Wald ratio",1,"-0.043","0.022"," 0.958","5.22e-02",NA,NA,NA,0.047919263
"CSMD1","Lymphocyte","ASD","Weighted median",4," 0.027","0.014"," 1.028","5.26e-02",0.059204446,0.070601568,0.556084936,0.012016543
"BTBD3","Lymphocyte","ASD","Wald ratio",1," 0.068","0.035"," 1.070","5.26e-02",NA,NA,NA,0.049289463
"PRICKLE2","Lymphocyte","ASD","Wald ratio",1,"-0.268","0.139"," 0.765","5.30e-02",NA,NA,NA,0.063692904
"SDPR","Lymphocyte","ASD","Wald ratio",1,"-0.116","0.060"," 0.891","5.35e-02",NA,NA,NA,0.060096148
"HEBP1","Lymphocyte","ASD","Wald ratio",1,"-0.028","0.015"," 0.972","5.35e-02",NA,NA,NA,0.043857757
"C8orf71","Lymphocyte","ASD","Wald ratio",1," 0.040","0.021"," 1.041","5.36e-02",NA,NA,NA,0.055431604
"F2RL3","Lymphocyte","ASD","Wald ratio",1," 0.126","0.065"," 1.135","5.36e-02",NA,NA,NA,0.043205755
"CPAMD8","Lymphocyte","ASD","Wald ratio",1," 0.637","0.330"," 1.891","5.36e-02",NA,NA,NA,0.043190922
"AXIN1","Lymphocyte","ASD","Wald ratio",1," 0.096","0.050"," 1.101","5.37e-02",NA,NA,NA,0.05484174
"PDIA2","Lymphocyte","ASD","Wald ratio",1," 0.044","0.023"," 1.045","5.37e-02",NA,NA,NA,0.054726717
"C4orf50","Lymphocyte","ASD","Wald ratio",1,"-0.049","0.025"," 0.952","5.39e-02",NA,NA,NA,0.041901917
"RSAD1","Lymphocyte","ASD","Wald ratio",1,"-0.970","0.503"," 0.379","5.39e-02",NA,NA,NA,0.049735693
"MYCBPAP","Lymphocyte","ASD","Wald ratio",1,"-2.000","1.038"," 0.135","5.39e-02",NA,NA,NA,0.049735693
"RPL37","Lymphocyte","ASD","Wald ratio",1,"-0.686","0.356"," 0.503","5.40e-02",NA,NA,NA,0.074106134
"HIP1R","Lymphocyte","ASD","Wald ratio",1,"-0.046","0.024"," 0.955","5.42e-02",NA,NA,NA,0.062316858
"PROK2","Lymphocyte","ASD","Wald ratio",1," 0.389","0.202"," 1.476","5.43e-02",NA,NA,NA,0.054914917
"EIF4E3","Lymphocyte","ASD","Wald ratio",1," 0.049","0.025"," 1.050","5.43e-02",NA,NA,NA,0.054914917
"IYD","Lymphocyte","ASD","Wald ratio",1," 0.087","0.045"," 1.090","5.45e-02",NA,NA,NA,0.080012657
"FHIT","Lymphocyte","ASD","Wald ratio",1,"-0.030","0.015"," 0.971","5.46e-02",NA,NA,NA,0.040886258
"KIAA1274","Lymphocyte","ASD","Wald ratio",1,"-0.049","0.026"," 0.952","5.52e-02",NA,NA,NA,0.043078734
"SNW1","Lymphocyte","ASD","Wald ratio",1," 1.007","0.526"," 2.738","5.55e-02",NA,NA,NA,0.042076034
"RNASE11","Lymphocyte","ASD","Wald ratio",1," 0.046","0.024"," 1.047","5.58e-02",NA,NA,NA,0.04380987
"CUX1","Lymphocyte","ASD","Wald ratio",1," 0.035","0.018"," 1.036","5.58e-02",NA,NA,NA,0.049714939
"DGKB","Lymphocyte","ASD","Wald ratio",1," 0.043","0.022"," 1.044","5.61e-02",NA,NA,NA,0.054280421
"C19orf40","Lymphocyte","ASD","Wald ratio",1," 0.327","0.171"," 1.387","5.61e-02",NA,NA,NA,0.051389959
"WDFY4","Lymphocyte","ASD","Wald ratio",1,"-0.106","0.056"," 0.899","5.65e-02",NA,NA,NA,0.040913853
"GNASAS","Lymphocyte","ASD","Wald ratio",1,"-0.041","0.021"," 0.960","5.66e-02",NA,NA,NA,0.040577808
"MIR298","Lymphocyte","ASD","Wald ratio",1,"-0.095","0.050"," 0.910","5.66e-02",NA,NA,NA,0.040577808
"GABRA5","Lymphocyte","ASD","Wald ratio",1," 0.342","0.179"," 1.407","5.67e-02",NA,NA,NA,0.051785749
"GABRA5","Lymphocyte","ASD","Wald ratio",1," 0.095","0.050"," 1.100","5.67e-02",NA,NA,NA,0.051785749
"C1QL3","Lymphocyte","ASD","Wald ratio",1,"-0.043","0.023"," 0.957","5.67e-02",NA,NA,NA,0.062178476
"BTBD7","Lymphocyte","ASD","Wald ratio",1," 0.105","0.055"," 1.110","5.68e-02",NA,NA,NA,0.06727334
"MADCAM1","Lymphocyte","ASD","Wald ratio",1,"-0.065","0.034"," 0.937","5.71e-02",NA,NA,NA,0.04962592
"CPXM1","Lymphocyte","ASD","Wald ratio",1,"-0.816","0.430"," 0.442","5.79e-02",NA,NA,NA,0.065758603
"FLJ32065","Lymphocyte","ASD","Wald ratio",1,"-1.175","0.620"," 0.309","5.81e-02",NA,NA,NA,0.067282044
"CTSH","Lymphocyte","ASD","Wald ratio",1," 0.440","0.232"," 1.553","5.83e-02",NA,NA,NA,0.042854255
"C11orf46","Lymphocyte","ASD","Wald ratio",1," 0.130","0.069"," 1.139","5.85e-02",NA,NA,NA,0.046620992
"SESN1","Lymphocyte","ASD","Wald ratio",1," 0.072","0.038"," 1.075","5.97e-02",NA,NA,NA,0.057581018
"SH3TC1","Lymphocyte","ASD","Wald ratio",1," 0.078","0.041"," 1.081","5.97e-02",NA,NA,NA,0.053425002
"TNFSF12","Lymphocyte","ASD","Wald ratio",1," 0.129","0.069"," 1.138","5.97e-02",NA,NA,NA,0.049183387
"MPDU1","Lymphocyte","ASD","Wald ratio",1," 0.056","0.030"," 1.057","5.97e-02",NA,NA,NA,0.04840438
"SOX15","Lymphocyte","ASD","Wald ratio",1," 0.063","0.033"," 1.065","5.97e-02",NA,NA,NA,0.049183387
"SENP3","Lymphocyte","ASD","Wald ratio",1," 0.037","0.020"," 1.038","5.97e-02",NA,NA,NA,0.049183387
"NID1","Lymphocyte","ASD","Wald ratio",1,"-0.036","0.019"," 0.965","6.00e-02",NA,NA,NA,0.050530856
"TMEM8A","Lymphocyte","ASD","Wald ratio",1," 0.277","0.148"," 1.319","6.02e-02",NA,NA,NA,0.041226286
"LOC100134368","Lymphocyte","ASD","Wald ratio",1," 0.059","0.031"," 1.061","6.02e-02",NA,NA,NA,0.041226286
"MRPL28","Lymphocyte","ASD","Wald ratio",1," 0.035","0.019"," 1.036","6.02e-02",NA,NA,NA,0.041226286
"C9orf171","Lymphocyte","ASD","Wald ratio",1," 0.038","0.020"," 1.039","6.11e-02",NA,NA,NA,0.050514142
"KRT1","Lymphocyte","ASD","Wald ratio",1,"-0.040","0.021"," 0.961","6.11e-02",NA,NA,NA,0.050500554
"SP8","Lymphocyte","ASD","Wald ratio",1," 0.083","0.044"," 1.086","6.13e-02",NA,NA,NA,0.05213866
"PF4","Lymphocyte","ASD","Wald ratio",1,"-0.043","0.023"," 0.958","6.13e-02",NA,NA,NA,0.057363743
"PDE8A","Lymphocyte","ASD","Wald ratio",1," 0.058","0.031"," 1.059","6.14e-02",NA,NA,NA,0.072907058
"C10orf107","Lymphocyte","ASD","Wald ratio",1," 0.031","0.017"," 1.032","6.15e-02",NA,NA,NA,0.039805733
"DMXL2","Lymphocyte","ASD","Wald ratio",1,"-0.030","0.016"," 0.971","6.15e-02",NA,NA,NA,0.03773551
"DCLK2","Lymphocyte","ASD","Wald ratio",1,"-0.036","0.020"," 0.964","6.23e-02",NA,NA,NA,0.037853427
"ZNF131","Lymphocyte","ASD","Wald ratio",1,"-0.032","0.017"," 0.968","6.23e-02",NA,NA,NA,0.045108118
"C1orf51","Lymphocyte","ASD","Wald ratio",1,"-0.053","0.029"," 0.948","6.26e-02",NA,NA,NA,0.054795283
"RPRD2","Lymphocyte","ASD","Wald ratio",1,"-0.044","0.024"," 0.957","6.26e-02",NA,NA,NA,0.054795356
"TMEM45B","Lymphocyte","ASD","Wald ratio",1,"-0.065","0.035"," 0.937","6.31e-02",NA,NA,NA,0.038007426
"DENND2D","Lymphocyte","ASD","Wald ratio",1,"-0.038","0.021"," 0.963","6.34e-02",NA,NA,NA,0.040570496
"TTF1","Lymphocyte","ASD","Wald ratio",1," 0.033","0.018"," 1.034","6.35e-02",NA,NA,NA,0.045420275
"TNR","Lymphocyte","ASD","Wald ratio",1,"-0.056","0.030"," 0.946","6.40e-02",NA,NA,NA,0.039297263
"RGS6","Lymphocyte","ASD","Wald ratio",1,"-0.033","0.018"," 0.967","6.45e-02",NA,NA,NA,0.036588957
"WBSCR17","Lymphocyte","ASD","Weighted median",3,"-0.021","0.011"," 0.979","6.48e-02",0.742885142,0.572693379,0.498857777,0.011601677
"SSH1","Lymphocyte","ASD","Wald ratio",1,"-0.030","0.016"," 0.971","6.53e-02",NA,NA,NA,0.038722014
"SSH1","Lymphocyte","ASD","Wald ratio",1,"-0.123","0.067"," 0.885","6.53e-02",NA,NA,NA,0.039665842
"KLHL14","Lymphocyte","ASD","Wald ratio",1," 0.055","0.030"," 1.056","6.57e-02",NA,NA,NA,0.037257359
"PDHB","Lymphocyte","ASD","Wald ratio",1,"-0.119","0.065"," 0.888","6.58e-02",NA,NA,NA,0.03724766
"NRG1","Lymphocyte","ASD","Wald ratio",1,"-0.047","0.026"," 0.954","6.61e-02",NA,NA,NA,0.036617529
"FYB","Lymphocyte","ASD","Wald ratio",1," 0.052","0.029"," 1.054","6.64e-02",NA,NA,NA,0.044830991
"MYF5","Lymphocyte","ASD","Wald ratio",1," 0.063","0.034"," 1.065","6.68e-02",NA,NA,NA,0.03680705
"MYF6","Lymphocyte","ASD","Wald ratio",1," 0.067","0.037"," 1.069","6.68e-02",NA,NA,NA,0.03680705
"C8orf42","Lymphocyte","ASD","Wald ratio",1,"-0.030","0.017"," 0.970","6.70e-02",NA,NA,NA,0.037643938
"LOC283050","Lymphocyte","ASD","Wald ratio",1,"-0.035","0.019"," 0.966","6.72e-02",NA,NA,NA,0.041451831
"CTNNB1","Lymphocyte","ASD","Wald ratio",1," 0.068","0.037"," 1.070","6.76e-02",NA,NA,NA,0.035254524
"ZNF709","Lymphocyte","ASD","Wald ratio",1," 0.087","0.048"," 1.091","6.85e-02",NA,NA,NA,0.035119062
"MAP7D1","Lymphocyte","ASD","Wald ratio",1," 0.187","0.103"," 1.205","6.91e-02",NA,NA,NA,0.036768947
"TRAPPC3","Lymphocyte","ASD","Wald ratio",1," 0.065","0.036"," 1.068","6.91e-02",NA,NA,NA,0.036768947
"KCTD16","Lymphocyte","ASD","Wald ratio",1,"-0.026","0.015"," 0.974","6.94e-02",NA,NA,NA,0.035009227
"ZNF491","Lymphocyte","ASD","Wald ratio",1," 0.073","0.040"," 1.076","6.99e-02",NA,NA,NA,0.045308444
"YEATS4","Lymphocyte","ASD","Wald ratio",1,"-0.043","0.024"," 0.958","7.00e-02",NA,NA,NA,0.034065016
"MYO1D","Lymphocyte","ASD","Inverse variance weighted",2," 0.021","0.011"," 1.021","7.06e-02",NA,0.429138729,NA,0.033000032
"ACBD7","Lymphocyte","ASD","Inverse variance weighted",2," 0.045","0.025"," 1.046","7.10e-02",NA,0.404180681,NA,0.014474847
"UBE3B","Lymphocyte","ASD","Wald ratio",1," 0.050","0.028"," 1.052","7.12e-02",NA,NA,NA,0.063259709
"MYO1H","Lymphocyte","ASD","Wald ratio",1," 0.056","0.031"," 1.058","7.12e-02",NA,NA,NA,0.063259699
"UTP20","Lymphocyte","ASD","Wald ratio",1," 0.030","0.016"," 1.030","7.14e-02",NA,NA,NA,0.034469065
"BMP4","Lymphocyte","ASD","Wald ratio",1,"-0.076","0.042"," 0.927","7.16e-02",NA,NA,NA,0.035286991
"ITM2C","Lymphocyte","ASD","Weighted median",3," 0.036","0.020"," 1.037","7.19e-02",0.114715795,0.28794805,0.982282429,0.128793252
"TGM6","Lymphocyte","ASD","Wald ratio",1,"-0.060","0.034"," 0.941","7.20e-02",NA,NA,NA,0.053210041
"ALDH1A1","Lymphocyte","ASD","Wald ratio",1,"-0.038","0.021"," 0.963","7.21e-02",NA,NA,NA,0.035780082
"IPO11","Lymphocyte","ASD","Wald ratio",1," 0.058","0.032"," 1.059","7.22e-02",NA,NA,NA,0.037751025
"TBX1","Lymphocyte","ASD","Wald ratio",1,"-0.143","0.080"," 0.866","7.29e-02",NA,NA,NA,0.051485941
"RAB35","Lymphocyte","ASD","Inverse variance weighted",2," 0.038","0.021"," 1.039","7.31e-02",NA,0.256519626,NA,0.130977789
"PXN","Lymphocyte","ASD","Wald ratio",1,"-0.101","0.056"," 0.904","7.31e-02",NA,NA,NA,0.049079312
"PLCH2","Lymphocyte","ASD","Wald ratio",1," 0.034","0.019"," 1.035","7.34e-02",NA,NA,NA,0.039279462
"TRANK1","Lymphocyte","ASD","Wald ratio",1,"-1.563","0.874"," 0.209","7.35e-02",NA,NA,NA,0.038982906
"ANXA5","Lymphocyte","ASD","Wald ratio",1," 2.850","1.593","17.282","7.36e-02",NA,NA,NA,0.050973507
"AMPH","Lymphocyte","ASD","Wald ratio",1,"-0.041","0.023"," 0.960","7.40e-02",NA,NA,NA,0.047824578
"TTLL11","Lymphocyte","ASD","Wald ratio",1,"-0.027","0.015"," 0.973","7.41e-02",NA,NA,NA,0.033019767
"DAB2IP","Lymphocyte","ASD","Wald ratio",1,"-0.027","0.015"," 0.973","7.41e-02",NA,NA,NA,0.029993731
"AGPAT4","Lymphocyte","ASD","Inverse variance weighted",3,"-0.031","0.017"," 0.969","7.42e-02",0.542843592,0.67352626,0.633874886,0.015219238
"EPS8L3","Lymphocyte","ASD","Wald ratio",1," 0.036","0.020"," 1.036","7.43e-02",NA,NA,NA,0.039969698
"EIF3M","Lymphocyte","ASD","Wald ratio",1,"-0.033","0.019"," 0.967","7.49e-02",NA,NA,NA,0.042074038
"STARD9","Lymphocyte","ASD","Wald ratio",1," 0.038","0.021"," 1.039","7.51e-02",NA,NA,NA,0.045565202
"IL17RD","Lymphocyte","ASD","Wald ratio",1," 0.027","0.015"," 1.027","7.55e-02",NA,NA,NA,0.032299063
"CCR5","Lymphocyte","ASD","Wald ratio",1," 0.119","0.067"," 1.127","7.61e-02",NA,NA,NA,0.034498034
"TMEM176A","Lymphocyte","ASD","Wald ratio",1," 0.062","0.035"," 1.064","7.66e-02",NA,NA,NA,0.033050108
"TMEM176A","Lymphocyte","ASD","Wald ratio",1," 0.031","0.017"," 1.031","7.66e-02",NA,NA,NA,0.033050108
"NEXN","Lymphocyte","ASD","Inverse variance weighted",2," 0.035","0.020"," 1.036","7.69e-02",NA,0.484862893,NA,0.052461635
"SLC14A1","Lymphocyte","ASD","Inverse variance weighted",2," 0.025","0.014"," 1.025","7.69e-02",NA,0.584201753,NA,0.019702762
"WBSCR17","Lymphocyte","ASD","Inverse variance weighted",3,"-0.019","0.011"," 0.981","7.83e-02",0.742885142,0.572693379,0.498857777,0.011601677
"LHB","Lymphocyte","ASD","Wald ratio",1," 0.027","0.015"," 1.027","7.88e-02",NA,NA,NA,0.031448779
"CGB1","Lymphocyte","ASD","Wald ratio",1," 0.030","0.017"," 1.030","7.88e-02",NA,NA,NA,0.031448779
"WIPI1","Lymphocyte","ASD","Wald ratio",1," 0.031","0.018"," 1.032","7.92e-02",NA,NA,NA,0.031974909
"FAM125B","Lymphocyte","ASD","Wald ratio",1,"-0.025","0.014"," 0.975","7.92e-02",NA,NA,NA,0.031124634
"KCNT1","Lymphocyte","ASD","Wald ratio",1,"-0.039","0.022"," 0.961","7.96e-02",NA,NA,NA,0.039113805
"CAMSAP1","Lymphocyte","ASD","Wald ratio",1,"-0.043","0.024"," 0.958","7.96e-02",NA,NA,NA,0.039113805
"LRRC1","Lymphocyte","ASD","Wald ratio",1," 0.044","0.025"," 1.045","8.01e-02",NA,NA,NA,0.036071362
"PDZRN4","Lymphocyte","ASD","Wald ratio",1,"-0.118","0.067"," 0.889","8.01e-02",NA,NA,NA,0.031893784
"RERE","Lymphocyte","ASD","Wald ratio",1," 0.044","0.025"," 1.045","8.04e-02",NA,NA,NA,0.030757604
"ENO1","Lymphocyte","ASD","Wald ratio",1," 0.025","0.014"," 1.025","8.04e-02",NA,NA,NA,0.030757604
"ITM2C","Lymphocyte","ASD","Inverse variance weighted",3," 0.036","0.021"," 1.037","8.05e-02",0.114715795,0.28794805,0.982282429,0.128793252
"WFDC2","Lymphocyte","ASD","Wald ratio",1,"-0.276","0.158"," 0.759","8.06e-02",NA,NA,NA,0.062812923
"HHIP","Lymphocyte","ASD","Wald ratio",1," 0.043","0.025"," 1.044","8.08e-02",NA,NA,NA,0.041690434
"STARD10","Lymphocyte","ASD","Wald ratio",1," 0.030","0.017"," 1.030","8.10e-02",NA,NA,NA,0.031816243
"ARAP1","Lymphocyte","ASD","Wald ratio",1," 0.027","0.015"," 1.027","8.10e-02",NA,NA,NA,0.031816243
"ITGA1","Lymphocyte","ASD","Wald ratio",1," 0.031","0.018"," 1.032","8.12e-02",NA,NA,NA,0.034853044
"BBS2","Lymphocyte","ASD","Wald ratio",1,"-0.028","0.016"," 0.972","8.14e-02",NA,NA,NA,0.030671699
"AMFR","Lymphocyte","ASD","Wald ratio",1,"-0.027","0.015"," 0.973","8.14e-02",NA,NA,NA,0.030681462
"SPINK2","Lymphocyte","ASD","Wald ratio",1," 0.103","0.059"," 1.109","8.14e-02",NA,NA,NA,0.0306815
"CMBL","Lymphocyte","ASD","Wald ratio",1," 0.263","0.151"," 1.301","8.15e-02",NA,NA,NA,0.032909976
"PAPPA2","Lymphocyte","ASD","Wald ratio",1," 0.045","0.026"," 1.046","8.15e-02",NA,NA,NA,0.037777169
"SNX9","Lymphocyte","ASD","Wald ratio",1,"-0.029","0.016"," 0.972","8.21e-02",NA,NA,NA,0.033077271
"SNORD93","Lymphocyte","ASD","Wald ratio",1," 0.158","0.091"," 1.172","8.22e-02",NA,NA,NA,0.031459383
"OSTBETA","Lymphocyte","ASD","Wald ratio",1,"-0.529","0.305"," 0.589","8.23e-02",NA,NA,NA,0.042085043
"MTFMT","Lymphocyte","ASD","Wald ratio",1,"-1.564","0.900"," 0.209","8.23e-02",NA,NA,NA,0.042085054
"CACNA1C","Lymphocyte","ASD","Simple mode",4,"-0.051","0.020"," 0.950","8.31e-02",0.00024342,0.000615236,0.805938666,0.495662012
"SLC6A7","Lymphocyte","ASD","Wald ratio",1," 0.251","0.145"," 1.285","8.33e-02",NA,NA,NA,0.058858744
"SLCO2A1","Lymphocyte","ASD","Wald ratio",1,"-0.257","0.148"," 0.773","8.36e-02",NA,NA,NA,0.040614773
"ITGA9","Lymphocyte","ASD","Wald ratio",1," 0.198","0.115"," 1.219","8.36e-02",NA,NA,NA,0.042729476
"ARL6IP5","Lymphocyte","ASD","Wald ratio",1," 0.077","0.045"," 1.080","8.38e-02",NA,NA,NA,0.063710294
"GOLM1","Lymphocyte","ASD","Wald ratio",1," 0.029","0.017"," 1.030","8.39e-02",NA,NA,NA,0.034376514
"MYL9","Lymphocyte","ASD","Wald ratio",1," 0.051","0.029"," 1.052","8.41e-02",NA,NA,NA,0.043673598
"PPP2R2B","Lymphocyte","ASD","Wald ratio",1," 0.083","0.048"," 1.086","8.43e-02",NA,NA,NA,0.041872072
"ANXA6","Lymphocyte","ASD","Wald ratio",1," 0.043","0.025"," 1.044","8.45e-02",NA,NA,NA,0.030191862
"MED10","Lymphocyte","ASD","Wald ratio",1,"-0.129","0.075"," 0.879","8.45e-02",NA,NA,NA,0.029371496
"FLJ33360","Lymphocyte","ASD","Wald ratio",1,"-0.025","0.014"," 0.975","8.45e-02",NA,NA,NA,0.029371496
"CSMD1","Lymphocyte","ASD","Inverse variance weighted",4," 0.031","0.018"," 1.031","8.47e-02",0.059204446,0.070601568,0.556084936,0.012016543
"LOC285456","Lymphocyte","ASD","Wald ratio",1," 0.365","0.212"," 1.441","8.52e-02",NA,NA,NA,0.029595359
"TARS","Lymphocyte","ASD","Wald ratio",1," 0.116","0.068"," 1.123","8.52e-02",NA,NA,NA,0.029592808
"LOC388796","Lymphocyte","ASD","Wald ratio",1,"-0.059","0.034"," 0.943","8.56e-02",NA,NA,NA,0.060208529
"WDR86","Lymphocyte","ASD","Wald ratio",1," 0.061","0.035"," 1.063","8.57e-02",NA,NA,NA,0.03343926
"CRYGN","Lymphocyte","ASD","Wald ratio",1," 0.519","0.302"," 1.680","8.57e-02",NA,NA,NA,0.03343926
"GRID2","Lymphocyte","ASD","Wald ratio",1," 0.088","0.051"," 1.092","8.58e-02",NA,NA,NA,0.055169157
"FAM83A","Lymphocyte","ASD","Wald ratio",1,"-0.044","0.025"," 0.957","8.59e-02",NA,NA,NA,0.045393386
"FAM83A","Lymphocyte","ASD","Wald ratio",1,"-0.134","0.078"," 0.875","8.59e-02",NA,NA,NA,0.045393386
"N4BP1","Lymphocyte","ASD","Wald ratio",1," 0.026","0.015"," 1.027","8.61e-02",NA,NA,NA,0.030938006
"IL4I1","Lymphocyte","ASD","Wald ratio",1," 0.524","0.305"," 1.688","8.65e-02",NA,NA,NA,0.034761035
"IL4I1","Lymphocyte","ASD","Wald ratio",1," 0.030","0.017"," 1.030","8.65e-02",NA,NA,NA,0.034761433
"YIPF5","Lymphocyte","ASD","Wald ratio",1," 0.039","0.023"," 1.040","8.65e-02",NA,NA,NA,0.038795869
"DNAH7","Lymphocyte","ASD","Wald ratio",1," 0.598","0.349"," 1.818","8.66e-02",NA,NA,NA,0.032579362
"PEX26","Lymphocyte","ASD","Wald ratio",1," 0.033","0.020"," 1.034","8.67e-02",NA,NA,NA,0.029791636
"GALC","Lymphocyte","ASD","Wald ratio",1," 0.068","0.040"," 1.070","8.73e-02",NA,NA,NA,0.039268764
"GALC","Lymphocyte","ASD","Wald ratio",1," 0.039","0.023"," 1.040","8.73e-02",NA,NA,NA,0.039268764
"CANX","Lymphocyte","ASD","Wald ratio",1,"-0.117","0.069"," 0.889","8.75e-02",NA,NA,NA,0.031153523
"KCNA10","Lymphocyte","ASD","Wald ratio",1," 0.028","0.016"," 1.028","8.82e-02",NA,NA,NA,0.028609032
"HSP90AA1","Lymphocyte","ASD","Wald ratio",1," 0.029","0.017"," 1.029","8.83e-02",NA,NA,NA,0.033826726
"KIAA1199","Lymphocyte","ASD","Wald ratio",1," 0.034","0.020"," 1.035","8.84e-02",NA,NA,NA,0.036265084
"ADARB2","Lymphocyte","ASD","Inverse variance weighted",4,"-0.022","0.013"," 0.978","8.91e-02",0.604825627,0.666793886,0.531701708,0.020460251
"OSBPL1A","Lymphocyte","ASD","Wald ratio",1,"-0.153","0.090"," 0.858","8.92e-02",NA,NA,NA,0.032419723
"MPZ","Lymphocyte","ASD","Wald ratio",1,"-0.043","0.025"," 0.958","8.95e-02",NA,NA,NA,0.040201589
"NLRP3","Lymphocyte","ASD","Wald ratio",1," 0.053","0.031"," 1.054","8.97e-02",NA,NA,NA,0.033214635
"GPC5","Lymphocyte","ASD","Wald ratio",1,"-0.084","0.050"," 0.919","9.00e-02",NA,NA,NA,0.034280653
"RASSF4","Lymphocyte","ASD","Wald ratio",1," 0.343","0.203"," 1.410","9.01e-02",NA,NA,NA,0.031007254
"C10orf10","Lymphocyte","ASD","Wald ratio",1," 0.189","0.112"," 1.208","9.01e-02",NA,NA,NA,0.031007254
"C10orf25","Lymphocyte","ASD","Wald ratio",1," 0.036","0.021"," 1.036","9.01e-02",NA,NA,NA,0.031007253
"BSX","Lymphocyte","ASD","Wald ratio",1,"-0.062","0.037"," 0.940","9.05e-02",NA,NA,NA,0.028229423
"SHMT1","Lymphocyte","ASD","Wald ratio",1," 0.082","0.048"," 1.086","9.05e-02",NA,NA,NA,0.028805203
"EVPLL","Lymphocyte","ASD","Wald ratio",1," 0.049","0.029"," 1.050","9.05e-02",NA,NA,NA,0.028805203
"ADAMTS12","Lymphocyte","ASD","Wald ratio",1," 0.062","0.036"," 1.064","9.07e-02",NA,NA,NA,0.046038434
"TCP10L","Lymphocyte","ASD","Wald ratio",1,"-0.040","0.024"," 0.961","9.08e-02",NA,NA,NA,0.042979211
"FAM49A","Lymphocyte","ASD","Weighted median",3," 0.024","0.014"," 1.025","9.08e-02",0.122993562,0.292437777,0.884375479,0.036518189
"XKR4","Lymphocyte","ASD","Wald ratio",1,"-0.028","0.016"," 0.973","9.09e-02",NA,NA,NA,0.027951156
"PARP1","Lymphocyte","ASD","Wald ratio",1,"-0.075","0.044"," 0.928","9.17e-02",NA,NA,NA,0.036351271
"ARSG","Lymphocyte","ASD","Wald ratio",1," 0.031","0.018"," 1.032","9.21e-02",NA,NA,NA,0.033655126
"RPL37A","Lymphocyte","ASD","Wald ratio",1,"-0.051","0.030"," 0.951","9.22e-02",NA,NA,NA,0.034177804
"MIR641","Lymphocyte","ASD","Wald ratio",1," 0.032","0.019"," 1.033","9.23e-02",NA,NA,NA,0.027624938
"TTC9B","Lymphocyte","ASD","Wald ratio",1," 0.133","0.079"," 1.142","9.23e-02",NA,NA,NA,0.027624938
"AKT2","Lymphocyte","ASD","Wald ratio",1," 0.060","0.036"," 1.062","9.23e-02",NA,NA,NA,0.027624938
"LMX1A","Lymphocyte","ASD","Wald ratio",1,"-0.263","0.156"," 0.769","9.23e-02",NA,NA,NA,0.02817814
"IL2RB","Lymphocyte","ASD","Wald ratio",1,"-0.736","0.439"," 0.479","9.36e-02",NA,NA,NA,0.030869282
"HDAC4","Lymphocyte","ASD","Weighted median",3," 0.019","0.011"," 1.019","9.36e-02",0.950597542,0.587314194,0.490644689,0.007631617
"SLC41A3","Lymphocyte","ASD","Wald ratio",1," 0.032","0.019"," 1.032","9.37e-02",NA,NA,NA,0.034126897
"CLEC1A","Lymphocyte","ASD","Wald ratio",1," 0.031","0.019"," 1.032","9.37e-02",NA,NA,NA,0.028411928
"PRKCE","Lymphocyte","ASD","Inverse variance weighted",2,"-0.022","0.013"," 0.978","9.37e-02",NA,0.874773459,NA,0.020824416
"GLRX","Lymphocyte","ASD","Wald ratio",1," 0.063","0.037"," 1.064","9.38e-02",NA,NA,NA,0.035199043
"CACNA2D1","Lymphocyte","ASD","Inverse variance weighted",2," 0.024","0.014"," 1.024","9.41e-02",NA,0.857107323,NA,0.023872521
"FUBP1","Lymphocyte","ASD","Wald ratio",1," 1.027","0.615"," 2.793","9.47e-02",NA,NA,NA,0.054142308
"CLDN23","Lymphocyte","ASD","Wald ratio",1," 0.047","0.028"," 1.048","9.47e-02",NA,NA,NA,0.03112856
"FLJ37453","Lymphocyte","ASD","Wald ratio",1,"-0.115","0.069"," 0.891","9.47e-02",NA,NA,NA,0.043002114
"VIPR2","Lymphocyte","ASD","Wald ratio",1,"-0.027","0.016"," 0.974","9.48e-02",NA,NA,NA,0.030530963
"IRX4","Lymphocyte","ASD","Wald ratio",1,"-0.107","0.064"," 0.899","9.48e-02",NA,NA,NA,0.032185366
"TMEM104","Lymphocyte","ASD","Inverse variance weighted",2," 0.031","0.018"," 1.031","9.51e-02",NA,0.370978394,NA,0.024030543
"CD6","Lymphocyte","ASD","Wald ratio",1," 0.060","0.036"," 1.061","9.51e-02",NA,NA,NA,0.028646695
"SLC6A2","Lymphocyte","ASD","Wald ratio",1," 0.055","0.033"," 1.057","9.51e-02",NA,NA,NA,0.030839194
"FBXL4","Lymphocyte","ASD","Wald ratio",1," 0.025","0.015"," 1.026","9.55e-02",NA,NA,NA,0.026703024
"VSIG10","Lymphocyte","ASD","Wald ratio",1,"-0.038","0.023"," 0.963","9.56e-02",NA,NA,NA,0.04114845
"MATN4","Lymphocyte","ASD","Wald ratio",1," 0.063","0.038"," 1.065","9.56e-02",NA,NA,NA,0.031627444
"NFKBIA","Lymphocyte","ASD","Wald ratio",1," 0.094","0.057"," 1.099","9.56e-02",NA,NA,NA,0.034315527
"C3orf67","Lymphocyte","ASD","Wald ratio",1,"-0.055","0.033"," 0.947","9.60e-02",NA,NA,NA,0.03297549
"PDE4B","Lymphocyte","ASD","Wald ratio",1," 0.300","0.180"," 1.350","9.65e-02",NA,NA,NA,0.028329185
"SH3PXD2A","Lymphocyte","ASD","Inverse variance weighted",2,"-0.045","0.027"," 0.956","9.65e-02",NA,0.653333824,NA,0.011738218
"C21orf130","Lymphocyte","ASD","Wald ratio",1,"-0.032","0.019"," 0.968","9.67e-02",NA,NA,NA,0.03455396
"OPN3","Lymphocyte","ASD","Wald ratio",1," 0.133","0.080"," 1.142","9.68e-02",NA,NA,NA,0.030797541
"CYFIP1","Lymphocyte","ASD","Wald ratio",1," 0.041","0.025"," 1.042","9.71e-02",NA,NA,NA,0.032664014
"CRELD2","Lymphocyte","ASD","Wald ratio",1,"-0.153","0.092"," 0.858","9.77e-02",NA,NA,NA,0.041857858
"AFMID","Lymphocyte","ASD","Wald ratio",1,"-0.065","0.039"," 0.937","9.79e-02",NA,NA,NA,0.053455951
"PVT1","Lymphocyte","ASD","Inverse variance weighted",2,"-0.031","0.019"," 0.969","9.88e-02",NA,0.192345688,NA,0.046993945
"GMPR","Lymphocyte","ASD","Wald ratio",1,"-0.309","0.188"," 0.734","9.99e-02",NA,NA,NA,0.026323999
"FLT4","Lymphocyte","ASD","Wald ratio",1,"-0.031","0.019"," 0.970","9.99e-02",NA,NA,NA,0.028815561
"GPAM","Lymphocyte","ASD","Wald ratio",1,"-0.046","0.028"," 0.955","1.00e-01",NA,NA,NA,0.035494845
"IREB2","Lymphocyte","ASD","Wald ratio",1,"-0.118","0.072"," 0.888","1.00e-01",NA,NA,NA,0.027155697
"ADCK2","Lymphocyte","ASD","Wald ratio",1," 1.119","0.682"," 3.060","1.01e-01",NA,NA,NA,0.046061345
"HBBP1","Lymphocyte","ASD","Wald ratio",1," 0.065","0.040"," 1.067","1.01e-01",NA,NA,NA,0.027138726
"CLCA2","Lymphocyte","ASD","Wald ratio",1," 0.025","0.015"," 1.026","1.01e-01",NA,NA,NA,0.027958348
"C5orf35","Lymphocyte","ASD","Wald ratio",1,"-1.396","0.852"," 0.248","1.01e-01",NA,NA,NA,0.035509106
"AIM2","Lymphocyte","ASD","Wald ratio",1," 0.063","0.039"," 1.065","1.02e-01",NA,NA,NA,0.054925729
"AGPAT4","Lymphocyte","ASD","Weighted median",3,"-0.030","0.018"," 0.970","1.02e-01",0.542843592,0.67352626,0.633874886,0.015219238
"C1orf150","Lymphocyte","ASD","Wald ratio",1,"-0.105","0.064"," 0.900","1.02e-01",NA,NA,NA,0.029050111
"TTC39C","Lymphocyte","ASD","Wald ratio",1," 0.063","0.039"," 1.065","1.02e-01",NA,NA,NA,0.032308083
"CDYL2","Lymphocyte","ASD","Wald ratio",1,"-0.024","0.014"," 0.977","1.02e-01",NA,NA,NA,0.025474052
"SNX5","Lymphocyte","ASD","Wald ratio",1,"-0.049","0.030"," 0.952","1.03e-01",NA,NA,NA,0.025194819
"TCL1B","Lymphocyte","ASD","Wald ratio",1,"-0.037","0.023"," 0.964","1.03e-01",NA,NA,NA,0.025459592
"TAGLN3","Lymphocyte","ASD","Wald ratio",1," 0.097","0.059"," 1.101","1.04e-01",NA,NA,NA,0.044480015
"FAM178B","Lymphocyte","ASD","Wald ratio",1," 0.038","0.023"," 1.039","1.04e-01",NA,NA,NA,0.036253837
"IGSF22","Lymphocyte","ASD","Wald ratio",1," 0.325","0.200"," 1.385","1.04e-01",NA,NA,NA,0.025743044
"TMEM86A","Lymphocyte","ASD","Wald ratio",1," 0.086","0.053"," 1.089","1.04e-01",NA,NA,NA,0.025743044
"SIRPB2","Lymphocyte","ASD","Wald ratio",1," 0.056","0.034"," 1.057","1.04e-01",NA,NA,NA,0.027398004
"TM4SF1","Lymphocyte","ASD","Wald ratio",1," 0.069","0.042"," 1.071","1.04e-01",NA,NA,NA,0.036255577
"PFN2","Lymphocyte","ASD","Wald ratio",1,"-0.027","0.016"," 0.974","1.04e-01",NA,NA,NA,0.026841458
"TFB1M","Lymphocyte","ASD","Wald ratio",1," 0.029","0.018"," 1.029","1.05e-01",NA,NA,NA,0.02654999
"HDAC4","Lymphocyte","ASD","Inverse variance weighted",3," 0.016","0.010"," 1.016","1.05e-01",0.950597542,0.587314194,0.490644689,0.007631617
"PRKG1","Lymphocyte","ASD","Inverse variance weighted",2," 0.026","0.016"," 1.026","1.06e-01",NA,0.48073333,NA,0.010710692
"B3GAT2","Lymphocyte","ASD","Wald ratio",1," 0.040","0.025"," 1.041","1.06e-01",NA,NA,NA,0.032329166
"SIRPB2","Lymphocyte","ASD","Wald ratio",1,"-0.075","0.047"," 0.927","1.06e-01",NA,NA,NA,0.034654149
"PPP3R1","Lymphocyte","ASD","Wald ratio",1,"-0.044","0.028"," 0.957","1.07e-01",NA,NA,NA,0.025741181
"MACF1","Lymphocyte","ASD","Wald ratio",1," 0.038","0.024"," 1.039","1.07e-01",NA,NA,NA,0.024900873
"NDUFS5","Lymphocyte","ASD","Wald ratio",1," 0.028","0.018"," 1.029","1.07e-01",NA,NA,NA,0.024002875
"AKIRIN1","Lymphocyte","ASD","Wald ratio",1," 0.201","0.125"," 1.222","1.07e-01",NA,NA,NA,0.024900873
"C12orf34","Lymphocyte","ASD","Wald ratio",1,"-3.450","2.144"," 0.032","1.08e-01",NA,NA,NA,0.05612756
"CNGB1","Lymphocyte","ASD","Inverse variance weighted",2,"-0.050","0.031"," 0.951","1.08e-01",NA,0.815630172,NA,0.011787853
"DNAJC6","Lymphocyte","ASD","Wald ratio",1," 0.072","0.045"," 1.075","1.08e-01",NA,NA,NA,0.025184339
"GUSBL2","Lymphocyte","ASD","Wald ratio",1,"-0.043","0.026"," 0.958","1.08e-01",NA,NA,NA,0.043168809
"PAH","Lymphocyte","ASD","Wald ratio",1," 0.056","0.035"," 1.058","1.08e-01",NA,NA,NA,0.02573018
"USH2A","Lymphocyte","ASD","Wald ratio",1,"-0.048","0.030"," 0.954","1.10e-01",NA,NA,NA,0.042668441
"ACCN4","Lymphocyte","ASD","Wald ratio",1," 0.029","0.018"," 1.030","1.10e-01",NA,NA,NA,0.024348271
"CA8","Lymphocyte","ASD","Wald ratio",1,"-0.024","0.015"," 0.977","1.10e-01",NA,NA,NA,0.024340961
"CARHSP1","Lymphocyte","ASD","Wald ratio",1," 0.047","0.030"," 1.049","1.10e-01",NA,NA,NA,0.034381055
"PMM2","Lymphocyte","ASD","Wald ratio",1," 0.035","0.022"," 1.036","1.10e-01",NA,NA,NA,0.034386309
"TMEM186","Lymphocyte","ASD","Wald ratio",1," 0.033","0.021"," 1.034","1.10e-01",NA,NA,NA,0.034386309
"C20orf26","Lymphocyte","ASD","Wald ratio",1,"-0.059","0.037"," 0.943","1.10e-01",NA,NA,NA,0.043914603
"C20orf26","Lymphocyte","ASD","Wald ratio",1,"-0.062","0.039"," 0.940","1.10e-01",NA,NA,NA,0.043914603
"PRR5L","Lymphocyte","ASD","Wald ratio",1," 0.028","0.018"," 1.029","1.10e-01",NA,NA,NA,0.029035305
"AKAP13","Lymphocyte","ASD","Wald ratio",1,"-0.023","0.015"," 0.977","1.10e-01",NA,NA,NA,0.024089017
"ZMIZ1","Lymphocyte","ASD","Weighted median",3,"-0.023","0.014"," 0.978","1.10e-01",0.28824439,0.454472742,0.641522425,0.017126337
"MYBPC1","Lymphocyte","ASD","Wald ratio",1," 0.064","0.040"," 1.066","1.11e-01",NA,NA,NA,0.032263092
"POLR2B","Lymphocyte","ASD","Wald ratio",1," 0.033","0.021"," 1.034","1.11e-01",NA,NA,NA,0.033470873
"RINT1","Lymphocyte","ASD","Wald ratio",1,"-0.045","0.029"," 0.956","1.11e-01",NA,NA,NA,0.024370254
"SLC22A15","Lymphocyte","ASD","Wald ratio",1,"-0.076","0.048"," 0.926","1.12e-01",NA,NA,NA,0.027119647
"ARMS2","Lymphocyte","ASD","Wald ratio",1," 0.027","0.017"," 1.027","1.12e-01",NA,NA,NA,0.028499914
"HTRA1","Lymphocyte","ASD","Wald ratio",1," 0.157","0.099"," 1.170","1.12e-01",NA,NA,NA,0.028499872
"TIMP2","Lymphocyte","ASD","Wald ratio",1," 0.028","0.017"," 1.028","1.13e-01",NA,NA,NA,0.023532919
"SPOCK1","Lymphocyte","ASD","Wald ratio",1," 0.047","0.030"," 1.048","1.13e-01",NA,NA,NA,0.028501173
"PDE4C","Lymphocyte","ASD","Wald ratio",1,"-0.031","0.020"," 0.969","1.13e-01",NA,NA,NA,0.024112882
"MFSD4","Lymphocyte","ASD","Wald ratio",1," 0.550","0.348"," 1.733","1.13e-01",NA,NA,NA,0.023547799
"SGK2","Lymphocyte","ASD","Wald ratio",1," 0.036","0.023"," 1.037","1.14e-01",NA,NA,NA,0.034684427
"CACNA1E","Lymphocyte","ASD","Wald ratio",1,"-0.292","0.185"," 0.747","1.14e-01",NA,NA,NA,0.03390296
"CAPN14","Lymphocyte","ASD","Wald ratio",1," 0.033","0.021"," 1.034","1.14e-01",NA,NA,NA,0.02521975
"C1orf14","Lymphocyte","ASD","Wald ratio",1," 0.115","0.073"," 1.122","1.14e-01",NA,NA,NA,0.039906928
"MYO3B","Lymphocyte","ASD","Weighted median",3," 0.022","0.014"," 1.022","1.14e-01",0.016854987,0.054119114,0.907712976,0.023918958
"ZFP36L2","Lymphocyte","ASD","Wald ratio",1," 0.630","0.400"," 1.878","1.15e-01",NA,NA,NA,0.028548236
"FGF20","Lymphocyte","ASD","Wald ratio",1," 0.057","0.036"," 1.058","1.15e-01",NA,NA,NA,0.023284682
"PLEKHH2","Lymphocyte","ASD","Wald ratio",1," 0.031","0.020"," 1.031","1.15e-01",NA,NA,NA,0.031781458
"ADARB2","Lymphocyte","ASD","Weighted median",4,"-0.023","0.014"," 0.977","1.16e-01",0.604825627,0.666793886,0.531701708,0.020460251
"KLHL33","Lymphocyte","ASD","Wald ratio",1," 0.024","0.015"," 1.024","1.16e-01",NA,NA,NA,0.020805973
"GPATCH1","Lymphocyte","ASD","Wald ratio",1,"-0.060","0.038"," 0.942","1.16e-01",NA,NA,NA,0.040204893
"RASGRF1","Lymphocyte","ASD","Wald ratio",1," 0.034","0.022"," 1.034","1.17e-01",NA,NA,NA,0.023327541
"DRD2","Lymphocyte","ASD","Wald ratio",1,"-0.113","0.072"," 0.893","1.17e-01",NA,NA,NA,0.036576377
"CCDC91","Lymphocyte","ASD","Wald ratio",1,"-0.026","0.017"," 0.974","1.17e-01",NA,NA,NA,0.023509339
"LILRB1","Lymphocyte","ASD","Wald ratio",1,"-0.393","0.251"," 0.675","1.17e-01",NA,NA,NA,0.024425924
"TGFBRAP1","Lymphocyte","ASD","Wald ratio",1," 0.168","0.107"," 1.183","1.17e-01",NA,NA,NA,0.029109513
"LSAMP","Lymphocyte","ASD","Weighted median",4," 0.034","0.022"," 1.035","1.17e-01",0.043495664,0.078658977,0.721611214,0.009854196
"RGS12","Lymphocyte","ASD","Wald ratio",1,"-0.024","0.015"," 0.976","1.18e-01",NA,NA,NA,0.023030968
"IRX6","Lymphocyte","ASD","Wald ratio",1," 0.073","0.047"," 1.076","1.18e-01",NA,NA,NA,0.023045261
"SETBP1","Lymphocyte","ASD","Wald ratio",1," 0.041","0.026"," 1.042","1.18e-01",NA,NA,NA,0.033972322
"ASCL2","Lymphocyte","ASD","Wald ratio",1," 0.125","0.080"," 1.133","1.18e-01",NA,NA,NA,0.028878029
"H6PD","Lymphocyte","ASD","Wald ratio",1," 0.043","0.028"," 1.044","1.18e-01",NA,NA,NA,0.026393969
"DENND2A","Lymphocyte","ASD","Wald ratio",1," 0.029","0.019"," 1.030","1.18e-01",NA,NA,NA,0.022792758
"ERICH1","Lymphocyte","ASD","Wald ratio",1,"-0.029","0.018"," 0.972","1.18e-01",NA,NA,NA,0.026692661
"CDA","Lymphocyte","ASD","Wald ratio",1," 0.052","0.033"," 1.053","1.18e-01",NA,NA,NA,0.024196265
"FAM49A","Lymphocyte","ASD","Inverse variance weighted",3," 0.023","0.015"," 1.023","1.19e-01",0.122993562,0.292437777,0.884375479,0.036518189
"DDIT4L","Lymphocyte","ASD","Wald ratio",1," 0.027","0.018"," 1.028","1.19e-01",NA,NA,NA,0.027789993
"APOL4","Lymphocyte","ASD","Wald ratio",1," 0.037","0.024"," 1.038","1.20e-01",NA,NA,NA,0.028915117
"ATXN7L1","Lymphocyte","ASD","Inverse variance weighted",2," 0.018","0.012"," 1.018","1.20e-01",NA,0.678675569,NA,0.009047215
"IRS1","Lymphocyte","ASD","Wald ratio",1,"-0.043","0.028"," 0.958","1.20e-01",NA,NA,NA,0.040795311
"EMP2","Lymphocyte","ASD","Wald ratio",1," 0.057","0.037"," 1.059","1.20e-01",NA,NA,NA,0.022540283
"RELT","Lymphocyte","ASD","Wald ratio",1,"-0.053","0.034"," 0.948","1.21e-01",NA,NA,NA,0.033188543
"ARHGEF17","Lymphocyte","ASD","Wald ratio",1,"-0.041","0.027"," 0.960","1.21e-01",NA,NA,NA,0.03323387
"ZBED4","Lymphocyte","ASD","Inverse variance weighted",2,"-0.031","0.020"," 0.970","1.21e-01",NA,0.524309206,NA,0.04097172
"GPR85","Lymphocyte","ASD","Wald ratio",1," 0.033","0.021"," 1.033","1.21e-01",NA,NA,NA,0.023126863
"RAB3IP","Lymphocyte","ASD","Wald ratio",1,"-0.311","0.201"," 0.733","1.21e-01",NA,NA,NA,0.044345567
"HS6ST3","Lymphocyte","ASD","Inverse variance weighted",2," 0.033","0.021"," 1.033","1.21e-01",NA,0.561713651,NA,0.039774624
"CFHR5","Lymphocyte","ASD","Wald ratio",1," 0.057","0.037"," 1.058","1.22e-01",NA,NA,NA,0.035916209
"CCT2","Lymphocyte","ASD","Wald ratio",1,"-0.026","0.017"," 0.974","1.22e-01",NA,NA,NA,0.022718007
"NCRNA00111","Lymphocyte","ASD","Wald ratio",1," 0.039","0.025"," 1.040","1.23e-01",NA,NA,NA,0.022292178
"UBE2E3","Lymphocyte","ASD","Wald ratio",1,"-0.028","0.018"," 0.972","1.23e-01",NA,NA,NA,0.024577653
"IFT140","Lymphocyte","ASD","Wald ratio",1," 0.092","0.060"," 1.097","1.23e-01",NA,NA,NA,0.042157759
"TM4SF4","Lymphocyte","ASD","Wald ratio",1," 0.024","0.016"," 1.025","1.24e-01",NA,NA,NA,0.022348898
"FRMD4A","Lymphocyte","ASD","Inverse variance weighted",2,"-0.074","0.048"," 0.929","1.24e-01",NA,0.166814874,NA,0.079077935
"C12orf71","Lymphocyte","ASD","Wald ratio",1," 0.026","0.017"," 1.026","1.24e-01",NA,NA,NA,0.021799226
"PTPRN2","Lymphocyte","ASD","MR Egger",8,"-0.027","0.015"," 0.974","1.25e-01",0.722990803,0.264129402,0.063033846,0.013117373
"SMAD3","Lymphocyte","ASD","Wald ratio",1,"-0.026","0.017"," 0.975","1.26e-01",NA,NA,NA,0.022680887
"KIF26B","Lymphocyte","ASD","Inverse variance weighted",2," 0.043","0.028"," 1.044","1.26e-01",NA,0.205810977,NA,0.016382112
"MLLT1","Lymphocyte","ASD","Wald ratio",1,"-0.028","0.018"," 0.973","1.26e-01",NA,NA,NA,0.02662351
"PRKD2","Lymphocyte","ASD","Wald ratio",1,"-0.024","0.016"," 0.977","1.26e-01",NA,NA,NA,0.021547756
"VIPR1","Lymphocyte","ASD","Wald ratio",1," 0.025","0.016"," 1.025","1.26e-01",NA,NA,NA,0.021843066
"KHNYN","Lymphocyte","ASD","Wald ratio",1," 0.293","0.191"," 1.340","1.26e-01",NA,NA,NA,0.024375717
"MEST","Lymphocyte","ASD","Wald ratio",1," 0.088","0.058"," 1.092","1.26e-01",NA,NA,NA,0.042033249
"GNG12","Lymphocyte","ASD","Inverse variance weighted",2,"-0.099","0.065"," 0.905","1.27e-01",NA,0.105951917,NA,0.234061301
"CD9","Lymphocyte","ASD","Wald ratio",1,"-0.073","0.048"," 0.930","1.27e-01",NA,NA,NA,0.022409265
"PAX9","Lymphocyte","ASD","Wald ratio",1," 0.247","0.161"," 1.280","1.27e-01",NA,NA,NA,0.025229456
"AXL","Lymphocyte","ASD","Wald ratio",1,"-0.080","0.053"," 0.923","1.27e-01",NA,NA,NA,0.022160737
"AXL","Lymphocyte","ASD","Wald ratio",1,"-0.146","0.096"," 0.864","1.27e-01",NA,NA,NA,0.022160737
"C6orf129","Lymphocyte","ASD","Wald ratio",1,"-0.025","0.016"," 0.976","1.27e-01",NA,NA,NA,0.022454752
"LOC729668","Lymphocyte","ASD","Wald ratio",1," 0.024","0.016"," 1.024","1.28e-01",NA,NA,NA,0.022729652
"FRG1","Lymphocyte","ASD","Wald ratio",1,"-0.043","0.028"," 0.958","1.28e-01",NA,NA,NA,0.02330895
"DNAH5","Lymphocyte","ASD","Wald ratio",1,"-0.028","0.018"," 0.972","1.28e-01",NA,NA,NA,0.026390096
"DSP","Lymphocyte","ASD","Wald ratio",1,"-0.027","0.018"," 0.973","1.28e-01",NA,NA,NA,0.022184706
"STK39","Lymphocyte","ASD","Wald ratio",1," 0.024","0.016"," 1.024","1.29e-01",NA,NA,NA,0.023042421
"ST7","Lymphocyte","ASD","Wald ratio",1,"-0.047","0.031"," 0.954","1.29e-01",NA,NA,NA,0.034065076
"UGT1A10","Lymphocyte","ASD","Wald ratio",1," 0.022","0.015"," 1.023","1.29e-01",NA,NA,NA,0.021347003
"IGHMBP2","Lymphocyte","ASD","Wald ratio",1," 1.076","0.710"," 2.934","1.29e-01",NA,NA,NA,0.022796595
"MRGPRF","Lymphocyte","ASD","Wald ratio",1," 0.084","0.056"," 1.088","1.29e-01",NA,NA,NA,0.022796595
"IGHMBP2","Lymphocyte","ASD","Wald ratio",1," 0.983","0.648"," 2.672","1.29e-01",NA,NA,NA,0.022796595
"FOSB","Lymphocyte","ASD","Wald ratio",1," 0.053","0.035"," 1.054","1.29e-01",NA,NA,NA,0.022497166
"ASAP3","Lymphocyte","ASD","Wald ratio",1," 0.032","0.021"," 1.033","1.30e-01",NA,NA,NA,0.027321087
"AFAP1","Lymphocyte","ASD","Wald ratio",1,"-0.022","0.015"," 0.978","1.30e-01",NA,NA,NA,0.014614405
"PIGS","Lymphocyte","ASD","Wald ratio",1,"-0.047","0.031"," 0.954","1.30e-01",NA,NA,NA,0.022532985
"KIAA0100","Lymphocyte","ASD","Wald ratio",1,"-0.222","0.147"," 0.801","1.30e-01",NA,NA,NA,0.022532965
"RAB34","Lymphocyte","ASD","Wald ratio",1,"-0.029","0.019"," 0.972","1.30e-01",NA,NA,NA,0.022494406
"ELOVL5","Lymphocyte","ASD","Wald ratio",1,"-1.735","1.147"," 0.176","1.30e-01",NA,NA,NA,0.029265105
"LOC339524","Lymphocyte","ASD","Wald ratio",1," 0.031","0.021"," 1.032","1.30e-01",NA,NA,NA,0.02367593
"FHL3","Lymphocyte","ASD","Wald ratio",1,"-0.035","0.023"," 0.966","1.30e-01",NA,NA,NA,0.031200704
"ZNF366","Lymphocyte","ASD","Wald ratio",1," 0.036","0.024"," 1.036","1.31e-01",NA,NA,NA,0.026507328
"RBMS1","Lymphocyte","ASD","Wald ratio",1," 0.031","0.021"," 1.032","1.31e-01",NA,NA,NA,0.02142214
"C22orf33","Lymphocyte","ASD","Wald ratio",1," 0.052","0.035"," 1.054","1.31e-01",NA,NA,NA,0.02112849
"B3GALT5","Lymphocyte","ASD","Wald ratio",1," 0.100","0.067"," 1.106","1.31e-01",NA,NA,NA,0.025969003
"CCDC87","Lymphocyte","ASD","Wald ratio",1," 0.113","0.075"," 1.120","1.32e-01",NA,NA,NA,0.020879969
"NRN1","Lymphocyte","ASD","Wald ratio",1," 0.050","0.033"," 1.051","1.32e-01",NA,NA,NA,0.022604968
"EXT1","Lymphocyte","ASD","Wald ratio",1,"-0.024","0.016"," 0.976","1.32e-01",NA,NA,NA,0.023459734
"FLT3","Lymphocyte","ASD","Wald ratio",1,"-0.074","0.049"," 0.929","1.32e-01",NA,NA,NA,0.026857416
"PLS1","Lymphocyte","ASD","Wald ratio",1,"-0.051","0.034"," 0.950","1.32e-01",NA,NA,NA,0.027696902
"MGC45800","Lymphocyte","ASD","Wald ratio",1,"-0.061","0.041"," 0.941","1.33e-01",NA,NA,NA,0.021773637
"MIR548F3","Lymphocyte","ASD","Wald ratio",1," 0.031","0.021"," 1.032","1.33e-01",NA,NA,NA,0.02148363
"C18orf21","Lymphocyte","ASD","Wald ratio",1," 0.187","0.124"," 1.206","1.33e-01",NA,NA,NA,0.024336825
"REN","Lymphocyte","ASD","Wald ratio",1,"-0.035","0.023"," 0.966","1.33e-01",NA,NA,NA,0.030215403
"LOC387646","Lymphocyte","ASD","Wald ratio",1," 0.028","0.019"," 1.028","1.34e-01",NA,NA,NA,0.022382835
"GPC2","Lymphocyte","ASD","Wald ratio",1," 0.104","0.069"," 1.109","1.34e-01",NA,NA,NA,0.024653916
"GATS","Lymphocyte","ASD","Wald ratio",1," 0.040","0.027"," 1.041","1.34e-01",NA,NA,NA,0.024653916
"GATS","Lymphocyte","ASD","Wald ratio",1," 0.061","0.041"," 1.063","1.34e-01",NA,NA,NA,0.024653916
"NPS","Lymphocyte","ASD","Wald ratio",1,"-0.025","0.016"," 0.976","1.34e-01",NA,NA,NA,0.022404199
"ANXA2","Lymphocyte","ASD","Wald ratio",1," 0.026","0.017"," 1.026","1.34e-01",NA,NA,NA,0.023275826
"ANXA2","Lymphocyte","ASD","Wald ratio",1," 0.026","0.017"," 1.026","1.34e-01",NA,NA,NA,0.0148888
"ZFYVE27","Lymphocyte","ASD","Wald ratio",1,"-0.105","0.070"," 0.900","1.34e-01",NA,NA,NA,0.024970784
"ARL4C","Lymphocyte","ASD","Wald ratio",1,"-0.189","0.126"," 0.828","1.34e-01",NA,NA,NA,0.024970018
"RPS6KA2","Lymphocyte","ASD","Weighted median",7," 0.014","0.009"," 1.014","1.34e-01",0.04052281,0.041802741,0.462679978,0.051213947
"CSMD3","Lymphocyte","ASD","Wald ratio",1," 0.026","0.017"," 1.026","1.35e-01",NA,NA,NA,0.022980332
"SMYD3","Lymphocyte","ASD","Weighted median",3,"-0.019","0.013"," 0.981","1.35e-01",0.705508355,0.522001957,0.476761108,0.010902123
"SLC2A2","Lymphocyte","ASD","Wald ratio",1,"-0.107","0.072"," 0.898","1.36e-01",NA,NA,NA,0.029231147
"FAM59A","Lymphocyte","ASD","Wald ratio",1,"-0.043","0.029"," 0.957","1.36e-01",NA,NA,NA,0.026743392
"C9orf98","Lymphocyte","ASD","Wald ratio",1," 0.031","0.021"," 1.031","1.36e-01",NA,NA,NA,0.025606001
"ZP2","Lymphocyte","ASD","Wald ratio",1,"-0.040","0.027"," 0.961","1.36e-01",NA,NA,NA,0.02277506
"HINFP","Lymphocyte","ASD","Wald ratio",1,"-0.049","0.033"," 0.952","1.36e-01",NA,NA,NA,0.02048343
"C2CD2L","Lymphocyte","ASD","Wald ratio",1,"-0.082","0.055"," 0.921","1.36e-01",NA,NA,NA,0.020483563
"GOLPH3","Lymphocyte","ASD","Wald ratio",1,"-0.037","0.025"," 0.964","1.36e-01",NA,NA,NA,0.021328806
"RALBP1","Lymphocyte","ASD","Wald ratio",1," 0.044","0.030"," 1.045","1.36e-01",NA,NA,NA,0.020760912
"VGF","Lymphocyte","ASD","Wald ratio",1," 0.075","0.050"," 1.078","1.37e-01",NA,NA,NA,0.023948897
"NRG2","Lymphocyte","ASD","Wald ratio",1,"-0.190","0.128"," 0.827","1.37e-01",NA,NA,NA,0.029310857
"SLC7A4","Lymphocyte","ASD","Wald ratio",1,"-0.026","0.017"," 0.975","1.37e-01",NA,NA,NA,0.021087662
"EXOC3","Lymphocyte","ASD","Wald ratio",1,"-0.023","0.016"," 0.977","1.37e-01",NA,NA,NA,0.020220836
"SLC9A3","Lymphocyte","ASD","Wald ratio",1,"-0.022","0.015"," 0.978","1.37e-01",NA,NA,NA,0.020220837
"CLN8","Lymphocyte","ASD","Wald ratio",1,"-0.034","0.023"," 0.966","1.38e-01",NA,NA,NA,0.027685404
"LCP2","Lymphocyte","ASD","Wald ratio",1," 0.029","0.020"," 1.030","1.38e-01",NA,NA,NA,0.022568541
"C1orf187","Lymphocyte","ASD","Wald ratio",1," 0.034","0.023"," 1.034","1.38e-01",NA,NA,NA,0.022566777
"TWSG1","Lymphocyte","ASD","Wald ratio",1," 0.545","0.367"," 1.724","1.38e-01",NA,NA,NA,0.034841135
"PRDM16","Lymphocyte","ASD","Inverse variance weighted",3," 0.016","0.010"," 1.016","1.38e-01",0.46142734,0.743197145,0.858391567,0.007295791
"CTSL1","Lymphocyte","ASD","Wald ratio",1,"-0.052","0.035"," 0.949","1.39e-01",NA,NA,NA,0.020881623
"KIAA1609","Lymphocyte","ASD","Wald ratio",1," 0.131","0.088"," 1.140","1.39e-01",NA,NA,NA,0.024067553
"HEATR6","Lymphocyte","ASD","Wald ratio",1,"-0.085","0.058"," 0.918","1.39e-01",NA,NA,NA,0.032498833
"RNF44","Lymphocyte","ASD","Wald ratio",1,"-0.039","0.026"," 0.962","1.39e-01",NA,NA,NA,0.025796819
"LMO1","Lymphocyte","ASD","Wald ratio",1,"-0.428","0.290"," 0.652","1.40e-01",NA,NA,NA,0.020916688
"EXOC4","Lymphocyte","ASD","Wald ratio",1," 0.022","0.015"," 1.022","1.40e-01",NA,NA,NA,0.020050557
"ZFYVE19","Lymphocyte","ASD","Wald ratio",1," 0.023","0.015"," 1.023","1.40e-01",NA,NA,NA,0.020621921
"APPL2","Lymphocyte","ASD","Wald ratio",1,"-0.097","0.066"," 0.907","1.40e-01",NA,NA,NA,0.036082745
"CSMD1","Lymphocyte","ASD","Weighted mode",4," 0.028","0.014"," 1.028","1.40e-01",0.059204446,0.070601568,0.556084936,0.012016543
"LOC732275","Lymphocyte","ASD","Wald ratio",1,"-0.036","0.024"," 0.965","1.40e-01",NA,NA,NA,0.02754112
"RPL36AL","Lymphocyte","ASD","Wald ratio",1,"-0.565","0.384"," 0.568","1.41e-01",NA,NA,NA,0.023577585
"FAM82B","Lymphocyte","ASD","Wald ratio",1,"-1.100","0.748"," 0.333","1.41e-01",NA,NA,NA,0.022443138
"UCHL3","Lymphocyte","ASD","Wald ratio",1," 0.021","0.015"," 1.022","1.41e-01",NA,NA,NA,0.018526373
"RPS6KA2","Lymphocyte","ASD","Weighted mode",7," 0.019","0.011"," 1.019","1.42e-01",0.04052281,0.041802741,0.462679978,0.051213947
"DCK","Lymphocyte","ASD","Wald ratio",1," 0.165","0.112"," 1.180","1.42e-01",NA,NA,NA,0.046269957
"MKL2","Lymphocyte","ASD","Wald ratio",1,"-0.044","0.030"," 0.957","1.42e-01",NA,NA,NA,0.037776067
"PTPN7","Lymphocyte","ASD","Wald ratio",1,"-1.146","0.782"," 0.318","1.43e-01",NA,NA,NA,0.041292164
"UPK1B","Lymphocyte","ASD","Wald ratio",1," 0.030","0.021"," 1.031","1.43e-01",NA,NA,NA,0.022793307
"C6orf10","Lymphocyte","ASD","Wald ratio",1,"-0.029","0.020"," 0.972","1.44e-01",NA,NA,NA,0.024622364
"ENOSF1","Lymphocyte","ASD","Wald ratio",1,"-1.906","1.306"," 0.149","1.44e-01",NA,NA,NA,0.03062242
"AKAP8L","Lymphocyte","ASD","Wald ratio",1," 0.180","0.124"," 1.198","1.45e-01",NA,NA,NA,0.030349804
"NOTCH3","Lymphocyte","ASD","Wald ratio",1," 0.133","0.091"," 1.142","1.45e-01",NA,NA,NA,0.030349827
"ARGLU1","Lymphocyte","ASD","Wald ratio",1,"-0.036","0.025"," 0.965","1.45e-01",NA,NA,NA,0.021451423
"LAMC2","Lymphocyte","ASD","Wald ratio",1,"-0.120","0.082"," 0.887","1.45e-01",NA,NA,NA,0.020892004
"LAMC2","Lymphocyte","ASD","Wald ratio",1,"-0.462","0.317"," 0.630","1.45e-01",NA,NA,NA,0.020892025
"ERC2","Lymphocyte","ASD","Weighted median",3,"-0.021","0.014"," 0.979","1.46e-01",0.698250939,0.074849146,0.266911255,0.017071087
"MAGI2","Lymphocyte","ASD","Weighted median",3,"-0.037","0.025"," 0.964","1.46e-01",0.215286335,0.36505205,0.675471367,0.010074614
"RNF213","Lymphocyte","ASD","Wald ratio",1," 0.285","0.196"," 1.329","1.46e-01",NA,NA,NA,0.019449978
"PAQR6","Lymphocyte","ASD","Wald ratio",1,"-0.893","0.615"," 0.410","1.47e-01",NA,NA,NA,0.02301202
"TMEM79","Lymphocyte","ASD","Wald ratio",1,"-0.131","0.090"," 0.877","1.47e-01",NA,NA,NA,0.023012392
"LARGE","Lymphocyte","ASD","Wald ratio",1," 0.026","0.018"," 1.026","1.47e-01",NA,NA,NA,0.02006675
"KIAA0427","Lymphocyte","ASD","Inverse variance weighted",2," 0.016","0.011"," 1.016","1.47e-01",NA,0.483494176,NA,0.021718716
"IQGAP2","Lymphocyte","ASD","Inverse variance weighted",2," 0.021","0.015"," 1.022","1.47e-01",NA,0.624451659,NA,0.009543028
"ARHGEF16","Lymphocyte","ASD","Wald ratio",1," 0.053","0.037"," 1.054","1.48e-01",NA,NA,NA,0.030275909
"SEMA3E","Lymphocyte","ASD","Wald ratio",1,"-0.335","0.231"," 0.715","1.48e-01",NA,NA,NA,0.033907869
"TBL2","Lymphocyte","ASD","Wald ratio",1," 0.297","0.205"," 1.346","1.48e-01",NA,NA,NA,0.021019903
"KCNQ1","Lymphocyte","ASD","Inverse variance weighted",4,"-0.015","0.010"," 0.986","1.48e-01",0.423905392,0.610479878,0.777642187,0.009952087
"KCNS3","Lymphocyte","ASD","Wald ratio",1," 0.055","0.038"," 1.056","1.48e-01",NA,NA,NA,0.035063882
"C4orf37","Lymphocyte","ASD","Wald ratio",1," 0.346","0.239"," 1.413","1.48e-01",NA,NA,NA,0.01952958
"ZNF365","Lymphocyte","ASD","Inverse variance weighted",2,"-0.049","0.034"," 0.952","1.48e-01",NA,0.191295131,NA,0.063020315
"PRSS37","Lymphocyte","ASD","Wald ratio",1,"-0.028","0.020"," 0.972","1.48e-01",NA,NA,NA,0.025448353
"PALM2","Lymphocyte","ASD","Wald ratio",1," 0.024","0.016"," 1.024","1.48e-01",NA,NA,NA,0.014884741
"CLCC1","Lymphocyte","ASD","Wald ratio",1,"-0.022","0.015"," 0.979","1.48e-01",NA,NA,NA,0.019241255
"LSAMP","Lymphocyte","ASD","Weighted mode",4," 0.042","0.022"," 1.043","1.48e-01",0.043495664,0.078658977,0.721611214,0.009854196
"ANKRD56","Lymphocyte","ASD","Wald ratio",1," 0.693","0.481"," 2.001","1.49e-01",NA,NA,NA,0.02047707
"THY1","Lymphocyte","ASD","Wald ratio",1,"-0.119","0.083"," 0.888","1.49e-01",NA,NA,NA,0.021407328
"RAP1GAP2","Lymphocyte","ASD","Inverse variance weighted",2," 0.038","0.026"," 1.038","1.49e-01",NA,0.720131477,NA,0.010309138
"FMNL2","Lymphocyte","ASD","Wald ratio",1," 0.044","0.031"," 1.045","1.50e-01",NA,NA,NA,0.022915012
"ATIC","Lymphocyte","ASD","Wald ratio",1," 0.671","0.467"," 1.956","1.50e-01",NA,NA,NA,0.028219355
"JAG1","Lymphocyte","ASD","Wald ratio",1,"-0.031","0.021"," 0.970","1.51e-01",NA,NA,NA,0.024748065
"ACSS2","Lymphocyte","ASD","Wald ratio",1,"-0.031","0.022"," 0.970","1.51e-01",NA,NA,NA,0.019391027
"ANK3","Lymphocyte","ASD","Wald ratio",1," 0.022","0.016"," 1.023","1.51e-01",NA,NA,NA,0.020295226
"SBF2","Lymphocyte","ASD","Wald ratio",1," 0.027","0.019"," 1.027","1.51e-01",NA,NA,NA,0.019018564
"NR4A1","Lymphocyte","ASD","Wald ratio",1," 0.304","0.212"," 1.355","1.51e-01",NA,NA,NA,0.03561775
"RYR1","Lymphocyte","ASD","Wald ratio",1,"-0.147","0.102"," 0.864","1.51e-01",NA,NA,NA,0.030586166
"IL11RA","Lymphocyte","ASD","Wald ratio",1,"-0.099","0.069"," 0.905","1.52e-01",NA,NA,NA,0.032874491
"GALT","Lymphocyte","ASD","Wald ratio",1,"-0.297","0.208"," 0.743","1.52e-01",NA,NA,NA,0.032874491
"SIGMAR1","Lymphocyte","ASD","Wald ratio",1,"-1.275","0.889"," 0.279","1.52e-01",NA,NA,NA,0.032874491
"PRR16","Lymphocyte","ASD","Inverse variance weighted",2,"-0.032","0.022"," 0.969","1.52e-01",NA,0.155472419,NA,0.10275126
"MAP3K8","Lymphocyte","ASD","Wald ratio",1," 0.336","0.234"," 1.399","1.52e-01",NA,NA,NA,0.020343512
"TSPAN9","Lymphocyte","ASD","Wald ratio",1," 0.037","0.026"," 1.038","1.52e-01",NA,NA,NA,0.023409196
"TEAD4","Lymphocyte","ASD","Wald ratio",1," 0.123","0.086"," 1.131","1.52e-01",NA,NA,NA,0.02511539
"ACLY","Lymphocyte","ASD","Wald ratio",1," 0.126","0.088"," 1.135","1.52e-01",NA,NA,NA,0.033488567
"OCA2","Lymphocyte","ASD","Wald ratio",1," 0.061","0.043"," 1.063","1.53e-01",NA,NA,NA,0.018909691
"SV2B","Lymphocyte","ASD","Wald ratio",1,"-0.033","0.023"," 0.968","1.53e-01",NA,NA,NA,0.018632583
"ARHGAP12","Lymphocyte","ASD","Wald ratio",1,"-0.068","0.048"," 0.934","1.53e-01",NA,NA,NA,0.018629287
"TRPV1","Lymphocyte","ASD","Wald ratio",1," 0.025","0.017"," 1.025","1.54e-01",NA,NA,NA,0.021397891
"UTP11L","Lymphocyte","ASD","Wald ratio",1,"-0.091","0.064"," 0.913","1.54e-01",NA,NA,NA,0.018683326
"ACSL1","Lymphocyte","ASD","Weighted mode",3,"-0.039","0.017"," 0.962","1.54e-01",0.671618769,0.615970923,0.537550581,0.079363895
"COCH","Lymphocyte","ASD","Wald ratio",1,"-0.149","0.105"," 0.862","1.54e-01",NA,NA,NA,0.02707121
"ISL1","Lymphocyte","ASD","Wald ratio",1,"-0.117","0.082"," 0.890","1.55e-01",NA,NA,NA,0.019021142
"TULP4","Lymphocyte","ASD","Wald ratio",1,"-0.040","0.028"," 0.961","1.55e-01",NA,NA,NA,0.030907888
"LOC100133669","Lymphocyte","ASD","Wald ratio",1," 0.022","0.015"," 1.022","1.55e-01",NA,NA,NA,0.01872637
"NTN4","Lymphocyte","ASD","Wald ratio",1,"-0.031","0.022"," 0.969","1.56e-01",NA,NA,NA,0.018447047
"C10orf90","Lymphocyte","ASD","Inverse variance weighted",2,"-0.031","0.022"," 0.969","1.56e-01",NA,0.815555209,NA,0.010812124
"DIDO1","Lymphocyte","ASD","Wald ratio",1," 0.031","0.022"," 1.031","1.56e-01",NA,NA,NA,0.019686802
"TTC26","Lymphocyte","ASD","Wald ratio",1,"-0.052","0.037"," 0.949","1.57e-01",NA,NA,NA,0.040228844
"TUBGCP2","Lymphocyte","ASD","Wald ratio",1," 0.040","0.028"," 1.040","1.57e-01",NA,NA,NA,0.031363856
"CALY","Lymphocyte","ASD","Wald ratio",1," 0.046","0.032"," 1.047","1.57e-01",NA,NA,NA,0.031363853
"ZNF511","Lymphocyte","ASD","Wald ratio",1," 1.564","1.105"," 4.776","1.57e-01",NA,NA,NA,0.031362166
"TBCA","Lymphocyte","ASD","Wald ratio",1," 0.021","0.015"," 1.022","1.57e-01",NA,NA,NA,0.018812188
"TLE2","Lymphocyte","ASD","Wald ratio",1,"-0.029","0.020"," 0.971","1.57e-01",NA,NA,NA,0.020702778
"CARD11","Lymphocyte","ASD","Wald ratio",1,"-0.026","0.018"," 0.975","1.57e-01",NA,NA,NA,0.018952106
"CPEB2","Lymphocyte","ASD","Wald ratio",1," 0.026","0.019"," 1.027","1.57e-01",NA,NA,NA,0.019164517
"SELT","Lymphocyte","ASD","Wald ratio",1," 0.062","0.044"," 1.064","1.57e-01",NA,NA,NA,0.019797814
"COPA","Lymphocyte","ASD","Wald ratio",1,"-0.042","0.030"," 0.959","1.58e-01",NA,NA,NA,0.018250746
"TBR1","Lymphocyte","ASD","Wald ratio",1,"-0.087","0.062"," 0.916","1.58e-01",NA,NA,NA,0.018250746
"CCL1","Lymphocyte","ASD","Wald ratio",1," 0.075","0.053"," 1.078","1.58e-01",NA,NA,NA,0.039315391
"CCL13","Lymphocyte","ASD","Wald ratio",1," 0.050","0.036"," 1.052","1.58e-01",NA,NA,NA,0.034364464
"KLF7","Lymphocyte","ASD","Wald ratio",1,"-0.027","0.019"," 0.974","1.58e-01",NA,NA,NA,0.019213241
"TRAPPC9","Lymphocyte","ASD","Inverse variance weighted",4," 0.015","0.010"," 1.015","1.59e-01",0.897994128,0.934892225,0.691426446,0.01422461
"SIGIRR","Lymphocyte","ASD","Wald ratio",1,"-0.242","0.172"," 0.785","1.60e-01",NA,NA,NA,0.019329554
"PKP3","Lymphocyte","ASD","Wald ratio",1,"-0.025","0.018"," 0.976","1.60e-01",NA,NA,NA,0.019066978
"ANO9","Lymphocyte","ASD","Wald ratio",1,"-0.036","0.026"," 0.964","1.60e-01",NA,NA,NA,0.019329554
"ANTXR1","Lymphocyte","ASD","Wald ratio",1,"-0.045","0.032"," 0.956","1.60e-01",NA,NA,NA,0.028412922
"ZNF579","Lymphocyte","ASD","Wald ratio",1," 0.042","0.030"," 1.043","1.60e-01",NA,NA,NA,0.023042455
"SHB","Lymphocyte","ASD","Wald ratio",1,"-1.026","0.732"," 0.358","1.61e-01",NA,NA,NA,0.018123903
"GYG1","Lymphocyte","ASD","Wald ratio",1,"-0.050","0.036"," 0.951","1.61e-01",NA,NA,NA,0.018816181
"EFCAB4B","Lymphocyte","ASD","Wald ratio",1,"-0.515","0.368"," 0.597","1.62e-01",NA,NA,NA,0.024977139
"RELL1","Lymphocyte","ASD","Wald ratio",1,"-0.049","0.035"," 0.952","1.62e-01",NA,NA,NA,0.029213619
"HUS1","Lymphocyte","ASD","Wald ratio",1,"-0.292","0.209"," 0.747","1.62e-01",NA,NA,NA,0.029547415
"ZNF8","Lymphocyte","ASD","Wald ratio",1," 0.680","0.487"," 1.974","1.62e-01",NA,NA,NA,0.018856373
"ADRB3","Lymphocyte","ASD","Wald ratio",1,"-0.039","0.028"," 0.961","1.63e-01",NA,NA,NA,0.022309792
"NTM","Lymphocyte","ASD","Weighted median",5,"-0.016","0.011"," 0.984","1.63e-01",0.042239973,0.000620207,0.134381059,0.936529742
"BRI3","Lymphocyte","ASD","Wald ratio",1,"-0.025","0.018"," 0.975","1.63e-01",NA,NA,NA,0.017943032
"KIAA1211","Lymphocyte","ASD","Wald ratio",1,"-0.021","0.015"," 0.980","1.63e-01",NA,NA,NA,0.018298821
"GALNT5","Lymphocyte","ASD","Inverse variance weighted",2," 0.039","0.028"," 1.040","1.63e-01",NA,0.247646148,NA,0.076181668
"LSM6","Lymphocyte","ASD","Wald ratio",1,"-0.021","0.015"," 0.979","1.64e-01",NA,NA,NA,0.018973985
"RFTN1","Lymphocyte","ASD","Inverse variance weighted",2," 0.043","0.031"," 1.044","1.64e-01",NA,0.829448325,NA,0.024477321
"C9orf125","Lymphocyte","ASD","Wald ratio",1," 0.036","0.026"," 1.037","1.64e-01",NA,NA,NA,0.028572227
"BYSL","Lymphocyte","ASD","Wald ratio",1,"-0.025","0.018"," 0.975","1.64e-01",NA,NA,NA,0.020282635
"MYRIP","Lymphocyte","ASD","Wald ratio",1," 0.223","0.160"," 1.249","1.65e-01",NA,NA,NA,0.018053924
"COL13A1","Lymphocyte","ASD","Inverse variance weighted",2," 0.025","0.018"," 1.025","1.65e-01",NA,0.801088589,NA,0.00904106
"BNIP3","Lymphocyte","ASD","Wald ratio",1," 0.024","0.017"," 1.025","1.65e-01",NA,NA,NA,0.019982577
"LOC400794","Lymphocyte","ASD","Wald ratio",1," 0.064","0.046"," 1.066","1.65e-01",NA,NA,NA,0.019370725
"PADI3","Lymphocyte","ASD","Wald ratio",1,"-0.047","0.034"," 0.954","1.65e-01",NA,NA,NA,0.020952497
"PADI2","Lymphocyte","ASD","Wald ratio",1,"-0.111","0.080"," 0.895","1.65e-01",NA,NA,NA,0.020952497
"EPHA8","Lymphocyte","ASD","Wald ratio",1,"-0.045","0.032"," 0.956","1.66e-01",NA,NA,NA,0.018459392
"BRSK2","Lymphocyte","ASD","Wald ratio",1,"-0.028","0.020"," 0.972","1.66e-01",NA,NA,NA,0.017831243
"HCCA2","Lymphocyte","ASD","Wald ratio",1,"-0.040","0.029"," 0.961","1.66e-01",NA,NA,NA,0.017831243
"HCCA2","Lymphocyte","ASD","Wald ratio",1,"-0.020","0.015"," 0.980","1.66e-01",NA,NA,NA,0.017831243
"DUSP8","Lymphocyte","ASD","Wald ratio",1,"-0.022","0.016"," 0.978","1.66e-01",NA,NA,NA,0.012126159
"WDR17","Lymphocyte","ASD","Wald ratio",1," 0.091","0.066"," 1.096","1.66e-01",NA,NA,NA,0.01818112
"DYSF","Lymphocyte","ASD","Wald ratio",1,"-0.027","0.019"," 0.974","1.66e-01",NA,NA,NA,0.022912082
"MTMR10","Lymphocyte","ASD","Wald ratio",1,"-0.752","0.544"," 0.471","1.67e-01",NA,NA,NA,0.018580026
"KIF13A","Lymphocyte","ASD","Wald ratio",1," 0.025","0.018"," 1.026","1.68e-01",NA,NA,NA,0.018920631
"KIF13A","Lymphocyte","ASD","Wald ratio",1," 0.037","0.027"," 1.037","1.68e-01",NA,NA,NA,0.018920631
"DKK2","Lymphocyte","ASD","Wald ratio",1,"-0.727","0.527"," 0.484","1.68e-01",NA,NA,NA,0.019879204
"ABCA1","Lymphocyte","ASD","Inverse variance weighted",2," 0.022","0.016"," 1.023","1.68e-01",NA,0.265120763,NA,0.040189351
"FBLN5","Lymphocyte","ASD","Wald ratio",1,"-0.031","0.023"," 0.969","1.68e-01",NA,NA,NA,0.0202205
"F13A1","Lymphocyte","ASD","Wald ratio",1," 0.288","0.209"," 1.333","1.68e-01",NA,NA,NA,0.021170225
"PEX5L","Lymphocyte","ASD","Wald ratio",1,"-0.054","0.039"," 0.948","1.68e-01",NA,NA,NA,0.01800989
"DSCAM","Lymphocyte","ASD","Weighted median",3,"-0.020","0.014"," 0.980","1.68e-01",0.372250807,0.168983025,0.344955437,0.009812878
"SETMAR","Lymphocyte","ASD","Wald ratio",1," 0.042","0.030"," 1.043","1.69e-01",NA,NA,NA,0.034683271
"C10orf4","Lymphocyte","ASD","Wald ratio",1,"-0.036","0.026"," 0.964","1.69e-01",NA,NA,NA,0.024417362
"SLC38A11","Lymphocyte","ASD","Wald ratio",1," 0.030","0.022"," 1.031","1.69e-01",NA,NA,NA,0.018683566
"PLEKHH3","Lymphocyte","ASD","Wald ratio",1,"-0.020","0.015"," 0.980","1.69e-01",NA,NA,NA,0.017433755
"LOC100190938","Lymphocyte","ASD","Wald ratio",1,"-0.021","0.015"," 0.980","1.69e-01",NA,NA,NA,0.01743372
"SH2B2","Lymphocyte","ASD","Wald ratio",1," 0.030","0.021"," 1.030","1.69e-01",NA,NA,NA,0.025065603
"NTN1","Lymphocyte","ASD","Inverse variance weighted",2,"-0.058","0.042"," 0.944","1.70e-01",NA,0.081139758,NA,0.366364256
"MAP7","Lymphocyte","ASD","Wald ratio",1," 0.100","0.073"," 1.106","1.70e-01",NA,NA,NA,0.024790899
"SLC1A1","Lymphocyte","ASD","Wald ratio",1," 0.703","0.512"," 2.020","1.70e-01",NA,NA,NA,0.020391647
"NCRNA00219","Lymphocyte","ASD","Wald ratio",1," 0.026","0.019"," 1.026","1.70e-01",NA,NA,NA,0.021676875
"SIM2","Lymphocyte","ASD","Wald ratio",1,"-0.138","0.101"," 0.871","1.70e-01",NA,NA,NA,0.019769113
"DUSP12","Lymphocyte","ASD","Wald ratio",1,"-0.784","0.572"," 0.457","1.71e-01",NA,NA,NA,0.017827384
"STEAP2","Lymphocyte","ASD","Wald ratio",1," 0.029","0.021"," 1.029","1.72e-01",NA,NA,NA,0.020498303
"DPY19L2P4","Lymphocyte","ASD","Wald ratio",1," 0.277","0.202"," 1.319","1.72e-01",NA,NA,NA,0.020494437
"TP53I3","Lymphocyte","ASD","Wald ratio",1,"-0.534","0.391"," 0.586","1.72e-01",NA,NA,NA,0.031499193
"ITSN2","Lymphocyte","ASD","Wald ratio",1,"-0.895","0.655"," 0.409","1.72e-01",NA,NA,NA,0.031499193
"PPARGC1B","Lymphocyte","ASD","Wald ratio",1,"-0.048","0.035"," 0.953","1.72e-01",NA,NA,NA,0.027216326
"NMD3","Lymphocyte","ASD","Wald ratio",1,"-0.096","0.070"," 0.909","1.72e-01",NA,NA,NA,0.017326057
"C11orf30","Lymphocyte","ASD","Wald ratio",1,"-0.020","0.015"," 0.980","1.73e-01",NA,NA,NA,0.01730389
"C20orf54","Lymphocyte","ASD","Wald ratio",1," 0.081","0.060"," 1.085","1.73e-01",NA,NA,NA,0.031604824
"NALCN","Lymphocyte","ASD","Wald ratio",1,"-0.023","0.017"," 0.977","1.73e-01",NA,NA,NA,0.017666229
"DPH3","Lymphocyte","ASD","Wald ratio",1," 0.028","0.021"," 1.028","1.73e-01",NA,NA,NA,0.024477321
"ZFYVE28","Lymphocyte","ASD","Wald ratio",1,"-0.026","0.019"," 0.975","1.73e-01",NA,NA,NA,0.022584638
"MTHFS","Lymphocyte","ASD","Wald ratio",1,"-1.096","0.804"," 0.334","1.73e-01",NA,NA,NA,0.02259539
"SMYD3","Lymphocyte","ASD","Inverse variance weighted",3,"-0.016","0.012"," 0.984","1.73e-01",0.705508355,0.522001957,0.476761108,0.010902123
"ALCAM","Lymphocyte","ASD","Wald ratio",1,"-0.817","0.600"," 0.442","1.74e-01",NA,NA,NA,0.0177226
"RASA3","Lymphocyte","ASD","Wald ratio",1,"-0.026","0.019"," 0.975","1.74e-01",NA,NA,NA,0.010931874
"ILF3","Lymphocyte","ASD","Wald ratio",1,"-0.279","0.205"," 0.756","1.74e-01",NA,NA,NA,0.018415312
"GRID1","Lymphocyte","ASD","Wald ratio",1," 0.028","0.021"," 1.028","1.74e-01",NA,NA,NA,0.021702897
"SFRS13B","Lymphocyte","ASD","Wald ratio",1," 0.023","0.017"," 1.023","1.74e-01",NA,NA,NA,0.01876043
"BBS10","Lymphocyte","ASD","Wald ratio",1,"-0.218","0.160"," 0.804","1.74e-01",NA,NA,NA,0.021696132
"DLG4","Lymphocyte","ASD","Wald ratio",1,"-0.038","0.028"," 0.963","1.74e-01",NA,NA,NA,0.017448175
"SEC14L1","Lymphocyte","ASD","Wald ratio",1,"-0.139","0.102"," 0.870","1.74e-01",NA,NA,NA,0.017448088
"SEC14L1","Lymphocyte","ASD","Wald ratio",1,"-0.021","0.015"," 0.979","1.74e-01",NA,NA,NA,0.017448175
"DULLARD","Lymphocyte","ASD","Wald ratio",1,"-0.022","0.016"," 0.978","1.74e-01",NA,NA,NA,0.017352219
"CLDN7","Lymphocyte","ASD","Wald ratio",1,"-0.050","0.037"," 0.951","1.74e-01",NA,NA,NA,0.017448175
"CYP51A1","Lymphocyte","ASD","Wald ratio",1,"-1.072","0.789"," 0.342","1.74e-01",NA,NA,NA,0.017435859
"GCH1","Lymphocyte","ASD","Wald ratio",1,"-0.033","0.024"," 0.968","1.75e-01",NA,NA,NA,0.02471277
"OR2A14","Lymphocyte","ASD","Wald ratio",1," 0.022","0.016"," 1.022","1.75e-01",NA,NA,NA,0.018199294
"SLC7A7","Lymphocyte","ASD","Wald ratio",1," 0.020","0.015"," 1.020","1.75e-01",NA,NA,NA,0.016882368
"XIRP2","Lymphocyte","ASD","Wald ratio",1," 0.027","0.020"," 1.028","1.76e-01",NA,NA,NA,0.020858268
"PWWP2B","Lymphocyte","ASD","Wald ratio",1," 0.037","0.027"," 1.037","1.76e-01",NA,NA,NA,0.017215239
"NRBP1","Lymphocyte","ASD","Wald ratio",1," 0.764","0.564"," 2.147","1.76e-01",NA,NA,NA,0.017215239
"KRTCAP3","Lymphocyte","ASD","Wald ratio",1," 0.021","0.016"," 1.022","1.76e-01",NA,NA,NA,0.017215239
"RBM12B","Lymphocyte","ASD","Wald ratio",1,"-0.026","0.019"," 0.975","1.76e-01",NA,NA,NA,0.018068378
"GAP43","Lymphocyte","ASD","Wald ratio",1," 0.471","0.348"," 1.601","1.76e-01",NA,NA,NA,0.018600005
"SPEG","Lymphocyte","ASD","Wald ratio",1," 0.135","0.100"," 1.145","1.76e-01",NA,NA,NA,0.017286205
"ITM2C","Lymphocyte","ASD","Weighted mode",3," 0.044","0.021"," 1.044","1.77e-01",0.114715795,0.28794805,0.982282429,0.128793252
"MLYCD","Lymphocyte","ASD","Wald ratio",1,"-1.496","1.108"," 0.224","1.77e-01",NA,NA,NA,0.033667402
"SCFD1","Lymphocyte","ASD","Wald ratio",1," 1.039","0.770"," 2.827","1.77e-01",NA,NA,NA,0.021320452
"MYO10","Lymphocyte","ASD","Wald ratio",1,"-0.020","0.015"," 0.980","1.77e-01",NA,NA,NA,0.016998967
"PTCH1","Lymphocyte","ASD","Wald ratio",1,"-0.042","0.031"," 0.959","1.77e-01",NA,NA,NA,0.026854006
"PTCH1","Lymphocyte","ASD","Wald ratio",1,"-0.037","0.028"," 0.963","1.77e-01",NA,NA,NA,0.026854006
"PTCH1","Lymphocyte","ASD","Wald ratio",1,"-0.545","0.404"," 0.580","1.77e-01",NA,NA,NA,0.026854006
"ARHGEF3","Lymphocyte","ASD","Wald ratio",1," 0.053","0.039"," 1.055","1.77e-01",NA,NA,NA,0.027514351
"UBP1","Lymphocyte","ASD","Wald ratio",1,"-0.331","0.245"," 0.718","1.77e-01",NA,NA,NA,0.022667595
"CSMD1","Lymphocyte","ASD","Simple mode",4," 0.028","0.016"," 1.028","1.78e-01",0.059204446,0.070601568,0.556084936,0.012016543
"IFT88","Lymphocyte","ASD","Wald ratio",1,"-0.423","0.314"," 0.655","1.78e-01",NA,NA,NA,0.016708595
"DLGAP2","Lymphocyte","ASD","Weighted median",3,"-0.015","0.011"," 0.985","1.78e-01",0.708680564,0.511149907,0.470681513,0.016965298
"ERBB3","Lymphocyte","ASD","Wald ratio",1,"-0.068","0.050"," 0.935","1.78e-01",NA,NA,NA,0.017753467
"TBC1D22A","Lymphocyte","ASD","Wald ratio",1," 0.022","0.016"," 1.022","1.78e-01",NA,NA,NA,0.018437254
"JARID2","Lymphocyte","ASD","Wald ratio",1," 0.039","0.029"," 1.040","1.78e-01",NA,NA,NA,0.029823952
"METAP2","Lymphocyte","ASD","Wald ratio",1," 0.063","0.047"," 1.065","1.78e-01",NA,NA,NA,0.026050185
"LDLRAD3","Lymphocyte","ASD","Weighted mode",3,"-0.034","0.017"," 0.966","1.79e-01",0.841908679,0.890666851,0.737218207,0.020877134
"CPN1","Lymphocyte","ASD","Wald ratio",1,"-0.020","0.015"," 0.980","1.79e-01",NA,NA,NA,0.017116714
"INPP5A","Lymphocyte","ASD","Wald ratio",1," 0.119","0.089"," 1.126","1.79e-01",NA,NA,NA,0.018504292
"WDR11","Lymphocyte","ASD","Wald ratio",1," 0.031","0.023"," 1.032","1.79e-01",NA,NA,NA,0.021835458
"C3orf15","Lymphocyte","ASD","Wald ratio",1," 0.069","0.051"," 1.071","1.79e-01",NA,NA,NA,0.022843208
"UBAC2","Lymphocyte","ASD","Wald ratio",1,"-0.046","0.035"," 0.955","1.79e-01",NA,NA,NA,0.017189575
"SDK1","Lymphocyte","ASD","Weighted median",3," 0.020","0.015"," 1.021","1.80e-01",0.494068426,0.790028365,0.961225359,0.012010271
"C15orf41","Lymphocyte","ASD","Wald ratio",1," 0.032","0.024"," 1.033","1.80e-01",NA,NA,NA,0.023577201
"CXCL13","Lymphocyte","ASD","Wald ratio",1," 0.026","0.019"," 1.026","1.80e-01",NA,NA,NA,0.021612026
"CPNE2","Lymphocyte","ASD","Wald ratio",1,"-0.024","0.018"," 0.976","1.80e-01",NA,NA,NA,0.019311475
"H2AFY2","Lymphocyte","ASD","Wald ratio",1," 0.028","0.021"," 1.028","1.81e-01",NA,NA,NA,0.021338922
"ANKRD1","Lymphocyte","ASD","Wald ratio",1,"-0.019","0.014"," 0.981","1.81e-01",NA,NA,NA,0.016613071
"TACR1","Lymphocyte","ASD","Inverse variance weighted",3,"-0.012","0.009"," 0.988","1.81e-01",0.890797781,0.990257811,0.982803099,0.008631556
"EBF2","Lymphocyte","ASD","Wald ratio",1," 0.113","0.085"," 1.120","1.81e-01",NA,NA,NA,0.01902183
"FAM119A","Lymphocyte","ASD","Wald ratio",1," 0.026","0.019"," 1.026","1.82e-01",NA,NA,NA,0.020792121
"SERPINB6","Lymphocyte","ASD","Wald ratio",1,"-0.030","0.022"," 0.971","1.82e-01",NA,NA,NA,0.019427446
"PLEC1","Lymphocyte","ASD","Wald ratio",1," 0.025","0.019"," 1.025","1.82e-01",NA,NA,NA,0.017097987
"MIR661","Lymphocyte","ASD","Wald ratio",1," 0.020","0.015"," 1.020","1.82e-01",NA,NA,NA,0.017097987
"PLEC1","Lymphocyte","ASD","Wald ratio",1," 0.020","0.015"," 1.020","1.82e-01",NA,NA,NA,0.016044747
"PLEC1","Lymphocyte","ASD","Wald ratio",1," 0.043","0.032"," 1.044","1.82e-01",NA,NA,NA,0.017097985
"TIAM1","Lymphocyte","ASD","Wald ratio",1," 0.192","0.144"," 1.212","1.82e-01",NA,NA,NA,0.017435972
"PKN1","Lymphocyte","ASD","Wald ratio",1," 0.019","0.014"," 1.019","1.82e-01",NA,NA,NA,0.01639733
"PTGER1","Lymphocyte","ASD","Wald ratio",1," 0.130","0.098"," 1.139","1.82e-01",NA,NA,NA,0.01639733
"NEURL1B","Lymphocyte","ASD","Wald ratio",1," 0.039","0.029"," 1.040","1.83e-01",NA,NA,NA,0.01887427
"STAT3","Lymphocyte","ASD","Wald ratio",1," 0.040","0.030"," 1.041","1.83e-01",NA,NA,NA,0.018184712
"NAGS","Lymphocyte","ASD","Wald ratio",1,"-0.272","0.204"," 0.762","1.83e-01",NA,NA,NA,0.016463986
"WDR69","Lymphocyte","ASD","Wald ratio",1," 0.074","0.056"," 1.077","1.83e-01",NA,NA,NA,0.016460559
"BTAF1","Lymphocyte","ASD","Wald ratio",1,"-0.027","0.020"," 0.973","1.84e-01",NA,NA,NA,0.021465671
"SDK1","Lymphocyte","ASD","Inverse variance weighted",3," 0.020","0.015"," 1.020","1.84e-01",0.494068426,0.790028365,0.961225359,0.012010271
"TMEM117","Lymphocyte","ASD","Wald ratio",1,"-0.026","0.020"," 0.974","1.84e-01",NA,NA,NA,0.022324053
"CAPN1","Lymphocyte","ASD","Wald ratio",1," 0.087","0.066"," 1.091","1.84e-01",NA,NA,NA,0.017213691
"SLC22A20","Lymphocyte","ASD","Wald ratio",1," 0.062","0.047"," 1.064","1.84e-01",NA,NA,NA,0.017213691
"ZMIZ1","Lymphocyte","ASD","Inverse variance weighted",3,"-0.016","0.012"," 0.984","1.84e-01",0.28824439,0.454472742,0.641522425,0.017126337
"COL1A2","Lymphocyte","ASD","Wald ratio",1," 0.032","0.024"," 1.032","1.84e-01",NA,NA,NA,0.020021542
"SLC7A14","Lymphocyte","ASD","Wald ratio",1,"-0.026","0.020"," 0.974","1.84e-01",NA,NA,NA,0.017977683
"NTM","Lymphocyte","ASD","Inverse variance weighted",5,"-0.026","0.020"," 0.974","1.85e-01",0.042239973,0.000620207,0.134381059,0.936529742
"RGS13","Lymphocyte","ASD","Wald ratio",1," 0.019","0.015"," 1.019","1.85e-01",NA,NA,NA,0.01659817
"GDNF","Lymphocyte","ASD","Wald ratio",1,"-0.055","0.042"," 0.946","1.85e-01",NA,NA,NA,0.019403447
"OPRL1","Lymphocyte","ASD","Wald ratio",1," 0.042","0.032"," 1.043","1.85e-01",NA,NA,NA,0.026553965
"MYT1","Lymphocyte","ASD","Wald ratio",1," 0.036","0.027"," 1.036","1.85e-01",NA,NA,NA,0.026553969
"RNF175","Lymphocyte","ASD","Wald ratio",1," 0.022","0.016"," 1.022","1.85e-01",NA,NA,NA,0.018029179
"SFRP2","Lymphocyte","ASD","Wald ratio",1," 0.052","0.040"," 1.054","1.85e-01",NA,NA,NA,0.018029179
"NRP2","Lymphocyte","ASD","Wald ratio",1," 0.046","0.035"," 1.047","1.86e-01",NA,NA,NA,0.034431018
"ZNF28","Lymphocyte","ASD","Wald ratio",1," 0.474","0.358"," 1.606","1.86e-01",NA,NA,NA,0.02196673
"LIPA","Lymphocyte","ASD","Wald ratio",1," 0.049","0.037"," 1.050","1.86e-01",NA,NA,NA,0.025027927
"STK25","Lymphocyte","ASD","Wald ratio",1," 0.031","0.024"," 1.032","1.87e-01",NA,NA,NA,0.022689289
"FARP2","Lymphocyte","ASD","Wald ratio",1," 0.046","0.035"," 1.047","1.87e-01",NA,NA,NA,0.022689931
"PYGL","Lymphocyte","ASD","Wald ratio",1,"-0.569","0.431"," 0.566","1.88e-01",NA,NA,NA,0.01754114
"CYB5R3","Lymphocyte","ASD","Wald ratio",1," 1.141","0.867"," 3.129","1.88e-01",NA,NA,NA,0.026585378
"KRT40","Lymphocyte","ASD","Wald ratio",1,"-0.043","0.033"," 0.957","1.88e-01",NA,NA,NA,0.021823116
"MAFF","Lymphocyte","ASD","Wald ratio",1,"-0.021","0.016"," 0.980","1.89e-01",NA,NA,NA,0.016564377
"ITM2C","Lymphocyte","ASD","Simple mode",3," 0.059","0.030"," 1.061","1.89e-01",0.114715795,0.28794805,0.982282429,0.128793252
"DTHD1","Lymphocyte","ASD","Wald ratio",1," 0.039","0.030"," 1.040","1.89e-01",NA,NA,NA,0.018418371
"KIAA1529","Lymphocyte","ASD","Wald ratio",1," 0.033","0.025"," 1.034","1.90e-01",NA,NA,NA,0.026437944
"GFOD1","Lymphocyte","ASD","Wald ratio",1," 0.028","0.021"," 1.028","1.90e-01",NA,NA,NA,0.016017907
"C10orf11","Lymphocyte","ASD","Wald ratio",1," 0.019","0.015"," 1.019","1.90e-01",NA,NA,NA,0.016017907
"ZNF556","Lymphocyte","ASD","Wald ratio",1,"-0.027","0.020"," 0.974","1.91e-01",NA,NA,NA,0.021734265
"ZNF555","Lymphocyte","ASD","Wald ratio",1,"-0.071","0.054"," 0.932","1.91e-01",NA,NA,NA,0.021734265
"SMOX","Lymphocyte","ASD","Wald ratio",1," 0.355","0.271"," 1.426","1.91e-01",NA,NA,NA,0.0245293
"ZNF367","Lymphocyte","ASD","Wald ratio",1,"-0.033","0.026"," 0.967","1.92e-01",NA,NA,NA,0.02326331
"PTGES","Lymphocyte","ASD","Wald ratio",1,"-0.035","0.027"," 0.966","1.92e-01",NA,NA,NA,0.022110596
"PIK3R4","Lymphocyte","ASD","Wald ratio",1,"-0.092","0.070"," 0.913","1.92e-01",NA,NA,NA,0.019770826
"XKR5","Lymphocyte","ASD","Wald ratio",1," 0.353","0.271"," 1.423","1.92e-01",NA,NA,NA,0.01579907
"ADARB2","Lymphocyte","ASD","Simple mode",4,"-0.032","0.019"," 0.968","1.93e-01",0.604825627,0.666793886,0.531701708,0.020460251
"CPVL","Lymphocyte","ASD","Wald ratio",1," 0.064","0.049"," 1.066","1.93e-01",NA,NA,NA,0.015868517
"CACNA1D","Lymphocyte","ASD","Wald ratio",1,"-0.036","0.028"," 0.964","1.93e-01",NA,NA,NA,0.021325601
"AZIN1","Lymphocyte","ASD","Wald ratio",1,"-0.030","0.023"," 0.971","1.93e-01",NA,NA,NA,0.015848379
"SERPINE2","Lymphocyte","ASD","Wald ratio",1,"-0.032","0.025"," 0.968","1.93e-01",NA,NA,NA,0.015100947
"PRDM16","Lymphocyte","ASD","Weighted median",3," 0.016","0.012"," 1.016","1.93e-01",0.46142734,0.743197145,0.858391567,0.007295791
"SSTR1","Lymphocyte","ASD","Inverse variance weighted",2," 0.043","0.033"," 1.043","1.94e-01",NA,0.888565809,NA,0.00782446
"PPP1CB","Lymphocyte","ASD","Wald ratio",1," 0.073","0.056"," 1.075","1.94e-01",NA,NA,NA,0.017101614
"CCND3","Lymphocyte","ASD","Wald ratio",1," 0.037","0.029"," 1.038","1.95e-01",NA,NA,NA,0.024375037
"TAF8","Lymphocyte","ASD","Wald ratio",1," 0.038","0.029"," 1.039","1.95e-01",NA,NA,NA,0.024374772
"BEAN","Lymphocyte","ASD","Wald ratio",1,"-0.072","0.055"," 0.931","1.95e-01",NA,NA,NA,0.020431048
"DTNBP1","Lymphocyte","ASD","Wald ratio",1," 0.034","0.026"," 1.034","1.95e-01",NA,NA,NA,0.027573749
"HHIPL1","Lymphocyte","ASD","Wald ratio",1," 0.065","0.050"," 1.067","1.96e-01",NA,NA,NA,0.01832379
"SKI","Lymphocyte","ASD","Wald ratio",1,"-0.043","0.033"," 0.958","1.96e-01",NA,NA,NA,0.025227498
"CDC42","Lymphocyte","ASD","Wald ratio",1," 0.052","0.040"," 1.054","1.96e-01",NA,NA,NA,0.029496186
"PION","Lymphocyte","ASD","Wald ratio",1,"-0.020","0.016"," 0.980","1.96e-01",NA,NA,NA,0.016203509
"FEZ1","Lymphocyte","ASD","Wald ratio",1,"-0.050","0.039"," 0.951","1.97e-01",NA,NA,NA,0.02357221
"ASS1","Lymphocyte","ASD","Wald ratio",1,"-0.226","0.176"," 0.797","1.98e-01",NA,NA,NA,0.017841393
"KALRN","Lymphocyte","ASD","Wald ratio",1,"-0.051","0.040"," 0.950","1.98e-01",NA,NA,NA,0.019751553
"ST3GAL4","Lymphocyte","ASD","Wald ratio",1,"-0.108","0.084"," 0.898","1.99e-01",NA,NA,NA,0.018328186
"PLEKHA5","Lymphocyte","ASD","Wald ratio",1,"-0.627","0.488"," 0.534","1.99e-01",NA,NA,NA,0.022033767
"HS3ST3B1","Lymphocyte","ASD","Inverse variance weighted",2,"-0.088","0.068"," 0.916","1.99e-01",NA,0.153540605,NA,0.023371102
"MIR301B","Lymphocyte","ASD","Wald ratio",1," 0.045","0.035"," 1.046","2.00e-01",NA,NA,NA,0.021768806
"MIR130B","Lymphocyte","ASD","Wald ratio",1," 1.155","0.900"," 3.173","2.00e-01",NA,NA,NA,0.021768792
"ICK","Lymphocyte","ASD","Wald ratio",1," 1.725","1.345"," 5.612","2.00e-01",NA,NA,NA,0.029022982
"GCM1","Lymphocyte","ASD","Wald ratio",1," 0.054","0.042"," 1.056","2.00e-01",NA,NA,NA,0.029028836
"PALLD","Lymphocyte","ASD","Inverse variance weighted",2," 0.020","0.016"," 1.021","2.00e-01",NA,0.342835219,NA,0.025237896
"PDXK","Lymphocyte","ASD","Wald ratio",1,"-0.026","0.020"," 0.974","2.00e-01",NA,NA,NA,0.017704998
"ERCC5","Lymphocyte","ASD","Wald ratio",1,"-0.028","0.022"," 0.972","2.00e-01",NA,NA,NA,0.016201996
"FARS2","Lymphocyte","ASD","Wald ratio",1,"-0.025","0.020"," 0.975","2.00e-01",NA,NA,NA,0.015437918
"AGAP3","Lymphocyte","ASD","Wald ratio",1,"-0.020","0.016"," 0.980","2.01e-01",NA,NA,NA,0.01668137
"BAI1","Lymphocyte","ASD","Wald ratio",1,"-0.141","0.111"," 0.868","2.01e-01",NA,NA,NA,0.020493677
"C22orf43","Lymphocyte","ASD","Wald ratio",1," 0.019","0.015"," 1.019","2.02e-01",NA,NA,NA,0.015989184
"MIR1257","Lymphocyte","ASD","Wald ratio",1," 0.027","0.021"," 1.027","2.02e-01",NA,NA,NA,0.015986318
"TAF4","Lymphocyte","ASD","Wald ratio",1," 0.021","0.017"," 1.022","2.02e-01",NA,NA,NA,0.015986318
"KIT","Lymphocyte","ASD","Wald ratio",1,"-0.031","0.024"," 0.970","2.02e-01",NA,NA,NA,0.015234999
"NTRK2","Lymphocyte","ASD","Wald ratio",1," 0.088","0.069"," 1.092","2.03e-01",NA,NA,NA,0.015637746
"KIAA0922","Lymphocyte","ASD","Wald ratio",1,"-0.019","0.015"," 0.981","2.03e-01",NA,NA,NA,0.016061035
"ALPPL2","Lymphocyte","ASD","Wald ratio",1," 0.031","0.024"," 1.031","2.03e-01",NA,NA,NA,0.020693079
"ELF5","Lymphocyte","ASD","Wald ratio",1,"-0.068","0.053"," 0.935","2.04e-01",NA,NA,NA,0.015785008
"CNTNAP5","Lymphocyte","ASD","Inverse variance weighted",2,"-0.021","0.017"," 0.979","2.04e-01",NA,0.569817407,NA,0.01855604
"BLZF1","Lymphocyte","ASD","Wald ratio",1,"-0.328","0.258"," 0.720","2.04e-01",NA,NA,NA,0.034760207
"PLEKHG5","Lymphocyte","ASD","Wald ratio",1,"-0.123","0.097"," 0.884","2.04e-01",NA,NA,NA,0.022763984
"NOL9","Lymphocyte","ASD","Wald ratio",1,"-0.034","0.027"," 0.967","2.04e-01",NA,NA,NA,0.022763984
"PLEKHG5","Lymphocyte","ASD","Wald ratio",1,"-0.120","0.095"," 0.887","2.04e-01",NA,NA,NA,0.022763984
"RPS6KA2","Lymphocyte","ASD","Simple mode",7," 0.017","0.012"," 1.017","2.04e-01",0.04052281,0.041802741,0.462679978,0.051213947
"CBLL1","Lymphocyte","ASD","Wald ratio",1," 0.023","0.018"," 1.023","2.04e-01",NA,NA,NA,0.015436852
"TRAPPC9","Lymphocyte","ASD","Weighted median",4," 0.015","0.012"," 1.015","2.05e-01",0.897994128,0.934892225,0.691426446,0.01422461
"PDIA6","Lymphocyte","ASD","Wald ratio",1," 0.018","0.014"," 1.018","2.05e-01",NA,NA,NA,0.013887183
"NUCKS1","Lymphocyte","ASD","Wald ratio",1,"-0.031","0.024"," 0.970","2.06e-01",NA,NA,NA,0.015234267
"SLC41A1","Lymphocyte","ASD","Wald ratio",1,"-0.369","0.292"," 0.692","2.06e-01",NA,NA,NA,0.015235404
"PEX11G","Lymphocyte","ASD","Wald ratio",1,"-0.023","0.018"," 0.977","2.06e-01",NA,NA,NA,0.016066932
"ODZ3","Lymphocyte","ASD","Weighted median",3," 0.019","0.015"," 1.019","2.06e-01",0.608320491,0.570243988,0.523842397,0.018259267
"TET2","Lymphocyte","ASD","Wald ratio",1," 0.157","0.125"," 1.170","2.07e-01",NA,NA,NA,0.022765476
"FAM177B","Lymphocyte","ASD","Wald ratio",1," 0.024","0.019"," 1.024","2.07e-01",NA,NA,NA,0.019220729
"KANK4","Lymphocyte","ASD","Wald ratio",1," 0.089","0.071"," 1.093","2.07e-01",NA,NA,NA,0.015712752
"ENPP7","Lymphocyte","ASD","Wald ratio",1,"-0.020","0.016"," 0.981","2.07e-01",NA,NA,NA,0.015371991
"CDK5RAP2","Lymphocyte","ASD","Wald ratio",1," 0.035","0.028"," 1.035","2.08e-01",NA,NA,NA,0.028642286
"FOXF1","Lymphocyte","ASD","Wald ratio",1,"-0.150","0.119"," 0.861","2.08e-01",NA,NA,NA,0.018258479
"POLS","Lymphocyte","ASD","Wald ratio",1," 0.020","0.016"," 1.020","2.08e-01",NA,NA,NA,0.015858219
"MATN3","Lymphocyte","ASD","Wald ratio",1,"-0.033","0.026"," 0.967","2.08e-01",NA,NA,NA,0.016269837
"SKAP2","Lymphocyte","ASD","Wald ratio",1," 0.018","0.014"," 1.018","2.09e-01",NA,NA,NA,0.015104115
"HOXA1","Lymphocyte","ASD","Wald ratio",1," 0.025","0.020"," 1.026","2.09e-01",NA,NA,NA,0.015104109
"C14orf182","Lymphocyte","ASD","Wald ratio",1,"-0.019","0.015"," 0.981","2.09e-01",NA,NA,NA,0.01634391
"SLC9A10","Lymphocyte","ASD","Wald ratio",1,"-0.035","0.028"," 0.966","2.09e-01",NA,NA,NA,0.023455653
"LEPROTL1","Lymphocyte","ASD","Wald ratio",1," 0.038","0.030"," 1.038","2.09e-01",NA,NA,NA,0.030484242
"MAGI2","Lymphocyte","ASD","Inverse variance weighted",3,"-0.028","0.022"," 0.973","2.10e-01",0.215286335,0.36505205,0.675471367,0.010074614
"ZBTB2","Lymphocyte","ASD","Wald ratio",1,"-0.056","0.044"," 0.946","2.10e-01",NA,NA,NA,0.026779317
"RGS17","Lymphocyte","ASD","Wald ratio",1,"-0.046","0.037"," 0.955","2.10e-01",NA,NA,NA,0.014822752
"C1orf43","Lymphocyte","ASD","Wald ratio",1,"-0.020","0.016"," 0.981","2.10e-01",NA,NA,NA,0.014822752
"MSRB2","Lymphocyte","ASD","Wald ratio",1,"-0.055","0.044"," 0.947","2.10e-01",NA,NA,NA,0.015236876
"TF","Lymphocyte","ASD","Wald ratio",1," 0.057","0.046"," 1.059","2.11e-01",NA,NA,NA,0.014896164
"WASL","Lymphocyte","ASD","Wald ratio",1," 0.025","0.020"," 1.025","2.11e-01",NA,NA,NA,0.01737311
"C18orf1","Lymphocyte","ASD","Wald ratio",1,"-0.019","0.016"," 0.981","2.11e-01",NA,NA,NA,0.014969423
"SLC38A8","Lymphocyte","ASD","Wald ratio",1," 0.037","0.029"," 1.037","2.11e-01",NA,NA,NA,0.019086472
"PPARGC1A","Lymphocyte","ASD","Wald ratio",1,"-0.020","0.016"," 0.980","2.11e-01",NA,NA,NA,0.015795671
"NOS3","Lymphocyte","ASD","Wald ratio",1,"-0.026","0.021"," 0.974","2.11e-01",NA,NA,NA,0.017445806
"KCNH2","Lymphocyte","ASD","Wald ratio",1,"-0.073","0.059"," 0.929","2.11e-01",NA,NA,NA,0.017444887
"ZRANB3","Lymphocyte","ASD","Wald ratio",1,"-0.046","0.037"," 0.955","2.12e-01",NA,NA,NA,0.035782675
"CCDC60","Lymphocyte","ASD","Wald ratio",1,"-0.032","0.026"," 0.968","2.13e-01",NA,NA,NA,0.015591219
"AGPAT6","Lymphocyte","ASD","Wald ratio",1,"-0.019","0.015"," 0.982","2.13e-01",NA,NA,NA,0.014764269
"TBC1D20","Lymphocyte","ASD","Wald ratio",1," 0.035","0.028"," 1.035","2.14e-01",NA,NA,NA,0.01731444
"DSCAM","Lymphocyte","ASD","Inverse variance weighted",3,"-0.023","0.018"," 0.977","2.14e-01",0.372250807,0.168983025,0.344955437,0.009812878
"NIPAL2","Lymphocyte","ASD","Wald ratio",1,"-0.044","0.036"," 0.957","2.15e-01",NA,NA,NA,0.03243588
"DSEL","Lymphocyte","ASD","Wald ratio",1," 0.439","0.354"," 1.550","2.15e-01",NA,NA,NA,0.014567596
"DHDH","Lymphocyte","ASD","Wald ratio",1,"-0.158","0.127"," 0.854","2.16e-01",NA,NA,NA,0.029875302
"ANKAR","Lymphocyte","ASD","Wald ratio",1,"-0.804","0.650"," 0.448","2.16e-01",NA,NA,NA,0.01635134
"PCDH15","Lymphocyte","ASD","Wald ratio",1," 0.019","0.016"," 1.020","2.16e-01",NA,NA,NA,0.015121019
"CEND1","Lymphocyte","ASD","Wald ratio",1,"-0.019","0.015"," 0.982","2.17e-01",NA,NA,NA,0.014707785
"LRDD","Lymphocyte","ASD","Wald ratio",1,"-0.028","0.022"," 0.973","2.17e-01",NA,NA,NA,0.014707785
"LRDD","Lymphocyte","ASD","Wald ratio",1,"-0.216","0.175"," 0.806","2.17e-01",NA,NA,NA,0.014707785
"GRAMD1B","Lymphocyte","ASD","Wald ratio",1,"-0.052","0.042"," 0.949","2.17e-01",NA,NA,NA,0.015610087
"WBSCR17","Lymphocyte","ASD","Weighted mode",3,"-0.022","0.012"," 0.978","2.17e-01",0.742885142,0.572693379,0.498857777,0.011601677
"NIPSNAP3A","Lymphocyte","ASD","Wald ratio",1," 1.829","1.482"," 6.231","2.17e-01",NA,NA,NA,0.025774985
"PDE9A","Lymphocyte","ASD","Wald ratio",1," 0.021","0.017"," 1.021","2.17e-01",NA,NA,NA,0.016508488
"ECHDC3","Lymphocyte","ASD","Wald ratio",1,"-0.390","0.316"," 0.677","2.17e-01",NA,NA,NA,0.016508488
"ABCA17P","Lymphocyte","ASD","Wald ratio",1," 0.114","0.093"," 1.121","2.17e-01",NA,NA,NA,0.01568333
"CCNF","Lymphocyte","ASD","Wald ratio",1," 0.804","0.652"," 2.235","2.17e-01",NA,NA,NA,0.01568333
"chrM2","Lymphocyte","ASD","Wald ratio",1," 0.046","0.037"," 1.047","2.18e-01",NA,NA,NA,0.01526485
"AKAP2","Lymphocyte","ASD","Wald ratio",1," 0.022","0.018"," 1.022","2.18e-01",NA,NA,NA,0.014855924
"CTBP2","Lymphocyte","ASD","Inverse variance weighted",2,"-0.039","0.032"," 0.962","2.18e-01",NA,0.165792089,NA,0.010734101
"GFRA1","Lymphocyte","ASD","Wald ratio",1,"-0.019","0.015"," 0.981","2.18e-01",NA,NA,NA,0.014442584
"C1QTNF7","Lymphocyte","ASD","Wald ratio",1," 0.044","0.036"," 1.045","2.18e-01",NA,NA,NA,0.03430259
"PLCG1","Lymphocyte","ASD","Wald ratio",1,"-0.039","0.032"," 0.962","2.18e-01",NA,NA,NA,0.018771077
"COL1A1","Lymphocyte","ASD","Wald ratio",1," 0.160","0.130"," 1.174","2.18e-01",NA,NA,NA,0.023484431
"XYLT1","Lymphocyte","ASD","Inverse variance weighted",2," 0.018","0.015"," 1.018","2.18e-01",NA,0.940375524,NA,0.010528539
"CHIT1","Lymphocyte","ASD","Wald ratio",1," 0.024","0.019"," 1.024","2.19e-01",NA,NA,NA,0.014513033
"GTF3C6","Lymphocyte","ASD","Wald ratio",1," 0.129","0.105"," 1.138","2.19e-01",NA,NA,NA,0.019326994
"LOC154449","Lymphocyte","ASD","Wald ratio",1,"-0.033","0.027"," 0.967","2.19e-01",NA,NA,NA,0.020609509
"RASSF8","Lymphocyte","ASD","Wald ratio",1,"-0.018","0.014"," 0.983","2.19e-01",NA,NA,NA,0.014503447
"FBXL17","Lymphocyte","ASD","Wald ratio",1,"-0.021","0.017"," 0.979","2.19e-01",NA,NA,NA,0.014503447
"SELP","Lymphocyte","ASD","Wald ratio",1,"-0.021","0.017"," 0.979","2.19e-01",NA,NA,NA,0.014578307
"FBXL7","Lymphocyte","ASD","Wald ratio",1," 0.022","0.018"," 1.023","2.19e-01",NA,NA,NA,0.014578307
"ETV5","Lymphocyte","ASD","Wald ratio",1,"-0.271","0.221"," 0.763","2.19e-01",NA,NA,NA,0.03109623
"NMUR1","Lymphocyte","ASD","Wald ratio",1," 0.055","0.045"," 1.056","2.20e-01",NA,NA,NA,0.02539294
"BCL2L15","Lymphocyte","ASD","Wald ratio",1," 0.022","0.018"," 1.023","2.20e-01",NA,NA,NA,0.015141685
"RNF144B","Lymphocyte","ASD","Wald ratio",1,"-0.874","0.713"," 0.417","2.20e-01",NA,NA,NA,0.016941894
"PYROXD1","Lymphocyte","ASD","Wald ratio",1," 0.889","0.726"," 2.433","2.21e-01",NA,NA,NA,0.014306846
"C3P1","Lymphocyte","ASD","Wald ratio",1,"-0.041","0.033"," 0.960","2.21e-01",NA,NA,NA,0.015211765
"FLJ20184","Lymphocyte","ASD","Wald ratio",1," 0.022","0.018"," 1.022","2.21e-01",NA,NA,NA,0.016964541
"LDHC","Lymphocyte","ASD","Wald ratio",1," 0.024","0.019"," 1.024","2.22e-01",NA,NA,NA,0.018453025
"LDHAL6A","Lymphocyte","ASD","Wald ratio",1," 0.028","0.023"," 1.028","2.22e-01",NA,NA,NA,0.018453025
"OPCML","Lymphocyte","ASD","Inverse variance weighted",4,"-0.017","0.014"," 0.983","2.22e-01",0.170547278,0.309575751,0.881797267,0.033051025
"ATP8A2","Lymphocyte","ASD","Simple mode",3,"-0.023","0.013"," 0.977","2.22e-01",0.253445432,0.520835871,0.988449298,0.007495427
"KCNIP4","Lymphocyte","ASD","Wald ratio",1,"-0.168","0.138"," 0.845","2.22e-01",NA,NA,NA,0.022980126
"RBPJ","Lymphocyte","ASD","Wald ratio",1,"-0.041","0.033"," 0.960","2.22e-01",NA,NA,NA,0.014532116
"C17orf76","Lymphocyte","ASD","Wald ratio",1,"-0.043","0.035"," 0.958","2.23e-01",NA,NA,NA,0.019964265
"C17orf76","Lymphocyte","ASD","Wald ratio",1,"-0.027","0.022"," 0.974","2.23e-01",NA,NA,NA,0.019964282
"NIPA2","Lymphocyte","ASD","Wald ratio",1,"-0.026","0.022"," 0.974","2.23e-01",NA,NA,NA,0.019561529
"LEPREL1","Lymphocyte","ASD","Wald ratio",1," 0.080","0.066"," 1.084","2.23e-01",NA,NA,NA,0.014187994
"WRB","Lymphocyte","ASD","Wald ratio",1,"-0.026","0.021"," 0.975","2.24e-01",NA,NA,NA,0.015577334
"TRIM68","Lymphocyte","ASD","Wald ratio",1,"-0.374","0.307"," 0.688","2.24e-01",NA,NA,NA,0.029235686
"TRIM29","Lymphocyte","ASD","Inverse variance weighted",2,"-0.023","0.019"," 0.978","2.25e-01",NA,0.739553516,NA,0.020997353
"FBLN2","Lymphocyte","ASD","Wald ratio",1,"-0.212","0.175"," 0.809","2.25e-01",NA,NA,NA,0.034471515
"TMEM132B","Lymphocyte","ASD","Wald ratio",1," 0.018","0.015"," 1.019","2.25e-01",NA,NA,NA,0.01441176
"ELOVL7","Lymphocyte","ASD","Inverse variance weighted",2," 0.027","0.022"," 1.027","2.25e-01",NA,0.441696089,NA,0.015158473
"ZNF692","Lymphocyte","ASD","Wald ratio",1,"-0.077","0.063"," 0.926","2.26e-01",NA,NA,NA,0.034003189
"TRAPPC9","Lymphocyte","ASD","Simple mode",4," 0.024","0.016"," 1.024","2.26e-01",0.897994128,0.934892225,0.691426446,0.01422461
"CSNK2A2","Lymphocyte","ASD","Wald ratio",1," 0.039","0.032"," 1.040","2.27e-01",NA,NA,NA,0.026495263
"DKFZp566F0947","Lymphocyte","ASD","Wald ratio",1,"-0.024","0.020"," 0.977","2.27e-01",NA,NA,NA,0.016507189
"IQSEC3","Lymphocyte","ASD","Inverse variance weighted",2,"-0.015","0.013"," 0.985","2.27e-01",NA,0.798356021,NA,0.009434577
"KLF9","Lymphocyte","ASD","Wald ratio",1," 0.382","0.316"," 1.465","2.27e-01",NA,NA,NA,0.014137308
"NHLRC4","Lymphocyte","ASD","Wald ratio",1," 0.018","0.015"," 1.018","2.27e-01",NA,NA,NA,0.01462665
"FAM195A","Lymphocyte","ASD","Wald ratio",1," 0.121","0.100"," 1.128","2.27e-01",NA,NA,NA,0.01462665
"RHBDL1","Lymphocyte","ASD","Wald ratio",1," 0.035","0.029"," 1.035","2.27e-01",NA,NA,NA,0.01462665
"RHOT2","Lymphocyte","ASD","Wald ratio",1," 0.018","0.015"," 1.018","2.27e-01",NA,NA,NA,0.014372434
"STUB1","Lymphocyte","ASD","Wald ratio",1," 0.068","0.057"," 1.071","2.27e-01",NA,NA,NA,0.01462665
"FBXL16","Lymphocyte","ASD","Wald ratio",1," 0.021","0.017"," 1.021","2.27e-01",NA,NA,NA,0.014618336
"C16orf11","Lymphocyte","ASD","Wald ratio",1," 0.029","0.024"," 1.029","2.27e-01",NA,NA,NA,0.014626649
"WDR90","Lymphocyte","ASD","Wald ratio",1," 0.023","0.019"," 1.023","2.27e-01",NA,NA,NA,0.01462665
"RAB40C","Lymphocyte","ASD","Wald ratio",1," 0.022","0.018"," 1.022","2.27e-01",NA,NA,NA,0.014626522
"C16orf13","Lymphocyte","ASD","Wald ratio",1," 0.044","0.037"," 1.045","2.27e-01",NA,NA,NA,0.01462665
"PIGQ","Lymphocyte","ASD","Wald ratio",1," 1.160","0.960"," 3.189","2.27e-01",NA,NA,NA,0.014624641
"WFIKKN1","Lymphocyte","ASD","Wald ratio",1," 0.042","0.035"," 1.043","2.27e-01",NA,NA,NA,0.01462665
"SYNM","Lymphocyte","ASD","Wald ratio",1," 0.214","0.177"," 1.239","2.27e-01",NA,NA,NA,0.015119206
"CYP4F3","Lymphocyte","ASD","Wald ratio",1," 0.068","0.056"," 1.070","2.27e-01",NA,NA,NA,0.014215988
"MYO3B","Lymphocyte","ASD","Weighted mode",3," 0.029","0.017"," 1.030","2.29e-01",0.016854987,0.054119114,0.907712976,0.023918958
"CCDC83","Lymphocyte","ASD","Wald ratio",1," 0.128","0.107"," 1.137","2.29e-01",NA,NA,NA,0.016385973
"SLC1A4","Lymphocyte","ASD","Wald ratio",1,"-0.060","0.050"," 0.942","2.30e-01",NA,NA,NA,0.019344028
"RNF4","Lymphocyte","ASD","Wald ratio",1," 0.300","0.250"," 1.350","2.30e-01",NA,NA,NA,0.018462292
"ZNF766","Lymphocyte","ASD","Wald ratio",1,"-0.020","0.016"," 0.981","2.31e-01",NA,NA,NA,0.008866222
"UHRF1BP1L","Lymphocyte","ASD","Wald ratio",1," 1.888","1.575"," 6.603","2.31e-01",NA,NA,NA,0.024722957
"STK24","Lymphocyte","ASD","Wald ratio",1,"-0.027","0.023"," 0.973","2.31e-01",NA,NA,NA,0.014653534
"GOLIM4","Lymphocyte","ASD","Wald ratio",1,"-0.359","0.300"," 0.698","2.31e-01",NA,NA,NA,0.020504554
"C2orf83","Lymphocyte","ASD","Wald ratio",1," 0.037","0.031"," 1.037","2.31e-01",NA,NA,NA,0.027978472
"IGF2BP2","Lymphocyte","ASD","Wald ratio",1,"-0.026","0.022"," 0.975","2.31e-01",NA,NA,NA,0.017163133
"SHISA4","Lymphocyte","ASD","Wald ratio",1," 0.323","0.269"," 1.381","2.31e-01",NA,NA,NA,0.016677149
"FAT1","Lymphocyte","ASD","Inverse variance weighted",2," 0.014","0.012"," 1.015","2.32e-01",NA,0.752499736,NA,0.013156077
"NDUFA10","Lymphocyte","ASD","Wald ratio",1," 0.872","0.731"," 2.392","2.33e-01",NA,NA,NA,0.020867935
"PCDH8","Lymphocyte","ASD","Wald ratio",1,"-0.048","0.040"," 0.953","2.33e-01",NA,NA,NA,0.01744767
"KIAA0226","Lymphocyte","ASD","Wald ratio",1," 0.030","0.025"," 1.030","2.33e-01",NA,NA,NA,0.022429836
"KIAA0226","Lymphocyte","ASD","Wald ratio",1," 1.187","0.996"," 3.278","2.33e-01",NA,NA,NA,0.022422516
"KIAA1430","Lymphocyte","ASD","Wald ratio",1," 0.018","0.015"," 1.018","2.34e-01",NA,NA,NA,0.014611056
"ERC2","Lymphocyte","ASD","MR Egger",3,"-0.068","0.026"," 0.934","2.34e-01",0.698250939,0.074849146,0.266911255,0.017071087
"PDCD1","Lymphocyte","ASD","Wald ratio",1,"-0.021","0.017"," 0.979","2.35e-01",NA,NA,NA,0.014279061
"C2orf85","Lymphocyte","ASD","Wald ratio",1,"-0.034","0.029"," 0.966","2.35e-01",NA,NA,NA,0.014275075
"NEU4","Lymphocyte","ASD","Wald ratio",1,"-0.018","0.015"," 0.982","2.35e-01",NA,NA,NA,0.014277524
"NEU4","Lymphocyte","ASD","Wald ratio",1,"-0.097","0.082"," 0.907","2.35e-01",NA,NA,NA,0.014279061
"CLEC17A","Lymphocyte","ASD","Wald ratio",1," 0.019","0.016"," 1.019","2.35e-01",NA,NA,NA,0.011652108
"OPCML","Lymphocyte","ASD","Weighted median",4,"-0.016","0.013"," 0.984","2.35e-01",0.170547278,0.309575751,0.881797267,0.033051025
"TJP2","Lymphocyte","ASD","Wald ratio",1," 0.065","0.054"," 1.067","2.35e-01",NA,NA,NA,0.016863312
"SH2D5","Lymphocyte","ASD","Wald ratio",1,"-0.024","0.020"," 0.977","2.36e-01",NA,NA,NA,0.013862108
"ZFP37","Lymphocyte","ASD","Wald ratio",1,"-0.275","0.232"," 0.760","2.36e-01",NA,NA,NA,0.031600768
"ADAMTS18","Lymphocyte","ASD","Wald ratio",1,"-0.024","0.021"," 0.976","2.36e-01",NA,NA,NA,0.014424784
"PRR20A","Lymphocyte","ASD","Wald ratio",1," 0.022","0.018"," 1.022","2.36e-01",NA,NA,NA,0.017565859
"IGSF9B","Lymphocyte","ASD","Wald ratio",1,"-0.059","0.049"," 0.943","2.36e-01",NA,NA,NA,0.013935316
"ECEL1P2","Lymphocyte","ASD","Wald ratio",1," 0.979","0.828"," 2.663","2.37e-01",NA,NA,NA,0.023210613
"USP24","Lymphocyte","ASD","Wald ratio",1,"-0.065","0.055"," 0.937","2.37e-01",NA,NA,NA,0.016184447
"SMAP1","Lymphocyte","ASD","Wald ratio",1,"-0.129","0.110"," 0.879","2.37e-01",NA,NA,NA,0.013597732
"OR2L13","Lymphocyte","ASD","Wald ratio",1," 0.020","0.017"," 1.020","2.38e-01",NA,NA,NA,0.014166289
"FZD1","Lymphocyte","ASD","Wald ratio",1," 0.022","0.019"," 1.022","2.38e-01",NA,NA,NA,0.016261041
"ZBTB7C","Lymphocyte","ASD","Wald ratio",1," 0.020","0.017"," 1.020","2.38e-01",NA,NA,NA,0.015159435
"C1orf52","Lymphocyte","ASD","Wald ratio",1,"-0.019","0.016"," 0.981","2.38e-01",NA,NA,NA,0.015160398
"PLXND1","Lymphocyte","ASD","Wald ratio",1," 0.030","0.026"," 1.031","2.38e-01",NA,NA,NA,0.022517467
"ISY1","Lymphocyte","ASD","Wald ratio",1," 0.788","0.669"," 2.200","2.38e-01",NA,NA,NA,0.022555201
"MYL10","Lymphocyte","ASD","Wald ratio",1," 0.053","0.045"," 1.054","2.39e-01",NA,NA,NA,0.015928828
"SLCO3A1","Lymphocyte","ASD","Inverse variance weighted",3," 0.014","0.012"," 1.015","2.39e-01",0.796717924,0.958466403,0.913972233,0.013490696
"LOC645323","Lymphocyte","ASD","Wald ratio",1,"-0.186","0.158"," 0.830","2.40e-01",NA,NA,NA,0.018227913
"PGR","Lymphocyte","ASD","Wald ratio",1,"-0.026","0.022"," 0.975","2.40e-01",NA,NA,NA,0.019802031
"MAGEF1","Lymphocyte","ASD","Wald ratio",1," 0.137","0.117"," 1.147","2.40e-01",NA,NA,NA,0.015020201
"MEGF11","Lymphocyte","ASD","Wald ratio",1," 0.021","0.018"," 1.022","2.40e-01",NA,NA,NA,0.015504097
"SIGLEC15","Lymphocyte","ASD","Wald ratio",1," 0.049","0.041"," 1.050","2.40e-01",NA,NA,NA,0.027580376
"MRPL22","Lymphocyte","ASD","Wald ratio",1,"-0.024","0.020"," 0.977","2.40e-01",NA,NA,NA,0.015105839
"ESRRG","Lymphocyte","ASD","Inverse variance weighted",2,"-0.025","0.021"," 0.976","2.40e-01",NA,0.70763826,NA,0.009990513
"OVOL1","Lymphocyte","ASD","Wald ratio",1," 0.023","0.020"," 1.023","2.40e-01",NA,NA,NA,0.013482434
"EFEMP2","Lymphocyte","ASD","Wald ratio",1," 0.083","0.070"," 1.086","2.40e-01",NA,NA,NA,0.013482434
"RREB1","Lymphocyte","ASD","Wald ratio",1,"-0.036","0.030"," 0.965","2.40e-01",NA,NA,NA,0.019397388
"RALGPS1","Lymphocyte","ASD","Wald ratio",1,"-0.076","0.064"," 0.927","2.40e-01",NA,NA,NA,0.013479705
"ZDHHC17","Lymphocyte","ASD","Wald ratio",1," 0.021","0.017"," 1.021","2.41e-01",NA,NA,NA,0.010573382
"TRIM58","Lymphocyte","ASD","Wald ratio",1,"-0.024","0.021"," 0.976","2.41e-01",NA,NA,NA,0.019471507
"CDGAP","Lymphocyte","ASD","Wald ratio",1," 0.017","0.015"," 1.017","2.41e-01",NA,NA,NA,0.013559994
"KIAA0528","Lymphocyte","ASD","Wald ratio",1," 0.403","0.344"," 1.497","2.41e-01",NA,NA,NA,0.028469195
"CHSY1","Lymphocyte","ASD","Inverse variance weighted",2,"-0.030","0.026"," 0.970","2.41e-01",NA,0.062880575,NA,0.288985814
"KIAA0182","Lymphocyte","ASD","Wald ratio",1,"-0.029","0.025"," 0.972","2.42e-01",NA,NA,NA,0.014760365
"CDH23","Lymphocyte","ASD","Inverse variance weighted",2,"-0.017","0.014"," 0.983","2.42e-01",NA,0.45528272,NA,0.007132922
"RPTOR","Lymphocyte","ASD","Weighted median",3,"-0.015","0.013"," 0.985","2.42e-01",0.730914581,0.156411635,0.309075154,0.042659104
"AGPAT4","Lymphocyte","ASD","Weighted mode",3,"-0.029","0.018"," 0.971","2.43e-01",0.542843592,0.67352626,0.633874886,0.015219238
"DNMT3L","Lymphocyte","ASD","Wald ratio",1," 0.019","0.017"," 1.020","2.43e-01",NA,NA,NA,0.01385817
"CMYA5","Lymphocyte","ASD","Wald ratio",1,"-0.023","0.019"," 0.978","2.43e-01",NA,NA,NA,0.017772958
"ARHGEF19","Lymphocyte","ASD","Wald ratio",1," 0.019","0.017"," 1.020","2.45e-01",NA,NA,NA,0.015290913
"KCNQ4","Lymphocyte","ASD","Wald ratio",1,"-0.124","0.107"," 0.883","2.45e-01",NA,NA,NA,0.020431743
"LDLRAD3","Lymphocyte","ASD","Simple mode",3,"-0.032","0.020"," 0.968","2.45e-01",0.841908679,0.890666851,0.737218207,0.020877134
"RBM28","Lymphocyte","ASD","Wald ratio",1," 0.037","0.032"," 1.037","2.45e-01",NA,NA,NA,0.025927113
"ELAC2","Lymphocyte","ASD","Wald ratio",1,"-0.584","0.503"," 0.557","2.45e-01",NA,NA,NA,0.015434314
"CATSPERB","Lymphocyte","ASD","Wald ratio",1," 0.020","0.017"," 1.021","2.45e-01",NA,NA,NA,0.015445814
"SLN","Lymphocyte","ASD","Wald ratio",1," 0.020","0.017"," 1.020","2.45e-01",NA,NA,NA,0.01372146
"RAP1GAP","Lymphocyte","ASD","Inverse variance weighted",2,"-0.024","0.021"," 0.976","2.46e-01",NA,0.943090178,NA,0.010569434
"RAB19","Lymphocyte","ASD","Wald ratio",1," 0.033","0.028"," 1.033","2.46e-01",NA,NA,NA,0.020724068
"ATXN7","Lymphocyte","ASD","Wald ratio",1,"-0.024","0.021"," 0.976","2.46e-01",NA,NA,NA,0.018894642
"LGALS8","Lymphocyte","ASD","Wald ratio",1," 0.018","0.016"," 1.018","2.46e-01",NA,NA,NA,0.014389093
"ST8SIA3","Lymphocyte","ASD","Wald ratio",1,"-0.078","0.067"," 0.925","2.46e-01",NA,NA,NA,0.017343859
"ARC","Lymphocyte","ASD","Wald ratio",1," 1.112","0.959"," 3.039","2.46e-01",NA,NA,NA,0.015578658
"PENK","Lymphocyte","ASD","Wald ratio",1," 0.034","0.029"," 1.035","2.47e-01",NA,NA,NA,0.013334972
"PNMA2","Lymphocyte","ASD","Wald ratio",1," 0.221","0.190"," 1.247","2.47e-01",NA,NA,NA,0.013334972
"VASH2","Lymphocyte","ASD","Wald ratio",1,"-0.184","0.159"," 0.832","2.47e-01",NA,NA,NA,0.013413083
"C22orf25","Lymphocyte","ASD","Wald ratio",1,"-1.025","0.887"," 0.359","2.48e-01",NA,NA,NA,0.013570308
"PDE11A","Lymphocyte","ASD","Inverse variance weighted",2,"-0.041","0.035"," 0.960","2.48e-01",NA,0.125926583,NA,0.067046489
"C12orf49","Lymphocyte","ASD","Wald ratio",1," 1.627","1.409"," 5.089","2.48e-01",NA,NA,NA,0.014769719
"KRTAP11-1","Lymphocyte","ASD","Wald ratio",1,"-0.023","0.020"," 0.977","2.49e-01",NA,NA,NA,0.015284564
"SFRS7","Lymphocyte","ASD","Wald ratio",1," 0.037","0.032"," 1.038","2.49e-01",NA,NA,NA,0.014282614
"CEP68","Lymphocyte","ASD","Wald ratio",1," 0.307","0.267"," 1.360","2.49e-01",NA,NA,NA,0.01371948
"KIF21B","Lymphocyte","ASD","Wald ratio",1," 0.019","0.016"," 1.019","2.49e-01",NA,NA,NA,0.013154332
"SPAG4","Lymphocyte","ASD","Wald ratio",1,"-0.206","0.179"," 0.814","2.50e-01",NA,NA,NA,0.016905077
"ANK3","Lymphocyte","ASD","Wald ratio",1,"-0.018","0.016"," 0.982","2.50e-01",NA,NA,NA,0.014513005
"PACSIN1","Lymphocyte","ASD","Wald ratio",1," 0.028","0.024"," 1.028","2.51e-01",NA,NA,NA,0.017762733
"RNF145","Lymphocyte","ASD","Wald ratio",1,"-0.060","0.052"," 0.942","2.51e-01",NA,NA,NA,0.015304312
"ABCD4","Lymphocyte","ASD","Wald ratio",1,"-0.026","0.023"," 0.974","2.52e-01",NA,NA,NA,0.01361419
"SLC39A11","Lymphocyte","ASD","Wald ratio",1," 0.018","0.016"," 1.018","2.52e-01",NA,NA,NA,0.01361419
"LOC285696","Lymphocyte","ASD","Wald ratio",1," 0.026","0.023"," 1.026","2.53e-01",NA,NA,NA,0.013124075
"SHISA6","Lymphocyte","ASD","Wald ratio",1," 0.017","0.015"," 1.017","2.53e-01",NA,NA,NA,0.013103322
"ANKRD40","Lymphocyte","ASD","Wald ratio",1," 0.048","0.042"," 1.049","2.53e-01",NA,NA,NA,0.0144861
"RASGRF2","Lymphocyte","ASD","Wald ratio",1," 0.043","0.037"," 1.043","2.53e-01",NA,NA,NA,0.014486008
"LYG2","Lymphocyte","ASD","Wald ratio",1,"-0.019","0.017"," 0.981","2.53e-01",NA,NA,NA,0.013195013
"FAM196A","Lymphocyte","ASD","Wald ratio",1,"-0.075","0.065"," 0.928","2.53e-01",NA,NA,NA,0.018363297
"PRDM1","Lymphocyte","ASD","Wald ratio",1," 0.076","0.066"," 1.079","2.53e-01",NA,NA,NA,0.022688699
"GPR98","Lymphocyte","ASD","Wald ratio",1,"-0.038","0.033"," 0.963","2.54e-01",NA,NA,NA,0.013997995
"LOC121838","Lymphocyte","ASD","Wald ratio",1,"-0.021","0.018"," 0.980","2.54e-01",NA,NA,NA,0.015976912
"C6orf167","Lymphocyte","ASD","Wald ratio",1," 0.497","0.436"," 1.644","2.54e-01",NA,NA,NA,0.014705319
"IRF7","Lymphocyte","ASD","Wald ratio",1,"-0.022","0.019"," 0.979","2.54e-01",NA,NA,NA,0.015427337
"LOC143666","Lymphocyte","ASD","Wald ratio",1,"-0.570","0.500"," 0.566","2.54e-01",NA,NA,NA,0.015427337
"MUPCDH","Lymphocyte","ASD","Wald ratio",1,"-0.021","0.018"," 0.980","2.54e-01",NA,NA,NA,0.015424876
"DRD4","Lymphocyte","ASD","Wald ratio",1,"-0.112","0.098"," 0.894","2.54e-01",NA,NA,NA,0.015426197
"PHRF1","Lymphocyte","ASD","Wald ratio",1,"-0.020","0.018"," 0.980","2.54e-01",NA,NA,NA,0.015427337
"CACNA1C","Lymphocyte","ASD","Inverse variance weighted",4,"-0.041","0.036"," 0.960","2.55e-01",0.00024342,0.000615236,0.805938666,0.495662012
"CETP","Lymphocyte","ASD","Wald ratio",1,"-0.473","0.415"," 0.623","2.55e-01",NA,NA,NA,0.015501486
"MGAT1","Lymphocyte","ASD","Wald ratio",1,"-0.033","0.029"," 0.968","2.55e-01",NA,NA,NA,0.021971594
"MGAT1","Lymphocyte","ASD","Wald ratio",1,"-2.720","2.390"," 0.066","2.55e-01",NA,NA,NA,0.021971594
"AGAP1","Lymphocyte","ASD","Wald ratio",1,"-0.030","0.026"," 0.970","2.56e-01",NA,NA,NA,0.013020154
"SLC19A3","Lymphocyte","ASD","Wald ratio",1,"-0.019","0.017"," 0.981","2.56e-01",NA,NA,NA,0.007187731
"SERINC2","Lymphocyte","ASD","Wald ratio",1," 0.181","0.160"," 1.199","2.57e-01",NA,NA,NA,0.01588216
"MAP4K4","Lymphocyte","ASD","Wald ratio",1,"-0.027","0.024"," 0.974","2.57e-01",NA,NA,NA,0.017218089
"FAM49A","Lymphocyte","ASD","Simple mode",3," 0.032","0.020"," 1.032","2.57e-01",0.122993562,0.292437777,0.884375479,0.036518189
"FAM172A","Lymphocyte","ASD","Wald ratio",1," 0.027","0.024"," 1.027","2.57e-01",NA,NA,NA,0.019251163
"CHN2","Lymphocyte","ASD","Wald ratio",1,"-0.306","0.270"," 0.737","2.57e-01",NA,NA,NA,0.013324705
"STATH","Lymphocyte","ASD","Wald ratio",1," 0.031","0.027"," 1.032","2.57e-01",NA,NA,NA,0.014890525
"FAM84B","Lymphocyte","ASD","Wald ratio",1," 0.033","0.029"," 1.034","2.58e-01",NA,NA,NA,0.022770965
"API5","Lymphocyte","ASD","Wald ratio",1,"-0.041","0.036"," 0.960","2.58e-01",NA,NA,NA,0.014839566
"RPRM","Lymphocyte","ASD","Wald ratio",1,"-0.025","0.022"," 0.976","2.58e-01",NA,NA,NA,0.01491799
"CASP10","Lymphocyte","ASD","Wald ratio",1,"-0.058","0.051"," 0.944","2.58e-01",NA,NA,NA,0.012835677
"CPA6","Lymphocyte","ASD","Wald ratio",1,"-0.027","0.023"," 0.974","2.59e-01",NA,NA,NA,0.016494078
"CCDC67","Lymphocyte","ASD","Wald ratio",1," 0.081","0.072"," 1.084","2.59e-01",NA,NA,NA,0.015774077
"ZNF767","Lymphocyte","ASD","Wald ratio",1,"-0.036","0.032"," 0.965","2.60e-01",NA,NA,NA,0.013062159
"DNAH14","Lymphocyte","ASD","Wald ratio",1," 0.023","0.020"," 1.023","2.60e-01",NA,NA,NA,0.016637919
"PRKCA","Lymphocyte","ASD","MR Egger",4," 0.085","0.055"," 1.089","2.60e-01",0.396970398,0.313631149,0.321333454,0.044239196
"EIF4E3","Lymphocyte","ASD","Wald ratio",1,"-0.037","0.033"," 0.964","2.60e-01",NA,NA,NA,0.013865815
"HDAC4","Lymphocyte","ASD","Simple mode",3," 0.024","0.015"," 1.024","2.60e-01",0.950597542,0.587314194,0.490644689,0.007631617
"LOC153328","Lymphocyte","ASD","Wald ratio",1," 0.018","0.016"," 1.018","2.60e-01",NA,NA,NA,0.013219919
"KRT80","Lymphocyte","ASD","Wald ratio",1," 0.030","0.027"," 1.031","2.60e-01",NA,NA,NA,0.017539274
"MAGI2","Lymphocyte","ASD","Weighted mode",3,"-0.044","0.028"," 0.957","2.61e-01",0.215286335,0.36505205,0.675471367,0.010074614
"NINJ2","Lymphocyte","ASD","Wald ratio",1," 0.871","0.775"," 2.389","2.61e-01",NA,NA,NA,0.017020736
"DLGAP2","Lymphocyte","ASD","Inverse variance weighted",3,"-0.011","0.010"," 0.989","2.61e-01",0.708680564,0.511149907,0.470681513,0.016965298
"ELMO1","Lymphocyte","ASD","Inverse variance weighted",2,"-0.017","0.015"," 0.983","2.62e-01",NA,0.556299688,NA,0.015947905
"ZMIZ1","Lymphocyte","ASD","Weighted mode",3,"-0.024","0.015"," 0.977","2.62e-01",0.28824439,0.454472742,0.641522425,0.017126337
"SOX9","Lymphocyte","ASD","Wald ratio",1," 0.133","0.119"," 1.142","2.62e-01",NA,NA,NA,0.018032626
"PLCD1","Lymphocyte","ASD","Wald ratio",1,"-0.053","0.047"," 0.948","2.63e-01",NA,NA,NA,0.02941865
"AGPAT4","Lymphocyte","ASD","Simple mode",3,"-0.031","0.020"," 0.970","2.63e-01",0.542843592,0.67352626,0.633874886,0.015219238
"FRAS1","Lymphocyte","ASD","Wald ratio",1,"-0.017","0.015"," 0.983","2.63e-01",NA,NA,NA,0.013071406
"C1orf113","Lymphocyte","ASD","Wald ratio",1,"-0.029","0.026"," 0.971","2.64e-01",NA,NA,NA,0.014707767
"FAM176B","Lymphocyte","ASD","Wald ratio",1,"-0.144","0.129"," 0.866","2.64e-01",NA,NA,NA,0.014707763
"TACR1","Lymphocyte","ASD","Weighted median",3,"-0.012","0.011"," 0.988","2.64e-01",0.890797781,0.990257811,0.982803099,0.008631556
"SLC44A2","Lymphocyte","ASD","Inverse variance weighted",2,"-0.013","0.012"," 0.987","2.64e-01",NA,0.428522968,NA,0.015991936
"SPI1","Lymphocyte","ASD","Wald ratio",1,"-0.061","0.054"," 0.941","2.64e-01",NA,NA,NA,0.017932999
"TRAF3","Lymphocyte","ASD","Wald ratio",1,"-0.072","0.064"," 0.931","2.64e-01",NA,NA,NA,0.013348779
"DIRC3","Lymphocyte","ASD","Wald ratio",1," 0.034","0.030"," 1.035","2.64e-01",NA,NA,NA,0.013434492
"NRG3","Lymphocyte","ASD","Wald ratio",1,"-0.016","0.014"," 0.984","2.65e-01",NA,NA,NA,0.012708192
"FOXF2","Lymphocyte","ASD","Wald ratio",1,"-0.035","0.032"," 0.965","2.65e-01",NA,NA,NA,0.018079707
"GGNBP2","Lymphocyte","ASD","Wald ratio",1," 1.040","0.933"," 2.829","2.65e-01",NA,NA,NA,0.012787521
"PRR24","Lymphocyte","ASD","Wald ratio",1," 0.042","0.037"," 1.042","2.65e-01",NA,NA,NA,0.01438403
"CFD","Lymphocyte","ASD","Wald ratio",1," 0.056","0.050"," 1.058","2.66e-01",NA,NA,NA,0.015957527
"C19orf22","Lymphocyte","ASD","Wald ratio",1," 0.156","0.140"," 1.168","2.66e-01",NA,NA,NA,0.015957349
"C2orf73","Lymphocyte","ASD","Wald ratio",1,"-0.088","0.079"," 0.916","2.66e-01",NA,NA,NA,0.013022527
"ELAVL1","Lymphocyte","ASD","Wald ratio",1," 0.121","0.109"," 1.128","2.66e-01",NA,NA,NA,0.013813512
"CCL25","Lymphocyte","ASD","Wald ratio",1," 0.059","0.053"," 1.061","2.66e-01",NA,NA,NA,0.013813512
"KCTD12","Lymphocyte","ASD","Wald ratio",1,"-0.040","0.036"," 0.961","2.66e-01",NA,NA,NA,0.013898989
"FAM131B","Lymphocyte","ASD","Wald ratio",1," 0.113","0.102"," 1.120","2.67e-01",NA,NA,NA,0.015478503
"C20orf103","Lymphocyte","ASD","Wald ratio",1,"-0.420","0.378"," 0.657","2.67e-01",NA,NA,NA,0.01704875
"AZI2","Lymphocyte","ASD","Wald ratio",1," 0.048","0.044"," 1.050","2.67e-01",NA,NA,NA,0.014685506
"GTF2IRD1","Lymphocyte","ASD","Wald ratio",1,"-0.026","0.024"," 0.974","2.67e-01",NA,NA,NA,0.015552452
"RPTOR","Lymphocyte","ASD","Weighted mode",3,"-0.020","0.013"," 0.980","2.68e-01",0.730914581,0.156411635,0.309075154,0.042659104
"LRP5","Lymphocyte","ASD","Wald ratio",1,"-0.023","0.021"," 0.977","2.68e-01",NA,NA,NA,0.018214397
"AKAP1","Lymphocyte","ASD","Wald ratio",1,"-1.422","1.283"," 0.241","2.68e-01",NA,NA,NA,0.020598541
"SH3BGRL2","Lymphocyte","ASD","Wald ratio",1,"-0.039","0.035"," 0.962","2.68e-01",NA,NA,NA,0.019986003
"CARD17","Lymphocyte","ASD","Wald ratio",1,"-0.019","0.017"," 0.981","2.68e-01",NA,NA,NA,0.011262269
"SIK2","Lymphocyte","ASD","Wald ratio",1,"-0.054","0.049"," 0.947","2.69e-01",NA,NA,NA,0.013639655
"KCNJ16","Lymphocyte","ASD","Wald ratio",1,"-0.022","0.020"," 0.978","2.69e-01",NA,NA,NA,0.015406723
"PAEP","Lymphocyte","ASD","Wald ratio",1,"-0.038","0.034"," 0.963","2.70e-01",NA,NA,NA,0.01568737
"ESRRB","Lymphocyte","ASD","Wald ratio",1," 0.021","0.019"," 1.021","2.70e-01",NA,NA,NA,0.014029954
"MYPN","Lymphocyte","ASD","Wald ratio",1," 0.018","0.016"," 1.018","2.71e-01",NA,NA,NA,0.013312348
"C17orf104","Lymphocyte","ASD","Wald ratio",1," 0.083","0.076"," 1.087","2.71e-01",NA,NA,NA,0.017639222
"LGALS3","Lymphocyte","ASD","Wald ratio",1," 0.018","0.017"," 1.018","2.71e-01",NA,NA,NA,0.012507661
"OR10A5","Lymphocyte","ASD","Wald ratio",1,"-0.016","0.015"," 0.984","2.72e-01",NA,NA,NA,0.012746531
"HDAC4","Lymphocyte","ASD","Weighted mode",3," 0.023","0.015"," 1.023","2.72e-01",0.950597542,0.587314194,0.490644689,0.007631617
"SLC35F3","Lymphocyte","ASD","MR Egger",3,"-0.064","0.029"," 0.938","2.73e-01",0.869856239,0.073118519,0.262996948,0.02977782
"TMEM132D","Lymphocyte","ASD","Weighted mode",3," 0.025","0.016"," 1.025","2.73e-01",0.06778312,0.146255061,0.762948579,0.024582769
"CACNA1B","Lymphocyte","ASD","Wald ratio",1,"-0.047","0.043"," 0.954","2.73e-01",NA,NA,NA,0.017364232
"ODZ3","Lymphocyte","ASD","Inverse variance weighted",3," 0.014","0.012"," 1.014","2.73e-01",0.608320491,0.570243988,0.523842397,0.018259267
"C17orf28","Lymphocyte","ASD","Wald ratio",1,"-0.035","0.032"," 0.966","2.73e-01",NA,NA,NA,0.025273551
"NKAIN4","Lymphocyte","ASD","Wald ratio",1," 0.028","0.025"," 1.028","2.73e-01",NA,NA,NA,0.013055081
"YTHDF1","Lymphocyte","ASD","Wald ratio",1," 0.079","0.072"," 1.082","2.73e-01",NA,NA,NA,0.01305478
"BIRC7","Lymphocyte","ASD","Wald ratio",1," 0.102","0.093"," 1.107","2.73e-01",NA,NA,NA,0.013055081
"FLJ16779","Lymphocyte","ASD","Wald ratio",1," 0.381","0.348"," 1.464","2.73e-01",NA,NA,NA,0.013055081
"OAT","Lymphocyte","ASD","Wald ratio",1,"-0.022","0.020"," 0.978","2.73e-01",NA,NA,NA,0.01676621
"NT5M","Lymphocyte","ASD","Wald ratio",1,"-0.261","0.239"," 0.770","2.74e-01",NA,NA,NA,0.015901361
"C9orf123","Lymphocyte","ASD","Wald ratio",1," 2.471","2.257","11.837","2.74e-01",NA,NA,NA,0.014086342
"RNF126P1","Lymphocyte","ASD","Wald ratio",1,"-0.081","0.074"," 0.922","2.74e-01",NA,NA,NA,0.015981768
"NCALD","Lymphocyte","ASD","Wald ratio",1," 0.140","0.128"," 1.150","2.74e-01",NA,NA,NA,0.013214195
"PIP5K1C","Lymphocyte","ASD","Wald ratio",1," 0.018","0.016"," 1.018","2.74e-01",NA,NA,NA,0.012419308
"FABP1","Lymphocyte","ASD","Wald ratio",1," 0.017","0.015"," 1.017","2.74e-01",NA,NA,NA,0.009014622
"CDH6","Lymphocyte","ASD","Wald ratio",1,"-0.018","0.017"," 0.982","2.74e-01",NA,NA,NA,0.012419066
"LOC728264","Lymphocyte","ASD","Wald ratio",1,"-0.032","0.029"," 0.968","2.74e-01",NA,NA,NA,0.016989737
"FAM49A","Lymphocyte","ASD","Weighted mode",3," 0.023","0.016"," 1.023","2.74e-01",0.122993562,0.292437777,0.884375479,0.036518189
"LOC254559","Lymphocyte","ASD","Wald ratio",1," 0.046","0.042"," 1.047","2.74e-01",NA,NA,NA,0.012495007
"CAMKK1","Lymphocyte","ASD","Wald ratio",1,"-0.019","0.017"," 0.981","2.75e-01",NA,NA,NA,0.014472779
"LRIG2","Lymphocyte","ASD","Wald ratio",1," 0.016","0.015"," 1.016","2.75e-01",NA,NA,NA,0.012728559
"FTH1","Lymphocyte","ASD","Wald ratio",1,"-2.977","2.731"," 0.051","2.76e-01",NA,NA,NA,0.030155001
"PRKDC","Lymphocyte","ASD","Wald ratio",1,"-0.034","0.031"," 0.967","2.76e-01",NA,NA,NA,0.026098927
"ZPBP","Lymphocyte","ASD","Wald ratio",1,"-0.106","0.098"," 0.899","2.77e-01",NA,NA,NA,0.015015471
"SLCO1B1","Lymphocyte","ASD","Wald ratio",1," 0.048","0.044"," 1.049","2.77e-01",NA,NA,NA,0.01720517
"SLCO1C1","Lymphocyte","ASD","Wald ratio",1," 0.022","0.020"," 1.022","2.77e-01",NA,NA,NA,0.01720517
"RUNX1T1","Lymphocyte","ASD","Wald ratio",1,"-0.019","0.017"," 0.982","2.77e-01",NA,NA,NA,0.012322483
"SULF1","Lymphocyte","ASD","Wald ratio",1,"-0.507","0.467"," 0.602","2.77e-01",NA,NA,NA,0.01719209
"HERC1","Lymphocyte","ASD","Wald ratio",1,"-0.151","0.139"," 0.860","2.77e-01",NA,NA,NA,0.013271315
"ERC2","Lymphocyte","ASD","Weighted mode",3,"-0.021","0.014"," 0.980","2.77e-01",0.698250939,0.074849146,0.266911255,0.017071087
"ANK1","Lymphocyte","ASD","Inverse variance weighted",2,"-0.012","0.011"," 0.988","2.78e-01",NA,0.527745746,NA,0.014764269
"ADARB2","Lymphocyte","ASD","Weighted mode",4,"-0.022","0.016"," 0.979","2.78e-01",0.604825627,0.666793886,0.531701708,0.020460251
"ZNF787","Lymphocyte","ASD","Wald ratio",1,"-0.027","0.025"," 0.973","2.80e-01",NA,NA,NA,0.019717512
"FAM76B","Lymphocyte","ASD","Wald ratio",1,"-0.016","0.015"," 0.984","2.80e-01",NA,NA,NA,0.010150148
"MTMR2","Lymphocyte","ASD","Wald ratio",1,"-0.016","0.015"," 0.984","2.80e-01",NA,NA,NA,0.012227055
"CA6","Lymphocyte","ASD","Wald ratio",1,"-0.052","0.048"," 0.949","2.81e-01",NA,NA,NA,0.012385924
"SLC22A23","Lymphocyte","ASD","MR Egger",3,"-0.096","0.045"," 0.909","2.81e-01",0.437369236,0.088021352,0.287307939,0.01532387
"TMEM151B","Lymphocyte","ASD","Wald ratio",1," 0.023","0.022"," 1.024","2.81e-01",NA,NA,NA,0.016863657
"ERC2","Lymphocyte","ASD","Simple mode",3,"-0.021","0.014"," 0.980","2.81e-01",0.698250939,0.074849146,0.266911255,0.017071087
"CCNY","Lymphocyte","ASD","Wald ratio",1,"-0.018","0.017"," 0.982","2.82e-01",NA,NA,NA,0.012771276
"PKHD1","Lymphocyte","ASD","Wald ratio",1," 0.076","0.071"," 1.079","2.83e-01",NA,NA,NA,0.014197755
"MIR548N","Lymphocyte","ASD","Wald ratio",1,"-0.022","0.021"," 0.978","2.84e-01",NA,NA,NA,0.01434744
"SNTB1","Lymphocyte","ASD","Wald ratio",1," 0.015","0.014"," 1.016","2.84e-01",NA,NA,NA,0.012372145
"MSH3","Lymphocyte","ASD","Wald ratio",1,"-0.020","0.018"," 0.981","2.85e-01",NA,NA,NA,0.013716147
"DHFR","Lymphocyte","ASD","Wald ratio",1,"-0.018","0.017"," 0.982","2.85e-01",NA,NA,NA,0.013716147
"AEN","Lymphocyte","ASD","Wald ratio",1,"-0.019","0.018"," 0.981","2.85e-01",NA,NA,NA,0.013716147
"CD300LB","Lymphocyte","ASD","Wald ratio",1," 0.038","0.035"," 1.038","2.85e-01",NA,NA,NA,0.012443972
"CD300A","Lymphocyte","ASD","Wald ratio",1," 0.028","0.026"," 1.028","2.85e-01",NA,NA,NA,0.012443972
"TREM1","Lymphocyte","ASD","Wald ratio",1,"-1.009","0.944"," 0.364","2.85e-01",NA,NA,NA,0.025449761
"COL4A1","Lymphocyte","ASD","Wald ratio",1," 0.016","0.015"," 1.016","2.85e-01",NA,NA,NA,0.012524004
"MUC2","Lymphocyte","ASD","Wald ratio",1," 0.037","0.035"," 1.038","2.85e-01",NA,NA,NA,0.023225532
"RAB11FIP4","Lymphocyte","ASD","Wald ratio",1,"-0.016","0.015"," 0.984","2.85e-01",NA,NA,NA,0.012603802
"NTM","Lymphocyte","ASD","MR Egger",5," 0.055","0.042"," 1.056","2.85e-01",0.042239973,0.000620207,0.134381059,0.936529742
"OGFR","Lymphocyte","ASD","Wald ratio",1," 0.037","0.034"," 1.037","2.85e-01",NA,NA,NA,0.015131954
"COL9A3","Lymphocyte","ASD","Wald ratio",1," 0.062","0.058"," 1.063","2.85e-01",NA,NA,NA,0.015131963
"MTERFD2","Lymphocyte","ASD","Wald ratio",1," 0.021","0.020"," 1.021","2.86e-01",NA,NA,NA,0.016609677
"PASK","Lymphocyte","ASD","Wald ratio",1," 0.024","0.023"," 1.025","2.86e-01",NA,NA,NA,0.016609677
"ARHGEF10","Lymphocyte","ASD","Inverse variance weighted",3,"-0.012","0.011"," 0.988","2.86e-01",0.513056195,0.763987478,0.795625341,0.007696647
"CDC16","Lymphocyte","ASD","Wald ratio",1," 0.164","0.153"," 1.178","2.86e-01",NA,NA,NA,0.014179077
"GSDMC","Lymphocyte","ASD","Wald ratio",1," 0.017","0.016"," 1.017","2.87e-01",NA,NA,NA,0.011850992
"URB1","Lymphocyte","ASD","Wald ratio",1,"-0.114","0.107"," 0.892","2.87e-01",NA,NA,NA,0.019605323
"AGBL4","Lymphocyte","ASD","Wald ratio",1," 0.024","0.023"," 1.024","2.87e-01",NA,NA,NA,0.013391775
"RPTOR","Lymphocyte","ASD","MR Egger",3,"-0.136","0.066"," 0.873","2.87e-01",0.730914581,0.156411635,0.309075154,0.042659104
"GTF2H3","Lymphocyte","ASD","Wald ratio",1," 0.015","0.014"," 1.015","2.87e-01",NA,NA,NA,0.012240515
"ATP6V0A2","Lymphocyte","ASD","Wald ratio",1," 0.016","0.015"," 1.016","2.87e-01",NA,NA,NA,0.012280793
"SLCO3A1","Lymphocyte","ASD","Weighted median",3," 0.015","0.014"," 1.015","2.88e-01",0.796717924,0.958466403,0.913972233,0.013490696
"SHC4","Lymphocyte","ASD","Wald ratio",1,"-0.017","0.016"," 0.983","2.88e-01",NA,NA,NA,0.012591803
"ADCY7","Lymphocyte","ASD","Wald ratio",1,"-0.020","0.018"," 0.981","2.89e-01",NA,NA,NA,0.014012292
"LOC93432","Lymphocyte","ASD","Wald ratio",1," 0.064","0.060"," 1.066","2.89e-01",NA,NA,NA,0.015427817
"TMC3","Lymphocyte","ASD","Wald ratio",1," 0.016","0.015"," 1.016","2.89e-01",NA,NA,NA,0.01298664
"DKFZP434H168","Lymphocyte","ASD","Wald ratio",1,"-0.063","0.059"," 0.939","2.90e-01",NA,NA,NA,0.011948942
"C1orf125","Lymphocyte","ASD","Wald ratio",1,"-0.028","0.027"," 0.972","2.91e-01",NA,NA,NA,0.020042796
"TDRD5","Lymphocyte","ASD","Wald ratio",1,"-0.032","0.030"," 0.969","2.91e-01",NA,NA,NA,0.022152232
"SVIL","Lymphocyte","ASD","Wald ratio",1,"-0.515","0.490"," 0.597","2.93e-01",NA,NA,NA,0.016190705
"C4BPB","Lymphocyte","ASD","Wald ratio",1," 0.024","0.023"," 1.025","2.93e-01",NA,NA,NA,0.011787161
"SPEF1","Lymphocyte","ASD","Wald ratio",1," 0.080","0.076"," 1.084","2.93e-01",NA,NA,NA,0.011862493
"CDC25B","Lymphocyte","ASD","Wald ratio",1," 0.033","0.031"," 1.033","2.93e-01",NA,NA,NA,0.011864935
"NCOR2","Lymphocyte","ASD","Inverse variance weighted",4,"-0.024","0.023"," 0.976","2.94e-01",0.004869738,0.012685443,0.871109587,0.006369778
"HECW2","Lymphocyte","ASD","Inverse variance weighted",2," 0.020","0.019"," 1.020","2.94e-01",NA,0.550713317,NA,0.017665406
"DNTTIP2","Lymphocyte","ASD","Wald ratio",1,"-0.030","0.029"," 0.970","2.94e-01",NA,NA,NA,0.02347858
"FUCA2","Lymphocyte","ASD","Wald ratio",1,"-0.447","0.426"," 0.639","2.94e-01",NA,NA,NA,0.01233953
"ZNHIT6","Lymphocyte","ASD","Wald ratio",1," 0.080","0.077"," 1.084","2.94e-01",NA,NA,NA,0.018955758
"KLF15","Lymphocyte","ASD","Wald ratio",1," 0.296","0.282"," 1.344","2.95e-01",NA,NA,NA,0.012253322
"FCGBP","Lymphocyte","ASD","Wald ratio",1,"-0.018","0.018"," 0.982","2.95e-01",NA,NA,NA,0.01415298
"FXYD6","Lymphocyte","ASD","Wald ratio",1," 0.120","0.114"," 1.127","2.95e-01",NA,NA,NA,0.014145634
"FXYD2","Lymphocyte","ASD","Wald ratio",1," 0.041","0.040"," 1.042","2.95e-01",NA,NA,NA,0.014147566
"DEFA5","Lymphocyte","ASD","Wald ratio",1," 0.019","0.018"," 1.020","2.95e-01",NA,NA,NA,0.012492071
"C18orf1","Lymphocyte","ASD","MR Egger",3," 0.302","0.151"," 1.352","2.95e-01",0.101407811,0.000793764,0.285455242,0.008012778
"COL4A3","Lymphocyte","ASD","Wald ratio",1," 0.023","0.022"," 1.024","2.95e-01",NA,NA,NA,0.01811417
"CLN5","Lymphocyte","ASD","Wald ratio",1," 0.081","0.078"," 1.084","2.96e-01",NA,NA,NA,0.016874376
"CAPSL","Lymphocyte","ASD","Wald ratio",1,"-0.075","0.072"," 0.928","2.96e-01",NA,NA,NA,0.016874376
"AEBP1","Lymphocyte","ASD","Wald ratio",1," 0.020","0.019"," 1.020","2.96e-01",NA,NA,NA,0.013438939
"GCK","Lymphocyte","ASD","Wald ratio",1," 0.018","0.017"," 1.018","2.96e-01",NA,NA,NA,0.01343894
"STK32C","Lymphocyte","ASD","Inverse variance weighted",2," 0.025","0.024"," 1.025","2.96e-01",NA,0.342617407,NA,0.017214249
"NFIL3","Lymphocyte","ASD","Wald ratio",1," 0.348","0.333"," 1.416","2.97e-01",NA,NA,NA,0.013515975
"BMP6","Lymphocyte","ASD","Wald ratio",1,"-0.057","0.054"," 0.945","2.97e-01",NA,NA,NA,0.011778963
"FHDC1","Lymphocyte","ASD","Wald ratio",1," 0.016","0.015"," 1.016","2.97e-01",NA,NA,NA,0.011778963
"COLEC11","Lymphocyte","ASD","Wald ratio",1," 0.024","0.023"," 1.025","2.97e-01",NA,NA,NA,0.017722276
"ZNF879","Lymphocyte","ASD","Wald ratio",1,"-0.059","0.056"," 0.943","2.97e-01",NA,NA,NA,0.01406502
"SDK1","Lymphocyte","ASD","Simple mode",3," 0.025","0.018"," 1.025","2.97e-01",0.494068426,0.790028365,0.961225359,0.012010271
"TRAK1","Lymphocyte","ASD","MR Egger",3," 0.108","0.054"," 1.114","2.98e-01",0.342589576,0.079322113,0.289968554,0.019334572
"RBP4","Lymphocyte","ASD","Wald ratio",1,"-0.032","0.030"," 0.969","2.98e-01",NA,NA,NA,0.022266263
"C15orf53","Lymphocyte","ASD","Wald ratio",1," 0.036","0.034"," 1.037","2.98e-01",NA,NA,NA,0.012486573
"PKNOX2","Lymphocyte","ASD","Inverse variance weighted",2," 0.037","0.036"," 1.038","2.99e-01",NA,0.120569854,NA,0.010200843
"TMEM163","Lymphocyte","ASD","Wald ratio",1,"-0.047","0.045"," 0.954","2.99e-01",NA,NA,NA,0.029080268
"SPTBN5","Lymphocyte","ASD","Wald ratio",1," 0.869","0.837"," 2.384","2.99e-01",NA,NA,NA,0.023965404
"EHD4","Lymphocyte","ASD","Wald ratio",1," 0.043","0.042"," 1.044","2.99e-01",NA,NA,NA,0.023965404
"FRMD4B","Lymphocyte","ASD","Wald ratio",1,"-0.040","0.038"," 0.961","3.00e-01",NA,NA,NA,0.013347721
"SMAD6","Lymphocyte","ASD","Wald ratio",1," 0.039","0.037"," 1.039","3.00e-01",NA,NA,NA,0.015620444
"DPYD","Lymphocyte","ASD","Inverse variance weighted",2,"-0.018","0.017"," 0.982","3.00e-01",NA,0.622082511,NA,0.010965416
"MTUS1","Lymphocyte","ASD","Wald ratio",1," 0.052","0.050"," 1.053","3.00e-01",NA,NA,NA,0.022258468
"ALG10B","Lymphocyte","ASD","Wald ratio",1," 0.151","0.145"," 1.162","3.00e-01",NA,NA,NA,0.011610912
"STK35","Lymphocyte","ASD","Wald ratio",1,"-0.016","0.016"," 0.984","3.00e-01",NA,NA,NA,0.011691363
"BET1L","Lymphocyte","ASD","Wald ratio",1," 1.006","0.971"," 2.734","3.00e-01",NA,NA,NA,0.013818491
"ATHL1","Lymphocyte","ASD","Wald ratio",1," 0.026","0.025"," 1.027","3.00e-01",NA,NA,NA,0.013818492
"IFITM5","Lymphocyte","ASD","Wald ratio",1," 0.032","0.031"," 1.033","3.00e-01",NA,NA,NA,0.01381849
"C22orf15","Lymphocyte","ASD","Wald ratio",1,"-0.304","0.294"," 0.738","3.00e-01",NA,NA,NA,0.023071814
"RHOJ","Lymphocyte","ASD","Wald ratio",1,"-0.016","0.016"," 0.984","3.01e-01",NA,NA,NA,0.011843521
"SERPINB9","Lymphocyte","ASD","Wald ratio",1,"-0.020","0.019"," 0.980","3.01e-01",NA,NA,NA,0.01232455
"WBSCR17","Lymphocyte","ASD","Simple mode",3,"-0.021","0.016"," 0.979","3.01e-01",0.742885142,0.572693379,0.498857777,0.011601677
"ODC1","Lymphocyte","ASD","Wald ratio",1,"-0.231","0.224"," 0.793","3.01e-01",NA,NA,NA,0.012557438
"NOL10","Lymphocyte","ASD","Wald ratio",1,"-0.470","0.455"," 0.625","3.01e-01",NA,NA,NA,0.012557443
"ZNF468","Lymphocyte","ASD","Wald ratio",1,"-0.079","0.076"," 0.924","3.02e-01",NA,NA,NA,0.012637843
"CENPP","Lymphocyte","ASD","Wald ratio",1," 0.017","0.017"," 1.017","3.02e-01",NA,NA,NA,0.01279836
"C14orf102","Lymphocyte","ASD","Wald ratio",1," 0.018","0.017"," 1.018","3.02e-01",NA,NA,NA,0.012798176
"SMYD3","Lymphocyte","ASD","Weighted mode",3,"-0.020","0.014"," 0.981","3.02e-01",0.705508355,0.522001957,0.476761108,0.010902123
"GAS2L3","Lymphocyte","ASD","Wald ratio",1," 0.052","0.050"," 1.053","3.02e-01",NA,NA,NA,0.015930836
"ZMIZ1","Lymphocyte","ASD","Simple mode",3,"-0.024","0.017"," 0.976","3.03e-01",0.28824439,0.454472742,0.641522425,0.017126337
"C13orf34","Lymphocyte","ASD","Wald ratio",1," 1.372","1.333"," 3.945","3.03e-01",NA,NA,NA,0.019688388
"ACOX2","Lymphocyte","ASD","Wald ratio",1," 0.035","0.034"," 1.035","3.03e-01",NA,NA,NA,0.022389537
"GPR124","Lymphocyte","ASD","Wald ratio",1,"-0.041","0.040"," 0.960","3.04e-01",NA,NA,NA,0.014518234
"ERI2","Lymphocyte","ASD","Wald ratio",1,"-0.045","0.044"," 0.956","3.04e-01",NA,NA,NA,0.01184359
"MECOM","Lymphocyte","ASD","Wald ratio",1,"-0.017","0.017"," 0.983","3.04e-01",NA,NA,NA,0.011918224
"BMPER","Lymphocyte","ASD","Wald ratio",1,"-0.015","0.015"," 0.985","3.04e-01",NA,NA,NA,0.011999429
"SLC22A23","Lymphocyte","ASD","Weighted median",3,"-0.021","0.020"," 0.979","3.04e-01",0.437369236,0.088021352,0.287307939,0.01532387
"FMO1","Lymphocyte","ASD","Wald ratio",1," 0.523","0.510"," 1.688","3.05e-01",NA,NA,NA,0.012712586
"SYNPO2L","Lymphocyte","ASD","Wald ratio",1," 0.025","0.025"," 1.025","3.05e-01",NA,NA,NA,0.016233354
"ENDOD1","Lymphocyte","ASD","Wald ratio",1,"-0.016","0.016"," 0.984","3.07e-01",NA,NA,NA,0.011519928
"ARNTL","Lymphocyte","ASD","Wald ratio",1,"-0.421","0.412"," 0.657","3.07e-01",NA,NA,NA,0.011600428
"SHE","Lymphocyte","ASD","Wald ratio",1,"-0.069","0.068"," 0.933","3.07e-01",NA,NA,NA,0.015294951
"ARHGEF7","Lymphocyte","ASD","Wald ratio",1,"-0.020","0.019"," 0.981","3.07e-01",NA,NA,NA,0.011596699
"C19orf33","Lymphocyte","ASD","Wald ratio",1," 0.045","0.044"," 1.046","3.07e-01",NA,NA,NA,0.01560597
"YIF1B","Lymphocyte","ASD","Wald ratio",1," 0.021","0.020"," 1.021","3.07e-01",NA,NA,NA,0.015606892
"KCNK6","Lymphocyte","ASD","Wald ratio",1," 0.038","0.037"," 1.039","3.07e-01",NA,NA,NA,0.015606892
"C19orf33","Lymphocyte","ASD","Wald ratio",1," 0.025","0.024"," 1.025","3.07e-01",NA,NA,NA,0.015606892
"SPRED3","Lymphocyte","ASD","Wald ratio",1," 0.031","0.030"," 1.031","3.07e-01",NA,NA,NA,0.015606892
"KDM3B","Lymphocyte","ASD","Wald ratio",1," 0.071","0.070"," 1.074","3.07e-01",NA,NA,NA,0.011917039
"ADARB2","Lymphocyte","ASD","MR Egger",4,"-0.045","0.033"," 0.956","3.07e-01",0.604825627,0.666793886,0.531701708,0.020460251
"RAPGEF2","Lymphocyte","ASD","Wald ratio",1," 0.028","0.027"," 1.028","3.07e-01",NA,NA,NA,0.011833362
"DOK6","Lymphocyte","ASD","Wald ratio",1," 0.022","0.022"," 1.022","3.08e-01",NA,NA,NA,0.012470026
"MLNR","Lymphocyte","ASD","Wald ratio",1,"-0.018","0.017"," 0.982","3.08e-01",NA,NA,NA,0.012387404
"NOSTRIN","Lymphocyte","ASD","Wald ratio",1,"-0.017","0.017"," 0.983","3.08e-01",NA,NA,NA,0.012525545
"GPR133","Lymphocyte","ASD","Inverse variance weighted",3,"-0.016","0.016"," 0.984","3.09e-01",0.470303486,0.355976541,0.431351872,0.009856482
"TREH","Lymphocyte","ASD","Wald ratio",1," 0.030","0.029"," 1.030","3.09e-01",NA,NA,NA,0.013803477
"HS3ST1","Lymphocyte","ASD","Wald ratio",1,"-0.230","0.226"," 0.795","3.09e-01",NA,NA,NA,0.014981806
"TMEM150B","Lymphocyte","ASD","Wald ratio",1,"-0.015","0.014"," 0.985","3.10e-01",NA,NA,NA,0.005797151
"TFG","Lymphocyte","ASD","Wald ratio",1,"-0.015","0.015"," 0.985","3.10e-01",NA,NA,NA,0.011597077
"TTC12","Lymphocyte","ASD","Wald ratio",1," 0.581","0.573"," 1.788","3.11e-01",NA,NA,NA,0.017225716
"TNRC6C","Lymphocyte","ASD","Wald ratio",1," 0.015","0.015"," 1.015","3.11e-01",NA,NA,NA,0.011910106
"DSCAM","Lymphocyte","ASD","Weighted mode",3,"-0.019","0.014"," 0.981","3.11e-01",0.372250807,0.168983025,0.344955437,0.009812878
"ORC5L","Lymphocyte","ASD","Wald ratio",1," 0.017","0.016"," 1.017","3.11e-01",NA,NA,NA,0.012937305
"TMEM171","Lymphocyte","ASD","Wald ratio",1," 0.050","0.049"," 1.051","3.12e-01",NA,NA,NA,0.014350606
"ARHGEF4","Lymphocyte","ASD","Wald ratio",1,"-0.198","0.196"," 0.820","3.13e-01",NA,NA,NA,0.017296441
"TOM1L1","Lymphocyte","ASD","Wald ratio",1,"-0.116","0.115"," 0.891","3.13e-01",NA,NA,NA,0.020500011
"PSIP1","Lymphocyte","ASD","Wald ratio",1," 0.016","0.016"," 1.016","3.14e-01",NA,NA,NA,0.011675342
"PLEKHA2","Lymphocyte","ASD","Wald ratio",1," 0.037","0.037"," 1.038","3.14e-01",NA,NA,NA,0.011514436
"PIM3","Lymphocyte","ASD","Wald ratio",1,"-0.046","0.046"," 0.955","3.14e-01",NA,NA,NA,0.011433924
"IL17REL","Lymphocyte","ASD","Wald ratio",1,"-0.020","0.020"," 0.980","3.14e-01",NA,NA,NA,0.011433924
"UBE2U","Lymphocyte","ASD","Wald ratio",1,"-0.015","0.015"," 0.985","3.14e-01",NA,NA,NA,0.011433195
"TTLL8","Lymphocyte","ASD","Wald ratio",1,"-0.021","0.021"," 0.979","3.14e-01",NA,NA,NA,0.011433923
"RHOB","Lymphocyte","ASD","Wald ratio",1,"-0.169","0.168"," 0.844","3.14e-01",NA,NA,NA,0.011513118
"DHX35","Lymphocyte","ASD","Wald ratio",1," 0.089","0.089"," 1.093","3.14e-01",NA,NA,NA,0.0120676
"FXYD1","Lymphocyte","ASD","Wald ratio",1,"-0.019","0.018"," 0.982","3.14e-01",NA,NA,NA,0.011826391
"FXYD1","Lymphocyte","ASD","Wald ratio",1,"-0.022","0.022"," 0.978","3.14e-01",NA,NA,NA,0.011827829
"FXYD3","Lymphocyte","ASD","Wald ratio",1,"-0.017","0.017"," 0.983","3.14e-01",NA,NA,NA,0.01182807
"CCDC88B","Lymphocyte","ASD","Wald ratio",1,"-0.024","0.023"," 0.977","3.14e-01",NA,NA,NA,0.012145525
"PLCB3","Lymphocyte","ASD","Wald ratio",1,"-0.016","0.016"," 0.984","3.14e-01",NA,NA,NA,0.012145374
"BAD","Lymphocyte","ASD","Wald ratio",1,"-0.101","0.100"," 0.904","3.14e-01",NA,NA,NA,0.012145525
"KCNK4","Lymphocyte","ASD","Wald ratio",1,"-0.056","0.055"," 0.946","3.14e-01",NA,NA,NA,0.012145518
"C2orf63","Lymphocyte","ASD","Wald ratio",1,"-0.153","0.152"," 0.858","3.14e-01",NA,NA,NA,0.013095439
"C2orf63","Lymphocyte","ASD","Wald ratio",1,"-0.020","0.020"," 0.980","3.14e-01",NA,NA,NA,0.013095439
"WDR51B","Lymphocyte","ASD","Wald ratio",1," 0.022","0.022"," 1.022","3.14e-01",NA,NA,NA,0.013488124
"EFR3A","Lymphocyte","ASD","Wald ratio",1,"-0.402","0.400"," 0.669","3.15e-01",NA,NA,NA,0.014578042
"NIPA1","Lymphocyte","ASD","Wald ratio",1," 0.029","0.029"," 1.030","3.15e-01",NA,NA,NA,0.015986379
"SEMA5A","Lymphocyte","ASD","Wald ratio",1," 0.038","0.038"," 1.039","3.15e-01",NA,NA,NA,0.018216746
"SNORD123","Lymphocyte","ASD","Wald ratio",1," 0.023","0.023"," 1.023","3.15e-01",NA,NA,NA,0.018216747
"TTR","Lymphocyte","ASD","Wald ratio",1,"-0.021","0.021"," 0.979","3.17e-01",NA,NA,NA,0.011754815
"EGLN3","Lymphocyte","ASD","Wald ratio",1,"-0.018","0.018"," 0.982","3.17e-01",NA,NA,NA,0.011355651
"PGCP","Lymphocyte","ASD","Wald ratio",1,"-0.029","0.029"," 0.971","3.17e-01",NA,NA,NA,0.013092501
"CDKN1C","Lymphocyte","ASD","Wald ratio",1,"-0.024","0.024"," 0.976","3.17e-01",NA,NA,NA,0.012923046
"AOAH","Lymphocyte","ASD","Inverse variance weighted",2,"-0.013","0.013"," 0.987","3.19e-01",NA,0.3544767,NA,0.008100752
"ACIN1","Lymphocyte","ASD","Wald ratio",1," 0.449","0.451"," 1.567","3.19e-01",NA,NA,NA,0.02235842
"HIF3A","Lymphocyte","ASD","Wald ratio",1," 0.176","0.177"," 1.193","3.20e-01",NA,NA,NA,0.014894396
"RFTN2","Lymphocyte","ASD","Wald ratio",1," 0.047","0.047"," 1.048","3.20e-01",NA,NA,NA,0.01411645
"PARP14","Lymphocyte","ASD","Wald ratio",1," 0.088","0.089"," 1.092","3.20e-01",NA,NA,NA,0.014503509
"GPR149","Lymphocyte","ASD","Wald ratio",1,"-0.030","0.030"," 0.970","3.20e-01",NA,NA,NA,0.014579969
"SLC35F1","Lymphocyte","ASD","Wald ratio",1," 0.016","0.016"," 1.016","3.20e-01",NA,NA,NA,0.012228872
"CADM1","Lymphocyte","ASD","Wald ratio",1,"-0.016","0.016"," 0.984","3.21e-01",NA,NA,NA,0.009645837
"SELK","Lymphocyte","ASD","Wald ratio",1," 0.018","0.018"," 1.018","3.21e-01",NA,NA,NA,0.01198876
"TIFAB","Lymphocyte","ASD","Wald ratio",1," 0.054","0.055"," 1.056","3.21e-01",NA,NA,NA,0.011199588
"APC","Lymphocyte","ASD","Wald ratio",1,"-0.552","0.556"," 0.576","3.21e-01",NA,NA,NA,0.011199588
"KCNV2","Lymphocyte","ASD","Wald ratio",1," 0.014","0.014"," 1.014","3.21e-01",NA,NA,NA,0.011199566
"DNAJC15","Lymphocyte","ASD","Wald ratio",1,"-0.014","0.014"," 0.986","3.21e-01",NA,NA,NA,0.011277492
"TRPA1","Lymphocyte","ASD","Wald ratio",1,"-0.023","0.024"," 0.977","3.21e-01",NA,NA,NA,0.011119032
"C6orf173","Lymphocyte","ASD","Wald ratio",1," 0.019","0.019"," 1.019","3.21e-01",NA,NA,NA,0.011112986
"COL21A1","Lymphocyte","ASD","Inverse variance weighted",2,"-0.020","0.020"," 0.980","3.22e-01",NA,0.412927193,NA,0.012648829
"TMEM158","Lymphocyte","ASD","Wald ratio",1,"-0.037","0.038"," 0.963","3.22e-01",NA,NA,NA,0.016297976
"CYP2U1","Lymphocyte","ASD","Wald ratio",1,"-0.045","0.045"," 0.956","3.23e-01",NA,NA,NA,0.013333254
"BMP1","Lymphocyte","ASD","Wald ratio",1,"-0.019","0.019"," 0.981","3.23e-01",NA,NA,NA,0.013290886
"BMP1","Lymphocyte","ASD","Wald ratio",1,"-0.020","0.020"," 0.981","3.23e-01",NA,NA,NA,0.01332725
"SERPING1","Lymphocyte","ASD","Wald ratio",1,"-0.033","0.034"," 0.967","3.24e-01",NA,NA,NA,0.012464853
"MIR130A","Lymphocyte","ASD","Wald ratio",1,"-0.022","0.022"," 0.979","3.24e-01",NA,NA,NA,0.012464853
"UBE2L6","Lymphocyte","ASD","Wald ratio",1,"-0.022","0.022"," 0.979","3.24e-01",NA,NA,NA,0.012464853
"FYN","Lymphocyte","ASD","Inverse variance weighted",2," 0.022","0.022"," 1.022","3.24e-01",NA,0.317355378,NA,0.018077086
"IRS2","Lymphocyte","ASD","Wald ratio",1,"-0.018","0.019"," 0.982","3.24e-01",NA,NA,NA,0.011200847
"NDST1","Lymphocyte","ASD","Wald ratio",1," 0.015","0.015"," 1.015","3.24e-01",NA,NA,NA,0.011191476
"C9orf47","Lymphocyte","ASD","Wald ratio",1,"-0.040","0.041"," 0.960","3.24e-01",NA,NA,NA,0.011357071
"UCK2","Lymphocyte","ASD","Wald ratio",1," 0.014","0.014"," 1.014","3.24e-01",NA,NA,NA,0.011278756
"AP4S1","Lymphocyte","ASD","Wald ratio",1," 0.034","0.035"," 1.035","3.24e-01",NA,NA,NA,0.011119856
"SLC35E4","Lymphocyte","ASD","Wald ratio",1," 0.022","0.022"," 1.022","3.24e-01",NA,NA,NA,0.011120324
"RNF138","Lymphocyte","ASD","Wald ratio",1," 0.014","0.014"," 1.014","3.24e-01",NA,NA,NA,0.011114365
"NAV1","Lymphocyte","ASD","Weighted median",3," 0.038","0.038"," 1.038","3.25e-01",0.994953658,0.983526486,0.885292502,0.019189865
"KRT36","Lymphocyte","ASD","Wald ratio",1,"-0.021","0.021"," 0.979","3.25e-01",NA,NA,NA,0.014428937
"RAB5A","Lymphocyte","ASD","Wald ratio",1," 0.722","0.735"," 2.058","3.26e-01",NA,NA,NA,0.013408926
"B3GALTL","Lymphocyte","ASD","Wald ratio",1," 0.017","0.017"," 1.017","3.26e-01",NA,NA,NA,0.013173973
"SSH3","Lymphocyte","ASD","Wald ratio",1,"-0.075","0.077"," 0.928","3.26e-01",NA,NA,NA,0.021540521
"ATPGD1","Lymphocyte","ASD","Wald ratio",1,"-1.600","1.629"," 0.202","3.26e-01",NA,NA,NA,0.021540521
"CLCN3","Lymphocyte","ASD","Wald ratio",1,"-0.072","0.073"," 0.931","3.26e-01",NA,NA,NA,0.012857232
"ADAMTS2","Lymphocyte","ANXIETY","Inverse variance weighted",5," 0.018","0.018"," 1.018","3.27e-01",NA,NA,NA,0.009079142
"MYT1L","Lymphocyte","ASD","Inverse variance weighted",5," 0.010","0.010"," 1.010","3.27e-01",0.952152773,0.733074177,0.28636995,0.021986781
"FAM163A","Lymphocyte","ASD","Wald ratio",1," 0.947","0.967"," 2.577","3.27e-01",NA,NA,NA,0.011507547
"RXRA","Lymphocyte","ASD","Wald ratio",1,"-0.032","0.033"," 0.969","3.29e-01",NA,NA,NA,0.013646659
"MED12L","Lymphocyte","ASD","Wald ratio",1,"-0.017","0.018"," 0.983","3.29e-01",NA,NA,NA,0.012707787
"KBTBD3","Lymphocyte","ASD","Wald ratio",1," 0.142","0.146"," 1.153","3.30e-01",NA,NA,NA,0.020873951
"C2orf40","Lymphocyte","ASD","Wald ratio",1,"-0.033","0.034"," 0.967","3.30e-01",NA,NA,NA,0.014744623
"ANKS1B","Lymphocyte","ASD","Wald ratio",1," 0.024","0.025"," 1.025","3.31e-01",NA,NA,NA,0.011600779
"SLC27A1","Lymphocyte","ASD","Wald ratio",1,"-0.061","0.062"," 0.941","3.31e-01",NA,NA,NA,0.019593642
"CLNK","Lymphocyte","ASD","Inverse variance weighted",2,"-0.013","0.014"," 0.987","3.31e-01",NA,0.320755386,NA,0.011026478
"OR5D16","Lymphocyte","ASD","Wald ratio",1," 0.021","0.022"," 1.021","3.32e-01",NA,NA,NA,0.013494843
"OR4A16","Lymphocyte","ASD","Wald ratio",1," 0.122","0.126"," 1.130","3.32e-01",NA,NA,NA,0.013494843
"ABTB2","Lymphocyte","ASD","Wald ratio",1," 0.034","0.035"," 1.034","3.32e-01",NA,NA,NA,0.01791849
"C16orf61","Lymphocyte","ASD","Wald ratio",1,"-0.028","0.029"," 0.972","3.32e-01",NA,NA,NA,0.012943739
"KCNB1","Lymphocyte","ASD","Wald ratio",1,"-0.536","0.553"," 0.585","3.32e-01",NA,NA,NA,0.022443289
"ADAMTS5","Lymphocyte","ASD","Wald ratio",1,"-0.024","0.025"," 0.976","3.32e-01",NA,NA,NA,0.015218248
"KRBA1","Lymphocyte","ASD","Wald ratio",1,"-0.024","0.025"," 0.976","3.32e-01",NA,NA,NA,0.017614489
"CD83","Lymphocyte","ASD","Wald ratio",1,"-0.086","0.089"," 0.917","3.33e-01",NA,NA,NA,0.012391499
"C6orf186","Lymphocyte","ASD","Inverse variance weighted",2,"-0.046","0.047"," 0.955","3.33e-01",NA,0.344656196,NA,0.020331213
"ANKRD33B","Lymphocyte","ASD","Wald ratio",1,"-0.041","0.043"," 0.960","3.33e-01",NA,NA,NA,0.01207663
"PHKG1","Lymphocyte","ASD","Wald ratio",1," 0.021","0.022"," 1.021","3.34e-01",NA,NA,NA,0.011288763
"CHCHD2","Lymphocyte","ASD","Wald ratio",1," 0.015","0.015"," 1.015","3.34e-01",NA,NA,NA,0.011288837
"RASA1","Lymphocyte","ASD","Wald ratio",1," 0.292","0.302"," 1.339","3.35e-01",NA,NA,NA,0.011130579
"NAV1","Lymphocyte","ASD","Inverse variance weighted",3," 0.037","0.039"," 1.038","3.35e-01",0.994953658,0.983526486,0.885292502,0.019189865
"CHL1","Lymphocyte","ASD","Wald ratio",1,"-0.018","0.018"," 0.983","3.35e-01",NA,NA,NA,0.011050177
"ANGPT2","Lymphocyte","ASD","Wald ratio",1,"-0.037","0.039"," 0.963","3.35e-01",NA,NA,NA,0.023625746
"FNIP2","Lymphocyte","ASD","Wald ratio",1,"-0.026","0.027"," 0.975","3.35e-01",NA,NA,NA,0.010968088
"IL12B","Lymphocyte","ASD","Wald ratio",1," 0.059","0.062"," 1.061","3.35e-01",NA,NA,NA,0.015069694
"PRR4","Lymphocyte","ASD","Wald ratio",1,"-0.024","0.025"," 0.977","3.35e-01",NA,NA,NA,0.010889648
"POLR1A","Lymphocyte","ASD","Wald ratio",1," 0.072","0.075"," 1.075","3.35e-01",NA,NA,NA,0.010889315
"FAM20C","Lymphocyte","ASD","Wald ratio",1,"-0.312","0.323"," 0.732","3.35e-01",NA,NA,NA,0.010889315
"FGFR2","Lymphocyte","ASD","Wald ratio",1,"-0.014","0.015"," 0.986","3.35e-01",NA,NA,NA,0.010808855
"PTGER2","Lymphocyte","ASD","Wald ratio",1,"-0.042","0.043"," 0.959","3.36e-01",NA,NA,NA,0.012556274
"OLA1","Lymphocyte","ASD","Wald ratio",1,"-0.029","0.030"," 0.971","3.36e-01",NA,NA,NA,0.022157207
"GABRA4","Lymphocyte","ASD","Wald ratio",1," 0.030","0.031"," 1.030","3.36e-01",NA,NA,NA,0.012083622
"GABRB1","Lymphocyte","ASD","Wald ratio",1," 0.016","0.017"," 1.016","3.36e-01",NA,NA,NA,0.012083622
"LQK1","Lymphocyte","ASD","Wald ratio",1," 0.018","0.019"," 1.018","3.37e-01",NA,NA,NA,0.012004241
"SLC44A3","Lymphocyte","ASD","Wald ratio",1,"-0.381","0.397"," 0.683","3.38e-01",NA,NA,NA,0.011136002
"OLIG3","Lymphocyte","ASD","Wald ratio",1,"-0.054","0.057"," 0.947","3.38e-01",NA,NA,NA,0.010973642
"GBP3","Lymphocyte","ASD","Wald ratio",1," 0.016","0.017"," 1.016","3.38e-01",NA,NA,NA,0.012879113
"PHYHD1","Lymphocyte","ASD","Wald ratio",1," 0.239","0.249"," 1.269","3.38e-01",NA,NA,NA,0.011052027
"PCBD2","Lymphocyte","ASD","Wald ratio",1," 0.137","0.143"," 1.147","3.39e-01",NA,NA,NA,0.010895246
"SYNE1","Lymphocyte","ASD","Inverse variance weighted",2,"-0.023","0.024"," 0.977","3.39e-01",NA,0.531989368,NA,0.006886241
"LOXL4","Lymphocyte","ASD","Wald ratio",1,"-0.022","0.023"," 0.978","3.39e-01",NA,NA,NA,0.010816804
"DNALI1","Lymphocyte","ASD","Wald ratio",1," 0.040","0.041"," 1.040","3.39e-01",NA,NA,NA,0.010738327
"PECR","Lymphocyte","ASD","Wald ratio",1," 0.269","0.282"," 1.309","3.39e-01",NA,NA,NA,0.010734101
"SNORD115-16","Lymphocyte","ASD","Wald ratio",1," 0.035","0.037"," 1.036","3.40e-01",NA,NA,NA,0.020067029
"SNORD115-15","Lymphocyte","ASD","Wald ratio",1," 0.026","0.027"," 1.026","3.40e-01",NA,NA,NA,0.02002773
"ARL9","Lymphocyte","ASD","Wald ratio",1,"-0.061","0.063"," 0.941","3.40e-01",NA,NA,NA,0.011854246
"SULF1","Lymphocyte","ASD","Wald ratio",1," 0.018","0.019"," 1.018","3.40e-01",NA,NA,NA,0.011651273
"TGFBR3","Lymphocyte","ASD","Inverse variance weighted",2,"-0.028","0.030"," 0.972","3.40e-01",NA,0.174927317,NA,0.026596809
"RARS","Lymphocyte","ASD","Wald ratio",1," 0.018","0.019"," 1.019","3.40e-01",NA,NA,NA,0.013278586
"TMEM41B","Lymphocyte","ASD","Wald ratio",1," 0.095","0.100"," 1.100","3.40e-01",NA,NA,NA,0.021196767
"RSPH1","Lymphocyte","ASD","Wald ratio",1,"-0.082","0.086"," 0.921","3.40e-01",NA,NA,NA,0.013350888
"SLC37A1","Lymphocyte","ASD","Wald ratio",1,"-0.019","0.020"," 0.981","3.40e-01",NA,NA,NA,0.01335002
"ZP3","Lymphocyte","ASD","Wald ratio",1,"-0.019","0.019"," 0.982","3.41e-01",NA,NA,NA,0.011207089
"POMZP3","Lymphocyte","ASD","Wald ratio",1,"-0.037","0.038"," 0.964","3.41e-01",NA,NA,NA,0.011456808
"GPR114","Lymphocyte","ASD","Wald ratio",1,"-0.092","0.096"," 0.913","3.41e-01",NA,NA,NA,0.011455938
"HPCAL1","Lymphocyte","ASD","Wald ratio",1," 0.059","0.062"," 1.061","3.41e-01",NA,NA,NA,0.011455938
"GLIS1","Lymphocyte","ASD","Inverse variance weighted",2,"-0.020","0.022"," 0.980","3.41e-01",NA,0.087208473,NA,0.116638201
"CCDC50","Lymphocyte","ASD","Wald ratio",1,"-0.018","0.019"," 0.982","3.42e-01",NA,NA,NA,0.012490434
"UTS2D","Lymphocyte","ASD","Wald ratio",1,"-0.016","0.017"," 0.984","3.42e-01",NA,NA,NA,0.007769945
"CCDC50","Lymphocyte","ASD","Wald ratio",1,"-0.481","0.506"," 0.618","3.42e-01",NA,NA,NA,0.012489733
"CCDC50","Lymphocyte","ASD","Wald ratio",1,"-0.497","0.523"," 0.608","3.42e-01",NA,NA,NA,0.012490434
"COG3","Lymphocyte","ASD","Wald ratio",1," 0.134","0.141"," 1.143","3.42e-01",NA,NA,NA,0.010901482
"TBL1XR1","Lymphocyte","ASD","Wald ratio",1," 0.020","0.021"," 1.020","3.42e-01",NA,NA,NA,0.010901482
"PODN","Lymphocyte","ASD","Wald ratio",1," 0.028","0.029"," 1.028","3.42e-01",NA,NA,NA,0.019271032
"NPDC1","Lymphocyte","ASD","Wald ratio",1,"-0.028","0.029"," 0.972","3.42e-01",NA,NA,NA,0.012335071
"C9orf139","Lymphocyte","ASD","Wald ratio",1,"-0.024","0.026"," 0.976","3.42e-01",NA,NA,NA,0.012335071
"MAN1B1","Lymphocyte","ASD","Wald ratio",1,"-0.017","0.018"," 0.983","3.42e-01",NA,NA,NA,0.011736281
"C9orf139","Lymphocyte","ASD","Wald ratio",1,"-0.029","0.031"," 0.971","3.42e-01",NA,NA,NA,0.012335071
"SGSM1","Lymphocyte","ASD","Wald ratio",1,"-1.064","1.121"," 0.345","3.43e-01",NA,NA,NA,0.012094682
"SGSM1","Lymphocyte","ASD","Wald ratio",1,"-0.709","0.748"," 0.492","3.43e-01",NA,NA,NA,0.012094682
"ANO2","Lymphocyte","ASD","Wald ratio",1," 0.038","0.040"," 1.039","3.43e-01",NA,NA,NA,0.016254633
"C22orf40","Lymphocyte","ASD","Wald ratio",1,"-0.041","0.043"," 0.960","3.43e-01",NA,NA,NA,0.014540587
"PLD1","Lymphocyte","ASD","Wald ratio",1," 0.110","0.116"," 1.116","3.43e-01",NA,NA,NA,0.014540587
"SLC5A8","Lymphocyte","ASD","Wald ratio",1," 0.022","0.023"," 1.022","3.44e-01",NA,NA,NA,0.013117911
"DLGAP2","Lymphocyte","ASD","Simple mode",3,"-0.018","0.015"," 0.982","3.44e-01",0.708680564,0.511149907,0.470681513,0.016965298
"PRDM2","Lymphocyte","ASD","Wald ratio",1,"-0.020","0.021"," 0.980","3.44e-01",NA,NA,NA,0.012887121
"SP140","Lymphocyte","ASD","Wald ratio",1,"-0.117","0.124"," 0.889","3.44e-01",NA,NA,NA,0.015481864
"DEFA4","Lymphocyte","ASD","Wald ratio",1,"-0.015","0.015"," 0.985","3.44e-01",NA,NA,NA,0.011307625
"KIAA0513","Lymphocyte","ASD","Wald ratio",1," 0.030","0.032"," 1.031","3.45e-01",NA,NA,NA,0.010987618
"KCNE1","Lymphocyte","ASD","Wald ratio",1,"-0.022","0.024"," 0.978","3.45e-01",NA,NA,NA,0.013524834
"SMYD3","Lymphocyte","ASD","Simple mode",3,"-0.020","0.016"," 0.981","3.46e-01",0.705508355,0.522001957,0.476761108,0.010902123
"CERK","Lymphocyte","ASD","Wald ratio",1," 0.020","0.022"," 1.021","3.46e-01",NA,NA,NA,0.010828715
"FST","Lymphocyte","ASD","Wald ratio",1,"-0.015","0.016"," 0.985","3.46e-01",NA,NA,NA,0.007468839
"MYPOP","Lymphocyte","ASD","Wald ratio",1," 0.019","0.020"," 1.019","3.46e-01",NA,NA,NA,0.010752548
"OPCML","Lymphocyte","ASD","Weighted mode",4,"-0.017","0.015"," 0.983","3.46e-01",0.170547278,0.309575751,0.881797267,0.033051025
"ZNF467","Lymphocyte","ASD","Wald ratio",1," 0.102","0.109"," 1.108","3.46e-01",NA,NA,NA,0.018188021
"SSPO","Lymphocyte","ASD","Wald ratio",1," 0.069","0.073"," 1.072","3.46e-01",NA,NA,NA,0.018178459
"SMAD2","Lymphocyte","ASD","Wald ratio",1,"-0.084","0.090"," 0.919","3.46e-01",NA,NA,NA,0.010588642
"GKN1","Lymphocyte","ASD","Wald ratio",1,"-0.050","0.053"," 0.951","3.46e-01",NA,NA,NA,0.025269722
"PSMF1","Lymphocyte","ASD","Wald ratio",1,"-0.029","0.030"," 0.972","3.47e-01",NA,NA,NA,0.011631072
"SLC22A23","Lymphocyte","ASD","Simple mode",3,"-0.031","0.025"," 0.969","3.47e-01",0.437369236,0.088021352,0.287307939,0.01532387
"KLRC1","Lymphocyte","ASD","Wald ratio",1,"-0.020","0.021"," 0.981","3.47e-01",NA,NA,NA,0.011471008
"GAS2L2","Lymphocyte","ASD","Wald ratio",1," 0.267","0.284"," 1.306","3.48e-01",NA,NA,NA,0.017349599
"DLGAP2","Lymphocyte","ASD","Weighted mode",3,"-0.017","0.014"," 0.983","3.48e-01",0.708680564,0.511149907,0.470681513,0.016965298
"AJAP1","Lymphocyte","ASD","MR Egger",3,"-0.091","0.056"," 0.913","3.48e-01",0.391500873,0.141824083,0.325700636,0.027650056
"LARP1B","Lymphocyte","ASD","Wald ratio",1," 0.056","0.060"," 1.057","3.49e-01",NA,NA,NA,0.010995955
"RRP15","Lymphocyte","ASD","Wald ratio",1,"-0.216","0.231"," 0.806","3.49e-01",NA,NA,NA,0.01091549
"TGFB2","Lymphocyte","ASD","Wald ratio",1,"-0.181","0.193"," 0.834","3.49e-01",NA,NA,NA,0.010917682
"YWHAZ","Lymphocyte","ASD","Wald ratio",1,"-0.052","0.056"," 0.949","3.49e-01",NA,NA,NA,0.010917367
"RNASE12","Lymphocyte","ASD","Wald ratio",1," 0.027","0.029"," 1.027","3.49e-01",NA,NA,NA,0.020026333
"EGFR","Lymphocyte","ASD","Inverse variance weighted",2," 0.016","0.017"," 1.016","3.49e-01",NA,0.411436979,NA,0.009432732
"APOBEC3F","Lymphocyte","ASD","Wald ratio",1," 0.014","0.015"," 1.014","3.50e-01",NA,NA,NA,0.010523396
"GDAP1","Lymphocyte","ASD","Wald ratio",1,"-0.044","0.047"," 0.957","3.50e-01",NA,NA,NA,0.010518901
"TFCP2L1","Lymphocyte","ASD","Wald ratio",1," 0.031","0.033"," 1.031","3.50e-01",NA,NA,NA,0.012671738
"LYSMD4","Lymphocyte","ASD","Inverse variance weighted",2," 0.013","0.014"," 1.013","3.51e-01",NA,0.455698326,NA,0.015072273
"ARHGAP26","Lymphocyte","ASD","Inverse variance weighted",2,"-0.031","0.033"," 0.970","3.51e-01",NA,0.028623428,NA,0.393448164
"CHI3L2","Lymphocyte","ASD","Wald ratio",1,"-0.031","0.033"," 0.970","3.51e-01",NA,NA,NA,0.016659651
"RBM20","Lymphocyte","ASD","Wald ratio",1," 0.216","0.232"," 1.241","3.52e-01",NA,NA,NA,0.010926625
"NPHP4","Lymphocyte","ASD","Wald ratio",1," 0.017","0.019"," 1.018","3.52e-01",NA,NA,NA,0.0140189
"ANKDD1A","Lymphocyte","ASD","Wald ratio",1,"-0.025","0.027"," 0.975","3.53e-01",NA,NA,NA,0.010770407
"ADAMTS19","Lymphocyte","ASD","Wald ratio",1,"-0.118","0.127"," 0.889","3.53e-01",NA,NA,NA,0.016829528
"ANKRD45","Lymphocyte","ASD","Wald ratio",1,"-0.049","0.053"," 0.952","3.53e-01",NA,NA,NA,0.010613142
"SLC9A11","Lymphocyte","ASD","Wald ratio",1,"-0.013","0.014"," 0.987","3.53e-01",NA,NA,NA,0.010420569
"PGLYRP3","Lymphocyte","ASD","Wald ratio",1,"-0.016","0.018"," 0.984","3.53e-01",NA,NA,NA,0.010532972
"BACE1","Lymphocyte","ASD","Wald ratio",1," 0.017","0.018"," 1.017","3.53e-01",NA,NA,NA,0.010606911
"TRDMT1","Lymphocyte","ASD","Wald ratio",1," 1.800","1.940"," 6.050","3.53e-01",NA,NA,NA,0.014573993
"EXOC2","Lymphocyte","ASD","Wald ratio",1," 0.016","0.017"," 1.016","3.54e-01",NA,NA,NA,0.011490248
"CPOX","Lymphocyte","ASD","Wald ratio",1," 0.044","0.048"," 1.045","3.54e-01",NA,NA,NA,0.010450135
"B9D2","Lymphocyte","ASD","Wald ratio",1,"-0.053","0.058"," 0.948","3.54e-01",NA,NA,NA,0.01141228
"OBSCN","Lymphocyte","ASD","Wald ratio",1,"-0.076","0.082"," 0.926","3.54e-01",NA,NA,NA,0.011334281
"FAM46A","Lymphocyte","ASD","Wald ratio",1,"-0.080","0.086"," 0.923","3.54e-01",NA,NA,NA,0.022147261
"ANKRD55","Lymphocyte","ASD","Wald ratio",1,"-0.016","0.017"," 0.985","3.54e-01",NA,NA,NA,0.012210488
"SDK1","Lymphocyte","ASD","Weighted mode",3," 0.019","0.016"," 1.020","3.54e-01",0.494068426,0.790028365,0.961225359,0.012010271
"GAD1","Lymphocyte","ASD","Wald ratio",1," 0.083","0.090"," 1.087","3.55e-01",NA,NA,NA,0.011093311
"FAM19A5","Lymphocyte","ASD","Inverse variance weighted",2,"-0.015","0.016"," 0.985","3.55e-01",NA,0.258819589,NA,0.038581822
"LOC400940","Lymphocyte","ASD","Wald ratio",1,"-0.021","0.023"," 0.979","3.55e-01",NA,NA,NA,0.011015186
"PDE7A","Lymphocyte","ASD","Wald ratio",1," 0.024","0.026"," 1.024","3.55e-01",NA,NA,NA,0.010936722
"GALNT3","Lymphocyte","ASD","Wald ratio",1,"-0.128","0.139"," 0.879","3.56e-01",NA,NA,NA,0.015673988
"OCEL1","Lymphocyte","ASD","Wald ratio",1," 0.018","0.020"," 1.019","3.56e-01",NA,NA,NA,0.010856705
"NR2F6","Lymphocyte","ASD","Wald ratio",1," 0.185","0.200"," 1.203","3.56e-01",NA,NA,NA,0.010856705
"MYO9B","Lymphocyte","ASD","Wald ratio",1," 0.050","0.054"," 1.051","3.56e-01",NA,NA,NA,0.010856705
"RIN3","Lymphocyte","ASD","Inverse variance weighted",2," 0.015","0.016"," 1.015","3.56e-01",NA,0.555692402,NA,0.009190378
"LYPD6B","Lymphocyte","ASD","Wald ratio",1,"-0.014","0.015"," 0.986","3.56e-01",NA,NA,NA,0.007992373
"UCMA","Lymphocyte","ASD","Wald ratio",1," 0.043","0.046"," 1.044","3.56e-01",NA,NA,NA,0.023052908
"SH2D3A","Lymphocyte","ASD","Wald ratio",1,"-0.020","0.022"," 0.980","3.56e-01",NA,NA,NA,0.012534181
"FAM110A","Lymphocyte","ASD","Wald ratio",1,"-0.419","0.455"," 0.658","3.57e-01",NA,NA,NA,0.01061732
"LRFN2","Lymphocyte","ASD","Inverse variance weighted",2," 0.019","0.020"," 1.019","3.57e-01",NA,0.176214372,NA,0.04779111
"CCL2","Lymphocyte","ASD","Wald ratio",1,"-0.019","0.021"," 0.981","3.57e-01",NA,NA,NA,0.012379292
"FAM118B","Lymphocyte","ASD","Wald ratio",1,"-0.016","0.017"," 0.985","3.57e-01",NA,NA,NA,0.012379292
"AIM1","Lymphocyte","ASD","Wald ratio",1," 0.753","0.818"," 2.123","3.57e-01",NA,NA,NA,0.020442346
"ADPRH","Lymphocyte","ASD","Wald ratio",1,"-0.771","0.838"," 0.462","3.57e-01",NA,NA,NA,0.013167998
"DDX1","Lymphocyte","ASD","Wald ratio",1,"-0.018","0.019"," 0.983","3.57e-01",NA,NA,NA,0.014037485
"ZDHHC13","Lymphocyte","ASD","Wald ratio",1,"-0.020","0.022"," 0.980","3.58e-01",NA,NA,NA,0.01118733
"GPRC5C","Lymphocyte","ASD","Wald ratio",1,"-0.044","0.048"," 0.957","3.58e-01",NA,NA,NA,0.018314865
"USP31","Lymphocyte","ASD","Wald ratio",1," 0.015","0.017"," 1.016","3.58e-01",NA,NA,NA,0.011101295
"TTC7B","Lymphocyte","ASD","Weighted median",3," 0.015","0.016"," 1.015","3.58e-01",0.149221133,0.184397897,0.574004909,0.007203459
"TMEM51","Lymphocyte","ASD","MR Egger",3,"-0.083","0.053"," 0.920","3.59e-01",0.555669096,0.184258472,0.33171098,0.007049634
"WDYHV1","Lymphocyte","ASD","Wald ratio",1,"-0.092","0.101"," 0.912","3.59e-01",NA,NA,NA,0.010791659
"LPAR1","Lymphocyte","ASD","Wald ratio",1,"-0.022","0.024"," 0.978","3.60e-01",NA,NA,NA,0.010634671
"NFATC1","Lymphocyte","ASD","Wald ratio",1," 0.024","0.026"," 1.025","3.60e-01",NA,NA,NA,0.011511774
"CCBL2","Lymphocyte","ASD","Wald ratio",1,"-0.016","0.017"," 0.985","3.61e-01",NA,NA,NA,0.010474679
"GJA3","Lymphocyte","ASD","Wald ratio",1,"-0.062","0.068"," 0.940","3.61e-01",NA,NA,NA,0.010474679
"TMEM92","Lymphocyte","ASD","Wald ratio",1," 0.157","0.172"," 1.170","3.61e-01",NA,NA,NA,0.011278133
"CCL16","Lymphocyte","ASD","Wald ratio",1,"-0.032","0.035"," 0.968","3.61e-01",NA,NA,NA,0.020155283
"CCL23","Lymphocyte","ASD","Wald ratio",1,"-0.034","0.038"," 0.966","3.61e-01",NA,NA,NA,0.020163907
"SPRED2","Lymphocyte","ASD","Wald ratio",1,"-0.015","0.017"," 0.985","3.61e-01",NA,NA,NA,0.010309332
"SPRED2","Lymphocyte","ASD","Wald ratio",1,"-0.110","0.120"," 0.896","3.61e-01",NA,NA,NA,0.010314637
"ZG16B","Lymphocyte","ASD","Wald ratio",1," 0.032","0.035"," 1.033","3.61e-01",NA,NA,NA,0.011115638
"PRSS33","Lymphocyte","ASD","Wald ratio",1," 0.020","0.022"," 1.020","3.61e-01",NA,NA,NA,0.011115588
"TESSP1","Lymphocyte","ASD","Wald ratio",1," 0.018","0.020"," 1.018","3.61e-01",NA,NA,NA,0.011115638
"ODZ3","Lymphocyte","ASD","Simple mode",3," 0.022","0.019"," 1.022","3.62e-01",0.608320491,0.570243988,0.523842397,0.018259267
"TEK","Lymphocyte","ASD","Wald ratio",1," 0.016","0.018"," 1.016","3.62e-01",NA,NA,NA,0.012634122
"WWC2","Lymphocyte","ASD","Wald ratio",1," 0.017","0.019"," 1.017","3.62e-01",NA,NA,NA,0.010959323
"SPP1","Lymphocyte","ASD","Wald ratio",1,"-0.037","0.040"," 0.964","3.62e-01",NA,NA,NA,0.011682094
"PLAGL1","Lymphocyte","ASD","Wald ratio",1,"-0.026","0.029"," 0.974","3.63e-01",NA,NA,NA,0.01469571
"FCER1A","Lymphocyte","ASD","Wald ratio",1," 0.015","0.017"," 1.015","3.64e-01",NA,NA,NA,0.011363559
"CD34","Lymphocyte","ASD","Wald ratio",1," 0.040","0.044"," 1.040","3.65e-01",NA,NA,NA,0.011131218
"ACSL5","Lymphocyte","ASD","Wald ratio",1,"-0.507","0.561"," 0.602","3.66e-01",NA,NA,NA,0.011613919
"MASP1","Lymphocyte","ASD","Wald ratio",1,"-0.020","0.023"," 0.980","3.66e-01",NA,NA,NA,0.014398015
"SMYD3","Lymphocyte","ASD","MR Egger",3,"-0.045","0.029"," 0.956","3.67e-01",0.705508355,0.522001957,0.476761108,0.010902123
"BCL2L14","Lymphocyte","ASD","Wald ratio",1," 0.020","0.022"," 1.020","3.67e-01",NA,NA,NA,0.011088445
"HERV-FRD","Lymphocyte","ASD","Wald ratio",1," 0.019","0.022"," 1.020","3.67e-01",NA,NA,NA,0.013449167
"LOC221710","Lymphocyte","ASD","Wald ratio",1," 0.020","0.022"," 1.020","3.67e-01",NA,NA,NA,0.013449167
"SSPN","Lymphocyte","ASD","Wald ratio",1,"-0.027","0.029"," 0.974","3.68e-01",NA,NA,NA,0.011218792
"ZNF598","Lymphocyte","ASD","Wald ratio",1,"-0.018","0.020"," 0.982","3.68e-01",NA,NA,NA,0.013294244
"SYNGR3","Lymphocyte","ASD","Wald ratio",1,"-0.030","0.033"," 0.971","3.68e-01",NA,NA,NA,0.013297939
"DBX2","Lymphocyte","ASD","Wald ratio",1,"-0.026","0.029"," 0.974","3.68e-01",NA,NA,NA,0.016832742
"LOC134466","Lymphocyte","ASD","Wald ratio",1," 0.014","0.016"," 1.014","3.68e-01",NA,NA,NA,0.010340163
"TRIM24","Lymphocyte","ASD","Wald ratio",1,"-0.019","0.021"," 0.981","3.69e-01",NA,NA,NA,0.011517672
"LOC100188949","Lymphocyte","ASD","Wald ratio",1," 0.105","0.117"," 1.111","3.69e-01",NA,NA,NA,0.010180481
"FLRT2","Lymphocyte","ASD","Inverse variance weighted",2," 0.049","0.055"," 1.050","3.69e-01",NA,0.031038815,NA,0.017945951
"FAM170B","Lymphocyte","ASD","Wald ratio",1," 0.015","0.017"," 1.016","3.69e-01",NA,NA,NA,0.010829422
"ISCA1","Lymphocyte","ASD","Wald ratio",1," 0.018","0.020"," 1.018","3.70e-01",NA,NA,NA,0.012111922
"PCSK9","Lymphocyte","ASD","Wald ratio",1," 0.017","0.019"," 1.017","3.70e-01",NA,NA,NA,0.010672909
"THSD4","Lymphocyte","ASD","Inverse variance weighted",2," 0.021","0.023"," 1.021","3.70e-01",NA,0.085034134,NA,0.099304331
"SORCS2","Lymphocyte","ASD","Simple mode",4,"-0.020","0.019"," 0.980","3.70e-01",0.001960905,0.002797378,0.66164928,0.012348931
"CELSR2","Lymphocyte","ASD","Wald ratio",1,"-0.020","0.023"," 0.980","3.71e-01",NA,NA,NA,0.01188001
"ROBO1","Lymphocyte","ASD","Wald ratio",1,"-0.015","0.017"," 0.985","3.71e-01",NA,NA,NA,0.011232452
"CNKSR1","Lymphocyte","ASD","Wald ratio",1,"-0.022","0.025"," 0.978","3.71e-01",NA,NA,NA,0.011157909
"ZNF593","Lymphocyte","ASD","Wald ratio",1,"-0.014","0.016"," 0.986","3.71e-01",NA,NA,NA,0.01115007
"CNKSR1","Lymphocyte","ASD","Wald ratio",1,"-0.017","0.019"," 0.983","3.71e-01",NA,NA,NA,0.011157909
"DAP","Lymphocyte","ASD","Wald ratio",1,"-0.333","0.372"," 0.717","3.71e-01",NA,NA,NA,0.012518216
"SYNJ2","Lymphocyte","ASD","Wald ratio",1,"-0.018","0.020"," 0.982","3.71e-01",NA,NA,NA,0.010433802
"LMO3","Lymphocyte","ASD","Wald ratio",1,"-0.029","0.033"," 0.971","3.71e-01",NA,NA,NA,0.011795973
"WDR19","Lymphocyte","ASD","Wald ratio",1," 0.026","0.029"," 1.026","3.71e-01",NA,NA,NA,0.016387505
"ZNF804B","Lymphocyte","ASD","Wald ratio",1," 0.014","0.015"," 1.014","3.72e-01",NA,NA,NA,0.010354887
"PRDM11","Lymphocyte","ASD","Wald ratio",1,"-0.027","0.030"," 0.973","3.72e-01",NA,NA,NA,0.010354081
"TMEM97","Lymphocyte","ASD","Wald ratio",1," 0.028","0.031"," 1.028","3.72e-01",NA,NA,NA,0.010274351
"HLA-DOA","Lymphocyte","ASD","Wald ratio",1," 0.020","0.022"," 1.020","3.72e-01",NA,NA,NA,0.010198639
"TSNARE1","Lymphocyte","ASD","Wald ratio",1," 0.013","0.014"," 1.013","3.72e-01",NA,NA,NA,0.010194613
"FCRL3","Lymphocyte","ASD","Wald ratio",1,"-0.017","0.019"," 0.983","3.73e-01",NA,NA,NA,0.010120478
"RNPEP","Lymphocyte","ASD","Wald ratio",1,"-0.016","0.018"," 0.984","3.73e-01",NA,NA,NA,0.012125301
"NLRP13","Lymphocyte","ASD","Wald ratio",1,"-0.015","0.017"," 0.985","3.73e-01",NA,NA,NA,0.010114867
"ATP8A2","Lymphocyte","ASD","Weighted mode",3,"-0.014","0.012"," 0.986","3.73e-01",0.253445432,0.520835871,0.988449298,0.007495427
"KCNK1","Lymphocyte","ASD","Inverse variance weighted",2," 0.025","0.028"," 1.025","3.74e-01",NA,0.136877823,NA,0.020446637
"PTGIS","Lymphocyte","ASD","Wald ratio",1,"-0.028","0.031"," 0.973","3.74e-01",NA,NA,NA,0.017292762
"ODZ3","Lymphocyte","ASD","Weighted mode",3," 0.022","0.019"," 1.022","3.74e-01",0.608320491,0.570243988,0.523842397,0.018259267
"PXT1","Lymphocyte","ASD","Wald ratio",1,"-0.340","0.382"," 0.712","3.74e-01",NA,NA,NA,0.011172292
"JAKMIP2","Lymphocyte","ASD","Wald ratio",1," 0.016","0.018"," 1.016","3.74e-01",NA,NA,NA,0.011735799
"RMST","Lymphocyte","ASD","Wald ratio",1," 0.018","0.020"," 1.018","3.75e-01",NA,NA,NA,0.01043056
"PTPRZ1","Lymphocyte","ASD","Wald ratio",1," 0.019","0.021"," 1.019","3.75e-01",NA,NA,NA,0.014127504
"FBXO7","Lymphocyte","ASD","Wald ratio",1," 0.025","0.029"," 1.026","3.76e-01",NA,NA,NA,0.010213462
"MAGI2","Lymphocyte","ASD","Simple mode",3,"-0.039","0.034"," 0.962","3.76e-01",0.215286335,0.36505205,0.675471367,0.010074614
"SDC2","Lymphocyte","ASD","Wald ratio",1,"-0.015","0.017"," 0.985","3.76e-01",NA,NA,NA,0.011416374
"NEDD4L","Lymphocyte","ASD","Wald ratio",1," 0.013","0.015"," 1.013","3.76e-01",NA,NA,NA,0.010135391
"RUNX1","Lymphocyte","ASD","Wald ratio",1," 0.044","0.050"," 1.045","3.76e-01",NA,NA,NA,0.014448642
"RUNX1","Lymphocyte","ASD","Wald ratio",1," 0.038","0.042"," 1.038","3.76e-01",NA,NA,NA,0.014448642
"SYT6","Lymphocyte","ASD","Wald ratio",1,"-0.146","0.165"," 0.864","3.76e-01",NA,NA,NA,0.010129852
"EXPH5","Lymphocyte","ASD","Wald ratio",1,"-0.017","0.020"," 0.983","3.77e-01",NA,NA,NA,0.010051027
"ATP11A","Lymphocyte","ASD","Inverse variance weighted",2,"-0.010","0.012"," 0.990","3.77e-01",NA,0.982768995,NA,0.009755537
"HIVEP2","Lymphocyte","ASD","Wald ratio",1,"-0.047","0.053"," 0.954","3.77e-01",NA,NA,NA,0.01781925
"NTM","Lymphocyte","ASD","Weighted mode",5,"-0.013","0.013"," 0.988","3.77e-01",0.042239973,0.000620207,0.134381059,0.936529742
"HIAT1","Lymphocyte","ASD","Wald ratio",1,"-0.037","0.042"," 0.963","3.77e-01",NA,NA,NA,0.023508172
"SLC25A37","Lymphocyte","ASD","Wald ratio",1," 0.016","0.019"," 1.017","3.77e-01",NA,NA,NA,0.010540679
"FAR1","Lymphocyte","ASD","Wald ratio",1," 0.080","0.091"," 1.083","3.78e-01",NA,NA,NA,0.016351208
"BLCAP","Lymphocyte","ASD","Wald ratio",1,"-0.022","0.025"," 0.978","3.78e-01",NA,NA,NA,0.012232852
"BLCAP","Lymphocyte","ASD","Wald ratio",1,"-0.016","0.018"," 0.984","3.78e-01",NA,NA,NA,0.012232852
"APCDD1","Lymphocyte","ASD","Wald ratio",1," 0.039","0.044"," 1.039","3.78e-01",NA,NA,NA,0.011028706
"COPS4","Lymphocyte","ANXIETY","Wald ratio",1," 0.067","0.077"," 1.070","3.78e-01",NA,NA,NA,0.009079142
"ST6GAL2","Lymphocyte","ASD","Wald ratio",1,"-0.018","0.021"," 0.982","3.78e-01",NA,NA,NA,0.014541801
"ONECUT2","Lymphocyte","ASD","Wald ratio",1," 0.018","0.020"," 1.018","3.78e-01",NA,NA,NA,0.010951334
"FREQ","Lymphocyte","ASD","Wald ratio",1,"-0.048","0.055"," 0.953","3.79e-01",NA,NA,NA,0.012637611
"FOXK2","Lymphocyte","ASD","Inverse variance weighted",2,"-0.013","0.015"," 0.987","3.79e-01",NA,0.41471928,NA,0.008863085
"KIF3C","Lymphocyte","ASD","Wald ratio",1,"-0.046","0.052"," 0.955","3.79e-01",NA,NA,NA,0.011997182
"AS3MT","Lymphocyte","ASD","Wald ratio",1," 0.025","0.028"," 1.025","3.79e-01",NA,NA,NA,0.010225079
"SGMS1","Lymphocyte","ASD","Wald ratio",1," 0.017","0.019"," 1.017","3.80e-01",NA,NA,NA,0.010712051
"GLIPR2","Lymphocyte","ASD","Wald ratio",1,"-0.021","0.024"," 0.980","3.80e-01",NA,NA,NA,0.012670178
"CAP2","Lymphocyte","ASD","Wald ratio",1,"-0.013","0.015"," 0.987","3.81e-01",NA,NA,NA,0.010558931
"PYROXD2","Lymphocyte","ASD","Wald ratio",1," 0.037","0.042"," 1.037","3.81e-01",NA,NA,NA,0.011123824
"EZR","Lymphocyte","ASD","Wald ratio",1,"-0.526","0.600"," 0.591","3.81e-01",NA,NA,NA,0.009985859
"PFDN1","Lymphocyte","ASD","Wald ratio",1," 0.045","0.051"," 1.046","3.81e-01",NA,NA,NA,0.009988822
"CST5","Lymphocyte","ASD","Wald ratio",1,"-0.029","0.033"," 0.971","3.81e-01",NA,NA,NA,0.014479134
"PHOSPHO1","Lymphocyte","ASD","Wald ratio",1,"-0.025","0.028"," 0.975","3.81e-01",NA,NA,NA,0.010479548
"ZFR2","Lymphocyte","ASD","Wald ratio",1," 0.024","0.028"," 1.024","3.82e-01",NA,NA,NA,0.012502286
"LOC149134","Lymphocyte","ASD","Wald ratio",1,"-0.107","0.122"," 0.899","3.82e-01",NA,NA,NA,0.010812124
"TMC5","Lymphocyte","ASD","Wald ratio",1,"-0.027","0.031"," 0.974","3.83e-01",NA,NA,NA,0.011861653
"IGFBP3","Lymphocyte","ASD","Wald ratio",1," 0.057","0.066"," 1.059","3.83e-01",NA,NA,NA,0.010088735
"C16orf52","Lymphocyte","ASD","Wald ratio",1,"-0.025","0.028"," 0.976","3.84e-01",NA,NA,NA,0.01170381
"PEX14","Lymphocyte","ASD","Wald ratio",1,"-0.049","0.057"," 0.952","3.84e-01",NA,NA,NA,0.013306656
"ATP8A2","Lymphocyte","ASD","Inverse variance weighted",3,"-0.011","0.012"," 0.989","3.84e-01",0.253445432,0.520835871,0.988449298,0.007495427
"SKP1","Lymphocyte","ASD","Wald ratio",1,"-0.029","0.033"," 0.972","3.84e-01",NA,NA,NA,0.022085578
"C1QTNF5","Lymphocyte","ASD","Wald ratio",1,"-0.033","0.037"," 0.968","3.84e-01",NA,NA,NA,0.011625612
"GPR88","Lymphocyte","ASD","Wald ratio",1,"-0.013","0.015"," 0.987","3.84e-01",NA,NA,NA,0.01000543
"AMOTL2","Lymphocyte","ASD","Wald ratio",1,"-0.017","0.019"," 0.983","3.85e-01",NA,NA,NA,0.011471143
"SLC22A23","Lymphocyte","ASD","Weighted mode",3,"-0.027","0.025"," 0.973","3.85e-01",0.437369236,0.088021352,0.287307939,0.01532387
"CRISPLD1","Lymphocyte","ASD","Wald ratio",1," 0.021","0.025"," 1.022","3.85e-01",NA,NA,NA,0.016171891
"TCF7L2","Lymphocyte","ASD","Inverse variance weighted",2," 0.017","0.019"," 1.017","3.85e-01",NA,0.332401927,NA,0.016032638
"CDH13","Lymphocyte","ASD","MR Egger",3,"-0.172","0.119"," 0.842","3.86e-01",0.576871523,0.300089428,0.384817403,0.006936532
"BAMBI","Lymphocyte","ASD","Inverse variance weighted",2," 0.038","0.043"," 1.038","3.86e-01",NA,0.622362397,NA,0.016575103
"MYT1L","Lymphocyte","ASD","MR Egger",5,"-0.042","0.041"," 0.959","3.86e-01",0.952152773,0.733074177,0.28636995,0.021986781
"GDF7","Lymphocyte","ASD","Wald ratio",1," 0.269","0.310"," 1.308","3.87e-01",NA,NA,NA,0.010669595
"RIN2","Lymphocyte","ASD","Wald ratio",1," 0.015","0.018"," 1.016","3.87e-01",NA,NA,NA,0.010179033
"CNTLN","Lymphocyte","ASD","Wald ratio",1," 0.019","0.021"," 1.019","3.87e-01",NA,NA,NA,0.010667801
"RASSF3","Lymphocyte","ASD","Wald ratio",1," 0.233","0.269"," 1.262","3.87e-01",NA,NA,NA,0.016187026
"COL22A1","Lymphocyte","ASD","Wald ratio",1,"-0.156","0.181"," 0.855","3.87e-01",NA,NA,NA,0.017673931
"CCDC149","Lymphocyte","ASD","Wald ratio",1,"-0.014","0.017"," 0.986","3.87e-01",NA,NA,NA,0.011507899
"RORB","Lymphocyte","ASD","Inverse variance weighted",2," 0.096","0.111"," 1.101","3.88e-01",NA,0.336027493,NA,0.014967737
"CAPG","Lymphocyte","ASD","Wald ratio",1," 0.020","0.024"," 1.021","3.88e-01",NA,NA,NA,0.009947314
"THBS2","Lymphocyte","ASD","Inverse variance weighted",2," 0.023","0.027"," 1.024","3.88e-01",NA,0.979964645,NA,0.009603075
"PLEKHB1","Lymphocyte","ASD","Wald ratio",1,"-0.014","0.016"," 0.986","3.88e-01",NA,NA,NA,0.009944882
"C8orf40","Lymphocyte","ASD","Wald ratio",1,"-0.012","0.014"," 0.988","3.88e-01",NA,NA,NA,0.009944882
"C8orf40","Lymphocyte","ASD","Wald ratio",1,"-0.013","0.015"," 0.987","3.88e-01",NA,NA,NA,0.009944882
"MRPL48","Lymphocyte","ASD","Wald ratio",1,"-0.015","0.017"," 0.985","3.88e-01",NA,NA,NA,0.009944882
"COL4A2","Lymphocyte","ASD","MR Egger",3,"-0.065","0.045"," 0.937","3.88e-01",0.312783581,0.197629416,0.378813856,0.009838709
"CYB5D2","Lymphocyte","ASD","Wald ratio",1,"-0.377","0.438"," 0.686","3.88e-01",NA,NA,NA,0.012452501
"REEP3","Lymphocyte","ASD","Wald ratio",1,"-0.517","0.600"," 0.596","3.88e-01",NA,NA,NA,0.009868005
"SLITRK5","Lymphocyte","ASD","Inverse variance weighted",2," 0.023","0.027"," 1.023","3.89e-01",NA,0.08737313,NA,0.053052641
"C1orf173","Lymphocyte","ASD","Wald ratio",1," 0.067","0.078"," 1.069","3.89e-01",NA,NA,NA,0.01084635
"DIAPH3","Lymphocyte","ASD","Wald ratio",1," 0.013","0.015"," 1.013","3.89e-01",NA,NA,NA,0.010275925
"NKAIN2","Lymphocyte","ASD","Wald ratio",1,"-0.023","0.026"," 0.977","3.89e-01",NA,NA,NA,0.014164233
"DSCAM","Lymphocyte","ASD","Simple mode",3,"-0.027","0.025"," 0.973","3.90e-01",0.372250807,0.168983025,0.344955437,0.009812878
"C21orf129","Lymphocyte","ASD","Wald ratio",1,"-0.029","0.033"," 0.972","3.90e-01",NA,NA,NA,0.020322834
"RAB6B","Lymphocyte","ASD","Wald ratio",1,"-0.018","0.021"," 0.982","3.90e-01",NA,NA,NA,0.013111632
"HS3ST2","Lymphocyte","ASD","Wald ratio",1,"-0.197","0.229"," 0.821","3.90e-01",NA,NA,NA,0.010122747
"CCDC28A","Lymphocyte","ASD","Wald ratio",1," 1.094","1.273"," 2.985","3.90e-01",NA,NA,NA,0.013515836
"CLPS","Lymphocyte","ASD","Wald ratio",1," 0.014","0.016"," 1.014","3.91e-01",NA,NA,NA,0.010044514
"C6orf127","Lymphocyte","ASD","Wald ratio",1," 0.026","0.030"," 1.026","3.91e-01",NA,NA,NA,0.010044514
"MCTP2","Lymphocyte","ASD","Wald ratio",1," 0.056","0.065"," 1.057","3.91e-01",NA,NA,NA,0.015823829
"FAM45B","Lymphocyte","ASD","Wald ratio",1," 0.057","0.066"," 1.058","3.91e-01",NA,NA,NA,0.009965331
"TPO","Lymphocyte","ASD","Wald ratio",1," 0.017","0.019"," 1.017","3.91e-01",NA,NA,NA,0.013358211
"BEND7","Lymphocyte","ASD","Inverse variance weighted",2," 0.011","0.013"," 1.011","3.92e-01",NA,0.279218761,NA,0.008338743
"PARK2","Lymphocyte","ASD","Inverse variance weighted",2,"-0.012","0.014"," 0.988","3.92e-01",NA,0.420885525,NA,0.014412241
"HTRA3","Lymphocyte","ASD","Wald ratio",1,"-0.016","0.019"," 0.984","3.93e-01",NA,NA,NA,0.010220316
"GPR133","Lymphocyte","ASD","Weighted median",3,"-0.016","0.018"," 0.984","3.93e-01",0.470303486,0.355976541,0.431351872,0.009856482
"MARCO","Lymphocyte","ASD","Wald ratio",1,"-0.021","0.024"," 0.980","3.94e-01",NA,NA,NA,0.010136837
"ADAMTS10","Lymphocyte","ASD","Wald ratio",1," 0.022","0.026"," 1.022","3.94e-01",NA,NA,NA,0.010136673
"LRRC37B2","Lymphocyte","ASD","Wald ratio",1," 1.028","1.206"," 2.795","3.94e-01",NA,NA,NA,0.015211937
"ADH5","Lymphocyte","ASD","Wald ratio",1,"-0.385","0.452"," 0.681","3.94e-01",NA,NA,NA,0.010549756
"PLA2G12A","Lymphocyte","ASD","Wald ratio",1,"-0.310","0.364"," 0.733","3.94e-01",NA,NA,NA,0.010063016
"LRRC16A","Lymphocyte","ASD","Inverse variance weighted",2," 0.011","0.013"," 1.011","3.94e-01",NA,0.707465982,NA,0.010419148
"OPCML","Lymphocyte","ASD","Simple mode",4,"-0.019","0.019"," 0.981","3.95e-01",0.170547278,0.309575751,0.881797267,0.033051025
"ZAK","Lymphocyte","ASD","Wald ratio",1,"-0.029","0.034"," 0.971","3.95e-01",NA,NA,NA,0.009983985
"TXN2","Lymphocyte","ASD","Wald ratio",1," 0.750","0.881"," 2.117","3.95e-01",NA,NA,NA,0.009981614
"EIF3D","Lymphocyte","ASD","Wald ratio",1," 0.024","0.028"," 1.024","3.95e-01",NA,NA,NA,0.009981614
"CHCHD6","Lymphocyte","ASD","Wald ratio",1," 0.037","0.043"," 1.037","3.95e-01",NA,NA,NA,0.013143703
"WDR48","Lymphocyte","ASD","Wald ratio",1,"-0.033","0.038"," 0.968","3.95e-01",NA,NA,NA,0.019814196
"TTC21A","Lymphocyte","ASD","Wald ratio",1,"-0.871","1.025"," 0.418","3.95e-01",NA,NA,NA,0.01983581
"CLIP2","Lymphocyte","ASD","Wald ratio",1," 0.015","0.017"," 1.015","3.95e-01",NA,NA,NA,0.01127896
"PGAP2","Lymphocyte","ASD","Wald ratio",1," 0.046","0.054"," 1.047","3.95e-01",NA,NA,NA,0.011287565
"TTC7A","Lymphocyte","ASD","Wald ratio",1," 0.013","0.016"," 1.013","3.96e-01",NA,NA,NA,0.007569649
"NUDCD3","Lymphocyte","ASD","Wald ratio",1,"-0.016","0.019"," 0.984","3.96e-01",NA,NA,NA,0.011219645
"PGA5","Lymphocyte","ASD","Wald ratio",1,"-0.019","0.023"," 0.981","3.96e-01",NA,NA,NA,0.011133183
"SOX30","Lymphocyte","ASD","Wald ratio",1,"-0.017","0.020"," 0.983","3.97e-01",NA,NA,NA,0.01379902
"THG1L","Lymphocyte","ASD","Wald ratio",1,"-0.491","0.579"," 0.612","3.97e-01",NA,NA,NA,0.01379902
"SOX30","Lymphocyte","ASD","Wald ratio",1,"-0.017","0.020"," 0.983","3.97e-01",NA,NA,NA,0.01379902
"KIAA1614","Lymphocyte","ASD","Wald ratio",1,"-0.029","0.035"," 0.971","3.97e-01",NA,NA,NA,0.010161118
"C6orf145","Lymphocyte","ASD","Wald ratio",1," 0.045","0.054"," 1.046","3.97e-01",NA,NA,NA,0.010155919
"CXCL17","Lymphocyte","ASD","Wald ratio",1," 0.023","0.027"," 1.023","3.97e-01",NA,NA,NA,0.017607172
"ACCS","Lymphocyte","ASD","Wald ratio",1,"-0.220","0.260"," 0.803","3.98e-01",NA,NA,NA,0.010078424
"KCNQ1","Lymphocyte","ASD","Weighted median",4,"-0.010","0.012"," 0.990","3.98e-01",0.423905392,0.610479878,0.777642187,0.009952087
"SH3GL3","Lymphocyte","ASD","Wald ratio",1,"-0.016","0.019"," 0.984","3.98e-01",NA,NA,NA,0.010490023
"PEBP4","Lymphocyte","ASD","Wald ratio",1," 0.017","0.020"," 1.017","3.98e-01",NA,NA,NA,0.01268468
"DPP10","Lymphocyte","ASD","Inverse variance weighted",2,"-0.036","0.043"," 0.964","3.98e-01",NA,0.607386763,NA,0.011973308
"TMPRSS3","Lymphocyte","ASD","Wald ratio",1," 0.037","0.044"," 1.038","3.98e-01",NA,NA,NA,0.011303514
"GRIK4","Lymphocyte","ASD","Inverse variance weighted",2,"-0.013","0.015"," 0.987","3.99e-01",NA,0.552785995,NA,0.020517625
"LOC646762","Lymphocyte","ASD","Wald ratio",1,"-0.024","0.029"," 0.976","3.99e-01",NA,NA,NA,0.017625583
"EVC2","Lymphocyte","ASD","Wald ratio",1,"-0.051","0.060"," 0.951","3.99e-01",NA,NA,NA,0.016748274
"CDC73","Lymphocyte","ASD","Wald ratio",1," 0.439","0.521"," 1.551","4.00e-01",NA,NA,NA,0.010253638
"PDGFD","Lymphocyte","ASD","Wald ratio",1," 0.015","0.018"," 1.016","4.00e-01",NA,NA,NA,0.010253638
"B3GNT4","Lymphocyte","ASD","Wald ratio",1,"-0.218","0.259"," 0.804","4.00e-01",NA,NA,NA,0.011075857
"PRDM16","Lymphocyte","ASD","Weighted mode",3," 0.016","0.015"," 1.016","4.00e-01",0.46142734,0.743197145,0.858391567,0.007295791
"LILRA4","Lymphocyte","ASD","Wald ratio",1," 0.020","0.024"," 1.020","4.01e-01",NA,NA,NA,0.013109884
"SH3RF2","Lymphocyte","ASD","Wald ratio",1," 0.023","0.027"," 1.023","4.01e-01",NA,NA,NA,0.016064687
"IGSF21","Lymphocyte","ASD","Weighted mode",3,"-0.019","0.018"," 0.981","4.01e-01",0.174941964,0.330920202,0.731102346,0.015091544
"TOB2","Lymphocyte","ASD","Wald ratio",1,"-0.356","0.424"," 0.700","4.02e-01",NA,NA,NA,0.012140301
"GAD2","Lymphocyte","ASD","Wald ratio",1,"-0.042","0.050"," 0.959","4.02e-01",NA,NA,NA,0.015837151
"SNRPD1","Lymphocyte","ASD","Wald ratio",1,"-0.020","0.024"," 0.980","4.02e-01",NA,NA,NA,0.013761756
"OLFM1","Lymphocyte","ASD","Wald ratio",1," 0.020","0.024"," 1.021","4.02e-01",NA,NA,NA,0.013759218
"GNG4","Lymphocyte","ASD","Wald ratio",1," 0.013","0.016"," 1.013","4.02e-01",NA,NA,NA,0.009943397
"MAPK13","Lymphocyte","ASD","Wald ratio",1,"-0.019","0.023"," 0.981","4.02e-01",NA,NA,NA,0.010765728
"UNC80","Lymphocyte","ASD","Wald ratio",1,"-0.118","0.141"," 0.889","4.02e-01",NA,NA,NA,0.019765832
"FMN1","Lymphocyte","ASD","Wald ratio",1," 0.015","0.017"," 1.015","4.03e-01",NA,NA,NA,0.011506138
"PRKCA","Lymphocyte","ASD","Inverse variance weighted",4," 0.019","0.023"," 1.019","4.03e-01",0.396970398,0.313631149,0.321333454,0.044239196
"SNX18","Lymphocyte","ASD","Wald ratio",1," 0.038","0.045"," 1.038","4.03e-01",NA,NA,NA,0.019944506
"ATP8A2","Lymphocyte","ASD","Weighted median",3,"-0.011","0.013"," 0.989","4.03e-01",0.253445432,0.520835871,0.988449298,0.007495427
"MYO7A","Lymphocyte","ASD","Inverse variance weighted",2," 0.011","0.013"," 1.011","4.03e-01",NA,0.622743554,NA,0.0112689
"DHX58","Lymphocyte","ASD","Wald ratio",1,"-0.016","0.019"," 0.984","4.03e-01",NA,NA,NA,0.012648465
"EIF2C2","Lymphocyte","ASD","Wald ratio",1,"-0.018","0.022"," 0.982","4.04e-01",NA,NA,NA,0.010027179
"PDHA2","Lymphocyte","ASD","Wald ratio",1,"-0.013","0.015"," 0.987","4.04e-01",NA,NA,NA,0.010118569
"CHMP4B","Lymphocyte","ASD","Wald ratio",1,"-0.014","0.016"," 0.987","4.05e-01",NA,NA,NA,0.009633613
"INPP5D","Lymphocyte","ASD","Wald ratio",1,"-0.767","0.920"," 0.464","4.05e-01",NA,NA,NA,0.009629519
"C3orf21","Lymphocyte","ASD","Wald ratio",1,"-0.242","0.290"," 0.785","4.05e-01",NA,NA,NA,0.012087955
"LOC440839","Lymphocyte","ASD","Wald ratio",1," 0.029","0.035"," 1.030","4.05e-01",NA,NA,NA,0.014509481
"FOXD4L1","Lymphocyte","ASD","Wald ratio",1," 0.025","0.030"," 1.025","4.05e-01",NA,NA,NA,0.014509379
"SORCS2","Lymphocyte","ASD","Weighted median",4,"-0.011","0.013"," 0.989","4.05e-01",0.001960905,0.002797378,0.66164928,0.012348931
"NTM","Lymphocyte","ASD","Simple mode",5,"-0.012","0.013"," 0.988","4.05e-01",0.042239973,0.000620207,0.134381059,0.936529742
"SLCO3A1","Lymphocyte","ASD","Simple mode",3," 0.018","0.017"," 1.018","4.05e-01",0.796717924,0.958466403,0.913972233,0.013490696
"VWA1","Lymphocyte","ASD","Wald ratio",1," 0.018","0.022"," 1.018","4.05e-01",NA,NA,NA,0.011269972
"SSU72","Lymphocyte","ASD","Wald ratio",1," 0.015","0.018"," 1.015","4.05e-01",NA,NA,NA,0.011269972
"ATAD3A","Lymphocyte","ASD","Wald ratio",1," 0.016","0.019"," 1.016","4.05e-01",NA,NA,NA,0.011269928
"C1orf70","Lymphocyte","ASD","Wald ratio",1," 0.055","0.066"," 1.057","4.05e-01",NA,NA,NA,0.011269972
"TMEM88B","Lymphocyte","ASD","Wald ratio",1," 0.018","0.021"," 1.018","4.05e-01",NA,NA,NA,0.010980251
"TMTC4","Lymphocyte","ASD","Wald ratio",1,"-0.012","0.015"," 0.988","4.05e-01",NA,NA,NA,0.008607119
"MORN1","Lymphocyte","ASD","Inverse variance weighted",2,"-0.012","0.014"," 0.988","4.05e-01",NA,0.329305777,NA,0.017187397
"OLFML2A","Lymphocyte","ASD","Wald ratio",1," 0.018","0.021"," 1.018","4.06e-01",NA,NA,NA,0.009886238
"ZNF486","Lymphocyte","ASD","Wald ratio",1," 0.330","0.398"," 1.391","4.06e-01",NA,NA,NA,0.011849453
"LDB3","Lymphocyte","ASD","Wald ratio",1,"-0.025","0.030"," 0.975","4.06e-01",NA,NA,NA,0.014606849
"ADAMTS14","Lymphocyte","ASD","Wald ratio",1," 0.155","0.187"," 1.168","4.06e-01",NA,NA,NA,0.011039622
"KSR1","Lymphocyte","ASD","Wald ratio",1," 0.017","0.020"," 1.017","4.06e-01",NA,NA,NA,0.010221664
"IDH3B","Lymphocyte","ASD","Wald ratio",1," 0.170","0.204"," 1.185","4.07e-01",NA,NA,NA,0.009809283
"APBB1IP","Lymphocyte","ASD","Wald ratio",1," 0.013","0.016"," 1.013","4.07e-01",NA,NA,NA,0.00980758
"WBSCR17","Lymphocyte","ASD","MR Egger",3,"-0.071","0.053"," 0.932","4.07e-01",0.742885142,0.572693379,0.498857777,0.011601677
"VSIG8","Lymphocyte","ASD","Wald ratio",1,"-0.041","0.049"," 0.960","4.07e-01",NA,NA,NA,0.010551625
"TRPM6","Lymphocyte","ASD","Wald ratio",1," 0.035","0.042"," 1.036","4.07e-01",NA,NA,NA,0.010958059
"NT5E","Lymphocyte","ASD","Wald ratio",1," 0.020","0.024"," 1.020","4.08e-01",NA,NA,NA,0.010064576
"TREML2","Lymphocyte","ASD","Wald ratio",1," 0.035","0.043"," 1.036","4.08e-01",NA,NA,NA,0.010062317
"OTUB2","Lymphocyte","ASD","Wald ratio",1," 0.020","0.024"," 1.020","4.08e-01",NA,NA,NA,0.0116199
"HCG9","Lymphocyte","ASD","Wald ratio",1," 0.328","0.397"," 1.388","4.09e-01",NA,NA,NA,0.015746296
"RNF39","Lymphocyte","ASD","Wald ratio",1," 0.022","0.027"," 1.022","4.09e-01",NA,NA,NA,0.015746296
"ANAPC4","Lymphocyte","ASD","Inverse variance weighted",2," 0.040","0.049"," 1.041","4.09e-01",NA,0.608481994,NA,0.010047309
"PARP4","Lymphocyte","ASD","Wald ratio",1,"-0.019","0.023"," 0.982","4.09e-01",NA,NA,NA,0.014872957
"ALMS1P","Lymphocyte","ASD","Wald ratio",1,"-0.018","0.022"," 0.982","4.10e-01",NA,NA,NA,0.011391414
"C19orf48","Lymphocyte","ASD","Wald ratio",1,"-0.016","0.019"," 0.984","4.10e-01",NA,NA,NA,0.010572976
"KLK1","Lymphocyte","ASD","Wald ratio",1,"-0.017","0.020"," 0.983","4.10e-01",NA,NA,NA,0.010572976
"LDHAL6A","Lymphocyte","ASD","Inverse variance weighted",2," 0.016","0.020"," 1.016","4.10e-01",NA,0.351754562,NA,0.009068911
"TLE1","Lymphocyte","ASD","Wald ratio",1,"-0.014","0.017"," 0.986","4.10e-01",NA,NA,NA,0.010164534
"C13orf28","Lymphocyte","ASD","Wald ratio",1," 0.014","0.017"," 1.014","4.11e-01",NA,NA,NA,0.010109904
"ZMYND15","Lymphocyte","ASD","Wald ratio",1," 0.019","0.023"," 1.019","4.11e-01",NA,NA,NA,0.010160946
"RPTOR","Lymphocyte","ASD","Inverse variance weighted",3,"-0.013","0.016"," 0.987","4.11e-01",0.730914581,0.156411635,0.309075154,0.042659104
"COPS4","Lymphocyte","ASD","Wald ratio",1," 0.031","0.038"," 1.031","4.11e-01",NA,NA,NA,0.01278284
"IKZF1","Lymphocyte","ASD","Wald ratio",1,"-0.024","0.029"," 0.977","4.12e-01",NA,NA,NA,0.010006826
"PGBD5","Lymphocyte","ASD","Wald ratio",1,"-0.015","0.019"," 0.985","4.12e-01",NA,NA,NA,0.009599062
"SOX5","Lymphocyte","ASD","Wald ratio",1,"-0.015","0.019"," 0.985","4.12e-01",NA,NA,NA,0.010748336
"HIPK2","Lymphocyte","ASD","Inverse variance weighted",2,"-0.013","0.016"," 0.987","4.12e-01",NA,0.415135972,NA,0.008692153
"AGXT2L1","Lymphocyte","ASD","Wald ratio",1,"-0.026","0.032"," 0.974","4.12e-01",NA,NA,NA,0.014417516
"F10","Lymphocyte","ASD","Wald ratio",1,"-0.037","0.045"," 0.964","4.13e-01",NA,NA,NA,0.014972174
"F7","Lymphocyte","ASD","Wald ratio",1,"-0.023","0.029"," 0.977","4.13e-01",NA,NA,NA,0.014992105
"STARD4","Lymphocyte","ASD","Wald ratio",1," 0.771","0.943"," 2.163","4.13e-01",NA,NA,NA,0.013538141
"EFCAB2","Lymphocyte","ASD","Wald ratio",1,"-0.198","0.242"," 0.820","4.13e-01",NA,NA,NA,0.009850935
"C12orf72","Lymphocyte","ASD","Wald ratio",1," 0.013","0.016"," 1.013","4.13e-01",NA,NA,NA,0.010928684
"SNX29","Lymphocyte","ASD","Inverse variance weighted",2,"-0.010","0.012"," 0.990","4.14e-01",NA,0.497377875,NA,0.007092656
"SGK269","Lymphocyte","ASD","Wald ratio",1,"-0.012","0.015"," 0.988","4.14e-01",NA,NA,NA,0.009772554
"TMEM194B","Lymphocyte","ASD","Wald ratio",1,"-0.148","0.181"," 0.862","4.14e-01",NA,NA,NA,0.010108198
"TTC23","Lymphocyte","ASD","Wald ratio",1," 0.086","0.106"," 1.090","4.15e-01",NA,NA,NA,0.018979998
"TTC23","Lymphocyte","ASD","Wald ratio",1," 0.162","0.199"," 1.176","4.15e-01",NA,NA,NA,0.018979998
"FAM107B","Lymphocyte","ASD","Wald ratio",1," 0.234","0.288"," 1.264","4.15e-01",NA,NA,NA,0.012577622
"AGA","Lymphocyte","ASD","Wald ratio",1,"-0.040","0.049"," 0.961","4.15e-01",NA,NA,NA,0.009621396
"PTGR2","Lymphocyte","ASD","Wald ratio",1," 0.036","0.045"," 1.037","4.16e-01",NA,NA,NA,0.009543028
"FAM129A","Lymphocyte","ASD","Wald ratio",1,"-0.012","0.014"," 0.988","4.16e-01",NA,NA,NA,0.009538801
"SULT1C2","Lymphocyte","ASD","Wald ratio",1,"-0.013","0.016"," 0.987","4.16e-01",NA,NA,NA,0.009874886
"SULT1C2","Lymphocyte","ASD","Wald ratio",1,"-0.020","0.025"," 0.980","4.16e-01",NA,NA,NA,0.009875123
"PRMT6","Lymphocyte","ASD","Wald ratio",1," 0.021","0.026"," 1.021","4.17e-01",NA,NA,NA,0.010205417
"PPAN","Lymphocyte","ASD","Wald ratio",1,"-0.029","0.036"," 0.971","4.17e-01",NA,NA,NA,0.014712919
"PPAN-P2RY11","Lymphocyte","ASD","Wald ratio",1,"-0.071","0.088"," 0.931","4.17e-01",NA,NA,NA,0.014712919
"EN2","Lymphocyte","ASD","Wald ratio",1," 0.662","0.816"," 1.939","4.17e-01",NA,NA,NA,0.020179969
"SCARF2","Lymphocyte","ASD","Wald ratio",1," 0.016","0.020"," 1.017","4.17e-01",NA,NA,NA,0.010130781
"MT1X","Lymphocyte","ASD","Wald ratio",1,"-0.427","0.527"," 0.652","4.18e-01",NA,NA,NA,0.011863741
"MT3","Lymphocyte","ASD","Wald ratio",1,"-0.016","0.019"," 0.984","4.18e-01",NA,NA,NA,0.011863716
"RBPMS","Lymphocyte","ASD","Wald ratio",1,"-0.017","0.021"," 0.983","4.18e-01",NA,NA,NA,0.010668804
"TTC7B","Lymphocyte","ASD","Inverse variance weighted",3," 0.016","0.020"," 1.016","4.18e-01",0.149221133,0.184397897,0.574004909,0.007203459
"PRDM16","Lymphocyte","ASD","Simple mode",3," 0.015","0.014"," 1.015","4.18e-01",0.46142734,0.743197145,0.858391567,0.007295791
"CTNNA2","Lymphocyte","ASD","Inverse variance weighted",2," 0.016","0.020"," 1.016","4.19e-01",NA,0.19595471,NA,0.033780761
"C10orf35","Lymphocyte","ASD","Wald ratio",1," 0.022","0.027"," 1.022","4.19e-01",NA,NA,NA,0.013829881
"TMEM229B","Lymphocyte","ASD","Inverse variance weighted",2," 0.016","0.020"," 1.016","4.19e-01",NA,0.162583074,NA,0.023288514
"ERC2","Lymphocyte","ASD","Inverse variance weighted",3,"-0.018","0.022"," 0.982","4.19e-01",0.698250939,0.074849146,0.266911255,0.017071087
"MYCN","Lymphocyte","ASD","Wald ratio",1,"-0.014","0.018"," 0.986","4.19e-01",NA,NA,NA,0.010309886
"SGPP2","Lymphocyte","ASD","Wald ratio",1," 0.048","0.059"," 1.049","4.19e-01",NA,NA,NA,0.010639313
"GABRB3","Lymphocyte","ASD","Wald ratio",1,"-0.019","0.024"," 0.981","4.20e-01",NA,NA,NA,0.013025751
"SMPDL3A","Lymphocyte","ASD","Wald ratio",1," 0.027","0.033"," 1.027","4.20e-01",NA,NA,NA,0.010968913
"MCF2L","Lymphocyte","ASD","Inverse variance weighted",2," 0.012","0.014"," 1.012","4.20e-01",NA,0.397860166,NA,0.009185128
"TMEM211","Lymphocyte","ASD","Wald ratio",1," 0.196","0.244"," 1.217","4.21e-01",NA,NA,NA,0.009484834
"PRDM9","Lymphocyte","ASD","Wald ratio",1," 0.022","0.028"," 1.023","4.21e-01",NA,NA,NA,0.015092858
"C1QTNF9B","Lymphocyte","ASD","Wald ratio",1,"-0.016","0.020"," 0.984","4.21e-01",NA,NA,NA,0.012874687
"ANKLE2","Lymphocyte","ASD","Wald ratio",1," 0.012","0.015"," 1.012","4.21e-01",NA,NA,NA,0.009818297
"NCRNA00162","Lymphocyte","ASD","Wald ratio",1," 0.034","0.042"," 1.035","4.21e-01",NA,NA,NA,0.01490503
"C21orf70","Lymphocyte","ASD","Wald ratio",1," 0.018","0.022"," 1.018","4.21e-01",NA,NA,NA,0.011573503
"STARD13","Lymphocyte","ASD","Wald ratio",1,"-0.016","0.020"," 0.984","4.21e-01",NA,NA,NA,0.010816109
"KIF21A","Lymphocyte","ASD","Wald ratio",1,"-0.327","0.407"," 0.721","4.21e-01",NA,NA,NA,0.012141227
"DHRS4L1","Lymphocyte","ASD","Wald ratio",1," 0.983","1.222"," 2.673","4.21e-01",NA,NA,NA,0.014828664
"DHRS4L2","Lymphocyte","ASD","Wald ratio",1," 0.804","1.000"," 2.235","4.21e-01",NA,NA,NA,0.014828664
"UGT2B7","Lymphocyte","ASD","Wald ratio",1," 0.011","0.014"," 1.012","4.21e-01",NA,NA,NA,0.009407845
"DDX20","Lymphocyte","ASD","Wald ratio",1,"-0.052","0.064"," 0.950","4.21e-01",NA,NA,NA,0.013781335
"STL","Lymphocyte","ASD","Wald ratio",1,"-0.088","0.110"," 0.915","4.21e-01",NA,NA,NA,0.013453101
"SMAD7","Lymphocyte","ASD","Wald ratio",1,"-0.084","0.104"," 0.919","4.21e-01",NA,NA,NA,0.0203205
"MEIS1","Lymphocyte","ASD","Wald ratio",1,"-0.012","0.015"," 0.988","4.23e-01",NA,NA,NA,0.00958948
"TMEM168","Lymphocyte","ASD","Wald ratio",1,"-0.023","0.029"," 0.977","4.23e-01",NA,NA,NA,0.010584823
"DAGLA","Lymphocyte","ASD","Wald ratio",1," 0.018","0.022"," 1.018","4.23e-01",NA,NA,NA,0.013875487
"IFLTD1","Lymphocyte","ASD","Wald ratio",1,"-0.016","0.020"," 0.984","4.24e-01",NA,NA,NA,0.011504039
"TMTC3","Lymphocyte","ASD","Wald ratio",1," 0.225","0.281"," 1.252","4.24e-01",NA,NA,NA,0.019567857
"ERCC4","Lymphocyte","ASD","Wald ratio",1," 0.086","0.107"," 1.090","4.24e-01",NA,NA,NA,0.009841921
"PRSS48","Lymphocyte","ASD","Wald ratio",1," 0.069","0.087"," 1.072","4.24e-01",NA,NA,NA,0.009433348
"RUNX3","Lymphocyte","ASD","Wald ratio",1,"-0.018","0.023"," 0.982","4.25e-01",NA,NA,NA,0.010098693
"LNPEP","Lymphocyte","ASD","Wald ratio",1,"-0.023","0.028"," 0.978","4.25e-01",NA,NA,NA,0.009431636
"GPR111","Lymphocyte","ASD","Wald ratio",1," 0.012","0.015"," 1.012","4.25e-01",NA,NA,NA,0.009715061
"PADI1","Lymphocyte","ASD","Inverse variance weighted",2,"-0.032","0.041"," 0.968","4.25e-01",NA,0.041194378,NA,0.020952497
"CADPS","Lymphocyte","ASD","Inverse variance weighted",2," 0.027","0.034"," 1.028","4.25e-01",NA,0.133777053,NA,0.024883032
"SERPINB2","Lymphocyte","ASD","Wald ratio",1," 0.017","0.022"," 1.017","4.25e-01",NA,NA,NA,0.010686992
"PIP4K2A","Lymphocyte","ASD","Wald ratio",1,"-0.019","0.024"," 0.981","4.25e-01",NA,NA,NA,0.015524071
"ANKMY1","Lymphocyte","ASD","Wald ratio",1,"-0.013","0.016"," 0.987","4.25e-01",NA,NA,NA,0.010022102
"ARID5B","Lymphocyte","ASD","Wald ratio",1,"-0.017","0.021"," 0.984","4.25e-01",NA,NA,NA,0.010021695
"PAX5","Lymphocyte","ASD","Wald ratio",1,"-0.024","0.030"," 0.976","4.25e-01",NA,NA,NA,0.012265309
"EFNA5","Lymphocyte","ASD","MR Egger",3," 0.057","0.045"," 1.058","4.26e-01",0.264469168,0.150314968,0.388589287,0.014503447
"ANKS1B","Lymphocyte","ASD","Wald ratio",1,"-0.026","0.033"," 0.974","4.26e-01",NA,NA,NA,0.010939716
"DOCK5","Lymphocyte","ASD","Inverse variance weighted",2," 0.010","0.013"," 1.010","4.27e-01",NA,0.654739205,NA,0.007503288
"CDKAL1","Lymphocyte","ASD","Wald ratio",1,"-0.025","0.032"," 0.975","4.27e-01",NA,NA,NA,0.020167714
"SRMS","Lymphocyte","ASD","Wald ratio",1,"-0.043","0.055"," 0.958","4.28e-01",NA,NA,NA,0.018838674
"PLCG2","Lymphocyte","ASD","Wald ratio",1," 0.011","0.014"," 1.012","4.28e-01",NA,NA,NA,0.009455926
"SART3","Lymphocyte","ASD","Wald ratio",1," 0.020","0.025"," 1.020","4.28e-01",NA,NA,NA,0.015716519
"RORA","Lymphocyte","ASD","Simple mode",4,"-0.013","0.014"," 0.987","4.28e-01",0.47256309,0.665433951,0.810811983,0.007802158
"PREX2","Lymphocyte","ASD","Wald ratio",1,"-0.024","0.031"," 0.976","4.29e-01",NA,NA,NA,0.01596708
"RAMP3","Lymphocyte","ASD","Wald ratio",1," 0.034","0.043"," 1.035","4.29e-01",NA,NA,NA,0.011295858
"ZMAT4","Lymphocyte","ASD","Wald ratio",1,"-0.013","0.017"," 0.987","4.29e-01",NA,NA,NA,0.009379195
"VWA5B1","Lymphocyte","ASD","Wald ratio",1," 0.025","0.032"," 1.025","4.29e-01",NA,NA,NA,0.009378487
"TRIM21","Lymphocyte","ASD","Wald ratio",1," 0.038","0.048"," 1.038","4.29e-01",NA,NA,NA,0.01337346
"MAPK8IP3","Lymphocyte","ASD","Wald ratio",1,"-0.014","0.018"," 0.986","4.30e-01",NA,NA,NA,0.011802629
"RALYL","Lymphocyte","ASD","Wald ratio",1," 0.100","0.127"," 1.105","4.31e-01",NA,NA,NA,0.010735433
"UBE2E2","Lymphocyte","ASD","Inverse variance weighted",2,"-0.012","0.016"," 0.988","4.31e-01",NA,0.940765683,NA,0.010734971
"RNF165","Lymphocyte","ASD","Wald ratio",1,"-0.014","0.018"," 0.986","4.32e-01",NA,NA,NA,0.010988601
"CACNA2D4","Lymphocyte","ASD","Inverse variance weighted",2,"-0.016","0.021"," 0.984","4.32e-01",NA,0.379347543,NA,0.01801132
"NAV1","Lymphocyte","ASD","Weighted mode",3," 0.038","0.039"," 1.039","4.32e-01",0.994953658,0.983526486,0.885292502,0.019189865
"TTC7B","Lymphocyte","ASD","Weighted mode",3," 0.015","0.015"," 1.015","4.32e-01",0.149221133,0.184397897,0.574004909,0.007203459
"DLGAP2","Lymphocyte","ASD","MR Egger",3,"-0.087","0.070"," 0.916","4.32e-01",0.708680564,0.511149907,0.470681513,0.016965298
"JMJD7-PLA2G4B","Lymphocyte","ASD","Wald ratio",1,"-0.015","0.019"," 0.985","4.32e-01",NA,NA,NA,0.011830764
"ZNF641","Lymphocyte","ASD","Wald ratio",1," 0.022","0.028"," 1.022","4.32e-01",NA,NA,NA,0.009662865
"C10orf111","Lymphocyte","ASD","Wald ratio",1,"-1.425","1.817"," 0.240","4.33e-01",NA,NA,NA,0.014474847
"NFE2L3","Lymphocyte","ASD","Wald ratio",1,"-0.067","0.085"," 0.935","4.33e-01",NA,NA,NA,0.011755205
"RUNDC2C","Lymphocyte","ASD","Wald ratio",1," 0.013","0.017"," 1.014","4.33e-01",NA,NA,NA,0.010507467
"CELSR1","Lymphocyte","ASD","Inverse variance weighted",2," 0.009","0.012"," 1.009","4.34e-01",NA,0.315076952,NA,0.008780271
"LRRC33","Lymphocyte","ASD","Wald ratio",1," 0.018","0.023"," 1.018","4.34e-01",NA,NA,NA,0.010426288
"MCEE","Lymphocyte","ASD","Wald ratio",1," 0.016","0.020"," 1.016","4.35e-01",NA,NA,NA,0.010095918
"ANK2","Lymphocyte","ASD","Inverse variance weighted",2,"-0.017","0.022"," 0.983","4.35e-01",NA,0.159233828,NA,0.010388053
"PLEKHG3","Lymphocyte","ASD","Wald ratio",1," 0.137","0.175"," 1.146","4.35e-01",NA,NA,NA,0.013018485
"ST6GALNAC3","Lymphocyte","ASD","Inverse variance weighted",3,"-0.011","0.014"," 0.989","4.35e-01",0.370493444,0.545754919,0.637718671,0.019542782
"DSTYK","Lymphocyte","ASD","Wald ratio",1," 0.344","0.441"," 1.410","4.35e-01",NA,NA,NA,0.00942999
"COL18A1","Lymphocyte","ASD","Wald ratio",1,"-0.035","0.045"," 0.965","4.35e-01",NA,NA,NA,0.011195539
"SLC24A4","Lymphocyte","ASD","Wald ratio",1,"-0.064","0.082"," 0.938","4.35e-01",NA,NA,NA,0.015317913
"ST3GAL1","Lymphocyte","ASD","Inverse variance weighted",3,"-0.016","0.020"," 0.984","4.36e-01",0.472254617,0.759494327,0.884739649,0.008180832
"EPB49","Lymphocyte","ASD","Wald ratio",1," 0.019","0.024"," 1.019","4.36e-01",NA,NA,NA,0.009352336
"FAM160B2","Lymphocyte","ASD","Wald ratio",1," 0.019","0.025"," 1.020","4.36e-01",NA,NA,NA,0.009352367
"NUDT18","Lymphocyte","ASD","Wald ratio",1," 0.011","0.015"," 1.011","4.36e-01",NA,NA,NA,0.009352402
"ATP9B","Lymphocyte","ASD","Wald ratio",1,"-0.012","0.016"," 0.988","4.36e-01",NA,NA,NA,0.009941082
"SMPD3","Lymphocyte","ASD","Wald ratio",1," 0.066","0.085"," 1.069","4.36e-01",NA,NA,NA,0.011699815
"HNRNPC","Lymphocyte","ASD","Wald ratio",1," 0.013","0.016"," 1.013","4.37e-01",NA,NA,NA,0.006983768
"GSTT1","Lymphocyte","ASD","Wald ratio",1," 0.011","0.014"," 1.011","4.37e-01",NA,NA,NA,0.009276554
"LOC391322","Lymphocyte","ASD","Wald ratio",1," 0.600","0.772"," 1.822","4.37e-01",NA,NA,NA,0.009276554
"DDTL","Lymphocyte","ASD","Wald ratio",1," 0.011","0.014"," 1.011","4.37e-01",NA,NA,NA,0.009276554
"GSTTP1","Lymphocyte","ASD","Wald ratio",1," 0.012","0.015"," 1.012","4.37e-01",NA,NA,NA,0.009276554
"DDT","Lymphocyte","ASD","Wald ratio",1," 0.011","0.014"," 1.011","4.37e-01",NA,NA,NA,0.009276554
"C18orf1","Lymphocyte","ASD","Weighted mode",3," 0.012","0.012"," 1.012","4.37e-01",0.101407811,0.000793764,0.285455242,0.008012778
"TXLNB","Lymphocyte","ASD","Wald ratio",1,"-0.034","0.044"," 0.967","4.38e-01",NA,NA,NA,0.009531641
"DGCR5","Lymphocyte","ASD","Wald ratio",1,"-0.524","0.676"," 0.592","4.38e-01",NA,NA,NA,0.011221072
"MTUS2","Lymphocyte","ASD","Wald ratio",1," 0.016","0.020"," 1.016","4.38e-01",NA,NA,NA,0.009197287
"C10orf50","Lymphocyte","ASD","Wald ratio",1,"-0.015","0.019"," 0.986","4.39e-01",NA,NA,NA,0.009455815
"LTBP4","Lymphocyte","ASD","Wald ratio",1,"-0.018","0.023"," 0.983","4.39e-01",NA,NA,NA,0.009455288
"VWF","Lymphocyte","ASD","Inverse variance weighted",2,"-0.021","0.027"," 0.979","4.39e-01",NA,0.578794846,NA,0.007722459
"CYBRD1","Lymphocyte","ASD","Wald ratio",1," 0.077","0.100"," 1.080","4.39e-01",NA,NA,NA,0.010558569
"PCSK6","Lymphocyte","ASD","Weighted median",3," 0.032","0.042"," 1.033","4.39e-01",0.355987908,0.618193081,0.796201561,0.009044433
"SLC25A26","Lymphocyte","ASD","Wald ratio",1,"-0.012","0.016"," 0.988","4.40e-01",NA,NA,NA,0.010224714
"SLC17A5","Lymphocyte","ASD","Wald ratio",1," 0.091","0.118"," 1.095","4.40e-01",NA,NA,NA,0.018053862
"SLC35A5","Lymphocyte","ASD","Wald ratio",1," 0.030","0.038"," 1.030","4.40e-01",NA,NA,NA,0.024104124
"SLC16A3","Lymphocyte","ASD","Wald ratio",1,"-0.046","0.059"," 0.955","4.40e-01",NA,NA,NA,0.010736177
"CCDC57","Lymphocyte","ASD","Wald ratio",1,"-0.013","0.017"," 0.987","4.40e-01",NA,NA,NA,0.010736177
"SECTM1","Lymphocyte","ASD","Wald ratio",1,"-0.022","0.028"," 0.978","4.40e-01",NA,NA,NA,0.010734694
"SLC16A3","Lymphocyte","ASD","Wald ratio",1,"-0.018","0.024"," 0.982","4.40e-01",NA,NA,NA,0.010736177
"C3orf20","Lymphocyte","ASD","Wald ratio",1,"-0.021","0.027"," 0.979","4.40e-01",NA,NA,NA,0.009302654
"MRPS5","Lymphocyte","ASD","Wald ratio",1,"-0.013","0.016"," 0.987","4.40e-01",NA,NA,NA,0.01073429
"TMEM135","Lymphocyte","ASD","Wald ratio",1,"-0.012","0.015"," 0.988","4.41e-01",NA,NA,NA,0.009559394
"LRAT","Lymphocyte","ASD","Wald ratio",1,"-0.056","0.072"," 0.946","4.41e-01",NA,NA,NA,0.009559394
"PAK4","Lymphocyte","ASD","Wald ratio",1," 0.014","0.018"," 1.014","4.41e-01",NA,NA,NA,0.008755726
"C7orf41","Lymphocyte","ASD","Wald ratio",1," 0.039","0.051"," 1.040","4.41e-01",NA,NA,NA,0.009817571
"C2CD2","Lymphocyte","ASD","Wald ratio",1,"-0.021","0.028"," 0.979","4.41e-01",NA,NA,NA,0.012082983
"IQCK","Lymphocyte","ASD","Wald ratio",1,"-0.016","0.021"," 0.984","4.41e-01",NA,NA,NA,0.012334089
"TNFRSF8","Lymphocyte","ASD","Wald ratio",1,"-0.067","0.087"," 0.935","4.42e-01",NA,NA,NA,0.009223557
"CPT1A","Lymphocyte","ASD","Wald ratio",1,"-0.015","0.019"," 0.985","4.42e-01",NA,NA,NA,0.007787439
"COQ3","Lymphocyte","ASD","Wald ratio",1," 0.022","0.029"," 1.023","4.43e-01",NA,NA,NA,0.009146183
"TACR1","Lymphocyte","ASD","Weighted mode",3,"-0.012","0.013"," 0.988","4.43e-01",0.890797781,0.990257811,0.982803099,0.008631556
"FGF12","Lymphocyte","ASD","Simple mode",3," 0.011","0.012"," 1.011","4.43e-01",0.08642515,0.048412734,0.490720384,0.022816576
"DMRT2","Lymphocyte","ASD","Wald ratio",1," 0.042","0.054"," 1.043","4.44e-01",NA,NA,NA,0.010173972
"TACR1","Lymphocyte","ASD","Simple mode",3,"-0.012","0.013"," 0.988","4.44e-01",0.890797781,0.990257811,0.982803099,0.008631556
"B4GALNT3","Lymphocyte","ASD","Wald ratio",1," 0.050","0.066"," 1.052","4.44e-01",NA,NA,NA,0.009327512
"FSD1L","Lymphocyte","ASD","Wald ratio",1," 0.014","0.019"," 1.014","4.45e-01",NA,NA,NA,0.009253014
"FOXP4","Lymphocyte","ASD","Wald ratio",1," 0.015","0.019"," 1.015","4.45e-01",NA,NA,NA,0.010354584
"MIR30B","Lymphocyte","ASD","Wald ratio",1," 0.014","0.018"," 1.014","4.45e-01",NA,NA,NA,0.010352603
"PARVB","Lymphocyte","ASD","Wald ratio",1,"-0.196","0.257"," 0.822","4.45e-01",NA,NA,NA,0.009508772
"PARVG","Lymphocyte","ASD","Wald ratio",1,"-0.026","0.034"," 0.974","4.45e-01",NA,NA,NA,0.009508759
"CHST9","Lymphocyte","ASD","Wald ratio",1,"-0.012","0.016"," 0.988","4.45e-01",NA,NA,NA,0.010019971
"SLC2A9","Lymphocyte","ASD","Wald ratio",1,"-0.015","0.020"," 0.985","4.46e-01",NA,NA,NA,0.009130359
"DNAJA4","Lymphocyte","ASD","Wald ratio",1,"-0.232","0.304"," 0.793","4.46e-01",NA,NA,NA,0.009431626
"BRDT","Lymphocyte","ASD","Wald ratio",1," 0.032","0.042"," 1.032","4.46e-01",NA,NA,NA,0.018399684
"C6orf162","Lymphocyte","ASD","Wald ratio",1," 0.035","0.046"," 1.036","4.47e-01",NA,NA,NA,0.009100671
"C6orf162","Lymphocyte","ASD","Wald ratio",1," 0.318","0.418"," 1.375","4.47e-01",NA,NA,NA,0.009100671
"GFM2","Lymphocyte","ASD","Wald ratio",1," 0.017","0.023"," 1.017","4.47e-01",NA,NA,NA,0.01096749
"PODNL1","Lymphocyte","ASD","Wald ratio",1,"-0.038","0.050"," 0.963","4.47e-01",NA,NA,NA,0.010965229
"NANOS3","Lymphocyte","ASD","Wald ratio",1,"-0.014","0.018"," 0.987","4.47e-01",NA,NA,NA,0.010960317
"C19orf57","Lymphocyte","ASD","Wald ratio",1,"-0.093","0.123"," 0.911","4.47e-01",NA,NA,NA,0.01096686
"MIR181C","Lymphocyte","ASD","Wald ratio",1,"-0.034","0.045"," 0.967","4.47e-01",NA,NA,NA,0.01096686
"PODNL1","Lymphocyte","ASD","Wald ratio",1,"-0.032","0.042"," 0.968","4.47e-01",NA,NA,NA,0.01096686
"ADAM32","Lymphocyte","ASD","Inverse variance weighted",2," 0.022","0.030"," 1.023","4.47e-01",NA,0.033580816,NA,0.007487401
"TLN2","Lymphocyte","ASD","Wald ratio",1," 0.020","0.026"," 1.020","4.47e-01",NA,NA,NA,0.016709709
"TNFRSF11A","Lymphocyte","ASD","Wald ratio",1," 0.012","0.016"," 1.012","4.47e-01",NA,NA,NA,0.010123914
"FOXB1","Lymphocyte","ASD","Wald ratio",1," 0.045","0.060"," 1.046","4.47e-01",NA,NA,NA,0.010381501
"AASS","Lymphocyte","ASD","Wald ratio",1," 0.020","0.026"," 1.020","4.48e-01",NA,NA,NA,0.010311232
"KCNMA1","Lymphocyte","ASD","Simple mode",5," 0.016","0.019"," 1.016","4.48e-01",0.001416511,0.001960003,0.634341215,0.007033909
"HTR2A","Lymphocyte","ASD","Wald ratio",1," 0.014","0.018"," 1.014","4.48e-01",NA,NA,NA,0.009277406
"ProSAPiP1","Lymphocyte","ASD","Wald ratio",1,"-0.019","0.025"," 0.981","4.48e-01",NA,NA,NA,0.011910851
"LOC643406","Lymphocyte","ASD","Wald ratio",1,"-0.024","0.031"," 0.977","4.48e-01",NA,NA,NA,0.019391275
"PLOD2","Lymphocyte","ASD","Wald ratio",1,"-0.011","0.015"," 0.989","4.49e-01",NA,NA,NA,0.009204084
"DOK5","Lymphocyte","ASD","Wald ratio",1," 0.043","0.057"," 1.044","4.49e-01",NA,NA,NA,0.015736855
"SQRDL","Lymphocyte","ASD","Wald ratio",1,"-0.037","0.049"," 0.963","4.49e-01",NA,NA,NA,0.016241104
"SLC35E3","Lymphocyte","ASD","Wald ratio",1,"-0.090","0.118"," 0.914","4.49e-01",NA,NA,NA,0.009714502
"NKAIN3","Lymphocyte","ASD","Wald ratio",1," 0.015","0.020"," 1.015","4.49e-01",NA,NA,NA,0.009970233
"MRPS9","Lymphocyte","ASD","Wald ratio",1,"-0.011","0.014"," 0.989","4.50e-01",NA,NA,NA,0.009120747
"KBTBD2","Lymphocyte","ASD","Wald ratio",1," 0.465","0.617"," 1.592","4.51e-01",NA,NA,NA,0.00930405
"CLDN14","Lymphocyte","ASD","Wald ratio",1," 0.018","0.024"," 1.018","4.52e-01",NA,NA,NA,0.011278611
"IQSEC1","Lymphocyte","ASD","Wald ratio",1," 0.013","0.018"," 1.014","4.52e-01",NA,NA,NA,0.00915721
"LOC727677","Lymphocyte","ASD","Wald ratio",1,"-0.017","0.022"," 0.983","4.53e-01",NA,NA,NA,0.01398092
"COL9A1","Lymphocyte","ASD","Wald ratio",1," 0.047","0.062"," 1.048","4.53e-01",NA,NA,NA,0.009409709
"TAP2","Lymphocyte","ASD","Wald ratio",1," 0.014","0.019"," 1.014","4.53e-01",NA,NA,NA,0.010434509
"HLA-DOB","Lymphocyte","ASD","Wald ratio",1," 0.012","0.016"," 1.012","4.53e-01",NA,NA,NA,0.010434509
"ZC3H18","Lymphocyte","ASD","Wald ratio",1,"-0.262","0.350"," 0.769","4.54e-01",NA,NA,NA,0.013153873
"HOPX","Lymphocyte","ASD","Wald ratio",1," 0.144","0.193"," 1.155","4.54e-01",NA,NA,NA,0.009079142
"HOPX","Lymphocyte","ASD","Wald ratio",1," 0.023","0.030"," 1.023","4.54e-01",NA,NA,NA,0.009079142
"SMYD1","Lymphocyte","ASD","Wald ratio",1,"-0.014","0.019"," 0.986","4.54e-01",NA,NA,NA,0.009335564
"LOC646982","Lymphocyte","ASD","Wald ratio",1,"-0.149","0.199"," 0.862","4.54e-01",NA,NA,NA,0.010612981
"CIB3","Lymphocyte","ASD","Wald ratio",1,"-0.018","0.025"," 0.982","4.55e-01",NA,NA,NA,0.009772392
"CDH22","Lymphocyte","ASD","Wald ratio",1,"-0.014","0.019"," 0.986","4.55e-01",NA,NA,NA,0.008950379
"SPNS3","Lymphocyte","ASD","Wald ratio",1," 0.016","0.022"," 1.016","4.56e-01",NA,NA,NA,0.013181989
"SNRPN","Lymphocyte","ASD","Wald ratio",1,"-0.021","0.029"," 0.979","4.56e-01",NA,NA,NA,0.009437901
"SLCO4A1","Lymphocyte","ASD","Wald ratio",1,"-0.035","0.047"," 0.965","4.56e-01",NA,NA,NA,0.009437901
"EVI5L","Lymphocyte","ASD","Wald ratio",1," 0.012","0.016"," 1.012","4.57e-01",NA,NA,NA,0.010334709
"LPHN2","Lymphocyte","ASD","Wald ratio",1," 0.039","0.053"," 1.040","4.57e-01",NA,NA,NA,0.014536133
"TSC22D1","Lymphocyte","ASD","Wald ratio",1,"-0.027","0.037"," 0.973","4.58e-01",NA,NA,NA,0.013280401
"ZNF470","Lymphocyte","ASD","Wald ratio",1," 0.426","0.574"," 1.531","4.58e-01",NA,NA,NA,0.010057827
"ZNF583","Lymphocyte","ASD","Wald ratio",1," 0.014","0.019"," 1.014","4.58e-01",NA,NA,NA,0.010054927
"BCAR1","Lymphocyte","ASD","Wald ratio",1," 0.015","0.020"," 1.015","4.58e-01",NA,NA,NA,0.0100285
"ZNF835","Lymphocyte","ASD","Wald ratio",1," 0.086","0.117"," 1.090","4.58e-01",NA,NA,NA,0.010057827
"PCDH12","Lymphocyte","ASD","Wald ratio",1," 0.012","0.017"," 1.012","4.58e-01",NA,NA,NA,0.009543567
"KLHDC7A","Lymphocyte","ASD","Wald ratio",1," 0.012","0.016"," 1.012","4.58e-01",NA,NA,NA,0.009288256
"TRAK1","Lymphocyte","ASD","Simple mode",3,"-0.020","0.022"," 0.980","4.59e-01",0.342589576,0.079322113,0.289968554,0.019334572
"HNRNPF","Lymphocyte","ASD","Wald ratio",1,"-1.228","1.657"," 0.293","4.59e-01",NA,NA,NA,0.014885733
"MCOLN2","Lymphocyte","ASD","Wald ratio",1,"-0.014","0.019"," 0.986","4.59e-01",NA,NA,NA,0.009030792
"APOC4","Lymphocyte","ASD","Wald ratio",1," 0.012","0.016"," 1.012","4.59e-01",NA,NA,NA,0.008765275
"APOC2","Lymphocyte","ASD","Wald ratio",1," 0.013","0.017"," 1.013","4.59e-01",NA,NA,NA,0.009027903
"CLPTM1","Lymphocyte","ASD","Wald ratio",1," 0.075","0.101"," 1.078","4.59e-01",NA,NA,NA,0.009027903
"KYNU","Lymphocyte","ASD","Wald ratio",1,"-0.034","0.046"," 0.966","4.59e-01",NA,NA,NA,0.01023687
"ACCN1","Lymphocyte","ASD","Inverse variance weighted",3,"-0.009","0.013"," 0.991","4.59e-01",0.514696395,0.783429233,0.842680696,0.007807848
"KLF11","Lymphocyte","ASD","Wald ratio",1," 0.256","0.346"," 1.292","4.59e-01",NA,NA,NA,0.011182343
"CYS1","Lymphocyte","ASD","Wald ratio",1," 0.033","0.045"," 1.034","4.59e-01",NA,NA,NA,0.011182343
"ITPRIPL2","Lymphocyte","ASD","Wald ratio",1,"-0.041","0.056"," 0.960","4.59e-01",NA,NA,NA,0.009212024
"GUCY1B3","Lymphocyte","ASD","Wald ratio",1," 0.011","0.015"," 1.011","4.59e-01",NA,NA,NA,0.009212644
"UCK1","Lymphocyte","ASD","Wald ratio",1," 0.179","0.241"," 1.196","4.59e-01",NA,NA,NA,0.010927536
"BAT2L1","Lymphocyte","ASD","Wald ratio",1," 0.014","0.019"," 1.014","4.59e-01",NA,NA,NA,0.010927536
"NBLA00301","Lymphocyte","ASD","Wald ratio",1," 0.012","0.016"," 1.012","4.60e-01",NA,NA,NA,0.009466471
"HAND2","Lymphocyte","ASD","Wald ratio",1," 0.245","0.332"," 1.278","4.60e-01",NA,NA,NA,0.009466417
"TMEM177","Lymphocyte","ASD","Wald ratio",1,"-0.015","0.020"," 0.986","4.60e-01",NA,NA,NA,0.012123679
"PTPRE","Lymphocyte","ASD","Inverse variance weighted",2," 0.011","0.014"," 1.011","4.60e-01",NA,0.988034155,NA,0.008859977
"PCGF5","Lymphocyte","ASD","Wald ratio",1,"-0.081","0.109"," 0.923","4.61e-01",NA,NA,NA,0.019529442
"RFX8","Lymphocyte","ASD","Wald ratio",1,"-0.198","0.269"," 0.820","4.61e-01",NA,NA,NA,0.009389969
"CAMTA1","Lymphocyte","ASD","Inverse variance weighted",3,"-0.008","0.011"," 0.992","4.61e-01",0.986333946,0.991687514,0.91891164,0.007747305
"ABCC4","Lymphocyte","ASD","Wald ratio",1," 0.044","0.060"," 1.045","4.62e-01",NA,NA,NA,0.009313497
"C18orf1","Lymphocyte","ASD","Weighted median",3," 0.009","0.012"," 1.009","4.62e-01",0.101407811,0.000793764,0.285455242,0.008012778
"OPRK1","Lymphocyte","ASD","Wald ratio",1," 0.023","0.031"," 1.023","4.62e-01",NA,NA,NA,0.016357555
"C14orf118","Lymphocyte","ASD","Wald ratio",1,"-0.012","0.016"," 0.988","4.62e-01",NA,NA,NA,0.009496979
"LHX3","Lymphocyte","ASD","Wald ratio",1,"-0.171","0.233"," 0.842","4.63e-01",NA,NA,NA,0.009495406
"QSOX2","Lymphocyte","ASD","Wald ratio",1,"-0.016","0.021"," 0.984","4.63e-01",NA,NA,NA,0.009495406
"C17orf48","Lymphocyte","ASD","Wald ratio",1,"-0.011","0.015"," 0.989","4.63e-01",NA,NA,NA,0.008983171
"NPSR1","Lymphocyte","ASD","Wald ratio",1,"-0.018","0.025"," 0.982","4.63e-01",NA,NA,NA,0.008981283
"FOSL2","Lymphocyte","ASD","Wald ratio",1," 0.011","0.016"," 1.012","4.63e-01",NA,NA,NA,0.008981283
"LASS3","Lymphocyte","ASD","Wald ratio",1,"-0.027","0.037"," 0.973","4.64e-01",NA,NA,NA,0.018444984
"C1orf200","Lymphocyte","ASD","Wald ratio",1,"-0.087","0.118"," 0.917","4.65e-01",NA,NA,NA,0.009086132
"PIK3CD","Lymphocyte","ASD","Wald ratio",1,"-0.056","0.076"," 0.946","4.65e-01",NA,NA,NA,0.009086132
"PCDH9","Lymphocyte","ASD","Inverse variance weighted",4,"-0.008","0.011"," 0.992","4.65e-01",0.224441721,0.361380612,0.741113446,0.03212587
"SLCO3A1","Lymphocyte","ASD","Weighted mode",3," 0.014","0.016"," 1.014","4.65e-01",0.796717924,0.958466403,0.913972233,0.013490696
"SERPINB1","Lymphocyte","ASD","Inverse variance weighted",2,"-0.023","0.032"," 0.977","4.66e-01",NA,0.798051619,NA,0.01117554
"HHAT","Lymphocyte","ASD","Wald ratio",1," 0.013","0.018"," 1.013","4.67e-01",NA,NA,NA,0.010835858
"SLC35F3","Lymphocyte","ASD","Weighted mode",3,"-0.013","0.015"," 0.987","4.67e-01",0.869856239,0.073118519,0.262996948,0.02977782
"KCNK12","Lymphocyte","ASD","Wald ratio",1,"-0.100","0.138"," 0.905","4.67e-01",NA,NA,NA,0.008936268
"WDR41","Lymphocyte","ASD","Wald ratio",1," 0.220","0.302"," 1.246","4.67e-01",NA,NA,NA,0.008936268
"TET3","Lymphocyte","ASD","Wald ratio",1,"-0.015","0.021"," 0.985","4.67e-01",NA,NA,NA,0.009630424
"LHFP","Lymphocyte","ASD","Wald ratio",1,"-0.011","0.016"," 0.989","4.68e-01",NA,NA,NA,0.008596825
"TTK","Lymphocyte","ASD","Wald ratio",1," 0.014","0.019"," 1.014","4.68e-01",NA,NA,NA,0.008935344
"C19orf28","Lymphocyte","ASD","Wald ratio",1," 0.012","0.017"," 1.012","4.68e-01",NA,NA,NA,0.009375829
"C19orf28","Lymphocyte","ASD","Wald ratio",1," 0.027","0.038"," 1.028","4.68e-01",NA,NA,NA,0.009375829
"C19orf28","Lymphocyte","ASD","Wald ratio",1," 0.013","0.018"," 1.013","4.68e-01",NA,NA,NA,0.009375829
"TAPT1","Lymphocyte","ASD","Wald ratio",1,"-0.020","0.027"," 0.980","4.68e-01",NA,NA,NA,0.009375829
"C19orf28","Lymphocyte","ASD","Wald ratio",1," 0.013","0.018"," 1.013","4.68e-01",NA,NA,NA,0.009375824
"ST6GALNAC3","Lymphocyte","ASD","Weighted median",3,"-0.012","0.016"," 0.988","4.68e-01",0.370493444,0.545754919,0.637718671,0.019542782
"GLB1","Lymphocyte","ASD","Wald ratio",1,"-0.036","0.050"," 0.964","4.68e-01",NA,NA,NA,0.009812233
"GLB1","Lymphocyte","ASD","Wald ratio",1,"-0.012","0.017"," 0.988","4.68e-01",NA,NA,NA,0.009812233
"HDAC4","Lymphocyte","ASD","MR Egger",3," 0.235","0.212"," 1.264","4.68e-01",0.950597542,0.587314194,0.490644689,0.007631617
"SLC2A8","Lymphocyte","ASD","Wald ratio",1,"-0.014","0.019"," 0.986","4.69e-01",NA,NA,NA,0.011373987
"KIAA1009","Lymphocyte","ASD","Wald ratio",1,"-0.015","0.021"," 0.985","4.69e-01",NA,NA,NA,0.009491663
"PCSK6","Lymphocyte","ASD","Weighted mode",3," 0.041","0.046"," 1.042","4.69e-01",0.355987908,0.618193081,0.796201561,0.009044433
"NCRNA00032","Lymphocyte","ASD","Wald ratio",1,"-0.013","0.017"," 0.988","4.69e-01",NA,NA,NA,0.010343927
"MYBPH","Lymphocyte","ASD","Wald ratio",1," 0.015","0.021"," 1.015","4.69e-01",NA,NA,NA,0.0097362
"LSAMP","Lymphocyte","ASD","Inverse variance weighted",4," 0.019","0.026"," 1.019","4.70e-01",0.043495664,0.078658977,0.721611214,0.009854196
"C9orf66","Lymphocyte","ASD","Wald ratio",1,"-0.246","0.341"," 0.782","4.71e-01",NA,NA,NA,0.008965298
"ABO","Lymphocyte","ASD","Wald ratio",1,"-0.012","0.016"," 0.988","4.71e-01",NA,NA,NA,0.009402249
"ACSL1","Lymphocyte","ASD","MR Egger",3,"-0.024","0.022"," 0.976","4.71e-01",0.671618769,0.615970923,0.537550581,0.079363895
"DDX51","Lymphocyte","ASD","Wald ratio",1,"-0.030","0.041"," 0.971","4.71e-01",NA,NA,NA,0.012268594
"AFF3","Lymphocyte","ASD","Wald ratio",1,"-0.114","0.158"," 0.892","4.72e-01",NA,NA,NA,0.011579504
"UBE2C","Lymphocyte","ASD","Wald ratio",1," 0.095","0.132"," 1.099","4.72e-01",NA,NA,NA,0.009330833
"SRD5A2","Lymphocyte","ASD","Wald ratio",1,"-0.027","0.037"," 0.973","4.72e-01",NA,NA,NA,0.009330534
"SENP7","Lymphocyte","ASD","Wald ratio",1,"-0.011","0.016"," 0.989","4.72e-01",NA,NA,NA,0.008890077
"SMAD9","Lymphocyte","ASD","Inverse variance weighted",2," 0.013","0.018"," 1.013","4.72e-01",NA,0.275010625,NA,0.018456298
"ZC3H3","Lymphocyte","ASD","Wald ratio",1,"-0.014","0.020"," 0.986","4.72e-01",NA,NA,NA,0.012195026
"GSDMD","Lymphocyte","ASD","Wald ratio",1,"-0.767","1.067"," 0.464","4.72e-01",NA,NA,NA,0.012195026
"BARD1","Lymphocyte","ASD","Wald ratio",1," 0.032","0.044"," 1.032","4.73e-01",NA,NA,NA,0.01746536
"OPTN","Lymphocyte","ASD","Wald ratio",1,"-0.017","0.024"," 0.983","4.74e-01",NA,NA,NA,0.014690151
"BANK1","Lymphocyte","ASD","Wald ratio",1," 0.105","0.147"," 1.111","4.74e-01",NA,NA,NA,0.008994857
"KCTD1","Lymphocyte","ASD","Wald ratio",1,"-0.011","0.015"," 0.989","4.74e-01",NA,NA,NA,0.008995605
"BMPR1A","Lymphocyte","ASD","Wald ratio",1," 0.036","0.050"," 1.036","4.74e-01",NA,NA,NA,0.00987228
"FGF12","Lymphocyte","ASD","MR Egger",3," 0.046","0.043"," 1.047","4.74e-01",0.08642515,0.048412734,0.490720384,0.022816576
"RFX7","Lymphocyte","ASD","Wald ratio",1," 0.100","0.140"," 1.105","4.74e-01",NA,NA,NA,0.013333351
"SNTG1","Lymphocyte","ASD","Wald ratio",1," 0.018","0.025"," 1.018","4.75e-01",NA,NA,NA,0.010488105
"ASTL","Lymphocyte","ASD","Wald ratio",1," 0.015","0.021"," 1.015","4.75e-01",NA,NA,NA,0.009176182
"CTNNA3","Lymphocyte","ASD","Wald ratio",1,"-0.014","0.020"," 0.986","4.75e-01",NA,NA,NA,0.009176182
"CIAO1","Lymphocyte","ASD","Wald ratio",1," 0.019","0.026"," 1.019","4.75e-01",NA,NA,NA,0.009176182
"NLGN1","Lymphocyte","ASD","Wald ratio",1,"-0.060","0.084"," 0.942","4.75e-01",NA,NA,NA,0.009176178
"SORL1","Lymphocyte","ASD","Wald ratio",1," 0.045","0.064"," 1.047","4.75e-01",NA,NA,NA,0.011103854
"CALCB","Lymphocyte","ASD","Wald ratio",1,"-0.128","0.179"," 0.880","4.75e-01",NA,NA,NA,0.009796559
"FRK","Lymphocyte","ASD","Wald ratio",1,"-0.012","0.017"," 0.988","4.76e-01",NA,NA,NA,0.008171317
"APTX","Lymphocyte","ASD","Wald ratio",1,"-0.047","0.066"," 0.954","4.76e-01",NA,NA,NA,0.013615374
"LOC644145","Lymphocyte","ASD","Wald ratio",1," 0.041","0.058"," 1.042","4.76e-01",NA,NA,NA,0.010160041
"FNDC1","Lymphocyte","ASD","Inverse variance weighted",2,"-0.011","0.015"," 0.989","4.76e-01",NA,0.416840456,NA,0.019950238
"DLC1","Lymphocyte","ASD","Simple mode",4,"-0.013","0.016"," 0.987","4.76e-01",0.307082224,0.4958267,0.893742599,0.007747126
"KDM4B","Lymphocyte","ASD","Wald ratio",1," 0.029","0.040"," 1.029","4.77e-01",NA,NA,NA,0.01033955
"LHX4","Lymphocyte","ASD","Wald ratio",1,"-0.010","0.014"," 0.990","4.77e-01",NA,NA,NA,0.008361333
"KIAA1217","Lymphocyte","ASD","Wald ratio",1,"-0.016","0.022"," 0.984","4.77e-01",NA,NA,NA,0.011388537
"GIMAP4","Lymphocyte","ASD","Wald ratio",1,"-0.025","0.036"," 0.975","4.77e-01",NA,NA,NA,0.009026253
"C18orf1","Lymphocyte","ASD","Simple mode",3," 0.011","0.013"," 1.011","4.77e-01",0.101407811,0.000793764,0.285455242,0.008012778
"TRPM4","Lymphocyte","ASD","Wald ratio",1," 0.012","0.017"," 1.012","4.77e-01",NA,NA,NA,0.009646196
"PPFIA3","Lymphocyte","ASD","Wald ratio",1," 0.090","0.127"," 1.094","4.77e-01",NA,NA,NA,0.009646709
"LIN7B","Lymphocyte","ASD","Wald ratio",1," 0.015","0.022"," 1.015","4.77e-01",NA,NA,NA,0.009646709
"FAM164A","Lymphocyte","ASD","Wald ratio",1," 0.071","0.101"," 1.074","4.77e-01",NA,NA,NA,0.01008113
"PRPF40A","Lymphocyte","ASD","Wald ratio",1,"-0.014","0.020"," 0.986","4.77e-01",NA,NA,NA,0.009645215
"OPRM1","Lymphocyte","ASD","Wald ratio",1,"-0.014","0.020"," 0.986","4.78e-01",NA,NA,NA,0.009083888
"KNDC1","Lymphocyte","ASD","Wald ratio",1,"-0.135","0.191"," 0.873","4.78e-01",NA,NA,NA,0.009206873
"C20orf160","Lymphocyte","ASD","Wald ratio",1,"-0.084","0.118"," 0.920","4.78e-01",NA,NA,NA,0.011747568
"SLC25A24","Lymphocyte","ASD","Wald ratio",1," 0.016","0.023"," 1.016","4.78e-01",NA,NA,NA,0.009391891
"GLT1D1","Lymphocyte","ASD","Wald ratio",1,"-0.012","0.017"," 0.988","4.78e-01",NA,NA,NA,0.009391735
"RPS6KA2","Lymphocyte","ASD","Inverse variance weighted",7," 0.008","0.011"," 1.008","4.78e-01",0.04052281,0.041802741,0.462679978,0.051213947
"USP10","Lymphocyte","ASD","Wald ratio",1," 0.024","0.033"," 1.024","4.78e-01",NA,NA,NA,0.011925485
"GAB4","Lymphocyte","ASD","Wald ratio",1,"-0.022","0.031"," 0.978","4.79e-01",NA,NA,NA,0.009751647
"KRT6B","Lymphocyte","ASD","Wald ratio",1,"-0.013","0.019"," 0.987","4.80e-01",NA,NA,NA,0.010982397
"BTBD9","Lymphocyte","ASD","Wald ratio",1,"-0.019","0.026"," 0.982","4.80e-01",NA,NA,NA,0.015904695
"C4orf51","Lymphocyte","ASD","Wald ratio",1,"-0.178","0.253"," 0.837","4.81e-01",NA,NA,NA,0.008801535
"SLC8A1","Lymphocyte","ASD","Wald ratio",1,"-0.032","0.045"," 0.969","4.81e-01",NA,NA,NA,0.020596284
"MYO1B","Lymphocyte","ASD","Wald ratio",1," 0.011","0.015"," 1.011","4.81e-01",NA,NA,NA,0.008982447
"GLI4","Lymphocyte","ASD","Wald ratio",1," 0.011","0.016"," 1.011","4.81e-01",NA,NA,NA,0.008982446
"ZFP41","Lymphocyte","ASD","Wald ratio",1," 0.021","0.030"," 1.022","4.81e-01",NA,NA,NA,0.008982446
"CD207","Lymphocyte","ASD","Wald ratio",1,"-0.017","0.024"," 0.983","4.81e-01",NA,NA,NA,0.012924727
"GPR155","Lymphocyte","ASD","Wald ratio",1,"-0.125","0.177"," 0.883","4.81e-01",NA,NA,NA,0.011700812
"SORCS2","Lymphocyte","ASD","Weighted mode",4,"-0.011","0.014"," 0.989","4.82e-01",0.001960905,0.002797378,0.66164928,0.012348931
"NRCAM","Lymphocyte","ASD","Wald ratio",1," 0.012","0.016"," 1.012","4.82e-01",NA,NA,NA,0.009783245
"SLC43A2","Lymphocyte","ASD","Wald ratio",1,"-0.018","0.026"," 0.982","4.82e-01",NA,NA,NA,0.00996325
"PNOC","Lymphocyte","ASD","Wald ratio",1,"-0.165","0.235"," 0.848","4.83e-01",NA,NA,NA,0.011808927
"SHANK2","Lymphocyte","ASD","Inverse variance weighted",4,"-0.008","0.011"," 0.992","4.83e-01",0.194881259,0.322835275,0.752551828,0.008683564
"LOX","Lymphocyte","ASD","Wald ratio",1," 0.011","0.016"," 1.011","4.83e-01",NA,NA,NA,0.008906814
"RORA","Lymphocyte","ASD","Weighted median",4,"-0.008","0.012"," 0.992","4.83e-01",0.47256309,0.665433951,0.810811983,0.007802158
"RDH13","Lymphocyte","ASD","Wald ratio",1,"-0.011","0.016"," 0.989","4.83e-01",NA,NA,NA,0.009086954
"PLXDC1","Lymphocyte","ASD","Wald ratio",1," 0.011","0.016"," 1.011","4.84e-01",NA,NA,NA,0.009889352
"ZNF260","Lymphocyte","ASD","Wald ratio",1," 0.016","0.023"," 1.016","4.84e-01",NA,NA,NA,0.009269227
"CCDC81","Lymphocyte","ASD","Wald ratio",1,"-0.069","0.098"," 0.933","4.84e-01",NA,NA,NA,0.011731754
"CCDC81","Lymphocyte","ASD","Wald ratio",1,"-0.190","0.271"," 0.827","4.84e-01",NA,NA,NA,0.011731754
"LOC100128842","Lymphocyte","ASD","Wald ratio",1,"-0.035","0.051"," 0.965","4.84e-01",NA,NA,NA,0.021553286
"LOC441869","Lymphocyte","ASD","Wald ratio",1,"-0.028","0.041"," 0.972","4.84e-01",NA,NA,NA,0.021564475
"PUSL1","Lymphocyte","ASD","Wald ratio",1,"-0.026","0.038"," 0.974","4.84e-01",NA,NA,NA,0.021559972
"TTLL10","Lymphocyte","ASD","Wald ratio",1,"-0.032","0.046"," 0.968","4.84e-01",NA,NA,NA,0.02156101
"SCNN1D","Lymphocyte","ASD","Wald ratio",1,"-0.025","0.036"," 0.975","4.84e-01",NA,NA,NA,0.021564501
"TNFRSF18","Lymphocyte","ASD","Wald ratio",1,"-0.208","0.297"," 0.813","4.84e-01",NA,NA,NA,0.021564501
"MXRA8","Lymphocyte","ASD","Wald ratio",1,"-0.072","0.103"," 0.930","4.84e-01",NA,NA,NA,0.021564501
"UBE2J2","Lymphocyte","ASD","Wald ratio",1,"-0.025","0.036"," 0.975","4.84e-01",NA,NA,NA,0.02156296
"DVL1","Lymphocyte","ASD","Wald ratio",1,"-0.025","0.036"," 0.975","4.84e-01",NA,NA,NA,0.021545642
"ZFAT","Lymphocyte","ASD","Wald ratio",1," 0.058","0.083"," 1.060","4.84e-01",NA,NA,NA,0.014518559
"TSPAN11","Lymphocyte","ASD","Inverse variance weighted",2,"-0.014","0.020"," 0.986","4.84e-01",NA,0.539571726,NA,0.010617344
"FBXO44","Lymphocyte","ASD","Wald ratio",1," 0.030","0.043"," 1.031","4.84e-01",NA,NA,NA,0.017670354
"FBXO44","Lymphocyte","ASD","Wald ratio",1," 0.027","0.038"," 1.027","4.84e-01",NA,NA,NA,0.017670354
"DLC1","Lymphocyte","ASD","Weighted mode",4,"-0.010","0.013"," 0.990","4.85e-01",0.307082224,0.4958267,0.893742599,0.007747126
"IDH3A","Lymphocyte","ASD","Wald ratio",1," 0.010","0.015"," 1.011","4.85e-01",NA,NA,NA,0.008758243
"USP36","Lymphocyte","ASD","Wald ratio",1,"-0.012","0.017"," 0.988","4.85e-01",NA,NA,NA,0.008754996
"MRGPRG","Lymphocyte","ASD","Wald ratio",1,"-0.016","0.023"," 0.984","4.86e-01",NA,NA,NA,0.00955673
"C11orf36","Lymphocyte","ASD","Wald ratio",1,"-0.014","0.019"," 0.987","4.86e-01",NA,NA,NA,0.00955673
"ACCN1","Lymphocyte","ASD","Weighted median",3,"-0.009","0.013"," 0.991","4.86e-01",0.514696395,0.783429233,0.842680696,0.007807848
"CAV3","Lymphocyte","ASD","Wald ratio",1," 0.040","0.058"," 1.041","4.86e-01",NA,NA,NA,0.009920861
"SNX19","Lymphocyte","ASD","Wald ratio",1," 0.016","0.024"," 1.017","4.87e-01",NA,NA,NA,0.008680177
"C7orf50","Lymphocyte","ASD","Wald ratio",1," 0.013","0.019"," 1.014","4.87e-01",NA,NA,NA,0.006263343
"C7orf50","Lymphocyte","ASD","Wald ratio",1," 0.014","0.019"," 1.014","4.87e-01",NA,NA,NA,0.007560567
"C7orf50","Lymphocyte","ASD","Wald ratio",1," 0.014","0.020"," 1.014","4.87e-01",NA,NA,NA,0.011688879
"LBX2","Lymphocyte","ASD","Wald ratio",1," 0.030","0.043"," 1.030","4.87e-01",NA,NA,NA,0.012658576
"LOC151534","Lymphocyte","ASD","Wald ratio",1," 0.024","0.035"," 1.025","4.87e-01",NA,NA,NA,0.012658576
"PCGF1","Lymphocyte","ASD","Wald ratio",1," 0.015","0.022"," 1.015","4.87e-01",NA,NA,NA,0.012658576
"CDCA2","Lymphocyte","ASD","Wald ratio",1," 0.012","0.018"," 1.012","4.87e-01",NA,NA,NA,0.009045649
"HECA","Lymphocyte","ASD","Wald ratio",1,"-0.020","0.028"," 0.980","4.87e-01",NA,NA,NA,0.012049189
"TSPAN2","Lymphocyte","ASD","Wald ratio",1," 0.034","0.049"," 1.035","4.88e-01",NA,NA,NA,0.009845741
"MIR216A","Lymphocyte","ASD","Wald ratio",1,"-0.012","0.018"," 0.988","4.88e-01",NA,NA,NA,0.010026293
"LEKR1","Lymphocyte","ASD","Wald ratio",1," 0.021","0.031"," 1.021","4.89e-01",NA,NA,NA,0.008787589
"ABCB9","Lymphocyte","ASD","Wald ratio",1," 0.011","0.016"," 1.011","4.89e-01",NA,NA,NA,0.00957768
"ARL6IP4","Lymphocyte","ASD","Wald ratio",1," 0.208","0.300"," 1.231","4.89e-01",NA,NA,NA,0.009588527
"DNAI2","Lymphocyte","ASD","Wald ratio",1," 0.013","0.018"," 1.013","4.89e-01",NA,NA,NA,0.009588527
"ARL6IP4","Lymphocyte","ASD","Wald ratio",1," 0.012","0.017"," 1.012","4.89e-01",NA,NA,NA,0.009588527
"ABCB9","Lymphocyte","ASD","Wald ratio",1," 0.052","0.076"," 1.054","4.89e-01",NA,NA,NA,0.009588527
"COG5","Lymphocyte","ASD","Wald ratio",1,"-0.014","0.021"," 0.986","4.89e-01",NA,NA,NA,0.010386769
"CRX","Lymphocyte","ASD","Wald ratio",1,"-0.014","0.020"," 0.986","4.89e-01",NA,NA,NA,0.011363538
"GREM1","Lymphocyte","ASD","Wald ratio",1," 0.016","0.024"," 1.016","4.89e-01",NA,NA,NA,0.009152925
"MEF2D","Lymphocyte","ASD","Wald ratio",1," 0.045","0.065"," 1.046","4.89e-01",NA,NA,NA,0.009152067
"JDP2","Lymphocyte","ASD","Wald ratio",1," 0.163","0.236"," 1.177","4.90e-01",NA,NA,NA,0.008712243
"JDP2","Lymphocyte","ASD","Wald ratio",1," 0.030","0.043"," 1.030","4.90e-01",NA,NA,NA,0.008712244
"ACACA","Lymphocyte","ASD","Wald ratio",1," 0.012","0.018"," 1.012","4.90e-01",NA,NA,NA,0.010856143
"ADCY3","Lymphocyte","ASD","Inverse variance weighted",2,"-0.018","0.026"," 0.982","4.91e-01",NA,0.045242944,NA,0.077254766
"EEPD1","Lymphocyte","ASD","Inverse variance weighted",2," 0.019","0.028"," 1.019","4.92e-01",NA,0.899167197,NA,0.00868794
"PDZD2","Lymphocyte","ASD","Inverse variance weighted",2,"-0.009","0.013"," 0.991","4.92e-01",NA,0.645572923,NA,0.007657617
"USP20","Lymphocyte","ASD","Wald ratio",1,"-0.011","0.016"," 0.989","4.92e-01",NA,NA,NA,0.008634861
"APBA1","Lymphocyte","ASD","Wald ratio",1," 0.083","0.121"," 1.086","4.92e-01",NA,NA,NA,0.010164245
"MAN1A1","Lymphocyte","ASD","Wald ratio",1,"-0.013","0.019"," 0.987","4.92e-01",NA,NA,NA,0.009549753
"IL31RA","Lymphocyte","ASD","Wald ratio",1," 0.023","0.033"," 1.023","4.92e-01",NA,NA,NA,0.015728019
"AGXT","Lymphocyte","ASD","Wald ratio",1,"-0.017","0.024"," 0.983","4.93e-01",NA,NA,NA,0.008562367
"CMIP","Lymphocyte","ASD","Inverse variance weighted",2," 0.009","0.013"," 1.009","4.93e-01",NA,0.695664756,NA,0.007281278
"EPN3","Lymphocyte","ASD","Wald ratio",1,"-0.058","0.084"," 0.944","4.93e-01",NA,NA,NA,0.011248567
"SPATA20","Lymphocyte","ASD","Wald ratio",1,"-0.016","0.023"," 0.984","4.93e-01",NA,NA,NA,0.011248566
"GPX4","Lymphocyte","ASD","Wald ratio",1," 0.027","0.039"," 1.027","4.93e-01",NA,NA,NA,0.009110063
"CC2D2A","Lymphocyte","ASD","Wald ratio",1,"-0.053","0.078"," 0.948","4.93e-01",NA,NA,NA,0.009110062
"SOSTDC1","Lymphocyte","ASD","Wald ratio",1,"-0.010","0.015"," 0.990","4.93e-01",NA,NA,NA,0.009110062
"KL","Lymphocyte","ASD","Wald ratio",1,"-0.042","0.062"," 0.959","4.94e-01",NA,NA,NA,0.009292579
"SOBP","Lymphocyte","ASD","Wald ratio",1,"-0.021","0.030"," 0.979","4.94e-01",NA,NA,NA,0.017260743
"FGF12","Lymphocyte","ASD","Weighted median",3," 0.009","0.012"," 1.009","4.94e-01",0.08642515,0.048412734,0.490720384,0.022816576
"EFCAB9","Lymphocyte","ASD","Wald ratio",1," 0.014","0.021"," 1.014","4.94e-01",NA,NA,NA,0.011057753
"PRR18","Lymphocyte","ASD","Wald ratio",1," 0.012","0.018"," 1.013","4.95e-01",NA,NA,NA,0.010198832
"SFT2D1","Lymphocyte","ASD","Wald ratio",1," 0.014","0.021"," 1.014","4.95e-01",NA,NA,NA,0.00878497
"IPO7","Lymphocyte","ASD","Wald ratio",1,"-0.582","0.853"," 0.559","4.95e-01",NA,NA,NA,0.009035876
"ACSL1","Lymphocyte","ASD","Simple mode",3,"-0.188","0.227"," 0.829","4.95e-01",0.671618769,0.615970923,0.537550581,0.079363895
"C13orf35","Lymphocyte","ASD","Wald ratio",1,"-0.018","0.026"," 0.983","4.95e-01",NA,NA,NA,0.009397511
"PLXNA2","Lymphocyte","ASD","Inverse variance weighted",2," 0.020","0.029"," 1.020","4.97e-01",NA,0.077391177,NA,0.057562675
"SLC35B3","Lymphocyte","ASD","Wald ratio",1," 0.351","0.517"," 1.421","4.97e-01",NA,NA,NA,0.011203958
"ZNF438","Lymphocyte","ASD","Wald ratio",1," 0.012","0.018"," 1.012","4.97e-01",NA,NA,NA,0.009867057
"LATS2","Lymphocyte","ASD","Wald ratio",1," 0.012","0.018"," 1.012","4.97e-01",NA,NA,NA,0.01004959
"SUSD1","Lymphocyte","ASD","Wald ratio",1,"-0.027","0.039"," 0.974","4.97e-01",NA,NA,NA,0.010231379
"KIF25","Lymphocyte","ASD","Wald ratio",1," 0.028","0.041"," 1.028","4.97e-01",NA,NA,NA,0.013600916
"CALM1","Lymphocyte","ASD","Wald ratio",1," 0.011","0.016"," 1.011","4.97e-01",NA,NA,NA,0.008887595
"LAMB3","Lymphocyte","ASD","Wald ratio",1," 0.012","0.018"," 1.012","4.98e-01",NA,NA,NA,0.010590338
"LAMB3","Lymphocyte","ASD","Wald ratio",1," 0.012","0.017"," 1.012","4.98e-01",NA,NA,NA,0.010590338
"ARNT2","Lymphocyte","ASD","Wald ratio",1," 0.024","0.035"," 1.024","4.98e-01",NA,NA,NA,0.009067829
"COL4A3BP","Lymphocyte","ASD","Wald ratio",1," 0.014","0.021"," 1.014","4.98e-01",NA,NA,NA,0.012637787
"ACTA1","Lymphocyte","ASD","Wald ratio",1,"-0.045","0.066"," 0.956","4.99e-01",NA,NA,NA,0.011848645
"RBMS3","Lymphocyte","ASD","Wald ratio",1,"-0.389","0.574"," 0.678","4.99e-01",NA,NA,NA,0.012388492
"CMKLR1","Lymphocyte","ASD","Wald ratio",1,"-0.022","0.032"," 0.978","4.99e-01",NA,NA,NA,0.008994643
"WSCD2","Lymphocyte","ASD","Wald ratio",1,"-0.011","0.016"," 0.989","4.99e-01",NA,NA,NA,0.005605347
"CMKLR1","Lymphocyte","ASD","Wald ratio",1,"-0.017","0.025"," 0.983","4.99e-01",NA,NA,NA,0.008994643
"OR52E8","Lymphocyte","ASD","Wald ratio",1,"-0.010","0.015"," 0.990","4.99e-01",NA,NA,NA,0.008628094
"ZFP42","Lymphocyte","ASD","Wald ratio",1," 0.062","0.092"," 1.064","4.99e-01",NA,NA,NA,0.00954042
"NAV2","Lymphocyte","ASD","MR Egger",3," 0.052","0.052"," 1.054","4.99e-01",0.712816778,0.502866778,0.465908885,0.023136373
"C14orf23","Lymphocyte","ASD","Wald ratio",1,"-0.067","0.099"," 0.935","5.00e-01",NA,NA,NA,0.012135805
"TMPRSS2","Lymphocyte","ASD","Wald ratio",1," 0.088","0.130"," 1.092","5.00e-01",NA,NA,NA,0.008556536
"SEMA3A","Lymphocyte","ASD","Wald ratio",1," 0.276","0.410"," 1.318","5.01e-01",NA,NA,NA,0.02046558
"TIMD4","Lymphocyte","ASD","Wald ratio",1," 0.031","0.046"," 1.032","5.01e-01",NA,NA,NA,0.009101713
"GPD1L","Lymphocyte","ASD","Wald ratio",1," 0.015","0.022"," 1.015","5.01e-01",NA,NA,NA,0.009465808
"OTUD7A","Lymphocyte","ASD","Wald ratio",1,"-0.023","0.035"," 0.977","5.01e-01",NA,NA,NA,0.012777782
"CACNB2","Lymphocyte","ASD","Wald ratio",1," 0.031","0.046"," 1.032","5.02e-01",NA,NA,NA,0.015604892
"ZNF282","Lymphocyte","ASD","Wald ratio",1," 0.010","0.015"," 1.010","5.02e-01",NA,NA,NA,0.008845336
"RAX","Lymphocyte","ASD","Wald ratio",1,"-0.030","0.044"," 0.971","5.02e-01",NA,NA,NA,0.009391241
"GMDS","Lymphocyte","ASD","Inverse variance weighted",4,"-0.013","0.020"," 0.987","5.02e-01",0.012967442,0.021393584,0.678853289,0.010384704
"ERN1","Lymphocyte","ASD","Wald ratio",1," 0.014","0.022"," 1.015","5.03e-01",NA,NA,NA,0.012093787
"WDR65","Lymphocyte","ASD","Wald ratio",1," 0.034","0.050"," 1.034","5.03e-01",NA,NA,NA,0.012982431
"RALB","Lymphocyte","ASD","Wald ratio",1," 0.024","0.036"," 1.024","5.03e-01",NA,NA,NA,0.01369776
"RRBP1","Lymphocyte","ASD","Wald ratio",1," 0.011","0.017"," 1.011","5.03e-01",NA,NA,NA,0.008772803
"BFSP1","Lymphocyte","ASD","Wald ratio",1," 0.136","0.203"," 1.145","5.03e-01",NA,NA,NA,0.008768901
"MIR138-2","Lymphocyte","ASD","Wald ratio",1,"-0.013","0.019"," 0.987","5.03e-01",NA,NA,NA,0.008590041
"SLC12A3","Lymphocyte","ASD","Wald ratio",1,"-0.010","0.015"," 0.990","5.03e-01",NA,NA,NA,0.008590041
"OSBPL6","Lymphocyte","ASD","Wald ratio",1,"-0.014","0.021"," 0.986","5.04e-01",NA,NA,NA,0.010941632
"ASTN1","Lymphocyte","ASD","Wald ratio",1,"-0.036","0.054"," 0.964","5.04e-01",NA,NA,NA,0.012738155
"RHBDD1","Lymphocyte","ASD","Wald ratio",1," 0.043","0.064"," 1.044","5.04e-01",NA,NA,NA,0.01130233
"DOCK2","Lymphocyte","ASD","Inverse variance weighted",2," 0.008","0.012"," 1.008","5.04e-01",NA,0.797262481,NA,0.010814128
"DLC1","Lymphocyte","ASD","Weighted median",4,"-0.008","0.012"," 0.992","5.04e-01",0.307082224,0.4958267,0.893742599,0.007747126
"SPATA17","Lymphocyte","ASD","Wald ratio",1,"-0.016","0.024"," 0.984","5.05e-01",NA,NA,NA,0.008698299
"LDOC1L","Lymphocyte","ASD","Wald ratio",1,"-0.019","0.029"," 0.981","5.05e-01",NA,NA,NA,0.008698299
"CASR","Lymphocyte","ASD","Wald ratio",1,"-0.024","0.036"," 0.976","5.05e-01",NA,NA,NA,0.0088802
"PRLR","Lymphocyte","ASD","Wald ratio",1,"-0.032","0.048"," 0.968","5.05e-01",NA,NA,NA,0.01104913
"FZD3","Lymphocyte","ASD","Wald ratio",1," 0.464","0.697"," 1.591","5.05e-01",NA,NA,NA,0.013197102
"MYOF","Lymphocyte","ASD","Inverse variance weighted",2," 0.018","0.027"," 1.018","5.05e-01",NA,0.189478966,NA,0.019648402
"GNAL","Lymphocyte","ASD","Wald ratio",1,"-0.030","0.044"," 0.971","5.06e-01",NA,NA,NA,0.013482321
"GNAL","Lymphocyte","ASD","Wald ratio",1,"-0.108","0.162"," 0.898","5.06e-01",NA,NA,NA,0.013482292
"TSKU","Lymphocyte","ASD","Wald ratio",1,"-0.021","0.031"," 0.980","5.06e-01",NA,NA,NA,0.011339019
"TMTC1","Lymphocyte","ASD","Wald ratio",1,"-0.018","0.027"," 0.982","5.06e-01",NA,NA,NA,0.008806572
"PDCD6IP","Lymphocyte","ASD","Wald ratio",1," 0.011","0.017"," 1.011","5.06e-01",NA,NA,NA,0.009892729
"PCBP3","Lymphocyte","ASD","Wald ratio",1,"-0.011","0.017"," 0.989","5.06e-01",NA,NA,NA,0.009349467
"PCBP3","Lymphocyte","ASD","Wald ratio",1,"-0.012","0.019"," 0.988","5.06e-01",NA,NA,NA,0.009349467
"PSD3","Lymphocyte","ASD","Inverse variance weighted",2," 0.010","0.015"," 1.010","5.06e-01",NA,0.28460115,NA,0.00769703
"C9orf135","Lymphocyte","ASD","Wald ratio",1,"-0.023","0.035"," 0.977","5.07e-01",NA,NA,NA,0.012339972
"PBX1","Lymphocyte","ASD","Inverse variance weighted",2,"-0.009","0.014"," 0.991","5.07e-01",NA,0.50278207,NA,0.009048724
"PRKCA","Lymphocyte","ASD","Simple mode",4," 0.020","0.026"," 1.020","5.07e-01",0.396970398,0.313631149,0.321333454,0.044239196
"CTDSPL","Lymphocyte","ASD","Wald ratio",1,"-0.011","0.017"," 0.989","5.08e-01",NA,NA,NA,0.010001848
"VCAN","Lymphocyte","ASD","Wald ratio",1,"-0.020","0.031"," 0.980","5.08e-01",NA,NA,NA,0.009095034
"R3HCC1","Lymphocyte","ASD","Wald ratio",1," 0.026","0.040"," 1.027","5.08e-01",NA,NA,NA,0.008549173
"EMID2","Lymphocyte","ASD","Wald ratio",1,"-0.012","0.018"," 0.988","5.08e-01",NA,NA,NA,0.009093445
"SNN","Lymphocyte","ASD","Wald ratio",1," 0.025","0.037"," 1.025","5.08e-01",NA,NA,NA,0.008728727
"ACVRL1","Lymphocyte","ASD","Wald ratio",1,"-0.012","0.018"," 0.988","5.09e-01",NA,NA,NA,0.01010875
"CUEDC2","Lymphocyte","ASD","Wald ratio",1," 0.014","0.021"," 1.014","5.09e-01",NA,NA,NA,0.012552776
"PRSS3","Lymphocyte","ASD","Wald ratio",1," 0.030","0.045"," 1.030","5.09e-01",NA,NA,NA,0.008840467
"ING2","Lymphocyte","ASD","Wald ratio",1,"-0.619","0.938"," 0.539","5.09e-01",NA,NA,NA,0.012012855
"ZNF239","Lymphocyte","ASD","Wald ratio",1," 0.013","0.020"," 1.013","5.10e-01",NA,NA,NA,0.008474694
"PID1","Lymphocyte","ASD","Wald ratio",1," 0.010","0.015"," 1.010","5.10e-01",NA,NA,NA,0.008471896
"SPRR1B","Lymphocyte","ANXIETY","Wald ratio",1," 0.024","0.037"," 1.025","5.10e-01",NA,NA,NA,0.009079142
"CDK6","Lymphocyte","ASD","Wald ratio",1," 0.021","0.032"," 1.021","5.10e-01",NA,NA,NA,0.014008957
"MRPL15","Lymphocyte","ASD","Wald ratio",1," 0.794","1.206"," 2.212","5.11e-01",NA,NA,NA,0.011763546
"PDE1B","Lymphocyte","ASD","Wald ratio",1,"-0.015","0.023"," 0.985","5.11e-01",NA,NA,NA,0.011584603
"IKZF2","Lymphocyte","ASD","Wald ratio",1,"-0.012","0.018"," 0.988","5.11e-01",NA,NA,NA,0.00967115
"BDH1","Lymphocyte","ASD","Inverse variance weighted",2,"-0.012","0.018"," 0.988","5.11e-01",NA,0.263577725,NA,0.008873126
"RAB38","Lymphocyte","ASD","Wald ratio",1,"-0.010","0.015"," 0.990","5.11e-01",NA,NA,NA,0.008762809
"SYCP2L","Lymphocyte","ASD","Wald ratio",1,"-0.028","0.043"," 0.972","5.11e-01",NA,NA,NA,0.010323804
"LOC400804","Lymphocyte","ASD","Wald ratio",1," 0.030","0.046"," 1.031","5.12e-01",NA,NA,NA,0.008874483
"IL20RA","Lymphocyte","ASD","Wald ratio",1," 0.019","0.029"," 1.019","5.12e-01",NA,NA,NA,0.008868355
"RANBP17","Lymphocyte","ASD","Wald ratio",1,"-0.010","0.016"," 0.990","5.12e-01",NA,NA,NA,0.009053263
"WNK2","Lymphocyte","ASD","Wald ratio",1," 0.024","0.037"," 1.024","5.13e-01",NA,NA,NA,0.01215354
"COL16A1","Lymphocyte","ASD","Wald ratio",1," 0.040","0.061"," 1.041","5.13e-01",NA,NA,NA,0.008507834
"chrM3","Lymphocyte","ASD","Wald ratio",1," 0.159","0.243"," 1.173","5.13e-01",NA,NA,NA,0.016806584
"SGPL1","Lymphocyte","ASD","Wald ratio",1,"-0.194","0.297"," 0.824","5.13e-01",NA,NA,NA,0.012262597
"UBASH3B","Lymphocyte","ASD","Wald ratio",1," 0.013","0.020"," 1.013","5.14e-01",NA,NA,NA,0.011904258
"chrM1","Lymphocyte","ASD","Wald ratio",1,"-0.028","0.042"," 0.973","5.14e-01",NA,NA,NA,0.009996679
"PRKCA","Lymphocyte","ASD","Weighted median",4," 0.014","0.022"," 1.014","5.14e-01",0.396970398,0.313631149,0.321333454,0.044239196
"UGGT2","Lymphocyte","ASD","Wald ratio",1," 0.021","0.032"," 1.021","5.14e-01",NA,NA,NA,0.017922551
"NDRG4","Lymphocyte","ASD","Wald ratio",1,"-0.024","0.037"," 0.976","5.14e-01",NA,NA,NA,0.008615798
"LMCD1","Lymphocyte","ASD","Wald ratio",1," 0.016","0.024"," 1.016","5.14e-01",NA,NA,NA,0.008615798
"SH2D4B","Lymphocyte","ASD","Wald ratio",1,"-0.012","0.018"," 0.988","5.14e-01",NA,NA,NA,0.008434287
"PLEKHH1","Lymphocyte","ASD","Wald ratio",1," 0.048","0.074"," 1.050","5.14e-01",NA,NA,NA,0.008434287
"KCNG1","Lymphocyte","ASD","Wald ratio",1," 0.024","0.036"," 1.024","5.14e-01",NA,NA,NA,0.008434287
"SNX18","Lymphocyte","ASD","Wald ratio",1," 0.025","0.038"," 1.025","5.14e-01",NA,NA,NA,0.008434287
"CALML3","Lymphocyte","ASD","Wald ratio",1,"-0.012","0.018"," 0.988","5.15e-01",NA,NA,NA,0.010826388
"NKX2-3","Lymphocyte","ASD","Wald ratio",1,"-0.019","0.030"," 0.981","5.15e-01",NA,NA,NA,0.009270094
"ADAMTS2","Lymphocyte","ANXIETY","Weighted median",5," 0.014","0.021"," 1.014","5.16e-01",NA,NA,NA,0.009079142
"SND1","Lymphocyte","ASD","Wald ratio",1,"-0.052","0.080"," 0.950","5.17e-01",NA,NA,NA,0.008652233
"PLA2G4E","Lymphocyte","ASD","Wald ratio",1,"-0.013","0.021"," 0.987","5.17e-01",NA,NA,NA,0.011864649
"C10orf81","Lymphocyte","ASD","Wald ratio",1,"-0.010","0.015"," 0.990","5.17e-01",NA,NA,NA,0.008650427
"SALL4","Lymphocyte","ASD","Wald ratio",1," 0.014","0.022"," 1.014","5.17e-01",NA,NA,NA,0.008469348
"ATP9A","Lymphocyte","ASD","Wald ratio",1," 0.085","0.131"," 1.089","5.17e-01",NA,NA,NA,0.008469348
"IL1F7","Lymphocyte","ASD","Wald ratio",1," 0.009","0.014"," 1.009","5.17e-01",NA,NA,NA,0.007967787
"LRIG3","Lymphocyte","ASD","Wald ratio",1," 0.020","0.031"," 1.020","5.17e-01",NA,NA,NA,0.01759807
"MERTK","Lymphocyte","ASD","Wald ratio",1," 0.012","0.018"," 1.012","5.18e-01",NA,NA,NA,0.009305432
"SMYD2","Lymphocyte","ASD","Wald ratio",1," 0.014","0.022"," 1.015","5.18e-01",NA,NA,NA,0.008943666
"PXMP3","Lymphocyte","ASD","Wald ratio",1,"-0.143","0.222"," 0.867","5.18e-01",NA,NA,NA,0.008760456
"GPR133","Lymphocyte","ASD","MR Egger",3," 0.058","0.061"," 1.059","5.19e-01",0.470303486,0.355976541,0.431351872,0.009856482
"SPSB4","Lymphocyte","ASD","Wald ratio",1," 0.015","0.023"," 1.015","5.19e-01",NA,NA,NA,0.01353964
"KRT20","Lymphocyte","ASD","Wald ratio",1," 0.018","0.028"," 1.018","5.19e-01",NA,NA,NA,0.010838736
"LOC348840","Lymphocyte","ASD","Wald ratio",1,"-0.027","0.041"," 0.974","5.19e-01",NA,NA,NA,0.009885592
"CARKD","Lymphocyte","ASD","Wald ratio",1,"-0.018","0.028"," 0.982","5.20e-01",NA,NA,NA,0.011826964
"CPS1","Lymphocyte","ASD","Wald ratio",1,"-0.019","0.029"," 0.981","5.21e-01",NA,NA,NA,0.012469352
"NMNAT3","Lymphocyte","ASD","Wald ratio",1,"-0.010","0.015"," 0.991","5.21e-01",NA,NA,NA,0.006140379
"KCNQ1","Lymphocyte","ASD","MR Egger",4,"-0.024","0.031"," 0.976","5.22e-01",0.423905392,0.610479878,0.777642187,0.009952087
"LOC401052","Lymphocyte","ASD","Wald ratio",1," 0.013","0.021"," 1.013","5.22e-01",NA,NA,NA,0.009920274
"PHACTR2","Lymphocyte","ASD","Wald ratio",1," 0.009","0.014"," 1.009","5.22e-01",NA,NA,NA,0.008430376
"CAMK1D","Lymphocyte","ASD","MR Egger",3,"-0.268","0.288"," 0.765","5.23e-01",0.468778339,0.507211209,0.529078478,0.009311703
"C19orf34","Lymphocyte","ASD","Wald ratio",1," 0.010","0.016"," 1.010","5.23e-01",NA,NA,NA,0.008720415
"BTBD2","Lymphocyte","ASD","Wald ratio",1," 0.010","0.015"," 1.010","5.23e-01",NA,NA,NA,0.008720415
"CSNK1G2","Lymphocyte","ASD","Wald ratio",1," 0.009","0.015"," 1.009","5.23e-01",NA,NA,NA,0.008720415
"MAP3K12","Lymphocyte","ASD","Wald ratio",1,"-0.054","0.085"," 0.947","5.23e-01",NA,NA,NA,0.0108545
"PDE1A","Lymphocyte","ASD","Wald ratio",1,"-0.028","0.044"," 0.972","5.23e-01",NA,NA,NA,0.008539431
"STIM2","Lymphocyte","ASD","Wald ratio",1,"-0.047","0.074"," 0.954","5.24e-01",NA,NA,NA,0.008356548
"EPS8L1","Lymphocyte","ASD","Wald ratio",1,"-0.014","0.022"," 0.986","5.24e-01",NA,NA,NA,0.011611319
"C6orf218","Lymphocyte","ASD","Wald ratio",1," 0.063","0.098"," 1.065","5.24e-01",NA,NA,NA,0.010133237
"MYOZ2","Lymphocyte","ASD","Wald ratio",1,"-0.014","0.022"," 0.986","5.25e-01",NA,NA,NA,0.011896137
"ADCY5","Lymphocyte","ASD","Wald ratio",1," 0.025","0.039"," 1.025","5.25e-01",NA,NA,NA,0.009300958
"LY96","Lymphocyte","ASD","Wald ratio",1,"-0.054","0.084"," 0.948","5.25e-01",NA,NA,NA,0.012361905
"SGCE","Lymphocyte","ASD","Wald ratio",1,"-0.010","0.016"," 0.990","5.25e-01",NA,NA,NA,0.008465695
"C4orf43","Lymphocyte","ASD","Wald ratio",1," 0.039","0.061"," 1.039","5.25e-01",NA,NA,NA,0.008465695
"SPON2","Lymphocyte","ASD","Wald ratio",1,"-0.019","0.030"," 0.981","5.25e-01",NA,NA,NA,0.012819832
"POLR1E","Lymphocyte","ASD","Wald ratio",1,"-0.011","0.017"," 0.989","5.25e-01",NA,NA,NA,0.010242817
"UNC5D","Lymphocyte","ASD","Wald ratio",1," 0.020","0.032"," 1.020","5.26e-01",NA,NA,NA,0.013225924
"BARX1","Lymphocyte","ASD","Wald ratio",1," 0.192","0.303"," 1.212","5.26e-01",NA,NA,NA,0.013564842
"ADAP1","Lymphocyte","ASD","Wald ratio",1,"-0.010","0.016"," 0.990","5.27e-01",NA,NA,NA,0.008392988
"CYP2W1","Lymphocyte","ASD","Wald ratio",1,"-0.010","0.015"," 0.990","5.27e-01",NA,NA,NA,0.008392989
"COX19","Lymphocyte","ASD","Wald ratio",1,"-0.012","0.019"," 0.988","5.27e-01",NA,NA,NA,0.008346511
"ZSWIM2","Lymphocyte","ASD","Inverse variance weighted",2,"-0.058","0.091"," 0.944","5.27e-01",NA,0.607484309,NA,0.014205632
"FOXP2","Lymphocyte","ASD","Wald ratio",1,"-0.015","0.024"," 0.985","5.27e-01",NA,NA,NA,0.012572893
"TRPC3","Lymphocyte","ASD","Inverse variance weighted",2,"-0.008","0.013"," 0.992","5.27e-01",NA,0.934892435,NA,0.008799797
"CD1A","Lymphocyte","ASD","Wald ratio",1," 0.010","0.016"," 1.010","5.27e-01",NA,NA,NA,0.008864098
"MTSS1","Lymphocyte","ASD","Wald ratio",1," 0.010","0.016"," 1.010","5.27e-01",NA,NA,NA,0.009336326
"FAM198A","Lymphocyte","ASD","Wald ratio",1,"-0.017","0.027"," 0.983","5.27e-01",NA,NA,NA,0.011570757
"TRABD","Lymphocyte","ASD","Wald ratio",1," 0.115","0.182"," 1.122","5.28e-01",NA,NA,NA,0.009627065
"SHH","Lymphocyte","ASD","Wald ratio",1,"-0.063","0.100"," 0.939","5.28e-01",NA,NA,NA,0.009624848
"PANX2","Lymphocyte","ASD","Wald ratio",1," 0.017","0.027"," 1.017","5.28e-01",NA,NA,NA,0.009627102
"NTRK1","Lymphocyte","ASD","Wald ratio",1," 0.017","0.026"," 1.017","5.28e-01",NA,NA,NA,0.010744535
"PEAR1","Lymphocyte","ASD","Wald ratio",1," 0.078","0.123"," 1.081","5.28e-01",NA,NA,NA,0.010744535
"CTHRC1","Lymphocyte","ASD","Wald ratio",1,"-0.025","0.040"," 0.975","5.29e-01",NA,NA,NA,0.008318416
"BCR","Lymphocyte","ASD","Wald ratio",1," 0.018","0.029"," 1.018","5.29e-01",NA,NA,NA,0.009265224
"TSPAN33","Lymphocyte","ASD","Wald ratio",1," 0.014","0.022"," 1.014","5.29e-01",NA,NA,NA,0.008947815
"NEBL","Lymphocyte","ASD","Wald ratio",1,"-0.009","0.015"," 0.991","5.29e-01",NA,NA,NA,0.00861009
"ADAMTS16","Lymphocyte","ASD","Inverse variance weighted",2," 0.016","0.026"," 1.016","5.30e-01",NA,0.051664392,NA,0.007110294
"ZDHHC14","Lymphocyte","ASD","Inverse variance weighted",2," 0.013","0.021"," 1.013","5.31e-01",NA,0.126135242,NA,0.011685066
"FAM108B1","Lymphocyte","ASD","Wald ratio",1,"-0.035","0.057"," 0.965","5.31e-01",NA,NA,NA,0.012750095
"BCL6","Lymphocyte","ASD","Wald ratio",1,"-0.010","0.016"," 0.990","5.31e-01",NA,NA,NA,0.008827323
"KATNAL2","Lymphocyte","ASD","Wald ratio",1," 0.009","0.015"," 1.009","5.31e-01",NA,NA,NA,0.00835428
"PIAS2","Lymphocyte","ASD","Wald ratio",1," 0.011","0.018"," 1.011","5.31e-01",NA,NA,NA,0.00835428
"USP44","Lymphocyte","ASD","Wald ratio",1,"-0.014","0.022"," 0.986","5.32e-01",NA,NA,NA,0.012107676
"IGF1R","Lymphocyte","ASD","MR Egger",3,"-0.165","0.182"," 0.848","5.32e-01",0.108095485,0.096762831,0.533638811,0.013199262
"HECW1","Lymphocyte","ASD","Inverse variance weighted",2," 0.020","0.032"," 1.020","5.32e-01",NA,0.240378394,NA,0.032793649
"PDLIM1","Lymphocyte","ASD","Wald ratio",1," 0.018","0.028"," 1.018","5.32e-01",NA,NA,NA,0.013142607
"IL21R","Lymphocyte","ASD","Wald ratio",1,"-0.310","0.497"," 0.733","5.32e-01",NA,NA,NA,0.008938007
"SLC38A10","Lymphocyte","ASD","Wald ratio",1," 0.017","0.027"," 1.017","5.33e-01",NA,NA,NA,0.008463668
"AATK","Lymphocyte","ASD","Wald ratio",1," 0.055","0.088"," 1.057","5.33e-01",NA,NA,NA,0.008463668
"AZI1","Lymphocyte","ASD","Wald ratio",1," 0.010","0.016"," 1.010","5.33e-01",NA,NA,NA,0.008463668
"SUGT1L1","Lymphocyte","ASD","Wald ratio",1," 0.012","0.019"," 1.012","5.33e-01",NA,NA,NA,0.008935613
"RASA2","Lymphocyte","ASD","Wald ratio",1,"-0.189","0.304"," 0.827","5.33e-01",NA,NA,NA,0.01851522
"USP14","Lymphocyte","ASD","Wald ratio",1,"-0.014","0.022"," 0.986","5.34e-01",NA,NA,NA,0.00980721
"CAPZB","Lymphocyte","ASD","Wald ratio",1," 0.015","0.024"," 1.015","5.34e-01",NA,NA,NA,0.009336819
"FAM13C","Lymphocyte","ASD","Wald ratio",1," 0.016","0.025"," 1.016","5.35e-01",NA,NA,NA,0.011319726
"PDE4D","Lymphocyte","ASD","Simple mode",3," 0.047","0.063"," 1.048","5.35e-01",0.79140985,0.796069049,0.64601654,0.005463068
"GSTM5","Lymphocyte","ASD","Wald ratio",1,"-0.039","0.063"," 0.962","5.35e-01",NA,NA,NA,0.008974057
"CCDC102B","Lymphocyte","ASD","Wald ratio",1," 0.017","0.028"," 1.017","5.35e-01",NA,NA,NA,0.011426853
"RTL1","Lymphocyte","ASD","Wald ratio",1," 0.009","0.015"," 1.009","5.36e-01",NA,NA,NA,0.008499826
"RNF6","Lymphocyte","ASD","Wald ratio",1,"-0.019","0.030"," 0.981","5.36e-01",NA,NA,NA,0.009733637
"VNN2","Lymphocyte","ASD","Wald ratio",1,"-0.213","0.344"," 0.808","5.36e-01",NA,NA,NA,0.009261684
"C6orf174","Lymphocyte","ASD","Inverse variance weighted",2,"-0.012","0.020"," 0.988","5.36e-01",NA,0.233446751,NA,0.015491732
"CYP7B1","Lymphocyte","ASD","Wald ratio",1," 0.012","0.019"," 1.012","5.36e-01",NA,NA,NA,0.008319339
"BSND","Lymphocyte","ASD","Wald ratio",1," 0.010","0.016"," 1.010","5.36e-01",NA,NA,NA,0.00831935
"TBC1D9B","Lymphocyte","ASD","Wald ratio",1," 0.010","0.016"," 1.010","5.36e-01",NA,NA,NA,0.008317142
"BRUNOL4","Lymphocyte","ASD","Inverse variance weighted",2," 0.017","0.028"," 1.018","5.37e-01",NA,0.382880326,NA,0.007238163
"RNF219","Lymphocyte","ASD","Wald ratio",1,"-0.091","0.147"," 0.913","5.37e-01",NA,NA,NA,0.009192435
"NAV1","Lymphocyte","ASD","Simple mode",3," 0.036","0.049"," 1.036","5.37e-01",0.994953658,0.983526486,0.885292502,0.019189865
"WISP2","Lymphocyte","ASD","Wald ratio",1," 0.054","0.088"," 1.056","5.38e-01",NA,NA,NA,0.010707823
"TG","Lymphocyte","ASD","Wald ratio",1,"-0.018","0.029"," 0.983","5.39e-01",NA,NA,NA,0.012143166
"C9orf5","Lymphocyte","ASD","Wald ratio",1,"-0.024","0.039"," 0.976","5.39e-01",NA,NA,NA,0.009119567
"CARS","Lymphocyte","ASD","Wald ratio",1," 0.278","0.452"," 1.320","5.39e-01",NA,NA,NA,0.008355791
"NRXN3","Lymphocyte","ASD","Wald ratio",1,"-0.012","0.019"," 0.989","5.39e-01",NA,NA,NA,0.008276286
"CTDP1","Lymphocyte","ASD","Wald ratio",1,"-0.025","0.041"," 0.975","5.40e-01",NA,NA,NA,0.008463205
"MYO16","Lymphocyte","ASD","Wald ratio",1," 0.013","0.021"," 1.013","5.40e-01",NA,NA,NA,0.011605728
"ODZ3","Lymphocyte","ASD","MR Egger",3,"-0.259","0.294"," 0.772","5.40e-01",0.608320491,0.570243988,0.523842397,0.018259267
"SNRPN","Lymphocyte","ASD","Wald ratio",1,"-0.017","0.028"," 0.983","5.41e-01",NA,NA,NA,0.008283388
"ENGASE","Lymphocyte","ASD","Wald ratio",1," 0.021","0.035"," 1.021","5.41e-01",NA,NA,NA,0.009915453
"IGF1R","Lymphocyte","ASD","Weighted mode",3,"-0.016","0.022"," 0.984","5.42e-01",0.108095485,0.096762831,0.533638811,0.013199262
"C15orf29","Lymphocyte","ASD","Wald ratio",1," 0.009","0.014"," 1.009","5.42e-01",NA,NA,NA,0.008392368
"AQP4","Lymphocyte","ASD","Wald ratio",1," 0.074","0.121"," 1.076","5.42e-01",NA,NA,NA,0.013425678
"HS6ST1","Lymphocyte","ASD","Wald ratio",1," 0.009","0.015"," 1.009","5.42e-01",NA,NA,NA,0.008390282
"PADI4","Lymphocyte","ASD","Wald ratio",1,"-0.016","0.026"," 0.984","5.42e-01",NA,NA,NA,0.013708208
"BICD1","Lymphocyte","ASD","Wald ratio",1,"-0.045","0.073"," 0.956","5.42e-01",NA,NA,NA,0.010022476
"ST6GALNAC3","Lymphocyte","ASD","MR Egger",3,"-0.036","0.041"," 0.965","5.43e-01",0.370493444,0.545754919,0.637718671,0.019542782
"HEATR3","Lymphocyte","ASD","Wald ratio",1," 0.013","0.022"," 1.013","5.43e-01",NA,NA,NA,0.009081098
"GREB1","Lymphocyte","ASD","Inverse variance weighted",2,"-0.010","0.016"," 0.990","5.44e-01",NA,0.855774408,NA,0.01009864
"C15orf2","Lymphocyte","ASD","Wald ratio",1," 0.014","0.022"," 1.014","5.44e-01",NA,NA,NA,0.012143004
"GULP1","Lymphocyte","ASD","Wald ratio",1,"-0.100","0.165"," 0.905","5.44e-01",NA,NA,NA,0.010817692
"CTSD","Lymphocyte","ASD","Wald ratio",1," 0.052","0.086"," 1.053","5.44e-01",NA,NA,NA,0.009768299
"OSGIN1","Lymphocyte","ASD","Wald ratio",1," 0.018","0.029"," 1.018","5.45e-01",NA,NA,NA,0.008429306
"DFNB31","Lymphocyte","ASD","Wald ratio",1,"-0.012","0.019"," 0.988","5.45e-01",NA,NA,NA,0.008429306
"DFNB31","Lymphocyte","ASD","Wald ratio",1,"-0.020","0.033"," 0.980","5.45e-01",NA,NA,NA,0.008429306
"FBXO18","Lymphocyte","ASD","Wald ratio",1," 0.011","0.018"," 1.011","5.45e-01",NA,NA,NA,0.008719443
"GABRG1","Lymphocyte","ASD","Wald ratio",1," 0.016","0.027"," 1.016","5.45e-01",NA,NA,NA,0.009589426
"BAI3","Lymphocyte","ASD","Wald ratio",1,"-0.009","0.015"," 0.991","5.45e-01",NA,NA,NA,0.008247993
"COL5A1","Lymphocyte","ASD","Inverse variance weighted",2," 0.008","0.013"," 1.008","5.45e-01",NA,0.988236878,NA,0.008398263
"AMBP","Lymphocyte","ASD","Wald ratio",1," 0.043","0.071"," 1.044","5.46e-01",NA,NA,NA,0.011034633
"AJAP1","Lymphocyte","ASD","Weighted mode",3,"-0.015","0.021"," 0.985","5.46e-01",0.391500873,0.141824083,0.325700636,0.027650056
"ZNF264","Lymphocyte","ASD","Wald ratio",1," 0.012","0.019"," 1.012","5.46e-01",NA,NA,NA,0.010564984
"TMEM20","Lymphocyte","ASD","Wald ratio",1," 0.293","0.486"," 1.340","5.47e-01",NA,NA,NA,0.008354464
"LOC650368","Lymphocyte","ASD","Wald ratio",1," 0.014","0.022"," 1.014","5.47e-01",NA,NA,NA,0.012964911
"ARHGAP28","Lymphocyte","ASD","Wald ratio",1,"-0.011","0.018"," 0.989","5.48e-01",NA,NA,NA,0.010204026
"A2BP1","Lymphocyte","ASD","Inverse variance weighted",2,"-0.011","0.019"," 0.989","5.48e-01",NA,0.46565825,NA,0.015377009
"WDR1","Lymphocyte","ASD","Wald ratio",1,"-0.018","0.029"," 0.983","5.48e-01",NA,NA,NA,0.013255811
"P2RX6P","Lymphocyte","ASD","Wald ratio",1,"-0.014","0.024"," 0.986","5.49e-01",NA,NA,NA,0.010041685
"NCRNA00173","Lymphocyte","ASD","Wald ratio",1,"-0.077","0.128"," 0.926","5.49e-01",NA,NA,NA,0.016933332
"CAMTA1","Lymphocyte","ASD","Weighted median",3,"-0.008","0.013"," 0.993","5.50e-01",0.986333946,0.991687514,0.91891164,0.007747305
"PLB1","Lymphocyte","ASD","Wald ratio",1," 0.027","0.045"," 1.027","5.50e-01",NA,NA,NA,0.008212799
"TTC39A","Lymphocyte","ASD","Wald ratio",1,"-0.067","0.112"," 0.936","5.51e-01",NA,NA,NA,0.014558786
"C2orf27A","Lymphocyte","ASD","Wald ratio",1," 0.013","0.022"," 1.013","5.51e-01",NA,NA,NA,0.011034482
"LASS6","Lymphocyte","ASD","Wald ratio",1,"-0.012","0.020"," 0.988","5.51e-01",NA,NA,NA,0.010171878
"C1orf127","Lymphocyte","ASD","Wald ratio",1," 0.018","0.031"," 1.018","5.52e-01",NA,NA,NA,0.009591289
"C1orf94","Lymphocyte","ASD","Wald ratio",1," 0.050","0.084"," 1.051","5.52e-01",NA,NA,NA,0.009591289
"PDS5A","Lymphocyte","ASD","Wald ratio",1,"-0.010","0.017"," 0.990","5.52e-01",NA,NA,NA,0.008620446
"CD180","Lymphocyte","ASD","Wald ratio",1," 0.028","0.047"," 1.028","5.52e-01",NA,NA,NA,0.01561224
"FIBIN","Lymphocyte","ASD","Wald ratio",1," 0.030","0.051"," 1.031","5.52e-01",NA,NA,NA,0.008140303
"LGR6","Lymphocyte","ASD","Wald ratio",1," 0.016","0.028"," 1.017","5.52e-01",NA,NA,NA,0.008429121
"SPIB","Lymphocyte","ASD","Wald ratio",1," 0.041","0.069"," 1.042","5.53e-01",NA,NA,NA,0.014027935
"TSPAN18","Lymphocyte","ASD","Wald ratio",1," 0.011","0.019"," 1.011","5.53e-01",NA,NA,NA,0.008031464
"RASSF6","Lymphocyte","ASD","Wald ratio",1,"-0.014","0.024"," 0.986","5.53e-01",NA,NA,NA,0.008250298
"EBPL","Lymphocyte","ASD","Wald ratio",1,"-0.307","0.519"," 0.735","5.53e-01",NA,NA,NA,0.008247234
"GALNTL4","Lymphocyte","ASD","Inverse variance weighted",2," 0.014","0.024"," 1.014","5.54e-01",NA,0.921376057,NA,0.007413145
"FAM160A2","Lymphocyte","ASD","Wald ratio",1," 0.020","0.034"," 1.020","5.54e-01",NA,NA,NA,0.018723414
"LDLRAD3","Lymphocyte","ASD","MR Egger",3,"-0.024","0.029"," 0.976","5.54e-01",0.841908679,0.890666851,0.737218207,0.020877134
"TMEM18","Lymphocyte","ASD","Wald ratio",1," 0.019","0.033"," 1.019","5.55e-01",NA,NA,NA,0.012540746
"ZBTB17","Lymphocyte","ASD","Wald ratio",1,"-0.027","0.046"," 0.973","5.55e-01",NA,NA,NA,0.013783502
"MCF2L2","Lymphocyte","ASD","Wald ratio",1,"-0.122","0.207"," 0.885","5.55e-01",NA,NA,NA,0.008177955
"CYB561","Lymphocyte","ASD","Wald ratio",1," 0.009","0.016"," 1.009","5.55e-01",NA,NA,NA,0.007776487
"CTAGE5","Lymphocyte","ASD","Wald ratio",1,"-0.020","0.034"," 0.980","5.55e-01",NA,NA,NA,0.015123021
"RFC1","Lymphocyte","ASD","Wald ratio",1," 0.189","0.321"," 1.208","5.56e-01",NA,NA,NA,0.008863813
"APLP2","Lymphocyte","ASD","Inverse variance weighted",2," 0.015","0.025"," 1.015","5.56e-01",NA,0.462769062,NA,0.02331861
"MBP","Lymphocyte","ASD","MR Egger",3," 0.044","0.053"," 1.045","5.57e-01",0.926942495,0.659348226,0.53064677,0.011419996
"ALOX15B","Lymphocyte","ASD","Wald ratio",1," 0.011","0.019"," 1.011","5.57e-01",NA,NA,NA,0.008103783
"RGS9","Lymphocyte","ASD","Wald ratio",1,"-0.016","0.027"," 0.984","5.58e-01",NA,NA,NA,0.014703438
"ACCN1","Lymphocyte","ASD","Weighted mode",3,"-0.010","0.014"," 0.990","5.58e-01",0.514696395,0.783429233,0.842680696,0.007807848
"L1TD1","Lymphocyte","ASD","Wald ratio",1," 0.011","0.019"," 1.011","5.58e-01",NA,NA,NA,0.009195851
"C1orf83","Lymphocyte","ASD","Wald ratio",1,"-0.014","0.023"," 0.986","5.58e-01",NA,NA,NA,0.008616508
"FHL2","Lymphocyte","ASD","Inverse variance weighted",2,"-0.039","0.066"," 0.962","5.59e-01",NA,0.007777439,NA,0.029109513
"FIGNL2","Lymphocyte","ASD","Wald ratio",1," 0.014","0.023"," 1.014","5.59e-01",NA,NA,NA,0.009413685
"SCN8A","Lymphocyte","ASD","Wald ratio",1," 0.011","0.018"," 1.011","5.59e-01",NA,NA,NA,0.007559526
"ARRDC4","Lymphocyte","ASD","Wald ratio",1," 0.017","0.030"," 1.018","5.60e-01",NA,NA,NA,0.015544789
"DNMT3B","Lymphocyte","ASD","Wald ratio",1,"-0.060","0.102"," 0.942","5.60e-01",NA,NA,NA,0.008143685
"COMMD7","Lymphocyte","ASD","Wald ratio",1,"-0.026","0.045"," 0.974","5.60e-01",NA,NA,NA,0.008143685
"TRPM7","Lymphocyte","ASD","Wald ratio",1," 0.009","0.016"," 1.010","5.60e-01",NA,NA,NA,0.008141795
"NTF3","Lymphocyte","ASD","Inverse variance weighted",2," 0.019","0.032"," 1.019","5.61e-01",NA,0.396583687,NA,0.016254633
"UTRN","Lymphocyte","ASD","Wald ratio",1," 0.028","0.049"," 1.029","5.62e-01",NA,NA,NA,0.008071655
"MGC23270","Lymphocyte","ASD","Wald ratio",1,"-0.016","0.027"," 0.985","5.62e-01",NA,NA,NA,0.010934602
"MGAT5","Lymphocyte","ASD","Wald ratio",1," 0.015","0.026"," 1.015","5.62e-01",NA,NA,NA,0.014144437
"LOC151162","Lymphocyte","ASD","Wald ratio",1," 0.016","0.027"," 1.016","5.62e-01",NA,NA,NA,0.014144437
"C14orf106","Lymphocyte","ASD","Wald ratio",1,"-3.440","5.940"," 0.032","5.62e-01",NA,NA,NA,0.017013901
"RCCD1","Lymphocyte","ASD","Wald ratio",1,"-0.058","0.100"," 0.944","5.63e-01",NA,NA,NA,0.008872273
"HDDC3","Lymphocyte","ASD","Wald ratio",1,"-0.009","0.016"," 0.991","5.63e-01",NA,NA,NA,0.008872273
"HRNBP3","Lymphocyte","ASD","Simple mode",3,"-0.011","0.016"," 0.989","5.63e-01",0.395566858,0.632620476,0.735869528,0.009915742
"MYO3B","Lymphocyte","ASD","Simple mode",3," 0.023","0.033"," 1.023","5.63e-01",0.016854987,0.054119114,0.907712976,0.023918958
"COG4","Lymphocyte","ASD","Wald ratio",1,"-0.008","0.014"," 0.992","5.63e-01",NA,NA,NA,0.008179989
"FOXN3","Lymphocyte","ASD","Simple mode",4," 0.016","0.024"," 1.016","5.63e-01",0.096309695,0.151929316,0.66119647,0.052480648
"ARHGEF10","Lymphocyte","ASD","Weighted median",3,"-0.007","0.013"," 0.993","5.63e-01",0.513056195,0.763987478,0.795625341,0.007696647
"C6orf225","Lymphocyte","ASD","Wald ratio",1,"-0.474","0.821"," 0.623","5.64e-01",NA,NA,NA,0.009091095
"CCDC163P","Lymphocyte","ASD","Wald ratio",1,"-0.014","0.025"," 0.986","5.65e-01",NA,NA,NA,0.008399206
"CCDC163P","Lymphocyte","ASD","Wald ratio",1,"-0.120","0.209"," 0.887","5.65e-01",NA,NA,NA,0.008399206
"NAV1","Lymphocyte","ASD","MR Egger",3," 0.044","0.054"," 1.045","5.65e-01",0.994953658,0.983526486,0.885292502,0.019189865
"LAMA5","Lymphocyte","ASD","Wald ratio",1," 0.018","0.030"," 1.018","5.65e-01",NA,NA,NA,0.008109982
"OSBPL2","Lymphocyte","ASD","Wald ratio",1," 0.008","0.015"," 1.009","5.65e-01",NA,NA,NA,0.008109982
"TP63","Lymphocyte","ASD","Wald ratio",1," 0.013","0.023"," 1.013","5.65e-01",NA,NA,NA,0.008109982
"GORASP2","Lymphocyte","ASD","Wald ratio",1," 0.010","0.017"," 1.010","5.65e-01",NA,NA,NA,0.008512017
"C4orf22","Lymphocyte","ASD","Wald ratio",1," 0.014","0.024"," 1.014","5.65e-01",NA,NA,NA,0.00891049
"CLN6","Lymphocyte","ASD","Wald ratio",1," 0.068","0.118"," 1.070","5.66e-01",NA,NA,NA,0.008220214
"SLC25A13","Lymphocyte","ASD","Wald ratio",1,"-0.009","0.015"," 0.991","5.66e-01",NA,NA,NA,0.008621516
"RPS6KA2","Lymphocyte","ASD","MR Egger",7,"-0.029","0.047"," 0.971","5.66e-01",0.04052281,0.041802741,0.462679978,0.051213947
"SPATA6","Lymphocyte","ASD","Wald ratio",1," 0.030","0.052"," 1.030","5.67e-01",NA,NA,NA,0.010721128
"TIAM2","Lymphocyte","ASD","Wald ratio",1,"-0.011","0.019"," 0.989","5.67e-01",NA,NA,NA,0.008622118
"LILRA3","Lymphocyte","ASD","Wald ratio",1,"-0.010","0.017"," 0.990","5.68e-01",NA,NA,NA,0.009749021
"SHFM1","Lymphocyte","ASD","Wald ratio",1,"-0.015","0.025"," 0.986","5.68e-01",NA,NA,NA,0.008148484
"QSOX1","Lymphocyte","ASD","Wald ratio",1,"-0.011","0.019"," 0.989","5.68e-01",NA,NA,NA,0.009349668
"GP5","Lymphocyte","ASD","Wald ratio",1,"-0.014","0.024"," 0.986","5.68e-01",NA,NA,NA,0.01173079
"NAT2","Lymphocyte","ASD","Wald ratio",1,"-0.009","0.016"," 0.991","5.68e-01",NA,NA,NA,0.008949702
"PRKCA","Lymphocyte","ASD","Weighted mode",4," 0.015","0.023"," 1.015","5.68e-01",0.396970398,0.313631149,0.321333454,0.044239196
"SIM1","Lymphocyte","ASD","Wald ratio",1," 0.024","0.042"," 1.024","5.68e-01",NA,NA,NA,0.011048164
"MSRB3","Lymphocyte","ASD","Wald ratio",1,"-0.021","0.037"," 0.979","5.69e-01",NA,NA,NA,0.008657435
"MIR1208","Lymphocyte","ASD","Wald ratio",1,"-0.018","0.031"," 0.982","5.69e-01",NA,NA,NA,0.014398416
"CDO1","Lymphocyte","ASD","Wald ratio",1," 0.011","0.019"," 1.011","5.69e-01",NA,NA,NA,0.008326286
"ATG12","Lymphocyte","ASD","Wald ratio",1," 0.024","0.042"," 1.024","5.69e-01",NA,NA,NA,0.00836659
"CPN2","Lymphocyte","ASD","Wald ratio",1," 0.033","0.059"," 1.034","5.70e-01",NA,NA,NA,0.00887737
"IBTK","Lymphocyte","ASD","Wald ratio",1,"-0.027","0.048"," 0.973","5.70e-01",NA,NA,NA,0.009787374
"SCIN","Lymphocyte","ASD","Wald ratio",1,"-0.219","0.386"," 0.803","5.70e-01",NA,NA,NA,0.008076054
"SLC7A2","Lymphocyte","ASD","Wald ratio",1," 0.054","0.095"," 1.056","5.70e-01",NA,NA,NA,0.008076054
"BCHE","Lymphocyte","ASD","Wald ratio",1,"-0.020","0.035"," 0.981","5.70e-01",NA,NA,NA,0.012269901
"PHLDB3","Lymphocyte","ASD","Wald ratio",1," 0.017","0.029"," 1.017","5.70e-01",NA,NA,NA,0.010184102
"RRAGA","Lymphocyte","ASD","Wald ratio",1," 0.033","0.059"," 1.034","5.70e-01",NA,NA,NA,0.008187157
"ASPH","Lymphocyte","ASD","Wald ratio",1,"-0.024","0.042"," 0.976","5.71e-01",NA,NA,NA,0.013658996
"LCMT1","Lymphocyte","ASD","Wald ratio",1,"-0.009","0.016"," 0.991","5.71e-01",NA,NA,NA,0.009097543
"ASB18","Lymphocyte","ASD","Wald ratio",1," 0.075","0.133"," 1.078","5.71e-01",NA,NA,NA,0.010005052
"LDHD","Lymphocyte","ASD","Wald ratio",1,"-0.017","0.030"," 0.983","5.71e-01",NA,NA,NA,0.011696555
"PITRM1","Lymphocyte","ASD","Wald ratio",1,"-0.233","0.411"," 0.793","5.71e-01",NA,NA,NA,0.008808068
"SLC47A2","Lymphocyte","ASD","Wald ratio",1," 0.009","0.017"," 1.009","5.72e-01",NA,NA,NA,0.008407665
"ITM2C","Lymphocyte","ASD","MR Egger",3," 0.037","0.047"," 1.038","5.72e-01",0.114715795,0.28794805,0.982282429,0.128793252
"DENND1A","Lymphocyte","ASD","Wald ratio",1," 0.017","0.030"," 1.017","5.72e-01",NA,NA,NA,0.011914423
"CRB2","Lymphocyte","ASD","Wald ratio",1," 0.013","0.023"," 1.013","5.72e-01",NA,NA,NA,0.011914423
"KIF7","Lymphocyte","ASD","Wald ratio",1,"-0.009","0.016"," 0.991","5.72e-01",NA,NA,NA,0.008517854
"LOC389333","Lymphocyte","ASD","Wald ratio",1," 0.512","0.906"," 1.668","5.72e-01",NA,NA,NA,0.008916116
"REM2","Lymphocyte","ASD","Wald ratio",1,"-0.011","0.020"," 0.989","5.73e-01",NA,NA,NA,0.008114883
"PPP2R5A","Lymphocyte","ASD","Wald ratio",1," 0.014","0.024"," 1.014","5.73e-01",NA,NA,NA,0.008224709
"PTPRO","Lymphocyte","ASD","Wald ratio",1," 0.010","0.018"," 1.010","5.74e-01",NA,NA,NA,0.008844904
"ISG20","Lymphocyte","ASD","Wald ratio",1," 0.019","0.033"," 1.019","5.74e-01",NA,NA,NA,0.010768436
"LSAMP","Lymphocyte","ASD","Simple mode",4," 0.024","0.038"," 1.024","5.75e-01",0.043495664,0.078658977,0.721611214,0.009854196
"EYA1","Lymphocyte","ASD","Wald ratio",1,"-0.011","0.020"," 0.989","5.75e-01",NA,NA,NA,0.010080906
"LIPC","Lymphocyte","ASD","Wald ratio",1,"-0.026","0.047"," 0.974","5.76e-01",NA,NA,NA,0.01148708
"ADAM10","Lymphocyte","ASD","Wald ratio",1,"-0.012","0.021"," 0.988","5.76e-01",NA,NA,NA,0.011486935
"FFAR1","Lymphocyte","ASD","Wald ratio",1," 0.022","0.040"," 1.023","5.76e-01",NA,NA,NA,0.00916201
"IGF1R","Lymphocyte","ASD","Weighted median",3,"-0.012","0.021"," 0.988","5.76e-01",0.108095485,0.096762831,0.533638811,0.013199262
"KLHL31","Lymphocyte","ASD","Wald ratio",1,"-0.009","0.017"," 0.991","5.76e-01",NA,NA,NA,0.008773797
"C1QTNF6","Lymphocyte","ASD","Wald ratio",1,"-0.010","0.019"," 0.990","5.76e-01",NA,NA,NA,0.010299714
"PLXNA4","Lymphocyte","ASD","Inverse variance weighted",2,"-0.022","0.039"," 0.978","5.77e-01",NA,0.017447606,NA,0.279547823
"MAL2","Lymphocyte","ASD","Wald ratio",1,"-0.015","0.028"," 0.985","5.77e-01",NA,NA,NA,0.010409011
"ROR2","Lymphocyte","ASD","Inverse variance weighted",2,"-0.010","0.018"," 0.990","5.77e-01",NA,0.186409653,NA,0.007868833
"NXN","Lymphocyte","ASD","MR Egger",4,"-0.025","0.039"," 0.975","5.77e-01",0.118646408,0.16475781,0.595335965,0.015325521
"LYST","Lymphocyte","ASD","Wald ratio",1," 0.089","0.159"," 1.093","5.77e-01",NA,NA,NA,0.008083386
"MOCS2","Lymphocyte","ASD","Wald ratio",1,"-0.195","0.350"," 0.823","5.77e-01",NA,NA,NA,0.015887195
"FSTL4","Lymphocyte","ASD","Wald ratio",1,"-0.019","0.035"," 0.981","5.78e-01",NA,NA,NA,0.008193794
"FGF12","Lymphocyte","ASD","Weighted mode",3," 0.008","0.012"," 1.008","5.79e-01",0.08642515,0.048412734,0.490720384,0.022816576
"TET1","Lymphocyte","ASD","Wald ratio",1,"-0.104","0.188"," 0.901","5.79e-01",NA,NA,NA,0.017386771
"SERPINA4","Lymphocyte","ASD","Wald ratio",1,"-0.009","0.016"," 0.991","5.79e-01",NA,NA,NA,0.008412703
"SERPINA5","Lymphocyte","ASD","Wald ratio",1,"-0.127","0.228"," 0.881","5.79e-01",NA,NA,NA,0.008412703
"MAML3","Lymphocyte","ASD","Inverse variance weighted",2," 0.023","0.042"," 1.023","5.79e-01",NA,0.056378506,NA,0.075580084
"TMEM132D","Lymphocyte","ASD","Simple mode",3,"-0.017","0.026"," 0.983","5.79e-01",0.06778312,0.146255061,0.762948579,0.024582769
"TUSC1","Lymphocyte","ASD","Wald ratio",1,"-0.075","0.135"," 0.928","5.79e-01",NA,NA,NA,0.008524741
"CTNNA1","Lymphocyte","ASD","Wald ratio",1,"-0.009","0.015"," 0.991","5.80e-01",NA,NA,NA,0.008634963
"SASH1","Lymphocyte","ASD","Wald ratio",1," 0.094","0.169"," 1.098","5.80e-01",NA,NA,NA,0.009143452
"GMDS","Lymphocyte","ASD","Weighted median",4,"-0.008","0.014"," 0.992","5.80e-01",0.012967442,0.021393584,0.678853289,0.010384704
"STOX2","Lymphocyte","ASD","Wald ratio",1,"-0.018","0.032"," 0.982","5.80e-01",NA,NA,NA,0.017042225
"C1orf21","Lymphocyte","ASD","Wald ratio",1,"-0.028","0.050"," 0.973","5.81e-01",NA,NA,NA,0.008232339
"ZNF704","Lymphocyte","ASD","Wald ratio",1," 0.168","0.305"," 1.183","5.81e-01",NA,NA,NA,0.015192653
"CMTM8","Lymphocyte","ASD","Wald ratio",1," 0.009","0.017"," 1.009","5.81e-01",NA,NA,NA,0.008964076
"SKAP1","Lymphocyte","ASD","Wald ratio",1,"-0.010","0.018"," 0.990","5.82e-01",NA,NA,NA,0.008726212
"PKDCC","Lymphocyte","ASD","Wald ratio",1,"-0.018","0.032"," 0.982","5.82e-01",NA,NA,NA,0.011821671
"UBXN6","Lymphocyte","ASD","Wald ratio",1," 0.008","0.015"," 1.008","5.82e-01",NA,NA,NA,0.007941836
"PELI2","Lymphocyte","ASD","Wald ratio",1,"-0.008","0.015"," 0.992","5.82e-01",NA,NA,NA,0.007900387
"LHCGR","Lymphocyte","ASD","Wald ratio",1,"-0.011","0.020"," 0.989","5.82e-01",NA,NA,NA,0.009181519
"ST3GAL1","Lymphocyte","ASD","Weighted median",3,"-0.012","0.022"," 0.988","5.82e-01",0.472254617,0.759494327,0.884739649,0.008180832
"ARID1A","Lymphocyte","ASD","Wald ratio",1," 0.177","0.322"," 1.193","5.83e-01",NA,NA,NA,0.011031588
"ZDHHC18","Lymphocyte","ASD","Wald ratio",1," 0.022","0.040"," 1.022","5.83e-01",NA,NA,NA,0.011031588
"C1orf172","Lymphocyte","ASD","Wald ratio",1," 0.018","0.032"," 1.018","5.83e-01",NA,NA,NA,0.011031588
"SLC9A9","Lymphocyte","ASD","Wald ratio",1," 0.010","0.019"," 1.010","5.83e-01",NA,NA,NA,0.008161863
"SLC35F3","Lymphocyte","ASD","Weighted median",3,"-0.008","0.014"," 0.992","5.83e-01",0.869856239,0.073118519,0.262996948,0.02977782
"NT5C1A","Lymphocyte","ASD","Wald ratio",1," 0.105","0.191"," 1.110","5.84e-01",NA,NA,NA,0.009510973
"TCOF1","Lymphocyte","ASD","Wald ratio",1,"-0.011","0.020"," 0.989","5.84e-01",NA,NA,NA,0.010744134
"KCNH3","Lymphocyte","ASD","Wald ratio",1," 0.018","0.033"," 1.018","5.84e-01",NA,NA,NA,0.013571339
"FMNL3","Lymphocyte","ASD","Wald ratio",1," 0.039","0.071"," 1.040","5.84e-01",NA,NA,NA,0.013571525
"PDIA5","Lymphocyte","ASD","Wald ratio",1," 0.009","0.017"," 1.009","5.85e-01",NA,NA,NA,0.009222364
"KCNA6","Lymphocyte","ASD","Wald ratio",1,"-0.011","0.020"," 0.989","5.85e-01",NA,NA,NA,0.008711022
"TRAPPC9","Lymphocyte","ASD","Weighted mode",4," 0.008","0.013"," 1.008","5.86e-01",0.897994128,0.934892225,0.691426446,0.01422461
"HIST1H4D","Lymphocyte","ASD","Wald ratio",1,"-0.151","0.277"," 0.860","5.86e-01",NA,NA,NA,0.01150372
"CDKN3","Lymphocyte","ASD","Wald ratio",1,"-0.010","0.018"," 0.990","5.86e-01",NA,NA,NA,0.009042913
"POU2AF1","Lymphocyte","ASD","Wald ratio",1,"-0.121","0.223"," 0.886","5.86e-01",NA,NA,NA,0.00904106
"ITGB5","Lymphocyte","ASD","Wald ratio",1," 0.011","0.020"," 1.011","5.86e-01",NA,NA,NA,0.009770701
"RRP12","Lymphocyte","ASD","Wald ratio",1,"-0.012","0.023"," 0.988","5.87e-01",NA,NA,NA,0.008532859
"PAK2","Lymphocyte","ASD","Wald ratio",1,"-0.008","0.016"," 0.992","5.87e-01",NA,NA,NA,0.007911036
"PCDH7","Lymphocyte","ASD","Wald ratio",1,"-0.041","0.075"," 0.960","5.87e-01",NA,NA,NA,0.007909883
"LMNB2","Lymphocyte","ASD","Wald ratio",1,"-0.028","0.052"," 0.972","5.87e-01",NA,NA,NA,0.019974428
"TMPRSS9","Lymphocyte","ASD","Wald ratio",1,"-0.025","0.046"," 0.975","5.87e-01",NA,NA,NA,0.019974428
"TIMM13","Lymphocyte","ASD","Wald ratio",1,"-0.199","0.366"," 0.820","5.87e-01",NA,NA,NA,0.019974428
"PGGT1B","Lymphocyte","ASD","Wald ratio",1,"-0.012","0.023"," 0.988","5.88e-01",NA,NA,NA,0.012652384
"CHD5","Lymphocyte","ASD","Wald ratio",1,"-0.013","0.024"," 0.987","5.88e-01",NA,NA,NA,0.008750653
"ZNF232","Lymphocyte","ASD","Wald ratio",1,"-0.042","0.077"," 0.959","5.88e-01",NA,NA,NA,0.0147845
"UNC93A","Lymphocyte","ASD","Wald ratio",1," 0.017","0.032"," 1.017","5.88e-01",NA,NA,NA,0.008241462
"LOC442293","Lymphocyte","ASD","Wald ratio",1,"-0.008","0.015"," 0.992","5.88e-01",NA,NA,NA,0.005358335
"SRC","Lymphocyte","ASD","Wald ratio",1,"-0.040","0.073"," 0.961","5.88e-01",NA,NA,NA,0.008860474
"CPM","Lymphocyte","ASD","Wald ratio",1," 0.012","0.022"," 1.012","5.89e-01",NA,NA,NA,0.007160459
"GLIS3","Lymphocyte","ASD","Wald ratio",1," 0.042","0.079"," 1.043","5.89e-01",NA,NA,NA,0.016609199
"FLJ43860","Lymphocyte","ASD","Wald ratio",1,"-0.013","0.024"," 0.987","5.89e-01",NA,NA,NA,0.008461053
"TNIP3","Lymphocyte","ASD","Wald ratio",1," 0.009","0.017"," 1.009","5.89e-01",NA,NA,NA,0.00919072
"KCNQ1","Lymphocyte","ASD","Weighted mode",4,"-0.009","0.014"," 0.991","5.89e-01",0.423905392,0.610479878,0.777642187,0.009952087
"C11orf87","Lymphocyte","ASD","Wald ratio",1," 0.038","0.070"," 1.039","5.89e-01",NA,NA,NA,0.008572603
"SSBP2","Lymphocyte","ASD","Wald ratio",1,"-0.020","0.037"," 0.980","5.89e-01",NA,NA,NA,0.016819873
"ABCA4","Lymphocyte","ASD","Wald ratio",1," 0.011","0.020"," 1.011","5.89e-01",NA,NA,NA,0.009300698
"NFATC2","Lymphocyte","ASD","Wald ratio",1," 0.011","0.020"," 1.011","5.89e-01",NA,NA,NA,0.007950908
"PPFIA4","Lymphocyte","ASD","Wald ratio",1," 0.009","0.016"," 1.009","5.90e-01",NA,NA,NA,0.007939786
"ATP5S","Lymphocyte","ASD","Wald ratio",1,"-0.008","0.015"," 0.992","5.90e-01",NA,NA,NA,0.007949765
"PRPH2","Lymphocyte","ASD","Wald ratio",1," 0.009","0.017"," 1.009","5.90e-01",NA,NA,NA,0.008793112
"AK5","Lymphocyte","ASD","Wald ratio",1," 0.117","0.217"," 1.124","5.90e-01",NA,NA,NA,0.008171083
"MAGI2","Lymphocyte","ASD","MR Egger",3,"-0.102","0.136"," 0.903","5.90e-01",0.215286335,0.36505205,0.675471367,0.010074614
"RFX2","Lymphocyte","ASD","Wald ratio",1,"-0.046","0.085"," 0.955","5.90e-01",NA,NA,NA,0.014755425
"KCNJ15","Lymphocyte","ASD","Wald ratio",1," 0.011","0.020"," 1.011","5.90e-01",NA,NA,NA,0.008900237
"SLIT3","Lymphocyte","ASD","Simple mode",4," 0.013","0.022"," 1.013","5.91e-01",0.027053585,0.049481124,0.719174257,0.020050556
"HRNBP3","Lymphocyte","ASD","Weighted mode",3,"-0.011","0.017"," 0.989","5.91e-01",0.395566858,0.632620476,0.735869528,0.009915742
"KIAA1644","Lymphocyte","ASD","Inverse variance weighted",2,"-0.007","0.013"," 0.993","5.91e-01",NA,0.691994951,NA,0.006984128
"TNNT3","Lymphocyte","ASD","Wald ratio",1," 0.017","0.031"," 1.017","5.92e-01",NA,NA,NA,0.007990925
"LOC100133545","Lymphocyte","ASD","Wald ratio",1," 0.011","0.020"," 1.011","5.92e-01",NA,NA,NA,0.007990925
"MRPL23","Lymphocyte","ASD","Wald ratio",1," 0.101","0.189"," 1.107","5.92e-01",NA,NA,NA,0.007990925
"BCAS1","Lymphocyte","ASD","Wald ratio",1," 0.008","0.015"," 1.008","5.92e-01",NA,NA,NA,0.007989793
"TMEM217","Lymphocyte","ASD","Wald ratio",1," 0.047","0.088"," 1.048","5.92e-01",NA,NA,NA,0.012055589
"DNAJB6","Lymphocyte","ASD","Wald ratio",1,"-0.008","0.015"," 0.992","5.93e-01",NA,NA,NA,0.008188315
"ANKRD7","Lymphocyte","ASD","Wald ratio",1,"-0.015","0.029"," 0.985","5.94e-01",NA,NA,NA,0.01525831
"AGT","Lymphocyte","ASD","Wald ratio",1," 0.025","0.047"," 1.025","5.95e-01",NA,NA,NA,0.009202117
"HLA-DPB2","Lymphocyte","ASD","Wald ratio",1,"-0.017","0.033"," 0.983","5.96e-01",NA,NA,NA,0.010036472
"CCDC146","Lymphocyte","ASD","Wald ratio",1," 0.013","0.024"," 1.013","5.96e-01",NA,NA,NA,0.013278064
"CA10","Lymphocyte","ASD","Wald ratio",1,"-0.105","0.199"," 0.900","5.97e-01",NA,NA,NA,0.008908896
"CDC14C","Lymphocyte","ASD","Wald ratio",1," 0.013","0.024"," 1.013","5.97e-01",NA,NA,NA,0.009969239
"DMPK","Lymphocyte","ASD","Wald ratio",1," 0.285","0.538"," 1.329","5.97e-01",NA,NA,NA,0.007959655
"DMPK","Lymphocyte","ASD","Wald ratio",1," 0.015","0.028"," 1.015","5.97e-01",NA,NA,NA,0.007959655
"EIF4EBP2","Lymphocyte","ASD","Wald ratio",1," 0.029","0.055"," 1.029","5.97e-01",NA,NA,NA,0.007959655
"SIX5","Lymphocyte","ASD","Wald ratio",1," 0.012","0.023"," 1.012","5.97e-01",NA,NA,NA,0.007959655
"NODAL","Lymphocyte","ASD","Wald ratio",1," 0.011","0.022"," 1.012","5.97e-01",NA,NA,NA,0.007959655
"SH3RF3","Lymphocyte","ASD","Inverse variance weighted",2," 0.008","0.016"," 1.008","5.97e-01",NA,0.442466996,NA,0.010793256
"CIITA","Lymphocyte","ASD","Wald ratio",1,"-0.082","0.156"," 0.921","5.98e-01",NA,NA,NA,0.009020278
"CACNA1C","Lymphocyte","ASD","MR Egger",4,"-0.071","0.114"," 0.932","5.98e-01",0.00024342,0.000615236,0.805938666,0.495662012
"ATP11B","Lymphocyte","ASD","Wald ratio",1," 0.008","0.016"," 1.008","5.98e-01",NA,NA,NA,0.008291345
"MYT1L","Lymphocyte","ASD","Simple mode",5," 0.009","0.016"," 1.009","5.98e-01",0.952152773,0.733074177,0.28636995,0.021986781
"PPM1F","Lymphocyte","ASD","Wald ratio",1,"-0.046","0.088"," 0.955","5.99e-01",NA,NA,NA,0.012711661
"LSAMP","Lymphocyte","ASD","MR Egger",4," 0.049","0.079"," 1.050","5.99e-01",0.043495664,0.078658977,0.721611214,0.009854196
"ZDHHC19","Lymphocyte","ASD","Wald ratio",1,"-0.018","0.033"," 0.983","5.99e-01",NA,NA,NA,0.008730244
"WNT10A","Lymphocyte","ASD","Wald ratio",1,"-0.227","0.432"," 0.797","5.99e-01",NA,NA,NA,0.010009271
"PTGDR","Lymphocyte","ASD","Wald ratio",1,"-0.051","0.097"," 0.951","5.99e-01",NA,NA,NA,0.007891343
"RSPH3","Lymphocyte","ASD","Wald ratio",1," 0.014","0.027"," 1.015","6.00e-01",NA,NA,NA,0.014432268
"GDPD5","Lymphocyte","ASD","Wald ratio",1,"-0.034","0.065"," 0.967","6.00e-01",NA,NA,NA,0.01470885
"LOC283914","Lymphocyte","ASD","Wald ratio",1,"-0.016","0.031"," 0.984","6.00e-01",NA,NA,NA,0.013615737
"LOC146481","Lymphocyte","ASD","Wald ratio",1,"-0.015","0.028"," 0.986","6.00e-01",NA,NA,NA,0.013678265
"FAM18B2","Lymphocyte","ASD","Wald ratio",1," 0.010","0.019"," 1.010","6.00e-01",NA,NA,NA,0.009391913
"HTR1D","Lymphocyte","ASD","Wald ratio",1," 0.011","0.020"," 1.011","6.00e-01",NA,NA,NA,0.010554949
"TGFBR2","Lymphocyte","ASD","Wald ratio",1,"-0.016","0.030"," 0.984","6.01e-01",NA,NA,NA,0.009829232
"KIAA1549","Lymphocyte","ASD","Wald ratio",1,"-0.051","0.098"," 0.950","6.01e-01",NA,NA,NA,0.009939755
"GANC","Lymphocyte","ASD","Wald ratio",1,"-0.021","0.040"," 0.980","6.01e-01",NA,NA,NA,0.011317669
"TULP2","Lymphocyte","ASD","Wald ratio",1,"-0.020","0.037"," 0.981","6.02e-01",NA,NA,NA,0.012683063
"HAL","Lymphocyte","ASD","Wald ratio",1," 0.010","0.019"," 1.010","6.02e-01",NA,NA,NA,0.008881396
"ARPP-21","Lymphocyte","ASD","Wald ratio",1," 0.015","0.028"," 1.015","6.02e-01",NA,NA,NA,0.011423759
"SCN4B","Lymphocyte","ASD","Wald ratio",1,"-0.162","0.311"," 0.850","6.02e-01",NA,NA,NA,0.007931995
"NPY","Lymphocyte","ASD","Wald ratio",1," 0.060","0.114"," 1.061","6.02e-01",NA,NA,NA,0.009100838
"PYGB","Lymphocyte","ASD","Wald ratio",1,"-0.008","0.015"," 0.992","6.02e-01",NA,NA,NA,0.007819343
"MKKS","Lymphocyte","ASD","Wald ratio",1," 0.010","0.019"," 1.010","6.02e-01",NA,NA,NA,0.007819343
"TRAF5","Lymphocyte","ASD","Wald ratio",1," 0.011","0.022"," 1.012","6.02e-01",NA,NA,NA,0.008021858
"RCOR3","Lymphocyte","ASD","Wald ratio",1," 0.027","0.053"," 1.028","6.02e-01",NA,NA,NA,0.008040683
"HLX","Lymphocyte","ASD","Wald ratio",1,"-0.009","0.018"," 0.991","6.03e-01",NA,NA,NA,0.008262473
"TOX3","Lymphocyte","ASD","Inverse variance weighted",2,"-0.008","0.015"," 0.992","6.03e-01",NA,0.629677547,NA,0.008002297
"TEX101","Lymphocyte","ASD","Wald ratio",1," 0.011","0.021"," 1.011","6.03e-01",NA,NA,NA,0.009760565
"NRXN2","Lymphocyte","ASD","Wald ratio",1,"-0.014","0.027"," 0.986","6.03e-01",NA,NA,NA,0.009760277
"NRXN2","Lymphocyte","ASD","Wald ratio",1,"-0.009","0.018"," 0.991","6.03e-01",NA,NA,NA,0.009743446
"FSTL3","Lymphocyte","ASD","Wald ratio",1," 0.010","0.019"," 1.010","6.03e-01",NA,NA,NA,0.008482753
"PRSSL1","Lymphocyte","ASD","Wald ratio",1," 0.024","0.046"," 1.024","6.03e-01",NA,NA,NA,0.008481759
"TMEM19","Lymphocyte","ASD","Wald ratio",1,"-1.036","2.000"," 0.355","6.04e-01",NA,NA,NA,0.015563643
"LRRC34","Lymphocyte","ASD","Wald ratio",1,"-0.092","0.178"," 0.912","6.04e-01",NA,NA,NA,0.007972698
"IGF2BP1","Lymphocyte","ASD","Wald ratio",1,"-0.010","0.020"," 0.990","6.04e-01",NA,NA,NA,0.007972698
"TNIK","Lymphocyte","ASD","Inverse variance weighted",2," 0.007","0.014"," 1.007","6.05e-01",NA,0.71017432,NA,0.006906855
"ASGR2","Lymphocyte","ASD","Wald ratio",1," 0.008","0.016"," 1.008","6.05e-01",NA,NA,NA,0.008082904
"MAML2","Lymphocyte","ASD","Inverse variance weighted",2,"-0.011","0.020"," 0.989","6.05e-01",NA,0.103509214,NA,0.008852266
"PPM1H","Lymphocyte","ASD","Inverse variance weighted",2,"-0.011","0.021"," 0.989","6.05e-01",NA,0.707499855,NA,0.007144943
"PTGFRN","Lymphocyte","ASD","Wald ratio",1," 0.008","0.015"," 1.008","6.05e-01",NA,NA,NA,0.005586535
"NMT1","Lymphocyte","ASD","Wald ratio",1,"-0.011","0.021"," 0.989","6.05e-01",NA,NA,NA,0.01128652
"USP42","Lymphocyte","ASD","Wald ratio",1,"-0.011","0.022"," 0.989","6.05e-01",NA,NA,NA,0.011722204
"TBX18","Lymphocyte","ASD","Wald ratio",1," 0.015","0.029"," 1.015","6.05e-01",NA,NA,NA,0.008413187
"MINA","Lymphocyte","ASD","Wald ratio",1," 0.008","0.016"," 1.008","6.06e-01",NA,NA,NA,0.008633782
"BRF1","Lymphocyte","ASD","Wald ratio",1," 0.008","0.015"," 1.008","6.06e-01",NA,NA,NA,0.007329094
"PACS2","Lymphocyte","ASD","Wald ratio",1," 0.016","0.031"," 1.016","6.06e-01",NA,NA,NA,0.00863309
"PKIG","Lymphocyte","ASD","Wald ratio",1,"-0.028","0.055"," 0.972","6.06e-01",NA,NA,NA,0.012372327
"SERINC3","Lymphocyte","ASD","Wald ratio",1,"-0.211","0.409"," 0.810","6.06e-01",NA,NA,NA,0.012364787
"MIR1252","Lymphocyte","ASD","Wald ratio",1,"-0.010","0.020"," 0.990","6.06e-01",NA,NA,NA,0.008851749
"SYT1","Lymphocyte","ASD","Wald ratio",1,"-0.426","0.826"," 0.653","6.06e-01",NA,NA,NA,0.00885276
"SYT1","Lymphocyte","ASD","Wald ratio",1,"-0.386","0.748"," 0.680","6.06e-01",NA,NA,NA,0.008852761
"CDK2","Lymphocyte","ASD","Wald ratio",1,"-0.015","0.030"," 0.985","6.07e-01",NA,NA,NA,0.014689669
"C13orf33","Lymphocyte","ASD","Wald ratio",1,"-0.012","0.023"," 0.988","6.07e-01",NA,NA,NA,0.011437778
"NUDT12","Lymphocyte","ASD","Wald ratio",1,"-0.265","0.515"," 0.767","6.07e-01",NA,NA,NA,0.011546017
"TRPM1","Lymphocyte","ASD","Wald ratio",1," 0.009","0.017"," 1.009","6.07e-01",NA,NA,NA,0.008013528
"ESR1","Lymphocyte","ASD","Wald ratio",1,"-0.112","0.219"," 0.894","6.07e-01",NA,NA,NA,0.007898251
"ESR1","Lymphocyte","ASD","Wald ratio",1,"-0.086","0.167"," 0.918","6.07e-01",NA,NA,NA,0.007900931
"ESR1","Lymphocyte","ASD","Wald ratio",1,"-0.327","0.636"," 0.721","6.07e-01",NA,NA,NA,0.007900624
"SLC31A2","Lymphocyte","ASD","Wald ratio",1," 0.008","0.015"," 1.008","6.07e-01",NA,NA,NA,0.008011607
"UBTF","Lymphocyte","ASD","Wald ratio",1,"-0.063","0.122"," 0.939","6.07e-01",NA,NA,NA,0.008233856
"FAM65B","Lymphocyte","ASD","Wald ratio",1," 0.008","0.016"," 1.008","6.08e-01",NA,NA,NA,0.008343307
"MAP1D","Lymphocyte","ASD","Wald ratio",1," 0.056","0.109"," 1.058","6.08e-01",NA,NA,NA,0.010823898
"DLX1","Lymphocyte","ASD","Wald ratio",1," 0.060","0.118"," 1.062","6.08e-01",NA,NA,NA,0.010823898
"GPR39","Lymphocyte","ASD","Inverse variance weighted",2,"-0.007","0.013"," 0.994","6.09e-01",NA,0.487781651,NA,0.011173538
"CCDC74B","Lymphocyte","ASD","Wald ratio",1," 0.009","0.017"," 1.009","6.09e-01",NA,NA,NA,0.007833946
"TUBA3E","Lymphocyte","ASD","Wald ratio",1," 0.007","0.014"," 1.007","6.09e-01",NA,NA,NA,0.007833946
"TSPAN15","Lymphocyte","ASD","Wald ratio",1,"-0.009","0.018"," 0.991","6.09e-01",NA,NA,NA,0.007944242
"SIK1","Lymphocyte","ASD","Wald ratio",1," 0.099","0.193"," 1.104","6.09e-01",NA,NA,NA,0.01519356
"BREA2","Lymphocyte","ASD","Wald ratio",1," 0.011","0.021"," 1.011","6.10e-01",NA,NA,NA,0.011518357
"GPR133","Lymphocyte","ASD","Weighted mode",3,"-0.013","0.022"," 0.987","6.10e-01",0.470303486,0.355976541,0.431351872,0.009856482
"ST14","Lymphocyte","ASD","Wald ratio",1," 0.016","0.031"," 1.016","6.11e-01",NA,NA,NA,0.015339364
"KLF3","Lymphocyte","ASD","Wald ratio",1," 0.022","0.044"," 1.022","6.11e-01",NA,NA,NA,0.009922688
"TNFRSF19","Lymphocyte","ASD","Wald ratio",1," 0.017","0.034"," 1.018","6.12e-01",NA,NA,NA,0.00798533
"C18orf32","Lymphocyte","ASD","Wald ratio",1,"-0.099","0.195"," 0.906","6.12e-01",NA,NA,NA,0.008095556
"MIR1539","Lymphocyte","ASD","Wald ratio",1,"-0.034","0.067"," 0.966","6.12e-01",NA,NA,NA,0.008095162
"ITGA7","Lymphocyte","ASD","Wald ratio",1," 0.020","0.039"," 1.020","6.12e-01",NA,NA,NA,0.007872348
"TKT","Lymphocyte","ASD","Wald ratio",1,"-0.020","0.040"," 0.980","6.12e-01",NA,NA,NA,0.007872348
"METTL7B","Lymphocyte","ASD","Wald ratio",1," 0.049","0.097"," 1.050","6.12e-01",NA,NA,NA,0.007872325
"TSPO","Lymphocyte","ASD","Wald ratio",1," 0.149","0.294"," 1.161","6.13e-01",NA,NA,NA,0.008756382
"MCAT","Lymphocyte","ASD","Wald ratio",1," 0.105","0.208"," 1.111","6.13e-01",NA,NA,NA,0.008756382
"NEDD4","Lymphocyte","ASD","Wald ratio",1," 0.016","0.031"," 1.016","6.13e-01",NA,NA,NA,0.009853968
"ST6GALNAC3","Lymphocyte","ASD","Weighted mode",3,"-0.011","0.019"," 0.989","6.14e-01",0.370493444,0.545754919,0.637718671,0.019542782
"MYT1L","Lymphocyte","ASD","Weighted median",5," 0.006","0.012"," 1.006","6.14e-01",0.952152773,0.733074177,0.28636995,0.021986781
"USH1C","Lymphocyte","ASD","Wald ratio",1,"-0.008","0.015"," 0.992","6.14e-01",NA,NA,NA,0.007805532
"B3GNTL1","Lymphocyte","ASD","Wald ratio",1," 0.009","0.018"," 1.009","6.15e-01",NA,NA,NA,0.009128035
"GRIK1","Lymphocyte","ASD","Wald ratio",1,"-0.010","0.019"," 0.990","6.15e-01",NA,NA,NA,0.00879713
"SCTR","Lymphocyte","ASD","Wald ratio",1," 0.014","0.028"," 1.014","6.15e-01",NA,NA,NA,0.010333019
"TMEM37","Lymphocyte","ASD","Wald ratio",1," 0.014","0.027"," 1.014","6.15e-01",NA,NA,NA,0.010333019
"C4orf39","Lymphocyte","ASD","Wald ratio",1," 0.019","0.037"," 1.019","6.15e-01",NA,NA,NA,0.010767688
"TRIM60","Lymphocyte","ASD","Wald ratio",1," 0.011","0.022"," 1.011","6.15e-01",NA,NA,NA,0.007915467
"TRIM61","Lymphocyte","ASD","Wald ratio",1," 0.141","0.280"," 1.151","6.15e-01",NA,NA,NA,0.010767636
"ORAI2","Lymphocyte","ASD","Wald ratio",1," 0.029","0.059"," 1.030","6.16e-01",NA,NA,NA,0.014860526
"PRKRIP1","Lymphocyte","ASD","Wald ratio",1," 0.035","0.069"," 1.035","6.16e-01",NA,NA,NA,0.014860526
"CXCL12","Lymphocyte","ASD","Wald ratio",1,"-0.018","0.037"," 0.982","6.17e-01",NA,NA,NA,0.008288045
"RCSD1","Lymphocyte","ASD","Wald ratio",1,"-0.010","0.020"," 0.990","6.17e-01",NA,NA,NA,0.008288186
"STRA6","Lymphocyte","ASD","Wald ratio",1," 0.013","0.026"," 1.013","6.17e-01",NA,NA,NA,0.008948873
"STRA6","Lymphocyte","ASD","Wald ratio",1," 0.016","0.032"," 1.016","6.17e-01",NA,NA,NA,0.008948873
"MUC4","Lymphocyte","ASD","Wald ratio",1,"-0.009","0.018"," 0.991","6.17e-01",NA,NA,NA,0.009935818
"CDX1","Lymphocyte","ASD","Wald ratio",1,"-0.007","0.015"," 0.993","6.17e-01",NA,NA,NA,0.008059671
"PDGFRB","Lymphocyte","ASD","Wald ratio",1,"-0.008","0.016"," 0.992","6.17e-01",NA,NA,NA,0.008065605
"MRE11A","Lymphocyte","ASD","Wald ratio",1," 0.008","0.017"," 1.008","6.17e-01",NA,NA,NA,0.00784456
"SCUBE1","Lymphocyte","ASD","Inverse variance weighted",2,"-0.014","0.028"," 0.986","6.18e-01",NA,0.971488484,NA,0.008302168
"BRMS1L","Lymphocyte","ASD","Wald ratio",1," 1.640","3.290"," 5.158","6.18e-01",NA,NA,NA,0.017990753
"BCL2L14","Lymphocyte","ASD","Inverse variance weighted",2," 0.009","0.017"," 1.009","6.18e-01",NA,0.423313634,NA,0.011223817
"COPS3","Lymphocyte","ASD","Wald ratio",1,"-0.409","0.823"," 0.664","6.19e-01",NA,NA,NA,0.010085965
"C18orf34","Lymphocyte","ASD","Wald ratio",1," 0.011","0.022"," 1.011","6.19e-01",NA,NA,NA,0.009757217
"PCDH9","Lymphocyte","ASD","Weighted median",4,"-0.006","0.013"," 0.994","6.20e-01",0.224441721,0.361380612,0.741113446,0.03212587
"ZNF266","Lymphocyte","ASD","Wald ratio",1,"-0.017","0.034"," 0.983","6.20e-01",NA,NA,NA,0.013701144
"KIAA1217","Lymphocyte","ASD","MR Egger",3," 0.028","0.042"," 1.029","6.20e-01",0.70190406,0.67655829,0.571670072,0.016910912
"PPAPDC1A","Lymphocyte","ASD","Wald ratio",1," 0.025","0.051"," 1.026","6.21e-01",NA,NA,NA,0.010236962
"CRTC1","Lymphocyte","ASD","Wald ratio",1,"-0.011","0.023"," 0.989","6.21e-01",NA,NA,NA,0.009765504
"MYO3A","Lymphocyte","ASD","Wald ratio",1,"-0.016","0.032"," 0.984","6.22e-01",NA,NA,NA,0.016434196
"PLAT","Lymphocyte","ASD","Wald ratio",1,"-0.007","0.015"," 0.993","6.22e-01",NA,NA,NA,0.007819418
"HMCN1","Lymphocyte","ASD","Wald ratio",1,"-0.008","0.017"," 0.992","6.22e-01",NA,NA,NA,0.008259168
"KIF12","Lymphocyte","ASD","Inverse variance weighted",2," 0.006","0.013"," 1.006","6.22e-01",NA,0.698292667,NA,0.011034633
"CD300E","Lymphocyte","ASD","Wald ratio",1," 0.070","0.142"," 1.073","6.22e-01",NA,NA,NA,0.007706974
"FAM49A","Lymphocyte","ASD","MR Egger",3," 0.030","0.045"," 1.031","6.23e-01",0.122993562,0.292437777,0.884375479,0.036518189
"ME3","Lymphocyte","ASD","Wald ratio",1," 0.077","0.156"," 1.080","6.23e-01",NA,NA,NA,0.013779469
"PI16","Lymphocyte","ASD","Wald ratio",1,"-0.022","0.045"," 0.978","6.23e-01",NA,NA,NA,0.010059245
"CCDC113","Lymphocyte","ASD","Wald ratio",1,"-0.015","0.031"," 0.985","6.23e-01",NA,NA,NA,0.012922761
"VSTM2B","Lymphocyte","ASD","Wald ratio",1,"-0.014","0.029"," 0.986","6.23e-01",NA,NA,NA,0.009293075
"PSME4","Lymphocyte","ASD","Wald ratio",1,"-0.026","0.053"," 0.974","6.24e-01",NA,NA,NA,0.008190293
"MYOM3","Lymphocyte","ASD","Wald ratio",1," 0.009","0.018"," 1.009","6.25e-01",NA,NA,NA,0.007969392
"ZNF385B","Lymphocyte","ASD","Wald ratio",1," 0.019","0.039"," 1.019","6.25e-01",NA,NA,NA,0.014444998
"SDK2","Lymphocyte","ASD","Inverse variance weighted",2,"-0.013","0.027"," 0.987","6.25e-01",NA,0.060020196,NA,0.031573846
"LBH","Lymphocyte","ASD","Wald ratio",1," 0.010","0.020"," 1.010","6.26e-01",NA,NA,NA,0.009332634
"NOX4","Lymphocyte","ASD","Wald ratio",1," 0.052","0.107"," 1.054","6.26e-01",NA,NA,NA,0.009003739
"COL4A2","Lymphocyte","ASD","Simple mode",3," 0.012","0.021"," 1.012","6.26e-01",0.312783581,0.197629416,0.378813856,0.009838709
"MIR620","Lymphocyte","ASD","Wald ratio",1," 0.014","0.030"," 1.014","6.26e-01",NA,NA,NA,0.012571782
"P2RX5","Lymphocyte","ASD","Wald ratio",1,"-0.011","0.023"," 0.989","6.27e-01",NA,NA,NA,0.007681539
"PCSK6","Lymphocyte","ASD","Simple mode",3," 0.035","0.061"," 1.036","6.27e-01",0.355987908,0.618193081,0.796201561,0.009044433
"FLJ36000","Lymphocyte","ASD","Wald ratio",1," 0.007","0.015"," 1.007","6.27e-01",NA,NA,NA,0.007680235
"TENC1","Lymphocyte","ASD","Wald ratio",1," 0.049","0.102"," 1.050","6.28e-01",NA,NA,NA,0.010947803
"ANGPT2","Lymphocyte","ASD","MR Egger",3," 0.168","0.255"," 1.183","6.28e-01",0.379674389,0.547197306,0.62910579,0.008732882
"MSI2","Lymphocyte","ASD","Inverse variance weighted",2," 0.006","0.012"," 1.006","6.28e-01",NA,0.314654443,NA,0.015372701
"C20orf108","Lymphocyte","ASD","Wald ratio",1," 0.065","0.133"," 1.067","6.28e-01",NA,NA,NA,0.010402124
"SFMBT2","Lymphocyte","ASD","Inverse variance weighted",2,"-0.019","0.040"," 0.981","6.28e-01",NA,0.007597216,NA,0.418147552
"ANO3","Lymphocyte","ASD","Wald ratio",1,"-0.010","0.020"," 0.990","6.29e-01",NA,NA,NA,0.008496194
"SLC44A4","Lymphocyte","ASD","Wald ratio",1,"-0.029","0.060"," 0.972","6.29e-01",NA,NA,NA,0.00827394
"TNXB","Lymphocyte","ASD","Wald ratio",1,"-0.018","0.037"," 0.982","6.29e-01",NA,NA,NA,0.008273389
"SOAT2","Lymphocyte","ASD","Wald ratio",1,"-0.016","0.033"," 0.984","6.29e-01",NA,NA,NA,0.013353873
"MOSC1","Lymphocyte","ASD","Wald ratio",1," 0.035","0.074"," 1.036","6.30e-01",NA,NA,NA,0.016921252
"MOSC2","Lymphocyte","ASD","Wald ratio",1," 0.016","0.033"," 1.016","6.30e-01",NA,NA,NA,0.016887673
"C4orf26","Lymphocyte","ASD","Wald ratio",1,"-0.009","0.018"," 0.991","6.30e-01",NA,NA,NA,0.007723532
"CRYBB3","Lymphocyte","ASD","Wald ratio",1," 0.016","0.032"," 1.016","6.30e-01",NA,NA,NA,0.012221551
"NRP1","Lymphocyte","ASD","Wald ratio",1," 0.007","0.016"," 1.008","6.31e-01",NA,NA,NA,0.008538091
"DCAKD","Lymphocyte","ASD","Wald ratio",1,"-0.124","0.258"," 0.884","6.32e-01",NA,NA,NA,0.017211866
"ST6GALNAC3","Lymphocyte","ASD","Simple mode",3,"-0.012","0.021"," 0.988","6.32e-01",0.370493444,0.545754919,0.637718671,0.019542782
"SETD7","Lymphocyte","ASD","Wald ratio",1,"-0.012","0.024"," 0.989","6.32e-01",NA,NA,NA,0.007345026
"WWC1","Lymphocyte","ASD","Wald ratio",1," 0.043","0.091"," 1.044","6.33e-01",NA,NA,NA,0.010854433
"ARHGEF10L","Lymphocyte","ASD","Inverse variance weighted",2," 0.007","0.015"," 1.007","6.33e-01",NA,0.756906815,NA,0.008616384
"DUSP5","Lymphocyte","ASD","Wald ratio",1," 0.041","0.087"," 1.042","6.33e-01",NA,NA,NA,0.008250025
"MGMT","Lymphocyte","ASD","Inverse variance weighted",2,"-0.010","0.021"," 0.990","6.34e-01",NA,0.767879814,NA,0.008706584
"TTC7B","Lymphocyte","ASD","Simple mode",3," 0.010","0.019"," 1.011","6.34e-01",0.149221133,0.184397897,0.574004909,0.007203459
"LOC286094","Lymphocyte","ASD","Wald ratio",1," 0.011","0.023"," 1.011","6.34e-01",NA,NA,NA,0.01041719
"PAPSS1","Lymphocyte","ASD","Wald ratio",1," 0.012","0.025"," 1.012","6.34e-01",NA,NA,NA,0.013570252
"GMDS","Lymphocyte","ASD","Weighted mode",4,"-0.008","0.015"," 0.992","6.35e-01",0.012967442,0.021393584,0.678853289,0.010384704
"IGSF21","Lymphocyte","ASD","Weighted median",3,"-0.007","0.015"," 0.993","6.35e-01",0.174941964,0.330920202,0.731102346,0.015091544
"SGK1","Lymphocyte","ASD","Wald ratio",1," 0.011","0.022"," 1.011","6.35e-01",NA,NA,NA,0.008175936
"ALDH5A1","Lymphocyte","ASD","Wald ratio",1,"-0.043","0.091"," 0.958","6.35e-01",NA,NA,NA,0.007697148
"CRADD","Lymphocyte","ASD","Wald ratio",1," 0.007","0.016"," 1.007","6.35e-01",NA,NA,NA,0.007695055
"SH3BP4","Lymphocyte","ASD","Wald ratio",1,"-0.051","0.107"," 0.951","6.35e-01",NA,NA,NA,0.009543287
"TRIM75","Lymphocyte","ASD","Wald ratio",1," 0.015","0.032"," 1.016","6.36e-01",NA,NA,NA,0.016598501
"ZMIZ1","Lymphocyte","ASD","MR Egger",3,"-0.790","1.226"," 0.454","6.36e-01",0.28824439,0.454472742,0.641522425,0.017126337
"CD27","Lymphocyte","ASD","Wald ratio",1," 0.031","0.065"," 1.031","6.36e-01",NA,NA,NA,0.008292196
"CD27","Lymphocyte","ASD","Wald ratio",1," 0.013","0.028"," 1.013","6.36e-01",NA,NA,NA,0.008292196
"FAM20A","Lymphocyte","ASD","Wald ratio",1," 0.012","0.025"," 1.012","6.36e-01",NA,NA,NA,0.008292167
"ZNF507","Lymphocyte","ASD","Wald ratio",1," 0.111","0.234"," 1.117","6.36e-01",NA,NA,NA,0.008400135
"HBM","Lymphocyte","ASD","Wald ratio",1,"-0.157","0.332"," 0.855","6.36e-01",NA,NA,NA,0.008071337
"ATP6V0A4","Lymphocyte","ASD","Wald ratio",1," 0.008","0.017"," 1.008","6.36e-01",NA,NA,NA,0.008071337
"BRUNOL5","Lymphocyte","ASD","Wald ratio",1," 0.013","0.028"," 1.013","6.36e-01",NA,NA,NA,0.008070746
"ATP6V0A4","Lymphocyte","ASD","Wald ratio",1," 0.011","0.024"," 1.011","6.36e-01",NA,NA,NA,0.008071337
"MAST4","Lymphocyte","ASD","Wald ratio",1,"-0.025","0.053"," 0.975","6.36e-01",NA,NA,NA,0.008179533
"ASAP1","Lymphocyte","ASD","Wald ratio",1," 0.017","0.036"," 1.017","6.37e-01",NA,NA,NA,0.013652141
"GNG7","Lymphocyte","ASD","Wald ratio",1,"-0.008","0.017"," 0.992","6.37e-01",NA,NA,NA,0.008774173
"HMGCS2","Lymphocyte","ASD","Wald ratio",1," 0.008","0.017"," 1.008","6.37e-01",NA,NA,NA,0.007738572
"SERPINI1","Lymphocyte","ASD","Wald ratio",1,"-0.010","0.022"," 0.990","6.38e-01",NA,NA,NA,0.00855443
"CDC7","Lymphocyte","ASD","Wald ratio",1," 0.009","0.020"," 1.010","6.38e-01",NA,NA,NA,0.007628774
"RNF150","Lymphocyte","ASD","Wald ratio",1," 0.086","0.182"," 1.089","6.38e-01",NA,NA,NA,0.007628774
"TBC1D9","Lymphocyte","ASD","Wald ratio",1," 0.011","0.024"," 1.011","6.38e-01",NA,NA,NA,0.007625571
"KCNMA1","Lymphocyte","ASD","MR Egger",5," 0.110","0.210"," 1.116","6.38e-01",0.001416511,0.001960003,0.634341215,0.007033909
"RAB27B","Lymphocyte","ASD","Wald ratio",1," 0.011","0.022"," 1.011","6.38e-01",NA,NA,NA,0.009145691
"GADL1","Lymphocyte","ASD","Inverse variance weighted",2," 0.010","0.022"," 1.010","6.38e-01",NA,0.862596926,NA,0.012090647
"CCDC150","Lymphocyte","ASD","Wald ratio",1," 0.008","0.017"," 1.008","6.39e-01",NA,NA,NA,0.008926147
"RFX4","Lymphocyte","ASD","Wald ratio",1," 0.013","0.027"," 1.013","6.39e-01",NA,NA,NA,0.008001544
"LOC100289341","Lymphocyte","ASD","Wald ratio",1," 0.021","0.044"," 1.021","6.39e-01",NA,NA,NA,0.007892556
"UAP1L1","Lymphocyte","ASD","Wald ratio",1," 0.023","0.049"," 1.023","6.39e-01",NA,NA,NA,0.007892556
"HCCA2","Lymphocyte","ASD","Inverse variance weighted",2,"-0.008","0.018"," 0.992","6.39e-01",NA,0.170832815,NA,0.009726727
"OSCP1","Lymphocyte","ASD","Wald ratio",1," 0.018","0.039"," 1.018","6.40e-01",NA,NA,NA,0.00940671
"CACNB2","Lymphocyte","ASD","Inverse variance weighted",2,"-0.012","0.025"," 0.988","6.40e-01",NA,0.677583083,NA,0.013738772
"SLC6A3","Lymphocyte","ASD","Wald ratio",1,"-0.011","0.023"," 0.989","6.40e-01",NA,NA,NA,0.011713123
"TC2N","Lymphocyte","ASD","Wald ratio",1,"-0.027","0.058"," 0.973","6.40e-01",NA,NA,NA,0.010105337
"SNRPE","Lymphocyte","ASD","Wald ratio",1," 0.008","0.018"," 1.009","6.40e-01",NA,NA,NA,0.009187682
"CAMK1D","Lymphocyte","ASD","Inverse variance weighted",3,"-0.005","0.011"," 0.995","6.41e-01",0.468778339,0.507211209,0.529078478,0.009311703
"APBB2","Lymphocyte","ASD","Wald ratio",1," 0.009","0.020"," 1.009","6.41e-01",NA,NA,NA,0.008156092
"IL2RA","Lymphocyte","ASD","Wald ratio",1,"-0.012","0.026"," 0.988","6.41e-01",NA,NA,NA,0.013775465
"C7orf53","Lymphocyte","ASD","Wald ratio",1," 0.007","0.015"," 1.007","6.42e-01",NA,NA,NA,0.007935053
"CCL20","Lymphocyte","ASD","Wald ratio",1,"-0.008","0.017"," 0.992","6.42e-01",NA,NA,NA,0.008639088
"CLEC7A","Lymphocyte","ASD","Wald ratio",1," 0.009","0.020"," 1.009","6.42e-01",NA,NA,NA,0.009448729
"CLEC14A","Lymphocyte","ASD","Wald ratio",1," 0.034","0.074"," 1.035","6.42e-01",NA,NA,NA,0.00782446
"ZNF77","Lymphocyte","ASD","Wald ratio",1,"-0.009","0.019"," 0.991","6.42e-01",NA,NA,NA,0.00782356
"CUX2","Lymphocyte","ASD","Wald ratio",1," 0.017","0.037"," 1.017","6.42e-01",NA,NA,NA,0.009229803
"NFU1","Lymphocyte","ASD","Wald ratio",1,"-0.034","0.074"," 0.966","6.43e-01",NA,NA,NA,0.00771325
"MTMR7","Lymphocyte","ASD","Wald ratio",1," 0.009","0.019"," 1.009","6.43e-01",NA,NA,NA,0.009120395
"LOC100128554","Lymphocyte","ASD","Wald ratio",1,"-0.007","0.014"," 0.993","6.43e-01",NA,NA,NA,0.007603129
"KCNK16","Lymphocyte","ASD","Wald ratio",1,"-0.009","0.020"," 0.991","6.43e-01",NA,NA,NA,0.007252282
"KCNK16","Lymphocyte","ASD","Wald ratio",1,"-0.007","0.015"," 0.993","6.43e-01",NA,NA,NA,0.007602887
"ABCC1","Lymphocyte","ASD","Inverse variance weighted",2,"-0.008","0.018"," 0.992","6.44e-01",NA,0.759639218,NA,0.009506601
"MYO3B","Lymphocyte","ASD","Inverse variance weighted",3," 0.009","0.020"," 1.009","6.45e-01",0.016854987,0.054119114,0.907712976,0.023918958
"FLJ35220","Lymphocyte","ASD","Wald ratio",1," 0.007","0.014"," 1.007","6.45e-01",NA,NA,NA,0.007645833
"KCNMA1","Lymphocyte","ASD","Weighted mode",5," 0.008","0.016"," 1.008","6.46e-01",0.001416511,0.001960003,0.634341215,0.007033909
"NDUFAF1","Lymphocyte","ASD","Wald ratio",1," 0.019","0.041"," 1.019","6.46e-01",NA,NA,NA,0.008722411
"SLC15A4","Lymphocyte","ASD","Wald ratio",1,"-0.007","0.016"," 0.993","6.47e-01",NA,NA,NA,0.007799238
"AMPD3","Lymphocyte","ASD","Wald ratio",1," 0.011","0.024"," 1.011","6.47e-01",NA,NA,NA,0.007799238
"RORA","Lymphocyte","ASD","Weighted mode",4,"-0.007","0.013"," 0.993","6.47e-01",0.47256309,0.665433951,0.810811983,0.007802158
"KIF6","Lymphocyte","ASD","Inverse variance weighted",2,"-0.010","0.023"," 0.990","6.47e-01",NA,0.820869977,NA,0.007602887
"COL4A2","Lymphocyte","ASD","Weighted mode",3,"-0.008","0.015"," 0.992","6.48e-01",0.312783581,0.197629416,0.378813856,0.009838709
"ARV1","Lymphocyte","ASD","Wald ratio",1,"-0.010","0.022"," 0.990","6.48e-01",NA,NA,NA,0.008173508
"CAMTA1","Lymphocyte","ASD","Weighted mode",3,"-0.007","0.014"," 0.993","6.48e-01",0.986333946,0.991687514,0.91891164,0.007747305
"C6orf108","Lymphocyte","ASD","Wald ratio",1," 0.040","0.087"," 1.040","6.48e-01",NA,NA,NA,0.012975976
"PMPCB","Lymphocyte","ASD","Wald ratio",1," 0.021","0.046"," 1.021","6.48e-01",NA,NA,NA,0.014704671
"CCDC155","Lymphocyte","ASD","Wald ratio",1," 0.012","0.025"," 1.012","6.48e-01",NA,NA,NA,0.008656905
"TEAD2","Lymphocyte","ASD","Wald ratio",1," 0.061","0.134"," 1.063","6.48e-01",NA,NA,NA,0.008656905
"ETV6","Lymphocyte","ASD","Inverse variance weighted",2,"-0.020","0.043"," 0.981","6.49e-01",NA,0.03388007,NA,0.008867747
"NOLC1","Lymphocyte","ASD","Wald ratio",1," 0.023","0.050"," 1.023","6.49e-01",NA,NA,NA,0.016411272
"FER","Lymphocyte","ASD","Wald ratio",1,"-0.021","0.047"," 0.979","6.49e-01",NA,NA,NA,0.011381877
"NCRNA00029","Lymphocyte","ASD","Wald ratio",1,"-0.007","0.015"," 0.993","6.49e-01",NA,NA,NA,0.007841529
"TARP","Lymphocyte","ASD","Wald ratio",1," 0.019","0.042"," 1.019","6.50e-01",NA,NA,NA,0.014171337
"PTPRD","Lymphocyte","ASD","Wald ratio",1," 0.008","0.019"," 1.009","6.50e-01",NA,NA,NA,0.009881187
"UNC13D","Lymphocyte","ASD","Wald ratio",1," 0.011","0.023"," 1.011","6.50e-01",NA,NA,NA,0.008214787
"PRSS35","Lymphocyte","ASD","Wald ratio",1,"-0.009","0.019"," 0.991","6.51e-01",NA,NA,NA,0.010360235
"ADHFE1","Lymphocyte","ASD","Wald ratio",1," 0.279","0.617"," 1.322","6.51e-01",NA,NA,NA,0.009771587
"TRAM2","Lymphocyte","ASD","Wald ratio",1,"-0.040","0.088"," 0.961","6.52e-01",NA,NA,NA,0.008961791
"FAM65A","Lymphocyte","ASD","Wald ratio",1," 0.016","0.034"," 1.016","6.52e-01",NA,NA,NA,0.010514298
"RLTPR","Lymphocyte","ASD","Wald ratio",1," 0.065","0.143"," 1.067","6.52e-01",NA,NA,NA,0.010619553
"ACD","Lymphocyte","ASD","Wald ratio",1," 0.050","0.111"," 1.051","6.52e-01",NA,NA,NA,0.010619552
"MTR","Lymphocyte","ASD","Wald ratio",1," 0.008","0.018"," 1.008","6.52e-01",NA,NA,NA,0.009442471
"RGL1","Lymphocyte","ASD","Wald ratio",1," 0.007","0.016"," 1.007","6.52e-01",NA,NA,NA,0.007774252
"KIAA0562","Lymphocyte","ASD","Wald ratio",1," 0.006","0.014"," 1.006","6.53e-01",NA,NA,NA,0.007663913
"LOC388588","Lymphocyte","ASD","Wald ratio",1," 0.018","0.040"," 1.018","6.53e-01",NA,NA,NA,0.007663913
"SOX6","Lymphocyte","ASD","Wald ratio",1," 0.010","0.023"," 1.011","6.53e-01",NA,NA,NA,0.012305694
"COL28A1","Lymphocyte","ASD","Wald ratio",1,"-0.011","0.024"," 0.989","6.53e-01",NA,NA,NA,0.008522628
"SEMA5B","Lymphocyte","ASD","Wald ratio",1,"-0.019","0.043"," 0.981","6.54e-01",NA,NA,NA,0.011508401
"DLL1","Lymphocyte","ASD","Wald ratio",1," 0.015","0.034"," 1.015","6.54e-01",NA,NA,NA,0.008412423
"NSMCE1","Lymphocyte","ASD","Wald ratio",1,"-0.017","0.038"," 0.983","6.54e-01",NA,NA,NA,0.007927483
"GUCY1B2","Lymphocyte","ASD","Wald ratio",1,"-0.016","0.035"," 0.985","6.54e-01",NA,NA,NA,0.008894975
"SLC6A18","Lymphocyte","ASD","Wald ratio",1,"-0.010","0.023"," 0.990","6.54e-01",NA,NA,NA,0.010336392
"GMDS","Lymphocyte","ASD","Simple mode",4," 0.008","0.016"," 1.008","6.55e-01",0.012967442,0.021393584,0.678853289,0.010384704
"SHROOM3","Lymphocyte","ASD","Inverse variance weighted",2,"-0.009","0.021"," 0.991","6.55e-01",NA,0.91469735,NA,0.008734879
"MIER2","Lymphocyte","ASD","Wald ratio",1," 0.009","0.019"," 1.009","6.55e-01",NA,NA,NA,0.010225283
"ARHGAP10","Lymphocyte","ASD","Wald ratio",1," 0.012","0.027"," 1.012","6.55e-01",NA,NA,NA,0.012606774
"NPAS3","Lymphocyte","ASD","Wald ratio",1," 0.011","0.026"," 1.011","6.56e-01",NA,NA,NA,0.007596815
"VWA2","Lymphocyte","ASD","Wald ratio",1,"-0.009","0.020"," 0.991","6.56e-01",NA,NA,NA,0.007596815
"TDRD1","Lymphocyte","ASD","Wald ratio",1,"-0.007","0.017"," 0.993","6.56e-01",NA,NA,NA,0.007596807
"GRB10","Lymphocyte","ASD","Inverse variance weighted",2,"-0.006","0.014"," 0.994","6.56e-01",NA,0.575167089,NA,0.00800501
"PARD6B","Lymphocyte","ASD","Wald ratio",1,"-0.027","0.060"," 0.974","6.56e-01",NA,NA,NA,0.016594372
"CDH13","Lymphocyte","ASD","Weighted mode",3,"-0.007","0.014"," 0.993","6.56e-01",0.576871523,0.300089428,0.384817403,0.006936532
"MSX1","Lymphocyte","ASD","Wald ratio",1," 0.021","0.047"," 1.021","6.56e-01",NA,NA,NA,0.014166418
"SPDEF","Lymphocyte","ASD","Wald ratio",1,"-0.009","0.020"," 0.991","6.58e-01",NA,NA,NA,0.00957079
"CLEC16A","Lymphocyte","ASD","Wald ratio",1,"-0.007","0.017"," 0.993","6.58e-01",NA,NA,NA,0.008124649
"SERBP1","Lymphocyte","ASD","Wald ratio",1," 0.006","0.014"," 1.006","6.58e-01",NA,NA,NA,0.007640041
"ENPP2","Lymphocyte","ASD","Wald ratio",1," 0.010","0.022"," 1.010","6.58e-01",NA,NA,NA,0.008606475
"ITPKB","Lymphocyte","ASD","Wald ratio",1," 0.162","0.366"," 1.176","6.58e-01",NA,NA,NA,0.009941022
"GINS3","Lymphocyte","ASD","Wald ratio",1,"-0.340","0.771"," 0.712","6.59e-01",NA,NA,NA,0.014504298
"CDH13","Lymphocyte","ASD","Weighted median",3,"-0.006","0.013"," 0.994","6.60e-01",0.576871523,0.300089428,0.384817403,0.006936532
"PPP2R2C","Lymphocyte","ASD","Wald ratio",1," 0.012","0.028"," 1.012","6.60e-01",NA,NA,NA,0.008914353
"TNFSF15","Lymphocyte","ASD","Wald ratio",1,"-0.007","0.016"," 0.993","6.61e-01",NA,NA,NA,0.00805702
"FOXN3","Lymphocyte","ASD","MR Egger",4,"-0.130","0.255"," 0.878","6.61e-01",0.096309695,0.151929316,0.66119647,0.052480648
"NCOA7","Lymphocyte","ASD","Wald ratio",1,"-0.008","0.017"," 0.992","6.61e-01",NA,NA,NA,0.007572453
"HSPG2","Lymphocyte","ASD","Wald ratio",1," 0.011","0.025"," 1.011","6.61e-01",NA,NA,NA,0.008802506
"AKAP12","Lymphocyte","ASD","Inverse variance weighted",2," 0.012","0.028"," 1.012","6.62e-01",NA,0.464975334,NA,0.012208533
"ST8SIA4","Lymphocyte","ASD","Wald ratio",1,"-0.026","0.058"," 0.975","6.62e-01",NA,NA,NA,0.009067005
"RWDD3","Lymphocyte","ASD","Wald ratio",1,"-0.010","0.023"," 0.990","6.62e-01",NA,NA,NA,0.010767091
"INPP4A","Lymphocyte","ASD","Wald ratio",1," 0.009","0.020"," 1.009","6.62e-01",NA,NA,NA,0.008692778
"XRRA1","Lymphocyte","ASD","Wald ratio",1,"-0.330","0.755"," 0.719","6.62e-01",NA,NA,NA,0.008211137
"RFX1","Lymphocyte","ASD","Wald ratio",1,"-0.040","0.091"," 0.961","6.62e-01",NA,NA,NA,0.016127229
"IL27RA","Lymphocyte","ASD","Wald ratio",1,"-0.023","0.053"," 0.977","6.62e-01",NA,NA,NA,0.016127236
"VPS4A","Lymphocyte","ASD","Wald ratio",1,"-0.072","0.164"," 0.931","6.62e-01",NA,NA,NA,0.008210303
"PDF","Lymphocyte","ASD","Wald ratio",1,"-0.010","0.022"," 0.991","6.62e-01",NA,NA,NA,0.008209107
"FUT10","Lymphocyte","ASD","Wald ratio",1,"-0.013","0.031"," 0.987","6.62e-01",NA,NA,NA,0.007726737
"ALK","Lymphocyte","ASD","Wald ratio",1," 0.018","0.040"," 1.018","6.62e-01",NA,NA,NA,0.013180215
"ZDHHC4","Lymphocyte","ASD","Wald ratio",1,"-0.008","0.017"," 0.992","6.63e-01",NA,NA,NA,0.008100878
"C7orf26","Lymphocyte","ASD","Wald ratio",1,"-0.008","0.018"," 0.992","6.63e-01",NA,NA,NA,0.008100878
"CTSG","Lymphocyte","ASD","Wald ratio",1,"-0.011","0.026"," 0.989","6.63e-01",NA,NA,NA,0.010460502
"SLC35F3","Lymphocyte","ASD","Simple mode",3," 0.018","0.036"," 1.018","6.63e-01",0.869856239,0.073118519,0.262996948,0.02977782
"IFI27L2","Lymphocyte","ASD","Wald ratio",1," 0.074","0.169"," 1.076","6.63e-01",NA,NA,NA,0.007616545
"SEMA6D","Lymphocyte","ASD","Wald ratio",1," 0.007","0.016"," 1.007","6.63e-01",NA,NA,NA,0.008473323
"DPY19L1","Lymphocyte","ASD","Wald ratio",1,"-0.015","0.034"," 0.985","6.64e-01",NA,NA,NA,0.00750537
"DNAJC13","Lymphocyte","ASD","Wald ratio",1," 0.010","0.023"," 1.010","6.64e-01",NA,NA,NA,0.012278845
"ATG7","Lymphocyte","ASD","Wald ratio",1,"-0.012","0.029"," 0.988","6.64e-01",NA,NA,NA,0.009852344
"SDR39U1","Lymphocyte","ASD","Wald ratio",1,"-0.011","0.027"," 0.989","6.65e-01",NA,NA,NA,0.012536215
"AKAP5","Lymphocyte","ASD","Wald ratio",1,"-0.145","0.334"," 0.865","6.65e-01",NA,NA,NA,0.011697303
"NR5A2","Lymphocyte","ASD","Wald ratio",1,"-0.012","0.027"," 0.988","6.65e-01",NA,NA,NA,0.010482056
"C1orf175","Lymphocyte","ASD","Inverse variance weighted",2," 0.016","0.037"," 1.016","6.65e-01",NA,0.437790911,NA,0.020315824
"GALNTL6","Lymphocyte","ASD","Inverse variance weighted",2," 0.015","0.034"," 1.015","6.66e-01",NA,0.03697383,NA,0.016012357
"GRHL1","Lymphocyte","ASD","Wald ratio",1," 0.061","0.140"," 1.063","6.66e-01",NA,NA,NA,0.007549862
"PDLIM5","Lymphocyte","ASD","Wald ratio",1,"-0.008","0.018"," 0.992","6.66e-01",NA,NA,NA,0.009523979
"ACTR3","Lymphocyte","ASD","Inverse variance weighted",2," 0.031","0.071"," 1.031","6.66e-01",NA,0.758918723,NA,0.012516539
"MPG","Lymphocyte","ASD","Wald ratio",1," 0.046","0.106"," 1.047","6.67e-01",NA,NA,NA,0.011263506
"SCP2","Lymphocyte","ASD","Wald ratio",1," 0.148","0.343"," 1.159","6.67e-01",NA,NA,NA,0.007813744
"SCP2","Lymphocyte","ASD","Wald ratio",1," 0.006","0.015"," 1.006","6.67e-01",NA,NA,NA,0.007813743
"ECHDC2","Lymphocyte","ASD","Wald ratio",1," 0.008","0.018"," 1.008","6.67e-01",NA,NA,NA,0.007813744
"MYH11","Lymphocyte","ASD","Inverse variance weighted",2," 0.005","0.012"," 1.005","6.67e-01",NA,0.6566183,NA,0.009843207
"KPRP","Lymphocyte","ASD","Wald ratio",1,"-0.009","0.022"," 0.991","6.67e-01",NA,NA,NA,0.007702124
"RPP21","Lymphocyte","ASD","Wald ratio",1,"-0.013","0.029"," 0.987","6.68e-01",NA,NA,NA,0.015304966
"SDK1","Lymphocyte","ASD","MR Egger",3," 0.018","0.032"," 1.019","6.68e-01",0.494068426,0.790028365,0.961225359,0.012010271
"PPAP2B","Lymphocyte","ASD","Wald ratio",1," 0.009","0.020"," 1.009","6.69e-01",NA,NA,NA,0.008231291
"C4orf19","Lymphocyte","ASD","Wald ratio",1,"-0.007","0.015"," 0.993","6.69e-01",NA,NA,NA,0.007813609
"HS3ST3A1","Lymphocyte","ASD","Wald ratio",1," 0.018","0.041"," 1.018","6.69e-01",NA,NA,NA,0.008230777
"CNTNAP4","Lymphocyte","ASD","Wald ratio",1," 0.018","0.042"," 1.018","6.70e-01",NA,NA,NA,0.007747305
"FAM190B","Lymphocyte","ASD","Wald ratio",1,"-0.054","0.128"," 0.947","6.70e-01",NA,NA,NA,0.010981527
"NADSYN1","Lymphocyte","ASD","Wald ratio",1,"-0.009","0.021"," 0.991","6.70e-01",NA,NA,NA,0.009501871
"AUTS2","Lymphocyte","ASD","Weighted median",3," 0.007","0.015"," 1.007","6.70e-01",0.177895871,0.345109814,0.749550352,0.019797814
"FLJ12825","Lymphocyte","ASD","Wald ratio",1," 0.022","0.051"," 1.022","6.70e-01",NA,NA,NA,0.007637204
"FAS","Lymphocyte","ASD","Wald ratio",1," 0.011","0.025"," 1.011","6.71e-01",NA,NA,NA,0.012126683
"CAMTA1","Lymphocyte","ASD","Simple mode",3,"-0.007","0.015"," 0.993","6.71e-01",0.986333946,0.991687514,0.91891164,0.007747305
"MGC34034","Lymphocyte","ASD","Wald ratio",1," 0.018","0.043"," 1.018","6.71e-01",NA,NA,NA,0.008647083
"C9orf84","Lymphocyte","ASD","Wald ratio",1,"-0.008","0.020"," 0.992","6.71e-01",NA,NA,NA,0.008911715
"CFDP1","Lymphocyte","ASD","Wald ratio",1," 0.008","0.018"," 1.008","6.72e-01",NA,NA,NA,0.007790407
"ADAMTS2","Lymphocyte","ANXIETY","Simple mode",5," 0.012","0.027"," 1.012","6.72e-01",NA,NA,NA,0.009079142
"SORCS2","Lymphocyte","ASD","MR Egger",4,"-0.032","0.065"," 0.969","6.72e-01",0.001960905,0.002797378,0.66164928,0.012348931
"PDE1C","Lymphocyte","ASD","Wald ratio",1,"-0.025","0.060"," 0.975","6.73e-01",NA,NA,NA,0.009326937
"MYOM1","Lymphocyte","ASD","Wald ratio",1,"-0.010","0.023"," 0.990","6.73e-01",NA,NA,NA,0.010335537
"KIF2B","Lymphocyte","ASD","Wald ratio",1," 0.006","0.015"," 1.006","6.74e-01",NA,NA,NA,0.007555268
"PCDH9","Lymphocyte","ASD","MR Egger",4,"-0.035","0.071"," 0.966","6.74e-01",0.224441721,0.361380612,0.741113446,0.03212587
"ADNP","Lymphocyte","ASD","Wald ratio",1," 0.018","0.043"," 1.018","6.74e-01",NA,NA,NA,0.01443572
"C8orf31","Lymphocyte","ASD","Wald ratio",1,"-0.008","0.019"," 0.992","6.74e-01",NA,NA,NA,0.007834842
"MAP1B","Lymphocyte","ASD","Wald ratio",1,"-0.018","0.044"," 0.982","6.74e-01",NA,NA,NA,0.009479596
"C15orf33","Lymphocyte","ASD","Wald ratio",1," 0.009","0.021"," 1.009","6.74e-01",NA,NA,NA,0.008843821
"SLC27A2","Lymphocyte","ASD","Wald ratio",1," 0.147","0.349"," 1.158","6.74e-01",NA,NA,NA,0.008843821
"FGF7","Lymphocyte","ASD","Wald ratio",1," 0.007","0.017"," 1.007","6.74e-01",NA,NA,NA,0.008843821
"ACOX3","Lymphocyte","ASD","Wald ratio",1," 0.008","0.018"," 1.008","6.74e-01",NA,NA,NA,0.009478429
"ERG","Lymphocyte","ASD","Wald ratio",1,"-0.008","0.019"," 0.992","6.75e-01",NA,NA,NA,0.00937046
"EYA1","Lymphocyte","ASD","Wald ratio",1," 0.013","0.032"," 1.013","6.75e-01",NA,NA,NA,0.00772484
"ZHX2","Lymphocyte","ASD","Wald ratio",1,"-0.008","0.020"," 0.992","6.75e-01",NA,NA,NA,0.007724834
"FAM71F1","Lymphocyte","ASD","Wald ratio",1," 0.010","0.024"," 1.010","6.75e-01",NA,NA,NA,0.008998874
"PRR5","Lymphocyte","ASD","Wald ratio",1,"-0.011","0.025"," 0.989","6.75e-01",NA,NA,NA,0.010002535
"AUTS2","Lymphocyte","ASD","Inverse variance weighted",3," 0.007","0.016"," 1.007","6.75e-01",0.177895871,0.345109814,0.749550352,0.019797814
"EMCN","Lymphocyte","ASD","Wald ratio",1,"-0.010","0.023"," 0.990","6.75e-01",NA,NA,NA,0.008996856
"PXDN","Lymphocyte","ASD","Inverse variance weighted",2," 0.009","0.021"," 1.009","6.75e-01",NA,0.23641123,NA,0.018457428
"CNTN4","Lymphocyte","ASD","Inverse variance weighted",2,"-0.007","0.016"," 0.993","6.76e-01",NA,0.467248098,NA,0.014038444
"VTI1A","Lymphocyte","ASD","Wald ratio",1," 0.007","0.016"," 1.007","6.76e-01",NA,NA,NA,0.007877492
"FTSJD1","Lymphocyte","ASD","Wald ratio",1,"-0.118","0.282"," 0.889","6.76e-01",NA,NA,NA,0.009413995
"FTSJD1","Lymphocyte","ASD","Wald ratio",1,"-0.664","1.591"," 0.515","6.76e-01",NA,NA,NA,0.009401634
"C6orf170","Lymphocyte","ASD","Wald ratio",1,"-0.010","0.023"," 0.990","6.77e-01",NA,NA,NA,0.011930416
"KRT5","Lymphocyte","ASD","Wald ratio",1,"-0.013","0.031"," 0.987","6.77e-01",NA,NA,NA,0.010937554
"GGH","Lymphocyte","ASD","Wald ratio",1," 0.021","0.050"," 1.021","6.77e-01",NA,NA,NA,0.007768761
"SUMO3","Lymphocyte","ASD","Wald ratio",1," 0.148","0.355"," 1.159","6.77e-01",NA,NA,NA,0.008405612
"FAM135B","Lymphocyte","ASD","Wald ratio",1," 0.007","0.017"," 1.007","6.77e-01",NA,NA,NA,0.007767874
"TCF25","Lymphocyte","ASD","Wald ratio",1," 0.012","0.028"," 1.012","6.78e-01",NA,NA,NA,0.012855473
"CBR3","Lymphocyte","ASD","Wald ratio",1," 0.070","0.168"," 1.072","6.78e-01",NA,NA,NA,0.010717691
"LIMD1","Lymphocyte","ASD","Wald ratio",1,"-0.020","0.048"," 0.980","6.79e-01",NA,NA,NA,0.007548726
"SHISA3","Lymphocyte","ASD","Wald ratio",1," 0.008","0.020"," 1.008","6.79e-01",NA,NA,NA,0.007546937
"LDB2","Lymphocyte","ASD","Wald ratio",1," 0.022","0.052"," 1.022","6.79e-01",NA,NA,NA,0.008076118
"RBM33","Lymphocyte","ASD","Wald ratio",1,"-0.007","0.017"," 0.993","6.80e-01",NA,NA,NA,0.008339842
"EOMES","Lymphocyte","ASD","Wald ratio",1,"-0.011","0.028"," 0.989","6.80e-01",NA,NA,NA,0.007436993
"SCARA5","Lymphocyte","ASD","Wald ratio",1," 0.010","0.025"," 1.010","6.80e-01",NA,NA,NA,0.007701666
"NAV2","Lymphocyte","ASD","Inverse variance weighted",3,"-0.005","0.011"," 0.995","6.80e-01",0.712816778,0.502866778,0.465908885,0.023136373
"IMMP2L","Lymphocyte","ASD","Inverse variance weighted",2,"-0.005","0.012"," 0.995","6.80e-01",NA,0.955716847,NA,0.007303669
"SPARC","Lymphocyte","ASD","Wald ratio",1,"-0.015","0.037"," 0.985","6.81e-01",NA,NA,NA,0.014689747
"PPFIBP1","Lymphocyte","ASD","Wald ratio",1," 0.010","0.025"," 1.010","6.81e-01",NA,NA,NA,0.007856694
"CDH4","Lymphocyte","ASD","Wald ratio",1," 0.009","0.023"," 1.009","6.81e-01",NA,NA,NA,0.00785593
"SEMA6A","Lymphocyte","ASD","Inverse variance weighted",2,"-0.007","0.016"," 0.993","6.81e-01",NA,0.942054643,NA,0.00912566
"AHR","Lymphocyte","ASD","Wald ratio",1," 0.007","0.018"," 1.007","6.81e-01",NA,NA,NA,0.009277855
"MPZL2","Lymphocyte","ASD","Wald ratio",1,"-0.050","0.122"," 0.951","6.82e-01",NA,NA,NA,0.007481151
"CEBPE","Lymphocyte","ASD","Wald ratio",1," 0.009","0.022"," 1.009","6.82e-01",NA,NA,NA,0.007481151
"MPZL2","Lymphocyte","ASD","Wald ratio",1,"-0.053","0.130"," 0.948","6.82e-01",NA,NA,NA,0.007481151
"ADAMTS2","Lymphocyte","ANXIETY","Weighted mode",5," 0.012","0.027"," 1.012","6.82e-01",NA,NA,NA,0.009079142
"P2RX1","Lymphocyte","ASD","Wald ratio",1," 0.009","0.021"," 1.009","6.82e-01",NA,NA,NA,0.00774578
"EFNA5","Lymphocyte","ASD","Weighted mode",3," 0.016","0.033"," 1.016","6.82e-01",0.264469168,0.150314968,0.388589287,0.014503447
"MAG","Lymphocyte","ASD","Inverse variance weighted",2," 0.006","0.015"," 1.006","6.83e-01",NA,0.615576882,NA,0.010833936
"LUZP2","Lymphocyte","ASD","Inverse variance weighted",2," 0.006","0.014"," 1.006","6.83e-01",NA,0.761529642,NA,0.00994902
"ENPEP","Lymphocyte","ASD","Wald ratio",1," 0.009","0.022"," 1.009","6.83e-01",NA,NA,NA,0.011560253
"FREM2","Lymphocyte","ASD","Wald ratio",1,"-0.007","0.016"," 0.994","6.83e-01",NA,NA,NA,0.008164549
"IL15RA","Lymphocyte","ASD","Wald ratio",1,"-0.107","0.264"," 0.898","6.84e-01",NA,NA,NA,0.007525375
"LRRN2","Lymphocyte","ASD","Wald ratio",1,"-0.079","0.194"," 0.924","6.84e-01",NA,NA,NA,0.014965063
"FAM115A","Lymphocyte","ASD","Wald ratio",1," 0.049","0.121"," 1.050","6.85e-01",NA,NA,NA,0.007416982
"FAM198B","Lymphocyte","ASD","Wald ratio",1," 0.019","0.047"," 1.019","6.85e-01",NA,NA,NA,0.011046382
"CPSF1","Lymphocyte","ASD","Wald ratio",1," 0.006","0.015"," 1.006","6.85e-01",NA,NA,NA,0.007681195
"VPS28","Lymphocyte","ASD","Wald ratio",1," 0.010","0.023"," 1.010","6.85e-01",NA,NA,NA,0.007681196
"SLC39A4","Lymphocyte","ASD","Wald ratio",1," 0.009","0.023"," 1.009","6.85e-01",NA,NA,NA,0.007681196
"NDUFS6","Lymphocyte","ASD","Wald ratio",1,"-0.537","1.325"," 0.584","6.85e-01",NA,NA,NA,0.011304543
"MRPS26","Lymphocyte","ASD","Wald ratio",1,"-0.033","0.081"," 0.968","6.85e-01",NA,NA,NA,0.007415122
"OR4N5","Lymphocyte","ASD","Wald ratio",1," 0.008","0.021"," 1.009","6.85e-01",NA,NA,NA,0.007415122
"ZBTB16","Lymphocyte","ASD","Wald ratio",1,"-0.013","0.032"," 0.987","6.85e-01",NA,NA,NA,0.010324893
"MTX2","Lymphocyte","ASD","Wald ratio",1,"-0.007","0.017"," 0.993","6.85e-01",NA,NA,NA,0.008471944
"USP22","Lymphocyte","ASD","Wald ratio",1," 0.007","0.018"," 1.007","6.86e-01",NA,NA,NA,0.008998812
"DLG2","Lymphocyte","ASD","Wald ratio",1," 0.008","0.020"," 1.008","6.86e-01",NA,NA,NA,0.009261663
"CD160","Lymphocyte","ASD","Wald ratio",1,"-0.084","0.207"," 0.920","6.86e-01",NA,NA,NA,0.007571274
"NUDT17","Lymphocyte","ASD","Wald ratio",1,"-0.130","0.320"," 0.878","6.86e-01",NA,NA,NA,0.007571274
"MPP6","Lymphocyte","ASD","Wald ratio",1,"-0.580","1.435"," 0.560","6.86e-01",NA,NA,NA,0.015155352
"FLJ40330","Lymphocyte","ASD","Wald ratio",1," 0.009","0.022"," 1.009","6.86e-01",NA,NA,NA,0.007569664
"HK1","Lymphocyte","ASD","Wald ratio",1," 0.008","0.019"," 1.008","6.86e-01",NA,NA,NA,0.008625479
"SDC1","Lymphocyte","ASD","Wald ratio",1,"-0.009","0.022"," 0.991","6.87e-01",NA,NA,NA,0.007989159
"SEL1L2","Lymphocyte","ASD","Wald ratio",1,"-0.067","0.166"," 0.935","6.88e-01",NA,NA,NA,0.010612474
"TRIML1","Lymphocyte","ASD","Wald ratio",1,"-0.013","0.031"," 0.987","6.88e-01",NA,NA,NA,0.012942612
"GALNT9","Lymphocyte","ASD","Wald ratio",1,"-0.013","0.032"," 0.987","6.88e-01",NA,NA,NA,0.01371101
"NOC4L","Lymphocyte","ASD","Wald ratio",1,"-0.011","0.028"," 0.989","6.88e-01",NA,NA,NA,0.013711008
"DNM3","Lymphocyte","ASD","Inverse variance weighted",2,"-0.007","0.017"," 0.993","6.89e-01",NA,0.294869354,NA,0.009593744
"MIR1256","Lymphocyte","ASD","Wald ratio",1,"-0.007","0.018"," 0.993","6.89e-01",NA,NA,NA,0.008032786
"AGPAT4","Lymphocyte","ASD","MR Egger",3,"-0.016","0.030"," 0.984","6.89e-01",0.542843592,0.67352626,0.633874886,0.015219238
"EFNA5","Lymphocyte","ASD","Weighted median",3," 0.012","0.030"," 1.012","6.90e-01",0.264469168,0.150314968,0.388589287,0.014503447
"IL10RB","Lymphocyte","ASD","Inverse variance weighted",2,"-0.009","0.023"," 0.991","6.90e-01",NA,0.449252315,NA,0.008027333
"LOC100287718","Lymphocyte","ASD","Wald ratio",1," 0.019","0.048"," 1.019","6.90e-01",NA,NA,NA,0.007660011
"DEGS2","Lymphocyte","ASD","Wald ratio",1,"-0.008","0.021"," 0.992","6.90e-01",NA,NA,NA,0.008714314
"PRKAR1B","Lymphocyte","ASD","Wald ratio",1,"-0.008","0.019"," 0.992","6.90e-01",NA,NA,NA,0.008970043
"PRKAR1B","Lymphocyte","ASD","Wald ratio",1,"-0.010","0.025"," 0.990","6.90e-01",NA,NA,NA,0.008976481
"HEATR2","Lymphocyte","ASD","Wald ratio",1,"-0.007","0.017"," 0.993","6.90e-01",NA,NA,NA,0.008976482
"HEATR2","Lymphocyte","ASD","Wald ratio",1,"-0.058","0.145"," 0.944","6.90e-01",NA,NA,NA,0.008976482
"MKI67IP","Lymphocyte","ASD","Wald ratio",1," 0.297","0.746"," 1.346","6.90e-01",NA,NA,NA,0.01379861
"CLASP1","Lymphocyte","ASD","Wald ratio",1," 0.281","0.705"," 1.325","6.90e-01",NA,NA,NA,0.01379861
"MTPN","Lymphocyte","ASD","Wald ratio",1,"-0.059","0.148"," 0.943","6.90e-01",NA,NA,NA,0.013028952
"CAND2","Lymphocyte","ASD","Wald ratio",1,"-0.007","0.018"," 0.993","6.90e-01",NA,NA,NA,0.007393704
"FRYL","Lymphocyte","ASD","Wald ratio",1," 0.006","0.014"," 1.006","6.90e-01",NA,NA,NA,0.007393703
"SLC10A4","Lymphocyte","ASD","Wald ratio",1," 0.013","0.034"," 1.013","6.90e-01",NA,NA,NA,0.007393704
"EEF1DP3","Lymphocyte","ASD","Wald ratio",1,"-0.024","0.060"," 0.976","6.91e-01",NA,NA,NA,0.015472299
"RAB22A","Lymphocyte","ASD","Wald ratio",1," 0.007","0.017"," 1.007","6.91e-01",NA,NA,NA,0.007550159
"CDC42EP5","Lymphocyte","ASD","Wald ratio",1," 0.007","0.017"," 1.007","6.91e-01",NA,NA,NA,0.007550159
"LENG8","Lymphocyte","ASD","Wald ratio",1," 0.015","0.038"," 1.015","6.91e-01",NA,NA,NA,0.007550159
"ATP1B1","Lymphocyte","ASD","Inverse variance weighted",2," 0.012","0.029"," 1.012","6.92e-01",NA,0.849328738,NA,0.009860378
"IGSF21","Lymphocyte","ASD","MR Egger",3,"-0.027","0.051"," 0.974","6.92e-01",0.174941964,0.330920202,0.731102346,0.015091544
"NCOR2","Lymphocyte","ASD","Weighted mode",4," 0.010","0.024"," 1.011","6.93e-01",0.004869738,0.012685443,0.871109587,0.006369778
"LRRC27","Lymphocyte","ASD","Wald ratio",1,"-0.062","0.156"," 0.940","6.93e-01",NA,NA,NA,0.008912287
"MOBKL2B","Lymphocyte","ASD","Wald ratio",1,"-0.042","0.106"," 0.959","6.93e-01",NA,NA,NA,0.008122391
"EBF3","Lymphocyte","ASD","Inverse variance weighted",2,"-0.007","0.018"," 0.993","6.93e-01",NA,0.383186931,NA,0.008381684
"RORA","Lymphocyte","ASD","Inverse variance weighted",4,"-0.004","0.011"," 0.996","6.94e-01",0.47256309,0.665433951,0.810811983,0.007802158
"RAPGEF4","Lymphocyte","ASD","Wald ratio",1," 0.006","0.015"," 1.006","6.94e-01",NA,NA,NA,0.007748987
"C18orf1","Lymphocyte","ASD","Inverse variance weighted",3,"-0.010","0.026"," 0.990","6.94e-01",0.101407811,0.000793764,0.285455242,0.008012778
"SLIT3","Lymphocyte","ASD","Inverse variance weighted",4," 0.006","0.015"," 1.006","6.95e-01",0.027053585,0.049481124,0.719174257,0.020050556
"ANGPT2","Lymphocyte","ASD","Weighted mode",3," 0.007","0.016"," 1.007","6.95e-01",0.379674389,0.547197306,0.62910579,0.008732882
"LOC619207","Lymphocyte","ASD","Wald ratio",1,"-0.009","0.024"," 0.991","6.95e-01",NA,NA,NA,0.007837688
"SYCE1","Lymphocyte","ASD","Wald ratio",1,"-0.009","0.022"," 0.991","6.95e-01",NA,NA,NA,0.011090472
"HRG","Lymphocyte","ASD","Wald ratio",1,"-0.007","0.018"," 0.993","6.95e-01",NA,NA,NA,0.007374812
"GP2","Lymphocyte","ASD","Wald ratio",1," 0.006","0.016"," 1.006","6.95e-01",NA,NA,NA,0.007342046
"CES1","Lymphocyte","ASD","Wald ratio",1," 0.007","0.019"," 1.007","6.96e-01",NA,NA,NA,0.008583921
"DOCK9","Lymphocyte","ASD","Wald ratio",1,"-0.010","0.026"," 0.990","6.96e-01",NA,NA,NA,0.011654598
"ATP8B1","Lymphocyte","ASD","Wald ratio",1," 0.018","0.047"," 1.019","6.96e-01",NA,NA,NA,0.01441659
"SERPINF2","Lymphocyte","ASD","Inverse variance weighted",2,"-0.010","0.026"," 0.990","6.97e-01",NA,0.967359939,NA,0.007234861
"KRT83","Lymphocyte","ASD","Wald ratio",1,"-0.009","0.023"," 0.991","6.97e-01",NA,NA,NA,0.007683876
"PVR","Lymphocyte","ASD","Wald ratio",1,"-0.014","0.036"," 0.986","6.98e-01",NA,NA,NA,0.009723558
"NUP214","Lymphocyte","ASD","Wald ratio",1,"-0.049","0.127"," 0.952","6.98e-01",NA,NA,NA,0.008782203
"NXN","Lymphocyte","ASD","Simple mode",4,"-0.006","0.014"," 0.994","6.98e-01",0.118646408,0.16475781,0.595335965,0.015325521
"PDCD1LG2","Lymphocyte","ASD","Wald ratio",1," 0.030","0.078"," 1.031","6.98e-01",NA,NA,NA,0.008782008
"ZXDC","Lymphocyte","ASD","Wald ratio",1," 0.068","0.175"," 1.070","6.98e-01",NA,NA,NA,0.007574021
"KANK2","Lymphocyte","ASD","Wald ratio",1,"-0.006","0.016"," 0.994","6.98e-01",NA,NA,NA,0.00757413
"C3orf14","Lymphocyte","ASD","Wald ratio",1," 0.041","0.105"," 1.042","6.98e-01",NA,NA,NA,0.007836655
"HRNBP3","Lymphocyte","ASD","Weighted median",3,"-0.005","0.013"," 0.995","6.99e-01",0.395566858,0.632620476,0.735869528,0.009915742
"ADAMTS15","Lymphocyte","ASD","Wald ratio",1,"-0.032","0.084"," 0.968","6.99e-01",NA,NA,NA,0.007572169
"UST","Lymphocyte","ASD","Inverse variance weighted",2," 0.010","0.027"," 1.010","6.99e-01",NA,0.33248915,NA,0.006664365
"DLC1","Lymphocyte","ASD","Inverse variance weighted",4,"-0.004","0.010"," 0.996","6.99e-01",0.307082224,0.4958267,0.893742599,0.007747126
"TUBB8","Lymphocyte","ASD","Wald ratio",1,"-0.007","0.018"," 0.993","6.99e-01",NA,NA,NA,0.007991111
"ELAVL4","Lymphocyte","ASD","Wald ratio",1," 0.010","0.026"," 1.010","6.99e-01",NA,NA,NA,0.012711461
"LOC100130557","Lymphocyte","ASD","Wald ratio",1,"-0.097","0.251"," 0.908","7.00e-01",NA,NA,NA,0.009088975
"IGSF21","Lymphocyte","ASD","Inverse variance weighted",3,"-0.005","0.014"," 0.995","7.00e-01",0.174941964,0.330920202,0.731102346,0.015091544
"CDH13","Lymphocyte","ASD","Simple mode",3,"-0.007","0.016"," 0.993","7.00e-01",0.576871523,0.300089428,0.384817403,0.006936532
"CD2AP","Lymphocyte","ASD","Wald ratio",1,"-0.008","0.020"," 0.992","7.00e-01",NA,NA,NA,0.008300542
"RNF7","Lymphocyte","ASD","Wald ratio",1,"-0.007","0.017"," 0.993","7.01e-01",NA,NA,NA,0.00765144
"KLC1","Lymphocyte","ASD","Wald ratio",1,"-0.006","0.015"," 0.994","7.01e-01",NA,NA,NA,0.007616928
"XRCC3","Lymphocyte","ASD","Wald ratio",1,"-0.007","0.018"," 0.993","7.01e-01",NA,NA,NA,0.007616928
"XRCC3","Lymphocyte","ASD","Wald ratio",1,"-0.050","0.129"," 0.952","7.01e-01",NA,NA,NA,0.007616928
"PHOX2B","Lymphocyte","ASD","Wald ratio",1," 0.020","0.053"," 1.021","7.01e-01",NA,NA,NA,0.01074689
"PTPN21","Lymphocyte","ASD","Wald ratio",1," 0.009","0.023"," 1.009","7.01e-01",NA,NA,NA,0.011250125
"NHEDC2","Lymphocyte","ASD","Wald ratio",1," 0.015","0.038"," 1.015","7.02e-01",NA,NA,NA,0.011722404
"SHANK2","Lymphocyte","ASD","MR Egger",4,"-0.042","0.095"," 0.959","7.02e-01",0.194881259,0.322835275,0.752551828,0.008683564
"ZDHHC20","Lymphocyte","ASD","Wald ratio",1,"-0.008","0.022"," 0.992","7.03e-01",NA,NA,NA,0.011354073
"C11orf51","Lymphocyte","ASD","Wald ratio",1," 0.311","0.817"," 1.365","7.03e-01",NA,NA,NA,0.014972456
"C1orf77","Lymphocyte","ASD","Wald ratio",1," 0.008","0.020"," 1.008","7.03e-01",NA,NA,NA,0.007397487
"PRR5L","Lymphocyte","ASD","Wald ratio",1," 0.007","0.017"," 1.007","7.03e-01",NA,NA,NA,0.008235909
"STX17","Lymphocyte","ASD","Wald ratio",1," 0.119","0.313"," 1.126","7.03e-01",NA,NA,NA,0.007816361
"TRIM59","Lymphocyte","ASD","Wald ratio",1," 0.023","0.059"," 1.023","7.04e-01",NA,NA,NA,0.009331249
"DLEU7","Lymphocyte","ASD","Wald ratio",1," 0.015","0.039"," 1.015","7.04e-01",NA,NA,NA,0.016969841
"CXCR2","Lymphocyte","ASD","Wald ratio",1,"-0.008","0.021"," 0.992","7.05e-01",NA,NA,NA,0.007444026
"CXCR2","Lymphocyte","ASD","Wald ratio",1,"-0.006","0.016"," 0.994","7.05e-01",NA,NA,NA,0.007444026
"TMEM132D","Lymphocyte","ASD","Weighted median",3,"-0.005","0.013"," 0.995","7.05e-01",0.06778312,0.146255061,0.762948579,0.024582769
"ENTPD3","Lymphocyte","ASD","Wald ratio",1," 0.007","0.018"," 1.007","7.05e-01",NA,NA,NA,0.007861216
"RPL14","Lymphocyte","ASD","Wald ratio",1," 0.430","1.138"," 1.538","7.05e-01",NA,NA,NA,0.007861216
"BNC2","Lymphocyte","ASD","Inverse variance weighted",2,"-0.009","0.023"," 0.992","7.06e-01",NA,0.127961679,NA,0.012029202
"OR52R1","Lymphocyte","ASD","Wald ratio",1,"-0.006","0.016"," 0.994","7.06e-01",NA,NA,NA,0.008015725
"RNF180","Lymphocyte","ASD","Wald ratio",1,"-0.014","0.037"," 0.986","7.06e-01",NA,NA,NA,0.007334125
"MCTP1","Lymphocyte","ASD","Inverse variance weighted",2," 0.005","0.015"," 1.005","7.06e-01",NA,0.81289213,NA,0.009938572
"GALNT13","Lymphocyte","ASD","Inverse variance weighted",2," 0.031","0.083"," 1.032","7.06e-01",NA,0.086938135,NA,0.026270095
"ADAMTS2","Lymphocyte","ANXIETY","MR Egger",5," 0.033","0.079"," 1.033","7.06e-01",NA,NA,NA,0.009079142
"DOCK10","Lymphocyte","ASD","Inverse variance weighted",2,"-0.005","0.014"," 0.995","7.07e-01",NA,0.64833223,NA,0.00715473
"ITPR1","Lymphocyte","ASD","Inverse variance weighted",2," 0.008","0.021"," 1.008","7.07e-01",NA,0.335520454,NA,0.009412798
"SPOP","Lymphocyte","ASD","Wald ratio",1," 0.082","0.219"," 1.085","7.08e-01",NA,NA,NA,0.013422416
"ELOVL4","Lymphocyte","ASD","Wald ratio",1," 0.312","0.832"," 1.366","7.08e-01",NA,NA,NA,0.01478498
"IRF1","Lymphocyte","ASD","Wald ratio",1,"-0.010","0.027"," 0.990","7.09e-01",NA,NA,NA,0.007796482
"RNGTT","Lymphocyte","ASD","Wald ratio",1,"-0.008","0.021"," 0.992","7.09e-01",NA,NA,NA,0.01044651
"GALNT14","Lymphocyte","ASD","Wald ratio",1,"-0.008","0.021"," 0.992","7.10e-01",NA,NA,NA,0.009924041
"LASS2","Lymphocyte","ASD","Wald ratio",1,"-0.012","0.033"," 0.988","7.10e-01",NA,NA,NA,0.007686995
"SETDB1","Lymphocyte","ASD","Wald ratio",1,"-0.007","0.018"," 0.993","7.10e-01",NA,NA,NA,0.007686995
"B3GNT7","Lymphocyte","ASD","Wald ratio",1," 0.009","0.025"," 1.010","7.10e-01",NA,NA,NA,0.00867762
"FGF12","Lymphocyte","ASD","Inverse variance weighted",3," 0.008","0.021"," 1.008","7.10e-01",0.08642515,0.048412734,0.490720384,0.022816576
"DUSP4","Lymphocyte","ASD","Wald ratio",1," 0.009","0.024"," 1.009","7.10e-01",NA,NA,NA,0.009247751
"MAPK10","Lymphocyte","ASD","Wald ratio",1,"-0.006","0.017"," 0.994","7.10e-01",NA,NA,NA,0.008415235
"CCNI","Lymphocyte","ASD","Wald ratio",1,"-0.007","0.020"," 0.993","7.11e-01",NA,NA,NA,0.00742287
"NMRAL1","Lymphocyte","ASD","Wald ratio",1," 0.010","0.028"," 1.010","7.11e-01",NA,NA,NA,0.00841423
"HMOX2","Lymphocyte","ASD","Wald ratio",1," 0.159","0.430"," 1.173","7.11e-01",NA,NA,NA,0.00841423
"HMOX2","Lymphocyte","ASD","Wald ratio",1," 0.006","0.017"," 1.006","7.11e-01",NA,NA,NA,0.00841423
"ACCN1","Lymphocyte","ASD","Simple mode",3,"-0.007","0.015"," 0.993","7.11e-01",0.514696395,0.783429233,0.842680696,0.007807848
"TAF10","Lymphocyte","ASD","Wald ratio",1,"-0.006","0.017"," 0.994","7.11e-01",NA,NA,NA,0.008102127
"ILK","Lymphocyte","ASD","Wald ratio",1,"-0.006","0.016"," 0.994","7.11e-01",NA,NA,NA,0.00525189
"TARBP1","Lymphocyte","ASD","Inverse variance weighted",2,"-0.005","0.014"," 0.995","7.11e-01",NA,0.766288523,NA,0.007507203
"SLC30A10","Lymphocyte","ASD","Wald ratio",1," 0.008","0.023"," 1.009","7.11e-01",NA,NA,NA,0.009139271
"RRM2","Lymphocyte","ASD","Wald ratio",1," 0.028","0.075"," 1.028","7.12e-01",NA,NA,NA,0.00830491
"PTPRJ","Lymphocyte","ASD","Wald ratio",1," 0.017","0.046"," 1.017","7.13e-01",NA,NA,NA,0.017436242
"STX2","Lymphocyte","ASD","Inverse variance weighted",2,"-0.007","0.018"," 0.993","7.13e-01",NA,0.765331093,NA,0.00698139
"COL4A4","Lymphocyte","ASD","Wald ratio",1,"-0.005","0.015"," 0.995","7.14e-01",NA,NA,NA,0.007359141
"PTK7","Lymphocyte","ASD","Wald ratio",1,"-0.015","0.042"," 0.985","7.14e-01",NA,NA,NA,0.019624169
"MEA1","Lymphocyte","ASD","Wald ratio",1,"-0.292","0.796"," 0.747","7.14e-01",NA,NA,NA,0.019624168
"SPATA13","Lymphocyte","ASD","MR Egger",3," 0.028","0.057"," 1.028","7.14e-01",0.784706744,0.872730397,0.733694363,0.00845567
"FER1L6","Lymphocyte","ASD","Inverse variance weighted",2,"-0.008","0.021"," 0.992","7.14e-01",NA,0.800320213,NA,0.010019287
"EPAS1","Lymphocyte","ASD","Wald ratio",1," 0.011","0.030"," 1.011","7.15e-01",NA,NA,NA,0.007404885
"STEAP3","Lymphocyte","ASD","Wald ratio",1," 0.005","0.015"," 1.005","7.16e-01",NA,NA,NA,0.007548155
"FERMT1","Lymphocyte","ASD","Inverse variance weighted",2," 0.009","0.025"," 1.009","7.17e-01",NA,0.448251714,NA,0.015740664
"COMT","Lymphocyte","ASD","Wald ratio",1," 0.006","0.017"," 1.006","7.17e-01",NA,NA,NA,0.007867555
"EHF","Lymphocyte","ASD","Inverse variance weighted",2,"-0.009","0.024"," 0.991","7.18e-01",NA,0.163088706,NA,0.011431236
"SNORD38A","Lymphocyte","ASD","Wald ratio",1," 0.012","0.033"," 1.012","7.18e-01",NA,NA,NA,0.007604902
"PTCH2","Lymphocyte","ASD","Wald ratio",1," 0.006","0.018"," 1.006","7.18e-01",NA,NA,NA,0.007605059
"BEST4","Lymphocyte","ASD","Wald ratio",1," 0.006","0.015"," 1.006","7.18e-01",NA,NA,NA,0.007326154
"KIF2C","Lymphocyte","ASD","Wald ratio",1," 0.063","0.173"," 1.065","7.18e-01",NA,NA,NA,0.007605059
"ZNF826","Lymphocyte","ASD","Wald ratio",1," 0.071","0.198"," 1.074","7.18e-01",NA,NA,NA,0.008332294
"RFFL","Lymphocyte","ASD","Wald ratio",1," 0.010","0.028"," 1.010","7.19e-01",NA,NA,NA,0.011929984
"ARHGAP8","Lymphocyte","ASD","Wald ratio",1,"-0.009","0.025"," 0.991","7.19e-01",NA,NA,NA,0.007912805
"NCRNA00176","Lymphocyte","ASD","Wald ratio",1,"-0.008","0.022"," 0.992","7.19e-01",NA,NA,NA,0.009363674
"TCEA2","Lymphocyte","ASD","Wald ratio",1,"-0.012","0.033"," 0.988","7.19e-01",NA,NA,NA,0.009363674
"SAMD10","Lymphocyte","ASD","Wald ratio",1,"-0.007","0.020"," 0.993","7.19e-01",NA,NA,NA,0.009363674
"FAM105A","Lymphocyte","ASD","Wald ratio",1,"-0.012","0.034"," 0.988","7.19e-01",NA,NA,NA,0.012640084
"ODZ2","Lymphocyte","ASD","Inverse variance weighted",2,"-0.008","0.023"," 0.992","7.20e-01",NA,0.614825334,NA,0.0128396
"RRAGD","Lymphocyte","ASD","Wald ratio",1," 0.005","0.015"," 1.005","7.20e-01",NA,NA,NA,0.007494208
"C19orf53","Lymphocyte","ASD","Wald ratio",1,"-0.007","0.019"," 0.993","7.20e-01",NA,NA,NA,0.008377472
"VEZF1","Lymphocyte","ASD","Wald ratio",1," 0.010","0.029"," 1.010","7.20e-01",NA,NA,NA,0.013242717
"ARSJ","Lymphocyte","ASD","Wald ratio",1,"-0.048","0.134"," 0.953","7.20e-01",NA,NA,NA,0.008376074
"LOC100292680","Lymphocyte","ASD","Wald ratio",1," 0.008","0.023"," 1.008","7.21e-01",NA,NA,NA,0.007385027
"CHAT","Lymphocyte","ASD","Wald ratio",1," 0.005","0.015"," 1.005","7.21e-01",NA,NA,NA,0.007385027
"TOM1","Lymphocyte","ASD","Wald ratio",1,"-0.012","0.034"," 0.988","7.21e-01",NA,NA,NA,0.007540899
"C10orf72","Lymphocyte","ASD","Wald ratio",1,"-0.008","0.021"," 0.993","7.21e-01",NA,NA,NA,0.008992502
"ELFN2","Lymphocyte","ASD","Wald ratio",1," 0.007","0.020"," 1.007","7.21e-01",NA,NA,NA,0.008422585
"TOR3A","Lymphocyte","ASD","Wald ratio",1," 0.009","0.024"," 1.009","7.22e-01",NA,NA,NA,0.010740834
"ADAMTS9","Lymphocyte","ASD","Wald ratio",1,"-0.008","0.023"," 0.992","7.22e-01",NA,NA,NA,0.008005095
"AQP2","Lymphocyte","ASD","Wald ratio",1,"-0.007","0.021"," 0.993","7.22e-01",NA,NA,NA,0.009453491
"MAP4K3","Lymphocyte","ASD","Wald ratio",1," 0.006","0.017"," 1.006","7.22e-01",NA,NA,NA,0.007276385
"TRPC6","Lymphocyte","ASD","Wald ratio",1,"-0.006","0.016"," 0.994","7.23e-01",NA,NA,NA,0.007275643
"PRR5-ARHGAP8","Lymphocyte","ASD","Wald ratio",1," 0.011","0.031"," 1.011","7.23e-01",NA,NA,NA,0.011419004
"PFKFB3","Lymphocyte","ASD","Wald ratio",1,"-0.012","0.033"," 0.988","7.23e-01",NA,NA,NA,0.010719016
"PCBP1","Lymphocyte","ASD","Wald ratio",1,"-0.052","0.146"," 0.950","7.23e-01",NA,NA,NA,0.016469567
"ODZ4","Lymphocyte","ASD","Inverse variance weighted",2," 0.012","0.033"," 1.012","7.23e-01",NA,0.113442403,NA,0.032654333
"TP53BP2","Lymphocyte","ASD","Wald ratio",1," 0.016","0.044"," 1.016","7.23e-01",NA,NA,NA,0.012667128
"PPT1","Lymphocyte","ASD","Wald ratio",1," 0.006","0.016"," 1.006","7.25e-01",NA,NA,NA,0.008203149
"GDEP","Lymphocyte","ASD","Wald ratio",1," 0.008","0.024"," 1.008","7.26e-01",NA,NA,NA,0.010156845
"ABCG2","Lymphocyte","ASD","Wald ratio",1," 0.018","0.050"," 1.018","7.26e-01",NA,NA,NA,0.007367455
"SAMD12","Lymphocyte","ASD","Inverse variance weighted",2,"-0.012","0.035"," 0.988","7.27e-01",NA,0.180780647,NA,0.018009419
"VCL","Lymphocyte","ASD","Wald ratio",1," 0.077","0.219"," 1.080","7.27e-01",NA,NA,NA,0.008866348
"COL18A1","Lymphocyte","ASD","Inverse variance weighted",2,"-0.008","0.024"," 0.992","7.27e-01",NA,0.485316247,NA,0.010721429
"RORA","Lymphocyte","ASD","MR Egger",4,"-0.011","0.028"," 0.989","7.27e-01",0.47256309,0.665433951,0.810811983,0.007802158
"THTPA","Lymphocyte","ASD","Wald ratio",1," 0.009","0.024"," 1.009","7.27e-01",NA,NA,NA,0.010354764
"TNFSF4","Lymphocyte","ASD","Wald ratio",1,"-0.007","0.020"," 0.993","7.28e-01",NA,NA,NA,0.007985282
"TLL1","Lymphocyte","ASD","Wald ratio",1,"-0.005","0.015"," 0.995","7.28e-01",NA,NA,NA,0.007411826
"WDR70","Lymphocyte","ASD","Wald ratio",1,"-0.010","0.028"," 0.990","7.29e-01",NA,NA,NA,0.01061189
"LTBP1","Lymphocyte","ASD","Wald ratio",1," 0.017","0.049"," 1.017","7.29e-01",NA,NA,NA,0.010855947
"SH3BP5","Lymphocyte","ASD","Wald ratio",1,"-0.020","0.057"," 0.981","7.29e-01",NA,NA,NA,0.010998822
"JAKMIP3","Lymphocyte","ASD","Wald ratio",1," 0.006","0.019"," 1.006","7.30e-01",NA,NA,NA,0.008956986
"ANGPT2","Lymphocyte","ASD","Weighted median",3," 0.005","0.015"," 1.005","7.31e-01",0.379674389,0.547197306,0.62910579,0.008732882
"C3","Lymphocyte","ASD","Wald ratio",1," 0.017","0.049"," 1.017","7.31e-01",NA,NA,NA,0.011357631
"OR5A2","Lymphocyte","ASD","Wald ratio",1,"-0.006","0.019"," 0.994","7.31e-01",NA,NA,NA,0.006730451
"KIAA1217","Lymphocyte","ASD","Simple mode",3,"-0.010","0.025"," 0.990","7.31e-01",0.70190406,0.67655829,0.571670072,0.016910912
"DYNC1LI1","Lymphocyte","ASD","Wald ratio",1," 0.225","0.656"," 1.252","7.31e-01",NA,NA,NA,0.012267733
"MIR548H4","Lymphocyte","ASD","Wald ratio",1,"-0.010","0.028"," 0.990","7.32e-01",NA,NA,NA,0.007349375
"TEAD1","Lymphocyte","ASD","Wald ratio",1," 0.006","0.018"," 1.006","7.32e-01",NA,NA,NA,0.007659253
"TBCB","Lymphocyte","ASD","Wald ratio",1," 0.006","0.017"," 1.006","7.32e-01",NA,NA,NA,0.007814066
"CLIP3","Lymphocyte","ASD","Wald ratio",1," 0.005","0.016"," 1.005","7.32e-01",NA,NA,NA,0.00515823
"ARHGEF10","Lymphocyte","ASD","MR Egger",3,"-0.046","0.102"," 0.955","7.32e-01",0.513056195,0.763987478,0.795625341,0.007696647
"ST3GAL1","Lymphocyte","ASD","Weighted mode",3,"-0.010","0.026"," 0.990","7.32e-01",0.472254617,0.759494327,0.884739649,0.008180832
"KIAA0040","Lymphocyte","ASD","Wald ratio",1," 0.011","0.032"," 1.011","7.32e-01",NA,NA,NA,0.008123343
"KIAA0040","Lymphocyte","ASD","Wald ratio",1," 0.332","0.969"," 1.393","7.32e-01",NA,NA,NA,0.008123343
"OR5AU1","Lymphocyte","ASD","Wald ratio",1,"-0.007","0.021"," 0.993","7.32e-01",NA,NA,NA,0.0100754
"CAT","Lymphocyte","ASD","Wald ratio",1,"-0.005","0.016"," 0.995","7.32e-01",NA,NA,NA,0.007967512
"MAGI1","Lymphocyte","ASD","Wald ratio",1,"-0.008","0.023"," 0.992","7.33e-01",NA,NA,NA,0.01083996
"ANKFN1","Lymphocyte","ASD","Wald ratio",1,"-0.007","0.021"," 0.993","7.33e-01",NA,NA,NA,0.010380905
"SLC22A23","Lymphocyte","ASD","Inverse variance weighted",3,"-0.009","0.025"," 0.991","7.33e-01",0.437369236,0.088021352,0.287307939,0.01532387
"TRIM41","Lymphocyte","ASD","Wald ratio",1," 0.013","0.037"," 1.013","7.33e-01",NA,NA,NA,0.009507967
"ACAT2","Lymphocyte","ASD","Wald ratio",1,"-0.042","0.124"," 0.959","7.33e-01",NA,NA,NA,0.009507967
"NALCN","Lymphocyte","ANXIETY","Wald ratio",1," 0.014","0.040"," 1.014","7.34e-01",NA,NA,NA,0.009079142
"GLRB","Lymphocyte","ASD","Wald ratio",1,"-0.010","0.029"," 0.990","7.34e-01",NA,NA,NA,0.009967671
"GLRB","Lymphocyte","ASD","Wald ratio",1,"-0.007","0.021"," 0.993","7.34e-01",NA,NA,NA,0.009967671
"SLC37A2","Lymphocyte","ASD","Wald ratio",1,"-0.013","0.037"," 0.987","7.34e-01",NA,NA,NA,0.010120574
"GHSR","Lymphocyte","ASD","Wald ratio",1,"-0.006","0.019"," 0.994","7.34e-01",NA,NA,NA,0.008323396
"IGF1R","Lymphocyte","ASD","Simple mode",3,"-0.011","0.028"," 0.989","7.34e-01",0.108095485,0.096762831,0.533638811,0.013199262
"EPB41","Lymphocyte","ASD","Wald ratio",1," 0.025","0.073"," 1.025","7.35e-01",NA,NA,NA,0.014053704
"HRNR","Lymphocyte","ASD","Wald ratio",1," 0.005","0.015"," 1.005","7.35e-01",NA,NA,NA,0.007440906
"FLG2","Lymphocyte","ASD","Wald ratio",1," 0.005","0.015"," 1.005","7.35e-01",NA,NA,NA,0.007438643
"FLG","Lymphocyte","ASD","Wald ratio",1," 0.005","0.015"," 1.005","7.35e-01",NA,NA,NA,0.007440906
"PHACTR1","Lymphocyte","ASD","Wald ratio",1,"-0.006","0.018"," 0.994","7.35e-01",NA,NA,NA,0.007595848
"GNLY","Lymphocyte","ASD","Wald ratio",1,"-0.005","0.016"," 0.995","7.35e-01",NA,NA,NA,0.007440374
"C8orf85","Lymphocyte","ASD","Wald ratio",1,"-0.016","0.048"," 0.984","7.35e-01",NA,NA,NA,0.007440374
"SLC12A5","Lymphocyte","ASD","Wald ratio",1,"-0.006","0.018"," 0.994","7.36e-01",NA,NA,NA,0.008213173
"AACS","Lymphocyte","ASD","Inverse variance weighted",2," 0.011","0.034"," 1.011","7.37e-01",NA,0.523424043,NA,0.012286487
"STAB2","Lymphocyte","ASD","Wald ratio",1,"-0.007","0.020"," 0.993","7.37e-01",NA,NA,NA,0.008722842
"CYP19A1","Lymphocyte","ASD","Wald ratio",1,"-0.008","0.023"," 0.992","7.38e-01",NA,NA,NA,0.011324023
"UNC5C","Lymphocyte","ASD","Inverse variance weighted",2," 0.005","0.014"," 1.005","7.38e-01",NA,0.519334484,NA,0.007986959
"LRP2","Lymphocyte","ASD","Wald ratio",1," 0.005","0.014"," 1.005","7.39e-01",NA,NA,NA,0.007222337
"KIAA1751","Lymphocyte","ASD","Wald ratio",1,"-0.005","0.014"," 0.995","7.39e-01",NA,NA,NA,0.006860243
"SLC35E2","Lymphocyte","ASD","Wald ratio",1,"-0.005","0.015"," 0.995","7.39e-01",NA,NA,NA,0.007222519
"NADK","Lymphocyte","ASD","Wald ratio",1,"-0.005","0.016"," 0.995","7.39e-01",NA,NA,NA,0.007222519
"DHRS9","Lymphocyte","ASD","Wald ratio",1," 0.009","0.026"," 1.009","7.39e-01",NA,NA,NA,0.007222519
"CALML6","Lymphocyte","ASD","Wald ratio",1,"-0.005","0.015"," 0.995","7.39e-01",NA,NA,NA,0.007222498
"ABCB11","Lymphocyte","ASD","Wald ratio",1," 0.005","0.014"," 1.005","7.39e-01",NA,NA,NA,0.007222519
"CDK11B","Lymphocyte","ASD","Wald ratio",1,"-0.007","0.020"," 0.993","7.39e-01",NA,NA,NA,0.007221843
"JAZF1","Lymphocyte","ASD","Inverse variance weighted",2," 0.004","0.013"," 1.004","7.39e-01",NA,0.461883373,NA,0.008714037
"RADIL","Lymphocyte","ASD","Wald ratio",1,"-0.006","0.019"," 0.994","7.39e-01",NA,NA,NA,0.009689437
"KIAA0415","Lymphocyte","ASD","Wald ratio",1,"-0.007","0.021"," 0.993","7.39e-01",NA,NA,NA,0.009689437
"FAM155A","Lymphocyte","ASD","Wald ratio",1,"-0.005","0.015"," 0.995","7.39e-01",NA,NA,NA,0.007377243
"ARRB1","Lymphocyte","ASD","Wald ratio",1," 0.025","0.075"," 1.025","7.39e-01",NA,NA,NA,0.013175472
"ATP8A2","Lymphocyte","ASD","MR Egger",3,"-0.011","0.026"," 0.989","7.41e-01",0.253445432,0.520835871,0.988449298,0.007495427
"ERC1","Lymphocyte","ASD","Wald ratio",1,"-0.053","0.160"," 0.948","7.41e-01",NA,NA,NA,0.01416989
"TRPV6","Lymphocyte","ASD","Wald ratio",1,"-0.009","0.028"," 0.991","7.41e-01",NA,NA,NA,0.013721112
"SPATA13","Lymphocyte","ASD","Weighted median",3," 0.005","0.015"," 1.005","7.41e-01",0.784706744,0.872730397,0.733694363,0.00845567
"VWA5B2","Lymphocyte","ASD","Wald ratio",1," 0.104","0.316"," 1.110","7.42e-01",NA,NA,NA,0.008397438
"ALG3","Lymphocyte","ASD","Wald ratio",1," 0.006","0.017"," 1.006","7.42e-01",NA,NA,NA,0.008371457
"SNX24","Lymphocyte","ASD","Wald ratio",1," 0.122","0.371"," 1.130","7.42e-01",NA,NA,NA,0.007933935
"DPYS","Lymphocyte","ASD","Wald ratio",1," 0.012","0.036"," 1.012","7.42e-01",NA,NA,NA,0.00762389
"TPH2","Lymphocyte","ASD","Wald ratio",1," 0.005","0.014"," 1.005","7.42e-01",NA,NA,NA,0.007314443
"PHGR1","Lymphocyte","ASD","Wald ratio",1," 0.010","0.032"," 1.010","7.43e-01",NA,NA,NA,0.007159269
"BAHD1","Lymphocyte","ASD","Wald ratio",1," 0.015","0.047"," 1.015","7.43e-01",NA,NA,NA,0.007159208
"ZNF57","Lymphocyte","ASD","Wald ratio",1," 0.134","0.409"," 1.143","7.43e-01",NA,NA,NA,0.011245608
"SOCS5","Lymphocyte","ASD","Wald ratio",1," 0.014","0.044"," 1.015","7.43e-01",NA,NA,NA,0.014153802
"CWF19L2","Lymphocyte","ASD","Wald ratio",1," 0.122","0.375"," 1.130","7.44e-01",NA,NA,NA,0.015387815
"LOC642597","Lymphocyte","ASD","Wald ratio",1," 0.008","0.023"," 1.008","7.44e-01",NA,NA,NA,0.010177555
"VAT1L","Lymphocyte","ASD","Wald ratio",1," 0.013","0.040"," 1.013","7.44e-01",NA,NA,NA,0.012501584
"CCDC40","Lymphocyte","ASD","Wald ratio",1," 0.005","0.016"," 1.005","7.44e-01",NA,NA,NA,0.00720541
"CPNE4","Lymphocyte","ASD","Wald ratio",1,"-0.035","0.106"," 0.966","7.45e-01",NA,NA,NA,0.010833935
"KITLG","Lymphocyte","ASD","Wald ratio",1,"-0.006","0.018"," 0.994","7.45e-01",NA,NA,NA,0.004506352
"LRP6","Lymphocyte","ASD","Wald ratio",1," 0.017","0.053"," 1.017","7.45e-01",NA,NA,NA,0.009103568
"SLIT3","Lymphocyte","ASD","MR Egger",4,"-0.058","0.155"," 0.944","7.45e-01",0.027053585,0.049481124,0.719174257,0.020050556
"ARHGEF10","Lymphocyte","ASD","Simple mode",3,"-0.006","0.017"," 0.994","7.45e-01",0.513056195,0.763987478,0.795625341,0.007696647
"RCL1","Lymphocyte","ASD","Wald ratio",1," 0.016","0.050"," 1.017","7.45e-01",NA,NA,NA,0.01052812
"GJA5","Lymphocyte","ASD","Wald ratio",1,"-0.012","0.037"," 0.988","7.45e-01",NA,NA,NA,0.008487693
"TTLL13","Lymphocyte","ASD","Wald ratio",1," 0.007","0.020"," 1.007","7.45e-01",NA,NA,NA,0.008179284
"JAM2","Lymphocyte","ASD","Wald ratio",1,"-0.031","0.096"," 0.969","7.46e-01",NA,NA,NA,0.009763981
"ST3GAL1","Lymphocyte","ASD","Simple mode",3,"-0.010","0.027"," 0.990","7.46e-01",0.472254617,0.759494327,0.884739649,0.008180832
"CACNA1G","Lymphocyte","ASD","Wald ratio",1,"-0.006","0.019"," 0.994","7.46e-01",NA,NA,NA,0.008024912
"FZD7","Lymphocyte","ASD","Wald ratio",1," 0.038","0.118"," 1.039","7.46e-01",NA,NA,NA,0.00771636
"WWTR1","Lymphocyte","ASD","Wald ratio",1," 0.007","0.020"," 1.007","7.46e-01",NA,NA,NA,0.009763526
"ARHGEF10","Lymphocyte","ASD","Weighted mode",3,"-0.006","0.016"," 0.994","7.46e-01",0.513056195,0.763987478,0.795625341,0.007696647
"METTL13","Lymphocyte","ASD","Wald ratio",1,"-0.008","0.024"," 0.992","7.46e-01",NA,NA,NA,0.009150518
"ABAT","Lymphocyte","ASD","Inverse variance weighted",2," 0.005","0.016"," 1.005","7.46e-01",NA,0.39973741,NA,0.007983922
"NCOR2","Lymphocyte","ASD","MR Egger",4,"-0.047","0.126"," 0.954","7.46e-01",0.004869738,0.012685443,0.871109587,0.006369778
"SV2C","Lymphocyte","ASD","Wald ratio",1,"-0.007","0.021"," 0.993","7.47e-01",NA,NA,NA,0.010115504
"LMF1","Lymphocyte","ASD","Wald ratio",1," 0.005","0.017"," 1.005","7.47e-01",NA,NA,NA,0.00798706
"AGTPBP1","Lymphocyte","ASD","Wald ratio",1," 0.011","0.033"," 1.011","7.47e-01",NA,NA,NA,0.015712248
"DIP2C","Lymphocyte","ASD","Wald ratio",1," 0.005","0.016"," 1.005","7.47e-01",NA,NA,NA,0.007762384
"MOBP","Lymphocyte","ASD","Wald ratio",1,"-0.019","0.059"," 0.981","7.47e-01",NA,NA,NA,0.009042616
"KRTAP10-6","Lymphocyte","ASD","Wald ratio",1," 0.016","0.050"," 1.016","7.48e-01",NA,NA,NA,0.014823007
"NT5DC3","Lymphocyte","ASD","Wald ratio",1,"-0.109","0.338"," 0.897","7.48e-01",NA,NA,NA,0.01016092
"IDE","Lymphocyte","ASD","Wald ratio",1,"-0.013","0.039"," 0.987","7.48e-01",NA,NA,NA,0.012832274
"BCAR3","Lymphocyte","ASD","Wald ratio",1," 0.014","0.045"," 1.014","7.48e-01",NA,NA,NA,0.008426504
"PLEKHG1","Lymphocyte","ASD","Wald ratio",1," 0.008","0.024"," 1.008","7.48e-01",NA,NA,NA,0.011424786
"PRDM6","Lymphocyte","ASD","Wald ratio",1," 0.005","0.016"," 1.005","7.49e-01",NA,NA,NA,0.007962453
"ADAMTS3","Lymphocyte","ASD","Wald ratio",1,"-0.081","0.254"," 0.922","7.49e-01",NA,NA,NA,0.007807938
"CHPT1","Lymphocyte","ASD","Wald ratio",1,"-0.078","0.243"," 0.925","7.50e-01",NA,NA,NA,0.007343791
"PFKP","Lymphocyte","ASD","Wald ratio",1,"-0.008","0.026"," 0.992","7.50e-01",NA,NA,NA,0.007343759
"FAM41C","Lymphocyte","ASD","Wald ratio",1,"-0.037","0.116"," 0.964","7.50e-01",NA,NA,NA,0.011014219
"FLJ44817","Lymphocyte","ASD","Wald ratio",1,"-0.028","0.087"," 0.973","7.50e-01",NA,NA,NA,0.009747041
"XKR9","Lymphocyte","ASD","Wald ratio",1,"-0.042","0.133"," 0.959","7.50e-01",NA,NA,NA,0.007188824
"LRRC32","Lymphocyte","ASD","Wald ratio",1,"-0.013","0.041"," 0.987","7.50e-01",NA,NA,NA,0.009119833
"BBS9","Lymphocyte","ASD","Wald ratio",1," 0.170","0.536"," 1.186","7.51e-01",NA,NA,NA,0.012966855
"C6orf204","Lymphocyte","ASD","Wald ratio",1,"-0.094","0.295"," 0.911","7.51e-01",NA,NA,NA,0.009486931
"RPL28","Lymphocyte","ASD","Wald ratio",1," 0.563","1.775"," 1.755","7.51e-01",NA,NA,NA,0.014553403
"FAM71E2","Lymphocyte","ASD","Wald ratio",1," 0.012","0.038"," 1.012","7.51e-01",NA,NA,NA,0.014553403
"COX6B2","Lymphocyte","ASD","Wald ratio",1," 0.011","0.035"," 1.011","7.51e-01",NA,NA,NA,0.014553403
"C4orf32","Lymphocyte","ASD","Wald ratio",1,"-0.005","0.017"," 0.995","7.51e-01",NA,NA,NA,0.007389987
"ROR1","Lymphocyte","ASD","Wald ratio",1," 0.011","0.033"," 1.011","7.51e-01",NA,NA,NA,0.009333538
"ANKS1A","Lymphocyte","ASD","Wald ratio",1," 0.005","0.016"," 1.005","7.52e-01",NA,NA,NA,0.007235055
"DSCAM","Lymphocyte","ASD","MR Egger",3," 0.010","0.024"," 1.010","7.52e-01",0.372250807,0.168983025,0.344955437,0.009812878
"DCN","Lymphocyte","ASD","Wald ratio",1,"-0.009","0.029"," 0.991","7.52e-01",NA,NA,NA,0.013653453
"TFAP2A","Lymphocyte","ASD","Wald ratio",1," 0.020","0.064"," 1.021","7.52e-01",NA,NA,NA,0.010800666
"MUM1","Lymphocyte","ASD","Wald ratio",1," 0.012","0.037"," 1.012","7.53e-01",NA,NA,NA,0.008254925
"NDUFS7","Lymphocyte","ASD","Wald ratio",1," 0.006","0.020"," 1.006","7.53e-01",NA,NA,NA,0.008254982
"DPP4","Lymphocyte","ASD","Wald ratio",1,"-0.017","0.054"," 0.983","7.54e-01",NA,NA,NA,0.007791773
"C2orf3","Lymphocyte","ASD","Wald ratio",1,"-0.221","0.707"," 0.801","7.54e-01",NA,NA,NA,0.0102362
"TAF1B","Lymphocyte","ASD","Wald ratio",1,"-0.026","0.083"," 0.974","7.54e-01",NA,NA,NA,0.011697873
"TUB","Lymphocyte","ASD","Wald ratio",1,"-0.007","0.023"," 0.993","7.54e-01",NA,NA,NA,0.007637343
"MYLK","Lymphocyte","ASD","Inverse variance weighted",2," 0.005","0.015"," 1.005","7.54e-01",NA,0.629201235,NA,0.008935012
"FAM102A","Lymphocyte","ASD","Wald ratio",1,"-0.007","0.024"," 0.993","7.55e-01",NA,NA,NA,0.010891642
"PIP5KL1","Lymphocyte","ASD","Wald ratio",1,"-0.025","0.080"," 0.975","7.55e-01",NA,NA,NA,0.010891642
"FAM102A","Lymphocyte","ASD","Wald ratio",1,"-0.008","0.026"," 0.992","7.55e-01",NA,NA,NA,0.010891616
"DPM2","Lymphocyte","ASD","Wald ratio",1,"-0.008","0.024"," 0.992","7.55e-01",NA,NA,NA,0.010891642
"TTC15","Lymphocyte","ASD","Wald ratio",1," 0.005","0.015"," 1.005","7.55e-01",NA,NA,NA,0.00708959
"TANC1","Lymphocyte","ASD","Inverse variance weighted",2,"-0.009","0.030"," 0.991","7.55e-01",NA,0.944865214,NA,0.008069724
"TYMS","Lymphocyte","ASD","Wald ratio",1,"-0.006","0.019"," 0.994","7.55e-01",NA,NA,NA,0.008904974
"PCSK6","Lymphocyte","ASD","MR Egger",3," 0.040","0.099"," 1.041","7.55e-01",0.355987908,0.618193081,0.796201561,0.009044433
"COL9A2","Lymphocyte","ASD","Wald ratio",1,"-0.014","0.046"," 0.986","7.56e-01",NA,NA,NA,0.007837981
"WASF3","Lymphocyte","ASD","Wald ratio",1,"-0.145","0.466"," 0.865","7.56e-01",NA,NA,NA,0.00916413
"SLC46A3","Lymphocyte","ASD","Wald ratio",1," 0.006","0.018"," 1.006","7.56e-01",NA,NA,NA,0.007683404
"TMEM132D","Lymphocyte","ASD","MR Egger",3," 0.069","0.173"," 1.072","7.57e-01",0.06778312,0.146255061,0.762948579,0.024582769
"C1GALT1","Lymphocyte","ASD","Wald ratio",1,"-0.007","0.023"," 0.993","7.57e-01",NA,NA,NA,0.01178655
"MTPAP","Lymphocyte","ASD","Wald ratio",1,"-0.024","0.079"," 0.976","7.57e-01",NA,NA,NA,0.008038648
"JAGN1","Lymphocyte","ASD","Wald ratio",1,"-0.005","0.015"," 0.995","7.57e-01",NA,NA,NA,0.007218807
"IL17RE","Lymphocyte","ASD","Wald ratio",1,"-0.018","0.059"," 0.982","7.57e-01",NA,NA,NA,0.007218803
"CRELD1","Lymphocyte","ASD","Wald ratio",1,"-0.005","0.015"," 0.995","7.57e-01",NA,NA,NA,0.007218592
"EFNA5","Lymphocyte","ASD","Inverse variance weighted",3," 0.012","0.040"," 1.012","7.57e-01",0.264469168,0.150314968,0.388589287,0.014503447
"SLC2A7","Lymphocyte","ASD","Wald ratio",1,"-0.006","0.021"," 0.994","7.58e-01",NA,NA,NA,0.008085346
"NTNG2","Lymphocyte","ASD","Wald ratio",1,"-0.005","0.015"," 0.996","7.58e-01",NA,NA,NA,0.007420186
"GLRA1","Lymphocyte","ASD","Wald ratio",1," 0.034","0.110"," 1.034","7.59e-01",NA,NA,NA,0.008285985
"G3BP1","Lymphocyte","ASD","Wald ratio",1," 0.012","0.038"," 1.012","7.59e-01",NA,NA,NA,0.008285985
"CDH3","Lymphocyte","ASD","Wald ratio",1," 0.009","0.028"," 1.009","7.59e-01",NA,NA,NA,0.010769466
"DLX6AS","Lymphocyte","ASD","Wald ratio",1," 0.007","0.021"," 1.007","7.60e-01",NA,NA,NA,0.007976761
"GPR35","Lymphocyte","ASD","Wald ratio",1,"-0.005","0.016"," 0.995","7.61e-01",NA,NA,NA,0.007822484
"APOLD1","Lymphocyte","ASD","Wald ratio",1," 0.006","0.018"," 1.006","7.61e-01",NA,NA,NA,0.007822484
"FLJ22536","Lymphocyte","ASD","Wald ratio",1,"-0.007","0.023"," 0.993","7.61e-01",NA,NA,NA,0.007822484
"TFAM","Lymphocyte","ASD","Wald ratio",1," 0.475","1.558"," 1.608","7.61e-01",NA,NA,NA,0.009653448
"KCNQ5","Lymphocyte","ASD","Wald ratio",1," 0.017","0.057"," 1.018","7.61e-01",NA,NA,NA,0.007156949
"HACE1","Lymphocyte","ASD","Wald ratio",1," 0.005","0.017"," 1.005","7.61e-01",NA,NA,NA,0.007156949
"STARD5","Lymphocyte","ASD","Wald ratio",1,"-0.006","0.019"," 0.994","7.62e-01",NA,NA,NA,0.008023394
"IL16","Lymphocyte","ASD","Wald ratio",1,"-0.010","0.033"," 0.990","7.62e-01",NA,NA,NA,0.008023394
"HRNBP3","Lymphocyte","ASD","MR Egger",3," 0.021","0.055"," 1.022","7.63e-01",0.395566858,0.632620476,0.735869528,0.009915742
"PTER","Lymphocyte","ASD","Wald ratio",1," 0.872","2.891"," 2.393","7.63e-01",NA,NA,NA,0.016150637
"PRKAG2","Lymphocyte","ASD","Weighted mode",4,"-0.005","0.015"," 0.995","7.63e-01",0.030587009,0.071600785,0.929360059,0.01190277
"EPS8","Lymphocyte","ASD","Wald ratio",1," 0.098","0.326"," 1.103","7.64e-01",NA,NA,NA,0.008424718
"RNF157","Lymphocyte","ASD","Wald ratio",1," 0.010","0.032"," 1.010","7.64e-01",NA,NA,NA,0.014088682
"ADAMTS1","Lymphocyte","ASD","Wald ratio",1," 0.006","0.020"," 1.006","7.64e-01",NA,NA,NA,0.008928952
"ENPP6","Lymphocyte","ASD","Inverse variance weighted",2," 0.004","0.014"," 1.004","7.64e-01",NA,0.916183373,NA,0.00707251
"TRAK1","Lymphocyte","ASD","Weighted mode",3," 0.005","0.015"," 1.005","7.64e-01",0.342589576,0.079322113,0.289968554,0.019334572
"PIK3C2B","Lymphocyte","ASD","Wald ratio",1,"-0.008","0.025"," 0.992","7.65e-01",NA,NA,NA,0.008116077
"WNT16","Lymphocyte","ASD","Wald ratio",1," 0.005","0.016"," 1.005","7.65e-01",NA,NA,NA,0.008036681
"SRRM4","Lymphocyte","ASD","Wald ratio",1,"-0.008","0.027"," 0.992","7.66e-01",NA,NA,NA,0.00765245
"TRIM33","Lymphocyte","ASD","Wald ratio",1," 0.005","0.015"," 1.005","7.66e-01",NA,NA,NA,0.007652353
"TSSC1","Lymphocyte","ASD","Wald ratio",1,"-0.004","0.014"," 0.996","7.66e-01",NA,NA,NA,0.007141613
"FOXN3","Lymphocyte","ASD","Weighted mode",4," 0.006","0.020"," 1.006","7.67e-01",0.096309695,0.151929316,0.66119647,0.052480648
"GNE","Lymphocyte","ASD","Wald ratio",1," 0.483","1.628"," 1.621","7.67e-01",NA,NA,NA,0.01490857
"MYT1L","Lymphocyte","ASD","Weighted mode",5," 0.005","0.015"," 1.005","7.67e-01",0.952152773,0.733074177,0.28636995,0.021986781
"THBS4","Lymphocyte","ASD","Wald ratio",1," 0.004","0.015"," 1.004","7.67e-01",NA,NA,NA,0.00749758
"SLIT3","Lymphocyte","ASD","Weighted median",4," 0.004","0.013"," 1.004","7.67e-01",0.027053585,0.049481124,0.719174257,0.020050556
"MYH3","Lymphocyte","ASD","Wald ratio",1," 0.005","0.018"," 1.005","7.67e-01",NA,NA,NA,0.008362674
"RNF144A","Lymphocyte","ASD","Wald ratio",1,"-0.016","0.054"," 0.984","7.67e-01",NA,NA,NA,0.007853453
"LOC644649","Lymphocyte","ASD","Wald ratio",1,"-0.005","0.016"," 0.995","7.67e-01",NA,NA,NA,0.007226945
"SSBP3","Lymphocyte","ASD","Inverse variance weighted",2,"-0.011","0.038"," 0.989","7.68e-01",NA,0.024516808,NA,0.007805689
"NEK3","Lymphocyte","ASD","Inverse variance weighted",2,"-0.006","0.020"," 0.994","7.68e-01",NA,0.929691796,NA,0.014992985
"CCDC8","Lymphocyte","ASD","Wald ratio",1," 0.012","0.039"," 1.012","7.68e-01",NA,NA,NA,0.013671088
"PNMAL1","Lymphocyte","ASD","Wald ratio",1," 0.019","0.064"," 1.019","7.68e-01",NA,NA,NA,0.013671089
"HES6","Lymphocyte","ASD","Wald ratio",1," 0.015","0.049"," 1.015","7.68e-01",NA,NA,NA,0.007544358
"LOC151174","Lymphocyte","ASD","Wald ratio",1," 0.022","0.074"," 1.022","7.68e-01",NA,NA,NA,0.007544358
"LOC151174","Lymphocyte","ASD","Wald ratio",1," 0.134","0.456"," 1.144","7.68e-01",NA,NA,NA,0.007544358
"MACROD2","Lymphocyte","ASD","Wald ratio",1," 0.005","0.016"," 1.005","7.68e-01",NA,NA,NA,0.007544132
"AUTS2","Lymphocyte","ASD","Weighted mode",3," 0.005","0.015"," 1.005","7.70e-01",0.177895871,0.345109814,0.749550352,0.019797814
"PAPSS2","Lymphocyte","ASD","Wald ratio",1," 0.004","0.015"," 1.004","7.70e-01",NA,NA,NA,0.007234386
"CREB5","Lymphocyte","ASD","Inverse variance weighted",2,"-0.017","0.060"," 0.983","7.70e-01",NA,0.02626718,NA,0.023320603
"CHST11","Lymphocyte","ASD","Inverse variance weighted",2," 0.006","0.020"," 1.006","7.70e-01",NA,0.197626212,NA,0.007390436
"DCLK1","Lymphocyte","ASD","Inverse variance weighted",2," 0.006","0.019"," 1.006","7.70e-01",NA,0.79450364,NA,0.010783755
"PTPRN2","Lymphocyte","ASD","Inverse variance weighted",8," 0.003","0.009"," 1.003","7.70e-01",0.722990803,0.264129402,0.063033846,0.013117373
"PDSS2","Lymphocyte","ASD","Wald ratio",1," 0.464","1.593"," 1.591","7.71e-01",NA,NA,NA,0.011420637
"GNAI3","Lymphocyte","ASD","Wald ratio",1," 0.005","0.018"," 1.005","7.71e-01",NA,NA,NA,0.009009528
"ACER3","Lymphocyte","ASD","Wald ratio",1," 0.005","0.016"," 1.005","7.71e-01",NA,NA,NA,0.008147084
"SFXN1","Lymphocyte","ASD","Wald ratio",1,"-0.211","0.724"," 0.810","7.71e-01",NA,NA,NA,0.013656383
"OSBPL7","Lymphocyte","ASD","Wald ratio",1," 0.045","0.153"," 1.046","7.71e-01",NA,NA,NA,0.007281525
"LRRC46","Lymphocyte","ASD","Wald ratio",1," 0.005","0.016"," 1.005","7.71e-01",NA,NA,NA,0.007281524
"LNX1","Lymphocyte","ASD","Inverse variance weighted",2,"-0.004","0.015"," 0.996","7.71e-01",NA,0.983430426,NA,0.009256851
"C5orf42","Lymphocyte","ASD","Wald ratio",1,"-0.097","0.334"," 0.908","7.72e-01",NA,NA,NA,0.011470042
"NPTN","Lymphocyte","ASD","Wald ratio",1," 0.252","0.868"," 1.286","7.72e-01",NA,NA,NA,0.01370162
"PDGFB","Lymphocyte","ASD","Wald ratio",1," 0.006","0.022"," 1.006","7.72e-01",NA,NA,NA,0.007838513
"GNB4","Lymphocyte","ASD","Wald ratio",1,"-0.011","0.037"," 0.989","7.72e-01",NA,NA,NA,0.008548734
"E2F7","Lymphocyte","ASD","Wald ratio",1," 0.006","0.020"," 1.006","7.73e-01",NA,NA,NA,0.008902247
"IGSF9","Lymphocyte","ASD","Wald ratio",1," 0.013","0.044"," 1.013","7.73e-01",NA,NA,NA,0.010313376
"PDE4D","Lymphocyte","ASD","MR Egger",3,"-0.011","0.029"," 0.989","7.73e-01",0.79140985,0.796069049,0.64601654,0.005463068
"ATP12A","Lymphocyte","ASD","Wald ratio",1," 0.271","0.942"," 1.311","7.73e-01",NA,NA,NA,0.014821825
"GAS7","Lymphocyte","ASD","Wald ratio",1," 0.008","0.027"," 1.008","7.74e-01",NA,NA,NA,0.007172819
"FLJ41941","Lymphocyte","ASD","Wald ratio",1," 0.010","0.033"," 1.010","7.74e-01",NA,NA,NA,0.008949348
"MICAL3","Lymphocyte","ASD","Wald ratio",1," 0.006","0.020"," 1.006","7.74e-01",NA,NA,NA,0.008949348
"RUFY1","Lymphocyte","ASD","Wald ratio",1,"-0.030","0.106"," 0.970","7.74e-01",NA,NA,NA,0.007374921
"RUFY1","Lymphocyte","ASD","Wald ratio",1,"-0.021","0.074"," 0.979","7.74e-01",NA,NA,NA,0.007374921
"PLD5","Lymphocyte","ASD","Wald ratio",1,"-0.010","0.035"," 0.990","7.74e-01",NA,NA,NA,0.007374921
"ISM2","Lymphocyte","ASD","Wald ratio",1,"-0.037","0.131"," 0.963","7.74e-01",NA,NA,NA,0.009855187
"PCDHB8","Lymphocyte","ASD","Wald ratio",1," 0.008","0.029"," 1.008","7.74e-01",NA,NA,NA,0.008441126
"PCDHB15","Lymphocyte","ASD","Wald ratio",1," 0.010","0.034"," 1.010","7.74e-01",NA,NA,NA,0.008441125
"HTATIP2","Lymphocyte","ASD","Wald ratio",1," 0.007","0.025"," 1.007","7.75e-01",NA,NA,NA,0.007220162
"FAM53B","Lymphocyte","ASD","Wald ratio",1,"-0.006","0.021"," 0.994","7.75e-01",NA,NA,NA,0.007220162
"HTATIP2","Lymphocyte","ASD","Wald ratio",1," 0.098","0.341"," 1.103","7.75e-01",NA,NA,NA,0.007220162
"ARID1B","Lymphocyte","ASD","Wald ratio",1," 0.006","0.020"," 1.006","7.75e-01",NA,NA,NA,0.00828697
"INPP1","Lymphocyte","ASD","Wald ratio",1,"-0.152","0.533"," 0.859","7.76e-01",NA,NA,NA,0.01563748
"UBAC1","Lymphocyte","ASD","Wald ratio",1,"-0.005","0.017"," 0.995","7.76e-01",NA,NA,NA,0.007777229
"UGT3A1","Lymphocyte","ASD","Wald ratio",1," 0.012","0.041"," 1.012","7.76e-01",NA,NA,NA,0.010451549
"FIGN","Lymphocyte","ASD","Wald ratio",1,"-0.008","0.027"," 0.992","7.76e-01",NA,NA,NA,0.009395545
"TMEM72","Lymphocyte","ASD","Wald ratio",1," 0.004","0.015"," 1.004","7.77e-01",NA,NA,NA,0.007266362
"C10orf93","Lymphocyte","ASD","Wald ratio",1,"-0.061","0.214"," 0.941","7.77e-01",NA,NA,NA,0.007266362
"FBXO17","Lymphocyte","ASD","Wald ratio",1,"-0.007","0.026"," 0.993","7.77e-01",NA,NA,NA,0.007112132
"FBXO27","Lymphocyte","ASD","Wald ratio",1,"-0.021","0.076"," 0.979","7.77e-01",NA,NA,NA,0.007112132
"STK32B","Lymphocyte","ASD","Inverse variance weighted",2,"-0.004","0.014"," 0.996","7.77e-01",NA,0.385030315,NA,0.010275925
"CTBS","Lymphocyte","ASD","Wald ratio",1,"-0.203","0.719"," 0.816","7.78e-01",NA,NA,NA,0.011391143
"S100B","Lymphocyte","ASD","Wald ratio",1,"-0.069","0.244"," 0.933","7.78e-01",NA,NA,NA,0.011593001
"RYBP","Lymphocyte","ASD","Wald ratio",1," 0.005","0.019"," 1.005","7.78e-01",NA,NA,NA,0.00731374
"ZNF80","Lymphocyte","ASD","Wald ratio",1,"-0.004","0.016"," 0.996","7.78e-01",NA,NA,NA,0.007669365
"EDEM1","Lymphocyte","ASD","Wald ratio",1,"-0.100","0.356"," 0.905","7.79e-01",NA,NA,NA,0.007870827
"DNMT3A","Lymphocyte","ASD","Wald ratio",1,"-0.004","0.015"," 0.996","7.79e-01",NA,NA,NA,0.00715898
"TNFRSF11B","Lymphocyte","ASD","Wald ratio",1," 0.018","0.064"," 1.018","7.79e-01",NA,NA,NA,0.007158296
"CRHR2","Lymphocyte","ASD","Wald ratio",1," 0.005","0.020"," 1.005","7.79e-01",NA,NA,NA,0.007716449
"HEPACAM2","Lymphocyte","ASD","Wald ratio",1,"-0.004","0.015"," 0.996","7.80e-01",NA,NA,NA,0.007334514
"NXN","Lymphocyte","ASD","Weighted median",4,"-0.004","0.013"," 0.996","7.80e-01",0.118646408,0.16475781,0.595335965,0.015325521
"SLC40A1","Lymphocyte","ASD","Wald ratio",1," 0.145","0.519"," 1.156","7.80e-01",NA,NA,NA,0.008272509
"PITPNM3","Lymphocyte","ASD","Wald ratio",1,"-0.008","0.030"," 0.992","7.80e-01",NA,NA,NA,0.007561975
"LOC285768","Lymphocyte","ASD","Wald ratio",1," 0.007","0.025"," 1.007","7.81e-01",NA,NA,NA,0.012236482
"GNG11","Lymphocyte","ASD","Wald ratio",1,"-0.009","0.031"," 0.991","7.81e-01",NA,NA,NA,0.008820142
"HSFYP1","Lymphocyte","ASD","Wald ratio",1," 0.005","0.017"," 1.005","7.82e-01",NA,NA,NA,0.007434009
"CD48","Lymphocyte","ASD","Wald ratio",1," 0.008","0.029"," 1.008","7.82e-01",NA,NA,NA,0.008365878
"ANKRD13B","Lymphocyte","ASD","Wald ratio",1,"-0.007","0.025"," 0.993","7.83e-01",NA,NA,NA,0.007097983
"GIT1","Lymphocyte","ASD","Wald ratio",1,"-0.015","0.055"," 0.985","7.83e-01",NA,NA,NA,0.007097983
"FARP1","Lymphocyte","ASD","Inverse variance weighted",2,"-0.007","0.025"," 0.993","7.83e-01",NA,0.080438071,NA,0.053540952
"PROP1","Lymphocyte","ASD","Inverse variance weighted",2,"-0.010","0.036"," 0.990","7.83e-01",NA,0.469575685,NA,0.007189917
"GALNT1","Lymphocyte","ASD","Wald ratio",1,"-0.010","0.036"," 0.990","7.84e-01",NA,NA,NA,0.011321568
"OSTM1","Lymphocyte","ASD","Wald ratio",1," 0.023","0.084"," 1.023","7.84e-01",NA,NA,NA,0.008967316
"MBNL2","Lymphocyte","ASD","Wald ratio",1," 0.004","0.015"," 1.004","7.85e-01",NA,NA,NA,0.007686211
"AKAP11","Lymphocyte","ASD","Wald ratio",1," 0.006","0.021"," 1.006","7.85e-01",NA,NA,NA,0.008258539
"AP1S3","Lymphocyte","ASD","Wald ratio",1," 0.004","0.015"," 1.004","7.85e-01",NA,NA,NA,0.007346581
"ZNF7","Lymphocyte","ASD","Wald ratio",1," 0.026","0.095"," 1.026","7.85e-01",NA,NA,NA,0.007346581
"IFI44","Lymphocyte","ASD","Wald ratio",1," 0.008","0.028"," 1.008","7.85e-01",NA,NA,NA,0.007345918
"HLCS","Lymphocyte","ASD","Inverse variance weighted",2," 0.004","0.016"," 1.004","7.85e-01",NA,0.857512168,NA,0.007752821
"DLX3","Lymphocyte","ASD","Wald ratio",1,"-0.036","0.131"," 0.965","7.86e-01",NA,NA,NA,0.010865718
"DSC3","Lymphocyte","ASD","Inverse variance weighted",2,"-0.005","0.020"," 0.995","7.86e-01",NA,0.143938896,NA,0.011778921
"SLC27A6","Lymphocyte","ASD","Wald ratio",1,"-0.016","0.060"," 0.984","7.87e-01",NA,NA,NA,0.00779579
"CYB5A","Lymphocyte","ASD","Wald ratio",1,"-0.020","0.074"," 0.980","7.88e-01",NA,NA,NA,0.010058632
"ZNF347","Lymphocyte","ASD","Wald ratio",1," 0.038","0.141"," 1.039","7.88e-01",NA,NA,NA,0.007439846
"LOC100133612","Lymphocyte","ASD","Wald ratio",1,"-0.005","0.020"," 0.995","7.88e-01",NA,NA,NA,0.007641901
"ZSCAN18","Lymphocyte","ASD","Wald ratio",1," 0.008","0.031"," 1.008","7.88e-01",NA,NA,NA,0.009706448
"CLCN7","Lymphocyte","ASD","Wald ratio",1," 0.004","0.016"," 1.004","7.88e-01",NA,NA,NA,0.007641231
"CCDC154","Lymphocyte","ASD","Wald ratio",1," 0.005","0.019"," 1.005","7.88e-01",NA,NA,NA,0.007641357
"ITGA8","Lymphocyte","ASD","Wald ratio",1,"-0.021","0.077"," 0.980","7.89e-01",NA,NA,NA,0.009353648
"DAB1","Lymphocyte","ASD","Inverse variance weighted",2," 0.005","0.019"," 1.005","7.89e-01",NA,0.605248284,NA,0.008944036
"EAPP","Lymphocyte","ASD","Wald ratio",1," 0.004","0.016"," 1.004","7.89e-01",NA,NA,NA,0.007487484
"ACOT11","Lymphocyte","ASD","Wald ratio",1,"-0.010","0.037"," 0.990","7.90e-01",NA,NA,NA,0.007688313
"PIGP","Lymphocyte","ASD","Wald ratio",1," 0.005","0.018"," 1.005","7.90e-01",NA,NA,NA,0.007131294
"HOXD3","Lymphocyte","ASD","Wald ratio",1,"-0.007","0.026"," 0.993","7.90e-01",NA,NA,NA,0.007890044
"HOXD1","Lymphocyte","ASD","Wald ratio",1,"-0.025","0.093"," 0.976","7.90e-01",NA,NA,NA,0.00788975
"HOXD4","Lymphocyte","ASD","Wald ratio",1,"-0.026","0.096"," 0.975","7.90e-01",NA,NA,NA,0.007890044
"MTAP","Lymphocyte","ASD","Wald ratio",1," 0.005","0.019"," 1.005","7.90e-01",NA,NA,NA,0.007130443
"SMOC2","Lymphocyte","ASD","Wald ratio",1,"-0.004","0.017"," 0.996","7.91e-01",NA,NA,NA,0.007330976
"SCARA3","Lymphocyte","ASD","Wald ratio",1,"-0.004","0.015"," 0.996","7.91e-01",NA,NA,NA,0.007483442
"UNC93B1","Lymphocyte","ASD","Wald ratio",1,"-0.012","0.047"," 0.988","7.91e-01",NA,NA,NA,0.008492445
"ALDH3B1","Lymphocyte","ASD","Wald ratio",1,"-0.008","0.028"," 0.993","7.91e-01",NA,NA,NA,0.008492445
"SPATA13","Lymphocyte","ASD","Simple mode",3," 0.006","0.019"," 1.006","7.91e-01",0.784706744,0.872730397,0.733694363,0.00845567
"TNS1","Lymphocyte","ASD","Inverse variance weighted",2,"-0.011","0.040"," 0.989","7.91e-01",NA,0.127661069,NA,0.014660878
"ADAM29","Lymphocyte","ASD","Wald ratio",1,"-0.004","0.016"," 0.996","7.91e-01",NA,NA,NA,0.007178382
"CSMD2","Lymphocyte","ASD","Inverse variance weighted",2," 0.007","0.026"," 1.007","7.92e-01",NA,0.116930895,NA,0.00818775
"C22orf34","Lymphocyte","ASD","Wald ratio",1,"-0.004","0.017"," 0.996","7.92e-01",NA,NA,NA,0.008137951
"NAA16","Lymphocyte","ASD","Wald ratio",1,"-0.007","0.025"," 0.993","7.92e-01",NA,NA,NA,0.009493437
"FRMD3","Lymphocyte","ASD","Wald ratio",1,"-0.027","0.103"," 0.973","7.92e-01",NA,NA,NA,0.00873977
"AQP11","Lymphocyte","ASD","Wald ratio",1,"-0.006","0.022"," 0.994","7.93e-01",NA,NA,NA,0.007983923
"CSGALNACT1","Lymphocyte","ASD","Wald ratio",1,"-0.007","0.025"," 0.993","7.93e-01",NA,NA,NA,0.0079835
"GTF3A","Lymphocyte","ASD","Wald ratio",1,"-0.007","0.026"," 0.993","7.93e-01",NA,NA,NA,0.00933988
"HOXA11AS","Lymphocyte","ASD","Wald ratio",1,"-0.049","0.188"," 0.952","7.93e-01",NA,NA,NA,0.007224648
"HOXA10","Lymphocyte","ASD","Wald ratio",1,"-0.004","0.015"," 0.996","7.93e-01",NA,NA,NA,0.007168968
"PRDM16","Lymphocyte","ASD","MR Egger",3," 0.047","0.141"," 1.049","7.94e-01",0.46142734,0.743197145,0.858391567,0.007295791
"LOC285419","Lymphocyte","ASD","Wald ratio",1,"-0.006","0.024"," 0.994","7.94e-01",NA,NA,NA,0.009186749
"SYT3","Lymphocyte","ASD","Wald ratio",1,"-0.006","0.023"," 0.994","7.94e-01",NA,NA,NA,0.009386947
"RCVRN","Lymphocyte","ASD","Wald ratio",1,"-0.005","0.020"," 0.995","7.94e-01",NA,NA,NA,0.008231473
"KLF4","Lymphocyte","ASD","Wald ratio",1,"-0.011","0.041"," 0.989","7.94e-01",NA,NA,NA,0.00938655
"KIRREL3","Lymphocyte","ASD","Inverse variance weighted",2," 0.007","0.029"," 1.007","7.95e-01",NA,0.046037793,NA,0.012841668
"ZNF727","Lymphocyte","ASD","Wald ratio",1," 0.010","0.038"," 1.010","7.95e-01",NA,NA,NA,0.00767559
"ACADS","Lymphocyte","ASD","Wald ratio",1," 0.005","0.020"," 1.005","7.95e-01",NA,NA,NA,0.00767559
"C3orf32","Lymphocyte","ASD","Wald ratio",1," 0.005","0.020"," 1.005","7.95e-01",NA,NA,NA,0.009033666
"COL23A1","Lymphocyte","ASD","Inverse variance weighted",2,"-0.006","0.021"," 0.994","7.95e-01",NA,0.213538529,NA,0.024621576
"CDC42EP3","Lymphocyte","ASD","Wald ratio",1,"-0.080","0.309"," 0.923","7.95e-01",NA,NA,NA,0.007118031
"GLUL","Lymphocyte","ASD","Wald ratio",1," 0.014","0.056"," 1.015","7.95e-01",NA,NA,NA,0.007118031
"SLCO5A1","Lymphocyte","ASD","Inverse variance weighted",2," 0.004","0.017"," 1.004","7.96e-01",NA,0.880825285,NA,0.007313167
"MKLN1","Lymphocyte","ASD","Wald ratio",1," 0.004","0.015"," 1.004","7.96e-01",NA,NA,NA,0.007117109
"GRM3","Lymphocyte","ASD","Wald ratio",1,"-0.029","0.113"," 0.971","7.96e-01",NA,NA,NA,0.007318922
"ZBED3","Lymphocyte","ASD","Wald ratio",1,"-0.006","0.022"," 0.994","7.96e-01",NA,NA,NA,0.00772203
"C20orf7","Lymphocyte","ASD","Wald ratio",1,"-0.018","0.071"," 0.982","7.97e-01",NA,NA,NA,0.011815509
"GXYLT1","Lymphocyte","ASD","Wald ratio",1," 0.360","1.400"," 1.434","7.97e-01",NA,NA,NA,0.007165223
"SULF2","Lymphocyte","ASD","Wald ratio",1," 0.019","0.074"," 1.019","7.97e-01",NA,NA,NA,0.007164183
"ALKBH3","Lymphocyte","ASD","Wald ratio",1,"-0.009","0.037"," 0.991","7.98e-01",NA,NA,NA,0.012451781
"ARRDC2","Lymphocyte","ASD","Wald ratio",1,"-0.247","0.965"," 0.781","7.98e-01",NA,NA,NA,0.008372322
"RAP1GAP","Lymphocyte","ASD","Wald ratio",1,"-0.011","0.043"," 0.989","7.99e-01",NA,NA,NA,0.010569434
"ALPL","Lymphocyte","ASD","Wald ratio",1,"-0.009","0.035"," 0.991","7.99e-01",NA,NA,NA,0.010569434
"CRBN","Lymphocyte","ASD","Wald ratio",1,"-0.092","0.362"," 0.912","7.99e-01",NA,NA,NA,0.007413258
"NXN","Lymphocyte","ASD","Weighted mode",4,"-0.004","0.014"," 0.996","7.99e-01",0.118646408,0.16475781,0.595335965,0.015325521
"LOC283663","Lymphocyte","ASD","Wald ratio",1,"-0.007","0.027"," 0.993","7.99e-01",NA,NA,NA,0.008820512
"CDH12","Lymphocyte","ASD","Inverse variance weighted",2," 0.003","0.011"," 1.003","7.99e-01",NA,0.388633567,NA,0.008057019
"C7orf31","Lymphocyte","ASD","Wald ratio",1," 0.006","0.023"," 1.006","8.00e-01",NA,NA,NA,0.007057876
"TMEM132E","Lymphocyte","ASD","Wald ratio",1," 0.098","0.386"," 1.103","8.00e-01",NA,NA,NA,0.009819329
"psiTPTE22","Lymphocyte","ASD","Wald ratio",1," 0.011","0.045"," 1.011","8.00e-01",NA,NA,NA,0.008466578
"RNF166","Lymphocyte","ASD","Wald ratio",1,"-0.005","0.019"," 0.995","8.00e-01",NA,NA,NA,0.008867405
"FAM38A","Lymphocyte","ASD","Wald ratio",1,"-0.030","0.119"," 0.970","8.00e-01",NA,NA,NA,0.008867408
"PCSK6","Lymphocyte","ASD","Inverse variance weighted",3," 0.010","0.040"," 1.010","8.02e-01",0.355987908,0.618193081,0.796201561,0.009044433
"MBOAT1","Lymphocyte","ASD","Inverse variance weighted",2,"-0.007","0.029"," 0.993","8.02e-01",NA,0.426743339,NA,0.019501114
"LOC154822","Lymphocyte","ASD","Wald ratio",1," 0.005","0.018"," 1.005","8.02e-01",NA,NA,NA,0.007152444
"GMDS","Lymphocyte","ASD","MR Egger",4," 0.022","0.076"," 1.022","8.03e-01",0.012967442,0.021393584,0.678853289,0.010384704
"TMEM108","Lymphocyte","ASD","Wald ratio",1,"-0.004","0.016"," 0.996","8.03e-01",NA,NA,NA,0.007151466
"LOC150197","Lymphocyte","ASD","Wald ratio",1," 0.007","0.028"," 1.007","8.03e-01",NA,NA,NA,0.011593362
"PDE6B","Lymphocyte","ASD","Wald ratio",1,"-0.008","0.032"," 0.992","8.04e-01",NA,NA,NA,0.010403908
"ACSL3","Lymphocyte","ASD","Wald ratio",1,"-0.004","0.015"," 0.996","8.04e-01",NA,NA,NA,0.007602831
"C9orf40","Lymphocyte","ASD","Wald ratio",1,"-0.004","0.014"," 0.996","8.04e-01",NA,NA,NA,0.007198723
"HSPA12A","Lymphocyte","ASD","Wald ratio",1,"-0.011","0.046"," 0.989","8.04e-01",NA,NA,NA,0.016352952
"CRIP2","Lymphocyte","ASD","Wald ratio",1,"-0.005","0.020"," 0.995","8.05e-01",NA,NA,NA,0.00921425
"TMEM121","Lymphocyte","ASD","Wald ratio",1,"-0.006","0.026"," 0.994","8.05e-01",NA,NA,NA,0.009255027
"RDH8","Lymphocyte","ASD","Wald ratio",1,"-0.006","0.026"," 0.994","8.05e-01",NA,NA,NA,0.009055
"COL5A3","Lymphocyte","ASD","Wald ratio",1,"-0.020","0.081"," 0.980","8.05e-01",NA,NA,NA,0.009055
"SDHAP2","Lymphocyte","ASD","Wald ratio",1," 0.005","0.018"," 1.005","8.05e-01",NA,NA,NA,0.00824687
"ASAM","Lymphocyte","ASD","Wald ratio",1,"-0.007","0.027"," 0.993","8.05e-01",NA,NA,NA,0.008052469
"SLIT1","Lymphocyte","ASD","Wald ratio",1," 0.004","0.017"," 1.004","8.05e-01",NA,NA,NA,0.007247071
"CSMD1","Lymphocyte","ASD","MR Egger",4," 0.010","0.036"," 1.010","8.06e-01",0.059204446,0.070601568,0.556084936,0.012016543
"CXCR7","Lymphocyte","ASD","Wald ratio",1,"-0.098","0.400"," 0.907","8.07e-01",NA,NA,NA,0.010146236
"NLGN2","Lymphocyte","ASD","Wald ratio",1," 0.014","0.055"," 1.014","8.07e-01",NA,NA,NA,0.011974821
"TNK1","Lymphocyte","ASD","Wald ratio",1," 0.006","0.024"," 1.006","8.07e-01",NA,NA,NA,0.011974725
"IGSF21","Lymphocyte","ASD","Simple mode",3," 0.008","0.027"," 1.008","8.07e-01",0.174941964,0.330920202,0.731102346,0.015091544
"SYS1","Lymphocyte","ASD","Wald ratio",1," 0.023","0.094"," 1.023","8.07e-01",NA,NA,NA,0.008547845
"GSTA2","Lymphocyte","ASD","Wald ratio",1," 0.004","0.015"," 1.004","8.08e-01",NA,NA,NA,0.007140044
"ASRGL1","Lymphocyte","ASD","Wald ratio",1," 0.005","0.021"," 1.005","8.09e-01",NA,NA,NA,0.009442631
"KCNIP1","Lymphocyte","ASD","Wald ratio",1,"-0.014","0.058"," 0.986","8.09e-01",NA,NA,NA,0.007992362
"CUL1","Lymphocyte","ASD","Wald ratio",1,"-0.004","0.016"," 0.996","8.09e-01",NA,NA,NA,0.007590597
"SPATA13","Lymphocyte","ASD","Weighted mode",3," 0.005","0.019"," 1.005","8.09e-01",0.784706744,0.872730397,0.733694363,0.00845567
"KIAA1026","Lymphocyte","ASD","Inverse variance weighted",3," 0.003","0.013"," 1.003","8.09e-01",0.868950526,0.934716319,0.798036868,0.006313615
"ZBTB20","Lymphocyte","ASD","Wald ratio",1," 0.007","0.030"," 1.007","8.09e-01",NA,NA,NA,0.013336767
"ZNF148","Lymphocyte","ASD","Wald ratio",1," 0.016","0.068"," 1.017","8.10e-01",NA,NA,NA,0.008241177
"CUGBP2","Lymphocyte","ASD","Wald ratio",1,"-0.051","0.214"," 0.950","8.10e-01",NA,NA,NA,0.007186422
"SLC1A7","Lymphocyte","ASD","Wald ratio",1,"-0.005","0.022"," 0.995","8.10e-01",NA,NA,NA,0.007839189
"AJAP1","Lymphocyte","ASD","Weighted median",3,"-0.005","0.020"," 0.995","8.10e-01",0.391500873,0.141824083,0.325700636,0.027650056
"SERPINF1","Lymphocyte","ASD","Wald ratio",1,"-0.004","0.017"," 0.996","8.11e-01",NA,NA,NA,0.007234861
"WDR81","Lymphocyte","ASD","Wald ratio",1,"-0.126","0.526"," 0.882","8.11e-01",NA,NA,NA,0.007234861
"DPPA2","Lymphocyte","ASD","Wald ratio",1,"-0.004","0.016"," 0.996","8.11e-01",NA,NA,NA,0.007234861
"SMYD4","Lymphocyte","ASD","Wald ratio",1,"-0.004","0.017"," 0.996","8.11e-01",NA,NA,NA,0.007234861
"PRKAG2","Lymphocyte","ASD","Inverse variance weighted",4," 0.005","0.019"," 1.005","8.11e-01",0.030587009,0.071600785,0.929360059,0.01190277
"ST6GAL1","Lymphocyte","ASD","Wald ratio",1," 0.007","0.028"," 1.007","8.11e-01",NA,NA,NA,0.010974965
"BLOC1S1","Lymphocyte","ASD","Wald ratio",1,"-0.305","1.275"," 0.737","8.11e-01",NA,NA,NA,0.012841536
"LRRC8C","Lymphocyte","ASD","Wald ratio",1,"-0.027","0.113"," 0.973","8.11e-01",NA,NA,NA,0.007233844
"ASCC3","Lymphocyte","ASD","Wald ratio",1,"-0.097","0.406"," 0.908","8.11e-01",NA,NA,NA,0.007031971
"ATXN10","Lymphocyte","ASD","Wald ratio",1,"-0.057","0.237"," 0.945","8.12e-01",NA,NA,NA,0.007483862
"LHPP","Lymphocyte","ASD","Wald ratio",1,"-0.009","0.038"," 0.991","8.12e-01",NA,NA,NA,0.01391047
"NXN","Lymphocyte","ASD","Inverse variance weighted",4,"-0.003","0.013"," 0.997","8.12e-01",0.118646408,0.16475781,0.595335965,0.015325521
"TMX4","Lymphocyte","ASD","Wald ratio",1," 0.267","1.119"," 1.305","8.12e-01",NA,NA,NA,0.015114877
"TMPRSS4","Lymphocyte","ASD","Wald ratio",1," 0.007","0.028"," 1.007","8.12e-01",NA,NA,NA,0.008134776
"SHANK2","Lymphocyte","ASD","Weighted median",4,"-0.003","0.013"," 0.997","8.12e-01",0.194881259,0.322835275,0.752551828,0.008683564
"MESDC1","Lymphocyte","ASD","Wald ratio",1,"-0.005","0.020"," 0.995","8.12e-01",NA,NA,NA,0.009183793
"C15orf26","Lymphocyte","ASD","Wald ratio",1,"-0.088","0.369"," 0.916","8.12e-01",NA,NA,NA,0.009183793
"TTC7B","Lymphocyte","ASD","MR Egger",3,"-0.013","0.043"," 0.987","8.12e-01",0.149221133,0.184397897,0.574004909,0.007203459
"CHD9","Lymphocyte","ASD","Wald ratio",1,"-0.119","0.500"," 0.888","8.12e-01",NA,NA,NA,0.008134114
"FGD5","Lymphocyte","ASD","Inverse variance weighted",2," 0.004","0.018"," 1.004","8.14e-01",NA,0.526091215,NA,0.008115661
"LMO7","Lymphocyte","ASD","Wald ratio",1,"-0.004","0.018"," 0.996","8.14e-01",NA,NA,NA,0.008610185
"CHN1","Lymphocyte","ASD","Wald ratio",1," 0.004","0.015"," 1.004","8.14e-01",NA,NA,NA,0.007032566
"GLRX5","Lymphocyte","ASD","Wald ratio",1,"-0.026","0.109"," 0.975","8.14e-01",NA,NA,NA,0.007126942
"PDE6A","Lymphocyte","ASD","Wald ratio",1,"-0.004","0.017"," 0.996","8.14e-01",NA,NA,NA,0.007578658
"KIAA1383","Lymphocyte","ASD","Wald ratio",1,"-0.046","0.194"," 0.955","8.14e-01",NA,NA,NA,0.007779134
"HPSE2","Lymphocyte","ASD","Inverse variance weighted",2,"-0.023","0.099"," 0.977","8.15e-01",NA,0.021832311,NA,0.011200847
"ANO1","Lymphocyte","ASD","Wald ratio",1,"-0.005","0.022"," 0.995","8.15e-01",NA,NA,NA,0.010169603
"KHDC1","Lymphocyte","ASD","Wald ratio",1,"-0.009","0.037"," 0.991","8.15e-01",NA,NA,NA,0.009325079
"PDZD7","Lymphocyte","ASD","Wald ratio",1," 0.006","0.027"," 1.006","8.15e-01",NA,NA,NA,0.007826506
"CSN3","Lymphocyte","ASD","Wald ratio",1,"-0.005","0.022"," 0.995","8.16e-01",NA,NA,NA,0.00844028
"MUC5B","Lymphocyte","ASD","Wald ratio",1," 0.004","0.017"," 1.004","8.16e-01",NA,NA,NA,0.007221958
"MBP","Lymphocyte","ASD","Inverse variance weighted",3,"-0.003","0.012"," 0.997","8.16e-01",0.926942495,0.659348226,0.53064677,0.011419996
"PCDH9","Lymphocyte","ASD","Simple mode",4,"-0.005","0.021"," 0.995","8.16e-01",0.224441721,0.361380612,0.741113446,0.03212587
"RBM26","Lymphocyte","ASD","Wald ratio",1," 0.007","0.032"," 1.007","8.16e-01",NA,NA,NA,0.012333223
"C1QTNF3","Lymphocyte","ASD","Wald ratio",1," 0.003","0.015"," 1.003","8.16e-01",NA,NA,NA,0.007021225
"C1QTNF3","Lymphocyte","ASD","Wald ratio",1," 0.004","0.016"," 1.004","8.16e-01",NA,NA,NA,0.007021238
"ALDH1A3","Lymphocyte","ASD","Wald ratio",1," 0.005","0.022"," 1.005","8.17e-01",NA,NA,NA,0.009169928
"N4BP3","Lymphocyte","ASD","Wald ratio",1," 0.005","0.023"," 1.005","8.17e-01",NA,NA,NA,0.007472103
"GFPT2","Lymphocyte","ASD","Wald ratio",1," 0.006","0.024"," 1.006","8.17e-01",NA,NA,NA,0.008772124
"P2RX2","Lymphocyte","ASD","Wald ratio",1," 0.009","0.039"," 1.009","8.17e-01",NA,NA,NA,0.012182812
"POLE","Lymphocyte","ASD","Wald ratio",1," 0.006","0.025"," 1.006","8.17e-01",NA,NA,NA,0.012182822
"CCDC52","Lymphocyte","ASD","Wald ratio",1,"-0.009","0.037"," 0.992","8.17e-01",NA,NA,NA,0.009219418
"NR1D2","Lymphocyte","ASD","Wald ratio",1,"-0.088","0.379"," 0.916","8.17e-01",NA,NA,NA,0.013692701
"ZEB2","Lymphocyte","ASD","Wald ratio",1," 0.011","0.048"," 1.011","8.18e-01",NA,NA,NA,0.007269482
"KCNMB2","Lymphocyte","ASD","Wald ratio",1," 0.010","0.043"," 1.010","8.19e-01",NA,NA,NA,0.007968673
"PTK2B","Lymphocyte","ASD","Wald ratio",1," 0.005","0.023"," 1.005","8.19e-01",NA,NA,NA,0.007116374
"ZIK1","Lymphocyte","ASD","Wald ratio",1," 0.013","0.057"," 1.013","8.19e-01",NA,NA,NA,0.007767476
"C4orf49","Lymphocyte","ASD","Wald ratio",1," 0.010","0.042"," 1.010","8.20e-01",NA,NA,NA,0.00801688
"GJB3","Lymphocyte","ASD","Wald ratio",1," 0.006","0.028"," 1.006","8.20e-01",NA,NA,NA,0.008665704
"KLF17","Lymphocyte","ASD","Wald ratio",1,"-0.007","0.030"," 0.993","8.20e-01",NA,NA,NA,0.014504871
"C10orf47","Lymphocyte","ASD","Wald ratio",1,"-0.005","0.021"," 0.995","8.20e-01",NA,NA,NA,0.010648012
"PLXNC1","Lymphocyte","ASD","Wald ratio",1," 0.004","0.019"," 1.004","8.20e-01",NA,NA,NA,0.008913291
"RTTN","Lymphocyte","ASD","Wald ratio",1," 0.007","0.032"," 1.007","8.20e-01",NA,NA,NA,0.014744221
"DGCR14","Lymphocyte","ASD","Wald ratio",1,"-0.058","0.257"," 0.943","8.20e-01",NA,NA,NA,0.00781493
"GSC2","Lymphocyte","ASD","Wald ratio",1,"-0.010","0.045"," 0.990","8.20e-01",NA,NA,NA,0.00781493
"NGLY1","Lymphocyte","ASD","Wald ratio",1,"-0.183","0.808"," 0.832","8.21e-01",NA,NA,NA,0.009806761
"RTP1","Lymphocyte","ASD","Wald ratio",1,"-0.004","0.016"," 0.996","8.21e-01",NA,NA,NA,0.007162846
"MALL","Lymphocyte","ASD","Wald ratio",1," 0.026","0.113"," 1.026","8.21e-01",NA,NA,NA,0.007413145
"KCNQ1","Lymphocyte","ASD","Simple mode",4,"-0.004","0.017"," 0.996","8.21e-01",0.423905392,0.610479878,0.777642187,0.009952087
"SIGLEC14","Lymphocyte","ASD","Wald ratio",1," 0.125","0.553"," 1.133","8.21e-01",NA,NA,NA,0.00896051
"KIAA1908","Lymphocyte","ASD","Wald ratio",1,"-0.004","0.016"," 0.996","8.21e-01",NA,NA,NA,0.007211551
"LIX1","Lymphocyte","ASD","Wald ratio",1,"-0.033","0.147"," 0.967","8.22e-01",NA,NA,NA,0.007662047
"MGC72080","Lymphocyte","ASD","Wald ratio",1," 0.073","0.323"," 1.075","8.22e-01",NA,NA,NA,0.013578436
"SLC15A3","Lymphocyte","ASD","Wald ratio",1," 0.005","0.020"," 1.005","8.22e-01",NA,NA,NA,0.007210448
"TM7SF4","Lymphocyte","ASD","Wald ratio",1," 0.004","0.017"," 1.004","8.23e-01",NA,NA,NA,0.007909861
"C11orf75","Lymphocyte","ASD","Wald ratio",1," 0.012","0.054"," 1.012","8.23e-01",NA,NA,NA,0.012358206
"KIAA1737","Lymphocyte","ASD","Wald ratio",1,"-0.004","0.019"," 0.996","8.23e-01",NA,NA,NA,0.007057399
"CAMK2A","Lymphocyte","ASD","Wald ratio",1,"-0.004","0.020"," 0.996","8.24e-01",NA,NA,NA,0.007757104
"U2AF1","Lymphocyte","ASD","Wald ratio",1,"-0.350","1.575"," 0.705","8.24e-01",NA,NA,NA,0.009549232
"MRGPRX3","Lymphocyte","ASD","Wald ratio",1," 0.004","0.018"," 1.004","8.24e-01",NA,NA,NA,0.007078545
"MRGPRX4","Lymphocyte","ASD","Wald ratio",1," 0.003","0.015"," 1.003","8.24e-01",NA,NA,NA,0.007105061
"NMBR","Lymphocyte","ASD","Wald ratio",1," 0.006","0.029"," 1.006","8.25e-01",NA,NA,NA,0.007092979
"KLHL29","Lymphocyte","ASD","Inverse variance weighted",2,"-0.008","0.035"," 0.992","8.25e-01",NA,0.009624783,NA,0.031823839
"APBA2","Lymphocyte","ASD","Inverse variance weighted",2," 0.004","0.019"," 1.004","8.25e-01",NA,0.808751744,NA,0.015327548
"KIAA1026","Lymphocyte","ASD","Weighted median",3," 0.003","0.013"," 1.003","8.26e-01",0.868950526,0.934716319,0.798036868,0.006313615
"GPT2","Lymphocyte","ASD","Wald ratio",1," 0.010","0.044"," 1.010","8.27e-01",NA,NA,NA,0.010825524
"GPT2","Lymphocyte","ASD","Wald ratio",1," 0.008","0.035"," 1.008","8.27e-01",NA,NA,NA,0.010813332
"DUSP6","Lymphocyte","ASD","Wald ratio",1,"-0.069","0.318"," 0.933","8.27e-01",NA,NA,NA,0.015053564
"RGMA","Lymphocyte","ASD","Wald ratio",1," 0.007","0.031"," 1.007","8.27e-01",NA,NA,NA,0.00764996
"SLC10A2","Lymphocyte","ASD","Wald ratio",1," 0.004","0.016"," 1.004","8.27e-01",NA,NA,NA,0.007649999
"RGMA","Lymphocyte","ASD","Wald ratio",1," 0.004","0.016"," 1.004","8.27e-01",NA,NA,NA,0.007649999
"TNFAIP2","Lymphocyte","ASD","Wald ratio",1,"-0.004","0.020"," 0.996","8.27e-01",NA,NA,NA,0.009491199
"TRIM78P","Lymphocyte","ASD","Wald ratio",1," 0.004","0.019"," 1.004","8.27e-01",NA,NA,NA,0.007443642
"DOK7","Lymphocyte","ASD","Wald ratio",1,"-0.004","0.020"," 0.996","8.27e-01",NA,NA,NA,0.00744965
"TRIM34","Lymphocyte","ASD","Wald ratio",1," 0.003","0.015"," 1.003","8.27e-01",NA,NA,NA,0.0074214
"GLP1R","Lymphocyte","ASD","Wald ratio",1,"-0.003","0.015"," 0.997","8.28e-01",NA,NA,NA,0.00699861
"SDHAP3","Lymphocyte","ASD","Wald ratio",1," 0.029","0.134"," 1.030","8.28e-01",NA,NA,NA,0.009737503
"SLC35F3","Lymphocyte","ASD","Inverse variance weighted",3,"-0.005","0.022"," 0.995","8.28e-01",0.869856239,0.073118519,0.262996948,0.02977782
"ARHGAP18","Lymphocyte","ASD","Wald ratio",1,"-0.006","0.027"," 0.994","8.28e-01",NA,NA,NA,0.012486659
"ZNF532","Lymphocyte","ASD","Wald ratio",1," 0.011","0.052"," 1.011","8.29e-01",NA,NA,NA,0.007247054
"SLC45A4","Lymphocyte","ASD","Wald ratio",1," 0.006","0.027"," 1.006","8.29e-01",NA,NA,NA,0.011605508
"ZNF677","Lymphocyte","ASD","Wald ratio",1," 0.085","0.395"," 1.089","8.29e-01",NA,NA,NA,0.008194581
"NBPF1","Lymphocyte","ASD","Wald ratio",1," 0.003","0.016"," 1.003","8.29e-01",NA,NA,NA,0.007046349
"GRK7","Lymphocyte","ASD","Wald ratio",1,"-0.004","0.019"," 0.996","8.29e-01",NA,NA,NA,0.007994802
"ZAR1L","Lymphocyte","ASD","Wald ratio",1," 0.004","0.019"," 1.004","8.30e-01",NA,NA,NA,0.009138555
"PCDHGA1","Lymphocyte","ASD","Wald ratio",1," 0.003","0.015"," 1.003","8.30e-01",NA,NA,NA,0.006502707
"PCDHGA1","Lymphocyte","ASD","Wald ratio",1," 0.004","0.019"," 1.004","8.30e-01",NA,NA,NA,0.007094095
"MYBPC2","Lymphocyte","ASD","Wald ratio",1," 0.034","0.159"," 1.035","8.30e-01",NA,NA,NA,0.007343493
"MYBL2","Lymphocyte","ASD","Wald ratio",1,"-0.017","0.079"," 0.983","8.31e-01",NA,NA,NA,0.009433317
"LOC339788","Lymphocyte","ASD","Wald ratio",1," 0.005","0.023"," 1.005","8.31e-01",NA,NA,NA,0.011059806
"DTX4","Lymphocyte","ASD","Wald ratio",1," 0.005","0.024"," 1.005","8.31e-01",NA,NA,NA,0.007592598
"PTPRN2","Lymphocyte","ASD","Weighted median",8,"-0.002","0.010"," 0.998","8.32e-01",0.722990803,0.264129402,0.063033846,0.013117373
"BMP2","Lymphocyte","ASD","Wald ratio",1," 0.006","0.029"," 1.006","8.32e-01",NA,NA,NA,0.014119735
"ADAMTS17","Lymphocyte","ASD","Inverse variance weighted",2,"-0.006","0.027"," 0.994","8.32e-01",NA,0.027976123,NA,0.056616372
"EMID1","Lymphocyte","ASD","Wald ratio",1," 0.006","0.030"," 1.006","8.33e-01",NA,NA,NA,0.013925651
"KLF13","Lymphocyte","ASD","Wald ratio",1,"-0.027","0.128"," 0.973","8.33e-01",NA,NA,NA,0.009774022
"COL19A1","Lymphocyte","ASD","Wald ratio",1," 0.029","0.136"," 1.029","8.33e-01",NA,NA,NA,0.008833143
"ZNF783","Lymphocyte","ASD","Wald ratio",1,"-0.004","0.019"," 0.996","8.33e-01",NA,NA,NA,0.009328279
"ZNF212","Lymphocyte","ASD","Wald ratio",1,"-0.006","0.030"," 0.994","8.33e-01",NA,NA,NA,0.009328225
"SCPEP1","Lymphocyte","ASD","Wald ratio",1,"-0.273","1.300"," 0.761","8.34e-01",NA,NA,NA,0.009821219
"PDCD2L","Lymphocyte","ASD","Wald ratio",1," 0.040","0.191"," 1.041","8.34e-01",NA,NA,NA,0.017211366
"IL22RA2","Lymphocyte","ASD","Wald ratio",1,"-0.004","0.019"," 0.996","8.34e-01",NA,NA,NA,0.009127972
"B3GNT3","Lymphocyte","ASD","Wald ratio",1,"-0.009","0.045"," 0.991","8.34e-01",NA,NA,NA,0.011735246
"RAD52","Lymphocyte","ASD","Wald ratio",1,"-0.004","0.021"," 0.996","8.34e-01",NA,NA,NA,0.007035678
"PREX1","Lymphocyte","ASD","Wald ratio",1,"-0.008","0.038"," 0.992","8.35e-01",NA,NA,NA,0.009175339
"SLCO3A1","Lymphocyte","ASD","MR Egger",3," 0.010","0.037"," 1.010","8.35e-01",0.796717924,0.958466403,0.913972233,0.013490696
"AKR1CL1","Lymphocyte","ASD","Wald ratio",1,"-0.003","0.015"," 0.997","8.35e-01",NA,NA,NA,0.007284215
"LRRK1","Lymphocyte","ASD","Inverse variance weighted",2,"-0.003","0.014"," 0.997","8.35e-01",NA,0.95972285,NA,0.007455718
"CCNE1","Lymphocyte","ASD","Wald ratio",1," 0.009","0.046"," 1.010","8.36e-01",NA,NA,NA,0.007083506
"EPB41L2","Lymphocyte","ASD","Wald ratio",1,"-0.004","0.021"," 0.996","8.36e-01",NA,NA,NA,0.009716416
"ATP6V0E2","Lymphocyte","ASD","Wald ratio",1,"-0.006","0.029"," 0.994","8.36e-01",NA,NA,NA,0.007082635
"ATP6V0E2","Lymphocyte","ASD","Wald ratio",1,"-0.005","0.025"," 0.995","8.36e-01",NA,NA,NA,0.007082635
"ATP6V0E2","Lymphocyte","ASD","Wald ratio",1,"-0.003","0.015"," 0.997","8.36e-01",NA,NA,NA,0.007082635
"PTCHD3","Lymphocyte","ASD","Wald ratio",1," 0.005","0.022"," 1.005","8.36e-01",NA,NA,NA,0.008079504
"DYX1C1","Lymphocyte","ASD","Wald ratio",1,"-0.237","1.150"," 0.789","8.37e-01",NA,NA,NA,0.012644207
"CCPG1","Lymphocyte","ASD","Wald ratio",1,"-0.022","0.109"," 0.978","8.37e-01",NA,NA,NA,0.012651861
"CCPG1","Lymphocyte","ASD","Wald ratio",1,"-0.306","1.488"," 0.736","8.37e-01",NA,NA,NA,0.012651861
"HRNBP3","Lymphocyte","ASD","Inverse variance weighted",3,"-0.002","0.011"," 0.998","8.38e-01",0.395566858,0.632620476,0.735869528,0.009915742
"DOCK6","Lymphocyte","ASD","Inverse variance weighted",2," 0.004","0.018"," 1.004","8.38e-01",NA,0.188651668,NA,0.007574156
"GPR65","Lymphocyte","ASD","Wald ratio",1,"-0.049","0.243"," 0.952","8.39e-01",NA,NA,NA,0.012986349
"SCAMP4","Lymphocyte","ASD","Wald ratio",1,"-0.011","0.054"," 0.989","8.39e-01",NA,NA,NA,0.011330646
"RND3","Lymphocyte","ASD","Wald ratio",1," 0.107","0.523"," 1.112","8.39e-01",NA,NA,NA,0.007925348
"SPATA13","Lymphocyte","ASD","Inverse variance weighted",3," 0.003","0.015"," 1.003","8.39e-01",0.784706744,0.872730397,0.733694363,0.00845567
"COL14A1","Lymphocyte","ASD","Wald ratio",1,"-0.003","0.015"," 0.997","8.39e-01",NA,NA,NA,0.006977485
"SCML4","Lymphocyte","ASD","Wald ratio",1," 0.004","0.022"," 1.004","8.39e-01",NA,NA,NA,0.009412186
"MGLL","Lymphocyte","ASD","Wald ratio",1," 0.016","0.080"," 1.016","8.39e-01",NA,NA,NA,0.006976678
"ST3GAL1","Lymphocyte","ASD","MR Egger",3,"-0.054","0.212"," 0.947","8.40e-01",0.472254617,0.759494327,0.884739649,0.008180832
"PRKAG2","Lymphocyte","ASD","Weighted median",4,"-0.003","0.015"," 0.997","8.41e-01",0.030587009,0.071600785,0.929360059,0.01190277
"LTF","Lymphocyte","ASD","Wald ratio",1," 0.012","0.059"," 1.012","8.41e-01",NA,NA,NA,0.007523204
"FILIP1","Lymphocyte","ASD","Wald ratio",1,"-0.010","0.051"," 0.990","8.41e-01",NA,NA,NA,0.007523189
"SETX","Lymphocyte","ASD","Wald ratio",1,"-0.005","0.027"," 0.995","8.41e-01",NA,NA,NA,0.012444082
"ZFHX3","Lymphocyte","ASD","Inverse variance weighted",2,"-0.007","0.036"," 0.993","8.41e-01",NA,0.001591063,NA,0.121290099
"MYO3B","Lymphocyte","ASD","MR Egger",3," 0.020","0.078"," 1.020","8.42e-01",0.016854987,0.054119114,0.907712976,0.023918958
"VWDE","Lymphocyte","ASD","Wald ratio",1," 0.138","0.693"," 1.148","8.42e-01",NA,NA,NA,0.01009445
"KCNIP4","Lymphocyte","ASD","Wald ratio",1,"-0.044","0.220"," 0.957","8.42e-01",NA,NA,NA,0.007121204
"KCNIP4","Lymphocyte","ASD","Wald ratio",1,"-0.008","0.040"," 0.992","8.42e-01",NA,NA,NA,0.007121204
"UGP2","Lymphocyte","ASD","Wald ratio",1," 0.023","0.114"," 1.023","8.43e-01",NA,NA,NA,0.00886023
"FAM129B","Lymphocyte","ASD","Wald ratio",1," 0.031","0.154"," 1.031","8.43e-01",NA,NA,NA,0.007618831
"PARD3B","Lymphocyte","ASD","Inverse variance weighted",2,"-0.003","0.013"," 0.997","8.43e-01",NA,0.943451238,NA,0.007045972
"TBX2","Lymphocyte","ASD","Wald ratio",1,"-0.060","0.302"," 0.942","8.43e-01",NA,NA,NA,0.007916337
"LOC100190940","Lymphocyte","ASD","Wald ratio",1," 0.009","0.047"," 1.009","8.43e-01",NA,NA,NA,0.007915758
"GZMM","Lymphocyte","ASD","Wald ratio",1,"-0.009","0.046"," 0.991","8.43e-01",NA,NA,NA,0.016036773
"ADC","Lymphocyte","ASD","Wald ratio",1," 0.003","0.016"," 1.003","8.44e-01",NA,NA,NA,0.007915393
"C8orf84","Lymphocyte","ASD","Wald ratio",1,"-0.003","0.016"," 0.997","8.44e-01",NA,NA,NA,0.004383276
"RAB11B","Lymphocyte","ASD","Wald ratio",1," 0.003","0.017"," 1.003","8.44e-01",NA,NA,NA,0.007466329
"ANGPTL4","Lymphocyte","ASD","Wald ratio",1," 0.043","0.218"," 1.044","8.44e-01",NA,NA,NA,0.007466329
"CHST6","Lymphocyte","ASD","Inverse variance weighted",2," 0.007","0.037"," 1.007","8.45e-01",NA,0.01118554,NA,0.261875764
"ADAMTS2","Lymphocyte","ASD","Weighted median",5,"-0.002","0.010"," 0.998","8.45e-01",0.694081954,0.830539046,0.87578417,0.011910646
"FAM83F","Lymphocyte","ASD","Wald ratio",1," 0.007","0.034"," 1.007","8.45e-01",NA,NA,NA,0.007465509
"ZNF44","Lymphocyte","ASD","Wald ratio",1," 0.006","0.029"," 1.006","8.45e-01",NA,NA,NA,0.009002864
"ADRB2","Lymphocyte","ASD","Wald ratio",1," 0.046","0.236"," 1.047","8.46e-01",NA,NA,NA,0.007015467
"OR10X1","Lymphocyte","ASD","Wald ratio",1," 0.003","0.015"," 1.003","8.46e-01",NA,NA,NA,0.00701547
"C3orf59","Lymphocyte","ASD","Wald ratio",1," 0.052","0.267"," 1.053","8.46e-01",NA,NA,NA,0.007014758
"FAM190A","Lymphocyte","ASD","Inverse variance weighted",2,"-0.003","0.013"," 0.997","8.46e-01",NA,0.361465358,NA,0.007240049
"LTBP1","Lymphocyte","ASD","Wald ratio",1," 0.007","0.037"," 1.007","8.46e-01",NA,NA,NA,0.01008475
"GDF9","Lymphocyte","ASD","Wald ratio",1,"-0.003","0.014"," 0.997","8.47e-01",NA,NA,NA,0.007063453
"NCOR2","Lymphocyte","ASD","Simple mode",4," 0.008","0.037"," 1.008","8.47e-01",0.004869738,0.012685443,0.871109587,0.006369778
"COMMD8","Lymphocyte","ASD","Wald ratio",1," 0.008","0.044"," 1.008","8.47e-01",NA,NA,NA,0.01116065
"CCDC85A","Lymphocyte","ASD","Inverse variance weighted",2," 0.004","0.019"," 1.004","8.48e-01",NA,0.255825947,NA,0.01494338
"PARP12","Lymphocyte","ASD","Wald ratio",1,"-0.004","0.021"," 0.996","8.49e-01",NA,NA,NA,0.008698953
"RASSF2","Lymphocyte","ASD","Wald ratio",1," 0.004","0.020"," 1.004","8.49e-01",NA,NA,NA,0.007408766
"CECR4","Lymphocyte","ASD","Wald ratio",1," 0.030","0.158"," 1.031","8.49e-01",NA,NA,NA,0.015066343
"CECR5","Lymphocyte","ASD","Wald ratio",1," 0.006","0.032"," 1.006","8.49e-01",NA,NA,NA,0.015066344
"AK3L1","Lymphocyte","ASD","Wald ratio",1,"-0.014","0.072"," 0.986","8.49e-01",NA,NA,NA,0.014061745
"DGKE","Lymphocyte","ASD","Wald ratio",1," 0.005","0.026"," 1.005","8.49e-01",NA,NA,NA,0.010519622
"STON1-GTF2A1L","Lymphocyte","ASD","Wald ratio",1," 0.003","0.016"," 1.003","8.49e-01",NA,NA,NA,0.007408023
"TRAPPC9","Lymphocyte","ASD","MR Egger",4,"-0.013","0.062"," 0.987","8.50e-01",0.897994128,0.934892225,0.691426446,0.01422461
"ENC1","Lymphocyte","ASD","Wald ratio",1," 0.015","0.082"," 1.016","8.51e-01",NA,NA,NA,0.011151517
"DSCR6","Lymphocyte","ASD","Wald ratio",1," 0.010","0.055"," 1.010","8.51e-01",NA,NA,NA,0.00775282
"F5","Lymphocyte","ASD","Wald ratio",1," 0.005","0.027"," 1.005","8.51e-01",NA,NA,NA,0.009335669
"VANGL1","Lymphocyte","ASD","Wald ratio",1," 0.005","0.026"," 1.005","8.51e-01",NA,NA,NA,0.012220954
"RFESD","Lymphocyte","ASD","Wald ratio",1," 0.003","0.018"," 1.003","8.51e-01",NA,NA,NA,0.005123233
"RFESD","Lymphocyte","ASD","Wald ratio",1," 0.020","0.106"," 1.020","8.51e-01",NA,NA,NA,0.008594251
"INPP5F","Lymphocyte","ASD","Wald ratio",1," 0.036","0.191"," 1.036","8.52e-01",NA,NA,NA,0.008346258
"PCOLCE2","Lymphocyte","ASD","Wald ratio",1," 0.005","0.025"," 1.005","8.52e-01",NA,NA,NA,0.009678119
"COL15A1","Lymphocyte","ASD","Inverse variance weighted",2," 0.013","0.070"," 1.013","8.52e-01",NA,0.05310196,NA,0.030558066
"KIAA1026","Lymphocyte","ASD","Weighted mode",3," 0.003","0.014"," 1.003","8.52e-01",0.868950526,0.934716319,0.798036868,0.006313615
"LMBRD1","Lymphocyte","ASD","Wald ratio",1," 0.006","0.034"," 1.006","8.52e-01",NA,NA,NA,0.007053985
"TAOK3","Lymphocyte","ASD","Wald ratio",1,"-0.003","0.018"," 0.997","8.52e-01",NA,NA,NA,0.007053985
"RNF182","Lymphocyte","ASD","Wald ratio",1," 0.017","0.094"," 1.018","8.52e-01",NA,NA,NA,0.007302743
"RNF182","Lymphocyte","ASD","Wald ratio",1," 0.016","0.085"," 1.016","8.52e-01",NA,NA,NA,0.007302743
"IQCJ","Lymphocyte","ASD","Wald ratio",1," 0.003","0.017"," 1.003","8.53e-01",NA,NA,NA,0.008145791
"MUC20","Lymphocyte","ASD","Inverse variance weighted",2,"-0.003","0.015"," 0.997","8.54e-01",NA,0.598647814,NA,0.009918593
"FOXN3","Lymphocyte","ASD","Weighted median",4," 0.003","0.014"," 1.003","8.54e-01",0.096309695,0.151929316,0.66119647,0.052480648
"PPM1B","Lymphocyte","ASD","Wald ratio",1,"-0.028","0.153"," 0.972","8.55e-01",NA,NA,NA,0.007149487
"PRDM8","Lymphocyte","ASD","Wald ratio",1," 0.005","0.030"," 1.005","8.55e-01",NA,NA,NA,0.007993056
"MAP2K5","Lymphocyte","ASD","Wald ratio",1," 0.006","0.035"," 1.006","8.55e-01",NA,NA,NA,0.01254835
"CRIP3","Lymphocyte","ASD","Wald ratio",1,"-0.036","0.197"," 0.965","8.56e-01",NA,NA,NA,0.011527853
"RNF168","Lymphocyte","ASD","Wald ratio",1,"-0.003","0.018"," 0.997","8.56e-01",NA,NA,NA,0.007197555
"CAMK1D","Lymphocyte","ASD","Weighted median",3,"-0.002","0.013"," 0.998","8.56e-01",0.468778339,0.507211209,0.529078478,0.009311703
"KLHL1","Lymphocyte","ASD","Inverse variance weighted",2,"-0.004","0.022"," 0.996","8.57e-01",NA,0.522580996,NA,0.007917331
"MESP1","Lymphocyte","ASD","Wald ratio",1,"-0.093","0.518"," 0.911","8.58e-01",NA,NA,NA,0.007293696
"MESP2","Lymphocyte","ASD","Wald ratio",1,"-0.003","0.015"," 0.997","8.58e-01",NA,NA,NA,0.007290979
"RBM24","Lymphocyte","ASD","Wald ratio",1," 0.004","0.021"," 1.004","8.58e-01",NA,NA,NA,0.007041974
"B3GALT1","Lymphocyte","ASD","Wald ratio",1," 0.003","0.016"," 1.003","8.58e-01",NA,NA,NA,0.007888231
"ASTN2","Lymphocyte","ASD","Wald ratio",1," 0.045","0.249"," 1.046","8.58e-01",NA,NA,NA,0.010350478
"USP45","Lymphocyte","ASD","Wald ratio",1," 0.073","0.412"," 1.076","8.58e-01",NA,NA,NA,0.007044305
"PGS1","Lymphocyte","ASD","Wald ratio",1,"-0.004","0.024"," 0.996","8.59e-01",NA,NA,NA,0.009565185
"REG3G","Lymphocyte","ASD","Wald ratio",1," 0.003","0.017"," 1.003","8.59e-01",NA,NA,NA,0.008184626
"KIAA1026","Lymphocyte","ASD","MR Egger",3,"-0.009","0.039"," 0.991","8.59e-01",0.868950526,0.934716319,0.798036868,0.006313615
"GDF2","Lymphocyte","ASD","Wald ratio",1," 0.004","0.021"," 1.004","8.59e-01",NA,NA,NA,0.009318421
"LAPTM4B","Lymphocyte","ASD","Inverse variance weighted",2," 0.004","0.020"," 1.004","8.59e-01",NA,0.428531705,NA,0.006981322
"ALLC","Lymphocyte","ASD","Wald ratio",1,"-0.003","0.019"," 0.997","8.59e-01",NA,NA,NA,0.008776206
"ASAH1","Lymphocyte","ASD","Wald ratio",1,"-0.006","0.032"," 0.994","8.59e-01",NA,NA,NA,0.012343685
"JPH3","Lymphocyte","ASD","Wald ratio",1," 0.044","0.249"," 1.045","8.59e-01",NA,NA,NA,0.007638827
"GAS2","Lymphocyte","ASD","Wald ratio",1,"-0.006","0.035"," 0.994","8.59e-01",NA,NA,NA,0.00961276
"FANCF","Lymphocyte","ASD","Wald ratio",1,"-0.095","0.533"," 0.910","8.59e-01",NA,NA,NA,0.00961276
"CDCP1","Lymphocyte","ASD","Wald ratio",1," 0.018","0.099"," 1.018","8.60e-01",NA,NA,NA,0.010445232
"KCNQ3","Lymphocyte","ASD","Wald ratio",1," 0.004","0.020"," 1.004","8.60e-01",NA,NA,NA,0.007984141
"ITIH5","Lymphocyte","ASD","Inverse variance weighted",2," 0.003","0.017"," 1.003","8.60e-01",NA,0.768689654,NA,0.008419342
"PDLIM2","Lymphocyte","ASD","Wald ratio",1,"-0.007","0.037"," 0.993","8.60e-01",NA,NA,NA,0.007438506
"C8orf58","Lymphocyte","ASD","Wald ratio",1,"-0.069","0.389"," 0.934","8.60e-01",NA,NA,NA,0.007438506
"PSMA3","Lymphocyte","ASD","Wald ratio",1,"-0.118","0.672"," 0.889","8.61e-01",NA,NA,NA,0.013012666
"LOC144742","Lymphocyte","ASD","Wald ratio",1," 0.004","0.026"," 1.004","8.61e-01",NA,NA,NA,0.007189271
"PCCA","Lymphocyte","ASD","Wald ratio",1," 0.004","0.021"," 1.004","8.61e-01",NA,NA,NA,0.007486578
"C12orf75","Lymphocyte","ASD","Wald ratio",1,"-0.053","0.307"," 0.948","8.62e-01",NA,NA,NA,0.006939273
"C5orf49","Lymphocyte","ASD","Wald ratio",1," 0.012","0.067"," 1.012","8.62e-01",NA,NA,NA,0.006939282
"PHF17","Lymphocyte","ASD","Wald ratio",1," 0.004","0.021"," 1.004","8.63e-01",NA,NA,NA,0.009556586
"CNR1","Lymphocyte","ASD","Wald ratio",1,"-0.004","0.023"," 0.996","8.63e-01",NA,NA,NA,0.010974384
"TMTC2","Lymphocyte","ASD","Wald ratio",1,"-0.046","0.269"," 0.955","8.63e-01",NA,NA,NA,0.010729924
"CHGA","Lymphocyte","ASD","Wald ratio",1," 0.007","0.038"," 1.007","8.64e-01",NA,NA,NA,0.007878907
"PACRG","Lymphocyte","ASD","Wald ratio",1," 0.012","0.070"," 1.012","8.64e-01",NA,NA,NA,0.007630794
"MGC3771","Lymphocyte","ASD","Wald ratio",1,"-0.003","0.018"," 0.997","8.64e-01",NA,NA,NA,0.007035669
"C15orf27","Lymphocyte","ASD","Wald ratio",1,"-0.007","0.042"," 0.993","8.64e-01",NA,NA,NA,0.011652228
"SLC47A1","Lymphocyte","ASD","Wald ratio",1,"-0.004","0.025"," 0.996","8.64e-01",NA,NA,NA,0.007325102
"APOL3","Lymphocyte","ASD","Wald ratio",1,"-0.003","0.020"," 0.997","8.65e-01",NA,NA,NA,0.007084351
"OR10A2","Lymphocyte","ASD","Wald ratio",1," 0.003","0.020"," 1.003","8.65e-01",NA,NA,NA,0.007381798
"OR2D2","Lymphocyte","ASD","Wald ratio",1," 0.003","0.016"," 1.003","8.65e-01",NA,NA,NA,0.007381798
"FGF4","Lymphocyte","ASD","Wald ratio",1," 0.003","0.017"," 1.003","8.65e-01",NA,NA,NA,0.007381798
"OR10A4","Lymphocyte","ASD","Wald ratio",1," 0.004","0.023"," 1.004","8.65e-01",NA,NA,NA,0.007381798
"GRAMD4","Lymphocyte","ASD","Wald ratio",1,"-0.004","0.023"," 0.996","8.65e-01",NA,NA,NA,0.009404399
"KIAA1026","Lymphocyte","ASD","Simple mode",3," 0.003","0.014"," 1.003","8.65e-01",0.868950526,0.934716319,0.798036868,0.006313615
"FNDC3B","Lymphocyte","ASD","Inverse variance weighted",2,"-0.004","0.025"," 0.996","8.65e-01",NA,0.167822984,NA,0.011137456
"ANK1","Lymphocyte","ASD","Wald ratio",1,"-0.041","0.243"," 0.960","8.65e-01",NA,NA,NA,0.008271181
"NKX6-3","Lymphocyte","ASD","Wald ratio",1,"-0.014","0.083"," 0.986","8.65e-01",NA,NA,NA,0.008271181
"ANK1","Lymphocyte","ASD","Wald ratio",1,"-0.003","0.017"," 0.997","8.65e-01",NA,NA,NA,0.008271181
"TLE3","Lymphocyte","ASD","Wald ratio",1,"-0.004","0.021"," 0.996","8.66e-01",NA,NA,NA,0.01004078
"FA2H","Lymphocyte","ASD","Wald ratio",1," 0.004","0.026"," 1.004","8.66e-01",NA,NA,NA,0.00742993
"LRMP","Lymphocyte","ASD","Wald ratio",1," 0.003","0.016"," 1.003","8.66e-01",NA,NA,NA,0.007429407
"CD82","Lymphocyte","ASD","Wald ratio",1," 0.005","0.032"," 1.005","8.66e-01",NA,NA,NA,0.010088318
"PAPOLA","Lymphocyte","ASD","Wald ratio",1," 0.029","0.173"," 1.030","8.66e-01",NA,NA,NA,0.00831913
"SORBS2","Lymphocyte","ASD","Wald ratio",1,"-0.003","0.015"," 0.997","8.67e-01",NA,NA,NA,0.007477543
"GNPDA2","Lymphocyte","ASD","Wald ratio",1,"-0.233","1.395"," 0.792","8.67e-01",NA,NA,NA,0.014482102
"ADAMTS2","Lymphocyte","ASD","MR Egger",5," 0.007","0.037"," 1.007","8.67e-01",0.694081954,0.830539046,0.87578417,0.011910646
"NRXN1","Lymphocyte","ASD","Wald ratio",1,"-0.028","0.170"," 0.972","8.67e-01",NA,NA,NA,0.006931291
"FOXP1","Lymphocyte","ASD","Wald ratio",1," 0.003","0.020"," 1.003","8.68e-01",NA,NA,NA,0.008710669
"C7orf50","Lymphocyte","ASD","Inverse variance weighted",2,"-0.002","0.012"," 0.998","8.68e-01",NA,0.354790626,NA,0.011480202
"ACRV1","Lymphocyte","ASD","Wald ratio",1," 0.007","0.040"," 1.007","8.69e-01",NA,NA,NA,0.01447127
"PATE3","Lymphocyte","ASD","Wald ratio",1," 0.006","0.035"," 1.006","8.69e-01",NA,NA,NA,0.012590983
"MMD2","Lymphocyte","ASD","Wald ratio",1," 0.005","0.029"," 1.005","8.69e-01",NA,NA,NA,0.007325316
"RIPK4","Lymphocyte","ASD","Wald ratio",1,"-0.003","0.020"," 0.997","8.69e-01",NA,NA,NA,0.008214985
"RASGRF2","Lymphocyte","ASD","Wald ratio",1,"-0.005","0.033"," 0.995","8.70e-01",NA,NA,NA,0.013854811
"TRIM9","Lymphocyte","ASD","Wald ratio",1,"-0.011","0.064"," 0.989","8.70e-01",NA,NA,NA,0.008263578
"LOC80154","Lymphocyte","ASD","Wald ratio",1,"-0.004","0.024"," 0.996","8.70e-01",NA,NA,NA,0.007967278
"SFRS12","Lymphocyte","ASD","Wald ratio",1," 0.014","0.089"," 1.015","8.70e-01",NA,NA,NA,0.008558844
"DEFB132","Lymphocyte","ASD","Wald ratio",1," 0.002","0.015"," 1.002","8.71e-01",NA,NA,NA,0.007075625
"SLC20A1","Lymphocyte","ASD","Wald ratio",1,"-0.004","0.026"," 0.996","8.71e-01",NA,NA,NA,0.007075625
"QPCT","Lymphocyte","ASD","Wald ratio",1,"-0.003","0.019"," 0.997","8.71e-01",NA,NA,NA,0.007124308
"CLTC","Lymphocyte","ASD","Wald ratio",1,"-0.176","1.086"," 0.839","8.71e-01",NA,NA,NA,0.0113444
"MBD1","Lymphocyte","ASD","Wald ratio",1," 0.050","0.308"," 1.051","8.71e-01",NA,NA,NA,0.007421238
"CXXC1","Lymphocyte","ASD","Wald ratio",1," 0.003","0.016"," 1.003","8.71e-01",NA,NA,NA,0.007419639
"RASL11B","Lymphocyte","ASD","Wald ratio",1,"-0.007","0.042"," 0.993","8.71e-01",NA,NA,NA,0.008359571
"AIFM2","Lymphocyte","ASD","Inverse variance weighted",2,"-0.003","0.021"," 0.997","8.72e-01",NA,0.105400486,NA,0.008401541
"TFEB","Lymphocyte","ASD","Wald ratio",1," 0.003","0.017"," 1.003","8.72e-01",NA,NA,NA,0.007469432
"C2orf77","Lymphocyte","ASD","Wald ratio",1," 0.003","0.019"," 1.003","8.72e-01",NA,NA,NA,0.007469432
"PIK3R1","Lymphocyte","ASD","Wald ratio",1,"-0.003","0.018"," 0.997","8.73e-01",NA,NA,NA,0.008878529
"ADCY9","Lymphocyte","ASD","Inverse variance weighted",2," 0.002","0.015"," 1.002","8.73e-01",NA,0.750670825,NA,0.007739851
"MYST4","Lymphocyte","ASD","Wald ratio",1," 0.004","0.025"," 1.004","8.73e-01",NA,NA,NA,0.010946107
"TSHR","Lymphocyte","ASD","Wald ratio",1," 0.005","0.034"," 1.005","8.73e-01",NA,NA,NA,0.007220396
"AACSL","Lymphocyte","ASD","Wald ratio",1," 0.003","0.022"," 1.003","8.74e-01",NA,NA,NA,0.007269067
"ZNF354A","Lymphocyte","ASD","Wald ratio",1," 0.039","0.246"," 1.040","8.74e-01",NA,NA,NA,0.007269067
"RASGEF1B","Lymphocyte","ASD","Wald ratio",1," 0.025","0.160"," 1.026","8.74e-01",NA,NA,NA,0.008502971
"FAM57A","Lymphocyte","ASD","Wald ratio",1,"-0.006","0.039"," 0.994","8.74e-01",NA,NA,NA,0.00697149
"CDX2","Lymphocyte","ASD","Wald ratio",1,"-0.003","0.022"," 0.997","8.74e-01",NA,NA,NA,0.00697111
"PRHOXNB","Lymphocyte","ASD","Wald ratio",1,"-0.007","0.044"," 0.993","8.74e-01",NA,NA,NA,0.006971109
"PTPRN2","Lymphocyte","ASD","Weighted mode",8,"-0.002","0.010"," 0.998","8.74e-01",0.722990803,0.264129402,0.063033846,0.013117373
"CDH15","Lymphocyte","ASD","Wald ratio",1," 0.003","0.020"," 1.003","8.75e-01",NA,NA,NA,0.008255626
"ACSF3","Lymphocyte","ASD","Wald ratio",1," 0.003","0.017"," 1.003","8.75e-01",NA,NA,NA,0.003945394
"CLIC6","Lymphocyte","ASD","Wald ratio",1,"-0.004","0.027"," 0.996","8.75e-01",NA,NA,NA,0.008255627
"MSC","Lymphocyte","ASD","Wald ratio",1,"-0.003","0.022"," 0.997","8.75e-01",NA,NA,NA,0.008851241
"AP3D1","Lymphocyte","ASD","Wald ratio",1," 0.002","0.015"," 1.002","8.75e-01",NA,NA,NA,0.006586366
"TMEM132D","Lymphocyte","ASD","Inverse variance weighted",3," 0.002","0.016"," 1.002","8.75e-01",0.06778312,0.146255061,0.762948579,0.024582769
"LDB2","Lymphocyte","ASD","Wald ratio",1,"-0.002","0.014"," 0.998","8.75e-01",NA,NA,NA,0.007019428
"THBS1","Lymphocyte","ASD","Wald ratio",1,"-0.003","0.016"," 0.997","8.75e-01",NA,NA,NA,0.007011743
"AP1M2","Lymphocyte","ASD","Wald ratio",1,"-0.007","0.046"," 0.993","8.76e-01",NA,NA,NA,0.007365568
"ARHGAP23","Lymphocyte","ASD","Wald ratio",1," 0.015","0.097"," 1.015","8.76e-01",NA,NA,NA,0.007365568
"OR9Q1","Lymphocyte","ASD","Wald ratio",1," 0.004","0.027"," 1.004","8.76e-01",NA,NA,NA,0.010166853
"ADAMTS2","Lymphocyte","ASD","Weighted mode",5,"-0.002","0.013"," 0.998","8.76e-01",0.694081954,0.830539046,0.87578417,0.011910646
"PKNOX1","Lymphocyte","ASD","Wald ratio",1," 0.004","0.027"," 1.004","8.77e-01",NA,NA,NA,0.011816721
"CHKB-CPT1B","Lymphocyte","ASD","Wald ratio",1," 0.003","0.022"," 1.003","8.77e-01",NA,NA,NA,0.007116061
"CHKB-CPT1B","Lymphocyte","ASD","Wald ratio",1," 0.002","0.015"," 1.002","8.77e-01",NA,NA,NA,0.007116061
"KLHDC7B","Lymphocyte","ASD","Wald ratio",1," 0.003","0.019"," 1.003","8.77e-01",NA,NA,NA,0.007109228
"C22orf41","Lymphocyte","ASD","Wald ratio",1," 0.031","0.197"," 1.031","8.77e-01",NA,NA,NA,0.007116061
"CHKB-CPT1B","Lymphocyte","ASD","Wald ratio",1," 0.003","0.019"," 1.003","8.77e-01",NA,NA,NA,0.007116061
"TNS3","Lymphocyte","ASD","Inverse variance weighted",2,"-0.002","0.013"," 0.998","8.77e-01",NA,0.651424502,NA,0.007407404
"WDFY3","Lymphocyte","ASD","Wald ratio",1," 0.002","0.016"," 1.003","8.77e-01",NA,NA,NA,0.00746166
"FAM174B","Lymphocyte","ASD","Wald ratio",1," 0.005","0.031"," 1.005","8.78e-01",NA,NA,NA,0.008103195
"CCDC63","Lymphocyte","ASD","Wald ratio",1," 0.002","0.015"," 1.002","8.78e-01",NA,NA,NA,0.007164744
"PTGER3","Lymphocyte","ASD","Wald ratio",1,"-0.047","0.307"," 0.954","8.78e-01",NA,NA,NA,0.01098987
"PTGER3","Lymphocyte","ASD","Wald ratio",1,"-0.010","0.063"," 0.990","8.78e-01",NA,NA,NA,0.01098987
"SPIRE1","Lymphocyte","ASD","Wald ratio",1," 0.006","0.039"," 1.006","8.78e-01",NA,NA,NA,0.011008733
"GTF2A1","Lymphocyte","ASD","Wald ratio",1," 0.002","0.016"," 1.002","8.78e-01",NA,NA,NA,0.006866718
"BZW2","Lymphocyte","ASD","Wald ratio",1," 0.003","0.022"," 1.003","8.79e-01",NA,NA,NA,0.008838804
"EPM2A","Lymphocyte","ASD","Wald ratio",1,"-0.003","0.018"," 0.997","8.80e-01",NA,NA,NA,0.006963803
"FAM188B","Lymphocyte","ASD","Wald ratio",1,"-0.007","0.043"," 0.994","8.80e-01",NA,NA,NA,0.006963802
"GPR25","Lymphocyte","ASD","Wald ratio",1," 0.003","0.023"," 1.003","8.80e-01",NA,NA,NA,0.009545153
"CASS4","Lymphocyte","ASD","Wald ratio",1,"-0.004","0.029"," 0.996","8.80e-01",NA,NA,NA,0.008296082
"ATP10A","Lymphocyte","ASD","Inverse variance weighted",2," 0.002","0.016"," 1.002","8.80e-01",NA,0.545067663,NA,0.010350386
"SYCE1L","Lymphocyte","ASD","Wald ratio",1,"-0.002","0.015"," 0.998","8.80e-01",NA,NA,NA,0.007309309
"GRAMD1A","Lymphocyte","ASD","Wald ratio",1," 0.003","0.018"," 1.003","8.81e-01",NA,NA,NA,0.007654636
"ANKH","Lymphocyte","ASD","Wald ratio",1," 0.005","0.034"," 1.005","8.81e-01",NA,NA,NA,0.007060546
"KLHDC4","Lymphocyte","ASD","Wald ratio",1,"-0.003","0.019"," 0.997","8.82e-01",NA,NA,NA,0.007060221
"SHANK1","Lymphocyte","ASD","Wald ratio",1,"-0.002","0.016"," 0.998","8.82e-01",NA,NA,NA,0.005810231
"CUGBP2","Lymphocyte","ASD","Wald ratio",1,"-0.004","0.030"," 0.996","8.82e-01",NA,NA,NA,0.013343299
"GGT1","Lymphocyte","ASD","Wald ratio",1," 0.003","0.021"," 1.003","8.82e-01",NA,NA,NA,0.007751109
"GAS2L1","Lymphocyte","ASD","Wald ratio",1," 0.003","0.023"," 1.003","8.82e-01",NA,NA,NA,0.009421084
"LOC285401","Lymphocyte","ASD","Wald ratio",1,"-0.002","0.016"," 0.998","8.83e-01",NA,NA,NA,0.007055052
"MBP","Lymphocyte","ASD","Simple mode",3," 0.003","0.015"," 1.003","8.83e-01",0.926942495,0.659348226,0.53064677,0.011419996
"SRGAP1","Lymphocyte","ASD","Wald ratio",1," 0.002","0.016"," 1.002","8.83e-01",NA,NA,NA,0.007156962
"ABCA10","Lymphocyte","ASD","Wald ratio",1,"-0.032","0.215"," 0.969","8.83e-01",NA,NA,NA,0.011849862
"AUTS2","Lymphocyte","ASD","Simple mode",3,"-0.009","0.055"," 0.991","8.84e-01",0.177895871,0.345109814,0.749550352,0.019797814
"CCDC85C","Lymphocyte","ASD","Wald ratio",1,"-0.005","0.036"," 0.995","8.84e-01",NA,NA,NA,0.010881023
"TBX4","Lymphocyte","ASD","Wald ratio",1," 0.003","0.022"," 1.003","8.84e-01",NA,NA,NA,0.008879971
"ANGPT2","Lymphocyte","ASD","Simple mode",3," 0.004","0.022"," 1.004","8.84e-01",0.379674389,0.547197306,0.62910579,0.008732882
"ISYNA1","Lymphocyte","ASD","Wald ratio",1,"-0.014","0.095"," 0.986","8.84e-01",NA,NA,NA,0.008584584
"SSBP4","Lymphocyte","ASD","Wald ratio",1,"-0.007","0.048"," 0.993","8.84e-01",NA,NA,NA,0.008580967
"TMPRSS13","Lymphocyte","ASD","Inverse variance weighted",2," 0.002","0.016"," 1.002","8.85e-01",NA,0.187058676,NA,0.008574832
"THRB","Lymphocyte","ASD","Inverse variance weighted",2," 0.002","0.012"," 1.002","8.85e-01",NA,0.748881429,NA,0.00736918
"HPS3","Lymphocyte","ASD","Wald ratio",1,"-0.269","1.862"," 0.764","8.85e-01",NA,NA,NA,0.014659949
"BIN1","Lymphocyte","ASD","Wald ratio",1," 0.002","0.015"," 1.002","8.86e-01",NA,NA,NA,0.00730237
"SYN3","Lymphocyte","ASD","Wald ratio",1,"-0.008","0.059"," 0.992","8.86e-01",NA,NA,NA,0.00730237
"RIMS1","Lymphocyte","ASD","Wald ratio",1," 0.005","0.032"," 1.005","8.86e-01",NA,NA,NA,0.006956197
"MDGA2","Lymphocyte","ASD","Wald ratio",1," 0.002","0.015"," 1.002","8.86e-01",NA,NA,NA,0.006707067
"CLPB","Lymphocyte","ASD","Wald ratio",1,"-0.010","0.069"," 0.990","8.86e-01",NA,NA,NA,0.009023467
"MAPRE2","Lymphocyte","ASD","Wald ratio",1," 0.002","0.017"," 1.002","8.86e-01",NA,NA,NA,0.008040818
"APOB","Lymphocyte","ASD","Wald ratio",1," 0.005","0.035"," 1.005","8.86e-01",NA,NA,NA,0.007350727
"TFIP11","Lymphocyte","ASD","Wald ratio",1,"-0.002","0.015"," 0.998","8.86e-01",NA,NA,NA,0.007004909
"TRHR","Lymphocyte","ASD","Wald ratio",1,"-0.002","0.015"," 0.998","8.86e-01",NA,NA,NA,0.007004909
"HPS4","Lymphocyte","ASD","Wald ratio",1,"-0.007","0.050"," 0.993","8.86e-01",NA,NA,NA,0.007000772
"VPREB1","Lymphocyte","ASD","Wald ratio",1,"-0.034","0.239"," 0.966","8.86e-01",NA,NA,NA,0.014144361
"CHST2","Lymphocyte","ASD","Wald ratio",1," 0.002","0.015"," 1.002","8.87e-01",NA,NA,NA,0.007004627
"PDX1","Lymphocyte","ASD","Wald ratio",1,"-0.008","0.056"," 0.992","8.87e-01",NA,NA,NA,0.0070046
"C6orf191","Lymphocyte","ASD","Wald ratio",1," 0.005","0.035"," 1.005","8.87e-01",NA,NA,NA,0.014523619
"C11orf48","Lymphocyte","ASD","Wald ratio",1," 0.002","0.016"," 1.002","8.87e-01",NA,NA,NA,0.007053054
"EML3","Lymphocyte","ASD","Wald ratio",1," 0.016","0.115"," 1.016","8.87e-01",NA,NA,NA,0.007053054
"CCNYL1","Lymphocyte","ASD","Wald ratio",1,"-0.005","0.037"," 0.995","8.88e-01",NA,NA,NA,0.015371684
"SPAG17","Lymphocyte","ASD","Wald ratio",1,"-0.006","0.043"," 0.994","8.88e-01",NA,NA,NA,0.014709375
"SENP8","Lymphocyte","ASD","Wald ratio",1,"-0.002","0.016"," 0.998","8.88e-01",NA,NA,NA,0.007840866
"GOLGA8B","Lymphocyte","ASD","Inverse variance weighted",2,"-0.003","0.025"," 0.997","8.88e-01",NA,0.953458251,NA,0.011861663
"TAS2R16","Lymphocyte","ASD","Wald ratio",1,"-0.002","0.016"," 0.998","8.89e-01",NA,NA,NA,0.007495779
"BFSP2","Lymphocyte","ASD","Wald ratio",1,"-0.005","0.035"," 0.995","8.89e-01",NA,NA,NA,0.008185062
"YAP1","Lymphocyte","ASD","Inverse variance weighted",2,"-0.003","0.023"," 0.997","8.89e-01",NA,0.237825121,NA,0.007191917
"DLC1","Lymphocyte","ASD","MR Egger",4,"-0.094","0.598"," 0.910","8.89e-01",0.307082224,0.4958267,0.893742599,0.007747126
"XPO6","Lymphocyte","ASD","Wald ratio",1," 0.003","0.019"," 1.003","8.89e-01",NA,NA,NA,0.006216626
"ADAMTS2","Lymphocyte","ASD","Simple mode",5,"-0.002","0.013"," 0.998","8.89e-01",0.694081954,0.830539046,0.87578417,0.011910646
"RAD54B","Lymphocyte","ASD","Wald ratio",1,"-0.002","0.015"," 0.998","8.89e-01",NA,NA,NA,0.007198593
"ERGIC2","Lymphocyte","ASD","Wald ratio",1," 0.003","0.024"," 1.003","8.90e-01",NA,NA,NA,0.007198319
"ZNF234","Lymphocyte","ASD","Wald ratio",1,"-0.002","0.015"," 0.998","8.90e-01",NA,NA,NA,0.007198319
"PCDH20","Lymphocyte","ASD","Wald ratio",1,"-0.002","0.016"," 0.998","8.90e-01",NA,NA,NA,0.007198319
"FAR2","Lymphocyte","ASD","Wald ratio",1," 0.011","0.081"," 1.011","8.90e-01",NA,NA,NA,0.007198319
"DMRT1","Lymphocyte","ASD","Wald ratio",1," 0.004","0.029"," 1.004","8.90e-01",NA,NA,NA,0.006901044
"EFCAB1","Lymphocyte","ASD","Wald ratio",1,"-0.005","0.035"," 0.995","8.90e-01",NA,NA,NA,0.007246735
"ABHD2","Lymphocyte","ASD","Wald ratio",1,"-0.041","0.300"," 0.960","8.91e-01",NA,NA,NA,0.006900798
"STK10","Lymphocyte","ASD","Inverse variance weighted",2,"-0.002","0.018"," 0.998","8.91e-01",NA,0.279684884,NA,0.012503935
"PAG1","Lymphocyte","ASD","Wald ratio",1," 0.027","0.196"," 1.027","8.92e-01",NA,NA,NA,0.007343824
"C9orf170","Lymphocyte","ASD","Wald ratio",1,"-0.003","0.023"," 0.997","8.92e-01",NA,NA,NA,0.009503031
"FBXO2","Lymphocyte","ASD","Wald ratio",1,"-0.037","0.273"," 0.964","8.92e-01",NA,NA,NA,0.009502949
"C13orf16","Lymphocyte","ASD","Wald ratio",1,"-0.002","0.017"," 0.998","8.92e-01",NA,NA,NA,0.00808184
"EMX2","Lymphocyte","ASD","Wald ratio",1,"-0.182","1.345"," 0.834","8.92e-01",NA,NA,NA,0.007392227
"EMX2","Lymphocyte","ASD","Wald ratio",1,"-0.003","0.023"," 0.997","8.92e-01",NA,NA,NA,0.007392227
"ASL","Lymphocyte","ASD","Wald ratio",1,"-0.002","0.015"," 0.998","8.93e-01",NA,NA,NA,0.006968373
"ACCN1","Lymphocyte","ASD","MR Egger",3,"-0.004","0.024"," 0.996","8.93e-01",0.514696395,0.783429233,0.842680696,0.007807848
"NKPD1","Lymphocyte","ASD","Wald ratio",1,"-0.002","0.019"," 0.998","8.93e-01",NA,NA,NA,0.00817866
"POU2F3","Lymphocyte","ASD","Wald ratio",1," 0.004","0.030"," 1.004","8.93e-01",NA,NA,NA,0.009988327
"JAM3","Lymphocyte","ASD","Wald ratio",1," 0.005","0.035"," 1.005","8.94e-01",NA,NA,NA,0.012597718
"BEGAIN","Lymphocyte","ASD","Wald ratio",1,"-0.003","0.019"," 0.997","8.94e-01",NA,NA,NA,0.00788213
"ST7","Lymphocyte","ASD","Wald ratio",1,"-0.003","0.020"," 0.997","8.95e-01",NA,NA,NA,0.009009992
"SCNN1A","Lymphocyte","ASD","Wald ratio",1,"-0.003","0.020"," 0.997","8.95e-01",NA,NA,NA,0.007537151
"CCDC53","Lymphocyte","ASD","Wald ratio",1,"-0.002","0.017"," 0.998","8.95e-01",NA,NA,NA,0.007930728
"ZADH2","Lymphocyte","ASD","Wald ratio",1,"-0.010","0.072"," 0.990","8.95e-01",NA,NA,NA,0.012355463
"TMEM63C","Lymphocyte","ASD","Wald ratio",1,"-0.004","0.033"," 0.996","8.96e-01",NA,NA,NA,0.007240119
"HAS1","Lymphocyte","ASD","Wald ratio",1," 0.005","0.040"," 1.005","8.96e-01",NA,NA,NA,0.008020822
"GRAMD2","Lymphocyte","ASD","Wald ratio",1," 0.005","0.040"," 1.005","8.96e-01",NA,NA,NA,0.013113133
"C4orf31","Lymphocyte","ASD","Wald ratio",1," 0.005","0.041"," 1.005","8.96e-01",NA,NA,NA,0.011002938
"SPRR1B","Lymphocyte","ASD","Wald ratio",1," 0.002","0.017"," 1.002","8.96e-01",NA,NA,NA,0.006894194
"SEC14L5","Lymphocyte","ASD","Wald ratio",1,"-0.002","0.016"," 0.998","8.96e-01",NA,NA,NA,0.006894194
"TACC2","Lymphocyte","ASD","Inverse variance weighted",2,"-0.002","0.018"," 0.998","8.97e-01",NA,0.995132328,NA,0.011536747
"ZNF167","Lymphocyte","ASD","Wald ratio",1," 0.002","0.015"," 1.002","8.97e-01",NA,NA,NA,0.007337264
"TRIO","Lymphocyte","ASD","Wald ratio",1," 0.002","0.016"," 1.002","8.97e-01",NA,NA,NA,0.007730931
"FAT3","Lymphocyte","ASD","Wald ratio",1," 0.002","0.014"," 1.002","8.98e-01",NA,NA,NA,0.006991258
"RPTOR","Lymphocyte","ASD","Simple mode",3,"-0.003","0.022"," 0.997","8.99e-01",0.730914581,0.156411635,0.309075154,0.042659104
"EPB41L4B","Lymphocyte","ASD","Wald ratio",1,"-0.002","0.015"," 0.998","8.99e-01",NA,NA,NA,0.00708851
"TMEM51","Lymphocyte","ASD","Weighted median",3,"-0.003","0.020"," 0.997","8.99e-01",0.555669096,0.184258472,0.33171098,0.007049634
"CAMTA1","Lymphocyte","ASD","MR Egger",3,"-0.041","0.260"," 0.959","8.99e-01",0.986333946,0.991687514,0.91891164,0.007747305
"DGKI","Lymphocyte","ASD","Wald ratio",1,"-0.014","0.109"," 0.986","8.99e-01",NA,NA,NA,0.00787577
"NAV2","Lymphocyte","ASD","Weighted median",3,"-0.001","0.011"," 0.999","9.00e-01",0.712816778,0.502866778,0.465908885,0.023136373
"HCRTR2","Lymphocyte","ASD","Wald ratio",1," 0.003","0.023"," 1.003","9.01e-01",NA,NA,NA,0.007579243
"BMF","Lymphocyte","ASD","Wald ratio",1,"-0.002","0.016"," 0.998","9.01e-01",NA,NA,NA,0.007579243
"BMF","Lymphocyte","ASD","Wald ratio",1,"-0.010","0.076"," 0.991","9.01e-01",NA,NA,NA,0.007579243
"ABCC11","Lymphocyte","ASD","Wald ratio",1,"-0.003","0.023"," 0.997","9.01e-01",NA,NA,NA,0.011091965
"CLMN","Lymphocyte","ASD","Wald ratio",1," 0.006","0.048"," 1.006","9.01e-01",NA,NA,NA,0.014206058
"MYLK4","Lymphocyte","ASD","Wald ratio",1," 0.008","0.061"," 1.008","9.01e-01",NA,NA,NA,0.008413534
"FIP1L1","Lymphocyte","ASD","Wald ratio",1," 0.002","0.018"," 1.002","9.01e-01",NA,NA,NA,0.007627891
"RUNX2","Lymphocyte","ASD","Inverse variance weighted",2,"-0.010","0.079"," 0.990","9.01e-01",NA,0.153643216,NA,0.021497365
"NOD1","Lymphocyte","ASD","Wald ratio",1,"-0.030","0.241"," 0.971","9.02e-01",NA,NA,NA,0.008853165
"AJAP1","Lymphocyte","ASD","Inverse variance weighted",3," 0.003","0.024"," 1.003","9.02e-01",0.391500873,0.141824083,0.325700636,0.027650056
"OR1A1","Lymphocyte","ASD","Wald ratio",1," 0.002","0.015"," 1.002","9.02e-01",NA,NA,NA,0.006888127
"EFNA5","Lymphocyte","ASD","Simple mode",3,"-0.005","0.035"," 0.995","9.02e-01",0.264469168,0.150314968,0.388589287,0.014503447
"RYR3","Lymphocyte","ASD","Inverse variance weighted",2,"-0.002","0.019"," 0.998","9.02e-01",NA,0.370417013,NA,0.008922844
"FBP1","Lymphocyte","ASD","Wald ratio",1,"-0.015","0.120"," 0.985","9.03e-01",NA,NA,NA,0.006936707
"ZDHHC22","Lymphocyte","ASD","Wald ratio",1,"-0.009","0.076"," 0.991","9.03e-01",NA,NA,NA,0.007330852
"WIPI2","Lymphocyte","ASD","Wald ratio",1," 0.004","0.034"," 1.004","9.03e-01",NA,NA,NA,0.009388398
"SLC35D1","Lymphocyte","ASD","Wald ratio",1,"-0.038","0.309"," 0.963","9.03e-01",NA,NA,NA,0.008165808
"TMEM51","Lymphocyte","ASD","Weighted mode",3,"-0.003","0.021"," 0.997","9.03e-01",0.555669096,0.184258472,0.33171098,0.007049634
"PAOX","Lymphocyte","ASD","Wald ratio",1,"-0.005","0.038"," 0.995","9.04e-01",NA,NA,NA,0.016971118
"RARRES2","Lymphocyte","ASD","Wald ratio",1," 0.003","0.021"," 1.003","9.04e-01",NA,NA,NA,0.007869724
"NCK1","Lymphocyte","ASD","Wald ratio",1," 0.180","1.500"," 1.197","9.04e-01",NA,NA,NA,0.00747565
"TMEM22","Lymphocyte","ASD","Wald ratio",1," 0.005","0.039"," 1.005","9.04e-01",NA,NA,NA,0.007476512
"GAS7","Lymphocyte","ASD","Inverse variance weighted",2," 0.002","0.020"," 1.002","9.05e-01",NA,0.750163149,NA,0.009914759
"GJD2","Lymphocyte","ASD","Wald ratio",1," 0.007","0.060"," 1.007","9.05e-01",NA,NA,NA,0.007520999
"SYN2","Lymphocyte","ASD","Wald ratio",1,"-0.007","0.062"," 0.993","9.06e-01",NA,NA,NA,0.009676598
"SYN2","Lymphocyte","ASD","Wald ratio",1,"-0.004","0.032"," 0.996","9.06e-01",NA,NA,NA,0.009676683
"SMTNL2","Lymphocyte","ASD","Wald ratio",1," 0.003","0.024"," 1.003","9.06e-01",NA,NA,NA,0.009676379
"TMEM51","Lymphocyte","ASD","Simple mode",3,"-0.003","0.022"," 0.997","9.07e-01",0.555669096,0.184258472,0.33171098,0.007049634
"MBP","Lymphocyte","ASD","Weighted median",3," 0.001","0.012"," 1.001","9.07e-01",0.926942495,0.659348226,0.53064677,0.011419996
"C22orf9","Lymphocyte","ASD","Wald ratio",1," 0.002","0.016"," 1.002","9.08e-01",NA,NA,NA,0.006882216
"ESM1","Lymphocyte","ASD","Wald ratio",1,"-0.003","0.024"," 0.997","9.08e-01",NA,NA,NA,0.006882038
"DPP6","Lymphocyte","ASD","Wald ratio",1," 0.002","0.016"," 1.002","9.08e-01",NA,NA,NA,0.007325173
"ALAD","Lymphocyte","ASD","Wald ratio",1,"-0.003","0.028"," 0.997","9.08e-01",NA,NA,NA,0.007325008
"CLDN18","Lymphocyte","ASD","Wald ratio",1," 0.003","0.022"," 1.003","9.08e-01",NA,NA,NA,0.009868303
"LOC220115","Lymphocyte","ASD","Wald ratio",1,"-0.005","0.043"," 0.995","9.09e-01",NA,NA,NA,0.014992985
"ATP7B","Lymphocyte","ASD","Wald ratio",1,"-0.206","1.800"," 0.814","9.09e-01",NA,NA,NA,0.014992763
"EYA2","Lymphocyte","ASD","Wald ratio",1," 0.003","0.026"," 1.003","9.09e-01",NA,NA,NA,0.006979459
"SLC2A4","Lymphocyte","ASD","Inverse variance weighted",2," 0.089","0.783"," 1.093","9.09e-01",NA,0.036529958,NA,0.017448175
"ANKRD46","Lymphocyte","ASD","Wald ratio",1,"-0.002","0.021"," 0.998","9.10e-01",NA,NA,NA,0.007027929
"CAMK2D","Lymphocyte","ASD","Wald ratio",1," 0.005","0.046"," 1.005","9.10e-01",NA,NA,NA,0.014282097
"MBP","Lymphocyte","ASD","Weighted mode",3," 0.002","0.015"," 1.002","9.10e-01",0.926942495,0.659348226,0.53064677,0.011419996
"RNF17","Lymphocyte","ASD","Wald ratio",1,"-0.002","0.017"," 0.998","9.10e-01",NA,NA,NA,0.006242669
"MFSD6L","Lymphocyte","ASD","Wald ratio",1,"-0.002","0.021"," 0.998","9.10e-01",NA,NA,NA,0.008401906
"LPHN3","Lymphocyte","ASD","Wald ratio",1," 0.004","0.038"," 1.004","9.11e-01",NA,NA,NA,0.007567789
"KCNN4","Lymphocyte","ASD","Wald ratio",1," 0.003","0.027"," 1.003","9.11e-01",NA,NA,NA,0.008009445
"PPP1R1B","Lymphocyte","ASD","Wald ratio",1," 0.003","0.031"," 1.003","9.11e-01",NA,NA,NA,0.009760946
"PKP1","Lymphocyte","ASD","Wald ratio",1,"-0.004","0.038"," 0.996","9.11e-01",NA,NA,NA,0.007173881
"BCL11A","Lymphocyte","ASD","Wald ratio",1,"-0.003","0.025"," 0.997","9.12e-01",NA,NA,NA,0.007616137
"CTTNBP2NL","Lymphocyte","ASD","Wald ratio",1,"-0.002","0.021"," 0.998","9.12e-01",NA,NA,NA,0.007222334
"CA3","Lymphocyte","ASD","Wald ratio",1,"-0.004","0.035"," 0.996","9.13e-01",NA,NA,NA,0.008202873
"IGF1R","Lymphocyte","ASD","Inverse variance weighted",3,"-0.003","0.030"," 0.997","9.13e-01",0.108095485,0.096762831,0.533638811,0.013199262
"GALNTL1","Lymphocyte","ASD","Wald ratio",1,"-0.009","0.082"," 0.991","9.13e-01",NA,NA,NA,0.013085956
"LPCAT2","Lymphocyte","ASD","Wald ratio",1,"-0.002","0.016"," 0.998","9.14e-01",NA,NA,NA,0.006730693
"SORCS2","Lymphocyte","ASD","Inverse variance weighted",4,"-0.003","0.027"," 0.997","9.14e-01",0.001960905,0.002797378,0.66164928,0.012348931
"OXR1","Lymphocyte","ASD","Wald ratio",1,"-0.003","0.027"," 0.997","9.16e-01",NA,NA,NA,0.010778285
"CDH5","Lymphocyte","ASD","Wald ratio",1," 0.003","0.029"," 1.003","9.16e-01",NA,NA,NA,0.007071162
"ABR","Lymphocyte","ASD","Inverse variance weighted",2,"-0.003","0.027"," 0.997","9.17e-01",NA,0.057600823,NA,0.016139696
"GPR177","Lymphocyte","ASD","Inverse variance weighted",2,"-0.002","0.021"," 0.998","9.17e-01",NA,0.936079155,NA,0.015460278
"GNA14","Lymphocyte","ASD","Wald ratio",1,"-0.052","0.500"," 0.950","9.18e-01",NA,NA,NA,0.00770805
"AHRR","Lymphocyte","ASD","Wald ratio",1," 0.002","0.016"," 1.002","9.18e-01",NA,NA,NA,0.00770805
"CABYR","Lymphocyte","ASD","Wald ratio",1," 0.003","0.033"," 1.003","9.18e-01",NA,NA,NA,0.007265828
"COL4A2","Lymphocyte","ASD","Weighted median",3,"-0.001","0.013"," 0.999","9.18e-01",0.312783581,0.197629416,0.378813856,0.009838709
"BTC","Lymphocyte","ASD","Wald ratio",1," 0.003","0.025"," 1.003","9.19e-01",NA,NA,NA,0.01019352
"PDGFRL","Lymphocyte","ASD","Wald ratio",1," 0.017","0.164"," 1.017","9.19e-01",NA,NA,NA,0.008782985
"BCL7A","Lymphocyte","ASD","Wald ratio",1,"-0.004","0.037"," 0.996","9.19e-01",NA,NA,NA,0.006871484
"PSMD9","Lymphocyte","ASD","Wald ratio",1,"-0.001","0.014"," 0.999","9.19e-01",NA,NA,NA,0.006871484
"WNT11","Lymphocyte","ASD","Wald ratio",1,"-0.002","0.015"," 0.998","9.19e-01",NA,NA,NA,0.007363055
"C20orf30","Lymphocyte","ASD","Wald ratio",1," 0.003","0.026"," 1.003","9.19e-01",NA,NA,NA,0.006871386
"MLLT6","Lymphocyte","ASD","Wald ratio",1," 0.027","0.271"," 1.028","9.19e-01",NA,NA,NA,0.008339455
"NAV2","Lymphocyte","ASD","Weighted mode",3,"-0.001","0.013"," 0.999","9.19e-01",0.712816778,0.502866778,0.465908885,0.023136373
"TUBGCP3","Lymphocyte","ASD","Wald ratio",1," 0.058","0.573"," 1.059","9.20e-01",NA,NA,NA,0.007411659
"CNBD1","Lymphocyte","ASD","Wald ratio",1,"-0.005","0.048"," 0.995","9.20e-01",NA,NA,NA,0.012263672
"SLC4A11","Lymphocyte","ASD","Wald ratio",1," 0.002","0.023"," 1.002","9.20e-01",NA,NA,NA,0.006968886
"FOXD2","Lymphocyte","ASD","Wald ratio",1,"-0.002","0.018"," 0.998","9.20e-01",NA,NA,NA,0.006750357
"GPR133","Lymphocyte","ASD","Simple mode",3,"-0.003","0.023"," 0.997","9.21e-01",0.470303486,0.355976541,0.431351872,0.009856482
"ANO6","Lymphocyte","ASD","Wald ratio",1," 0.006","0.060"," 1.006","9.21e-01",NA,NA,NA,0.014402853
"POLRMT","Lymphocyte","ASD","Wald ratio",1," 0.056","0.563"," 1.057","9.21e-01",NA,NA,NA,0.00755732
"HCN2","Lymphocyte","ASD","Wald ratio",1," 0.002","0.018"," 1.002","9.21e-01",NA,NA,NA,0.00755732
"HSP90AB1","Lymphocyte","ASD","Wald ratio",1,"-0.008","0.080"," 0.992","9.21e-01",NA,NA,NA,0.00755732
"CNTN1","Lymphocyte","ASD","Wald ratio",1,"-0.012","0.121"," 0.988","9.23e-01",NA,NA,NA,0.007163521
"ISM1","Lymphocyte","ASD","Wald ratio",1," 0.002","0.017"," 1.002","9.23e-01",NA,NA,NA,0.008192935
"LOC149837","Lymphocyte","ASD","Wald ratio",1,"-0.005","0.051"," 0.995","9.23e-01",NA,NA,NA,0.009217265
"NTRK3","Lymphocyte","ASD","Wald ratio",1," 0.002","0.016"," 1.002","9.23e-01",NA,NA,NA,0.007212279
"SLC6A1","Lymphocyte","ASD","Inverse variance weighted",2,"-0.003","0.031"," 0.997","9.24e-01",NA,0.042209721,NA,0.008175476
"WISP1","Lymphocyte","ASD","Inverse variance weighted",2," 0.002","0.017"," 1.002","9.24e-01",NA,0.252572618,NA,0.012314915
"BRD3","Lymphocyte","ASD","Wald ratio",1,"-0.033","0.348"," 0.967","9.24e-01",NA,NA,NA,0.007260846
"SLC28A3","Lymphocyte","ASD","Wald ratio",1,"-0.002","0.022"," 0.998","9.24e-01",NA,NA,NA,0.009847167
"DUSP27","Lymphocyte","ASD","Wald ratio",1," 0.003","0.029"," 1.003","9.24e-01",NA,NA,NA,0.00730939
"ZNF827","Lymphocyte","ASD","Wald ratio",1," 0.001","0.016"," 1.001","9.24e-01",NA,NA,NA,0.007309498
"SRD5A1","Lymphocyte","ASD","Wald ratio",1,"-0.001","0.015"," 0.999","9.25e-01",NA,NA,NA,0.006866583
"SPTLC3","Lymphocyte","ASD","Wald ratio",1," 0.003","0.032"," 1.003","9.25e-01",NA,NA,NA,0.006866583
"FPGT","Lymphocyte","ASD","Wald ratio",1," 0.009","0.095"," 1.009","9.25e-01",NA,NA,NA,0.006866583
"GRM8","Lymphocyte","ASD","Wald ratio",1," 0.003","0.034"," 1.003","9.25e-01",NA,NA,NA,0.014065393
"IGF2BP3","Lymphocyte","ASD","Wald ratio",1," 0.013","0.143"," 1.013","9.26e-01",NA,NA,NA,0.006915324
"C1orf100","Lymphocyte","ASD","Wald ratio",1,"-0.002","0.016"," 0.998","9.26e-01",NA,NA,NA,0.007455502
"KLHL3","Lymphocyte","ASD","Wald ratio",1," 0.002","0.019"," 1.002","9.26e-01",NA,NA,NA,0.007455412
"PLA2G5","Lymphocyte","ASD","Wald ratio",1,"-0.002","0.017"," 0.998","9.26e-01",NA,NA,NA,0.007012847
"ACADM","Lymphocyte","ASD","Wald ratio",1,"-0.001","0.015"," 0.999","9.27e-01",NA,NA,NA,0.007012785
"ADARB1","Lymphocyte","ASD","Wald ratio",1,"-0.003","0.034"," 0.997","9.27e-01",NA,NA,NA,0.015826806
"BCL2","Lymphocyte","ASD","Wald ratio",1," 0.032","0.343"," 1.032","9.27e-01",NA,NA,NA,0.012827373
"NAP1L5","Lymphocyte","ASD","Wald ratio",1,"-0.004","0.039"," 0.996","9.27e-01",NA,NA,NA,0.010859644
"NAP1L5","Lymphocyte","ASD","Wald ratio",1,"-0.003","0.031"," 0.997","9.27e-01",NA,NA,NA,0.010859644
"AFAP1L2","Lymphocyte","ASD","Inverse variance weighted",2," 0.002","0.022"," 1.002","9.28e-01",NA,0.563287937,NA,0.013902867
"TNFAIP8","Lymphocyte","ASD","Wald ratio",1,"-0.002","0.026"," 0.998","9.28e-01",NA,NA,NA,0.00818823
"C16orf72","Lymphocyte","ASD","Wald ratio",1," 0.020","0.223"," 1.020","9.28e-01",NA,NA,NA,0.008725284
"ZBTB38","Lymphocyte","ASD","Wald ratio",1,"-0.003","0.037"," 0.997","9.28e-01",NA,NA,NA,0.013539881
"HTR1B","Lymphocyte","ASD","Wald ratio",1,"-0.004","0.040"," 0.996","9.29e-01",NA,NA,NA,0.007747039
"ONECUT1","Lymphocyte","ASD","Wald ratio",1," 0.066","0.734"," 1.068","9.29e-01",NA,NA,NA,0.011580005
"SNTG2","Lymphocyte","ASD","Wald ratio",1," 0.001","0.016"," 1.001","9.29e-01",NA,NA,NA,0.007795703
"KBTBD5","Lymphocyte","ASD","Wald ratio",1,"-0.008","0.089"," 0.992","9.29e-01",NA,NA,NA,0.007256315
"CCNT1","Lymphocyte","ASD","Wald ratio",1,"-0.004","0.045"," 0.996","9.29e-01",NA,NA,NA,0.007844272
"TCP11L1","Lymphocyte","ASD","Wald ratio",1,"-0.012","0.137"," 0.988","9.30e-01",NA,NA,NA,0.007353749
"MPPED2","Lymphocyte","ASD","Inverse variance weighted",2,"-0.002","0.019"," 0.998","9.31e-01",NA,0.152343936,NA,0.012514538
"NDUFC2","Lymphocyte","ASD","Wald ratio",1,"-0.001","0.017"," 0.999","9.31e-01",NA,NA,NA,0.006862138
"VGLL3","Lymphocyte","ASD","Wald ratio",1,"-0.002","0.025"," 0.998","9.31e-01",NA,NA,NA,0.007989847
"STAM","Lymphocyte","ASD","Wald ratio",1," 0.002","0.024"," 1.002","9.31e-01",NA,NA,NA,0.011337318
"ATP10B","Lymphocyte","ASD","Wald ratio",1,"-0.003","0.037"," 0.997","9.31e-01",NA,NA,NA,0.009160159
"ETV1","Lymphocyte","ASD","Wald ratio",1,"-0.055","0.632"," 0.947","9.31e-01",NA,NA,NA,0.006899806
"NAV2","Lymphocyte","ASD","Simple mode",3,"-0.001","0.014"," 0.999","9.32e-01",0.712816778,0.502866778,0.465908885,0.023136373
"SLC33A1","Lymphocyte","ASD","Wald ratio",1," 0.018","0.209"," 1.018","9.32e-01",NA,NA,NA,0.008183799
"GMPS","Lymphocyte","ASD","Wald ratio",1," 0.003","0.036"," 1.003","9.32e-01",NA,NA,NA,0.008184026
"C20orf3","Lymphocyte","ASD","Wald ratio",1," 0.002","0.028"," 1.002","9.32e-01",NA,NA,NA,0.011046705
"TMEM90B","Lymphocyte","ASD","Wald ratio",1," 0.002","0.029"," 1.002","9.32e-01",NA,NA,NA,0.010838625
"FAM60A","Lymphocyte","ASD","Wald ratio",1,"-0.001","0.017"," 0.999","9.32e-01",NA,NA,NA,0.008183945
"CYP2J2","Lymphocyte","ASD","Wald ratio",1,"-0.029","0.344"," 0.971","9.33e-01",NA,NA,NA,0.013342785
"UBE2W","Lymphocyte","ASD","Wald ratio",1," 0.002","0.025"," 1.002","9.33e-01",NA,NA,NA,0.010611763
"HSBP1L1","Lymphocyte","ASD","Wald ratio",1," 0.002","0.029"," 1.002","9.34e-01",NA,NA,NA,0.009546183
"TBK1","Lymphocyte","ASD","Wald ratio",1," 0.002","0.029"," 1.002","9.34e-01",NA,NA,NA,0.010707471
"SEC61G","Lymphocyte","ASD","Wald ratio",1,"-0.053","0.651"," 0.948","9.35e-01",NA,NA,NA,0.014334605
"P2RX4","Lymphocyte","ASD","Wald ratio",1," 0.014","0.175"," 1.014","9.35e-01",NA,NA,NA,0.007300836
"RPL39L","Lymphocyte","ASD","Wald ratio",1," 0.002","0.026"," 1.002","9.35e-01",NA,NA,NA,0.008523284
"OPCML","Lymphocyte","ASD","MR Egger",4,"-0.006","0.066"," 0.994","9.36e-01",0.170547278,0.309575751,0.881797267,0.033051025
"ZNF18","Lymphocyte","ASD","Wald ratio",1," 0.001","0.018"," 1.001","9.36e-01",NA,NA,NA,0.007985755
"MAP2K4","Lymphocyte","ASD","Wald ratio",1," 0.016","0.204"," 1.017","9.36e-01",NA,NA,NA,0.007985755
"PPFIA2","Lymphocyte","ASD","Wald ratio",1," 0.006","0.076"," 1.006","9.36e-01",NA,NA,NA,0.008034385
"KLHDC5","Lymphocyte","ASD","Wald ratio",1," 0.002","0.019"," 1.002","9.36e-01",NA,NA,NA,0.008668657
"OXGR1","Lymphocyte","ASD","Wald ratio",1," 0.002","0.031"," 1.002","9.36e-01",NA,NA,NA,0.006858098
"DAPK1","Lymphocyte","ASD","Wald ratio",1," 0.003","0.036"," 1.003","9.36e-01",NA,NA,NA,0.006858098
"HSPA5","Lymphocyte","ASD","Wald ratio",1,"-0.002","0.031"," 0.998","9.37e-01",NA,NA,NA,0.00685805
"ESPNL","Lymphocyte","ASD","Inverse variance weighted",2," 0.002","0.020"," 1.002","9.37e-01",NA,0.996004519,NA,0.010068587
"LIMCH1","Lymphocyte","ASD","Wald ratio",1," 0.003","0.034"," 1.003","9.37e-01",NA,NA,NA,0.008131311
"DGAT2","Lymphocyte","ASD","Wald ratio",1," 0.007","0.093"," 1.007","9.37e-01",NA,NA,NA,0.006906855
"MOGAT2","Lymphocyte","ASD","Wald ratio",1," 0.001","0.016"," 1.001","9.37e-01",NA,NA,NA,0.006906855
"MRPS18C","Lymphocyte","ASD","Wald ratio",1," 0.002","0.019"," 1.002","9.37e-01",NA,NA,NA,0.006955698
"RAB23","Lymphocyte","ASD","Wald ratio",1," 0.016","0.201"," 1.016","9.37e-01",NA,NA,NA,0.009445812
"PPAP2C","Lymphocyte","ASD","Wald ratio",1," 0.002","0.022"," 1.002","9.38e-01",NA,NA,NA,0.007004487
"KIAA1217","Lymphocyte","ASD","Weighted mode",3," 0.002","0.023"," 1.002","9.38e-01",0.70190406,0.67655829,0.571670072,0.016910912
"TACR1","Lymphocyte","ASD","MR Egger",3,"-0.017","0.178"," 0.983","9.38e-01",0.890797781,0.990257811,0.982803099,0.008631556
"DAZAP2","Lymphocyte","ASD","Wald ratio",1,"-0.001","0.016"," 0.999","9.39e-01",NA,NA,NA,0.007101995
"POU6F1","Lymphocyte","ASD","Wald ratio",1,"-0.002","0.023"," 0.998","9.39e-01",NA,NA,NA,0.007101995
"DECR1","Lymphocyte","ASD","Wald ratio",1,"-0.008","0.107"," 0.992","9.39e-01",NA,NA,NA,0.007150805
"NBPF22P","Lymphocyte","ASD","Wald ratio",1,"-0.002","0.032"," 0.998","9.39e-01",NA,NA,NA,0.01154633
"HGF","Lymphocyte","ASD","Wald ratio",1," 0.001","0.018"," 1.001","9.40e-01",NA,NA,NA,0.007933329
"SAMD4A","Lymphocyte","ASD","Wald ratio",1," 0.038","0.505"," 1.039","9.40e-01",NA,NA,NA,0.009248801
"PPFIBP2","Lymphocyte","ASD","Wald ratio",1,"-0.009","0.119"," 0.991","9.41e-01",NA,NA,NA,0.008664891
"FAM110B","Lymphocyte","ASD","Inverse variance weighted",2," 0.001","0.015"," 1.001","9.41e-01",NA,0.753002107,NA,0.007012862
"WDR51A","Lymphocyte","ASD","Wald ratio",1,"-0.041","0.561"," 0.960","9.41e-01",NA,NA,NA,0.013994882
"WDR51A","Lymphocyte","ASD","Wald ratio",1,"-0.005","0.070"," 0.995","9.41e-01",NA,NA,NA,0.013994882
"MMP16","Lymphocyte","ASD","Wald ratio",1," 0.015","0.204"," 1.015","9.42e-01",NA,NA,NA,0.007491932
"CNRIP1","Lymphocyte","ASD","Wald ratio",1," 0.002","0.030"," 1.002","9.42e-01",NA,NA,NA,0.007491888
"SLIT3","Lymphocyte","ASD","Weighted mode",4," 0.001","0.016"," 1.001","9.42e-01",0.027053585,0.049481124,0.719174257,0.020050556
"RASSF5","Lymphocyte","ASD","Wald ratio",1,"-0.002","0.031"," 0.998","9.43e-01",NA,NA,NA,0.008273408
"EPHA4","Lymphocyte","ASD","Wald ratio",1,"-0.002","0.029"," 0.998","9.43e-01",NA,NA,NA,0.009635087
"NID2","Lymphocyte","ASD","Inverse variance weighted",2,"-0.008","0.108"," 0.992","9.43e-01",NA,0.063270913,NA,0.035264047
"TRPS1","Lymphocyte","ASD","Wald ratio",1,"-0.001","0.019"," 0.999","9.43e-01",NA,NA,NA,0.006952011
"ADAMTS2","Lymphocyte","ASD","Inverse variance weighted",5," 0.001","0.009"," 1.001","9.43e-01",0.694081954,0.830539046,0.87578417,0.011910646
"RNASE6","Lymphocyte","ASD","Inverse variance weighted",2,"-0.003","0.042"," 0.997","9.44e-01",NA,0.291894066,NA,0.013095302
"LRP1B","Lymphocyte","ASD","Inverse variance weighted",2," 0.001","0.019"," 1.001","9.44e-01",NA,0.609909493,NA,0.010223248
"NLRP5","Lymphocyte","ASD","Wald ratio",1,"-0.001","0.021"," 0.999","9.44e-01",NA,NA,NA,0.007735297
"FHAD1","Lymphocyte","ASD","Wald ratio",1,"-0.001","0.018"," 0.999","9.44e-01",NA,NA,NA,0.007049634
"BCL9","Lymphocyte","ASD","Wald ratio",1," 0.003","0.045"," 1.003","9.44e-01",NA,NA,NA,0.007098433
"C11orf17","Lymphocyte","ASD","Wald ratio",1," 0.001","0.015"," 1.001","9.44e-01",NA,NA,NA,0.007098433
"HNMT","Lymphocyte","ASD","Wald ratio",1," 0.002","0.031"," 1.002","9.44e-01",NA,NA,NA,0.007098399
"RPS20","Lymphocyte","ASD","Wald ratio",1," 0.005","0.072"," 1.005","9.45e-01",NA,NA,NA,0.007881236
"OTX2","Lymphocyte","ASD","Wald ratio",1,"-0.001","0.017"," 0.999","9.45e-01",NA,NA,NA,0.00706526
"ZNF83","Lymphocyte","ASD","Wald ratio",1," 0.008","0.119"," 1.008","9.45e-01",NA,NA,NA,0.007196007
"RPS6KL1","Lymphocyte","ASD","Wald ratio",1,"-0.001","0.016"," 0.999","9.45e-01",NA,NA,NA,0.00719597
"PARD3","Lymphocyte","ASD","Inverse variance weighted",2,"-0.003","0.039"," 0.997","9.45e-01",NA,0.020579824,NA,0.12302857
"LAP3","Lymphocyte","ASD","Wald ratio",1," 0.029","0.429"," 1.030","9.45e-01",NA,NA,NA,0.007244747
"SHANK2","Lymphocyte","ASD","Weighted mode",4,"-0.001","0.018"," 0.999","9.45e-01",0.194881259,0.322835275,0.752551828,0.008683564
"PTPN14","Lymphocyte","ASD","Wald ratio",1," 0.002","0.023"," 1.002","9.46e-01",NA,NA,NA,0.010754094
"KLHL26","Lymphocyte","ASD","Wald ratio",1," 0.003","0.040"," 1.003","9.46e-01",NA,NA,NA,0.012993998
"ZFPM2","Lymphocyte","ASD","Wald ratio",1," 0.001","0.018"," 1.001","9.46e-01",NA,NA,NA,0.007340816
"SYDE1","Lymphocyte","ASD","Wald ratio",1,"-0.003","0.047"," 0.997","9.46e-01",NA,NA,NA,0.010212916
"LOC643719","Lymphocyte","ASD","Wald ratio",1," 0.002","0.023"," 1.002","9.46e-01",NA,NA,NA,0.010212916
"DNAH11","Lymphocyte","ASD","Inverse variance weighted",2," 0.001","0.014"," 1.001","9.46e-01",NA,0.752973659,NA,0.010206556
"ACY3","Lymphocyte","ASD","Wald ratio",1,"-0.002","0.035"," 0.998","9.46e-01",NA,NA,NA,0.011704329
"TCF15","Lymphocyte","ASD","Wald ratio",1,"-0.003","0.038"," 0.997","9.47e-01",NA,NA,NA,0.008172475
"SORBS1","Lymphocyte","ASD","Wald ratio",1," 0.001","0.017"," 1.001","9.47e-01",NA,NA,NA,0.007474171
"TBC1D8","Lymphocyte","ASD","Inverse variance weighted",2," 0.002","0.024"," 1.002","9.47e-01",NA,0.308102189,NA,0.015527039
"VWA5A","Lymphocyte","ASD","Wald ratio",1," 0.002","0.028"," 1.002","9.47e-01",NA,NA,NA,0.008270043
"TRAK1","Lymphocyte","ASD","Inverse variance weighted",3,"-0.001","0.017"," 0.999","9.48e-01",0.342589576,0.079322113,0.289968554,0.019334572
"SRGAP3","Lymphocyte","ASD","Wald ratio",1," 0.003","0.039"," 1.003","9.48e-01",NA,NA,NA,0.011271286
"KIFC3","Lymphocyte","ASD","Wald ratio",1,"-0.001","0.018"," 0.999","9.48e-01",NA,NA,NA,0.008318283
"CENPH","Lymphocyte","ASD","Wald ratio",1,"-0.001","0.017"," 0.999","9.48e-01",NA,NA,NA,0.006850972
"KRTAP12-3","Lymphocyte","ASD","Wald ratio",1," 0.002","0.027"," 1.002","9.48e-01",NA,NA,NA,0.006850972
"KRTAP12-4","Lymphocyte","ASD","Wald ratio",1," 0.002","0.029"," 1.002","9.48e-01",NA,NA,NA,0.006850972
"KCTD10","Lymphocyte","ASD","Inverse variance weighted",2," 0.003","0.049"," 1.003","9.48e-01",NA,0.020140743,NA,0.063259708
"SLC35B4","Lymphocyte","ASD","Wald ratio",1," 0.004","0.056"," 1.004","9.48e-01",NA,NA,NA,0.006899803
"ACTN1","Lymphocyte","ASD","Wald ratio",1,"-0.002","0.031"," 0.998","9.48e-01",NA,NA,NA,0.00840922
"RAI14","Lymphocyte","ASD","Wald ratio",1," 0.003","0.044"," 1.003","9.49e-01",NA,NA,NA,0.01078923
"IL21R","Lymphocyte","ASD","Inverse variance weighted",2,"-0.002","0.039"," 0.998","9.49e-01",NA,0.520127743,NA,0.007526195
"LOC440839","Lymphocyte","ASD","Wald ratio",1,"-0.002","0.035"," 0.998","9.50e-01",NA,NA,NA,0.007095172
"LOC440839","Lymphocyte","ASD","Wald ratio",1,"-0.001","0.019"," 0.999","9.50e-01",NA,NA,NA,0.007095172
"GPC6","Lymphocyte","ASD","Inverse variance weighted",2,"-0.005","0.079"," 0.995","9.52e-01",NA,0.005426354,NA,0.093291551
"WBSCR28","Lymphocyte","ASD","Wald ratio",1,"-0.001","0.017"," 0.999","9.52e-01",NA,NA,NA,0.007436687
"CLUAP1","Lymphocyte","ASD","Wald ratio",1," 0.001","0.023"," 1.001","9.52e-01",NA,NA,NA,0.007436657
"POLR2C","Lymphocyte","ASD","Wald ratio",1,"-0.029","0.483"," 0.972","9.52e-01",NA,NA,NA,0.012320509
"CCL17","Lymphocyte","ASD","Wald ratio",1,"-0.002","0.028"," 0.998","9.52e-01",NA,NA,NA,0.012320509
"PDE4D","Lymphocyte","ASD","Weighted mode",3,"-0.002","0.024"," 0.998","9.53e-01",0.79140985,0.796069049,0.64601654,0.005463068
"WFS1","Lymphocyte","ASD","Wald ratio",1," 0.013","0.222"," 1.013","9.54e-01",NA,NA,NA,0.010158731
"LMO2","Lymphocyte","ASD","Wald ratio",1," 0.001","0.021"," 1.001","9.56e-01",NA,NA,NA,0.008946052
"DENND3","Lymphocyte","ASD","Inverse variance weighted",2,"-0.003","0.048"," 0.997","9.56e-01",NA,0.401949659,NA,0.008905753
"ANGPT2","Lymphocyte","ASD","Inverse variance weighted",3," 0.001","0.014"," 1.001","9.56e-01",0.379674389,0.547197306,0.62910579,0.008732882
"KCNMA1","Lymphocyte","ASD","Inverse variance weighted",5,"-0.001","0.015"," 0.999","9.56e-01",0.001416511,0.001960003,0.634341215,0.007033909
"ZNF423","Lymphocyte","ASD","Inverse variance weighted",2,"-0.001","0.022"," 0.999","9.57e-01",NA,0.115848742,NA,0.011596699
"LOC100129066","Lymphocyte","ASD","Wald ratio",1," 0.003","0.049"," 1.003","9.57e-01",NA,NA,NA,0.007336324
"TMEFF2","Lymphocyte","ASD","Wald ratio",1,"-0.003","0.054"," 0.997","9.57e-01",NA,NA,NA,0.007385114
"AUTS2","Lymphocyte","ASD","MR Egger",3,"-0.002","0.029"," 0.998","9.57e-01",0.177895871,0.345109814,0.749550352,0.019797814
"ABCB5","Lymphocyte","ASD","Wald ratio",1," 0.001","0.019"," 1.001","9.58e-01",NA,NA,NA,0.009284873
"ZFYVE21","Lymphocyte","ASD","Wald ratio",1,"-0.002","0.031"," 0.998","9.58e-01",NA,NA,NA,0.014730682
"EPC2","Lymphocyte","ASD","Wald ratio",1," 0.001","0.022"," 1.001","9.58e-01",NA,NA,NA,0.009754433
"PLEKHA6","Lymphocyte","ASD","Wald ratio",1,"-0.001","0.025"," 0.999","9.59e-01",NA,NA,NA,0.007628939
"CORIN","Lymphocyte","ASD","Wald ratio",1,"-0.003","0.059"," 0.997","9.59e-01",NA,NA,NA,0.008604092
"PCDH9","Lymphocyte","ASD","Weighted mode",4,"-0.001","0.020"," 0.999","9.59e-01",0.224441721,0.361380612,0.741113446,0.03212587
"PALMD","Lymphocyte","ASD","Wald ratio",1,"-0.001","0.020"," 0.999","9.60e-01",NA,NA,NA,0.006845278
"LPPR5","Lymphocyte","ASD","Wald ratio",1,"-0.001","0.014"," 0.999","9.60e-01",NA,NA,NA,0.006843685
"IGDCC4","Lymphocyte","ASD","Wald ratio",1," 0.007","0.130"," 1.007","9.60e-01",NA,NA,NA,0.008894837
"MGC2889","Lymphocyte","ASD","Wald ratio",1,"-0.017","0.340"," 0.983","9.60e-01",NA,NA,NA,0.013786086
"HRASLS","Lymphocyte","ASD","Wald ratio",1,"-0.005","0.101"," 0.995","9.60e-01",NA,NA,NA,0.013786086
"CAMK1D","Lymphocyte","ASD","Weighted mode",3,"-0.001","0.014"," 0.999","9.60e-01",0.468778339,0.507211209,0.529078478,0.009311703
"SNAR-I","Lymphocyte","ASD","Wald ratio",1,"-0.001","0.017"," 0.999","9.61e-01",NA,NA,NA,0.00704082
"CD52","Lymphocyte","ASD","Wald ratio",1,"-0.019","0.379"," 0.982","9.61e-01",NA,NA,NA,0.008067191
"CD52","Lymphocyte","ASD","Wald ratio",1,"-0.005","0.093"," 0.995","9.61e-01",NA,NA,NA,0.008067191
"UBXN11","Lymphocyte","ASD","Wald ratio",1,"-0.008","0.155"," 0.992","9.61e-01",NA,NA,NA,0.008067171
"PRDM5","Lymphocyte","ASD","Wald ratio",1," 0.004","0.082"," 1.004","9.61e-01",NA,NA,NA,0.013074827
"FCRLB","Lymphocyte","ASD","Wald ratio",1,"-0.001","0.020"," 0.999","9.61e-01",NA,NA,NA,0.008938085
"LOC283867","Lymphocyte","ASD","Inverse variance weighted",2,"-0.001","0.018"," 0.999","9.61e-01",NA,0.429575946,NA,0.008680177
"FLJ43663","Lymphocyte","ASD","Wald ratio",1," 0.001","0.018"," 1.001","9.61e-01",NA,NA,NA,0.008164463
"SIRT6","Lymphocyte","ASD","Wald ratio",1," 0.010","0.215"," 1.010","9.62e-01",NA,NA,NA,0.011212498
"SCHIP1","Lymphocyte","ASD","Wald ratio",1,"-0.001","0.019"," 0.999","9.62e-01",NA,NA,NA,0.008310317
"TMEM51","Lymphocyte","ASD","Inverse variance weighted",3," 0.001","0.027"," 1.001","9.62e-01",0.555669096,0.184258472,0.33171098,0.007049634
"ADAM7","Lymphocyte","ASD","Wald ratio",1,"-0.001","0.016"," 0.999","9.63e-01",NA,NA,NA,0.007382666
"AKTIP","Lymphocyte","ASD","Wald ratio",1," 0.001","0.030"," 1.001","9.63e-01",NA,NA,NA,0.007382654
"EDARADD","Lymphocyte","ASD","Wald ratio",1," 0.001","0.028"," 1.001","9.63e-01",NA,NA,NA,0.00748024
"ARMC9","Lymphocyte","ASD","Wald ratio",1," 0.001","0.016"," 1.001","9.63e-01",NA,NA,NA,0.007470182
"NCF4","Lymphocyte","ASD","Wald ratio",1," 0.001","0.019"," 1.001","9.63e-01",NA,NA,NA,0.007529018
"CSF2RB","Lymphocyte","ASD","Wald ratio",1," 0.006","0.120"," 1.006","9.63e-01",NA,NA,NA,0.007529017
"PVALB","Lymphocyte","ASD","Wald ratio",1," 0.002","0.033"," 1.002","9.63e-01",NA,NA,NA,0.007521317
"ARRDC5","Lymphocyte","ASD","Wald ratio",1,"-0.001","0.018"," 0.999","9.66e-01",NA,NA,NA,0.008016275
"GCNT2","Lymphocyte","ASD","Wald ratio",1,"-0.001","0.022"," 0.999","9.66e-01",NA,NA,NA,0.006704809
"GCNT2","Lymphocyte","ASD","Wald ratio",1,"-0.005","0.105"," 0.995","9.66e-01",NA,NA,NA,0.006891883
"ZNF606","Lymphocyte","ASD","Wald ratio",1,"-0.009","0.214"," 0.991","9.66e-01",NA,NA,NA,0.006891741
"DCTD","Lymphocyte","ASD","Wald ratio",1," 0.001","0.016"," 1.001","9.66e-01",NA,NA,NA,0.006891746
"MCPH1","Lymphocyte","ASD","Wald ratio",1,"-0.001","0.028"," 0.999","9.66e-01",NA,NA,NA,0.013592895
"NUB1","Lymphocyte","ASD","Wald ratio",1,"-0.001","0.019"," 0.999","9.66e-01",NA,NA,NA,0.009280224
"PRR15","Lymphocyte","ASD","Wald ratio",1," 0.001","0.027"," 1.001","9.66e-01",NA,NA,NA,0.009328593
"DDX58","Lymphocyte","ASD","Wald ratio",1,"-0.001","0.020"," 0.999","9.67e-01",NA,NA,NA,0.007087455
"ALDOB","Lymphocyte","ASD","Wald ratio",1," 0.001","0.035"," 1.001","9.67e-01",NA,NA,NA,0.012975754
"MCC","Lymphocyte","ASD","Wald ratio",1," 0.001","0.024"," 1.001","9.67e-01",NA,NA,NA,0.007234036
"ATG2B","Lymphocyte","ASD","Wald ratio",1," 0.001","0.018"," 1.001","9.68e-01",NA,NA,NA,0.008502511
"MIR134","Lymphocyte","ASD","Wald ratio",1," 0.001","0.018"," 1.001","9.68e-01",NA,NA,NA,0.008599634
"MIR487A","Lymphocyte","ASD","Wald ratio",1," 0.001","0.018"," 1.001","9.68e-01",NA,NA,NA,0.008599632
"MIR453","Lymphocyte","ASD","Wald ratio",1," 0.001","0.018"," 1.001","9.68e-01",NA,NA,NA,0.008599629
"CYP1B1","Lymphocyte","ASD","Wald ratio",1," 0.001","0.025"," 1.001","9.68e-01",NA,NA,NA,0.009811815
"SBSN","Lymphocyte","ASD","Wald ratio",1," 0.001","0.020"," 1.001","9.68e-01",NA,NA,NA,0.009811815
"ATP4A","Lymphocyte","ASD","Wald ratio",1," 0.002","0.049"," 1.002","9.68e-01",NA,NA,NA,0.009811815
"GAPDHS","Lymphocyte","ASD","Wald ratio",1," 0.001","0.021"," 1.001","9.68e-01",NA,NA,NA,0.009811815
"TULP3","Lymphocyte","ASD","Wald ratio",1,"-0.001","0.022"," 0.999","9.68e-01",NA,NA,NA,0.008696714
"GSG1L","Lymphocyte","ASD","Wald ratio",1,"-0.001","0.021"," 0.999","9.68e-01",NA,NA,NA,0.007478138
"PITX2","Lymphocyte","ASD","Wald ratio",1,"-0.003","0.072"," 0.997","9.69e-01",NA,NA,NA,0.007526937
"PITX2","Lymphocyte","ASD","Wald ratio",1,"-0.002","0.038"," 0.998","9.69e-01",NA,NA,NA,0.007526937
"GJB6","Lymphocyte","ASD","Wald ratio",1," 0.001","0.030"," 1.001","9.69e-01",NA,NA,NA,0.011543351
"C1orf101","Lymphocyte","ASD","Wald ratio",1,"-0.001","0.025"," 0.999","9.70e-01",NA,NA,NA,0.007819485
"TTC24","Lymphocyte","ASD","Wald ratio",1,"-0.001","0.017"," 0.999","9.70e-01",NA,NA,NA,0.007868208
"EPDR1","Lymphocyte","ASD","Wald ratio",1," 0.001","0.018"," 1.001","9.70e-01",NA,NA,NA,0.007965617
"C21orf29","Lymphocyte","ASD","Inverse variance weighted",2," 0.000","0.012"," 1.000","9.70e-01",NA,0.908714495,NA,0.006871386
"ERGIC1","Lymphocyte","ASD","Inverse variance weighted",2,"-0.001","0.016"," 0.999","9.71e-01",NA,0.648916778,NA,0.007620898
"CAMK1D","Lymphocyte","ASD","Simple mode",3," 0.001","0.015"," 1.001","9.71e-01",0.468778339,0.507211209,0.529078478,0.009311703
"PRKCZ","Lymphocyte","ASD","Wald ratio",1," 0.001","0.026"," 1.001","9.71e-01",NA,NA,NA,0.009087906
"OSBPL3","Lymphocyte","ASD","Inverse variance weighted",2," 0.001","0.033"," 1.001","9.71e-01",NA,0.01636965,NA,0.028779033
"FGFBP1","Lymphocyte","ASD","Wald ratio",1,"-0.001","0.034"," 0.999","9.71e-01",NA,NA,NA,0.006889942
"CCDC114","Lymphocyte","ASD","Wald ratio",1," 0.020","0.560"," 1.020","9.72e-01",NA,NA,NA,0.006933667
"EMP3","Lymphocyte","ASD","Wald ratio",1," 0.019","0.519"," 1.019","9.72e-01",NA,NA,NA,0.006938864
"SLC1A2","Lymphocyte","ASD","Wald ratio",1,"-0.001","0.015"," 0.999","9.72e-01",NA,NA,NA,0.006987776
"RIMBP2","Lymphocyte","ASD","Inverse variance weighted",2," 0.000","0.011"," 1.000","9.72e-01",NA,0.492796178,NA,0.007277652
"FUCA1","Lymphocyte","ASD","Wald ratio",1," 0.001","0.026"," 1.001","9.72e-01",NA,NA,NA,0.012497203
"C1orf128","Lymphocyte","ASD","Wald ratio",1," 0.060","1.700"," 1.062","9.72e-01",NA,NA,NA,0.012497203
"CNR2","Lymphocyte","ASD","Wald ratio",1," 0.002","0.055"," 1.002","9.72e-01",NA,NA,NA,0.012497203
"ATP6V1A","Lymphocyte","ASD","Wald ratio",1," 0.001","0.015"," 1.001","9.72e-01",NA,NA,NA,0.007036678
"PLA2G4C","Lymphocyte","ASD","Wald ratio",1," 0.001","0.015"," 1.001","9.72e-01",NA,NA,NA,0.007036674
"TXNDC5","Lymphocyte","ASD","Wald ratio",1," 0.001","0.015"," 1.001","9.72e-01",NA,NA,NA,0.003712595
"HOXC4","Lymphocyte","ASD","Wald ratio",1," 0.013","0.367"," 1.013","9.72e-01",NA,NA,NA,0.007085571
"EPSTI1","Lymphocyte","ASD","Wald ratio",1,"-0.001","0.018"," 0.999","9.72e-01",NA,NA,NA,0.008545659
"HOXC10","Lymphocyte","ASD","Wald ratio",1," 0.003","0.081"," 1.003","9.73e-01",NA,NA,NA,0.007232191
"HOTAIR","Lymphocyte","ASD","Wald ratio",1," 0.003","0.075"," 1.003","9.73e-01",NA,NA,NA,0.007232191
"DOCK1","Lymphocyte","ASD","Inverse variance weighted",2," 0.001","0.032"," 1.001","9.73e-01",NA,0.217590228,NA,0.018363297
"FOXN3","Lymphocyte","ASD","Inverse variance weighted",4,"-0.001","0.016"," 0.999","9.74e-01",0.096309695,0.151929316,0.66119647,0.052480648
"MYOM1","Lymphocyte","ASD","Wald ratio",1," 0.001","0.033"," 1.001","9.75e-01",NA,NA,NA,0.012685794
"MAD1L1","Lymphocyte","ASD","Inverse variance weighted",2," 0.000","0.012"," 1.000","9.76e-01",NA,0.823439096,NA,0.004545185
"SHANK2","Lymphocyte","ASD","Simple mode",4,"-0.001","0.019"," 0.999","9.76e-01",0.194881259,0.322835275,0.752551828,0.008683564
"JAK2","Lymphocyte","ASD","Wald ratio",1," 0.001","0.019"," 1.001","9.76e-01",NA,NA,NA,0.008353286
"MFSD9","Lymphocyte","ASD","Wald ratio",1," 0.001","0.018"," 1.001","9.77e-01",NA,NA,NA,0.008401905
"KCNA1","Lymphocyte","ASD","Wald ratio",1,"-0.001","0.034"," 0.999","9.77e-01",NA,NA,NA,0.006839413
"C19orf55","Lymphocyte","ASD","Wald ratio",1," 0.001","0.024"," 1.001","9.77e-01",NA,NA,NA,0.006828679
"UPK1A","Lymphocyte","ASD","Wald ratio",1," 0.000","0.015"," 1.000","9.77e-01",NA,NA,NA,0.006839411
"SLFN12","Lymphocyte","ASD","Wald ratio",1," 0.001","0.040"," 1.001","9.77e-01",NA,NA,NA,0.006888356
"SLC30A5","Lymphocyte","ASD","Wald ratio",1," 0.002","0.082"," 1.002","9.77e-01",NA,NA,NA,0.006887962
"DCBLD1","Lymphocyte","ASD","Wald ratio",1," 0.000","0.015"," 1.000","9.77e-01",NA,NA,NA,0.006888356
"GALR1","Lymphocyte","ASD","Wald ratio",1," 0.001","0.024"," 1.001","9.77e-01",NA,NA,NA,0.006936947
"TPD52L2","Lymphocyte","ASD","Wald ratio",1," 0.001","0.018"," 1.001","9.77e-01",NA,NA,NA,0.00698621
"DNAJC5","Lymphocyte","ASD","Wald ratio",1," 0.001","0.028"," 1.001","9.77e-01",NA,NA,NA,0.006986165
"ETS1","Lymphocyte","ASD","Wald ratio",1," 0.000","0.017"," 1.000","9.77e-01",NA,NA,NA,0.00698621
"MIR1914","Lymphocyte","ASD","Wald ratio",1," 0.001","0.027"," 1.001","9.77e-01",NA,NA,NA,0.00698621
"CASZ1","Lymphocyte","ASD","Wald ratio",1," 0.000","0.015"," 1.000","9.78e-01",NA,NA,NA,0.007035121
"AKAP12","Lymphocyte","ASD","Wald ratio",1," 0.037","1.311"," 1.038","9.78e-01",NA,NA,NA,0.012208533
"ZIC5","Lymphocyte","ASD","Wald ratio",1,"-0.002","0.078"," 0.998","9.78e-01",NA,NA,NA,0.007230664
"SFRP1","Lymphocyte","ASD","Inverse variance weighted",2," 0.000","0.018"," 1.000","9.78e-01",NA,0.42644445,NA,0.009356163
"C9orf130","Lymphocyte","ASD","Wald ratio",1," 0.000","0.016"," 1.000","9.79e-01",NA,NA,NA,0.007372947
"LOC202781","Lymphocyte","ASD","Wald ratio",1," 0.000","0.017"," 1.000","9.79e-01",NA,NA,NA,0.007426081
"SLC25A41","Lymphocyte","ASD","Wald ratio",1," 0.000","0.016"," 1.000","9.79e-01",NA,NA,NA,0.007425979
"DKK3","Lymphocyte","ASD","Wald ratio",1,"-0.001","0.056"," 0.999","9.79e-01",NA,NA,NA,0.009275189
"NIPSNAP1","Lymphocyte","ASD","Wald ratio",1," 0.001","0.056"," 1.001","9.80e-01",NA,NA,NA,0.013632075
"FURIN","Lymphocyte","ASD","Wald ratio",1," 0.001","0.027"," 1.001","9.80e-01",NA,NA,NA,0.007913871
"C5orf62","Lymphocyte","ASD","Wald ratio",1," 0.001","0.047"," 1.001","9.80e-01",NA,NA,NA,0.015604622
"PPP2R5E","Lymphocyte","ASD","Wald ratio",1,"-0.028","1.122"," 0.973","9.80e-01",NA,NA,NA,0.009951889
"GOLSYN","Lymphocyte","ASD","Wald ratio",1,"-0.001","0.041"," 0.999","9.81e-01",NA,NA,NA,0.008497842
"KIAA0748","Lymphocyte","ASD","Wald ratio",1," 0.001","0.043"," 1.001","9.82e-01",NA,NA,NA,0.008643593
"NCOR2","Lymphocyte","ASD","Weighted median",4," 0.000","0.019"," 1.000","9.82e-01",0.004869738,0.012685443,0.871109587,0.006369778
"TBXAS1","Lymphocyte","ASD","Wald ratio",1," 0.001","0.026"," 1.001","9.82e-01",NA,NA,NA,0.008692153
"SIAH3","Lymphocyte","ASD","Inverse variance weighted",2," 0.000","0.018"," 1.000","9.83e-01",NA,0.651366418,NA,0.007735297
"PEG3","Lymphocyte","ASD","Wald ratio",1," 0.000","0.016"," 1.000","9.83e-01",NA,NA,NA,0.006565592
"ITGAM","Lymphocyte","ASD","Wald ratio",1," 0.000","0.016"," 1.000","9.83e-01",NA,NA,NA,0.006944939
"FMN2","Lymphocyte","ASD","Wald ratio",1," 0.000","0.018"," 1.000","9.83e-01",NA,NA,NA,0.006984996
"ZNF236","Lymphocyte","ASD","Wald ratio",1," 0.001","0.054"," 1.001","9.83e-01",NA,NA,NA,0.007082831
"CPEB4","Lymphocyte","ASD","Wald ratio",1," 0.000","0.015"," 1.000","9.84e-01",NA,NA,NA,0.007327245
"MAFB","Lymphocyte","ASD","Wald ratio",1," 0.001","0.042"," 1.001","9.85e-01",NA,NA,NA,0.007815314
"CLCN6","Lymphocyte","ASD","Wald ratio",1,"-0.006","0.346"," 0.994","9.85e-01",NA,NA,NA,0.015788981
"SLC18A1","Lymphocyte","ASD","Wald ratio",1," 0.000","0.017"," 1.000","9.86e-01",NA,NA,NA,0.008302341
"RABL4","Lymphocyte","ASD","Wald ratio",1," 0.000","0.019"," 1.000","9.86e-01",NA,NA,NA,0.008545451
"RSPO4","Lymphocyte","ASD","Wald ratio",1,"-0.001","0.070"," 0.999","9.86e-01",NA,NA,NA,0.008594041
"RFXAP","Lymphocyte","ASD","Wald ratio",1,"-0.005","0.290"," 0.995","9.86e-01",NA,NA,NA,0.014148953
"CDH13","Lymphocyte","ASD","Inverse variance weighted",3," 0.000","0.012"," 1.000","9.86e-01",0.576871523,0.300089428,0.384817403,0.006936532
"GRPEL1","Lymphocyte","ASD","Wald ratio",1," 0.004","0.250"," 1.004","9.87e-01",NA,NA,NA,0.009369961
"ACOXL","Lymphocyte","ASD","Inverse variance weighted",2," 0.000","0.015"," 1.000","9.88e-01",NA,0.609873909,NA,0.007831221
"KIAA1217","Lymphocyte","ASD","Inverse variance weighted",3," 0.000","0.021"," 1.000","9.88e-01",0.70190406,0.67655829,0.571670072,0.016910912
"FCHO1","Lymphocyte","ASD","Wald ratio",1,"-0.001","0.057"," 0.999","9.88e-01",NA,NA,NA,0.01282392
"TRAK1","Lymphocyte","ASD","Weighted median",3," 0.000","0.012"," 1.000","9.88e-01",0.342589576,0.079322113,0.289968554,0.019334572
"GNASAS","Lymphocyte","ASD","Wald ratio",1," 0.000","0.016"," 1.000","9.89e-01",NA,NA,NA,0.006885574
"NUDT4","Lymphocyte","ASD","Wald ratio",1,"-0.003","0.207"," 0.997","9.89e-01",NA,NA,NA,0.00688623
"ZNF831","Lymphocyte","ASD","Wald ratio",1," 0.000","0.015"," 1.000","9.89e-01",NA,NA,NA,0.006886241
"EDN3","Lymphocyte","ASD","Wald ratio",1," 0.002","0.148"," 1.002","9.89e-01",NA,NA,NA,0.006886241
"CTSZ","Lymphocyte","ASD","Wald ratio",1," 0.000","0.018"," 1.000","9.89e-01",NA,NA,NA,0.006885543
"SYNE1","Lymphocyte","ASD","Wald ratio",1," 0.003","0.204"," 1.003","9.89e-01",NA,NA,NA,0.006886241
"EDN3","Lymphocyte","ASD","Wald ratio",1," 0.001","0.069"," 1.001","9.89e-01",NA,NA,NA,0.006886241
"PROX1","Lymphocyte","ASD","Wald ratio",1,"-0.001","0.093"," 0.999","9.89e-01",NA,NA,NA,0.006935189
"DSCAML1","Lymphocyte","ASD","Inverse variance weighted",2," 0.000","0.016"," 1.000","9.89e-01",NA,0.510854238,NA,0.013661996
"PDE4D","Lymphocyte","ASD","Inverse variance weighted",3," 0.000","0.023"," 1.000","9.89e-01",0.79140985,0.796069049,0.64601654,0.005463068
"SPAG16","Lymphocyte","ASD","Wald ratio",1," 0.000","0.018"," 1.000","9.89e-01",NA,NA,NA,0.007228672
"FAM189A1","Lymphocyte","ASD","Inverse variance weighted",2," 0.000","0.015"," 1.000","9.89e-01",NA,0.508840038,NA,0.007627905
"LPCAT1","Lymphocyte","ASD","Wald ratio",1," 0.000","0.024"," 1.000","9.90e-01",NA,NA,NA,0.00865868
"DLG5","Lymphocyte","ASD","Wald ratio",1," 0.000","0.028"," 1.000","9.90e-01",NA,NA,NA,0.007765776
"CLUL1","Lymphocyte","ASD","Wald ratio",1," 0.001","0.105"," 1.001","9.90e-01",NA,NA,NA,0.007765776
"EIF2AK4","Lymphocyte","ASD","Wald ratio",1," 0.000","0.019"," 1.000","9.90e-01",NA,NA,NA,0.007285486
"S100P","Lymphocyte","ASD","Wald ratio",1," 0.000","0.029"," 1.000","9.90e-01",NA,NA,NA,0.007960776
"LOC93622","Lymphocyte","ASD","Wald ratio",1," 0.000","0.033"," 1.000","9.90e-01",NA,NA,NA,0.007960776
"AJAP1","Lymphocyte","ASD","Simple mode",3," 0.000","0.034"," 1.000","9.90e-01",0.391500873,0.141824083,0.325700636,0.027650056
"OVCA2","Lymphocyte","ASD","Wald ratio",1," 0.000","0.035"," 1.000","9.91e-01",NA,NA,NA,0.013202803
"DPH1","Lymphocyte","ASD","Wald ratio",1," 0.016","1.421"," 1.016","9.91e-01",NA,NA,NA,0.013202803
"C8orf48","Lymphocyte","ASD","Wald ratio",1," 0.002","0.211"," 1.002","9.92e-01",NA,NA,NA,0.009466117
"ENOX1","Lymphocyte","ASD","Wald ratio",1," 0.000","0.046"," 1.000","9.92e-01",NA,NA,NA,0.009562863
"PTPRN2","Lymphocyte","ASD","Simple mode",8," 0.000","0.011"," 1.000","9.92e-01",0.722990803,0.264129402,0.063033846,0.013117373
"PRKAG2","Lymphocyte","ASD","MR Egger",4,"-0.001","0.056"," 0.999","9.93e-01",0.030587009,0.071600785,0.929360059,0.01190277
"KIAA1217","Lymphocyte","ASD","Weighted median",3," 0.000","0.021"," 1.000","9.93e-01",0.70190406,0.67655829,0.571670072,0.016910912
"C1orf96","Lymphocyte","ASD","Inverse variance weighted",2," 0.000","0.018"," 1.000","9.94e-01",NA,0.490652851,NA,0.011848682
"KCNMA1","Lymphocyte","ASD","Weighted median",5," 0.000","0.012"," 1.000","9.94e-01",0.001416511,0.001960003,0.634341215,0.007033909
"CCL26","Lymphocyte","ASD","Wald ratio",1," 0.000","0.024"," 1.000","9.94e-01",NA,NA,NA,0.006885712
"FAM105B","Lymphocyte","ASD","Wald ratio",1,"-0.005","0.700"," 0.995","9.94e-01",NA,NA,NA,0.006934661
"C4orf36","Lymphocyte","ASD","Wald ratio",1," 0.001","0.117"," 1.001","9.94e-01",NA,NA,NA,0.006934665
"BASP1","Lymphocyte","ASD","Wald ratio",1," 0.001","0.177"," 1.001","9.94e-01",NA,NA,NA,0.007179162
"IL17RA","Lymphocyte","ASD","Inverse variance weighted",2," 0.000","0.055"," 1.000","9.95e-01",NA,0.003974144,NA,0.010366903
"COL4A2","Lymphocyte","ASD","Inverse variance weighted",3," 0.000","0.014"," 1.000","9.95e-01",0.312783581,0.197629416,0.378813856,0.009838709
"PNPLA3","Lymphocyte","ASD","Wald ratio",1," 0.000","0.019"," 1.000","9.95e-01",NA,NA,NA,0.008349833
"PLEKHF2","Lymphocyte","ASD","Wald ratio",1," 0.000","0.019"," 1.000","9.95e-01",NA,NA,NA,0.007743956
"FAM166B","Lymphocyte","ASD","Wald ratio",1," 0.000","0.023"," 1.000","9.96e-01",NA,NA,NA,0.008787199
"VSTM1","Lymphocyte","ASD","Wald ratio",1," 0.000","0.022"," 1.000","9.96e-01",NA,NA,NA,0.008975621
"TARM1","Lymphocyte","ASD","Wald ratio",1," 0.000","0.025"," 1.000","9.96e-01",NA,NA,NA,0.008981295
"FLJ39653","Lymphocyte","ASD","Wald ratio",1," 0.000","0.019"," 1.000","9.96e-01",NA,NA,NA,0.008907587
"ABCC13","Lymphocyte","ASD","Wald ratio",1," 0.000","0.020"," 1.000","9.96e-01",NA,NA,NA,0.00922366
"C2orf58","Lymphocyte","ASD","Inverse variance weighted",2," 0.000","0.026"," 1.000","9.97e-01",NA,0.945014769,NA,0.014780439
"A4GALT","Lymphocyte","ASD","Inverse variance weighted",2," 0.000","0.118"," 1.000","9.97e-01",NA,0.174533976,NA,0.007377603
"FAM46C","Lymphocyte","ASD","Wald ratio",1," 0.000","0.040"," 1.000","9.97e-01",NA,NA,NA,0.014992455
"WT1","Lymphocyte","ASD","Inverse variance weighted",2," 0.000","0.016"," 1.000","9.98e-01",NA,0.295019868,NA,0.009740074
"MYOM2","Lymphocyte","ASD","Inverse variance weighted",2," 0.000","0.058"," 1.000","9.98e-01",NA,0.001775846,NA,0.127317766
"PDE4D","Lymphocyte","ASD","Weighted median",3," 0.000","0.024"," 1.000","9.99e-01",0.79140985,0.796069049,0.64601654,0.005463068
"KRTAP7-1","Lymphocyte","ASD","Wald ratio",1," 0.000","0.016"," 1.000","1.00e+00",NA,NA,NA,0.00693449
"HMGA2","Lymphocyte","ASD","Wald ratio",1," 0.000","0.028"," 1.000","1.00e+00",NA,NA,NA,0.008932654
"CREB3L3","Lymphocyte","ASD","Wald ratio",1," 0.000","0.233"," 1.000","1.00e+00",NA,NA,NA,0.008301028
"NAV3","Lymphocyte","ASD","Wald ratio",1," 0.000","0.072"," 1.000","1.00e+00",NA,NA,NA,0.006885536
"ATP10D","Lymphocyte","ASD","Wald ratio",1," 0.000","0.016"," 1.000","1.00e+00",NA,NA,NA,0.006836573
"KRTAP8-1","Lymphocyte","ASD","Wald ratio",1," 0.000","0.016"," 1.000","1.00e+00",NA,NA,NA,0.005834154
"","","","",NA,"    NA","   NA","    NA"," NA",NA,NA,NA,0.009079142
