"Gene","Tissue","Psychiatric disorder","Method","Nsnp","Beta","SE","OR","P-value","Q_Pvalue(MREgger)","Q_Pvalue(IVW)","P-value(Intercept)","PPH4"
"HAPLN4","Lymphocyte","SCZ","Wald ratio",1,"-0.750","0.105","  0.472","7.66e-13",NA,NA,NA,0.999999998
"KIAA0892","Lymphocyte","SCZ","Wald ratio",1,"-5.864","0.818","  0.003","7.66e-13",NA,NA,NA,0.999999998
"VSIG2","Lymphocyte","SCZ","Wald ratio",1," 0.080","0.012","  1.083","1.38e-11",NA,NA,NA,0.999999331
"NRGN","Lymphocyte","SCZ","Wald ratio",1," 0.081","0.012","  1.084","1.38e-11",NA,NA,NA,0.999731027
"ITIH4","Lymphocyte","SCZ","Wald ratio",1," 0.089","0.014","  1.093","7.54e-11",NA,NA,NA,0.999999869
"AS3MT","Lymphocyte","SCZ","Wald ratio",1," 0.107","0.018","  1.113","1.12e-09",NA,NA,NA,0.999997924
"MAD1L1","Lymphocyte","SCZ","Inverse variance weighted",2,"-0.051","0.008","  0.950","1.57e-09",NA,0.26104682,NA,0.838250468
"TSNARE1","Lymphocyte","SCZ","Wald ratio",1," 0.052","0.009","  1.053","3.49e-09",NA,NA,NA,0.99999362
"PLCL2","Lymphocyte","SCZ","Wald ratio",1,"-0.099","0.017","  0.906","5.48e-09",NA,NA,NA,0.999990423
"PLCL2","Lymphocyte","SCZ","Wald ratio",1,"-0.064","0.011","  0.938","5.48e-09",NA,NA,NA,0.999990423
"ABCB9","Lymphocyte","SCZ","Wald ratio",1,"-0.056","0.010","  0.945","7.14e-09",NA,NA,NA,0.99998707
"ABCB9","Lymphocyte","SCZ","Wald ratio",1,"-0.269","0.047","  0.764","7.14e-09",NA,NA,NA,0.999988226
"ARL6IP4","Lymphocyte","SCZ","Wald ratio",1,"-0.061","0.010","  0.941","7.14e-09",NA,NA,NA,0.999988226
"ARL6IP4","Lymphocyte","SCZ","Wald ratio",1,"-1.067","0.184","  0.344","7.14e-09",NA,NA,NA,0.999988226
"MAP7D1","Lymphocyte","SCZ","Wald ratio",1," 0.355","0.064","  1.426","2.78e-08",NA,NA,NA,0.99995516
"TRAPPC3","Lymphocyte","SCZ","Wald ratio",1," 0.124","0.022","  1.132","2.78e-08",NA,NA,NA,0.99995516
"LOC339674","Lymphocyte","SCZ","Wald ratio",1," 0.113","0.020","  1.120","2.82e-08",NA,NA,NA,0.999952081
"ALMS1P","Lymphocyte","SCZ","Wald ratio",1,"-0.076","0.014","  0.927","3.04e-08",NA,NA,NA,0.999955493
"ELAC2","Lymphocyte","SCZ","Wald ratio",1,"-1.713","0.319","  0.180","7.76e-08",NA,NA,NA,0.999889181
"CYP7B1","Lymphocyte","SCZ","Wald ratio",1," 0.064","0.012","  1.066","1.50e-07",NA,NA,NA,0.999759083
"SNX19","Lymphocyte","SCZ","Wald ratio",1," 0.074","0.015","  1.077","3.99e-07",NA,NA,NA,0.999373656
"NDRG4","Lymphocyte","SCZ","Wald ratio",1," 0.113","0.023","  1.120","7.69e-07",NA,NA,NA,0.998849952
"TNXB","Lymphocyte","SCZ","Wald ratio",1,"-0.112","0.023","  0.894","1.25e-06",NA,NA,NA,0.998244093
"SLC44A4","Lymphocyte","SCZ","Wald ratio",1,"-0.179","0.037","  0.836","1.25e-06",NA,NA,NA,0.998244278
"CACNA2D4","Lymphocyte","SCZ","Inverse variance weighted",2," 0.061","0.013","  1.063","1.82e-06",NA,0.584432826,NA,0.038627131
"MMP16","Lymphocyte","SCZ","Wald ratio",1,"-0.588","0.124","  0.556","2.26e-06",NA,NA,NA,0.996895735
"GDNF","Lymphocyte","SCZ","Wald ratio",1,"-0.121","0.026","  0.886","2.87e-06",NA,NA,NA,0.996495216
"TFAP2B","Lymphocyte","SCZ","Wald ratio",1,"-0.204","0.044","  0.816","3.14e-06",NA,NA,NA,0.997047467
"LRRC4","Lymphocyte","SCZ","Wald ratio",1," 0.045","0.010","  1.046","4.31e-06",NA,NA,NA,0.994081011
"MIR130A","Lymphocyte","SCZ","Wald ratio",1,"-0.062","0.013","  0.940","4.81e-06",NA,NA,NA,0.993887503
"SERPING1","Lymphocyte","SCZ","Wald ratio",1,"-0.095","0.021","  0.910","4.81e-06",NA,NA,NA,0.993887503
"UBE2L6","Lymphocyte","SCZ","Wald ratio",1,"-0.062","0.014","  0.940","4.81e-06",NA,NA,NA,0.993887503
"PSME4","Lymphocyte","SCZ","Wald ratio",1," 0.151","0.033","  1.164","5.52e-06",NA,NA,NA,0.992746385
"C11orf87","Lymphocyte","SCZ","Wald ratio",1," 0.201","0.045","  1.223","6.32e-06",NA,NA,NA,0.992004854
"SLC12A5","Lymphocyte","SCZ","Wald ratio",1,"-0.051","0.011","  0.950","6.33e-06",NA,NA,NA,0.992149757
"PPFIA3","Lymphocyte","SCZ","Wald ratio",1,"-0.346","0.078","  0.708","8.11e-06",NA,NA,NA,0.989672583
"LIN7B","Lymphocyte","SCZ","Wald ratio",1,"-0.059","0.013","  0.943","8.11e-06",NA,NA,NA,0.989672583
"TRPM4","Lymphocyte","SCZ","Wald ratio",1,"-0.046","0.010","  0.955","8.11e-06",NA,NA,NA,0.989671981
"CLCN3","Lymphocyte","SCZ","Wald ratio",1,"-0.200","0.045","  0.819","1.03e-05",NA,NA,NA,0.987864829
"TMTC1","Lymphocyte","SCZ","Wald ratio",1,"-0.074","0.017","  0.929","1.16e-05",NA,NA,NA,0.984813613
"IREB2","Lymphocyte","SCZ","Wald ratio",1,"-0.192","0.044","  0.826","1.55e-05",NA,NA,NA,0.98046245
"ATXN7","Lymphocyte","SCZ","Wald ratio",1,"-0.054","0.013","  0.947","1.58e-05",NA,NA,NA,0.98461757
"FAM5B","Lymphocyte","SCZ","Wald ratio",1,"-0.167","0.039","  0.846","1.94e-05",NA,NA,NA,0.984648468
"SH3D20","Lymphocyte","SCZ","Wald ratio",1," 0.069","0.016","  1.071","2.38e-05",NA,NA,NA,0.976800496
"GABRA5","Lymphocyte","SCZ","Wald ratio",1," 0.126","0.030","  1.134","2.52e-05",NA,NA,NA,0.974056293
"GABRA5","Lymphocyte","SCZ","Wald ratio",1," 0.450","0.107","  1.569","2.52e-05",NA,NA,NA,0.974056293
"NMD3","Lymphocyte","SCZ","Wald ratio",1,"-0.179","0.043","  0.836","3.14e-05",NA,NA,NA,0.960833575
"SOX5","Lymphocyte","SCZ","Wald ratio",1,"-0.048","0.011","  0.954","3.39e-05",NA,NA,NA,0.962051227
"DPP4","Lymphocyte","SCZ","Wald ratio",1,"-0.136","0.033","  0.873","3.62e-05",NA,NA,NA,0.958147357
"LOC80154","Lymphocyte","SCZ","Wald ratio",1,"-0.061","0.015","  0.941","3.76e-05",NA,NA,NA,0.959110124
"C1orf51","Lymphocyte","SCZ","Wald ratio",1," 0.072","0.018","  1.075","5.94e-05",NA,NA,NA,0.952709574
"RPRD2","Lymphocyte","SCZ","Wald ratio",1," 0.059","0.015","  1.061","5.94e-05",NA,NA,NA,0.952709638
"THUMPD3","Lymphocyte","SCZ","Wald ratio",1," 0.401","0.100","  1.493","6.05e-05",NA,NA,NA,0.930917268
"VPS4A","Lymphocyte","SCZ","Wald ratio",1,"-0.398","0.100","  0.672","6.94e-05",NA,NA,NA,0.925156805
"PDF","Lymphocyte","SCZ","Wald ratio",1,"-0.053","0.013","  0.949","6.94e-05",NA,NA,NA,0.925146509
"TRIM33","Lymphocyte","SCZ","Wald ratio",1,"-0.038","0.009","  0.963","6.94e-05",NA,NA,NA,0.925156804
"COPA","Lymphocyte","SCZ","Wald ratio",1,"-0.074","0.019","  0.928","7.33e-05",NA,NA,NA,0.917465404
"CA8","Lymphocyte","SCZ","Wald ratio",1," 0.036","0.009","  1.037","7.33e-05",NA,NA,NA,0.917456622
"KIF21A","Lymphocyte","SCZ","Wald ratio",1,"-1.005","0.255","  0.366","7.92e-05",NA,NA,NA,0.929379732
"GGNBP2","Lymphocyte","SCZ","Wald ratio",1,"-2.274","0.580","  0.103","8.85e-05",NA,NA,NA,0.902965983
"TMEM22","Lymphocyte","SCZ","Wald ratio",1,"-0.095","0.024","  0.910","9.08e-05",NA,NA,NA,0.90643644
"NCK1","Lymphocyte","SCZ","Wald ratio",1,"-3.640","0.930","  0.026","9.08e-05",NA,NA,NA,0.906426484
"TSPAN2","Lymphocyte","SCZ","Wald ratio",1," 0.117","0.030","  1.124","1.06e-04",NA,NA,NA,0.897230924
"DHX35","Lymphocyte","SCZ","Wald ratio",1," 0.215","0.056","  1.240","1.13e-04",NA,NA,NA,0.887125839
"NUDCD3","Lymphocyte","SCZ","Wald ratio",1," 0.046","0.012","  1.047","1.20e-04",NA,NA,NA,0.89170231
"PTK2B","Lymphocyte","SCZ","Wald ratio",1,"-0.056","0.015","  0.946","1.22e-04",NA,NA,NA,0.874033301
"NAA16","Lymphocyte","SCZ","Wald ratio",1," 0.060","0.016","  1.062","1.34e-04",NA,NA,NA,0.892368434
"MYO15A","Lymphocyte","SCZ","Wald ratio",1,"-0.038","0.010","  0.963","1.37e-04",NA,NA,NA,0.865228327
"DRG2","Lymphocyte","SCZ","Wald ratio",1,"-0.043","0.011","  0.957","1.37e-04",NA,NA,NA,0.865228327
"NMRAL1","Lymphocyte","SCZ","Wald ratio",1,"-0.066","0.017","  0.936","1.47e-04",NA,NA,NA,0.8661463
"HMOX2","Lymphocyte","SCZ","Wald ratio",1,"-1.005","0.265","  0.366","1.47e-04",NA,NA,NA,0.8661463
"KIAA0040","Lymphocyte","SCZ","Wald ratio",1," 2.300","0.606","  9.977","1.48e-04",NA,NA,NA,0.864287384
"KIAA0040","Lymphocyte","SCZ","Wald ratio",1," 0.076","0.020","  1.079","1.48e-04",NA,NA,NA,0.864287384
"TRPS1","Lymphocyte","SCZ","Wald ratio",1," 0.045","0.012","  1.046","1.49e-04",NA,NA,NA,0.85082135
"PCDH8","Lymphocyte","SCZ","Wald ratio",1,"-0.096","0.025","  0.909","1.50e-04",NA,NA,NA,0.876325192
"CD302","Lymphocyte","SCZ","Wald ratio",1," 0.081","0.021","  1.084","1.65e-04",NA,NA,NA,0.836622809
"GCH1","Lymphocyte","SCZ","Wald ratio",1,"-0.057","0.015","  0.945","1.72e-04",NA,NA,NA,0.87743037
"TTC35","Lymphocyte","SCZ","Wald ratio",1," 1.700","0.453","  5.473","1.73e-04",NA,NA,NA,0.830365614
"CACNB2","Lymphocyte","SCZ","Inverse variance weighted",2," 0.062","0.017","  1.064","2.15e-04",NA,0.524717157,NA,0.773666367
"TTC12","Lymphocyte","SCZ","Wald ratio",1," 1.286","0.349","  3.620","2.24e-04",NA,NA,NA,0.849861787
"NRCAM","Lymphocyte","SCZ","Wald ratio",1," 0.038","0.010","  1.038","2.27e-04",NA,NA,NA,0.808673745
"GRM3","Lymphocyte","SCZ","Wald ratio",1,"-0.255","0.069","  0.775","2.32e-04",NA,NA,NA,0.792055064
"C22orf26","Lymphocyte","SCZ","Wald ratio",1," 0.270","0.073","  1.310","2.32e-04",NA,NA,NA,0.797281644
"LOC150381","Lymphocyte","SCZ","Wald ratio",1," 0.054","0.015","  1.055","2.32e-04",NA,NA,NA,0.797281644
"LOC400931","Lymphocyte","SCZ","Wald ratio",1," 0.036","0.010","  1.036","2.32e-04",NA,NA,NA,0.788207486
"C22orf26","Lymphocyte","SCZ","Wald ratio",1," 0.077","0.021","  1.080","2.32e-04",NA,NA,NA,0.797281644
"PROX1","Lymphocyte","SCZ","Wald ratio",1," 0.211","0.057","  1.234","2.39e-04",NA,NA,NA,0.783513561
"FAM119A","Lymphocyte","SCZ","Wald ratio",1,"-0.044","0.012","  0.957","2.67e-04",NA,NA,NA,0.805537415
"PPP2R2B","Lymphocyte","SCZ","Wald ratio",1," 0.108","0.030","  1.114","2.81e-04",NA,NA,NA,0.816667841
"ORC5L","Lymphocyte","SCZ","Wald ratio",1,"-0.037","0.010","  0.964","2.88e-04",NA,NA,NA,0.776953812
"ZAK","Lymphocyte","SCZ","Wald ratio",1,"-0.076","0.021","  0.927","3.07e-04",NA,NA,NA,0.743272957
"SIRPB2","Lymphocyte","SCZ","Wald ratio",1," 0.108","0.030","  1.114","3.10e-04",NA,NA,NA,0.804807291
"IGSF9B","Lymphocyte","SCZ","Wald ratio",1," 0.113","0.031","  1.119","3.10e-04",NA,NA,NA,0.745603304
"MAPK10","Lymphocyte","SCZ","Wald ratio",1,"-0.037","0.010","  0.964","3.42e-04",NA,NA,NA,0.746216377
"OPN3","Lymphocyte","SCZ","Wald ratio",1," 0.165","0.046","  1.179","3.43e-04",NA,NA,NA,0.735761113
"USP31","Lymphocyte","SCZ","Wald ratio",1," 0.037","0.010","  1.038","3.48e-04",NA,NA,NA,0.730750763
"ARID5B","Lymphocyte","SCZ","Wald ratio",1," 0.046","0.013","  1.047","3.49e-04",NA,NA,NA,0.730284205
"TTBK1","Lymphocyte","SCZ","Wald ratio",1," 0.096","0.027","  1.100","3.51e-04",NA,NA,NA,0.821480522
"PHF17","Lymphocyte","SCZ","Wald ratio",1," 0.048","0.013","  1.049","3.63e-04",NA,NA,NA,0.774263863
"PCDH7","Lymphocyte","SCZ","Wald ratio",1," 0.166","0.047","  1.181","3.74e-04",NA,NA,NA,0.704169674
"DENND2A","Lymphocyte","SCZ","Wald ratio",1," 0.042","0.012","  1.043","3.83e-04",NA,NA,NA,0.701824763
"GTF2A1","Lymphocyte","SCZ","Wald ratio",1,"-0.036","0.010","  0.965","3.90e-04",NA,NA,NA,0.695772205
"NIPA1","Lymphocyte","SCZ","Wald ratio",1," 0.062","0.017","  1.064","4.03e-04",NA,NA,NA,0.752167944
"CD8A","Lymphocyte","SCZ","Wald ratio",1,"-0.059","0.017","  0.943","4.18e-04",NA,NA,NA,0.727749894
"CCDC57","Lymphocyte","SCZ","Wald ratio",1,"-0.038","0.011","  0.963","4.24e-04",NA,NA,NA,0.716010807
"SLC16A3","Lymphocyte","SCZ","Wald ratio",1,"-0.132","0.038","  0.876","4.24e-04",NA,NA,NA,0.716010807
"SECTM1","Lymphocyte","SCZ","Wald ratio",1,"-0.064","0.018","  0.938","4.24e-04",NA,NA,NA,0.715982323
"SLC16A3","Lymphocyte","SCZ","Wald ratio",1,"-0.053","0.015","  0.948","4.24e-04",NA,NA,NA,0.716010807
"MRGPRX3","Lymphocyte","SCZ","Wald ratio",1," 0.040","0.011","  1.041","4.28e-04",NA,NA,NA,0.681375146
"FMN2","Lymphocyte","SCZ","Wald ratio",1,"-0.040","0.011","  0.961","4.28e-04",NA,NA,NA,0.682193874
"MRGPRX4","Lymphocyte","SCZ","Wald ratio",1," 0.034","0.010","  1.035","4.28e-04",NA,NA,NA,0.682193874
"ACSS2","Lymphocyte","SCZ","Wald ratio",1,"-0.047","0.013","  0.954","4.45e-04",NA,NA,NA,0.674112505
"MAN2A1","Lymphocyte","SCZ","Wald ratio",1,"-2.279","0.650","  0.102","4.55e-04",NA,NA,NA,0.676832774
"NTF3","Lymphocyte","SCZ","Inverse variance weighted",2,"-0.069","0.020","  0.933","4.72e-04",NA,0.798543589,NA,0.007394807
"CLYBL","Lymphocyte","SCZ","Wald ratio",1,"-0.032","0.009","  0.969","4.75e-04",NA,NA,NA,0.6495509
"FIGNL2","Lymphocyte","SCZ","Wald ratio",1," 0.050","0.014","  1.051","5.02e-04",NA,NA,NA,0.676997182
"SCN8A","Lymphocyte","SCZ","Wald ratio",1," 0.039","0.011","  1.040","5.02e-04",NA,NA,NA,0.626765619
"BANK1","Lymphocyte","SCZ","Wald ratio",1,"-0.318","0.092","  0.728","5.28e-04",NA,NA,NA,0.638162021
"GLB1","Lymphocyte","SCZ","Wald ratio",1," 0.036","0.010","  1.037","5.74e-04",NA,NA,NA,0.642190574
"GLB1","Lymphocyte","SCZ","Wald ratio",1," 0.109","0.032","  1.115","5.74e-04",NA,NA,NA,0.642190574
"MFSD9","Lymphocyte","SCZ","Wald ratio",1," 0.037","0.011","  1.038","5.76e-04",NA,NA,NA,0.656736221
"C16orf53","Lymphocyte","SCZ","Wald ratio",1," 0.215","0.062","  1.240","5.83e-04",NA,NA,NA,0.689689396
"DCBLD1","Lymphocyte","SCZ","Wald ratio",1," 0.032","0.009","  1.033","5.88e-04",NA,NA,NA,0.612327086
"MYO16","Lymphocyte","SCZ","Wald ratio",1,"-0.045","0.013","  0.956","5.91e-04",NA,NA,NA,0.688879633
"FGFR1","Lymphocyte","SCZ","Wald ratio",1,"-0.037","0.011","  0.963","6.14e-04",NA,NA,NA,0.602656833
"RLTPR","Lymphocyte","SCZ","Wald ratio",1,"-0.317","0.093","  0.728","6.26e-04",NA,NA,NA,0.680662058
"FAM65A","Lymphocyte","SCZ","Wald ratio",1,"-0.076","0.022","  0.927","6.26e-04",NA,NA,NA,0.678465227
"ACD","Lymphocyte","SCZ","Wald ratio",1,"-0.245","0.072","  0.783","6.26e-04",NA,NA,NA,0.680662042
"DLG4","Lymphocyte","SCZ","Wald ratio",1," 0.059","0.017","  1.061","6.37e-04",NA,NA,NA,0.599942087
"CLDN7","Lymphocyte","SCZ","Wald ratio",1," 0.079","0.023","  1.082","6.37e-04",NA,NA,NA,0.599942087
"DULLARD","Lymphocyte","SCZ","Wald ratio",1," 0.035","0.010","  1.036","6.37e-04",NA,NA,NA,0.59859232
"LRRC16A","Lymphocyte","SCZ","Inverse variance weighted",2,"-0.028","0.008","  0.973","6.40e-04",NA,0.617119947,NA,0.268249643
"SUSD1","Lymphocyte","SCZ","Wald ratio",1," 0.085","0.025","  1.088","6.41e-04",NA,NA,NA,0.634281685
"POLS","Lymphocyte","SCZ","Wald ratio",1," 0.033","0.010","  1.034","6.46e-04",NA,NA,NA,0.599365432
"KLC1","Lymphocyte","SCZ","Wald ratio",1," 0.032","0.009","  1.033","6.91e-04",NA,NA,NA,0.581672943
"XRCC3","Lymphocyte","SCZ","Wald ratio",1," 0.272","0.080","  1.313","6.91e-04",NA,NA,NA,0.581672943
"XRCC3","Lymphocyte","SCZ","Wald ratio",1," 0.039","0.011","  1.040","6.91e-04",NA,NA,NA,0.581672943
"EGF","Lymphocyte","SCZ","Wald ratio",1," 0.036","0.011","  1.037","7.08e-04",NA,NA,NA,0.573490135
"ZBED4","Lymphocyte","SCZ","Inverse variance weighted",2,"-0.041","0.012","  0.960","8.07e-04",NA,0.746366475,NA,0.395746559
"XRRA1","Lymphocyte","SCZ","Wald ratio",1," 1.615","0.485","  5.029","8.68e-04",NA,NA,NA,0.550338356
"RNF175","Lymphocyte","SCZ","Wald ratio",1,"-0.034","0.010","  0.967","9.36e-04",NA,NA,NA,0.533103791
"SFRP2","Lymphocyte","SCZ","Wald ratio",1,"-0.083","0.025","  0.921","9.36e-04",NA,NA,NA,0.533103791
"UBP1","Lymphocyte","SCZ","Wald ratio",1," 0.497","0.151","  1.644","9.62e-04",NA,NA,NA,0.569558115
"NDUFC2","Lymphocyte","SCZ","Wald ratio",1,"-0.035","0.011","  0.966","1.00e-03",NA,NA,NA,0.48824972
"GRPEL1","Lymphocyte","SCZ","Wald ratio",1," 0.493","0.150","  1.638","1.00e-03",NA,NA,NA,0.55560237
"ERCC4","Lymphocyte","SCZ","Wald ratio",1,"-0.218","0.067","  0.804","1.09e-03",NA,NA,NA,0.479843025
"DSTYK","Lymphocyte","SCZ","Wald ratio",1,"-0.897","0.275","  0.408","1.11e-03",NA,NA,NA,0.470623181
"SLC1A1","Lymphocyte","SCZ","Wald ratio",1,"-1.038","0.319","  0.354","1.13e-03",NA,NA,NA,0.501119532
"LOC154449","Lymphocyte","SCZ","Wald ratio",1," 0.052","0.016","  1.053","1.21e-03",NA,NA,NA,0.521876712
"PCBP3","Lymphocyte","SCZ","Wald ratio",1," 0.038","0.012","  1.038","1.24e-03",NA,NA,NA,0.465044971
"PCBP3","Lymphocyte","SCZ","Wald ratio",1," 0.035","0.011","  1.035","1.24e-03",NA,NA,NA,0.465044971
"SLC47A1","Lymphocyte","SCZ","Wald ratio",1," 0.051","0.016","  1.052","1.29e-03",NA,NA,NA,0.445267433
"SEMA6D","Lymphocyte","SCZ","Wald ratio",1,"-0.032","0.010","  0.968","1.30e-03",NA,NA,NA,0.457951576
"CCT2","Lymphocyte","SCZ","Wald ratio",1,"-0.034","0.011","  0.967","1.30e-03",NA,NA,NA,0.435195412
"ITPKB","Lymphocyte","SCZ","Wald ratio",1,"-0.712","0.222","  0.491","1.34e-03",NA,NA,NA,0.482675531
"TP53BP2","Lymphocyte","SCZ","Wald ratio",1," 0.089","0.028","  1.093","1.36e-03",NA,NA,NA,0.55539537
"C11orf46","Lymphocyte","SCZ","Wald ratio",1,"-0.138","0.043","  0.871","1.37e-03",NA,NA,NA,0.462990763
"FBXL17","Lymphocyte","SCZ","Wald ratio",1,"-0.034","0.011","  0.966","1.38e-03",NA,NA,NA,0.414558478
"BDNF","Lymphocyte","SCZ","Wald ratio",1," 1.722","0.539","  5.596","1.40e-03",NA,NA,NA,0.441118523
"ATPGD1","Lymphocyte","SCZ","Wald ratio",1,"-3.459","1.082","  0.031","1.40e-03",NA,NA,NA,0.591367661
"SSH3","Lymphocyte","SCZ","Wald ratio",1,"-0.162","0.051","  0.850","1.40e-03",NA,NA,NA,0.591367661
"C17orf28","Lymphocyte","SCZ","Wald ratio",1," 0.059","0.018","  1.061","1.42e-03",NA,NA,NA,0.567362793
"UTRN","Lymphocyte","SCZ","Wald ratio",1,"-0.096","0.030","  0.908","1.44e-03",NA,NA,NA,0.405347062
"CDC73","Lymphocyte","SCZ","Wald ratio",1," 1.046","0.329","  2.847","1.45e-03",NA,NA,NA,0.419751646
"RAB5A","Lymphocyte","SCZ","Wald ratio",1," 1.422","0.448","  4.144","1.50e-03",NA,NA,NA,0.439243606
"FAM166B","Lymphocyte","SCZ","Wald ratio",1," 0.047","0.015","  1.048","1.54e-03",NA,NA,NA,0.457562661
"COQ3","Lymphocyte","SCZ","Wald ratio",1," 0.057","0.018","  1.059","1.56e-03",NA,NA,NA,0.387232805
"TREM1","Lymphocyte","SCZ","Wald ratio",1,"-1.675","0.531","  0.187","1.62e-03",NA,NA,NA,0.540858792
"AP3D1","Lymphocyte","SCZ","Wald ratio",1," 0.030","0.010","  1.031","1.63e-03",NA,NA,NA,0.365417693
"RCCD1","Lymphocyte","SCZ","Wald ratio",1," 0.195","0.062","  1.215","1.64e-03",NA,NA,NA,0.397686418
"HDDC3","Lymphocyte","SCZ","Wald ratio",1," 0.031","0.010","  1.032","1.64e-03",NA,NA,NA,0.397686418
"MAP3K12","Lymphocyte","SCZ","Wald ratio",1," 0.172","0.055","  1.187","1.65e-03",NA,NA,NA,0.44448746
"DENND2D","Lymphocyte","SCZ","Wald ratio",1,"-0.041","0.013","  0.960","1.66e-03",NA,NA,NA,0.400582797
"LOC202781","Lymphocyte","SCZ","Wald ratio",1,"-0.032","0.010","  0.968","1.68e-03",NA,NA,NA,0.387457793
"VWA5A","Lymphocyte","SCZ","Wald ratio",1," 0.055","0.018","  1.057","1.68e-03",NA,NA,NA,0.420451896
"ACCS","Lymphocyte","SCZ","Wald ratio",1,"-0.507","0.162","  0.602","1.72e-03",NA,NA,NA,0.374504262
"SETBP1","Lymphocyte","SCZ","Wald ratio",1," 0.050","0.016","  1.052","1.79e-03",NA,NA,NA,0.453412298
"KIAA1908","Lymphocyte","SCZ","Wald ratio",1," 0.030","0.010","  1.030","1.83e-03",NA,NA,NA,0.353370785
"FLJ32065","Lymphocyte","SCZ","Wald ratio",1," 1.150","0.370","  3.158","1.88e-03",NA,NA,NA,0.473845065
"KRTCAP3","Lymphocyte","SCZ","Wald ratio",1,"-0.031","0.010","  0.970","1.92e-03",NA,NA,NA,0.348729316
"NRBP1","Lymphocyte","SCZ","Wald ratio",1,"-1.092","0.352","  0.336","1.92e-03",NA,NA,NA,0.348729314
"LOC400794","Lymphocyte","SCZ","Wald ratio",1," 0.090","0.029","  1.094","1.98e-03",NA,NA,NA,0.361990401
"KCNJ15","Lymphocyte","SCZ","Wald ratio",1,"-0.037","0.012","  0.963","2.04e-03",NA,NA,NA,0.355146269
"TNR","Lymphocyte","SCZ","Wald ratio",1,"-0.059","0.019","  0.943","2.11e-03",NA,NA,NA,0.343877604
"DNAH11","Lymphocyte","SCZ","Inverse variance weighted",2,"-0.026","0.009","  0.974","2.13e-03",NA,0.931946851,NA,0.009074774
"LOC254559","Lymphocyte","SCZ","Wald ratio",1," 0.080","0.026","  1.083","2.15e-03",NA,NA,NA,0.323437177
"MIR30B","Lymphocyte","SCZ","Wald ratio",1,"-0.033","0.011","  0.967","2.28e-03",NA,NA,NA,0.332922621
"KCNQ3","Lymphocyte","SCZ","Wald ratio",1," 0.038","0.013","  1.039","2.28e-03",NA,NA,NA,0.336941264
"INPP1","Lymphocyte","SCZ","Wald ratio",1,"-0.914","0.300","  0.401","2.32e-03",NA,NA,NA,0.464046916
"SCFD1","Lymphocyte","SCZ","Wald ratio",1," 1.457","0.478","  4.291","2.32e-03",NA,NA,NA,0.35883473
"CRELD2","Lymphocyte","SCZ","Wald ratio",1,"-0.172","0.057","  0.842","2.46e-03",NA,NA,NA,0.401099966
"INPP5D","Lymphocyte","SCZ","Wald ratio",1,"-1.754","0.580","  0.173","2.50e-03",NA,NA,NA,0.293728192
"RINT1","Lymphocyte","SCZ","Wald ratio",1,"-0.054","0.018","  0.948","2.61e-03",NA,NA,NA,0.290606529
"ERC1","Lymphocyte","SCZ","Wald ratio",1,"-0.300","0.100","  0.741","2.70e-03",NA,NA,NA,0.42728015
"TMEM178","Lymphocyte","SCZ","Wald ratio",1,"-0.152","0.051","  0.859","2.81e-03",NA,NA,NA,0.272276486
"FGF12","Lymphocyte","SCZ","Weighted median",3," 0.022","0.008","  1.023","2.88e-03",0.35125981,0.346495462,0.464448962,0.114830919
"SNCA","Lymphocyte","SCZ","Wald ratio",1," 0.032","0.011","  1.033","2.91e-03",NA,NA,NA,0.263490614
"PAPOLA","Lymphocyte","SCZ","Wald ratio",1,"-0.325","0.109","  0.723","2.96e-03",NA,NA,NA,0.299884086
"TNFRSF8","Lymphocyte","SCZ","Wald ratio",1,"-0.161","0.054","  0.851","3.02e-03",NA,NA,NA,0.259284339
"STON1-GTF2A1L","Lymphocyte","SCZ","Wald ratio",1,"-0.030","0.010","  0.970","3.12e-03",NA,NA,NA,0.264521657
"ISL1","Lymphocyte","SCZ","Wald ratio",1," 0.154","0.052","  1.166","3.12e-03",NA,NA,NA,0.260208119
"TBXAS1","Lymphocyte","SCZ","Wald ratio",1," 0.047","0.016","  1.048","3.14e-03",NA,NA,NA,0.294331819
"SPINK8","Lymphocyte","SCZ","Wald ratio",1," 0.053","0.018","  1.054","3.21e-03",NA,NA,NA,0.26343758
"CCDC33","Lymphocyte","SCZ","Wald ratio",1," 0.057","0.019","  1.059","3.26e-03",NA,NA,NA,0.246451878
"SEMA7A","Lymphocyte","SCZ","Wald ratio",1," 0.052","0.018","  1.054","3.26e-03",NA,NA,NA,0.246451878
"NIPAL4","Lymphocyte","SCZ","Wald ratio",1,"-0.403","0.137","  0.668","3.30e-03",NA,NA,NA,0.262207372
"PRKAB2","Lymphocyte","SCZ","Wald ratio",1,"-0.327","0.112","  0.721","3.39e-03",NA,NA,NA,0.237773804
"CHD1L","Lymphocyte","SCZ","Wald ratio",1,"-0.115","0.039","  0.892","3.39e-03",NA,NA,NA,0.237773811
"PDIA3P","Lymphocyte","SCZ","Wald ratio",1,"-0.043","0.015","  0.958","3.39e-03",NA,NA,NA,0.237773811
"LPHN3","Lymphocyte","SCZ","Wald ratio",1," 0.070","0.024","  1.073","3.54e-03",NA,NA,NA,0.250282838
"FGF12","Lymphocyte","SCZ","Inverse variance weighted",3," 0.022","0.008","  1.022","3.55e-03",0.35125981,0.346495462,0.464448962,0.114830919
"ELOVL7","Lymphocyte","SCZ","Inverse variance weighted",2,"-0.042","0.014","  0.959","3.57e-03",NA,0.298374276,NA,0.026027431
"LNPEP","Lymphocyte","SCZ","Wald ratio",1," 0.051","0.018","  1.053","3.64e-03",NA,NA,NA,0.228104886
"SYN3","Lymphocyte","SCZ","Wald ratio",1,"-0.106","0.037","  0.900","3.85e-03",NA,NA,NA,0.227057577
"COMT","Lymphocyte","SCZ","Wald ratio",1,"-0.029","0.010","  0.971","3.90e-03",NA,NA,NA,0.219314746
"TSSC1","Lymphocyte","SCZ","Wald ratio",1,"-0.025","0.009","  0.975","4.07e-03",NA,NA,NA,0.208758167
"KCNH3","Lymphocyte","SCZ","Wald ratio",1," 0.058","0.020","  1.059","4.11e-03",NA,NA,NA,0.304415137
"FMNL3","Lymphocyte","SCZ","Wald ratio",1," 0.125","0.044","  1.133","4.11e-03",NA,NA,NA,0.30441808
"KIAA0226","Lymphocyte","SCZ","Wald ratio",1," 0.047","0.016","  1.048","4.16e-03",NA,NA,NA,0.305865046
"KIAA0226","Lymphocyte","SCZ","Wald ratio",1," 1.856","0.648","  6.400","4.16e-03",NA,NA,NA,0.305794132
"CCDC148","Lymphocyte","SCZ","Wald ratio",1,"-0.430","0.150","  0.651","4.17e-03",NA,NA,NA,0.223502719
"ADAM10","Lymphocyte","SCZ","Wald ratio",1," 0.039","0.014","  1.039","4.32e-03",NA,NA,NA,0.272433147
"LIPC","Lymphocyte","SCZ","Wald ratio",1," 0.087","0.031","  1.091","4.32e-03",NA,NA,NA,0.272435673
"SFRS7","Lymphocyte","SCZ","Wald ratio",1," 0.057","0.020","  1.059","4.50e-03",NA,NA,NA,0.208307293
"FAM118B","Lymphocyte","SCZ","Wald ratio",1,"-0.030","0.011","  0.970","4.54e-03",NA,NA,NA,0.225363274
"PRDM8","Lymphocyte","SCZ","Wald ratio",1,"-0.051","0.018","  0.950","4.57e-03",NA,NA,NA,0.210948085
"FCER1A","Lymphocyte","SCZ","Wald ratio",1," 0.030","0.010","  1.030","4.61e-03",NA,NA,NA,0.208074261
"GABRB3","Lymphocyte","SCZ","Wald ratio",1,"-0.042","0.015","  0.959","4.62e-03",NA,NA,NA,0.24416428
"CRYBB3","Lymphocyte","SCZ","Wald ratio",1," 0.058","0.020","  1.060","4.65e-03",NA,NA,NA,0.274377133
"JAM3","Lymphocyte","SCZ","Wald ratio",1," 0.062","0.022","  1.064","4.73e-03",NA,NA,NA,0.296071033
"GFRA2","Lymphocyte","SCZ","Wald ratio",1,"-0.129","0.046","  0.879","4.87e-03",NA,NA,NA,0.185187106
"CALN1","Lymphocyte","SCZ","Wald ratio",1,"-0.057","0.020","  0.945","4.89e-03",NA,NA,NA,0.182922363
"C18orf1","Lymphocyte","SCZ","Weighted median",3,"-0.022","0.008","  0.978","4.90e-03",0.020726698,0.068757983,0.981141005,0.005073099
"PDZRN4","Lymphocyte","SCZ","Wald ratio",1," 0.118","0.042","  1.125","4.94e-03",NA,NA,NA,0.188109592
"IGSF21","Lymphocyte","SCZ","Weighted median",3," 0.024","0.008","  1.024","5.06e-03",0.9738759,0.659461738,0.529309127,0.097070481
"MYBPC2","Lymphocyte","SCZ","Wald ratio",1," 0.280","0.100","  1.323","5.07e-03",NA,NA,NA,0.18620395
"PIAS2","Lymphocyte","SCZ","Wald ratio",1,"-0.031","0.011","  0.969","5.08e-03",NA,NA,NA,0.177783977
"KATNAL2","Lymphocyte","SCZ","Wald ratio",1,"-0.025","0.009","  0.975","5.08e-03",NA,NA,NA,0.177783977
"IGSF21","Lymphocyte","SCZ","Inverse variance weighted",3," 0.022","0.008","  1.022","5.08e-03",0.9738759,0.659461738,0.529309127,0.097070481
"C18orf21","Lymphocyte","SCZ","Wald ratio",1," 0.220","0.079","  1.246","5.17e-03",NA,NA,NA,0.202465484
"PKNOX1","Lymphocyte","SCZ","Wald ratio",1,"-0.047","0.017","  0.954","5.20e-03",NA,NA,NA,0.261294734
"TNFRSF11B","Lymphocyte","SCZ","Wald ratio",1," 0.112","0.040","  1.119","5.22e-03",NA,NA,NA,0.175920222
"F7","Lymphocyte","SCZ","Wald ratio",1,"-0.048","0.017","  0.953","5.28e-03",NA,NA,NA,0.241964056
"F10","Lymphocyte","SCZ","Wald ratio",1,"-0.076","0.027","  0.927","5.28e-03",NA,NA,NA,0.24171635
"GPD1L","Lymphocyte","SCZ","Wald ratio",1,"-0.038","0.014","  0.962","5.32e-03",NA,NA,NA,0.184606044
"PDIA5","Lymphocyte","SCZ","Wald ratio",1,"-0.029","0.010","  0.971","5.33e-03",NA,NA,NA,0.190336765
"KBTBD3","Lymphocyte","SCZ","Wald ratio",1," 0.236","0.085","  1.266","5.38e-03",NA,NA,NA,0.268920685
"FTSJD1","Lymphocyte","SCZ","Wald ratio",1," 2.682","0.964"," 14.613","5.38e-03",NA,NA,NA,0.200881169
"FTSJD1","Lymphocyte","SCZ","Wald ratio",1," 0.476","0.171","  1.609","5.38e-03",NA,NA,NA,0.201094221
"PTER","Lymphocyte","SCZ","Wald ratio",1," 5.009","1.800","149.817","5.39e-03",NA,NA,NA,0.313217133
"TMEM150B","Lymphocyte","SCZ","Wald ratio",1,"-0.025","0.009","  0.975","5.44e-03",NA,NA,NA,0.093400615
"PCDH12","Lymphocyte","SCZ","Wald ratio",1,"-0.030","0.011","  0.971","5.50e-03",NA,NA,NA,0.180087021
"TMEM211","Lymphocyte","SCZ","Wald ratio",1,"-0.423","0.153","  0.655","5.61e-03",NA,NA,NA,0.166640579
"CLASP1","Lymphocyte","SCZ","Wald ratio",1," 1.238","0.449","  3.449","5.79e-03",NA,NA,NA,0.266188481
"MKI67IP","Lymphocyte","SCZ","Wald ratio",1," 1.309","0.474","  3.701","5.79e-03",NA,NA,NA,0.266188481
"USP36","Lymphocyte","SCZ","Wald ratio",1," 0.028","0.010","  1.029","5.86e-03",NA,NA,NA,0.159716222
"ANKRD45","Lymphocyte","SCZ","Wald ratio",1," 0.092","0.033","  1.096","5.95e-03",NA,NA,NA,0.160877751
"SLC9A11","Lymphocyte","SCZ","Wald ratio",1," 0.025","0.009","  1.025","5.95e-03",NA,NA,NA,0.158394716
"SH2D5","Lymphocyte","SCZ","Wald ratio",1,"-0.034","0.012","  0.966","5.95e-03",NA,NA,NA,0.160877752
"KIAA0513","Lymphocyte","SCZ","Wald ratio",1,"-0.054","0.020","  0.947","5.96e-03",NA,NA,NA,0.160700762
"C9orf47","Lymphocyte","SCZ","Wald ratio",1,"-0.070","0.025","  0.932","5.96e-03",NA,NA,NA,0.160700762
"TMEM194B","Lymphocyte","SCZ","Wald ratio",1," 0.312","0.114","  1.367","5.96e-03",NA,NA,NA,0.166547926
"DNMT3A","Lymphocyte","SCZ","Wald ratio",1,"-0.026","0.009","  0.974","6.01e-03",NA,NA,NA,0.158204131
"RBM20","Lymphocyte","SCZ","Wald ratio",1," 0.398","0.145","  1.489","6.06e-03",NA,NA,NA,0.161705654
"C6orf125","Lymphocyte","SCZ","Wald ratio",1,"-0.410","0.149","  0.664","6.08e-03",NA,NA,NA,0.188200552
"ZNF470","Lymphocyte","SCZ","Wald ratio",1,"-0.985","0.359","  0.373","6.10e-03",NA,NA,NA,0.171090686
"ZNF583","Lymphocyte","SCZ","Wald ratio",1,"-0.032","0.012","  0.968","6.10e-03",NA,NA,NA,0.171049362
"ZNF835","Lymphocyte","SCZ","Wald ratio",1,"-0.200","0.073","  0.819","6.10e-03",NA,NA,NA,0.171090683
"NMBR","Lymphocyte","SCZ","Wald ratio",1,"-0.049","0.018","  0.952","6.22e-03",NA,NA,NA,0.153813877
"SHISA3","Lymphocyte","SCZ","Wald ratio",1," 0.035","0.013","  1.036","6.32e-03",NA,NA,NA,0.155095018
"PLA2G12A","Lymphocyte","SCZ","Wald ratio",1," 0.615","0.226","  1.850","6.40e-03",NA,NA,NA,0.152302198
"EBF3","Lymphocyte","SCZ","Inverse variance weighted",2,"-0.031","0.011","  0.969","6.47e-03",NA,0.376147812,NA,0.00568903
"ARHGAP12","Lymphocyte","SCZ","Wald ratio",1,"-0.081","0.030","  0.922","6.50e-03",NA,NA,NA,0.147554862
"SH3GL3","Lymphocyte","SCZ","Wald ratio",1,"-0.032","0.012","  0.968","6.53e-03",NA,NA,NA,0.157046788
"RPS6KL1","Lymphocyte","SCZ","Wald ratio",1,"-0.027","0.010","  0.973","6.54e-03",NA,NA,NA,0.151068669
"TRAF5","Lymphocyte","SCZ","Wald ratio",1," 0.037","0.014","  1.038","6.60e-03",NA,NA,NA,0.148366385
"RCOR3","Lymphocyte","SCZ","Wald ratio",1," 0.089","0.033","  1.093","6.60e-03",NA,NA,NA,0.148665255
"PLK1S1","Lymphocyte","SCZ","Wald ratio",1,"-0.066","0.024","  0.936","6.71e-03",NA,NA,NA,0.149683112
"TGFBRAP1","Lymphocyte","SCZ","Wald ratio",1,"-0.181","0.067","  0.835","6.89e-03",NA,NA,NA,0.17428947
"FOXK2","Lymphocyte","SCZ","Inverse variance weighted",2,"-0.024","0.009","  0.976","6.91e-03",NA,0.904342548,NA,0.013783092
"ADCY9","Lymphocyte","SCZ","Inverse variance weighted",2,"-0.026","0.010","  0.974","6.95e-03",NA,0.53357268,NA,0.014492584
"C1orf43","Lymphocyte","SCZ","Wald ratio",1,"-0.026","0.010","  0.974","6.99e-03",NA,NA,NA,0.139553805
"ESRRB","Lymphocyte","SCZ","Wald ratio",1,"-0.032","0.012","  0.969","7.03e-03",NA,NA,NA,0.151012174
"C9orf5","Lymphocyte","SCZ","Wald ratio",1," 0.065","0.024","  1.067","7.05e-03",NA,NA,NA,0.150812319
"PLAT","Lymphocyte","SCZ","Wald ratio",1," 0.025","0.009","  1.025","7.08e-03",NA,NA,NA,0.140828105
"ZNF8","Lymphocyte","SCZ","Wald ratio",1,"-0.817","0.303","  0.442","7.10e-03",NA,NA,NA,0.144595306
"PTGER3","Lymphocyte","SCZ","Wald ratio",1,"-0.106","0.039","  0.900","7.18e-03",NA,NA,NA,0.200685539
"SEC62","Lymphocyte","SCZ","Wald ratio",1," 0.030","0.011","  1.030","7.19e-03",NA,NA,NA,0.166272203
"USP24","Lymphocyte","SCZ","Wald ratio",1,"-0.089","0.033","  0.915","7.21e-03",NA,NA,NA,0.153426525
"FAM46C","Lymphocyte","SCZ","Wald ratio",1," 0.065","0.024","  1.067","7.22e-03",NA,NA,NA,0.248090863
"KIF21B","Lymphocyte","SCZ","Wald ratio",1," 0.027","0.010","  1.028","7.23e-03",NA,NA,NA,0.135995643
"PTPRO","Lymphocyte","SCZ","Wald ratio",1,"-0.030","0.011","  0.970","7.33e-03",NA,NA,NA,0.145006464
"MAST4","Lymphocyte","SCZ","Wald ratio",1,"-0.088","0.033","  0.916","7.34e-03",NA,NA,NA,0.14090692
"NPS","Lymphocyte","SCZ","Wald ratio",1,"-0.027","0.010","  0.973","7.57e-03",NA,NA,NA,0.141330827
"SGTA","Lymphocyte","SCZ","Wald ratio",1,"-0.030","0.011","  0.970","7.58e-03",NA,NA,NA,0.152635768
"HLA-DPB2","Lymphocyte","SCZ","Wald ratio",1,"-0.053","0.020","  0.948","7.73e-03",NA,NA,NA,0.155201617
"ACADS","Lymphocyte","SCZ","Wald ratio",1,"-0.033","0.012","  0.967","7.75e-03",NA,NA,NA,0.13645785
"LOC100133612","Lymphocyte","SCZ","Wald ratio",1," 0.034","0.013","  1.035","7.81e-03",NA,NA,NA,0.138109722
"NUCKS1","Lymphocyte","SCZ","Wald ratio",1,"-0.040","0.015","  0.960","7.83e-03",NA,NA,NA,0.13031811
"SLC41A1","Lymphocyte","SCZ","Wald ratio",1,"-0.488","0.183","  0.614","7.83e-03",NA,NA,NA,0.130326701
"ARHGEF4","Lymphocyte","SCZ","Wald ratio",1,"-0.319","0.120","  0.727","7.90e-03",NA,NA,NA,0.179853531
"ADAL","Lymphocyte","SCZ","Wald ratio",1," 2.175","0.819","  8.801","7.90e-03",NA,NA,NA,0.179823095
"MIR130B","Lymphocyte","SCZ","Wald ratio",1," 1.473","0.555","  4.361","7.91e-03",NA,NA,NA,0.169658272
"MIR301B","Lymphocyte","SCZ","Wald ratio",1," 0.058","0.022","  1.059","7.91e-03",NA,NA,NA,0.169658363
"CCDC149","Lymphocyte","SCZ","Wald ratio",1,"-0.027","0.010","  0.973","7.97e-03",NA,NA,NA,0.143833565
"ARL9","Lymphocyte","SCZ","Wald ratio",1,"-0.107","0.040","  0.899","8.07e-03",NA,NA,NA,0.138354903
"SLC15A3","Lymphocyte","SCZ","Wald ratio",1,"-0.033","0.013","  0.967","8.11e-03",NA,NA,NA,0.126876697
"NRP1","Lymphocyte","SCZ","Wald ratio",1," 0.025","0.010","  1.026","8.23e-03",NA,NA,NA,0.133824782
"ZPBP","Lymphocyte","SCZ","Wald ratio",1," 0.161","0.061","  1.175","8.26e-03",NA,NA,NA,0.14643309
"RGS13","Lymphocyte","SCZ","Wald ratio",1,"-0.024","0.009","  0.977","8.48e-03",NA,NA,NA,0.121233056
"C16orf52","Lymphocyte","SCZ","Wald ratio",1,"-0.045","0.017","  0.956","8.53e-03",NA,NA,NA,0.135993016
"PACSIN1","Lymphocyte","SCZ","Wald ratio",1,"-0.041","0.016","  0.960","8.59e-03",NA,NA,NA,0.158611202
"MAP2K5","Lymphocyte","SCZ","Wald ratio",1," 0.055","0.021","  1.057","8.72e-03",NA,NA,NA,0.187086199
"SMAD3","Lymphocyte","SCZ","Wald ratio",1,"-0.027","0.010","  0.973","8.75e-03",NA,NA,NA,0.121883521
"APOC4","Lymphocyte","SCZ","Wald ratio",1,"-0.027","0.010","  0.973","8.78e-03",NA,NA,NA,0.114921934
"APOC2","Lymphocyte","SCZ","Wald ratio",1,"-0.028","0.011","  0.972","8.78e-03",NA,NA,NA,0.117987035
"CLPTM1","Lymphocyte","SCZ","Wald ratio",1,"-0.166","0.064","  0.847","8.78e-03",NA,NA,NA,0.117987035
"ARC","Lymphocyte","SCZ","Wald ratio",1,"-1.524","0.582","  0.218","8.89e-03",NA,NA,NA,0.130580037
"ST14","Lymphocyte","SCZ","Wald ratio",1," 0.049","0.019","  1.050","8.97e-03",NA,NA,NA,0.199007177
"ASTL","Lymphocyte","SCZ","Wald ratio",1," 0.035","0.014","  1.036","9.09e-03",NA,NA,NA,0.120534113
"CIAO1","Lymphocyte","SCZ","Wald ratio",1," 0.043","0.017","  1.044","9.09e-03",NA,NA,NA,0.120534113
"KIAA1614","Lymphocyte","SCZ","Wald ratio",1," 0.056","0.021","  1.057","9.15e-03",NA,NA,NA,0.116511687
"MTX2","Lymphocyte","SCZ","Wald ratio",1,"-0.028","0.011","  0.973","9.34e-03",NA,NA,NA,0.126827895
"C1orf14","Lymphocyte","SCZ","Wald ratio",1,"-0.115","0.044","  0.891","9.59e-03",NA,NA,NA,0.172783529
"CTDP1","Lymphocyte","SCZ","Wald ratio",1," 0.067","0.026","  1.069","9.75e-03",NA,NA,NA,0.11083553
"KRT83","Lymphocyte","SCZ","Wald ratio",1,"-0.036","0.014","  0.964","9.75e-03",NA,NA,NA,0.110811534
"RNF168","Lymphocyte","SCZ","Wald ratio",1," 0.029","0.011","  1.030","9.75e-03",NA,NA,NA,0.110811534
"LYSMD4","Lymphocyte","SCZ","Inverse variance weighted",2," 0.023","0.009","  1.023","9.82e-03",NA,0.415209218,NA,0.027750353
"C7orf26","Lymphocyte","SCZ","Wald ratio",1,"-0.029","0.011","  0.971","1.00e-02",NA,NA,NA,0.111844291
"ZDHHC4","Lymphocyte","SCZ","Wald ratio",1,"-0.028","0.011","  0.973","1.00e-02",NA,NA,NA,0.111844291
"AUTS2","Lymphocyte","SCZ","Inverse variance weighted",3,"-0.025","0.010","  0.976","1.01e-02",0.775238562,0.952915261,0.922592199,0.00463654
"ITPK1","Lymphocyte","SCZ","Wald ratio",1," 0.028","0.011","  1.029","1.03e-02",NA,NA,NA,0.114702663
"FEZ1","Lymphocyte","SCZ","Wald ratio",1," 0.064","0.025","  1.066","1.03e-02",NA,NA,NA,0.152480371
"PARP1","Lymphocyte","SCZ","Wald ratio",1,"-0.070","0.027","  0.932","1.04e-02",NA,NA,NA,0.130263267
"RIF1","Lymphocyte","SCZ","Wald ratio",1,"-0.104","0.040","  0.902","1.04e-02",NA,NA,NA,0.105126086
"PARP12","Lymphocyte","SCZ","Wald ratio",1,"-0.033","0.013","  0.967","1.04e-02",NA,NA,NA,0.123224096
"TCF25","Lymphocyte","SCZ","Wald ratio",1," 0.044","0.017","  1.045","1.05e-02",NA,NA,NA,0.159574139
"NCRNA00029","Lymphocyte","SCZ","Wald ratio",1," 0.025","0.010","  1.025","1.06e-02",NA,NA,NA,0.104786608
"C1orf101","Lymphocyte","SCZ","Wald ratio",1," 0.040","0.016","  1.041","1.06e-02",NA,NA,NA,0.11376601
"CDH8","Lymphocyte","SCZ","Wald ratio",1," 0.026","0.010","  1.026","1.07e-02",NA,NA,NA,0.100785622
"SLC30A9","Lymphocyte","SCZ","Wald ratio",1," 0.093","0.036","  1.097","1.08e-02",NA,NA,NA,0.125649519
"FLJ43663","Lymphocyte","SCZ","Wald ratio",1,"-0.027","0.011","  0.973","1.09e-02",NA,NA,NA,0.111264185
"CD1A","Lymphocyte","SCZ","Wald ratio",1," 0.025","0.010","  1.026","1.10e-02",NA,NA,NA,0.101991
"ASB18","Lymphocyte","SCZ","Wald ratio",1,"-0.211","0.083","  0.810","1.12e-02",NA,NA,NA,0.117801559
"GLUL","Lymphocyte","SCZ","Wald ratio",1," 0.088","0.035","  1.091","1.13e-02",NA,NA,NA,0.095832945
"C3orf20","Lymphocyte","SCZ","Wald ratio",1," 0.043","0.017","  1.044","1.14e-02",NA,NA,NA,0.095587666
"PIK3C2B","Lymphocyte","SCZ","Wald ratio",1," 0.040","0.016","  1.040","1.16e-02",NA,NA,NA,0.10449141
"LOC100134368","Lymphocyte","SCZ","Wald ratio",1," 0.047","0.018","  1.048","1.16e-02",NA,NA,NA,0.095363078
"MRPL28","Lymphocyte","SCZ","Wald ratio",1," 0.028","0.011","  1.028","1.16e-02",NA,NA,NA,0.095363078
"TMEM8A","Lymphocyte","SCZ","Wald ratio",1," 0.220","0.087","  1.246","1.16e-02",NA,NA,NA,0.095363078
"CTTNBP2NL","Lymphocyte","SCZ","Wald ratio",1,"-0.033","0.013","  0.967","1.17e-02",NA,NA,NA,0.097070481
"GPR98","Lymphocyte","SCZ","Wald ratio",1,"-0.053","0.021","  0.948","1.17e-02",NA,NA,NA,0.100589833
"CHMP4B","Lymphocyte","SCZ","Wald ratio",1,"-0.026","0.010","  0.975","1.18e-02",NA,NA,NA,0.093060338
"NEGR1","Lymphocyte","SCZ","Wald ratio",1," 0.026","0.010","  1.026","1.18e-02",NA,NA,NA,0.093638766
"BYSL","Lymphocyte","SCZ","Wald ratio",1," 0.028","0.011","  1.029","1.19e-02",NA,NA,NA,0.103867691
"NRXN2","Lymphocyte","SCZ","Wald ratio",1,"-0.029","0.011","  0.972","1.19e-02",NA,NA,NA,0.112569704
"NRXN2","Lymphocyte","SCZ","Wald ratio",1,"-0.043","0.017","  0.958","1.19e-02",NA,NA,NA,0.112743958
"LOC100292680","Lymphocyte","SCZ","Wald ratio",1," 0.036","0.014","  1.037","1.20e-02",NA,NA,NA,0.092908613
"SORBS2","Lymphocyte","SCZ","Wald ratio",1,"-0.024","0.009","  0.977","1.20e-02",NA,NA,NA,0.096487321
"C8orf71","Lymphocyte","SCZ","Wald ratio",1," 0.032","0.013","  1.033","1.21e-02",NA,NA,NA,0.117634636
"MXRA7","Lymphocyte","SCZ","Wald ratio",1," 0.024","0.010","  1.024","1.22e-02",NA,NA,NA,0.092530484
"PRLR","Lymphocyte","SCZ","Wald ratio",1,"-0.075","0.030","  0.928","1.23e-02",NA,NA,NA,0.112218842
"C3orf67","Lymphocyte","SCZ","Wald ratio",1," 0.051","0.021","  1.053","1.24e-02",NA,NA,NA,0.108475889
"CNTN1","Lymphocyte","SCZ","Wald ratio",1," 0.189","0.076","  1.208","1.24e-02",NA,NA,NA,0.092318088
"XKR5","Lymphocyte","SCZ","Wald ratio",1," 0.422","0.169","  1.524","1.24e-02",NA,NA,NA,0.088588998
"ISCA1","Lymphocyte","SCZ","Wald ratio",1,"-0.031","0.012","  0.969","1.24e-02",NA,NA,NA,0.104791675
"TET3","Lymphocyte","SCZ","Wald ratio",1," 0.033","0.013","  1.034","1.28e-02",NA,NA,NA,0.093755956
"LHX4","Lymphocyte","SCZ","Wald ratio",1,"-0.022","0.009","  0.978","1.28e-02",NA,NA,NA,0.082098155
"ASCC3","Lymphocyte","SCZ","Wald ratio",1,"-0.629","0.253","  0.533","1.28e-02",NA,NA,NA,0.086277672
"ZFYVE19","Lymphocyte","SCZ","Wald ratio",1," 0.024","0.010","  1.024","1.30e-02",NA,NA,NA,0.088037145
"CAPG","Lymphocyte","SCZ","Wald ratio",1," 0.037","0.015","  1.037","1.31e-02",NA,NA,NA,0.085984118
"SOX6","Lymphocyte","SCZ","Wald ratio",1,"-0.035","0.014","  0.965","1.32e-02",NA,NA,NA,0.127571625
"CIZ1","Lymphocyte","SCZ","Wald ratio",1,"-0.041","0.017","  0.959","1.32e-02",NA,NA,NA,0.087756831
"CIZ1","Lymphocyte","SCZ","Wald ratio",1,"-0.040","0.016","  0.960","1.32e-02",NA,NA,NA,0.087756831
"DNM1","Lymphocyte","SCZ","Wald ratio",1,"-0.079","0.032","  0.924","1.32e-02",NA,NA,NA,0.087756831
"UCK2","Lymphocyte","SCZ","Wald ratio",1," 0.022","0.009","  1.023","1.32e-02",NA,NA,NA,0.085925633
"TFG","Lymphocyte","SCZ","Wald ratio",1,"-0.023","0.009","  0.977","1.33e-02",NA,NA,NA,0.085819389
"IFNGR2","Lymphocyte","SCZ","Wald ratio",1," 0.060","0.024","  1.062","1.33e-02",NA,NA,NA,0.096839565
"ZDHHC13","Lymphocyte","SCZ","Wald ratio",1," 0.034","0.014","  1.034","1.34e-02",NA,NA,NA,0.089501669
"FTH1","Lymphocyte","SCZ","Wald ratio",1,"-4.123","1.669","  0.016","1.35e-02",NA,NA,NA,0.18031199
"C1orf100","Lymphocyte","SCZ","Wald ratio",1," 0.025","0.010","  1.026","1.36e-02",NA,NA,NA,0.089268637
"TMEFF2","Lymphocyte","SCZ","Wald ratio",1,"-0.082","0.033","  0.922","1.36e-02",NA,NA,NA,0.087356428
"GP5","Lymphocyte","SCZ","Wald ratio",1,"-0.035","0.014","  0.965","1.38e-02",NA,NA,NA,0.110274307
"ITGB5","Lymphocyte","SCZ","Wald ratio",1," 0.030","0.012","  1.031","1.40e-02",NA,NA,NA,0.098030784
"MYOF","Lymphocyte","SCZ","Inverse variance weighted",2,"-0.031","0.013","  0.969","1.41e-02",NA,0.903262908,NA,0.0414891
"NLGN2","Lymphocyte","SCZ","Wald ratio",1,"-0.077","0.031","  0.926","1.41e-02",NA,NA,NA,0.118347035
"TNK1","Lymphocyte","SCZ","Wald ratio",1,"-0.033","0.014","  0.967","1.41e-02",NA,NA,NA,0.118346186
"MCC","Lymphocyte","SCZ","Wald ratio",1," 0.037","0.015","  1.038","1.42e-02",NA,NA,NA,0.08519725
"INSR","Lymphocyte","SCZ","Wald ratio",1," 0.023","0.009","  1.023","1.43e-02",NA,NA,NA,0.083371065
"DKK3","Lymphocyte","SCZ","Wald ratio",1," 0.088","0.036","  1.092","1.43e-02",NA,NA,NA,0.106537593
"KCNA6","Lymphocyte","SCZ","Wald ratio",1,"-0.031","0.013","  0.969","1.44e-02",NA,NA,NA,0.087066251
"TMEM158","Lymphocyte","SCZ","Wald ratio",1,"-0.056","0.023","  0.945","1.44e-02",NA,NA,NA,0.109779421
"EMID2","Lymphocyte","SCZ","Wald ratio",1,"-0.028","0.011","  0.972","1.44e-02",NA,NA,NA,0.083388353
"LOC100129066","Lymphocyte","SCZ","Wald ratio",1,"-0.075","0.031","  0.928","1.45e-02",NA,NA,NA,0.083315582
"DEGS2","Lymphocyte","SCZ","Wald ratio",1," 0.031","0.013","  1.032","1.45e-02",NA,NA,NA,0.088739759
"KBTBD11","Lymphocyte","SCZ","Wald ratio",1,"-0.023","0.010","  0.977","1.46e-02",NA,NA,NA,0.053523961
"NHLRC1","Lymphocyte","SCZ","Wald ratio",1," 0.048","0.020","  1.049","1.46e-02",NA,NA,NA,0.079506382
"PXT1","Lymphocyte","SCZ","Wald ratio",1,"-0.568","0.232","  0.567","1.47e-02",NA,NA,NA,0.083218844
"NEBL","Lymphocyte","SCZ","Wald ratio",1,"-0.022","0.009","  0.978","1.47e-02",NA,NA,NA,0.079545445
"TNRC6C","Lymphocyte","SCZ","Wald ratio",1,"-0.022","0.009","  0.978","1.50e-02",NA,NA,NA,0.07938824
"POLR1E","Lymphocyte","SCZ","Wald ratio",1," 0.026","0.011","  1.026","1.50e-02",NA,NA,NA,0.090293343
"UTP20","Lymphocyte","SCZ","Wald ratio",1," 0.025","0.010","  1.025","1.50e-02",NA,NA,NA,0.077548635
"PPP1CB","Lymphocyte","SCZ","Wald ratio",1," 0.086","0.035","  1.089","1.50e-02",NA,NA,NA,0.08310997
"CAMKK1","Lymphocyte","SCZ","Wald ratio",1,"-0.026","0.011","  0.975","1.51e-02",NA,NA,NA,0.086748998
"ODZ2","Lymphocyte","SCZ","Inverse variance weighted",2,"-0.035","0.014","  0.966","1.51e-02",NA,0.955344779,NA,0.007374786
"MOBKL2B","Lymphocyte","SCZ","Wald ratio",1," 0.162","0.067","  1.176","1.52e-02",NA,NA,NA,0.083030829
"MERTK","Lymphocyte","SCZ","Wald ratio",1," 0.028","0.011","  1.028","1.52e-02",NA,NA,NA,0.082976748
"HEBP1","Lymphocyte","SCZ","Wald ratio",1,"-0.022","0.009","  0.978","1.52e-02",NA,NA,NA,0.077421973
"LOC100287718","Lymphocyte","SCZ","Wald ratio",1," 0.072","0.030","  1.074","1.52e-02",NA,NA,NA,0.077421973
"FNIP2","Lymphocyte","SCZ","Wald ratio",1," 0.040","0.016","  1.041","1.53e-02",NA,NA,NA,0.075664067
"PVRL1","Lymphocyte","SCZ","Wald ratio",1," 0.029","0.012","  1.030","1.53e-02",NA,NA,NA,0.075664067
"EXOG","Lymphocyte","SCZ","Wald ratio",1," 0.057","0.024","  1.059","1.53e-02",NA,NA,NA,0.07556369
"SPATA17","Lymphocyte","SCZ","Wald ratio",1,"-0.036","0.015","  0.965","1.55e-02",NA,NA,NA,0.075521547
"PLXDC1","Lymphocyte","SCZ","Wald ratio",1,"-0.025","0.010","  0.976","1.58e-02",NA,NA,NA,0.083007038
"PDE9A","Lymphocyte","SCZ","Wald ratio",1," 0.025","0.010","  1.026","1.58e-02",NA,NA,NA,0.083007038
"IL17REL","Lymphocyte","SCZ","Wald ratio",1,"-0.030","0.013","  0.970","1.58e-02",NA,NA,NA,0.073705077
"PIM3","Lymphocyte","SCZ","Wald ratio",1,"-0.069","0.029","  0.933","1.58e-02",NA,NA,NA,0.073705077
"TTLL8","Lymphocyte","SCZ","Wald ratio",1,"-0.031","0.013","  0.970","1.58e-02",NA,NA,NA,0.073705071
"ANKS1B","Lymphocyte","SCZ","Wald ratio",1,"-0.050","0.021","  0.951","1.59e-02",NA,NA,NA,0.084786087
"ABCA1","Lymphocyte","SCZ","Inverse variance weighted",2,"-0.022","0.009","  0.979","1.59e-02",NA,0.735083243,NA,0.015310417
"SLC17A5","Lymphocyte","SCZ","Wald ratio",1," 0.185","0.077","  1.203","1.59e-02",NA,NA,NA,0.138163768
"DRD2","Lymphocyte","SCZ","Wald ratio",1,"-0.111","0.046","  0.895","1.61e-02",NA,NA,NA,0.114322301
"PLEKHG1","Lymphocyte","SCZ","Wald ratio",1," 0.036","0.015","  1.037","1.61e-02",NA,NA,NA,0.110863078
"NUB1","Lymphocyte","SCZ","Wald ratio",1,"-0.029","0.012","  0.972","1.62e-02",NA,NA,NA,0.093656925
"C10orf47","Lymphocyte","SCZ","Wald ratio",1,"-0.031","0.013","  0.969","1.63e-02",NA,NA,NA,0.102366575
"ADAMTS5","Lymphocyte","SCZ","Wald ratio",1," 0.038","0.016","  1.038","1.63e-02",NA,NA,NA,0.097199182
"SEMA3E","Lymphocyte","SCZ","Wald ratio",1,"-0.330","0.138","  0.719","1.64e-02",NA,NA,NA,0.115912765
"CMYA5","Lymphocyte","SCZ","Wald ratio",1,"-0.029","0.012","  0.972","1.65e-02",NA,NA,NA,0.09025598
"FRYL","Lymphocyte","SCZ","Wald ratio",1,"-0.021","0.009","  0.979","1.66e-02",NA,NA,NA,0.070025138
"SLC10A4","Lymphocyte","SCZ","Wald ratio",1,"-0.050","0.021","  0.951","1.66e-02",NA,NA,NA,0.070025138
"JAZF1","Lymphocyte","SCZ","Inverse variance weighted",2,"-0.019","0.008","  0.981","1.70e-02",NA,0.899978754,NA,0.027941874
"HIST1H2BB","Lymphocyte","SCZ","Wald ratio",1,"-0.091","0.038","  0.913","1.70e-02",NA,NA,NA,0.07387996
"C4orf36","Lymphocyte","SCZ","Wald ratio",1," 0.175","0.073","  1.191","1.70e-02",NA,NA,NA,0.07005807
"WASL","Lymphocyte","SCZ","Wald ratio",1," 0.030","0.013","  1.030","1.72e-02",NA,NA,NA,0.079523516
"MYOM1","Lymphocyte","SCZ","Wald ratio",1," 0.035","0.015","  1.036","1.75e-02",NA,NA,NA,0.093741518
"AGA","Lymphocyte","SCZ","Wald ratio",1," 0.072","0.030","  1.075","1.79e-02",NA,NA,NA,0.06651407
"TNFRSF11A","Lymphocyte","SCZ","Wald ratio",1," 0.023","0.010","  1.024","1.79e-02",NA,NA,NA,0.07415489
"RBM33","Lymphocyte","SCZ","Wald ratio",1,"-0.026","0.011","  0.975","1.80e-02",NA,NA,NA,0.072359611
"C1orf21","Lymphocyte","SCZ","Wald ratio",1," 0.073","0.031","  1.075","1.81e-02",NA,NA,NA,0.066697834
"GAP43","Lymphocyte","SCZ","Wald ratio",1,"-0.477","0.202","  0.621","1.83e-02",NA,NA,NA,0.066724138
"ADAM7","Lymphocyte","SCZ","Wald ratio",1,"-0.023","0.010","  0.978","1.83e-02",NA,NA,NA,0.068757997
"ST6GAL2","Lymphocyte","SCZ","Wald ratio",1,"-0.030","0.013","  0.970","1.85e-02",NA,NA,NA,0.089261938
"MMD2","Lymphocyte","SCZ","Wald ratio",1,"-0.041","0.018","  0.959","1.86e-02",NA,NA,NA,0.065085433
"ZNF367","Lymphocyte","SCZ","Wald ratio",1,"-0.037","0.016","  0.963","1.87e-02",NA,NA,NA,0.09111129
"FOXI1","Lymphocyte","SCZ","Wald ratio",1,"-0.032","0.014","  0.968","1.88e-02",NA,NA,NA,0.070787189
"PDE4D","Lymphocyte","SCZ","Weighted median",3,"-0.037","0.016","  0.964","1.89e-02",0.004285729,0.013850963,0.861243467,0.029224154
"CSMD1","Lymphocyte","SCZ","Weighted median",4," 0.018","0.008","  1.019","1.90e-02",0.742387939,0.244885456,0.199723882,0.016214765
"SYCE1","Lymphocyte","SCZ","Wald ratio",1,"-0.032","0.014","  0.969","1.92e-02",NA,NA,NA,0.089766327
"LOC619207","Lymphocyte","SCZ","Wald ratio",1,"-0.035","0.015","  0.966","1.92e-02",NA,NA,NA,0.06495235
"CSN3","Lymphocyte","SCZ","Wald ratio",1,"-0.030","0.013","  0.970","1.94e-02",NA,NA,NA,0.070848023
"COL19A1","Lymphocyte","SCZ","Wald ratio",1,"-0.199","0.085","  0.819","1.95e-02",NA,NA,NA,0.076986868
"LGALS3","Lymphocyte","SCZ","Wald ratio",1,"-0.024","0.010","  0.976","1.96e-02",NA,NA,NA,0.061793537
"FBLN5","Lymphocyte","SCZ","Wald ratio",1," 0.034","0.014","  1.034","1.96e-02",NA,NA,NA,0.071515041
"RASSF6","Lymphocyte","SCZ","Wald ratio",1,"-0.034","0.015","  0.966","1.96e-02",NA,NA,NA,0.061758605
"EZR","Lymphocyte","SCZ","Wald ratio",1," 0.883","0.378","  2.417","1.96e-02",NA,NA,NA,0.061741247
"RHBDD1","Lymphocyte","SCZ","Wald ratio",1,"-0.092","0.040","  0.912","1.96e-02",NA,NA,NA,0.079047064
"UBTF","Lymphocyte","SCZ","Wald ratio",1,"-0.177","0.076","  0.838","1.98e-02",NA,NA,NA,0.06387817
"DNALI1","Lymphocyte","SCZ","Wald ratio",1," 0.060","0.026","  1.062","2.00e-02",NA,NA,NA,0.060016388
"COPS3","Lymphocyte","SCZ","Wald ratio",1," 1.173","0.505","  3.231","2.01e-02",NA,NA,NA,0.075740532
"EIF2C2","Lymphocyte","SCZ","Wald ratio",1," 0.031","0.013","  1.032","2.02e-02",NA,NA,NA,0.062236033
"FHIT","Lymphocyte","SCZ","Wald ratio",1," 0.022","0.010","  1.023","2.02e-02",NA,NA,NA,0.058664121
"C12orf34","Lymphocyte","SCZ","Wald ratio",1," 2.869","1.238"," 17.615","2.04e-02",NA,NA,NA,0.12355788
"ATP7B","Lymphocyte","SCZ","Wald ratio",1,"-2.617","1.129","  0.073","2.05e-02",NA,NA,NA,0.120277533
"LOC220115","Lymphocyte","SCZ","Wald ratio",1,"-0.062","0.027","  0.939","2.05e-02",NA,NA,NA,0.12027913
"RIPK4","Lymphocyte","SCZ","Wald ratio",1," 0.029","0.013","  1.030","2.05e-02",NA,NA,NA,0.06838903
"DUSP5","Lymphocyte","SCZ","Wald ratio",1,"-0.124","0.053","  0.884","2.06e-02",NA,NA,NA,0.062413969
"LOC144742","Lymphocyte","SCZ","Wald ratio",1,"-0.037","0.016","  0.964","2.07e-02",NA,NA,NA,0.060462821
"PRKAR1B","Lymphocyte","SCZ","Wald ratio",1," 0.037","0.016","  1.037","2.08e-02",NA,NA,NA,0.070542803
"PRKAR1B","Lymphocyte","SCZ","Wald ratio",1," 0.028","0.012","  1.029","2.08e-02",NA,NA,NA,0.070495346
"HEATR2","Lymphocyte","SCZ","Wald ratio",1," 0.025","0.011","  1.026","2.08e-02",NA,NA,NA,0.070542808
"HEATR2","Lymphocyte","SCZ","Wald ratio",1," 0.211","0.091","  1.235","2.08e-02",NA,NA,NA,0.070542808
"CYP2U1","Lymphocyte","SCZ","Wald ratio",1,"-0.066","0.028","  0.937","2.12e-02",NA,NA,NA,0.069001193
"PIK3R4","Lymphocyte","SCZ","Wald ratio",1,"-0.101","0.044","  0.904","2.13e-02",NA,NA,NA,0.071119075
"ARNT2","Lymphocyte","SCZ","Wald ratio",1,"-0.050","0.022","  0.951","2.14e-02",NA,NA,NA,0.059283419
"FLJ43860","Lymphocyte","SCZ","Wald ratio",1," 0.034","0.015","  1.034","2.18e-02",NA,NA,NA,0.059635204
"AUTS2","Lymphocyte","SCZ","Weighted median",3,"-0.025","0.011","  0.976","2.20e-02",0.775238562,0.952915261,0.922592199,0.00463654
"MYBPH","Lymphocyte","SCZ","Wald ratio",1,"-0.030","0.013","  0.971","2.22e-02",NA,NA,NA,0.059973384
"PRMT6","Lymphocyte","SCZ","Wald ratio",1," 0.036","0.016","  1.037","2.25e-02",NA,NA,NA,0.058229623
"CAT","Lymphocyte","SCZ","Wald ratio",1," 0.022","0.010","  1.022","2.28e-02",NA,NA,NA,0.058650907
"ACER3","Lymphocyte","SCZ","Wald ratio",1,"-0.023","0.010","  0.977","2.29e-02",NA,NA,NA,0.060819283
"ZNF491","Lymphocyte","SCZ","Wald ratio",1," 0.058","0.025","  1.059","2.31e-02",NA,NA,NA,0.071439666
"ST7","Lymphocyte","SCZ","Wald ratio",1,"-0.028","0.012","  0.972","2.32e-02",NA,NA,NA,0.067526109
"TXNDC5","Lymphocyte","SCZ","Wald ratio",1," 0.021","0.009","  1.021","2.32e-02",NA,NA,NA,0.029487905
"YWHAZ","Lymphocyte","SCZ","Wald ratio",1,"-0.079","0.035","  0.924","2.32e-02",NA,NA,NA,0.054987173
"DECR1","Lymphocyte","SCZ","Wald ratio",1,"-0.150","0.066","  0.861","2.32e-02",NA,NA,NA,0.054963368
"BBS10","Lymphocyte","SCZ","Wald ratio",1,"-0.221","0.097","  0.802","2.33e-02",NA,NA,NA,0.065515922
"P2RX6P","Lymphocyte","SCZ","Wald ratio",1," 0.032","0.014","  1.033","2.33e-02",NA,NA,NA,0.060816712
"FLJ37201","Lymphocyte","SCZ","Wald ratio",1,"-0.023","0.010","  0.977","2.33e-02",NA,NA,NA,0.059253708
"ANKRD1","Lymphocyte","SCZ","Wald ratio",1,"-0.020","0.009","  0.980","2.35e-02",NA,NA,NA,0.053226926
"CNGB1","Lymphocyte","SCZ","Inverse variance weighted",2,"-0.047","0.021","  0.955","2.35e-02",NA,0.57997874,NA,0.012222525
"RASGRF2","Lymphocyte","SCZ","Wald ratio",1,"-0.052","0.023","  0.949","2.36e-02",NA,NA,NA,0.05755765
"TRIM75","Lymphocyte","SCZ","Wald ratio",1," 0.043","0.019","  1.044","2.37e-02",NA,NA,NA,0.101471751
"SLC2A2","Lymphocyte","SCZ","Wald ratio",1,"-0.102","0.045","  0.903","2.37e-02",NA,NA,NA,0.074413545
"MTUS2","Lymphocyte","SCZ","Wald ratio",1," 0.029","0.013","  1.030","2.37e-02",NA,NA,NA,0.053403032
"NCRNA00032","Lymphocyte","SCZ","Wald ratio",1," 0.024","0.011","  1.024","2.38e-02",NA,NA,NA,0.059537599
"METTL13","Lymphocyte","SCZ","Wald ratio",1," 0.034","0.015","  1.034","2.40e-02",NA,NA,NA,0.064560267
"RAB3IP","Lymphocyte","SCZ","Wald ratio",1,"-0.274","0.122","  0.760","2.40e-02",NA,NA,NA,0.098453324
"VSTM2B","Lymphocyte","SCZ","Wald ratio",1," 0.038","0.017","  1.039","2.44e-02",NA,NA,NA,0.058770979
"DOK6","Lymphocyte","SCZ","Wald ratio",1,"-0.030","0.013","  0.971","2.44e-02",NA,NA,NA,0.054363802
"PTPN14","Lymphocyte","SCZ","Wald ratio",1," 0.032","0.014","  1.033","2.46e-02",NA,NA,NA,0.079424793
"SYNJ2","Lymphocyte","SCZ","Wald ratio",1," 0.028","0.013","  1.029","2.46e-02",NA,NA,NA,0.052340356
"OR2A14","Lymphocyte","SCZ","Wald ratio",1,"-0.022","0.010","  0.978","2.46e-02",NA,NA,NA,0.054527663
"ATP11B","Lymphocyte","SCZ","Wald ratio",1,"-0.022","0.010","  0.978","2.50e-02",NA,NA,NA,0.052850317
"SEMA5A","Lymphocyte","SCZ","Wald ratio",1," 0.056","0.025","  1.058","2.50e-02",NA,NA,NA,0.082841454
"SNORD123","Lymphocyte","SCZ","Wald ratio",1," 0.034","0.015","  1.034","2.50e-02",NA,NA,NA,0.082841456
"STAM","Lymphocyte","SCZ","Wald ratio",1," 0.033","0.015","  1.034","2.51e-02",NA,NA,NA,0.079046811
"SFTA2","Lymphocyte","SCZ","Wald ratio",1,"-0.051","0.023","  0.950","2.53e-02",NA,NA,NA,0.08944148
"RPTOR","Lymphocyte","SCZ","Weighted median",3,"-0.017","0.007","  0.984","2.54e-02",0.487396734,0.650491706,0.64914835,0.019126949
"GDAP1","Lymphocyte","SCZ","Wald ratio",1," 0.065","0.029","  1.067","2.55e-02",NA,NA,NA,0.049202212
"PLD5","Lymphocyte","SCZ","Wald ratio",1," 0.049","0.022","  1.050","2.56e-02",NA,NA,NA,0.051336257
"DMXL2","Lymphocyte","SCZ","Wald ratio",1," 0.022","0.010","  1.022","2.56e-02",NA,NA,NA,0.049187638
"NBPF1","Lymphocyte","SCZ","Wald ratio",1,"-0.022","0.010","  0.978","2.58e-02",NA,NA,NA,0.049412501
"LASS6","Lymphocyte","SCZ","Wald ratio",1," 0.028","0.013","  1.028","2.58e-02",NA,NA,NA,0.060911013
"TIMP2","Lymphocyte","SCZ","Wald ratio",1," 0.025","0.011","  1.025","2.58e-02",NA,NA,NA,0.049368087
"GMPR","Lymphocyte","SCZ","Wald ratio",1,"-0.261","0.117","  0.770","2.59e-02",NA,NA,NA,0.04967395
"DDX58","Lymphocyte","SCZ","Wald ratio",1,"-0.028","0.013","  0.972","2.61e-02",NA,NA,NA,0.049954935
"ZNF727","Lymphocyte","SCZ","Wald ratio",1,"-0.053","0.024","  0.948","2.62e-02",NA,NA,NA,0.052402985
"CSNK2A2","Lymphocyte","SCZ","Wald ratio",1," 0.045","0.020","  1.047","2.62e-02",NA,NA,NA,0.089658017
"RFX7","Lymphocyte","SCZ","Wald ratio",1," 0.191","0.086","  1.211","2.62e-02",NA,NA,NA,0.070587736
"FGF4","Lymphocyte","SCZ","Wald ratio",1,"-0.023","0.011","  0.977","2.63e-02",NA,NA,NA,0.050169467
"SLC28A3","Lymphocyte","SCZ","Wald ratio",1,"-0.030","0.013","  0.971","2.63e-02",NA,NA,NA,0.066440359
"C5orf35","Lymphocyte","SCZ","Wald ratio",1,"-1.139","0.513","  0.320","2.64e-02",NA,NA,NA,0.064278545
"FGF7","Lymphocyte","SCZ","Wald ratio",1,"-0.024","0.011","  0.977","2.66e-02",NA,NA,NA,0.055370282
"SLC27A2","Lymphocyte","SCZ","Wald ratio",1,"-0.477","0.215","  0.621","2.66e-02",NA,NA,NA,0.055370282
"C15orf33","Lymphocyte","SCZ","Wald ratio",1,"-0.029","0.013","  0.972","2.66e-02",NA,NA,NA,0.055370282
"MEIS1","Lymphocyte","SCZ","Wald ratio",1," 0.021","0.010","  1.021","2.67e-02",NA,NA,NA,0.048472495
"PLEKHA6","Lymphocyte","SCZ","Wald ratio",1," 0.035","0.016","  1.035","2.68e-02",NA,NA,NA,0.053482574
"C1orf177","Lymphocyte","SCZ","Wald ratio",1,"-0.022","0.010","  0.978","2.69e-02",NA,NA,NA,0.051269644
"CXXC1","Lymphocyte","SCZ","Wald ratio",1,"-0.022","0.010","  0.978","2.72e-02",NA,NA,NA,0.049250157
"MBD1","Lymphocyte","SCZ","Wald ratio",1,"-0.419","0.190","  0.658","2.72e-02",NA,NA,NA,0.049260323
"SPDEF","Lymphocyte","SCZ","Wald ratio",1," 0.027","0.012","  1.027","2.72e-02",NA,NA,NA,0.056742388
"NUDT4","Lymphocyte","SCZ","Wald ratio",1," 0.287","0.130","  1.332","2.73e-02",NA,NA,NA,0.047119036
"MEIG1","Lymphocyte","SCZ","Wald ratio",1," 0.021","0.010","  1.022","2.73e-02",NA,NA,NA,0.04962371
"FOXP1","Lymphocyte","SCZ","Wald ratio",1,"-0.028","0.013","  0.972","2.73e-02",NA,NA,NA,0.059102396
"SLC31A2","Lymphocyte","SCZ","Wald ratio",1,"-0.020","0.009","  0.980","2.75e-02",NA,NA,NA,0.047351097
"SCIN","Lymphocyte","SCZ","Wald ratio",1," 0.539","0.244","  1.714","2.75e-02",NA,NA,NA,0.047351097
"BCCIP","Lymphocyte","SCZ","Wald ratio",1," 0.023","0.010","  1.023","2.75e-02",NA,NA,NA,0.047351097
"TRANK1","Lymphocyte","SCZ","Wald ratio",1," 1.195","0.542","  3.303","2.75e-02",NA,NA,NA,0.054791342
"ANO6","Lymphocyte","SCZ","Wald ratio",1,"-0.083","0.037","  0.921","2.76e-02",NA,NA,NA,0.091466365
"GNG4","Lymphocyte","SCZ","Wald ratio",1," 0.022","0.010","  1.022","2.76e-02",NA,NA,NA,0.047630619
"TTC7B","Lymphocyte","SCZ","Weighted median",3,"-0.021","0.009","  0.979","2.80e-02",0.709981843,0.014183711,0.211828215,0.20567051
"CCDC67","Lymphocyte","SCZ","Wald ratio",1,"-0.100","0.045","  0.905","2.82e-02",NA,NA,NA,0.056113556
"WDR65","Lymphocyte","SCZ","Wald ratio",1,"-0.067","0.031","  0.935","2.83e-02",NA,NA,NA,0.065961997
"PCMT1","Lymphocyte","SCZ","Wald ratio",1,"-0.026","0.012","  0.974","2.85e-02",NA,NA,NA,0.046504052
"ANTXR1","Lymphocyte","SCZ","Wald ratio",1,"-0.042","0.019","  0.959","2.87e-02",NA,NA,NA,0.067044804
"BAI3","Lymphocyte","SCZ","Wald ratio",1," 0.020","0.009","  1.020","2.90e-02",NA,NA,NA,0.044843064
"LDB2","Lymphocyte","SCZ","Wald ratio",1," 0.020","0.009","  1.020","2.91e-02",NA,NA,NA,0.0451976
"PARVB","Lymphocyte","SCZ","Wald ratio",1,"-0.343","0.157","  0.710","2.91e-02",NA,NA,NA,0.0451976
"PARVG","Lymphocyte","SCZ","Wald ratio",1,"-0.045","0.021","  0.956","2.91e-02",NA,NA,NA,0.045197542
"TMEM151B","Lymphocyte","SCZ","Wald ratio",1," 0.028","0.013","  1.029","2.93e-02",NA,NA,NA,0.058653662
"PRSS35","Lymphocyte","SCZ","Wald ratio",1,"-0.026","0.012","  0.974","2.94e-02",NA,NA,NA,0.058884723
"RAB11FIP4","Lymphocyte","SCZ","Wald ratio",1,"-0.021","0.010","  0.979","2.94e-02",NA,NA,NA,0.045698476
"LOC221710","Lymphocyte","SCZ","Wald ratio",1,"-0.030","0.014","  0.970","2.95e-02",NA,NA,NA,0.056488788
"HERV-FRD","Lymphocyte","SCZ","Wald ratio",1,"-0.029","0.013","  0.971","2.95e-02",NA,NA,NA,0.056488788
"KLHL26","Lymphocyte","SCZ","Wald ratio",1,"-0.052","0.024","  0.950","2.98e-02",NA,NA,NA,0.075154999
"PWWP2B","Lymphocyte","SCZ","Wald ratio",1,"-0.036","0.017","  0.964","2.98e-02",NA,NA,NA,0.043775048
"PRDM11","Lymphocyte","SCZ","Wald ratio",1," 0.041","0.019","  1.042","2.98e-02",NA,NA,NA,0.043775048
"CCDC150","Lymphocyte","SCZ","Wald ratio",1,"-0.022","0.010","  0.978","3.00e-02",NA,NA,NA,0.049718314
"PDS5A","Lymphocyte","SCZ","Wald ratio",1,"-0.023","0.010","  0.978","3.00e-02",NA,NA,NA,0.044905517
"ZNF385B","Lymphocyte","SCZ","Wald ratio",1," 0.052","0.024","  1.054","3.02e-02",NA,NA,NA,0.077630752
"CD82","Lymphocyte","SCZ","Wald ratio",1,"-0.042","0.019","  0.959","3.04e-02",NA,NA,NA,0.058757063
"PDSS2","Lymphocyte","SCZ","Wald ratio",1," 2.179","1.007","  8.834","3.05e-02",NA,NA,NA,0.067261198
"CATSPER1","Lymphocyte","SCZ","Wald ratio",1," 0.065","0.030","  1.067","3.05e-02",NA,NA,NA,0.042490219
"GAL3ST3","Lymphocyte","SCZ","Wald ratio",1," 0.023","0.011","  1.023","3.05e-02",NA,NA,NA,0.042490322
"CADPS","Lymphocyte","SCZ","Inverse variance weighted",2,"-0.031","0.014","  0.970","3.08e-02",NA,0.530705302,NA,0.030325168
"RALYL","Lymphocyte","SCZ","Wald ratio",1,"-0.171","0.079","  0.842","3.08e-02",NA,NA,NA,0.048630141
"AKIRIN1","Lymphocyte","SCZ","Wald ratio",1," 0.168","0.078","  1.183","3.09e-02",NA,NA,NA,0.04305857
"KRT79","Lymphocyte","SCZ","Wald ratio",1,"-0.020","0.009","  0.980","3.09e-02",NA,NA,NA,0.04305857
"NDUFS5","Lymphocyte","SCZ","Wald ratio",1," 0.024","0.011","  1.024","3.09e-02",NA,NA,NA,0.041533616
"MACF1","Lymphocyte","SCZ","Wald ratio",1," 0.032","0.015","  1.033","3.09e-02",NA,NA,NA,0.04305857
"ANKRD40","Lymphocyte","SCZ","Wald ratio",1," 0.057","0.026","  1.058","3.10e-02",NA,NA,NA,0.046530933
"TNFAIP8","Lymphocyte","SCZ","Wald ratio",1,"-0.035","0.016","  0.965","3.13e-02",NA,NA,NA,0.04986035
"FAM20C","Lymphocyte","SCZ","Wald ratio",1," 0.435","0.202","  1.545","3.16e-02",NA,NA,NA,0.041809294
"EPB41","Lymphocyte","SCZ","Wald ratio",1,"-0.097","0.045","  0.908","3.16e-02",NA,NA,NA,0.076560849
"EGFR","Lymphocyte","SCZ","Inverse variance weighted",2,"-0.022","0.010","  0.978","3.18e-02",NA,0.397096867,NA,0.029994278
"PTGFRN","Lymphocyte","SCZ","Wald ratio",1," 0.020","0.009","  1.020","3.20e-02",NA,NA,NA,0.029455292
"C20orf26","Lymphocyte","SCZ","Wald ratio",1,"-0.053","0.025","  0.948","3.20e-02",NA,NA,NA,0.075390004
"C20orf26","Lymphocyte","SCZ","Wald ratio",1,"-0.050","0.023","  0.951","3.20e-02",NA,NA,NA,0.075390004
"RPTOR","Lymphocyte","SCZ","Inverse variance weighted",3,"-0.015","0.007","  0.985","3.22e-02",0.487396734,0.650491706,0.64914835,0.019126949
"SNTG2","Lymphocyte","SCZ","Wald ratio",1," 0.022","0.010","  1.022","3.24e-02",NA,NA,NA,0.046725804
"PENK","Lymphocyte","SCZ","Wald ratio",1," 0.039","0.018","  1.040","3.24e-02",NA,NA,NA,0.040482449
"CCDC87","Lymphocyte","SCZ","Wald ratio",1," 0.100","0.047","  1.105","3.24e-02",NA,NA,NA,0.040468283
"GAB1","Lymphocyte","SCZ","Wald ratio",1," 0.027","0.013","  1.028","3.24e-02",NA,NA,NA,0.040468283
"MTAP","Lymphocyte","SCZ","Wald ratio",1," 0.026","0.012","  1.026","3.25e-02",NA,NA,NA,0.040816792
"ZCCHC14","Lymphocyte","SCZ","Wald ratio",1,"-0.024","0.011","  0.976","3.26e-02",NA,NA,NA,0.040759879
"CELSR2","Lymphocyte","SCZ","Wald ratio",1,"-0.030","0.014","  0.970","3.26e-02",NA,NA,NA,0.047350137
"MAP4K4","Lymphocyte","SCZ","Wald ratio",1," 0.032","0.015","  1.032","3.26e-02",NA,NA,NA,0.053801902
"POU2F3","Lymphocyte","SCZ","Wald ratio",1,"-0.040","0.019","  0.961","3.28e-02",NA,NA,NA,0.057351295
"MRPL15","Lymphocyte","SCZ","Wald ratio",1,"-1.531","0.719","  0.216","3.32e-02",NA,NA,NA,0.052215621
"ACVRL1","Lymphocyte","SCZ","Wald ratio",1,"-0.024","0.011","  0.977","3.32e-02",NA,NA,NA,0.045805938
"BARX1","Lymphocyte","SCZ","Wald ratio",1," 0.385","0.181","  1.470","3.36e-02",NA,NA,NA,0.06029112
"TCP10L","Lymphocyte","SCZ","Wald ratio",1," 0.031","0.015","  1.032","3.36e-02",NA,NA,NA,0.060645901
"C7orf53","Lymphocyte","SCZ","Wald ratio",1," 0.019","0.009","  1.020","3.39e-02",NA,NA,NA,0.040771294
"RELL1","Lymphocyte","SCZ","Wald ratio",1,"-0.046","0.021","  0.956","3.39e-02",NA,NA,NA,0.061793936
"MAP4K3","Lymphocyte","SCZ","Wald ratio",1," 0.022","0.010","  1.022","3.43e-02",NA,NA,NA,0.038639843
"DUSP8","Lymphocyte","SCZ","Wald ratio",1,"-0.021","0.010","  0.980","3.43e-02",NA,NA,NA,0.026456225
"BRSK2","Lymphocyte","SCZ","Wald ratio",1,"-0.027","0.013","  0.974","3.43e-02",NA,NA,NA,0.038639843
"HCCA2","Lymphocyte","SCZ","Wald ratio",1,"-0.038","0.018","  0.963","3.43e-02",NA,NA,NA,0.038639843
"HCCA2","Lymphocyte","SCZ","Wald ratio",1,"-0.019","0.009","  0.981","3.43e-02",NA,NA,NA,0.038639843
"RRAGA","Lymphocyte","SCZ","Wald ratio",1," 0.076","0.036","  1.079","3.44e-02",NA,NA,NA,0.038928032
"C14orf182","Lymphocyte","SCZ","Wald ratio",1," 0.021","0.010","  1.021","3.44e-02",NA,NA,NA,0.042731469
"MYT1L","Lymphocyte","SCZ","MR Egger",5," 0.107","0.029","  1.113","3.45e-02",0.282865795,3.78e-05,0.025516736,0.998521529
"CDKN3","Lymphocyte","SCZ","Wald ratio",1,"-0.024","0.011","  0.976","3.46e-02",NA,NA,NA,0.043012814
"ATXN1","Lymphocyte","SCZ","Wald ratio",1,"-0.019","0.009","  0.981","3.46e-02",NA,NA,NA,0.03921523
"CCNT1","Lymphocyte","SCZ","Wald ratio",1,"-0.060","0.028","  0.942","3.48e-02",NA,NA,NA,0.043633407
"MBP","Lymphocyte","SCZ","Inverse variance weighted",3,"-0.015","0.007","  0.985","3.51e-02",0.821480665,0.784067882,0.62861136,0.004814204
"PGGT1B","Lymphocyte","SCZ","Wald ratio",1,"-0.029","0.014","  0.972","3.52e-02",NA,NA,NA,0.056873352
"CSMD1","Lymphocyte","SCZ","Inverse variance weighted",4," 0.018","0.008","  1.018","3.54e-02",0.742387939,0.244885456,0.199723882,0.016214765
"SMAP1","Lymphocyte","SCZ","Wald ratio",1," 0.144","0.068","  1.154","3.54e-02",NA,NA,NA,0.03766889
"RNF180","Lymphocyte","SCZ","Wald ratio",1,"-0.049","0.023","  0.952","3.54e-02",NA,NA,NA,0.03766889
"GPD2","Lymphocyte","SCZ","Wald ratio",1,"-0.021","0.010","  0.980","3.55e-02",NA,NA,NA,0.038003472
"MBP","Lymphocyte","SCZ","Weighted median",3,"-0.016","0.008","  0.984","3.55e-02",0.821480665,0.784067882,0.62861136,0.004814204
"SGOL1","Lymphocyte","SCZ","Wald ratio",1," 0.022","0.011","  1.023","3.56e-02",NA,NA,NA,0.042432281
"MAP3K8","Lymphocyte","SCZ","Wald ratio",1,"-0.305","0.145","  0.737","3.60e-02",NA,NA,NA,0.039972069
"BTC","Lymphocyte","SCZ","Wald ratio",1,"-0.031","0.015","  0.969","3.60e-02",NA,NA,NA,0.052343726
"XPO6","Lymphocyte","SCZ","Wald ratio",1," 0.024","0.012","  1.024","3.61e-02",NA,NA,NA,0.033429423
"SULF1","Lymphocyte","SCZ","Wald ratio",1," 0.025","0.012","  1.025","3.62e-02",NA,NA,NA,0.040218033
"CD180","Lymphocyte","SCZ","Wald ratio",1,"-0.059","0.028","  0.943","3.63e-02",NA,NA,NA,0.066079112
"EPHX1","Lymphocyte","SCZ","Wald ratio",1," 0.038","0.018","  1.039","3.64e-02",NA,NA,NA,0.03681134
"CD300E","Lymphocyte","SCZ","Wald ratio",1," 0.186","0.089","  1.204","3.64e-02",NA,NA,NA,0.03681134
"MPZL2","Lymphocyte","SCZ","Wald ratio",1," 0.170","0.081","  1.185","3.64e-02",NA,NA,NA,0.037205182
"MPZL2","Lymphocyte","SCZ","Wald ratio",1," 0.160","0.076","  1.173","3.64e-02",NA,NA,NA,0.037205182
"PPP1R1B","Lymphocyte","SCZ","Wald ratio",1,"-0.039","0.019","  0.961","3.64e-02",NA,NA,NA,0.049936065
"PDE7B","Lymphocyte","SCZ","Wald ratio",1,"-0.109","0.052","  0.897","3.66e-02",NA,NA,NA,0.03747757
"DPH3","Lymphocyte","SCZ","Wald ratio",1,"-0.026","0.012","  0.974","3.66e-02",NA,NA,NA,0.050593643
"CDC16","Lymphocyte","SCZ","Wald ratio",1," 0.199","0.095","  1.220","3.68e-02",NA,NA,NA,0.042909708
"STK32C","Lymphocyte","SCZ","Inverse variance weighted",2,"-0.031","0.015","  0.970","3.71e-02",NA,0.490816204,NA,0.043772597
"USP10","Lymphocyte","SCZ","Wald ratio",1,"-0.040","0.019","  0.961","3.72e-02",NA,NA,NA,0.044871242
"MIR216A","Lymphocyte","SCZ","Wald ratio",1,"-0.023","0.011","  0.977","3.74e-02",NA,NA,NA,0.041097371
"GALR1","Lymphocyte","SCZ","Wald ratio",1,"-0.031","0.015","  0.969","3.75e-02",NA,NA,NA,0.03634001
"PLEKHA2","Lymphocyte","SCZ","Wald ratio",1,"-0.048","0.023","  0.953","3.75e-02",NA,NA,NA,0.036278395
"P2RX1","Lymphocyte","SCZ","Wald ratio",1,"-0.028","0.014","  0.972","3.78e-02",NA,NA,NA,0.037642432
"GANC","Lymphocyte","SCZ","Wald ratio",1,"-0.051","0.025","  0.950","3.83e-02",NA,NA,NA,0.050277449
"ADAMTS19","Lymphocyte","SCZ","Wald ratio",1,"-0.162","0.078","  0.851","3.83e-02",NA,NA,NA,0.055097159
"POLRMT","Lymphocyte","SCZ","Wald ratio",1," 0.744","0.359","  2.105","3.83e-02",NA,NA,NA,0.039590951
"HCN2","Lymphocyte","SCZ","Wald ratio",1," 0.024","0.012","  1.024","3.83e-02",NA,NA,NA,0.039590951
"FZD3","Lymphocyte","SCZ","Wald ratio",1,"-0.874","0.423","  0.417","3.86e-02",NA,NA,NA,0.052158973
"C20orf160","Lymphocyte","SCZ","Wald ratio",1,"-0.152","0.073","  0.859","3.86e-02",NA,NA,NA,0.046564899
"PCDHB8","Lymphocyte","SCZ","Wald ratio",1," 0.039","0.019","  1.040","3.87e-02",NA,NA,NA,0.042262572
"PCDHB15","Lymphocyte","SCZ","Wald ratio",1," 0.045","0.022","  1.046","3.87e-02",NA,NA,NA,0.04226257
"TRAPPC9","Lymphocyte","SCZ","Inverse variance weighted",4," 0.014","0.007","  1.014","3.89e-02",0.746751439,0.823670025,0.626995893,0.006639039
"HDAC4","Lymphocyte","SCZ","Inverse variance weighted",3," 0.013","0.006","  1.013","3.89e-02",0.293547541,0.551633034,0.826227834,0.008159599
"RFTN1","Lymphocyte","SCZ","Inverse variance weighted",2,"-0.039","0.019","  0.962","3.91e-02",NA,0.701319252,NA,0.050593643
"LOC646982","Lymphocyte","SCZ","Wald ratio",1," 0.249","0.121","  1.282","3.93e-02",NA,NA,NA,0.039481893
"ADAMTS18","Lymphocyte","SCZ","Wald ratio",1,"-0.026","0.013","  0.975","3.97e-02",NA,NA,NA,0.035374692
"TOB2","Lymphocyte","SCZ","Wald ratio",1,"-0.536","0.261","  0.585","3.98e-02",NA,NA,NA,0.04208337
"C15orf53","Lymphocyte","SCZ","Wald ratio",1,"-0.044","0.021","  0.957","3.98e-02",NA,NA,NA,0.036062909
"PLCG1","Lymphocyte","SCZ","Wald ratio",1,"-0.041","0.020","  0.960","4.01e-02",NA,NA,NA,0.044413548
"GAS2L1","Lymphocyte","SCZ","Wald ratio",1,"-0.030","0.014","  0.971","4.03e-02",NA,NA,NA,0.045705046
"USP22","Lymphocyte","SCZ","Wald ratio",1," 0.023","0.011","  1.023","4.06e-02",NA,NA,NA,0.04104677
"REM2","Lymphocyte","SCZ","Wald ratio",1,"-0.025","0.012","  0.975","4.08e-02",NA,NA,NA,0.033917435
"ZMYND15","Lymphocyte","SCZ","Wald ratio",1," 0.029","0.014","  1.030","4.11e-02",NA,NA,NA,0.035562529
"CHCHD6","Lymphocyte","SCZ","Wald ratio",1," 0.055","0.027","  1.056","4.11e-02",NA,NA,NA,0.044278568
"JAG1","Lymphocyte","SCZ","Wald ratio",1,"-0.026","0.013","  0.975","4.16e-02",NA,NA,NA,0.041295892
"OR10A5","Lymphocyte","SCZ","Wald ratio",1,"-0.019","0.009","  0.982","4.20e-02",NA,NA,NA,0.033487318
"C1orf172","Lymphocyte","SCZ","Wald ratio",1," 0.041","0.020","  1.042","4.20e-02",NA,NA,NA,0.045234992
"ZDHHC18","Lymphocyte","SCZ","Wald ratio",1," 0.051","0.025","  1.052","4.20e-02",NA,NA,NA,0.045234992
"ARID1A","Lymphocyte","SCZ","Wald ratio",1," 0.410","0.202","  1.507","4.20e-02",NA,NA,NA,0.045234992
"PITPNM3","Lymphocyte","SCZ","Wald ratio",1,"-0.038","0.019","  0.963","4.20e-02",NA,NA,NA,0.034873769
"RBM26","Lymphocyte","SCZ","Wald ratio",1," 0.041","0.020","  1.041","4.21e-02",NA,NA,NA,0.056151002
"TRAF3","Lymphocyte","SCZ","Wald ratio",1,"-0.081","0.040","  0.922","4.21e-02",NA,NA,NA,0.034491829
"GZMM","Lymphocyte","SCZ","Wald ratio",1,"-0.051","0.025","  0.950","4.25e-02",NA,NA,NA,0.063209655
"HMGA2","Lymphocyte","SCZ","Wald ratio",1," 0.035","0.017","  1.036","4.26e-02",NA,NA,NA,0.04122939
"ZNF44","Lymphocyte","SCZ","Wald ratio",1,"-0.037","0.018","  0.964","4.27e-02",NA,NA,NA,0.04149359
"C12orf75","Lymphocyte","SCZ","Wald ratio",1,"-0.387","0.191","  0.679","4.30e-02",NA,NA,NA,0.032079282
"PFDN1","Lymphocyte","SCZ","Wald ratio",1," 0.064","0.032","  1.067","4.31e-02",NA,NA,NA,0.032059368
"RALB","Lymphocyte","SCZ","Wald ratio",1," 0.045","0.022","  1.046","4.32e-02",NA,NA,NA,0.05032393
"C2orf77","Lymphocyte","SCZ","Wald ratio",1," 0.025","0.012","  1.025","4.33e-02",NA,NA,NA,0.034778235
"IBTK","Lymphocyte","SCZ","Wald ratio",1,"-0.060","0.030","  0.942","4.35e-02",NA,NA,NA,0.038508224
"HTRA1","Lymphocyte","SCZ","Wald ratio",1," 0.124","0.061","  1.131","4.35e-02",NA,NA,NA,0.038136947
"ARMS2","Lymphocyte","SCZ","Wald ratio",1," 0.021","0.011","  1.022","4.35e-02",NA,NA,NA,0.038137003
"GFPT2","Lymphocyte","SCZ","Wald ratio",1," 0.030","0.015","  1.030","4.35e-02",NA,NA,NA,0.038814957
"LASS3","Lymphocyte","SCZ","Wald ratio",1,"-0.046","0.023","  0.955","4.37e-02",NA,NA,NA,0.062846771
"KLF13","Lymphocyte","SCZ","Wald ratio",1," 0.162","0.080","  1.175","4.38e-02",NA,NA,NA,0.043749141
"PACS2","Lymphocyte","SCZ","Wald ratio",1," 0.040","0.020","  1.041","4.44e-02",NA,NA,NA,0.035083903
"BRF1","Lymphocyte","SCZ","Wald ratio",1," 0.020","0.010","  1.020","4.44e-02",NA,NA,NA,0.02990501
"MFSD6L","Lymphocyte","SCZ","Wald ratio",1,"-0.026","0.013","  0.975","4.44e-02",NA,NA,NA,0.037133006
"GDF2","Lymphocyte","SCZ","Wald ratio",1,"-0.026","0.013","  0.974","4.45e-02",NA,NA,NA,0.041147413
"VIPR1","Lymphocyte","SCZ","Wald ratio",1," 0.020","0.010","  1.020","4.55e-02",NA,NA,NA,0.031002808
"B3GALT1","Lymphocyte","SCZ","Wald ratio",1," 0.020","0.010","  1.020","4.55e-02",NA,NA,NA,0.034717487
"EVC2","Lymphocyte","SCZ","Wald ratio",1," 0.076","0.038","  1.079","4.62e-02",NA,NA,NA,0.052426367
"HOOK1","Lymphocyte","SCZ","Wald ratio",1,"-0.598","0.300","  0.550","4.62e-02",NA,NA,NA,0.051186861
"GMDS","Lymphocyte","SCZ","Inverse variance weighted",4,"-0.013","0.007","  0.987","4.67e-02",0.733078382,0.703850345,0.468801011,0.009287979
"WBSCR17","Lymphocyte","SCZ","Weighted median",3,"-0.015","0.008","  0.985","4.71e-02",0.063205678,0.067978464,0.591549005,0.246454885
"DNAI2","Lymphocyte","SCZ","Wald ratio",1," 0.022","0.011","  1.022","4.78e-02",NA,NA,NA,0.032061004
"KIF13A","Lymphocyte","SCZ","Wald ratio",1,"-0.032","0.016","  0.968","4.79e-02",NA,NA,NA,0.031388582
"KIF13A","Lymphocyte","SCZ","Wald ratio",1,"-0.022","0.011","  0.978","4.79e-02",NA,NA,NA,0.031388582
"PEG3","Lymphocyte","SCZ","Wald ratio",1," 0.020","0.010","  1.020","4.79e-02",NA,NA,NA,0.028887092
"C14orf118","Lymphocyte","SCZ","Wald ratio",1,"-0.020","0.010","  0.981","4.80e-02",NA,NA,NA,0.031006762
"MIR548H4","Lymphocyte","SCZ","Wald ratio",1," 0.035","0.018","  1.036","4.80e-02",NA,NA,NA,0.030003575
"GTF2H3","Lymphocyte","SCZ","Wald ratio",1," 0.018","0.009","  1.018","4.80e-02",NA,NA,NA,0.029889123
"ATP6V0A2","Lymphocyte","SCZ","Wald ratio",1," 0.018","0.009","  1.019","4.80e-02",NA,NA,NA,0.029985714
"ST6GALNAC3","Lymphocyte","SCZ","Inverse variance weighted",3," 0.017","0.009","  1.017","4.82e-02",0.776363944,0.562440123,0.48919657,0.013143004
"ZNF642","Lymphocyte","SCZ","Wald ratio",1,"-0.582","0.295","  0.559","4.84e-02",NA,NA,NA,0.037491843
"RASGEF1B","Lymphocyte","SCZ","Wald ratio",1," 0.201","0.102","  1.223","4.86e-02",NA,NA,NA,0.036146373
"LTBP4","Lymphocyte","SCZ","Wald ratio",1," 0.027","0.014","  1.028","4.93e-02",NA,NA,NA,0.029032129
"MIR620","Lymphocyte","SCZ","Wald ratio",1,"-0.036","0.018","  0.964","4.95e-02",NA,NA,NA,0.04607652
"SCNN1D","Lymphocyte","SCZ","Wald ratio",1," 0.039","0.020","  1.039","4.95e-02",NA,NA,NA,0.060948174
"DVL1","Lymphocyte","SCZ","Wald ratio",1," 0.039","0.020","  1.040","4.95e-02",NA,NA,NA,0.060897016
"TTLL10","Lymphocyte","SCZ","Wald ratio",1," 0.050","0.025","  1.051","4.95e-02",NA,NA,NA,0.060938704
"TNFRSF18","Lymphocyte","SCZ","Wald ratio",1," 0.319","0.162","  1.375","4.95e-02",NA,NA,NA,0.060948174
"PUSL1","Lymphocyte","SCZ","Wald ratio",1," 0.041","0.021","  1.041","4.95e-02",NA,NA,NA,0.060935889
"UBE2J2","Lymphocyte","SCZ","Wald ratio",1," 0.039","0.020","  1.040","4.95e-02",NA,NA,NA,0.060943995
"MXRA8","Lymphocyte","SCZ","Wald ratio",1," 0.111","0.056","  1.117","4.95e-02",NA,NA,NA,0.060948174
"LOC441869","Lymphocyte","SCZ","Wald ratio",1," 0.044","0.022","  1.045","4.95e-02",NA,NA,NA,0.060948104
"FMO1","Lymphocyte","SCZ","Wald ratio",1," 0.620","0.317","  1.859","5.03e-02",NA,NA,NA,0.031092717
"TACC2","Lymphocyte","SCZ","Inverse variance weighted",2," 0.022","0.011","  1.022","5.06e-02",NA,0.465408528,NA,0.010051771
"NDUFS2","Lymphocyte","SCZ","Wald ratio",1," 0.020","0.010","  1.020","5.07e-02",NA,NA,NA,0.028710988
"PPOX","Lymphocyte","SCZ","Wald ratio",1," 0.022","0.011","  1.022","5.07e-02",NA,NA,NA,0.028710988
"SCN9A","Lymphocyte","SCZ","Wald ratio",1,"-0.017","0.009","  0.983","5.08e-02",NA,NA,NA,0.026669685
"DCN","Lymphocyte","SCZ","Wald ratio",1," 0.036","0.019","  1.037","5.08e-02",NA,NA,NA,0.053252779
"C17orf76","Lymphocyte","SCZ","Wald ratio",1," 0.043","0.022","  1.044","5.10e-02",NA,NA,NA,0.038984483
"C17orf76","Lymphocyte","SCZ","Wald ratio",1," 0.027","0.014","  1.027","5.10e-02",NA,NA,NA,0.038984517
"VNN2","Lymphocyte","SCZ","Wald ratio",1," 0.420","0.216","  1.522","5.14e-02",NA,NA,NA,0.031168468
"C11orf51","Lymphocyte","SCZ","Wald ratio",1," 1.040","0.534","  2.830","5.16e-02",NA,NA,NA,0.057422149
"LRP1","Lymphocyte","SCZ","Wald ratio",1,"-0.020","0.010","  0.981","5.16e-02",NA,NA,NA,0.029842178
"CDGAP","Lymphocyte","SCZ","Wald ratio",1," 0.018","0.009","  1.018","5.20e-02",NA,NA,NA,0.028136515
"PRTG","Lymphocyte","SCZ","Wald ratio",1,"-0.025","0.013","  0.976","5.20e-02",NA,NA,NA,0.028136515
"NIPA2","Lymphocyte","SCZ","Wald ratio",1,"-0.027","0.014","  0.973","5.20e-02",NA,NA,NA,0.038717867
"ZNF7","Lymphocyte","SCZ","Wald ratio",1,"-0.113","0.058","  0.893","5.21e-02",NA,NA,NA,0.028090677
"SLC33A1","Lymphocyte","SCZ","Wald ratio",1,"-0.258","0.133","  0.772","5.21e-02",NA,NA,NA,0.033265638
"GMPS","Lymphocyte","SCZ","Wald ratio",1,"-0.045","0.023","  0.956","5.21e-02",NA,NA,NA,0.033266536
"IDE","Lymphocyte","SCZ","Wald ratio",1,"-0.047","0.024","  0.954","5.22e-02",NA,NA,NA,0.047927548
"WFDC2","Lymphocyte","SCZ","Wald ratio",1,"-0.190","0.098","  0.827","5.28e-02",NA,NA,NA,0.056914485
"B3GAT2","Lymphocyte","SCZ","Wald ratio",1," 0.030","0.016","  1.031","5.30e-02",NA,NA,NA,0.035844975
"ARHGAP18","Lymphocyte","SCZ","Wald ratio",1,"-0.032","0.017","  0.968","5.30e-02",NA,NA,NA,0.047050802
"NT5E","Lymphocyte","SCZ","Wald ratio",1," 0.030","0.015","  1.030","5.31e-02",NA,NA,NA,0.028872911
"PPP2R5E","Lymphocyte","SCZ","Wald ratio",1,"-1.395","0.722","  0.248","5.35e-02",NA,NA,NA,0.039863805
"USH2A","Lymphocyte","SCZ","Wald ratio",1,"-0.036","0.019","  0.965","5.35e-02",NA,NA,NA,0.0480691
"ATP12A","Lymphocyte","SCZ","Wald ratio",1,"-1.139","0.590","  0.320","5.38e-02",NA,NA,NA,0.054494118
"ATP8A2","Lymphocyte","SCZ","Inverse variance weighted",3," 0.015","0.008","  1.015","5.39e-02",0.989778344,0.998133678,0.961996839,0.004625887
"RASGRP1","Lymphocyte","SCZ","Wald ratio",1,"-0.035","0.018","  0.965","5.41e-02",NA,NA,NA,0.033158594
"BCL11A","Lymphocyte","SCZ","Wald ratio",1,"-0.030","0.016","  0.970","5.42e-02",NA,NA,NA,0.028958414
"PTCH1","Lymphocyte","SCZ","Wald ratio",1,"-0.034","0.018","  0.966","5.43e-02",NA,NA,NA,0.043937712
"PTCH1","Lymphocyte","SCZ","Wald ratio",1,"-0.502","0.261","  0.605","5.43e-02",NA,NA,NA,0.043937712
"PTCH1","Lymphocyte","SCZ","Wald ratio",1,"-0.039","0.020","  0.962","5.43e-02",NA,NA,NA,0.043937712
"THBS4","Lymphocyte","SCZ","Wald ratio",1," 0.018","0.009","  1.018","5.46e-02",NA,NA,NA,0.027623909
"KIF2B","Lymphocyte","SCZ","Wald ratio",1," 0.018","0.009","  1.018","5.49e-02",NA,NA,NA,0.026875215
"PIGP","Lymphocyte","SCZ","Wald ratio",1,"-0.021","0.011","  0.979","5.50e-02",NA,NA,NA,0.026281559
"NAT8L","Lymphocyte","SCZ","Wald ratio",1," 0.029","0.015","  1.030","5.50e-02",NA,NA,NA,0.043728267
"RPL37A","Lymphocyte","SCZ","Wald ratio",1," 0.036","0.019","  1.037","5.51e-02",NA,NA,NA,0.033212054
"IGF2BP2","Lymphocyte","SCZ","Wald ratio",1,"-0.026","0.013","  0.975","5.54e-02",NA,NA,NA,0.03222521
"MYO18A","Lymphocyte","SCZ","Wald ratio",1,"-0.018","0.009","  0.982","5.57e-02",NA,NA,NA,0.027741628
"DIP2C","Lymphocyte","SCZ","Wald ratio",1,"-0.019","0.010","  0.981","5.57e-02",NA,NA,NA,0.027762542
"MYO18A","Lymphocyte","SCZ","Wald ratio",1,"-0.020","0.011","  0.980","5.57e-02",NA,NA,NA,0.027762542
"C13orf28","Lymphocyte","SCZ","Wald ratio",1,"-0.020","0.011","  0.980","5.59e-02",NA,NA,NA,0.027268433
"TKT","Lymphocyte","SCZ","Wald ratio",1,"-0.047","0.025","  0.954","5.64e-02",NA,NA,NA,0.02602556
"SLC35E4","Lymphocyte","SCZ","Wald ratio",1," 0.027","0.014","  1.027","5.64e-02",NA,NA,NA,0.02602556
"EPC2","Lymphocyte","SCZ","Wald ratio",1," 0.025","0.013","  1.026","5.64e-02",NA,NA,NA,0.036061148
"DPY19L1","Lymphocyte","SCZ","Wald ratio",1," 0.040","0.021","  1.041","5.65e-02",NA,NA,NA,0.025728311
"TRAK1","Lymphocyte","SCZ","Inverse variance weighted",3," 0.015","0.008","  1.015","5.65e-02",0.399550412,0.265841433,0.396406047,0.011145684
"CAPZB","Lymphocyte","SCZ","Wald ratio",1,"-0.029","0.015","  0.972","5.65e-02",NA,NA,NA,0.028875334
"VWDE","Lymphocyte","SCZ","Wald ratio",1,"-0.848","0.445","  0.428","5.65e-02",NA,NA,NA,0.03787013
"HSBP1L1","Lymphocyte","SCZ","Wald ratio",1," 0.033","0.017","  1.034","5.67e-02",NA,NA,NA,0.034444264
"SCML4","Lymphocyte","SCZ","Wald ratio",1,"-0.026","0.013","  0.975","5.67e-02",NA,NA,NA,0.034144395
"C1orf96","Lymphocyte","SCZ","Inverse variance weighted",2,"-0.021","0.011","  0.979","5.69e-02",NA,0.68442481,NA,0.005917647
"RAP1GAP","Lymphocyte","SCZ","Inverse variance weighted",2," 0.025","0.013","  1.026","5.71e-02",NA,0.37889291,NA,0.006505302
"DBX2","Lymphocyte","SCZ","Wald ratio",1,"-0.035","0.018","  0.966","5.72e-02",NA,NA,NA,0.041333532
"FOSB","Lymphocyte","SCZ","Wald ratio",1," 0.041","0.022","  1.042","5.73e-02",NA,NA,NA,0.026846357
"INPP4A","Lymphocyte","SCZ","Wald ratio",1,"-0.024","0.012","  0.977","5.76e-02",NA,NA,NA,0.028979144
"ARHGEF3","Lymphocyte","SCZ","Wald ratio",1,"-0.046","0.024","  0.955","5.80e-02",NA,NA,NA,0.041149123
"BNC2","Lymphocyte","SCZ","Inverse variance weighted",2,"-0.017","0.009","  0.983","5.80e-02",NA,0.897118478,NA,0.018805588
"WDR51A","Lymphocyte","SCZ","Wald ratio",1," 0.079","0.042","  1.082","5.82e-02",NA,NA,NA,0.047845651
"WDR51A","Lymphocyte","SCZ","Wald ratio",1," 0.631","0.333","  1.880","5.82e-02",NA,NA,NA,0.047845651
"CTNNA1","Lymphocyte","SCZ","Wald ratio",1,"-0.018","0.010","  0.982","5.83e-02",NA,NA,NA,0.027308477
"ING2","Lymphocyte","SCZ","Wald ratio",1,"-1.081","0.571","  0.339","5.85e-02",NA,NA,NA,0.034389445
"STL","Lymphocyte","SCZ","Wald ratio",1,"-0.124","0.066","  0.883","5.86e-02",NA,NA,NA,0.03408599
"ADC","Lymphocyte","SCZ","Wald ratio",1," 0.020","0.010","  1.020","5.89e-02",NA,NA,NA,0.028491544
"ANKAR","Lymphocyte","SCZ","Wald ratio",1," 0.771","0.408","  2.162","5.91e-02",NA,NA,NA,0.028120352
"SPEG","Lymphocyte","SCZ","Wald ratio",1," 0.118","0.063","  1.126","5.91e-02",NA,NA,NA,0.02562509
"MYO9B","Lymphocyte","SCZ","Wald ratio",1,"-0.062","0.033","  0.940","5.92e-02",NA,NA,NA,0.025306403
"OCEL1","Lymphocyte","SCZ","Wald ratio",1,"-0.023","0.012","  0.977","5.92e-02",NA,NA,NA,0.025306403
"ATP8A2","Lymphocyte","SCZ","Weighted median",3," 0.015","0.008","  1.015","5.93e-02",0.989778344,0.998133678,0.961996839,0.004625887
"GLRX5","Lymphocyte","SCZ","Wald ratio",1," 0.127","0.067","  1.136","5.93e-02",NA,NA,NA,0.024985857
"C21orf130","Lymphocyte","SCZ","Wald ratio",1,"-0.023","0.012","  0.978","5.94e-02",NA,NA,NA,0.032090849
"PTGES","Lymphocyte","SCZ","Wald ratio",1," 0.031","0.016","  1.031","5.95e-02",NA,NA,NA,0.033774554
"HSPG2","Lymphocyte","SCZ","Wald ratio",1," 0.029","0.016","  1.030","6.00e-02",NA,NA,NA,0.028609
"ATP6V1A","Lymphocyte","SCZ","Wald ratio",1,"-0.018","0.010","  0.982","6.04e-02",NA,NA,NA,0.025461335
"PDHB","Lymphocyte","SCZ","Wald ratio",1," 0.076","0.040","  1.079","6.05e-02",NA,NA,NA,0.025432469
"PRPH2","Lymphocyte","SCZ","Wald ratio",1," 0.020","0.010","  1.020","6.06e-02",NA,NA,NA,0.027299343
"RAB23","Lymphocyte","SCZ","Wald ratio",1," 0.239","0.127","  1.270","6.06e-02",NA,NA,NA,0.033694942
"SOX30","Lymphocyte","SCZ","Wald ratio",1," 0.023","0.012","  1.023","6.07e-02",NA,NA,NA,0.033390295
"THG1L","Lymphocyte","SCZ","Wald ratio",1," 0.662","0.353","  1.938","6.07e-02",NA,NA,NA,0.033390295
"SOX30","Lymphocyte","SCZ","Wald ratio",1," 0.023","0.012","  1.023","6.07e-02",NA,NA,NA,0.033390295
"NTNG2","Lymphocyte","SCZ","Wald ratio",1,"-0.017","0.009","  0.983","6.09e-02",NA,NA,NA,0.024754047
"C6orf105","Lymphocyte","SCZ","Wald ratio",1," 0.017","0.009","  1.017","6.10e-02",NA,NA,NA,0.024423691
"ANKRD56","Lymphocyte","SCZ","Wald ratio",1," 0.568","0.303","  1.765","6.11e-02",NA,NA,NA,0.026287893
"LOC285456","Lymphocyte","SCZ","Wald ratio",1," 0.244","0.130","  1.276","6.12e-02",NA,NA,NA,0.024103564
"FOXP4","Lymphocyte","SCZ","Wald ratio",1,"-0.023","0.012","  0.978","6.17e-02",NA,NA,NA,0.027442151
"GREB1","Lymphocyte","SCZ","Inverse variance weighted",2," 0.019","0.010","  1.019","6.20e-02",NA,0.790884017,NA,0.020140609
"TSPAN18","Lymphocyte","SCZ","Wald ratio",1,"-0.021","0.011","  0.979","6.23e-02",NA,NA,NA,0.022862442
"DOCK9","Lymphocyte","SCZ","Wald ratio",1,"-0.031","0.017","  0.970","6.24e-02",NA,NA,NA,0.037562578
"FPGT","Lymphocyte","SCZ","Wald ratio",1," 0.110","0.059","  1.116","6.28e-02",NA,NA,NA,0.023607196
"SOBP","Lymphocyte","SCZ","Wald ratio",1,"-0.034","0.018","  0.966","6.29e-02",NA,NA,NA,0.045267865
"SOCS5","Lymphocyte","SCZ","Wald ratio",1,"-0.048","0.026","  0.953","6.32e-02",NA,NA,NA,0.042923597
"HMCN1","Lymphocyte","SCZ","Wald ratio",1,"-0.019","0.010","  0.981","6.33e-02",NA,NA,NA,0.024787402
"LOC283914","Lymphocyte","SCZ","Wald ratio",1,"-0.033","0.018","  0.968","6.33e-02",NA,NA,NA,0.037200654
"LOC146481","Lymphocyte","SCZ","Wald ratio",1,"-0.030","0.016","  0.971","6.33e-02",NA,NA,NA,0.037367393
"PRDM1","Lymphocyte","SCZ","Wald ratio",1," 0.073","0.039","  1.075","6.35e-02",NA,NA,NA,0.038533482
"C22orf25","Lymphocyte","SCZ","Wald ratio",1,"-1.031","0.556","  0.357","6.38e-02",NA,NA,NA,0.024087494
"GABRG1","Lymphocyte","SCZ","Wald ratio",1,"-0.032","0.017","  0.969","6.39e-02",NA,NA,NA,0.027437172
"CUGBP2","Lymphocyte","SCZ","Wald ratio",1,"-0.247","0.133","  0.781","6.40e-02",NA,NA,NA,0.02378747
"AKAP5","Lymphocyte","SCZ","Wald ratio",1,"-0.385","0.208","  0.681","6.40e-02",NA,NA,NA,0.035791488
"LRIG3","Lymphocyte","SCZ","Wald ratio",1," 0.035","0.019","  1.035","6.41e-02",NA,NA,NA,0.04725448
"KITLG","Lymphocyte","SCZ","Wald ratio",1," 0.021","0.011","  1.021","6.42e-02",NA,NA,NA,0.014317601
"RERE","Lymphocyte","SCZ","Wald ratio",1," 0.029","0.016","  1.029","6.44e-02",NA,NA,NA,0.023123712
"ENO1","Lymphocyte","SCZ","Wald ratio",1," 0.016","0.009","  1.016","6.44e-02",NA,NA,NA,0.023123712
"AMOTL2","Lymphocyte","SCZ","Wald ratio",1,"-0.022","0.012","  0.978","6.47e-02",NA,NA,NA,0.026143258
"CWF19L2","Lymphocyte","SCZ","Wald ratio",1," 0.445","0.241","  1.560","6.51e-02",NA,NA,NA,0.049263967
"RYBP","Lymphocyte","SCZ","Wald ratio",1," 0.022","0.012","  1.023","6.53e-02",NA,NA,NA,0.023649998
"HIVEP2","Lymphocyte","SCZ","Wald ratio",1," 0.064","0.035","  1.067","6.54e-02",NA,NA,NA,0.042500899
"TRAPPC9","Lymphocyte","SCZ","Weighted median",4," 0.014","0.008","  1.014","6.55e-02",0.746751439,0.823670025,0.626995893,0.006639039
"HSPA5","Lymphocyte","SCZ","Wald ratio",1," 0.035","0.019","  1.036","6.59e-02",NA,NA,NA,0.022969802
"SH2D4B","Lymphocyte","SCZ","Wald ratio",1," 0.021","0.011","  1.021","6.59e-02",NA,NA,NA,0.022969802
"ARRDC5","Lymphocyte","SCZ","Wald ratio",1," 0.019","0.010","  1.019","6.59e-02",NA,NA,NA,0.024491927
"TENC1","Lymphocyte","SCZ","Wald ratio",1," 0.116","0.063","  1.123","6.61e-02",NA,NA,NA,0.031953233
"TMPRSS3","Lymphocyte","SCZ","Wald ratio",1," 0.046","0.025","  1.047","6.63e-02",NA,NA,NA,0.024124373
"ANKFN1","Lymphocyte","SCZ","Wald ratio",1,"-0.025","0.014","  0.975","6.66e-02",NA,NA,NA,0.03276106
"USP14","Lymphocyte","SCZ","Wald ratio",1," 0.025","0.014","  1.026","6.67e-02",NA,NA,NA,0.02652193
"SLC43A2","Lymphocyte","SCZ","Wald ratio",1," 0.030","0.016","  1.031","6.70e-02",NA,NA,NA,0.026166402
"FAM176B","Lymphocyte","SCZ","Wald ratio",1," 0.146","0.080","  1.158","6.72e-02",NA,NA,NA,0.025855969
"CCDC83","Lymphocyte","SCZ","Wald ratio",1," 0.120","0.065","  1.127","6.72e-02",NA,NA,NA,0.025855975
"C1orf113","Lymphocyte","SCZ","Wald ratio",1," 0.029","0.016","  1.030","6.72e-02",NA,NA,NA,0.025855975
"UBXN11","Lymphocyte","SCZ","Wald ratio",1," 0.174","0.095","  1.190","6.73e-02",NA,NA,NA,0.025832296
"CD52","Lymphocyte","SCZ","Wald ratio",1," 0.104","0.057","  1.110","6.73e-02",NA,NA,NA,0.025832359
"CD52","Lymphocyte","SCZ","Wald ratio",1," 0.425","0.233","  1.530","6.73e-02",NA,NA,NA,0.025832359
"MAFF","Lymphocyte","SCZ","Wald ratio",1," 0.018","0.010","  1.018","6.73e-02",NA,NA,NA,0.022821578
"AGTPBP1","Lymphocyte","SCZ","Wald ratio",1," 0.040","0.022","  1.041","6.76e-02",NA,NA,NA,0.050110009
"EXPH5","Lymphocyte","SCZ","Wald ratio",1,"-0.023","0.012","  0.978","6.77e-02",NA,NA,NA,0.022476522
"MCOLN2","Lymphocyte","SCZ","Wald ratio",1,"-0.022","0.012","  0.978","6.79e-02",NA,NA,NA,0.022178465
"LOC151174","Lymphocyte","SCZ","Wald ratio",1," 0.525","0.288","  1.690","6.79e-02",NA,NA,NA,0.023675545
"LOC151174","Lymphocyte","SCZ","Wald ratio",1," 0.086","0.047","  1.089","6.79e-02",NA,NA,NA,0.023675545
"HES6","Lymphocyte","SCZ","Wald ratio",1," 0.057","0.031","  1.058","6.79e-02",NA,NA,NA,0.023675545
"ETV1","Lymphocyte","SCZ","Wald ratio",1,"-0.713","0.391","  0.490","6.80e-02",NA,NA,NA,0.022113681
"SNRPN","Lymphocyte","SCZ","Wald ratio",1,"-0.032","0.018","  0.968","6.84e-02",NA,NA,NA,0.023044189
"SLCO2A1","Lymphocyte","SCZ","Wald ratio",1," 0.165","0.091","  1.180","6.85e-02",NA,NA,NA,0.029863006
"ZNF266","Lymphocyte","SCZ","Wald ratio",1," 0.039","0.021","  1.040","6.87e-02",NA,NA,NA,0.03881994
"MLLT1","Lymphocyte","SCZ","Wald ratio",1,"-0.020","0.011","  0.980","6.87e-02",NA,NA,NA,0.026873222
"SDHAP2","Lymphocyte","SCZ","Wald ratio",1,"-0.020","0.011","  0.980","6.90e-02",NA,NA,NA,0.025054204
"SASH1","Lymphocyte","SCZ","Wald ratio",1," 0.191","0.105","  1.211","6.91e-02",NA,NA,NA,0.025054962
"CORIN","Lymphocyte","SCZ","Wald ratio",1," 0.067","0.037","  1.070","6.92e-02",NA,NA,NA,0.027442261
"ALOX15B","Lymphocyte","SCZ","Wald ratio",1," 0.022","0.012","  1.022","6.93e-02",NA,NA,NA,0.022061405
"PLOD2","Lymphocyte","SCZ","Wald ratio",1,"-0.017","0.009","  0.983","6.93e-02",NA,NA,NA,0.022060427
"NT5C1A","Lymphocyte","SCZ","Wald ratio",1,"-0.215","0.118","  0.807","6.94e-02",NA,NA,NA,0.025940673
"FBXL4","Lymphocyte","SCZ","Wald ratio",1," 0.017","0.010","  1.017","6.97e-02",NA,NA,NA,0.021717499
"HECW2","Lymphocyte","SCZ","Inverse variance weighted",2,"-0.021","0.012","  0.979","6.97e-02",NA,0.520210231,NA,0.006934665
"FLYWCH1","Lymphocyte","SCZ","Wald ratio",1," 1.160","0.640","  3.189","6.99e-02",NA,NA,NA,0.024082176
"VAT1L","Lymphocyte","SCZ","Wald ratio",1,"-0.045","0.025","  0.956","7.00e-02",NA,NA,NA,0.036636045
"SCARA3","Lymphocyte","SCZ","Wald ratio",1,"-0.017","0.009","  0.983","7.01e-02",NA,NA,NA,0.022436867
"AOAH","Lymphocyte","SCZ","Inverse variance weighted",2,"-0.014","0.008","  0.986","7.02e-02",NA,0.563103194,NA,0.02381125
"SELT","Lymphocyte","SCZ","Wald ratio",1," 0.050","0.028","  1.051","7.03e-02",NA,NA,NA,0.023753387
"AGBL4","Lymphocyte","SCZ","Wald ratio",1,"-0.025","0.014","  0.976","7.05e-02",NA,NA,NA,0.023461297
"PHACTR1","Lymphocyte","SCZ","Wald ratio",1,"-0.020","0.011","  0.981","7.05e-02",NA,NA,NA,0.022246387
"ERI2","Lymphocyte","SCZ","Wald ratio",1,"-0.049","0.027","  0.952","7.07e-02",NA,NA,NA,0.021937279
"NFIL3","Lymphocyte","SCZ","Wald ratio",1," 0.369","0.204","  1.446","7.09e-02",NA,NA,NA,0.02431258
"ACADM","Lymphocyte","SCZ","Wald ratio",1," 0.016","0.009","  1.017","7.09e-02",NA,NA,NA,0.021905615
"RGMA","Lymphocyte","SCZ","Wald ratio",1," 0.034","0.019","  1.035","7.12e-02",NA,NA,NA,0.022796616
"RGMA","Lymphocyte","SCZ","Wald ratio",1," 0.018","0.010","  1.018","7.12e-02",NA,NA,NA,0.02279673
"SMYD2","Lymphocyte","SCZ","Wald ratio",1,"-0.025","0.014","  0.975","7.12e-02",NA,NA,NA,0.022777296
"PLXNA2","Lymphocyte","SCZ","Inverse variance weighted",2,"-0.019","0.010","  0.981","7.13e-02",NA,0.824568973,NA,0.006435411
"FBXO17","Lymphocyte","SCZ","Wald ratio",1," 0.029","0.016","  1.030","7.15e-02",NA,NA,NA,0.021269597
"FBXO27","Lymphocyte","SCZ","Wald ratio",1," 0.085","0.047","  1.089","7.15e-02",NA,NA,NA,0.021269597
"PTPRN2","Lymphocyte","SCZ","Weighted median",8," 0.010","0.006","  1.010","7.18e-02",0.022782382,0.001270353,0.103111946,0.004575196
"PAPSS1","Lymphocyte","SCZ","Wald ratio",1,"-0.027","0.015","  0.973","7.18e-02",NA,NA,NA,0.036104212
"ST8SIA4","Lymphocyte","SCZ","Wald ratio",1,"-0.063","0.035","  0.939","7.19e-02",NA,NA,NA,0.024503501
"TMEM135","Lymphocyte","SCZ","Wald ratio",1," 0.017","0.010","  1.017","7.22e-02",NA,NA,NA,0.021821091
"CYP51A1","Lymphocyte","SCZ","Wald ratio",1,"-0.878","0.489","  0.416","7.25e-02",NA,NA,NA,0.021508961
"SUGT1L1","Lymphocyte","SCZ","Wald ratio",1,"-0.021","0.012","  0.979","7.25e-02",NA,NA,NA,0.022682412
"CHPT1","Lymphocyte","SCZ","Wald ratio",1," 0.269","0.150","  1.309","7.29e-02",NA,NA,NA,0.02117083
"ZXDC","Lymphocyte","SCZ","Wald ratio",1," 0.193","0.107","  1.212","7.30e-02",NA,NA,NA,0.02115622
"LDB2","Lymphocyte","SCZ","Wald ratio",1," 0.057","0.032","  1.058","7.33e-02",NA,NA,NA,0.022021861
"LNX1","Lymphocyte","SCZ","Inverse variance weighted",2,"-0.016","0.009","  0.984","7.35e-02",NA,0.364616646,NA,0.007241425
"GPT2","Lymphocyte","SCZ","Wald ratio",1,"-0.039","0.022","  0.962","7.39e-02",NA,NA,NA,0.032137614
"GPT2","Lymphocyte","SCZ","Wald ratio",1,"-0.049","0.028","  0.952","7.39e-02",NA,NA,NA,0.032173068
"DPP6","Lymphocyte","SCZ","Wald ratio",1," 0.017","0.010","  1.017","7.40e-02",NA,NA,NA,0.021402835
"GMDS","Lymphocyte","SCZ","Weighted median",4,"-0.013","0.008","  0.987","7.41e-02",0.733078382,0.703850345,0.468801011,0.009287979
"PLEKHG3","Lymphocyte","SCZ","Wald ratio",1," 0.193","0.108","  1.213","7.43e-02",NA,NA,NA,0.028672773
"SPIB","Lymphocyte","SCZ","Wald ratio",1,"-0.073","0.041","  0.929","7.45e-02",NA,NA,NA,0.0335259
"RRP12","Lymphocyte","SCZ","Wald ratio",1," 0.025","0.014","  1.025","7.46e-02",NA,NA,NA,0.021959436
"TMEM121","Lymphocyte","SCZ","Wald ratio",1,"-0.025","0.014","  0.975","7.47e-02",NA,NA,NA,0.023999839
"CRIP2","Lymphocyte","SCZ","Wald ratio",1,"-0.020","0.011","  0.980","7.47e-02",NA,NA,NA,0.023895663
"CCNI","Lymphocyte","SCZ","Wald ratio",1," 0.022","0.012","  1.022","7.48e-02",NA,NA,NA,0.020743537
"EFHD1","Lymphocyte","SCZ","Wald ratio",1," 0.019","0.011","  1.019","7.48e-02",NA,NA,NA,0.020742559
"ZNF692","Lymphocyte","SCZ","Wald ratio",1,"-0.066","0.037","  0.936","7.49e-02",NA,NA,NA,0.0469314
"DHDH","Lymphocyte","SCZ","Wald ratio",1," 0.139","0.078","  1.150","7.53e-02",NA,NA,NA,0.041492122
"DDIT4L","Lymphocyte","SCZ","Wald ratio",1," 0.019","0.011","  1.019","7.53e-02",NA,NA,NA,0.024532155
"SYN2","Lymphocyte","SCZ","Wald ratio",1," 0.035","0.020","  1.035","7.54e-02",NA,NA,NA,0.027442341
"SYN2","Lymphocyte","SCZ","Wald ratio",1," 0.066","0.037","  1.068","7.54e-02",NA,NA,NA,0.027442106
"C4orf22","Lymphocyte","SCZ","Wald ratio",1," 0.026","0.015","  1.027","7.56e-02",NA,NA,NA,0.022168394
"OR5D16","Lymphocyte","SCZ","Wald ratio",1," 0.024","0.014","  1.024","7.58e-02",NA,NA,NA,0.02507967
"OR4A16","Lymphocyte","SCZ","Wald ratio",1," 0.139","0.078","  1.149","7.58e-02",NA,NA,NA,0.02507967
"LRRC37B2","Lymphocyte","SCZ","Wald ratio",1," 1.350","0.761","  3.858","7.61e-02",NA,NA,NA,0.031680753
"SHISA4","Lymphocyte","SCZ","Wald ratio",1," 0.303","0.171","  1.354","7.61e-02",NA,NA,NA,0.024778217
"C1orf175","Lymphocyte","SCZ","Inverse variance weighted",2," 0.041","0.023","  1.041","7.66e-02",NA,0.688116097,NA,0.014921495
"RNF213","Lymphocyte","SCZ","Wald ratio",1," 0.217","0.123","  1.242","7.67e-02",NA,NA,NA,0.020338961
"GXYLT1","Lymphocyte","SCZ","Wald ratio",1," 1.540","0.870","  4.664","7.67e-02",NA,NA,NA,0.020327414
"CNTLN","Lymphocyte","SCZ","Wald ratio",1," 0.023","0.013","  1.023","7.69e-02",NA,NA,NA,0.021209578
"ZNF260","Lymphocyte","SCZ","Wald ratio",1,"-0.025","0.014","  0.975","7.69e-02",NA,NA,NA,0.021206328
"SH3BGRL2","Lymphocyte","SCZ","Wald ratio",1,"-0.039","0.022","  0.962","7.71e-02",NA,NA,NA,0.03156856
"MTPN","Lymphocyte","SCZ","Wald ratio",1," 0.160","0.090","  1.173","7.73e-02",NA,NA,NA,0.03408183
"C19orf34","Lymphocyte","SCZ","Wald ratio",1,"-0.018","0.010","  0.982","7.74e-02",NA,NA,NA,0.020874413
"CSNK1G2","Lymphocyte","SCZ","Wald ratio",1,"-0.016","0.009","  0.984","7.74e-02",NA,NA,NA,0.020874413
"BTBD2","Lymphocyte","SCZ","Wald ratio",1,"-0.017","0.009","  0.984","7.74e-02",NA,NA,NA,0.020874413
"IL10RB","Lymphocyte","SCZ","Inverse variance weighted",2," 0.024","0.014","  1.025","7.74e-02",NA,0.548383259,NA,0.014423263
"KIF25","Lymphocyte","SCZ","Wald ratio",1,"-0.041","0.023","  0.960","7.74e-02",NA,NA,NA,0.028423387
"PDE1A","Lymphocyte","SCZ","Wald ratio",1,"-0.048","0.027","  0.953","7.82e-02",NA,NA,NA,0.020252547
"HIP1R","Lymphocyte","SCZ","Wald ratio",1,"-0.026","0.015","  0.974","7.82e-02",NA,NA,NA,0.030353984
"HS3ST1","Lymphocyte","SCZ","Wald ratio",1,"-0.246","0.140","  0.782","7.83e-02",NA,NA,NA,0.025768872
"HIAT1","Lymphocyte","SCZ","Wald ratio",1,"-0.047","0.027","  0.954","7.85e-02",NA,NA,NA,0.046436023
"KIAA1217","Lymphocyte","SCZ","Wald ratio",1,"-0.024","0.014","  0.976","7.85e-02",NA,NA,NA,0.02548048
"GAS7","Lymphocyte","SCZ","Wald ratio",1," 0.030","0.017","  1.030","7.87e-02",NA,NA,NA,0.019922166
"TBX18","Lymphocyte","SCZ","Wald ratio",1,"-0.032","0.018","  0.969","7.88e-02",NA,NA,NA,0.020802229
"ZNF677","Lymphocyte","SCZ","Wald ratio",1,"-0.424","0.241","  0.654","7.88e-02",NA,NA,NA,0.022557549
"ALLC","Lymphocyte","SCZ","Wald ratio",1," 0.021","0.012","  1.021","7.90e-02",NA,NA,NA,0.024276195
"ATP6V0A4","Lymphocyte","SCZ","Wald ratio",1," 0.018","0.010","  1.018","7.91e-02",NA,NA,NA,0.02051256
"ATP6V0A4","Lymphocyte","SCZ","Wald ratio",1," 0.026","0.015","  1.026","7.91e-02",NA,NA,NA,0.02051256
"FAM198A","Lymphocyte","SCZ","Wald ratio",1,"-0.029","0.016","  0.972","7.93e-02",NA,NA,NA,0.026576702
"RPL28","Lymphocyte","SCZ","Wald ratio",1," 1.881","1.075","  6.563","8.01e-02",NA,NA,NA,0.03770847
"COX6B2","Lymphocyte","SCZ","Wald ratio",1," 0.037","0.021","  1.038","8.01e-02",NA,NA,NA,0.037708469
"FAM71E2","Lymphocyte","SCZ","Wald ratio",1," 0.040","0.023","  1.041","8.01e-02",NA,NA,NA,0.03770847
"ISPD","Lymphocyte","SCZ","Wald ratio",1," 0.722","0.412","  2.058","8.01e-02",NA,NA,NA,0.029366211
"C1orf173","Lymphocyte","SCZ","Wald ratio",1," 0.079","0.045","  1.082","8.02e-02",NA,NA,NA,0.019855188
"CHN1","Lymphocyte","SCZ","Wald ratio",1," 0.016","0.009","  1.017","8.05e-02",NA,NA,NA,0.019306105
"KRT80","Lymphocyte","SCZ","Wald ratio",1,"-0.027","0.015","  0.973","8.09e-02",NA,NA,NA,0.024415302
"TWSG1","Lymphocyte","SCZ","Wald ratio",1," 0.409","0.234","  1.505","8.09e-02",NA,NA,NA,0.034334626
"LOC150197","Lymphocyte","SCZ","Wald ratio",1," 0.027","0.016","  1.028","8.11e-02",NA,NA,NA,0.02846211
"PTPN21","Lymphocyte","SCZ","Wald ratio",1," 0.025","0.014","  1.025","8.11e-02",NA,NA,NA,0.029126636
"KLRC1","Lymphocyte","SCZ","Wald ratio",1,"-0.022","0.013","  0.978","8.20e-02",NA,NA,NA,0.020363895
"RHOJ","Lymphocyte","SCZ","Wald ratio",1," 0.017","0.010","  1.017","8.22e-02",NA,NA,NA,0.019468047
"FBXO2","Lymphocyte","SCZ","Wald ratio",1,"-0.303","0.174","  0.739","8.22e-02",NA,NA,NA,0.026684941
"HNRNPD","Lymphocyte","SCZ","Wald ratio",1," 0.154","0.089","  1.167","8.23e-02",NA,NA,NA,0.022659995
"PRDM2","Lymphocyte","SCZ","Wald ratio",1," 0.022","0.013","  1.022","8.23e-02",NA,NA,NA,0.021799338
"GTF3A","Lymphocyte","SCZ","Wald ratio",1," 0.029","0.016","  1.029","8.27e-02",NA,NA,NA,0.025516087
"NEXN","Lymphocyte","SCZ","Inverse variance weighted",2,"-0.021","0.012","  0.979","8.30e-02",NA,0.567138017,NA,0.010680251
"PARVA","Lymphocyte","SCZ","Wald ratio",1,"-0.226","0.130","  0.798","8.31e-02",NA,NA,NA,0.030574926
"NFKB1","Lymphocyte","SCZ","Wald ratio",1," 0.016","0.009","  1.016","8.32e-02",NA,NA,NA,0.018856482
"AP4S1","Lymphocyte","SCZ","Wald ratio",1," 0.037","0.021","  1.038","8.32e-02",NA,NA,NA,0.018848263
"C5orf49","Lymphocyte","SCZ","Wald ratio",1,"-0.072","0.042","  0.930","8.32e-02",NA,NA,NA,0.018849051
"CHD5","Lymphocyte","SCZ","Wald ratio",1," 0.026","0.015","  1.027","8.38e-02",NA,NA,NA,0.02086777
"KRTAP11-1","Lymphocyte","SCZ","Wald ratio",1," 0.022","0.013","  1.022","8.39e-02",NA,NA,NA,0.022068782
"IGDCC4","Lymphocyte","SCZ","Wald ratio",1,"-0.138","0.080","  0.871","8.41e-02",NA,NA,NA,0.023720562
"RAX","Lymphocyte","SCZ","Wald ratio",1," 0.048","0.028","  1.049","8.42e-02",NA,NA,NA,0.020569622
"PPARGC1B","Lymphocyte","SCZ","Wald ratio",1,"-0.037","0.021","  0.964","8.44e-02",NA,NA,NA,0.02880675
"CTNNA2","Lymphocyte","SCZ","Inverse variance weighted",2," 0.026","0.015","  1.026","8.44e-02",NA,0.114196408,NA,0.302517833
"GNG2","Lymphocyte","SCZ","Wald ratio",1,"-0.038","0.022","  0.963","8.46e-02",NA,NA,NA,0.018805587
"LMBRD1","Lymphocyte","SCZ","Wald ratio",1," 0.037","0.021","  1.037","8.47e-02",NA,NA,NA,0.018787392
"MFSD4","Lymphocyte","SCZ","Wald ratio",1," 0.375","0.218","  1.455","8.47e-02",NA,NA,NA,0.018787392
"NID1","Lymphocyte","SCZ","Wald ratio",1,"-0.020","0.012","  0.980","8.49e-02",NA,NA,NA,0.023957246
"HLA-DOB","Lymphocyte","SCZ","Wald ratio",1,"-0.017","0.010","  0.983","8.52e-02",NA,NA,NA,0.020803117
"TAP2","Lymphocyte","SCZ","Wald ratio",1,"-0.020","0.011","  0.980","8.52e-02",NA,NA,NA,0.020803117
"C4orf50","Lymphocyte","SCZ","Wald ratio",1," 0.027","0.016","  1.028","8.53e-02",NA,NA,NA,0.018487341
"APTX","Lymphocyte","SCZ","Wald ratio",1,"-0.073","0.043","  0.929","8.55e-02",NA,NA,NA,0.029315163
"C13orf16","Lymphocyte","SCZ","Wald ratio",1,"-0.018","0.010","  0.982","8.55e-02",NA,NA,NA,0.021361629
"CDCA2","Lymphocyte","SCZ","Wald ratio",1,"-0.019","0.011","  0.981","8.57e-02",NA,NA,NA,0.019043522
"LOC645323","Lymphocyte","SCZ","Wald ratio",1,"-0.169","0.098","  0.845","8.58e-02",NA,NA,NA,0.024788307
"ZFYVE21","Lymphocyte","SCZ","Wald ratio",1," 0.033","0.019","  1.033","8.65e-02",NA,NA,NA,0.038795625
"WNK2","Lymphocyte","SCZ","Wald ratio",1," 0.040","0.023","  1.040","8.65e-02",NA,NA,NA,0.026435242
"MIR487A","Lymphocyte","SCZ","Wald ratio",1,"-0.019","0.011","  0.981","8.67e-02",NA,NA,NA,0.022755164
"MIR453","Lymphocyte","SCZ","Wald ratio",1,"-0.019","0.011","  0.981","8.67e-02",NA,NA,NA,0.022755157
"MIR134","Lymphocyte","SCZ","Wald ratio",1,"-0.019","0.011","  0.981","8.67e-02",NA,NA,NA,0.022755171
"PPFIBP2","Lymphocyte","SCZ","Wald ratio",1,"-0.118","0.069","  0.889","8.67e-02",NA,NA,NA,0.021321376
"TP63","Lymphocyte","SCZ","Wald ratio",1," 0.024","0.014","  1.025","8.68e-02",NA,NA,NA,0.018432742
"THTPA","Lymphocyte","SCZ","Wald ratio",1,"-0.026","0.015","  0.974","8.69e-02",NA,NA,NA,0.026142009
"ENOSF1","Lymphocyte","SCZ","Wald ratio",1,"-1.430","0.835","  0.239","8.70e-02",NA,NA,NA,0.029513549
"KIF3C","Lymphocyte","SCZ","Wald ratio",1,"-0.055","0.032","  0.946","8.74e-02",NA,NA,NA,0.021596656
"FIBIN","Lymphocyte","SCZ","Wald ratio",1,"-0.054","0.032","  0.947","8.74e-02",NA,NA,NA,0.018120894
"SNN","Lymphocyte","SCZ","Wald ratio",1,"-0.040","0.023","  0.961","8.76e-02",NA,NA,NA,0.0187141
"ZFP37","Lymphocyte","SCZ","Wald ratio",1,"-0.224","0.131","  0.800","8.84e-02",NA,NA,NA,0.038145299
"RAB6B","Lymphocyte","SCZ","Wald ratio",1,"-0.021","0.012","  0.979","8.85e-02",NA,NA,NA,0.022400656
"RASA2","Lymphocyte","SCZ","Wald ratio",1," 0.324","0.190","  1.383","8.88e-02",NA,NA,NA,0.039690239
"LOC100192378","Lymphocyte","SCZ","Wald ratio",1,"-0.035","0.021","  0.965","8.90e-02",NA,NA,NA,0.02408022
"THY1","Lymphocyte","SCZ","Wald ratio",1,"-0.087","0.051","  0.916","8.90e-02",NA,NA,NA,0.020086525
"UBE2C","Lymphocyte","SCZ","Wald ratio",1,"-0.138","0.081","  0.871","8.91e-02",NA,NA,NA,0.018666677
"CCNY","Lymphocyte","SCZ","Wald ratio",1,"-0.018","0.010","  0.982","8.92e-02",NA,NA,NA,0.018646232
"GIT1","Lymphocyte","SCZ","Wald ratio",1," 0.058","0.034","  1.059","8.95e-02",NA,NA,NA,0.017791004
"ANKRD13B","Lymphocyte","SCZ","Wald ratio",1," 0.027","0.016","  1.027","8.95e-02",NA,NA,NA,0.017791004
"CST5","Lymphocyte","SCZ","Wald ratio",1,"-0.036","0.021","  0.965","8.96e-02",NA,NA,NA,0.026315445
"ATP10A","Lymphocyte","SCZ","Inverse variance weighted",2,"-0.017","0.010","  0.983","8.97e-02",NA,0.348113373,NA,0.007892254
"LASS2","Lymphocyte","SCZ","Wald ratio",1,"-0.034","0.020","  0.966","8.97e-02",NA,NA,NA,0.01836548
"SETDB1","Lymphocyte","SCZ","Wald ratio",1,"-0.019","0.011","  0.981","8.97e-02",NA,NA,NA,0.01836548
"OR5A2","Lymphocyte","SCZ","Wald ratio",1," 0.020","0.012","  1.020","9.08e-02",NA,NA,NA,0.016514381
"RND3","Lymphocyte","SCZ","Wald ratio",1,"-0.547","0.323","  0.579","9.08e-02",NA,NA,NA,0.019774818
"PARK2","Lymphocyte","SCZ","Inverse variance weighted",2,"-0.015","0.009","  0.985","9.09e-02",NA,0.942713615,NA,0.010474441
"NFKBIA","Lymphocyte","SCZ","Wald ratio",1," 0.058","0.035","  1.060","9.09e-02",NA,NA,NA,0.022316659
"GFOD1","Lymphocyte","SCZ","Wald ratio",1,"-0.022","0.013","  0.978","9.11e-02",NA,NA,NA,0.017749632
"SRD5A3","Lymphocyte","SCZ","Wald ratio",1,"-0.313","0.185","  0.732","9.19e-02",NA,NA,NA,0.018021571
"TTLL13","Lymphocyte","SCZ","Wald ratio",1,"-0.021","0.013","  0.979","9.23e-02",NA,NA,NA,0.019713505
"ATG2B","Lymphocyte","SCZ","Wald ratio",1,"-0.018","0.011","  0.982","9.25e-02",NA,NA,NA,0.02085317
"OLA1","Lymphocyte","SCZ","Wald ratio",1,"-0.030","0.018","  0.970","9.26e-02",NA,NA,NA,0.033901768
"PTGER2","Lymphocyte","SCZ","Wald ratio",1,"-0.045","0.027","  0.956","9.30e-02",NA,NA,NA,0.019992553
"TREH","Lymphocyte","SCZ","Wald ratio",1," 0.030","0.018","  1.031","9.30e-02",NA,NA,NA,0.020565745
"LDHAL6A","Lymphocyte","SCZ","Inverse variance weighted",2,"-0.020","0.012","  0.980","9.31e-02",NA,0.711048001,NA,0.020085361
"MECOM","Lymphocyte","SCZ","Wald ratio",1,"-0.018","0.011","  0.982","9.33e-02",NA,NA,NA,0.017996527
"PDX1","Lymphocyte","SCZ","Wald ratio",1,"-0.058","0.035","  0.944","9.34e-02",NA,NA,NA,0.017398069
"ABCG2","Lymphocyte","SCZ","Wald ratio",1," 0.053","0.031","  1.054","9.34e-02",NA,NA,NA,0.017398134
"DNMT3B","Lymphocyte","SCZ","Wald ratio",1,"-0.107","0.064","  0.898","9.34e-02",NA,NA,NA,0.017398134
"COMMD7","Lymphocyte","SCZ","Wald ratio",1,"-0.047","0.028","  0.954","9.34e-02",NA,NA,NA,0.017398134
"SIRPB2","Lymphocyte","SCZ","Wald ratio",1," 0.035","0.021","  1.036","9.35e-02",NA,NA,NA,0.018550282
"EEF1DP3","Lymphocyte","SCZ","Wald ratio",1," 0.061","0.036","  1.063","9.37e-02",NA,NA,NA,0.034129977
"SHANK2","Lymphocyte","SCZ","Weighted median",4," 0.013","0.008","  1.013","9.40e-02",0.864002657,0.960242377,0.943070263,0.004788584
"DAPK1","Lymphocyte","SCZ","Wald ratio",1,"-0.037","0.022","  0.963","9.40e-02",NA,NA,NA,0.017120929
"CNNM1","Lymphocyte","SCZ","Wald ratio",1," 0.093","0.056","  1.098","9.42e-02",NA,NA,NA,0.02810485
"CLCA2","Lymphocyte","SCZ","Wald ratio",1,"-0.016","0.010","  0.984","9.43e-02",NA,NA,NA,0.018816188
"RPL37","Lymphocyte","SCZ","Wald ratio",1,"-0.371","0.222","  0.690","9.43e-02",NA,NA,NA,0.031411278
"ST6GALNAC3","Lymphocyte","SCZ","Weighted median",3," 0.016","0.009","  1.016","9.47e-02",0.776363944,0.562440123,0.48919657,0.013143004
"HLCS","Lymphocyte","SCZ","Inverse variance weighted",2,"-0.020","0.012","  0.981","9.48e-02",NA,0.241302944,NA,0.009932719
"SENP8","Lymphocyte","SCZ","Wald ratio",1," 0.016","0.010","  1.017","9.49e-02",NA,NA,NA,0.019105059
"UBE2E3","Lymphocyte","SCZ","Wald ratio",1," 0.019","0.011","  1.019","9.49e-02",NA,NA,NA,0.019105059
"ARNTL","Lymphocyte","SCZ","Wald ratio",1,"-0.427","0.256","  0.653","9.55e-02",NA,NA,NA,0.017099878
"FDX1","Lymphocyte","SCZ","Wald ratio",1," 0.015","0.009","  1.015","9.55e-02",NA,NA,NA,0.017099878
"ACAT2","Lymphocyte","SCZ","Wald ratio",1," 0.126","0.076","  1.134","9.56e-02",NA,NA,NA,0.021643006
"CCDC146","Lymphocyte","SCZ","Wald ratio",1,"-0.025","0.015","  0.975","9.60e-02",NA,NA,NA,0.028630824
"KDM4B","Lymphocyte","SCZ","Wald ratio",1," 0.041","0.025","  1.042","9.63e-02",NA,NA,NA,0.019645328
"FUCA1","Lymphocyte","SCZ","Wald ratio",1," 0.027","0.016","  1.027","9.65e-02",NA,NA,NA,0.029967728
"C1orf128","Lymphocyte","SCZ","Wald ratio",1," 1.740","1.047","  5.696","9.65e-02",NA,NA,NA,0.029967728
"CNR2","Lymphocyte","SCZ","Wald ratio",1," 0.056","0.034","  1.058","9.65e-02",NA,NA,NA,0.029967728
"PRKCH","Lymphocyte","SCZ","Inverse variance weighted",2,"-0.021","0.013","  0.979","9.70e-02",NA,0.986672013,NA,0.015925391
"WDR48","Lymphocyte","SCZ","Wald ratio",1,"-0.041","0.025","  0.960","9.74e-02",NA,NA,NA,0.03450503
"TTC21A","Lymphocyte","SCZ","Wald ratio",1,"-1.089","0.657","  0.336","9.74e-02",NA,NA,NA,0.034542107
"ISM1","Lymphocyte","SCZ","Wald ratio",1," 0.018","0.011","  1.018","9.75e-02",NA,NA,NA,0.020194058
"RELT","Lymphocyte","SCZ","Wald ratio",1,"-0.036","0.022","  0.965","9.81e-02",NA,NA,NA,0.025217698
"ARHGEF17","Lymphocyte","SCZ","Wald ratio",1,"-0.028","0.017","  0.973","9.81e-02",NA,NA,NA,0.025252423
"LOC149134","Lymphocyte","SCZ","Wald ratio",1," 0.124","0.075","  1.132","9.84e-02",NA,NA,NA,0.017638072
"FAM177B","Lymphocyte","SCZ","Wald ratio",1," 0.020","0.012","  1.020","9.85e-02",NA,NA,NA,0.021811732
"PTPRN2","Lymphocyte","SCZ","Weighted mode",8," 0.012","0.007","  1.013","9.86e-02",0.022782382,0.001270353,0.103111946,0.004575196
"SMPD3","Lymphocyte","SCZ","Wald ratio",1," 0.085","0.051","  1.089","9.87e-02",NA,NA,NA,0.020191252
"FAM46A","Lymphocyte","SCZ","Wald ratio",1," 0.086","0.052","  1.090","9.89e-02",NA,NA,NA,0.03396626
"KCNS3","Lymphocyte","SCZ","Wald ratio",1,"-0.040","0.024","  0.961","9.92e-02",NA,NA,NA,0.031279523
"FAM190B","Lymphocyte","SCZ","Wald ratio",1,"-0.132","0.080","  0.876","9.92e-02",NA,NA,NA,0.024121531
"FGF12","Lymphocyte","SCZ","Weighted mode",3," 0.022","0.008","  1.022","9.99e-02",0.35125981,0.346495462,0.464448962,0.114830919
"CXCR7","Lymphocyte","SCZ","Wald ratio",1,"-0.408","0.248","  0.665","1.00e-01",NA,NA,NA,0.023260181
"OTX2","Lymphocyte","SCZ","Wald ratio",1," 0.017","0.011","  1.017","1.00e-01",NA,NA,NA,0.016725072
"USH1C","Lymphocyte","SCZ","Wald ratio",1," 0.016","0.010","  1.016","1.00e-01",NA,NA,NA,0.016451252
"RHOB","Lymphocyte","SCZ","Wald ratio",1,"-0.170","0.104","  0.843","1.00e-01",NA,NA,NA,0.016451582
"TARSL2","Lymphocyte","SCZ","Wald ratio",1,"-0.020","0.012","  0.980","1.00e-01",NA,NA,NA,0.019022706
"KIF26B","Lymphocyte","SCZ","Inverse variance weighted",2," 0.023","0.014","  1.023","1.01e-01",NA,0.947506345,NA,0.014066538
"SHANK2","Lymphocyte","SCZ","Inverse variance weighted",4," 0.011","0.007","  1.011","1.01e-01",0.864002657,0.960242377,0.943070263,0.004788584
"MSRB2","Lymphocyte","SCZ","Wald ratio",1," 0.045","0.027","  1.046","1.01e-01",NA,NA,NA,0.016750469
"JPH3","Lymphocyte","SCZ","Wald ratio",1,"-0.244","0.149","  0.783","1.02e-01",NA,NA,NA,0.017025512
"PHOSPHO1","Lymphocyte","SCZ","Wald ratio",1," 0.029","0.018","  1.030","1.02e-01",NA,NA,NA,0.01701951
"WSCD2","Lymphocyte","SCZ","Wald ratio",1,"-0.016","0.010","  0.984","1.02e-01",NA,NA,NA,0.010638772
"CMKLR1","Lymphocyte","SCZ","Wald ratio",1,"-0.033","0.020","  0.967","1.02e-01",NA,NA,NA,0.01701951
"NTN4","Lymphocyte","SCZ","Wald ratio",1,"-0.022","0.013","  0.978","1.02e-01",NA,NA,NA,0.015708676
"CMKLR1","Lymphocyte","SCZ","Wald ratio",1,"-0.026","0.016","  0.974","1.02e-01",NA,NA,NA,0.01701951
"IGSF21","Lymphocyte","SCZ","Weighted mode",3," 0.024","0.008","  1.025","1.02e-01",0.9738759,0.659461738,0.529309127,0.097070481
"LPAR3","Lymphocyte","SCZ","Inverse variance weighted",2,"-0.029","0.018","  0.971","1.02e-01",NA,0.460224763,NA,0.023459591
"FGF12","Lymphocyte","SCZ","Simple mode",3," 0.023","0.008","  1.023","1.02e-01",0.35125981,0.346495462,0.464448962,0.114830919
"DOK7","Lymphocyte","SCZ","Wald ratio",1," 0.020","0.013","  1.021","1.02e-01",NA,NA,NA,0.01673721
"CPA6","Lymphocyte","SCZ","Wald ratio",1,"-0.023","0.014","  0.977","1.02e-01",NA,NA,NA,0.020152105
"SNX16","Lymphocyte","SCZ","Wald ratio",1,"-0.568","0.348","  0.567","1.03e-01",NA,NA,NA,0.016159386
"SNX16","Lymphocyte","SCZ","Wald ratio",1,"-0.374","0.229","  0.688","1.03e-01",NA,NA,NA,0.016159386
"MUC5B","Lymphocyte","SCZ","Wald ratio",1," 0.017","0.010","  1.017","1.03e-01",NA,NA,NA,0.016159386
"DDX5","Lymphocyte","SCZ","Wald ratio",1," 0.031","0.019","  1.032","1.03e-01",NA,NA,NA,0.032842125
"SLC22A23","Lymphocyte","SCZ","Weighted median",3,"-0.021","0.013","  0.980","1.03e-01",0.039370979,0.118164502,0.949740467,0.044510769
"DLL1","Lymphocyte","SCZ","Wald ratio",1," 0.034","0.021","  1.035","1.03e-01",NA,NA,NA,0.017587287
"MESP2","Lymphocyte","SCZ","Wald ratio",1,"-0.016","0.010","  0.984","1.03e-01",NA,NA,NA,0.017016134
"MESP1","Lymphocyte","SCZ","Wald ratio",1,"-0.536","0.329","  0.585","1.03e-01",NA,NA,NA,0.017022413
"B3GNT4","Lymphocyte","SCZ","Wald ratio",1,"-0.259","0.159","  0.772","1.03e-01",NA,NA,NA,0.017884872
"CTNNB1","Lymphocyte","SCZ","Wald ratio",1," 0.037","0.023","  1.038","1.04e-01",NA,NA,NA,0.015872277
"SYT6","Lymphocyte","SCZ","Wald ratio",1,"-0.167","0.102","  0.847","1.04e-01",NA,NA,NA,0.015860447
"C1QL3","Lymphocyte","SCZ","Wald ratio",1," 0.023","0.014","  1.024","1.04e-01",NA,NA,NA,0.025192421
"LMO7","Lymphocyte","SCZ","Wald ratio",1," 0.018","0.011","  1.018","1.04e-01",NA,NA,NA,0.019524444
"FHL3","Lymphocyte","SCZ","Wald ratio",1,"-0.023","0.014","  0.977","1.04e-01",NA,NA,NA,0.023241374
"BRUNOL5","Lymphocyte","SCZ","Wald ratio",1," 0.028","0.017","  1.028","1.04e-01",NA,NA,NA,0.016144065
"CATSPERB","Lymphocyte","SCZ","Wald ratio",1,"-0.018","0.011","  0.982","1.04e-01",NA,NA,NA,0.018449778
"WRB","Lymphocyte","SCZ","Wald ratio",1," 0.021","0.013","  1.021","1.04e-01",NA,NA,NA,0.017022078
"TAF8","Lymphocyte","SCZ","Wald ratio",1," 0.030","0.019","  1.031","1.05e-01",NA,NA,NA,0.024896699
"CCND3","Lymphocyte","SCZ","Wald ratio",1," 0.029","0.018","  1.030","1.05e-01",NA,NA,NA,0.024896969
"DMRT2","Lymphocyte","SCZ","Wald ratio",1," 0.052","0.032","  1.053","1.05e-01",NA,NA,NA,0.016446943
"LAP3","Lymphocyte","SCZ","Wald ratio",1," 0.429","0.265","  1.536","1.05e-01",NA,NA,NA,0.016427017
"EMCN","Lymphocyte","SCZ","Wald ratio",1,"-0.023","0.014","  0.977","1.05e-01",NA,NA,NA,0.01871806
"SAMD4A","Lymphocyte","SCZ","Wald ratio",1," 0.508","0.314","  1.662","1.05e-01",NA,NA,NA,0.020973546
"CSMD1","Lymphocyte","SCZ","Weighted mode",4," 0.019","0.008","  1.019","1.05e-01",0.742387939,0.244885456,0.199723882,0.016214765
"C19orf40","Lymphocyte","SCZ","Wald ratio",1,"-0.171","0.106","  0.843","1.06e-01",NA,NA,NA,0.019848371
"C15orf27","Lymphocyte","SCZ","Wald ratio",1," 0.041","0.026","  1.042","1.06e-01",NA,NA,NA,0.025722047
"ANGPTL4","Lymphocyte","SCZ","Wald ratio",1," 0.224","0.138","  1.251","1.06e-01",NA,NA,NA,0.017020987
"RAB11B","Lymphocyte","SCZ","Wald ratio",1," 0.018","0.011","  1.018","1.06e-01",NA,NA,NA,0.017020987
"CYP19A1","Lymphocyte","SCZ","Wald ratio",1," 0.024","0.015","  1.024","1.06e-01",NA,NA,NA,0.024334878
"SPIRE1","Lymphocyte","SCZ","Wald ratio",1," 0.042","0.026","  1.042","1.06e-01",NA,NA,NA,0.025937693
"TMTC2","Lymphocyte","SCZ","Wald ratio",1," 0.260","0.161","  1.297","1.07e-01",NA,NA,NA,0.022956057
"GATS","Lymphocyte","SCZ","Wald ratio",1," 0.027","0.017","  1.027","1.07e-01",NA,NA,NA,0.018440624
"GATS","Lymphocyte","SCZ","Wald ratio",1," 0.041","0.025","  1.042","1.07e-01",NA,NA,NA,0.018440624
"GPC2","Lymphocyte","SCZ","Wald ratio",1," 0.069","0.043","  1.072","1.07e-01",NA,NA,NA,0.018440624
"HOXD1","Lymphocyte","SCZ","Wald ratio",1," 0.092","0.057","  1.097","1.07e-01",NA,NA,NA,0.01701657
"HOXD3","Lymphocyte","SCZ","Wald ratio",1," 0.026","0.016","  1.026","1.07e-01",NA,NA,NA,0.017017199
"HOXD4","Lymphocyte","SCZ","Wald ratio",1," 0.096","0.059","  1.100","1.07e-01",NA,NA,NA,0.017017199
"C4orf42","Lymphocyte","SCZ","Wald ratio",1," 0.020","0.013","  1.021","1.08e-01",NA,NA,NA,0.015581995
"LOC100133669","Lymphocyte","SCZ","Wald ratio",1,"-0.015","0.010","  0.985","1.08e-01",NA,NA,NA,0.015581995
"PMPCB","Lymphocyte","SCZ","Wald ratio",1,"-0.047","0.029","  0.954","1.08e-01",NA,NA,NA,0.030373862
"ZNF532","Lymphocyte","SCZ","Wald ratio",1," 0.051","0.032","  1.052","1.08e-01",NA,NA,NA,0.015570643
"MTSS1","Lymphocyte","SCZ","Wald ratio",1," 0.016","0.010","  1.016","1.08e-01",NA,NA,NA,0.017300297
"CSMD3","Lymphocyte","SCZ","Wald ratio",1,"-0.018","0.011","  0.983","1.08e-01",NA,NA,NA,0.017290884
"ZNF766","Lymphocyte","SCZ","Wald ratio",1,"-0.016","0.010","  0.984","1.09e-01",NA,NA,NA,0.009648338
"C9orf170","Lymphocyte","SCZ","Wald ratio",1,"-0.022","0.014","  0.978","1.09e-01",NA,NA,NA,0.020413942
"B3GNT3","Lymphocyte","SCZ","Wald ratio",1," 0.045","0.028","  1.046","1.09e-01",NA,NA,NA,0.025468241
"ACACA","Lymphocyte","SCZ","Wald ratio",1," 0.018","0.011","  1.018","1.09e-01",NA,NA,NA,0.019006954
"LOC407835","Lymphocyte","SCZ","Wald ratio",1,"-0.020","0.012","  0.981","1.09e-01",NA,NA,NA,0.020701641
"BCHE","Lymphocyte","SCZ","Wald ratio",1,"-0.033","0.021","  0.967","1.09e-01",NA,NA,NA,0.022391106
"BAT2L1","Lymphocyte","SCZ","Wald ratio",1," 0.019","0.012","  1.019","1.10e-01",NA,NA,NA,0.018444537
"UCK1","Lymphocyte","SCZ","Wald ratio",1," 0.240","0.150","  1.271","1.10e-01",NA,NA,NA,0.018444537
"C18orf1","Lymphocyte","SCZ","Inverse variance weighted",3,"-0.016","0.010","  0.984","1.10e-01",0.020726698,0.068757983,0.981141005,0.005073099
"CAMK2A","Lymphocyte","SCZ","Wald ratio",1,"-0.020","0.012","  0.980","1.10e-01",NA,NA,NA,0.017017877
"TIMM13","Lymphocyte","SCZ","Wald ratio",1," 0.347","0.217","  1.415","1.10e-01",NA,NA,NA,0.035969388
"TMPRSS9","Lymphocyte","SCZ","Wald ratio",1," 0.044","0.027","  1.045","1.10e-01",NA,NA,NA,0.035969388
"LMNB2","Lymphocyte","SCZ","Wald ratio",1," 0.049","0.031","  1.051","1.10e-01",NA,NA,NA,0.035969388
"WDR17","Lymphocyte","SCZ","Wald ratio",1," 0.065","0.041","  1.068","1.11e-01",NA,NA,NA,0.015589057
"ZFHX3","Lymphocyte","SCZ","Inverse variance weighted",2,"-0.011","0.007","  0.989","1.11e-01",NA,0.639013498,NA,0.014263124
"ATP10D","Lymphocyte","SCZ","Wald ratio",1,"-0.016","0.010","  0.985","1.11e-01",NA,NA,NA,0.015003956
"CLEC11A","Lymphocyte","SCZ","Wald ratio",1," 0.030","0.019","  1.030","1.11e-01",NA,NA,NA,0.02519804
"ITGAM","Lymphocyte","SCZ","Wald ratio",1,"-0.016","0.010","  0.984","1.12e-01",NA,NA,NA,0.015212505
"UBE2M","Lymphocyte","SCZ","Wald ratio",1," 0.019","0.012","  1.019","1.12e-01",NA,NA,NA,0.019312535
"MGC2752","Lymphocyte","SCZ","Wald ratio",1," 0.069","0.043","  1.071","1.12e-01",NA,NA,NA,0.019308234
"C8orf40","Lymphocyte","SCZ","Wald ratio",1," 0.014","0.009","  1.014","1.13e-01",NA,NA,NA,0.015038459
"C8orf40","Lymphocyte","SCZ","Wald ratio",1," 0.015","0.009","  1.015","1.13e-01",NA,NA,NA,0.015038459
"APC","Lymphocyte","SCZ","Wald ratio",1," 0.552","0.348","  1.737","1.13e-01",NA,NA,NA,0.015038459
"C18orf1","Lymphocyte","SCZ","Weighted mode",3,"-0.025","0.009","  0.976","1.13e-01",0.020726698,0.068757983,0.981141005,0.005073099
"ATIC","Lymphocyte","SCZ","Wald ratio",1,"-0.440","0.278","  0.644","1.13e-01",NA,NA,NA,0.021313574
"RTP1","Lymphocyte","SCZ","Wald ratio",1," 0.016","0.010","  1.016","1.13e-01",NA,NA,NA,0.015313984
"TRPV1","Lymphocyte","SCZ","Wald ratio",1," 0.017","0.011","  1.017","1.14e-01",NA,NA,NA,0.016756794
"LEPREL1","Lymphocyte","SCZ","Wald ratio",1," 0.065","0.041","  1.067","1.14e-01",NA,NA,NA,0.014737814
"TRPM6","Lymphocyte","SCZ","Wald ratio",1,"-0.042","0.027","  0.959","1.14e-01",NA,NA,NA,0.01706
"TMEM92","Lymphocyte","SCZ","Wald ratio",1,"-0.170","0.108","  0.843","1.14e-01",NA,NA,NA,0.016182526
"ATP11A","Lymphocyte","SCZ","Inverse variance weighted",2," 0.019","0.012","  1.019","1.15e-01",NA,0.101223893,NA,0.269156162
"ETV5","Lymphocyte","SCZ","Wald ratio",1," 0.204","0.129","  1.226","1.15e-01",NA,NA,NA,0.030158804
"WBSCR28","Lymphocyte","SCZ","Wald ratio",1,"-0.017","0.011","  0.984","1.15e-01",NA,NA,NA,0.015632953
"PAK2","Lymphocyte","SCZ","Wald ratio",1,"-0.015","0.010","  0.985","1.15e-01",NA,NA,NA,0.014748318
"TPH2","Lymphocyte","SCZ","Wald ratio",1,"-0.014","0.009","  0.986","1.15e-01",NA,NA,NA,0.014748267
"TBR1","Lymphocyte","SCZ","Wald ratio",1,"-0.061","0.039","  0.940","1.15e-01",NA,NA,NA,0.014748318
"BEGAIN","Lymphocyte","SCZ","Wald ratio",1,"-0.019","0.012","  0.981","1.16e-01",NA,NA,NA,0.016491003
"C2CD2L","Lymphocyte","SCZ","Wald ratio",1," 0.054","0.034","  1.055","1.16e-01",NA,NA,NA,0.014484002
"APOBEC3F","Lymphocyte","SCZ","Wald ratio",1," 0.015","0.009","  1.015","1.16e-01",NA,NA,NA,0.014484002
"HINFP","Lymphocyte","SCZ","Wald ratio",1," 0.032","0.020","  1.032","1.16e-01",NA,NA,NA,0.014483907
"C7orf31","Lymphocyte","SCZ","Wald ratio",1," 0.023","0.014","  1.023","1.16e-01",NA,NA,NA,0.014484002
"MUM1","Lymphocyte","SCZ","Wald ratio",1,"-0.036","0.023","  0.964","1.17e-01",NA,NA,NA,0.016777508
"NDUFS7","Lymphocyte","SCZ","Wald ratio",1,"-0.020","0.013","  0.980","1.17e-01",NA,NA,NA,0.016777623
"SERBP1","Lymphocyte","SCZ","Wald ratio",1," 0.014","0.009","  1.014","1.17e-01",NA,NA,NA,0.014788102
"NUP214","Lymphocyte","SCZ","Wald ratio",1,"-0.123","0.078","  0.884","1.17e-01",NA,NA,NA,0.017071485
"MLNR","Lymphocyte","SCZ","Wald ratio",1," 0.017","0.011","  1.017","1.17e-01",NA,NA,NA,0.015925391
"CCL23","Lymphocyte","SCZ","Wald ratio",1,"-0.031","0.020","  0.970","1.17e-01",NA,NA,NA,0.023594367
"CCL16","Lymphocyte","SCZ","Wald ratio",1,"-0.029","0.018","  0.972","1.17e-01",NA,NA,NA,0.023584311
"SLC1A4","Lymphocyte","SCZ","Wald ratio",1,"-0.049","0.031","  0.952","1.17e-01",NA,NA,NA,0.020229164
"GTF2IRD1","Lymphocyte","SCZ","Wald ratio",1," 0.023","0.015","  1.024","1.18e-01",NA,NA,NA,0.017955242
"ARHGAP28","Lymphocyte","SCZ","Wald ratio",1,"-0.017","0.011","  0.983","1.18e-01",NA,NA,NA,0.017941007
"C21orf70","Lymphocyte","SCZ","Wald ratio",1," 0.021","0.013","  1.021","1.18e-01",NA,NA,NA,0.017057993
"NCRNA00162","Lymphocyte","SCZ","Wald ratio",1," 0.040","0.025","  1.041","1.18e-01",NA,NA,NA,0.021933278
"ARMC9","Lymphocyte","SCZ","Wald ratio",1,"-0.015","0.010","  0.985","1.18e-01",NA,NA,NA,0.015627331
"SHISA6","Lymphocyte","SCZ","Wald ratio",1," 0.014","0.009","  1.014","1.18e-01",NA,NA,NA,0.014490794
"AZIN1","Lymphocyte","SCZ","Wald ratio",1,"-0.022","0.014","  0.978","1.19e-01",NA,NA,NA,0.014215545
"GP2","Lymphocyte","SCZ","Wald ratio",1,"-0.016","0.010","  0.984","1.19e-01",NA,NA,NA,0.014160957
"GRHL1","Lymphocyte","SCZ","Wald ratio",1,"-0.135","0.087","  0.873","1.19e-01",NA,NA,NA,0.01422372
"PRKCDBP","Lymphocyte","SCZ","Wald ratio",1," 0.014","0.009","  1.014","1.19e-01",NA,NA,NA,0.014191251
"KIAA1217","Lymphocyte","SCZ","Weighted median",3,"-0.022","0.014","  0.979","1.19e-01",0.032635259,0.077009506,0.785019335,0.06347791
"PPFIA1","Lymphocyte","SCZ","Wald ratio",1,"-0.028","0.018","  0.972","1.20e-01",NA,NA,NA,0.021685852
"NAP1L5","Lymphocyte","SCZ","Wald ratio",1," 0.030","0.020","  1.031","1.20e-01",NA,NA,NA,0.022254464
"NAP1L5","Lymphocyte","SCZ","Wald ratio",1," 0.038","0.025","  1.039","1.20e-01",NA,NA,NA,0.022254464
"CPSF1","Lymphocyte","SCZ","Wald ratio",1,"-0.014","0.009","  0.986","1.21e-01",NA,NA,NA,0.014242997
"SLC39A4","Lymphocyte","SCZ","Wald ratio",1,"-0.022","0.014","  0.978","1.21e-01",NA,NA,NA,0.014242998
"C10orf72","Lymphocyte","SCZ","Wald ratio",1,"-0.020","0.013","  0.980","1.21e-01",NA,NA,NA,0.017431489
"CCDC63","Lymphocyte","SCZ","Wald ratio",1," 0.015","0.010","  1.015","1.21e-01",NA,NA,NA,0.014553666
"RUNX3","Lymphocyte","SCZ","Wald ratio",1,"-0.021","0.013","  0.979","1.21e-01",NA,NA,NA,0.014552247
"VPS28","Lymphocyte","SCZ","Wald ratio",1,"-0.022","0.014","  0.978","1.21e-01",NA,NA,NA,0.014242998
"PHKG1","Lymphocyte","SCZ","Wald ratio",1,"-0.021","0.014","  0.979","1.21e-01",NA,NA,NA,0.014833347
"CHCHD2","Lymphocyte","SCZ","Wald ratio",1,"-0.015","0.010","  0.985","1.21e-01",NA,NA,NA,0.014833444
"ASRGL1","Lymphocyte","SCZ","Wald ratio",1," 0.020","0.013","  1.020","1.21e-01",NA,NA,NA,0.018306821
"C2orf74","Lymphocyte","SCZ","Wald ratio",1," 0.015","0.009","  1.015","1.21e-01",NA,NA,NA,0.015138402
"C18orf1","Lymphocyte","SCZ","Simple mode",3,"-0.025","0.010","  0.975","1.22e-01",0.020726698,0.068757983,0.981141005,0.005073099
"ABAT","Lymphocyte","SCZ","Inverse variance weighted",2," 0.016","0.010","  1.016","1.23e-01",NA,0.927333486,NA,0.016002842
"TPCN2","Lymphocyte","SCZ","Inverse variance weighted",2," 0.026","0.017","  1.026","1.23e-01",NA,0.685798444,NA,0.01098595
"SIGLEC15","Lymphocyte","SCZ","Wald ratio",1," 0.037","0.024","  1.037","1.23e-01",NA,NA,NA,0.026498101
"SLC37A2","Lymphocyte","SCZ","Wald ratio",1," 0.036","0.023","  1.036","1.23e-01",NA,NA,NA,0.019190519
"C20orf103","Lymphocyte","SCZ","Wald ratio",1,"-0.376","0.244","  0.687","1.23e-01",NA,NA,NA,0.019474709
"MYPOP","Lymphocyte","SCZ","Wald ratio",1," 0.020","0.013","  1.020","1.24e-01",NA,NA,NA,0.014303818
"UTP23","Lymphocyte","SCZ","Wald ratio",1,"-0.875","0.569","  0.417","1.24e-01",NA,NA,NA,0.014594353
"TTC7B","Lymphocyte","SCZ","Simple mode",3,"-0.036","0.014","  0.965","1.24e-01",0.709981843,0.014183711,0.211828215,0.20567051
"KIAA0415","Lymphocyte","SCZ","Wald ratio",1,"-0.019","0.012","  0.981","1.24e-01",NA,NA,NA,0.017201034
"RADIL","Lymphocyte","SCZ","Wald ratio",1,"-0.017","0.011","  0.983","1.24e-01",NA,NA,NA,0.017201034
"GRIK4","Lymphocyte","SCZ","Inverse variance weighted",2," 0.015","0.010","  1.015","1.25e-01",NA,0.657766741,NA,0.008872489
"PCGF3","Lymphocyte","SCZ","Wald ratio",1," 0.032","0.021","  1.032","1.25e-01",NA,NA,NA,0.01577767
"CPLX1","Lymphocyte","SCZ","Wald ratio",1," 0.025","0.016","  1.025","1.25e-01",NA,NA,NA,0.015778172
"API5","Lymphocyte","SCZ","Wald ratio",1,"-0.035","0.023","  0.965","1.25e-01",NA,NA,NA,0.01606161
"SLC6A3","Lymphocyte","SCZ","Wald ratio",1,"-0.022","0.014","  0.978","1.25e-01",NA,NA,NA,0.020668402
"CRBN","Lymphocyte","SCZ","Wald ratio",1,"-0.345","0.225","  0.708","1.25e-01",NA,NA,NA,0.014332611
"CUGBP2","Lymphocyte","SCZ","Wald ratio",1,"-0.029","0.019","  0.972","1.25e-01",NA,NA,NA,0.026599709
"HS3ST3A1","Lymphocyte","SCZ","Wald ratio",1," 0.039","0.026","  1.040","1.26e-01",NA,NA,NA,0.014903103
"C6orf108","Lymphocyte","SCZ","Wald ratio",1," 0.089","0.058","  1.093","1.26e-01",NA,NA,NA,0.024920309
"FRMD4B","Lymphocyte","SCZ","Wald ratio",1," 0.036","0.024","  1.037","1.26e-01",NA,NA,NA,0.015495202
"LOC644649","Lymphocyte","SCZ","Wald ratio",1,"-0.016","0.010","  0.984","1.26e-01",NA,NA,NA,0.013924717
"TRAK1","Lymphocyte","SCZ","Weighted median",3," 0.012","0.008","  1.012","1.26e-01",0.399550412,0.265841433,0.396406047,0.011145684
"CYYR1","Lymphocyte","SCZ","Wald ratio",1,"-0.018","0.012","  0.982","1.27e-01",NA,NA,NA,0.014048262
"GPR126","Lymphocyte","SCZ","Wald ratio",1,"-0.090","0.059","  0.914","1.27e-01",NA,NA,NA,0.016959612
"GPR126","Lymphocyte","SCZ","Wald ratio",1,"-0.065","0.042","  0.937","1.27e-01",NA,NA,NA,0.016959612
"NPY","Lymphocyte","SCZ","Wald ratio",1," 0.107","0.070","  1.113","1.27e-01",NA,NA,NA,0.015520723
"C15orf41","Lymphocyte","SCZ","Wald ratio",1,"-0.023","0.015","  0.977","1.27e-01",NA,NA,NA,0.019603536
"RNF144B","Lymphocyte","SCZ","Wald ratio",1," 0.696","0.457","  2.005","1.28e-01",NA,NA,NA,0.016416596
"E2F7","Lymphocyte","SCZ","Wald ratio",1,"-0.019","0.012","  0.982","1.28e-01",NA,NA,NA,0.016110869
"LOC285593","Lymphocyte","SCZ","Wald ratio",1," 0.013","0.009","  1.013","1.28e-01",NA,NA,NA,0.013501188
"BBS2","Lymphocyte","SCZ","Wald ratio",1," 0.015","0.010","  1.016","1.28e-01",NA,NA,NA,0.013783965
"AMFR","Lymphocyte","SCZ","Wald ratio",1," 0.015","0.010","  1.015","1.28e-01",NA,NA,NA,0.013788429
"BLOC1S1","Lymphocyte","SCZ","Wald ratio",1," 1.210","0.795","  3.354","1.28e-01",NA,NA,NA,0.024451678
"ZBTB7C","Lymphocyte","SCZ","Wald ratio",1," 0.016","0.010","  1.016","1.28e-01",NA,NA,NA,0.014924063
"PTPRN2","Lymphocyte","SCZ","Simple mode",8," 0.012","0.007","  1.013","1.29e-01",0.022782382,0.001270353,0.103111946,0.004575196
"ARHGEF10","Lymphocyte","SCZ","Inverse variance weighted",3,"-0.013","0.008","  0.988","1.29e-01",0.291594082,0.230619844,0.42225751,0.00422806
"SHE","Lymphocyte","SCZ","Wald ratio",1," 0.064","0.042","  1.066","1.29e-01",NA,NA,NA,0.017917501
"MCF2L2","Lymphocyte","SCZ","Wald ratio",1," 0.197","0.130","  1.218","1.29e-01",NA,NA,NA,0.013529524
"C1orf83","Lymphocyte","SCZ","Wald ratio",1," 0.022","0.014","  1.022","1.29e-01",NA,NA,NA,0.014126654
"C12orf49","Lymphocyte","SCZ","Wald ratio",1," 1.336","0.882","  3.806","1.30e-01",NA,NA,NA,0.015007085
"C16orf72","Lymphocyte","SCZ","Wald ratio",1," 0.209","0.138","  1.232","1.30e-01",NA,NA,NA,0.016776567
"XYLT1","Lymphocyte","SCZ","Inverse variance weighted",2," 0.014","0.009","  1.014","1.30e-01",NA,0.959319241,NA,0.00844401
"C10orf111","Lymphocyte","SCZ","Wald ratio",1,"-1.725","1.142","  0.178","1.31e-01",NA,NA,NA,0.020848913
"KHNYN","Lymphocyte","SCZ","Wald ratio",1," 0.180","0.120","  1.198","1.31e-01",NA,NA,NA,0.015034615
"SERINC3","Lymphocyte","SCZ","Wald ratio",1,"-0.385","0.256","  0.680","1.32e-01",NA,NA,NA,0.020873578
"PKIG","Lymphocyte","SCZ","Wald ratio",1,"-0.052","0.034","  0.950","1.32e-01",NA,NA,NA,0.020886197
"PRKCA","Lymphocyte","SCZ","Weighted median",4," 0.030","0.020","  1.030","1.32e-01",0.010111208,0.026874139,0.988013738,0.015972828
"ENPP7","Lymphocyte","SCZ","Wald ratio",1,"-0.015","0.010","  0.985","1.32e-01",NA,NA,NA,0.013589922
"GOLSYN","Lymphocyte","SCZ","Wald ratio",1," 0.039","0.026","  1.039","1.32e-01",NA,NA,NA,0.016249019
"GPATCH1","Lymphocyte","SCZ","Wald ratio",1," 0.035","0.023","  1.035","1.33e-01",NA,NA,NA,0.022633207
"FAM155A","Lymphocyte","SCZ","Wald ratio",1," 0.014","0.009","  1.014","1.34e-01",NA,NA,NA,0.013335866
"GUSBL2","Lymphocyte","SCZ","Wald ratio",1,"-0.024","0.016","  0.976","1.34e-01",NA,NA,NA,0.02324633
"CSGALNACT1","Lymphocyte","SCZ","Wald ratio",1,"-0.023","0.016","  0.977","1.34e-01",NA,NA,NA,0.014814849
"BREA2","Lymphocyte","SCZ","Wald ratio",1,"-0.019","0.013","  0.981","1.34e-01",NA,NA,NA,0.018337305
"MSRB3","Lymphocyte","SCZ","Wald ratio",1,"-0.035","0.023","  0.966","1.34e-01",NA,NA,NA,0.014217713
"MACROD2","Lymphocyte","SCZ","Wald ratio",1," 0.015","0.010","  1.015","1.34e-01",NA,NA,NA,0.013623861
"GUCY1B2","Lymphocyte","SCZ","Wald ratio",1,"-0.033","0.022","  0.968","1.34e-01",NA,NA,NA,0.015394046
"RBMS1","Lymphocyte","SCZ","Wald ratio",1," 0.019","0.013","  1.020","1.34e-01",NA,NA,NA,0.013322961
"ERAP1","Lymphocyte","SCZ","Wald ratio",1," 0.062","0.042","  1.064","1.34e-01",NA,NA,NA,0.025831218
"AFF3","Lymphocyte","SCZ","Wald ratio",1,"-0.147","0.098","  0.863","1.35e-01",NA,NA,NA,0.016913075
"KALRN","Lymphocyte","SCZ","Wald ratio",1,"-0.037","0.025","  0.963","1.35e-01",NA,NA,NA,0.016608667
"LILRB1","Lymphocyte","SCZ","Wald ratio",1,"-0.231","0.154","  0.794","1.35e-01",NA,NA,NA,0.01366911
"BSX","Lymphocyte","SCZ","Wald ratio",1,"-0.034","0.023","  0.966","1.35e-01",NA,NA,NA,0.013079813
"MYO3B","Lymphocyte","SCZ","Inverse variance weighted",3," 0.011","0.007","  1.011","1.35e-01",0.896464421,0.903894997,0.741313444,0.006673782
"CASS4","Lymphocyte","SCZ","Wald ratio",1,"-0.027","0.018","  0.973","1.36e-01",NA,NA,NA,0.015475658
"CLIP2","Lymphocyte","SCZ","Wald ratio",1," 0.016","0.011","  1.016","1.36e-01",NA,NA,NA,0.014876465
"LHX3","Lymphocyte","SCZ","Wald ratio",1," 0.222","0.149","  1.249","1.36e-01",NA,NA,NA,0.01400273
"QSOX2","Lymphocyte","SCZ","Wald ratio",1," 0.020","0.014","  1.021","1.36e-01",NA,NA,NA,0.01400273
"EFNA5","Lymphocyte","SCZ","Simple mode",3,"-0.047","0.019","  0.954","1.36e-01",0.001788789,0.007226016,0.934005818,0.414558478
"FBLN2","Lymphocyte","SCZ","Wald ratio",1,"-0.138","0.093","  0.871","1.36e-01",NA,NA,NA,0.027326512
"ACOT11","Lymphocyte","SCZ","Wald ratio",1," 0.034","0.023","  1.035","1.36e-01",NA,NA,NA,0.013993981
"KIF7","Lymphocyte","SCZ","Wald ratio",1," 0.015","0.010","  1.015","1.37e-01",NA,NA,NA,0.013693805
"PCDH15","Lymphocyte","SCZ","Wald ratio",1,"-0.015","0.010","  0.985","1.37e-01",NA,NA,NA,0.013693805
"MYO3B","Lymphocyte","SCZ","Weighted median",3," 0.011","0.008","  1.011","1.37e-01",0.896464421,0.903894997,0.741313444,0.006673782
"CDC42EP5","Lymphocyte","SCZ","Wald ratio",1," 0.015","0.010","  1.016","1.37e-01",NA,NA,NA,0.013099166
"KCTD16","Lymphocyte","SCZ","Wald ratio",1,"-0.013","0.009","  0.987","1.37e-01",NA,NA,NA,0.013099166
"LENG8","Lymphocyte","SCZ","Wald ratio",1," 0.035","0.024","  1.036","1.37e-01",NA,NA,NA,0.013099166
"DOCK2","Lymphocyte","SCZ","Inverse variance weighted",2," 0.011","0.007","  1.011","1.38e-01",NA,0.59327471,NA,0.013362486
"MAN1A1","Lymphocyte","SCZ","Wald ratio",1," 0.017","0.012","  1.018","1.38e-01",NA,NA,NA,0.014039283
"RAC2","Lymphocyte","SCZ","Wald ratio",1,"-0.054","0.037","  0.947","1.38e-01",NA,NA,NA,0.012858308
"MPP6","Lymphocyte","SCZ","Wald ratio",1,"-1.320","0.890","  0.267","1.38e-01",NA,NA,NA,0.025710253
"KLHDC7A","Lymphocyte","SCZ","Wald ratio",1," 0.014","0.010","  1.015","1.38e-01",NA,NA,NA,0.013142135
"ACY3","Lymphocyte","SCZ","Wald ratio",1,"-0.031","0.021","  0.969","1.38e-01",NA,NA,NA,0.021121538
"TFAM","Lymphocyte","SCZ","Wald ratio",1," 1.383","0.933","  3.989","1.38e-01",NA,NA,NA,0.016440578
"B3GNT7","Lymphocyte","SCZ","Wald ratio",1," 0.023","0.016","  1.023","1.39e-01",NA,NA,NA,0.014670954
"PASK","Lymphocyte","SCZ","Wald ratio",1," 0.021","0.014","  1.021","1.39e-01",NA,NA,NA,0.017062935
"MTERFD2","Lymphocyte","SCZ","Wald ratio",1," 0.018","0.012","  1.018","1.39e-01",NA,NA,NA,0.017062934
"PDE4B","Lymphocyte","SCZ","Wald ratio",1," 0.166","0.112","  1.180","1.39e-01",NA,NA,NA,0.013481095
"GJA3","Lymphocyte","SCZ","Wald ratio",1," 0.062","0.042","  1.064","1.40e-01",NA,NA,NA,0.012596787
"SV2B","Lymphocyte","SCZ","Wald ratio",1,"-0.021","0.014","  0.979","1.40e-01",NA,NA,NA,0.012596787
"CEBPE","Lymphocyte","SCZ","Wald ratio",1,"-0.020","0.014","  0.980","1.40e-01",NA,NA,NA,0.012594051
"CLDN23","Lymphocyte","SCZ","Wald ratio",1,"-0.026","0.018","  0.974","1.40e-01",NA,NA,NA,0.01471355
"IPO11","Lymphocyte","SCZ","Wald ratio",1," 0.030","0.020","  1.030","1.40e-01",NA,NA,NA,0.014423263
"C20orf108","Lymphocyte","SCZ","Wald ratio",1," 0.121","0.082","  1.129","1.40e-01",NA,NA,NA,0.016818575
"AUTS2","Lymphocyte","SCZ","Weighted mode",3,"-0.025","0.010","  0.975","1.40e-01",0.775238562,0.952915261,0.922592199,0.00463654
"AFMID","Lymphocyte","SCZ","Wald ratio",1," 0.038","0.026","  1.038","1.40e-01",NA,NA,NA,0.02754112
"LMF1","Lymphocyte","SCZ","Wald ratio",1," 0.015","0.010","  1.015","1.41e-01",NA,NA,NA,0.013684652
"UBE2W","Lymphocyte","SCZ","Wald ratio",1,"-0.023","0.015","  0.978","1.41e-01",NA,NA,NA,0.019186801
"PDE7A","Lymphocyte","SCZ","Wald ratio",1," 0.024","0.016","  1.024","1.41e-01",NA,NA,NA,0.013232449
"CAPN1","Lymphocyte","SCZ","Wald ratio",1,"-0.060","0.041","  0.941","1.41e-01",NA,NA,NA,0.013231504
"SLC22A20","Lymphocyte","SCZ","Wald ratio",1,"-0.043","0.029","  0.958","1.41e-01",NA,NA,NA,0.013231504
"ABCC11","Lymphocyte","SCZ","Wald ratio",1," 0.021","0.015","  1.022","1.41e-01",NA,NA,NA,0.020383058
"MGC45800","Lymphocyte","SCZ","Wald ratio",1,"-0.037","0.025","  0.964","1.41e-01",NA,NA,NA,0.01292624
"MIR548N","Lymphocyte","SCZ","Wald ratio",1,"-0.019","0.013","  0.981","1.41e-01",NA,NA,NA,0.014759182
"GTF3C6","Lymphocyte","SCZ","Wald ratio",1," 0.097","0.066","  1.101","1.42e-01",NA,NA,NA,0.016857136
"C22orf34","Lymphocyte","SCZ","Wald ratio",1,"-0.015","0.010","  0.985","1.42e-01",NA,NA,NA,0.014155842
"C22orf43","Lymphocyte","SCZ","Wald ratio",1," 0.014","0.009","  1.014","1.42e-01",NA,NA,NA,0.012984632
"ARHGAP8","Lymphocyte","SCZ","Wald ratio",1," 0.021","0.014","  1.021","1.43e-01",NA,NA,NA,0.012675421
"GJA5","Lymphocyte","SCZ","Wald ratio",1,"-0.034","0.023","  0.967","1.43e-01",NA,NA,NA,0.014501423
"IL4I1","Lymphocyte","SCZ","Wald ratio",1," 0.016","0.011","  1.016","1.44e-01",NA,NA,NA,0.014850757
"IL4I1","Lymphocyte","SCZ","Wald ratio",1," 0.276","0.189","  1.318","1.44e-01",NA,NA,NA,0.014850583
"FHAD1","Lymphocyte","SCZ","Wald ratio",1,"-0.017","0.011","  0.984","1.44e-01",NA,NA,NA,0.012736339
"CDCP1","Lymphocyte","SCZ","Wald ratio",1," 0.087","0.060","  1.091","1.44e-01",NA,NA,NA,0.017859921
"CSMD2","Lymphocyte","SCZ","Inverse variance weighted",2,"-0.016","0.011","  0.984","1.46e-01",NA,0.275329157,NA,0.028320352
"CC2D2A","Lymphocyte","SCZ","Wald ratio",1," 0.070","0.048","  1.072","1.46e-01",NA,NA,NA,0.012764306
"AGXT2L1","Lymphocyte","SCZ","Wald ratio",1,"-0.029","0.020","  0.971","1.46e-01",NA,NA,NA,0.018537578
"CDK2","Lymphocyte","SCZ","Wald ratio",1," 0.027","0.019","  1.028","1.46e-01",NA,NA,NA,0.022971513
"CFD","Lymphocyte","SCZ","Wald ratio",1," 0.039","0.027","  1.040","1.46e-01",NA,NA,NA,0.013421431
"DNAJC13","Lymphocyte","SCZ","Wald ratio",1,"-0.020","0.014","  0.980","1.47e-01",NA,NA,NA,0.019198707
"TMEM20","Lymphocyte","SCZ","Wald ratio",1," 0.434","0.300","  1.544","1.48e-01",NA,NA,NA,0.012228198
"MINA","Lymphocyte","SCZ","Wald ratio",1," 0.015","0.010","  1.015","1.48e-01",NA,NA,NA,0.013465983
"LOC151162","Lymphocyte","SCZ","Wald ratio",1," 0.024","0.017","  1.025","1.48e-01",NA,NA,NA,0.020738211
"MGAT5","Lymphocyte","SCZ","Wald ratio",1," 0.023","0.016","  1.023","1.48e-01",NA,NA,NA,0.020738211
"FLJ37453","Lymphocyte","SCZ","Wald ratio",1,"-0.062","0.043","  0.940","1.48e-01",NA,NA,NA,0.01952958
"HDAC4","Lymphocyte","SCZ","Weighted median",3," 0.010","0.007","  1.010","1.48e-01",0.293547541,0.551633034,0.826227834,0.008159599
"MAML3","Lymphocyte","SCZ","Inverse variance weighted",2,"-0.019","0.013","  0.981","1.48e-01",NA,0.419508486,NA,0.011519508
"SH2D3A","Lymphocyte","SCZ","Wald ratio",1," 0.021","0.014","  1.021","1.49e-01",NA,NA,NA,0.015024428
"TBX2","Lymphocyte","SCZ","Wald ratio",1,"-0.269","0.187","  0.764","1.49e-01",NA,NA,NA,0.013511453
"CSMD1","Lymphocyte","SCZ","Simple mode",4," 0.018","0.009","  1.018","1.49e-01",0.742387939,0.244885456,0.199723882,0.016214765
"SPTLC3","Lymphocyte","SCZ","Wald ratio",1,"-0.029","0.020","  0.972","1.49e-01",NA,NA,NA,0.011985042
"GRAMD1A","Lymphocyte","SCZ","Wald ratio",1," 0.016","0.011","  1.016","1.49e-01",NA,NA,NA,0.013204787
"HERC1","Lymphocyte","SCZ","Wald ratio",1," 0.124","0.086","  1.132","1.50e-01",NA,NA,NA,0.012917171
"TFEB","Lymphocyte","SCZ","Wald ratio",1," 0.015","0.010","  1.015","1.50e-01",NA,NA,NA,0.012629119
"RMST","Lymphocyte","SCZ","Wald ratio",1,"-0.018","0.013","  0.982","1.50e-01",NA,NA,NA,0.012308779
"PRSS3","Lymphocyte","SCZ","Wald ratio",1," 0.040","0.028","  1.041","1.50e-01",NA,NA,NA,0.012321239
"EFNA5","Lymphocyte","SCZ","Weighted median",3,"-0.026","0.018","  0.974","1.51e-01",0.001788789,0.007226016,0.934005818,0.414558478
"C19orf55","Lymphocyte","SCZ","Wald ratio",1,"-0.022","0.015","  0.978","1.51e-01",NA,NA,NA,0.012006219
"UPK1A","Lymphocyte","SCZ","Wald ratio",1,"-0.013","0.009","  0.987","1.51e-01",NA,NA,NA,0.012024989
"CDH3","Lymphocyte","SCZ","Wald ratio",1,"-0.026","0.018","  0.974","1.51e-01",NA,NA,NA,0.018180037
"C4orf49","Lymphocyte","SCZ","Wald ratio",1,"-0.038","0.026","  0.963","1.51e-01",NA,NA,NA,0.013608153
"DNAH7","Lymphocyte","SCZ","Wald ratio",1," 0.309","0.216","  1.362","1.52e-01",NA,NA,NA,0.013318374
"RFX2","Lymphocyte","SCZ","Wald ratio",1,"-0.075","0.052","  0.928","1.52e-01",NA,NA,NA,0.021867219
"TMEM45B","Lymphocyte","SCZ","Wald ratio",1,"-0.031","0.022","  0.969","1.52e-01",NA,NA,NA,0.012078175
"GABBR1","Lymphocyte","SCZ","Wald ratio",1," 0.028","0.019","  1.028","1.52e-01",NA,NA,NA,0.025440295
"BCL2L15","Lymphocyte","SCZ","Wald ratio",1," 0.017","0.012","  1.017","1.53e-01",NA,NA,NA,0.012724816
"CYFIP1","Lymphocyte","SCZ","Wald ratio",1," 0.023","0.016","  1.023","1.54e-01",NA,NA,NA,0.01492719
"C14orf181","Lymphocyte","SCZ","Wald ratio",1,"-0.022","0.015","  0.979","1.54e-01",NA,NA,NA,0.013061063
"SRGAP3","Lymphocyte","SCZ","Wald ratio",1," 0.035","0.024","  1.035","1.54e-01",NA,NA,NA,0.019250729
"KCNK12","Lymphocyte","SCZ","Wald ratio",1," 0.123","0.086","  1.131","1.54e-01",NA,NA,NA,0.011841082
"ADAMTS9","Lymphocyte","SCZ","Wald ratio",1," 0.020","0.014","  1.021","1.54e-01",NA,NA,NA,0.012773898
"MAP1D","Lymphocyte","SCZ","Wald ratio",1,"-0.089","0.063","  0.915","1.54e-01",NA,NA,NA,0.014994407
"DLX1","Lymphocyte","SCZ","Wald ratio",1,"-0.096","0.068","  0.908","1.54e-01",NA,NA,NA,0.014994407
"UCMA","Lymphocyte","SCZ","Wald ratio",1,"-0.039","0.028","  0.962","1.55e-01",NA,NA,NA,0.024881324
"C14orf106","Lymphocyte","SCZ","Wald ratio",1,"-5.261","3.700","  0.005","1.55e-01",NA,NA,NA,0.024477025
"INPP5A","Lymphocyte","SCZ","Wald ratio",1,"-0.078","0.055","  0.925","1.55e-01",NA,NA,NA,0.012828091
"ATAD3A","Lymphocyte","SCZ","Wald ratio",1,"-0.016","0.012","  0.984","1.57e-01",NA,NA,NA,0.012883755
"VWA1","Lymphocyte","SCZ","Wald ratio",1,"-0.018","0.013","  0.982","1.57e-01",NA,NA,NA,0.012883804
"SSU72","Lymphocyte","SCZ","Wald ratio",1,"-0.015","0.011","  0.985","1.57e-01",NA,NA,NA,0.012883804
"TMEM88B","Lymphocyte","SCZ","Wald ratio",1,"-0.018","0.013","  0.982","1.57e-01",NA,NA,NA,0.012553123
"APOB","Lymphocyte","SCZ","Wald ratio",1,"-0.031","0.022","  0.969","1.58e-01",NA,NA,NA,0.012298833
"AGAP1","Lymphocyte","SCZ","Wald ratio",1," 0.023","0.017","  1.024","1.58e-01",NA,NA,NA,0.011638011
"BCL2","Lymphocyte","SCZ","Wald ratio",1," 0.297","0.211","  1.346","1.58e-01",NA,NA,NA,0.021040543
"APBB2","Lymphocyte","SCZ","Wald ratio",1," 0.018","0.013","  1.018","1.58e-01",NA,NA,NA,0.0122821
"UBE2K","Lymphocyte","SCZ","Wald ratio",1," 0.021","0.015","  1.021","1.58e-01",NA,NA,NA,0.013580773
"KRT36","Lymphocyte","SCZ","Wald ratio",1," 0.018","0.013","  1.019","1.58e-01",NA,NA,NA,0.014860906
"RPS6KA2","Lymphocyte","SCZ","MR Egger",7," 0.048","0.029","  1.049","1.58e-01",0.032583237,0.008301282,0.206743212,0.049068768
"CCL2","Lymphocyte","SCZ","Wald ratio",1,"-0.019","0.013","  0.981","1.59e-01",NA,NA,NA,0.013920237
"ANXA6","Lymphocyte","SCZ","Wald ratio",1," 0.022","0.016","  1.022","1.59e-01",NA,NA,NA,0.011695074
"CCDC28A","Lymphocyte","SCZ","Wald ratio",1," 1.080","0.767","  2.944","1.59e-01",NA,NA,NA,0.015194722
"GRAMD4","Lymphocyte","SCZ","Wald ratio",1,"-0.020","0.014","  0.980","1.59e-01",NA,NA,NA,0.015545928
"SMAD2","Lymphocyte","SCZ","Wald ratio",1,"-0.079","0.056","  0.924","1.60e-01",NA,NA,NA,0.011400144
"MIR1257","Lymphocyte","SCZ","Wald ratio",1,"-0.019","0.013","  0.981","1.60e-01",NA,NA,NA,0.012047242
"TAF4","Lymphocyte","SCZ","Wald ratio",1,"-0.015","0.011","  0.985","1.60e-01",NA,NA,NA,0.012047242
"PRICKLE2","Lymphocyte","SCZ","Wald ratio",1," 0.121","0.086","  1.128","1.60e-01",NA,NA,NA,0.017449548
"CLN5","Lymphocyte","SCZ","Wald ratio",1," 0.069","0.049","  1.072","1.60e-01",NA,NA,NA,0.016805762
"GOLM1","Lymphocyte","SCZ","Wald ratio",1," 0.015","0.011","  1.015","1.60e-01",NA,NA,NA,0.013337194
"PARD3","Lymphocyte","SCZ","Inverse variance weighted",2,"-0.018","0.013","  0.982","1.60e-01",NA,0.24559113,NA,0.011256159
"CTSL1","Lymphocyte","SCZ","Wald ratio",1," 0.031","0.022","  1.031","1.60e-01",NA,NA,NA,0.011752812
"SEC14L4","Lymphocyte","SCZ","Wald ratio",1,"-0.026","0.019","  0.974","1.60e-01",NA,NA,NA,0.013036404
"IL22RA2","Lymphocyte","SCZ","Wald ratio",1,"-0.016","0.011","  0.984","1.61e-01",NA,NA,NA,0.014317405
"LMBR1","Lymphocyte","SCZ","Wald ratio",1,"-0.452","0.322","  0.636","1.61e-01",NA,NA,NA,0.011469935
"BCL2L14","Lymphocyte","SCZ","Inverse variance weighted",2," 0.015","0.011","  1.015","1.62e-01",NA,0.582729839,NA,0.004480744
"FBXW2","Lymphocyte","SCZ","Wald ratio",1," 0.027","0.019","  1.027","1.62e-01",NA,NA,NA,0.016000378
"SCHIP1","Lymphocyte","SCZ","Wald ratio",1,"-0.016","0.012","  0.984","1.62e-01",NA,NA,NA,0.013453817
"WISP1","Lymphocyte","SCZ","Inverse variance weighted",2," 0.013","0.009","  1.013","1.62e-01",NA,0.67702218,NA,0.004341017
"ISYNA1","Lymphocyte","SCZ","Wald ratio",1," 0.081","0.058","  1.085","1.63e-01",NA,NA,NA,0.013796262
"SSBP4","Lymphocyte","SCZ","Wald ratio",1," 0.041","0.029","  1.042","1.63e-01",NA,NA,NA,0.01379048
"CHST11","Lymphocyte","SCZ","Inverse variance weighted",2,"-0.014","0.010","  0.986","1.63e-01",NA,0.446813081,NA,0.007209395
"ZNF467","Lymphocyte","SCZ","Wald ratio",1,"-0.092","0.066","  0.912","1.63e-01",NA,NA,NA,0.018915006
"SSPO","Lymphocyte","SCZ","Wald ratio",1,"-0.062","0.045","  0.939","1.63e-01",NA,NA,NA,0.018905069
"GJD2","Lymphocyte","SCZ","Wald ratio",1," 0.052","0.037","  1.053","1.63e-01",NA,NA,NA,0.012220687
"QPCT","Lymphocyte","SCZ","Wald ratio",1,"-0.017","0.012","  0.983","1.63e-01",NA,NA,NA,0.011580991
"CTNNA3","Lymphocyte","SCZ","Wald ratio",1,"-0.017","0.012","  0.983","1.63e-01",NA,NA,NA,0.011580991
"DFNB31","Lymphocyte","SCZ","Wald ratio",1," 0.029","0.021","  1.029","1.65e-01",NA,NA,NA,0.011636581
"DFNB31","Lymphocyte","SCZ","Wald ratio",1," 0.017","0.012","  1.017","1.65e-01",NA,NA,NA,0.011636581
"HTR6","Lymphocyte","SCZ","Wald ratio",1,"-0.020","0.014","  0.980","1.65e-01",NA,NA,NA,0.011636581
"IMMP2L","Lymphocyte","SCZ","Inverse variance weighted",2," 0.037","0.027","  1.038","1.66e-01",NA,0.000384186,NA,0.999997048
"FLG","Lymphocyte","SCZ","Wald ratio",1,"-0.013","0.009","  0.987","1.66e-01",NA,NA,NA,0.011332244
"HRNR","Lymphocyte","SCZ","Wald ratio",1,"-0.013","0.009","  0.987","1.66e-01",NA,NA,NA,0.011332244
"FLG2","Lymphocyte","SCZ","Wald ratio",1,"-0.013","0.009","  0.987","1.66e-01",NA,NA,NA,0.011328812
"PRPF40A","Lymphocyte","SCZ","Wald ratio",1," 0.017","0.012","  1.017","1.66e-01",NA,NA,NA,0.012338186
"PFN2","Lymphocyte","SCZ","Wald ratio",1," 0.014","0.010","  1.014","1.67e-01",NA,NA,NA,0.012050965
"LOC339788","Lymphocyte","SCZ","Wald ratio",1,"-0.019","0.014","  0.981","1.67e-01",NA,NA,NA,0.016910522
"GMDS","Lymphocyte","SCZ","Weighted mode",4,"-0.013","0.007","  0.987","1.67e-01",0.733078382,0.703850345,0.468801011,0.009287979
"RNF39","Lymphocyte","SCZ","Wald ratio",1,"-0.023","0.016","  0.978","1.67e-01",NA,NA,NA,0.017885262
"HCG9","Lymphocyte","SCZ","Wald ratio",1,"-0.336","0.243","  0.714","1.67e-01",NA,NA,NA,0.017885262
"KYNU","Lymphocyte","SCZ","Wald ratio",1," 0.039","0.028","  1.040","1.67e-01",NA,NA,NA,0.012393809
"GGT1","Lymphocyte","SCZ","Wald ratio",1,"-0.018","0.013","  0.983","1.68e-01",NA,NA,NA,0.012094932
"PAG1","Lymphocyte","SCZ","Wald ratio",1," 0.165","0.120","  1.180","1.68e-01",NA,NA,NA,0.011463597
"MALL","Lymphocyte","SCZ","Wald ratio",1,"-0.096","0.070","  0.908","1.68e-01",NA,NA,NA,0.011452788
"KLF15","Lymphocyte","SCZ","Wald ratio",1," 0.243","0.176","  1.275","1.68e-01",NA,NA,NA,0.011452788
"IDH3B","Lymphocyte","SCZ","Wald ratio",1," 0.175","0.128","  1.191","1.69e-01",NA,NA,NA,0.011171231
"TIMD4","Lymphocyte","SCZ","Wald ratio",1," 0.039","0.029","  1.040","1.70e-01",NA,NA,NA,0.011515011
"FAM53B","Lymphocyte","SCZ","Wald ratio",1,"-0.018","0.013","  0.983","1.70e-01",NA,NA,NA,0.010873808
"EXOC4","Lymphocyte","SCZ","Wald ratio",1,"-0.012","0.009","  0.988","1.70e-01",NA,NA,NA,0.010873808
"IGSF21","Lymphocyte","SCZ","Simple mode",3," 0.023","0.011","  1.024","1.70e-01",0.9738759,0.659461738,0.529309127,0.097070481
"LOC153328","Lymphocyte","SCZ","Wald ratio",1," 0.014","0.010","  1.014","1.70e-01",NA,NA,NA,0.011233649
"DIAPH3","Lymphocyte","SCZ","Wald ratio",1," 0.013","0.009","  1.013","1.71e-01",NA,NA,NA,0.011218752
"GPC1","Lymphocyte","SCZ","Wald ratio",1,"-0.019","0.014","  0.981","1.71e-01",NA,NA,NA,0.015883419
"SNTG1","Lymphocyte","SCZ","Wald ratio",1,"-0.021","0.015","  0.979","1.71e-01",NA,NA,NA,0.012923291
"TMEM132D","Lymphocyte","SCZ","Weighted median",3,"-0.010","0.008","  0.990","1.71e-01",0.62449677,0.882201454,0.933258477,0.010235438
"UBXN6","Lymphocyte","SCZ","Wald ratio",1,"-0.013","0.010","  0.987","1.71e-01",NA,NA,NA,0.010932749
"RAPGEF2","Lymphocyte","SCZ","Wald ratio",1,"-0.023","0.017","  0.977","1.72e-01",NA,NA,NA,0.011279736
"KLHL1","Lymphocyte","SCZ","Inverse variance weighted",2," 0.019","0.014","  1.019","1.72e-01",NA,0.402312294,NA,0.014326101
"NPTN","Lymphocyte","SCZ","Wald ratio",1," 0.739","0.542","  2.093","1.73e-01",NA,NA,NA,0.020615796
"COL15A1","Lymphocyte","SCZ","Inverse variance weighted",2,"-0.030","0.022","  0.970","1.73e-01",NA,0.904058406,NA,0.006817753
"CASP10","Lymphocyte","SCZ","Wald ratio",1,"-0.043","0.032","  0.958","1.74e-01",NA,NA,NA,0.010706518
"LBX2","Lymphocyte","SCZ","Wald ratio",1,"-0.036","0.026","  0.965","1.74e-01",NA,NA,NA,0.015435713
"PCGF1","Lymphocyte","SCZ","Wald ratio",1,"-0.018","0.014","  0.982","1.74e-01",NA,NA,NA,0.015435713
"LOC151534","Lymphocyte","SCZ","Wald ratio",1,"-0.029","0.022","  0.971","1.74e-01",NA,NA,NA,0.015435713
"STIM2","Lymphocyte","SCZ","Wald ratio",1," 0.063","0.046","  1.065","1.74e-01",NA,NA,NA,0.01070131
"PYGB","Lymphocyte","SCZ","Wald ratio",1,"-0.012","0.009","  0.988","1.74e-01",NA,NA,NA,0.01070131
"TMEM132D","Lymphocyte","SCZ","Inverse variance weighted",3,"-0.010","0.007","  0.990","1.74e-01",0.62449677,0.882201454,0.933258477,0.010235438
"EHF","Lymphocyte","SCZ","Inverse variance weighted",2,"-0.014","0.011","  0.986","1.74e-01",NA,0.581466174,NA,0.008678315
"SFRS15","Lymphocyte","SCZ","Wald ratio",1,"-0.052","0.038","  0.949","1.74e-01",NA,NA,NA,0.017792742
"ALDH4A1","Lymphocyte","SCZ","Wald ratio",1," 0.020","0.015","  1.020","1.75e-01",NA,NA,NA,0.011725232
"FOSL2","Lymphocyte","SCZ","Wald ratio",1,"-0.013","0.010","  0.987","1.75e-01",NA,NA,NA,0.01076703
"COL16A1","Lymphocyte","SCZ","Wald ratio",1,"-0.052","0.038","  0.949","1.75e-01",NA,NA,NA,0.01076703
"TNFAIP8L1","Lymphocyte","SCZ","Wald ratio",1," 0.014","0.010","  1.014","1.75e-01",NA,NA,NA,0.010765762
"AKR1CL1","Lymphocyte","SCZ","Wald ratio",1,"-0.013","0.010","  0.987","1.75e-01",NA,NA,NA,0.011127411
"ERC2","Lymphocyte","SCZ","Weighted mode",3," 0.032","0.016","  1.033","1.75e-01",0.00507426,0.019610078,0.976574367,0.181444953
"KIAA1274","Lymphocyte","SCZ","Wald ratio",1,"-0.022","0.016","  0.979","1.75e-01",NA,NA,NA,0.011112795
"SCP2","Lymphocyte","SCZ","Wald ratio",1,"-0.013","0.009","  0.987","1.75e-01",NA,NA,NA,0.011112807
"ECHDC2","Lymphocyte","SCZ","Wald ratio",1,"-0.016","0.011","  0.985","1.75e-01",NA,NA,NA,0.011112808
"SCP2","Lymphocyte","SCZ","Wald ratio",1,"-0.290","0.214","  0.748","1.75e-01",NA,NA,NA,0.011112808
"TNFSF15","Lymphocyte","SCZ","Wald ratio",1," 0.013","0.010","  1.013","1.76e-01",NA,NA,NA,0.01147215
"AASS","Lymphocyte","SCZ","Wald ratio",1," 0.022","0.016","  1.022","1.76e-01",NA,NA,NA,0.012270936
"C4orf19","Lymphocyte","SCZ","Wald ratio",1," 0.013","0.009","  1.013","1.76e-01",NA,NA,NA,0.010767937
"LSG1","Lymphocyte","SCZ","Wald ratio",1," 0.025","0.019","  1.026","1.77e-01",NA,NA,NA,0.011537173
"PDCD6IP","Lymphocyte","SCZ","Wald ratio",1,"-0.014","0.010","  0.986","1.77e-01",NA,NA,NA,0.011881874
"QSOX1","Lymphocyte","SCZ","Wald ratio",1,"-0.016","0.012","  0.984","1.77e-01",NA,NA,NA,0.012239252
"RGS17","Lymphocyte","SCZ","Wald ratio",1," 0.031","0.023","  1.032","1.77e-01",NA,NA,NA,0.010543134
"CNTNAP4","Lymphocyte","SCZ","Wald ratio",1," 0.035","0.026","  1.036","1.77e-01",NA,NA,NA,0.010896056
"TTC7A","Lymphocyte","SCZ","Wald ratio",1,"-0.013","0.010","  0.987","1.78e-01",NA,NA,NA,0.008051802
"SPATA13","Lymphocyte","SCZ","Inverse variance weighted",3,"-0.012","0.009","  0.988","1.78e-01",0.59277256,0.710825641,0.642201727,0.010894742
"KRT1","Lymphocyte","SCZ","Wald ratio",1,"-0.017","0.013","  0.983","1.78e-01",NA,NA,NA,0.013992257
"GAB4","Lymphocyte","SCZ","Wald ratio",1," 0.027","0.020","  1.027","1.78e-01",NA,NA,NA,0.011947391
"PROZ","Lymphocyte","SCZ","Wald ratio",1," 0.015","0.011","  1.016","1.78e-01",NA,NA,NA,0.012579519
"SOAT2","Lymphocyte","SCZ","Wald ratio",1,"-0.027","0.020","  0.974","1.79e-01",NA,NA,NA,0.017646723
"ABHD2","Lymphocyte","SCZ","Wald ratio",1," 0.254","0.189","  1.290","1.79e-01",NA,NA,NA,0.01060513
"PPP3R1","Lymphocyte","SCZ","Wald ratio",1," 0.023","0.017","  1.023","1.79e-01",NA,NA,NA,0.010961797
"MYO10","Lymphocyte","SCZ","Wald ratio",1,"-0.012","0.009","  0.988","1.79e-01",NA,NA,NA,0.010600089
"SAMD12","Lymphocyte","SCZ","Inverse variance weighted",2,"-0.047","0.035","  0.954","1.79e-01",NA,0.031420409,NA,0.077493718
"PTGIS","Lymphocyte","SCZ","Wald ratio",1," 0.025","0.019","  1.026","1.79e-01",NA,NA,NA,0.017440946
"CACNA1D","Lymphocyte","SCZ","Wald ratio",1," 0.023","0.017","  1.023","1.80e-01",NA,NA,NA,0.014126594
"PDE4D","Lymphocyte","SCZ","Weighted mode",3,"-0.032","0.016","  0.969","1.80e-01",0.004285729,0.013850963,0.861243467,0.029224154
"STATH","Lymphocyte","SCZ","Wald ratio",1," 0.022","0.016","  1.022","1.80e-01",NA,NA,NA,0.011653793
"RABL4","Lymphocyte","SCZ","Wald ratio",1,"-0.016","0.012","  0.984","1.80e-01",NA,NA,NA,0.013140008
"TARM1","Lymphocyte","SCZ","Wald ratio",1," 0.020","0.015","  1.021","1.80e-01",NA,NA,NA,0.013140008
"VSTM1","Lymphocyte","SCZ","Wald ratio",1," 0.017","0.013","  1.018","1.80e-01",NA,NA,NA,0.013131742
"PECR","Lymphocyte","SCZ","Wald ratio",1,"-0.235","0.176","  0.791","1.81e-01",NA,NA,NA,0.010371196
"DLG2","Lymphocyte","SCZ","Wald ratio",1," 0.017","0.012","  1.017","1.81e-01",NA,NA,NA,0.013201876
"DOCK6","Lymphocyte","SCZ","Inverse variance weighted",2,"-0.013","0.010","  0.987","1.82e-01",NA,0.244299071,NA,0.005994195
"CGN","Lymphocyte","SCZ","Wald ratio",1," 0.314","0.235","  1.370","1.82e-01",NA,NA,NA,0.013543135
"GRID2","Lymphocyte","SCZ","Wald ratio",1," 0.042","0.031","  1.043","1.82e-01",NA,NA,NA,0.020111474
"ABCA4","Lymphocyte","SCZ","Wald ratio",1," 0.017","0.012","  1.017","1.83e-01",NA,NA,NA,0.01220531
"RBMS3","Lymphocyte","SCZ","Wald ratio",1," 0.472","0.354","  1.602","1.83e-01",NA,NA,NA,0.014732203
"ASPH","Lymphocyte","SCZ","Wald ratio",1," 0.033","0.025","  1.033","1.83e-01",NA,NA,NA,0.016460559
"COL1A2","Lymphocyte","SCZ","Wald ratio",1," 0.020","0.015","  1.020","1.83e-01",NA,NA,NA,0.012626974
"SMCR7L","Lymphocyte","SCZ","Wald ratio",1,"-0.034","0.025","  0.967","1.83e-01",NA,NA,NA,0.012626974
"SLC1A7","Lymphocyte","SCZ","Wald ratio",1,"-0.018","0.014","  0.982","1.83e-01",NA,NA,NA,0.011574385
"SORBS1","Lymphocyte","SCZ","Wald ratio",1," 0.014","0.011","  1.014","1.83e-01",NA,NA,NA,0.011552294
"TMEM176A","Lymphocyte","SCZ","Wald ratio",1," 0.015","0.011","  1.015","1.84e-01",NA,NA,NA,0.010867547
"TMEM176A","Lymphocyte","SCZ","Wald ratio",1," 0.029","0.022","  1.030","1.84e-01",NA,NA,NA,0.010867547
"LOC642597","Lymphocyte","SCZ","Wald ratio",1," 0.018","0.014","  1.018","1.84e-01",NA,NA,NA,0.013745571
"GPR149","Lymphocyte","SCZ","Wald ratio",1,"-0.026","0.019","  0.975","1.84e-01",NA,NA,NA,0.013740903
"WDR90","Lymphocyte","SCZ","Wald ratio",1,"-0.016","0.012","  0.985","1.85e-01",NA,NA,NA,0.010573797
"WFIKKN1","Lymphocyte","SCZ","Wald ratio",1,"-0.028","0.021","  0.972","1.85e-01",NA,NA,NA,0.010573797
"C16orf11","Lymphocyte","SCZ","Wald ratio",1,"-0.020","0.015","  0.980","1.85e-01",NA,NA,NA,0.010573796
"FAM195A","Lymphocyte","SCZ","Wald ratio",1,"-0.082","0.062","  0.921","1.85e-01",NA,NA,NA,0.010573797
"RHBDL1","Lymphocyte","SCZ","Wald ratio",1,"-0.024","0.018","  0.977","1.85e-01",NA,NA,NA,0.010573797
"STUB1","Lymphocyte","SCZ","Wald ratio",1,"-0.046","0.035","  0.955","1.85e-01",NA,NA,NA,0.010573797
"FBXL16","Lymphocyte","SCZ","Wald ratio",1,"-0.014","0.011","  0.986","1.85e-01",NA,NA,NA,0.010567762
"NHLRC4","Lymphocyte","SCZ","Wald ratio",1,"-0.012","0.009","  0.988","1.85e-01",NA,NA,NA,0.010573797
"PIGQ","Lymphocyte","SCZ","Wald ratio",1,"-0.787","0.593","  0.455","1.85e-01",NA,NA,NA,0.010572339
"RHOT2","Lymphocyte","SCZ","Wald ratio",1,"-0.012","0.009","  0.988","1.85e-01",NA,NA,NA,0.010389279
"PPP2R5A","Lymphocyte","SCZ","Wald ratio",1," 0.020","0.015","  1.020","1.85e-01",NA,NA,NA,0.010573797
"RAB40C","Lymphocyte","SCZ","Wald ratio",1,"-0.015","0.011","  0.985","1.85e-01",NA,NA,NA,0.010573704
"C16orf13","Lymphocyte","SCZ","Wald ratio",1,"-0.030","0.023","  0.970","1.85e-01",NA,NA,NA,0.010573797
"UHRF1BP1L","Lymphocyte","SCZ","Wald ratio",1,"-1.300","0.981","  0.272","1.85e-01",NA,NA,NA,0.018384833
"SLITRK6","Lymphocyte","SCZ","Wald ratio",1," 0.023","0.018","  1.024","1.86e-01",NA,NA,NA,0.012400191
"APPL2","Lymphocyte","SCZ","Wald ratio",1,"-0.052","0.040","  0.949","1.86e-01",NA,NA,NA,0.018096377
"PGS1","Lymphocyte","SCZ","Wald ratio",1,"-0.020","0.015","  0.980","1.86e-01",NA,NA,NA,0.014220454
"CLUAP1","Lymphocyte","SCZ","Wald ratio",1,"-0.018","0.014","  0.982","1.86e-01",NA,NA,NA,0.010987854
"WBSCR17","Lymphocyte","SCZ","Inverse variance weighted",3,"-0.015","0.011","  0.986","1.86e-01",0.063205678,0.067978464,0.591549005,0.246454885
"TRDMT1","Lymphocyte","SCZ","Wald ratio",1," 1.570","1.190","  4.808","1.87e-01",NA,NA,NA,0.013944927
"TUBGCP3","Lymphocyte","SCZ","Wald ratio",1,"-0.477","0.362","  0.621","1.87e-01",NA,NA,NA,0.011056442
"NLGN1","Lymphocyte","SCZ","Wald ratio",1," 0.068","0.051","  1.070","1.88e-01",NA,NA,NA,0.010349169
"TTC7B","Lymphocyte","SCZ","Weighted mode",3,"-0.018","0.009","  0.982","1.88e-01",0.709981843,0.014183711,0.211828215,0.20567051
"PRKDC","Lymphocyte","SCZ","Wald ratio",1," 0.025","0.019","  1.025","1.88e-01",NA,NA,NA,0.021132764
"FLJ16779","Lymphocyte","SCZ","Wald ratio",1,"-0.279","0.212","  0.757","1.89e-01",NA,NA,NA,0.010422975
"YTHDF1","Lymphocyte","SCZ","Wald ratio",1,"-0.058","0.044","  0.944","1.89e-01",NA,NA,NA,0.010422734
"NKAIN4","Lymphocyte","SCZ","Wald ratio",1,"-0.020","0.015","  0.980","1.89e-01",NA,NA,NA,0.010422975
"BIRC7","Lymphocyte","SCZ","Wald ratio",1,"-0.075","0.057","  0.928","1.89e-01",NA,NA,NA,0.010422975
"KCNMB3","Lymphocyte","SCZ","Wald ratio",1,"-0.013","0.010","  0.988","1.89e-01",NA,NA,NA,0.010072088
"KCNMB3","Lymphocyte","SCZ","Wald ratio",1,"-0.012","0.009","  0.988","1.89e-01",NA,NA,NA,0.010072088
"RPTOR","Lymphocyte","SCZ","Weighted mode",3,"-0.017","0.009","  0.983","1.89e-01",0.487396734,0.650491706,0.64914835,0.019126949
"NRXN1","Lymphocyte","SCZ","Wald ratio",1," 0.139","0.106","  1.150","1.89e-01",NA,NA,NA,0.010060408
"ADCY8","Lymphocyte","SCZ","Wald ratio",1," 0.024","0.018","  1.025","1.89e-01",NA,NA,NA,0.016974815
"TRPV6","Lymphocyte","SCZ","Wald ratio",1," 0.023","0.017","  1.023","1.89e-01",NA,NA,NA,0.018762552
"ANGPT4","Lymphocyte","SCZ","Wald ratio",1,"-0.016","0.012","  0.984","1.89e-01",NA,NA,NA,0.0111964
"KCNMB2","Lymphocyte","SCZ","Wald ratio",1,"-0.034","0.026","  0.966","1.89e-01",NA,NA,NA,0.011194518
"IFI44","Lymphocyte","SCZ","Wald ratio",1," 0.023","0.018","  1.023","1.90e-01",NA,NA,NA,0.01048878
"C3orf59","Lymphocyte","SCZ","Wald ratio",1," 0.219","0.167","  1.245","1.90e-01",NA,NA,NA,0.010141508
"PTCHD3","Lymphocyte","SCZ","Wald ratio",1,"-0.018","0.014","  0.982","1.90e-01",NA,NA,NA,0.011609414
"RARS","Lymphocyte","SCZ","Wald ratio",1," 0.016","0.012","  1.016","1.91e-01",NA,NA,NA,0.012733159
"TULP3","Lymphocyte","SCZ","Wald ratio",1," 0.017","0.013","  1.017","1.91e-01",NA,NA,NA,0.012390277
"GPR124","Lymphocyte","SCZ","Wald ratio",1,"-0.032","0.024","  0.969","1.91e-01",NA,NA,NA,0.012384296
"NOSTRIN","Lymphocyte","SCZ","Wald ratio",1," 0.014","0.010","  1.014","1.91e-01",NA,NA,NA,0.01088371
"NMNAT3","Lymphocyte","SCZ","Wald ratio",1,"-0.012","0.009","  0.988","1.91e-01",NA,NA,NA,0.007376013
"RIN2","Lymphocyte","SCZ","Wald ratio",1,"-0.014","0.011","  0.986","1.91e-01",NA,NA,NA,0.010207726
"EVI5L","Lymphocyte","SCZ","Wald ratio",1,"-0.013","0.010","  0.987","1.91e-01",NA,NA,NA,0.01162776
"ST6GAL1","Lymphocyte","SCZ","Wald ratio",1," 0.023","0.017","  1.023","1.91e-01",NA,NA,NA,0.015729225
"KIAA0562","Lymphocyte","SCZ","Wald ratio",1,"-0.012","0.009","  0.988","1.91e-01",NA,NA,NA,0.01019612
"LOC388588","Lymphocyte","SCZ","Wald ratio",1,"-0.032","0.025","  0.968","1.91e-01",NA,NA,NA,0.01019612
"SLC40A1","Lymphocyte","SCZ","Wald ratio",1,"-0.413","0.316","  0.662","1.92e-01",NA,NA,NA,0.011327978
"TOR3A","Lymphocyte","SCZ","Wald ratio",1,"-0.020","0.015","  0.980","1.92e-01",NA,NA,NA,0.014686874
"ANKDD1A","Lymphocyte","SCZ","Wald ratio",1,"-0.022","0.017","  0.978","1.93e-01",NA,NA,NA,0.010266274
"MDGA1","Lymphocyte","SCZ","Wald ratio",1," 0.019","0.015","  1.019","1.93e-01",NA,NA,NA,0.009920097
"CCL26","Lymphocyte","SCZ","Wald ratio",1," 0.020","0.015","  1.020","1.93e-01",NA,NA,NA,0.009920097
"MRPL22","Lymphocyte","SCZ","Wald ratio",1,"-0.016","0.013","  0.984","1.93e-01",NA,NA,NA,0.011048821
"IGF2BP3","Lymphocyte","SCZ","Wald ratio",1,"-0.115","0.089","  0.891","1.93e-01",NA,NA,NA,0.00991203
"ATP9A","Lymphocyte","SCZ","Wald ratio",1," 0.106","0.081","  1.111","1.93e-01",NA,NA,NA,0.00991203
"SALL4","Lymphocyte","SCZ","Wald ratio",1," 0.017","0.013","  1.018","1.93e-01",NA,NA,NA,0.00991203
"RANBP17","Lymphocyte","SCZ","Wald ratio",1," 0.013","0.010","  1.013","1.93e-01",NA,NA,NA,0.01069756
"GAD1","Lymphocyte","SCZ","Wald ratio",1," 0.072","0.055","  1.074","1.94e-01",NA,NA,NA,0.010336715
"HEPACAM2","Lymphocyte","SCZ","Wald ratio",1,"-0.012","0.009","  0.988","1.94e-01",NA,NA,NA,0.010300245
"ZNF709","Lymphocyte","SCZ","Wald ratio",1,"-0.038","0.030","  0.962","1.94e-01",NA,NA,NA,0.009990618
"FLJ40330","Lymphocyte","SCZ","Wald ratio",1," 0.018","0.014","  1.018","1.94e-01",NA,NA,NA,0.009979296
"SERPINB6","Lymphocyte","SCZ","Wald ratio",1," 0.018","0.014","  1.018","1.94e-01",NA,NA,NA,0.011889644
"RPTOR","Lymphocyte","SCZ","Simple mode",3,"-0.018","0.009","  0.982","1.94e-01",0.487396734,0.650491706,0.64914835,0.019126949
"CCDC53","Lymphocyte","SCZ","Wald ratio",1,"-0.014","0.011","  0.986","1.95e-01",NA,NA,NA,0.011529726
"PRDM6","Lymphocyte","SCZ","Wald ratio",1," 0.013","0.010","  1.013","1.95e-01",NA,NA,NA,0.010836824
"COL9A2","Lymphocyte","SCZ","Wald ratio",1,"-0.037","0.029","  0.963","1.96e-01",NA,NA,NA,0.010824126
"SRMS","Lymphocyte","SCZ","Wald ratio",1,"-0.045","0.035","  0.956","1.96e-01",NA,NA,NA,0.020232027
"KCNB1","Lymphocyte","SCZ","Wald ratio",1," 0.434","0.336","  1.543","1.96e-01",NA,NA,NA,0.019895617
"C6orf10","Lymphocyte","SCZ","Wald ratio",1,"-0.016","0.013","  0.984","1.96e-01",NA,NA,NA,0.012791166
"ADAMTS10","Lymphocyte","SCZ","Wald ratio",1,"-0.021","0.016","  0.979","1.96e-01",NA,NA,NA,0.010117645
"C14orf159","Lymphocyte","SCZ","Wald ratio",1,"-0.036","0.028","  0.965","1.96e-01",NA,NA,NA,0.015435046
"C14orf159","Lymphocyte","SCZ","Wald ratio",1,"-1.609","1.245","  0.200","1.96e-01",NA,NA,NA,0.015435046
"C14orf159","Lymphocyte","SCZ","Wald ratio",1,"-0.264","0.204","  0.768","1.96e-01",NA,NA,NA,0.015435046
"ISM2","Lymphocyte","SCZ","Wald ratio",1,"-0.103","0.080","  0.902","1.97e-01",NA,NA,NA,0.013209308
"BLZF1","Lymphocyte","SCZ","Wald ratio",1," 0.194","0.150","  1.214","1.97e-01",NA,NA,NA,0.021511606
"UNC5D","Lymphocyte","SCZ","Wald ratio",1,"-0.025","0.019","  0.976","1.97e-01",NA,NA,NA,0.014872198
"CDX1","Lymphocyte","SCZ","Wald ratio",1," 0.012","0.009","  1.012","1.98e-01",NA,NA,NA,0.010181762
"PDGFRB","Lymphocyte","SCZ","Wald ratio",1," 0.013","0.010","  1.013","1.98e-01",NA,NA,NA,0.010189241
"FZD7","Lymphocyte","SCZ","Wald ratio",1,"-0.097","0.075","  0.908","1.98e-01",NA,NA,NA,0.01062111
"DHX58","Lymphocyte","SCZ","Wald ratio",1," 0.015","0.012","  1.016","1.98e-01",NA,NA,NA,0.012934821
"ERICH1","Lymphocyte","SCZ","Wald ratio",1," 0.015","0.011","  1.015","1.98e-01",NA,NA,NA,0.011385002
"MGC23270","Lymphocyte","SCZ","Wald ratio",1," 0.022","0.017","  1.022","1.98e-01",NA,NA,NA,0.013357016
"ELAVL4","Lymphocyte","SCZ","Wald ratio",1," 0.022","0.017","  1.022","1.98e-01",NA,NA,NA,0.017164244
"FAM69A","Lymphocyte","SCZ","Wald ratio",1," 0.018","0.014","  1.018","1.99e-01",NA,NA,NA,0.011039973
"TET1","Lymphocyte","SCZ","Wald ratio",1," 0.154","0.120","  1.166","1.99e-01",NA,NA,NA,0.021636559
"KLHDC4","Lymphocyte","SCZ","Wald ratio",1,"-0.015","0.012","  0.985","1.99e-01",NA,NA,NA,0.009904086
"CCNYL1","Lymphocyte","SCZ","Wald ratio",1,"-0.027","0.021","  0.973","1.99e-01",NA,NA,NA,0.019891633
"GNE","Lymphocyte","SCZ","Wald ratio",1," 1.283","1.000","  3.609","1.99e-01",NA,NA,NA,0.019886433
"RWDD3","Lymphocyte","SCZ","Wald ratio",1,"-0.019","0.014","  0.982","1.99e-01",NA,NA,NA,0.014184308
"YIPF5","Lymphocyte","SCZ","Wald ratio",1," 0.018","0.014","  1.018","2.00e-01",NA,NA,NA,0.013069392
"ASS1","Lymphocyte","SCZ","Wald ratio",1,"-0.141","0.110","  0.869","2.01e-01",NA,NA,NA,0.011176584
"MED31","Lymphocyte","SCZ","Wald ratio",1,"-0.028","0.022","  0.973","2.01e-01",NA,NA,NA,0.009626885
"TUBGCP2","Lymphocyte","SCZ","Wald ratio",1," 0.019","0.014","  1.019","2.01e-01",NA,NA,NA,0.013979493
"ZNF511","Lymphocyte","SCZ","Wald ratio",1," 0.732","0.573","  2.079","2.01e-01",NA,NA,NA,0.013978727
"CALY","Lymphocyte","SCZ","Wald ratio",1," 0.021","0.017","  1.022","2.01e-01",NA,NA,NA,0.013979492
"IPO7","Lymphocyte","SCZ","Wald ratio",1,"-0.676","0.529","  0.509","2.01e-01",NA,NA,NA,0.010045118
"GDF7","Lymphocyte","SCZ","Wald ratio",1," 0.250","0.196","  1.284","2.02e-01",NA,NA,NA,0.010475256
"CD164L2","Lymphocyte","SCZ","Wald ratio",1,"-0.034","0.027","  0.967","2.02e-01",NA,NA,NA,0.016742326
"IL17RD","Lymphocyte","SCZ","Wald ratio",1,"-0.012","0.010","  0.988","2.02e-01",NA,NA,NA,0.009699386
"SPI1","Lymphocyte","SCZ","Wald ratio",1,"-0.043","0.034","  0.958","2.02e-01",NA,NA,NA,0.01370743
"SDPR","Lymphocyte","SCZ","Wald ratio",1," 0.048","0.038","  1.049","2.03e-01",NA,NA,NA,0.014114535
"ADAMTS13","Lymphocyte","SCZ","Wald ratio",1," 0.039","0.031","  1.040","2.03e-01",NA,NA,NA,0.009764522
"C9orf7","Lymphocyte","SCZ","Wald ratio",1," 0.037","0.029","  1.037","2.03e-01",NA,NA,NA,0.009764522
"PCDH9","Lymphocyte","SCZ","Inverse variance weighted",4," 0.009","0.007","  1.009","2.04e-01",0.437789737,0.460245779,0.436140449,0.005766859
"MEGF11","Lymphocyte","SCZ","Wald ratio",1," 0.015","0.011","  1.015","2.04e-01",NA,NA,NA,0.010984699
"C9orf125","Lymphocyte","SCZ","Wald ratio",1,"-0.018","0.014","  0.982","2.04e-01",NA,NA,NA,0.013838051
"ITPRIPL2","Lymphocyte","SCZ","Wald ratio",1,"-0.044","0.035","  0.957","2.04e-01",NA,NA,NA,0.009833549
"COL28A1","Lymphocyte","SCZ","Wald ratio",1," 0.019","0.015","  1.019","2.05e-01",NA,NA,NA,0.010693662
"CDH6","Lymphocyte","SCZ","Wald ratio",1,"-0.013","0.010","  0.987","2.05e-01",NA,NA,NA,0.009486944
"NADSYN1","Lymphocyte","SCZ","Wald ratio",1," 0.017","0.014","  1.018","2.05e-01",NA,NA,NA,0.012727696
"KIT","Lymphocyte","SCZ","Wald ratio",1," 0.019","0.015","  1.019","2.05e-01",NA,NA,NA,0.009485478
"TMEM86A","Lymphocyte","SCZ","Wald ratio",1," 0.042","0.033","  1.043","2.05e-01",NA,NA,NA,0.009918108
"IGSF22","Lymphocyte","SCZ","Wald ratio",1," 0.161","0.127","  1.174","2.05e-01",NA,NA,NA,0.009918108
"TMEM51","Lymphocyte","SCZ","Simple mode",3,"-0.039","0.021","  0.962","2.05e-01",0.162904606,0.230069343,0.605394839,0.012736339
"ZSCAN18","Lymphocyte","SCZ","Wald ratio",1," 0.024","0.019","  1.025","2.06e-01",NA,NA,NA,0.012795251
"C6orf122","Lymphocyte","SCZ","Wald ratio",1,"-0.228","0.180","  0.796","2.06e-01",NA,NA,NA,0.012795251
"SPATA13","Lymphocyte","SCZ","Weighted median",3,"-0.012","0.010","  0.988","2.06e-01",0.59277256,0.710825641,0.642201727,0.010894742
"ZNF354A","Lymphocyte","SCZ","Wald ratio",1,"-0.195","0.154","  0.823","2.06e-01",NA,NA,NA,0.009977692
"AACSL","Lymphocyte","SCZ","Wald ratio",1,"-0.017","0.014","  0.983","2.06e-01",NA,NA,NA,0.009977692
"BRDT","Lymphocyte","SCZ","Wald ratio",1,"-0.032","0.026","  0.968","2.07e-01",NA,NA,NA,0.01894442
"KIAA1217","Lymphocyte","SCZ","Simple mode",3,"-0.028","0.015","  0.973","2.07e-01",0.032635259,0.077009506,0.785019335,0.06347791
"RASA1","Lymphocyte","SCZ","Wald ratio",1," 0.236","0.187","  1.266","2.07e-01",NA,NA,NA,0.009628094
"SLC2A7","Lymphocyte","SCZ","Wald ratio",1,"-0.016","0.013","  0.984","2.07e-01",NA,NA,NA,0.010483593
"C6orf191","Lymphocyte","SCZ","Wald ratio",1,"-0.027","0.022","  0.973","2.07e-01",NA,NA,NA,0.019748211
"SFMBT2","Lymphocyte","SCZ","Inverse variance weighted",2," 0.012","0.009","  1.012","2.08e-01",NA,0.511238208,NA,0.010223547
"GPR133","Lymphocyte","SCZ","Weighted median",3,"-0.013","0.011","  0.987","2.08e-01",0.233230445,0.304666456,0.56267515,0.00788765
"TGIF1","Lymphocyte","SCZ","Wald ratio",1," 0.238","0.189","  1.269","2.08e-01",NA,NA,NA,0.009704846
"PDE4D","Lymphocyte","SCZ","Inverse variance weighted",3,"-0.036","0.029","  0.964","2.08e-01",0.004285729,0.013850963,0.861243467,0.029224154
"ADAMTS12","Lymphocyte","SCZ","Wald ratio",1," 0.028","0.023","  1.029","2.08e-01",NA,NA,NA,0.015855267
"AQP4","Lymphocyte","SCZ","Wald ratio",1," 0.090","0.072","  1.095","2.09e-01",NA,NA,NA,0.014686346
"TREML2","Lymphocyte","SCZ","Wald ratio",1,"-0.033","0.027","  0.967","2.09e-01",NA,NA,NA,0.009780223
"CLCC1","Lymphocyte","SCZ","Wald ratio",1," 0.012","0.009","  1.012","2.09e-01",NA,NA,NA,0.009347423
"CACNA2D1","Lymphocyte","SCZ","Inverse variance weighted",2," 0.011","0.009","  1.011","2.09e-01",NA,0.550278279,NA,0.011635239
"SNAR-I","Lymphocyte","SCZ","Wald ratio",1," 0.013","0.011","  1.013","2.09e-01",NA,NA,NA,0.009769864
"PIK3R1","Lymphocyte","SCZ","Wald ratio",1,"-0.014","0.011","  0.986","2.09e-01",NA,NA,NA,0.011678903
"CCPG1","Lymphocyte","SCZ","Wald ratio",1," 1.135","0.906","  3.113","2.10e-01",NA,NA,NA,0.016486277
"CCPG1","Lymphocyte","SCZ","Wald ratio",1," 0.083","0.066","  1.087","2.10e-01",NA,NA,NA,0.016486278
"DYX1C1","Lymphocyte","SCZ","Wald ratio",1," 0.877","0.700","  2.405","2.10e-01",NA,NA,NA,0.016476343
"PALLD","Lymphocyte","SCZ","Inverse variance weighted",2,"-0.012","0.010","  0.988","2.10e-01",NA,0.981431132,NA,0.008518038
"CTHRC1","Lymphocyte","SCZ","Wald ratio",1," 0.032","0.025","  1.032","2.10e-01",NA,NA,NA,0.009423252
"DCK","Lymphocyte","SCZ","Wald ratio",1,"-0.084","0.067","  0.919","2.10e-01",NA,NA,NA,0.021783411
"LTBP1","Lymphocyte","SCZ","Wald ratio",1," 0.038","0.030","  1.038","2.10e-01",NA,NA,NA,0.013647399
"NTM","Lymphocyte","SCZ","Weighted median",5," 0.011","0.009","  1.011","2.11e-01",0.00464551,0.01086273,0.894413182,0.005429658
"FAM126A","Lymphocyte","SCZ","Wald ratio",1," 0.044","0.035","  1.045","2.11e-01",NA,NA,NA,0.009495918
"SLC25A13","Lymphocyte","SCZ","Wald ratio",1," 0.012","0.009","  1.012","2.11e-01",NA,NA,NA,0.009915201
"LOC401052","Lymphocyte","SCZ","Wald ratio",1," 0.016","0.013","  1.016","2.12e-01",NA,NA,NA,0.010842004
"CASR","Lymphocyte","SCZ","Wald ratio",1,"-0.028","0.022","  0.972","2.12e-01",NA,NA,NA,0.009566377
"GAS2L3","Lymphocyte","SCZ","Wald ratio",1," 0.038","0.031","  1.039","2.13e-01",NA,NA,NA,0.012603188
"ITPR1","Lymphocyte","SCZ","Inverse variance weighted",2," 0.015","0.012","  1.015","2.14e-01",NA,0.7829897,NA,0.006619098
"MBP","Lymphocyte","SCZ","Weighted mode",3,"-0.017","0.010","  0.983","2.14e-01",0.821480665,0.784067882,0.62861136,0.004814204
"GMDS","Lymphocyte","SCZ","Simple mode",4,"-0.012","0.007","  0.988","2.14e-01",0.733078382,0.703850345,0.468801011,0.009287979
"MAPK13","Lymphocyte","SCZ","Wald ratio",1,"-0.018","0.014","  0.982","2.15e-01",NA,NA,NA,0.010214255
"EPB41L4B","Lymphocyte","SCZ","Wald ratio",1,"-0.011","0.009","  0.989","2.15e-01",NA,NA,NA,0.009364345
"SELK","Lymphocyte","SCZ","Wald ratio",1," 0.014","0.011","  1.014","2.16e-01",NA,NA,NA,0.009867392
"KHDC1","Lymphocyte","SCZ","Wald ratio",1,"-0.029","0.023","  0.972","2.16e-01",NA,NA,NA,0.012049432
"MAP7","Lymphocyte","SCZ","Wald ratio",1,"-0.055","0.045","  0.946","2.16e-01",NA,NA,NA,0.012970794
"DSCR6","Lymphocyte","SCZ","Wald ratio",1,"-0.041","0.033","  0.960","2.17e-01",NA,NA,NA,0.009932719
"BEST4","Lymphocyte","SCZ","Wald ratio",1,"-0.012","0.010","  0.988","2.17e-01",NA,NA,NA,0.009165289
"SNORD38A","Lymphocyte","SCZ","Wald ratio",1,"-0.026","0.021","  0.975","2.17e-01",NA,NA,NA,0.009513343
"KIF2C","Lymphocyte","SCZ","Wald ratio",1,"-0.134","0.108","  0.875","2.17e-01",NA,NA,NA,0.009513539
"PTCH2","Lymphocyte","SCZ","Wald ratio",1,"-0.014","0.011","  0.987","2.17e-01",NA,NA,NA,0.009513539
"USP20","Lymphocyte","SCZ","Wald ratio",1," 0.012","0.010","  1.012","2.18e-01",NA,NA,NA,0.009121222
"TMEM79","Lymphocyte","SCZ","Wald ratio",1," 0.069","0.056","  1.071","2.18e-01",NA,NA,NA,0.010856734
"PAQR6","Lymphocyte","SCZ","Wald ratio",1," 0.470","0.381","  1.601","2.18e-01",NA,NA,NA,0.010856556
"DSEL","Lymphocyte","SCZ","Wald ratio",1," 0.272","0.221","  1.312","2.18e-01",NA,NA,NA,0.009080867
"SMAD7","Lymphocyte","SCZ","Wald ratio",1,"-0.080","0.065","  0.923","2.18e-01",NA,NA,NA,0.019661477
"FSTL3","Lymphocyte","SCZ","Wald ratio",1,"-0.014","0.011","  0.986","2.19e-01",NA,NA,NA,0.009163799
"PRSSL1","Lymphocyte","SCZ","Wald ratio",1,"-0.033","0.026","  0.968","2.19e-01",NA,NA,NA,0.009162726
"TMX4","Lymphocyte","SCZ","Wald ratio",1," 0.793","0.644","  2.209","2.19e-01",NA,NA,NA,0.018023611
"PBX1","Lymphocyte","SCZ","Inverse variance weighted",2," 0.014","0.012","  1.015","2.19e-01",NA,0.170221194,NA,0.006703357
"CDC14C","Lymphocyte","SCZ","Wald ratio",1," 0.018","0.015","  1.019","2.19e-01",NA,NA,NA,0.011427713
"PARP14","Lymphocyte","SCZ","Wald ratio",1," 0.066","0.053","  1.068","2.19e-01",NA,NA,NA,0.011427713
"AKAP1","Lymphocyte","SCZ","Wald ratio",1,"-0.894","0.728","  0.409","2.19e-01",NA,NA,NA,0.013674481
"KLF4","Lymphocyte","SCZ","Wald ratio",1,"-0.031","0.025","  0.969","2.19e-01",NA,NA,NA,0.011925117
"CTSH","Lymphocyte","SCZ","Wald ratio",1,"-0.174","0.142","  0.840","2.20e-01",NA,NA,NA,0.009655029
"ABCC4","Lymphocyte","SCZ","Wald ratio",1,"-0.045","0.037","  0.956","2.21e-01",NA,NA,NA,0.009310092
"NGLY1","Lymphocyte","SCZ","Wald ratio",1,"-0.596","0.488","  0.551","2.22e-01",NA,NA,NA,0.012141187
"INPP5F","Lymphocyte","SCZ","Wald ratio",1," 0.146","0.120","  1.157","2.22e-01",NA,NA,NA,0.010804136
"ATP8A2","Lymphocyte","SCZ","Weighted mode",3," 0.015","0.009","  1.015","2.23e-01",0.989778344,0.998133678,0.961996839,0.004625887
"CHGA","Lymphocyte","SCZ","Wald ratio",1,"-0.028","0.023","  0.972","2.23e-01",NA,NA,NA,0.009960079
"SPINK2","Lymphocyte","SCZ","Wald ratio",1,"-0.045","0.037","  0.956","2.23e-01",NA,NA,NA,0.009038454
"SLC22A23","Lymphocyte","SCZ","Weighted mode",3,"-0.025","0.015","  0.975","2.23e-01",0.039370979,0.118164502,0.949740467,0.044510769
"ESPNL","Lymphocyte","SCZ","Inverse variance weighted",2,"-0.014","0.012","  0.986","2.23e-01",NA,0.652977214,NA,0.013007013
"KL","Lymphocyte","SCZ","Wald ratio",1," 0.046","0.038","  1.048","2.24e-01",NA,NA,NA,0.009530466
"ABCA17P","Lymphocyte","SCZ","Wald ratio",1," 0.070","0.057","  1.072","2.24e-01",NA,NA,NA,0.009613685
"CCNF","Lymphocyte","SCZ","Wald ratio",1," 0.491","0.404","  1.635","2.24e-01",NA,NA,NA,0.009613685
"CLCN6","Lymphocyte","SCZ","Wald ratio",1," 0.265","0.218","  1.303","2.25e-01",NA,NA,NA,0.020717262
"TACC3","Lymphocyte","SCZ","Wald ratio",1,"-0.023","0.019","  0.977","2.25e-01",NA,NA,NA,0.011023051
"CAMK1D","Lymphocyte","SCZ","MR Egger",3,"-0.488","0.180","  0.614","2.25e-01",0.83686358,0.022493999,0.222249554,0.166381169
"PSMA3","Lymphocyte","SCZ","Wald ratio",1,"-0.526","0.433","  0.591","2.25e-01",NA,NA,NA,0.017174754
"TLE3","Lymphocyte","SCZ","Wald ratio",1,"-0.016","0.013","  0.984","2.26e-01",NA,NA,NA,0.01308194
"AQP2","Lymphocyte","SCZ","Wald ratio",1," 0.015","0.013","  1.015","2.26e-01",NA,NA,NA,0.011174442
"HAS1","Lymphocyte","SCZ","Wald ratio",1," 0.030","0.025","  1.030","2.26e-01",NA,NA,NA,0.010253764
"EOMES","Lymphocyte","SCZ","Wald ratio",1,"-0.021","0.017","  0.979","2.26e-01",NA,NA,NA,0.008839421
"LOC286094","Lymphocyte","SCZ","Wald ratio",1,"-0.017","0.014","  0.983","2.26e-01",NA,NA,NA,0.012164677
"PARD6G","Lymphocyte","SCZ","Wald ratio",1," 0.743","0.614","  2.102","2.27e-01",NA,NA,NA,0.013154013
"NPSR1","Lymphocyte","SCZ","Wald ratio",1," 0.019","0.015","  1.019","2.27e-01",NA,NA,NA,0.008829396
"PGR","Lymphocyte","SCZ","Wald ratio",1," 0.016","0.014","  1.016","2.28e-01",NA,NA,NA,0.012890031
"GALNTL1","Lymphocyte","SCZ","Wald ratio",1,"-0.058","0.048","  0.944","2.28e-01",NA,NA,NA,0.015745356
"IQSEC1","Lymphocyte","SCZ","Wald ratio",1,"-0.013","0.011","  0.987","2.29e-01",NA,NA,NA,0.008912169
"MATN3","Lymphocyte","SCZ","Wald ratio",1,"-0.019","0.016","  0.981","2.29e-01",NA,NA,NA,0.009482875
"RASL11B","Lymphocyte","SCZ","Wald ratio",1,"-0.031","0.026","  0.969","2.29e-01",NA,NA,NA,0.010480141
"TGFBR3","Lymphocyte","SCZ","Inverse variance weighted",2,"-0.016","0.013","  0.984","2.29e-01",NA,0.506837568,NA,0.008937282
"KCNN4","Lymphocyte","SCZ","Wald ratio",1,"-0.020","0.016","  0.981","2.29e-01",NA,NA,NA,0.010062098
"MBP","Lymphocyte","SCZ","Simple mode",3,"-0.017","0.010","  0.984","2.29e-01",0.821480665,0.784067882,0.62861136,0.004814204
"TULP4","Lymphocyte","SCZ","Wald ratio",1," 0.020","0.017","  1.021","2.30e-01",NA,NA,NA,0.01450835
"C6orf204","Lymphocyte","SCZ","Wald ratio",1," 0.213","0.177","  1.237","2.30e-01",NA,NA,NA,0.01113548
"UGP2","Lymphocyte","SCZ","Wald ratio",1,"-0.085","0.071","  0.918","2.30e-01",NA,NA,NA,0.01113548
"RAI14","Lymphocyte","SCZ","Wald ratio",1,"-0.031","0.026","  0.969","2.31e-01",NA,NA,NA,0.013189086
"ASTN2","Lymphocyte","SCZ","Wald ratio",1," 0.189","0.158","  1.208","2.31e-01",NA,NA,NA,0.013181411
"ANO1","Lymphocyte","SCZ","Wald ratio",1," 0.016","0.014","  1.017","2.31e-01",NA,NA,NA,0.012687667
"SHANK1","Lymphocyte","SCZ","Inverse variance weighted",2,"-0.024","0.020","  0.976","2.31e-01",NA,0.041738826,NA,0.02519963
"CRADD","Lymphocyte","SCZ","Wald ratio",1,"-0.012","0.010","  0.988","2.32e-01",NA,NA,NA,0.008792766
"IGFBP3","Lymphocyte","SCZ","Wald ratio",1,"-0.049","0.041","  0.952","2.32e-01",NA,NA,NA,0.008794036
"EMX2","Lymphocyte","SCZ","Wald ratio",1," 1.000","0.836","  2.718","2.32e-01",NA,NA,NA,0.009289241
"EMX2","Lymphocyte","SCZ","Wald ratio",1," 0.017","0.014","  1.017","2.32e-01",NA,NA,NA,0.009289241
"MYOM1","Lymphocyte","SCZ","Wald ratio",1," 0.026","0.021","  1.026","2.32e-01",NA,NA,NA,0.016830922
"GPR65","Lymphocyte","SCZ","Wald ratio",1," 0.183","0.153","  1.201","2.32e-01",NA,NA,NA,0.016337485
"RUNX1T1","Lymphocyte","SCZ","Wald ratio",1," 0.013","0.011","  1.013","2.32e-01",NA,NA,NA,0.008784354
"MRE11A","Lymphocyte","SCZ","Wald ratio",1," 0.012","0.010","  1.012","2.32e-01",NA,NA,NA,0.008784354
"BICD1","Lymphocyte","SCZ","Wald ratio",1," 0.057","0.047","  1.058","2.33e-01",NA,NA,NA,0.010942998
"CRTC1","Lymphocyte","SCZ","Wald ratio",1," 0.016","0.014","  1.017","2.33e-01",NA,NA,NA,0.010568867
"SGK269","Lymphocyte","SCZ","Wald ratio",1," 0.011","0.010","  1.011","2.33e-01",NA,NA,NA,0.008946469
"NRP2","Lymphocyte","SCZ","Wald ratio",1,"-0.025","0.021","  0.976","2.33e-01",NA,NA,NA,0.018014595
"CD9","Lymphocyte","SCZ","Wald ratio",1," 0.035","0.029","  1.036","2.34e-01",NA,NA,NA,0.008937423
"LMO2","Lymphocyte","SCZ","Wald ratio",1,"-0.015","0.013","  0.985","2.34e-01",NA,NA,NA,0.011008442
"TSHR","Lymphocyte","SCZ","Wald ratio",1,"-0.025","0.021","  0.975","2.34e-01",NA,NA,NA,0.00902173
"THAP4","Lymphocyte","SCZ","Wald ratio",1,"-0.015","0.013","  0.985","2.34e-01",NA,NA,NA,0.012162129
"COMMD8","Lymphocyte","SCZ","Wald ratio",1,"-0.031","0.026","  0.969","2.35e-01",NA,NA,NA,0.013223873
"XKR4","Lymphocyte","SCZ","Wald ratio",1,"-0.012","0.010","  0.988","2.36e-01",NA,NA,NA,0.00859662
"ATG10","Lymphocyte","SCZ","Wald ratio",1," 0.011","0.009","  1.011","2.36e-01",NA,NA,NA,0.008591884
"TRAPPC9","Lymphocyte","SCZ","Weighted mode",4," 0.014","0.010","  1.014","2.36e-01",0.746751439,0.823670025,0.626995893,0.006639039
"L1TD1","Lymphocyte","SCZ","Wald ratio",1," 0.014","0.011","  1.014","2.36e-01",NA,NA,NA,0.009666983
"PDIA6","Lymphocyte","SCZ","Wald ratio",1,"-0.011","0.009","  0.990","2.37e-01",NA,NA,NA,0.007931262
"AGPAT6","Lymphocyte","SCZ","Wald ratio",1," 0.011","0.009","  1.011","2.37e-01",NA,NA,NA,0.008667557
"LDLRAD3","Lymphocyte","SCZ","Inverse variance weighted",3,"-0.010","0.009","  0.990","2.37e-01",0.823352925,0.655012328,0.536160428,0.009573542
"KRT6B","Lymphocyte","SCZ","Wald ratio",1," 0.014","0.011","  1.014","2.38e-01",NA,NA,NA,0.010403186
"PSMF1","Lymphocyte","SCZ","Wald ratio",1," 0.022","0.019","  1.022","2.38e-01",NA,NA,NA,0.009327162
"TMEM177","Lymphocyte","SCZ","Wald ratio",1,"-0.014","0.012","  0.986","2.38e-01",NA,NA,NA,0.011052859
"UNC93A","Lymphocyte","SCZ","Wald ratio",1," 0.023","0.020","  1.024","2.39e-01",NA,NA,NA,0.008897558
"JMJD7-PLA2G4B","Lymphocyte","SCZ","Wald ratio",1,"-0.014","0.012","  0.986","2.39e-01",NA,NA,NA,0.011127737
"ATP8A2","Lymphocyte","SCZ","Simple mode",3," 0.015","0.009","  1.015","2.39e-01",0.989778344,0.998133678,0.961996839,0.004625887
"GLRB","Lymphocyte","SCZ","Wald ratio",1,"-0.021","0.018","  0.979","2.39e-01",NA,NA,NA,0.011695621
"GLRB","Lymphocyte","SCZ","Wald ratio",1,"-0.016","0.013","  0.984","2.39e-01",NA,NA,NA,0.011695621
"PCSK6","Lymphocyte","SCZ","Weighted median",3,"-0.031","0.026","  0.970","2.40e-01",0.430530367,0.051018907,0.260225487,0.034874909
"EPB41L2","Lymphocyte","SCZ","Wald ratio",1," 0.015","0.013","  1.015","2.40e-01",NA,NA,NA,0.011774856
"XKR9","Lymphocyte","SCZ","Wald ratio",1," 0.097","0.083","  1.102","2.40e-01",NA,NA,NA,0.008479465
"ZP3","Lymphocyte","SCZ","Wald ratio",1," 0.014","0.012","  1.014","2.41e-01",NA,NA,NA,0.008856496
"POMZP3","Lymphocyte","SCZ","Wald ratio",1," 0.028","0.024","  1.028","2.41e-01",NA,NA,NA,0.009054317
"SDC1","Lymphocyte","SCZ","Wald ratio",1,"-0.016","0.014","  0.984","2.41e-01",NA,NA,NA,0.009054117
"MT1X","Lymphocyte","SCZ","Wald ratio",1,"-0.370","0.315","  0.691","2.41e-01",NA,NA,NA,0.010213504
"MT3","Lymphocyte","SCZ","Wald ratio",1,"-0.014","0.012","  0.986","2.41e-01",NA,NA,NA,0.010213482
"HS6ST3","Lymphocyte","SCZ","Inverse variance weighted",2,"-0.016","0.013","  0.984","2.41e-01",NA,0.746255126,NA,0.013865618
"NFATC2","Lymphocyte","SCZ","Wald ratio",1,"-0.014","0.012","  0.986","2.41e-01",NA,NA,NA,0.008553383
"APCDD1","Lymphocyte","SCZ","Wald ratio",1," 0.031","0.027","  1.032","2.41e-01",NA,NA,NA,0.009132779
"KCNMA1","Lymphocyte","SCZ","MR Egger",5,"-0.106","0.073","  0.899","2.41e-01",0.186196973,0.084281015,0.241580302,0.005215786
"DGCR5","Lymphocyte","SCZ","Wald ratio",1,"-0.468","0.400","  0.626","2.42e-01",NA,NA,NA,0.009785327
"TJP2","Lymphocyte","SCZ","Wald ratio",1," 0.040","0.034","  1.041","2.43e-01",NA,NA,NA,0.01044125
"SLC38A11","Lymphocyte","SCZ","Wald ratio",1," 0.016","0.014","  1.017","2.43e-01",NA,NA,NA,0.009285661
"MAGEF1","Lymphocyte","SCZ","Wald ratio",1,"-0.084","0.072","  0.919","2.43e-01",NA,NA,NA,0.009286232
"ANXA2","Lymphocyte","SCZ","Wald ratio",1," 0.012","0.010","  1.012","2.43e-01",NA,NA,NA,0.005962145
"ANXA2","Lymphocyte","SCZ","Wald ratio",1," 0.012","0.011","  1.012","2.43e-01",NA,NA,NA,0.00936846
"KRBA1","Lymphocyte","SCZ","Wald ratio",1,"-0.017","0.015","  0.983","2.44e-01",NA,NA,NA,0.012877864
"CPNE2","Lymphocyte","SCZ","Wald ratio",1," 0.013","0.011","  1.013","2.44e-01",NA,NA,NA,0.009447111
"PRDM9","Lymphocyte","SCZ","Wald ratio",1,"-0.020","0.017","  0.980","2.44e-01",NA,NA,NA,0.013400095
"SHANK2","Lymphocyte","SCZ","Weighted mode",4," 0.013","0.009","  1.013","2.44e-01",0.864002657,0.960242377,0.943070263,0.004788584
"VSIG10","Lymphocyte","SCZ","Wald ratio",1," 0.016","0.014","  1.016","2.44e-01",NA,NA,NA,0.012946288
"RYR3","Lymphocyte","SCZ","Inverse variance weighted",2,"-0.013","0.011","  0.987","2.45e-01",NA,0.397187494,NA,0.008351334
"GAS2L2","Lymphocyte","SCZ","Wald ratio",1,"-0.211","0.181","  0.810","2.45e-01",NA,NA,NA,0.014158765
"CDX2","Lymphocyte","SCZ","Wald ratio",1,"-0.016","0.014","  0.984","2.45e-01",NA,NA,NA,0.008365049
"FBXO18","Lymphocyte","SCZ","Wald ratio",1,"-0.013","0.011","  0.987","2.45e-01",NA,NA,NA,0.008940119
"PRHOXNB","Lymphocyte","SCZ","Wald ratio",1,"-0.031","0.027","  0.969","2.45e-01",NA,NA,NA,0.008365048
"FBXO44","Lymphocyte","SCZ","Wald ratio",1,"-0.031","0.027","  0.969","2.45e-01",NA,NA,NA,0.017123975
"FBXO44","Lymphocyte","SCZ","Wald ratio",1,"-0.028","0.024","  0.973","2.45e-01",NA,NA,NA,0.017123975
"LOC100190938","Lymphocyte","SCZ","Wald ratio",1," 0.011","0.009","  1.011","2.46e-01",NA,NA,NA,0.008443993
"APOL3","Lymphocyte","SCZ","Wald ratio",1," 0.014","0.012","  1.014","2.46e-01",NA,NA,NA,0.00844401
"PLEKHH3","Lymphocyte","SCZ","Wald ratio",1," 0.011","0.009","  1.011","2.46e-01",NA,NA,NA,0.00844401
"STRADB","Lymphocyte","SCZ","Wald ratio",1,"-0.290","0.250","  0.748","2.46e-01",NA,NA,NA,0.017189895
"RALGPS1","Lymphocyte","SCZ","Wald ratio",1," 0.047","0.041","  1.048","2.46e-01",NA,NA,NA,0.008441772
"BTAF1","Lymphocyte","SCZ","Wald ratio",1,"-0.014","0.012","  0.986","2.46e-01",NA,NA,NA,0.010707275
"RSPH3","Lymphocyte","SCZ","Wald ratio",1,"-0.019","0.017","  0.981","2.46e-01",NA,NA,NA,0.01497215
"MGC3771","Lymphocyte","SCZ","Wald ratio",1,"-0.013","0.011","  0.987","2.46e-01",NA,NA,NA,0.008523019
"FBXO7","Lymphocyte","SCZ","Wald ratio",1,"-0.021","0.018","  0.979","2.47e-01",NA,NA,NA,0.008518535
"NRG2","Lymphocyte","SCZ","Wald ratio",1,"-0.092","0.079","  0.912","2.47e-01",NA,NA,NA,0.012117078
"FOXN3","Lymphocyte","SCZ","Simple mode",4," 0.032","0.022","  1.032","2.47e-01",0.011912195,0.029115134,0.86976606,0.083203442
"SLCO4A1","Lymphocyte","SCZ","Wald ratio",1,"-0.034","0.029","  0.967","2.47e-01",NA,NA,NA,0.008595338
"ZNF236","Lymphocyte","SCZ","Wald ratio",1," 0.039","0.034","  1.040","2.47e-01",NA,NA,NA,0.008595338
"TBX4","Lymphocyte","SCZ","Wald ratio",1," 0.015","0.013","  1.015","2.47e-01",NA,NA,NA,0.009830639
"IKZF1","Lymphocyte","SCZ","Wald ratio",1,"-0.021","0.018","  0.980","2.48e-01",NA,NA,NA,0.008681168
"BRUNOL4","Lymphocyte","SCZ","Inverse variance weighted",2,"-0.020","0.017","  0.980","2.48e-01",NA,0.598304278,NA,0.00459123
"GJB6","Lymphocyte","SCZ","Wald ratio",1,"-0.021","0.018","  0.980","2.48e-01",NA,NA,NA,0.013569339
"NR4A1","Lymphocyte","SCZ","Wald ratio",1," 0.145","0.126","  1.156","2.48e-01",NA,NA,NA,0.015329046
"AQP11","Lymphocyte","SCZ","Wald ratio",1,"-0.016","0.014","  0.984","2.49e-01",NA,NA,NA,0.009413911
"MOCS2","Lymphocyte","SCZ","Wald ratio",1,"-0.245","0.212","  0.783","2.49e-01",NA,NA,NA,0.016121281
"BNIP3","Lymphocyte","SCZ","Wald ratio",1," 0.013","0.011","  1.013","2.49e-01",NA,NA,NA,0.009404209
"PALMD","Lymphocyte","SCZ","Wald ratio",1,"-0.014","0.012","  0.986","2.50e-01",NA,NA,NA,0.008255477
"LPPR5","Lymphocyte","SCZ","Wald ratio",1,"-0.010","0.009","  0.990","2.50e-01",NA,NA,NA,0.008253558
"ERGIC1","Lymphocyte","SCZ","Inverse variance weighted",2,"-0.017","0.015","  0.983","2.50e-01",NA,0.139185008,NA,0.014242998
"FGF12","Lymphocyte","SCZ","MR Egger",3," 0.037","0.015","  1.038","2.50e-01",0.35125981,0.346495462,0.464448962,0.114830919
"H6PD","Lymphocyte","SCZ","Wald ratio",1," 0.020","0.017","  1.020","2.50e-01",NA,NA,NA,0.009569544
"LIX1","Lymphocyte","SCZ","Wald ratio",1,"-0.104","0.090","  0.901","2.50e-01",NA,NA,NA,0.008907626
"LDOC1L","Lymphocyte","SCZ","Wald ratio",1," 0.020","0.018","  1.021","2.50e-01",NA,NA,NA,0.008332661
"CHN2","Lymphocyte","SCZ","Wald ratio",1,"-0.189","0.164","  0.828","2.50e-01",NA,NA,NA,0.008332661
"CAND2","Lymphocyte","SCZ","Wald ratio",1," 0.013","0.011","  1.013","2.50e-01",NA,NA,NA,0.008332658
"ENPP6","Lymphocyte","SCZ","Inverse variance weighted",2," 0.010","0.009","  1.010","2.51e-01",NA,0.618844006,NA,0.009364345
"CLMN","Lymphocyte","SCZ","Wald ratio",1,"-0.033","0.029","  0.967","2.51e-01",NA,NA,NA,0.01649809
"NCALD","Lymphocyte","SCZ","Wald ratio",1,"-0.017","0.015","  0.983","2.51e-01",NA,NA,NA,0.012813044
"BZW2","Lymphocyte","SCZ","Wald ratio",1," 0.015","0.013","  1.015","2.51e-01",NA,NA,NA,0.010299437
"SNTB1","Lymphocyte","SCZ","Wald ratio",1," 0.010","0.009","  1.010","2.51e-01",NA,NA,NA,0.008412055
"LOC650368","Lymphocyte","SCZ","Wald ratio",1,"-0.017","0.015","  0.983","2.51e-01",NA,NA,NA,0.013539313
"ZDHHC17","Lymphocyte","SCZ","Wald ratio",1,"-0.013","0.011","  0.987","2.52e-01",NA,NA,NA,0.006517313
"TTC7B","Lymphocyte","SCZ","Inverse variance weighted",3,"-0.022","0.019","  0.979","2.52e-01",0.709981843,0.014183711,0.211828215,0.20567051
"ABCD4","Lymphocyte","SCZ","Wald ratio",1," 0.016","0.014","  1.016","2.52e-01",NA,NA,NA,0.008487118
"C15orf29","Lymphocyte","SCZ","Wald ratio",1,"-0.010","0.009","  0.990","2.52e-01",NA,NA,NA,0.008487039
"TBL2","Lymphocyte","SCZ","Wald ratio",1," 0.149","0.130","  1.160","2.52e-01",NA,NA,NA,0.009144491
"C9orf84","Lymphocyte","SCZ","Wald ratio",1,"-0.014","0.012","  0.986","2.52e-01",NA,NA,NA,0.00979954
"SPATA13","Lymphocyte","SCZ","Simple mode",3,"-0.022","0.014","  0.979","2.52e-01",0.59277256,0.710825641,0.642201727,0.010894742
"C1orf187","Lymphocyte","SCZ","Wald ratio",1,"-0.016","0.014","  0.984","2.53e-01",NA,NA,NA,0.009221477
"ARHGAP10","Lymphocyte","SCZ","Wald ratio",1,"-0.019","0.016","  0.982","2.53e-01",NA,NA,NA,0.013124075
"DYSF","Lymphocyte","SCZ","Wald ratio",1,"-0.013","0.012","  0.987","2.53e-01",NA,NA,NA,0.010528633
"DGKB","Lymphocyte","SCZ","Wald ratio",1," 0.016","0.014","  1.016","2.53e-01",NA,NA,NA,0.011260013
"LOC732275","Lymphocyte","SCZ","Wald ratio",1," 0.017","0.015","  1.017","2.54e-01",NA,NA,NA,0.011330873
"G3BP1","Lymphocyte","SCZ","Wald ratio",1,"-0.027","0.024","  0.974","2.54e-01",NA,NA,NA,0.009463151
"GLRA1","Lymphocyte","SCZ","Wald ratio",1,"-0.078","0.068","  0.925","2.54e-01",NA,NA,NA,0.009463151
"THSD7A","Lymphocyte","SCZ","Wald ratio",1," 0.029","0.025","  1.029","2.55e-01",NA,NA,NA,0.008798722
"UGT2B7","Lymphocyte","SCZ","Wald ratio",1,"-0.010","0.009","  0.990","2.55e-01",NA,NA,NA,0.008144152
"RFFL","Lymphocyte","SCZ","Wald ratio",1," 0.020","0.017","  1.020","2.55e-01",NA,NA,NA,0.013510306
"CACNB2","Lymphocyte","SCZ","Wald ratio",1," 0.034","0.030","  1.035","2.55e-01",NA,NA,NA,0.015501486
"SEMA3D","Lymphocyte","SCZ","Wald ratio",1,"-0.012","0.010","  0.988","2.55e-01",NA,NA,NA,0.008878326
"CLDN1","Lymphocyte","SCZ","Wald ratio",1," 0.025","0.022","  1.026","2.55e-01",NA,NA,NA,0.010270384
"SERPINA1","Lymphocyte","SCZ","Wald ratio",1," 0.012","0.011","  1.012","2.55e-01",NA,NA,NA,0.008022355
"ATP5S","Lymphocyte","SCZ","Wald ratio",1,"-0.010","0.009","  0.990","2.55e-01",NA,NA,NA,0.008223871
"SLC9A9","Lymphocyte","SCZ","Wald ratio",1," 0.013","0.012","  1.013","2.56e-01",NA,NA,NA,0.008303616
"CGB1","Lymphocyte","SCZ","Wald ratio",1," 0.012","0.011","  1.012","2.56e-01",NA,NA,NA,0.008303616
"LHB","Lymphocyte","SCZ","Wald ratio",1," 0.011","0.010","  1.011","2.56e-01",NA,NA,NA,0.008303616
"TBX21","Lymphocyte","SCZ","Wald ratio",1,"-0.047","0.041","  0.955","2.57e-01",NA,NA,NA,0.008379554
"SHC4","Lymphocyte","SCZ","Wald ratio",1," 0.011","0.010","  1.011","2.57e-01",NA,NA,NA,0.008458904
"KIAA0776","Lymphocyte","SCZ","Wald ratio",1,"-0.144","0.127","  0.866","2.57e-01",NA,NA,NA,0.008458925
"LHFPL2","Lymphocyte","SCZ","Inverse variance weighted",2,"-0.009","0.008","  0.991","2.57e-01",NA,0.624115686,NA,0.005584067
"IKZF2","Lymphocyte","SCZ","Wald ratio",1,"-0.013","0.011","  0.988","2.57e-01",NA,NA,NA,0.009196954
"VIPR2","Lymphocyte","SCZ","Wald ratio",1," 0.011","0.010","  1.011","2.57e-01",NA,NA,NA,0.009186453
"SP8","Lymphocyte","SCZ","Wald ratio",1," 0.031","0.028","  1.032","2.58e-01",NA,NA,NA,0.011390133
"C2orf3","Lymphocyte","SCZ","Wald ratio",1,"-0.521","0.461","  0.594","2.58e-01",NA,NA,NA,0.012029545
"PDLIM1","Lymphocyte","SCZ","Wald ratio",1,"-0.020","0.018","  0.980","2.58e-01",NA,NA,NA,0.012756706
"FAM20A","Lymphocyte","SCZ","Wald ratio",1," 0.018","0.016","  1.018","2.58e-01",NA,NA,NA,0.008614259
"DKFZp566F0947","Lymphocyte","SCZ","Wald ratio",1," 0.014","0.012","  1.014","2.59e-01",NA,NA,NA,0.009348348
"BAI1","Lymphocyte","SCZ","Wald ratio",1,"-0.073","0.064","  0.930","2.59e-01",NA,NA,NA,0.01016682
"FGFR2","Lymphocyte","SCZ","Wald ratio",1," 0.010","0.009","  1.010","2.59e-01",NA,NA,NA,0.00804372
"SULF2","Lymphocyte","SCZ","Wald ratio",1," 0.052","0.046","  1.053","2.60e-01",NA,NA,NA,0.008117445
"WDFY4","Lymphocyte","SCZ","Wald ratio",1,"-0.039","0.035","  0.962","2.60e-01",NA,NA,NA,0.008117586
"EMP2","Lymphocyte","SCZ","Wald ratio",1," 0.026","0.023","  1.026","2.60e-01",NA,NA,NA,0.008117586
"FER1L6","Lymphocyte","SCZ","Inverse variance weighted",2," 0.017","0.015","  1.017","2.60e-01",NA,0.239089379,NA,0.015702442
"ZNF131","Lymphocyte","SCZ","Wald ratio",1," 0.012","0.011","  1.012","2.61e-01",NA,NA,NA,0.009668146
"GMPR2","Lymphocyte","SCZ","Wald ratio",1,"-0.964","0.857","  0.381","2.61e-01",NA,NA,NA,0.011111856
"EPAS1","Lymphocyte","SCZ","Wald ratio",1," 0.022","0.019","  1.022","2.61e-01",NA,NA,NA,0.008197644
"C6orf225","Lymphocyte","SCZ","Wald ratio",1," 0.574","0.511","  1.775","2.61e-01",NA,NA,NA,0.009012255
"PEX5L","Lymphocyte","SCZ","Wald ratio",1,"-0.027","0.024","  0.973","2.61e-01",NA,NA,NA,0.008277704
"OPCML","Lymphocyte","SCZ","MR Egger",4,"-0.047","0.031","  0.954","2.62e-01",0.476196929,0.182106939,0.207412219,0.009416634
"ENPP2","Lymphocyte","SCZ","Wald ratio",1," 0.015","0.013","  1.015","2.62e-01",NA,NA,NA,0.009168469
"NMT1","Lymphocyte","SCZ","Wald ratio",1," 0.015","0.013","  1.015","2.63e-01",NA,NA,NA,0.011595021
"IGHMBP2","Lymphocyte","SCZ","Wald ratio",1," 0.452","0.404","  1.571","2.64e-01",NA,NA,NA,0.008589832
"MRGPRF","Lymphocyte","SCZ","Wald ratio",1," 0.039","0.035","  1.040","2.64e-01",NA,NA,NA,0.008589832
"CAP2","Lymphocyte","SCZ","Wald ratio",1," 0.011","0.009","  1.011","2.64e-01",NA,NA,NA,0.008589832
"IGHMBP2","Lymphocyte","SCZ","Wald ratio",1," 0.495","0.443","  1.641","2.64e-01",NA,NA,NA,0.008589832
"KIAA1199","Lymphocyte","SCZ","Wald ratio",1," 0.014","0.013","  1.014","2.64e-01",NA,NA,NA,0.010219776
"ARHGEF10","Lymphocyte","SCZ","Weighted median",3,"-0.010","0.009","  0.990","2.64e-01",0.291594082,0.230619844,0.42225751,0.00422806
"FLT3","Lymphocyte","SCZ","Wald ratio",1,"-0.034","0.030","  0.967","2.64e-01",NA,NA,NA,0.010213439
"WBSCR17","Lymphocyte","SCZ","Weighted mode",3,"-0.015","0.010","  0.985","2.64e-01",0.063205678,0.067978464,0.591549005,0.246454885
"UNCX","Lymphocyte","SCZ","Wald ratio",1,"-0.035","0.031","  0.966","2.64e-01",NA,NA,NA,0.008755962
"USP45","Lymphocyte","SCZ","Wald ratio",1,"-0.285","0.256","  0.752","2.65e-01",NA,NA,NA,0.008013712
"KIAA0748","Lymphocyte","SCZ","Wald ratio",1,"-0.029","0.026","  0.972","2.65e-01",NA,NA,NA,0.009641517
"SHH","Lymphocyte","SCZ","Wald ratio",1," 0.068","0.061","  1.070","2.65e-01",NA,NA,NA,0.008909888
"CEP72","Lymphocyte","SCZ","Wald ratio",1,"-0.020","0.018","  0.980","2.66e-01",NA,NA,NA,0.013840888
"PLAGL1","Lymphocyte","SCZ","Wald ratio",1," 0.020","0.018","  1.020","2.66e-01",NA,NA,NA,0.011418916
"KCNQ1","Lymphocyte","SCZ","MR Egger",4,"-0.029","0.019","  0.971","2.67e-01",0.677217799,0.435363328,0.297453356,0.004983474
"DHRS4L2","Lymphocyte","SCZ","Wald ratio",1," 0.696","0.627","  2.005","2.67e-01",NA,NA,NA,0.012533563
"DHRS4L1","Lymphocyte","SCZ","Wald ratio",1," 0.850","0.767","  2.340","2.67e-01",NA,NA,NA,0.012533563
"CCDC81","Lymphocyte","SCZ","Wald ratio",1," 0.070","0.063","  1.073","2.68e-01",NA,NA,NA,0.010925298
"CCDC81","Lymphocyte","SCZ","Wald ratio",1," 0.193","0.174","  1.213","2.68e-01",NA,NA,NA,0.010925298
"ITGAE","Lymphocyte","SCZ","Wald ratio",1," 0.022","0.020","  1.022","2.68e-01",NA,NA,NA,0.0118899
"PADI4","Lymphocyte","SCZ","Wald ratio",1," 0.019","0.017","  1.019","2.69e-01",NA,NA,NA,0.013560394
"ZNF239","Lymphocyte","SCZ","Wald ratio",1," 0.014","0.012","  1.014","2.69e-01",NA,NA,NA,0.007841772
"ARL4C","Lymphocyte","SCZ","Wald ratio",1,"-0.087","0.078","  0.917","2.69e-01",NA,NA,NA,0.009539971
"SORCS2","Lymphocyte","SCZ","Weighted mode",4,"-0.013","0.010","  0.987","2.70e-01",0.017135265,0.04275968,0.939575233,0.005640226
"EIF3M","Lymphocyte","SCZ","Wald ratio",1,"-0.013","0.012","  0.987","2.70e-01",NA,NA,NA,0.010589025
"SLC35A5","Lymphocyte","SCZ","Wald ratio",1,"-0.023","0.021","  0.977","2.71e-01",NA,NA,NA,0.018414542
"RORB","Lymphocyte","SCZ","Inverse variance weighted",2,"-0.107","0.097","  0.899","2.71e-01",NA,0.166342557,NA,0.032037405
"ZNF282","Lymphocyte","SCZ","Wald ratio",1,"-0.010","0.009","  0.990","2.71e-01",NA,NA,NA,0.008076109
"LRRC46","Lymphocyte","SCZ","Wald ratio",1," 0.011","0.010","  1.011","2.71e-01",NA,NA,NA,0.008077367
"OSBPL7","Lymphocyte","SCZ","Wald ratio",1," 0.107","0.097","  1.112","2.71e-01",NA,NA,NA,0.008077368
"DOK2","Lymphocyte","SCZ","Wald ratio",1," 0.014","0.012","  1.014","2.71e-01",NA,NA,NA,0.010663301
"CDKN1C","Lymphocyte","SCZ","Wald ratio",1," 0.016","0.015","  1.016","2.71e-01",NA,NA,NA,0.008852893
"WFS1","Lymphocyte","SCZ","Wald ratio",1,"-0.154","0.140","  0.857","2.71e-01",NA,NA,NA,0.01171089
"SHANK2","Lymphocyte","SCZ","Simple mode",4," 0.013","0.010","  1.013","2.71e-01",0.864002657,0.960242377,0.943070263,0.004788584
"ZFP36L2","Lymphocyte","SCZ","Wald ratio",1," 0.281","0.256","  1.325","2.71e-01",NA,NA,NA,0.009935196
"KIF12","Lymphocyte","SCZ","Inverse variance weighted",2," 0.009","0.008","  1.009","2.72e-01",NA,0.690250406,NA,0.00583206
"COL9A3","Lymphocyte","SCZ","Wald ratio",1," 0.038","0.035","  1.039","2.73e-01",NA,NA,NA,0.009448495
"OGFR","Lymphocyte","SCZ","Wald ratio",1," 0.022","0.021","  1.023","2.73e-01",NA,NA,NA,0.009448489
"RPP21","Lymphocyte","SCZ","Wald ratio",1," 0.020","0.018","  1.020","2.73e-01",NA,NA,NA,0.015822392
"POLR2C","Lymphocyte","SCZ","Wald ratio",1,"-0.310","0.283","  0.734","2.73e-01",NA,NA,NA,0.013134645
"CCL17","Lymphocyte","SCZ","Wald ratio",1,"-0.018","0.016","  0.982","2.73e-01",NA,NA,NA,0.013134645
"FLJ39653","Lymphocyte","SCZ","Wald ratio",1," 0.013","0.012","  1.013","2.74e-01",NA,NA,NA,0.010108428
"PLXNC1","Lymphocyte","SCZ","Wald ratio",1," 0.013","0.012","  1.013","2.75e-01",NA,NA,NA,0.009682217
"SPSB4","Lymphocyte","SCZ","Wald ratio",1," 0.016","0.014","  1.016","2.75e-01",NA,NA,NA,0.0125716
"FAM198B","Lymphocyte","SCZ","Wald ratio",1,"-0.032","0.029","  0.968","2.75e-01",NA,NA,NA,0.011692697
"TGFBR2","Lymphocyte","SCZ","Wald ratio",1,"-0.021","0.019","  0.979","2.75e-01",NA,NA,NA,0.00976108
"BCAS1","Lymphocyte","SCZ","Wald ratio",1," 0.011","0.010","  1.011","2.75e-01",NA,NA,NA,0.007901546
"PAPSS2","Lymphocyte","SCZ","Wald ratio",1,"-0.010","0.010","  0.990","2.76e-01",NA,NA,NA,0.007893943
"EPHA8","Lymphocyte","SCZ","Wald ratio",1,"-0.022","0.020","  0.978","2.77e-01",NA,NA,NA,0.00813632
"LBH","Lymphocyte","SCZ","Wald ratio",1," 0.013","0.012","  1.013","2.77e-01",NA,NA,NA,0.009186801
"RNF126P1","Lymphocyte","SCZ","Wald ratio",1,"-0.046","0.042","  0.955","2.77e-01",NA,NA,NA,0.0091868
"TFCP2L1","Lymphocyte","SCZ","Wald ratio",1,"-0.022","0.020","  0.978","2.77e-01",NA,NA,NA,0.009272599
"LGALS8","Lymphocyte","SCZ","Wald ratio",1,"-0.010","0.010","  0.990","2.77e-01",NA,NA,NA,0.008297895
"CDK6","Lymphocyte","SCZ","Wald ratio",1," 0.021","0.019","  1.021","2.77e-01",NA,NA,NA,0.012314915
"FBXO31","Lymphocyte","SCZ","Inverse variance weighted",2,"-0.017","0.016","  0.983","2.78e-01",NA,0.146471981,NA,0.008591395
"TG","Lymphocyte","SCZ","Wald ratio",1,"-0.020","0.018","  0.981","2.78e-01",NA,NA,NA,0.011435939
"SLC27A6","Lymphocyte","SCZ","Wald ratio",1," 0.040","0.037","  1.041","2.78e-01",NA,NA,NA,0.008459456
"SGSM1","Lymphocyte","SCZ","Wald ratio",1," 0.490","0.452","  1.633","2.78e-01",NA,NA,NA,0.008453644
"SGSM1","Lymphocyte","SCZ","Wald ratio",1," 0.735","0.679","  2.086","2.78e-01",NA,NA,NA,0.008453644
"TMEM171","Lymphocyte","SCZ","Wald ratio",1,"-0.033","0.030","  0.968","2.78e-01",NA,NA,NA,0.009504689
"CDC7","Lymphocyte","SCZ","Wald ratio",1," 0.014","0.013","  1.014","2.80e-01",NA,NA,NA,0.007638735
"SLC4A11","Lymphocyte","SCZ","Wald ratio",1," 0.015","0.014","  1.015","2.80e-01",NA,NA,NA,0.007725873
"ZIC5","Lymphocyte","SCZ","Wald ratio",1," 0.051","0.047","  1.052","2.80e-01",NA,NA,NA,0.007806815
"STEAP3","Lymphocyte","SCZ","Wald ratio",1," 0.010","0.009","  1.010","2.80e-01",NA,NA,NA,0.007795879
"GPR133","Lymphocyte","SCZ","Inverse variance weighted",3,"-0.011","0.010","  0.989","2.80e-01",0.233230445,0.304666456,0.56267515,0.00788765
"ZNF767","Lymphocyte","SCZ","Wald ratio",1," 0.022","0.020","  1.022","2.81e-01",NA,NA,NA,0.007885653
"COL13A1","Lymphocyte","SCZ","Inverse variance weighted",2," 0.012","0.011","  1.012","2.81e-01",NA,0.575244211,NA,0.005119058
"C8orf48","Lymphocyte","SCZ","Wald ratio",1," 0.137","0.127","  1.147","2.81e-01",NA,NA,NA,0.010223547
"STX17","Lymphocyte","SCZ","Wald ratio",1," 0.209","0.194","  1.232","2.81e-01",NA,NA,NA,0.008043896
"SPAG16","Lymphocyte","SCZ","Wald ratio",1,"-0.012","0.011","  0.988","2.82e-01",NA,NA,NA,0.008040163
"C6orf218","Lymphocyte","SCZ","Wald ratio",1,"-0.066","0.061","  0.936","2.82e-01",NA,NA,NA,0.009257414
"LRP1B","Lymphocyte","SCZ","Inverse variance weighted",2," 0.028","0.026","  1.028","2.82e-01",NA,0.028143271,NA,0.501003578
"HSP90AA1","Lymphocyte","SCZ","Wald ratio",1,"-0.012","0.011","  0.988","2.82e-01",NA,NA,NA,0.009338135
"IQSEC3","Lymphocyte","SCZ","Inverse variance weighted",2,"-0.017","0.016","  0.983","2.82e-01",NA,0.041787751,NA,0.003898815
"COL22A1","Lymphocyte","SCZ","Wald ratio",1," 0.112","0.104","  1.119","2.82e-01",NA,NA,NA,0.012694261
"MYOM2","Lymphocyte","SCZ","Inverse variance weighted",2,"-0.021","0.020","  0.979","2.83e-01",NA,0.091269488,NA,0.079506382
"FAM83F","Lymphocyte","SCZ","Wald ratio",1," 0.023","0.021","  1.023","2.83e-01",NA,NA,NA,0.008281128
"UBAC1","Lymphocyte","SCZ","Wald ratio",1,"-0.011","0.010","  0.989","2.83e-01",NA,NA,NA,0.008360168
"KIAA1217","Lymphocyte","SCZ","Weighted mode",3,"-0.019","0.013","  0.981","2.83e-01",0.032635259,0.077009506,0.785019335,0.06347791
"SYT1","Lymphocyte","SCZ","Wald ratio",1," 0.490","0.457","  1.633","2.83e-01",NA,NA,NA,0.008439188
"DLG5","Lymphocyte","SCZ","Wald ratio",1," 0.018","0.017","  1.018","2.83e-01",NA,NA,NA,0.008439188
"MIR1252","Lymphocyte","SCZ","Wald ratio",1," 0.013","0.012","  1.013","2.83e-01",NA,NA,NA,0.008438223
"SYT1","Lymphocyte","SCZ","Wald ratio",1," 0.542","0.505","  1.719","2.83e-01",NA,NA,NA,0.008439187
"TMPRSS13","Lymphocyte","SCZ","Inverse variance weighted",2,"-0.008","0.007","  0.992","2.84e-01",NA,0.984483832,NA,0.006399673
"ENDOD1","Lymphocyte","SCZ","Wald ratio",1,"-0.010","0.010","  0.990","2.85e-01",NA,NA,NA,0.007545572
"MRPL23","Lymphocyte","SCZ","Wald ratio",1," 0.126","0.118","  1.134","2.85e-01",NA,NA,NA,0.007631009
"SNX18","Lymphocyte","SCZ","Wald ratio",1," 0.026","0.024","  1.026","2.85e-01",NA,NA,NA,0.007631009
"LOC100133545","Lymphocyte","SCZ","Wald ratio",1," 0.014","0.013","  1.014","2.85e-01",NA,NA,NA,0.007631009
"TNNT3","Lymphocyte","SCZ","Wald ratio",1," 0.021","0.019","  1.021","2.85e-01",NA,NA,NA,0.007631009
"EHD4","Lymphocyte","SCZ","Wald ratio",1,"-0.027","0.025","  0.974","2.85e-01",NA,NA,NA,0.015131963
"SPTBN5","Lymphocyte","SCZ","Wald ratio",1,"-0.534","0.500","  0.586","2.85e-01",NA,NA,NA,0.015131963
"JAK2","Lymphocyte","SCZ","Wald ratio",1,"-0.012","0.011","  0.988","2.85e-01",NA,NA,NA,0.008920895
"GMDS","Lymphocyte","SCZ","MR Egger",4,"-0.031","0.022","  0.969","2.86e-01",0.733078382,0.703850345,0.468801011,0.009287979
"CHSY1","Lymphocyte","SCZ","Inverse variance weighted",2,"-0.009","0.009","  0.991","2.86e-01",NA,0.59554152,NA,0.009314115
"SORL1","Lymphocyte","SCZ","Wald ratio",1," 0.040","0.038","  1.041","2.86e-01",NA,NA,NA,0.009079608
"FAM135B","Lymphocyte","SCZ","Wald ratio",1," 0.011","0.011","  1.011","2.86e-01",NA,NA,NA,0.007872249
"C1QTNF6","Lymphocyte","SCZ","Wald ratio",1," 0.012","0.011","  1.012","2.86e-01",NA,NA,NA,0.009325083
"LLGL2","Lymphocyte","SCZ","Wald ratio",1," 0.019","0.017","  1.019","2.87e-01",NA,NA,NA,0.009234345
"MIF4GD","Lymphocyte","SCZ","Wald ratio",1," 0.026","0.024","  1.026","2.87e-01",NA,NA,NA,0.009237262
"C10orf107","Lymphocyte","SCZ","Wald ratio",1," 0.011","0.010","  1.011","2.87e-01",NA,NA,NA,0.007946096
"SLC25A41","Lymphocyte","SCZ","Wald ratio",1,"-0.011","0.010","  0.989","2.87e-01",NA,NA,NA,0.008030745
"HSPA12A","Lymphocyte","SCZ","Wald ratio",1,"-0.029","0.027","  0.972","2.88e-01",NA,NA,NA,0.016518789
"ProSAPiP1","Lymphocyte","SCZ","Wald ratio",1," 0.016","0.015","  1.016","2.88e-01",NA,NA,NA,0.009796999
"MYO3B","Lymphocyte","SCZ","Weighted mode",3," 0.011","0.008","  1.012","2.89e-01",0.896464421,0.903894997,0.741313444,0.006673782
"ST6GALNAC3","Lymphocyte","SCZ","Simple mode",3," 0.020","0.014","  1.020","2.89e-01",0.776363944,0.562440123,0.48919657,0.013143004
"MIR1208","Lymphocyte","SCZ","Wald ratio",1,"-0.020","0.019","  0.980","2.90e-01",NA,NA,NA,0.013222883
"ST3GAL3","Lymphocyte","SCZ","Wald ratio",1,"-0.013","0.012","  0.987","2.90e-01",NA,NA,NA,0.007538315
"RNF7","Lymphocyte","SCZ","Wald ratio",1," 0.010","0.010","  1.010","2.90e-01",NA,NA,NA,0.007172427
"GNLY","Lymphocyte","SCZ","Wald ratio",1,"-0.011","0.010","  0.989","2.90e-01",NA,NA,NA,0.007619559
"SDS","Lymphocyte","SCZ","Wald ratio",1,"-0.043","0.040","  0.958","2.90e-01",NA,NA,NA,0.013453494
"SDSL","Lymphocyte","SCZ","Wald ratio",1,"-0.055","0.052","  0.946","2.90e-01",NA,NA,NA,0.013453494
"KPRP","Lymphocyte","SCZ","Wald ratio",1,"-0.014","0.014","  0.986","2.91e-01",NA,NA,NA,0.007699274
"TMEM63C","Lymphocyte","SCZ","Wald ratio",1,"-0.021","0.020","  0.979","2.91e-01",NA,NA,NA,0.007782015
"FGD5","Lymphocyte","SCZ","Inverse variance weighted",2,"-0.016","0.016","  0.984","2.91e-01",NA,0.169604396,NA,0.004635827
"NOLC1","Lymphocyte","SCZ","Wald ratio",1," 0.032","0.030","  1.032","2.92e-01",NA,NA,NA,0.015649038
"KCTD12","Lymphocyte","SCZ","Wald ratio",1,"-0.023","0.022","  0.977","2.92e-01",NA,NA,NA,0.008097713
"psiTPTE22","Lymphocyte","SCZ","Wald ratio",1,"-0.029","0.028","  0.971","2.94e-01",NA,NA,NA,0.008821808
"UTS2D","Lymphocyte","SCZ","Wald ratio",1,"-0.011","0.011","  0.989","2.94e-01",NA,NA,NA,0.005478249
"CCDC50","Lymphocyte","SCZ","Wald ratio",1,"-0.337","0.322","  0.714","2.94e-01",NA,NA,NA,0.008818325
"CCDC50","Lymphocyte","SCZ","Wald ratio",1,"-0.348","0.332","  0.706","2.94e-01",NA,NA,NA,0.008818822
"CCDC50","Lymphocyte","SCZ","Wald ratio",1,"-0.013","0.012","  0.987","2.94e-01",NA,NA,NA,0.008818822
"LAPTM4B","Lymphocyte","SCZ","Inverse variance weighted",2," 0.013","0.013","  1.013","2.95e-01",NA,0.407466476,NA,0.007632561
"MDGA2","Lymphocyte","SCZ","Wald ratio",1,"-0.009","0.009","  0.991","2.95e-01",NA,NA,NA,0.007102667
"C4BPB","Lymphocyte","SCZ","Wald ratio",1," 0.015","0.014","  1.015","2.95e-01",NA,NA,NA,0.007365496
"AMPH","Lymphocyte","SCZ","Wald ratio",1," 0.014","0.014","  1.014","2.95e-01",NA,NA,NA,0.010508894
"FAM76B","Lymphocyte","SCZ","Wald ratio",1,"-0.010","0.009","  0.990","2.96e-01",NA,NA,NA,0.006177584
"MTMR2","Lymphocyte","SCZ","Wald ratio",1,"-0.010","0.009","  0.990","2.96e-01",NA,NA,NA,0.007447741
"TMEM163","Lymphocyte","SCZ","Wald ratio",1,"-0.026","0.024","  0.975","2.96e-01",NA,NA,NA,0.016488716
"LGR6","Lymphocyte","SCZ","Wald ratio",1,"-0.018","0.017","  0.982","2.96e-01",NA,NA,NA,0.007524978
"SULT1C2","Lymphocyte","SCZ","Wald ratio",1," 0.016","0.015","  1.016","2.96e-01",NA,NA,NA,0.007604679
"SULT1C2","Lymphocyte","SCZ","Wald ratio",1," 0.010","0.010","  1.010","2.96e-01",NA,NA,NA,0.007604496
"PRR16","Lymphocyte","SCZ","Inverse variance weighted",2," 0.010","0.010","  1.010","2.97e-01",NA,0.533875323,NA,0.008674664
"FLJ44817","Lymphocyte","SCZ","Wald ratio",1,"-0.055","0.053","  0.946","2.97e-01",NA,NA,NA,0.009781627
"PDCD1","Lymphocyte","SCZ","Wald ratio",1,"-0.012","0.011","  0.988","2.97e-01",NA,NA,NA,0.007931931
"NEU4","Lymphocyte","SCZ","Wald ratio",1,"-0.055","0.053","  0.946","2.97e-01",NA,NA,NA,0.007931931
"NEU4","Lymphocyte","SCZ","Wald ratio",1,"-0.010","0.010","  0.990","2.97e-01",NA,NA,NA,0.007931072
"C2orf85","Lymphocyte","SCZ","Wald ratio",1,"-0.020","0.019","  0.981","2.97e-01",NA,NA,NA,0.007929702
"NOL10","Lymphocyte","SCZ","Wald ratio",1," 0.297","0.285","  1.346","2.97e-01",NA,NA,NA,0.008011484
"ODC1","Lymphocyte","SCZ","Wald ratio",1," 0.146","0.140","  1.158","2.97e-01",NA,NA,NA,0.00801148
"TMEM132D","Lymphocyte","SCZ","Weighted mode",3,"-0.012","0.009","  0.988","2.98e-01",0.62449677,0.882201454,0.933258477,0.010235438
"SCUBE1","Lymphocyte","SCZ","Inverse variance weighted",2,"-0.018","0.017","  0.982","2.99e-01",NA,0.320409521,NA,0.005045841
"GNG12","Lymphocyte","SCZ","Inverse variance weighted",2,"-0.045","0.043","  0.956","2.99e-01",NA,0.089980721,NA,0.010236869
"ZNF787","Lymphocyte","SCZ","Wald ratio",1,"-0.017","0.016","  0.983","2.99e-01",NA,NA,NA,0.012496635
"CLIC6","Lymphocyte","SCZ","Wald ratio",1,"-0.018","0.017","  0.982","2.99e-01",NA,NA,NA,0.008729996
"KLF3","Lymphocyte","SCZ","Wald ratio",1,"-0.027","0.026","  0.974","2.99e-01",NA,NA,NA,0.008893276
"PARP4","Lymphocyte","SCZ","Wald ratio",1,"-0.014","0.014","  0.986","2.99e-01",NA,NA,NA,0.011217079
"WDR19","Lymphocyte","SCZ","Wald ratio",1," 0.018","0.017","  1.018","3.00e-01",NA,NA,NA,0.011450978
"PDCD2L","Lymphocyte","SCZ","Wald ratio",1,"-0.114","0.110","  0.892","3.01e-01",NA,NA,NA,0.016631412
"LOC100188949","Lymphocyte","SCZ","Wald ratio",1,"-0.075","0.073","  0.927","3.01e-01",NA,NA,NA,0.007277801
"IFT88","Lymphocyte","SCZ","Wald ratio",1," 0.202","0.195","  1.224","3.01e-01",NA,NA,NA,0.007277801
"TMEM108","Lymphocyte","SCZ","Wald ratio",1,"-0.010","0.010","  0.990","3.01e-01",NA,NA,NA,0.007359237
"C9orf66","Lymphocyte","SCZ","Wald ratio",1,"-0.220","0.212","  0.803","3.01e-01",NA,NA,NA,0.007359237
"C2CD4A","Lymphocyte","SCZ","Wald ratio",1," 0.014","0.013","  1.014","3.01e-01",NA,NA,NA,0.007358371
"AKAP2","Lymphocyte","SCZ","Wald ratio",1," 0.011","0.011","  1.011","3.01e-01",NA,NA,NA,0.007440658
"ROBO1","Lymphocyte","SCZ","Wald ratio",1,"-0.011","0.011","  0.989","3.02e-01",NA,NA,NA,0.008082817
"LOC729668","Lymphocyte","SCZ","Wald ratio",1,"-0.011","0.010","  0.989","3.03e-01",NA,NA,NA,0.008164109
"PRR24","Lymphocyte","SCZ","Wald ratio",1," 0.024","0.023","  1.024","3.03e-01",NA,NA,NA,0.008243663
"FAM172A","Lymphocyte","SCZ","Wald ratio",1," 0.015","0.015","  1.016","3.03e-01",NA,NA,NA,0.011123845
"LOC100130557","Lymphocyte","SCZ","Wald ratio",1," 0.156","0.151","  1.169","3.04e-01",NA,NA,NA,0.008642889
"CNBD1","Lymphocyte","SCZ","Wald ratio",1," 0.031","0.030","  1.031","3.05e-01",NA,NA,NA,0.012944527
"AUTS2","Lymphocyte","SCZ","MR Egger",3,"-0.026","0.013","  0.975","3.05e-01",0.775238562,0.952915261,0.922592199,0.00463654
"MPG","Lymphocyte","SCZ","Wald ratio",1,"-0.067","0.065","  0.935","3.06e-01",NA,NA,NA,0.010727077
"TF","Lymphocyte","SCZ","Wald ratio",1," 0.029","0.028","  1.029","3.06e-01",NA,NA,NA,0.007191266
"CD33","Lymphocyte","SCZ","Wald ratio",1," 0.028","0.028","  1.029","3.06e-01",NA,NA,NA,0.007273425
"HCCA2","Lymphocyte","SCZ","Inverse variance weighted",2,"-0.012","0.012","  0.988","3.06e-01",NA,0.138507319,NA,0.004970954
"HIPK2","Lymphocyte","SCZ","Inverse variance weighted",2," 0.021","0.021","  1.021","3.06e-01",NA,0.038903988,NA,0.294331819
"METAP2","Lymphocyte","SCZ","Wald ratio",1,"-0.029","0.029","  0.971","3.06e-01",NA,NA,NA,0.011125574
"PCBP1","Lymphocyte","SCZ","Wald ratio",1,"-0.085","0.083","  0.919","3.07e-01",NA,NA,NA,0.014985619
"GNAQ","Lymphocyte","SCZ","Wald ratio",1," 0.017","0.016","  1.017","3.07e-01",NA,NA,NA,0.011119156
"ACSL3","Lymphocyte","SCZ","Wald ratio",1,"-0.010","0.010","  0.990","3.07e-01",NA,NA,NA,0.007761304
"PAH","Lymphocyte","SCZ","Wald ratio",1," 0.022","0.022","  1.022","3.07e-01",NA,NA,NA,0.007593075
"TRAK1","Lymphocyte","SCZ","Weighted mode",3," 0.011","0.008","  1.011","3.07e-01",0.399550412,0.265841433,0.396406047,0.011145684
"SLC35D1","Lymphocyte","SCZ","Wald ratio",1," 0.198","0.194","  1.219","3.08e-01",NA,NA,NA,0.008565934
"FAM18B2","Lymphocyte","SCZ","Wald ratio",1," 0.012","0.012","  1.012","3.08e-01",NA,NA,NA,0.0087245
"NRXN3","Lymphocyte","SCZ","Wald ratio",1,"-0.012","0.011","  0.988","3.08e-01",NA,NA,NA,0.007027669
"ZNF704","Lymphocyte","SCZ","Wald ratio",1," 0.189","0.185","  1.208","3.08e-01",NA,NA,NA,0.013415553
"KLF9","Lymphocyte","SCZ","Wald ratio",1," 0.200","0.198","  1.221","3.12e-01",NA,NA,NA,0.007190369
"KRTAP12-3","Lymphocyte","SCZ","Wald ratio",1,"-0.017","0.017","  0.983","3.12e-01",NA,NA,NA,0.00710673
"CDC42EP3","Lymphocyte","SCZ","Wald ratio",1," 0.193","0.191","  1.213","3.12e-01",NA,NA,NA,0.00710673
"KRTAP12-4","Lymphocyte","SCZ","Wald ratio",1,"-0.018","0.018","  0.982","3.12e-01",NA,NA,NA,0.00710673
"VASH2","Lymphocyte","SCZ","Wald ratio",1," 0.100","0.099","  1.105","3.12e-01",NA,NA,NA,0.007188248
"SLC38A10","Lymphocyte","SCZ","Wald ratio",1,"-0.017","0.017","  0.983","3.12e-01",NA,NA,NA,0.007188248
"AATK","Lymphocyte","SCZ","Wald ratio",1,"-0.055","0.054","  0.946","3.12e-01",NA,NA,NA,0.007188248
"AZI1","Lymphocyte","SCZ","Wald ratio",1,"-0.010","0.010","  0.990","3.12e-01",NA,NA,NA,0.007188248
"ZHX2","Lymphocyte","SCZ","Wald ratio",1,"-0.013","0.012","  0.988","3.12e-01",NA,NA,NA,0.00735123
"NTRK3","Lymphocyte","SCZ","Wald ratio",1,"-0.010","0.010","  0.990","3.12e-01",NA,NA,NA,0.007351236
"C8orf31","Lymphocyte","SCZ","Wald ratio",1," 0.012","0.012","  1.012","3.12e-01",NA,NA,NA,0.007432707
"PHYHD1","Lymphocyte","SCZ","Wald ratio",1," 0.158","0.156","  1.171","3.12e-01",NA,NA,NA,0.00735041
"BASP1","Lymphocyte","SCZ","Wald ratio",1,"-0.111","0.110","  0.895","3.12e-01",NA,NA,NA,0.007430264
"SCARF2","Lymphocyte","SCZ","Wald ratio",1,"-0.013","0.013","  0.987","3.12e-01",NA,NA,NA,0.007590238
"GSG1L","Lymphocyte","SCZ","Wald ratio",1," 0.013","0.013","  1.013","3.12e-01",NA,NA,NA,0.007670119
"C8orf84","Lymphocyte","SCZ","Wald ratio",1,"-0.010","0.010","  0.990","3.12e-01",NA,NA,NA,0.004542257
"RNF165","Lymphocyte","SCZ","Wald ratio",1,"-0.011","0.011","  0.989","3.13e-01",NA,NA,NA,0.008316153
"SULF1","Lymphocyte","SCZ","Wald ratio",1,"-0.276","0.274","  0.759","3.13e-01",NA,NA,NA,0.009435118
"SV2C","Lymphocyte","SCZ","Wald ratio",1,"-0.013","0.013","  0.987","3.14e-01",NA,NA,NA,0.010159312
"REG1A","Lymphocyte","SCZ","Wald ratio",1," 0.022","0.022","  1.022","3.15e-01",NA,NA,NA,0.016528109
"PTPRN2","Lymphocyte","SCZ","MR Egger",8,"-0.015","0.014","  0.985","3.17e-01",0.022782382,0.001270353,0.103111946,0.004575196
"CENPP","Lymphocyte","SCZ","Wald ratio",1," 0.011","0.011","  1.011","3.17e-01",NA,NA,NA,0.007836847
"FHDC1","Lymphocyte","SCZ","Wald ratio",1," 0.010","0.010","  1.010","3.17e-01",NA,NA,NA,0.007109162
"BMPER","Lymphocyte","SCZ","Wald ratio",1,"-0.009","0.009","  0.991","3.17e-01",NA,NA,NA,0.00743161
"MRPS18C","Lymphocyte","SCZ","Wald ratio",1," 0.012","0.012","  1.012","3.17e-01",NA,NA,NA,0.007189253
"C8orf85","Lymphocyte","SCZ","Wald ratio",1,"-0.030","0.030","  0.971","3.17e-01",NA,NA,NA,0.007189253
"LAMB3","Lymphocyte","SCZ","Wald ratio",1," 0.010","0.010","  1.010","3.17e-01",NA,NA,NA,0.008315174
"LAMB3","Lymphocyte","SCZ","Wald ratio",1," 0.010","0.010","  1.011","3.17e-01",NA,NA,NA,0.008315174
"LAMA5","Lymphocyte","SCZ","Wald ratio",1,"-0.019","0.019","  0.981","3.17e-01",NA,NA,NA,0.007105671
"OSBPL2","Lymphocyte","SCZ","Wald ratio",1,"-0.009","0.009","  0.991","3.17e-01",NA,NA,NA,0.007105671
"TBL1XR1","Lymphocyte","SCZ","Wald ratio",1," 0.013","0.013","  1.013","3.17e-01",NA,NA,NA,0.007105671
"PGLYRP3","Lymphocyte","SCZ","Wald ratio",1,"-0.011","0.011","  0.989","3.17e-01",NA,NA,NA,0.007024147
"KIRREL3","Lymphocyte","SCZ","Inverse variance weighted",2," 0.016","0.016","  1.016","3.18e-01",NA,0.063306468,NA,0.142588274
"IGSF21","Lymphocyte","SCZ","MR Egger",3," 0.042","0.023","  1.043","3.19e-01",0.9738759,0.659461738,0.529309127,0.097070481
"AFAP1L2","Lymphocyte","SCZ","Inverse variance weighted",2," 0.013","0.013","  1.013","3.19e-01",NA,0.817748923,NA,0.011954976
"MYO3A","Lymphocyte","SCZ","Wald ratio",1," 0.021","0.021","  1.021","3.20e-01",NA,NA,NA,0.015673036
"KIAA0528","Lymphocyte","SCZ","Wald ratio",1,"-0.207","0.208","  0.813","3.20e-01",NA,NA,NA,0.014665662
"MBOAT1","Lymphocyte","SCZ","Inverse variance weighted",2,"-0.017","0.018","  0.983","3.20e-01",NA,0.728396025,NA,0.008760805
"IRS1","Lymphocyte","SCZ","Wald ratio",1,"-0.016","0.016","  0.984","3.20e-01",NA,NA,NA,0.012148603
"EFCAB4B","Lymphocyte","SCZ","Wald ratio",1," 0.219","0.221","  1.245","3.22e-01",NA,NA,NA,0.00943861
"CLPB","Lymphocyte","SCZ","Wald ratio",1,"-0.042","0.042","  0.959","3.22e-01",NA,NA,NA,0.008880177
"WDR86","Lymphocyte","SCZ","Wald ratio",1," 0.022","0.022","  1.022","3.22e-01",NA,NA,NA,0.007997007
"CRYGN","Lymphocyte","SCZ","Wald ratio",1," 0.185","0.187","  1.203","3.22e-01",NA,NA,NA,0.007997007
"CA10","Lymphocyte","SCZ","Wald ratio",1," 0.124","0.125","  1.132","3.22e-01",NA,NA,NA,0.007993234
"PCSK9","Lymphocyte","SCZ","Wald ratio",1,"-0.012","0.012","  0.988","3.23e-01",NA,NA,NA,0.007270041
"CERK","Lymphocyte","SCZ","Wald ratio",1,"-0.013","0.014","  0.987","3.23e-01",NA,NA,NA,0.007109886
"RRAGD","Lymphocyte","SCZ","Wald ratio",1," 0.009","0.009","  1.009","3.23e-01",NA,NA,NA,0.007187776
"PCCA","Lymphocyte","SCZ","Wald ratio",1," 0.013","0.013","  1.013","3.23e-01",NA,NA,NA,0.007350072
"C4orf51","Lymphocyte","SCZ","Wald ratio",1," 0.156","0.158","  1.169","3.23e-01",NA,NA,NA,0.00702498
"ZNHIT6","Lymphocyte","SCZ","Wald ratio",1," 0.046","0.046","  1.047","3.24e-01",NA,NA,NA,0.010959217
"FOXN3","Lymphocyte","SCZ","Weighted median",4," 0.010","0.010","  1.010","3.25e-01",0.011912195,0.029115134,0.86976606,0.083203442
"FER","Lymphocyte","SCZ","Wald ratio",1," 0.029","0.029","  1.029","3.25e-01",NA,NA,NA,0.01039958
"JAKMIP3","Lymphocyte","SCZ","Wald ratio",1,"-0.012","0.012","  0.988","3.26e-01",NA,NA,NA,0.008881148
"TAGLN3","Lymphocyte","SCZ","Wald ratio",1," 0.037","0.037","  1.037","3.26e-01",NA,NA,NA,0.012785145
"ALDOB","Lymphocyte","SCZ","Wald ratio",1,"-0.021","0.021","  0.979","3.26e-01",NA,NA,NA,0.012704938
"H2AFY2","Lymphocyte","SCZ","Wald ratio",1,"-0.012","0.012","  0.988","3.26e-01",NA,NA,NA,0.008718959
"ALG3","Lymphocyte","SCZ","Wald ratio",1,"-0.011","0.011","  0.989","3.27e-01",NA,NA,NA,0.008214315
"VWA5B2","Lymphocyte","SCZ","Wald ratio",1,"-0.198","0.202","  0.820","3.27e-01",NA,NA,NA,0.008239813
"ATP9B","Lymphocyte","SCZ","Wald ratio",1,"-0.010","0.010","  0.990","3.28e-01",NA,NA,NA,0.007516034
"RPL14","Lymphocyte","SCZ","Wald ratio",1," 0.700","0.715","  2.014","3.28e-01",NA,NA,NA,0.007434664
"ENTPD3","Lymphocyte","SCZ","Wald ratio",1," 0.011","0.011","  1.011","3.28e-01",NA,NA,NA,0.007434664
"LRRC33","Lymphocyte","SCZ","Wald ratio",1," 0.013","0.014","  1.013","3.28e-01",NA,NA,NA,0.007432489
"TFB1M","Lymphocyte","SCZ","Wald ratio",1,"-0.011","0.011","  0.990","3.28e-01",NA,NA,NA,0.007192447
"UNC13A","Lymphocyte","SCZ","Wald ratio",1,"-0.031","0.032","  0.970","3.28e-01",NA,NA,NA,0.010800571
"WDYHV1","Lymphocyte","SCZ","Wald ratio",1," 0.062","0.063","  1.063","3.28e-01",NA,NA,NA,0.007190464
"LMX1A","Lymphocyte","SCZ","Wald ratio",1,"-0.096","0.098","  0.909","3.28e-01",NA,NA,NA,0.007109035
"SLC39A11","Lymphocyte","SCZ","Wald ratio",1,"-0.009","0.010","  0.991","3.28e-01",NA,NA,NA,0.007109035
"CLEC14A","Lymphocyte","SCZ","Wald ratio",1," 0.045","0.046","  1.046","3.28e-01",NA,NA,NA,0.007109035
"C10orf11","Lymphocyte","SCZ","Wald ratio",1," 0.009","0.009","  1.009","3.29e-01",NA,NA,NA,0.006946133
"NHSL1","Lymphocyte","SCZ","Wald ratio",1,"-0.010","0.011","  0.990","3.29e-01",NA,NA,NA,0.006158451
"ACCN1","Lymphocyte","SCZ","Inverse variance weighted",3," 0.008","0.009","  1.008","3.29e-01",0.995189489,0.302903294,0.365600604,0.014748318
"KIAA1217","Lymphocyte","SCZ","Inverse variance weighted",3,"-0.021","0.022","  0.979","3.31e-01",0.032635259,0.077009506,0.785019335,0.06347791
"LOC121838","Lymphocyte","SCZ","Wald ratio",1,"-0.011","0.011","  0.989","3.31e-01",NA,NA,NA,0.008397298
"OTUB2","Lymphocyte","SCZ","Wald ratio",1,"-0.014","0.014","  0.986","3.32e-01",NA,NA,NA,0.008162187
"PROP1","Lymphocyte","SCZ","Inverse variance weighted",2,"-0.032","0.033","  0.968","3.32e-01",NA,0.142046262,NA,0.022485799
"PPP2R2C","Lymphocyte","SCZ","Wald ratio",1,"-0.016","0.017","  0.984","3.32e-01",NA,NA,NA,0.007843316
"KCNQ4","Lymphocyte","SCZ","Wald ratio",1," 0.062","0.064","  1.064","3.32e-01",NA,NA,NA,0.010169823
"SMTNL2","Lymphocyte","SCZ","Wald ratio",1,"-0.015","0.015","  0.985","3.33e-01",NA,NA,NA,0.009770971
"GADL1","Lymphocyte","SCZ","Inverse variance weighted",2,"-0.013","0.014","  0.987","3.33e-01",NA,0.861690845,NA,0.009360929
"FAM196A","Lymphocyte","SCZ","Wald ratio",1," 0.039","0.041","  1.040","3.33e-01",NA,NA,NA,0.009609385
"CARS","Lymphocyte","SCZ","Wald ratio",1," 0.274","0.284","  1.316","3.34e-01",NA,NA,NA,0.006956354
"LHX6","Lymphocyte","SCZ","Wald ratio",1,"-0.010","0.011","  0.990","3.34e-01",NA,NA,NA,0.007031881
"IRS2","Lymphocyte","SCZ","Wald ratio",1," 0.011","0.011","  1.011","3.34e-01",NA,NA,NA,0.006795289
"AMDHD1","Lymphocyte","SCZ","Wald ratio",1," 0.607","0.629","  1.835","3.34e-01",NA,NA,NA,0.00695049
"WDR1","Lymphocyte","SCZ","Wald ratio",1,"-0.017","0.018","  0.983","3.35e-01",NA,NA,NA,0.010915904
"B3GALT5","Lymphocyte","SCZ","Wald ratio",1,"-0.040","0.042","  0.961","3.36e-01",NA,NA,NA,0.008485398
"TMEM132D","Lymphocyte","SCZ","Simple mode",3,"-0.012","0.010","  0.988","3.36e-01",0.62449677,0.882201454,0.933258477,0.010235438
"GRID1","Lymphocyte","SCZ","Wald ratio",1," 0.012","0.012","  1.012","3.36e-01",NA,NA,NA,0.008326353
"LOC643719","Lymphocyte","SCZ","Wald ratio",1," 0.013","0.014","  1.013","3.36e-01",NA,NA,NA,0.010017186
"UGGT2","Lymphocyte","SCZ","Wald ratio",1," 0.018","0.019","  1.018","3.37e-01",NA,NA,NA,0.013539927
"ABO","Lymphocyte","SCZ","Inverse variance weighted",2," 0.007","0.007","  1.007","3.37e-01",NA,0.418848204,NA,0.00457077
"GALNTL4","Lymphocyte","SCZ","Inverse variance weighted",2,"-0.015","0.015","  0.986","3.37e-01",NA,0.358897391,NA,0.005622387
"EFNA5","Lymphocyte","SCZ","Weighted mode",3,"-0.022","0.018","  0.978","3.37e-01",0.001788789,0.007226016,0.934005818,0.414558478
"RPS6KA2","Lymphocyte","SCZ","Inverse variance weighted",7," 0.007","0.008","  1.007","3.38e-01",0.032583237,0.008301282,0.206743212,0.049068768
"RNGTT","Lymphocyte","SCZ","Wald ratio",1,"-0.012","0.013","  0.988","3.38e-01",NA,NA,NA,0.009299056
"NTM","Lymphocyte","SCZ","Simple mode",5," 0.013","0.012","  1.014","3.39e-01",0.00464551,0.01086273,0.894413182,0.005429658
"C1GALT1","Lymphocyte","SCZ","Wald ratio",1," 0.013","0.014","  1.013","3.39e-01",NA,NA,NA,0.010659417
"PTPRN2","Lymphocyte","SCZ","Inverse variance weighted",8," 0.008","0.008","  1.008","3.39e-01",0.022782382,0.001270353,0.103111946,0.004575196
"CTBS","Lymphocyte","SCZ","Wald ratio",1,"-0.419","0.439","  0.657","3.39e-01",NA,NA,NA,0.010576621
"RASSF2","Lymphocyte","SCZ","Wald ratio",1," 0.012","0.012","  1.012","3.39e-01",NA,NA,NA,0.007119055
"ADAMTS15","Lymphocyte","SCZ","Wald ratio",1,"-0.050","0.052","  0.951","3.39e-01",NA,NA,NA,0.006962189
"TUB","Lymphocyte","SCZ","Wald ratio",1,"-0.013","0.014","  0.987","3.39e-01",NA,NA,NA,0.006962189
"ZNF77","Lymphocyte","SCZ","Wald ratio",1,"-0.011","0.012","  0.989","3.40e-01",NA,NA,NA,0.006801252
"DMPK","Lymphocyte","SCZ","Wald ratio",1," 0.319","0.335","  1.376","3.40e-01",NA,NA,NA,0.006794683
"DMPK","Lymphocyte","SCZ","Wald ratio",1," 0.017","0.018","  1.017","3.40e-01",NA,NA,NA,0.006794683
"SIX5","Lymphocyte","SCZ","Wald ratio",1," 0.013","0.014","  1.014","3.40e-01",NA,NA,NA,0.006794683
"SLC22A23","Lymphocyte","SCZ","Simple mode",3,"-0.023","0.019","  0.977","3.40e-01",0.039370979,0.118164502,0.949740467,0.044510769
"GJB3","Lymphocyte","SCZ","Wald ratio",1,"-0.016","0.017","  0.984","3.41e-01",NA,NA,NA,0.008173504
"C16orf61","Lymphocyte","SCZ","Wald ratio",1,"-0.017","0.018","  0.983","3.41e-01",NA,NA,NA,0.007934674
"LDLRAD3","Lymphocyte","SCZ","Weighted median",3,"-0.008","0.009","  0.992","3.42e-01",0.823352925,0.655012328,0.536160428,0.009573542
"COL18A1","Lymphocyte","SCZ","Wald ratio",1,"-0.026","0.027","  0.974","3.42e-01",NA,NA,NA,0.007930348
"ALK","Lymphocyte","SCZ","Wald ratio",1," 0.025","0.027","  1.026","3.42e-01",NA,NA,NA,0.012412771
"IL12B","Lymphocyte","SCZ","Wald ratio",1,"-0.036","0.038","  0.964","3.42e-01",NA,NA,NA,0.009379036
"GALNT5","Lymphocyte","SCZ","Inverse variance weighted",2,"-0.014","0.015","  0.986","3.42e-01",NA,0.720456362,NA,0.014222427
"SNX9","Lymphocyte","SCZ","Wald ratio",1,"-0.010","0.010","  0.990","3.42e-01",NA,NA,NA,0.007487867
"HHIP","Lymphocyte","SCZ","Wald ratio",1," 0.014","0.015","  1.014","3.43e-01",NA,NA,NA,0.008982558
"FIGN","Lymphocyte","SCZ","Wald ratio",1," 0.016","0.017","  1.016","3.43e-01",NA,NA,NA,0.008981835
"FOXN3","Lymphocyte","SCZ","Inverse variance weighted",4," 0.012","0.013","  1.012","3.43e-01",0.011912195,0.029115134,0.86976606,0.083203442
"TSPAN11","Lymphocyte","SCZ","Inverse variance weighted",2," 0.022","0.023","  1.022","3.44e-01",NA,0.071674217,NA,0.085925633
"CD209","Lymphocyte","SCZ","Wald ratio",1,"-0.014","0.015","  0.986","3.44e-01",NA,NA,NA,0.00728929
"LOC389333","Lymphocyte","SCZ","Wald ratio",1,"-0.524","0.553","  0.592","3.44e-01",NA,NA,NA,0.00728929
"COL5A3","Lymphocyte","SCZ","Wald ratio",1," 0.048","0.051","  1.050","3.44e-01",NA,NA,NA,0.008664756
"RDH8","Lymphocyte","SCZ","Wald ratio",1," 0.016","0.016","  1.016","3.44e-01",NA,NA,NA,0.008664756
"BRD3","Lymphocyte","SCZ","Wald ratio",1," 0.207","0.219","  1.230","3.44e-01",NA,NA,NA,0.007129473
"ZNF783","Lymphocyte","SCZ","Wald ratio",1,"-0.011","0.011","  0.989","3.44e-01",NA,NA,NA,0.008504778
"ZNF212","Lymphocyte","SCZ","Wald ratio",1,"-0.017","0.018","  0.983","3.44e-01",NA,NA,NA,0.008504729
"TRAK1","Lymphocyte","SCZ","Simple mode",3," 0.011","0.009","  1.011","3.44e-01",0.399550412,0.265841433,0.396406047,0.011145684
"LARP1B","Lymphocyte","SCZ","Wald ratio",1,"-0.036","0.038","  0.965","3.44e-01",NA,NA,NA,0.007049523
"GGH","Lymphocyte","SCZ","Wald ratio",1," 0.029","0.031","  1.030","3.45e-01",NA,NA,NA,0.006889543
"ARHGAP23","Lymphocyte","SCZ","Wald ratio",1,"-0.056","0.060","  0.945","3.45e-01",NA,NA,NA,0.00696393
"PXMP3","Lymphocyte","SCZ","Wald ratio",1," 0.131","0.138","  1.140","3.45e-01",NA,NA,NA,0.00696349
"COL4A1","Lymphocyte","SCZ","Wald ratio",1,"-0.009","0.009","  0.991","3.45e-01",NA,NA,NA,0.00696393
"AMPD3","Lymphocyte","SCZ","Wald ratio",1," 0.014","0.015","  1.014","3.45e-01",NA,NA,NA,0.006808768
"CACNA1G","Lymphocyte","SCZ","Wald ratio",1,"-0.010","0.011","  0.990","3.46e-01",NA,NA,NA,0.006882706
"SNX18","Lymphocyte","SCZ","Wald ratio",1,"-0.026","0.027","  0.975","3.46e-01",NA,NA,NA,0.013409259
"GPR133","Lymphocyte","SCZ","Simple mode",3,"-0.016","0.013","  0.984","3.46e-01",0.233230445,0.304666456,0.56267515,0.00788765
"IFLTD1","Lymphocyte","SCZ","Wald ratio",1,"-0.012","0.012","  0.988","3.46e-01",NA,NA,NA,0.008022032
"KIAA1751","Lymphocyte","SCZ","Wald ratio",1,"-0.008","0.009","  0.992","3.46e-01",NA,NA,NA,0.006312705
"CDK11B","Lymphocyte","SCZ","Wald ratio",1,"-0.012","0.013","  0.988","3.46e-01",NA,NA,NA,0.006645638
"SLC35E2","Lymphocyte","SCZ","Wald ratio",1,"-0.009","0.009","  0.992","3.46e-01",NA,NA,NA,0.00664626
"CALML6","Lymphocyte","SCZ","Wald ratio",1,"-0.009","0.009","  0.991","3.46e-01",NA,NA,NA,0.006646241
"RALGDS","Lymphocyte","SCZ","Wald ratio",1,"-0.270","0.287","  0.763","3.46e-01",NA,NA,NA,0.00664626
"NADK","Lymphocyte","SCZ","Wald ratio",1,"-0.010","0.010","  0.991","3.46e-01",NA,NA,NA,0.00664626
"ST6GALNAC3","Lymphocyte","SCZ","Weighted mode",3," 0.013","0.011","  1.013","3.46e-01",0.776363944,0.562440123,0.48919657,0.013143004
"LOC100128554","Lymphocyte","SCZ","Wald ratio",1,"-0.008","0.009","  0.992","3.46e-01",NA,NA,NA,0.006642213
"CPOX","Lymphocyte","SCZ","Wald ratio",1,"-0.028","0.030","  0.972","3.46e-01",NA,NA,NA,0.006642213
"PLS1","Lymphocyte","SCZ","Wald ratio",1,"-0.020","0.021","  0.980","3.47e-01",NA,NA,NA,0.0090713
"MCF2L","Lymphocyte","SCZ","Inverse variance weighted",2," 0.008","0.009","  1.008","3.47e-01",NA,0.393955403,NA,0.005654903
"NEK3","Lymphocyte","SCZ","Inverse variance weighted",2,"-0.020","0.021","  0.980","3.47e-01",NA,0.090205779,NA,0.120279124
"C9orf123","Lymphocyte","SCZ","Wald ratio",1,"-1.314","1.400","  0.269","3.48e-01",NA,NA,NA,0.007537065
"SNX24","Lymphocyte","SCZ","Wald ratio",1," 0.220","0.234","  1.245","3.48e-01",NA,NA,NA,0.007378275
"RUNDC2C","Lymphocyte","SCZ","Wald ratio",1," 0.010","0.010","  1.010","3.49e-01",NA,NA,NA,0.007297771
"CNKSR1","Lymphocyte","SCZ","Wald ratio",1,"-0.011","0.012","  0.989","3.49e-01",NA,NA,NA,0.007297207
"STK39","Lymphocyte","SCZ","Wald ratio",1,"-0.009","0.010","  0.991","3.49e-01",NA,NA,NA,0.007297207
"CNKSR1","Lymphocyte","SCZ","Wald ratio",1,"-0.015","0.016","  0.985","3.49e-01",NA,NA,NA,0.007297207
"ZNF593","Lymphocyte","SCZ","Wald ratio",1,"-0.009","0.010","  0.991","3.49e-01",NA,NA,NA,0.00729206
"GNA12","Lymphocyte","SCZ","Wald ratio",1,"-0.009","0.010","  0.991","3.49e-01",NA,NA,NA,0.007297207
"ANO3","Lymphocyte","SCZ","Wald ratio",1," 0.011","0.012","  1.011","3.49e-01",NA,NA,NA,0.007217953
"SLC30A10","Lymphocyte","SCZ","Wald ratio",1,"-0.013","0.014","  0.987","3.50e-01",NA,NA,NA,0.008189906
"NTM","Lymphocyte","SCZ","Weighted mode",5," 0.015","0.014","  1.015","3.51e-01",0.00464551,0.01086273,0.894413182,0.005429658
"C1orf200","Lymphocyte","SCZ","Wald ratio",1,"-0.069","0.074","  0.933","3.51e-01",NA,NA,NA,0.006736616
"PIK3CD","Lymphocyte","SCZ","Wald ratio",1,"-0.044","0.048","  0.957","3.51e-01",NA,NA,NA,0.006736616
"RUFY1","Lymphocyte","SCZ","Wald ratio",1," 0.061","0.066","  1.063","3.51e-01",NA,NA,NA,0.006811461
"RUFY1","Lymphocyte","SCZ","Wald ratio",1," 0.043","0.046","  1.044","3.51e-01",NA,NA,NA,0.006811461
"TMEM19","Lymphocyte","SCZ","Wald ratio",1,"-1.172","1.257","  0.310","3.51e-01",NA,NA,NA,0.013305658
"PCBD2","Lymphocyte","SCZ","Wald ratio",1," 0.083","0.089","  1.086","3.52e-01",NA,NA,NA,0.006655473
"URB1","Lymphocyte","SCZ","Wald ratio",1,"-0.062","0.067","  0.940","3.52e-01",NA,NA,NA,0.010926625
"SLC35F3","Lymphocyte","SCZ","Simple mode",3," 0.025","0.021","  1.025","3.52e-01",0.434159619,0.318892395,0.418880783,0.005830599
"MYO3B","Lymphocyte","SCZ","Simple mode",3," 0.011","0.009","  1.011","3.52e-01",0.896464421,0.903894997,0.741313444,0.006673782
"IQCK","Lymphocyte","SCZ","Wald ratio",1,"-0.012","0.013","  0.988","3.53e-01",NA,NA,NA,0.008603472
"COL4A2","Lymphocyte","SCZ","Inverse variance weighted",3," 0.006","0.007","  1.006","3.53e-01",0.845824524,0.904957285,0.756446747,0.006639513
"FLI1","Lymphocyte","SCZ","Wald ratio",1," 0.014","0.015","  1.014","3.53e-01",NA,NA,NA,0.010606911
"RNASE6","Lymphocyte","SCZ","Inverse variance weighted",2,"-0.023","0.025","  0.977","3.53e-01",NA,0.982787069,NA,0.005173558
"MYO1D","Lymphocyte","SCZ","Inverse variance weighted",2," 0.020","0.022","  1.020","3.54e-01",NA,0.002740122,NA,0.00464861
"ZBTB17","Lymphocyte","SCZ","Wald ratio",1," 0.027","0.029","  1.027","3.54e-01",NA,NA,NA,0.01125664
"GALT","Lymphocyte","SCZ","Wald ratio",1,"-0.115","0.124","  0.891","3.54e-01",NA,NA,NA,0.01125664
"IL11RA","Lymphocyte","SCZ","Wald ratio",1,"-0.038","0.042","  0.962","3.54e-01",NA,NA,NA,0.01125664
"SIGMAR1","Lymphocyte","SCZ","Wald ratio",1,"-0.493","0.532","  0.611","3.54e-01",NA,NA,NA,0.01125664
"KLHL3","Lymphocyte","SCZ","Wald ratio",1," 0.011","0.012","  1.011","3.55e-01",NA,NA,NA,0.007148091
"SH3PXD2A","Lymphocyte","SCZ","Inverse variance weighted",2,"-0.017","0.019","  0.983","3.55e-01",NA,0.267645245,NA,0.005120696
"MUC20","Lymphocyte","SCZ","Inverse variance weighted",2,"-0.012","0.013","  0.988","3.56e-01",NA,0.180967604,NA,0.005621392
"POLE","Lymphocyte","SCZ","Wald ratio",1,"-0.015","0.016","  0.985","3.56e-01",NA,NA,NA,0.011659404
"P2RX2","Lymphocyte","SCZ","Wald ratio",1,"-0.023","0.025","  0.977","3.56e-01",NA,NA,NA,0.011659394
"RASSF5","Lymphocyte","SCZ","Wald ratio",1,"-0.018","0.019","  0.982","3.57e-01",NA,NA,NA,0.007722206
"EAPP","Lymphocyte","SCZ","Wald ratio",1,"-0.009","0.010","  0.991","3.57e-01",NA,NA,NA,0.006821966
"SLC44A3","Lymphocyte","SCZ","Wald ratio",1," 0.228","0.247","  1.256","3.57e-01",NA,NA,NA,0.006742105
"LEPROTL1","Lymphocyte","SCZ","Wald ratio",1,"-0.018","0.019","  0.983","3.58e-01",NA,NA,NA,0.013962284
"SLC26A10","Lymphocyte","SCZ","Wald ratio",1," 0.013","0.014","  1.013","3.58e-01",NA,NA,NA,0.006585077
"PCDH9","Lymphocyte","SCZ","MR Egger",4," 0.043","0.037","  1.044","3.58e-01",0.437789737,0.460245779,0.436140449,0.005766859
"DNAH14","Lymphocyte","SCZ","Wald ratio",1,"-0.011","0.012","  0.989","3.58e-01",NA,NA,NA,0.008372194
"PLEKHH1","Lymphocyte","SCZ","Wald ratio",1,"-0.042","0.046","  0.958","3.58e-01",NA,NA,NA,0.006504052
"NCOA7","Lymphocyte","SCZ","Wald ratio",1," 0.010","0.011","  1.010","3.58e-01",NA,NA,NA,0.006504052
"P2RX5","Lymphocyte","SCZ","Wald ratio",1,"-0.013","0.014","  0.987","3.58e-01",NA,NA,NA,0.006502392
"GPR133","Lymphocyte","SCZ","Weighted mode",3,"-0.015","0.012","  0.985","3.58e-01",0.233230445,0.304666456,0.56267515,0.00788765
"PRKCA","Lymphocyte","SCZ","Simple mode",4," 0.027","0.025","  1.027","3.60e-01",0.010111208,0.026874139,0.988013738,0.015972828
"PSD3","Lymphocyte","SCZ","Inverse variance weighted",2," 0.008","0.009","  1.008","3.60e-01",NA,0.782163243,NA,0.006139445
"CLDN14","Lymphocyte","SCZ","Wald ratio",1,"-0.014","0.015","  0.987","3.60e-01",NA,NA,NA,0.008049656
"ANKMY1","Lymphocyte","SCZ","Wald ratio",1,"-0.009","0.010","  0.991","3.61e-01",NA,NA,NA,0.006999976
"SLC25A24","Lymphocyte","SCZ","Wald ratio",1,"-0.013","0.014","  0.987","3.61e-01",NA,NA,NA,0.006920258
"PRSS37","Lymphocyte","SCZ","Wald ratio",1,"-0.011","0.012","  0.989","3.61e-01",NA,NA,NA,0.008545089
"CUL1","Lymphocyte","SCZ","Wald ratio",1," 0.009","0.010","  1.009","3.61e-01",NA,NA,NA,0.006913835
"NKPD1","Lymphocyte","SCZ","Wald ratio",1," 0.011","0.012","  1.011","3.62e-01",NA,NA,NA,0.00772818
"C13orf35","Lymphocyte","SCZ","Wald ratio",1," 0.014","0.016","  1.014","3.62e-01",NA,NA,NA,0.006833784
"RASA3","Lymphocyte","SCZ","Wald ratio",1," 0.011","0.012","  1.011","3.62e-01",NA,NA,NA,0.004116715
"ZMAT4","Lymphocyte","SCZ","Wald ratio",1,"-0.009","0.010","  0.991","3.64e-01",NA,NA,NA,0.006514671
"PARD3B","Lymphocyte","SCZ","Inverse variance weighted",2," 0.010","0.011","  1.010","3.64e-01",NA,0.175907945,NA,0.004545092
"NAGS","Lymphocyte","SCZ","Wald ratio",1," 0.115","0.126","  1.122","3.64e-01",NA,NA,NA,0.006435411
"ESM1","Lymphocyte","SCZ","Wald ratio",1," 0.013","0.015","  1.013","3.64e-01",NA,NA,NA,0.006435381
"LRFN2","Lymphocyte","SCZ","Inverse variance weighted",2,"-0.010","0.011","  0.990","3.66e-01",NA,0.220562495,NA,0.022135723
"AK3L1","Lymphocyte","SCZ","Wald ratio",1," 0.041","0.045","  1.042","3.66e-01",NA,NA,NA,0.013050646
"DGKE","Lymphocyte","SCZ","Wald ratio",1," 0.015","0.016","  1.015","3.66e-01",NA,NA,NA,0.010013871
"MYH3","Lymphocyte","SCZ","Wald ratio",1," 0.010","0.011","  1.010","3.67e-01",NA,NA,NA,0.007585464
"KDM3B","Lymphocyte","SCZ","Wald ratio",1," 0.040","0.045","  1.041","3.67e-01",NA,NA,NA,0.006846846
"PFKFB3","Lymphocyte","SCZ","Wald ratio",1," 0.018","0.020","  1.018","3.67e-01",NA,NA,NA,0.008989548
"FAM19A5","Lymphocyte","SCZ","Inverse variance weighted",2," 0.011","0.012","  1.011","3.68e-01",NA,0.171157257,NA,0.009349668
"ACCN1","Lymphocyte","SCZ","Weighted median",3," 0.008","0.008","  1.008","3.68e-01",0.995189489,0.302903294,0.365600604,0.014748318
"C2orf73","Lymphocyte","SCZ","Wald ratio",1,"-0.044","0.049","  0.957","3.69e-01",NA,NA,NA,0.006610558
"EXT1","Lymphocyte","SCZ","Wald ratio",1,"-0.009","0.010","  0.991","3.69e-01",NA,NA,NA,0.007343753
"SNRPD1","Lymphocyte","SCZ","Wald ratio",1,"-0.013","0.014","  0.988","3.69e-01",NA,NA,NA,0.008651628
"PML","Lymphocyte","SCZ","Wald ratio",1," 0.009","0.010","  1.009","3.69e-01",NA,NA,NA,0.006529823
"STOML1","Lymphocyte","SCZ","Wald ratio",1," 0.029","0.032","  1.029","3.69e-01",NA,NA,NA,0.006529824
"PI16","Lymphocyte","SCZ","Wald ratio",1," 0.026","0.029","  1.026","3.69e-01",NA,NA,NA,0.008651397
"PCSK6","Lymphocyte","SCZ","MR Egger",3," 0.095","0.062","  1.100","3.70e-01",0.430530367,0.051018907,0.260225487,0.034874909
"TYMS","Lymphocyte","SCZ","Wald ratio",1,"-0.011","0.012","  0.990","3.70e-01",NA,NA,NA,0.007863351
"EYA2","Lymphocyte","SCZ","Wald ratio",1," 0.014","0.016","  1.014","3.71e-01",NA,NA,NA,0.006368831
"CCNO","Lymphocyte","SCZ","Wald ratio",1," 0.151","0.168","  1.163","3.71e-01",NA,NA,NA,0.009786643
"DHX29","Lymphocyte","SCZ","Wald ratio",1," 0.014","0.016","  1.015","3.71e-01",NA,NA,NA,0.009467034
"DCLK1","Lymphocyte","SCZ","Inverse variance weighted",2,"-0.010","0.012","  0.990","3.71e-01",NA,0.986544985,NA,0.008681032
"RNF144A","Lymphocyte","SCZ","Wald ratio",1," 0.030","0.034","  1.030","3.71e-01",NA,NA,NA,0.006947059
"CANX","Lymphocyte","SCZ","Wald ratio",1,"-0.038","0.043","  0.963","3.72e-01",NA,NA,NA,0.006940883
"PRR25","Lymphocyte","SCZ","Wald ratio",1,"-0.013","0.014","  0.987","3.72e-01",NA,NA,NA,0.00825001
"MSLN","Lymphocyte","SCZ","Wald ratio",1,"-0.011","0.012","  0.989","3.72e-01",NA,NA,NA,0.008250337
"CHTF18","Lymphocyte","SCZ","Wald ratio",1,"-0.011","0.012","  0.989","3.72e-01",NA,NA,NA,0.008250337
"MIR662","Lymphocyte","SCZ","Wald ratio",1,"-0.010","0.012","  0.990","3.72e-01",NA,NA,NA,0.008250337
"MSLNL","Lymphocyte","SCZ","Wald ratio",1,"-0.010","0.012","  0.990","3.72e-01",NA,NA,NA,0.008240662
"RPUSD1","Lymphocyte","SCZ","Wald ratio",1,"-0.011","0.012","  0.989","3.72e-01",NA,NA,NA,0.008101642
"UPK1B","Lymphocyte","SCZ","Wald ratio",1,"-0.012","0.013","  0.988","3.72e-01",NA,NA,NA,0.007519099
"RFXAP","Lymphocyte","SCZ","Wald ratio",1," 0.149","0.167","  1.161","3.72e-01",NA,NA,NA,0.012204453
"ARID3A","Lymphocyte","SCZ","Wald ratio",1," 0.027","0.030","  1.027","3.73e-01",NA,NA,NA,0.006786273
"CCDC52","Lymphocyte","SCZ","Wald ratio",1," 0.020","0.022","  1.020","3.73e-01",NA,NA,NA,0.008092365
"ANK1","Lymphocyte","SCZ","Wald ratio",1,"-0.009","0.010","  0.991","3.73e-01",NA,NA,NA,0.00743802
"ANK1","Lymphocyte","SCZ","Wald ratio",1,"-0.132","0.149","  0.876","3.73e-01",NA,NA,NA,0.00743802
"NKX6-3","Lymphocyte","SCZ","Wald ratio",1,"-0.045","0.051","  0.956","3.73e-01",NA,NA,NA,0.00743802
"PTPRG","Lymphocyte","SCZ","Wald ratio",1," 0.009","0.011","  1.009","3.73e-01",NA,NA,NA,0.00743802
"RNF182","Lymphocyte","SCZ","Wald ratio",1,"-0.048","0.054","  0.953","3.73e-01",NA,NA,NA,0.006705725
"PPFIBP1","Lymphocyte","SCZ","Wald ratio",1," 0.014","0.016","  1.014","3.73e-01",NA,NA,NA,0.006705632
"RNF182","Lymphocyte","SCZ","Wald ratio",1,"-0.052","0.059","  0.949","3.73e-01",NA,NA,NA,0.006705725
"HRNBP3","Lymphocyte","SCZ","Inverse variance weighted",3," 0.006","0.007","  1.006","3.73e-01",0.691962783,0.687622315,0.582481175,0.004975114
"COL9A1","Lymphocyte","SCZ","Wald ratio",1," 0.034","0.039","  1.035","3.75e-01",NA,NA,NA,0.006543011
"CD160","Lymphocyte","SCZ","Wald ratio",1," 0.115","0.129","  1.122","3.75e-01",NA,NA,NA,0.006464
"NUDT17","Lymphocyte","SCZ","Wald ratio",1," 0.177","0.200","  1.194","3.75e-01",NA,NA,NA,0.006464
"SMOC2","Lymphocyte","SCZ","Wald ratio",1," 0.009","0.010","  1.009","3.75e-01",NA,NA,NA,0.006462353
"CLEC7A","Lymphocyte","SCZ","Wald ratio",1," 0.012","0.013","  1.012","3.76e-01",NA,NA,NA,0.008344061
"C6orf195","Lymphocyte","SCZ","Wald ratio",1," 0.009","0.011","  1.009","3.76e-01",NA,NA,NA,0.007690662
"COG4","Lymphocyte","SCZ","Wald ratio",1,"-0.008","0.009","  0.992","3.76e-01",NA,NA,NA,0.006383434
"TRPC3","Lymphocyte","SCZ","Inverse variance weighted",2," 0.012","0.014","  1.012","3.76e-01",NA,0.089732729,NA,0.005345724
"KCNJ16","Lymphocyte","SCZ","Wald ratio",1,"-0.011","0.012","  0.989","3.76e-01",NA,NA,NA,0.007637705
"PRKCA","Lymphocyte","SCZ","Weighted mode",4," 0.024","0.023","  1.024","3.77e-01",0.010111208,0.026874139,0.988013738,0.015972828
"KLF17","Lymphocyte","SCZ","Wald ratio",1,"-0.016","0.018","  0.985","3.77e-01",NA,NA,NA,0.012470169
"PACRG","Lymphocyte","SCZ","Wald ratio",1," 0.039","0.044","  1.039","3.77e-01",NA,NA,NA,0.00695611
"BLCAP","Lymphocyte","SCZ","Wald ratio",1,"-0.010","0.011","  0.990","3.77e-01",NA,NA,NA,0.00753253
"BLCAP","Lymphocyte","SCZ","Wald ratio",1,"-0.014","0.015","  0.987","3.77e-01",NA,NA,NA,0.00753253
"LRP6","Lymphocyte","SCZ","Wald ratio",1," 0.029","0.033","  1.030","3.78e-01",NA,NA,NA,0.008024978
"NHEDC2","Lymphocyte","SCZ","Wald ratio",1,"-0.020","0.023","  0.980","3.79e-01",NA,NA,NA,0.009737963
"GPR39","Lymphocyte","SCZ","Inverse variance weighted",2,"-0.007","0.008","  0.993","3.79e-01",NA,0.966015046,NA,0.005440563
"TEK","Lymphocyte","SCZ","Wald ratio",1,"-0.010","0.011","  0.990","3.80e-01",NA,NA,NA,0.007785671
"SNORD93","Lymphocyte","SCZ","Wald ratio",1,"-0.050","0.057","  0.952","3.80e-01",NA,NA,NA,0.006560471
"LIMCH1","Lymphocyte","SCZ","Wald ratio",1,"-0.018","0.021","  0.982","3.80e-01",NA,NA,NA,0.007132832
"HTR1B","Lymphocyte","SCZ","Wald ratio",1," 0.022","0.025","  1.022","3.81e-01",NA,NA,NA,0.007057554
"ARHGEF10","Lymphocyte","SCZ","MR Egger",3,"-0.094","0.064","  0.910","3.81e-01",0.291594082,0.230619844,0.42225751,0.00422806
"SH3BP4","Lymphocyte","SCZ","Wald ratio",1,"-0.057","0.065","  0.945","3.81e-01",NA,NA,NA,0.00763067
"DNMT3L","Lymphocyte","SCZ","Wald ratio",1,"-0.009","0.010","  0.991","3.82e-01",NA,NA,NA,0.00639909
"N4BP3","Lymphocyte","SCZ","Wald ratio",1," 0.012","0.014","  1.012","3.82e-01",NA,NA,NA,0.006399673
"GALNT13","Lymphocyte","SCZ","Inverse variance weighted",2,"-0.043","0.050","  0.957","3.82e-01",NA,0.0944095,NA,0.004574121
"ACRV1","Lymphocyte","SCZ","Wald ratio",1," 0.021","0.024","  1.022","3.82e-01",NA,NA,NA,0.01280367
"PATE3","Lymphocyte","SCZ","Wald ratio",1," 0.018","0.021","  1.019","3.82e-01",NA,NA,NA,0.011137611
"RPSA","Lymphocyte","SCZ","Wald ratio",1," 0.513","0.587","  1.670","3.82e-01",NA,NA,NA,0.009754648
"CCR8","Lymphocyte","SCZ","Wald ratio",1," 0.014","0.016","  1.014","3.82e-01",NA,NA,NA,0.009512746
"LOXL4","Lymphocyte","SCZ","Wald ratio",1," 0.013","0.014","  1.013","3.82e-01",NA,NA,NA,0.006320698
"FARS2","Lymphocyte","SCZ","Wald ratio",1,"-0.011","0.012","  0.989","3.82e-01",NA,NA,NA,0.006319288
"chrM1","Lymphocyte","SCZ","Wald ratio",1,"-0.023","0.026","  0.977","3.83e-01",NA,NA,NA,0.007390263
"USP44","Lymphocyte","SCZ","Wald ratio",1,"-0.012","0.013","  0.988","3.83e-01",NA,NA,NA,0.009026998
"S100B","Lymphocyte","SCZ","Wald ratio",1,"-0.131","0.151","  0.877","3.83e-01",NA,NA,NA,0.010088809
"C21orf129","Lymphocyte","SCZ","Wald ratio",1,"-0.016","0.019","  0.984","3.84e-01",NA,NA,NA,0.01170381
"SMYD3","Lymphocyte","SCZ","Weighted median",3,"-0.007","0.008","  0.993","3.84e-01",0.15420175,0.096556747,0.458015043,0.004846597
"SETMAR","Lymphocyte","SCZ","Wald ratio",1,"-0.016","0.019","  0.984","3.85e-01",NA,NA,NA,0.012591226
"LOC283663","Lymphocyte","SCZ","Wald ratio",1," 0.014","0.016","  1.014","3.85e-01",NA,NA,NA,0.007647656
"DEFA4","Lymphocyte","SCZ","Wald ratio",1," 0.008","0.010","  1.008","3.85e-01",NA,NA,NA,0.006577467
"NT5M","Lymphocyte","SCZ","Wald ratio",1," 0.131","0.151","  1.140","3.86e-01",NA,NA,NA,0.008140863
"PCSK6","Lymphocyte","SCZ","Inverse variance weighted",3,"-0.037","0.043","  0.964","3.86e-01",0.430530367,0.051018907,0.260225487,0.034874909
"RAPGEF4","Lymphocyte","SCZ","Wald ratio",1," 0.008","0.009","  1.008","3.86e-01",NA,NA,NA,0.006496717
"FNDC3B","Lymphocyte","SCZ","Inverse variance weighted",2," 0.009","0.011","  1.009","3.86e-01",NA,0.346740916,NA,0.010125326
"SLC34A1","Lymphocyte","SCZ","Wald ratio",1," 0.009","0.010","  1.009","3.88e-01",NA,NA,NA,0.006910344
"ATP6V0E2","Lymphocyte","SCZ","Wald ratio",1,"-0.014","0.016","  0.986","3.88e-01",NA,NA,NA,0.006338196
"ATP6V0E2","Lymphocyte","SCZ","Wald ratio",1,"-0.016","0.018","  0.984","3.88e-01",NA,NA,NA,0.006338196
"ATP6V0E2","Lymphocyte","SCZ","Wald ratio",1,"-0.008","0.009","  0.992","3.88e-01",NA,NA,NA,0.006338196
"KCTD1","Lymphocyte","SCZ","Wald ratio",1,"-0.008","0.009","  0.992","3.88e-01",NA,NA,NA,0.006336814
"CARD17","Lymphocyte","SCZ","Wald ratio",1," 0.009","0.011","  1.009","3.88e-01",NA,NA,NA,0.005621284
"FZD1","Lymphocyte","SCZ","Wald ratio",1,"-0.010","0.011","  0.990","3.88e-01",NA,NA,NA,0.007329315
"NXN","Lymphocyte","SCZ","MR Egger",4," 0.022","0.020","  1.023","3.88e-01",0.196496776,0.165156695,0.399198548,0.00508947
"CPVL","Lymphocyte","SCZ","Wald ratio",1," 0.026","0.030","  1.026","3.89e-01",NA,NA,NA,0.006179655
"C6orf162","Lymphocyte","SCZ","Wald ratio",1,"-0.025","0.029","  0.976","3.90e-01",NA,NA,NA,0.006176442
"BMP6","Lymphocyte","SCZ","Wald ratio",1,"-0.029","0.034","  0.972","3.90e-01",NA,NA,NA,0.006176442
"C6orf162","Lymphocyte","SCZ","Wald ratio",1,"-0.224","0.261","  0.799","3.90e-01",NA,NA,NA,0.006176442
"DTX4","Lymphocyte","SCZ","Wald ratio",1," 0.013","0.015","  1.013","3.90e-01",NA,NA,NA,0.00667312
"ABCA10","Lymphocyte","SCZ","Wald ratio",1," 0.115","0.134","  1.122","3.90e-01",NA,NA,NA,0.010608007
"LDB3","Lymphocyte","SCZ","Wald ratio",1," 0.015","0.018","  1.016","3.91e-01",NA,NA,NA,0.008984823
"TANC1","Lymphocyte","SCZ","Inverse variance weighted",2," 0.020","0.024","  1.021","3.91e-01",NA,0.206965962,NA,0.01035635
"DPYD","Lymphocyte","SCZ","Inverse variance weighted",2,"-0.046","0.053","  0.955","3.92e-01",NA,4.32e-07,NA,0.999964999
"PDZD2","Lymphocyte","SCZ","Inverse variance weighted",2,"-0.007","0.008","  0.993","3.92e-01",NA,0.521553518,NA,0.004857882
"TOX3","Lymphocyte","SCZ","Inverse variance weighted",2," 0.008","0.009","  1.008","3.92e-01",NA,0.726738668,NA,0.004841617
"APBB1IP","Lymphocyte","SCZ","Wald ratio",1,"-0.008","0.010","  0.992","3.94e-01",NA,NA,NA,0.006277651
"FSTL4","Lymphocyte","SCZ","Wald ratio",1," 0.018","0.022","  1.019","3.94e-01",NA,NA,NA,0.006277651
"PPM1B","Lymphocyte","SCZ","Wald ratio",1,"-0.081","0.095","  0.923","3.94e-01",NA,NA,NA,0.006277651
"TPO","Lymphocyte","SCZ","Wald ratio",1," 0.011","0.013","  1.011","3.94e-01",NA,NA,NA,0.008666196
"FREQ","Lymphocyte","SCZ","Wald ratio",1," 0.029","0.034","  1.029","3.94e-01",NA,NA,NA,0.007681477
"WBSCR17","Lymphocyte","SCZ","Simple mode",3,"-0.013","0.012","  0.987","3.95e-01",0.063205678,0.067978464,0.591549005,0.246454885
"MATN2","Lymphocyte","SCZ","Wald ratio",1," 0.008","0.009","  1.008","3.95e-01",NA,NA,NA,0.006195401
"MYST4","Lymphocyte","SCZ","Wald ratio",1,"-0.013","0.015","  0.987","3.95e-01",NA,NA,NA,0.00961902
"ANK3","Lymphocyte","SCZ","Wald ratio",1,"-0.008","0.009","  0.992","3.96e-01",NA,NA,NA,0.006613156
"PID1","Lymphocyte","SCZ","Wald ratio",1,"-0.008","0.009","  0.992","3.96e-01",NA,NA,NA,0.006118238
"C6orf174","Lymphocyte","SCZ","Inverse variance weighted",2,"-0.009","0.011","  0.991","3.96e-01",NA,0.961724917,NA,0.005654351
"RFESD","Lymphocyte","SCZ","Wald ratio",1,"-0.009","0.011","  0.991","3.96e-01",NA,NA,NA,0.00448383
"RFESD","Lymphocyte","SCZ","Wald ratio",1,"-0.056","0.066","  0.946","3.96e-01",NA,NA,NA,0.007524921
"GOLGA8B","Lymphocyte","SCZ","Inverse variance weighted",2,"-0.012","0.015","  0.988","3.96e-01",NA,0.813595081,NA,0.007771558
"PYROXD1","Lymphocyte","SCZ","Wald ratio",1,"-0.384","0.453","  0.681","3.96e-01",NA,NA,NA,0.006115431
"THBS1","Lymphocyte","SCZ","Wald ratio",1," 0.008","0.010","  1.008","3.96e-01",NA,NA,NA,0.00610873
"NPAS3","Lymphocyte","SCZ","Wald ratio",1," 0.013","0.016","  1.014","3.96e-01",NA,NA,NA,0.006115431
"PRDM16","Lymphocyte","SCZ","MR Egger",4,"-0.091","0.085","  0.913","3.97e-01",0.376112063,0.37882935,0.399415305,0.009918108
"RNPEP","Lymphocyte","SCZ","Wald ratio",1," 0.010","0.011","  1.010","3.97e-01",NA,NA,NA,0.00744574
"chrM2","Lymphocyte","SCZ","Wald ratio",1," 0.020","0.023","  1.020","3.97e-01",NA,NA,NA,0.006454811
"WNT11","Lymphocyte","SCZ","Wald ratio",1,"-0.008","0.009","  0.992","3.97e-01",NA,NA,NA,0.006454811
"C13orf33","Lymphocyte","SCZ","Wald ratio",1,"-0.012","0.014","  0.988","3.98e-01",NA,NA,NA,0.00869039
"MYT1","Lymphocyte","SCZ","Wald ratio",1,"-0.014","0.017","  0.986","3.99e-01",NA,NA,NA,0.010336078
"APLP2","Lymphocyte","SCZ","Inverse variance weighted",2," 0.019","0.022","  1.019","4.00e-01",NA,0.13113052,NA,0.009639384
"PCSK6","Lymphocyte","SCZ","Simple mode",3,"-0.046","0.043","  0.955","4.00e-01",0.430530367,0.051018907,0.260225487,0.034874909
"APOLD1","Lymphocyte","SCZ","Wald ratio",1,"-0.010","0.011","  0.990","4.01e-01",NA,NA,NA,0.006634496
"SH3RF3","Lymphocyte","SCZ","Inverse variance weighted",2,"-0.008","0.010","  0.992","4.01e-01",NA,0.547485381,NA,0.011040809
"C19orf22","Lymphocyte","SCZ","Inverse variance weighted",2," 0.012","0.015","  1.012","4.01e-01",NA,0.191747622,NA,0.006786307
"FUT10","Lymphocyte","SCZ","Wald ratio",1," 0.016","0.019","  1.016","4.01e-01",NA,NA,NA,0.006215371
"NCRNA00111","Lymphocyte","SCZ","Wald ratio",1," 0.013","0.016","  1.013","4.02e-01",NA,NA,NA,0.006132227
"CYP4F3","Lymphocyte","SCZ","Wald ratio",1," 0.029","0.035","  1.030","4.02e-01",NA,NA,NA,0.006135599
"TM4SF1","Lymphocyte","SCZ","Wald ratio",1,"-0.023","0.027","  0.978","4.02e-01",NA,NA,NA,0.00912036
"IGF1R","Lymphocyte","SCZ","Simple mode",3," 0.023","0.022","  1.023","4.02e-01",0.315631507,0.238731404,0.404007912,0.007029039
"MYT1L","Lymphocyte","SCZ","Simple mode",5,"-0.009","0.010","  0.991","4.02e-01",0.282865795,3.78e-05,0.025516736,0.998521529
"GPR31","Lymphocyte","SCZ","Wald ratio",1,"-0.010","0.011","  0.990","4.02e-01",NA,NA,NA,0.006060625
"FGFR1OP","Lymphocyte","SCZ","Wald ratio",1,"-0.225","0.269","  0.798","4.02e-01",NA,NA,NA,0.006060625
"JDP2","Lymphocyte","SCZ","Wald ratio",1,"-0.122","0.146","  0.885","4.02e-01",NA,NA,NA,0.006060624
"JDP2","Lymphocyte","SCZ","Wald ratio",1,"-0.023","0.027","  0.978","4.02e-01",NA,NA,NA,0.006060625
"C1QTNF5","Lymphocyte","SCZ","Wald ratio",1,"-0.019","0.023","  0.981","4.03e-01",NA,NA,NA,0.006893958
"ANKS1B","Lymphocyte","SCZ","Wald ratio",1,"-0.013","0.016","  0.987","4.03e-01",NA,NA,NA,0.006475154
"GPR25","Lymphocyte","SCZ","Wald ratio",1,"-0.012","0.014","  0.988","4.03e-01",NA,NA,NA,0.008112732
"CACNA1C","Lymphocyte","SCZ","Weighted mode",4," 0.013","0.014","  1.014","4.03e-01",4.21e-08,1.24e-15,0.270912523,0.016352441
"FAM160A2","Lymphocyte","SCZ","Wald ratio",1," 0.017","0.020","  1.017","4.03e-01",NA,NA,NA,0.01352904
"ZFPM2","Lymphocyte","SCZ","Wald ratio",1," 0.009","0.011","  1.009","4.04e-01",NA,NA,NA,0.00639552
"TSPAN9","Lymphocyte","SCZ","Wald ratio",1,"-0.013","0.016","  0.987","4.04e-01",NA,NA,NA,0.007431665
"TEAD4","Lymphocyte","SCZ","Wald ratio",1,"-0.044","0.053","  0.957","4.04e-01",NA,NA,NA,0.007982836
"KIAA1609","Lymphocyte","SCZ","Wald ratio",1," 0.045","0.054","  1.046","4.04e-01",NA,NA,NA,0.007151988
"BCL9","Lymphocyte","SCZ","Wald ratio",1,"-0.023","0.028","  0.977","4.05e-01",NA,NA,NA,0.00631807
"ATP1A4","Lymphocyte","SCZ","Wald ratio",1," 0.013","0.015","  1.013","4.05e-01",NA,NA,NA,0.007563973
"ATP1A2","Lymphocyte","SCZ","Wald ratio",1," 0.009","0.011","  1.009","4.05e-01",NA,NA,NA,0.007564867
"CLTC","Lymphocyte","SCZ","Wald ratio",1,"-0.567","0.681","  0.567","4.05e-01",NA,NA,NA,0.009964902
"GALNT3","Lymphocyte","SCZ","Wald ratio",1," 0.072","0.087","  1.075","4.05e-01",NA,NA,NA,0.009141569
"SLC7A14","Lymphocyte","SCZ","Wald ratio",1,"-0.010","0.012","  0.990","4.06e-01",NA,NA,NA,0.006655359
"TRPM1","Lymphocyte","SCZ","Wald ratio",1," 0.009","0.011","  1.009","4.06e-01",NA,NA,NA,0.006236299
"CEP68","Lymphocyte","SCZ","Wald ratio",1,"-0.137","0.165","  0.872","4.06e-01",NA,NA,NA,0.0062363
"PION","Lymphocyte","SCZ","Wald ratio",1," 0.008","0.010","  1.008","4.06e-01",NA,NA,NA,0.00623627
"CACNA1C","Lymphocyte","SCZ","MR Egger",4," 0.107","0.102","  1.113","4.06e-01",4.21e-08,1.24e-15,0.270912523,0.016352441
"AUTS2","Lymphocyte","SCZ","Simple mode",3,"-0.028","0.027","  0.972","4.06e-01",0.775238562,0.952915261,0.922592199,0.00463654
"TPD52L2","Lymphocyte","SCZ","Wald ratio",1," 0.009","0.011","  1.009","4.07e-01",NA,NA,NA,0.006160594
"MIR1914","Lymphocyte","SCZ","Wald ratio",1," 0.014","0.017","  1.014","4.07e-01",NA,NA,NA,0.006160594
"DNAJC5","Lymphocyte","SCZ","Wald ratio",1," 0.014","0.017","  1.015","4.07e-01",NA,NA,NA,0.006160554
"SORCS2","Lymphocyte","SCZ","Simple mode",4," 0.026","0.027","  1.027","4.07e-01",0.017135265,0.04275968,0.939575233,0.005640226
"CYB5R3","Lymphocyte","SCZ","Wald ratio",1," 0.448","0.541","  1.565","4.07e-01",NA,NA,NA,0.010139487
"REN","Lymphocyte","SCZ","Wald ratio",1," 0.012","0.014","  1.012","4.07e-01",NA,NA,NA,0.008908743
"INPP5E","Lymphocyte","SCZ","Wald ratio",1," 0.009","0.011","  1.009","4.08e-01",NA,NA,NA,0.006081867
"SEC16A","Lymphocyte","SCZ","Wald ratio",1," 0.009","0.010","  1.009","4.08e-01",NA,NA,NA,0.006081867
"RIMS1","Lymphocyte","SCZ","Wald ratio",1,"-0.017","0.020","  0.984","4.08e-01",NA,NA,NA,0.006081867
"PRMT2","Lymphocyte","SCZ","Wald ratio",1,"-0.008","0.009","  0.992","4.08e-01",NA,NA,NA,0.004750289
"MEST","Lymphocyte","SCZ","Wald ratio",1,"-0.029","0.035","  0.971","4.09e-01",NA,NA,NA,0.011875039
"KCNK16","Lymphocyte","SCZ","Wald ratio",1," 0.010","0.012","  1.010","4.09e-01",NA,NA,NA,0.005720661
"KCNK16","Lymphocyte","SCZ","Wald ratio",1," 0.008","0.009","  1.008","4.09e-01",NA,NA,NA,0.005997668
"AJAP1","Lymphocyte","SCZ","MR Egger",3,"-0.046","0.034","  0.955","4.09e-01",0.628953306,0.317330986,0.387247434,0.009487118
"ASAP3","Lymphocyte","SCZ","Wald ratio",1," 0.011","0.013","  1.011","4.09e-01",NA,NA,NA,0.007925074
"MAGI2","Lymphocyte","SCZ","Inverse variance weighted",3," 0.011","0.014","  1.011","4.10e-01",0.495564837,0.757675098,0.813889487,0.005373086
"SLC22A23","Lymphocyte","SCZ","Inverse variance weighted",3,"-0.012","0.015","  0.988","4.11e-01",0.039370979,0.118164502,0.949740467,0.044510769
"ZNF234","Lymphocyte","SCZ","Wald ratio",1,"-0.008","0.009","  0.992","4.11e-01",NA,NA,NA,0.006258139
"RFX4","Lymphocyte","SCZ","Wald ratio",1,"-0.014","0.017","  0.986","4.11e-01",NA,NA,NA,0.006258139
"MED12L","Lymphocyte","SCZ","Wald ratio",1," 0.009","0.011","  1.009","4.11e-01",NA,NA,NA,0.00701126
"HDAC4","Lymphocyte","SCZ","Simple mode",3," 0.010","0.009","  1.010","4.13e-01",0.293547541,0.551633034,0.826227834,0.008159599
"KIF6","Lymphocyte","SCZ","Inverse variance weighted",2," 0.012","0.014","  1.012","4.13e-01",NA,0.797649839,NA,0.005997668
"MLYCD","Lymphocyte","SCZ","Wald ratio",1,"-0.569","0.696","  0.566","4.14e-01",NA,NA,NA,0.012400615
"PDE1B","Lymphocyte","SCZ","Wald ratio",1," 0.012","0.014","  1.012","4.15e-01",NA,NA,NA,0.008203978
"HDAC4","Lymphocyte","SCZ","Weighted mode",3," 0.009","0.009","  1.009","4.16e-01",0.293547541,0.551633034,0.826227834,0.008159599
"FAM115A","Lymphocyte","SCZ","Wald ratio",1,"-0.061","0.075","  0.940","4.16e-01",NA,NA,NA,0.005941451
"FA2H","Lymphocyte","SCZ","Wald ratio",1,"-0.013","0.016","  0.987","4.16e-01",NA,NA,NA,0.006280845
"C5orf42","Lymphocyte","SCZ","Wald ratio",1," 0.169","0.207","  1.184","4.16e-01",NA,NA,NA,0.009538801
"ZC3H18","Lymphocyte","SCZ","Wald ratio",1," 0.179","0.221","  1.196","4.17e-01",NA,NA,NA,0.008792398
"ZNF148","Lymphocyte","SCZ","Wald ratio",1,"-0.034","0.042","  0.966","4.17e-01",NA,NA,NA,0.006955806
"SART3","Lymphocyte","SCZ","Wald ratio",1,"-0.013","0.016","  0.987","4.17e-01",NA,NA,NA,0.01012702
"ACP1","Lymphocyte","SCZ","Wald ratio",1,"-0.015","0.018","  0.985","4.18e-01",NA,NA,NA,0.006201685
"DRD4","Lymphocyte","SCZ","Wald ratio",1," 0.048","0.059","  1.049","4.19e-01",NA,NA,NA,0.006799148
"IRF7","Lymphocyte","SCZ","Wald ratio",1," 0.009","0.011","  1.009","4.19e-01",NA,NA,NA,0.006799655
"MUPCDH","Lymphocyte","SCZ","Wald ratio",1," 0.009","0.011","  1.009","4.19e-01",NA,NA,NA,0.006798561
"PHRF1","Lymphocyte","SCZ","Wald ratio",1," 0.009","0.011","  1.009","4.19e-01",NA,NA,NA,0.006799655
"LOC143666","Lymphocyte","SCZ","Wald ratio",1," 0.242","0.300","  1.274","4.19e-01",NA,NA,NA,0.006799655
"LPAR1","Lymphocyte","SCZ","Wald ratio",1," 0.012","0.015","  1.012","4.19e-01",NA,NA,NA,0.006048738
"FLJ22536","Lymphocyte","SCZ","Wald ratio",1,"-0.011","0.014","  0.989","4.20e-01",NA,NA,NA,0.006383359
"GNG7","Lymphocyte","SCZ","Wald ratio",1," 0.008","0.010","  1.008","4.20e-01",NA,NA,NA,0.006721595
"DSCAM","Lymphocyte","SCZ","Weighted median",3," 0.007","0.009","  1.007","4.20e-01",0.138023359,0.053350193,0.419760133,0.004594836
"FAM105B","Lymphocyte","SCZ","Wald ratio",1,"-0.350","0.435","  0.705","4.21e-01",NA,NA,NA,0.005969916
"P2RX4","Lymphocyte","SCZ","Wald ratio",1," 0.088","0.110","  1.092","4.21e-01",NA,NA,NA,0.006307238
"DNAH17","Lymphocyte","SCZ","Inverse variance weighted",2,"-0.009","0.011","  0.991","4.21e-01",NA,0.142271185,NA,0.023759811
"SIGLEC14","Lymphocyte","SCZ","Wald ratio",1," 0.281","0.350","  1.325","4.22e-01",NA,NA,NA,0.007654755
"C18orf32","Lymphocyte","SCZ","Wald ratio",1," 0.099","0.123","  1.104","4.22e-01",NA,NA,NA,0.006229075
"MIR1539","Lymphocyte","SCZ","Wald ratio",1," 0.034","0.043","  1.035","4.22e-01",NA,NA,NA,0.006228771
"FLJ33360","Lymphocyte","SCZ","Wald ratio",1," 0.007","0.009","  1.007","4.23e-01",NA,NA,NA,0.005886723
"MED10","Lymphocyte","SCZ","Wald ratio",1," 0.037","0.046","  1.038","4.23e-01",NA,NA,NA,0.005886723
"RAB34","Lymphocyte","SCZ","Wald ratio",1,"-0.009","0.012","  0.991","4.23e-01",NA,NA,NA,0.006214586
"CABYR","Lymphocyte","SCZ","Wald ratio",1," 0.017","0.021","  1.017","4.23e-01",NA,NA,NA,0.006225422
"KIAA0100","Lymphocyte","SCZ","Wald ratio",1,"-0.072","0.090","  0.930","4.23e-01",NA,NA,NA,0.006225416
"PIGS","Lymphocyte","SCZ","Wald ratio",1,"-0.015","0.019","  0.985","4.23e-01",NA,NA,NA,0.006225422
"ACCN1","Lymphocyte","SCZ","Simple mode",3," 0.009","0.009","  1.009","4.23e-01",0.995189489,0.302903294,0.365600604,0.014748318
"BIN1","Lymphocyte","SCZ","Wald ratio",1," 0.007","0.009","  1.007","4.23e-01",NA,NA,NA,0.00615093
"IGF1R","Lymphocyte","SCZ","MR Egger",3,"-0.088","0.069","  0.916","4.24e-01",0.315631507,0.238731404,0.404007912,0.007029039
"GRM8","Lymphocyte","SCZ","Wald ratio",1," 0.017","0.022","  1.018","4.24e-01",NA,NA,NA,0.012491841
"SCPEP1","Lymphocyte","SCZ","Wald ratio",1,"-0.634","0.793","  0.531","4.24e-01",NA,NA,NA,0.008095769
"SMYD3","Lymphocyte","SCZ","MR Egger",3,"-0.033","0.026","  0.967","4.25e-01",0.15420175,0.096556747,0.458015043,0.004846597
"C13orf18","Lymphocyte","SCZ","Wald ratio",1," 0.045","0.057","  1.046","4.25e-01",NA,NA,NA,0.008429255
"HSFYP1","Lymphocyte","SCZ","Wald ratio",1," 0.009","0.011","  1.009","4.25e-01",NA,NA,NA,0.006140831
"MTUS1","Lymphocyte","SCZ","Wald ratio",1," 0.024","0.030","  1.024","4.25e-01",NA,NA,NA,0.011015887
"C6orf170","Lymphocyte","SCZ","Wald ratio",1," 0.012","0.015","  1.012","4.25e-01",NA,NA,NA,0.009354773
"TARBP1","Lymphocyte","SCZ","Inverse variance weighted",2," 0.011","0.014","  1.011","4.26e-01",NA,0.109566451,NA,0.024793965
"AGAP3","Lymphocyte","SCZ","Wald ratio",1,"-0.008","0.010","  0.992","4.26e-01",NA,NA,NA,0.006331501
"KIAA1009","Lymphocyte","SCZ","Wald ratio",1,"-0.010","0.013","  0.990","4.26e-01",NA,NA,NA,0.006289836
"KANK2","Lymphocyte","SCZ","Wald ratio",1,"-0.008","0.010","  0.992","4.26e-01",NA,NA,NA,0.005994174
"RAB35","Lymphocyte","SCZ","Inverse variance weighted",2,"-0.011","0.014","  0.989","4.26e-01",NA,0.215270368,NA,0.008454612
"TTC7B","Lymphocyte","SCZ","MR Egger",3," 0.022","0.018","  1.023","4.26e-01",0.709981843,0.014183711,0.211828215,0.20567051
"DSCAM","Lymphocyte","SCZ","MR Egger",3," 0.028","0.022","  1.029","4.27e-01",0.138023359,0.053350193,0.419760133,0.004594836
"HNMT","Lymphocyte","SCZ","Wald ratio",1,"-0.015","0.019","  0.985","4.27e-01",NA,NA,NA,0.00598936
"WNT10A","Lymphocyte","SCZ","Wald ratio",1," 0.217","0.273","  1.242","4.27e-01",NA,NA,NA,0.007601394
"ADAM9","Lymphocyte","SCZ","Wald ratio",1,"-0.173","0.218","  0.841","4.27e-01",NA,NA,NA,0.005915369
"TUSC1","Lymphocyte","SCZ","Wald ratio",1,"-0.063","0.079","  0.939","4.27e-01",NA,NA,NA,0.005915369
"TRIM68","Lymphocyte","SCZ","Wald ratio",1," 0.148","0.186","  1.159","4.28e-01",NA,NA,NA,0.012033096
"NCOR2","Lymphocyte","SCZ","MR Egger",4,"-0.034","0.034","  0.967","4.28e-01",0.759512807,0.675231836,0.426455442,0.003217722
"NFE2L3","Lymphocyte","SCZ","Wald ratio",1," 0.041","0.051","  1.041","4.28e-01",NA,NA,NA,0.00718893
"PDLIM3","Lymphocyte","SCZ","Wald ratio",1,"-0.023","0.029","  0.977","4.28e-01",NA,NA,NA,0.005911299
"ATP2B2","Lymphocyte","SCZ","Wald ratio",1,"-0.018","0.023","  0.982","4.28e-01",NA,NA,NA,0.012842883
"SMAD9","Lymphocyte","SCZ","Inverse variance weighted",2,"-0.008","0.011","  0.992","4.28e-01",NA,0.435570607,NA,0.008399689
"COL4A2","Lymphocyte","SCZ","Weighted median",3," 0.006","0.008","  1.006","4.29e-01",0.845824524,0.904957285,0.756446747,0.006639513
"ACOX2","Lymphocyte","SCZ","Wald ratio",1,"-0.017","0.021","  0.984","4.29e-01",NA,NA,NA,0.01154944
"CLNK","Lymphocyte","SCZ","Inverse variance weighted",2," 0.007","0.008","  1.007","4.29e-01",NA,0.811576415,NA,0.00744337
"CMIP","Lymphocyte","SCZ","Inverse variance weighted",2,"-0.006","0.008","  0.994","4.30e-01",NA,0.713317657,NA,0.00460161
"RNASE11","Lymphocyte","SCZ","Wald ratio",1,"-0.011","0.014","  0.989","4.30e-01",NA,NA,NA,0.00609766
"BTBD9","Lymphocyte","SCZ","Wald ratio",1," 0.012","0.016","  1.012","4.30e-01",NA,NA,NA,0.010223817
"ROR2","Lymphocyte","SCZ","Inverse variance weighted",2," 0.010","0.013","  1.010","4.30e-01",NA,0.125264027,NA,0.004682348
"FAM13C","Lymphocyte","SCZ","Wald ratio",1,"-0.012","0.016","  0.988","4.31e-01",NA,NA,NA,0.007960574
"ZNF815","Lymphocyte","SCZ","Wald ratio",1," 0.033","0.042","  1.033","4.31e-01",NA,NA,NA,0.006019266
"OSGIN1","Lymphocyte","SCZ","Wald ratio",1," 0.014","0.018","  1.015","4.31e-01",NA,NA,NA,0.006019266
"WDR51B","Lymphocyte","SCZ","Wald ratio",1," 0.011","0.013","  1.011","4.32e-01",NA,NA,NA,0.006950956
"ABR","Lymphocyte","SCZ","Inverse variance weighted",2,"-0.007","0.008","  0.993","4.32e-01",NA,0.461395582,NA,0.009176694
"CPEB4","Lymphocyte","SCZ","Wald ratio",1," 0.008","0.010","  1.008","4.32e-01",NA,NA,NA,0.006278741
"CDA","Lymphocyte","SCZ","Wald ratio",1,"-0.016","0.021","  0.984","4.33e-01",NA,NA,NA,0.006275216
"COG5","Lymphocyte","SCZ","Wald ratio",1,"-0.010","0.013","  0.990","4.33e-01",NA,NA,NA,0.006875515
"C21orf29","Lymphocyte","SCZ","Inverse variance weighted",2,"-0.006","0.008","  0.994","4.33e-01",NA,0.505682569,NA,0.004351986
"CHKB-CPT1B","Lymphocyte","SCZ","Wald ratio",1,"-0.011","0.013","  0.989","4.33e-01",NA,NA,NA,0.005936666
"C22orf41","Lymphocyte","SCZ","Wald ratio",1,"-0.096","0.122","  0.909","4.33e-01",NA,NA,NA,0.005936666
"CHKB-CPT1B","Lymphocyte","SCZ","Wald ratio",1,"-0.007","0.009","  0.993","4.33e-01",NA,NA,NA,0.005936666
"KLHDC7B","Lymphocyte","SCZ","Wald ratio",1,"-0.009","0.012","  0.991","4.33e-01",NA,NA,NA,0.005930959
"CHKB-CPT1B","Lymphocyte","SCZ","Wald ratio",1,"-0.009","0.012","  0.991","4.33e-01",NA,NA,NA,0.005936666
"ITSN2","Lymphocyte","SCZ","Wald ratio",1," 0.335","0.428","  1.398","4.33e-01",NA,NA,NA,0.011422432
"TP53I3","Lymphocyte","SCZ","Wald ratio",1," 0.200","0.255","  1.221","4.33e-01",NA,NA,NA,0.011422432
"PRR5","Lymphocyte","SCZ","Wald ratio",1," 0.011","0.014","  1.011","4.34e-01",NA,NA,NA,0.007131462
"NEDD4","Lymphocyte","SCZ","Wald ratio",1,"-0.015","0.019","  0.986","4.34e-01",NA,NA,NA,0.007131462
"AHR","Lymphocyte","SCZ","Wald ratio",1," 0.008","0.011","  1.008","4.34e-01",NA,NA,NA,0.007127343
"FAM170B","Lymphocyte","SCZ","Wald ratio",1,"-0.008","0.011","  0.992","4.34e-01",NA,NA,NA,0.006196725
"NLRP13","Lymphocyte","SCZ","Wald ratio",1,"-0.008","0.011","  0.992","4.35e-01",NA,NA,NA,0.00585884
"SELP","Lymphocyte","SCZ","Wald ratio",1,"-0.008","0.011","  0.992","4.35e-01",NA,NA,NA,0.00585884
"DCLK2","Lymphocyte","SCZ","Wald ratio",1,"-0.010","0.012","  0.991","4.35e-01",NA,NA,NA,0.00585884
"CTTNBP2","Lymphocyte","SCZ","Wald ratio",1,"-0.010","0.013","  0.990","4.35e-01",NA,NA,NA,0.005858576
"DIDO1","Lymphocyte","SCZ","Wald ratio",1," 0.010","0.013","  1.010","4.35e-01",NA,NA,NA,0.006123269
"CD207","Lymphocyte","SCZ","Wald ratio",1,"-0.011","0.014","  0.989","4.36e-01",NA,NA,NA,0.008171079
"ANKRD7","Lymphocyte","SCZ","Wald ratio",1," 0.015","0.019","  1.015","4.37e-01",NA,NA,NA,0.011956396
"PLCH2","Lymphocyte","SCZ","Wald ratio",1," 0.009","0.011","  1.009","4.37e-01",NA,NA,NA,0.006640565
"PEX14","Lymphocyte","SCZ","Wald ratio",1,"-0.027","0.035","  0.973","4.38e-01",NA,NA,NA,0.007754896
"WDFY3","Lymphocyte","SCZ","Wald ratio",1," 0.008","0.010","  1.008","4.39e-01",NA,NA,NA,0.006227116
"PITX2","Lymphocyte","SCZ","Wald ratio",1," 0.034","0.044","  1.035","4.39e-01",NA,NA,NA,0.006222923
"PITX2","Lymphocyte","SCZ","Wald ratio",1," 0.018","0.023","  1.018","4.39e-01",NA,NA,NA,0.006222923
"FRK","Lymphocyte","SCZ","Wald ratio",1,"-0.008","0.011","  0.992","4.39e-01",NA,NA,NA,0.005284994
"AFAP1","Lymphocyte","SCZ","Wald ratio",1,"-0.007","0.009","  0.993","4.39e-01",NA,NA,NA,0.003950705
"SLC6A1","Lymphocyte","SCZ","Inverse variance weighted",2,"-0.007","0.009","  0.993","4.40e-01",NA,0.792093396,NA,0.005941452
"NIPSNAP3A","Lymphocyte","SCZ","Wald ratio",1,"-0.718","0.929","  0.488","4.40e-01",NA,NA,NA,0.010482186
"OSTBETA","Lymphocyte","SCZ","Wald ratio",1," 0.151","0.195","  1.163","4.40e-01",NA,NA,NA,0.008451579
"MTFMT","Lymphocyte","SCZ","Wald ratio",1," 0.445","0.577","  1.561","4.40e-01",NA,NA,NA,0.008451582
"SIRT6","Lymphocyte","SCZ","Wald ratio",1," 0.095","0.124","  1.100","4.41e-01",NA,NA,NA,0.008709838
"UGT1A10","Lymphocyte","SCZ","Wald ratio",1," 0.007","0.009","  1.007","4.41e-01",NA,NA,NA,0.00580759
"KCNQ5","Lymphocyte","SCZ","Wald ratio",1," 0.028","0.036","  1.028","4.41e-01",NA,NA,NA,0.00580759
"LAMC2","Lymphocyte","SCZ","Wald ratio",1,"-0.149","0.194","  0.862","4.41e-01",NA,NA,NA,0.006071631
"LAMC2","Lymphocyte","SCZ","Wald ratio",1,"-0.039","0.050","  0.962","4.41e-01",NA,NA,NA,0.006071625
"CACNA1C","Lymphocyte","SCZ","Inverse variance weighted",4,"-0.036","0.046","  0.965","4.42e-01",4.21e-08,1.24e-15,0.270912523,0.016352441
"ARPP-21","Lymphocyte","SCZ","Wald ratio",1," 0.014","0.018","  1.014","4.42e-01",NA,NA,NA,0.0086333
"KCNMA1","Lymphocyte","SCZ","Weighted median",5," 0.005","0.006","  1.005","4.42e-01",0.186196973,0.084281015,0.241580302,0.005215786
"LILRA4","Lymphocyte","SCZ","Wald ratio",1," 0.012","0.015","  1.012","4.42e-01",NA,NA,NA,0.008038485
"ARFGEF1","Lymphocyte","SCZ","Wald ratio",1,"-0.015","0.019","  0.986","4.42e-01",NA,NA,NA,0.006327864
"FOXB1","Lymphocyte","SCZ","Wald ratio",1,"-0.029","0.037","  0.972","4.43e-01",NA,NA,NA,0.006590149
"DLC1","Lymphocyte","SCZ","Weighted median",4,"-0.006","0.008","  0.994","4.43e-01",0.03409927,0.07881673,0.927744679,0.006338136
"chrM3","Lymphocyte","SCZ","Wald ratio",1," 0.115","0.150","  1.122","4.43e-01",NA,NA,NA,0.011344186
"HNRNPC","Lymphocyte","SCZ","Wald ratio",1,"-0.008","0.010","  0.992","4.43e-01",NA,NA,NA,0.004350886
"YAP1","Lymphocyte","SCZ","Inverse variance weighted",2," 0.009","0.012","  1.009","4.43e-01",NA,0.9972839,NA,0.005614767
"MGC72080","Lymphocyte","SCZ","Wald ratio",1," 0.152","0.199","  1.165","4.43e-01",NA,NA,NA,0.011015581
"ZNF641","Lymphocyte","SCZ","Wald ratio",1," 0.013","0.017","  1.013","4.44e-01",NA,NA,NA,0.005989617
"HK2","Lymphocyte","SCZ","Wald ratio",1,"-0.009","0.012","  0.991","4.44e-01",NA,NA,NA,0.007366106
"DPF3","Lymphocyte","SCZ","Inverse variance weighted",2," 0.017","0.022","  1.017","4.44e-01",NA,0.011701384,NA,0.398448311
"RBPMS","Lymphocyte","SCZ","Wald ratio",1,"-0.010","0.013","  0.990","4.44e-01",NA,NA,NA,0.006491976
"CNR1","Lymphocyte","SCZ","Wald ratio",1," 0.011","0.014","  1.011","4.45e-01",NA,NA,NA,0.008992476
"C10orf50","Lymphocyte","SCZ","Wald ratio",1,"-0.009","0.012","  0.991","4.45e-01",NA,NA,NA,0.005915359
"COG3","Lymphocyte","SCZ","Wald ratio",1," 0.068","0.089","  1.070","4.45e-01",NA,NA,NA,0.005912216
"ASAH1","Lymphocyte","SCZ","Wald ratio",1,"-0.015","0.020","  0.985","4.46e-01",NA,NA,NA,0.010277675
"PTPRE","Lymphocyte","SCZ","Inverse variance weighted",2," 0.007","0.009","  1.007","4.46e-01",NA,0.770315833,NA,0.005522979
"PYROXD2","Lymphocyte","SCZ","Wald ratio",1,"-0.020","0.026","  0.980","4.46e-01",NA,NA,NA,0.006433076
"CHD9","Lymphocyte","SCZ","Wald ratio",1," 0.241","0.316","  1.272","4.46e-01",NA,NA,NA,0.006694512
"CRISPLD1","Lymphocyte","SCZ","Wald ratio",1," 0.011","0.015","  1.011","4.47e-01",NA,NA,NA,0.009100671
"SAMD10","Lymphocyte","SCZ","Wald ratio",1,"-0.010","0.013","  0.990","4.47e-01",NA,NA,NA,0.007471063
"NCRNA00176","Lymphocyte","SCZ","Wald ratio",1,"-0.011","0.014","  0.989","4.47e-01",NA,NA,NA,0.007471063
"TCEA2","Lymphocyte","SCZ","Wald ratio",1,"-0.016","0.021","  0.984","4.47e-01",NA,NA,NA,0.007471063
"CLEC17A","Lymphocyte","SCZ","Wald ratio",1," 0.007","0.010","  1.007","4.47e-01",NA,NA,NA,0.004802268
"IQCJ","Lymphocyte","SCZ","Wald ratio",1,"-0.008","0.011","  0.992","4.47e-01",NA,NA,NA,0.00661744
"IL2RB","Lymphocyte","SCZ","Wald ratio",1," 0.211","0.278","  1.235","4.47e-01",NA,NA,NA,0.00661744
"MAPRE2","Lymphocyte","SCZ","Wald ratio",1,"-0.008","0.011","  0.992","4.47e-01",NA,NA,NA,0.006616323
"FHL2","Lymphocyte","SCZ","Inverse variance weighted",2,"-0.025","0.033","  0.975","4.48e-01",NA,0.029648148,NA,0.17428947
"NFU1","Lymphocyte","SCZ","Wald ratio",1," 0.035","0.046","  1.036","4.48e-01",NA,NA,NA,0.005759298
"SENP7","Lymphocyte","SCZ","Wald ratio",1,"-0.007","0.010","  0.993","4.48e-01",NA,NA,NA,0.005759298
"ZDHHC20","Lymphocyte","SCZ","Wald ratio",1,"-0.011","0.014","  0.989","4.48e-01",NA,NA,NA,0.009019624
"HLX","Lymphocyte","SCZ","Wald ratio",1,"-0.008","0.011","  0.992","4.48e-01",NA,NA,NA,0.006020917
"FAM188B","Lymphocyte","SCZ","Wald ratio",1," 0.020","0.027","  1.021","4.48e-01",NA,NA,NA,0.005757524
"PCDHGA1","Lymphocyte","SCZ","Wald ratio",1," 0.007","0.010","  1.007","4.48e-01",NA,NA,NA,0.005276966
"PCDHGA1","Lymphocyte","SCZ","Wald ratio",1," 0.009","0.012","  1.009","4.48e-01",NA,NA,NA,0.005757525
"ST3GAL1","Lymphocyte","SCZ","MR Egger",3,"-0.152","0.129","  0.859","4.49e-01",0.461217437,0.381857597,0.44867729,0.005428881
"DUSP4","Lymphocyte","SCZ","Wald ratio",1,"-0.011","0.015","  0.989","4.49e-01",NA,NA,NA,0.007060311
"RCVRN","Lymphocyte","SCZ","Wald ratio",1," 0.010","0.013","  1.010","4.49e-01",NA,NA,NA,0.006799118
"GALNT1","Lymphocyte","SCZ","Wald ratio",1,"-0.017","0.023","  0.983","4.50e-01",NA,NA,NA,0.009128229
"TRPC6","Lymphocyte","SCZ","Wald ratio",1," 0.007","0.010","  1.007","4.50e-01",NA,NA,NA,0.005680238
"SLC47A2","Lymphocyte","SCZ","Wald ratio",1," 0.008","0.010","  1.008","4.50e-01",NA,NA,NA,0.005939943
"STXBP2","Lymphocyte","SCZ","Wald ratio",1," 0.252","0.333","  1.286","4.50e-01",NA,NA,NA,0.005939922
"PCP2","Lymphocyte","SCZ","Wald ratio",1," 0.007","0.009","  1.007","4.50e-01",NA,NA,NA,0.005939943
"PSIP1","Lymphocyte","SCZ","Wald ratio",1,"-0.007","0.010","  0.993","4.51e-01",NA,NA,NA,0.005865174
"KLHL29","Lymphocyte","SCZ","Inverse variance weighted",2," 0.006","0.009","  1.006","4.51e-01",NA,0.361001718,NA,0.008743298
"MYCBPAP","Lymphocyte","SCZ","Wald ratio",1," 0.475","0.631","  1.608","4.52e-01",NA,NA,NA,0.006645326
"RSAD1","Lymphocyte","SCZ","Wald ratio",1," 0.230","0.306","  1.259","4.52e-01",NA,NA,NA,0.006645326
"DLC1","Lymphocyte","SCZ","Inverse variance weighted",4,"-0.007","0.010","  0.993","4.52e-01",0.03409927,0.07881673,0.927744679,0.006338136
"UQCRFS1","Lymphocyte","SCZ","Wald ratio",1," 0.013","0.017","  1.013","4.52e-01",NA,NA,NA,0.010255536
"ZNF83","Lymphocyte","SCZ","Wald ratio",1,"-0.057","0.075","  0.945","4.53e-01",NA,NA,NA,0.006049015
"N4BP1","Lymphocyte","SCZ","Wald ratio",1,"-0.007","0.010","  0.993","4.53e-01",NA,NA,NA,0.006049015
"DNAJA4","Lymphocyte","SCZ","Wald ratio",1,"-0.140","0.187","  0.869","4.53e-01",NA,NA,NA,0.005787429
"EFCAB9","Lymphocyte","SCZ","Wald ratio",1,"-0.009","0.012","  0.991","4.53e-01",NA,NA,NA,0.006950947
"C1orf125","Lymphocyte","SCZ","Wald ratio",1," 0.013","0.017","  1.013","4.53e-01",NA,NA,NA,0.009893156
"TDRD5","Lymphocyte","SCZ","Wald ratio",1," 0.014","0.019","  1.014","4.53e-01",NA,NA,NA,0.010946297
"SMAD6","Lymphocyte","SCZ","Wald ratio",1,"-0.017","0.023","  0.983","4.53e-01",NA,NA,NA,0.007604235
"CCNE1","Lymphocyte","SCZ","Wald ratio",1," 0.022","0.029","  1.022","4.53e-01",NA,NA,NA,0.005785687
"CLEC16A","Lymphocyte","SCZ","Wald ratio",1," 0.008","0.010","  1.008","4.54e-01",NA,NA,NA,0.006045294
"TRAPPC9","Lymphocyte","SCZ","MR Egger",4," 0.035","0.038","  1.035","4.54e-01",0.746751439,0.823670025,0.626995893,0.006639039
"DLX3","Lymphocyte","SCZ","Wald ratio",1," 0.059","0.078","  1.060","4.54e-01",NA,NA,NA,0.008306419
"SLC25A26","Lymphocyte","SCZ","Wald ratio",1," 0.007","0.010","  1.007","4.55e-01",NA,NA,NA,0.006232552
"PCDH9","Lymphocyte","SCZ","Weighted median",4," 0.007","0.009","  1.007","4.55e-01",0.437789737,0.460245779,0.436140449,0.005766859
"STK35","Lymphocyte","SCZ","Wald ratio",1,"-0.007","0.010","  0.993","4.55e-01",NA,NA,NA,0.005709717
"SBF2","Lymphocyte","SCZ","Wald ratio",1," 0.009","0.012","  1.009","4.55e-01",NA,NA,NA,0.00568406
"SLC20A1","Lymphocyte","SCZ","Wald ratio",1,"-0.012","0.016","  0.988","4.55e-01",NA,NA,NA,0.005708623
"SKAP2","Lymphocyte","SCZ","Wald ratio",1," 0.007","0.009","  1.007","4.55e-01",NA,NA,NA,0.005708623
"HOXA1","Lymphocyte","SCZ","Wald ratio",1," 0.009","0.013","  1.009","4.55e-01",NA,NA,NA,0.00570862
"HBM","Lymphocyte","SCZ","Wald ratio",1," 0.154","0.207","  1.167","4.55e-01",NA,NA,NA,0.005968319
"C1orf150","Lymphocyte","SCZ","Wald ratio",1," 0.029","0.040","  1.030","4.56e-01",NA,NA,NA,0.006414879
"TRPA1","Lymphocyte","SCZ","Wald ratio",1," 0.011","0.015","  1.011","4.57e-01",NA,NA,NA,0.005631604
"BCL7A","Lymphocyte","SCZ","Wald ratio",1," 0.017","0.023","  1.017","4.57e-01",NA,NA,NA,0.005631604
"COL14A1","Lymphocyte","SCZ","Wald ratio",1," 0.007","0.009","  1.007","4.57e-01",NA,NA,NA,0.005631604
"PSMD9","Lymphocyte","SCZ","Wald ratio",1," 0.006","0.009","  1.006","4.57e-01",NA,NA,NA,0.005631604
"FABP1","Lymphocyte","SCZ","Wald ratio",1," 0.007","0.009","  1.007","4.57e-01",NA,NA,NA,0.00408005
"SETD7","Lymphocyte","SCZ","Wald ratio",1," 0.011","0.015","  1.011","4.57e-01",NA,NA,NA,0.005492944
"FOXF1","Lymphocyte","SCZ","Wald ratio",1," 0.055","0.073","  1.056","4.58e-01",NA,NA,NA,0.00685622
"ACSF3","Lymphocyte","SCZ","Wald ratio",1,"-0.008","0.011","  0.992","4.58e-01",NA,NA,NA,0.003150043
"CDH15","Lymphocyte","SCZ","Wald ratio",1,"-0.009","0.013","  0.991","4.58e-01",NA,NA,NA,0.006597125
"LRRC1","Lymphocyte","SCZ","Wald ratio",1," 0.012","0.016","  1.012","4.58e-01",NA,NA,NA,0.006595323
"PRR5L","Lymphocyte","SCZ","Wald ratio",1," 0.008","0.010","  1.008","4.58e-01",NA,NA,NA,0.006074076
"CFHR5","Lymphocyte","SCZ","Wald ratio",1," 0.017","0.023","  1.018","4.58e-01",NA,NA,NA,0.009543001
"EFNA5","Lymphocyte","SCZ","Inverse variance weighted",3,"-0.028","0.038","  0.972","4.59e-01",0.001788789,0.007226016,0.934005818,0.414558478
"LTF","Lymphocyte","SCZ","Wald ratio",1,"-0.027","0.037","  0.973","4.60e-01",NA,NA,NA,0.006000296
"TAOK3","Lymphocyte","SCZ","Wald ratio",1,"-0.008","0.011","  0.992","4.60e-01",NA,NA,NA,0.00573873
"GPX4","Lymphocyte","SCZ","Wald ratio",1,"-0.017","0.024","  0.983","4.60e-01",NA,NA,NA,0.00573873
"GOLIM4","Lymphocyte","SCZ","Wald ratio",1,"-0.143","0.194","  0.866","4.60e-01",NA,NA,NA,0.008692017
"FOXP2","Lymphocyte","SCZ","Wald ratio",1," 0.011","0.015","  1.011","4.61e-01",NA,NA,NA,0.008620288
"ACTR3","Lymphocyte","SCZ","Inverse variance weighted",2,"-0.034","0.046","  0.967","4.61e-01",NA,0.860468833,NA,0.009600934
"OPCML","Lymphocyte","SCZ","Inverse variance weighted",4," 0.007","0.010","  1.007","4.61e-01",0.476196929,0.182106939,0.207412219,0.009416634
"EPS8L3","Lymphocyte","SCZ","Wald ratio",1,"-0.009","0.012","  0.991","4.62e-01",NA,NA,NA,0.00688536
"PAEP","Lymphocyte","SCZ","Wald ratio",1,"-0.015","0.021","  0.985","4.62e-01",NA,NA,NA,0.006883616
"SPOCK1","Lymphocyte","SCZ","Wald ratio",1," 0.014","0.019","  1.014","4.62e-01",NA,NA,NA,0.006884963
"RBPJ","Lymphocyte","SCZ","Wald ratio",1," 0.015","0.021","  1.015","4.62e-01",NA,NA,NA,0.005661317
"GPR35","Lymphocyte","SCZ","Wald ratio",1," 0.007","0.009","  1.007","4.62e-01",NA,NA,NA,0.005660861
"LOC283867","Lymphocyte","SCZ","Inverse variance weighted",2," 0.019","0.026","  1.019","4.63e-01",NA,0.017326614,NA,0.243847884
"ZNF28","Lymphocyte","SCZ","Wald ratio",1,"-0.172","0.234","  0.842","4.63e-01",NA,NA,NA,0.008027606
"KCNIP4","Lymphocyte","SCZ","Wald ratio",1,"-0.062","0.084","  0.940","4.63e-01",NA,NA,NA,0.008983171
"GALNT14","Lymphocyte","SCZ","Wald ratio",1," 0.010","0.013","  1.010","4.64e-01",NA,NA,NA,0.00751155
"TMEM217","Lymphocyte","SCZ","Wald ratio",1," 0.040","0.055","  1.041","4.64e-01",NA,NA,NA,0.008649619
"MTHFS","Lymphocyte","SCZ","Wald ratio",1," 0.365","0.500","  1.441","4.65e-01",NA,NA,NA,0.007435492
"TC2N","Lymphocyte","SCZ","Wald ratio",1," 0.027","0.037","  1.027","4.65e-01",NA,NA,NA,0.007435492
"LSAMP","Lymphocyte","SCZ","MR Egger",4,"-0.027","0.030","  0.974","4.66e-01",0.298708866,0.268638452,0.378888371,0.010162297
"PNOC","Lymphocyte","SCZ","Wald ratio",1,"-0.108","0.148","  0.898","4.66e-01",NA,NA,NA,0.007617206
"ZFYVE28","Lymphocyte","SCZ","Wald ratio",1,"-0.009","0.012","  0.991","4.66e-01",NA,NA,NA,0.007613526
"SMOX","Lymphocyte","SCZ","Wald ratio",1,"-0.114","0.156","  0.892","4.67e-01",NA,NA,NA,0.008057019
"ELFN2","Lymphocyte","SCZ","Wald ratio",1," 0.008","0.012","  1.008","4.67e-01",NA,NA,NA,0.005950323
"ACCN1","Lymphocyte","SCZ","Weighted mode",3," 0.007","0.008","  1.007","4.67e-01",0.995189489,0.302903294,0.365600604,0.014748318
"FAM59A","Lymphocyte","SCZ","Wald ratio",1," 0.013","0.018","  1.013","4.67e-01",NA,NA,NA,0.007354854
"C9orf40","Lymphocyte","SCZ","Wald ratio",1,"-0.007","0.009","  0.993","4.67e-01",NA,NA,NA,0.005691138
"SLIT1","Lymphocyte","SCZ","Wald ratio",1," 0.008","0.010","  1.008","4.67e-01",NA,NA,NA,0.005691183
"CA6","Lymphocyte","SCZ","Wald ratio",1," 0.022","0.030","  1.022","4.67e-01",NA,NA,NA,0.005690735
"RYR1","Lymphocyte","SCZ","Wald ratio",1," 0.046","0.064","  1.047","4.67e-01",NA,NA,NA,0.009191077
"EPS8L1","Lymphocyte","SCZ","Wald ratio",1," 0.010","0.014","  1.010","4.67e-01",NA,NA,NA,0.007541289
"F5","Lymphocyte","SCZ","Wald ratio",1,"-0.012","0.016","  0.988","4.68e-01",NA,NA,NA,0.007282229
"C1QTNF9B","Lymphocyte","SCZ","Wald ratio",1," 0.010","0.013","  1.010","4.68e-01",NA,NA,NA,0.007980265
"AKAP11","Lymphocyte","SCZ","Wald ratio",1,"-0.009","0.013","  0.991","4.68e-01",NA,NA,NA,0.006577376
"C20orf7","Lymphocyte","SCZ","Wald ratio",1," 0.031","0.043","  1.032","4.68e-01",NA,NA,NA,0.009115799
"LDLRAD3","Lymphocyte","SCZ","Weighted mode",3,"-0.008","0.009","  0.992","4.68e-01",0.823352925,0.655012328,0.536160428,0.009573542
"PDLIM2","Lymphocyte","SCZ","Wald ratio",1," 0.017","0.023","  1.017","4.68e-01",NA,NA,NA,0.005873941
"C8orf58","Lymphocyte","SCZ","Wald ratio",1," 0.174","0.239","  1.190","4.68e-01",NA,NA,NA,0.005873941
"MBP","Lymphocyte","SCZ","MR Egger",3,"-0.036","0.033","  0.965","4.68e-01",0.821480665,0.784067882,0.62861136,0.004814204
"SNX29","Lymphocyte","SCZ","Inverse variance weighted",2," 0.005","0.007","  1.005","4.69e-01",NA,0.635843194,NA,0.004508767
"FLJ35220","Lymphocyte","SCZ","Wald ratio",1,"-0.007","0.009","  0.993","4.69e-01",NA,NA,NA,0.00561422
"SPEF1","Lymphocyte","SCZ","Wald ratio",1,"-0.035","0.048","  0.966","4.69e-01",NA,NA,NA,0.005613057
"CDC25B","Lymphocyte","SCZ","Wald ratio",1,"-0.014","0.020","  0.986","4.69e-01",NA,NA,NA,0.00561422
"FAM129A","Lymphocyte","SCZ","Wald ratio",1,"-0.007","0.009","  0.993","4.69e-01",NA,NA,NA,0.005614076
"LRRC8C","Lymphocyte","SCZ","Wald ratio",1," 0.050","0.069","  1.051","4.69e-01",NA,NA,NA,0.005614076
"ATP8A2","Lymphocyte","SCZ","MR Egger",3," 0.016","0.014","  1.016","4.69e-01",0.989778344,0.998133678,0.961996839,0.004625887
"CYP2J2","Lymphocyte","SCZ","Wald ratio",1,"-0.156","0.215","  0.856","4.70e-01",NA,NA,NA,0.01086141
"PODN","Lymphocyte","SCZ","Wald ratio",1,"-0.013","0.018","  0.987","4.70e-01",NA,NA,NA,0.010049996
"HIST1H4D","Lymphocyte","SCZ","Wald ratio",1," 0.125","0.173","  1.133","4.70e-01",NA,NA,NA,0.008086007
"MCTP2","Lymphocyte","SCZ","Wald ratio",1," 0.029","0.040","  1.030","4.71e-01",NA,NA,NA,0.008965298
"PHACTR2","Lymphocyte","SCZ","Wald ratio",1," 0.006","0.009","  1.006","4.71e-01",NA,NA,NA,0.005537762
"TUBB6","Lymphocyte","SCZ","Wald ratio",1," 0.069","0.095","  1.071","4.71e-01",NA,NA,NA,0.006684532
"CENPH","Lymphocyte","SCZ","Wald ratio",1," 0.008","0.011","  1.008","4.71e-01",NA,NA,NA,0.005537043
"PAMR1","Lymphocyte","SCZ","Wald ratio",1,"-0.007","0.009","  0.993","4.71e-01",NA,NA,NA,0.005983003
"SLC35F3","Lymphocyte","SCZ","MR Egger",3,"-0.020","0.018","  0.980","4.71e-01",0.434159619,0.318892395,0.418880783,0.005830599
"NAV1","Lymphocyte","SCZ","Inverse variance weighted",3," 0.016","0.023","  1.017","4.72e-01",0.62194921,0.762935252,0.681878518,0.009264543
"TBC1D22A","Lymphocyte","SCZ","Wald ratio",1,"-0.007","0.010","  0.993","4.74e-01",NA,NA,NA,0.006090565
"TTC39A","Lymphocyte","SCZ","Wald ratio",1," 0.050","0.069","  1.051","4.74e-01",NA,NA,NA,0.009870816
"WIPI1","Lymphocyte","SCZ","Wald ratio",1," 0.008","0.011","  1.008","4.74e-01",NA,NA,NA,0.005644906
"C4orf37","Lymphocyte","SCZ","Wald ratio",1,"-0.107","0.149","  0.899","4.74e-01",NA,NA,NA,0.005644764
"MLLT6","Lymphocyte","SCZ","Wald ratio",1,"-0.118","0.165","  0.889","4.74e-01",NA,NA,NA,0.006528346
"ECEL1P2","Lymphocyte","SCZ","Wald ratio",1," 0.372","0.521","  1.451","4.74e-01",NA,NA,NA,0.009616111
"HYAL2","Lymphocyte","SCZ","Wald ratio",1,"-0.054","0.075","  0.948","4.75e-01",NA,NA,NA,0.008737919
"GNAI2","Lymphocyte","SCZ","Wald ratio",1,"-0.015","0.021","  0.985","4.75e-01",NA,NA,NA,0.008737919
"TUSC4","Lymphocyte","SCZ","Wald ratio",1,"-0.445","0.623","  0.641","4.75e-01",NA,NA,NA,0.008737919
"SEMA3B","Lymphocyte","SCZ","Wald ratio",1,"-0.057","0.079","  0.945","4.75e-01",NA,NA,NA,0.008737876
"GDPD5","Lymphocyte","SCZ","Wald ratio",1,"-0.029","0.041","  0.971","4.75e-01",NA,NA,NA,0.010669372
"KIAA1644","Lymphocyte","SCZ","Inverse variance weighted",2," 0.006","0.008","  1.006","4.75e-01",NA,0.338803675,NA,0.004554944
"MYBPC1","Lymphocyte","SCZ","Wald ratio",1," 0.017","0.024","  1.017","4.76e-01",NA,NA,NA,0.007339955
"MYO1B","Lymphocyte","SCZ","Wald ratio",1," 0.007","0.009","  1.007","4.76e-01",NA,NA,NA,0.00556797
"NOTCH3","Lymphocyte","SCZ","Wald ratio",1," 0.043","0.061","  1.044","4.76e-01",NA,NA,NA,0.009281732
"AKAP8L","Lymphocyte","SCZ","Wald ratio",1," 0.058","0.082","  1.060","4.76e-01",NA,NA,NA,0.009281725
"TTC39C","Lymphocyte","SCZ","Wald ratio",1,"-0.017","0.024","  0.983","4.77e-01",NA,NA,NA,0.007082028
"CLEC1A","Lymphocyte","SCZ","Wald ratio",1,"-0.008","0.012","  0.992","4.77e-01",NA,NA,NA,0.005752213
"ASTN1","Lymphocyte","SCZ","Wald ratio",1,"-0.024","0.034","  0.976","4.78e-01",NA,NA,NA,0.008331528
"TRABD","Lymphocyte","SCZ","Wald ratio",1," 0.081","0.114","  1.084","4.78e-01",NA,NA,NA,0.00637805
"PANX2","Lymphocyte","SCZ","Wald ratio",1," 0.012","0.017","  1.012","4.78e-01",NA,NA,NA,0.006378075
"REEP3","Lymphocyte","SCZ","Wald ratio",1,"-0.265","0.374","  0.767","4.78e-01",NA,NA,NA,0.005491256
"MASP1","Lymphocyte","SCZ","Wald ratio",1," 0.010","0.014","  1.010","4.79e-01",NA,NA,NA,0.007633058
"PCSK6","Lymphocyte","SCZ","Weighted mode",3,"-0.025","0.029","  0.976","4.79e-01",0.430530367,0.051018907,0.260225487,0.034874909
"DHDDS","Lymphocyte","SCZ","Wald ratio",1," 0.011","0.015","  1.011","4.79e-01",NA,NA,NA,0.005676149
"SERINC2","Lymphocyte","SCZ","Wald ratio",1,"-0.070","0.099","  0.932","4.79e-01",NA,NA,NA,0.006748113
"SLAIN1","Lymphocyte","SCZ","Wald ratio",1,"-0.192","0.271","  0.826","4.79e-01",NA,NA,NA,0.008253484
"SDHAP3","Lymphocyte","SCZ","Wald ratio",1,"-0.060","0.085","  0.941","4.79e-01",NA,NA,NA,0.007813055
"SFRP1","Lymphocyte","SCZ","Inverse variance weighted",2," 0.008","0.011","  1.008","4.80e-01",NA,0.486654842,NA,0.004927378
"SLC38A8","Lymphocyte","SCZ","Wald ratio",1," 0.013","0.018","  1.013","4.81e-01",NA,NA,NA,0.007113318
"HSP90AB1","Lymphocyte","SCZ","Wald ratio",1,"-0.035","0.050","  0.965","4.81e-01",NA,NA,NA,0.006043063
"EN2","Lymphocyte","SCZ","Wald ratio",1,"-0.335","0.476","  0.715","4.81e-01",NA,NA,NA,0.011088163
"DENND3","Lymphocyte","SCZ","Inverse variance weighted",2,"-0.021","0.029","  0.980","4.81e-01",NA,0.473622215,NA,0.004607931
"C2orf27A","Lymphocyte","SCZ","Wald ratio",1,"-0.010","0.014","  0.990","4.82e-01",NA,NA,NA,0.007481894
"ADARB2","Lymphocyte","SCZ","MR Egger",4," 0.017","0.020","  1.018","4.82e-01",0.914381713,0.857169105,0.523118502,0.005321385
"LPHN2","Lymphocyte","SCZ","Wald ratio",1," 0.024","0.035","  1.025","4.82e-01",NA,NA,NA,0.009343802
"GAD2","Lymphocyte","SCZ","Wald ratio",1," 0.022","0.032","  1.022","4.83e-01",NA,NA,NA,0.009086707
"C11orf30","Lymphocyte","SCZ","Wald ratio",1,"-0.006","0.009","  0.994","4.83e-01",NA,NA,NA,0.005519602
"SGCE","Lymphocyte","SCZ","Wald ratio",1,"-0.007","0.010","  0.993","4.83e-01",NA,NA,NA,0.005524212
"IL27RA","Lymphocyte","SCZ","Wald ratio",1,"-0.021","0.029","  0.980","4.84e-01",NA,NA,NA,0.010505197
"RFX1","Lymphocyte","SCZ","Wald ratio",1,"-0.035","0.050","  0.965","4.84e-01",NA,NA,NA,0.010505192
"SLCO1C1","Lymphocyte","SCZ","Wald ratio",1,"-0.009","0.013","  0.991","4.85e-01",NA,NA,NA,0.007768656
"NT5DC3","Lymphocyte","SCZ","Wald ratio",1,"-0.148","0.212","  0.862","4.85e-01",NA,NA,NA,0.007768618
"SLCO1B1","Lymphocyte","SCZ","Wald ratio",1,"-0.019","0.027","  0.981","4.85e-01",NA,NA,NA,0.007768656
"SEL1L2","Lymphocyte","SCZ","Wald ratio",1,"-0.069","0.099","  0.933","4.85e-01",NA,NA,NA,0.007513631
"SEC14L5","Lymphocyte","SCZ","Wald ratio",1," 0.007","0.010","  1.007","4.86e-01",NA,NA,NA,0.00544659
"C1orf77","Lymphocyte","SCZ","Wald ratio",1," 0.009","0.012","  1.009","4.86e-01",NA,NA,NA,0.00544659
"GRIK1","Lymphocyte","SCZ","Wald ratio",1,"-0.009","0.012","  0.991","4.86e-01",NA,NA,NA,0.006261373
"ACOX3","Lymphocyte","SCZ","Wald ratio",1,"-0.008","0.011","  0.992","4.86e-01",NA,NA,NA,0.00688609
"HNRNPF","Lymphocyte","SCZ","Wald ratio",1," 0.707","1.014","  2.028","4.86e-01",NA,NA,NA,0.008938414
"SMYD3","Lymphocyte","SCZ","Weighted mode",3,"-0.008","0.010","  0.992","4.86e-01",0.15420175,0.096556747,0.458015043,0.004846597
"POU2AF1","Lymphocyte","SCZ","Wald ratio",1,"-0.097","0.139","  0.907","4.86e-01",NA,NA,NA,0.006258287
"CALM1","Lymphocyte","SCZ","Wald ratio",1," 0.007","0.010","  1.007","4.86e-01",NA,NA,NA,0.005631466
"PRR18","Lymphocyte","SCZ","Wald ratio",1,"-0.008","0.011","  0.992","4.87e-01",NA,NA,NA,0.006441624
"SFT2D1","Lymphocyte","SCZ","Wald ratio",1,"-0.009","0.013","  0.991","4.87e-01",NA,NA,NA,0.005545707
"VWF","Lymphocyte","SCZ","Inverse variance weighted",2," 0.012","0.017","  1.012","4.87e-01",NA,0.962601056,NA,0.005356003
"SPP1","Lymphocyte","SCZ","Wald ratio",1,"-0.017","0.024","  0.983","4.87e-01",NA,NA,NA,0.006000918
"UGT3A1","Lymphocyte","SCZ","Wald ratio",1,"-0.017","0.024","  0.983","4.88e-01",NA,NA,NA,0.007617101
"ASAP1","Lymphocyte","SCZ","Wald ratio",1,"-0.015","0.022","  0.985","4.88e-01",NA,NA,NA,0.009410586
"SLC22A15","Lymphocyte","SCZ","Wald ratio",1," 0.021","0.030","  1.021","4.88e-01",NA,NA,NA,0.00618278
"ADAM32","Lymphocyte","SCZ","Inverse variance weighted",2,"-0.006","0.009","  0.994","4.88e-01",NA,0.669344911,NA,0.0044491
"KCNIP4","Lymphocyte","SCZ","Wald ratio",1,"-0.017","0.025","  0.983","4.88e-01",NA,NA,NA,0.005555229
"KCNIP4","Lymphocyte","SCZ","Wald ratio",1,"-0.095","0.138","  0.909","4.88e-01",NA,NA,NA,0.005555229
"TTR","Lymphocyte","SCZ","Wald ratio",1,"-0.009","0.013","  0.991","4.89e-01",NA,NA,NA,0.00574007
"KRTAP10-6","Lymphocyte","SCZ","Wald ratio",1," 0.022","0.031","  1.022","4.89e-01",NA,NA,NA,0.011363009
"PKNOX2","Lymphocyte","SCZ","Inverse variance weighted",2," 0.016","0.022","  1.016","4.89e-01",NA,0.112135239,NA,0.008075172
"COL23A1","Lymphocyte","SCZ","Inverse variance weighted",2," 0.007","0.011","  1.007","4.89e-01",NA,0.410524574,NA,0.00776436
"HOPX","Lymphocyte","SCZ","Wald ratio",1,"-0.013","0.019","  0.987","4.91e-01",NA,NA,NA,0.005479081
"HOPX","Lymphocyte","SCZ","Wald ratio",1,"-0.083","0.121","  0.920","4.91e-01",NA,NA,NA,0.005479081
"AK5","Lymphocyte","SCZ","Wald ratio",1,"-0.094","0.136","  0.910","4.91e-01",NA,NA,NA,0.005664654
"DSCAM","Lymphocyte","SCZ","Weighted mode",3," 0.007","0.009","  1.007","4.91e-01",0.138023359,0.053350193,0.419760133,0.004594836
"GSTM5","Lymphocyte","SCZ","Wald ratio",1,"-0.027","0.039","  0.973","4.91e-01",NA,NA,NA,0.005848781
"RGL1","Lymphocyte","SCZ","Wald ratio",1," 0.007","0.010","  1.007","4.93e-01",NA,NA,NA,0.005589174
"GOLPH3","Lymphocyte","SCZ","Wald ratio",1,"-0.010","0.015","  0.990","4.93e-01",NA,NA,NA,0.005589174
"ADPRH","Lymphocyte","SCZ","Wald ratio",1," 0.353","0.514","  1.423","4.93e-01",NA,NA,NA,0.006767488
"OPCML","Lymphocyte","SCZ","Simple mode",4," 0.011","0.014","  1.011","4.93e-01",0.476196929,0.182106939,0.207412219,0.009416634
"SQRDL","Lymphocyte","SCZ","Wald ratio",1," 0.021","0.030","  1.021","4.94e-01",NA,NA,NA,0.009656163
"DLC1","Lymphocyte","SCZ","Weighted mode",4,"-0.010","0.012","  0.990","4.94e-01",0.03409927,0.07881673,0.927744679,0.006338136
"GULP1","Lymphocyte","SCZ","Wald ratio",1,"-0.074","0.108","  0.929","4.94e-01",NA,NA,NA,0.00750274
"RPS6KA2","Lymphocyte","SCZ","Weighted median",7," 0.004","0.006","  1.004","4.95e-01",0.032583237,0.008301282,0.206743212,0.049068768
"LRDD","Lymphocyte","SCZ","Wald ratio",1," 0.075","0.110","  1.078","4.95e-01",NA,NA,NA,0.005513768
"LRDD","Lymphocyte","SCZ","Wald ratio",1," 0.010","0.014","  1.010","4.95e-01",NA,NA,NA,0.005513768
"CEND1","Lymphocyte","SCZ","Wald ratio",1," 0.006","0.009","  1.006","4.95e-01",NA,NA,NA,0.005513768
"TLE1","Lymphocyte","SCZ","Wald ratio",1," 0.007","0.011","  1.007","4.96e-01",NA,NA,NA,0.005697641
"OR2D2","Lymphocyte","SCZ","Wald ratio",1,"-0.007","0.010","  0.993","4.96e-01",NA,NA,NA,0.005696981
"OR10A4","Lymphocyte","SCZ","Wald ratio",1,"-0.010","0.014","  0.990","4.96e-01",NA,NA,NA,0.005696981
"OR10A2","Lymphocyte","SCZ","Wald ratio",1,"-0.009","0.013","  0.991","4.96e-01",NA,NA,NA,0.005696981
"MAFB","Lymphocyte","SCZ","Wald ratio",1,"-0.018","0.026","  0.983","4.96e-01",NA,NA,NA,0.006066479
"MIER2","Lymphocyte","SCZ","Wald ratio",1," 0.008","0.012","  1.008","4.97e-01",NA,NA,NA,0.006984994
"CDK5RAP2","Lymphocyte","SCZ","Wald ratio",1," 0.011","0.017","  1.011","4.97e-01",NA,NA,NA,0.01022913
"DCTD","Lymphocyte","SCZ","Wald ratio",1," 0.007","0.010","  1.007","4.97e-01",NA,NA,NA,0.005438338
"DLX6AS","Lymphocyte","SCZ","Wald ratio",1,"-0.008","0.012","  0.992","4.98e-01",NA,NA,NA,0.005622387
"EDEM1","Lymphocyte","SCZ","Wald ratio",1," 0.151","0.223","  1.163","4.98e-01",NA,NA,NA,0.005989869
"PDCD1LG2","Lymphocyte","SCZ","Wald ratio",1,"-0.033","0.048","  0.968","4.99e-01",NA,NA,NA,0.006359972
"ARHGEF19","Lymphocyte","SCZ","Wald ratio",1," 0.007","0.010","  1.007","4.99e-01",NA,NA,NA,0.006173401
"PPM1H","Lymphocyte","SCZ","Inverse variance weighted",2,"-0.009","0.013","  0.991","4.99e-01",NA,0.604337881,NA,0.004669065
"CREB3L2","Lymphocyte","SCZ","Wald ratio",1," 0.300","0.444","  1.350","4.99e-01",NA,NA,NA,0.009358088
"SCARA5","Lymphocyte","SCZ","Wald ratio",1,"-0.011","0.016","  0.990","5.00e-01",NA,NA,NA,0.005547209
"CTSG","Lymphocyte","SCZ","Wald ratio",1," 0.011","0.016","  1.011","5.00e-01",NA,NA,NA,0.007467526
"SPARC","Lymphocyte","SCZ","Wald ratio",1,"-0.015","0.022","  0.985","5.01e-01",NA,NA,NA,0.010371469
"EPSTI1","Lymphocyte","SCZ","Wald ratio",1,"-0.007","0.011","  0.993","5.01e-01",NA,NA,NA,0.006462495
"C14orf23","Lymphocyte","SCZ","Wald ratio",1," 0.042","0.063","  1.043","5.01e-01",NA,NA,NA,0.007752287
"SPAG17","Lymphocyte","SCZ","Wald ratio",1,"-0.018","0.027","  0.982","5.02e-01",NA,NA,NA,0.011450084
"LRRC34","Lymphocyte","SCZ","Wald ratio",1," 0.075","0.111","  1.078","5.02e-01",NA,NA,NA,0.00547211
"ADAMTS17","Lymphocyte","SCZ","Inverse variance weighted",2," 0.009","0.013","  1.009","5.03e-01",NA,0.081524805,NA,0.046087246
"SCARB1","Lymphocyte","SCZ","Wald ratio",1,"-0.016","0.024","  0.984","5.03e-01",NA,NA,NA,0.012808785
"LRRN2","Lymphocyte","SCZ","Wald ratio",1," 0.080","0.120","  1.083","5.04e-01",NA,NA,NA,0.010763324
"IGSF9","Lymphocyte","SCZ","Wald ratio",1," 0.018","0.027","  1.018","5.05e-01",NA,NA,NA,0.007786082
"PELI2","Lymphocyte","SCZ","Wald ratio",1,"-0.006","0.010","  0.994","5.05e-01",NA,NA,NA,0.00536933
"PNMA2","Lymphocyte","SCZ","Wald ratio",1," 0.079","0.119","  1.083","5.05e-01",NA,NA,NA,0.005397095
"ZEB2","Lymphocyte","SCZ","Wald ratio",1,"-0.020","0.030","  0.980","5.05e-01",NA,NA,NA,0.005581104
"PAK4","Lymphocyte","SCZ","Wald ratio",1," 0.007","0.011","  1.007","5.05e-01",NA,NA,NA,0.005111039
"CAV3","Lymphocyte","SCZ","Wald ratio",1,"-0.023","0.035","  0.977","5.05e-01",NA,NA,NA,0.005949102
"TOM1","Lymphocyte","SCZ","Wald ratio",1," 0.014","0.022","  1.015","5.05e-01",NA,NA,NA,0.005579463
"EIF3D","Lymphocyte","SCZ","Wald ratio",1," 0.011","0.017","  1.011","5.05e-01",NA,NA,NA,0.005394484
"TXN2","Lymphocyte","SCZ","Wald ratio",1," 0.362","0.544","  1.437","5.05e-01",NA,NA,NA,0.005394484
"DLGAP2","Lymphocyte","SCZ","Weighted median",3,"-0.004","0.007","  0.996","5.06e-01",0.428237109,0.72511042,0.921746506,0.005376055
"CAMSAP1","Lymphocyte","SCZ","Wald ratio",1," 0.011","0.016","  1.011","5.07e-01",NA,NA,NA,0.007160503
"KCNT1","Lymphocyte","SCZ","Wald ratio",1," 0.010","0.015","  1.010","5.07e-01",NA,NA,NA,0.007160503
"TSPO","Lymphocyte","SCZ","Wald ratio",1," 0.123","0.185","  1.131","5.07e-01",NA,NA,NA,0.006058523
"MCAT","Lymphocyte","SCZ","Wald ratio",1," 0.087","0.131","  1.091","5.07e-01",NA,NA,NA,0.006058523
"MIR1256","Lymphocyte","SCZ","Wald ratio",1,"-0.007","0.011","  0.993","5.07e-01",NA,NA,NA,0.005690165
"C1QTNF7","Lymphocyte","SCZ","Wald ratio",1," 0.014","0.021","  1.014","5.08e-01",NA,NA,NA,0.012622921
"RPTOR","Lymphocyte","SCZ","MR Egger",3,"-0.040","0.041","  0.961","5.08e-01",0.487396734,0.650491706,0.64914835,0.019126949
"ZAR1L","Lymphocyte","SCZ","Wald ratio",1," 0.008","0.012","  1.008","5.09e-01",NA,NA,NA,0.006903386
"LOC651250","Lymphocyte","SCZ","Wald ratio",1,"-0.184","0.279","  0.832","5.09e-01",NA,NA,NA,0.006536895
"WBSCR17","Lymphocyte","SCZ","MR Egger",3,"-0.059","0.060","  0.943","5.09e-01",0.063205678,0.067978464,0.591549005,0.246454885
"LOC644145","Lymphocyte","SCZ","Wald ratio",1,"-0.024","0.036","  0.977","5.09e-01",NA,NA,NA,0.006167996
"FAM174B","Lymphocyte","SCZ","Wald ratio",1," 0.013","0.019","  1.013","5.09e-01",NA,NA,NA,0.00616656
"LCMT1","Lymphocyte","SCZ","Wald ratio",1,"-0.007","0.010","  0.993","5.09e-01",NA,NA,NA,0.005982992
"LQK1","Lymphocyte","SCZ","Wald ratio",1,"-0.008","0.011","  0.993","5.10e-01",NA,NA,NA,0.005798654
"LOC441666","Lymphocyte","SCZ","Wald ratio",1,"-0.017","0.025","  0.983","5.10e-01",NA,NA,NA,0.00561382
"LOC84856","Lymphocyte","SCZ","Wald ratio",1,"-0.008","0.012","  0.992","5.10e-01",NA,NA,NA,0.005054785
"ZBTB20","Lymphocyte","SCZ","Wald ratio",1,"-0.012","0.018","  0.988","5.10e-01",NA,NA,NA,0.009674385
"ITGA8","Lymphocyte","SCZ","Wald ratio",1,"-0.031","0.048","  0.969","5.11e-01",NA,NA,NA,0.007010495
"KIAA1026","Lymphocyte","SCZ","MR Egger",3," 0.031","0.032","  1.032","5.11e-01",0.16119085,0.101191552,0.454304671,0.007435678
"HHAT","Lymphocyte","SCZ","Wald ratio",1," 0.007","0.011","  1.007","5.11e-01",NA,NA,NA,0.006458889
"ACSL5","Lymphocyte","SCZ","Wald ratio",1," 0.232","0.354","  1.261","5.12e-01",NA,NA,NA,0.006092075
"ESR1","Lymphocyte","SCZ","Wald ratio",1," 0.259","0.395","  1.296","5.12e-01",NA,NA,NA,0.00535654
"ESR1","Lymphocyte","SCZ","Wald ratio",1," 0.089","0.136","  1.093","5.12e-01",NA,NA,NA,0.005354927
"ESR1","Lymphocyte","SCZ","Wald ratio",1," 0.068","0.104","  1.070","5.12e-01",NA,NA,NA,0.005356748
"TMEM72","Lymphocyte","SCZ","Wald ratio",1,"-0.006","0.009","  0.994","5.12e-01",NA,NA,NA,0.005356753
"KLF7","Lymphocyte","SCZ","Wald ratio",1," 0.008","0.012","  1.008","5.12e-01",NA,NA,NA,0.005538712
"FAT3","Lymphocyte","SCZ","Wald ratio",1,"-0.006","0.009","  0.994","5.13e-01",NA,NA,NA,0.005353746
"SLC35B4","Lymphocyte","SCZ","Wald ratio",1,"-0.023","0.035","  0.977","5.13e-01",NA,NA,NA,0.005353746
"MYL10","Lymphocyte","SCZ","Wald ratio",1,"-0.018","0.027","  0.983","5.14e-01",NA,NA,NA,0.006018047
"STK25","Lymphocyte","SCZ","Wald ratio",1," 0.009","0.015","  1.010","5.14e-01",NA,NA,NA,0.00741164
"FARP2","Lymphocyte","SCZ","Wald ratio",1," 0.014","0.021","  1.014","5.14e-01",NA,NA,NA,0.007411853
"NAT2","Lymphocyte","SCZ","Wald ratio",1,"-0.007","0.010","  0.993","5.14e-01",NA,NA,NA,0.005833373
"CD1D","Lymphocyte","SCZ","Wald ratio",1," 0.011","0.016","  1.011","5.14e-01",NA,NA,NA,0.00861126
"ZNF347","Lymphocyte","SCZ","Wald ratio",1,"-0.056","0.086","  0.945","5.14e-01",NA,NA,NA,0.005466233
"SYNM","Lymphocyte","SCZ","Wald ratio",1,"-0.071","0.110","  0.931","5.14e-01",NA,NA,NA,0.005648592
"LOC387646","Lymphocyte","SCZ","Wald ratio",1," 0.007","0.011","  1.007","5.14e-01",NA,NA,NA,0.005648592
"RORA","Lymphocyte","SCZ","MR Egger",4," 0.022","0.028","  1.022","5.15e-01",0.069013893,0.045675333,0.422938487,0.011188699
"A2BP1","Lymphocyte","SCZ","Inverse variance weighted",2," 0.016","0.024","  1.016","5.15e-01",NA,0.039648373,NA,0.006472121
"TTC39B","Lymphocyte","SCZ","Wald ratio",1,"-0.008","0.012","  0.992","5.15e-01",NA,NA,NA,0.006312286
"MRPS26","Lymphocyte","SCZ","Wald ratio",1," 0.033","0.050","  1.033","5.15e-01",NA,NA,NA,0.005278719
"CYB5A","Lymphocyte","SCZ","Wald ratio",1,"-0.029","0.045","  0.971","5.16e-01",NA,NA,NA,0.007338307
"SPRED3","Lymphocyte","SCZ","Wald ratio",1," 0.012","0.019","  1.012","5.16e-01",NA,NA,NA,0.007155366
"KCNK6","Lymphocyte","SCZ","Wald ratio",1," 0.015","0.023","  1.015","5.16e-01",NA,NA,NA,0.007155366
"C19orf33","Lymphocyte","SCZ","Wald ratio",1," 0.010","0.015","  1.010","5.16e-01",NA,NA,NA,0.007155366
"YIF1B","Lymphocyte","SCZ","Wald ratio",1," 0.008","0.012","  1.008","5.16e-01",NA,NA,NA,0.007155366
"C19orf33","Lymphocyte","SCZ","Wald ratio",1," 0.018","0.027","  1.018","5.16e-01",NA,NA,NA,0.00715494
"SEC61G","Lymphocyte","SCZ","Wald ratio",1,"-0.251","0.387","  0.778","5.16e-01",NA,NA,NA,0.010573496
"ZDHHC19","Lymphocyte","SCZ","Wald ratio",1,"-0.014","0.021","  0.986","5.16e-01",NA,NA,NA,0.00594266
"ZNF232","Lymphocyte","SCZ","Wald ratio",1,"-0.032","0.049","  0.969","5.16e-01",NA,NA,NA,0.010210574
"DLGAP2","Lymphocyte","SCZ","Inverse variance weighted",3,"-0.004","0.006","  0.996","5.17e-01",0.428237109,0.72511042,0.921746506,0.005376055
"MEF2D","Lymphocyte","SCZ","Wald ratio",1,"-0.026","0.040","  0.974","5.17e-01",NA,NA,NA,0.00557576
"FUBP1","Lymphocyte","SCZ","Wald ratio",1,"-0.246","0.379","  0.782","5.17e-01",NA,NA,NA,0.011037982
"AGPAT4","Lymphocyte","SCZ","MR Egger",3," 0.029","0.031","  1.030","5.17e-01",0.091200743,0.030981362,0.442769018,0.013199262
"ZFAT","Lymphocyte","SCZ","Wald ratio",1," 0.033","0.051","  1.033","5.17e-01",NA,NA,NA,0.008650427
"CDH13","Lymphocyte","SCZ","Weighted mode",3," 0.011","0.014","  1.011","5.17e-01",0.001372666,0.001343036,0.684927917,0.737456535
"DLGAP2","Lymphocyte","SCZ","Weighted mode",3,"-0.007","0.008","  0.994","5.18e-01",0.428237109,0.72511042,0.921746506,0.005376055
"FSCN1","Lymphocyte","SCZ","Wald ratio",1,"-0.007","0.011","  0.993","5.19e-01",NA,NA,NA,0.005685326
"DNM3","Lymphocyte","SCZ","Inverse variance weighted",2,"-0.006","0.010","  0.994","5.20e-01",NA,0.328632843,NA,0.006953397
"LRIG2","Lymphocyte","SCZ","Wald ratio",1," 0.006","0.009","  1.006","5.22e-01",NA,NA,NA,0.005427189
"MYF6","Lymphocyte","SCZ","Wald ratio",1," 0.014","0.023","  1.015","5.22e-01",NA,NA,NA,0.00542719
"MYF5","Lymphocyte","SCZ","Wald ratio",1," 0.014","0.021","  1.014","5.22e-01",NA,NA,NA,0.00542719
"TRAK1","Lymphocyte","SCZ","MR Egger",3,"-0.033","0.035","  0.968","5.22e-01",0.399550412,0.265841433,0.396406047,0.011145684
"ODZ3","Lymphocyte","SCZ","MR Egger",3," 0.168","0.180","  1.183","5.22e-01",0.921128434,0.633441805,0.51616671,0.005602851
"TCERG1L","Lymphocyte","SCZ","Inverse variance weighted",2,"-0.012","0.019","  0.988","5.22e-01",NA,0.231376517,NA,0.005663961
"PLXND1","Lymphocyte","SCZ","Wald ratio",1,"-0.011","0.016","  0.990","5.22e-01",NA,NA,NA,0.009068042
"ISY1","Lymphocyte","SCZ","Wald ratio",1,"-0.274","0.429","  0.760","5.22e-01",NA,NA,NA,0.009083447
"MYO3B","Lymphocyte","SCZ","MR Egger",3," 0.019","0.020","  1.019","5.23e-01",0.896464421,0.903894997,0.741313444,0.006673782
"PPAN-P2RY11","Lymphocyte","SCZ","Wald ratio",1," 0.035","0.054","  1.035","5.24e-01",NA,NA,NA,0.008175841
"PPAN","Lymphocyte","SCZ","Wald ratio",1," 0.014","0.022","  1.014","5.24e-01",NA,NA,NA,0.008175841
"MKKS","Lymphocyte","SCZ","Wald ratio",1," 0.008","0.012","  1.008","5.24e-01",NA,NA,NA,0.005353048
"PEAR1","Lymphocyte","SCZ","Wald ratio",1,"-0.047","0.074","  0.954","5.25e-01",NA,NA,NA,0.006492834
"NTRK1","Lymphocyte","SCZ","Wald ratio",1,"-0.010","0.016","  0.990","5.25e-01",NA,NA,NA,0.006492834
"ZIK1","Lymphocyte","SCZ","Wald ratio",1," 0.023","0.036","  1.023","5.25e-01",NA,NA,NA,0.005830599
"NAV1","Lymphocyte","SCZ","Weighted median",3," 0.015","0.023","  1.015","5.25e-01",0.62194921,0.762935252,0.681878518,0.009264543
"ALDH1A1","Lymphocyte","SCZ","Wald ratio",1," 0.008","0.013","  1.008","5.26e-01",NA,NA,NA,0.00564686
"OBSCN","Lymphocyte","SCZ","Wald ratio",1,"-0.032","0.051","  0.968","5.26e-01",NA,NA,NA,0.005646866
"CAMK1D","Lymphocyte","SCZ","Simple mode",3,"-0.009","0.012","  0.991","5.26e-01",0.83686358,0.022493999,0.222249554,0.166381169
"ACOXL","Lymphocyte","SCZ","Inverse variance weighted",2,"-0.009","0.015","  0.991","5.26e-01",NA,0.117876809,NA,0.015306032
"PLA2G4E","Lymphocyte","SCZ","Wald ratio",1,"-0.008","0.013","  0.992","5.27e-01",NA,NA,NA,0.007260492
"HOXC4","Lymphocyte","SCZ","Wald ratio",1,"-0.146","0.231","  0.864","5.27e-01",NA,NA,NA,0.005460136
"LOC134466","Lymphocyte","SCZ","Wald ratio",1," 0.006","0.010","  1.006","5.27e-01",NA,NA,NA,0.005279008
"GLIS3","Lymphocyte","SCZ","Wald ratio",1," 0.030","0.047","  1.030","5.27e-01",NA,NA,NA,0.010637238
"FCRLB","Lymphocyte","SCZ","Wald ratio",1," 0.008","0.012","  1.008","5.27e-01",NA,NA,NA,0.006922212
"HRNBP3","Lymphocyte","SCZ","Weighted median",3," 0.005","0.008","  1.005","5.29e-01",0.691962783,0.687622315,0.582481175,0.004975114
"FAM178B","Lymphocyte","SCZ","Wald ratio",1,"-0.009","0.014","  0.991","5.29e-01",NA,NA,NA,0.007186588
"ANKRD33B","Lymphocyte","SCZ","Wald ratio",1," 0.016","0.025","  1.016","5.29e-01",NA,NA,NA,0.005570305
"SKAP1","Lymphocyte","SCZ","Wald ratio",1," 0.007","0.011","  1.007","5.29e-01",NA,NA,NA,0.005711685
"ANK3","Lymphocyte","SCZ","Wald ratio",1," 0.006","0.009","  1.006","5.30e-01",NA,NA,NA,0.005385821
"FAM163A","Lymphocyte","SCZ","Wald ratio",1,"-0.373","0.593","  0.689","5.30e-01",NA,NA,NA,0.005381305
"KCNA1","Lymphocyte","SCZ","Wald ratio",1,"-0.013","0.021","  0.987","5.30e-01",NA,NA,NA,0.005204776
"LOC93432","Lymphocyte","SCZ","Wald ratio",1,"-0.023","0.037","  0.977","5.30e-01",NA,NA,NA,0.006638818
"COPS4","Lymphocyte","SCZ","Wald ratio",1,"-0.014","0.022","  0.986","5.30e-01",NA,NA,NA,0.006638818
"CPT1A","Lymphocyte","SCZ","Wald ratio",1,"-0.008","0.012","  0.992","5.30e-01",NA,NA,NA,0.004510148
"MAPK8IP3","Lymphocyte","SCZ","Wald ratio",1,"-0.007","0.011","  0.993","5.31e-01",NA,NA,NA,0.00645475
"WIPF1","Lymphocyte","SCZ","Wald ratio",1,"-0.107","0.171","  0.899","5.31e-01",NA,NA,NA,0.005976523
"KIAA0182","Lymphocyte","SCZ","Inverse variance weighted",2,"-0.014","0.022","  0.986","5.31e-01",NA,0.025294759,NA,0.124598986
"STK32B","Lymphocyte","SCZ","Inverse variance weighted",2,"-0.010","0.015","  0.990","5.31e-01",NA,0.068683649,NA,0.005690735
"RGS12","Lymphocyte","SCZ","Wald ratio",1," 0.006","0.010","  1.006","5.32e-01",NA,NA,NA,0.005308007
"TRIM58","Lymphocyte","SCZ","Wald ratio",1,"-0.008","0.013","  0.992","5.33e-01",NA,NA,NA,0.007516008
"KCNQ1","Lymphocyte","SCZ","Inverse variance weighted",4,"-0.004","0.006","  0.996","5.33e-01",0.677217799,0.435363328,0.297453356,0.004983474
"MCEE","Lymphocyte","SCZ","Wald ratio",1,"-0.008","0.013","  0.992","5.33e-01",NA,NA,NA,0.005606923
"STK10","Lymphocyte","SCZ","Inverse variance weighted",2,"-0.006","0.010","  0.994","5.33e-01",NA,0.660348225,NA,0.00786429
"SIGIRR","Lymphocyte","SCZ","Wald ratio",1,"-0.065","0.105","  0.937","5.33e-01",NA,NA,NA,0.005425495
"ANO9","Lymphocyte","SCZ","Wald ratio",1,"-0.010","0.016","  0.990","5.33e-01",NA,NA,NA,0.005425495
"PKP3","Lymphocyte","SCZ","Wald ratio",1,"-0.007","0.011","  0.993","5.33e-01",NA,NA,NA,0.005350765
"GHSR","Lymphocyte","SCZ","Wald ratio",1," 0.007","0.012","  1.007","5.34e-01",NA,NA,NA,0.00590195
"FARP1","Lymphocyte","SCZ","Inverse variance weighted",2," 0.006","0.009","  1.006","5.34e-01",NA,0.849326135,NA,0.008055081
"LSAMP","Lymphocyte","SCZ","Weighted median",4," 0.008","0.013","  1.008","5.34e-01",0.298708866,0.268638452,0.378888371,0.010162297
"UBASH3B","Lymphocyte","SCZ","Wald ratio",1,"-0.008","0.012","  0.992","5.34e-01",NA,NA,NA,0.007149014
"RNF6","Lymphocyte","SCZ","Wald ratio",1," 0.012","0.019","  1.012","5.34e-01",NA,NA,NA,0.006196338
"ADCY5","Lymphocyte","SCZ","Wald ratio",1,"-0.015","0.024","  0.985","5.35e-01",NA,NA,NA,0.005717493
"COL21A1","Lymphocyte","SCZ","Inverse variance weighted",2," 0.010","0.017","  1.010","5.35e-01",NA,0.182466691,NA,0.013761624
"LDLRAD3","Lymphocyte","SCZ","Simple mode",3,"-0.009","0.012","  0.991","5.35e-01",0.823352925,0.655012328,0.536160428,0.009573542
"PLCG2","Lymphocyte","SCZ","Wald ratio",1,"-0.006","0.009","  0.994","5.35e-01",NA,NA,NA,0.00523788
"MGC34034","Lymphocyte","SCZ","Wald ratio",1,"-0.017","0.027","  0.983","5.35e-01",NA,NA,NA,0.006012428
"BEST1","Lymphocyte","SCZ","Wald ratio",1,"-0.016","0.025","  0.985","5.36e-01",NA,NA,NA,0.005532947
"GPR114","Lymphocyte","SCZ","Wald ratio",1,"-0.037","0.060","  0.964","5.36e-01",NA,NA,NA,0.005532947
"TMEM18","Lymphocyte","SCZ","Wald ratio",1," 0.013","0.021","  1.013","5.37e-01",NA,NA,NA,0.008137785
"NDUFAF1","Lymphocyte","SCZ","Wald ratio",1," 0.016","0.026","  1.016","5.38e-01",NA,NA,NA,0.005939672
"CPXM1","Lymphocyte","SCZ","Wald ratio",1,"-0.171","0.279","  0.843","5.38e-01",NA,NA,NA,0.009297938
"MTPAP","Lymphocyte","SCZ","Wald ratio",1," 0.030","0.049","  1.030","5.39e-01",NA,NA,NA,0.005756198
"MADCAM1","Lymphocyte","SCZ","Wald ratio",1,"-0.012","0.019","  0.989","5.39e-01",NA,NA,NA,0.005753608
"C10orf10","Lymphocyte","SCZ","Wald ratio",1," 0.043","0.070","  1.044","5.39e-01",NA,NA,NA,0.005754301
"C10orf25","Lymphocyte","SCZ","Wald ratio",1," 0.008","0.013","  1.008","5.39e-01",NA,NA,NA,0.005754301
"RASSF4","Lymphocyte","SCZ","Wald ratio",1," 0.078","0.126","  1.081","5.39e-01",NA,NA,NA,0.005754301
"KBTBD2","Lymphocyte","SCZ","Wald ratio",1,"-0.235","0.383","  0.791","5.39e-01",NA,NA,NA,0.005277631
"PPFIA2","Lymphocyte","SCZ","Wald ratio",1," 0.029","0.047","  1.029","5.39e-01",NA,NA,NA,0.006049797
"HECA","Lymphocyte","SCZ","Wald ratio",1,"-0.011","0.018","  0.989","5.39e-01",NA,NA,NA,0.007114578
"SP4","Lymphocyte","SCZ","Wald ratio",1," 0.014","0.023","  1.014","5.40e-01",NA,NA,NA,0.005274801
"SH3BP5","Lymphocyte","SCZ","Wald ratio",1,"-0.021","0.035","  0.979","5.40e-01",NA,NA,NA,0.007692153
"MYH11","Lymphocyte","SCZ","Inverse variance weighted",2," 0.005","0.008","  1.005","5.40e-01",NA,0.255569225,NA,0.005389956
"KANK4","Lymphocyte","SCZ","Wald ratio",1,"-0.027","0.044","  0.974","5.41e-01",NA,NA,NA,0.005388895
"SLC12A3","Lymphocyte","SCZ","Wald ratio",1," 0.006","0.009","  1.006","5.42e-01",NA,NA,NA,0.005204399
"MIR138-2","Lymphocyte","SCZ","Wald ratio",1," 0.007","0.012","  1.007","5.42e-01",NA,NA,NA,0.005204399
"CPAMD8","Lymphocyte","SCZ","Wald ratio",1," 0.123","0.202","  1.131","5.42e-01",NA,NA,NA,0.005202481
"F2RL3","Lymphocyte","SCZ","Wald ratio",1," 0.024","0.040","  1.025","5.42e-01",NA,NA,NA,0.005204339
"OLFML2A","Lymphocyte","SCZ","Wald ratio",1,"-0.008","0.013","  0.992","5.42e-01",NA,NA,NA,0.005204399
"RIMBP2","Lymphocyte","SCZ","Inverse variance weighted",2," 0.005","0.008","  1.005","5.42e-01",NA,0.252188711,NA,0.004287544
"PHLDB3","Lymphocyte","SCZ","Wald ratio",1,"-0.011","0.018","  0.989","5.42e-01",NA,NA,NA,0.006564793
"KCNA10","Lymphocyte","SCZ","Wald ratio",1," 0.006","0.010","  1.006","5.43e-01",NA,NA,NA,0.005201473
"GSTA2","Lymphocyte","SCZ","Wald ratio",1," 0.006","0.010","  1.006","5.43e-01",NA,NA,NA,0.005201473
"PPARGC1A","Lymphocyte","SCZ","Wald ratio",1," 0.006","0.010","  1.006","5.44e-01",NA,NA,NA,0.00560929
"SGPP2","Lymphocyte","SCZ","Wald ratio",1,"-0.023","0.038","  0.978","5.44e-01",NA,NA,NA,0.005903633
"EBF2","Lymphocyte","SCZ","Wald ratio",1," 0.032","0.052","  1.032","5.44e-01",NA,NA,NA,0.005903633
"LRAT","Lymphocyte","SCZ","Wald ratio",1," 0.027","0.044","  1.027","5.44e-01",NA,NA,NA,0.005312067
"DPPA2","Lymphocyte","SCZ","Wald ratio",1,"-0.006","0.010","  0.994","5.44e-01",NA,NA,NA,0.005312067
"GSDMC","Lymphocyte","SCZ","Wald ratio",1,"-0.006","0.010","  0.994","5.45e-01",NA,NA,NA,0.00508213
"GLP1R","Lymphocyte","SCZ","Wald ratio",1," 0.006","0.009","  1.006","5.45e-01",NA,NA,NA,0.005130783
"DUSP27","Lymphocyte","SCZ","Wald ratio",1," 0.011","0.018","  1.011","5.45e-01",NA,NA,NA,0.005426065
"SLC25A37","Lymphocyte","SCZ","Wald ratio",1,"-0.007","0.012","  0.993","5.46e-01",NA,NA,NA,0.005422727
"ZNF438","Lymphocyte","SCZ","Wald ratio",1,"-0.007","0.011","  0.993","5.47e-01",NA,NA,NA,0.005830344
"ZNF264","Lymphocyte","SCZ","Wald ratio",1," 0.007","0.012","  1.007","5.47e-01",NA,NA,NA,0.006712515
"XIRP2","Lymphocyte","SCZ","Wald ratio",1," 0.007","0.012","  1.007","5.48e-01",NA,NA,NA,0.006234569
"TAPT1","Lymphocyte","SCZ","Wald ratio",1," 0.010","0.017","  1.010","5.49e-01",NA,NA,NA,0.005349662
"ATHL1","Lymphocyte","SCZ","Wald ratio",1,"-0.009","0.016","  0.991","5.50e-01",NA,NA,NA,0.006051537
"IFITM5","Lymphocyte","SCZ","Wald ratio",1,"-0.012","0.019","  0.989","5.50e-01",NA,NA,NA,0.006051536
"BET1L","Lymphocyte","SCZ","Wald ratio",1,"-0.359","0.600","  0.698","5.50e-01",NA,NA,NA,0.006051536
"GINS3","Lymphocyte","SCZ","Wald ratio",1," 0.272","0.454","  1.312","5.50e-01",NA,NA,NA,0.009375963
"LIMD1","Lymphocyte","SCZ","Wald ratio",1,"-0.018","0.030","  0.982","5.50e-01",NA,NA,NA,0.005165984
"CACNA1C","Lymphocyte","SCZ","Weighted median",4,"-0.008","0.013","  0.992","5.50e-01",4.21e-08,1.24e-15,0.270912523,0.016352441
"CYB5D2","Lymphocyte","SCZ","Wald ratio",1,"-0.163","0.272","  0.850","5.51e-01",NA,NA,NA,0.006455894
"FAM38A","Lymphocyte","SCZ","Wald ratio",1," 0.038","0.064","  1.039","5.51e-01",NA,NA,NA,0.005574506
"RNF166","Lymphocyte","SCZ","Wald ratio",1," 0.006","0.010","  1.006","5.51e-01",NA,NA,NA,0.005574505
"ISG20","Lymphocyte","SCZ","Wald ratio",1," 0.013","0.022","  1.013","5.52e-01",NA,NA,NA,0.007150927
"PF4","Lymphocyte","SCZ","Wald ratio",1," 0.009","0.015","  1.009","5.52e-01",NA,NA,NA,0.008140303
"NSMCE1","Lymphocyte","SCZ","Wald ratio",1,"-0.014","0.024","  0.986","5.53e-01",NA,NA,NA,0.005390768
"MYO7A","Lymphocyte","SCZ","Inverse variance weighted",2," 0.005","0.008","  1.005","5.53e-01",NA,0.282938148,NA,0.005831767
"UNC5C","Lymphocyte","SCZ","Inverse variance weighted",2,"-0.011","0.019","  0.989","5.53e-01",NA,0.036618644,NA,0.005654903
"CAMTA1","Lymphocyte","SCZ","MR Egger",3," 0.138","0.163","  1.148","5.53e-01",0.638046367,0.61718423,0.54692153,0.004404706
"KIAA1430","Lymphocyte","SCZ","Wald ratio",1,"-0.005","0.009","  0.995","5.53e-01",NA,NA,NA,0.005387573
"SOSTDC1","Lymphocyte","SCZ","Wald ratio",1," 0.006","0.009","  1.006","5.53e-01",NA,NA,NA,0.005387573
"RAB19","Lymphocyte","SCZ","Wald ratio",1," 0.010","0.016","  1.010","5.54e-01",NA,NA,NA,0.007373562
"SERPINF2","Lymphocyte","SCZ","Inverse variance weighted",2,"-0.010","0.016","  0.991","5.54e-01",NA,0.916299485,NA,0.004969779
"NCF4","Lymphocyte","SCZ","Wald ratio",1," 0.007","0.012","  1.007","5.54e-01",NA,NA,NA,0.005501797
"PVALB","Lymphocyte","SCZ","Wald ratio",1," 0.012","0.020","  1.012","5.54e-01",NA,NA,NA,0.005496158
"FREM2","Lymphocyte","SCZ","Wald ratio",1,"-0.006","0.010","  0.994","5.54e-01",NA,NA,NA,0.005501797
"CSF2RB","Lymphocyte","SCZ","Wald ratio",1," 0.043","0.073","  1.044","5.54e-01",NA,NA,NA,0.005501796
"ATP8B1","Lymphocyte","SCZ","Wald ratio",1," 0.017","0.029","  1.017","5.54e-01",NA,NA,NA,0.009919053
"BCR","Lymphocyte","SCZ","Wald ratio",1,"-0.011","0.018","  0.989","5.54e-01",NA,NA,NA,0.00579356
"RASSF3","Lymphocyte","SCZ","Wald ratio",1,"-0.099","0.167","  0.906","5.54e-01",NA,NA,NA,0.008356796
"ZNF507","Lymphocyte","SCZ","Wald ratio",1,"-0.085","0.143","  0.919","5.55e-01",NA,NA,NA,0.005498412
"RFC1","Lymphocyte","SCZ","Wald ratio",1,"-0.117","0.198","  0.890","5.55e-01",NA,NA,NA,0.005495407
"HS6ST1","Lymphocyte","SCZ","Wald ratio",1,"-0.006","0.010","  0.994","5.55e-01",NA,NA,NA,0.005204029
"SIK1","Lymphocyte","SCZ","Wald ratio",1," 0.065","0.110","  1.067","5.55e-01",NA,NA,NA,0.009158167
"IRF1","Lymphocyte","SCZ","Wald ratio",1,"-0.010","0.017","  0.990","5.57e-01",NA,NA,NA,0.005428933
"U2AF1","Lymphocyte","SCZ","Wald ratio",1," 0.592","1.008","  1.808","5.57e-01",NA,NA,NA,0.007119514
"CHST2","Lymphocyte","SCZ","Wald ratio",1," 0.006","0.010","  1.006","5.58e-01",NA,NA,NA,0.005133462
"SNRPN","Lymphocyte","SCZ","Wald ratio",1," 0.010","0.018","  1.010","5.58e-01",NA,NA,NA,0.005133462
"FOXD2","Lymphocyte","SCZ","Wald ratio",1,"-0.007","0.011","  0.993","5.58e-01",NA,NA,NA,0.004972269
"EGR2","Lymphocyte","SCZ","Wald ratio",1," 0.024","0.040","  1.024","5.58e-01",NA,NA,NA,0.005131399
"DDTL","Lymphocyte","SCZ","Wald ratio",1,"-0.005","0.009","  0.995","5.58e-01",NA,NA,NA,0.005131399
"DDT","Lymphocyte","SCZ","Wald ratio",1,"-0.005","0.009","  0.995","5.58e-01",NA,NA,NA,0.005131399
"LOC391322","Lymphocyte","SCZ","Wald ratio",1,"-0.283","0.483","  0.753","5.58e-01",NA,NA,NA,0.005131399
"GSTTP1","Lymphocyte","SCZ","Wald ratio",1,"-0.006","0.010","  0.994","5.58e-01",NA,NA,NA,0.005131399
"ALPPL2","Lymphocyte","SCZ","Wald ratio",1," 0.008","0.014","  1.008","5.59e-01",NA,NA,NA,0.006641438
"HEATR3","Lymphocyte","SCZ","Wald ratio",1,"-0.008","0.014","  0.992","5.59e-01",NA,NA,NA,0.005650844
"PLEKHH2","Lymphocyte","SCZ","Wald ratio",1," 0.007","0.012","  1.007","5.60e-01",NA,NA,NA,0.007157687
"VGLL3","Lymphocyte","SCZ","Wald ratio",1,"-0.009","0.015","  0.991","5.61e-01",NA,NA,NA,0.005761629
"RFX8","Lymphocyte","SCZ","Wald ratio",1,"-0.098","0.169","  0.907","5.61e-01",NA,NA,NA,0.005353346
"STARD4","Lymphocyte","SCZ","Wald ratio",1,"-0.338","0.581","  0.713","5.61e-01",NA,NA,NA,0.007154449
"PRR15","Lymphocyte","SCZ","Wald ratio",1,"-0.010","0.016","  0.991","5.61e-01",NA,NA,NA,0.006864185
"BCAR1","Lymphocyte","SCZ","Wald ratio",1,"-0.007","0.012","  0.993","5.61e-01",NA,NA,NA,0.005451372
"APBA2","Lymphocyte","SCZ","Inverse variance weighted",2," 0.007","0.012","  1.007","5.61e-01",NA,0.598378876,NA,0.008831436
"LSAMP","Lymphocyte","SCZ","Weighted mode",4," 0.010","0.015","  1.010","5.61e-01",0.298708866,0.268638452,0.378888371,0.010162297
"RBP4","Lymphocyte","SCZ","Wald ratio",1," 0.011","0.018","  1.011","5.62e-01",NA,NA,NA,0.009451669
"SORCS2","Lymphocyte","SCZ","Weighted median",4," 0.006","0.010","  1.006","5.62e-01",0.017135265,0.04275968,0.939575233,0.005640226
"TMEM97","Lymphocyte","SCZ","Wald ratio",1,"-0.011","0.020","  0.989","5.62e-01",NA,NA,NA,0.005169977
"CD83","Lymphocyte","SCZ","Wald ratio",1," 0.032","0.055","  1.032","5.63e-01",NA,NA,NA,0.005689427
"ZNF57","Lymphocyte","SCZ","Wald ratio",1,"-0.142","0.245","  0.868","5.64e-01",NA,NA,NA,0.007597858
"SSH1","Lymphocyte","SCZ","Wald ratio",1,"-0.024","0.042","  0.976","5.64e-01",NA,NA,NA,0.005686526
"SSH1","Lymphocyte","SCZ","Wald ratio",1,"-0.006","0.010","  0.994","5.64e-01",NA,NA,NA,0.005546553
"MYT1L","Lymphocyte","SCZ","Inverse variance weighted",5,"-0.009","0.016","  0.991","5.65e-01",0.282865795,3.78e-05,0.025516736,0.998521529
"SERPINI1","Lymphocyte","SCZ","Wald ratio",1,"-0.008","0.014","  0.992","5.65e-01",NA,NA,NA,0.005797761
"SEMA5B","Lymphocyte","SCZ","Wald ratio",1,"-0.014","0.025","  0.986","5.65e-01",NA,NA,NA,0.007013413
"CD6","Lymphocyte","SCZ","Wald ratio",1,"-0.013","0.023","  0.987","5.65e-01",NA,NA,NA,0.005506121
"BARD1","Lymphocyte","SCZ","Wald ratio",1,"-0.015","0.027","  0.985","5.66e-01",NA,NA,NA,0.0098177
"SMPDL3A","Lymphocyte","SCZ","Wald ratio",1," 0.011","0.020","  1.011","5.66e-01",NA,NA,NA,0.005617343
"TLE2","Lymphocyte","SCZ","Wald ratio",1," 0.007","0.013","  1.007","5.67e-01",NA,NA,NA,0.005614101
"ERN1","Lymphocyte","SCZ","Wald ratio",1,"-0.007","0.013","  0.993","5.68e-01",NA,NA,NA,0.006941347
"PPM1F","Lymphocyte","SCZ","Wald ratio",1," 0.031","0.055","  1.032","5.68e-01",NA,NA,NA,0.008147171
"CYP1B1","Lymphocyte","SCZ","Wald ratio",1," 0.009","0.015","  1.009","5.68e-01",NA,NA,NA,0.006939289
"LMO3","Lymphocyte","SCZ","Wald ratio",1," 0.012","0.020","  1.012","5.68e-01",NA,NA,NA,0.00583917
"C18orf34","Lymphocyte","SCZ","Wald ratio",1,"-0.008","0.013","  0.992","5.69e-01",NA,NA,NA,0.006243343
"ADAMTS16","Lymphocyte","SCZ","Inverse variance weighted",2,"-0.006","0.011","  0.994","5.69e-01",NA,0.186311977,NA,0.004282253
"ADAP1","Lymphocyte","SCZ","Wald ratio",1," 0.006","0.010","  1.006","5.69e-01",NA,NA,NA,0.00502689
"COX19","Lymphocyte","SCZ","Wald ratio",1," 0.007","0.012","  1.007","5.69e-01",NA,NA,NA,0.00499896
"CYP2W1","Lymphocyte","SCZ","Wald ratio",1," 0.005","0.009","  1.005","5.69e-01",NA,NA,NA,0.005026891
"IL1F7","Lymphocyte","SCZ","Wald ratio",1,"-0.005","0.009","  0.995","5.69e-01",NA,NA,NA,0.004728224
"ENOX1","Lymphocyte","SCZ","Wald ratio",1,"-0.016","0.029","  0.984","5.69e-01",NA,NA,NA,0.007049631
"TIFAB","Lymphocyte","SCZ","Wald ratio",1," 0.019","0.034","  1.019","5.69e-01",NA,NA,NA,0.005025565
"FAM49A","Lymphocyte","SCZ","MR Egger",3,"-0.015","0.018","  0.986","5.69e-01",0.561282373,0.593626222,0.55523665,0.004591346
"FBXO39","Lymphocyte","SCZ","Wald ratio",1," 0.005","0.009","  1.005","5.70e-01",NA,NA,NA,0.005138441
"NDST1","Lymphocyte","SCZ","Wald ratio",1,"-0.005","0.010","  0.995","5.70e-01",NA,NA,NA,0.005134116
"SLC5A8","Lymphocyte","SCZ","Wald ratio",1,"-0.008","0.014","  0.992","5.71e-01",NA,NA,NA,0.006056164
"ZNF555","Lymphocyte","SCZ","Wald ratio",1,"-0.019","0.034","  0.981","5.71e-01",NA,NA,NA,0.006978203
"ZNF556","Lymphocyte","SCZ","Wald ratio",1,"-0.007","0.013","  0.993","5.71e-01",NA,NA,NA,0.006978203
"ERC2","Lymphocyte","SCZ","Inverse variance weighted",3," 0.010","0.017","  1.010","5.72e-01",0.00507426,0.019610078,0.976574367,0.181444953
"HUS1","Lymphocyte","SCZ","Wald ratio",1," 0.070","0.123","  1.072","5.72e-01",NA,NA,NA,0.00800501
"TTC26","Lymphocyte","SCZ","Wald ratio",1," 0.011","0.020","  1.012","5.72e-01",NA,NA,NA,0.010222276
"FLJ41941","Lymphocyte","SCZ","Wald ratio",1,"-0.012","0.021","  0.988","5.72e-01",NA,NA,NA,0.006281512
"MICAL3","Lymphocyte","SCZ","Wald ratio",1,"-0.007","0.012","  0.993","5.72e-01",NA,NA,NA,0.006281512
"SFXN1","Lymphocyte","SCZ","Wald ratio",1,"-0.251","0.446","  0.778","5.73e-01",NA,NA,NA,0.009536391
"IQGAP2","Lymphocyte","SCZ","Inverse variance weighted",2,"-0.005","0.009","  0.995","5.73e-01",NA,0.756997843,NA,0.005279008
"GNB4","Lymphocyte","SCZ","Wald ratio",1," 0.013","0.023","  1.013","5.73e-01",NA,NA,NA,0.005989219
"MAGI1","Lymphocyte","SCZ","Wald ratio",1,"-0.008","0.014","  0.992","5.73e-01",NA,NA,NA,0.007309312
"PLEKHB1","Lymphocyte","SCZ","Wald ratio",1,"-0.006","0.010","  0.994","5.73e-01",NA,NA,NA,0.005064881
"MRPL48","Lymphocyte","SCZ","Wald ratio",1,"-0.006","0.011","  0.994","5.73e-01",NA,NA,NA,0.005064881
"ALKBH3","Lymphocyte","SCZ","Wald ratio",1,"-0.012","0.021","  0.988","5.74e-01",NA,NA,NA,0.008334487
"IL20RA","Lymphocyte","SCZ","Wald ratio",1," 0.010","0.018","  1.010","5.74e-01",NA,NA,NA,0.005172574
"KCNQ1","Lymphocyte","SCZ","Weighted median",4,"-0.004","0.007","  0.996","5.75e-01",0.677217799,0.435363328,0.297453356,0.004983474
"LOC646762","Lymphocyte","SCZ","Wald ratio",1," 0.010","0.017","  1.010","5.76e-01",NA,NA,NA,0.008776263
"CPN2","Lymphocyte","SCZ","Wald ratio",1,"-0.020","0.037","  0.980","5.77e-01",NA,NA,NA,0.005512348
"AGXT","Lymphocyte","SCZ","Wald ratio",1," 0.009","0.015","  1.009","5.77e-01",NA,NA,NA,0.004993072
"C6orf173","Lymphocyte","SCZ","Wald ratio",1," 0.007","0.012","  1.007","5.77e-01",NA,NA,NA,0.00499311
"RAB27B","Lymphocyte","SCZ","Wald ratio",1,"-0.008","0.014","  0.992","5.77e-01",NA,NA,NA,0.006026593
"KIAA1211","Lymphocyte","SCZ","Wald ratio",1," 0.005","0.009","  1.005","5.78e-01",NA,NA,NA,0.005104469
"MYBL2","Lymphocyte","SCZ","Wald ratio",1," 0.027","0.049","  1.027","5.78e-01",NA,NA,NA,0.00665416
"KIAA1529","Lymphocyte","SCZ","Wald ratio",1," 0.009","0.016","  1.009","5.79e-01",NA,NA,NA,0.008302892
"GKN1","Lymphocyte","SCZ","Wald ratio",1,"-0.017","0.031","  0.983","5.79e-01",NA,NA,NA,0.011457134
"PKHD1","Lymphocyte","SCZ","Wald ratio",1," 0.024","0.044","  1.025","5.79e-01",NA,NA,NA,0.005846274
"CMBL","Lymphocyte","SCZ","Wald ratio",1," 0.052","0.094","  1.053","5.80e-01",NA,NA,NA,0.005440568
"C14orf102","Lymphocyte","SCZ","Wald ratio",1,"-0.006","0.011","  0.994","5.80e-01",NA,NA,NA,0.005440568
"PYGL","Lymphocyte","SCZ","Wald ratio",1,"-0.149","0.269","  0.862","5.80e-01",NA,NA,NA,0.005440568
"ARHGEF16","Lymphocyte","SCZ","Wald ratio",1,"-0.012","0.021","  0.988","5.80e-01",NA,NA,NA,0.007498611
"SH3TC1","Lymphocyte","SCZ","Wald ratio",1," 0.014","0.026","  1.014","5.80e-01",NA,NA,NA,0.007098069
"UTP11L","Lymphocyte","SCZ","Wald ratio",1,"-0.022","0.040","  0.978","5.81e-01",NA,NA,NA,0.005033884
"C17orf48","Lymphocyte","SCZ","Wald ratio",1,"-0.005","0.010","  0.995","5.81e-01",NA,NA,NA,0.005033884
"TM7SF4","Lymphocyte","SCZ","Wald ratio",1," 0.006","0.010","  1.006","5.81e-01",NA,NA,NA,0.00566361
"STARD13","Lymphocyte","SCZ","Wald ratio",1," 0.007","0.013","  1.007","5.81e-01",NA,NA,NA,0.00566361
"JARID2","Lymphocyte","SCZ","Wald ratio",1," 0.010","0.018","  1.010","5.81e-01",NA,NA,NA,0.008964076
"CCDC154","Lymphocyte","SCZ","Wald ratio",1," 0.006","0.012","  1.006","5.82e-01",NA,NA,NA,0.005144317
"CLCN7","Lymphocyte","SCZ","Wald ratio",1," 0.005","0.009","  1.005","5.82e-01",NA,NA,NA,0.005144232
"ARRB1","Lymphocyte","SCZ","Wald ratio",1,"-0.026","0.047","  0.974","5.82e-01",NA,NA,NA,0.009177985
"C2orf58","Lymphocyte","SCZ","Inverse variance weighted",2," 0.009","0.016","  1.009","5.82e-01",NA,0.826901903,NA,0.009674864
"DPP10","Lymphocyte","SCZ","Inverse variance weighted",2," 0.014","0.026","  1.015","5.83e-01",NA,0.326726149,NA,0.007610884
"NDUFS6","Lymphocyte","SCZ","Wald ratio",1," 0.456","0.831","  1.578","5.83e-01",NA,NA,NA,0.00764887
"VCL","Lymphocyte","SCZ","Wald ratio",1," 0.074","0.135","  1.077","5.83e-01",NA,NA,NA,0.005997106
"COL4A2","Lymphocyte","SCZ","Simple mode",3," 0.006","0.010","  1.006","5.84e-01",0.845824524,0.904957285,0.756446747,0.006639513
"GFM2","Lymphocyte","SCZ","Wald ratio",1,"-0.008","0.014","  0.992","5.84e-01",NA,NA,NA,0.005994754
"CRISPLD2","Lymphocyte","SCZ","Inverse variance weighted",2,"-0.008","0.015","  0.992","5.84e-01",NA,0.266027906,NA,0.004560594
"OR10X1","Lymphocyte","SCZ","Wald ratio",1,"-0.005","0.009","  0.995","5.85e-01",NA,NA,NA,0.004961521
"CECR4","Lymphocyte","SCZ","Wald ratio",1,"-0.053","0.096","  0.949","5.85e-01",NA,NA,NA,0.010564839
"CECR5","Lymphocyte","SCZ","Wald ratio",1,"-0.011","0.019","  0.989","5.85e-01",NA,NA,NA,0.010564839
"RASGRF1","Lymphocyte","SCZ","Wald ratio",1," 0.007","0.013","  1.007","5.85e-01",NA,NA,NA,0.005073936
"KRT5","Lymphocyte","SCZ","Wald ratio",1,"-0.010","0.018","  0.990","5.85e-01",NA,NA,NA,0.006955604
"PLD1","Lymphocyte","SCZ","Wald ratio",1," 0.040","0.074","  1.041","5.85e-01",NA,NA,NA,0.006955604
"WASF3","Lymphocyte","SCZ","Wald ratio",1," 0.158","0.289","  1.171","5.86e-01",NA,NA,NA,0.006328729
"DOCK10","Lymphocyte","SCZ","Inverse variance weighted",2,"-0.005","0.009","  0.995","5.86e-01",NA,0.671166603,NA,0.005589174
"ACCN1","Lymphocyte","SCZ","MR Egger",3,"-0.011","0.015","  0.989","5.87e-01",0.995189489,0.302903294,0.365600604,0.014748318
"FAM65B","Lymphocyte","SCZ","Wald ratio",1,"-0.005","0.010","  0.995","5.87e-01",NA,NA,NA,0.005295801
"IGF1R","Lymphocyte","SCZ","Weighted mode",3," 0.012","0.018","  1.012","5.87e-01",0.315631507,0.238731404,0.404007912,0.007029039
"WDR70","Lymphocyte","SCZ","Wald ratio",1,"-0.009","0.017","  0.991","5.88e-01",NA,NA,NA,0.007131842
"GALC","Lymphocyte","SCZ","Wald ratio",1," 0.013","0.025","  1.013","5.88e-01",NA,NA,NA,0.006883849
"GALC","Lymphocyte","SCZ","Wald ratio",1," 0.008","0.014","  1.008","5.88e-01",NA,NA,NA,0.006883849
"SKP1","Lymphocyte","SCZ","Wald ratio",1," 0.010","0.019","  1.010","5.88e-01",NA,NA,NA,0.010316614
"ALDH5A1","Lymphocyte","SCZ","Wald ratio",1," 0.031","0.057","  1.031","5.89e-01",NA,NA,NA,0.005002452
"TBC1D9","Lymphocyte","SCZ","Wald ratio",1,"-0.008","0.015","  0.992","5.89e-01",NA,NA,NA,0.004999702
"RNF150","Lymphocyte","SCZ","Wald ratio",1,"-0.062","0.114","  0.940","5.89e-01",NA,NA,NA,0.005001807
"BDH1","Lymphocyte","SCZ","Inverse variance weighted",2,"-0.005","0.010","  0.995","5.90e-01",NA,0.856724415,NA,0.005319058
"MYOM3","Lymphocyte","SCZ","Wald ratio",1," 0.006","0.011","  1.006","5.90e-01",NA,NA,NA,0.005113299
"FUCA2","Lymphocyte","SCZ","Wald ratio",1," 0.144","0.268","  1.155","5.90e-01",NA,NA,NA,0.005224749
"HOTAIR","Lymphocyte","SCZ","Wald ratio",1,"-0.025","0.047","  0.975","5.90e-01",NA,NA,NA,0.005224749
"HOXC10","Lymphocyte","SCZ","Wald ratio",1,"-0.027","0.051","  0.973","5.90e-01",NA,NA,NA,0.005224749
"GLIPR2","Lymphocyte","SCZ","Wald ratio",1,"-0.008","0.015","  0.992","5.91e-01",NA,NA,NA,0.006416307
"ADARB2","Lymphocyte","SCZ","Simple mode",4," 0.007","0.011","  1.007","5.91e-01",0.914381713,0.857169105,0.523118502,0.005321385
"PRDM5","Lymphocyte","SCZ","Wald ratio",1," 0.027","0.049","  1.027","5.91e-01",NA,NA,NA,0.009122269
"NKAIN3","Lymphocyte","SCZ","Wald ratio",1,"-0.007","0.012","  0.993","5.91e-01",NA,NA,NA,0.005336157
"PCNXL2","Lymphocyte","SCZ","Inverse variance weighted",2,"-0.015","0.029","  0.985","5.93e-01",NA,0.13000694,NA,0.016491266
"WDR69","Lymphocyte","SCZ","Wald ratio",1," 0.018","0.035","  1.019","5.93e-01",NA,NA,NA,0.004931137
"FAM125B","Lymphocyte","SCZ","Wald ratio",1," 0.005","0.009","  1.005","5.93e-01",NA,NA,NA,0.004930783
"C10orf81","Lymphocyte","SCZ","Wald ratio",1,"-0.005","0.009","  0.995","5.93e-01",NA,NA,NA,0.00504297
"ANKRD46","Lymphocyte","SCZ","Wald ratio",1," 0.007","0.013","  1.007","5.93e-01",NA,NA,NA,0.005042335
"TRIM78P","Lymphocyte","SCZ","Wald ratio",1," 0.006","0.012","  1.006","5.94e-01",NA,NA,NA,0.0051506
"TRIM34","Lymphocyte","SCZ","Wald ratio",1," 0.005","0.009","  1.005","5.94e-01",NA,NA,NA,0.005135174
"OPRK1","Lymphocyte","SCZ","Wald ratio",1," 0.010","0.018","  1.010","5.94e-01",NA,NA,NA,0.008540968
"NXN","Lymphocyte","SCZ","Weighted median",4," 0.004","0.008","  1.004","5.94e-01",0.196496776,0.165156695,0.399198548,0.00508947
"THSD4","Lymphocyte","SCZ","Inverse variance weighted",2," 0.005","0.009","  1.005","5.94e-01",NA,0.94647582,NA,0.005575241
"ATXN10","Lymphocyte","SCZ","Wald ratio",1,"-0.079","0.148","  0.924","5.94e-01",NA,NA,NA,0.005266525
"CRIP3","Lymphocyte","SCZ","Wald ratio",1," 0.063","0.119","  1.065","5.94e-01",NA,NA,NA,0.007920908
"ADAMTS3","Lymphocyte","SCZ","Wald ratio",1,"-0.085","0.159","  0.919","5.95e-01",NA,NA,NA,0.005376735
"TMEM168","Lymphocyte","SCZ","Wald ratio",1,"-0.010","0.018","  0.990","5.95e-01",NA,NA,NA,0.005489925
"CTAGE5","Lymphocyte","SCZ","Wald ratio",1,"-0.011","0.021","  0.989","5.95e-01",NA,NA,NA,0.00909026
"AEN","Lymphocyte","SCZ","Wald ratio",1," 0.006","0.011","  1.006","5.95e-01",NA,NA,NA,0.005601566
"LOC100190940","Lymphocyte","SCZ","Wald ratio",1," 0.016","0.029","  1.016","5.96e-01",NA,NA,NA,0.005599038
"COL5A1","Lymphocyte","SCZ","Inverse variance weighted",2," 0.004","0.008","  1.004","5.96e-01",NA,0.707841789,NA,0.005758516
"PGBD5","Lymphocyte","SCZ","Wald ratio",1," 0.006","0.012","  1.006","5.97e-01",NA,NA,NA,0.004971529
"MAP1B","Lymphocyte","SCZ","Wald ratio",1," 0.014","0.027","  1.014","5.97e-01",NA,NA,NA,0.006158393
"NALCN","Lymphocyte","SCZ","Wald ratio",1," 0.006","0.011","  1.006","5.98e-01",NA,NA,NA,0.005083094
"CDH13","Lymphocyte","SCZ","Inverse variance weighted",3,"-0.009","0.018","  0.991","5.99e-01",0.001372666,0.001343036,0.684927917,0.737456535
"WNT16","Lymphocyte","SCZ","Wald ratio",1,"-0.005","0.010","  0.995","5.99e-01",NA,NA,NA,0.005587232
"TMEM132E","Lymphocyte","SCZ","Wald ratio",1," 0.126","0.240","  1.134","6.00e-01",NA,NA,NA,0.006823803
"KCNMA1","Lymphocyte","SCZ","Simple mode",5," 0.004","0.008","  1.005","6.00e-01",0.186196973,0.084281015,0.241580302,0.005215786
"DOCK1","Lymphocyte","SCZ","Inverse variance weighted",2,"-0.011","0.020","  0.990","6.00e-01",NA,0.20254888,NA,0.009609385
"SERPINE2","Lymphocyte","SCZ","Wald ratio",1,"-0.008","0.015","  0.992","6.00e-01",NA,NA,NA,0.004632114
"NAV2","Lymphocyte","SCZ","Simple mode",3," 0.007","0.011","  1.007","6.00e-01",0.216795373,0.466358531,0.993837592,0.007205409
"RNF139","Lymphocyte","SCZ","Wald ratio",1,"-0.009","0.017","  0.991","6.01e-01",NA,NA,NA,0.004900958
"SPRR1B","Lymphocyte","SCZ","Wald ratio",1,"-0.005","0.010","  0.995","6.01e-01",NA,NA,NA,0.004900884
"MUC2","Lymphocyte","SCZ","Wald ratio",1,"-0.010","0.020","  0.990","6.01e-01",NA,NA,NA,0.008770074
"COLEC11","Lymphocyte","SCZ","Wald ratio",1,"-0.008","0.015","  0.992","6.01e-01",NA,NA,NA,0.007600745
"JOSD1","Lymphocyte","SCZ","Wald ratio",1,"-0.005","0.010","  0.995","6.01e-01",NA,NA,NA,0.005124691
"KCNQ1","Lymphocyte","SCZ","Simple mode",4,"-0.005","0.009","  0.995","6.02e-01",0.677217799,0.435363328,0.297453356,0.004983474
"TNFSF4","Lymphocyte","SCZ","Wald ratio",1," 0.006","0.012","  1.006","6.02e-01",NA,NA,NA,0.005235602
"PRKAG2","Lymphocyte","SCZ","Inverse variance weighted",4," 0.004","0.007","  1.004","6.02e-01",0.615491502,0.806951215,0.946332164,0.005998156
"SMYD3","Lymphocyte","SCZ","Inverse variance weighted",3,"-0.006","0.011","  0.994","6.02e-01",0.15420175,0.096556747,0.458015043,0.004846597
"PGAP2","Lymphocyte","SCZ","Wald ratio",1," 0.017","0.033","  1.017","6.03e-01",NA,NA,NA,0.005571675
"PMM2","Lymphocyte","SCZ","Wald ratio",1,"-0.007","0.013","  0.993","6.03e-01",NA,NA,NA,0.006864645
"TMEM186","Lymphocyte","SCZ","Wald ratio",1,"-0.006","0.012","  0.994","6.03e-01",NA,NA,NA,0.006864645
"CARHSP1","Lymphocyte","SCZ","Wald ratio",1,"-0.009","0.018","  0.991","6.03e-01",NA,NA,NA,0.006863567
"MSH3","Lymphocyte","SCZ","Wald ratio",1," 0.006","0.011","  1.006","6.03e-01",NA,NA,NA,0.005569911
"DHFR","Lymphocyte","SCZ","Wald ratio",1," 0.006","0.011","  1.006","6.03e-01",NA,NA,NA,0.005569911
"PHOX2B","Lymphocyte","SCZ","Wald ratio",1,"-0.017","0.033","  0.983","6.03e-01",NA,NA,NA,0.007086836
"ODZ3","Lymphocyte","SCZ","Weighted median",3,"-0.005","0.009","  0.995","6.03e-01",0.921128434,0.633441805,0.51616671,0.005602851
"HECW1","Lymphocyte","SCZ","Inverse variance weighted",2,"-0.008","0.016","  0.992","6.03e-01",NA,0.340706323,NA,0.014021254
"IL2RA","Lymphocyte","SCZ","Wald ratio",1,"-0.008","0.016","  0.992","6.03e-01",NA,NA,NA,0.008703476
"LY96","Lymphocyte","SCZ","Wald ratio",1," 0.027","0.052","  1.027","6.03e-01",NA,NA,NA,0.007196824
"CUX1","Lymphocyte","SCZ","Wald ratio",1,"-0.006","0.011","  0.994","6.04e-01",NA,NA,NA,0.0060179
"MTMR7","Lymphocyte","SCZ","Wald ratio",1," 0.006","0.012","  1.006","6.04e-01",NA,NA,NA,0.006017901
"OPCML","Lymphocyte","SCZ","Weighted median",4," 0.004","0.009","  1.004","6.04e-01",0.476196929,0.182106939,0.207412219,0.009416634
"WWTR1","Lymphocyte","SCZ","Wald ratio",1," 0.006","0.012","  1.006","6.05e-01",NA,NA,NA,0.006462191
"LOC285696","Lymphocyte","SCZ","Wald ratio",1,"-0.007","0.014","  0.993","6.05e-01",NA,NA,NA,0.004942072
"C4orf26","Lymphocyte","SCZ","Wald ratio",1," 0.006","0.011","  1.006","6.05e-01",NA,NA,NA,0.004942068
"FAM57A","Lymphocyte","SCZ","Wald ratio",1,"-0.012","0.024","  0.988","6.05e-01",NA,NA,NA,0.004942072
"HCRTR2","Lymphocyte","SCZ","Wald ratio",1,"-0.007","0.014","  0.993","6.06e-01",NA,NA,NA,0.005277679
"SFRS13B","Lymphocyte","SCZ","Wald ratio",1,"-0.005","0.011","  0.995","6.06e-01",NA,NA,NA,0.005389442
"DKK2","Lymphocyte","SCZ","Wald ratio",1," 0.170","0.330","  1.185","6.06e-01",NA,NA,NA,0.005612842
"NAV1","Lymphocyte","SCZ","Weighted mode",3," 0.015","0.025","  1.015","6.06e-01",0.62194921,0.762935252,0.681878518,0.009264543
"SSTR1","Lymphocyte","SCZ","Inverse variance weighted",2,"-0.012","0.023","  0.988","6.06e-01",NA,0.245970297,NA,0.007109035
"SRC","Lymphocyte","SCZ","Wald ratio",1," 0.024","0.046","  1.024","6.06e-01",NA,NA,NA,0.005499713
"OXR1","Lymphocyte","SCZ","Wald ratio",1," 0.008","0.016","  1.008","6.07e-01",NA,NA,NA,0.007458857
"TMC5","Lymphocyte","SCZ","Wald ratio",1," 0.009","0.018","  1.009","6.07e-01",NA,NA,NA,0.005611101
"TNS1","Lymphocyte","SCZ","Inverse variance weighted",2,"-0.009","0.018","  0.991","6.07e-01",NA,0.256719387,NA,0.004497444
"CREB3L3","Lymphocyte","SCZ","Wald ratio",1," 0.074","0.143","  1.076","6.07e-01",NA,NA,NA,0.005833728
"UNC80","Lymphocyte","SCZ","Wald ratio",1," 0.042","0.083","  1.043","6.09e-01",NA,NA,NA,0.009553807
"ODZ3","Lymphocyte","SCZ","Weighted mode",3,"-0.006","0.010","  0.994","6.09e-01",0.921128434,0.633441805,0.51616671,0.005602851
"LMO1","Lymphocyte","SCZ","Wald ratio",1," 0.092","0.180","  1.096","6.09e-01",NA,NA,NA,0.00509531
"ACBD7","Lymphocyte","SCZ","Inverse variance weighted",2," 0.012","0.024","  1.012","6.10e-01",NA,0.125339737,NA,0.020848913
"KCNMA1","Lymphocyte","SCZ","Weighted mode",5," 0.005","0.008","  1.005","6.10e-01",0.186196973,0.084281015,0.241580302,0.005215786
"IRX4","Lymphocyte","SCZ","Wald ratio",1,"-0.020","0.039","  0.980","6.10e-01",NA,NA,NA,0.00576582
"KLF11","Lymphocyte","SCZ","Wald ratio",1,"-0.112","0.220","  0.894","6.10e-01",NA,NA,NA,0.006211485
"CYS1","Lymphocyte","SCZ","Wald ratio",1,"-0.015","0.029","  0.986","6.10e-01",NA,NA,NA,0.006211485
"SSBP3","Lymphocyte","SCZ","Inverse variance weighted",2,"-0.016","0.031","  0.984","6.11e-01",NA,0.003094682,NA,0.004300976
"JPH2","Lymphocyte","SCZ","Wald ratio",1,"-0.024","0.048","  0.976","6.11e-01",NA,NA,NA,0.006876778
"ADAMTS2","Lymphocyte","SCZ","Inverse variance weighted",5,"-0.003","0.006","  0.997","6.12e-01",0.232631308,0.362007245,0.853106911,0.029479662
"TSC22D1","Lymphocyte","SCZ","Wald ratio",1," 0.012","0.023","  1.012","6.12e-01",NA,NA,NA,0.007430559
"ODZ4","Lymphocyte","SCZ","Inverse variance weighted",2,"-0.006","0.013","  0.994","6.13e-01",NA,0.769226734,NA,0.00622255
"KCNQ1","Lymphocyte","SCZ","Weighted mode",4,"-0.004","0.008","  0.996","6.13e-01",0.677217799,0.435363328,0.297453356,0.004983474
"RRM2","Lymphocyte","SCZ","Wald ratio",1," 0.023","0.046","  1.024","6.13e-01",NA,NA,NA,0.005472368
"A4GNT","Lymphocyte","SCZ","Wald ratio",1,"-0.009","0.018","  0.991","6.13e-01",NA,NA,NA,0.005248251
"ANAPC4","Lymphocyte","SCZ","Inverse variance weighted",2," 0.015","0.030","  1.015","6.14e-01",NA,0.475707601,NA,0.006894317
"IL21R","Lymphocyte","SCZ","Inverse variance weighted",2," 0.012","0.024","  1.012","6.14e-01",NA,0.735739625,NA,0.005501797
"CCDC85C","Lymphocyte","SCZ","Wald ratio",1,"-0.012","0.023","  0.989","6.14e-01",NA,NA,NA,0.007694922
"CUEDC2","Lymphocyte","SCZ","Wald ratio",1," 0.007","0.013","  1.007","6.14e-01",NA,NA,NA,0.007140072
"NR1D2","Lymphocyte","SCZ","Wald ratio",1,"-0.118","0.235","  0.889","6.15e-01",NA,NA,NA,0.009455316
"LDHC","Lymphocyte","SCZ","Wald ratio",1,"-0.006","0.012","  0.994","6.17e-01",NA,NA,NA,0.006405617
"LDHAL6A","Lymphocyte","SCZ","Wald ratio",1,"-0.007","0.015","  0.993","6.17e-01",NA,NA,NA,0.006405617
"UNC13D","Lymphocyte","SCZ","Wald ratio",1,"-0.007","0.014","  0.993","6.17e-01",NA,NA,NA,0.005178803
"C3orf15","Lymphocyte","SCZ","Wald ratio",1," 0.016","0.032","  1.016","6.17e-01",NA,NA,NA,0.006737366
"PCGF5","Lymphocyte","SCZ","Wald ratio",1," 0.033","0.066","  1.034","6.17e-01",NA,NA,NA,0.010481032
"TRAPPC9","Lymphocyte","SCZ","Simple mode",4," 0.006","0.011","  1.006","6.18e-01",0.746751439,0.823670025,0.626995893,0.006639039
"SLC35F3","Lymphocyte","SCZ","Weighted mode",3,"-0.006","0.010","  0.994","6.19e-01",0.434159619,0.318892395,0.418880783,0.005830599
"TARP","Lymphocyte","SCZ","Wald ratio",1,"-0.012","0.025","  0.988","6.19e-01",NA,NA,NA,0.008659382
"SLCO5A1","Lymphocyte","SCZ","Inverse variance weighted",2,"-0.005","0.011","  0.995","6.19e-01",NA,0.373195974,NA,0.004737839
"RORA","Lymphocyte","SCZ","Simple mode",4,"-0.007","0.012","  0.993","6.20e-01",0.069013893,0.045675333,0.422938487,0.011188699
"PDIA2","Lymphocyte","SCZ","Wald ratio",1,"-0.007","0.014","  0.993","6.20e-01",NA,NA,NA,0.006100395
"AXIN1","Lymphocyte","SCZ","Wald ratio",1,"-0.015","0.029","  0.985","6.20e-01",NA,NA,NA,0.006113877
"NLRP7","Lymphocyte","SCZ","Wald ratio",1,"-0.007","0.015","  0.993","6.20e-01",NA,NA,NA,0.006002392
"PODNL1","Lymphocyte","SCZ","Wald ratio",1,"-0.013","0.027","  0.987","6.20e-01",NA,NA,NA,0.006002392
"C19orf57","Lymphocyte","SCZ","Wald ratio",1,"-0.039","0.079","  0.962","6.20e-01",NA,NA,NA,0.006002392
"MIR181C","Lymphocyte","SCZ","Wald ratio",1,"-0.014","0.029","  0.986","6.20e-01",NA,NA,NA,0.006002392
"PODNL1","Lymphocyte","SCZ","Wald ratio",1,"-0.016","0.032","  0.984","6.20e-01",NA,NA,NA,0.006001494
"NANOS3","Lymphocyte","SCZ","Wald ratio",1,"-0.006","0.011","  0.994","6.20e-01",NA,NA,NA,0.005998793
"FAM60A","Lymphocyte","SCZ","Wald ratio",1,"-0.005","0.011","  0.995","6.20e-01",NA,NA,NA,0.005779288
"PDLIM5","Lymphocyte","SCZ","Wald ratio",1," 0.006","0.012","  1.006","6.21e-01",NA,NA,NA,0.00622255
"C6orf167","Lymphocyte","SCZ","Wald ratio",1,"-0.133","0.269","  0.875","6.21e-01",NA,NA,NA,0.005442531
"EYA1","Lymphocyte","SCZ","Wald ratio",1," 0.006","0.012","  1.006","6.21e-01",NA,NA,NA,0.005888156
"SSBP2","Lymphocyte","SCZ","Wald ratio",1,"-0.012","0.023","  0.988","6.21e-01",NA,NA,NA,0.010455867
"SLC35F1","Lymphocyte","SCZ","Wald ratio",1," 0.005","0.010","  1.005","6.21e-01",NA,NA,NA,0.00533256
"STARD10","Lymphocyte","SCZ","Wald ratio",1," 0.005","0.011","  1.005","6.21e-01",NA,NA,NA,0.005108873
"ARAP1","Lymphocyte","SCZ","Wald ratio",1," 0.005","0.010","  1.005","6.21e-01",NA,NA,NA,0.005108873
"C8orf42","Lymphocyte","SCZ","Wald ratio",1," 0.005","0.010","  1.005","6.21e-01",NA,NA,NA,0.004997071
"ADARB2","Lymphocyte","SCZ","Weighted median",4," 0.004","0.009","  1.004","6.21e-01",0.914381713,0.857169105,0.523118502,0.005321385
"NXN","Lymphocyte","SCZ","Weighted mode",4," 0.005","0.009","  1.005","6.22e-01",0.196496776,0.165156695,0.399198548,0.00508947
"NTN1","Lymphocyte","SCZ","Inverse variance weighted",2,"-0.009","0.018","  0.991","6.23e-01",NA,0.224828408,NA,0.004976083
"PREX1","Lymphocyte","SCZ","Wald ratio",1," 0.012","0.025","  1.012","6.23e-01",NA,NA,NA,0.006600215
"GPR155","Lymphocyte","SCZ","Wald ratio",1," 0.054","0.110","  1.056","6.23e-01",NA,NA,NA,0.006489249
"KIAA1217","Lymphocyte","SCZ","MR Egger",3,"-0.038","0.057","  0.962","6.23e-01",0.032635259,0.077009506,0.785019335,0.06347791
"FXYD6","Lymphocyte","SCZ","Wald ratio",1,"-0.035","0.071","  0.966","6.24e-01",NA,NA,NA,0.005818874
"FXYD2","Lymphocyte","SCZ","Wald ratio",1,"-0.012","0.025","  0.988","6.24e-01",NA,NA,NA,0.005819675
"UBE2E2","Lymphocyte","SCZ","Inverse variance weighted",2,"-0.012","0.024","  0.988","6.25e-01",NA,0.014939126,NA,0.021311058
"C17orf104","Lymphocyte","SCZ","Wald ratio",1,"-0.023","0.046","  0.978","6.26e-01",NA,NA,NA,0.006751709
"FCHO1","Lymphocyte","SCZ","Wald ratio",1," 0.017","0.034","  1.017","6.26e-01",NA,NA,NA,0.008783986
"CAMK2D","Lymphocyte","SCZ","Wald ratio",1," 0.014","0.029","  1.014","6.27e-01",NA,NA,NA,0.010141904
"FLJ20184","Lymphocyte","SCZ","Wald ratio",1,"-0.005","0.011","  0.995","6.27e-01",NA,NA,NA,0.005708897
"FRMD4A","Lymphocyte","SCZ","Inverse variance weighted",2,"-0.019","0.039","  0.981","6.27e-01",NA,0.064911116,NA,0.005943031
"C9orf135","Lymphocyte","SCZ","Wald ratio",1," 0.011","0.023","  1.011","6.28e-01",NA,NA,NA,0.007459302
"ENPEP","Lymphocyte","SCZ","Wald ratio",1,"-0.007","0.014","  0.993","6.28e-01",NA,NA,NA,0.007305073
"COL4A2","Lymphocyte","SCZ","Weighted mode",3," 0.005","0.009","  1.005","6.28e-01",0.845824524,0.904957285,0.756446747,0.006639513
"ANKRD55","Lymphocyte","SCZ","Wald ratio",1,"-0.005","0.010","  0.995","6.28e-01",NA,NA,NA,0.005416403
"ELOVL6","Lymphocyte","SCZ","Wald ratio",1," 0.116","0.239","  1.123","6.29e-01",NA,NA,NA,0.005081799
"GLT1D1","Lymphocyte","SCZ","Wald ratio",1," 0.005","0.010","  1.005","6.29e-01",NA,NA,NA,0.005081637
"SPNS3","Lymphocyte","SCZ","Wald ratio",1,"-0.006","0.013","  0.994","6.29e-01",NA,NA,NA,0.006793827
"WDR81","Lymphocyte","SCZ","Wald ratio",1,"-0.159","0.330","  0.853","6.29e-01",NA,NA,NA,0.004969779
"SERPINF1","Lymphocyte","SCZ","Wald ratio",1,"-0.005","0.011","  0.995","6.29e-01",NA,NA,NA,0.004969779
"SMYD4","Lymphocyte","SCZ","Wald ratio",1,"-0.005","0.011","  0.995","6.29e-01",NA,NA,NA,0.004969779
"PLA2G5","Lymphocyte","SCZ","Wald ratio",1,"-0.005","0.011","  0.995","6.29e-01",NA,NA,NA,0.004858503
"ICK","Lymphocyte","SCZ","Wald ratio",1,"-0.400","0.830","  0.670","6.30e-01",NA,NA,NA,0.009195966
"GCM1","Lymphocyte","SCZ","Wald ratio",1,"-0.013","0.026","  0.988","6.30e-01",NA,NA,NA,0.009197859
"VEZF1","Lymphocyte","SCZ","Wald ratio",1,"-0.009","0.018","  0.991","6.30e-01",NA,NA,NA,0.008977692
"EMID1","Lymphocyte","SCZ","Wald ratio",1," 0.009","0.018","  1.009","6.31e-01",NA,NA,NA,0.009459552
"C11orf36","Lymphocyte","SCZ","Wald ratio",1,"-0.006","0.012","  0.994","6.32e-01",NA,NA,NA,0.0053474
"MRGPRG","Lymphocyte","SCZ","Wald ratio",1,"-0.007","0.015","  0.993","6.32e-01",NA,NA,NA,0.0053474
"GSDMD","Lymphocyte","SCZ","Wald ratio",1," 0.311","0.650","  1.365","6.32e-01",NA,NA,NA,0.006504767
"ZC3H3","Lymphocyte","SCZ","Wald ratio",1," 0.006","0.012","  1.006","6.32e-01",NA,NA,NA,0.006504767
"CCDC91","Lymphocyte","SCZ","Wald ratio",1,"-0.005","0.011","  0.995","6.32e-01",NA,NA,NA,0.005035769
"SLC45A4","Lymphocyte","SCZ","Wald ratio",1,"-0.008","0.016","  0.993","6.33e-01",NA,NA,NA,0.007544127
"UBAC2","Lymphocyte","SCZ","Wald ratio",1," 0.010","0.021","  1.010","6.33e-01",NA,NA,NA,0.004900488
"LHFP","Lymphocyte","SCZ","Wald ratio",1,"-0.005","0.010","  0.995","6.33e-01",NA,NA,NA,0.004714104
"DNAH5","Lymphocyte","SCZ","Wald ratio",1," 0.005","0.011","  1.005","6.34e-01",NA,NA,NA,0.005946679
"FAM83A","Lymphocyte","SCZ","Wald ratio",1,"-0.025","0.052","  0.975","6.34e-01",NA,NA,NA,0.008247529
"FAM83A","Lymphocyte","SCZ","Wald ratio",1,"-0.008","0.017","  0.992","6.34e-01",NA,NA,NA,0.008247529
"VPREB1","Lymphocyte","SCZ","Wald ratio",1,"-0.073","0.154","  0.929","6.34e-01",NA,NA,NA,0.010198573
"TNIP3","Lymphocyte","SCZ","Wald ratio",1,"-0.005","0.010","  0.995","6.35e-01",NA,NA,NA,0.005613638
"BCAR3","Lymphocyte","SCZ","Wald ratio",1," 0.013","0.028","  1.013","6.35e-01",NA,NA,NA,0.005612841
"RAP1GAP2","Lymphocyte","SCZ","Inverse variance weighted",2,"-0.020","0.042","  0.980","6.36e-01",NA,0.007520648,NA,0.253706428
"CCR5","Lymphocyte","SCZ","Wald ratio",1,"-0.020","0.042","  0.980","6.36e-01",NA,NA,NA,0.005167047
"DOCK5","Lymphocyte","SCZ","Inverse variance weighted",2,"-0.004","0.008","  0.996","6.36e-01",NA,0.55523861,NA,0.004284841
"OSBPL6","Lymphocyte","SCZ","Wald ratio",1," 0.006","0.013","  1.006","6.37e-01",NA,NA,NA,0.006098863
"EML3","Lymphocyte","SCZ","Wald ratio",1,"-0.034","0.072","  0.966","6.37e-01",NA,NA,NA,0.004943877
"C11orf48","Lymphocyte","SCZ","Wald ratio",1,"-0.005","0.010","  0.995","6.37e-01",NA,NA,NA,0.004943877
"LOC100289341","Lymphocyte","SCZ","Wald ratio",1,"-0.013","0.027","  0.987","6.37e-01",NA,NA,NA,0.004943263
"UAP1L1","Lymphocyte","SCZ","Wald ratio",1,"-0.014","0.031","  0.986","6.37e-01",NA,NA,NA,0.004943263
"B3GNTL1","Lymphocyte","SCZ","Wald ratio",1," 0.005","0.011","  1.005","6.38e-01",NA,NA,NA,0.00565556
"CIITA","Lymphocyte","SCZ","Wald ratio",1,"-0.046","0.098","  0.955","6.38e-01",NA,NA,NA,0.005544754
"CCDC85A","Lymphocyte","SCZ","Inverse variance weighted",2,"-0.005","0.011","  0.995","6.38e-01",NA,0.993424478,NA,0.005146621
"C12orf72","Lymphocyte","SCZ","Wald ratio",1," 0.005","0.010","  1.005","6.39e-01",NA,NA,NA,0.005432822
"C22orf15","Lymphocyte","SCZ","Wald ratio",1," 0.082","0.176","  1.086","6.40e-01",NA,NA,NA,0.009297835
"PRKAG2","Lymphocyte","SCZ","Weighted median",4," 0.004","0.008","  1.004","6.40e-01",0.615491502,0.806951215,0.946332164,0.005998156
"NBLA00301","Lymphocyte","SCZ","Wald ratio",1,"-0.005","0.010","  0.995","6.40e-01",NA,NA,NA,0.005097988
"HAND2","Lymphocyte","SCZ","Wald ratio",1,"-0.098","0.209","  0.907","6.40e-01",NA,NA,NA,0.005097959
"TSEN34","Lymphocyte","SCZ","Wald ratio",1," 0.019","0.040","  1.019","6.41e-01",NA,NA,NA,0.004986806
"RPS9","Lymphocyte","SCZ","Wald ratio",1," 0.010","0.021","  1.010","6.41e-01",NA,NA,NA,0.004986806
"RCSD1","Lymphocyte","SCZ","Wald ratio",1,"-0.006","0.012","  0.994","6.41e-01",NA,NA,NA,0.004986806
"DSP","Lymphocyte","SCZ","Wald ratio",1,"-0.005","0.011","  0.995","6.41e-01",NA,NA,NA,0.0049862
"NAV2","Lymphocyte","SCZ","Weighted mode",3," 0.005","0.009","  1.005","6.41e-01",0.216795373,0.466358531,0.993837592,0.007205409
"MAGI2","Lymphocyte","SCZ","Weighted median",3," 0.007","0.016","  1.007","6.41e-01",0.495564837,0.757675098,0.813889487,0.005373086
"BEAN","Lymphocyte","SCZ","Wald ratio",1,"-0.016","0.035","  0.984","6.42e-01",NA,NA,NA,0.006299129
"A4GALT","Lymphocyte","SCZ","Inverse variance weighted",2,"-0.025","0.054","  0.975","6.42e-01",NA,0.329496646,NA,0.005556442
"TRIM21","Lymphocyte","SCZ","Wald ratio",1," 0.014","0.030","  1.014","6.42e-01",NA,NA,NA,0.007007501
"SLC6A7","Lymphocyte","SCZ","Wald ratio",1," 0.039","0.084","  1.040","6.44e-01",NA,NA,NA,0.009272321
"CREB5","Lymphocyte","SCZ","Inverse variance weighted",2," 0.008","0.016","  1.008","6.45e-01",NA,0.891883134,NA,0.006737251
"IGF2BP1","Lymphocyte","SCZ","Wald ratio",1," 0.006","0.012","  1.006","6.46e-01",NA,NA,NA,0.004806704
"HAL","Lymphocyte","SCZ","Wald ratio",1," 0.006","0.012","  1.006","6.46e-01",NA,NA,NA,0.005518821
"CXCL13","Lymphocyte","SCZ","Wald ratio",1," 0.006","0.012","  1.006","6.46e-01",NA,NA,NA,0.006228988
"KRTAP7-1","Lymphocyte","SCZ","Wald ratio",1,"-0.005","0.010","  0.995","6.46e-01",NA,NA,NA,0.004805694
"KRTAP8-1","Lymphocyte","SCZ","Wald ratio",1,"-0.005","0.010","  0.995","6.46e-01",NA,NA,NA,0.004041773
"BMPR1A","Lymphocyte","SCZ","Wald ratio",1," 0.014","0.031","  1.015","6.46e-01",NA,NA,NA,0.005407462
"CD2AP","Lymphocyte","SCZ","Wald ratio",1," 0.006","0.012","  1.006","6.46e-01",NA,NA,NA,0.005407462
"STAT3","Lymphocyte","SCZ","Wald ratio",1,"-0.009","0.019","  0.991","6.47e-01",NA,NA,NA,0.005295898
"NCOR2","Lymphocyte","SCZ","Weighted median",4,"-0.004","0.009","  0.996","6.48e-01",0.759512807,0.675231836,0.426455442,0.003217722
"HK1","Lymphocyte","SCZ","Wald ratio",1," 0.005","0.012","  1.005","6.48e-01",NA,NA,NA,0.005673281
"VASH1","Lymphocyte","SCZ","Wald ratio",1,"-0.006","0.012","  0.995","6.49e-01",NA,NA,NA,0.005450706
"GDEP","Lymphocyte","SCZ","Wald ratio",1," 0.007","0.015","  1.007","6.50e-01",NA,NA,NA,0.006539319
"KIAA1549","Lymphocyte","SCZ","Wald ratio",1,"-0.027","0.060","  0.973","6.50e-01",NA,NA,NA,0.005939906
"MGLL","Lymphocyte","SCZ","Wald ratio",1," 0.023","0.050","  1.023","6.50e-01",NA,NA,NA,0.004738408
"CYB561","Lymphocyte","SCZ","Wald ratio",1,"-0.004","0.010","  0.996","6.50e-01",NA,NA,NA,0.004505034
"GNAI3","Lymphocyte","SCZ","Wald ratio",1," 0.005","0.011","  1.005","6.50e-01",NA,NA,NA,0.005938914
"CBR3","Lymphocyte","SCZ","Wald ratio",1,"-0.049","0.108","  0.952","6.50e-01",NA,NA,NA,0.007024831
"ODZ3","Lymphocyte","SCZ","Simple mode",3,"-0.006","0.012","  0.994","6.52e-01",0.921128434,0.633441805,0.51616671,0.005602851
"COL18A1","Lymphocyte","SCZ","Inverse variance weighted",2,"-0.006","0.014","  0.994","6.53e-01",NA,0.402291864,NA,0.00639622
"C2orf63","Lymphocyte","SCZ","Wald ratio",1," 0.006","0.013","  1.006","6.53e-01",NA,NA,NA,0.005494143
"C2orf63","Lymphocyte","SCZ","Wald ratio",1," 0.042","0.094","  1.043","6.53e-01",NA,NA,NA,0.005494143
"APBA1","Lymphocyte","SCZ","Wald ratio",1,"-0.033","0.074","  0.967","6.53e-01",NA,NA,NA,0.005494082
"SLC1A2","Lymphocyte","SCZ","Wald ratio",1,"-0.004","0.010","  0.996","6.53e-01",NA,NA,NA,0.004893496
"MIR1207","Lymphocyte","SCZ","Wald ratio",1," 0.007","0.017","  1.007","6.53e-01",NA,NA,NA,0.004892515
"OR2L13","Lymphocyte","SCZ","Wald ratio",1," 0.005","0.010","  1.005","6.53e-01",NA,NA,NA,0.004892515
"PDGFB","Lymphocyte","SCZ","Wald ratio",1," 0.006","0.014","  1.006","6.53e-01",NA,NA,NA,0.005382608
"PTPRD","Lymphocyte","SCZ","Wald ratio",1,"-0.005","0.012","  0.995","6.54e-01",NA,NA,NA,0.00636028
"PIM1","Lymphocyte","SCZ","Wald ratio",1," 0.154","0.343","  1.166","6.54e-01",NA,NA,NA,0.005269851
"MORN1","Lymphocyte","SCZ","Inverse variance weighted",2," 0.004","0.008","  1.004","6.55e-01",NA,0.85931236,NA,0.004549428
"ADAMTSL1","Lymphocyte","SCZ","Wald ratio",1,"-0.005","0.011","  0.995","6.55e-01",NA,NA,NA,0.005649089
"STEAP2","Lymphocyte","SCZ","Wald ratio",1,"-0.006","0.013","  0.994","6.55e-01",NA,NA,NA,0.005649091
"DPY19L2P4","Lymphocyte","SCZ","Wald ratio",1,"-0.056","0.126","  0.945","6.55e-01",NA,NA,NA,0.005648009
"CLIP3","Lymphocyte","SCZ","Wald ratio",1,"-0.004","0.010","  0.996","6.56e-01",NA,NA,NA,0.003329013
"TBCB","Lymphocyte","SCZ","Wald ratio",1,"-0.005","0.010","  0.995","6.56e-01",NA,NA,NA,0.005047808
"FXYD1","Lymphocyte","SCZ","Wald ratio",1," 0.006","0.014","  1.006","6.57e-01",NA,NA,NA,0.004937008
"FXYD3","Lymphocyte","SCZ","Wald ratio",1," 0.005","0.010","  1.005","6.57e-01",NA,NA,NA,0.00493711
"FXYD1","Lymphocyte","SCZ","Wald ratio",1," 0.005","0.011","  1.005","6.57e-01",NA,NA,NA,0.004936404
"ADARB1","Lymphocyte","SCZ","Wald ratio",1,"-0.009","0.021","  0.991","6.57e-01",NA,NA,NA,0.010590671
"CBLL1","Lymphocyte","SCZ","Wald ratio",1," 0.005","0.011","  1.005","6.57e-01",NA,NA,NA,0.004825599
"IL16","Lymphocyte","SCZ","Wald ratio",1,"-0.009","0.020","  0.991","6.58e-01",NA,NA,NA,0.005314646
"STARD5","Lymphocyte","SCZ","Wald ratio",1,"-0.005","0.012","  0.995","6.58e-01",NA,NA,NA,0.005314646
"SCN4B","Lymphocyte","SCZ","Wald ratio",1," 0.087","0.196","  1.090","6.58e-01",NA,NA,NA,0.004824443
"CAMK1D","Lymphocyte","SCZ","Weighted mode",3,"-0.005","0.010","  0.995","6.58e-01",0.83686358,0.022493999,0.222249554,0.166381169
"ARHGEF10","Lymphocyte","SCZ","Weighted mode",3,"-0.006","0.011","  0.994","6.58e-01",0.291594082,0.230619844,0.42225751,0.00422806
"CCL25","Lymphocyte","SCZ","Wald ratio",1," 0.015","0.033","  1.015","6.58e-01",NA,NA,NA,0.005203664
"ELAVL1","Lymphocyte","SCZ","Wald ratio",1," 0.030","0.068","  1.030","6.58e-01",NA,NA,NA,0.005203664
"AIM1","Lymphocyte","SCZ","Wald ratio",1," 0.212","0.479","  1.236","6.59e-01",NA,NA,NA,0.00887127
"LRMP","Lymphocyte","SCZ","Wald ratio",1,"-0.004","0.010","  0.996","6.59e-01",NA,NA,NA,0.005091516
"FURIN","Lymphocyte","SCZ","Wald ratio",1,"-0.007","0.017","  0.993","6.60e-01",NA,NA,NA,0.005469988
"KLHL14","Lymphocyte","SCZ","Wald ratio",1,"-0.008","0.019","  0.992","6.60e-01",NA,NA,NA,0.004979904
"TOM1L1","Lymphocyte","SCZ","Wald ratio",1," 0.029","0.066","  1.030","6.61e-01",NA,NA,NA,0.00805702
"LARGE","Lymphocyte","SCZ","Wald ratio",1," 0.005","0.011","  1.005","6.61e-01",NA,NA,NA,0.004868262
"PDE6A","Lymphocyte","SCZ","Wald ratio",1,"-0.004","0.010","  0.996","6.61e-01",NA,NA,NA,0.004868262
"PXDN","Lymphocyte","SCZ","Inverse variance weighted",2," 0.005","0.011","  1.005","6.62e-01",NA,0.827699333,NA,0.005116867
"HS3ST3B1","Lymphocyte","SCZ","Inverse variance weighted",2,"-0.013","0.029","  0.987","6.62e-01",NA,0.957547253,NA,0.005512487
"WISP2","Lymphocyte","SCZ","Wald ratio",1,"-0.022","0.050","  0.978","6.62e-01",NA,NA,NA,0.005624943
"ANXA5","Lymphocyte","SCZ","Wald ratio",1," 0.415","0.950","  1.514","6.63e-01",NA,NA,NA,0.007225612
"LRRC32","Lymphocyte","SCZ","Wald ratio",1," 0.011","0.025","  1.011","6.63e-01",NA,NA,NA,0.005992433
"SVIL","Lymphocyte","SCZ","Wald ratio",1,"-0.131","0.300","  0.877","6.63e-01",NA,NA,NA,0.006379718
"SENP3","Lymphocyte","SCZ","Wald ratio",1," 0.006","0.013","  1.006","6.63e-01",NA,NA,NA,0.006378304
"MPDU1","Lymphocyte","SCZ","Wald ratio",1," 0.008","0.019","  1.008","6.63e-01",NA,NA,NA,0.006272811
"SOX15","Lymphocyte","SCZ","Wald ratio",1," 0.010","0.022","  1.010","6.63e-01",NA,NA,NA,0.006378304
"CLN8","Lymphocyte","SCZ","Wald ratio",1,"-0.006","0.014","  0.994","6.63e-01",NA,NA,NA,0.006378304
"TNFSF12","Lymphocyte","SCZ","Wald ratio",1," 0.020","0.045","  1.020","6.63e-01",NA,NA,NA,0.006378304
"PVT1","Lymphocyte","SCZ","Inverse variance weighted",2,"-0.004","0.009","  0.996","6.63e-01",NA,0.520730315,NA,0.004892515
"PDE4D","Lymphocyte","SCZ","MR Egger",3,"-0.030","0.051","  0.971","6.63e-01",0.004285729,0.013850963,0.861243467,0.029224154
"ANO2","Lymphocyte","SCZ","Wald ratio",1,"-0.011","0.026","  0.989","6.65e-01",NA,NA,NA,0.007394807
"ZADH2","Lymphocyte","SCZ","Wald ratio",1,"-0.018","0.041","  0.982","6.65e-01",NA,NA,NA,0.00776984
"TCF15","Lymphocyte","SCZ","Wald ratio",1," 0.010","0.024","  1.010","6.65e-01",NA,NA,NA,0.00566858
"GBP3","Lymphocyte","SCZ","Wald ratio",1," 0.005","0.011","  1.005","6.65e-01",NA,NA,NA,0.005668854
"SCNN1A","Lymphocyte","SCZ","Wald ratio",1," 0.005","0.012","  1.005","6.66e-01",NA,NA,NA,0.004800603
"RCL1","Lymphocyte","SCZ","Wald ratio",1," 0.013","0.031","  1.013","6.66e-01",NA,NA,NA,0.006689099
"KRT40","Lymphocyte","SCZ","Wald ratio",1," 0.009","0.020","  1.009","6.67e-01",NA,NA,NA,0.00631128
"HRNBP3","Lymphocyte","SCZ","MR Egger",3,"-0.019","0.033","  0.981","6.67e-01",0.691962783,0.687622315,0.582481175,0.004975114
"HBBP1","Lymphocyte","SCZ","Wald ratio",1," 0.011","0.025","  1.011","6.67e-01",NA,NA,NA,0.005068748
"LHPP","Lymphocyte","SCZ","Wald ratio",1,"-0.010","0.022","  0.990","6.67e-01",NA,NA,NA,0.008932318
"SRRM4","Lymphocyte","SCZ","Wald ratio",1,"-0.007","0.017","  0.993","6.67e-01",NA,NA,NA,0.005067817
"ZNF167","Lymphocyte","SCZ","Wald ratio",1,"-0.004","0.010","  0.996","6.67e-01",NA,NA,NA,0.005067817
"TNFAIP2","Lymphocyte","SCZ","Wald ratio",1,"-0.005","0.012","  0.995","6.68e-01",NA,NA,NA,0.006467285
"LOC643406","Lymphocyte","SCZ","Wald ratio",1,"-0.008","0.019","  0.992","6.68e-01",NA,NA,NA,0.009829259
"SPATA13","Lymphocyte","SCZ","Weighted mode",3,"-0.006","0.012","  0.994","6.68e-01",0.59277256,0.710825641,0.642201727,0.010894742
"CMTM8","Lymphocyte","SCZ","Wald ratio",1,"-0.004","0.010","  0.996","6.69e-01",NA,NA,NA,0.005224128
"TMEM51","Lymphocyte","SCZ","MR Egger",3," 0.026","0.045","  1.026","6.69e-01",0.162904606,0.230069343,0.605394839,0.012736339
"CIB3","Lymphocyte","SCZ","Wald ratio",1," 0.007","0.015","  1.007","6.69e-01",NA,NA,NA,0.005088841
"DAP","Lymphocyte","SCZ","Wald ratio",1,"-0.100","0.235","  0.905","6.70e-01",NA,NA,NA,0.005868052
"CDH22","Lymphocyte","SCZ","Wald ratio",1,"-0.005","0.012","  0.995","6.70e-01",NA,NA,NA,0.00468203
"EHMT1","Lymphocyte","SCZ","Wald ratio",1," 0.005","0.012","  1.005","6.70e-01",NA,NA,NA,0.005112875
"FCRL3","Lymphocyte","SCZ","Wald ratio",1," 0.005","0.012","  1.005","6.70e-01",NA,NA,NA,0.004734621
"METTL7B","Lymphocyte","SCZ","Wald ratio",1,"-0.026","0.060","  0.975","6.70e-01",NA,NA,NA,0.004734607
"ITGA7","Lymphocyte","SCZ","Wald ratio",1,"-0.010","0.025","  0.990","6.70e-01",NA,NA,NA,0.004734621
"LMCD1","Lymphocyte","SCZ","Wald ratio",1,"-0.006","0.015","  0.994","6.71e-01",NA,NA,NA,0.00473317
"GALNT9","Lymphocyte","SCZ","Wald ratio",1," 0.008","0.020","  1.008","6.72e-01",NA,NA,NA,0.00853746
"NOC4L","Lymphocyte","SCZ","Wald ratio",1," 0.007","0.017","  1.007","6.72e-01",NA,NA,NA,0.008537459
"AJAP1","Lymphocyte","SCZ","Simple mode",3,"-0.008","0.016","  0.992","6.72e-01",0.628953306,0.317330986,0.387247434,0.009487118
"PRKAG2","Lymphocyte","SCZ","Weighted mode",4," 0.004","0.009","  1.004","6.72e-01",0.615491502,0.806951215,0.946332164,0.005998156
"OLFM1","Lymphocyte","SCZ","Wald ratio",1,"-0.006","0.014","  0.994","6.72e-01",NA,NA,NA,0.006399162
"CDH12","Lymphocyte","SCZ","Inverse variance weighted",2,"-0.005","0.012","  0.995","6.73e-01",NA,0.076024049,NA,0.022021858
"CAMK1D","Lymphocyte","SCZ","Inverse variance weighted",3," 0.006","0.014","  1.006","6.74e-01",0.83686358,0.022493999,0.222249554,0.166381169
"CCDC113","Lymphocyte","SCZ","Wald ratio",1," 0.008","0.018","  1.008","6.74e-01",NA,NA,NA,0.00746075
"SLIT3","Lymphocyte","SCZ","Inverse variance weighted",4,"-0.003","0.006","  0.997","6.74e-01",0.171499316,0.317315206,0.99001218,0.00503292
"LYPD6B","Lymphocyte","SCZ","Wald ratio",1,"-0.004","0.009","  0.996","6.74e-01",NA,NA,NA,0.003562369
"ARHGEF7","Lymphocyte","SCZ","Wald ratio",1,"-0.005","0.012","  0.995","6.74e-01",NA,NA,NA,0.0047775
"FRAS1","Lymphocyte","SCZ","Wald ratio",1,"-0.004","0.009","  0.996","6.74e-01",NA,NA,NA,0.004760746
"PAX9","Lymphocyte","SCZ","Wald ratio",1,"-0.042","0.099","  0.959","6.75e-01",NA,NA,NA,0.005423175
"CAMTA1","Lymphocyte","SCZ","Weighted median",3,"-0.003","0.008","  0.997","6.75e-01",0.638046367,0.61718423,0.54692153,0.004404706
"MBNL2","Lymphocyte","SCZ","Wald ratio",1,"-0.004","0.010","  0.996","6.75e-01",NA,NA,NA,0.005034135
"SLC9A3","Lymphocyte","SCZ","Wald ratio",1," 0.004","0.009","  1.004","6.75e-01",NA,NA,NA,0.004667559
"EXOC3","Lymphocyte","SCZ","Wald ratio",1," 0.004","0.010","  1.004","6.75e-01",NA,NA,NA,0.004667559
"NCOR2","Lymphocyte","SCZ","Weighted mode",4,"-0.004","0.009","  0.996","6.75e-01",0.759512807,0.675231836,0.426455442,0.003217722
"TFAP2A","Lymphocyte","SCZ","Wald ratio",1,"-0.016","0.038","  0.984","6.76e-01",NA,NA,NA,0.006599307
"ARRDC2","Lymphocyte","SCZ","Wald ratio",1," 0.253","0.606","  1.288","6.76e-01",NA,NA,NA,0.005579058
"SLC2A8","Lymphocyte","SCZ","Wald ratio",1," 0.005","0.012","  1.005","6.78e-01",NA,NA,NA,0.00611116
"PIP5KL1","Lymphocyte","SCZ","Wald ratio",1,"-0.020","0.047","  0.981","6.78e-01",NA,NA,NA,0.006752624
"FAM102A","Lymphocyte","SCZ","Wald ratio",1,"-0.006","0.014","  0.994","6.78e-01",NA,NA,NA,0.006752624
"DPM2","Lymphocyte","SCZ","Wald ratio",1,"-0.006","0.014","  0.994","6.78e-01",NA,NA,NA,0.006752624
"FAM102A","Lymphocyte","SCZ","Wald ratio",1,"-0.006","0.015","  0.994","6.78e-01",NA,NA,NA,0.006752607
"FANCF","Lymphocyte","SCZ","Wald ratio",1," 0.139","0.336","  1.149","6.79e-01",NA,NA,NA,0.006532746
"GAS2","Lymphocyte","SCZ","Wald ratio",1," 0.009","0.022","  1.009","6.79e-01",NA,NA,NA,0.006532746
"STK24","Lymphocyte","SCZ","Wald ratio",1," 0.006","0.014","  1.006","6.79e-01",NA,NA,NA,0.004979124
"ST7","Lymphocyte","SCZ","Wald ratio",1," 0.008","0.018","  1.008","6.80e-01",NA,NA,NA,0.007328523
"CPEB2","Lymphocyte","SCZ","Wald ratio",1,"-0.005","0.012","  0.995","6.81e-01",NA,NA,NA,0.004867909
"GPC5","Lymphocyte","SCZ","Wald ratio",1,"-0.013","0.031","  0.987","6.81e-01",NA,NA,NA,0.005778772
"GPR133","Lymphocyte","SCZ","MR Egger",3," 0.024","0.044","  1.024","6.81e-01",0.233230445,0.304666456,0.56267515,0.00788765
"DAB1","Lymphocyte","SCZ","Inverse variance weighted",2,"-0.005","0.012","  0.995","6.82e-01",NA,0.468383272,NA,0.00531501
"KRT20","Lymphocyte","SCZ","Wald ratio",1," 0.007","0.018","  1.007","6.82e-01",NA,NA,NA,0.006163487
"PPAP2B","Lymphocyte","SCZ","Wald ratio",1,"-0.005","0.012","  0.995","6.83e-01",NA,NA,NA,0.005023715
"RFC5","Lymphocyte","SCZ","Wald ratio",1," 0.013","0.033","  1.013","6.83e-01",NA,NA,NA,0.005023715
"GRAMD2","Lymphocyte","SCZ","Wald ratio",1," 0.010","0.025","  1.010","6.83e-01",NA,NA,NA,0.008732615
"EIF2AK4","Lymphocyte","SCZ","Wald ratio",1," 0.005","0.012","  1.005","6.83e-01",NA,NA,NA,0.004931479
"SERPINB2","Lymphocyte","SCZ","Wald ratio",1,"-0.005","0.013","  0.995","6.83e-01",NA,NA,NA,0.005289627
"RNF219","Lymphocyte","SCZ","Wald ratio",1,"-0.038","0.093","  0.963","6.83e-01",NA,NA,NA,0.005289627
"LOC285768","Lymphocyte","SCZ","Wald ratio",1,"-0.006","0.016","  0.994","6.83e-01",NA,NA,NA,0.008138453
"HTRA3","Lymphocyte","SCZ","Wald ratio",1,"-0.005","0.011","  0.995","6.84e-01",NA,NA,NA,0.004645409
"CHIT1","Lymphocyte","SCZ","Wald ratio",1," 0.005","0.012","  1.005","6.84e-01",NA,NA,NA,0.004645409
"CDH23","Lymphocyte","SCZ","Inverse variance weighted",2,"-0.004","0.009","  0.996","6.84e-01",NA,0.405542632,NA,0.0049862
"SPRED2","Lymphocyte","SCZ","Wald ratio",1," 0.004","0.010","  1.004","6.84e-01",NA,NA,NA,0.004641315
"SPRED2","Lymphocyte","SCZ","Wald ratio",1," 0.030","0.075","  1.031","6.84e-01",NA,NA,NA,0.004643717
"NIPAL2","Lymphocyte","SCZ","Wald ratio",1," 0.008","0.021","  1.008","6.85e-01",NA,NA,NA,0.009894102
"EFR3A","Lymphocyte","SCZ","Wald ratio",1," 0.100","0.247","  1.105","6.85e-01",NA,NA,NA,0.005977172
"NIPSNAP1","Lymphocyte","SCZ","Wald ratio",1," 0.013","0.033","  1.013","6.86e-01",NA,NA,NA,0.008734878
"GUCY1B3","Lymphocyte","SCZ","Wald ratio",1,"-0.004","0.009","  0.996","6.86e-01",NA,NA,NA,0.004799869
"AP1S3","Lymphocyte","SCZ","Wald ratio",1,"-0.004","0.009","  0.996","6.86e-01",NA,NA,NA,0.004799872
"STAB2","Lymphocyte","SCZ","Wald ratio",1,"-0.005","0.012","  0.995","6.86e-01",NA,NA,NA,0.005601655
"LOC283050","Lymphocyte","SCZ","Wald ratio",1,"-0.005","0.012","  0.995","6.86e-01",NA,NA,NA,0.005581318
"RIN3","Lymphocyte","SCZ","Inverse variance weighted",2,"-0.005","0.012","  0.995","6.87e-01",NA,0.232074224,NA,0.01184464
"CCDC74B","Lymphocyte","SCZ","Wald ratio",1,"-0.004","0.011","  0.996","6.87e-01",NA,NA,NA,0.004690207
"ASGR2","Lymphocyte","SCZ","Wald ratio",1," 0.004","0.010","  1.004","6.87e-01",NA,NA,NA,0.004690207
"TUBA3E","Lymphocyte","SCZ","Wald ratio",1,"-0.004","0.009","  0.996","6.87e-01",NA,NA,NA,0.004690207
"CAMTA1","Lymphocyte","SCZ","Weighted mode",3,"-0.004","0.009","  0.996","6.88e-01",0.638046367,0.61718423,0.54692153,0.004404706
"YEATS4","Lymphocyte","SCZ","Wald ratio",1," 0.006","0.015","  1.006","6.88e-01",NA,NA,NA,0.004688537
"C22orf40","Lymphocyte","SCZ","Wald ratio",1," 0.011","0.028","  1.011","6.88e-01",NA,NA,NA,0.006554473
"HRNBP3","Lymphocyte","SCZ","Simple mode",3," 0.004","0.010","  1.005","6.88e-01",0.691962783,0.687622315,0.582481175,0.004975114
"C19orf48","Lymphocyte","SCZ","Wald ratio",1," 0.005","0.012","  1.005","6.89e-01",NA,NA,NA,0.00511321
"KLK1","Lymphocyte","SCZ","Wald ratio",1," 0.005","0.013","  1.005","6.89e-01",NA,NA,NA,0.00511321
"KLHL31","Lymphocyte","SCZ","Wald ratio",1," 0.004","0.011","  1.004","6.89e-01",NA,NA,NA,0.00511321
"NDUFA10","Lymphocyte","SCZ","Wald ratio",1,"-0.179","0.448","  0.836","6.89e-01",NA,NA,NA,0.006975925
"GPR85","Lymphocyte","SCZ","Wald ratio",1,"-0.005","0.013","  0.995","6.89e-01",NA,NA,NA,0.0047315
"C11orf17","Lymphocyte","SCZ","Wald ratio",1," 0.004","0.009","  1.004","6.89e-01",NA,NA,NA,0.004844726
"SETX","Lymphocyte","SCZ","Wald ratio",1,"-0.007","0.017","  0.993","6.90e-01",NA,NA,NA,0.008186205
"TET2","Lymphocyte","SCZ","Wald ratio",1," 0.030","0.075","  1.030","6.90e-01",NA,NA,NA,0.006863629
"ZNF804B","Lymphocyte","SCZ","Wald ratio",1,"-0.004","0.010","  0.996","6.91e-01",NA,NA,NA,0.004735114
"DUSP12","Lymphocyte","SCZ","Wald ratio",1," 0.140","0.352","  1.150","6.91e-01",NA,NA,NA,0.004734825
"SPOP","Lymphocyte","SCZ","Wald ratio",1," 0.056","0.142","  1.058","6.91e-01",NA,NA,NA,0.008867306
"COL1A1","Lymphocyte","SCZ","Wald ratio",1," 0.030","0.074","  1.030","6.91e-01",NA,NA,NA,0.007020483
"C6orf129","Lymphocyte","SCZ","Wald ratio",1,"-0.004","0.010","  0.996","6.92e-01",NA,NA,NA,0.004891171
"MRPS5","Lymphocyte","SCZ","Wald ratio",1," 0.004","0.010","  1.004","6.92e-01",NA,NA,NA,0.005423934
"C1QTNF3","Lymphocyte","SCZ","Wald ratio",1,"-0.004","0.010","  0.996","6.92e-01",NA,NA,NA,0.004623979
"C1QTNF3","Lymphocyte","SCZ","Wald ratio",1,"-0.004","0.009","  0.996","6.92e-01",NA,NA,NA,0.004623971
"LOC339524","Lymphocyte","SCZ","Wald ratio",1," 0.005","0.013","  1.005","6.92e-01",NA,NA,NA,0.005156932
"PLB1","Lymphocyte","SCZ","Wald ratio",1,"-0.011","0.028","  0.989","6.93e-01",NA,NA,NA,0.004622197
"MIR548F3","Lymphocyte","SCZ","Wald ratio",1,"-0.005","0.013","  0.995","6.94e-01",NA,NA,NA,0.004780125
"TMC3","Lymphocyte","SCZ","Wald ratio",1," 0.004","0.010","  1.004","6.94e-01",NA,NA,NA,0.005045841
"FHL2","Lymphocyte","SCZ","Wald ratio",1,"-0.011","0.029","  0.989","6.94e-01",NA,NA,NA,0.009219216
"NAV1","Lymphocyte","SCZ","Simple mode",3," 0.013","0.029","  1.013","6.94e-01",0.62194921,0.762935252,0.681878518,0.009264543
"OR52R1","Lymphocyte","SCZ","Wald ratio",1," 0.004","0.010","  1.004","6.95e-01",NA,NA,NA,0.004936205
"CD34","Lymphocyte","SCZ","Wald ratio",1," 0.011","0.027","  1.011","6.95e-01",NA,NA,NA,0.004936208
"AHRR","Lymphocyte","SCZ","Wald ratio",1," 0.004","0.010","  1.004","6.95e-01",NA,NA,NA,0.005201935
"FOXP2","Lymphocyte","SCZ","Wald ratio",1," 0.003","0.009","  1.003","6.96e-01",NA,NA,NA,0.004669055
"PLXNA4","Lymphocyte","SCZ","Inverse variance weighted",2,"-0.004","0.010","  0.996","6.96e-01",NA,0.707004274,NA,0.008461053
"HRG","Lymphocyte","SCZ","Wald ratio",1,"-0.005","0.012","  0.995","6.96e-01",NA,NA,NA,0.004667307
"ODZ3","Lymphocyte","SCZ","Inverse variance weighted",3,"-0.003","0.008","  0.997","6.97e-01",0.921128434,0.633441805,0.51616671,0.005602851
"DLGAP2","Lymphocyte","SCZ","Simple mode",3,"-0.004","0.008","  0.996","6.97e-01",0.428237109,0.72511042,0.921746506,0.005376055
"FAM105A","Lymphocyte","SCZ","Wald ratio",1,"-0.008","0.020","  0.992","6.97e-01",NA,NA,NA,0.007419501
"TXLNB","Lymphocyte","SCZ","Wald ratio",1,"-0.011","0.028","  0.989","6.98e-01",NA,NA,NA,0.004823632
"TLN2","Lymphocyte","SCZ","Wald ratio",1," 0.006","0.015","  1.006","6.99e-01",NA,NA,NA,0.007991111
"NTM","Lymphocyte","SCZ","Inverse variance weighted",5," 0.004","0.010","  1.004","6.99e-01",0.00464551,0.01086273,0.894413182,0.005429658
"IL15RA","Lymphocyte","SCZ","Wald ratio",1,"-0.064","0.166","  0.938","7.00e-01",NA,NA,NA,0.004712518
"T","Lymphocyte","SCZ","Inverse variance weighted",2," 0.004","0.010","  1.004","7.00e-01",NA,0.347260698,NA,0.006852125
"ASCL1","Lymphocyte","SCZ","Wald ratio",1,"-0.015","0.040","  0.985","7.01e-01",NA,NA,NA,0.006247448
"SH3RF2","Lymphocyte","SCZ","Wald ratio",1,"-0.006","0.017","  0.994","7.01e-01",NA,NA,NA,0.007616928
"C1orf94","Lymphocyte","SCZ","Wald ratio",1,"-0.019","0.051","  0.981","7.01e-01",NA,NA,NA,0.005292207
"GRB10","Lymphocyte","SCZ","Wald ratio",1," 0.003","0.009","  1.003","7.02e-01",NA,NA,NA,0.0046014
"DLC1","Lymphocyte","SCZ","Simple mode",4," 0.007","0.017","  1.007","7.02e-01",0.03409927,0.07881673,0.927744679,0.006338136
"PGCP","Lymphocyte","SCZ","Wald ratio",1,"-0.007","0.018","  0.993","7.02e-01",NA,NA,NA,0.005448256
"ADARB2","Lymphocyte","SCZ","Inverse variance weighted",4," 0.003","0.008","  1.003","7.03e-01",0.914381713,0.857169105,0.523118502,0.005321385
"SLCO3A1","Lymphocyte","SCZ","Inverse variance weighted",3,"-0.003","0.008","  0.997","7.03e-01",0.745774734,0.832048096,0.698519113,0.005944757
"PAX5","Lymphocyte","SCZ","Wald ratio",1," 0.007","0.019","  1.007","7.03e-01",NA,NA,NA,0.006292522
"ZNF18","Lymphocyte","SCZ","Wald ratio",1," 0.004","0.011","  1.004","7.04e-01",NA,NA,NA,0.005338588
"MAP2K4","Lymphocyte","SCZ","Wald ratio",1," 0.048","0.127","  1.049","7.04e-01",NA,NA,NA,0.005338588
"CCBL2","Lymphocyte","SCZ","Wald ratio",1," 0.004","0.011","  1.004","7.04e-01",NA,NA,NA,0.004648622
"RORA","Lymphocyte","SCZ","Inverse variance weighted",4,"-0.004","0.011","  0.996","7.04e-01",0.069013893,0.045675333,0.422938487,0.011188699
"THRB","Lymphocyte","SCZ","Inverse variance weighted",2," 0.007","0.019","  1.007","7.04e-01",NA,0.009548814,NA,0.118616932
"CACNA1C","Lymphocyte","SCZ","Simple mode",4," 0.015","0.036","  1.015","7.04e-01",4.21e-08,1.24e-15,0.270912523,0.016352441
"PTGER1","Lymphocyte","SCZ","Wald ratio",1," 0.023","0.062","  1.024","7.05e-01",NA,NA,NA,0.004646788
"PKN1","Lymphocyte","SCZ","Wald ratio",1," 0.003","0.009","  1.003","7.05e-01",NA,NA,NA,0.004646788
"ARSG","Lymphocyte","SCZ","Wald ratio",1,"-0.005","0.012","  0.995","7.05e-01",NA,NA,NA,0.005915945
"SPAG4","Lymphocyte","SCZ","Wald ratio",1,"-0.042","0.111","  0.959","7.05e-01",NA,NA,NA,0.005915945
"CDH13","Lymphocyte","SCZ","MR Egger",3," 0.116","0.233","  1.123","7.06e-01",0.001372666,0.001343036,0.684927917,0.737456535
"SGK2","Lymphocyte","SCZ","Wald ratio",1,"-0.005","0.014","  0.995","7.07e-01",NA,NA,NA,0.006648179
"EXOC2","Lymphocyte","SCZ","Wald ratio",1," 0.004","0.011","  1.004","7.08e-01",NA,NA,NA,0.005115879
"LYST","Lymphocyte","SCZ","Wald ratio",1,"-0.037","0.100","  0.963","7.08e-01",NA,NA,NA,0.004692269
"SLC35B3","Lymphocyte","SCZ","Wald ratio",1," 0.117","0.314","  1.124","7.09e-01",NA,NA,NA,0.005851371
"UCHL3","Lymphocyte","SCZ","Wald ratio",1,"-0.003","0.009","  0.997","7.09e-01",NA,NA,NA,0.004280803
"DSCAM","Lymphocyte","SCZ","Simple mode",3," 0.006","0.015","  1.006","7.09e-01",0.138023359,0.053350193,0.419760133,0.004594836
"MGAT1","Lymphocyte","SCZ","Wald ratio",1," 0.540","1.450","  1.715","7.10e-01",NA,NA,NA,0.007686995
"MGAT1","Lymphocyte","SCZ","Wald ratio",1," 0.006","0.017","  1.007","7.10e-01",NA,NA,NA,0.007686995
"AKT2","Lymphocyte","SCZ","Wald ratio",1,"-0.008","0.022","  0.992","7.10e-01",NA,NA,NA,0.004581319
"TTC9B","Lymphocyte","SCZ","Wald ratio",1,"-0.018","0.049","  0.982","7.10e-01",NA,NA,NA,0.004581319
"MIR641","Lymphocyte","SCZ","Wald ratio",1,"-0.004","0.012","  0.996","7.10e-01",NA,NA,NA,0.004581319
"IYD","Lymphocyte","SCZ","Wald ratio",1,"-0.010","0.026","  0.990","7.10e-01",NA,NA,NA,0.008831912
"chrND","Lymphocyte","SCZ","Wald ratio",1,"-0.004","0.011","  0.996","7.11e-01",NA,NA,NA,0.005161374
"chrNG","Lymphocyte","SCZ","Wald ratio",1,"-0.005","0.013","  0.995","7.11e-01",NA,NA,NA,0.005156003
"SIM1","Lymphocyte","SCZ","Wald ratio",1," 0.010","0.026","  1.010","7.12e-01",NA,NA,NA,0.006318019
"ADARB2","Lymphocyte","SCZ","Weighted mode",4," 0.004","0.010","  1.004","7.12e-01",0.914381713,0.857169105,0.523118502,0.005321385
"C3orf21","Lymphocyte","SCZ","Wald ratio",1,"-0.068","0.185","  0.934","7.12e-01",NA,NA,NA,0.005896155
"ARHGEF10","Lymphocyte","SCZ","Simple mode",3,"-0.005","0.011","  0.995","7.12e-01",0.291594082,0.230619844,0.42225751,0.00422806
"MTMR10","Lymphocyte","SCZ","Wald ratio",1,"-0.126","0.341","  0.882","7.12e-01",NA,NA,NA,0.004894285
"CELSR1","Lymphocyte","SCZ","Inverse variance weighted",2,"-0.003","0.008","  0.997","7.12e-01",NA,0.263843587,NA,0.009456259
"KCTD10","Lymphocyte","SCZ","Inverse variance weighted",2," 0.005","0.013","  1.005","7.12e-01",NA,0.613991228,NA,0.008667137
"BSND","Lymphocyte","SCZ","Wald ratio",1," 0.004","0.010","  1.004","7.13e-01",NA,NA,NA,0.00462887
"CAMTA1","Lymphocyte","SCZ","Inverse variance weighted",3,"-0.003","0.007","  0.997","7.13e-01",0.638046367,0.61718423,0.54692153,0.004404706
"ATP1B1","Lymphocyte","SCZ","Inverse variance weighted",2,"-0.012","0.033","  0.988","7.13e-01",NA,0.057559175,NA,0.035465432
"AKAP13","Lymphocyte","SCZ","Wald ratio",1," 0.003","0.009","  1.003","7.13e-01",NA,NA,NA,0.004626973
"C18orf1","Lymphocyte","SCZ","Wald ratio",1,"-0.004","0.010","  0.996","7.13e-01",NA,NA,NA,0.004626896
"SKI","Lymphocyte","SCZ","Wald ratio",1,"-0.007","0.018","  0.993","7.14e-01",NA,NA,NA,0.006518814
"C5orf62","Lymphocyte","SCZ","Wald ratio",1," 0.010","0.029","  1.011","7.16e-01",NA,NA,NA,0.010257146
"PALM2","Lymphocyte","SCZ","Wald ratio",1,"-0.004","0.010","  0.996","7.16e-01",NA,NA,NA,0.003487342
"FAT1","Lymphocyte","SCZ","Inverse variance weighted",2," 0.003","0.007","  1.003","7.16e-01",NA,0.695374416,NA,0.006040343
"AMBP","Lymphocyte","SCZ","Wald ratio",1," 0.015","0.042","  1.015","7.16e-01",NA,NA,NA,0.00583206
"IGF1R","Lymphocyte","SCZ","Weighted median",3," 0.005","0.013","  1.005","7.16e-01",0.315631507,0.238731404,0.404007912,0.007029039
"TRHR","Lymphocyte","SCZ","Wald ratio",1," 0.003","0.009","  1.003","7.17e-01",NA,NA,NA,0.004672713
"ZNF598","Lymphocyte","SCZ","Wald ratio",1,"-0.005","0.013","  0.995","7.17e-01",NA,NA,NA,0.005985496
"SYNGR3","Lymphocyte","SCZ","Wald ratio",1,"-0.007","0.021","  0.993","7.17e-01",NA,NA,NA,0.005987172
"STARD9","Lymphocyte","SCZ","Wald ratio",1,"-0.005","0.013","  0.995","7.18e-01",NA,NA,NA,0.006454269
"SRGAP1","Lymphocyte","SCZ","Wald ratio",1,"-0.004","0.010","  0.996","7.19e-01",NA,NA,NA,0.004720383
"LPCAT2","Lymphocyte","SCZ","Wald ratio",1," 0.004","0.010","  1.004","7.19e-01",NA,NA,NA,0.004433584
"MYLK","Lymphocyte","SCZ","Inverse variance weighted",2," 0.003","0.010","  1.003","7.19e-01",NA,0.987685549,NA,0.005228367
"DIRC3","Lymphocyte","SCZ","Wald ratio",1," 0.007","0.019","  1.007","7.19e-01",NA,NA,NA,0.004876768
"RTL1","Lymphocyte","SCZ","Wald ratio",1," 0.003","0.009","  1.003","7.20e-01",NA,NA,NA,0.004718535
"AACS","Lymphocyte","SCZ","Inverse variance weighted",2,"-0.007","0.020","  0.993","7.21e-01",NA,0.554091273,NA,0.007625722
"NMUR1","Lymphocyte","SCZ","Wald ratio",1," 0.010","0.027","  1.010","7.21e-01",NA,NA,NA,0.0081143
"S100P","Lymphocyte","SCZ","Wald ratio",1," 0.006","0.017","  1.006","7.21e-01",NA,NA,NA,0.005031481
"LOC93622","Lymphocyte","SCZ","Wald ratio",1," 0.007","0.020","  1.007","7.21e-01",NA,NA,NA,0.005031481
"RARRES2","Lymphocyte","SCZ","Wald ratio",1,"-0.005","0.013","  0.995","7.21e-01",NA,NA,NA,0.005187833
"USP42","Lymphocyte","SCZ","Wald ratio",1,"-0.005","0.013","  0.995","7.21e-01",NA,NA,NA,0.006810724
"COL4A3","Lymphocyte","SCZ","Wald ratio",1," 0.005","0.013","  1.005","7.21e-01",NA,NA,NA,0.006810737
"ABLIM3","Lymphocyte","SCZ","Wald ratio",1," 0.004","0.012","  1.004","7.22e-01",NA,NA,NA,0.005344101
"OR52E8","Lymphocyte","SCZ","Wald ratio",1," 0.003","0.009","  1.003","7.22e-01",NA,NA,NA,0.004607931
"FCGBP","Lymphocyte","SCZ","Wald ratio",1,"-0.004","0.011","  0.996","7.22e-01",NA,NA,NA,0.005500285
"FLRT2","Lymphocyte","SCZ","Inverse variance weighted",2," 0.006","0.016","  1.006","7.22e-01",NA,0.804375261,NA,0.004653918
"OVCA2","Lymphocyte","SCZ","Wald ratio",1,"-0.008","0.022","  0.992","7.23e-01",NA,NA,NA,0.009037627
"DPH1","Lymphocyte","SCZ","Wald ratio",1,"-0.321","0.905","  0.725","7.23e-01",NA,NA,NA,0.009037627
"VANGL1","Lymphocyte","SCZ","Wald ratio",1,"-0.005","0.016","  0.995","7.23e-01",NA,NA,NA,0.007741146
"LOC648740","Lymphocyte","SCZ","Wald ratio",1,"-0.005","0.016","  0.995","7.24e-01",NA,NA,NA,0.008050477
"C7orf50","Lymphocyte","SCZ","Wald ratio",1,"-0.004","0.012","  0.996","7.24e-01",NA,NA,NA,0.003356487
"C7orf50","Lymphocyte","SCZ","Wald ratio",1,"-0.004","0.012","  0.996","7.24e-01",NA,NA,NA,0.004054115
"C7orf50","Lymphocyte","SCZ","Wald ratio",1,"-0.005","0.013","  0.995","7.24e-01",NA,NA,NA,0.006279894
"DEFB132","Lymphocyte","SCZ","Wald ratio",1," 0.003","0.009","  1.003","7.24e-01",NA,NA,NA,0.004655697
"SND1","Lymphocyte","SCZ","Wald ratio",1," 0.017","0.049","  1.018","7.24e-01",NA,NA,NA,0.004655697
"PDGFD","Lymphocyte","SCZ","Wald ratio",1," 0.004","0.011","  1.004","7.25e-01",NA,NA,NA,0.004812215
"FST","Lymphocyte","SCZ","Wald ratio",1," 0.003","0.010","  1.003","7.25e-01",NA,NA,NA,0.003203726
"NOL9","Lymphocyte","SCZ","Wald ratio",1," 0.006","0.016","  1.006","7.25e-01",NA,NA,NA,0.006746567
"PLEKHG5","Lymphocyte","SCZ","Wald ratio",1," 0.021","0.059","  1.021","7.25e-01",NA,NA,NA,0.006746567
"PLEKHG5","Lymphocyte","SCZ","Wald ratio",1," 0.020","0.057","  1.020","7.25e-01",NA,NA,NA,0.006746567
"PIP4K2A","Lymphocyte","SCZ","Wald ratio",1,"-0.005","0.014","  0.995","7.26e-01",NA,NA,NA,0.007367455
"FAR1","Lymphocyte","SCZ","Wald ratio",1," 0.020","0.057","  1.020","7.27e-01",NA,NA,NA,0.007521522
"ERC2","Lymphocyte","SCZ","Simple mode",3,"-0.009","0.023","  0.991","7.28e-01",0.00507426,0.019610078,0.976574367,0.181444953
"ADH5","Lymphocyte","SCZ","Wald ratio",1,"-0.097","0.279","  0.907","7.28e-01",NA,NA,NA,0.004858242
"FGF20","Lymphocyte","SCZ","Wald ratio",1,"-0.008","0.022","  0.992","7.28e-01",NA,NA,NA,0.004543453
"FAM82B","Lymphocyte","SCZ","Wald ratio",1," 0.162","0.467","  1.176","7.28e-01",NA,NA,NA,0.005170862
"VCAN","Lymphocyte","SCZ","Wald ratio",1,"-0.007","0.019","  0.993","7.28e-01",NA,NA,NA,0.004856462
"SSPN","Lymphocyte","SCZ","Wald ratio",1,"-0.006","0.018","  0.994","7.29e-01",NA,NA,NA,0.005012937
"ST3GAL1","Lymphocyte","SCZ","Weighted mode",3," 0.006","0.016","  1.006","7.29e-01",0.461217437,0.381857597,0.44867729,0.005428881
"MYT1L","Lymphocyte","SCZ","Weighted median",5,"-0.003","0.008","  0.997","7.30e-01",0.282865795,3.78e-05,0.025516736,0.998521529
"DEFA5","Lymphocyte","SCZ","Wald ratio",1,"-0.004","0.011","  0.996","7.30e-01",NA,NA,NA,0.00474785
"MSI2","Lymphocyte","SCZ","MR Egger",3," 0.024","0.054","  1.025","7.30e-01",0.687588011,0.837631349,0.736696207,0.005565644
"CRMP1","Lymphocyte","SCZ","Wald ratio",1,"-0.006","0.017","  0.994","7.31e-01",NA,NA,NA,0.004589604
"HRNBP3","Lymphocyte","SCZ","Weighted mode",3," 0.004","0.010","  1.004","7.31e-01",0.691962783,0.687622315,0.582481175,0.004975114
"BTBD7","Lymphocyte","SCZ","Wald ratio",1," 0.012","0.034","  1.012","7.32e-01",NA,NA,NA,0.007812981
"POLR2B","Lymphocyte","SCZ","Wald ratio",1,"-0.004","0.013","  0.996","7.33e-01",NA,NA,NA,0.006535351
"RUNX2","Lymphocyte","SCZ","Inverse variance weighted",2,"-0.012","0.035","  0.988","7.33e-01",NA,0.363686355,NA,0.006637796
"NRG1","Lymphocyte","SCZ","Wald ratio",1," 0.005","0.016","  1.005","7.34e-01",NA,NA,NA,0.004635827
"MEA1","Lymphocyte","SCZ","Wald ratio",1," 0.148","0.435","  1.160","7.34e-01",NA,NA,NA,0.010884954
"PTK7","Lymphocyte","SCZ","Wald ratio",1," 0.008","0.023","  1.008","7.34e-01",NA,NA,NA,0.010884955
"STX2","Lymphocyte","SCZ","Inverse variance weighted",2,"-0.004","0.011","  0.996","7.34e-01",NA,0.880239139,NA,0.004112501
"KIAA1026","Lymphocyte","SCZ","Weighted mode",3,"-0.003","0.008","  0.997","7.34e-01",0.16119085,0.101191552,0.454304671,0.007435678
"OR6M1","Lymphocyte","SCZ","Wald ratio",1,"-0.005","0.014","  0.995","7.34e-01",NA,NA,NA,0.005417817
"TRIM59","Lymphocyte","SCZ","Wald ratio",1,"-0.013","0.038","  0.987","7.35e-01",NA,NA,NA,0.005886082
"PDE6B","Lymphocyte","SCZ","Wald ratio",1,"-0.007","0.020","  0.993","7.35e-01",NA,NA,NA,0.006664695
"PTPRJ","Lymphocyte","SCZ","Wald ratio",1," 0.010","0.028","  1.010","7.35e-01",NA,NA,NA,0.010777565
"TULP2","Lymphocyte","SCZ","Wald ratio",1,"-0.007","0.022","  0.993","7.35e-01",NA,NA,NA,0.006975475
"PDE4C","Lymphocyte","SCZ","Wald ratio",1," 0.004","0.012","  1.004","7.36e-01",NA,NA,NA,0.004683705
"PCDH9","Lymphocyte","SCZ","Weighted mode",4," 0.005","0.012","  1.005","7.36e-01",0.437789737,0.460245779,0.436140449,0.005766859
"ZP2","Lymphocyte","SCZ","Wald ratio",1," 0.006","0.016","  1.006","7.36e-01",NA,NA,NA,0.004996732
"PNPLA3","Lymphocyte","SCZ","Wald ratio",1," 0.004","0.012","  1.004","7.36e-01",NA,NA,NA,0.005465354
"ANKLE2","Lymphocyte","SCZ","Wald ratio",1,"-0.003","0.009","  0.997","7.36e-01",NA,NA,NA,0.00468212
"PCDH20","Lymphocyte","SCZ","Wald ratio",1," 0.003","0.010","  1.003","7.36e-01",NA,NA,NA,0.00468212
"SGPL1","Lymphocyte","SCZ","Wald ratio",1,"-0.060","0.179","  0.941","7.37e-01",NA,NA,NA,0.006400109
"RREB1","Lymphocyte","SCZ","Wald ratio",1," 0.007","0.019","  1.007","7.37e-01",NA,NA,NA,0.006710925
"ESRRG","Lymphocyte","SCZ","Inverse variance weighted",2,"-0.011","0.032","  0.989","7.37e-01",NA,0.01623482,NA,0.0087245
"SHFM1","Lymphocyte","SCZ","Wald ratio",1,"-0.005","0.016","  0.995","7.39e-01",NA,NA,NA,0.004573408
"ADAMTS1","Lymphocyte","SCZ","Wald ratio",1,"-0.004","0.013","  0.996","7.39e-01",NA,NA,NA,0.005665651
"CASP7","Lymphocyte","SCZ","Wald ratio",1," 0.004","0.011","  1.004","7.39e-01",NA,NA,NA,0.005667574
"KCNG1","Lymphocyte","SCZ","Wald ratio",1," 0.008","0.023","  1.008","7.39e-01",NA,NA,NA,0.004573408
"PRKCZ","Lymphocyte","SCZ","Wald ratio",1," 0.005","0.017","  1.005","7.41e-01",NA,NA,NA,0.006045944
"SYDE1","Lymphocyte","SCZ","Wald ratio",1," 0.010","0.029","  1.010","7.41e-01",NA,NA,NA,0.006647677
"CALML3","Lymphocyte","SCZ","Wald ratio",1," 0.004","0.011","  1.004","7.41e-01",NA,NA,NA,0.005713813
"GRK7","Lymphocyte","SCZ","Wald ratio",1,"-0.004","0.012","  0.996","7.41e-01",NA,NA,NA,0.005245621
"TTC24","Lymphocyte","SCZ","Wald ratio",1,"-0.003","0.010","  0.997","7.41e-01",NA,NA,NA,0.005089374
"NEURL1B","Lymphocyte","SCZ","Wald ratio",1,"-0.006","0.017","  0.994","7.41e-01",NA,NA,NA,0.004932977
"PAOX","Lymphocyte","SCZ","Wald ratio",1," 0.008","0.023","  1.008","7.41e-01",NA,NA,NA,0.010698148
"C4orf43","Lymphocyte","SCZ","Wald ratio",1," 0.013","0.038","  1.013","7.41e-01",NA,NA,NA,0.004619838
"GIMAP4","Lymphocyte","SCZ","Wald ratio",1," 0.007","0.022","  1.007","7.41e-01",NA,NA,NA,0.004619838
"EPS8","Lymphocyte","SCZ","Wald ratio",1," 0.064","0.194","  1.066","7.42e-01",NA,NA,NA,0.005087698
"ZNF827","Lymphocyte","SCZ","Wald ratio",1," 0.003","0.010","  1.003","7.42e-01",NA,NA,NA,0.004774903
"SLC46A3","Lymphocyte","SCZ","Wald ratio",1," 0.004","0.011","  1.004","7.42e-01",NA,NA,NA,0.004774903
"LSAMP","Lymphocyte","SCZ","Inverse variance weighted",4," 0.004","0.012","  1.004","7.43e-01",0.298708866,0.268638452,0.378888371,0.010162297
"KIAA0427","Lymphocyte","SCZ","Inverse variance weighted",2,"-0.002","0.007","  0.998","7.43e-01",NA,0.350321178,NA,0.004726676
"ZNF879","Lymphocyte","SCZ","Wald ratio",1,"-0.011","0.035","  0.989","7.43e-01",NA,NA,NA,0.00544813
"CADM1","Lymphocyte","SCZ","Wald ratio",1," 0.003","0.010","  1.003","7.44e-01",NA,NA,NA,0.003968687
"ADAMTS14","Lymphocyte","SCZ","Wald ratio",1," 0.038","0.115","  1.038","7.44e-01",NA,NA,NA,0.005135782
"EDARADD","Lymphocyte","SCZ","Wald ratio",1,"-0.006","0.017","  0.994","7.44e-01",NA,NA,NA,0.004979414
"ZDHHC22","Lymphocyte","SCZ","Wald ratio",1,"-0.015","0.047","  0.985","7.44e-01",NA,NA,NA,0.004822915
"PRR5-ARHGAP8","Lymphocyte","SCZ","Wald ratio",1," 0.006","0.018","  1.006","7.44e-01",NA,NA,NA,0.006476647
"TSTD1","Lymphocyte","SCZ","Wald ratio",1," 0.007","0.020","  1.007","7.44e-01",NA,NA,NA,0.005446696
"F11R","Lymphocyte","SCZ","Wald ratio",1," 0.015","0.046","  1.015","7.44e-01",NA,NA,NA,0.005446696
"PADI2","Lymphocyte","SCZ","Wald ratio",1,"-0.016","0.049","  0.984","7.44e-01",NA,NA,NA,0.005290454
"PADI3","Lymphocyte","SCZ","Wald ratio",1,"-0.007","0.021","  0.993","7.44e-01",NA,NA,NA,0.005290454
"GCNT2","Lymphocyte","SCZ","Wald ratio",1," 0.004","0.013","  1.004","7.44e-01",NA,NA,NA,0.004386973
"GCNT2","Lymphocyte","SCZ","Wald ratio",1," 0.021","0.065","  1.021","7.44e-01",NA,NA,NA,0.004509669
"C10orf4","Lymphocyte","SCZ","Wald ratio",1," 0.005","0.016","  1.005","7.45e-01",NA,NA,NA,0.006273639
"TMEM50A","Lymphocyte","SCZ","Wald ratio",1,"-0.133","0.410","  0.875","7.45e-01",NA,NA,NA,0.004508339
"AIFM2","Lymphocyte","SCZ","Inverse variance weighted",2," 0.004","0.013","  1.004","7.45e-01",NA,0.107060801,NA,0.009775826
"FAM107B","Lymphocyte","SCZ","Wald ratio",1,"-0.059","0.183","  0.942","7.46e-01",NA,NA,NA,0.006117071
"ZBED3","Lymphocyte","SCZ","Wald ratio",1,"-0.004","0.014","  0.996","7.46e-01",NA,NA,NA,0.005025908
"FYB","Lymphocyte","SCZ","Wald ratio",1,"-0.005","0.017","  0.995","7.46e-01",NA,NA,NA,0.005493115
"FILIP1","Lymphocyte","SCZ","Wald ratio",1," 0.010","0.032","  1.010","7.47e-01",NA,NA,NA,0.004869431
"ACSL1","Lymphocyte","SCZ","Inverse variance weighted",3,"-0.003","0.010","  0.997","7.47e-01",0.540428027,0.795376301,0.821291832,0.004491782
"CCDC114","Lymphocyte","SCZ","Wald ratio",1,"-0.112","0.348","  0.894","7.47e-01",NA,NA,NA,0.004552836
"EMP3","Lymphocyte","SCZ","Wald ratio",1,"-0.104","0.322","  0.901","7.47e-01",NA,NA,NA,0.004556257
"GABRA6","Lymphocyte","SCZ","Wald ratio",1," 0.006","0.019","  1.006","7.47e-01",NA,NA,NA,0.004556227
"B9D2","Lymphocyte","SCZ","Wald ratio",1,"-0.011","0.035","  0.989","7.47e-01",NA,NA,NA,0.004867931
"SCTR","Lymphocyte","SCZ","Wald ratio",1," 0.006","0.017","  1.006","7.47e-01",NA,NA,NA,0.006008635
"TMEM37","Lymphocyte","SCZ","Wald ratio",1," 0.005","0.017","  1.005","7.47e-01",NA,NA,NA,0.006008635
"OSTM1","Lymphocyte","SCZ","Wald ratio",1," 0.017","0.052","  1.017","7.48e-01",NA,NA,NA,0.005696961
"ACSL1","Lymphocyte","SCZ","Simple mode",3," 0.037","0.101","  1.038","7.48e-01",0.540428027,0.795376301,0.821291832,0.004491782
"LRRC27","Lymphocyte","SCZ","Wald ratio",1,"-0.030","0.093","  0.970","7.49e-01",NA,NA,NA,0.005228762
"ARSJ","Lymphocyte","SCZ","Wald ratio",1,"-0.027","0.084","  0.973","7.49e-01",NA,NA,NA,0.005228762
"FOXD4L1","Lymphocyte","SCZ","Wald ratio",1," 0.006","0.018","  1.006","7.49e-01",NA,NA,NA,0.006677059
"LOC440839","Lymphocyte","SCZ","Wald ratio",1," 0.007","0.021","  1.007","7.49e-01",NA,NA,NA,0.006677107
"USP43","Lymphocyte","SCZ","Wald ratio",1,"-0.005","0.015","  0.995","7.49e-01",NA,NA,NA,0.005383103
"KIR2DL1","Lymphocyte","SCZ","Wald ratio",1," 0.004","0.013","  1.004","7.49e-01",NA,NA,NA,0.006366264
"KIAA1026","Lymphocyte","SCZ","Weighted median",3,"-0.003","0.009","  0.997","7.49e-01",0.16119085,0.101191552,0.454304671,0.007435678
"KSR1","Lymphocyte","SCZ","Wald ratio",1,"-0.004","0.012","  0.996","7.50e-01",NA,NA,NA,0.004759505
"PEX11G","Lymphocyte","SCZ","Wald ratio",1,"-0.004","0.011","  0.996","7.50e-01",NA,NA,NA,0.004759505
"REG3G","Lymphocyte","SCZ","Wald ratio",1,"-0.003","0.011","  0.997","7.51e-01",NA,NA,NA,0.005429955
"GCK","Lymphocyte","SCZ","Wald ratio",1,"-0.003","0.011","  0.997","7.51e-01",NA,NA,NA,0.005119058
"AEBP1","Lymphocyte","SCZ","Wald ratio",1,"-0.004","0.012","  0.996","7.51e-01",NA,NA,NA,0.005119058
"NFATC1","Lymphocyte","SCZ","Wald ratio",1," 0.005","0.016","  1.005","7.52e-01",NA,NA,NA,0.004962659
"SCAMP4","Lymphocyte","SCZ","Wald ratio",1,"-0.010","0.033","  0.990","7.52e-01",NA,NA,NA,0.007079808
"C20orf54","Lymphocyte","SCZ","Wald ratio",1,"-0.011","0.035","  0.989","7.52e-01",NA,NA,NA,0.008054582
"PCDH9","Lymphocyte","SCZ","Simple mode",4," 0.004","0.013","  1.004","7.52e-01",0.437789737,0.460245779,0.436140449,0.005766859
"C19orf53","Lymphocyte","SCZ","Wald ratio",1," 0.004","0.012","  1.004","7.52e-01",NA,NA,NA,0.005117483
"RBM28","Lymphocyte","SCZ","Wald ratio",1," 0.006","0.019","  1.006","7.53e-01",NA,NA,NA,0.008717209
"TNFRSF19","Lymphocyte","SCZ","Wald ratio",1," 0.007","0.021","  1.007","7.53e-01",NA,NA,NA,0.004649613
"AKTIP","Lymphocyte","SCZ","Wald ratio",1," 0.006","0.018","  1.006","7.53e-01",NA,NA,NA,0.004804802
"DUSP6","Lymphocyte","SCZ","Wald ratio",1,"-0.060","0.191","  0.942","7.53e-01",NA,NA,NA,0.009378143
"PKP1","Lymphocyte","SCZ","Wald ratio",1,"-0.007","0.023","  0.993","7.53e-01",NA,NA,NA,0.004648333
"HRASLS","Lymphocyte","SCZ","Wald ratio",1,"-0.019","0.061","  0.981","7.54e-01",NA,NA,NA,0.00876448
"MGC2889","Lymphocyte","SCZ","Wald ratio",1,"-0.064","0.204","  0.938","7.54e-01",NA,NA,NA,0.00876448
"PGA5","Lymphocyte","SCZ","Wald ratio",1,"-0.004","0.014","  0.996","7.54e-01",NA,NA,NA,0.005009348
"ZDHHC14","Lymphocyte","SCZ","Inverse variance weighted",2," 0.012","0.039","  1.012","7.55e-01",NA,3.88e-06,NA,0.783513561
"GREM1","Lymphocyte","SCZ","Wald ratio",1," 0.005","0.015","  1.005","7.55e-01",NA,NA,NA,0.004852903
"TTF1","Lymphocyte","SCZ","Wald ratio",1,"-0.003","0.011","  0.997","7.55e-01",NA,NA,NA,0.00552466
"SIK2","Lymphocyte","SCZ","Wald ratio",1,"-0.009","0.030","  0.991","7.56e-01",NA,NA,NA,0.004851544
"PRKG1","Lymphocyte","SCZ","Inverse variance weighted",2," 0.003","0.010","  1.003","7.56e-01",NA,0.38938781,NA,0.009106714
"DSCAM","Lymphocyte","SCZ","Inverse variance weighted",3," 0.005","0.015","  1.005","7.56e-01",0.138023359,0.053350193,0.419760133,0.004594836
"ACSL1","Lymphocyte","SCZ","Weighted median",3,"-0.003","0.010","  0.997","7.56e-01",0.540428027,0.795376301,0.821291832,0.004491782
"TRAM2","Lymphocyte","SCZ","Wald ratio",1,"-0.017","0.054","  0.983","7.56e-01",NA,NA,NA,0.005212412
"RNF4","Lymphocyte","SCZ","Wald ratio",1," 0.047","0.153","  1.048","7.57e-01",NA,NA,NA,0.005881851
"C11orf75","Lymphocyte","SCZ","Wald ratio",1," 0.010","0.033","  1.010","7.57e-01",NA,NA,NA,0.007884546
"ELOVL4","Lymphocyte","SCZ","Wald ratio",1," 0.150","0.485","  1.162","7.57e-01",NA,NA,NA,0.008548241
"SERPINB1","Lymphocyte","SCZ","Inverse variance weighted",2,"-0.006","0.019","  0.994","7.57e-01",NA,0.965331928,NA,0.005740646
"GNA14","Lymphocyte","SCZ","Wald ratio",1," 0.094","0.303","  1.098","7.57e-01",NA,NA,NA,0.004899681
"OR9Q1","Lymphocyte","SCZ","Wald ratio",1,"-0.005","0.016","  0.995","7.58e-01",NA,NA,NA,0.006395671
"PADI1","Lymphocyte","SCZ","Inverse variance weighted",2,"-0.006","0.020","  0.994","7.58e-01",NA,0.095179405,NA,0.005290454
"FIGLA","Lymphocyte","SCZ","Wald ratio",1,"-0.009","0.029","  0.991","7.58e-01",NA,NA,NA,0.005569881
"SERPINB9","Lymphocyte","SCZ","Wald ratio",1,"-0.004","0.011","  0.997","7.59e-01",NA,NA,NA,0.004586628
"PIP5K1C","Lymphocyte","SCZ","Wald ratio",1," 0.003","0.010","  1.003","7.59e-01",NA,NA,NA,0.004586628
"RDH13","Lymphocyte","SCZ","Wald ratio",1,"-0.003","0.010","  0.997","7.59e-01",NA,NA,NA,0.004585826
"GRLF1","Lymphocyte","SCZ","Wald ratio",1," 0.009","0.031","  1.010","7.59e-01",NA,NA,NA,0.004586628
"AXL","Lymphocyte","SCZ","Wald ratio",1," 0.010","0.032","  1.010","7.59e-01",NA,NA,NA,0.00458547
"AXL","Lymphocyte","SCZ","Wald ratio",1," 0.018","0.059","  1.018","7.59e-01",NA,NA,NA,0.00458547
"PLEKHA5","Lymphocyte","SCZ","Wald ratio",1,"-0.090","0.295","  0.914","7.60e-01",NA,NA,NA,0.006287633
"ADHFE1","Lymphocyte","SCZ","Wald ratio",1,"-0.117","0.383","  0.890","7.60e-01",NA,NA,NA,0.005772566
"GPRC5C","Lymphocyte","SCZ","Wald ratio",1," 0.009","0.028","  1.009","7.60e-01",NA,NA,NA,0.007466568
"MKL2","Lymphocyte","SCZ","Wald ratio",1,"-0.005","0.018","  0.995","7.60e-01",NA,NA,NA,0.008483776
"FAM49A","Lymphocyte","SCZ","Weighted median",3,"-0.002","0.008","  0.998","7.61e-01",0.561282373,0.593626222,0.55523665,0.004591346
"IGF1R","Lymphocyte","SCZ","Inverse variance weighted",3," 0.004","0.014","  1.004","7.61e-01",0.315631507,0.238731404,0.404007912,0.007029039
"KBTBD5","Lymphocyte","SCZ","Wald ratio",1,"-0.017","0.056","  0.983","7.61e-01",NA,NA,NA,0.00478883
"CAPSL","Lymphocyte","SCZ","Wald ratio",1,"-0.014","0.045","  0.987","7.61e-01",NA,NA,NA,0.006488832
"FAM41C","Lymphocyte","SCZ","Wald ratio",1," 0.022","0.074","  1.023","7.61e-01",NA,NA,NA,0.007001442
"ITM2C","Lymphocyte","SCZ","MR Egger",3,"-0.007","0.018","  0.993","7.62e-01",0.795627241,0.754980352,0.609667932,0.005397555
"STRA6","Lymphocyte","SCZ","Wald ratio",1," 0.005","0.016","  1.005","7.62e-01",NA,NA,NA,0.005148301
"STRA6","Lymphocyte","SCZ","Wald ratio",1," 0.006","0.020","  1.006","7.62e-01",NA,NA,NA,0.005148301
"C7orf50","Lymphocyte","SCZ","Inverse variance weighted",2," 0.002","0.008","  1.002","7.62e-01",NA,0.549607996,NA,0.00616718
"DKFZP434H168","Lymphocyte","SCZ","Wald ratio",1," 0.011","0.037","  1.011","7.63e-01",NA,NA,NA,0.004475881
"NR5A2","Lymphocyte","SCZ","Wald ratio",1," 0.005","0.017","  1.005","7.64e-01",NA,NA,NA,0.006225437
"DNAJB6","Lymphocyte","SCZ","Wald ratio",1,"-0.003","0.010","  0.997","7.64e-01",NA,NA,NA,0.004666459
"PTGDR","Lymphocyte","SCZ","Wald ratio",1,"-0.018","0.060","  0.982","7.65e-01",NA,NA,NA,0.004523897
"ETV6","Lymphocyte","SCZ","Inverse variance weighted",2,"-0.004","0.013","  0.996","7.65e-01",NA,0.446920611,NA,0.006622866
"SFRS8","Lymphocyte","SCZ","Wald ratio",1," 0.003","0.009","  1.003","7.65e-01",NA,NA,NA,0.0045229
"KCNV2","Lymphocyte","SCZ","Wald ratio",1,"-0.003","0.009","  0.997","7.65e-01",NA,NA,NA,0.004522891
"COL4A4","Lymphocyte","SCZ","Wald ratio",1," 0.003","0.009","  1.003","7.65e-01",NA,NA,NA,0.004522593
"FAM45B","Lymphocyte","SCZ","Wald ratio",1,"-0.012","0.041","  0.988","7.65e-01",NA,NA,NA,0.0045229
"BMF","Lymphocyte","SCZ","Wald ratio",1,"-0.014","0.047","  0.986","7.65e-01",NA,NA,NA,0.004883947
"BMF","Lymphocyte","SCZ","Wald ratio",1,"-0.003","0.010","  0.997","7.65e-01",NA,NA,NA,0.004883947
"CNTNAP5","Lymphocyte","SCZ","Inverse variance weighted",2," 0.003","0.010","  1.003","7.66e-01",NA,0.798071483,NA,0.012534398
"CRB2","Lymphocyte","SCZ","Wald ratio",1," 0.004","0.015","  1.004","7.66e-01",NA,NA,NA,0.00678488
"DENND1A","Lymphocyte","SCZ","Wald ratio",1," 0.006","0.019","  1.006","7.66e-01",NA,NA,NA,0.00678488
"ANGPT2","Lymphocyte","SCZ","Wald ratio",1,"-0.006","0.022","  0.994","7.66e-01",NA,NA,NA,0.009025415
"LUZP2","Lymphocyte","SCZ","Inverse variance weighted",2," 0.003","0.009","  1.003","7.66e-01",NA,0.49895877,NA,0.006758784
"FMN1","Lymphocyte","SCZ","Wald ratio",1," 0.003","0.011","  1.003","7.67e-01",NA,NA,NA,0.005242132
"SNW1","Lymphocyte","SCZ","Wald ratio",1,"-0.096","0.326","  0.908","7.67e-01",NA,NA,NA,0.004570999
"TEAD2","Lymphocyte","SCZ","Wald ratio",1," 0.025","0.083","  1.025","7.68e-01",NA,NA,NA,0.005085991
"CCDC155","Lymphocyte","SCZ","Wald ratio",1," 0.005","0.016","  1.005","7.68e-01",NA,NA,NA,0.005085991
"MAGI2","Lymphocyte","SCZ","Simple mode",3," 0.006","0.019","  1.006","7.68e-01",0.495564837,0.757675098,0.813889487,0.005373086
"PDE11A","Lymphocyte","SCZ","Inverse variance weighted",2," 0.004","0.015","  1.004","7.68e-01",NA,0.508273111,NA,0.005390036
"SPON2","Lymphocyte","SCZ","Wald ratio",1,"-0.005","0.018","  0.995","7.68e-01",NA,NA,NA,0.006673083
"CDH13","Lymphocyte","SCZ","Simple mode",3," 0.005","0.016","  1.005","7.69e-01",0.001372666,0.001343036,0.684927917,0.737456535
"KIAA1026","Lymphocyte","SCZ","Inverse variance weighted",3,"-0.004","0.013","  0.996","7.69e-01",0.16119085,0.101191552,0.454304671,0.007435678
"TAS2R16","Lymphocyte","SCZ","Wald ratio",1,"-0.003","0.010","  0.997","7.69e-01",NA,NA,NA,0.004773466
"MYL9","Lymphocyte","SCZ","Wald ratio",1,"-0.005","0.018","  0.995","7.69e-01",NA,NA,NA,0.00678147
"SMYD1","Lymphocyte","SCZ","Wald ratio",1,"-0.003","0.012","  0.997","7.70e-01",NA,NA,NA,0.004618104
"CRX","Lymphocyte","SCZ","Wald ratio",1,"-0.004","0.012","  0.996","7.71e-01",NA,NA,NA,0.005850826
"MAP3K5","Lymphocyte","SCZ","Wald ratio",1,"-0.005","0.016","  0.995","7.71e-01",NA,NA,NA,0.006209138
"PTGR2","Lymphocyte","SCZ","Wald ratio",1,"-0.008","0.028","  0.992","7.71e-01",NA,NA,NA,0.004461567
"ABCC13","Lymphocyte","SCZ","Wald ratio",1," 0.004","0.012","  1.004","7.71e-01",NA,NA,NA,0.006054755
"C20orf30","Lymphocyte","SCZ","Wald ratio",1,"-0.005","0.016","  0.995","7.72e-01",NA,NA,NA,0.004460631
"SMYD3","Lymphocyte","SCZ","Simple mode",3,"-0.004","0.013","  0.996","7.72e-01",0.15420175,0.096556747,0.458015043,0.004846597
"C3orf14","Lymphocyte","SCZ","Wald ratio",1,"-0.019","0.064","  0.982","7.72e-01",NA,NA,NA,0.004665254
"PKDCC","Lymphocyte","SCZ","Wald ratio",1," 0.006","0.021","  1.006","7.73e-01",NA,NA,NA,0.006971728
"DDX51","Lymphocyte","SCZ","Wald ratio",1,"-0.007","0.026","  0.993","7.73e-01",NA,NA,NA,0.006256026
"PRR5L","Lymphocyte","SCZ","Wald ratio",1," 0.003","0.011","  1.003","7.73e-01",NA,NA,NA,0.005384514
"TRIM29","Lymphocyte","SCZ","Inverse variance weighted",2,"-0.004","0.012","  0.996","7.73e-01",NA,0.286606837,NA,0.012300197
"MPPED2","Lymphocyte","SCZ","Inverse variance weighted",2," 0.005","0.018","  1.005","7.73e-01",NA,0.024687358,NA,0.033034723
"HDAC4","Lymphocyte","SCZ","MR Egger",3," 0.052","0.141","  1.054","7.73e-01",0.293547541,0.551633034,0.826227834,0.008159599
"ADAM29","Lymphocyte","SCZ","Wald ratio",1,"-0.003","0.010","  0.997","7.74e-01",NA,NA,NA,0.004508767
"GATA5","Lymphocyte","SCZ","Wald ratio",1," 0.004","0.014","  1.004","7.74e-01",NA,NA,NA,0.005489307
"SLC24A4","Lymphocyte","SCZ","Wald ratio",1," 0.015","0.053","  1.015","7.74e-01",NA,NA,NA,0.007730787
"ERBB3","Lymphocyte","SCZ","Wald ratio",1," 0.009","0.031","  1.009","7.75e-01",NA,NA,NA,0.004712449
"TEAD1","Lymphocyte","SCZ","Wald ratio",1,"-0.003","0.011","  0.997","7.75e-01",NA,NA,NA,0.004712438
"BEND7","Lymphocyte","SCZ","Inverse variance weighted",2," 0.003","0.012","  1.003","7.75e-01",NA,0.109073115,NA,0.015539615
"OPTN","Lymphocyte","SCZ","Wald ratio",1," 0.004","0.014","  1.004","7.75e-01",NA,NA,NA,0.0068627
"RAP1GAP","Lymphocyte","SCZ","Wald ratio",1,"-0.008","0.026","  0.993","7.75e-01",NA,NA,NA,0.006505302
"ALPL","Lymphocyte","SCZ","Wald ratio",1,"-0.006","0.021","  0.994","7.75e-01",NA,NA,NA,0.006505302
"SLC2A4","Lymphocyte","SCZ","Inverse variance weighted",2," 0.243","0.851","  1.275","7.75e-01",NA,0.000238813,NA,0.599942087
"GORASP2","Lymphocyte","SCZ","Wald ratio",1,"-0.003","0.011","  0.997","7.75e-01",NA,NA,NA,0.00471145
"C10orf93","Lymphocyte","SCZ","Wald ratio",1,"-0.038","0.133","  0.963","7.76e-01",NA,NA,NA,0.004556013
"RRBP1","Lymphocyte","SCZ","Wald ratio",1,"-0.003","0.010","  0.997","7.76e-01",NA,NA,NA,0.004556013
"BFSP1","Lymphocyte","SCZ","Wald ratio",1,"-0.036","0.126","  0.965","7.76e-01",NA,NA,NA,0.004553978
"NXN","Lymphocyte","SCZ","Inverse variance weighted",4," 0.002","0.008","  1.002","7.76e-01",0.196496776,0.165156695,0.399198548,0.00508947
"GPR176","Lymphocyte","SCZ","Wald ratio",1,"-0.003","0.010","  0.997","7.77e-01",NA,NA,NA,0.004555099
"C4orf32","Lymphocyte","SCZ","Wald ratio",1," 0.003","0.011","  1.003","7.77e-01",NA,NA,NA,0.004555095
"SRD5A2","Lymphocyte","SCZ","Wald ratio",1,"-0.007","0.024","  0.993","7.78e-01",NA,NA,NA,0.004758633
"TACR1","Lymphocyte","SCZ","Simple mode",3,"-0.003","0.010","  0.997","7.78e-01",0.133263838,0.313989156,0.894768565,0.00613954
"ST3GAL1","Lymphocyte","SCZ","Weighted median",3," 0.004","0.013","  1.004","7.78e-01",0.461217437,0.381857597,0.44867729,0.005428881
"HTR1D","Lymphocyte","SCZ","Wald ratio",1," 0.004","0.012","  1.004","7.79e-01",NA,NA,NA,0.005884554
"ARHGAP26","Lymphocyte","SCZ","Inverse variance weighted",2," 0.003","0.009","  1.003","7.79e-01",NA,0.596537575,NA,0.004746486
"ZBTB2","Lymphocyte","SCZ","Wald ratio",1," 0.008","0.028","  1.008","7.79e-01",NA,NA,NA,0.008426529
"UST","Lymphocyte","SCZ","Inverse variance weighted",2,"-0.004","0.016","  0.996","7.80e-01",NA,0.311498696,NA,0.003753882
"CCDC60","Lymphocyte","SCZ","Wald ratio",1," 0.005","0.016","  1.005","7.80e-01",NA,NA,NA,0.004806964
"NCALD","Lymphocyte","SCZ","Wald ratio",1," 0.022","0.080","  1.023","7.80e-01",NA,NA,NA,0.004805994
"C7orf41","Lymphocyte","SCZ","Wald ratio",1," 0.009","0.032","  1.009","7.80e-01",NA,NA,NA,0.004805994
"C4orf31","Lymphocyte","SCZ","Wald ratio",1," 0.007","0.025","  1.007","7.80e-01",NA,NA,NA,0.007003335
"CYBRD1","Lymphocyte","SCZ","Wald ratio",1," 0.017","0.061","  1.017","7.80e-01",NA,NA,NA,0.005010492
"FAM164A","Lymphocyte","SCZ","Wald ratio",1," 0.017","0.061","  1.017","7.80e-01",NA,NA,NA,0.005010492
"C2CD2","Lymphocyte","SCZ","Wald ratio",1,"-0.005","0.017","  0.995","7.81e-01",NA,NA,NA,0.005930274
"BMP2","Lymphocyte","SCZ","Wald ratio",1,"-0.005","0.018","  0.995","7.81e-01",NA,NA,NA,0.008873954
"SYNE1","Lymphocyte","SCZ","Wald ratio",1,"-0.035","0.128","  0.965","7.82e-01",NA,NA,NA,0.004494236
"ZFYVE27","Lymphocyte","SCZ","Wald ratio",1," 0.012","0.044","  1.012","7.82e-01",NA,NA,NA,0.005417131
"SPATA20","Lymphocyte","SCZ","Wald ratio",1," 0.004","0.015","  1.004","7.82e-01",NA,NA,NA,0.005978798
"EPN3","Lymphocyte","SCZ","Wald ratio",1," 0.015","0.054","  1.015","7.82e-01",NA,NA,NA,0.005978798
"HTATIP2","Lymphocyte","SCZ","Wald ratio",1," 0.059","0.212","  1.060","7.82e-01",NA,NA,NA,0.004494236
"TMEM132B","Lymphocyte","SCZ","Wald ratio",1,"-0.003","0.009","  0.997","7.82e-01",NA,NA,NA,0.004494236
"GDF9","Lymphocyte","SCZ","Wald ratio",1," 0.002","0.009","  1.002","7.82e-01",NA,NA,NA,0.004494236
"HTATIP2","Lymphocyte","SCZ","Wald ratio",1," 0.004","0.016","  1.004","7.82e-01",NA,NA,NA,0.004494236
"NCOR2","Lymphocyte","SCZ","Simple mode",4,"-0.003","0.011","  0.997","7.82e-01",0.759512807,0.675231836,0.426455442,0.003217722
"SDR39U1","Lymphocyte","SCZ","Wald ratio",1,"-0.005","0.016","  0.995","7.83e-01",NA,NA,NA,0.007454266
"SHANK2","Lymphocyte","SCZ","MR Egger",4," 0.014","0.046","  1.015","7.83e-01",0.864002657,0.960242377,0.943070263,0.004788584
"LSAMP","Lymphocyte","SCZ","Simple mode",4," 0.006","0.021","  1.006","7.84e-01",0.298708866,0.268638452,0.378888371,0.010162297
"ADAMTS2","Lymphocyte","SCZ","MR Egger",5,"-0.008","0.027","  0.992","7.84e-01",0.232631308,0.362007245,0.853106911,0.029479662
"SLCO3A1","Lymphocyte","SCZ","MR Egger",3," 0.008","0.023","  1.008","7.84e-01",0.745774734,0.832048096,0.698519113,0.005944757
"LOC442293","Lymphocyte","SCZ","Wald ratio",1,"-0.002","0.009","  0.998","7.85e-01",NA,NA,NA,0.002948998
"CDC42","Lymphocyte","SCZ","Wald ratio",1," 0.007","0.025","  1.007","7.85e-01",NA,NA,NA,0.008459303
"OLIG3","Lymphocyte","SCZ","Wald ratio",1,"-0.010","0.035","  0.990","7.85e-01",NA,NA,NA,0.004540851
"CLN6","Lymphocyte","SCZ","Wald ratio",1,"-0.020","0.074","  0.980","7.85e-01",NA,NA,NA,0.004540856
"ATG7","Lymphocyte","SCZ","Wald ratio",1," 0.005","0.018","  1.005","7.85e-01",NA,NA,NA,0.005870409
"WWC1","Lymphocyte","SCZ","Wald ratio",1,"-0.015","0.056","  0.985","7.85e-01",NA,NA,NA,0.006227261
"LCP2","Lymphocyte","SCZ","Wald ratio",1," 0.003","0.012","  1.003","7.86e-01",NA,NA,NA,0.004745412
"BCL6","Lymphocyte","SCZ","Wald ratio",1," 0.003","0.010","  1.003","7.86e-01",NA,NA,NA,0.004744591
"TIAM1","Lymphocyte","SCZ","Wald ratio",1," 0.025","0.090","  1.025","7.86e-01",NA,NA,NA,0.004745079
"PRR20A","Lymphocyte","SCZ","Wald ratio",1," 0.003","0.012","  1.003","7.86e-01",NA,NA,NA,0.005869076
"TMEM51","Lymphocyte","SCZ","Weighted median",3,"-0.004","0.013","  0.996","7.87e-01",0.162904606,0.230069343,0.605394839,0.012736339
"KIAA1383","Lymphocyte","SCZ","Wald ratio",1,"-0.033","0.122","  0.968","7.87e-01",NA,NA,NA,0.004948087
"GPR63","Lymphocyte","SCZ","Wald ratio",1," 0.068","0.253","  1.071","7.87e-01",NA,NA,NA,0.004948087
"ST3GAL4","Lymphocyte","SCZ","Wald ratio",1,"-0.014","0.051","  0.986","7.87e-01",NA,NA,NA,0.005152496
"ZG16B","Lymphocyte","SCZ","Wald ratio",1," 0.006","0.022","  1.006","7.88e-01",NA,NA,NA,0.004792857
"PRSS33","Lymphocyte","SCZ","Wald ratio",1," 0.004","0.014","  1.004","7.88e-01",NA,NA,NA,0.004792835
"TESSP1","Lymphocyte","SCZ","Wald ratio",1," 0.003","0.012","  1.003","7.88e-01",NA,NA,NA,0.004792857
"DDX1","Lymphocyte","SCZ","Wald ratio",1,"-0.003","0.012","  0.997","7.88e-01",NA,NA,NA,0.006118606
"IL31RA","Lymphocyte","SCZ","Wald ratio",1,"-0.006","0.022","  0.994","7.89e-01",NA,NA,NA,0.008594453
"CARD11","Lymphocyte","SCZ","Wald ratio",1," 0.003","0.011","  1.003","7.89e-01",NA,NA,NA,0.004584396
"SPATA6","Lymphocyte","SCZ","Wald ratio",1,"-0.009","0.033","  0.991","7.91e-01",NA,NA,NA,0.006012215
"SLC35F3","Lymphocyte","SCZ","Weighted median",3," 0.002","0.008","  1.002","7.91e-01",0.434159619,0.318892395,0.418880783,0.005830599
"MYLK4","Lymphocyte","SCZ","Wald ratio",1,"-0.010","0.037","  0.990","7.91e-01",NA,NA,NA,0.005247327
"WDR41","Lymphocyte","SCZ","Wald ratio",1,"-0.050","0.189","  0.951","7.91e-01",NA,NA,NA,0.004480344
"SLC7A2","Lymphocyte","SCZ","Wald ratio",1,"-0.016","0.060","  0.984","7.91e-01",NA,NA,NA,0.004480344
"POLR1A","Lymphocyte","SCZ","Wald ratio",1,"-0.012","0.047","  0.988","7.91e-01",NA,NA,NA,0.004480344
"FOXN3","Lymphocyte","SCZ","Weighted mode",4,"-0.006","0.022","  0.994","7.91e-01",0.011912195,0.029115134,0.86976606,0.083203442
"SP140","Lymphocyte","SCZ","Wald ratio",1,"-0.019","0.074","  0.981","7.92e-01",NA,NA,NA,0.006213564
"CLDN18","Lymphocyte","SCZ","Wald ratio",1,"-0.004","0.015","  0.996","7.92e-01",NA,NA,NA,0.00661849
"FYN","Lymphocyte","SCZ","Inverse variance weighted",2,"-0.005","0.018","  0.995","7.93e-01",NA,0.185446479,NA,0.0151408
"TDRD1","Lymphocyte","SCZ","Wald ratio",1,"-0.003","0.011","  0.997","7.94e-01",NA,NA,NA,0.004527936
"VWA2","Lymphocyte","SCZ","Wald ratio",1,"-0.003","0.013","  0.997","7.94e-01",NA,NA,NA,0.004527941
"VSIG8","Lymphocyte","SCZ","Wald ratio",1,"-0.008","0.030","  0.992","7.94e-01",NA,NA,NA,0.004731739
"ACCN4","Lymphocyte","SCZ","Wald ratio",1," 0.003","0.011","  1.003","7.94e-01",NA,NA,NA,0.004527234
"CAMTA1","Lymphocyte","SCZ","Simple mode",3,"-0.003","0.010","  0.997","7.95e-01",0.638046367,0.61718423,0.54692153,0.004404706
"ST3GAL1","Lymphocyte","SCZ","Simple mode",3," 0.005","0.018","  1.005","7.96e-01",0.461217437,0.381857597,0.44867729,0.005428881
"PLCB3","Lymphocyte","SCZ","Wald ratio",1,"-0.003","0.010","  0.997","7.96e-01",NA,NA,NA,0.004779283
"BAD","Lymphocyte","SCZ","Wald ratio",1,"-0.016","0.062","  0.984","7.96e-01",NA,NA,NA,0.004779343
"CCDC88B","Lymphocyte","SCZ","Wald ratio",1,"-0.004","0.015","  0.996","7.96e-01",NA,NA,NA,0.004779343
"KCNK4","Lymphocyte","SCZ","Wald ratio",1,"-0.009","0.035","  0.991","7.96e-01",NA,NA,NA,0.004779341
"ANK1","Lymphocyte","SCZ","Inverse variance weighted",2," 0.003","0.010","  1.003","7.96e-01",NA,0.151444276,NA,0.008667557
"CRHR2","Lymphocyte","SCZ","Wald ratio",1,"-0.003","0.012","  0.997","7.97e-01",NA,NA,NA,0.004778585
"TTC23","Lymphocyte","SCZ","Wald ratio",1," 0.031","0.120","  1.031","7.97e-01",NA,NA,NA,0.008726749
"TTC23","Lymphocyte","SCZ","Wald ratio",1," 0.017","0.064","  1.017","7.97e-01",NA,NA,NA,0.008726749
"ELMO1","Lymphocyte","SCZ","Inverse variance weighted",2,"-0.004","0.015","  0.996","7.98e-01",NA,0.100585317,NA,0.006026898
"CASZ1","Lymphocyte","SCZ","Wald ratio",1,"-0.002","0.009","  0.998","7.98e-01",NA,NA,NA,0.004623237
"WWC2","Lymphocyte","SCZ","Wald ratio",1,"-0.003","0.012","  0.997","7.98e-01",NA,NA,NA,0.004623238
"C17orf90","Lymphocyte","SCZ","Wald ratio",1,"-0.002","0.009","  0.998","7.98e-01",NA,NA,NA,0.004418725
"TACR1","Lymphocyte","SCZ","Weighted mode",3,"-0.003","0.011","  0.997","7.99e-01",0.133263838,0.313989156,0.894768565,0.00613954
"TBC1D20","Lymphocyte","SCZ","Wald ratio",1,"-0.004","0.017","  0.996","7.99e-01",NA,NA,NA,0.005233153
"CARKD","Lymphocyte","SCZ","Wald ratio",1,"-0.004","0.018","  0.996","7.99e-01",NA,NA,NA,0.006249031
"PRDM16","Lymphocyte","SCZ","Simple mode",4,"-0.003","0.010","  0.997","8.00e-01",0.376112063,0.37882935,0.399415305,0.009918108
"FAM49A","Lymphocyte","SCZ","Weighted mode",3,"-0.003","0.009","  0.997","8.00e-01",0.561282373,0.593626222,0.55523665,0.004591346
"ZRANB3","Lymphocyte","SCZ","Wald ratio",1," 0.005","0.020","  1.005","8.00e-01",NA,NA,NA,0.009819408
"DTNBP1","Lymphocyte","SCZ","Wald ratio",1," 0.004","0.016","  1.004","8.00e-01",NA,NA,NA,0.008064996
"BAMBI","Lymphocyte","SCZ","Inverse variance weighted",2,"-0.007","0.026","  0.993","8.00e-01",NA,0.984415055,NA,0.006950573
"ITM2C","Lymphocyte","SCZ","Inverse variance weighted",3," 0.003","0.011","  1.003","8.01e-01",0.795627241,0.754980352,0.609667932,0.005397555
"GAS7","Lymphocyte","SCZ","Inverse variance weighted",2," 0.007","0.027","  1.007","8.01e-01",NA,0.031482853,NA,0.014567813
"ARID1B","Lymphocyte","SCZ","Wald ratio",1,"-0.003","0.012","  0.997","8.02e-01",NA,NA,NA,0.005125872
"TCF7L2","Lymphocyte","SCZ","Inverse variance weighted",2,"-0.003","0.011","  0.997","8.02e-01",NA,0.920795466,NA,0.00544941
"PRKAG2","Lymphocyte","SCZ","MR Egger",4," 0.005","0.018","  1.005","8.03e-01",0.615491502,0.806951215,0.946332164,0.005998156
"STOX2","Lymphocyte","SCZ","Wald ratio",1,"-0.005","0.019","  0.995","8.03e-01",NA,NA,NA,0.009161266
"TTK","Lymphocyte","SCZ","Wald ratio",1,"-0.003","0.012","  0.997","8.03e-01",NA,NA,NA,0.004514228
"PPAPDC1A","Lymphocyte","SCZ","Wald ratio",1," 0.008","0.030","  1.008","8.03e-01",NA,NA,NA,0.005531568
"ZNF365","Lymphocyte","SCZ","Inverse variance weighted",2," 0.017","0.066","  1.017","8.03e-01",NA,4.12e-05,NA,0.007633058
"TMEM104","Lymphocyte","SCZ","Inverse variance weighted",2," 0.003","0.011","  1.003","8.03e-01",NA,0.495706644,NA,0.009990644
"ASCL2","Lymphocyte","SCZ","Wald ratio",1," 0.012","0.049","  1.012","8.04e-01",NA,NA,NA,0.005580108
"MOBP","Lymphocyte","SCZ","Wald ratio",1," 0.009","0.037","  1.009","8.05e-01",NA,NA,NA,0.005579191
"TMEM51","Lymphocyte","SCZ","Inverse variance weighted",3,"-0.004","0.016","  0.996","8.05e-01",0.162904606,0.230069343,0.605394839,0.012736339
"TSPAN15","Lymphocyte","SCZ","Wald ratio",1," 0.003","0.011","  1.003","8.05e-01",NA,NA,NA,0.004562026
"DNAJC6","Lymphocyte","SCZ","Wald ratio",1,"-0.007","0.028","  0.993","8.05e-01",NA,NA,NA,0.004562022
"SLC27A1","Lymphocyte","SCZ","Wald ratio",1," 0.009","0.038","  1.009","8.05e-01",NA,NA,NA,0.007850698
"MAGI2","Lymphocyte","SCZ","Weighted mode",3," 0.005","0.019","  1.005","8.05e-01",0.495564837,0.757675098,0.813889487,0.005373086
"MYT1L","Lymphocyte","SCZ","Weighted mode",5,"-0.002","0.008","  0.998","8.06e-01",0.282865795,3.78e-05,0.025516736,0.998521529
"CPS1","Lymphocyte","SCZ","Wald ratio",1," 0.004","0.018","  1.004","8.06e-01",NA,NA,NA,0.00643765
"KCNH2","Lymphocyte","SCZ","Wald ratio",1,"-0.009","0.036","  0.991","8.06e-01",NA,NA,NA,0.00522099
"NOS3","Lymphocyte","SCZ","Wald ratio",1,"-0.003","0.013","  0.997","8.06e-01",NA,NA,NA,0.005221269
"DGKI","Lymphocyte","SCZ","Wald ratio",1," 0.017","0.068","  1.017","8.07e-01",NA,NA,NA,0.005017092
"CCDC40","Lymphocyte","SCZ","Wald ratio",1,"-0.002","0.010","  0.998","8.07e-01",NA,NA,NA,0.004406568
"ERC2","Lymphocyte","SCZ","Weighted median",3,"-0.003","0.012","  0.997","8.07e-01",0.00507426,0.019610078,0.976574367,0.181444953
"SYS1","Lymphocyte","SCZ","Wald ratio",1," 0.014","0.058","  1.014","8.08e-01",NA,NA,NA,0.005269003
"RASGRF2","Lymphocyte","SCZ","Wald ratio",1,"-0.005","0.020","  0.995","8.08e-01",NA,NA,NA,0.008795428
"SKA1","Lymphocyte","SCZ","Wald ratio",1,"-0.004","0.018","  0.996","8.09e-01",NA,NA,NA,0.004658304
"RAD52","Lymphocyte","SCZ","Wald ratio",1,"-0.003","0.013","  0.997","8.09e-01",NA,NA,NA,0.004454453
"ASL","Lymphocyte","SCZ","Wald ratio",1," 0.002","0.009","  1.002","8.09e-01",NA,NA,NA,0.004404949
"TBC1D9B","Lymphocyte","SCZ","Wald ratio",1,"-0.002","0.010","  0.998","8.09e-01",NA,NA,NA,0.004453912
"PPFIA4","Lymphocyte","SCZ","Wald ratio",1,"-0.002","0.010","  0.998","8.09e-01",NA,NA,NA,0.004448302
"DGCR14","Lymphocyte","SCZ","Wald ratio",1,"-0.037","0.153","  0.964","8.11e-01",NA,NA,NA,0.004706179
"GSC2","Lymphocyte","SCZ","Wald ratio",1,"-0.006","0.027","  0.994","8.11e-01",NA,NA,NA,0.004706179
"NXN","Lymphocyte","SCZ","Simple mode",4," 0.002","0.009","  1.002","8.11e-01",0.196496776,0.165156695,0.399198548,0.00508947
"ZNF579","Lymphocyte","SCZ","Wald ratio",1,"-0.004","0.018","  0.996","8.11e-01",NA,NA,NA,0.005567732
"C3orf32","Lymphocyte","SCZ","Wald ratio",1,"-0.003","0.012","  0.997","8.11e-01",NA,NA,NA,0.005567732
"C3orf27","Lymphocyte","SCZ","Wald ratio",1,"-0.009","0.036","  0.991","8.12e-01",NA,NA,NA,0.004501833
"EFNA5","Lymphocyte","SCZ","MR Egger",3,"-0.023","0.075","  0.977","8.12e-01",0.001788789,0.007226016,0.934005818,0.414558478
"PDE4DIP","Lymphocyte","SCZ","Wald ratio",1,"-0.015","0.062","  0.985","8.13e-01",NA,NA,NA,0.019797025
"CFDP1","Lymphocyte","SCZ","Wald ratio",1," 0.003","0.011","  1.003","8.14e-01",NA,NA,NA,0.00454978
"TAF1B","Lymphocyte","SCZ","Wald ratio",1,"-0.012","0.050","  0.988","8.14e-01",NA,NA,NA,0.006926147
"NINJ2","Lymphocyte","SCZ","Wald ratio",1,"-0.112","0.479","  0.894","8.15e-01",NA,NA,NA,0.005865353
"LIPA","Lymphocyte","SCZ","Wald ratio",1," 0.005","0.022","  1.005","8.15e-01",NA,NA,NA,0.006520715
"ZNF423","Lymphocyte","SCZ","Inverse variance weighted",2,"-0.002","0.009","  0.998","8.15e-01",NA,0.911161789,NA,0.004296102
"GNASAS","Lymphocyte","SCZ","Wald ratio",1," 0.003","0.013","  1.003","8.16e-01",NA,NA,NA,0.004394409
"MIR298","Lymphocyte","SCZ","Wald ratio",1," 0.007","0.031","  1.007","8.16e-01",NA,NA,NA,0.004394409
"CETP","Lymphocyte","SCZ","Wald ratio",1,"-0.060","0.258","  0.942","8.16e-01",NA,NA,NA,0.005256221
"SBSN","Lymphocyte","SCZ","Wald ratio",1,"-0.003","0.013","  0.997","8.16e-01",NA,NA,NA,0.00636701
"GAPDHS","Lymphocyte","SCZ","Wald ratio",1,"-0.003","0.013","  0.997","8.16e-01",NA,NA,NA,0.00636701
"ATP4A","Lymphocyte","SCZ","Wald ratio",1,"-0.007","0.031","  0.993","8.16e-01",NA,NA,NA,0.00636701
"GLRX","Lymphocyte","SCZ","Wald ratio",1," 0.005","0.022","  1.005","8.17e-01",NA,NA,NA,0.005507995
"ITIH5","Lymphocyte","SCZ","Inverse variance weighted",2,"-0.002","0.011","  0.998","8.17e-01",NA,0.530577171,NA,0.00549444
"AJAP1","Lymphocyte","SCZ","Weighted mode",3,"-0.004","0.015","  0.996","8.17e-01",0.628953306,0.317330986,0.387247434,0.009487118
"SDK1","Lymphocyte","SCZ","Simple mode",3," 0.003","0.011","  1.003","8.17e-01",0.556395222,0.840971375,0.987093894,0.005283807
"C9orf98","Lymphocyte","SCZ","Wald ratio",1," 0.003","0.013","  1.003","8.17e-01",NA,NA,NA,0.005507264
"RNF157","Lymphocyte","SCZ","Wald ratio",1," 0.004","0.019","  1.004","8.18e-01",NA,NA,NA,0.008371172
"LOC388796","Lymphocyte","SCZ","Wald ratio",1,"-0.003","0.013","  0.997","8.18e-01",NA,NA,NA,0.005960889
"DNAJC15","Lymphocyte","SCZ","Wald ratio",1,"-0.002","0.009","  0.998","8.18e-01",NA,NA,NA,0.004441978
"UBE2U","Lymphocyte","SCZ","Wald ratio",1,"-0.002","0.009","  0.998","8.18e-01",NA,NA,NA,0.004441693
"PRDM16","Lymphocyte","SCZ","Weighted mode",4,"-0.002","0.010","  0.998","8.19e-01",0.376112063,0.37882935,0.399415305,0.009918108
"SGMS1","Lymphocyte","SCZ","Wald ratio",1," 0.003","0.012","  1.003","8.19e-01",NA,NA,NA,0.004694283
"SYT3","Lymphocyte","SCZ","Wald ratio",1," 0.003","0.014","  1.003","8.19e-01",NA,NA,NA,0.005806698
"ADCY3","Lymphocyte","SCZ","Inverse variance weighted",2,"-0.002","0.008","  0.998","8.20e-01",NA,0.775932078,NA,0.00459123
"CLPS","Lymphocyte","SCZ","Wald ratio",1," 0.002","0.010","  1.002","8.20e-01",NA,NA,NA,0.004490504
"C6orf127","Lymphocyte","SCZ","Wald ratio",1," 0.004","0.019","  1.004","8.20e-01",NA,NA,NA,0.004490504
"AKAP12","Lymphocyte","SCZ","Wald ratio",1,"-0.179","0.789","  0.836","8.21e-01",NA,NA,NA,0.007613608
"DLEU7","Lymphocyte","SCZ","Wald ratio",1,"-0.005","0.023","  0.995","8.21e-01",NA,NA,NA,0.009607241
"MIR200A","Lymphocyte","SCZ","Wald ratio",1,"-0.005","0.021","  0.995","8.22e-01",NA,NA,NA,0.008930026
"GPR111","Lymphocyte","SCZ","Wald ratio",1," 0.002","0.009","  1.002","8.22e-01",NA,NA,NA,0.004515736
"ST6GALNAC3","Lymphocyte","SCZ","MR Egger",3,"-0.007","0.025","  0.993","8.22e-01",0.776363944,0.562440123,0.48919657,0.013143004
"RAB38","Lymphocyte","SCZ","Wald ratio",1," 0.002","0.009","  1.002","8.22e-01",NA,NA,NA,0.004538133
"OAT","Lymphocyte","SCZ","Wald ratio",1,"-0.003","0.013","  0.997","8.23e-01",NA,NA,NA,0.005901633
"CUX2","Lymphocyte","SCZ","Wald ratio",1," 0.005","0.022","  1.005","8.24e-01",NA,NA,NA,0.005244631
"ATXN7L1","Lymphocyte","SCZ","Inverse variance weighted",2,"-0.004","0.018","  0.996","8.24e-01",NA,0.01449687,NA,0.011774757
"SLCO3A1","Lymphocyte","SCZ","Weighted median",3,"-0.002","0.008","  0.998","8.25e-01",0.745774734,0.832048096,0.698519113,0.005944757
"PRKCA","Lymphocyte","SCZ","Inverse variance weighted",4," 0.005","0.023","  1.005","8.25e-01",0.010111208,0.026874139,0.988013738,0.015972828
"ALG10B","Lymphocyte","SCZ","Wald ratio",1,"-0.020","0.091","  0.980","8.25e-01",NA,NA,NA,0.004382473
"SDK2","Lymphocyte","SCZ","Inverse variance weighted",2," 0.002","0.011","  1.002","8.26e-01",NA,0.210799436,NA,0.006752201
"KCP","Lymphocyte","SCZ","Wald ratio",1,"-0.020","0.090","  0.980","8.26e-01",NA,NA,NA,0.005795375
"CHST6","Lymphocyte","SCZ","Inverse variance weighted",2," 0.002","0.009","  1.002","8.27e-01",NA,0.575621129,NA,0.010268046
"BACH2","Lymphocyte","SCZ","Inverse variance weighted",2," 0.007","0.033","  1.007","8.27e-01",NA,3.45e-05,NA,0.013076753
"LOC388796","Lymphocyte","SCZ","Wald ratio",1,"-0.005","0.022","  0.995","8.27e-01",NA,NA,NA,0.009935913
"FGFBP1","Lymphocyte","SCZ","Wald ratio",1," 0.005","0.021","  1.005","8.27e-01",NA,NA,NA,0.004430654
"CHAT","Lymphocyte","SCZ","Wald ratio",1," 0.002","0.009","  1.002","8.27e-01",NA,NA,NA,0.004430654
"BACE1","Lymphocyte","SCZ","Wald ratio",1," 0.002","0.011","  1.002","8.27e-01",NA,NA,NA,0.004430654
"ZSCAN22","Lymphocyte","SCZ","Wald ratio",1,"-0.005","0.024","  0.995","8.28e-01",NA,NA,NA,0.008475211
"A1BG","Lymphocyte","SCZ","Wald ratio",1,"-0.005","0.022","  0.995","8.28e-01",NA,NA,NA,0.008596097
"NCRNA00181","Lymphocyte","SCZ","Wald ratio",1,"-0.004","0.019","  0.996","8.28e-01",NA,NA,NA,0.008596097
"CSMD1","Lymphocyte","SCZ","MR Egger",4,"-0.003","0.013","  0.997","8.28e-01",0.742387939,0.244885456,0.199723882,0.016214765
"CACNA1E","Lymphocyte","SCZ","Wald ratio",1,"-0.024","0.113","  0.976","8.29e-01",NA,NA,NA,0.006344369
"EGLN2","Lymphocyte","SCZ","Wald ratio",1,"-0.020","0.092","  0.980","8.29e-01",NA,NA,NA,0.00493419
"TOX4","Lymphocyte","SCZ","Wald ratio",1," 0.002","0.010","  1.002","8.29e-01",NA,NA,NA,0.00493419
"SIM2","Lymphocyte","SCZ","Wald ratio",1,"-0.013","0.061","  0.987","8.29e-01",NA,NA,NA,0.00493419
"CPN1","Lymphocyte","SCZ","Wald ratio",1,"-0.002","0.009","  0.998","8.29e-01",NA,NA,NA,0.004479251
"RPH3AL","Lymphocyte","SCZ","Wald ratio",1,"-0.003","0.013","  0.997","8.30e-01",NA,NA,NA,0.005436058
"SLC44A2","Lymphocyte","SCZ","Inverse variance weighted",2," 0.002","0.007","  1.002","8.30e-01",NA,0.934555363,NA,0.003988209
"FOXN3","Lymphocyte","SCZ","MR Egger",4," 0.051","0.211","  1.053","8.31e-01",0.011912195,0.029115134,0.86976606,0.083203442
"SPATA13","Lymphocyte","SCZ","MR Egger",3," 0.010","0.036","  1.010","8.31e-01",0.59277256,0.710825641,0.642201727,0.010894742
"TACR1","Lymphocyte","SCZ","Inverse variance weighted",3," 0.001","0.006","  1.001","8.32e-01",0.133263838,0.313989156,0.894768565,0.00613954
"DPYS","Lymphocyte","SCZ","Wald ratio",1,"-0.005","0.022","  0.995","8.33e-01",NA,NA,NA,0.004575705
"LTBP1","Lymphocyte","SCZ","Wald ratio",1,"-0.005","0.023","  0.995","8.33e-01",NA,NA,NA,0.006237049
"ANK2","Lymphocyte","SCZ","Inverse variance weighted",2,"-0.002","0.009","  0.998","8.33e-01",NA,0.354073229,NA,0.008494096
"EIF4E3","Lymphocyte","SCZ","Wald ratio",1,"-0.003","0.016","  0.997","8.33e-01",NA,NA,NA,0.005783908
"PROK2","Lymphocyte","SCZ","Wald ratio",1,"-0.026","0.124","  0.974","8.33e-01",NA,NA,NA,0.005783908
"LOC100133469","Lymphocyte","SCZ","Wald ratio",1," 0.005","0.026","  1.005","8.34e-01",NA,NA,NA,0.011686341
"TMEM117","Lymphocyte","SCZ","Wald ratio",1,"-0.003","0.012","  0.997","8.34e-01",NA,NA,NA,0.00603458
"ANKS1A","Lymphocyte","SCZ","Wald ratio",1,"-0.002","0.010","  0.998","8.34e-01",NA,NA,NA,0.004371965
"ZNF366","Lymphocyte","SCZ","Wald ratio",1,"-0.003","0.015","  0.997","8.34e-01",NA,NA,NA,0.00558165
"DSC3","Lymphocyte","SCZ","Inverse variance weighted",2," 0.002","0.008","  1.002","8.34e-01",NA,0.899668423,NA,0.004406004
"MRPS9","Lymphocyte","SCZ","Wald ratio",1," 0.002","0.009","  1.002","8.34e-01",NA,NA,NA,0.004368105
"C22orf33","Lymphocyte","SCZ","Wald ratio",1," 0.004","0.021","  1.004","8.34e-01",NA,NA,NA,0.004371622
"SERPINA4","Lymphocyte","SCZ","Wald ratio",1,"-0.002","0.010","  0.998","8.34e-01",NA,NA,NA,0.004623961
"SERPINA5","Lymphocyte","SCZ","Wald ratio",1,"-0.030","0.142","  0.971","8.34e-01",NA,NA,NA,0.004623961
"IL17RA","Lymphocyte","SCZ","Inverse variance weighted",2," 0.002","0.011","  1.002","8.35e-01",NA,0.914581976,NA,0.004825205
"CDKAL1","Lymphocyte","SCZ","Wald ratio",1,"-0.004","0.019","  0.996","8.35e-01",NA,NA,NA,0.009175339
"MYPN","Lymphocyte","SCZ","Wald ratio",1," 0.002","0.010","  1.002","8.35e-01",NA,NA,NA,0.004623581
"TMPRSS4","Lymphocyte","SCZ","Wald ratio",1," 0.004","0.018","  1.004","8.35e-01",NA,NA,NA,0.005127305
"B4GALNT4","Lymphocyte","SCZ","Wald ratio",1," 0.016","0.077","  1.016","8.35e-01",NA,NA,NA,0.007783278
"GPR88","Lymphocyte","SCZ","Wald ratio",1," 0.002","0.009","  1.002","8.36e-01",NA,NA,NA,0.004420274
"ENC1","Lymphocyte","SCZ","Wald ratio",1," 0.011","0.051","  1.011","8.36e-01",NA,NA,NA,0.007082635
"R3HCC1","Lymphocyte","SCZ","Wald ratio",1,"-0.005","0.025","  0.995","8.36e-01",NA,NA,NA,0.004419936
"NPDC1","Lymphocyte","SCZ","Wald ratio",1,"-0.003","0.017","  0.997","8.37e-01",NA,NA,NA,0.004671858
"ZFP42","Lymphocyte","SCZ","Wald ratio",1," 0.011","0.055","  1.011","8.37e-01",NA,NA,NA,0.004671858
"C9orf139","Lymphocyte","SCZ","Wald ratio",1,"-0.003","0.015","  0.997","8.37e-01",NA,NA,NA,0.004671858
"MAN1B1","Lymphocyte","SCZ","Wald ratio",1,"-0.002","0.010","  0.998","8.37e-01",NA,NA,NA,0.004443397
"C9orf139","Lymphocyte","SCZ","Wald ratio",1,"-0.004","0.018","  0.996","8.37e-01",NA,NA,NA,0.004671858
"RNF44","Lymphocyte","SCZ","Wald ratio",1," 0.003","0.016","  1.003","8.37e-01",NA,NA,NA,0.005677865
"EYA1","Lymphocyte","SCZ","Wald ratio",1,"-0.004","0.020","  0.996","8.38e-01",NA,NA,NA,0.004468602
"SLC35E3","Lymphocyte","SCZ","Wald ratio",1,"-0.015","0.074","  0.985","8.38e-01",NA,NA,NA,0.004720523
"RALBP1","Lymphocyte","SCZ","Wald ratio",1," 0.004","0.019","  1.004","8.38e-01",NA,NA,NA,0.004468267
"RORA","Lymphocyte","SCZ","Weighted median",4,"-0.002","0.009","  0.998","8.38e-01",0.069013893,0.045675333,0.422938487,0.011188699
"PREX2","Lymphocyte","SCZ","Wald ratio",1," 0.004","0.019","  1.004","8.39e-01",NA,NA,NA,0.007427594
"PRDM16","Lymphocyte","SCZ","Weighted median",4,"-0.001","0.007","  0.999","8.39e-01",0.376112063,0.37882935,0.399415305,0.009918108
"MSC","Lymphocyte","SCZ","Wald ratio",1," 0.003","0.014","  1.003","8.39e-01",NA,NA,NA,0.005576257
"SH2B2","Lymphocyte","SCZ","Wald ratio",1," 0.003","0.013","  1.003","8.39e-01",NA,NA,NA,0.00622669
"PRKCE","Lymphocyte","SCZ","Inverse variance weighted",2," 0.003","0.015","  1.003","8.40e-01",NA,0.067805764,NA,0.015262873
"SLC18A1","Lymphocyte","SCZ","Wald ratio",1,"-0.002","0.011","  0.998","8.40e-01",NA,NA,NA,0.005271932
"AP1M2","Lymphocyte","SCZ","Wald ratio",1," 0.006","0.029","  1.006","8.40e-01",NA,NA,NA,0.00476846
"TUBB8","Lymphocyte","SCZ","Wald ratio",1," 0.002","0.011","  1.002","8.40e-01",NA,NA,NA,0.00476846
"TSKU","Lymphocyte","SCZ","Wald ratio",1," 0.004","0.019","  1.004","8.40e-01",NA,NA,NA,0.005773589
"RRM1","Lymphocyte","SCZ","Wald ratio",1,"-0.072","0.360","  0.930","8.41e-01",NA,NA,NA,0.004565307
"CTBP2","Lymphocyte","SCZ","Inverse variance weighted",2,"-0.003","0.014","  0.997","8.42e-01",NA,0.736606211,NA,0.004583241
"RAD54B","Lymphocyte","SCZ","Wald ratio",1," 0.002","0.010","  1.002","8.42e-01",NA,NA,NA,0.00456498
"SLIT3","Lymphocyte","SCZ","Simple mode",4," 0.002","0.009","  1.002","8.42e-01",0.171499316,0.317315206,0.99001218,0.00503292
"CD48","Lymphocyte","SCZ","Wald ratio",1," 0.004","0.018","  1.004","8.42e-01",NA,NA,NA,0.005068366
"ACLY","Lymphocyte","SCZ","Wald ratio",1,"-0.011","0.054","  0.989","8.42e-01",NA,NA,NA,0.007819865
"ABCC1","Lymphocyte","SCZ","Inverse variance weighted",2,"-0.004","0.022","  0.996","8.42e-01",NA,0.045990742,NA,0.012204152
"SMR3B","Lymphocyte","SCZ","Wald ratio",1," 0.003","0.014","  1.003","8.43e-01",NA,NA,NA,0.006370863
"OR5AU1","Lymphocyte","SCZ","Wald ratio",1,"-0.002","0.012","  0.998","8.43e-01",NA,NA,NA,0.005869898
"BTBD3","Lymphocyte","SCZ","Wald ratio",1,"-0.004","0.022","  0.996","8.43e-01",NA,NA,NA,0.005116602
"TECTA","Lymphocyte","SCZ","Wald ratio",1,"-0.002","0.009","  0.998","8.43e-01",NA,NA,NA,0.004361382
"CA3","Lymphocyte","SCZ","Wald ratio",1," 0.004","0.022","  1.004","8.45e-01",NA,NA,NA,0.005164966
"SUMO3","Lymphocyte","SCZ","Wald ratio",1,"-0.043","0.220","  0.958","8.45e-01",NA,NA,NA,0.004913472
"PITRM1","Lymphocyte","SCZ","Wald ratio",1,"-0.051","0.262","  0.950","8.45e-01",NA,NA,NA,0.004913472
"CDH5","Lymphocyte","SCZ","Wald ratio",1,"-0.003","0.018","  0.997","8.45e-01",NA,NA,NA,0.004410093
"MYCN","Lymphocyte","SCZ","Wald ratio",1," 0.002","0.011","  1.002","8.45e-01",NA,NA,NA,0.004661755
"TTLL11","Lymphocyte","SCZ","Wald ratio",1,"-0.002","0.009","  0.998","8.45e-01",NA,NA,NA,0.004409819
"DAB2IP","Lymphocyte","SCZ","Wald ratio",1,"-0.002","0.009","  0.998","8.45e-01",NA,NA,NA,0.003994869
"LOC154822","Lymphocyte","SCZ","Wald ratio",1,"-0.002","0.011","  0.998","8.45e-01",NA,NA,NA,0.004409819
"EBPL","Lymphocyte","SCZ","Wald ratio",1,"-0.063","0.322","  0.939","8.45e-01",NA,NA,NA,0.004409819
"FMNL2","Lymphocyte","SCZ","Wald ratio",1," 0.004","0.019","  1.004","8.46e-01",NA,NA,NA,0.005213674
"ASAM","Lymphocyte","SCZ","Wald ratio",1,"-0.003","0.017","  0.997","8.46e-01",NA,NA,NA,0.004962187
"NUDT18","Lymphocyte","SCZ","Wald ratio",1," 0.002","0.009","  1.002","8.47e-01",NA,NA,NA,0.004458272
"FAM160B2","Lymphocyte","SCZ","Wald ratio",1," 0.003","0.016","  1.003","8.47e-01",NA,NA,NA,0.004458255
"EPB49","Lymphocyte","SCZ","Wald ratio",1," 0.003","0.015","  1.003","8.47e-01",NA,NA,NA,0.00445824
"OSCP1","Lymphocyte","SCZ","Wald ratio",1," 0.005","0.024","  1.005","8.48e-01",NA,NA,NA,0.005261612
"FAR2","Lymphocyte","SCZ","Wald ratio",1,"-0.010","0.050","  0.990","8.48e-01",NA,NA,NA,0.004507016
"ERGIC2","Lymphocyte","SCZ","Wald ratio",1,"-0.003","0.015","  0.997","8.48e-01",NA,NA,NA,0.004507016
"ACSL1","Lymphocyte","SCZ","Weighted mode",3,"-0.002","0.010","  0.998","8.49e-01",0.540428027,0.795376301,0.821291832,0.004491782
"LOC727677","Lymphocyte","SCZ","Wald ratio",1," 0.003","0.015","  1.003","8.49e-01",NA,NA,NA,0.007159429
"BMP1","Lymphocyte","SCZ","Wald ratio",1,"-0.002","0.012","  0.998","8.49e-01",NA,NA,NA,0.005044678
"EPDR1","Lymphocyte","SCZ","Wald ratio",1," 0.002","0.011","  1.002","8.49e-01",NA,NA,NA,0.005058596
"BMP1","Lymphocyte","SCZ","Wald ratio",1,"-0.002","0.012","  0.998","8.49e-01",NA,NA,NA,0.005058596
"CHST9","Lymphocyte","SCZ","Wald ratio",1," 0.002","0.010","  1.002","8.50e-01",NA,NA,NA,0.004807325
"FLT4","Lymphocyte","SCZ","Wald ratio",1,"-0.002","0.011","  0.998","8.50e-01",NA,NA,NA,0.004555493
"LOC257358","Lymphocyte","SCZ","Wald ratio",1," 0.003","0.014","  1.003","8.50e-01",NA,NA,NA,0.004555219
"CAMK1D","Lymphocyte","SCZ","Weighted median",3," 0.002","0.009","  1.002","8.51e-01",0.83686358,0.022493999,0.222249554,0.166381169
"TNS3","Lymphocyte","SCZ","Inverse variance weighted",2," 0.001","0.008","  1.001","8.51e-01",NA,0.957946151,NA,0.004485218
"SLC14A1","Lymphocyte","SCZ","Inverse variance weighted",2," 0.002","0.013","  1.003","8.52e-01",NA,0.119859217,NA,0.004750048
"NUDT12","Lymphocyte","SCZ","Wald ratio",1,"-0.055","0.295","  0.946","8.52e-01",NA,NA,NA,0.005957184
"PHGR1","Lymphocyte","SCZ","Wald ratio",1,"-0.004","0.020","  0.996","8.53e-01",NA,NA,NA,0.004351724
"BAHD1","Lymphocyte","SCZ","Wald ratio",1,"-0.005","0.029","  0.995","8.53e-01",NA,NA,NA,0.004351687
"ZNF606","Lymphocyte","SCZ","Wald ratio",1," 0.025","0.132","  1.025","8.53e-01",NA,NA,NA,0.004351661
"MGMT","Lymphocyte","SCZ","Inverse variance weighted",2," 0.002","0.013","  1.002","8.53e-01",NA,0.800596844,NA,0.005102875
"WT1","Lymphocyte","SCZ","Inverse variance weighted",2," 0.002","0.011","  1.002","8.54e-01",NA,0.244291596,NA,0.005645872
"ADRB2","Lymphocyte","SCZ","Wald ratio",1," 0.027","0.147","  1.028","8.54e-01",NA,NA,NA,0.004400535
"ITM2C","Lymphocyte","SCZ","Weighted median",3," 0.002","0.011","  1.002","8.54e-01",0.795627241,0.754980352,0.609667932,0.005397555
"FRMD3","Lymphocyte","SCZ","Wald ratio",1,"-0.012","0.066","  0.988","8.54e-01",NA,NA,NA,0.005503758
"RFTN2","Lymphocyte","SCZ","Wald ratio",1,"-0.005","0.029","  0.995","8.54e-01",NA,NA,NA,0.005503758
"CYP26C1","Lymphocyte","SCZ","Wald ratio",1,"-0.002","0.012","  0.998","8.55e-01",NA,NA,NA,0.004700732
"PPAP2C","Lymphocyte","SCZ","Wald ratio",1," 0.003","0.014","  1.003","8.56e-01",NA,NA,NA,0.0044491
"RGS9","Lymphocyte","SCZ","Wald ratio",1," 0.003","0.016","  1.003","8.56e-01",NA,NA,NA,0.007743675
"PDXK","Lymphocyte","SCZ","Wald ratio",1," 0.002","0.012","  1.002","8.56e-01",NA,NA,NA,0.004749521
"OSBPL1A","Lymphocyte","SCZ","Wald ratio",1," 0.010","0.057","  1.010","8.58e-01",NA,NA,NA,0.005098124
"CCL1","Lymphocyte","SCZ","Wald ratio",1," 0.006","0.032","  1.006","8.59e-01",NA,NA,NA,0.009318421
"CCL13","Lymphocyte","SCZ","Wald ratio",1," 0.004","0.021","  1.004","8.59e-01",NA,NA,NA,0.008113098
"HIF3A","Lymphocyte","SCZ","Wald ratio",1,"-0.019","0.108","  0.981","8.59e-01",NA,NA,NA,0.005697302
"C10orf90","Lymphocyte","SCZ","Inverse variance weighted",2," 0.003","0.016","  1.003","8.59e-01",NA,0.254790006,NA,0.005644882
"PDE8A","Lymphocyte","SCZ","Wald ratio",1,"-0.003","0.018","  0.997","8.60e-01",NA,NA,NA,0.008528448
"UNC93B1","Lymphocyte","SCZ","Wald ratio",1," 0.005","0.029","  1.005","8.60e-01",NA,NA,NA,0.005146335
"ALDH3B1","Lymphocyte","SCZ","Wald ratio",1," 0.003","0.017","  1.003","8.60e-01",NA,NA,NA,0.005146335
"RUNX1","Lymphocyte","SCZ","Wald ratio",1,"-0.005","0.031","  0.995","8.60e-01",NA,NA,NA,0.006295146
"RUNX1","Lymphocyte","SCZ","Wald ratio",1,"-0.005","0.027","  0.995","8.60e-01",NA,NA,NA,0.006295146
"LDHD","Lymphocyte","SCZ","Wald ratio",1," 0.003","0.019","  1.003","8.61e-01",NA,NA,NA,0.006343443
"HPSE2","Lymphocyte","SCZ","Inverse variance weighted",2,"-0.012","0.066","  0.989","8.61e-01",NA,0.01273242,NA,0.02546913
"NEDD4L","Lymphocyte","SCZ","Wald ratio",1,"-0.002","0.009","  0.998","8.61e-01",NA,NA,NA,0.00434291
"RSPO4","Lymphocyte","SCZ","Wald ratio",1," 0.008","0.044","  1.008","8.61e-01",NA,NA,NA,0.005494782
"OXGR1","Lymphocyte","SCZ","Wald ratio",1,"-0.003","0.019","  0.997","8.62e-01",NA,NA,NA,0.004342713
"LDLRAD3","Lymphocyte","SCZ","MR Egger",3," 0.004","0.018","  1.004","8.62e-01",0.823352925,0.655012328,0.536160428,0.009573542
"FAM108B1","Lymphocyte","SCZ","Wald ratio",1," 0.006","0.035","  1.006","8.62e-01",NA,NA,NA,0.006641332
"ALAD","Lymphocyte","SCZ","Wald ratio",1," 0.003","0.018","  1.003","8.62e-01",NA,NA,NA,0.004643239
"KIAA1026","Lymphocyte","SCZ","Simple mode",3,"-0.002","0.008","  0.998","8.63e-01",0.16119085,0.101191552,0.454304671,0.007435678
"RNF138","Lymphocyte","SCZ","Wald ratio",1,"-0.002","0.009","  0.998","8.63e-01",NA,NA,NA,0.00439157
"ANKH","Lymphocyte","SCZ","Wald ratio",1," 0.004","0.021","  1.004","8.63e-01",NA,NA,NA,0.004391376
"KDM4C","Lymphocyte","SCZ","Wald ratio",1," 0.002","0.013","  1.002","8.63e-01",NA,NA,NA,0.004692077
"CXCL12","Lymphocyte","SCZ","Wald ratio",1,"-0.004","0.023","  0.996","8.63e-01",NA,NA,NA,0.004691997
"CD300LB","Lymphocyte","SCZ","Wald ratio",1," 0.004","0.022","  1.004","8.65e-01",NA,NA,NA,0.004440048
"CD300A","Lymphocyte","SCZ","Wald ratio",1," 0.003","0.016","  1.003","8.65e-01",NA,NA,NA,0.004440048
"FAM49A","Lymphocyte","SCZ","Simple mode",3,"-0.002","0.011","  0.998","8.65e-01",0.561282373,0.593626222,0.55523665,0.004591346
"ZMAT3","Lymphocyte","SCZ","Wald ratio",1," 0.003","0.015","  1.003","8.65e-01",NA,NA,NA,0.005040848
"ACTN1","Lymphocyte","SCZ","Wald ratio",1,"-0.003","0.019","  0.997","8.65e-01",NA,NA,NA,0.005336594
"ANGPT2","Lymphocyte","SCZ","MR Egger",3," 0.032","0.150","  1.033","8.65e-01",0.776080609,0.938872328,0.866565498,0.004865481
"FAM38B","Lymphocyte","SCZ","Inverse variance weighted",3," 0.002","0.010","  1.002","8.66e-01",0.686219972,0.906905496,0.886920939,0.004830112
"VGF","Lymphocyte","SCZ","Wald ratio",1," 0.005","0.031","  1.005","8.66e-01",NA,NA,NA,0.005089429
"LOC440839","Lymphocyte","SCZ","Wald ratio",1," 0.002","0.012","  1.002","8.66e-01",NA,NA,NA,0.004488729
"LOC440839","Lymphocyte","SCZ","Wald ratio",1," 0.004","0.022","  1.004","8.66e-01",NA,NA,NA,0.004488729
"PLA2G4C","Lymphocyte","SCZ","Wald ratio",1," 0.002","0.010","  1.002","8.66e-01",NA,NA,NA,0.004488729
"RNU5E","Lymphocyte","SCZ","Wald ratio",1,"-0.012","0.070","  0.988","8.66e-01",NA,NA,NA,0.005389208
"ACOT12","Lymphocyte","SCZ","Wald ratio",1,"-0.004","0.024","  0.996","8.66e-01",NA,NA,NA,0.005389208
"RNU5D","Lymphocyte","SCZ","Wald ratio",1,"-0.006","0.034","  0.994","8.66e-01",NA,NA,NA,0.005389208
"F13A1","Lymphocyte","SCZ","Wald ratio",1," 0.022","0.132","  1.022","8.67e-01",NA,NA,NA,0.005388936
"PLEKHF2","Lymphocyte","SCZ","Wald ratio",1," 0.002","0.011","  1.002","8.67e-01",NA,NA,NA,0.004827569
"CNTN4","Lymphocyte","SCZ","Inverse variance weighted",2," 0.002","0.010","  1.002","8.67e-01",NA,0.276123591,NA,0.009952845
"DLGAP2","Lymphocyte","SCZ","MR Egger",3,"-0.009","0.044","  0.991","8.68e-01",0.428237109,0.72511042,0.921746506,0.005376055
"SHROOM3","Lymphocyte","SCZ","Inverse variance weighted",2,"-0.003","0.018","  0.997","8.68e-01",NA,0.151775404,NA,0.005010852
"TMEM51","Lymphocyte","SCZ","Weighted mode",3," 0.003","0.015","  1.003","8.68e-01",0.162904606,0.230069343,0.605394839,0.012736339
"ITM2C","Lymphocyte","SCZ","Weighted mode",3," 0.002","0.011","  1.002","8.69e-01",0.795627241,0.754980352,0.609667932,0.005397555
"KCNE1","Lymphocyte","SCZ","Wald ratio",1,"-0.002","0.015","  0.998","8.69e-01",NA,NA,NA,0.005486014
"FAM189A1","Lymphocyte","SCZ","Inverse variance weighted",2,"-0.002","0.014","  0.998","8.70e-01",NA,0.126484213,NA,0.006595502
"LOC285419","Lymphocyte","SCZ","Wald ratio",1," 0.002","0.015","  1.002","8.70e-01",NA,NA,NA,0.00553456
"SDC2","Lymphocyte","SCZ","Wald ratio",1," 0.002","0.011","  1.002","8.70e-01",NA,NA,NA,0.004932126
"DDX20","Lymphocyte","SCZ","Wald ratio",1,"-0.007","0.041","  0.993","8.71e-01",NA,NA,NA,0.006479901
"SLFN12","Lymphocyte","SCZ","Wald ratio",1," 0.004","0.025","  1.004","8.71e-01",NA,NA,NA,0.004334438
"PARD6B","Lymphocyte","SCZ","Wald ratio",1," 0.006","0.035","  1.006","8.71e-01",NA,NA,NA,0.009197118
"OR4N5","Lymphocyte","SCZ","Wald ratio",1,"-0.002","0.013","  0.998","8.71e-01",NA,NA,NA,0.004334278
"C15orf2","Lymphocyte","SCZ","Wald ratio",1," 0.002","0.014","  1.002","8.71e-01",NA,NA,NA,0.006479682
"PVR","Lymphocyte","SCZ","Wald ratio",1," 0.004","0.023","  1.004","8.71e-01",NA,NA,NA,0.005882603
"ELOVL5","Lymphocyte","SCZ","Wald ratio",1," 0.118","0.729","  1.125","8.72e-01",NA,NA,NA,0.006229495
"TRPM7","Lymphocyte","SCZ","Wald ratio",1," 0.002","0.010","  1.002","8.72e-01",NA,NA,NA,0.0043832
"FERMT1","Lymphocyte","SCZ","Inverse variance weighted",2,"-0.004","0.025","  0.996","8.72e-01",NA,0.084096859,NA,0.027050768
"TFIP11","Lymphocyte","SCZ","Wald ratio",1," 0.002","0.009","  1.002","8.72e-01",NA,NA,NA,0.004383042
"HPS4","Lymphocyte","SCZ","Wald ratio",1," 0.005","0.031","  1.005","8.72e-01",NA,NA,NA,0.004380446
"CNRIP1","Lymphocyte","SCZ","Wald ratio",1," 0.003","0.019","  1.003","8.73e-01",NA,NA,NA,0.004732429
"PFKP","Lymphocyte","SCZ","Wald ratio",1," 0.003","0.016","  1.003","8.74e-01",NA,NA,NA,0.004431813
"TRIM9","Lymphocyte","SCZ","Wald ratio",1," 0.006","0.039","  1.006","8.74e-01",NA,NA,NA,0.005081246
"TMEM41B","Lymphocyte","SCZ","Wald ratio",1," 0.009","0.058","  1.009","8.74e-01",NA,NA,NA,0.008207046
"HHIPL1","Lymphocyte","SCZ","Wald ratio",1," 0.005","0.031","  1.005","8.74e-01",NA,NA,NA,0.005081043
"TRIM24","Lymphocyte","SCZ","Wald ratio",1," 0.002","0.012","  1.002","8.75e-01",NA,NA,NA,0.004458711
"BCL2L14","Lymphocyte","SCZ","Wald ratio",1,"-0.002","0.013","  0.998","8.75e-01",NA,NA,NA,0.004426338
"C6orf186","Lymphocyte","SCZ","Inverse variance weighted",2,"-0.010","0.066","  0.990","8.76e-01",NA,0.020351788,NA,0.007317318
"SLC7A4","Lymphocyte","SCZ","Wald ratio",1,"-0.002","0.011","  0.998","8.76e-01",NA,NA,NA,0.004529374
"PRDM16","Lymphocyte","SCZ","Inverse variance weighted",4,"-0.001","0.006","  0.999","8.77e-01",0.376112063,0.37882935,0.399415305,0.009918108
"VTI1A","Lymphocyte","SCZ","Wald ratio",1,"-0.002","0.010","  0.998","8.79e-01",NA,NA,NA,0.004626753
"MSX1","Lymphocyte","SCZ","Wald ratio",1,"-0.005","0.032","  0.995","8.79e-01",NA,NA,NA,0.008887307
"MCTP1","Lymphocyte","SCZ","Inverse variance weighted",2," 0.004","0.024","  1.004","8.80e-01",NA,0.009473488,NA,0.059720503
"TRIML1","Lymphocyte","SCZ","Wald ratio",1," 0.003","0.020","  1.003","8.81e-01",NA,NA,NA,0.007654636
"SYCP2L","Lymphocyte","SCZ","Wald ratio",1,"-0.004","0.027","  0.996","8.81e-01",NA,NA,NA,0.005373318
"SLIT3","Lymphocyte","SCZ","Weighted median",4," 0.001","0.007","  1.001","8.81e-01",0.171499316,0.317315206,0.99001218,0.00503292
"FSD1L","Lymphocyte","SCZ","Wald ratio",1," 0.002","0.012","  1.002","8.81e-01",NA,NA,NA,0.004375296
"NLRP3","Lymphocyte","SCZ","Wald ratio",1,"-0.003","0.019","  0.997","8.82e-01",NA,NA,NA,0.005073405
"TBCA","Lymphocyte","SCZ","Wald ratio",1,"-0.001","0.009","  0.999","8.82e-01",NA,NA,NA,0.004421894
"SLC15A4","Lymphocyte","SCZ","Wald ratio",1," 0.001","0.010","  1.001","8.82e-01",NA,NA,NA,0.004424283
"TM4SF4","Lymphocyte","SCZ","Wald ratio",1,"-0.001","0.010","  0.999","8.82e-01",NA,NA,NA,0.004424283
"HPS3","Lymphocyte","SCZ","Wald ratio",1,"-0.169","1.144","  0.845","8.83e-01",NA,NA,NA,0.009120324
"FAM131B","Lymphocyte","SCZ","Wald ratio",1," 0.009","0.061","  1.009","8.83e-01",NA,NA,NA,0.00512232
"MSI2","Lymphocyte","SCZ","Simple mode",3,"-0.002","0.009","  0.998","8.84e-01",0.687588011,0.837631349,0.736696207,0.005565644
"HEATR6","Lymphocyte","SCZ","Wald ratio",1,"-0.005","0.036","  0.995","8.84e-01",NA,NA,NA,0.007205647
"TGM6","Lymphocyte","SCZ","Wald ratio",1,"-0.003","0.021","  0.997","8.84e-01",NA,NA,NA,0.007205647
"ADCY7","Lymphocyte","SCZ","Wald ratio",1,"-0.002","0.011","  0.998","8.85e-01",NA,NA,NA,0.005079208
"RNASE12","Lymphocyte","SCZ","Wald ratio",1," 0.002","0.016","  1.002","8.85e-01",NA,NA,NA,0.007599115
"RSPH1","Lymphocyte","SCZ","Wald ratio",1," 0.008","0.055","  1.008","8.85e-01",NA,NA,NA,0.005567895
"SLC37A1","Lymphocyte","SCZ","Wald ratio",1," 0.002","0.013","  1.002","8.85e-01",NA,NA,NA,0.00556753
"ERC2","Lymphocyte","SCZ","MR Egger",3," 0.008","0.045","  1.008","8.86e-01",0.00507426,0.019610078,0.976574367,0.181444953
"SLC6A2","Lymphocyte","SCZ","Wald ratio",1,"-0.003","0.020","  0.997","8.86e-01",NA,NA,NA,0.004919808
"RPS6KA2","Lymphocyte","SCZ","Weighted mode",7,"-0.001","0.007","  0.999","8.87e-01",0.032583237,0.008301282,0.206743212,0.049068768
"C2orf40","Lymphocyte","SCZ","Wald ratio",1," 0.003","0.020","  1.003","8.87e-01",NA,NA,NA,0.005665464
"AKAP12","Lymphocyte","SCZ","Inverse variance weighted",2,"-0.002","0.017","  0.998","8.88e-01",NA,0.830232746,NA,0.007613608
"ANGPT2","Lymphocyte","SCZ","Weighted mode",3," 0.002","0.010","  1.002","8.88e-01",0.776080609,0.938872328,0.866565498,0.004865481
"SNX5","Lymphocyte","SCZ","Wald ratio",1," 0.003","0.019","  1.003","8.89e-01",NA,NA,NA,0.004319292
"PLEC1","Lymphocyte","SCZ","Inverse variance weighted",2," 0.001","0.009","  1.001","8.89e-01",NA,0.738121352,NA,0.008875798
"ANGPT2","Lymphocyte","SCZ","Weighted median",3," 0.001","0.008","  1.001","8.90e-01",0.776080609,0.938872328,0.866565498,0.004865481
"RPRM","Lymphocyte","SCZ","Wald ratio",1,"-0.002","0.014","  0.998","8.90e-01",NA,NA,NA,0.005066404
"TACR1","Lymphocyte","SCZ","MR Egger",3," 0.029","0.168","  1.030","8.90e-01",0.133263838,0.313989156,0.894768565,0.00613954
"BRI3","Lymphocyte","SCZ","Wald ratio",1,"-0.002","0.011","  0.998","8.90e-01",NA,NA,NA,0.004368234
"B4GALNT3","Lymphocyte","SCZ","Wald ratio",1," 0.006","0.040","  1.006","8.90e-01",NA,NA,NA,0.004368232
"NAV2","Lymphocyte","SCZ","Inverse variance weighted",3,"-0.001","0.007","  0.999","8.90e-01",0.216795373,0.466358531,0.993837592,0.007205409
"CHL1","Lymphocyte","SCZ","Wald ratio",1," 0.002","0.011","  1.002","8.90e-01",NA,NA,NA,0.004368135
"ARHGEF10L","Lymphocyte","SCZ","Inverse variance weighted",2,"-0.002","0.016","  0.998","8.91e-01",NA,0.078092062,NA,0.008969462
"EFCAB2","Lymphocyte","SCZ","Wald ratio",1," 0.020","0.149","  1.021","8.91e-01",NA,NA,NA,0.004417179
"MIR661","Lymphocyte","SCZ","Wald ratio",1," 0.001","0.009","  1.001","8.92e-01",NA,NA,NA,0.004417081
"PLEC1","Lymphocyte","SCZ","Wald ratio",1," 0.003","0.020","  1.003","8.92e-01",NA,NA,NA,0.00441708
"PLEC1","Lymphocyte","SCZ","Wald ratio",1," 0.002","0.011","  1.002","8.92e-01",NA,NA,NA,0.004417081
"C1orf127","Lymphocyte","SCZ","Wald ratio",1,"-0.003","0.019","  0.997","8.92e-01",NA,NA,NA,0.005164048
"TMEM229B","Lymphocyte","SCZ","Inverse variance weighted",2," 0.003","0.024","  1.003","8.93e-01",NA,0.005793521,NA,0.005477982
"SLC36A3","Lymphocyte","SCZ","Wald ratio",1," 0.002","0.014","  1.002","8.93e-01",NA,NA,NA,0.00446603
"CALCB","Lymphocyte","SCZ","Wald ratio",1," 0.015","0.113","  1.015","8.93e-01",NA,NA,NA,0.004864073
"IL21R","Lymphocyte","SCZ","Wald ratio",1,"-0.040","0.300","  0.961","8.94e-01",NA,NA,NA,0.004514981
"MYO1H","Lymphocyte","SCZ","Wald ratio",1,"-0.003","0.020","  0.997","8.95e-01",NA,NA,NA,0.008667136
"UBE3B","Lymphocyte","SCZ","Wald ratio",1,"-0.002","0.018","  0.998","8.95e-01",NA,NA,NA,0.008667137
"COCH","Lymphocyte","SCZ","Wald ratio",1,"-0.009","0.066","  0.991","8.95e-01",NA,NA,NA,0.00645074
"C15orf26","Lymphocyte","SCZ","Wald ratio",1," 0.031","0.233","  1.031","8.95e-01",NA,NA,NA,0.005707391
"MESDC1","Lymphocyte","SCZ","Wald ratio",1," 0.002","0.012","  1.002","8.95e-01",NA,NA,NA,0.005707391
"GPR177","Lymphocyte","SCZ","Inverse variance weighted",2," 0.002","0.018","  1.002","8.95e-01",NA,0.184866497,NA,0.013396334
"ADCK2","Lymphocyte","SCZ","Wald ratio",1,"-0.055","0.424","  0.946","8.96e-01",NA,NA,NA,0.008027332
"KIAA0922","Lymphocyte","SCZ","Wald ratio",1,"-0.001","0.009","  0.999","8.96e-01",NA,NA,NA,0.004612983
"OPCML","Lymphocyte","SCZ","Weighted mode",4," 0.001","0.009","  1.001","8.96e-01",0.476196929,0.182106939,0.207412219,0.009416634
"SLCO3A1","Lymphocyte","SCZ","Simple mode",3,"-0.002","0.010","  0.998","8.97e-01",0.745774734,0.832048096,0.698519113,0.005944757
"MOSC1","Lymphocyte","SCZ","Wald ratio",1," 0.006","0.046","  1.006","8.97e-01",NA,NA,NA,0.009592446
"MOSC2","Lymphocyte","SCZ","Wald ratio",1," 0.003","0.020","  1.003","8.97e-01",NA,NA,NA,0.009573268
"TRIOBP","Lymphocyte","SCZ","Wald ratio",1,"-0.004","0.033","  0.996","8.97e-01",NA,NA,NA,0.004661937
"DTHD1","Lymphocyte","SCZ","Wald ratio",1," 0.002","0.019","  1.002","8.98e-01",NA,NA,NA,0.005059633
"EPHA4","Lymphocyte","SCZ","Wald ratio",1,"-0.002","0.017","  0.998","8.98e-01",NA,NA,NA,0.005853649
"SIAH3","Lymphocyte","SCZ","Inverse variance weighted",2," 0.001","0.011","  1.001","8.98e-01",NA,0.31131912,NA,0.004957074
"DHRS9","Lymphocyte","SCZ","Wald ratio",1,"-0.002","0.016","  0.998","8.98e-01",NA,NA,NA,0.004312533
"NRG3","Lymphocyte","SCZ","Wald ratio",1," 0.001","0.009","  1.001","8.98e-01",NA,NA,NA,0.004312533
"LRP2","Lymphocyte","SCZ","Wald ratio",1,"-0.001","0.009","  0.999","8.98e-01",NA,NA,NA,0.004312424
"ABCB11","Lymphocyte","SCZ","Wald ratio",1,"-0.001","0.009","  0.999","8.98e-01",NA,NA,NA,0.004312533
"ARGLU1","Lymphocyte","SCZ","Wald ratio",1,"-0.002","0.015","  0.998","8.98e-01",NA,NA,NA,0.004710893
"LRRK1","Lymphocyte","SCZ","Inverse variance weighted",2," 0.001","0.011","  1.001","8.99e-01",NA,0.183949141,NA,0.006171579
"COL4A2","Lymphocyte","SCZ","MR Egger",3,"-0.004","0.028","  0.996","8.99e-01",0.845824524,0.904957285,0.756446747,0.006639513
"LOX","Lymphocyte","SCZ","Wald ratio",1," 0.001","0.010","  1.001","8.99e-01",NA,NA,NA,0.004361632
"DUSP10","Lymphocyte","SCZ","Wald ratio",1,"-0.001","0.009","  0.999","8.99e-01",NA,NA,NA,0.004361628
"ETS1","Lymphocyte","SCZ","Wald ratio",1," 0.001","0.010","  1.001","8.99e-01",NA,NA,NA,0.004361556
"RGS6","Lymphocyte","SCZ","Wald ratio",1," 0.001","0.011","  1.001","8.99e-01",NA,NA,NA,0.004361556
"FAIM2","Lymphocyte","SCZ","Wald ratio",1,"-0.003","0.024","  0.997","8.99e-01",NA,NA,NA,0.004361556
"EGLN3","Lymphocyte","SCZ","Wald ratio",1,"-0.001","0.011","  0.999","8.99e-01",NA,NA,NA,0.004361556
"MSI2","Lymphocyte","SCZ","Inverse variance weighted",3," 0.001","0.007","  1.001","8.99e-01",0.687588011,0.837631349,0.736696207,0.005565644
"TRIM60","Lymphocyte","SCZ","Wald ratio",1,"-0.002","0.014","  0.998","9.00e-01",NA,NA,NA,0.004369134
"C4orf39","Lymphocyte","SCZ","Wald ratio",1,"-0.003","0.023","  0.997","9.00e-01",NA,NA,NA,0.005951144
"TRIM61","Lymphocyte","SCZ","Wald ratio",1,"-0.022","0.172","  0.978","9.00e-01",NA,NA,NA,0.005951116
"ALDH1A3","Lymphocyte","SCZ","Wald ratio",1,"-0.002","0.013","  0.998","9.00e-01",NA,NA,NA,0.005602143
"KNDC1","Lymphocyte","SCZ","Wald ratio",1," 0.014","0.117","  1.015","9.02e-01",NA,NA,NA,0.004459601
"LOC149837","Lymphocyte","SCZ","Wald ratio",1," 0.004","0.031","  1.004","9.02e-01",NA,NA,NA,0.005700926
"NLRP5","Lymphocyte","SCZ","Wald ratio",1,"-0.002","0.013","  0.998","9.02e-01",NA,NA,NA,0.004906718
"LOC728264","Lymphocyte","SCZ","Wald ratio",1,"-0.002","0.019","  0.998","9.03e-01",NA,NA,NA,0.006146105
"ATP10B","Lymphocyte","SCZ","Wald ratio",1," 0.003","0.023","  1.003","9.03e-01",NA,NA,NA,0.005749763
"AJAP1","Lymphocyte","SCZ","Weighted median",3,"-0.001","0.012","  0.999","9.04e-01",0.628953306,0.317330986,0.387247434,0.009487118
"TCP11L1","Lymphocyte","SCZ","Wald ratio",1,"-0.010","0.084","  0.990","9.04e-01",NA,NA,NA,0.004557726
"LOC400940","Lymphocyte","SCZ","Wald ratio",1,"-0.002","0.014","  0.998","9.04e-01",NA,NA,NA,0.004557726
"PEBP4","Lymphocyte","SCZ","Wald ratio",1,"-0.001","0.012","  0.999","9.04e-01",NA,NA,NA,0.005401946
"NOD1","Lymphocyte","SCZ","Wald ratio",1,"-0.018","0.146","  0.983","9.04e-01",NA,NA,NA,0.005401946
"SLC35F3","Lymphocyte","SCZ","Inverse variance weighted",3," 0.001","0.009","  1.001","9.04e-01",0.434159619,0.318892395,0.418880783,0.005830599
"ARV1","Lymphocyte","SCZ","Wald ratio",1," 0.002","0.014","  1.002","9.05e-01",NA,NA,NA,0.004606678
"CD27","Lymphocyte","SCZ","Wald ratio",1,"-0.005","0.040","  0.995","9.06e-01",NA,NA,NA,0.004655774
"CD27","Lymphocyte","SCZ","Wald ratio",1,"-0.002","0.017","  0.998","9.06e-01",NA,NA,NA,0.004655774
"C18orf1","Lymphocyte","SCZ","MR Egger",3,"-0.020","0.132","  0.981","9.07e-01",0.020726698,0.068757983,0.981141005,0.005073099
"FAM49A","Lymphocyte","SCZ","Inverse variance weighted",3,"-0.001","0.008","  0.999","9.07e-01",0.561282373,0.593626222,0.55523665,0.004591346
"NPHP4","Lymphocyte","SCZ","Wald ratio",1," 0.001","0.011","  1.001","9.07e-01",NA,NA,NA,0.005548483
"OR1A1","Lymphocyte","SCZ","Wald ratio",1,"-0.001","0.009","  0.999","9.07e-01",NA,NA,NA,0.00430652
"TMPRSS2","Lymphocyte","SCZ","Wald ratio",1,"-0.009","0.081","  0.991","9.07e-01",NA,NA,NA,0.004306461
"ZNF468","Lymphocyte","SCZ","Wald ratio",1," 0.006","0.048","  1.006","9.08e-01",NA,NA,NA,0.00475375
"IDH3A","Lymphocyte","SCZ","Wald ratio",1,"-0.001","0.009","  0.999","9.08e-01",NA,NA,NA,0.004355614
"SLC30A5","Lymphocyte","SCZ","Wald ratio",1,"-0.006","0.051","  0.994","9.08e-01",NA,NA,NA,0.004355364
"SLITRK5","Lymphocyte","SCZ","Inverse variance weighted",2,"-0.002","0.016","  0.998","9.08e-01",NA,0.103820875,NA,0.017663423
"RASSF8","Lymphocyte","SCZ","Wald ratio",1,"-0.001","0.009","  0.999","9.09e-01",NA,NA,NA,0.004355556
"RAMP3","Lymphocyte","SCZ","Wald ratio",1,"-0.003","0.027","  0.997","9.09e-01",NA,NA,NA,0.005249376
"SLCO3A1","Lymphocyte","SCZ","Weighted mode",3,"-0.001","0.010","  0.999","9.09e-01",0.745774734,0.832048096,0.698519113,0.005944757
"CTDSPL","Lymphocyte","SCZ","Wald ratio",1," 0.001","0.010","  1.001","9.10e-01",NA,NA,NA,0.004851861
"APOL4","Lymphocyte","SCZ","Wald ratio",1,"-0.002","0.014","  0.998","9.10e-01",NA,NA,NA,0.005298238
"ZBTB16","Lymphocyte","SCZ","Wald ratio",1,"-0.002","0.019","  0.998","9.10e-01",NA,NA,NA,0.005693645
"EEPD1","Lymphocyte","SCZ","Inverse variance weighted",2,"-0.002","0.016","  0.998","9.10e-01",NA,0.708197613,NA,0.005741043
"TNIK","Lymphocyte","SCZ","Inverse variance weighted",2,"-0.003","0.025","  0.997","9.10e-01",NA,0.003293085,NA,0.026281559
"ERCC5","Lymphocyte","SCZ","Wald ratio",1," 0.002","0.013","  1.002","9.11e-01",NA,NA,NA,0.004453743
"MFSD1","Lymphocyte","SCZ","Wald ratio",1,"-0.001","0.013","  0.999","9.11e-01",NA,NA,NA,0.005792916
"RARRES1","Lymphocyte","SCZ","Wald ratio",1,"-0.001","0.012","  0.999","9.11e-01",NA,NA,NA,0.005792916
"GFM1","Lymphocyte","SCZ","Wald ratio",1,"-0.002","0.014","  0.998","9.11e-01",NA,NA,NA,0.005102146
"KLHDC5","Lymphocyte","SCZ","Wald ratio",1," 0.001","0.012","  1.001","9.12e-01",NA,NA,NA,0.005396118
"FAM110B","Lymphocyte","SCZ","Inverse variance weighted",2," 0.002","0.014","  1.002","9.12e-01",NA,0.132632752,NA,0.004341017
"ABCB5","Lymphocyte","SCZ","Wald ratio",1,"-0.001","0.012","  0.999","9.12e-01",NA,NA,NA,0.005890626
"SLC9A10","Lymphocyte","SCZ","Wald ratio",1,"-0.002","0.017","  0.998","9.13e-01",NA,NA,NA,0.006774778
"FAM190A","Lymphocyte","SCZ","Inverse variance weighted",2,"-0.001","0.008","  0.999","9.13e-01",NA,0.967169062,NA,0.004337318
"CCND1","Lymphocyte","SCZ","Wald ratio",1," 0.002","0.018","  1.002","9.13e-01",NA,NA,NA,0.004601068
"ILF3","Lymphocyte","SCZ","Wald ratio",1," 0.014","0.126","  1.014","9.13e-01",NA,NA,NA,0.004601068
"ITM2C","Lymphocyte","SCZ","Simple mode",3," 0.002","0.014","  1.002","9.14e-01",0.795627241,0.754980352,0.609667932,0.005397555
"SLC22A23","Lymphocyte","SCZ","MR Egger",3,"-0.008","0.057","  0.992","9.14e-01",0.039370979,0.118164502,0.949740467,0.044510769
"NKAIN2","Lymphocyte","SCZ","Wald ratio",1,"-0.002","0.016","  0.998","9.14e-01",NA,NA,NA,0.006011792
"FOXF2","Lymphocyte","SCZ","Wald ratio",1," 0.002","0.019","  1.002","9.14e-01",NA,NA,NA,0.006037039
"ZMIZ1","Lymphocyte","SCZ","MR Egger",3,"-0.095","0.712","  0.909","9.15e-01",0.866942526,0.977244636,0.915175373,0.004643239
"NKX2-3","Lymphocyte","SCZ","Wald ratio",1," 0.002","0.018","  1.002","9.16e-01",NA,NA,NA,0.00474827
"MAGI2","Lymphocyte","SCZ","MR Egger",3,"-0.009","0.069","  0.991","9.16e-01",0.495564837,0.757675098,0.813889487,0.005373086
"DSCAML1","Lymphocyte","SCZ","Inverse variance weighted",2,"-0.001","0.013","  0.999","9.16e-01",NA,0.206940272,NA,0.013261101
"FAM71F1","Lymphocyte","SCZ","Wald ratio",1,"-0.002","0.015","  0.998","9.17e-01",NA,NA,NA,0.010181762
"KIAA1737","Lymphocyte","SCZ","Wald ratio",1,"-0.001","0.012","  0.999","9.17e-01",NA,NA,NA,0.004301018
"PRR4","Lymphocyte","SCZ","Wald ratio",1," 0.002","0.015","  1.002","9.17e-01",NA,NA,NA,0.004301018
"NCRNA00173","Lymphocyte","SCZ","Wald ratio",1,"-0.008","0.080","  0.992","9.17e-01",NA,NA,NA,0.009029484
"AIM2","Lymphocyte","SCZ","Wald ratio",1," 0.003","0.024","  1.003","9.17e-01",NA,NA,NA,0.009953619
"TRIO","Lymphocyte","SCZ","Wald ratio",1,"-0.001","0.010","  0.999","9.17e-01",NA,NA,NA,0.004797402
"FBXL7","Lymphocyte","SCZ","Wald ratio",1," 0.001","0.011","  1.001","9.18e-01",NA,NA,NA,0.004350177
"TLL1","Lymphocyte","SCZ","Wald ratio",1," 0.001","0.009","  1.001","9.18e-01",NA,NA,NA,0.004349838
"GNG11","Lymphocyte","SCZ","Wald ratio",1," 0.002","0.019","  1.002","9.18e-01",NA,NA,NA,0.005309468
"PCOLCE2","Lymphocyte","SCZ","Wald ratio",1," 0.002","0.015","  1.002","9.18e-01",NA,NA,NA,0.005836407
"FAM110A","Lymphocyte","SCZ","Wald ratio",1,"-0.029","0.284","  0.971","9.19e-01",NA,NA,NA,0.004399282
"NOX4","Lymphocyte","SCZ","Wald ratio",1," 0.007","0.065","  1.007","9.19e-01",NA,NA,NA,0.004895503
"GNAL","Lymphocyte","SCZ","Wald ratio",1," 0.003","0.028","  1.003","9.19e-01",NA,NA,NA,0.006871386
"GNAL","Lymphocyte","SCZ","Wald ratio",1," 0.010","0.101","  1.010","9.19e-01",NA,NA,NA,0.006871372
"SEC14L1","Lymphocyte","SCZ","Wald ratio",1," 0.006","0.064","  1.006","9.19e-01",NA,NA,NA,0.004448424
"SEC14L1","Lymphocyte","SCZ","Wald ratio",1," 0.001","0.010","  1.001","9.19e-01",NA,NA,NA,0.004448446
"KCNK1","Lymphocyte","SCZ","Inverse variance weighted",2,"-0.002","0.015","  0.998","9.20e-01",NA,0.176786331,NA,0.01381365
"NAV1","Lymphocyte","SCZ","MR Egger",3," 0.004","0.032","  1.004","9.20e-01",0.62194921,0.762935252,0.681878518,0.009264543
"MARCO","Lymphocyte","SCZ","Wald ratio",1,"-0.002","0.015","  0.998","9.20e-01",NA,NA,NA,0.004497598
"CTSD","Lymphocyte","SCZ","Wald ratio",1," 0.005","0.052","  1.005","9.20e-01",NA,NA,NA,0.004992303
"PNMAL1","Lymphocyte","SCZ","Wald ratio",1," 0.004","0.040","  1.004","9.20e-01",NA,NA,NA,0.008439701
"CCDC8","Lymphocyte","SCZ","Wald ratio",1," 0.002","0.025","  1.003","9.20e-01",NA,NA,NA,0.0084397
"HGF","Lymphocyte","SCZ","Wald ratio",1," 0.001","0.011","  1.001","9.21e-01",NA,NA,NA,0.005042731
"ZNF826","Lymphocyte","SCZ","Wald ratio",1,"-0.013","0.126","  0.988","9.21e-01",NA,NA,NA,0.005042757
"AJAP1","Lymphocyte","SCZ","Inverse variance weighted",3," 0.001","0.011","  1.001","9.21e-01",0.628953306,0.317330986,0.387247434,0.009487118
"SEMA4D","Lymphocyte","SCZ","Wald ratio",1,"-0.001","0.011","  0.999","9.22e-01",NA,NA,NA,0.005091819
"ZMIZ1","Lymphocyte","SCZ","Weighted mode",3,"-0.001","0.010","  0.999","9.22e-01",0.866942526,0.977244636,0.915175373,0.004643239
"JAM2","Lymphocyte","SCZ","Wald ratio",1," 0.006","0.063","  1.006","9.22e-01",NA,NA,NA,0.006129799
"TRIM41","Lymphocyte","SCZ","Wald ratio",1,"-0.002","0.023","  0.998","9.22e-01",NA,NA,NA,0.005635796
"TBX1","Lymphocyte","SCZ","Wald ratio",1," 0.005","0.048","  1.005","9.23e-01",NA,NA,NA,0.006671555
"MPZ","Lymphocyte","SCZ","Wald ratio",1," 0.001","0.015","  1.001","9.23e-01",NA,NA,NA,0.006178604
"PDE4D","Lymphocyte","SCZ","Simple mode",3," 0.007","0.069","  1.007","9.23e-01",0.004285729,0.013850963,0.861243467,0.029224154
"AGPAT4","Lymphocyte","SCZ","Weighted mode",3," 0.001","0.011","  1.001","9.23e-01",0.091200743,0.030981362,0.442769018,0.013199262
"RBM12B","Lymphocyte","SCZ","Wald ratio",1," 0.001","0.012","  1.001","9.24e-01",NA,NA,NA,0.004645103
"TBK1","Lymphocyte","SCZ","Wald ratio",1," 0.002","0.018","  1.002","9.24e-01",NA,NA,NA,0.006769078
"PTPN7","Lymphocyte","SCZ","Wald ratio",1,"-0.044","0.462","  0.957","9.25e-01",NA,NA,NA,0.008923241
"SFRS12","Lymphocyte","SCZ","Wald ratio",1," 0.005","0.055","  1.005","9.25e-01",NA,NA,NA,0.005287975
"PDGFRL","Lymphocyte","SCZ","Wald ratio",1,"-0.009","0.098","  0.991","9.25e-01",NA,NA,NA,0.005287975
"GABRB1","Lymphocyte","SCZ","Wald ratio",1,"-0.001","0.010","  0.999","9.25e-01",NA,NA,NA,0.00479245
"FNDC1","Lymphocyte","SCZ","Inverse variance weighted",2," 0.001","0.014","  1.001","9.25e-01",NA,0.118446752,NA,0.016369381
"GABRA4","Lymphocyte","SCZ","Wald ratio",1,"-0.002","0.019","  0.998","9.25e-01",NA,NA,NA,0.00479245
"SLC41A3","Lymphocyte","SCZ","Wald ratio",1," 0.001","0.012","  1.001","9.26e-01",NA,NA,NA,0.005336698
"SLC8A1","Lymphocyte","SCZ","Wald ratio",1,"-0.003","0.029","  0.997","9.26e-01",NA,NA,NA,0.010620323
"DMRT1","Lymphocyte","SCZ","Wald ratio",1,"-0.002","0.018","  0.998","9.26e-01",NA,NA,NA,0.004296102
"ILK","Lymphocyte","SCZ","Wald ratio",1," 0.001","0.010","  1.001","9.26e-01",NA,NA,NA,0.003115475
"TAF10","Lymphocyte","SCZ","Wald ratio",1," 0.001","0.011","  1.001","9.26e-01",NA,NA,NA,0.004811868
"MTR","Lymphocyte","SCZ","Wald ratio",1,"-0.001","0.011","  0.999","9.26e-01",NA,NA,NA,0.005386097
"NCOR2","Lymphocyte","SCZ","Inverse variance weighted",4,"-0.001","0.007","  0.999","9.26e-01",0.759512807,0.675231836,0.426455442,0.003217722
"RBM24","Lymphocyte","SCZ","Wald ratio",1," 0.001","0.013","  1.001","9.27e-01",NA,NA,NA,0.004343487
"NAV3","Lymphocyte","SCZ","Wald ratio",1,"-0.004","0.045","  0.996","9.27e-01",NA,NA,NA,0.004345289
"HTR2A","Lymphocyte","SCZ","Wald ratio",1," 0.001","0.011","  1.001","9.27e-01",NA,NA,NA,0.004345289
"SHB","Lymphocyte","SCZ","Wald ratio",1,"-0.042","0.458","  0.959","9.27e-01",NA,NA,NA,0.004345289
"LHCGR","Lymphocyte","SCZ","Wald ratio",1," 0.001","0.013","  1.001","9.27e-01",NA,NA,NA,0.00488995
"C5orf13","Lymphocyte","SCZ","Wald ratio",1,"-0.001","0.015","  0.999","9.28e-01",NA,NA,NA,0.004394531
"ELF5","Lymphocyte","SCZ","Wald ratio",1," 0.003","0.032","  1.003","9.28e-01",NA,NA,NA,0.004394531
"INO80C","Lymphocyte","SCZ","Wald ratio",1,"-0.001","0.010","  0.999","9.28e-01",NA,NA,NA,0.004939827
"FAM38B","Lymphocyte","SCZ","Weighted median",3," 0.001","0.010","  1.001","9.28e-01",0.686219972,0.906905496,0.886920939,0.004830112
"THBS2","Lymphocyte","SCZ","Inverse variance weighted",2,"-0.002","0.017","  0.998","9.28e-01",NA,0.902515878,NA,0.004822321
"LRP8","Lymphocyte","SCZ","Wald ratio",1," 0.001","0.010","  1.001","9.28e-01",NA,NA,NA,0.004443712
"GNPDA2","Lymphocyte","SCZ","Wald ratio",1," 0.076","0.852","  1.079","9.29e-01",NA,NA,NA,0.008870324
"CCL20","Lymphocyte","SCZ","Wald ratio",1,"-0.001","0.011","  0.999","9.29e-01",NA,NA,NA,0.005038057
"MUC4","Lymphocyte","SCZ","Wald ratio",1," 0.001","0.011","  1.001","9.29e-01",NA,NA,NA,0.005631197
"RXRA","Lymphocyte","SCZ","Wald ratio",1," 0.002","0.019","  1.002","9.30e-01",NA,NA,NA,0.005087165
"MAG","Lymphocyte","SCZ","Inverse variance weighted",2," 0.001","0.009","  1.001","9.30e-01",NA,0.884946482,NA,0.006334554
"SYCE1L","Lymphocyte","SCZ","Wald ratio",1,"-0.001","0.009","  0.999","9.30e-01",NA,NA,NA,0.00454212
"OPRM1","Lymphocyte","SCZ","Wald ratio",1,"-0.001","0.013","  0.999","9.30e-01",NA,NA,NA,0.004481163
"CCDC163P","Lymphocyte","SCZ","Wald ratio",1,"-0.001","0.016","  0.999","9.30e-01",NA,NA,NA,0.00454212
"CCDC163P","Lymphocyte","SCZ","Wald ratio",1,"-0.012","0.132","  0.988","9.30e-01",NA,NA,NA,0.00454212
"GRAMD1B","Lymphocyte","SCZ","Wald ratio",1,"-0.002","0.026","  0.998","9.31e-01",NA,NA,NA,0.004591092
"ZMIZ1","Lymphocyte","SCZ","Simple mode",3,"-0.001","0.010","  0.999","9.31e-01",0.866942526,0.977244636,0.915175373,0.004643239
"FAM84B","Lymphocyte","SCZ","Wald ratio",1," 0.002","0.018","  1.002","9.32e-01",NA,NA,NA,0.007595989
"ROR1","Lymphocyte","SCZ","Wald ratio",1," 0.002","0.020","  1.002","9.34e-01",NA,NA,NA,0.005381708
"MSI2","Lymphocyte","SCZ","Weighted median",3," 0.001","0.007","  1.001","9.34e-01",0.687588011,0.837631349,0.736696207,0.005565644
"FAS","Lymphocyte","SCZ","Wald ratio",1,"-0.001","0.015","  0.999","9.35e-01",NA,NA,NA,0.006662807
"AGPAT4","Lymphocyte","SCZ","Simple mode",3," 0.001","0.013","  1.001","9.35e-01",0.091200743,0.030981362,0.442769018,0.013199262
"EFEMP2","Lymphocyte","SCZ","Wald ratio",1," 0.004","0.044","  1.004","9.35e-01",NA,NA,NA,0.00429175
"OVOL1","Lymphocyte","SCZ","Wald ratio",1," 0.001","0.012","  1.001","9.35e-01",NA,NA,NA,0.00429175
"ITGA9","Lymphocyte","SCZ","Wald ratio",1," 0.006","0.070","  1.006","9.36e-01",NA,NA,NA,0.006169872
"GLI4","Lymphocyte","SCZ","Wald ratio",1,"-0.001","0.010","  0.999","9.36e-01",NA,NA,NA,0.004341037
"ZFP41","Lymphocyte","SCZ","Wald ratio",1,"-0.002","0.019","  0.998","9.36e-01",NA,NA,NA,0.004341037
"GNASAS","Lymphocyte","SCZ","Wald ratio",1,"-0.001","0.010","  0.999","9.36e-01",NA,NA,NA,0.004340596
"MKLN1","Lymphocyte","SCZ","Wald ratio",1,"-0.001","0.009","  0.999","9.36e-01",NA,NA,NA,0.004341017
"EDN3","Lymphocyte","SCZ","Wald ratio",1,"-0.007","0.093","  0.993","9.36e-01",NA,NA,NA,0.004341017
"ZNF831","Lymphocyte","SCZ","Wald ratio",1,"-0.001","0.009","  0.999","9.36e-01",NA,NA,NA,0.004341017
"SLC2A9","Lymphocyte","SCZ","Wald ratio",1,"-0.001","0.013","  0.999","9.36e-01",NA,NA,NA,0.004320718
"CTSZ","Lymphocyte","SCZ","Wald ratio",1,"-0.001","0.011","  0.999","9.36e-01",NA,NA,NA,0.004340576
"GFRA1","Lymphocyte","SCZ","Wald ratio",1,"-0.001","0.010","  0.999","9.36e-01",NA,NA,NA,0.004341017
"EDN3","Lymphocyte","SCZ","Wald ratio",1,"-0.003","0.043","  0.997","9.36e-01",NA,NA,NA,0.004341017
"DLC1","Lymphocyte","SCZ","MR Egger",4," 0.055","0.603","  1.056","9.36e-01",0.03409927,0.07881673,0.927744679,0.006338136
"LATS2","Lymphocyte","SCZ","Wald ratio",1," 0.001","0.011","  1.001","9.36e-01",NA,NA,NA,0.004984768
"PAPPA2","Lymphocyte","SCZ","Wald ratio",1," 0.001","0.016","  1.001","9.36e-01",NA,NA,NA,0.005303199
"TACR1","Lymphocyte","SCZ","Weighted median",3,"-0.001","0.008","  0.999","9.37e-01",0.133263838,0.313989156,0.894768565,0.00613954
"MYOZ2","Lymphocyte","SCZ","Wald ratio",1," 0.001","0.014","  1.001","9.37e-01",NA,NA,NA,0.00631666
"SDK1","Lymphocyte","SCZ","Weighted median",3," 0.001","0.009","  1.001","9.38e-01",0.556395222,0.840971375,0.987093894,0.005283807
"KLHL33","Lymphocyte","SCZ","Wald ratio",1,"-0.001","0.009","  0.999","9.38e-01",NA,NA,NA,0.003767218
"FAM38B","Lymphocyte","SCZ","Simple mode",3," 0.001","0.017","  1.001","9.39e-01",0.686219972,0.906905496,0.886920939,0.004830112
"ANGPT2","Lymphocyte","SCZ","Simple mode",3," 0.001","0.011","  1.001","9.39e-01",0.776080609,0.938872328,0.866565498,0.004865481
"GPC6","Lymphocyte","SCZ","Inverse variance weighted",2," 0.001","0.019","  1.001","9.39e-01",NA,0.509988265,NA,0.00528741
"ONECUT1","Lymphocyte","SCZ","Wald ratio",1," 0.034","0.450","  1.035","9.39e-01",NA,NA,NA,0.00715076
"PRKCA","Lymphocyte","SCZ","MR Egger",4," 0.006","0.072","  1.006","9.39e-01",0.010111208,0.026874139,0.988013738,0.015972828
"LOC348840","Lymphocyte","SCZ","Wald ratio",1,"-0.002","0.023","  0.998","9.39e-01",NA,NA,NA,0.004587302
"NRN1","Lymphocyte","SCZ","Wald ratio",1," 0.002","0.020","  1.002","9.39e-01",NA,NA,NA,0.004587302
"SLC10A2","Lymphocyte","SCZ","Wald ratio",1," 0.001","0.010","  1.001","9.41e-01",NA,NA,NA,0.004685774
"CPM","Lymphocyte","SCZ","Wald ratio",1," 0.001","0.013","  1.001","9.41e-01",NA,NA,NA,0.003652459
"SLIT3","Lymphocyte","SCZ","Weighted mode",4," 0.001","0.009","  1.001","9.41e-01",0.171499316,0.317315206,0.99001218,0.00503292
"FAM129B","Lymphocyte","SCZ","Wald ratio",1,"-0.007","0.097","  0.993","9.41e-01",NA,NA,NA,0.004735001
"SEMA3A","Lymphocyte","SCZ","Wald ratio",1,"-0.017","0.234","  0.983","9.42e-01",NA,NA,NA,0.009586861
"DNTTIP2","Lymphocyte","SCZ","Wald ratio",1," 0.001","0.017","  1.001","9.43e-01",NA,NA,NA,0.008370415
"GALNTL6","Lymphocyte","SCZ","Inverse variance weighted",2,"-0.001","0.010","  0.999","9.44e-01",NA,0.631697925,NA,0.004289082
"B3GALTL","Lymphocyte","SCZ","Wald ratio",1,"-0.001","0.010","  0.999","9.44e-01",NA,NA,NA,0.004979859
"KLK7","Lymphocyte","SCZ","Wald ratio",1," 0.004","0.056","  1.004","9.44e-01",NA,NA,NA,0.007783994
"KLK7","Lymphocyte","SCZ","Wald ratio",1," 0.005","0.073","  1.005","9.44e-01",NA,NA,NA,0.007783994
"AGT","Lymphocyte","SCZ","Wald ratio",1,"-0.002","0.029","  0.998","9.44e-01",NA,NA,NA,0.004981054
"LAMA1","Lymphocyte","SCZ","Wald ratio",1,"-0.002","0.024","  0.998","9.44e-01",NA,NA,NA,0.004981054
"FAM38B","Lymphocyte","SCZ","Weighted mode",3," 0.001","0.010","  1.001","9.44e-01",0.686219972,0.906905496,0.886920939,0.004830112
"AGPAT4","Lymphocyte","SCZ","Weighted median",3," 0.001","0.011","  1.001","9.44e-01",0.091200743,0.030981362,0.442769018,0.013199262
"NID2","Lymphocyte","SCZ","Inverse variance weighted",2," 0.005","0.075","  1.005","9.45e-01",NA,0.038512982,NA,0.036996156
"NAV2","Lymphocyte","SCZ","Weighted median",3,"-0.001","0.007","  0.999","9.45e-01",0.216795373,0.466358531,0.993837592,0.007205409
"ZMIZ1","Lymphocyte","SCZ","Weighted median",3,"-0.001","0.008","  0.999","9.45e-01",0.866942526,0.977244636,0.915175373,0.004643239
"HOXA11AS","Lymphocyte","SCZ","Wald ratio",1," 0.008","0.116","  1.008","9.45e-01",NA,NA,NA,0.00433733
"HOXA10","Lymphocyte","SCZ","Wald ratio",1," 0.001","0.009","  1.001","9.45e-01",NA,NA,NA,0.004303806
"IFI27L2","Lymphocyte","SCZ","Wald ratio",1," 0.007","0.105","  1.007","9.45e-01",NA,NA,NA,0.00433733
"CES1","Lymphocyte","SCZ","Wald ratio",1," 0.001","0.012","  1.001","9.45e-01",NA,NA,NA,0.005079417
"SNRPE","Lymphocyte","SCZ","Wald ratio",1,"-0.001","0.011","  0.999","9.45e-01",NA,NA,NA,0.005079417
"HMGCS2","Lymphocyte","SCZ","Wald ratio",1,"-0.001","0.010","  0.999","9.46e-01",NA,NA,NA,0.004386635
"EFCAB1","Lymphocyte","SCZ","Wald ratio",1," 0.001","0.021","  1.001","9.46e-01",NA,NA,NA,0.004435935
"EVPLL","Lymphocyte","SCZ","Wald ratio",1,"-0.001","0.018","  0.999","9.46e-01",NA,NA,NA,0.004435923
"RAB22A","Lymphocyte","SCZ","Wald ratio",1," 0.001","0.011","  1.001","9.46e-01",NA,NA,NA,0.004435923
"SHMT1","Lymphocyte","SCZ","Wald ratio",1,"-0.002","0.030","  0.998","9.46e-01",NA,NA,NA,0.004435923
"MATN4","Lymphocyte","SCZ","Wald ratio",1," 0.002","0.024","  1.002","9.46e-01",NA,NA,NA,0.005177771
"ACTA1","Lymphocyte","SCZ","Wald ratio",1," 0.003","0.041","  1.003","9.46e-01",NA,NA,NA,0.005917629
"C20orf3","Lymphocyte","SCZ","Wald ratio",1,"-0.001","0.017","  0.999","9.46e-01",NA,NA,NA,0.006655462
"TMEM90B","Lymphocyte","SCZ","Wald ratio",1,"-0.001","0.017","  0.999","9.46e-01",NA,NA,NA,0.006529552
"PEX26","Lymphocyte","SCZ","Wald ratio",1,"-0.001","0.012","  0.999","9.47e-01",NA,NA,NA,0.004485218
"SORCS2","Lymphocyte","SCZ","MR Egger",4,"-0.002","0.032","  0.998","9.47e-01",0.017135265,0.04275968,0.939575233,0.005640226
"RPL39L","Lymphocyte","SCZ","Wald ratio",1,"-0.001","0.016","  0.999","9.48e-01",NA,NA,NA,0.005374416
"SDK1","Lymphocyte","SCZ","Inverse variance weighted",3," 0.001","0.009","  1.001","9.49e-01",0.556395222,0.840971375,0.987093894,0.005283807
"OTUD7A","Lymphocyte","SCZ","Wald ratio",1,"-0.001","0.021","  0.999","9.49e-01",NA,NA,NA,0.00621175
"EIF4E3","Lymphocyte","SCZ","Wald ratio",1," 0.001","0.021","  1.001","9.49e-01",NA,NA,NA,0.004682337
"FIP1L1","Lymphocyte","SCZ","Wald ratio",1,"-0.001","0.011","  0.999","9.50e-01",NA,NA,NA,0.004731601
"GLIS1","Lymphocyte","SCZ","Inverse variance weighted",2," 0.000","0.008","  1.000","9.51e-01",NA,0.456770373,NA,0.005656346
"OSBPL3","Lymphocyte","SCZ","Inverse variance weighted",2,"-0.001","0.012","  0.999","9.51e-01",NA,0.144163891,NA,0.009414436
"C3","Lymphocyte","SCZ","Wald ratio",1,"-0.002","0.029","  0.998","9.51e-01",NA,NA,NA,0.006505552
"ST3GAL1","Lymphocyte","SCZ","Inverse variance weighted",3,"-0.001","0.012","  0.999","9.52e-01",0.461217437,0.381857597,0.44867729,0.005428881
"ADNP","Lymphocyte","SCZ","Wald ratio",1," 0.002","0.026","  1.002","9.53e-01",NA,NA,NA,0.008315516
"KCNMA1","Lymphocyte","SCZ","Inverse variance weighted",5," 0.000","0.007","  1.000","9.54e-01",0.186196973,0.084281015,0.241580302,0.005215786
"PRSS48","Lymphocyte","SCZ","Wald ratio",1,"-0.003","0.054","  0.997","9.54e-01",NA,NA,NA,0.004284848
"FAM38B","Lymphocyte","SCZ","MR Egger",3,"-0.002","0.021","  0.998","9.54e-01",0.686219972,0.906905496,0.886920939,0.004830112
"LYG2","Lymphocyte","SCZ","Wald ratio",1,"-0.001","0.011","  0.999","9.54e-01",NA,NA,NA,0.004334196
"FLJ36000","Lymphocyte","SCZ","Wald ratio",1," 0.001","0.009","  1.001","9.54e-01",NA,NA,NA,0.004334189
"FLJ12825","Lymphocyte","SCZ","Wald ratio",1,"-0.002","0.031","  0.998","9.54e-01",NA,NA,NA,0.004334189
"CHI3L2","Lymphocyte","SCZ","Wald ratio",1," 0.001","0.020","  1.001","9.54e-01",NA,NA,NA,0.00687857
"IRX6","Lymphocyte","SCZ","Wald ratio",1," 0.002","0.029","  1.002","9.55e-01",NA,NA,NA,0.004383531
"NTRK2","Lymphocyte","SCZ","Wald ratio",1," 0.002","0.043","  1.002","9.55e-01",NA,NA,NA,0.004383531
"ERG","Lymphocyte","SCZ","Wald ratio",1," 0.001","0.012","  1.001","9.55e-01",NA,NA,NA,0.005273076
"POU6F1","Lymphocyte","SCZ","Wald ratio",1,"-0.001","0.014","  0.999","9.55e-01",NA,NA,NA,0.004432866
"DAZAP2","Lymphocyte","SCZ","Wald ratio",1,"-0.001","0.010","  0.999","9.55e-01",NA,NA,NA,0.004432866
"SGSM2","Lymphocyte","SCZ","Wald ratio",1," 0.001","0.009","  1.001","9.55e-01",NA,NA,NA,0.004432866
"LILRA3","Lymphocyte","SCZ","Wald ratio",1,"-0.001","0.011","  0.999","9.55e-01",NA,NA,NA,0.005322269
"RP1L1","Lymphocyte","SCZ","Wald ratio",1,"-0.001","0.019","  0.999","9.56e-01",NA,NA,NA,0.008897637
"OCA2","Lymphocyte","SCZ","Wald ratio",1," 0.002","0.027","  1.002","9.56e-01",NA,NA,NA,0.004482202
"GYG1","Lymphocyte","SCZ","Wald ratio",1,"-0.001","0.023","  0.999","9.56e-01",NA,NA,NA,0.004531525
"BRMS1L","Lymphocyte","SCZ","Wald ratio",1," 0.110","2.020","  1.116","9.57e-01",NA,NA,NA,0.009963384
"ZNF80","Lymphocyte","SCZ","Wald ratio",1,"-0.001","0.010","  0.999","9.57e-01",NA,NA,NA,0.004580841
"C3P1","Lymphocyte","SCZ","Wald ratio",1,"-0.001","0.021","  0.999","9.57e-01",NA,NA,NA,0.004580723
"ZBTB38","Lymphocyte","SCZ","Wald ratio",1,"-0.001","0.025","  0.999","9.57e-01",NA,NA,NA,0.009188128
"ST8SIA3","Lymphocyte","SCZ","Wald ratio",1,"-0.002","0.042","  0.998","9.58e-01",NA,NA,NA,0.005715461
"CLUL1","Lymphocyte","SCZ","Wald ratio",1," 0.003","0.064","  1.003","9.58e-01",NA,NA,NA,0.00477803
"RPS20","Lymphocyte","SCZ","Wald ratio",1,"-0.002","0.044","  0.998","9.59e-01",NA,NA,NA,0.004876592
"PRKAG2","Lymphocyte","SCZ","Simple mode",4,"-0.001","0.010","  0.999","9.60e-01",0.615491502,0.806951215,0.946332164,0.005998156
"ENGASE","Lymphocyte","SCZ","Wald ratio",1," 0.001","0.021","  1.001","9.60e-01",NA,NA,NA,0.004974968
"ARMC10","Lymphocyte","SCZ","Wald ratio",1," 0.003","0.063","  1.003","9.61e-01",NA,NA,NA,0.007040808
"RTTN","Lymphocyte","SCZ","Wald ratio",1," 0.001","0.020","  1.001","9.61e-01",NA,NA,NA,0.009040406
"SYNPO2L","Lymphocyte","SCZ","Wald ratio",1," 0.001","0.015","  1.001","9.61e-01",NA,NA,NA,0.006059082
"AZI2","Lymphocyte","SCZ","Wald ratio",1,"-0.001","0.027","  0.999","9.61e-01",NA,NA,NA,0.005073612
"TMEM132D","Lymphocyte","SCZ","MR Egger",3,"-0.003","0.059","  0.997","9.62e-01",0.62449677,0.882201454,0.933258477,0.010235438
"DOK5","Lymphocyte","SCZ","Wald ratio",1,"-0.002","0.035","  0.998","9.62e-01",NA,NA,NA,0.00732959
"ZNF486","Lymphocyte","SCZ","Wald ratio",1,"-0.012","0.247","  0.988","9.62e-01",NA,NA,NA,0.005268463
"C22orf9","Lymphocyte","SCZ","Wald ratio",1," 0.000","0.010","  1.000","9.63e-01",NA,NA,NA,0.004282253
"SRD5A1","Lymphocyte","SCZ","Wald ratio",1," 0.000","0.010","  1.000","9.63e-01",NA,NA,NA,0.004282253
"PDE1C","Lymphocyte","SCZ","Wald ratio",1," 0.002","0.038","  1.002","9.63e-01",NA,NA,NA,0.005368925
"SLIT3","Lymphocyte","SCZ","MR Egger",4,"-0.004","0.070","  0.996","9.63e-01",0.171499316,0.317315206,0.99001218,0.00503292
"NCRNA00219","Lymphocyte","SCZ","Wald ratio",1," 0.001","0.012","  1.001","9.63e-01",NA,NA,NA,0.005418117
"C2orf83","Lymphocyte","SCZ","Wald ratio",1,"-0.001","0.019","  0.999","9.64e-01",NA,NA,NA,0.008650266
"BBS9","Lymphocyte","SCZ","Wald ratio",1,"-0.015","0.328","  0.985","9.64e-01",NA,NA,NA,0.007626557
"MYRIP","Lymphocyte","SCZ","Wald ratio",1,"-0.005","0.100","  0.995","9.64e-01",NA,NA,NA,0.004380934
"TGFB2","Lymphocyte","SCZ","Wald ratio",1," 0.005","0.122","  1.005","9.65e-01",NA,NA,NA,0.004479724
"RRP15","Lymphocyte","SCZ","Wald ratio",1," 0.006","0.145","  1.006","9.65e-01",NA,NA,NA,0.004478818
"ONECUT2","Lymphocyte","SCZ","Wald ratio",1," 0.001","0.012","  1.001","9.66e-01",NA,NA,NA,0.004627752
"BFSP2","Lymphocyte","SCZ","Wald ratio",1,"-0.001","0.021","  0.999","9.67e-01",NA,NA,NA,0.004825021
"PPT1","Lymphocyte","SCZ","Wald ratio",1," 0.000","0.010","  1.000","9.67e-01",NA,NA,NA,0.004825021
"ACSL1","Lymphocyte","SCZ","MR Egger",3,"-0.001","0.013","  0.999","9.68e-01",0.540428027,0.795376301,0.821291832,0.004491782
"ANGPT2","Lymphocyte","SCZ","Inverse variance weighted",3," 0.000","0.008","  1.000","9.69e-01",0.776080609,0.938872328,0.866565498,0.004865481
"SDK1","Lymphocyte","SCZ","MR Egger",3," 0.001","0.020","  1.001","9.69e-01",0.556395222,0.840971375,0.987093894,0.005283807
"CPNE4","Lymphocyte","SCZ","Wald ratio",1,"-0.003","0.067","  0.997","9.70e-01",NA,NA,NA,0.006547231
"SLC19A3","Lymphocyte","SCZ","Wald ratio",1," 0.000","0.011","  1.000","9.70e-01",NA,NA,NA,0.002406015
"RPS6KA2","Lymphocyte","SCZ","Simple mode",7," 0.000","0.007","  1.000","9.70e-01",0.032583237,0.008301282,0.206743212,0.049068768
"ZSWIM2","Lymphocyte","SCZ","Inverse variance weighted",2,"-0.002","0.057","  0.998","9.70e-01",NA,0.528570512,NA,0.007880754
"ABTB2","Lymphocyte","SCZ","Wald ratio",1,"-0.001","0.021","  0.999","9.71e-01",NA,NA,NA,0.006841012
"MAL2","Lymphocyte","SCZ","Wald ratio",1," 0.001","0.017","  1.001","9.72e-01",NA,NA,NA,0.005563667
"AGPAT4","Lymphocyte","SCZ","Inverse variance weighted",3,"-0.001","0.020","  0.999","9.72e-01",0.091200743,0.030981362,0.442769018,0.013199262
"HLA-DOA","Lymphocyte","SCZ","Wald ratio",1," 0.000","0.014","  1.000","9.72e-01",NA,NA,NA,0.00428024
"ARRDC4","Lymphocyte","SCZ","Wald ratio",1,"-0.001","0.019","  0.999","9.72e-01",NA,NA,NA,0.008358308
"SDK1","Lymphocyte","SCZ","Weighted mode",3," 0.000","0.010","  1.000","9.72e-01",0.556395222,0.840971375,0.987093894,0.005283807
"HACE1","Lymphocyte","SCZ","Wald ratio",1," 0.000","0.011","  1.000","9.72e-01",NA,NA,NA,0.004329642
"MOGAT2","Lymphocyte","SCZ","Wald ratio",1," 0.000","0.010","  1.000","9.72e-01",NA,NA,NA,0.004329642
"PRKD2","Lymphocyte","SCZ","Wald ratio",1," 0.000","0.010","  1.000","9.72e-01",NA,NA,NA,0.004329642
"FBP1","Lymphocyte","SCZ","Wald ratio",1," 0.003","0.075","  1.003","9.72e-01",NA,NA,NA,0.004329642
"DGAT2","Lymphocyte","SCZ","Wald ratio",1," 0.002","0.058","  1.002","9.72e-01",NA,NA,NA,0.004329642
"TCL1B","Lymphocyte","SCZ","Wald ratio",1," 0.000","0.014","  1.000","9.73e-01",NA,NA,NA,0.00437893
"TARS","Lymphocyte","SCZ","Wald ratio",1," 0.001","0.043","  1.001","9.73e-01",NA,NA,NA,0.004379036
"CDH4","Lymphocyte","SCZ","Wald ratio",1," 0.000","0.014","  1.000","9.73e-01",NA,NA,NA,0.004428424
"LOC400804","Lymphocyte","SCZ","Wald ratio",1,"-0.001","0.029","  0.999","9.73e-01",NA,NA,NA,0.004428423
"C6orf145","Lymphocyte","SCZ","Wald ratio",1,"-0.001","0.033","  0.999","9.73e-01",NA,NA,NA,0.004477802
"C10orf35","Lymphocyte","SCZ","Wald ratio",1,"-0.001","0.016","  0.999","9.74e-01",NA,NA,NA,0.006005958
"PDZD7","Lymphocyte","SCZ","Wald ratio",1,"-0.001","0.016","  0.999","9.74e-01",NA,NA,NA,0.004527174
"PDHA2","Lymphocyte","SCZ","Wald ratio",1," 0.000","0.010","  1.000","9.74e-01",NA,NA,NA,0.004576539
"HPCAL1","Lymphocyte","SCZ","Wald ratio",1,"-0.001","0.038","  0.999","9.74e-01",NA,NA,NA,0.004576538
"KCNIP1","Lymphocyte","SCZ","Wald ratio",1,"-0.001","0.035","  0.999","9.74e-01",NA,NA,NA,0.004625895
"CXCL17","Lymphocyte","SCZ","Wald ratio",1,"-0.001","0.016","  0.999","9.74e-01",NA,NA,NA,0.007622747
"C19orf28","Lymphocyte","SCZ","Wald ratio",1," 0.000","0.011","  1.000","9.74e-01",NA,NA,NA,0.004625895
"C19orf28","Lymphocyte","SCZ","Wald ratio",1,"-0.001","0.024","  0.999","9.74e-01",NA,NA,NA,0.004625895
"C19orf28","Lymphocyte","SCZ","Wald ratio",1," 0.000","0.011","  1.000","9.74e-01",NA,NA,NA,0.004625895
"C19orf28","Lymphocyte","SCZ","Wald ratio",1," 0.000","0.012","  1.000","9.74e-01",NA,NA,NA,0.004625893
"SNORD115-15","Lymphocyte","SCZ","Wald ratio",1,"-0.001","0.016","  0.999","9.75e-01",NA,NA,NA,0.007802284
"SNORD115-16","Lymphocyte","SCZ","Wald ratio",1,"-0.001","0.022","  0.999","9.75e-01",NA,NA,NA,0.007817785
"FFAR1","Lymphocyte","SCZ","Wald ratio",1," 0.001","0.024","  1.001","9.75e-01",NA,NA,NA,0.004767096
"PRKRIP1","Lymphocyte","SCZ","Wald ratio",1,"-0.001","0.042","  0.999","9.76e-01",NA,NA,NA,0.008110031
"ORAI2","Lymphocyte","SCZ","Wald ratio",1,"-0.001","0.036","  0.999","9.76e-01",NA,NA,NA,0.008110031
"HTR4","Lymphocyte","SCZ","Wald ratio",1," 0.000","0.010","  1.000","9.76e-01",NA,NA,NA,0.005020461
"LPCAT1","Lymphocyte","SCZ","Wald ratio",1," 0.000","0.014","  1.000","9.77e-01",NA,NA,NA,0.00517717
"MAML2","Lymphocyte","SCZ","Inverse variance weighted",2," 0.000","0.008","  1.000","9.77e-01",NA,0.852661566,NA,0.004431938
"RORA","Lymphocyte","SCZ","Weighted mode",4," 0.000","0.010","  1.000","9.77e-01",0.069013893,0.045675333,0.422938487,0.011188699
"DYNC1LI1","Lymphocyte","SCZ","Wald ratio",1," 0.011","0.394","  1.011","9.78e-01",NA,NA,NA,0.007035123
"TEX101","Lymphocyte","SCZ","Wald ratio",1," 0.000","0.013","  1.000","9.78e-01",NA,NA,NA,0.005463721
"ACIN1","Lymphocyte","SCZ","Wald ratio",1," 0.008","0.292","  1.008","9.78e-01",NA,NA,NA,0.009081436
"NAV2","Lymphocyte","SCZ","MR Egger",3,"-0.001","0.040","  0.999","9.79e-01",0.216795373,0.466358531,0.993837592,0.007205409
"ARHGAP24","Lymphocyte","SCZ","Inverse variance weighted",2," 0.001","0.024","  1.001","9.79e-01",NA,0.020851707,NA,0.061594809
"SYNE1","Lymphocyte","SCZ","Inverse variance weighted",2," 0.000","0.014","  1.000","9.79e-01",NA,0.735505167,NA,0.004494236
"CCDC102B","Lymphocyte","SCZ","Wald ratio",1," 0.000","0.017","  1.000","9.80e-01",NA,NA,NA,0.005906286
"CACNA1B","Lymphocyte","SCZ","Wald ratio",1,"-0.001","0.026","  0.999","9.80e-01",NA,NA,NA,0.005897855
"PLCD1","Lymphocyte","SCZ","Wald ratio",1,"-0.001","0.029","  0.999","9.80e-01",NA,NA,NA,0.009950776
"PTPRZ1","Lymphocyte","SCZ","Wald ratio",1," 0.000","0.013","  1.000","9.80e-01",NA,NA,NA,0.006053646
"SHOX2","Lymphocyte","SCZ","Wald ratio",1,"-0.001","0.059","  0.999","9.81e-01",NA,NA,NA,0.006299067
"COL4A3BP","Lymphocyte","SCZ","Wald ratio",1," 0.000","0.013","  1.000","9.82e-01",NA,NA,NA,0.006446208
"CXCR2","Lymphocyte","SCZ","Wald ratio",1," 0.000","0.013","  1.000","9.82e-01",NA,NA,NA,0.004328221
"CXCR2","Lymphocyte","SCZ","Wald ratio",1," 0.000","0.010","  1.000","9.82e-01",NA,NA,NA,0.004328221
"LEKR1","Lymphocyte","SCZ","Wald ratio",1," 0.000","0.019","  1.000","9.82e-01",NA,NA,NA,0.004328221
"LOC285401","Lymphocyte","SCZ","Wald ratio",1," 0.000","0.010","  1.000","9.82e-01",NA,NA,NA,0.004344571
"CDYL2","Lymphocyte","SCZ","Wald ratio",1," 0.000","0.009","  1.000","9.82e-01",NA,NA,NA,0.004377632
"TBC1D8","Lymphocyte","SCZ","Inverse variance weighted",2,"-0.001","0.037","  0.999","9.82e-01",NA,0.008840165,NA,0.154935011
"CAPN14","Lymphocyte","SCZ","Wald ratio",1," 0.000","0.013","  1.000","9.82e-01",NA,NA,NA,0.004525817
"FLJ34503","Lymphocyte","SCZ","Wald ratio",1," 0.000","0.012","  1.000","9.82e-01",NA,NA,NA,0.004525817
"RNF17","Lymphocyte","SCZ","Wald ratio",1," 0.000","0.010","  1.000","9.83e-01",NA,NA,NA,0.003878513
"TSPAN33","Lymphocyte","SCZ","Wald ratio",1," 0.000","0.014","  1.000","9.83e-01",NA,NA,NA,0.004561849
"C13orf34","Lymphocyte","SCZ","Wald ratio",1,"-0.017","0.856","  0.983","9.84e-01",NA,NA,NA,0.007619992
"JAKMIP2","Lymphocyte","SCZ","Wald ratio",1," 0.000","0.011","  1.000","9.85e-01",NA,NA,NA,0.005167104
"NTM","Lymphocyte","SCZ","MR Egger",5,"-0.001","0.033","  0.999","9.85e-01",0.00464551,0.01086273,0.894413182,0.005429658
"ZFR2","Lymphocyte","SCZ","Wald ratio",1," 0.000","0.017","  1.000","9.85e-01",NA,NA,NA,0.005462601
"CSRNP2","Lymphocyte","SCZ","Wald ratio",1," 0.001","0.033","  1.001","9.85e-01",NA,NA,NA,0.005462553
"SLC6A18","Lymphocyte","SCZ","Wald ratio",1," 0.000","0.014","  1.000","9.86e-01",NA,NA,NA,0.005561031
"WIPI2","Lymphocyte","SCZ","Wald ratio",1," 0.000","0.020","  1.000","9.86e-01",NA,NA,NA,0.005560931
"DAGLA","Lymphocyte","SCZ","Wald ratio",1," 0.000","0.013","  1.000","9.87e-01",NA,NA,NA,0.006101751
"GPAM","Lymphocyte","SCZ","Wald ratio",1," 0.000","0.018","  1.000","9.88e-01",NA,NA,NA,0.006121834
"PRMT3","Lymphocyte","SCZ","Wald ratio",1," 0.000","0.017","  1.000","9.89e-01",NA,NA,NA,0.006886241
"ADAMTS2","Lymphocyte","SCZ","Weighted mode",5," 0.000","0.007","  1.000","9.89e-01",0.232631308,0.362007245,0.853106911,0.029479662
"ZMIZ1","Lymphocyte","SCZ","Inverse variance weighted",3," 0.000","0.007","  1.000","9.89e-01",0.866942526,0.977244636,0.915175373,0.004643239
"VWA5B1","Lymphocyte","SCZ","Wald ratio",1," 0.000","0.020","  1.000","9.91e-01",NA,NA,NA,0.004277616
"IL17RE","Lymphocyte","SCZ","Wald ratio",1," 0.000","0.037","  1.000","9.91e-01",NA,NA,NA,0.004277938
"HPGD","Lymphocyte","SCZ","Wald ratio",1," 0.001","0.050","  1.001","9.91e-01",NA,NA,NA,0.004277941
"HPGD","Lymphocyte","SCZ","Wald ratio",1," 0.000","0.026","  1.000","9.91e-01",NA,NA,NA,0.004277941
"CRELD1","Lymphocyte","SCZ","Wald ratio",1," 0.000","0.009","  1.000","9.91e-01",NA,NA,NA,0.004277812
"JAGN1","Lymphocyte","SCZ","Wald ratio",1," 0.000","0.009","  1.000","9.91e-01",NA,NA,NA,0.004277941
"SLC7A7","Lymphocyte","SCZ","Wald ratio",1," 0.000","0.009","  1.000","9.91e-01",NA,NA,NA,0.00427794
"SEMA6A","Lymphocyte","SCZ","Inverse variance weighted",2," 0.000","0.013","  1.000","9.91e-01",NA,0.17908661,NA,0.007389431
"EPM2A","Lymphocyte","SCZ","Wald ratio",1," 0.000","0.011","  1.000","9.91e-01",NA,NA,NA,0.004327369
"HS3ST2","Lymphocyte","SCZ","Wald ratio",1,"-0.002","0.142","  0.998","9.91e-01",NA,NA,NA,0.004376377
"ADAMTS2","Lymphocyte","SCZ","Simple mode",5," 0.000","0.009","  1.000","9.91e-01",0.232631308,0.362007245,0.853106911,0.029479662
"CDO1","Lymphocyte","SCZ","Wald ratio",1," 0.000","0.012","  1.000","9.91e-01",NA,NA,NA,0.004404796
"ATG12","Lymphocyte","SCZ","Wald ratio",1," 0.000","0.026","  1.000","9.91e-01",NA,NA,NA,0.004426202
"BMP4","Lymphocyte","SCZ","Wald ratio",1," 0.000","0.026","  1.000","9.91e-01",NA,NA,NA,0.004426197
"ALCAM","Lymphocyte","SCZ","Wald ratio",1," 0.004","0.375","  1.004","9.91e-01",NA,NA,NA,0.004475607
"LSM6","Lymphocyte","SCZ","Wald ratio",1," 0.000","0.010","  1.000","9.91e-01",NA,NA,NA,0.004574391
"C9orf130","Lymphocyte","SCZ","Wald ratio",1," 0.000","0.010","  1.000","9.91e-01",NA,NA,NA,0.004621069
"FRG1","Lymphocyte","SCZ","Wald ratio",1," 0.000","0.017","  1.000","9.92e-01",NA,NA,NA,0.004673142
"SLN","Lymphocyte","SCZ","Wald ratio",1," 0.000","0.011","  1.000","9.92e-01",NA,NA,NA,0.004351158
"ECHDC3","Lymphocyte","SCZ","Wald ratio",1," 0.002","0.194","  1.002","9.92e-01",NA,NA,NA,0.004821206
"SGK1","Lymphocyte","SCZ","Wald ratio",1," 0.000","0.014","  1.000","9.93e-01",NA,NA,NA,0.004560908
"TCOF1","Lymphocyte","SCZ","Wald ratio",1," 0.000","0.012","  1.000","9.93e-01",NA,NA,NA,0.00585548
"CDH13","Lymphocyte","SCZ","Weighted median",3," 0.000","0.011","  1.000","9.94e-01",0.001372666,0.001343036,0.684927917,0.737456535
"PXN","Lymphocyte","SCZ","Wald ratio",1," 0.000","0.035","  1.000","9.94e-01",NA,NA,NA,0.00654277
"TMTC3","Lymphocyte","SCZ","Wald ratio",1,"-0.001","0.161","  0.999","9.95e-01",NA,NA,NA,0.008349833
"IFT140","Lymphocyte","SCZ","Wald ratio",1," 0.000","0.038","  1.000","9.95e-01",NA,NA,NA,0.00864151
"MSI2","Lymphocyte","SCZ","Weighted mode",3," 0.000","0.009","  1.000","9.96e-01",0.687588011,0.837631349,0.736696207,0.005565644
"ADAMTS2","Lymphocyte","SCZ","Weighted median",5," 0.000","0.007","  1.000","9.98e-01",0.232631308,0.362007245,0.853106911,0.029479662
"SORCS2","Lymphocyte","SCZ","Inverse variance weighted",4," 0.000","0.013","  1.000","9.99e-01",0.017135265,0.04275968,0.939575233,0.005640226
"TIAM2","Lymphocyte","SCZ","Wald ratio",1," 0.000","0.011","  1.000","1.00e+00",NA,NA,NA,0.004557783
"WDR11","Lymphocyte","SCZ","Wald ratio",1," 0.000","0.014","  1.000","1.00e+00",NA,NA,NA,0.005560152
"LRP5","Lymphocyte","SCZ","Wald ratio",1," 0.000","0.013","  1.000","1.00e+00",NA,NA,NA,0.006199159
"NBPF22P","Lymphocyte","SCZ","Wald ratio",1," 0.000","0.020","  1.000","1.00e+00",NA,NA,NA,0.007233182
"TTC15","Lymphocyte","SCZ","Wald ratio",1," 0.000","0.009","  1.000","1.00e+00",NA,NA,NA,0.004192853
"SOX9","Lymphocyte","SCZ","Wald ratio",1," 0.000","0.073","  1.000","1.00e+00",NA,NA,NA,0.006051835
"MCPH1","Lymphocyte","SCZ","Wald ratio",1," 0.000","0.016","  1.000","1.00e+00",NA,NA,NA,0.007813925
"ITGA1","Lymphocyte","SCZ","Wald ratio",1," 0.000","0.011","  1.000","1.00e+00",NA,NA,NA,0.004919624
"TMTC4","Lymphocyte","SCZ","Wald ratio",1," 0.000","0.009","  1.000","1.00e+00",NA,NA,NA,0.003790716
