"Gene","Tissue","Psychiatric.disorder","Method","Nsnp","Beta","SE","OR","P.value","Q_Pvalue.MREgger.","Q_Pvalue.IVW.","P.value.Intercept.","PPH4"
"MS4A4E","Stem-cell-iPSC","ALZ","Wald ratio",1,-0.297,0.027,0.743,4.77e-28,NA,NA,NA,0.890546631
"BIN1","Stem-cell-iPSC","ALZ","Wald ratio",1,-0.344,0.034,0.709,1.33e-24,NA,NA,NA,0.91293307
"PICALM","Stem-cell-iPSC","ALZ","Wald ratio",1,-0.581,0.057,0.559,4.28e-24,NA,NA,NA,0.999999992
"RNU6-2","Stem-cell-iPSC","ALZ","Wald ratio",1,-0.117,0.025,0.889,2.71e-06,NA,NA,NA,0.997792158
"TSPAN14","Stem-cell-iPSC","ALZ","Wald ratio",1,-0.077,0.017,0.926,5.84e-06,NA,NA,NA,0.861074703
"HTRA1","Stem-cell-iPSC","ALZ","Wald ratio",1,-0.147,0.036,0.863,4.14e-05,NA,NA,NA,0.051427616
"LYPD5","Stem-cell-iPSC","ALZ","Wald ratio",1,-0.221,0.054,0.802,4.44e-05,NA,NA,NA,0.95313136
"MEPCE","Stem-cell-iPSC","ALZ","Wald ratio",1,-0.127,0.033,0.881,0.000105,NA,NA,NA,0.399549594
"FGD3","Stem-cell-iPSC","ALZ","Wald ratio",1,0.129,0.034,1.138,0.00012,NA,NA,NA,0.749168814
"UNC5CL","Stem-cell-iPSC","ALZ","Wald ratio",1,0.182,0.048,1.199,0.000149,NA,NA,NA,0.018205613
"HLA-DQB1","Stem-cell-iPSC","ALZ","Wald ratio",1,-0.279,0.075,0.756,0.00018,NA,NA,NA,0.901053098
"ACVR1B","Stem-cell-iPSC","ALZ","Wald ratio",1,-0.101,0.028,0.904,0.000354,NA,NA,NA,0.001080024
"CCDC6","Stem-cell-iPSC","ALZ","Wald ratio",1,-0.094,0.027,0.91,0.000551,NA,NA,NA,0.123307533
"CCNT2-AS1","Stem-cell-iPSC","ALZ","Wald ratio",1,-0.059,0.017,0.943,0.000625,NA,NA,NA,0.093080302
"BST1","Stem-cell-iPSC","ALZ","Wald ratio",1,-0.058,0.019,0.944,0.00202,NA,NA,NA,0.036193599
"TRPC4","Stem-cell-iPSC","ALZ","Wald ratio",1,0.06,0.019,1.061,0.00203,NA,NA,NA,0.001182657
"NCALD","Stem-cell-iPSC","ALZ","Wald ratio",1,-0.141,0.046,0.869,0.00225,NA,NA,NA,0.001478978
"RNF214","Stem-cell-iPSC","ALZ","Wald ratio",1,-0.079,0.026,0.924,0.00245,NA,NA,NA,0.000414314
"CUX1","Stem-cell-iPSC","ALZ","Wald ratio",1,-0.118,0.04,0.889,0.00294,NA,NA,NA,0.046192977
"ANK1","Stem-cell-iPSC","ALZ","Wald ratio",1,-0.095,0.032,0.909,0.00339,NA,NA,NA,0.000603804
"C1QTNF9B","Stem-cell-iPSC","ALZ","Wald ratio",1,0.073,0.025,1.076,0.00398,NA,NA,NA,0.005395362
"LIFR-AS1","Stem-cell-iPSC","ALZ","Wald ratio",1,-0.067,0.024,0.935,0.00437,NA,NA,NA,0.000264847
"SLC7A1","Stem-cell-iPSC","ALZ","Wald ratio",1,0.075,0.026,1.077,0.00488,NA,NA,NA,0.021080058
"CTXN3","Stem-cell-iPSC","ALZ","Wald ratio",1,-0.089,0.032,0.915,0.00555,NA,NA,NA,0.000424935
"PDGFRL","Stem-cell-iPSC","ALZ","Wald ratio",1,-0.047,0.017,0.954,0.00586,NA,NA,NA,0.222762352
"D2HGDH","Stem-cell-iPSC","ALZ","Wald ratio",1,0.067,0.025,1.069,0.00739,NA,NA,NA,0.000573325
"CEACAM22P","Stem-cell-iPSC","ALZ","Wald ratio",1,-0.04,0.015,0.961,0.00752,NA,NA,NA,0.000158254
"KBTBD8","Stem-cell-iPSC","ALZ","Wald ratio",1,-0.069,0.026,0.933,0.00757,NA,NA,NA,0.000222064
"LINC00882","Stem-cell-iPSC","ALZ","Wald ratio",1,-0.068,0.026,0.934,0.00922,NA,NA,NA,0.000126029
"PRKD1","Stem-cell-iPSC","ALZ","Wald ratio",1,-0.04,0.015,0.961,0.00937,NA,NA,NA,0.000372637
"RGCC","Stem-cell-iPSC","ALZ","Wald ratio",1,0.084,0.032,1.088,0.00947,NA,NA,NA,0.000778701
"DSC1","Stem-cell-iPSC","ALZ","Wald ratio",1,0.22,0.085,1.246,0.00976,NA,NA,NA,0.121925245
"APOL4","Stem-cell-iPSC","ALZ","Wald ratio",1,0.099,0.038,1.104,0.0101,NA,NA,NA,0.087052286
"ANO4","Stem-cell-iPSC","ALZ","Wald ratio",1,0.062,0.024,1.064,0.0109,NA,NA,NA,0.125549874
"MXRA7","Stem-cell-iPSC","ALZ","Wald ratio",1,0.11,0.043,1.116,0.0112,NA,NA,NA,0.11604079
"MYOD1","Stem-cell-iPSC","ALZ","Wald ratio",1,-0.045,0.018,0.956,0.0123,NA,NA,NA,0.000132169
"TMEM132B","Stem-cell-iPSC","ALZ","Inverse variance weighted",2,-0.037,0.015,0.964,0.0123,NA,0.862378722,NA,0.000139611
"PDE4B","Stem-cell-iPSC","ALZ","Wald ratio",1,-0.068,0.028,0.934,0.0145,NA,NA,NA,0.000261767
"PARN","Stem-cell-iPSC","ALZ","Wald ratio",1,-0.066,0.027,0.936,0.0145,NA,NA,NA,6.76e-05
"SPPL2A","Stem-cell-iPSC","ALZ","Wald ratio",1,0.039,0.016,1.039,0.0167,NA,NA,NA,0.000109361
"GRM8","Stem-cell-iPSC","ALZ","Wald ratio",1,-0.042,0.018,0.959,0.0169,NA,NA,NA,4.65e-05
"EIF3H","Stem-cell-iPSC","ALZ","Wald ratio",1,0.077,0.032,1.08,0.0169,NA,NA,NA,0.000391413
"SLC24A4","Stem-cell-iPSC","ALZ","Wald ratio",1,0.08,0.033,1.083,0.0173,NA,NA,NA,0.050350911
"GYG1P2","Stem-cell-iPSC","ALZ","Wald ratio",1,0.05,0.021,1.051,0.0173,NA,NA,NA,8.36e-05
"ECM1P2","Stem-cell-iPSC","ALZ","Wald ratio",1,0.043,0.018,1.044,0.0175,NA,NA,NA,7.24e-05
"ANXA5","Stem-cell-iPSC","ALZ","Wald ratio",1,-0.04,0.017,0.96,0.018,NA,NA,NA,5.72e-05
"INVS","Stem-cell-iPSC","ALZ","Wald ratio",1,0.036,0.015,1.037,0.0184,NA,NA,NA,9.41e-05
"VAV2","Stem-cell-iPSC","ALZ","Wald ratio",1,0.039,0.016,1.039,0.0187,NA,NA,NA,9.59e-05
"VSX1","Stem-cell-iPSC","ALZ","Wald ratio",1,-0.038,0.016,0.962,0.0192,NA,NA,NA,0.069413023
"FBP1","Stem-cell-iPSC","ALZ","Wald ratio",1,0.124,0.053,1.132,0.0195,NA,NA,NA,0.082825202
"STARD6","Stem-cell-iPSC","ALZ","Wald ratio",1,0.072,0.031,1.074,0.0196,NA,NA,NA,0.057235057
"SH3PXD2A","Stem-cell-iPSC","ALZ","Wald ratio",1,0.134,0.058,1.143,0.0208,NA,NA,NA,0.00482381
"PRDM2","Stem-cell-iPSC","ALZ","Wald ratio",1,-0.099,0.043,0.905,0.0217,NA,NA,NA,0.000372249
"MTND4LP25","Stem-cell-iPSC","ALZ","Wald ratio",1,-0.036,0.016,0.964,0.0231,NA,NA,NA,2.26e-05
"PLXND1","Stem-cell-iPSC","ALZ","Wald ratio",1,0.07,0.031,1.073,0.0234,NA,NA,NA,0.005497419
"RNU6-248P","Stem-cell-iPSC","ALZ","Wald ratio",1,-0.035,0.015,0.966,0.0244,NA,NA,NA,1.3e-05
"FGF5","Stem-cell-iPSC","ALZ","Wald ratio",1,0.064,0.028,1.066,0.0247,NA,NA,NA,0.002565166
"CCNY","Stem-cell-iPSC","ALZ","Wald ratio",1,-0.038,0.017,0.963,0.0247,NA,NA,NA,7.56e-05
"CRB2","Stem-cell-iPSC","ALZ","Wald ratio",1,0.039,0.018,1.04,0.025,NA,NA,NA,3.66e-05
"RNU6-765P","Stem-cell-iPSC","ALZ","Wald ratio",1,-0.034,0.015,0.966,0.0255,NA,NA,NA,0.008381155
"ZNF292","Stem-cell-iPSC","ALZ","Wald ratio",1,-0.117,0.053,0.89,0.0265,NA,NA,NA,0.000334545
"CYYR1","Stem-cell-iPSC","ALZ","Wald ratio",1,0.068,0.031,1.07,0.0267,NA,NA,NA,0.049441548
"FBLN5","Stem-cell-iPSC","ALZ","Wald ratio",1,-0.041,0.019,0.96,0.0285,NA,NA,NA,0.000518466
"OXR1","Stem-cell-iPSC","ALZ","Wald ratio",1,-0.112,0.051,0.894,0.0293,NA,NA,NA,0.001994068
"KCNIP3","Stem-cell-iPSC","ALZ","Wald ratio",1,0.034,0.015,1.034,0.0296,NA,NA,NA,9.88e-05
"OTP","Stem-cell-iPSC","ALZ","Wald ratio",1,-0.064,0.029,0.938,0.0297,NA,NA,NA,7.04e-05
"SNRPCP13","Stem-cell-iPSC","ALZ","Wald ratio",1,-0.126,0.058,0.882,0.0304,NA,NA,NA,0.000156944
"CECR5-AS1","Stem-cell-iPSC","ALZ","Wald ratio",1,0.085,0.039,1.089,0.0314,NA,NA,NA,0.000724246
"TMEM168","Stem-cell-iPSC","ALZ","Wald ratio",1,-0.069,0.032,0.933,0.0317,NA,NA,NA,0.000101766
"RASA3","Stem-cell-iPSC","ALZ","Wald ratio",1,-0.069,0.032,0.933,0.0318,NA,NA,NA,0.003458688
"GALNTL6","Stem-cell-iPSC","ALZ","Inverse variance weighted",2,-0.04,0.019,0.96,0.0321,NA,0.871807509,NA,5.63e-05
"ANKDD1B","Stem-cell-iPSC","ALZ","Wald ratio",1,-0.085,0.04,0.919,0.035,NA,NA,NA,0.000208091
"RUFY1","Stem-cell-iPSC","ALZ","Wald ratio",1,-0.071,0.034,0.932,0.0355,NA,NA,NA,0.005050507
"TNIP3","Stem-cell-iPSC","ALZ","Wald ratio",1,-0.141,0.067,0.868,0.0355,NA,NA,NA,0.000401646
"EIF1B","Stem-cell-iPSC","ALZ","Wald ratio",1,0.047,0.023,1.048,0.0361,NA,NA,NA,0.000188981
"SEC16B","Stem-cell-iPSC","ALZ","Wald ratio",1,0.106,0.051,1.112,0.0368,NA,NA,NA,0.001190964
"DPY19L4","Stem-cell-iPSC","ALZ","Wald ratio",1,0.1,0.048,1.105,0.0373,NA,NA,NA,0.001154642
"UGT2B15","Stem-cell-iPSC","ALZ","Wald ratio",1,0.118,0.057,1.125,0.0375,NA,NA,NA,0.046672945
"PLEKHG7","Stem-cell-iPSC","ALZ","Wald ratio",1,0.051,0.025,1.052,0.0385,NA,NA,NA,0.000318008
"WDYHV1","Stem-cell-iPSC","ALZ","Wald ratio",1,0.033,0.016,1.034,0.0386,NA,NA,NA,0.000799185
"SPARCL1","Stem-cell-iPSC","ALZ","Wald ratio",1,0.072,0.035,1.074,0.0414,NA,NA,NA,0.000989678
"PAK7","Stem-cell-iPSC","ALZ","Wald ratio",1,0.031,0.015,1.032,0.0415,NA,NA,NA,1.19e-05
"IMMP2L","Stem-cell-iPSC","ALZ","Inverse variance weighted",2,0.025,0.012,1.025,0.0422,NA,0.593329972,NA,3.64e-06
"C1orf106","Stem-cell-iPSC","ALZ","Wald ratio",1,-0.035,0.017,0.965,0.0426,NA,NA,NA,0.029868499
"THRAP3P1","Stem-cell-iPSC","ALZ","Wald ratio",1,0.107,0.053,1.113,0.0427,NA,NA,NA,0.015652042
"IPO11","Stem-cell-iPSC","ALZ","Wald ratio",1,0.036,0.018,1.037,0.0435,NA,NA,NA,4.98e-05
"VENTXP4","Stem-cell-iPSC","ALZ","Wald ratio",1,-0.143,0.071,0.866,0.0443,NA,NA,NA,0.028151158
"RARB","Stem-cell-iPSC","ALZ","Wald ratio",1,0.025,0.013,1.026,0.0444,NA,NA,NA,0.03394667
"BTBD11","Stem-cell-iPSC","ALZ","Wald ratio",1,-0.03,0.015,0.971,0.0445,NA,NA,NA,5.02e-05
"AK4P4","Stem-cell-iPSC","ALZ","Wald ratio",1,0.034,0.017,1.034,0.0445,NA,NA,NA,7.12e-05
"KLRAP1","Stem-cell-iPSC","ALZ","Wald ratio",1,0.043,0.021,1.044,0.0448,NA,NA,NA,3e-05
"RIMS3","Stem-cell-iPSC","ALZ","Wald ratio",1,-0.054,0.027,0.947,0.0455,NA,NA,NA,3.7e-05
"RNU6-725P","Stem-cell-iPSC","ALZ","Wald ratio",1,-0.148,0.074,0.862,0.0465,NA,NA,NA,0.038102191
"OXNAD1","Stem-cell-iPSC","ALZ","Wald ratio",1,0.082,0.041,1.086,0.0466,NA,NA,NA,0.034403637
"HERPUD2","Stem-cell-iPSC","ALZ","Wald ratio",1,0.039,0.02,1.04,0.0469,NA,NA,NA,7.94e-05
"PROK2","Stem-cell-iPSC","ALZ","Wald ratio",1,-0.055,0.028,0.947,0.0487,NA,NA,NA,0.000522629
"CSGALNACT1","Stem-cell-iPSC","ALZ","Wald ratio",1,-0.078,0.04,0.925,0.0492,NA,NA,NA,0.000750437
"LINC00578","Stem-cell-iPSC","ALZ","Wald ratio",1,-0.032,0.016,0.969,0.0494,NA,NA,NA,0.003305919
"PRSS2","Stem-cell-iPSC","ALZ","Wald ratio",1,-0.031,0.016,0.97,0.0495,NA,NA,NA,3.57e-05
"SH3YL1","Stem-cell-iPSC","ALZ","Wald ratio",1,0.031,0.016,1.032,0.0499,NA,NA,NA,1.46e-05
"SETP2","Stem-cell-iPSC","ALZ","Wald ratio",1,-0.065,0.033,0.937,0.0501,NA,NA,NA,0.010347391
"FAM227A","Stem-cell-iPSC","ALZ","Wald ratio",1,0.026,0.013,1.026,0.0505,NA,NA,NA,9.35e-05
"LDLRAD4","Stem-cell-iPSC","ALZ","Wald ratio",1,-0.053,0.027,0.948,0.0513,NA,NA,NA,2.71e-05
"CLDN10","Stem-cell-iPSC","ALZ","Wald ratio",1,0.051,0.026,1.052,0.0521,NA,NA,NA,1.36e-05
"GRAMD4","Stem-cell-iPSC","ALZ","Wald ratio",1,-0.122,0.063,0.885,0.0529,NA,NA,NA,0.000178182
"MIR3681HG","Stem-cell-iPSC","ALZ","Inverse variance weighted",2,0.023,0.012,1.023,0.0531,NA,0.499688919,NA,0.000300426
"PITPNM2","Stem-cell-iPSC","ALZ","Wald ratio",1,-0.036,0.019,0.964,0.0533,NA,NA,NA,1.49e-05
"RYR3","Stem-cell-iPSC","ALZ","Wald ratio",1,-0.07,0.036,0.933,0.0533,NA,NA,NA,0.005713379
"OSBPL9P3","Stem-cell-iPSC","ALZ","Wald ratio",1,0.101,0.052,1.106,0.0533,NA,NA,NA,0.000740406
"LINC01104","Stem-cell-iPSC","ALZ","Wald ratio",1,0.023,0.012,1.023,0.0543,NA,NA,NA,0.000908494
"LINC00680","Stem-cell-iPSC","ALZ","Wald ratio",1,-0.034,0.018,0.967,0.0552,NA,NA,NA,1.19e-05
"VGLL2","Stem-cell-iPSC","ALZ","Wald ratio",1,-0.158,0.082,0.854,0.0556,NA,NA,NA,0.027510659
"KLHL31","Stem-cell-iPSC","ALZ","Wald ratio",1,-0.095,0.05,0.909,0.056,NA,NA,NA,0.000224516
"IFIT1","Stem-cell-iPSC","ALZ","Wald ratio",1,-0.08,0.042,0.923,0.0563,NA,NA,NA,0.009510478
"ZNF286B","Stem-cell-iPSC","ALZ","Wald ratio",1,-0.092,0.048,0.912,0.0563,NA,NA,NA,0.043387958
"PPP2R4","Stem-cell-iPSC","ALZ","Wald ratio",1,-0.054,0.028,0.948,0.0566,NA,NA,NA,0.024663543
"SRPRB","Stem-cell-iPSC","ALZ","Wald ratio",1,-0.027,0.014,0.974,0.0574,NA,NA,NA,0.026821856
"CRTAC1","Stem-cell-iPSC","ALZ","Wald ratio",1,-0.051,0.027,0.951,0.0576,NA,NA,NA,0.00010995
"FBLN7","Stem-cell-iPSC","ALZ","Wald ratio",1,0.03,0.016,1.03,0.0576,NA,NA,NA,1.32e-05
"WISP3","Stem-cell-iPSC","ALZ","Wald ratio",1,-0.057,0.03,0.945,0.0579,NA,NA,NA,7.07e-05
"CBX5","Stem-cell-iPSC","ALZ","Wald ratio",1,0.073,0.039,1.076,0.0581,NA,NA,NA,0.000403367
"FGF9","Stem-cell-iPSC","ALZ","Wald ratio",1,0.036,0.019,1.037,0.0582,NA,NA,NA,0.000379568
"RPS2P48","Stem-cell-iPSC","ALZ","Wald ratio",1,0.029,0.015,1.029,0.0586,NA,NA,NA,0.029137717
"AK9","Stem-cell-iPSC","ALZ","Wald ratio",1,-0.026,0.014,0.974,0.0592,NA,NA,NA,3.79e-05
"NXPH1","Stem-cell-iPSC","ALZ","Inverse variance weighted",2,-0.038,0.02,0.963,0.0597,NA,0.861760032,NA,1.29e-05
"BUD13","Stem-cell-iPSC","ALZ","Wald ratio",1,0.023,0.012,1.023,0.0604,NA,NA,NA,0.004749101
"C8orf37-AS1","Stem-cell-iPSC","ALZ","Inverse variance weighted",2,-0.041,0.022,0.96,0.0607,NA,0.524006673,NA,0.001966676
"HS1BP3","Stem-cell-iPSC","ALZ","Wald ratio",1,-0.031,0.017,0.97,0.0611,NA,NA,NA,0.000167987
"SDHB","Stem-cell-iPSC","ALZ","Wald ratio",1,0.027,0.014,1.027,0.0617,NA,NA,NA,5.27e-05
"ATP10A","Stem-cell-iPSC","ALZ","Wald ratio",1,0.055,0.03,1.057,0.0631,NA,NA,NA,4.59e-05
"TMEM117","Stem-cell-iPSC","ALZ","Wald ratio",1,0.041,0.022,1.042,0.0632,NA,NA,NA,0.000768524
"FAM160A1","Stem-cell-iPSC","ALZ","Wald ratio",1,0.055,0.03,1.057,0.0633,NA,NA,NA,5.64e-05
"IGFN1","Stem-cell-iPSC","ALZ","Wald ratio",1,-0.204,0.11,0.816,0.0639,NA,NA,NA,0.04277799
"ALCAM","Stem-cell-iPSC","ALZ","Wald ratio",1,0.069,0.037,1.071,0.0649,NA,NA,NA,0.023575838
"RPS3AP1","Stem-cell-iPSC","ALZ","Inverse variance weighted",2,0.022,0.012,1.022,0.065,NA,0.392714689,NA,1.93e-05
"MAST4","Stem-cell-iPSC","ALZ","Wald ratio",1,0.059,0.032,1.06,0.0653,NA,NA,NA,0.000908894
"LINC01257","Stem-cell-iPSC","ALZ","Wald ratio",1,0.038,0.02,1.038,0.0655,NA,NA,NA,2.68e-05
"RPL13AP25","Stem-cell-iPSC","ALZ","Wald ratio",1,0.061,0.033,1.063,0.0655,NA,NA,NA,0.000133577
"MIR548XHG","Stem-cell-iPSC","ALZ","Wald ratio",1,0.024,0.013,1.025,0.0658,NA,NA,NA,0.000945743
"LINC01272","Stem-cell-iPSC","ALZ","Wald ratio",1,0.028,0.015,1.028,0.0659,NA,NA,NA,0.000275652
"CDH8","Stem-cell-iPSC","ALZ","Wald ratio",1,0.042,0.023,1.043,0.0661,NA,NA,NA,2.77e-05
"VLDLR-AS1","Stem-cell-iPSC","ALZ","Wald ratio",1,0.1,0.055,1.106,0.0677,NA,NA,NA,0.030324336
"BBS9","Stem-cell-iPSC","ALZ","Wald ratio",1,0.057,0.031,1.058,0.0689,NA,NA,NA,0.000236666
"LINC01115","Stem-cell-iPSC","ALZ","Wald ratio",1,0.049,0.027,1.05,0.069,NA,NA,NA,0.000176669
"PLEKHG1","Stem-cell-iPSC","ALZ","Wald ratio",1,-0.053,0.029,0.948,0.0702,NA,NA,NA,1.22e-05
"ADGB","Stem-cell-iPSC","ALZ","Wald ratio",1,-0.074,0.041,0.929,0.0715,NA,NA,NA,0.012213489
"ZNF57","Stem-cell-iPSC","ALZ","Wald ratio",1,-0.046,0.026,0.955,0.0729,NA,NA,NA,3.14e-05
"MIR3976HG","Stem-cell-iPSC","ALZ","Wald ratio",1,0.054,0.03,1.055,0.0738,NA,NA,NA,0.000185569
"ZNF100","Stem-cell-iPSC","ALZ","Wald ratio",1,0.085,0.048,1.089,0.0739,NA,NA,NA,5.61e-05
"NDUFS5P5","Stem-cell-iPSC","ALZ","Wald ratio",1,-0.114,0.064,0.892,0.0739,NA,NA,NA,0.011883638
"ORC5","Stem-cell-iPSC","ALZ","Wald ratio",1,0.056,0.031,1.057,0.0743,NA,NA,NA,6.91e-05
"CDH12","Stem-cell-iPSC","ALZ","Wald ratio",1,-0.066,0.037,0.936,0.0749,NA,NA,NA,0.000965479
"FTH1P21","Stem-cell-iPSC","ALZ","Wald ratio",1,0.027,0.015,1.027,0.0753,NA,NA,NA,0.000378089
"HSPA12A","Stem-cell-iPSC","ALZ","Wald ratio",1,-0.187,0.105,0.83,0.0753,NA,NA,NA,0.034574068
"EGLN3","Stem-cell-iPSC","ALZ","Wald ratio",1,0.046,0.026,1.047,0.0754,NA,NA,NA,3.15e-05
"NAAA","Stem-cell-iPSC","ALZ","Wald ratio",1,-0.033,0.019,0.968,0.076,NA,NA,NA,1.61e-05
"LINC00376","Stem-cell-iPSC","ALZ","Wald ratio",1,0.026,0.014,1.026,0.0761,NA,NA,NA,0.00045182
"FAM189A1","Stem-cell-iPSC","ALZ","Wald ratio",1,0.035,0.02,1.036,0.0762,NA,NA,NA,1.24e-05
"HMGB3P17","Stem-cell-iPSC","ALZ","Wald ratio",1,-0.058,0.033,0.944,0.0763,NA,NA,NA,0.000248011
"LINC01478","Stem-cell-iPSC","ALZ","Wald ratio",1,0.028,0.016,1.028,0.0777,NA,NA,NA,8.09e-05
"TNNI3K","Stem-cell-iPSC","ALZ","Wald ratio",1,-0.052,0.03,0.949,0.0778,NA,NA,NA,1.86e-05
"MYO9B","Stem-cell-iPSC","ALZ","Wald ratio",1,-0.026,0.015,0.974,0.0793,NA,NA,NA,3.38e-05
"RALA","Stem-cell-iPSC","ALZ","Wald ratio",1,0.028,0.016,1.028,0.0797,NA,NA,NA,3.95e-05
"ZNF619P1","Stem-cell-iPSC","ALZ","Wald ratio",1,-0.025,0.014,0.976,0.0823,NA,NA,NA,0.021790316
"DDX10","Stem-cell-iPSC","ALZ","Wald ratio",1,-0.024,0.014,0.976,0.083,NA,NA,NA,0.022914364
"GRM7","Stem-cell-iPSC","ALZ","Inverse variance weighted",2,-0.029,0.017,0.972,0.0831,NA,0.573838948,NA,0.000899399
"LINC00351","Stem-cell-iPSC","ALZ","Wald ratio",1,-0.026,0.015,0.974,0.0832,NA,NA,NA,0.015628212
"RNA5SP162","Stem-cell-iPSC","ALZ","Wald ratio",1,0.057,0.033,1.059,0.0832,NA,NA,NA,0.001179067
"PRELID3B","Stem-cell-iPSC","ALZ","Wald ratio",1,0.028,0.016,1.028,0.0841,NA,NA,NA,0.000230893
"VDAC1P9","Stem-cell-iPSC","ALZ","Wald ratio",1,0.034,0.02,1.035,0.0844,NA,NA,NA,0.000158233
"CACNA2D1","Stem-cell-iPSC","ALZ","Wald ratio",1,0.028,0.016,1.028,0.0845,NA,NA,NA,0.00021524
"SATB2","Stem-cell-iPSC","ALZ","Wald ratio",1,0.059,0.034,1.061,0.0851,NA,NA,NA,0.015088431
"KCNC2","Stem-cell-iPSC","ALZ","Wald ratio",1,0.075,0.044,1.078,0.0859,NA,NA,NA,3.86e-05
"PLSCR5","Stem-cell-iPSC","ALZ","Wald ratio",1,0.027,0.016,1.028,0.0867,NA,NA,NA,1.55e-05
"INHBA-AS1","Stem-cell-iPSC","ALZ","Wald ratio",1,0.072,0.042,1.075,0.0873,NA,NA,NA,0.00084702
"KIAA2012","Stem-cell-iPSC","ALZ","Wald ratio",1,-0.05,0.029,0.951,0.0878,NA,NA,NA,0.020685882
"AHCYL2","Stem-cell-iPSC","ALZ","Wald ratio",1,0.055,0.032,1.057,0.0882,NA,NA,NA,0.004432895
"SYTL3","Stem-cell-iPSC","ALZ","Wald ratio",1,0.062,0.037,1.064,0.0887,NA,NA,NA,0.004697993
"IQGAP2","Stem-cell-iPSC","ALZ","Wald ratio",1,0.03,0.018,1.03,0.0891,NA,NA,NA,0.000466426
"PDP1","Stem-cell-iPSC","ALZ","Wald ratio",1,0.027,0.016,1.027,0.0891,NA,NA,NA,0.001744543
"MRPS33P3","Stem-cell-iPSC","ALZ","Wald ratio",1,0.028,0.016,1.028,0.09,NA,NA,NA,0.023483499
"MYO5B","Stem-cell-iPSC","ALZ","Wald ratio",1,-0.037,0.022,0.963,0.0901,NA,NA,NA,3.86e-05
"LINC00264","Stem-cell-iPSC","ALZ","Wald ratio",1,0.044,0.026,1.045,0.0931,NA,NA,NA,2.58e-05
"FAM216B","Stem-cell-iPSC","ALZ","Wald ratio",1,0.057,0.034,1.059,0.0936,NA,NA,NA,0.0196975
"NME7","Stem-cell-iPSC","ALZ","Wald ratio",1,-0.02,0.012,0.98,0.0936,NA,NA,NA,5.62e-05
"PTGDR","Stem-cell-iPSC","ALZ","Wald ratio",1,0.055,0.033,1.057,0.0936,NA,NA,NA,0.00063418
"RNU6-21P","Stem-cell-iPSC","ALZ","Wald ratio",1,-0.099,0.059,0.906,0.0938,NA,NA,NA,0.000118026
"MIR1303","Stem-cell-iPSC","ALZ","Wald ratio",1,-0.099,0.059,0.906,0.094,NA,NA,NA,0.000784554
"LYPD6B","Stem-cell-iPSC","ALZ","Wald ratio",1,0.058,0.035,1.059,0.0962,NA,NA,NA,0.001344052
"BMP6","Stem-cell-iPSC","ALZ","Wald ratio",1,0.055,0.033,1.056,0.0963,NA,NA,NA,0.019080817
"GALC","Stem-cell-iPSC","ALZ","Wald ratio",1,-0.022,0.013,0.978,0.0969,NA,NA,NA,0.019903678
"MYO3A","Stem-cell-iPSC","ALZ","Wald ratio",1,-0.068,0.041,0.934,0.0971,NA,NA,NA,0.000176864
"C5orf49","Stem-cell-iPSC","ALZ","Wald ratio",1,0.063,0.038,1.065,0.0974,NA,NA,NA,0.001152775
"RPL5P28","Stem-cell-iPSC","ALZ","Wald ratio",1,0.07,0.042,1.072,0.0978,NA,NA,NA,0.02273866
"RNF150","Stem-cell-iPSC","ALZ","Wald ratio",1,-0.078,0.047,0.925,0.0981,NA,NA,NA,0.0128239
"MAMDC2-AS1","Stem-cell-iPSC","ALZ","Wald ratio",1,0.052,0.031,1.053,0.0982,NA,NA,NA,4.59e-05
"INPP4B","Stem-cell-iPSC","ALZ","Wald ratio",1,-0.035,0.021,0.965,0.0988,NA,NA,NA,8.83e-06
"LCP1","Stem-cell-iPSC","ALZ","Wald ratio",1,-0.023,0.014,0.977,0.0989,NA,NA,NA,1.12e-05
"CRYL1","Stem-cell-iPSC","ALZ","Wald ratio",1,0.023,0.014,1.023,0.104,NA,NA,NA,0.000316044
"LRMP","Stem-cell-iPSC","ALZ","Inverse variance weighted",2,-0.035,0.022,0.966,0.105,NA,0.631232494,NA,3.47e-05
"DSCAML1","Stem-cell-iPSC","ALZ","Wald ratio",1,-0.042,0.026,0.959,0.105,NA,NA,NA,0.000408729
"CSMD2","Stem-cell-iPSC","ALZ","Wald ratio",1,-0.03,0.018,0.971,0.106,NA,NA,NA,6.49e-06
"MIR1202","Stem-cell-iPSC","ALZ","Wald ratio",1,-0.024,0.015,0.976,0.107,NA,NA,NA,5.42e-05
"ALK","Stem-cell-iPSC","ALZ","Wald ratio",1,0.027,0.017,1.027,0.108,NA,NA,NA,0.000234801
"CPNE4","Stem-cell-iPSC","ALZ","Wald ratio",1,-0.072,0.045,0.931,0.108,NA,NA,NA,0.010657531
"PIP5K1B","Stem-cell-iPSC","ALZ","Wald ratio",1,0.027,0.017,1.028,0.109,NA,NA,NA,1.54e-05
"MIER2","Stem-cell-iPSC","ALZ","Wald ratio",1,-0.022,0.014,0.978,0.109,NA,NA,NA,0.000125649
"MGST2","Stem-cell-iPSC","ALZ","Wald ratio",1,0.024,0.015,1.024,0.11,NA,NA,NA,1.33e-05
"GHRL","Stem-cell-iPSC","ALZ","Wald ratio",1,-0.064,0.04,0.938,0.11,NA,NA,NA,0.017291891
"MAP1B","Stem-cell-iPSC","ALZ","Wald ratio",1,-0.107,0.067,0.899,0.111,NA,NA,NA,0.017554076
"KTN1-AS1","Stem-cell-iPSC","ALZ","Wald ratio",1,-0.062,0.039,0.94,0.112,NA,NA,NA,0.003600398
"IDI2-AS1","Stem-cell-iPSC","ALZ","Wald ratio",1,-0.045,0.029,0.956,0.114,NA,NA,NA,0.004329161
"INTS7","Stem-cell-iPSC","ALZ","Wald ratio",1,0.025,0.016,1.025,0.116,NA,NA,NA,4.08e-06
"ACER2","Stem-cell-iPSC","ALZ","Wald ratio",1,-0.032,0.021,0.968,0.117,NA,NA,NA,3.56e-05
"NLGN1","Stem-cell-iPSC","ALZ","Wald ratio",1,0.052,0.033,1.053,0.117,NA,NA,NA,0.000217771
"TG","Stem-cell-iPSC","ALZ","Wald ratio",1,0.048,0.03,1.049,0.117,NA,NA,NA,0.005000844
"LINC01075","Stem-cell-iPSC","ALZ","Wald ratio",1,0.025,0.016,1.025,0.117,NA,NA,NA,4.28e-05
"EXTL3","Stem-cell-iPSC","ALZ","Wald ratio",1,-0.07,0.045,0.932,0.117,NA,NA,NA,0.00185344
"CCDC91","Stem-cell-iPSC","ALZ","Wald ratio",1,-0.067,0.043,0.935,0.117,NA,NA,NA,0.014823738
"WBP11P1","Stem-cell-iPSC","ALZ","Wald ratio",1,0.041,0.026,1.042,0.118,NA,NA,NA,3.22e-05
"LINC00583","Stem-cell-iPSC","ALZ","Wald ratio",1,-0.049,0.032,0.952,0.119,NA,NA,NA,0.000478092
"LINC00410","Stem-cell-iPSC","ALZ","Wald ratio",1,0.027,0.017,1.028,0.119,NA,NA,NA,0.000374178
"FAM49B","Stem-cell-iPSC","ALZ","Wald ratio",1,0.044,0.029,1.045,0.12,NA,NA,NA,0.007102822
"FGD4","Stem-cell-iPSC","ALZ","Inverse variance weighted",2,-0.017,0.011,0.983,0.121,NA,0.343956147,NA,2.61e-05
"TGFBI","Stem-cell-iPSC","ALZ","Wald ratio",1,0.048,0.031,1.049,0.122,NA,NA,NA,0.016011662
"RPL22P19","Stem-cell-iPSC","ALZ","Wald ratio",1,0.04,0.026,1.041,0.123,NA,NA,NA,0.000135474
"AHCYP4","Stem-cell-iPSC","ALZ","Inverse variance weighted",2,-0.03,0.02,0.97,0.123,NA,0.376659966,NA,0.000350197
"LNX2","Stem-cell-iPSC","ALZ","Wald ratio",1,0.028,0.018,1.028,0.123,NA,NA,NA,1.44e-05
"CAB39L","Stem-cell-iPSC","ALZ","Wald ratio",1,-0.058,0.038,0.943,0.123,NA,NA,NA,0.017155185
"SMYD2","Stem-cell-iPSC","ALZ","Wald ratio",1,0.027,0.017,1.027,0.123,NA,NA,NA,2.02e-05
"DLC1","Stem-cell-iPSC","ALZ","Inverse variance weighted",2,0.037,0.024,1.038,0.124,NA,0.19406428,NA,7.41e-05
"LINC00504","Stem-cell-iPSC","ALZ","Wald ratio",1,0.023,0.015,1.023,0.124,NA,NA,NA,0.002803816
"PLCB1","Stem-cell-iPSC","ALZ","Inverse variance weighted",2,-0.023,0.015,0.977,0.124,NA,0.409241662,NA,0.000190465
"MDN1","Stem-cell-iPSC","ALZ","Wald ratio",1,-0.044,0.029,0.957,0.125,NA,NA,NA,9.44e-05
"RPL14P1","Stem-cell-iPSC","ALZ","Wald ratio",1,0.053,0.035,1.054,0.125,NA,NA,NA,0.000395934
"S100A10","Stem-cell-iPSC","ALZ","Wald ratio",1,-0.045,0.029,0.956,0.125,NA,NA,NA,3.57e-05
"ZHX3","Stem-cell-iPSC","ALZ","Wald ratio",1,-0.038,0.025,0.963,0.126,NA,NA,NA,1.09e-05
"SPHKAP","Stem-cell-iPSC","ALZ","Wald ratio",1,0.054,0.035,1.056,0.126,NA,NA,NA,0.000346221
"PHF14","Stem-cell-iPSC","ALZ","Wald ratio",1,0.046,0.03,1.047,0.126,NA,NA,NA,4.73e-05
"CEBPE","Stem-cell-iPSC","ALZ","Wald ratio",1,-0.027,0.018,0.973,0.127,NA,NA,NA,4.01e-06
"PDZD2","Stem-cell-iPSC","ALZ","Wald ratio",1,-0.021,0.014,0.979,0.127,NA,NA,NA,0.000871495
"CWC22","Stem-cell-iPSC","ALZ","Wald ratio",1,0.052,0.034,1.053,0.127,NA,NA,NA,0.001950933
"SLC38A6","Stem-cell-iPSC","ALZ","Wald ratio",1,0.023,0.015,1.024,0.128,NA,NA,NA,2.81e-05
"RN7SKP168","Stem-cell-iPSC","ALZ","Wald ratio",1,0.045,0.03,1.046,0.129,NA,NA,NA,4.91e-05
"LINC01588","Stem-cell-iPSC","ALZ","Wald ratio",1,0.052,0.035,1.054,0.129,NA,NA,NA,0.0006979
"ACTL10","Stem-cell-iPSC","ALZ","Wald ratio",1,0.026,0.017,1.026,0.129,NA,NA,NA,9.45e-06
"GPR78","Stem-cell-iPSC","ALZ","Wald ratio",1,-0.027,0.018,0.973,0.129,NA,NA,NA,2.02e-05
"RNU6-1001P","Stem-cell-iPSC","ALZ","Wald ratio",1,0.026,0.017,1.026,0.129,NA,NA,NA,5.88e-05
"PRR35","Stem-cell-iPSC","ALZ","Wald ratio",1,0.025,0.016,1.025,0.13,NA,NA,NA,4.7e-06
"ANKRD34C-AS1","Stem-cell-iPSC","ALZ","Wald ratio",1,0.053,0.035,1.054,0.131,NA,NA,NA,0.009164685
"TGM3","Stem-cell-iPSC","ALZ","Wald ratio",1,0.059,0.039,1.061,0.131,NA,NA,NA,7.68e-05
"HUNK","Stem-cell-iPSC","ALZ","Wald ratio",1,-0.052,0.035,0.949,0.134,NA,NA,NA,0.000616017
"SNX13","Stem-cell-iPSC","ALZ","Wald ratio",1,0.022,0.015,1.022,0.134,NA,NA,NA,8.86e-05
"PPFIBP1","Stem-cell-iPSC","ALZ","Wald ratio",1,0.065,0.043,1.067,0.134,NA,NA,NA,0.018310583
"XKR4","Stem-cell-iPSC","ALZ","Wald ratio",1,0.026,0.018,1.027,0.134,NA,NA,NA,0.000914889
"ZMIZ1-AS1","Stem-cell-iPSC","ALZ","Wald ratio",1,0.051,0.034,1.052,0.135,NA,NA,NA,0.015133895
"FAM189A2","Stem-cell-iPSC","ALZ","Wald ratio",1,0.024,0.016,1.024,0.135,NA,NA,NA,1.68e-05
"HAGLROS","Stem-cell-iPSC","ALZ","Wald ratio",1,0.028,0.019,1.028,0.136,NA,NA,NA,1.26e-05
"C10orf107","Stem-cell-iPSC","ALZ","Wald ratio",1,-0.087,0.058,0.917,0.136,NA,NA,NA,0.014571372
"SUCLG2","Stem-cell-iPSC","ALZ","Wald ratio",1,-0.038,0.026,0.963,0.136,NA,NA,NA,5.82e-05
"GRIN2A","Stem-cell-iPSC","ALZ","Inverse variance weighted",2,0.043,0.029,1.044,0.136,NA,0.549114467,NA,0.000134564
"CSNK1A1","Stem-cell-iPSC","ALZ","Wald ratio",1,0.03,0.02,1.03,0.137,NA,NA,NA,3.51e-05
"EGFR","Stem-cell-iPSC","ALZ","Wald ratio",1,-0.074,0.05,0.929,0.137,NA,NA,NA,0.016396069
"PDLIM5","Stem-cell-iPSC","ALZ","Wald ratio",1,-0.024,0.016,0.977,0.137,NA,NA,NA,3.95e-05
"SUPT3H","Stem-cell-iPSC","ALZ","Wald ratio",1,0.024,0.016,1.024,0.138,NA,NA,NA,1.98e-05
"LINC01559","Stem-cell-iPSC","ALZ","Wald ratio",1,0.029,0.02,1.03,0.138,NA,NA,NA,9.13e-06
"DYX1C1-CCPG1","Stem-cell-iPSC","ALZ","Wald ratio",1,-0.026,0.017,0.975,0.14,NA,NA,NA,6.99e-06
"SMOX","Stem-cell-iPSC","ALZ","Wald ratio",1,0.031,0.021,1.032,0.141,NA,NA,NA,1.49e-05
"LIMS1","Stem-cell-iPSC","ALZ","Wald ratio",1,0.024,0.017,1.025,0.141,NA,NA,NA,5.62e-06
"LINC01483","Stem-cell-iPSC","ALZ","Wald ratio",1,0.021,0.014,1.021,0.142,NA,NA,NA,1.53e-05
"PRKRIR","Stem-cell-iPSC","ALZ","Wald ratio",1,0.063,0.043,1.065,0.142,NA,NA,NA,5.07e-05
"PRMT8","Stem-cell-iPSC","ALZ","Wald ratio",1,0.061,0.041,1.063,0.142,NA,NA,NA,0.000384104
"STPG2","Stem-cell-iPSC","ALZ","Wald ratio",1,0.022,0.015,1.022,0.143,NA,NA,NA,1.65e-05
"RALGAPA1","Stem-cell-iPSC","ALZ","Wald ratio",1,0.079,0.054,1.082,0.143,NA,NA,NA,0.014208141
"OR4D5","Stem-cell-iPSC","ALZ","Wald ratio",1,0.019,0.013,1.019,0.143,NA,NA,NA,0.000727141
"LGI2","Stem-cell-iPSC","ALZ","Wald ratio",1,-0.057,0.039,0.944,0.144,NA,NA,NA,0.000387128
"FOXP1","Stem-cell-iPSC","ALZ","Wald ratio",1,-0.05,0.034,0.951,0.144,NA,NA,NA,0.00046108
"SEPHS1P7","Stem-cell-iPSC","ALZ","Wald ratio",1,0.024,0.017,1.024,0.144,NA,NA,NA,5.06e-05
"MEAF6P1","Stem-cell-iPSC","ALZ","Wald ratio",1,0.017,0.012,1.017,0.145,NA,NA,NA,0.008213708
"RPL19P11","Stem-cell-iPSC","ALZ","Wald ratio",1,0.043,0.029,1.044,0.145,NA,NA,NA,0.000142731
"PITPNC1","Stem-cell-iPSC","ALZ","Wald ratio",1,-0.05,0.034,0.952,0.146,NA,NA,NA,0.00016128
"ABCC4","Stem-cell-iPSC","ALZ","Wald ratio",1,-0.025,0.017,0.975,0.146,NA,NA,NA,0.001445696
"EPB41L3","Stem-cell-iPSC","ALZ","Wald ratio",1,0.05,0.034,1.051,0.147,NA,NA,NA,0.001079706
"HEPACAM","Stem-cell-iPSC","ALZ","Wald ratio",1,0.063,0.043,1.065,0.147,NA,NA,NA,0.003568003
"HHAT","Stem-cell-iPSC","ALZ","Wald ratio",1,-0.027,0.019,0.973,0.147,NA,NA,NA,0.017701287
"RAI1","Stem-cell-iPSC","ALZ","Wald ratio",1,-0.048,0.033,0.953,0.148,NA,NA,NA,7.97e-06
"FABP6","Stem-cell-iPSC","ALZ","Wald ratio",1,-0.037,0.026,0.963,0.148,NA,NA,NA,0.009420486
"PIGN","Stem-cell-iPSC","ALZ","Wald ratio",1,-0.046,0.032,0.955,0.148,NA,NA,NA,0.000377409
"OSBP2","Stem-cell-iPSC","ALZ","Wald ratio",1,-0.068,0.047,0.934,0.149,NA,NA,NA,3.87e-05
"ATP6V1B1","Stem-cell-iPSC","ALZ","Wald ratio",1,0.024,0.017,1.024,0.149,NA,NA,NA,0.001213793
"ZXDC","Stem-cell-iPSC","ALZ","Wald ratio",1,0.04,0.028,1.04,0.15,NA,NA,NA,2.1e-05
"KIAA1456","Stem-cell-iPSC","ALZ","Inverse variance weighted",2,-0.029,0.02,0.971,0.15,NA,0.645126801,NA,2.71e-05
"SH2D1B","Stem-cell-iPSC","ALZ","Wald ratio",1,0.058,0.04,1.06,0.152,NA,NA,NA,0.014349514
"MIR873","Stem-cell-iPSC","ALZ","Wald ratio",1,-0.024,0.017,0.976,0.154,NA,NA,NA,0.016178955
"MAFTRR","Stem-cell-iPSC","ALZ","Wald ratio",1,0.049,0.034,1.05,0.154,NA,NA,NA,0.001302513
"DTWD1","Stem-cell-iPSC","ALZ","Wald ratio",1,0.028,0.02,1.029,0.155,NA,NA,NA,4.57e-06
"C8orf34","Stem-cell-iPSC","ALZ","Wald ratio",1,0.041,0.029,1.042,0.156,NA,NA,NA,2.27e-05
"ADH1C","Stem-cell-iPSC","ALZ","Wald ratio",1,-0.075,0.053,0.927,0.156,NA,NA,NA,0.002843953
"XRCC5","Stem-cell-iPSC","ALZ","Wald ratio",1,0.023,0.016,1.023,0.157,NA,NA,NA,5.14e-06
"DNAH9","Stem-cell-iPSC","ALZ","Wald ratio",1,-0.05,0.036,0.951,0.158,NA,NA,NA,3.21e-05
"LANCL2","Stem-cell-iPSC","ALZ","Wald ratio",1,0.04,0.028,1.041,0.159,NA,NA,NA,0.000102998
"PTPRD","Stem-cell-iPSC","ALZ","Inverse variance weighted",4,0.015,0.01,1.015,0.159,0.811389897,0.895972439,0.709746499,0.002390453
"SPOCK3","Stem-cell-iPSC","ALZ","Inverse variance weighted",2,-0.039,0.028,0.961,0.159,NA,0.327768388,NA,1.85e-05
"OSBPL10","Stem-cell-iPSC","ALZ","Weighted median",3,0.02,0.014,1.02,0.161,0.163711178,0.336716741,0.785742504,3.27e-05
"LHFP","Stem-cell-iPSC","ALZ","Wald ratio",1,-0.036,0.026,0.965,0.162,NA,NA,NA,0.011898138
"UTRN","Stem-cell-iPSC","ALZ","Wald ratio",1,-0.047,0.034,0.954,0.162,NA,NA,NA,3.6e-05
"CRB1","Stem-cell-iPSC","ALZ","Wald ratio",1,0.065,0.047,1.067,0.163,NA,NA,NA,0.003237437
"XCL1","Stem-cell-iPSC","ALZ","Wald ratio",1,-0.041,0.029,0.96,0.163,NA,NA,NA,5.18e-05
"EGFEM1P","Stem-cell-iPSC","ALZ","Inverse variance weighted",2,0.025,0.018,1.025,0.164,NA,0.247184861,NA,3.97e-06
"ITGBL1","Stem-cell-iPSC","ALZ","Wald ratio",1,-0.023,0.017,0.977,0.165,NA,NA,NA,4.31e-05
"OTOR","Stem-cell-iPSC","ALZ","Wald ratio",1,-0.039,0.028,0.961,0.165,NA,NA,NA,0.000761122
"FOXCUT","Stem-cell-iPSC","ALZ","Wald ratio",1,0.022,0.016,1.022,0.166,NA,NA,NA,9.43e-06
"DPYS","Stem-cell-iPSC","ALZ","Wald ratio",1,-0.038,0.028,0.963,0.166,NA,NA,NA,1.56e-05
"DBIP1","Stem-cell-iPSC","ALZ","Wald ratio",1,-0.019,0.014,0.981,0.166,NA,NA,NA,0.013327395
"TMTC1","Stem-cell-iPSC","ALZ","Wald ratio",1,0.068,0.049,1.071,0.167,NA,NA,NA,0.016839227
"COBL","Stem-cell-iPSC","ALZ","Wald ratio",1,0.025,0.018,1.025,0.168,NA,NA,NA,8.22e-06
"MIR548AE1","Stem-cell-iPSC","ALZ","Wald ratio",1,0.019,0.014,1.019,0.169,NA,NA,NA,0.000705622
"DENND3","Stem-cell-iPSC","ALZ","Wald ratio",1,0.022,0.016,1.022,0.169,NA,NA,NA,8.76e-05
"MIR3660","Stem-cell-iPSC","ALZ","Wald ratio",1,0.027,0.02,1.028,0.169,NA,NA,NA,0.000315611
"CGNL1","Stem-cell-iPSC","ALZ","Wald ratio",1,0.047,0.034,1.048,0.17,NA,NA,NA,0.012482972
"HTR4","Stem-cell-iPSC","ALZ","Wald ratio",1,0.042,0.03,1.042,0.171,NA,NA,NA,1.09e-05
"FGF14","Stem-cell-iPSC","ALZ","Wald ratio",1,-0.031,0.023,0.969,0.171,NA,NA,NA,1.24e-05
"PIK3CG","Stem-cell-iPSC","ALZ","Wald ratio",1,-0.035,0.025,0.966,0.172,NA,NA,NA,1.83e-05
"FAM234A","Stem-cell-iPSC","ALZ","Wald ratio",1,0.032,0.023,1.032,0.172,NA,NA,NA,2.61e-05
"LSM1P2","Stem-cell-iPSC","ALZ","Wald ratio",1,0.027,0.02,1.027,0.172,NA,NA,NA,1.2e-05
"RPSAP12","Stem-cell-iPSC","ALZ","Wald ratio",1,0.029,0.021,1.03,0.172,NA,NA,NA,2.23e-05
"TNS3","Stem-cell-iPSC","ALZ","Wald ratio",1,0.049,0.036,1.051,0.172,NA,NA,NA,9.25e-06
"RXFP2","Stem-cell-iPSC","ALZ","Wald ratio",1,-0.025,0.019,0.975,0.172,NA,NA,NA,0.001528332
"TTC27","Stem-cell-iPSC","ALZ","Wald ratio",1,-0.068,0.05,0.934,0.174,NA,NA,NA,7.65e-05
"DNAJC5B","Stem-cell-iPSC","ALZ","Wald ratio",1,0.115,0.084,1.122,0.174,NA,NA,NA,0.017887557
"PHYKPL","Stem-cell-iPSC","ALZ","Wald ratio",1,0.028,0.021,1.029,0.174,NA,NA,NA,0.000732104
"OTOGL","Stem-cell-iPSC","ALZ","Wald ratio",1,-0.021,0.015,0.979,0.175,NA,NA,NA,3.73e-05
"PLXNA2","Stem-cell-iPSC","ALZ","Wald ratio",1,0.056,0.042,1.058,0.176,NA,NA,NA,0.013521141
"OAT","Stem-cell-iPSC","ALZ","Wald ratio",1,0.032,0.023,1.032,0.176,NA,NA,NA,4.95e-06
"THEM7P","Stem-cell-iPSC","ALZ","Wald ratio",1,-0.031,0.023,0.969,0.176,NA,NA,NA,5.86e-06
"PREX2","Stem-cell-iPSC","ALZ","Wald ratio",1,0.019,0.014,1.02,0.176,NA,NA,NA,2.18e-05
"MAP3K7","Stem-cell-iPSC","ALZ","Wald ratio",1,0.042,0.031,1.043,0.176,NA,NA,NA,3.66e-05
"RN7SKP122","Stem-cell-iPSC","ALZ","Wald ratio",1,-0.018,0.014,0.982,0.177,NA,NA,NA,0.009340393
"EFNA5","Stem-cell-iPSC","ALZ","Wald ratio",1,-0.024,0.018,0.976,0.177,NA,NA,NA,0.001764987
"WRN","Stem-cell-iPSC","ALZ","Wald ratio",1,-0.02,0.015,0.981,0.178,NA,NA,NA,5.28e-06
"SEMA5A","Stem-cell-iPSC","ALZ","Wald ratio",1,-0.036,0.027,0.964,0.178,NA,NA,NA,3.59e-06
"FHIT","Stem-cell-iPSC","ALZ","Inverse variance weighted",2,0.02,0.015,1.02,0.178,NA,0.85760834,NA,2.46e-05
"AMOTL1","Stem-cell-iPSC","ALZ","Wald ratio",1,-0.057,0.043,0.944,0.179,NA,NA,NA,0.000331703
"RNU6-210P","Stem-cell-iPSC","ALZ","Wald ratio",1,0.02,0.015,1.02,0.179,NA,NA,NA,0.001977066
"ABHD11-AS1","Stem-cell-iPSC","ALZ","Wald ratio",1,0.042,0.032,1.043,0.18,NA,NA,NA,0.001073002
"CHRNA7","Stem-cell-iPSC","ALZ","Wald ratio",1,-0.024,0.018,0.976,0.181,NA,NA,NA,0.000200775
"RELN","Stem-cell-iPSC","ALZ","Inverse variance weighted",2,-0.02,0.015,0.981,0.181,NA,0.856002409,NA,9.3e-06
"MIR548A1","Stem-cell-iPSC","ALZ","Wald ratio",1,0.023,0.017,1.024,0.181,NA,NA,NA,0.001746927
"GUCA1C","Stem-cell-iPSC","ALZ","Wald ratio",1,0.038,0.029,1.039,0.182,NA,NA,NA,2.85e-05
"PREX1","Stem-cell-iPSC","ALZ","Wald ratio",1,-0.03,0.023,0.97,0.183,NA,NA,NA,1.01e-05
"ZDHHC20-IT1","Stem-cell-iPSC","ALZ","Wald ratio",1,0.017,0.013,1.017,0.184,NA,NA,NA,6.96e-05
"ABCC9","Stem-cell-iPSC","ALZ","Wald ratio",1,0.018,0.014,1.018,0.185,NA,NA,NA,0.000122936
"GC","Stem-cell-iPSC","ALZ","Wald ratio",1,0.022,0.017,1.022,0.186,NA,NA,NA,5.17e-06
"RALGAPA2","Stem-cell-iPSC","ALZ","Wald ratio",1,-0.036,0.027,0.965,0.188,NA,NA,NA,8.73e-05
"GNB5","Stem-cell-iPSC","ALZ","Wald ratio",1,0.166,0.126,1.181,0.188,NA,NA,NA,0.015118792
"LINC01163","Stem-cell-iPSC","ALZ","Wald ratio",1,-0.019,0.015,0.981,0.189,NA,NA,NA,1.3e-05
"KRT8P18","Stem-cell-iPSC","ALZ","Wald ratio",1,0.045,0.034,1.046,0.19,NA,NA,NA,0.010373159
"NPHP3-AS1","Stem-cell-iPSC","ALZ","Wald ratio",1,-0.021,0.016,0.979,0.19,NA,NA,NA,0.013043123
"PTPRD","Stem-cell-iPSC","ALZ","Weighted median",4,0.016,0.012,1.016,0.191,0.811389897,0.895972439,0.709746499,0.002390453
"RPTOR","Stem-cell-iPSC","ALZ","Inverse variance weighted",2,-0.018,0.014,0.982,0.192,NA,0.708956731,NA,0.004004765
"MIR4475","Stem-cell-iPSC","ALZ","Wald ratio",1,-0.023,0.018,0.977,0.193,NA,NA,NA,1.24e-05
"PRIMA1","Stem-cell-iPSC","ALZ","Wald ratio",1,-0.041,0.031,0.96,0.193,NA,NA,NA,4.74e-05
"NKAIN4","Stem-cell-iPSC","ALZ","Wald ratio",1,0.036,0.027,1.036,0.194,NA,NA,NA,7.88e-05
"OSBPL8","Stem-cell-iPSC","ALZ","Wald ratio",1,0.021,0.016,1.021,0.194,NA,NA,NA,6.02e-06
"TYW1","Stem-cell-iPSC","ALZ","Wald ratio",1,0.197,0.152,1.218,0.194,NA,NA,NA,0.016689116
"LINC01037","Stem-cell-iPSC","ALZ","Wald ratio",1,0.026,0.02,1.026,0.198,NA,NA,NA,0.010118769
"KLHL23","Stem-cell-iPSC","ALZ","Wald ratio",1,0.019,0.015,1.019,0.198,NA,NA,NA,0.005044401
"GGTA2P","Stem-cell-iPSC","ALZ","Wald ratio",1,0.067,0.052,1.069,0.198,NA,NA,NA,0.009382025
"KCNN2","Stem-cell-iPSC","ALZ","Wald ratio",1,-0.019,0.015,0.981,0.199,NA,NA,NA,4.98e-06
"PHBP14","Stem-cell-iPSC","ALZ","Wald ratio",1,0.036,0.028,1.036,0.199,NA,NA,NA,0.000267145
"C1orf141","Stem-cell-iPSC","ALZ","Wald ratio",1,0.077,0.06,1.08,0.199,NA,NA,NA,0.012176975
"PRKCA","Stem-cell-iPSC","ALZ","Wald ratio",1,-0.018,0.014,0.982,0.2,NA,NA,NA,0.000538301
"CLDN16","Stem-cell-iPSC","ALZ","Wald ratio",1,-0.02,0.016,0.98,0.2,NA,NA,NA,2.08e-05
"XXYLT1","Stem-cell-iPSC","ALZ","Wald ratio",1,0.055,0.043,1.056,0.201,NA,NA,NA,0.007110002
"SMYD3","Stem-cell-iPSC","ALZ","Inverse variance weighted",2,0.018,0.014,1.018,0.201,NA,0.494116703,NA,1.88e-05
"WAC","Stem-cell-iPSC","ALZ","Wald ratio",1,-0.018,0.014,0.982,0.201,NA,NA,NA,0.012023121
"SLC39A8","Stem-cell-iPSC","ALZ","Inverse variance weighted",2,-0.017,0.014,0.983,0.202,NA,0.46955512,NA,0.004997746
"MEGF10","Stem-cell-iPSC","ALZ","Wald ratio",1,-0.023,0.018,0.977,0.202,NA,NA,NA,0.000103305
"FLT4","Stem-cell-iPSC","ALZ","Wald ratio",1,0.019,0.015,1.019,0.204,NA,NA,NA,0.000366834
"HECW2","Stem-cell-iPSC","ALZ","Wald ratio",1,0.06,0.047,1.062,0.204,NA,NA,NA,3.77e-05
"LDHAP3","Stem-cell-iPSC","ALZ","Wald ratio",1,-0.021,0.016,0.98,0.205,NA,NA,NA,2.98e-05
"TRPS1","Stem-cell-iPSC","ALZ","Wald ratio",1,-0.04,0.031,0.961,0.205,NA,NA,NA,4.23e-05
"XYLT1","Stem-cell-iPSC","ALZ","Wald ratio",1,0.021,0.016,1.021,0.205,NA,NA,NA,1.31e-05
"HTR3C","Stem-cell-iPSC","ALZ","Wald ratio",1,0.02,0.015,1.02,0.205,NA,NA,NA,1.8e-05
"MED6P1","Stem-cell-iPSC","ALZ","Wald ratio",1,-0.021,0.016,0.979,0.206,NA,NA,NA,7.55e-06
"NFIA","Stem-cell-iPSC","ALZ","Wald ratio",1,0.05,0.04,1.052,0.206,NA,NA,NA,0.000993301
"WFS1","Stem-cell-iPSC","ALZ","Wald ratio",1,0.128,0.101,1.136,0.207,NA,NA,NA,0.005185275
"ROBO2","Stem-cell-iPSC","ALZ","Weighted mode",3,0.026,0.014,1.027,0.208,0.108076591,0.181962298,0.672345495,1.59e-05
"DPYSL2","Stem-cell-iPSC","ALZ","Wald ratio",1,0.04,0.032,1.041,0.208,NA,NA,NA,2.79e-05
"CBLN2","Stem-cell-iPSC","ALZ","Wald ratio",1,-0.026,0.02,0.975,0.209,NA,NA,NA,4.52e-06
"SYNDIG1L","Stem-cell-iPSC","ALZ","Wald ratio",1,-0.031,0.024,0.97,0.209,NA,NA,NA,4.2e-05
"SENP7","Stem-cell-iPSC","ALZ","Wald ratio",1,-0.071,0.057,0.932,0.211,NA,NA,NA,0.010768917
"ANKRD50","Stem-cell-iPSC","ALZ","Wald ratio",1,0.027,0.021,1.027,0.212,NA,NA,NA,3.19e-05
"GFPT2","Stem-cell-iPSC","ALZ","Wald ratio",1,0.015,0.012,1.015,0.212,NA,NA,NA,0.002118778
"SLC15A4","Stem-cell-iPSC","ALZ","Wald ratio",1,-0.047,0.038,0.954,0.212,NA,NA,NA,0.004898592
"MIR4500HG","Stem-cell-iPSC","ALZ","Wald ratio",1,0.017,0.014,1.018,0.213,NA,NA,NA,3.85e-05
"MAGI2","Stem-cell-iPSC","ALZ","MR Egger",4,0.058,0.032,1.06,0.213,0.692328705,0.174094127,0.175894583,0.007221832
"KIAA1211","Stem-cell-iPSC","ALZ","Wald ratio",1,0.03,0.024,1.03,0.214,NA,NA,NA,2.65e-05
"STARP1","Stem-cell-iPSC","ALZ","Wald ratio",1,0.021,0.017,1.021,0.214,NA,NA,NA,2.61e-06
"VTI1A","Stem-cell-iPSC","ALZ","Wald ratio",1,0.022,0.018,1.022,0.215,NA,NA,NA,3.89e-06
"LRRTM4","Stem-cell-iPSC","ALZ","Wald ratio",1,0.034,0.027,1.034,0.216,NA,NA,NA,3.54e-05
"MS4A6E","Stem-cell-iPSC","ALZ","Wald ratio",1,-0.018,0.015,0.982,0.217,NA,NA,NA,0.010765942
"TMEM229B","Stem-cell-iPSC","ALZ","Wald ratio",1,0.043,0.035,1.043,0.218,NA,NA,NA,6.93e-05
"RNF217-AS1","Stem-cell-iPSC","ALZ","Wald ratio",1,-0.024,0.02,0.976,0.218,NA,NA,NA,1.24e-05
"RERGL","Stem-cell-iPSC","ALZ","Wald ratio",1,0.023,0.019,1.024,0.219,NA,NA,NA,5.89e-06
"ANKS4B","Stem-cell-iPSC","ALZ","Wald ratio",1,-0.042,0.034,0.959,0.219,NA,NA,NA,1.79e-05
"IPO9-AS1","Stem-cell-iPSC","ALZ","Wald ratio",1,-0.035,0.029,0.965,0.22,NA,NA,NA,0.000111666
"GSTM2P1","Stem-cell-iPSC","ALZ","Wald ratio",1,-0.02,0.016,0.98,0.22,NA,NA,NA,1.35e-05
"NRSN1","Stem-cell-iPSC","ALZ","Wald ratio",1,-0.015,0.012,0.985,0.221,NA,NA,NA,0.000155354
"FSTL5","Stem-cell-iPSC","ALZ","Wald ratio",1,-0.021,0.017,0.979,0.221,NA,NA,NA,0.00015572
"KSR1","Stem-cell-iPSC","ALZ","Wald ratio",1,-0.019,0.015,0.981,0.222,NA,NA,NA,2.89e-06
"SATB1-AS1","Stem-cell-iPSC","ALZ","Wald ratio",1,0.048,0.039,1.049,0.223,NA,NA,NA,0.011360057
"LAMC2","Stem-cell-iPSC","ALZ","Wald ratio",1,-0.021,0.017,0.98,0.224,NA,NA,NA,0.009314586
"ISM1","Stem-cell-iPSC","ALZ","Wald ratio",1,0.032,0.026,1.033,0.224,NA,NA,NA,0.000709522
"CCDC106","Stem-cell-iPSC","ALZ","Wald ratio",1,-0.05,0.041,0.951,0.225,NA,NA,NA,2.34e-05
"SLCO1B1","Stem-cell-iPSC","ALZ","Wald ratio",1,0.059,0.049,1.061,0.226,NA,NA,NA,0.010679226
"TP63","Stem-cell-iPSC","ALZ","Wald ratio",1,-0.044,0.036,0.957,0.226,NA,NA,NA,0.002806565
"RNY1P1","Stem-cell-iPSC","ALZ","Wald ratio",1,-0.09,0.075,0.914,0.227,NA,NA,NA,0.021630558
"MFAP3L","Stem-cell-iPSC","ALZ","Wald ratio",1,-0.021,0.017,0.979,0.228,NA,NA,NA,2.59e-05
"CNTLN","Stem-cell-iPSC","ALZ","Inverse variance weighted",2,0.014,0.012,1.014,0.228,NA,0.923608581,NA,0.005327811
"DPCD","Stem-cell-iPSC","ALZ","Wald ratio",1,-0.02,0.017,0.98,0.232,NA,NA,NA,3.47e-06
"PAK1","Stem-cell-iPSC","ALZ","Wald ratio",1,0.034,0.029,1.035,0.232,NA,NA,NA,2.36e-05
"ROBO2","Stem-cell-iPSC","ALZ","Weighted median",3,0.017,0.014,1.017,0.233,0.108076591,0.181962298,0.672345495,1.59e-05
"RNU6-34P","Stem-cell-iPSC","ALZ","Wald ratio",1,0.018,0.016,1.019,0.236,NA,NA,NA,5.74e-05
"RUNX1","Stem-cell-iPSC","ALZ","Wald ratio",1,0.018,0.015,1.018,0.236,NA,NA,NA,4.74e-06
"KCNG4","Stem-cell-iPSC","ALZ","Wald ratio",1,-0.02,0.017,0.98,0.237,NA,NA,NA,2.81e-05
"SMAD3","Stem-cell-iPSC","ALZ","Inverse variance weighted",2,0.038,0.032,1.039,0.239,NA,0.8792486,NA,0.00904283
"ARHGAP24","Stem-cell-iPSC","ALZ","Wald ratio",1,-0.02,0.017,0.98,0.24,NA,NA,NA,6.6e-06
"PHC2","Stem-cell-iPSC","ALZ","Wald ratio",1,0.018,0.015,1.018,0.241,NA,NA,NA,0.0001428
"TUBAL3","Stem-cell-iPSC","ALZ","Wald ratio",1,0.019,0.016,1.019,0.241,NA,NA,NA,6e-06
"MIR7515HG","Stem-cell-iPSC","ALZ","Wald ratio",1,0.018,0.015,1.018,0.241,NA,NA,NA,7.56e-06
"LINC00330","Stem-cell-iPSC","ALZ","Wald ratio",1,0.018,0.015,1.018,0.242,NA,NA,NA,6.75e-06
"JAZF1","Stem-cell-iPSC","ALZ","Wald ratio",1,-0.026,0.023,0.974,0.242,NA,NA,NA,9.71e-06
"FGF12","Stem-cell-iPSC","ALZ","Wald ratio",1,-0.018,0.015,0.982,0.245,NA,NA,NA,4.91e-05
"EEF1A1P27","Stem-cell-iPSC","ALZ","Wald ratio",1,0.017,0.015,1.017,0.245,NA,NA,NA,0.000293872
"OSBPL10","Stem-cell-iPSC","ALZ","Inverse variance weighted",3,0.014,0.012,1.014,0.246,0.163711178,0.336716741,0.785742504,3.27e-05
"DNAJC27-AS1","Stem-cell-iPSC","ALZ","Wald ratio",1,-0.027,0.024,0.973,0.246,NA,NA,NA,2.23e-05
"GPM6A","Stem-cell-iPSC","ALZ","Wald ratio",1,-0.042,0.036,0.959,0.247,NA,NA,NA,0.002279886
"SERPINE2","Stem-cell-iPSC","ALZ","Wald ratio",1,0.051,0.044,1.053,0.247,NA,NA,NA,0.009703388
"RNY3P10","Stem-cell-iPSC","ALZ","Wald ratio",1,-0.05,0.043,0.952,0.247,NA,NA,NA,0.002619165
"ST3GAL3","Stem-cell-iPSC","ALZ","Wald ratio",1,-0.018,0.015,0.982,0.25,NA,NA,NA,3.77e-06
"CHFR","Stem-cell-iPSC","ALZ","Wald ratio",1,0.029,0.026,1.03,0.25,NA,NA,NA,4.11e-05
"SLC36A3","Stem-cell-iPSC","ALZ","Wald ratio",1,-0.082,0.072,0.921,0.251,NA,NA,NA,0.009641788
"CD101","Stem-cell-iPSC","ALZ","Wald ratio",1,-0.046,0.04,0.955,0.251,NA,NA,NA,0.000299466
"FAM134B","Stem-cell-iPSC","ALZ","Wald ratio",1,0.036,0.031,1.036,0.251,NA,NA,NA,0.008668815
"DSC3","Stem-cell-iPSC","ALZ","Wald ratio",1,0.02,0.017,1.02,0.252,NA,NA,NA,2.63e-05
"RPS6KB1","Stem-cell-iPSC","ALZ","Wald ratio",1,-0.02,0.017,0.98,0.252,NA,NA,NA,2.57e-05
"CYP4X1","Stem-cell-iPSC","ALZ","Wald ratio",1,0.047,0.041,1.049,0.253,NA,NA,NA,0.001209998
"SLC24A2","Stem-cell-iPSC","ALZ","Wald ratio",1,0.038,0.033,1.038,0.254,NA,NA,NA,0.000312302
"CPS1","Stem-cell-iPSC","ALZ","Wald ratio",1,-0.016,0.014,0.984,0.254,NA,NA,NA,0.001633164
"NAV3","Stem-cell-iPSC","ALZ","Inverse variance weighted",2,-0.027,0.024,0.974,0.255,NA,0.977881877,NA,2.69e-05
"USP13","Stem-cell-iPSC","ALZ","Wald ratio",1,-0.02,0.018,0.98,0.256,NA,NA,NA,0.012521451
"S100A14","Stem-cell-iPSC","ALZ","Wald ratio",1,0.046,0.041,1.047,0.256,NA,NA,NA,0.002929861
"DLG2","Stem-cell-iPSC","ALZ","Inverse variance weighted",4,-0.013,0.011,0.987,0.257,0.685767284,0.82764694,0.747350645,0.000468491
"PEPD","Stem-cell-iPSC","ALZ","Wald ratio",1,0.017,0.015,1.018,0.257,NA,NA,NA,0.01195578
"ERBB4","Stem-cell-iPSC","ALZ","Inverse variance weighted",2,0.018,0.016,1.018,0.258,NA,0.172580486,NA,2.2e-05
"TDRD3","Stem-cell-iPSC","ALZ","Wald ratio",1,-0.037,0.033,0.964,0.258,NA,NA,NA,0.00709289
"LINC01040","Stem-cell-iPSC","ALZ","Wald ratio",1,-0.017,0.015,0.983,0.259,NA,NA,NA,3.8e-05
"RNU6-380P","Stem-cell-iPSC","ALZ","Wald ratio",1,-0.045,0.04,0.956,0.259,NA,NA,NA,6.63e-05
"FAM184B","Stem-cell-iPSC","ALZ","Wald ratio",1,-0.041,0.036,0.96,0.26,NA,NA,NA,0.009573905
"DSTNP5","Stem-cell-iPSC","ALZ","Wald ratio",1,-0.03,0.027,0.971,0.26,NA,NA,NA,3.78e-05
"FHDC1","Stem-cell-iPSC","ALZ","Wald ratio",1,0.023,0.02,1.023,0.261,NA,NA,NA,5.52e-06
"PEX5L","Stem-cell-iPSC","ALZ","Wald ratio",1,-0.066,0.059,0.936,0.262,NA,NA,NA,0.000634132
"MTCO1P43","Stem-cell-iPSC","ALZ","Wald ratio",1,0.015,0.014,1.015,0.262,NA,NA,NA,0.003322218
"ESRRB","Stem-cell-iPSC","ALZ","Wald ratio",1,-0.058,0.052,0.944,0.263,NA,NA,NA,5.17e-05
"HS6ST1","Stem-cell-iPSC","ALZ","Wald ratio",1,0.051,0.046,1.053,0.263,NA,NA,NA,5.46e-05
"MAP10","Stem-cell-iPSC","ALZ","Wald ratio",1,-0.038,0.034,0.963,0.263,NA,NA,NA,8.85e-06
"MYRIP","Stem-cell-iPSC","ALZ","Wald ratio",1,0.024,0.022,1.024,0.265,NA,NA,NA,1.97e-05
"ARMC10P1","Stem-cell-iPSC","ALZ","Wald ratio",1,-0.018,0.016,0.982,0.265,NA,NA,NA,0.009642965
"ARPC3P5","Stem-cell-iPSC","ALZ","Wald ratio",1,0.06,0.054,1.062,0.265,NA,NA,NA,0.010950319
"TOX3","Stem-cell-iPSC","ALZ","Wald ratio",1,-0.018,0.016,0.982,0.267,NA,NA,NA,2.63e-06
"EREG","Stem-cell-iPSC","ALZ","Wald ratio",1,0.019,0.017,1.019,0.268,NA,NA,NA,4.52e-05
"FAM49A","Stem-cell-iPSC","ALZ","Wald ratio",1,-0.034,0.031,0.966,0.268,NA,NA,NA,2.7e-05
"RNU1-46P","Stem-cell-iPSC","ALZ","Wald ratio",1,-0.054,0.049,0.947,0.269,NA,NA,NA,0.0017589
"STX8","Stem-cell-iPSC","ALZ","Wald ratio",1,-0.019,0.017,0.981,0.269,NA,NA,NA,1.23e-05
"EXOC2","Stem-cell-iPSC","ALZ","Wald ratio",1,-0.035,0.031,0.966,0.27,NA,NA,NA,0.000214881
"MYO16","Stem-cell-iPSC","ALZ","Inverse variance weighted",2,0.015,0.014,1.015,0.27,NA,0.833561826,NA,0.000517278
"WDPCP","Stem-cell-iPSC","ALZ","Wald ratio",1,-0.026,0.024,0.974,0.27,NA,NA,NA,9.33e-06
"MC5R","Stem-cell-iPSC","ALZ","Wald ratio",1,-0.022,0.02,0.978,0.271,NA,NA,NA,1.7e-05
"AGPAT5","Stem-cell-iPSC","ALZ","Wald ratio",1,0.021,0.019,1.021,0.271,NA,NA,NA,2.37e-05
"TET3","Stem-cell-iPSC","ALZ","Wald ratio",1,-0.021,0.019,0.979,0.272,NA,NA,NA,3.35e-06
"TPO","Stem-cell-iPSC","ALZ","Wald ratio",1,-0.014,0.013,0.986,0.272,NA,NA,NA,0.000994276
"CIDEA","Stem-cell-iPSC","ALZ","Wald ratio",1,0.044,0.04,1.045,0.272,NA,NA,NA,0.000160022
"LINC00384","Stem-cell-iPSC","ALZ","Wald ratio",1,0.039,0.036,1.04,0.273,NA,NA,NA,0.009286193
"PIK3AP1","Stem-cell-iPSC","ALZ","Wald ratio",1,0.029,0.026,1.029,0.274,NA,NA,NA,0.000855461
"KCNQ1","Stem-cell-iPSC","ALZ","Wald ratio",1,0.02,0.018,1.02,0.274,NA,NA,NA,1.26e-05
"DENND2A","Stem-cell-iPSC","ALZ","Wald ratio",1,-0.039,0.036,0.962,0.275,NA,NA,NA,5.79e-05
"TTC28","Stem-cell-iPSC","ALZ","Wald ratio",1,0.04,0.037,1.041,0.276,NA,NA,NA,0.000175417
"POM121L13P","Stem-cell-iPSC","ALZ","Wald ratio",1,-0.015,0.014,0.985,0.276,NA,NA,NA,1.67e-05
"ROBO2","Stem-cell-iPSC","ALZ","Inverse variance weighted",3,0.016,0.015,1.016,0.277,0.108076591,0.181962298,0.672345495,1.59e-05
"ARL15","Stem-cell-iPSC","ALZ","Wald ratio",1,-0.017,0.016,0.983,0.278,NA,NA,NA,0.009801176
"KLHL29","Stem-cell-iPSC","ALZ","Wald ratio",1,-0.03,0.028,0.97,0.278,NA,NA,NA,9.12e-06
"PTPRD","Stem-cell-iPSC","ALZ","Simple mode",4,0.02,0.015,1.02,0.278,0.811389897,0.895972439,0.709746499,0.002390453
"PVRL3","Stem-cell-iPSC","ALZ","Wald ratio",1,0.017,0.016,1.017,0.28,NA,NA,NA,5.09e-05
"HMMR","Stem-cell-iPSC","ALZ","Wald ratio",1,-0.065,0.06,0.937,0.28,NA,NA,NA,0.009247908
"NCF2","Stem-cell-iPSC","ALZ","Wald ratio",1,0.038,0.035,1.038,0.28,NA,NA,NA,0.002552811
"CLPTM1L","Stem-cell-iPSC","ALZ","Wald ratio",1,-0.035,0.032,0.966,0.28,NA,NA,NA,1.02e-05
"TCERG1L","Stem-cell-iPSC","ALZ","Wald ratio",1,0.057,0.053,1.059,0.28,NA,NA,NA,0.002265646
"CSN3","Stem-cell-iPSC","ALZ","Wald ratio",1,-0.015,0.014,0.985,0.281,NA,NA,NA,0.00786001
"ZNF611","Stem-cell-iPSC","ALZ","Wald ratio",1,-0.017,0.016,0.983,0.282,NA,NA,NA,2.58e-05
"KLRF2","Stem-cell-iPSC","ALZ","Wald ratio",1,0.037,0.035,1.038,0.283,NA,NA,NA,0.000189255
"MED30","Stem-cell-iPSC","ALZ","Wald ratio",1,-0.019,0.017,0.982,0.283,NA,NA,NA,7.23e-05
"HPCAL1","Stem-cell-iPSC","ALZ","Wald ratio",1,0.017,0.016,1.018,0.283,NA,NA,NA,1.39e-05
"OSBPL10","Stem-cell-iPSC","ALZ","Weighted mode",3,0.021,0.014,1.021,0.283,0.163711178,0.336716741,0.785742504,3.27e-05
"VN2R3P","Stem-cell-iPSC","ALZ","Wald ratio",1,0.05,0.046,1.051,0.284,NA,NA,NA,0.000172903
"PHGDH","Stem-cell-iPSC","ALZ","Wald ratio",1,-0.099,0.093,0.906,0.285,NA,NA,NA,0.010049761
"SFRP2","Stem-cell-iPSC","ALZ","Wald ratio",1,0.063,0.06,1.065,0.288,NA,NA,NA,0.009799055
"SLC12A8","Stem-cell-iPSC","ALZ","Wald ratio",1,-0.016,0.015,0.985,0.289,NA,NA,NA,1.19e-05
"CORO2A","Stem-cell-iPSC","ALZ","Wald ratio",1,0.016,0.015,1.016,0.289,NA,NA,NA,5.85e-05
"DAB1","Stem-cell-iPSC","ALZ","Wald ratio",1,-0.04,0.038,0.961,0.291,NA,NA,NA,0.009229915
"TPT1P2","Stem-cell-iPSC","ALZ","Wald ratio",1,0.026,0.025,1.027,0.291,NA,NA,NA,1.46e-05
"TMEM170B","Stem-cell-iPSC","ALZ","Wald ratio",1,0.017,0.016,1.017,0.292,NA,NA,NA,0.000227589
"ROBO2","Stem-cell-iPSC","ALZ","Simple mode",3,0.033,0.023,1.033,0.292,0.108076591,0.181962298,0.672345495,1.59e-05
"KSR2","Stem-cell-iPSC","ALZ","Wald ratio",1,0.017,0.016,1.017,0.294,NA,NA,NA,2.04e-06
"SH3RF3","Stem-cell-iPSC","ALZ","Wald ratio",1,-0.031,0.029,0.97,0.294,NA,NA,NA,0.005532426
"PRKG1","Stem-cell-iPSC","ALZ","MR Egger",3,-0.207,0.104,0.813,0.295,0.140331925,0.009887961,0.32256501,0.001862239
"LYZL2","Stem-cell-iPSC","ALZ","Wald ratio",1,-0.016,0.016,0.984,0.295,NA,NA,NA,5.93e-06
"RPL7P33","Stem-cell-iPSC","ALZ","Wald ratio",1,-0.019,0.018,0.981,0.296,NA,NA,NA,4.25e-05
"MYOF","Stem-cell-iPSC","ALZ","Wald ratio",1,-0.022,0.021,0.978,0.296,NA,NA,NA,0.003106008
"LINC00922","Stem-cell-iPSC","ALZ","Wald ratio",1,-0.059,0.057,0.942,0.297,NA,NA,NA,7.13e-06
"STRN","Stem-cell-iPSC","ALZ","Wald ratio",1,-0.069,0.066,0.933,0.297,NA,NA,NA,0.006886274
"PTPRO","Stem-cell-iPSC","ALZ","Wald ratio",1,-0.042,0.04,0.959,0.297,NA,NA,NA,3.02e-05
"TBC1D5","Stem-cell-iPSC","ALZ","Wald ratio",1,-0.018,0.018,0.982,0.299,NA,NA,NA,2.48e-06
"UMODL1-AS1","Stem-cell-iPSC","ALZ","Wald ratio",1,0.05,0.048,1.051,0.299,NA,NA,NA,0.004233135
"ACSS1","Stem-cell-iPSC","ALZ","Wald ratio",1,-0.03,0.029,0.97,0.299,NA,NA,NA,8.27e-06
"AGBL1","Stem-cell-iPSC","ALZ","Wald ratio",1,-0.029,0.028,0.972,0.3,NA,NA,NA,5.14e-05
"ATP6V1C1","Stem-cell-iPSC","ALZ","Wald ratio",1,0.017,0.016,1.017,0.3,NA,NA,NA,4.61e-06
"KCNIP4","Stem-cell-iPSC","ALZ","Simple mode",3,0.026,0.019,1.026,0.3,0.319137939,0.257665559,0.414751051,0.000290167
"SERPINB9P1","Stem-cell-iPSC","ALZ","Wald ratio",1,0.027,0.026,1.027,0.301,NA,NA,NA,8.79e-05
"PTPRD","Stem-cell-iPSC","ALZ","Weighted mode",4,0.016,0.013,1.016,0.302,0.811389897,0.895972439,0.709746499,0.002390453
"LINC01088","Stem-cell-iPSC","ALZ","Wald ratio",1,-0.012,0.012,0.988,0.303,NA,NA,NA,0.000117352
"PGR","Stem-cell-iPSC","ALZ","Wald ratio",1,-0.02,0.02,0.98,0.303,NA,NA,NA,2.75e-05
"RHBDD1","Stem-cell-iPSC","ALZ","Wald ratio",1,0.014,0.013,1.014,0.303,NA,NA,NA,0.000233885
"AKTIP","Stem-cell-iPSC","ALZ","Wald ratio",1,0.027,0.026,1.027,0.304,NA,NA,NA,6.93e-06
"CCDC188","Stem-cell-iPSC","ALZ","Wald ratio",1,0.018,0.018,1.018,0.304,NA,NA,NA,1.81e-05
"CHST11","Stem-cell-iPSC","ALZ","Wald ratio",1,-0.035,0.034,0.966,0.304,NA,NA,NA,9.87e-05
"PRICKLE2-AS3","Stem-cell-iPSC","ALZ","Wald ratio",1,-0.026,0.025,0.975,0.304,NA,NA,NA,0.00512996
"CPO","Stem-cell-iPSC","ALZ","Wald ratio",1,0.026,0.026,1.027,0.308,NA,NA,NA,0.000150817
"C1QTNF2","Stem-cell-iPSC","ALZ","Wald ratio",1,-0.028,0.027,0.973,0.308,NA,NA,NA,3.66e-05
"TNIK","Stem-cell-iPSC","ALZ","Inverse variance weighted",2,0.031,0.03,1.031,0.308,NA,0.030260687,NA,0.001287725
"SH3GL2","Stem-cell-iPSC","ALZ","Wald ratio",1,-0.064,0.062,0.938,0.308,NA,NA,NA,0.008400768
"MCTP1","Stem-cell-iPSC","ALZ","Wald ratio",1,-0.039,0.039,0.962,0.31,NA,NA,NA,0.000279929
"MIR8070","Stem-cell-iPSC","ALZ","Wald ratio",1,0.146,0.144,1.157,0.31,NA,NA,NA,0.010323008
"RGS14","Stem-cell-iPSC","ALZ","Wald ratio",1,0.038,0.037,1.039,0.31,NA,NA,NA,3.97e-05
"SCEL","Stem-cell-iPSC","ALZ","Wald ratio",1,-0.021,0.021,0.979,0.31,NA,NA,NA,0.008178017
"H3F3C","Stem-cell-iPSC","ALZ","Wald ratio",1,-0.074,0.073,0.929,0.311,NA,NA,NA,9.8e-05
"OPCML","Stem-cell-iPSC","ALZ","Wald ratio",1,0.023,0.023,1.024,0.311,NA,NA,NA,1.47e-05
"DLG2","Stem-cell-iPSC","ALZ","Weighted median",4,-0.014,0.014,0.986,0.312,0.685767284,0.82764694,0.747350645,0.000468491
"OSBPL10","Stem-cell-iPSC","ALZ","Simple mode",3,0.024,0.018,1.024,0.312,0.163711178,0.336716741,0.785742504,3.27e-05
"GM2AP1","Stem-cell-iPSC","ALZ","Wald ratio",1,0.018,0.017,1.018,0.312,NA,NA,NA,3.05e-06
"PUS7L","Stem-cell-iPSC","ALZ","Wald ratio",1,-0.012,0.012,0.988,0.312,NA,NA,NA,0.000126597
"SFRP4","Stem-cell-iPSC","ALZ","Wald ratio",1,-0.015,0.015,0.985,0.313,NA,NA,NA,0.007853924
"TENM4","Stem-cell-iPSC","ALZ","MR Egger",3,0.072,0.039,1.074,0.316,0.672583266,0.185204362,0.324765048,0.000310757
"SNORD13","Stem-cell-iPSC","ALZ","Wald ratio",1,0.018,0.018,1.018,0.317,NA,NA,NA,0.000419671
"LINC01591","Stem-cell-iPSC","ALZ","Wald ratio",1,-0.033,0.033,0.968,0.317,NA,NA,NA,0.000601913
"TBC1D22A","Stem-cell-iPSC","ALZ","Wald ratio",1,-0.045,0.045,0.956,0.317,NA,NA,NA,0.000447959
"LSM11","Stem-cell-iPSC","ALZ","Wald ratio",1,-0.023,0.023,0.977,0.317,NA,NA,NA,6.47e-06
"LINC01322","Stem-cell-iPSC","ALZ","Wald ratio",1,-0.017,0.017,0.983,0.317,NA,NA,NA,5.28e-06
"CDH10","Stem-cell-iPSC","ALZ","Wald ratio",1,0.018,0.018,1.018,0.321,NA,NA,NA,5.58e-06
"HTR2A","Stem-cell-iPSC","ALZ","Wald ratio",1,-0.018,0.018,0.983,0.322,NA,NA,NA,0.001669995
"KIAA0196","Stem-cell-iPSC","ALZ","Wald ratio",1,0.06,0.06,1.061,0.322,NA,NA,NA,0.009273496
"ABRACL","Stem-cell-iPSC","ALZ","Wald ratio",1,-0.02,0.021,0.98,0.322,NA,NA,NA,1.92e-05
"TANC1","Stem-cell-iPSC","ALZ","Wald ratio",1,0.016,0.016,1.016,0.322,NA,NA,NA,3.17e-05
"VAMP1","Stem-cell-iPSC","ALZ","Wald ratio",1,-0.024,0.024,0.977,0.322,NA,NA,NA,0.00422257
"LINC00333","Stem-cell-iPSC","ALZ","Wald ratio",1,-0.058,0.059,0.944,0.322,NA,NA,NA,0.008471024
"SLC5A8","Stem-cell-iPSC","ALZ","Wald ratio",1,0.015,0.015,1.015,0.322,NA,NA,NA,2.82e-05
"PLB1","Stem-cell-iPSC","ALZ","Wald ratio",1,-0.032,0.032,0.969,0.322,NA,NA,NA,0.002589867
"C2orf47","Stem-cell-iPSC","ALZ","Wald ratio",1,0.033,0.033,1.033,0.322,NA,NA,NA,0.000193452
"MRPL57P1","Stem-cell-iPSC","ALZ","Wald ratio",1,-0.128,0.13,0.88,0.325,NA,NA,NA,0.014273451
"LINC01122","Stem-cell-iPSC","ALZ","Wald ratio",1,-0.029,0.03,0.971,0.326,NA,NA,NA,2.07e-05
"OR7A5","Stem-cell-iPSC","ALZ","Wald ratio",1,-0.016,0.016,0.985,0.327,NA,NA,NA,1.72e-06
"CAMK1D","Stem-cell-iPSC","ALZ","Wald ratio",1,-0.041,0.042,0.959,0.327,NA,NA,NA,0.008077182
"RBFOX1","Stem-cell-iPSC","ALZ","Wald ratio",1,-0.017,0.017,0.983,0.327,NA,NA,NA,8.03e-06
"CHN2","Stem-cell-iPSC","ALZ","Wald ratio",1,0.027,0.028,1.028,0.327,NA,NA,NA,0.001543719
"CDK14","Stem-cell-iPSC","ALZ","MR Egger",3,-0.079,0.045,0.924,0.328,0.552080232,0.192796629,0.336189255,0.000645527
"LINC01354","Stem-cell-iPSC","ALZ","Wald ratio",1,0.032,0.032,1.032,0.329,NA,NA,NA,1.01e-05
"IGFBP7","Stem-cell-iPSC","ALZ","Wald ratio",1,0.05,0.052,1.052,0.329,NA,NA,NA,0.000840891
"CTBP2","Stem-cell-iPSC","ALZ","Wald ratio",1,0.017,0.018,1.018,0.33,NA,NA,NA,1.15e-05
"AQR","Stem-cell-iPSC","ALZ","Wald ratio",1,0.037,0.038,1.037,0.33,NA,NA,NA,0.000105495
"NRXN3","Stem-cell-iPSC","ALZ","Wald ratio",1,0.042,0.043,1.043,0.331,NA,NA,NA,0.001681737
"LINC00189","Stem-cell-iPSC","ALZ","Wald ratio",1,0.04,0.041,1.041,0.332,NA,NA,NA,3.9e-05
"LMO4","Stem-cell-iPSC","ALZ","Wald ratio",1,0.012,0.013,1.012,0.332,NA,NA,NA,0.008068375
"CDHR3","Stem-cell-iPSC","ALZ","Wald ratio",1,-0.033,0.034,0.967,0.332,NA,NA,NA,4.43e-05
"UGGT1","Stem-cell-iPSC","ALZ","Wald ratio",1,-0.013,0.014,0.987,0.332,NA,NA,NA,0.000251416
"LINC00540","Stem-cell-iPSC","ALZ","Weighted mode",3,0.023,0.018,1.024,0.332,0.327550285,0.315122138,0.45229493,4.54e-06
"CPEB1","Stem-cell-iPSC","ALZ","Wald ratio",1,0.023,0.024,1.023,0.332,NA,NA,NA,1.49e-05
"NUS1P3","Stem-cell-iPSC","ALZ","Wald ratio",1,0.055,0.056,1.056,0.333,NA,NA,NA,0.006878572
"NAALADL2-AS2","Stem-cell-iPSC","ALZ","Wald ratio",1,0.017,0.018,1.017,0.335,NA,NA,NA,6.26e-06
"LINC01198","Stem-cell-iPSC","ALZ","Wald ratio",1,-0.062,0.065,0.939,0.335,NA,NA,NA,8.04e-05
"CD14","Stem-cell-iPSC","ALZ","Wald ratio",1,-0.013,0.013,0.987,0.336,NA,NA,NA,2.42e-05
"FAR1P1","Stem-cell-iPSC","ALZ","Wald ratio",1,0.026,0.027,1.026,0.336,NA,NA,NA,5.8e-05
"PBX1","Stem-cell-iPSC","ALZ","Wald ratio",1,0.024,0.025,1.025,0.337,NA,NA,NA,7.97e-06
"UGT2B7","Stem-cell-iPSC","ALZ","Wald ratio",1,-0.013,0.013,0.987,0.337,NA,NA,NA,0.000249156
"NHLRC2","Stem-cell-iPSC","ALZ","Wald ratio",1,-0.014,0.014,0.986,0.337,NA,NA,NA,5.55e-06
"ADAM29","Stem-cell-iPSC","ALZ","Wald ratio",1,0.058,0.061,1.06,0.339,NA,NA,NA,0.000146687
"COLEC12","Stem-cell-iPSC","ALZ","Wald ratio",1,-0.043,0.045,0.958,0.34,NA,NA,NA,0.008385345
"LINC01048","Stem-cell-iPSC","ALZ","Wald ratio",1,-0.077,0.081,0.926,0.34,NA,NA,NA,0.008333829
"FNDC3B","Stem-cell-iPSC","ALZ","Wald ratio",1,0.016,0.017,1.016,0.342,NA,NA,NA,1.64e-05
"BDH2P1","Stem-cell-iPSC","ALZ","Wald ratio",1,0.015,0.016,1.016,0.342,NA,NA,NA,2.09e-05
"LINC00540","Stem-cell-iPSC","ALZ","Inverse variance weighted",3,0.015,0.015,1.015,0.343,0.327550285,0.315122138,0.45229493,4.54e-06
"PALM2","Stem-cell-iPSC","ALZ","Wald ratio",1,0.018,0.019,1.018,0.344,NA,NA,NA,0.009929595
"TENM4","Stem-cell-iPSC","ALZ","Weighted median",3,0.012,0.012,1.012,0.345,0.672583266,0.185204362,0.324765048,0.000310757
"AFAP1","Stem-cell-iPSC","ALZ","Wald ratio",1,0.016,0.017,1.016,0.346,NA,NA,NA,0.009221363
"EEF1GP6","Stem-cell-iPSC","ALZ","Wald ratio",1,0.025,0.027,1.025,0.346,NA,NA,NA,9.04e-06
"RPH3AL","Stem-cell-iPSC","ALZ","Wald ratio",1,-0.015,0.016,0.985,0.346,NA,NA,NA,0.000680923
"CTNND2","Stem-cell-iPSC","ALZ","Inverse variance weighted",2,0.015,0.016,1.015,0.346,NA,0.446591686,NA,0.000118866
"APP","Stem-cell-iPSC","ALZ","Wald ratio",1,0.028,0.03,1.028,0.347,NA,NA,NA,0.000378588
"TEC","Stem-cell-iPSC","ALZ","Wald ratio",1,-0.048,0.051,0.953,0.347,NA,NA,NA,0.007860169
"C22orf34","Stem-cell-iPSC","ALZ","Wald ratio",1,0.036,0.039,1.037,0.347,NA,NA,NA,9.85e-06
"SEMA3D","Stem-cell-iPSC","ALZ","Wald ratio",1,0.025,0.027,1.025,0.347,NA,NA,NA,2e-05
"GHR","Stem-cell-iPSC","ALZ","Wald ratio",1,0.014,0.015,1.014,0.347,NA,NA,NA,1.15e-05
"LINC00540","Stem-cell-iPSC","ALZ","Simple mode",3,0.031,0.025,1.031,0.349,0.327550285,0.315122138,0.45229493,4.54e-06
"GLI3","Stem-cell-iPSC","ALZ","Wald ratio",1,0.013,0.014,1.013,0.352,NA,NA,NA,4.68e-05
"OPN3","Stem-cell-iPSC","ALZ","Wald ratio",1,0.013,0.014,1.013,0.352,NA,NA,NA,0.000253263
"FAT3","Stem-cell-iPSC","ALZ","Wald ratio",1,0.012,0.013,1.012,0.353,NA,NA,NA,0.000287425
"CLVS1","Stem-cell-iPSC","ALZ","Wald ratio",1,0.031,0.034,1.032,0.353,NA,NA,NA,0.004388095
"ASPM","Stem-cell-iPSC","ALZ","Wald ratio",1,-0.014,0.016,0.986,0.353,NA,NA,NA,3.16e-05
"SNRPFP3","Stem-cell-iPSC","ALZ","Wald ratio",1,-0.027,0.029,0.973,0.356,NA,NA,NA,1.86e-05
"WDR31","Stem-cell-iPSC","ALZ","Wald ratio",1,-0.015,0.017,0.985,0.358,NA,NA,NA,6.07e-06
"LOXHD1","Stem-cell-iPSC","ALZ","Wald ratio",1,0.017,0.019,1.017,0.36,NA,NA,NA,1.09e-05
"SMARCA2","Stem-cell-iPSC","ALZ","Wald ratio",1,-0.036,0.039,0.965,0.361,NA,NA,NA,0.000127035
"IGFBP7-AS1","Stem-cell-iPSC","ALZ","Wald ratio",1,-0.014,0.015,0.986,0.362,NA,NA,NA,8.63e-05
"ODF1","Stem-cell-iPSC","ALZ","Wald ratio",1,0.025,0.028,1.025,0.362,NA,NA,NA,1.15e-05
"ADGRA3","Stem-cell-iPSC","ALZ","Wald ratio",1,-0.054,0.059,0.948,0.363,NA,NA,NA,0.004315527
"CEP78","Stem-cell-iPSC","ALZ","Wald ratio",1,-0.03,0.033,0.971,0.363,NA,NA,NA,0.005104924
"DNMBP","Stem-cell-iPSC","ALZ","Wald ratio",1,-0.012,0.014,0.988,0.364,NA,NA,NA,2.25e-06
"USP20","Stem-cell-iPSC","ALZ","Wald ratio",1,0.031,0.035,1.032,0.366,NA,NA,NA,5.15e-05
"COL13A1","Stem-cell-iPSC","ALZ","Wald ratio",1,-0.026,0.028,0.975,0.367,NA,NA,NA,8.01e-06
"GNLY","Stem-cell-iPSC","ALZ","Wald ratio",1,0.031,0.035,1.032,0.367,NA,NA,NA,0.000104676
"KCNQ3","Stem-cell-iPSC","ALZ","Simple mode",3,0.024,0.021,1.024,0.367,0.244671503,0.490463612,0.856338611,5.68e-06
"CNN3","Stem-cell-iPSC","ALZ","Wald ratio",1,-0.013,0.015,0.987,0.367,NA,NA,NA,0.007567464
"ATP6V1G1P7","Stem-cell-iPSC","ALZ","Wald ratio",1,-0.024,0.027,0.976,0.368,NA,NA,NA,3.19e-05
"GALNT10","Stem-cell-iPSC","ALZ","Wald ratio",1,-0.015,0.017,0.985,0.368,NA,NA,NA,3.31e-06
"MKX","Stem-cell-iPSC","ALZ","Wald ratio",1,-0.024,0.027,0.976,0.368,NA,NA,NA,0.007158579
"CDH13","Stem-cell-iPSC","ALZ","Weighted median",3,0.011,0.012,1.011,0.369,0.018466624,0.054184057,0.859503226,0.001270293
"COMMD10","Stem-cell-iPSC","ALZ","Wald ratio",1,0.014,0.015,1.014,0.37,NA,NA,NA,0.001676895
"SLC27A2","Stem-cell-iPSC","ALZ","Wald ratio",1,0.016,0.017,1.016,0.37,NA,NA,NA,3.11e-06
"KIRREL3","Stem-cell-iPSC","ALZ","Wald ratio",1,0.021,0.023,1.021,0.371,NA,NA,NA,1.15e-05
"MIR5093","Stem-cell-iPSC","ALZ","Wald ratio",1,-0.016,0.018,0.984,0.371,NA,NA,NA,2.67e-06
"SNX9","Stem-cell-iPSC","ALZ","Inverse variance weighted",2,-0.015,0.016,0.986,0.371,NA,0.926919109,NA,2.47e-05
"CD34","Stem-cell-iPSC","ALZ","Wald ratio",1,0.024,0.027,1.024,0.372,NA,NA,NA,5.06e-05
"OR1I1","Stem-cell-iPSC","ALZ","Wald ratio",1,-0.033,0.037,0.968,0.372,NA,NA,NA,2.17e-05
"POM121L4P","Stem-cell-iPSC","ALZ","Wald ratio",1,0.027,0.031,1.028,0.373,NA,NA,NA,1.27e-05
"CHRM5","Stem-cell-iPSC","ALZ","Wald ratio",1,-0.032,0.036,0.968,0.374,NA,NA,NA,3.74e-05
"PRDM15","Stem-cell-iPSC","ALZ","Wald ratio",1,-0.032,0.036,0.969,0.374,NA,NA,NA,0.003276151
"OR2T1","Stem-cell-iPSC","ALZ","Wald ratio",1,-0.018,0.02,0.982,0.374,NA,NA,NA,8.58e-06
"PDE1B","Stem-cell-iPSC","ALZ","Wald ratio",1,-0.026,0.029,0.975,0.376,NA,NA,NA,0.007906772
"THEMIS","Stem-cell-iPSC","ALZ","Wald ratio",1,-0.014,0.015,0.986,0.376,NA,NA,NA,2.26e-05
"RUNX3","Stem-cell-iPSC","ALZ","Wald ratio",1,-0.013,0.015,0.987,0.376,NA,NA,NA,0.000199425
"CIZ1","Stem-cell-iPSC","ALZ","Wald ratio",1,0.012,0.014,1.012,0.377,NA,NA,NA,2.06e-05
"LINC00540","Stem-cell-iPSC","ALZ","MR Egger",3,0.05,0.034,1.052,0.378,0.327550285,0.315122138,0.45229493,4.54e-06
"LINC00534","Stem-cell-iPSC","ALZ","Wald ratio",1,0.016,0.018,1.016,0.378,NA,NA,NA,3.61e-06
"FAM149A","Stem-cell-iPSC","ALZ","Inverse variance weighted",2,-0.012,0.014,0.988,0.378,NA,0.836000324,NA,0.003650807
"ROPN1B","Stem-cell-iPSC","ALZ","Wald ratio",1,0.208,0.236,1.231,0.378,NA,NA,NA,0.007947449
"ALB","Stem-cell-iPSC","ALZ","Wald ratio",1,-0.028,0.032,0.973,0.379,NA,NA,NA,0.001232937
"ZNF266","Stem-cell-iPSC","ALZ","Wald ratio",1,0.015,0.017,1.015,0.379,NA,NA,NA,0.000884806
"FGGY","Stem-cell-iPSC","ALZ","Wald ratio",1,0.025,0.028,1.025,0.38,NA,NA,NA,3.69e-06
"MIR4704","Stem-cell-iPSC","ALZ","Wald ratio",1,-0.061,0.07,0.941,0.382,NA,NA,NA,0.010384551
"ADAMTS9-AS2","Stem-cell-iPSC","ALZ","Wald ratio",1,0.02,0.023,1.021,0.382,NA,NA,NA,1.48e-05
"PPP1R13L","Stem-cell-iPSC","ALZ","Wald ratio",1,0.055,0.063,1.056,0.383,NA,NA,NA,0.00061616
"DCC","Stem-cell-iPSC","ALZ","Inverse variance weighted",2,-0.02,0.023,0.98,0.384,NA,0.584868213,NA,1.24e-05
"ITGAV","Stem-cell-iPSC","ALZ","Wald ratio",1,0.016,0.018,1.016,0.385,NA,NA,NA,0.00829687
"WWOX","Stem-cell-iPSC","ALZ","Inverse variance weighted",2,-0.01,0.011,0.99,0.386,NA,0.659688416,NA,6.85e-06
"RGS7","Stem-cell-iPSC","ALZ","Wald ratio",1,-0.018,0.021,0.982,0.386,NA,NA,NA,6.52e-05
"PSKH2","Stem-cell-iPSC","ALZ","Wald ratio",1,0.073,0.085,1.076,0.386,NA,NA,NA,0.007264038
"NTRK2","Stem-cell-iPSC","ALZ","Wald ratio",1,0.013,0.015,1.013,0.387,NA,NA,NA,0.005536168
"SGCZ","Stem-cell-iPSC","ALZ","Wald ratio",1,-0.015,0.017,0.985,0.387,NA,NA,NA,0.000754051
"CACYBPP2","Stem-cell-iPSC","ALZ","Wald ratio",1,-0.022,0.025,0.978,0.388,NA,NA,NA,1.22e-05
"DPP10","Stem-cell-iPSC","ALZ","Wald ratio",1,0.038,0.045,1.039,0.389,NA,NA,NA,0.006197245
"GAPDHP16","Stem-cell-iPSC","ALZ","Wald ratio",1,0.015,0.017,1.015,0.39,NA,NA,NA,4.02e-06
"GRXCR1","Stem-cell-iPSC","ALZ","Wald ratio",1,-0.031,0.036,0.97,0.391,NA,NA,NA,0.003194376
"DOCK8","Stem-cell-iPSC","ALZ","Wald ratio",1,0.03,0.035,1.03,0.391,NA,NA,NA,0.004928004
"LINGO2","Stem-cell-iPSC","ALZ","Wald ratio",1,0.014,0.016,1.014,0.391,NA,NA,NA,1.97e-05
"PRR5L","Stem-cell-iPSC","ALZ","Inverse variance weighted",2,-0.045,0.053,0.956,0.393,NA,0.123234859,NA,0.006842509
"ANTXRLP1","Stem-cell-iPSC","ALZ","Wald ratio",1,-0.014,0.017,0.986,0.393,NA,NA,NA,0.008745062
"TSKU","Stem-cell-iPSC","ALZ","Wald ratio",1,0.017,0.02,1.017,0.393,NA,NA,NA,0.0046766
"LINC00492","Stem-cell-iPSC","ALZ","Wald ratio",1,0.025,0.029,1.025,0.394,NA,NA,NA,2.52e-05
"RALYL","Stem-cell-iPSC","ALZ","Wald ratio",1,-0.014,0.016,0.986,0.394,NA,NA,NA,4.74e-05
"CHSY3","Stem-cell-iPSC","ALZ","Wald ratio",1,0.017,0.02,1.017,0.396,NA,NA,NA,0.000583112
"HNRNPLP1","Stem-cell-iPSC","ALZ","Wald ratio",1,-0.028,0.033,0.972,0.396,NA,NA,NA,0.000124953
"LIMD1","Stem-cell-iPSC","ALZ","Wald ratio",1,-0.022,0.026,0.978,0.396,NA,NA,NA,0.001229884
"NEK6","Stem-cell-iPSC","ALZ","Wald ratio",1,-0.03,0.035,0.971,0.397,NA,NA,NA,7.2e-05
"BICD2","Stem-cell-iPSC","ALZ","Wald ratio",1,-0.028,0.033,0.973,0.398,NA,NA,NA,1.67e-05
"EMCN","Stem-cell-iPSC","ALZ","Wald ratio",1,-0.018,0.021,0.982,0.399,NA,NA,NA,0.00625233
"ARHGEF10","Stem-cell-iPSC","ALZ","Wald ratio",1,-0.033,0.039,0.967,0.401,NA,NA,NA,0.000716193
"RN7SKP280","Stem-cell-iPSC","ALZ","Wald ratio",1,0.044,0.052,1.045,0.402,NA,NA,NA,0.00693709
"DLG2","Stem-cell-iPSC","ALZ","Weighted mode",4,-0.015,0.015,0.985,0.403,0.685767284,0.82764694,0.747350645,0.000468491
"PNRC2P1","Stem-cell-iPSC","ALZ","Wald ratio",1,-0.021,0.025,0.979,0.403,NA,NA,NA,3.89e-05
"RPSAP74","Stem-cell-iPSC","ALZ","Wald ratio",1,0.011,0.013,1.011,0.403,NA,NA,NA,0.007292318
"L3MBTL4","Stem-cell-iPSC","ALZ","Wald ratio",1,-0.06,0.072,0.942,0.405,NA,NA,NA,0.000646029
"FOXN3","Stem-cell-iPSC","ALZ","Inverse variance weighted",2,0.013,0.015,1.013,0.405,NA,0.756589627,NA,0.004903621
"ADAMTS20","Stem-cell-iPSC","ALZ","Wald ratio",1,-0.067,0.081,0.935,0.406,NA,NA,NA,0.000116672
"CNST","Stem-cell-iPSC","ALZ","Wald ratio",1,0.012,0.015,1.012,0.408,NA,NA,NA,5.18e-06
"RIN2","Stem-cell-iPSC","ALZ","Wald ratio",1,0.011,0.013,1.011,0.408,NA,NA,NA,6.19e-06
"PTPRD","Stem-cell-iPSC","ALZ","MR Egger",4,0.023,0.022,1.023,0.41,0.811389897,0.895972439,0.709746499,0.002390453
"TRIM42","Stem-cell-iPSC","ALZ","Wald ratio",1,0.012,0.015,1.012,0.41,NA,NA,NA,5.53e-05
"PLD1","Stem-cell-iPSC","ALZ","Wald ratio",1,0.023,0.028,1.023,0.41,NA,NA,NA,1.58e-05
"ATP5A1","Stem-cell-iPSC","ALZ","Wald ratio",1,0.021,0.026,1.021,0.411,NA,NA,NA,2.13e-05
"CDH19","Stem-cell-iPSC","ALZ","Wald ratio",1,-0.031,0.038,0.969,0.411,NA,NA,NA,0.000278897
"NDUFB5P1","Stem-cell-iPSC","ALZ","Inverse variance weighted",2,0.02,0.024,1.02,0.411,NA,0.209597191,NA,0.000112652
"SNHG15","Stem-cell-iPSC","ALZ","Wald ratio",1,0.056,0.069,1.058,0.412,NA,NA,NA,2.54e-05
"SH2D6","Stem-cell-iPSC","ALZ","Wald ratio",1,0.021,0.026,1.021,0.413,NA,NA,NA,3.6e-05
"LINC01127","Stem-cell-iPSC","ALZ","Wald ratio",1,-0.014,0.017,0.986,0.413,NA,NA,NA,1.31e-05
"UTS2B","Stem-cell-iPSC","ALZ","Wald ratio",1,0.01,0.013,1.01,0.413,NA,NA,NA,0.000105874
"SCHIP1","Stem-cell-iPSC","ALZ","Wald ratio",1,-0.012,0.015,0.988,0.413,NA,NA,NA,9.06e-05
"MAPK10","Stem-cell-iPSC","ALZ","Wald ratio",1,0.013,0.016,1.013,0.414,NA,NA,NA,1.64e-05
"TFEB","Stem-cell-iPSC","ALZ","Wald ratio",1,-0.024,0.03,0.976,0.414,NA,NA,NA,8.75e-05
"LINC00520","Stem-cell-iPSC","ALZ","Wald ratio",1,0.014,0.017,1.014,0.415,NA,NA,NA,3.36e-06
"RGS7BP","Stem-cell-iPSC","ALZ","Wald ratio",1,-0.014,0.017,0.986,0.416,NA,NA,NA,6.93e-06
"RN7SL58P","Stem-cell-iPSC","ALZ","Wald ratio",1,-0.04,0.05,0.961,0.418,NA,NA,NA,0.009385481
"SCN8A","Stem-cell-iPSC","ALZ","Wald ratio",1,-0.02,0.025,0.98,0.418,NA,NA,NA,2.93e-06
"LINC00920","Stem-cell-iPSC","ALZ","Wald ratio",1,-0.027,0.033,0.974,0.419,NA,NA,NA,0.007137276
"KCNQ3","Stem-cell-iPSC","ALZ","Inverse variance weighted",3,0.009,0.012,1.01,0.421,0.244671503,0.490463612,0.856338611,5.68e-06
"FRMD3","Stem-cell-iPSC","ALZ","Wald ratio",1,0.057,0.071,1.058,0.421,NA,NA,NA,0.008739693
"ACCSL","Stem-cell-iPSC","ALZ","Wald ratio",1,0.023,0.029,1.024,0.421,NA,NA,NA,0.001463957
"TEKT3","Stem-cell-iPSC","ALZ","Wald ratio",1,-0.033,0.041,0.968,0.424,NA,NA,NA,0.001816782
"NAMA","Stem-cell-iPSC","ALZ","Wald ratio",1,-0.026,0.032,0.975,0.425,NA,NA,NA,3.2e-05
"RNU6-1103P","Stem-cell-iPSC","ALZ","Wald ratio",1,-0.012,0.016,0.988,0.425,NA,NA,NA,5.54e-05
"RN7SL97P","Stem-cell-iPSC","ALZ","Wald ratio",1,0.012,0.015,1.012,0.425,NA,NA,NA,0.000305665
"NAALADL2","Stem-cell-iPSC","ALZ","Inverse variance weighted",3,0.012,0.015,1.012,0.426,0.393873168,0.307721661,0.422986241,1.77e-05
"SLC4A2","Stem-cell-iPSC","ALZ","Wald ratio",1,-0.017,0.022,0.983,0.426,NA,NA,NA,5.97e-06
"RNU6-329P","Stem-cell-iPSC","ALZ","Wald ratio",1,0.052,0.066,1.053,0.431,NA,NA,NA,0.000398969
"TYW3","Stem-cell-iPSC","ALZ","Wald ratio",1,-0.04,0.051,0.961,0.433,NA,NA,NA,0.006874391
"ANKRD10","Stem-cell-iPSC","ALZ","Wald ratio",1,0.02,0.025,1.02,0.433,NA,NA,NA,2.06e-05
"SOX2-OT","Stem-cell-iPSC","ALZ","Wald ratio",1,-0.012,0.015,0.988,0.433,NA,NA,NA,2.78e-06
"TCP11L1","Stem-cell-iPSC","ALZ","Wald ratio",1,-0.011,0.014,0.989,0.434,NA,NA,NA,0.000207539
"TENM4","Stem-cell-iPSC","ALZ","Weighted mode",3,0.012,0.012,1.012,0.434,0.672583266,0.185204362,0.324765048,0.000310757
"RGS12","Stem-cell-iPSC","ALZ","Wald ratio",1,0.03,0.038,1.03,0.435,NA,NA,NA,0.000105775
"KCNIP4","Stem-cell-iPSC","ALZ","Inverse variance weighted",3,0.009,0.012,1.009,0.436,0.319137939,0.257665559,0.414751051,0.000290167
"ZC3H12D","Stem-cell-iPSC","ALZ","Wald ratio",1,0.03,0.038,1.03,0.437,NA,NA,NA,0.004992463
"ZMAT4","Stem-cell-iPSC","ALZ","Wald ratio",1,-0.026,0.034,0.974,0.438,NA,NA,NA,9.49e-05
"RN7SL193P","Stem-cell-iPSC","ALZ","Wald ratio",1,0.022,0.028,1.022,0.438,NA,NA,NA,3.43e-06
"RN7SL401P","Stem-cell-iPSC","ALZ","Wald ratio",1,0.016,0.021,1.016,0.44,NA,NA,NA,1.39e-05
"SUSD1","Stem-cell-iPSC","ALZ","Wald ratio",1,0.013,0.017,1.013,0.441,NA,NA,NA,0.000129609
"FTH1P5","Stem-cell-iPSC","ALZ","Wald ratio",1,-0.024,0.031,0.976,0.443,NA,NA,NA,0.005589117
"CTNNA3","Stem-cell-iPSC","ALZ","Inverse variance weighted",2,-0.01,0.014,0.99,0.443,NA,0.41956743,NA,3.33e-05
"SSX2IP","Stem-cell-iPSC","ALZ","Wald ratio",1,-0.024,0.031,0.977,0.443,NA,NA,NA,0.000132969
"MLLT3","Stem-cell-iPSC","ALZ","Wald ratio",1,-0.049,0.064,0.952,0.444,NA,NA,NA,2.45e-05
"PVT1","Stem-cell-iPSC","ALZ","Wald ratio",1,0.013,0.016,1.013,0.444,NA,NA,NA,5.74e-06
"SNTG1","Stem-cell-iPSC","ALZ","Wald ratio",1,0.016,0.021,1.016,0.444,NA,NA,NA,9.15e-06
"ISG20","Stem-cell-iPSC","ALZ","Wald ratio",1,-0.014,0.018,0.986,0.444,NA,NA,NA,0.000440153
"C3orf33","Stem-cell-iPSC","ALZ","Wald ratio",1,0.015,0.019,1.015,0.446,NA,NA,NA,2.09e-05
"DOCK10","Stem-cell-iPSC","ALZ","Wald ratio",1,0.028,0.037,1.029,0.447,NA,NA,NA,0.000162227
"RNU6-138P","Stem-cell-iPSC","ALZ","Wald ratio",1,0.048,0.063,1.049,0.447,NA,NA,NA,0.000466741
"WDR27","Stem-cell-iPSC","ALZ","Wald ratio",1,0.124,0.164,1.132,0.447,NA,NA,NA,0.009599499
"PCNPP2","Stem-cell-iPSC","ALZ","Wald ratio",1,0.021,0.027,1.021,0.447,NA,NA,NA,0.000229186
"SVIL","Stem-cell-iPSC","ALZ","Wald ratio",1,-0.01,0.013,0.99,0.447,NA,NA,NA,0.001081181
"THSD7A","Stem-cell-iPSC","ALZ","Wald ratio",1,-0.06,0.079,0.942,0.448,NA,NA,NA,0.012730326
"GNAI1","Stem-cell-iPSC","ALZ","Wald ratio",1,0.044,0.058,1.045,0.448,NA,NA,NA,0.007395444
"GALM","Stem-cell-iPSC","ALZ","Wald ratio",1,-0.012,0.016,0.988,0.449,NA,NA,NA,0.007318285
"DNM1P47","Stem-cell-iPSC","ALZ","Wald ratio",1,0.024,0.032,1.025,0.449,NA,NA,NA,5.18e-05
"RPL4P5","Stem-cell-iPSC","ALZ","Wald ratio",1,0.012,0.016,1.012,0.45,NA,NA,NA,3e-05
"RNU6-1018P","Stem-cell-iPSC","ALZ","Wald ratio",1,-0.014,0.019,0.986,0.451,NA,NA,NA,5e-06
"MANEA-AS1","Stem-cell-iPSC","ALZ","Wald ratio",1,0.015,0.02,1.015,0.452,NA,NA,NA,1.64e-05
"MACROD2","Stem-cell-iPSC","ALZ","Inverse variance weighted",2,-0.016,0.021,0.984,0.452,NA,0.996972675,NA,3.4e-05
"GRIN2B","Stem-cell-iPSC","ALZ","MR Egger",3,-0.067,0.058,0.935,0.452,0.374279969,0.332752815,0.445437904,1.68e-05
"TMEM44","Stem-cell-iPSC","ALZ","Wald ratio",1,0.025,0.033,1.025,0.453,NA,NA,NA,0.00191995
"SEMA6D","Stem-cell-iPSC","ALZ","Wald ratio",1,-0.035,0.046,0.966,0.453,NA,NA,NA,0.007601684
"MYO1C","Stem-cell-iPSC","ALZ","Wald ratio",1,-0.011,0.015,0.989,0.453,NA,NA,NA,4.98e-06
"LSAMP","Stem-cell-iPSC","ALZ","Inverse variance weighted",2,0.018,0.024,1.018,0.454,NA,0.902026593,NA,0.003362018
"DPF3","Stem-cell-iPSC","ALZ","Wald ratio",1,0.012,0.016,1.012,0.455,NA,NA,NA,6.94e-06
"PRKG1","Stem-cell-iPSC","ALZ","Inverse variance weighted",3,-0.025,0.034,0.975,0.455,0.140331925,0.009887961,0.32256501,0.001862239
"SULF2","Stem-cell-iPSC","ALZ","Wald ratio",1,0.026,0.035,1.026,0.456,NA,NA,NA,5.84e-05
"TBC1D9B","Stem-cell-iPSC","ALZ","Wald ratio",1,-0.025,0.033,0.976,0.456,NA,NA,NA,0.004084572
"RPS15AP5","Stem-cell-iPSC","ALZ","Wald ratio",1,0.045,0.061,1.046,0.457,NA,NA,NA,0.006859338
"PSMG1","Stem-cell-iPSC","ALZ","Wald ratio",1,0.017,0.023,1.017,0.458,NA,NA,NA,1.82e-05
"MPP4","Stem-cell-iPSC","ALZ","Wald ratio",1,0.015,0.02,1.015,0.458,NA,NA,NA,4.18e-06
"C1orf216","Stem-cell-iPSC","ALZ","Wald ratio",1,0.036,0.049,1.037,0.459,NA,NA,NA,1.82e-05
"TRAV13-2","Stem-cell-iPSC","ALZ","Wald ratio",1,0.023,0.031,1.023,0.459,NA,NA,NA,5.85e-06
"NIPA2P2","Stem-cell-iPSC","ALZ","Wald ratio",1,-0.024,0.033,0.976,0.461,NA,NA,NA,1.11e-05
"TSPAN13","Stem-cell-iPSC","ALZ","Wald ratio",1,-0.011,0.015,0.989,0.461,NA,NA,NA,0.0049656
"NCAM2","Stem-cell-iPSC","ALZ","Inverse variance weighted",2,-0.018,0.024,0.982,0.463,NA,0.125966277,NA,5.06e-05
"EPHA6","Stem-cell-iPSC","ALZ","Inverse variance weighted",2,-0.007,0.01,0.993,0.463,NA,0.870387128,NA,1.68e-05
"RAD51B","Stem-cell-iPSC","ALZ","Wald ratio",1,0.024,0.033,1.025,0.464,NA,NA,NA,0.000219516
"METTL25","Stem-cell-iPSC","ALZ","Wald ratio",1,-0.02,0.028,0.98,0.465,NA,NA,NA,6.48e-05
"VEPH1","Stem-cell-iPSC","ALZ","Wald ratio",1,-0.023,0.031,0.978,0.465,NA,NA,NA,5.19e-05
"LINC00676","Stem-cell-iPSC","ALZ","Wald ratio",1,-0.02,0.027,0.98,0.466,NA,NA,NA,3.9e-06
"AHNAK","Stem-cell-iPSC","ALZ","Wald ratio",1,-0.039,0.053,0.962,0.466,NA,NA,NA,0.007753379
"ACTR3B","Stem-cell-iPSC","ALZ","Wald ratio",1,0.012,0.016,1.012,0.467,NA,NA,NA,2.58e-06
"LRRC27","Stem-cell-iPSC","ALZ","Wald ratio",1,-0.023,0.032,0.977,0.468,NA,NA,NA,0.001013728
"PPARGC1A","Stem-cell-iPSC","ALZ","Wald ratio",1,0.012,0.017,1.012,0.468,NA,NA,NA,0.005497669
"GNG12-AS1","Stem-cell-iPSC","ALZ","Wald ratio",1,-0.027,0.038,0.973,0.469,NA,NA,NA,0.007021346
"RNU6-546P","Stem-cell-iPSC","ALZ","Wald ratio",1,-0.02,0.027,0.981,0.469,NA,NA,NA,0.002239196
"LRRC2-AS1","Stem-cell-iPSC","ALZ","Wald ratio",1,0.011,0.015,1.011,0.469,NA,NA,NA,8.14e-05
"ATP11A","Stem-cell-iPSC","ALZ","Wald ratio",1,0.02,0.028,1.02,0.47,NA,NA,NA,2.44e-05
"FRMD4A","Stem-cell-iPSC","ALZ","MR Egger",3,0.115,0.105,1.122,0.471,0.327926478,0.308978713,0.447610771,3.8e-05
"NMUR2","Stem-cell-iPSC","ALZ","Wald ratio",1,-0.012,0.016,0.988,0.472,NA,NA,NA,0.006031418
"RORA","Stem-cell-iPSC","ALZ","Wald ratio",1,-0.012,0.017,0.988,0.472,NA,NA,NA,8.29e-06
"SLC35B3","Stem-cell-iPSC","ALZ","Wald ratio",1,-0.013,0.019,0.987,0.476,NA,NA,NA,0.000116386
"PDE8A","Stem-cell-iPSC","ALZ","Wald ratio",1,0.012,0.017,1.012,0.476,NA,NA,NA,8.85e-06
"MTND5P34","Stem-cell-iPSC","ALZ","Wald ratio",1,0.013,0.018,1.013,0.476,NA,NA,NA,2.86e-05
"PQLC2L","Stem-cell-iPSC","ALZ","Wald ratio",1,0.024,0.033,1.024,0.477,NA,NA,NA,0.005833622
"CREG1","Stem-cell-iPSC","ALZ","Wald ratio",1,-0.027,0.038,0.973,0.477,NA,NA,NA,3.8e-05
"UBE2WP1","Stem-cell-iPSC","ALZ","Wald ratio",1,0.02,0.028,1.02,0.478,NA,NA,NA,0.000238717
"PAX3","Stem-cell-iPSC","ALZ","Wald ratio",1,-0.036,0.05,0.965,0.478,NA,NA,NA,8.96e-05
"MEGF11","Stem-cell-iPSC","ALZ","Wald ratio",1,-0.012,0.017,0.988,0.478,NA,NA,NA,3.78e-06
"HIP1","Stem-cell-iPSC","ALZ","Wald ratio",1,0.031,0.043,1.031,0.478,NA,NA,NA,0.002856527
"ENPP7P9","Stem-cell-iPSC","ALZ","Wald ratio",1,-0.021,0.029,0.98,0.479,NA,NA,NA,3.6e-05
"GRIN2B","Stem-cell-iPSC","ALZ","Weighted mode",3,-0.022,0.025,0.978,0.479,0.374279969,0.332752815,0.445437904,1.68e-05
"ZNF385D","Stem-cell-iPSC","ALZ","Inverse variance weighted",2,0.018,0.025,1.018,0.48,NA,0.591059422,NA,9.36e-06
"DLG2","Stem-cell-iPSC","ALZ","Simple mode",4,-0.013,0.016,0.987,0.48,0.685767284,0.82764694,0.747350645,0.000468491
"CFAP61","Stem-cell-iPSC","ALZ","Wald ratio",1,-0.019,0.027,0.981,0.48,NA,NA,NA,3.62e-06
"MAGI3","Stem-cell-iPSC","ALZ","Wald ratio",1,-0.012,0.017,0.988,0.482,NA,NA,NA,2.26e-05
"FAM155A","Stem-cell-iPSC","ALZ","Wald ratio",1,0.01,0.014,1.01,0.483,NA,NA,NA,0.000109992
"TRIB2","Stem-cell-iPSC","ALZ","Wald ratio",1,0.01,0.014,1.01,0.483,NA,NA,NA,1.09e-05
"METTL4","Stem-cell-iPSC","ALZ","Wald ratio",1,-0.029,0.041,0.972,0.483,NA,NA,NA,0.000924083
"TENM4","Stem-cell-iPSC","ALZ","Simple mode",3,0.012,0.014,1.012,0.484,0.672583266,0.185204362,0.324765048,0.000310757
"CD36","Stem-cell-iPSC","ALZ","Wald ratio",1,0.009,0.013,1.009,0.484,NA,NA,NA,0.000134442
"GABRR1","Stem-cell-iPSC","ALZ","Wald ratio",1,0.024,0.035,1.025,0.484,NA,NA,NA,0.001959576
"SLC24A3","Stem-cell-iPSC","ALZ","Inverse variance weighted",2,-0.007,0.01,0.993,0.484,NA,0.891676376,NA,2.36e-06
"ABCA1","Stem-cell-iPSC","ALZ","Wald ratio",1,-0.012,0.017,0.989,0.484,NA,NA,NA,0.000173558
"ADGRL2","Stem-cell-iPSC","ALZ","Wald ratio",1,0.025,0.035,1.025,0.485,NA,NA,NA,0.006489563
"PTPN14","Stem-cell-iPSC","ALZ","Wald ratio",1,0.018,0.026,1.018,0.485,NA,NA,NA,5.75e-06
"CDH13","Stem-cell-iPSC","ALZ","Simple mode",3,0.02,0.024,1.021,0.485,0.018466624,0.054184057,0.859503226,0.001270293
"GJC1","Stem-cell-iPSC","ALZ","Wald ratio",1,0.017,0.025,1.017,0.486,NA,NA,NA,2.57e-06
"FAM78B","Stem-cell-iPSC","ALZ","Wald ratio",1,-0.015,0.021,0.985,0.487,NA,NA,NA,7.38e-06
"FAM13A","Stem-cell-iPSC","ALZ","Wald ratio",1,0.022,0.032,1.022,0.488,NA,NA,NA,0.000135483
"PON1","Stem-cell-iPSC","ALZ","Wald ratio",1,0.026,0.037,1.026,0.488,NA,NA,NA,0.000147071
"LINC00886","Stem-cell-iPSC","ALZ","Wald ratio",1,-0.01,0.015,0.99,0.49,NA,NA,NA,3.35e-05
"RHBDF1P1","Stem-cell-iPSC","ALZ","Wald ratio",1,0.011,0.016,1.011,0.493,NA,NA,NA,0.00144859
"RBM48P1","Stem-cell-iPSC","ALZ","Wald ratio",1,0.012,0.018,1.012,0.494,NA,NA,NA,1.75e-06
"PRELID2","Stem-cell-iPSC","ALZ","Wald ratio",1,-0.045,0.066,0.956,0.494,NA,NA,NA,7.42e-05
"DDX60L","Stem-cell-iPSC","ALZ","Wald ratio",1,0.039,0.057,1.04,0.495,NA,NA,NA,0.006857069
"FAM135B","Stem-cell-iPSC","ALZ","Wald ratio",1,-0.013,0.019,0.987,0.495,NA,NA,NA,8.7e-06
"CYCSP17","Stem-cell-iPSC","ALZ","Wald ratio",1,0.035,0.052,1.036,0.495,NA,NA,NA,0.006692335
"ARG2","Stem-cell-iPSC","ALZ","Wald ratio",1,0.019,0.028,1.019,0.496,NA,NA,NA,7.54e-06
"LINC00593","Stem-cell-iPSC","ALZ","Wald ratio",1,-0.021,0.031,0.979,0.496,NA,NA,NA,1.5e-05
"C15orf53","Stem-cell-iPSC","ALZ","Wald ratio",1,0.011,0.016,1.011,0.497,NA,NA,NA,2.36e-05
"RABGAP1L","Stem-cell-iPSC","ALZ","Wald ratio",1,-0.012,0.017,0.988,0.497,NA,NA,NA,0.003001728
"CHST9","Stem-cell-iPSC","ALZ","Wald ratio",1,-0.01,0.014,0.99,0.497,NA,NA,NA,3.99e-05
"BTBD7","Stem-cell-iPSC","ALZ","Wald ratio",1,-0.03,0.043,0.971,0.497,NA,NA,NA,0.00062632
"MAGI1-AS1","Stem-cell-iPSC","ALZ","Wald ratio",1,0.011,0.016,1.011,0.497,NA,NA,NA,1.02e-05
"LINC01183","Stem-cell-iPSC","ALZ","Wald ratio",1,0.013,0.018,1.013,0.498,NA,NA,NA,2.08e-06
"KCNIP4","Stem-cell-iPSC","ALZ","MR Egger",3,-0.037,0.037,0.964,0.498,0.319137939,0.257665559,0.414751051,0.000290167
"KCNIP4","Stem-cell-iPSC","ALZ","Weighted median",3,0.008,0.012,1.008,0.499,0.319137939,0.257665559,0.414751051,0.000290167
"MALRD1","Stem-cell-iPSC","ALZ","Wald ratio",1,0.023,0.034,1.023,0.501,NA,NA,NA,0.003747742
"PDE3A","Stem-cell-iPSC","ALZ","Wald ratio",1,0.009,0.014,1.009,0.501,NA,NA,NA,0.001115508
"EML1","Stem-cell-iPSC","ALZ","Wald ratio",1,0.023,0.035,1.024,0.501,NA,NA,NA,0.00011994
"HIF1AN","Stem-cell-iPSC","ALZ","Wald ratio",1,-0.012,0.018,0.988,0.501,NA,NA,NA,6.15e-06
"OFCC1","Stem-cell-iPSC","ALZ","Wald ratio",1,0.019,0.028,1.019,0.503,NA,NA,NA,0.000642405
"PKN2-AS1","Stem-cell-iPSC","ALZ","Wald ratio",1,0.02,0.03,1.02,0.503,NA,NA,NA,0.000661484
"EPHB1","Stem-cell-iPSC","ALZ","Wald ratio",1,0.02,0.03,1.02,0.503,NA,NA,NA,0.000323643
"NAALADL2","Stem-cell-iPSC","ALZ","MR Egger",3,-0.049,0.049,0.953,0.504,0.393873168,0.307721661,0.422986241,1.77e-05
"PARK2","Stem-cell-iPSC","ALZ","Weighted median",3,-0.013,0.019,0.987,0.504,0.933471928,0.937797163,0.786498972,8.46e-05
"MAP3K9","Stem-cell-iPSC","ALZ","Wald ratio",1,-0.016,0.024,0.984,0.506,NA,NA,NA,7.55e-06
"ICA1L","Stem-cell-iPSC","ALZ","Wald ratio",1,0.01,0.015,1.01,0.507,NA,NA,NA,6.71e-06
"RNU6-175P","Stem-cell-iPSC","ALZ","Wald ratio",1,0.02,0.03,1.02,0.507,NA,NA,NA,3.46e-06
"RNA5SP461","Stem-cell-iPSC","ALZ","Wald ratio",1,-0.011,0.016,0.989,0.507,NA,NA,NA,6.07e-06
"EXT1","Stem-cell-iPSC","ALZ","Inverse variance weighted",2,-0.01,0.015,0.99,0.507,NA,0.689107864,NA,5.8e-06
"CDK14","Stem-cell-iPSC","ALZ","Weighted median",3,-0.01,0.016,0.99,0.508,0.552080232,0.192796629,0.336189255,0.000645527
"COL25A1","Stem-cell-iPSC","ALZ","Inverse variance weighted",2,0.025,0.038,1.025,0.509,NA,0.114034782,NA,0.000321372
"ARHGAP22","Stem-cell-iPSC","ALZ","Wald ratio",1,0.038,0.058,1.039,0.509,NA,NA,NA,0.006534836
"ZDHHC8P1","Stem-cell-iPSC","ALZ","Wald ratio",1,0.022,0.034,1.023,0.509,NA,NA,NA,3.6e-05
"CASC15","Stem-cell-iPSC","ALZ","Wald ratio",1,-0.01,0.016,0.99,0.509,NA,NA,NA,2.77e-05
"ENPP6","Stem-cell-iPSC","ALZ","Wald ratio",1,-0.025,0.037,0.976,0.509,NA,NA,NA,0.002264253
"VAPA","Stem-cell-iPSC","ALZ","Wald ratio",1,0.018,0.027,1.018,0.509,NA,NA,NA,8.68e-05
"PTPRQ","Stem-cell-iPSC","ALZ","Inverse variance weighted",2,0.008,0.013,1.008,0.51,NA,0.463332087,NA,6.41e-06
"BMP3","Stem-cell-iPSC","ALZ","Wald ratio",1,-0.015,0.022,0.985,0.51,NA,NA,NA,5.94e-06
"KCNMA1","Stem-cell-iPSC","ALZ","Inverse variance weighted",2,0.011,0.017,1.011,0.514,NA,0.383728349,NA,2.77e-05
"KRT18P27","Stem-cell-iPSC","ALZ","Wald ratio",1,0.021,0.032,1.021,0.515,NA,NA,NA,0.002696534
"ESRRG","Stem-cell-iPSC","ALZ","Inverse variance weighted",2,-0.012,0.018,0.988,0.517,NA,0.064440981,NA,0.001374475
"DOK6","Stem-cell-iPSC","ALZ","Wald ratio",1,0.027,0.042,1.028,0.518,NA,NA,NA,0.004347021
"XPR1","Stem-cell-iPSC","ALZ","Wald ratio",1,0.01,0.015,1.01,0.518,NA,NA,NA,6.41e-05
"OR13A1","Stem-cell-iPSC","ALZ","Wald ratio",1,-0.034,0.053,0.966,0.518,NA,NA,NA,0.008258439
"KIAA1671","Stem-cell-iPSC","ALZ","Wald ratio",1,0.023,0.036,1.024,0.519,NA,NA,NA,2.21e-05
"PLXNA4","Stem-cell-iPSC","ALZ","Wald ratio",1,-0.022,0.034,0.978,0.519,NA,NA,NA,8.09e-05
"EBF1","Stem-cell-iPSC","ALZ","Wald ratio",1,-0.011,0.017,0.989,0.52,NA,NA,NA,4.7e-06
"RPL17P35","Stem-cell-iPSC","ALZ","Wald ratio",1,-0.017,0.027,0.983,0.522,NA,NA,NA,6.07e-06
"DPT","Stem-cell-iPSC","ALZ","Wald ratio",1,0.017,0.027,1.017,0.522,NA,NA,NA,7.34e-05
"RNU6-38P","Stem-cell-iPSC","ALZ","Wald ratio",1,0.016,0.025,1.016,0.525,NA,NA,NA,3.16e-06
"ISCA1P1","Stem-cell-iPSC","ALZ","Wald ratio",1,0.023,0.037,1.024,0.525,NA,NA,NA,2.88e-05
"SMARCD2","Stem-cell-iPSC","ALZ","Wald ratio",1,0.022,0.034,1.022,0.525,NA,NA,NA,0.005584502
"CDH13","Stem-cell-iPSC","ALZ","Inverse variance weighted",3,0.01,0.015,1.01,0.526,0.018466624,0.054184057,0.859503226,0.001270293
"NOL10","Stem-cell-iPSC","ALZ","Wald ratio",1,0.027,0.043,1.028,0.526,NA,NA,NA,0.006123558
"KANK4","Stem-cell-iPSC","ALZ","Wald ratio",1,0.01,0.016,1.01,0.526,NA,NA,NA,4.96e-06
"C2orf40","Stem-cell-iPSC","ALZ","Wald ratio",1,-0.024,0.038,0.976,0.527,NA,NA,NA,0.006168046
"TDGF1P4","Stem-cell-iPSC","ALZ","Wald ratio",1,-0.018,0.028,0.982,0.529,NA,NA,NA,1.45e-05
"TTK","Stem-cell-iPSC","ALZ","Wald ratio",1,0.009,0.014,1.009,0.529,NA,NA,NA,1.65e-05
"NR2C2","Stem-cell-iPSC","ALZ","Wald ratio",1,0.011,0.017,1.011,0.529,NA,NA,NA,2.09e-06
"STIM2","Stem-cell-iPSC","ALZ","Wald ratio",1,-0.01,0.016,0.99,0.529,NA,NA,NA,0.000968877
"ZCCHC2","Stem-cell-iPSC","ALZ","Wald ratio",1,0.022,0.036,1.023,0.529,NA,NA,NA,0.002697236
"ADGRF2","Stem-cell-iPSC","ALZ","Wald ratio",1,-0.01,0.016,0.99,0.53,NA,NA,NA,0.006343259
"CHKA","Stem-cell-iPSC","ALZ","Wald ratio",1,-0.018,0.028,0.983,0.531,NA,NA,NA,3.06e-06
"KCNQ3","Stem-cell-iPSC","ALZ","Weighted median",3,0.014,0.022,1.014,0.532,0.244671503,0.490463612,0.856338611,5.68e-06
"PRDM9","Stem-cell-iPSC","ALZ","Wald ratio",1,0.036,0.058,1.037,0.533,NA,NA,NA,1.41e-05
"MKL1","Stem-cell-iPSC","ALZ","Wald ratio",1,0.021,0.034,1.021,0.533,NA,NA,NA,0.000180594
"NIFKP9","Stem-cell-iPSC","ALZ","Wald ratio",1,0.032,0.051,1.032,0.534,NA,NA,NA,0.00762522
"STEAP1B","Stem-cell-iPSC","ALZ","Wald ratio",1,-0.012,0.019,0.988,0.534,NA,NA,NA,5.24e-06
"IYD","Stem-cell-iPSC","ALZ","Wald ratio",1,-0.024,0.039,0.976,0.535,NA,NA,NA,7.14e-05
"FER1L6-AS2","Stem-cell-iPSC","ALZ","Wald ratio",1,0.028,0.045,1.028,0.535,NA,NA,NA,2.32e-05
"RNU1-18P","Stem-cell-iPSC","ALZ","Wald ratio",1,0.042,0.068,1.043,0.535,NA,NA,NA,0.008267687
"TCAF1","Stem-cell-iPSC","ALZ","Wald ratio",1,0.017,0.028,1.017,0.536,NA,NA,NA,0.000140138
"RN7SKP36","Stem-cell-iPSC","ALZ","Wald ratio",1,0.034,0.055,1.034,0.536,NA,NA,NA,0.000717026
"LMX1A","Stem-cell-iPSC","ALZ","Wald ratio",1,-0.038,0.062,0.962,0.537,NA,NA,NA,0.001410626
"SLC8A1","Stem-cell-iPSC","ALZ","Wald ratio",1,-0.017,0.028,0.983,0.537,NA,NA,NA,1.54e-05
"CDK14","Stem-cell-iPSC","ALZ","Weighted mode",3,-0.013,0.017,0.987,0.537,0.552080232,0.192796629,0.336189255,0.000645527
"LAMA2","Stem-cell-iPSC","ALZ","Wald ratio",1,-0.021,0.033,0.98,0.537,NA,NA,NA,2.43e-05
"ADAMTS16","Stem-cell-iPSC","ALZ","Wald ratio",1,-0.02,0.032,0.98,0.538,NA,NA,NA,9.84e-05
"RAMP1","Stem-cell-iPSC","ALZ","Wald ratio",1,-0.021,0.033,0.98,0.538,NA,NA,NA,3.17e-05
"PCCA","Stem-cell-iPSC","ALZ","Wald ratio",1,0.015,0.024,1.015,0.538,NA,NA,NA,5.9e-06
"AKR1C2","Stem-cell-iPSC","ALZ","Wald ratio",1,0.025,0.04,1.025,0.539,NA,NA,NA,1.15e-05
"COL27A1","Stem-cell-iPSC","ALZ","Wald ratio",1,0.011,0.018,1.011,0.539,NA,NA,NA,5.02e-06
"HERC3","Stem-cell-iPSC","ALZ","Wald ratio",1,-0.04,0.066,0.96,0.539,NA,NA,NA,0.004320081
"SCAF11","Stem-cell-iPSC","ALZ","Wald ratio",1,0.013,0.021,1.013,0.541,NA,NA,NA,2.87e-06
"PPM1H","Stem-cell-iPSC","ALZ","Wald ratio",1,-0.009,0.014,0.991,0.544,NA,NA,NA,7.4e-06
"ZNF391","Stem-cell-iPSC","ALZ","Wald ratio",1,-0.027,0.045,0.973,0.545,NA,NA,NA,0.000159215
"IL7R","Stem-cell-iPSC","ALZ","Wald ratio",1,0.017,0.028,1.017,0.546,NA,NA,NA,1.14e-05
"TXNL1","Stem-cell-iPSC","ALZ","Wald ratio",1,-0.007,0.012,0.993,0.546,NA,NA,NA,0.006013474
"MRO","Stem-cell-iPSC","ALZ","Wald ratio",1,-0.009,0.014,0.991,0.546,NA,NA,NA,0.006013476
"RPL23AP68","Stem-cell-iPSC","ALZ","Wald ratio",1,0.042,0.07,1.043,0.546,NA,NA,NA,0.009302402
"ROBO2","Stem-cell-iPSC","ALZ","MR Egger",3,0.041,0.047,1.042,0.547,0.108076591,0.181962298,0.672345495,1.59e-05
"TPP2","Stem-cell-iPSC","ALZ","Wald ratio",1,-0.009,0.015,0.991,0.547,NA,NA,NA,2.49e-06
"RNU4-43P","Stem-cell-iPSC","ALZ","Wald ratio",1,0.009,0.015,1.009,0.547,NA,NA,NA,0.003275486
"ARHGAP42","Stem-cell-iPSC","ALZ","Wald ratio",1,-0.019,0.032,0.981,0.547,NA,NA,NA,0.001769888
"FAM195DP","Stem-cell-iPSC","ALZ","Wald ratio",1,0.01,0.016,1.01,0.549,NA,NA,NA,3.36e-05
"MYH15","Stem-cell-iPSC","ALZ","Wald ratio",1,-0.034,0.056,0.967,0.55,NA,NA,NA,0.006931408
"CAMTA1","Stem-cell-iPSC","ALZ","Wald ratio",1,0.016,0.026,1.016,0.55,NA,NA,NA,1.4e-05
"SLC15A5","Stem-cell-iPSC","ALZ","Wald ratio",1,-0.016,0.026,0.984,0.55,NA,NA,NA,0.000245021
"RAB31","Stem-cell-iPSC","ALZ","Inverse variance weighted",2,-0.025,0.042,0.975,0.551,NA,0.078204022,NA,8e-05
"SYNE3","Stem-cell-iPSC","ALZ","Wald ratio",1,0.008,0.014,1.008,0.551,NA,NA,NA,6.35e-05
"RASSF5","Stem-cell-iPSC","ALZ","Wald ratio",1,-0.021,0.036,0.979,0.551,NA,NA,NA,0.003948506
"CDH3","Stem-cell-iPSC","ALZ","Wald ratio",1,0.025,0.042,1.025,0.552,NA,NA,NA,0.005730947
"PRPH2","Stem-cell-iPSC","ALZ","Wald ratio",1,-0.009,0.015,0.991,0.552,NA,NA,NA,0.000161041
"DESI2","Stem-cell-iPSC","ALZ","Wald ratio",1,-0.01,0.016,0.99,0.552,NA,NA,NA,1.24e-05
"FAM174B","Stem-cell-iPSC","ALZ","Wald ratio",1,-0.008,0.014,0.992,0.552,NA,NA,NA,7.36e-05
"RNF5P1","Stem-cell-iPSC","ALZ","Wald ratio",1,-0.025,0.042,0.975,0.553,NA,NA,NA,0.000186469
"PSAT1P3","Stem-cell-iPSC","ALZ","Wald ratio",1,-0.01,0.016,0.99,0.554,NA,NA,NA,1.02e-05
"ARPP21","Stem-cell-iPSC","ALZ","Wald ratio",1,0.011,0.019,1.011,0.554,NA,NA,NA,4.29e-05
"PRSS37","Stem-cell-iPSC","ALZ","Wald ratio",1,0.008,0.014,1.008,0.554,NA,NA,NA,1.5e-05
"TACC2","Stem-cell-iPSC","ALZ","Wald ratio",1,0.008,0.013,1.008,0.554,NA,NA,NA,1.74e-05
"PARK2","Stem-cell-iPSC","ALZ","Inverse variance weighted",3,-0.009,0.016,0.991,0.554,0.933471928,0.937797163,0.786498972,8.46e-05
"PRPF4B","Stem-cell-iPSC","ALZ","Wald ratio",1,-0.009,0.016,0.991,0.555,NA,NA,NA,2.6e-05
"KLHL25","Stem-cell-iPSC","ALZ","Wald ratio",1,0.01,0.017,1.01,0.556,NA,NA,NA,1.73e-05
"BCAS1","Stem-cell-iPSC","ALZ","Wald ratio",1,-0.013,0.022,0.987,0.556,NA,NA,NA,1.12e-05
"CUBN","Stem-cell-iPSC","ALZ","Wald ratio",1,-0.009,0.015,0.991,0.558,NA,NA,NA,3.73e-06
"TNN","Stem-cell-iPSC","ALZ","Wald ratio",1,-0.011,0.019,0.989,0.558,NA,NA,NA,0.004517551
"VENTXP2","Stem-cell-iPSC","ALZ","Wald ratio",1,-0.013,0.021,0.988,0.559,NA,NA,NA,5.05e-05
"GRIN2B","Stem-cell-iPSC","ALZ","Weighted median",3,-0.017,0.029,0.983,0.559,0.374279969,0.332752815,0.445437904,1.68e-05
"ARHGAP26","Stem-cell-iPSC","ALZ","Wald ratio",1,-0.009,0.016,0.991,0.559,NA,NA,NA,3.35e-06
"LINC00399","Stem-cell-iPSC","ALZ","Wald ratio",1,-0.01,0.017,0.99,0.559,NA,NA,NA,6.12e-06
"LRRC1","Stem-cell-iPSC","ALZ","Wald ratio",1,0.01,0.017,1.01,0.56,NA,NA,NA,3.35e-05
"GRIP1","Stem-cell-iPSC","ALZ","Wald ratio",1,0.009,0.016,1.009,0.561,NA,NA,NA,2.57e-05
"ELL2P3","Stem-cell-iPSC","ALZ","Wald ratio",1,0.01,0.016,1.01,0.561,NA,NA,NA,1.67e-06
"RNU6-1012P","Stem-cell-iPSC","ALZ","Wald ratio",1,0.007,0.012,1.007,0.562,NA,NA,NA,0.000506788
"RNU1-139P","Stem-cell-iPSC","ALZ","Wald ratio",1,-0.009,0.016,0.991,0.563,NA,NA,NA,0.000900576
"HSF2BP","Stem-cell-iPSC","ALZ","Wald ratio",1,0.008,0.014,1.008,0.565,NA,NA,NA,2.35e-06
"CDK14","Stem-cell-iPSC","ALZ","Simple mode",3,-0.014,0.02,0.986,0.565,0.552080232,0.192796629,0.336189255,0.000645527
"IRF2","Stem-cell-iPSC","ALZ","Wald ratio",1,-0.011,0.018,0.989,0.565,NA,NA,NA,7.23e-06
"STARD13","Stem-cell-iPSC","ALZ","Wald ratio",1,-0.01,0.017,0.99,0.566,NA,NA,NA,1.65e-05
"PAQR6","Stem-cell-iPSC","ALZ","Wald ratio",1,-0.019,0.034,0.981,0.569,NA,NA,NA,6.05e-05
"ATP6AP1L","Stem-cell-iPSC","ALZ","Wald ratio",1,0.019,0.034,1.02,0.569,NA,NA,NA,0.000164036
"ACKR3","Stem-cell-iPSC","ALZ","Wald ratio",1,0.018,0.032,1.018,0.57,NA,NA,NA,4.04e-05
"EXOC5P1","Stem-cell-iPSC","ALZ","Wald ratio",1,-0.01,0.018,0.99,0.571,NA,NA,NA,0.000113812
"MATN2","Stem-cell-iPSC","ALZ","Wald ratio",1,-0.024,0.043,0.976,0.571,NA,NA,NA,0.005521403
"RNU2-54P","Stem-cell-iPSC","ALZ","Wald ratio",1,-0.016,0.028,0.984,0.572,NA,NA,NA,6.59e-05
"KRT18P17","Stem-cell-iPSC","ALZ","Wald ratio",1,0.008,0.014,1.008,0.572,NA,NA,NA,0.00017872
"CPXM2","Stem-cell-iPSC","ALZ","Wald ratio",1,0.018,0.031,1.018,0.572,NA,NA,NA,6.02e-05
"SGIP1","Stem-cell-iPSC","ALZ","Wald ratio",1,-0.035,0.061,0.966,0.573,NA,NA,NA,0.005779796
"ARNTL","Stem-cell-iPSC","ALZ","Inverse variance weighted",2,-0.008,0.015,0.992,0.574,NA,0.294659015,NA,3.54e-06
"BCAR1","Stem-cell-iPSC","ALZ","Wald ratio",1,0.019,0.034,1.019,0.574,NA,NA,NA,3.84e-05
"KCNMB2","Stem-cell-iPSC","ALZ","Inverse variance weighted",2,0.026,0.045,1.026,0.575,NA,0.164720983,NA,0.012338693
"ZMIZ1","Stem-cell-iPSC","ALZ","Wald ratio",1,0.027,0.048,1.027,0.575,NA,NA,NA,0.000112235
"SCD5","Stem-cell-iPSC","ALZ","Wald ratio",1,0.015,0.027,1.015,0.575,NA,NA,NA,0.000793023
"FLRT2","Stem-cell-iPSC","ALZ","Wald ratio",1,0.009,0.017,1.009,0.576,NA,NA,NA,0.006211292
"LINC00485","Stem-cell-iPSC","ALZ","Wald ratio",1,-0.031,0.055,0.97,0.578,NA,NA,NA,9.31e-05
"SEMA3E","Stem-cell-iPSC","ALZ","Wald ratio",1,-0.017,0.03,0.983,0.578,NA,NA,NA,0.000662997
"RIIAD1","Stem-cell-iPSC","ALZ","Wald ratio",1,-0.01,0.019,0.99,0.579,NA,NA,NA,0.000600699
"DDC","Stem-cell-iPSC","ALZ","Wald ratio",1,0.007,0.013,1.007,0.579,NA,NA,NA,0.000339149
"NEDD4L","Stem-cell-iPSC","ALZ","Inverse variance weighted",2,0.008,0.015,1.008,0.579,NA,0.514874675,NA,0.00156369
"SRRM1P2","Stem-cell-iPSC","ALZ","Wald ratio",1,-0.026,0.047,0.975,0.581,NA,NA,NA,0.002417209
"LRRC72","Stem-cell-iPSC","ALZ","Wald ratio",1,0.015,0.028,1.015,0.581,NA,NA,NA,1.16e-05
"CNTNAP2","Stem-cell-iPSC","ALZ","MR Egger",5,-0.043,0.07,0.958,0.581,0.584299407,0.672832112,0.571752326,3.58e-06
"NBAS","Stem-cell-iPSC","ALZ","Wald ratio",1,0.017,0.031,1.017,0.582,NA,NA,NA,2.34e-05
"SLC44A1","Stem-cell-iPSC","ALZ","Wald ratio",1,-0.029,0.053,0.971,0.582,NA,NA,NA,2.59e-05
"GLRX3","Stem-cell-iPSC","ALZ","Wald ratio",1,-0.01,0.018,0.99,0.583,NA,NA,NA,2.74e-05
"FAM107B","Stem-cell-iPSC","ALZ","Inverse variance weighted",2,-0.013,0.024,0.987,0.583,NA,0.560963879,NA,3.83e-05
"ROR1","Stem-cell-iPSC","ALZ","Wald ratio",1,0.022,0.04,1.022,0.584,NA,NA,NA,1.88e-05
"NFE2L3P1","Stem-cell-iPSC","ALZ","Wald ratio",1,0.015,0.028,1.015,0.584,NA,NA,NA,5.06e-06
"PPP1R21","Stem-cell-iPSC","ALZ","Wald ratio",1,-0.028,0.051,0.973,0.585,NA,NA,NA,3.34e-05
"TBC1D1","Stem-cell-iPSC","ALZ","Wald ratio",1,0.008,0.014,1.008,0.585,NA,NA,NA,5.48e-05
"RNU6-699P","Stem-cell-iPSC","ALZ","Wald ratio",1,0.016,0.029,1.016,0.585,NA,NA,NA,9.71e-05
"MMP20","Stem-cell-iPSC","ALZ","Wald ratio",1,0.024,0.044,1.024,0.585,NA,NA,NA,0.005701431
"PACRG","Stem-cell-iPSC","ALZ","Inverse variance weighted",2,0.022,0.039,1.022,0.586,NA,0.026748533,NA,0.001757241
"FECH","Stem-cell-iPSC","ALZ","Wald ratio",1,0.013,0.025,1.013,0.586,NA,NA,NA,1.57e-05
"SLC30A10","Stem-cell-iPSC","ALZ","Wald ratio",1,-0.007,0.014,0.993,0.586,NA,NA,NA,0.000107535
"FMNL2","Stem-cell-iPSC","ALZ","Wald ratio",1,-0.022,0.04,0.979,0.586,NA,NA,NA,0.000172438
"MEF2D","Stem-cell-iPSC","ALZ","Wald ratio",1,0.01,0.018,1.01,0.587,NA,NA,NA,0.004266185
"TMEM78","Stem-cell-iPSC","ALZ","Wald ratio",1,-0.016,0.03,0.984,0.587,NA,NA,NA,4.39e-06
"KIAA1328","Stem-cell-iPSC","ALZ","Wald ratio",1,0.019,0.035,1.019,0.587,NA,NA,NA,3.41e-05
"TSPAN2","Stem-cell-iPSC","ALZ","Wald ratio",1,-0.011,0.019,0.99,0.588,NA,NA,NA,0.000123243
"TSPAN9","Stem-cell-iPSC","ALZ","Wald ratio",1,0.013,0.024,1.013,0.589,NA,NA,NA,1.43e-05
"LGI1","Stem-cell-iPSC","ALZ","Wald ratio",1,0.022,0.041,1.023,0.589,NA,NA,NA,0.001952263
"GNPDA2","Stem-cell-iPSC","ALZ","Wald ratio",1,-0.019,0.035,0.981,0.589,NA,NA,NA,0.005494322
"MITF","Stem-cell-iPSC","ALZ","Wald ratio",1,0.008,0.016,1.009,0.589,NA,NA,NA,8.91e-05
"PRICKLE2","Stem-cell-iPSC","ALZ","Wald ratio",1,0.01,0.018,1.01,0.591,NA,NA,NA,4.33e-05
"TLE2","Stem-cell-iPSC","ALZ","Wald ratio",1,0.025,0.046,1.025,0.591,NA,NA,NA,5.54e-06
"CSMD1","Stem-cell-iPSC","ALZ","Wald ratio",1,-0.019,0.035,0.981,0.592,NA,NA,NA,7.91e-06
"SUMO1P2","Stem-cell-iPSC","ALZ","Wald ratio",1,0.013,0.024,1.013,0.593,NA,NA,NA,1.29e-05
"CAST","Stem-cell-iPSC","ALZ","Wald ratio",1,0.03,0.057,1.031,0.593,NA,NA,NA,0.000110054
"ZNF407","Stem-cell-iPSC","ALZ","Wald ratio",1,-0.019,0.036,0.981,0.594,NA,NA,NA,0.000714233
"NAALADL2","Stem-cell-iPSC","ALZ","Weighted median",3,0.008,0.016,1.008,0.594,0.393873168,0.307721661,0.422986241,1.77e-05
"LINC01107","Stem-cell-iPSC","ALZ","Wald ratio",1,-0.014,0.026,0.986,0.596,NA,NA,NA,4.72e-05
"NUCB2","Stem-cell-iPSC","ALZ","Wald ratio",1,0.017,0.033,1.017,0.596,NA,NA,NA,0.00751721
"RNF17","Stem-cell-iPSC","ALZ","Wald ratio",1,-0.008,0.015,0.992,0.596,NA,NA,NA,0.005569831
"NT5DC3","Stem-cell-iPSC","ALZ","Wald ratio",1,-0.016,0.03,0.984,0.597,NA,NA,NA,0.000488554
"RPEP2","Stem-cell-iPSC","ALZ","Wald ratio",1,-0.01,0.019,0.99,0.597,NA,NA,NA,5.28e-06
"ZNRF3","Stem-cell-iPSC","ALZ","Wald ratio",1,0.007,0.014,1.007,0.6,NA,NA,NA,3.93e-05
"RPL30P3","Stem-cell-iPSC","ALZ","Wald ratio",1,0.006,0.012,1.006,0.6,NA,NA,NA,0.000927197
"CHMP6","Stem-cell-iPSC","ALZ","Wald ratio",1,0.009,0.018,1.01,0.6,NA,NA,NA,9.08e-05
"HNRNPA1P43","Stem-cell-iPSC","ALZ","Wald ratio",1,0.008,0.016,1.008,0.6,NA,NA,NA,3.65e-06
"FAM83D","Stem-cell-iPSC","ALZ","Wald ratio",1,-0.013,0.025,0.987,0.6,NA,NA,NA,6.39e-06
"ADNP2","Stem-cell-iPSC","ALZ","Wald ratio",1,0.014,0.026,1.014,0.6,NA,NA,NA,1.33e-05
"LINC01197","Stem-cell-iPSC","ALZ","Wald ratio",1,0.017,0.033,1.017,0.601,NA,NA,NA,2.87e-05
"PARK2","Stem-cell-iPSC","ALZ","Weighted mode",3,-0.013,0.021,0.987,0.602,0.933471928,0.937797163,0.786498972,8.46e-05
"LZTS1","Stem-cell-iPSC","ALZ","Wald ratio",1,-0.009,0.017,0.991,0.603,NA,NA,NA,7.27e-05
"ELP3","Stem-cell-iPSC","ALZ","Wald ratio",1,-0.02,0.039,0.98,0.603,NA,NA,NA,0.005682274
"RPL17P45","Stem-cell-iPSC","ALZ","Wald ratio",1,0.009,0.017,1.009,0.603,NA,NA,NA,2.63e-05
"PACSIN2","Stem-cell-iPSC","ALZ","Wald ratio",1,-0.014,0.027,0.986,0.604,NA,NA,NA,8.79e-06
"PARK2","Stem-cell-iPSC","ALZ","Simple mode",3,-0.013,0.021,0.987,0.605,0.933471928,0.937797163,0.786498972,8.46e-05
"LRRC4C","Stem-cell-iPSC","ALZ","Inverse variance weighted",2,-0.008,0.015,0.993,0.605,NA,0.34948844,NA,0.000100927
"AUH","Stem-cell-iPSC","ALZ","Wald ratio",1,-0.008,0.016,0.992,0.607,NA,NA,NA,3.25e-06
"CNNM1","Stem-cell-iPSC","ALZ","Wald ratio",1,-0.044,0.086,0.957,0.609,NA,NA,NA,0.000281182
"ARHGEF26","Stem-cell-iPSC","ALZ","Wald ratio",1,0.012,0.024,1.012,0.609,NA,NA,NA,1.24e-05
"ZBTB7C","Stem-cell-iPSC","ALZ","Inverse variance weighted",2,0.011,0.021,1.011,0.609,NA,0.353380743,NA,0.000247121
"FHL5","Stem-cell-iPSC","ALZ","Wald ratio",1,-0.007,0.014,0.993,0.61,NA,NA,NA,1e-05
"LINC00539","Stem-cell-iPSC","ALZ","Wald ratio",1,-0.026,0.051,0.975,0.61,NA,NA,NA,0.005876249
"AKAP6","Stem-cell-iPSC","ALZ","Wald ratio",1,-0.006,0.013,0.994,0.61,NA,NA,NA,1.5e-05
"MIR1275","Stem-cell-iPSC","ALZ","Wald ratio",1,-0.007,0.014,0.993,0.614,NA,NA,NA,0.002149134
"FRY","Stem-cell-iPSC","ALZ","Wald ratio",1,0.01,0.02,1.01,0.614,NA,NA,NA,6.27e-06
"EMC8","Stem-cell-iPSC","ALZ","Wald ratio",1,0.008,0.017,1.008,0.614,NA,NA,NA,0.006684523
"ATXN1","Stem-cell-iPSC","ALZ","Wald ratio",1,0.026,0.052,1.027,0.615,NA,NA,NA,5.04e-05
"LMCD1-AS1","Stem-cell-iPSC","ALZ","Simple mode",3,0.014,0.023,1.014,0.617,0.339265494,0.607148809,0.819644807,0.006124168
"PNLDC1","Stem-cell-iPSC","ALZ","Wald ratio",1,-0.008,0.017,0.992,0.617,NA,NA,NA,6.3e-06
"MTND5P15","Stem-cell-iPSC","ALZ","Wald ratio",1,-0.009,0.018,0.991,0.617,NA,NA,NA,0.006848953
"PWP1","Stem-cell-iPSC","ALZ","Wald ratio",1,0.013,0.025,1.013,0.617,NA,NA,NA,4.18e-06
"WDR70","Stem-cell-iPSC","ALZ","Wald ratio",1,0.016,0.033,1.016,0.619,NA,NA,NA,1.04e-05
"LINC01331","Stem-cell-iPSC","ALZ","Wald ratio",1,-0.008,0.015,0.992,0.62,NA,NA,NA,9.24e-05
"EXOC6","Stem-cell-iPSC","ALZ","Wald ratio",1,0.026,0.052,1.026,0.62,NA,NA,NA,0.005767422
"DOK2","Stem-cell-iPSC","ALZ","Wald ratio",1,-0.009,0.017,0.991,0.62,NA,NA,NA,0.000799916
"DHRS7B","Stem-cell-iPSC","ALZ","Wald ratio",1,-0.018,0.037,0.982,0.62,NA,NA,NA,0.005717267
"C16orf62","Stem-cell-iPSC","ALZ","Wald ratio",1,0.017,0.035,1.017,0.621,NA,NA,NA,0.000170978
"RNU1-44P","Stem-cell-iPSC","ALZ","Wald ratio",1,0.01,0.02,1.01,0.622,NA,NA,NA,5.64e-05
"NEK11","Stem-cell-iPSC","ALZ","Wald ratio",1,0.022,0.044,1.022,0.623,NA,NA,NA,0.007102427
"RNF219-AS1","Stem-cell-iPSC","ALZ","Wald ratio",1,-0.012,0.024,0.988,0.624,NA,NA,NA,8.06e-06
"CCDC80","Stem-cell-iPSC","ALZ","Wald ratio",1,-0.008,0.016,0.992,0.624,NA,NA,NA,0.005907665
"SEMA3C","Stem-cell-iPSC","ALZ","Inverse variance weighted",2,0.007,0.014,1.007,0.624,NA,0.682850527,NA,0.005227955
"TRIM35","Stem-cell-iPSC","ALZ","Wald ratio",1,0.008,0.017,1.008,0.624,NA,NA,NA,6.16e-06
"SCARB1","Stem-cell-iPSC","ALZ","Wald ratio",1,0.008,0.016,1.008,0.624,NA,NA,NA,3.26e-06
"LINC01234","Stem-cell-iPSC","ALZ","Wald ratio",1,-0.012,0.025,0.988,0.624,NA,NA,NA,3.27e-06
"MEPE","Stem-cell-iPSC","ALZ","Wald ratio",1,0.011,0.022,1.011,0.625,NA,NA,NA,0.010537357
"DIO2","Stem-cell-iPSC","ALZ","Wald ratio",1,0.009,0.018,1.009,0.625,NA,NA,NA,1.03e-05
"INSR","Stem-cell-iPSC","ALZ","Wald ratio",1,0.019,0.04,1.019,0.626,NA,NA,NA,0.000308756
"CERS6","Stem-cell-iPSC","ALZ","Wald ratio",1,-0.016,0.034,0.984,0.626,NA,NA,NA,2.41e-05
"CCDC67","Stem-cell-iPSC","ALZ","Wald ratio",1,-0.016,0.034,0.984,0.626,NA,NA,NA,0.000187999
"RABL3","Stem-cell-iPSC","ALZ","Wald ratio",1,0.009,0.019,1.009,0.627,NA,NA,NA,2.48e-06
"LINC00941","Stem-cell-iPSC","ALZ","Wald ratio",1,-0.009,0.019,0.991,0.627,NA,NA,NA,3.43e-05
"LINC01600","Stem-cell-iPSC","ALZ","Wald ratio",1,0.008,0.016,1.008,0.627,NA,NA,NA,0.006073301
"HAUS6P1","Stem-cell-iPSC","ALZ","Wald ratio",1,0.018,0.037,1.018,0.627,NA,NA,NA,0.000120355
"GRIN2B","Stem-cell-iPSC","ALZ","Simple mode",3,-0.019,0.034,0.981,0.627,0.374279969,0.332752815,0.445437904,1.68e-05
"PRRC2C","Stem-cell-iPSC","ALZ","Wald ratio",1,-0.006,0.013,0.994,0.628,NA,NA,NA,0.001269368
"TCN2","Stem-cell-iPSC","ALZ","Wald ratio",1,0.016,0.034,1.016,0.628,NA,NA,NA,5.43e-05
"KDM4C","Stem-cell-iPSC","ALZ","Wald ratio",1,-0.009,0.019,0.991,0.628,NA,NA,NA,6.85e-06
"CNTNAP2","Stem-cell-iPSC","ALZ","Weighted mode",5,-0.006,0.012,0.994,0.63,0.584299407,0.672832112,0.571752326,3.58e-06
"PLOD2","Stem-cell-iPSC","ALZ","Wald ratio",1,0.013,0.027,1.013,0.63,NA,NA,NA,8.53e-05
"TRAPPC9","Stem-cell-iPSC","ALZ","Wald ratio",1,-0.007,0.015,0.993,0.63,NA,NA,NA,9.45e-05
"GLIS3","Stem-cell-iPSC","ALZ","Wald ratio",1,0.008,0.016,1.008,0.631,NA,NA,NA,3.84e-06
"CNTN1","Stem-cell-iPSC","ALZ","Wald ratio",1,0.007,0.015,1.007,0.632,NA,NA,NA,0.004316809
"ADAMTS18","Stem-cell-iPSC","ALZ","Wald ratio",1,-0.012,0.025,0.988,0.632,NA,NA,NA,9.21e-06
"MRPL50P1","Stem-cell-iPSC","ALZ","Wald ratio",1,-0.03,0.064,0.97,0.632,NA,NA,NA,0.000197073
"MFSD14A","Stem-cell-iPSC","ALZ","Wald ratio",1,-0.024,0.051,0.976,0.632,NA,NA,NA,1.79e-05
"INHBB","Stem-cell-iPSC","ALZ","Wald ratio",1,-0.008,0.017,0.992,0.633,NA,NA,NA,5.16e-06
"EDAR","Stem-cell-iPSC","ALZ","Wald ratio",1,-0.015,0.031,0.985,0.633,NA,NA,NA,0.002503732
"CATSPERB","Stem-cell-iPSC","ALZ","Wald ratio",1,0.016,0.034,1.017,0.633,NA,NA,NA,2.33e-05
"DCLK2","Stem-cell-iPSC","ALZ","Wald ratio",1,-0.019,0.039,0.982,0.634,NA,NA,NA,1.58e-05
"LEP","Stem-cell-iPSC","ALZ","Wald ratio",1,0.012,0.024,1.012,0.635,NA,NA,NA,3.81e-05
"RN7SL366P","Stem-cell-iPSC","ALZ","Wald ratio",1,-0.021,0.045,0.979,0.637,NA,NA,NA,0.002141704
"SETP7","Stem-cell-iPSC","ALZ","Wald ratio",1,-0.01,0.022,0.99,0.637,NA,NA,NA,0.00014537
"CREB5","Stem-cell-iPSC","ALZ","Inverse variance weighted",2,-0.016,0.034,0.984,0.638,NA,0.005935213,NA,7.24e-05
"OVCH2","Stem-cell-iPSC","ALZ","Wald ratio",1,0.009,0.02,1.009,0.638,NA,NA,NA,0.008321565
"DPY19L2P2","Stem-cell-iPSC","ALZ","Wald ratio",1,-0.04,0.086,0.96,0.639,NA,NA,NA,0.007168797
"SNRPCP10","Stem-cell-iPSC","ALZ","Wald ratio",1,-0.034,0.073,0.967,0.64,NA,NA,NA,4.03e-05
"PRB1","Stem-cell-iPSC","ALZ","Wald ratio",1,-0.022,0.047,0.978,0.64,NA,NA,NA,0.000143485
"LINC00606","Stem-cell-iPSC","ALZ","Wald ratio",1,-0.014,0.029,0.987,0.641,NA,NA,NA,0.005698808
"MARCO","Stem-cell-iPSC","ALZ","Wald ratio",1,-0.011,0.023,0.99,0.642,NA,NA,NA,3.07e-06
"RPL7","Stem-cell-iPSC","ALZ","Wald ratio",1,-0.015,0.032,0.985,0.642,NA,NA,NA,0.000542163
"LINC01090","Stem-cell-iPSC","ALZ","Inverse variance weighted",2,-0.005,0.011,0.995,0.643,NA,0.841838032,NA,0.005312248
"UCK2","Stem-cell-iPSC","ALZ","Inverse variance weighted",2,-0.013,0.028,0.987,0.644,NA,0.752423924,NA,0.004982567
"SMYD1","Stem-cell-iPSC","ALZ","Wald ratio",1,-0.006,0.014,0.994,0.645,NA,NA,NA,0.005428286
"CNTN4-AS1","Stem-cell-iPSC","ALZ","Wald ratio",1,0.007,0.015,1.007,0.645,NA,NA,NA,4.25e-06
"COG3","Stem-cell-iPSC","ALZ","Wald ratio",1,-0.025,0.055,0.975,0.645,NA,NA,NA,2.97e-05
"NAALADL2","Stem-cell-iPSC","ALZ","Weighted mode",3,0.008,0.015,1.008,0.647,0.393873168,0.307721661,0.422986241,1.77e-05
"CALML3","Stem-cell-iPSC","ALZ","Wald ratio",1,0.008,0.018,1.008,0.648,NA,NA,NA,1.65e-05
"KRT19","Stem-cell-iPSC","ALZ","Wald ratio",1,-0.007,0.015,0.993,0.648,NA,NA,NA,0.005672842
"SPIRE2","Stem-cell-iPSC","ALZ","Wald ratio",1,0.012,0.026,1.012,0.649,NA,NA,NA,1.26e-05
"HMGA1P7","Stem-cell-iPSC","ALZ","Wald ratio",1,-0.007,0.015,0.993,0.649,NA,NA,NA,0.003984816
"SVIL-AS1","Stem-cell-iPSC","ALZ","Wald ratio",1,-0.012,0.026,0.988,0.649,NA,NA,NA,3.73e-05
"PKD1L2","Stem-cell-iPSC","ALZ","Inverse variance weighted",2,0.015,0.033,1.015,0.65,NA,0.058295855,NA,6.3e-05
"RPL26P3","Stem-cell-iPSC","ALZ","Wald ratio",1,0.007,0.015,1.007,0.652,NA,NA,NA,7.43e-06
"MAD1L1","Stem-cell-iPSC","ALZ","Wald ratio",1,-0.015,0.033,0.985,0.652,NA,NA,NA,0.005550163
"LRP1B","Stem-cell-iPSC","ALZ","Inverse variance weighted",2,0.021,0.047,1.021,0.654,NA,0.037164638,NA,9.58e-05
"DCUN1D3","Stem-cell-iPSC","ALZ","Wald ratio",1,0.008,0.017,1.008,0.655,NA,NA,NA,2.36e-06
"CNTNAP2","Stem-cell-iPSC","ALZ","Simple mode",5,-0.006,0.012,0.994,0.655,0.584299407,0.672832112,0.571752326,3.58e-06
"GPR137B","Stem-cell-iPSC","ALZ","Wald ratio",1,0.013,0.029,1.013,0.657,NA,NA,NA,7.02e-05
"KCNC4","Stem-cell-iPSC","ALZ","Wald ratio",1,-0.009,0.02,0.991,0.657,NA,NA,NA,1.59e-05
"RN7SKP14","Stem-cell-iPSC","ALZ","Wald ratio",1,-0.007,0.016,0.993,0.657,NA,NA,NA,5.56e-06
"RNU6-356P","Stem-cell-iPSC","ALZ","Wald ratio",1,0.009,0.02,1.009,0.658,NA,NA,NA,6.82e-06
"FAM13B","Stem-cell-iPSC","ALZ","Wald ratio",1,-0.017,0.039,0.983,0.659,NA,NA,NA,0.006581683
"ARHGEF28","Stem-cell-iPSC","ALZ","Wald ratio",1,0.013,0.029,1.013,0.66,NA,NA,NA,2.64e-06
"LINC01181","Stem-cell-iPSC","ALZ","Wald ratio",1,-0.013,0.029,0.987,0.66,NA,NA,NA,0.000387756
"NCKAP5","Stem-cell-iPSC","ALZ","Wald ratio",1,0.01,0.022,1.01,0.66,NA,NA,NA,2.09e-06
"RNF216P1","Stem-cell-iPSC","ALZ","Wald ratio",1,-0.011,0.025,0.989,0.661,NA,NA,NA,0.002739584
"DAB2","Stem-cell-iPSC","ALZ","Inverse variance weighted",2,0.005,0.011,1.005,0.661,NA,0.768316287,NA,3.99e-05
"CDH13","Stem-cell-iPSC","ALZ","Weighted mode",3,-0.01,0.02,0.99,0.663,0.018466624,0.054184057,0.859503226,0.001270293
"PBLD","Stem-cell-iPSC","ALZ","Wald ratio",1,0.008,0.018,1.008,0.663,NA,NA,NA,4.9e-05
"OSBPL10","Stem-cell-iPSC","ALZ","MR Egger",3,0.033,0.057,1.034,0.664,0.163711178,0.336716741,0.785742504,3.27e-05
"TBX20","Stem-cell-iPSC","ALZ","Wald ratio",1,0.019,0.043,1.019,0.664,NA,NA,NA,0.00334881
"TIAM1","Stem-cell-iPSC","ALZ","Wald ratio",1,0.007,0.017,1.007,0.665,NA,NA,NA,1.5e-05
"ASTN2","Stem-cell-iPSC","ALZ","Wald ratio",1,0.012,0.029,1.012,0.667,NA,NA,NA,0.000657507
"SERPINA5","Stem-cell-iPSC","ALZ","Wald ratio",1,0.017,0.039,1.017,0.668,NA,NA,NA,0.000890589
"SPTSSB","Stem-cell-iPSC","ALZ","Wald ratio",1,-0.049,0.114,0.952,0.668,NA,NA,NA,0.009563517
"MUC7","Stem-cell-iPSC","ALZ","Wald ratio",1,-0.007,0.016,0.993,0.668,NA,NA,NA,1e-05
"COL4A2","Stem-cell-iPSC","ALZ","Wald ratio",1,-0.015,0.035,0.985,0.669,NA,NA,NA,5.89e-05
"RNU4-77P","Stem-cell-iPSC","ALZ","Wald ratio",1,-0.018,0.041,0.983,0.669,NA,NA,NA,0.00235593
"OSTM1","Stem-cell-iPSC","ALZ","Wald ratio",1,0.014,0.033,1.014,0.67,NA,NA,NA,1.72e-05
"LMCD1-AS1","Stem-cell-iPSC","ALZ","Weighted median",3,0.008,0.019,1.008,0.671,0.339265494,0.607148809,0.819644807,0.006124168
"ASAP1","Stem-cell-iPSC","ALZ","Wald ratio",1,-0.014,0.033,0.986,0.672,NA,NA,NA,4.05e-06
"GALR1","Stem-cell-iPSC","ALZ","Wald ratio",1,0.006,0.015,1.006,0.673,NA,NA,NA,0.005912029
"PDHX","Stem-cell-iPSC","ALZ","Inverse variance weighted",2,0.006,0.013,1.006,0.674,NA,0.974845173,NA,0.001092758
"IRF6","Stem-cell-iPSC","ALZ","Wald ratio",1,-0.011,0.027,0.989,0.674,NA,NA,NA,1.28e-05
"WARS2","Stem-cell-iPSC","ALZ","Wald ratio",1,0.02,0.048,1.02,0.675,NA,NA,NA,0.001746501
"LRRFIP1","Stem-cell-iPSC","ALZ","Wald ratio",1,-0.007,0.017,0.993,0.675,NA,NA,NA,0.000107604
"FOXP2","Stem-cell-iPSC","ALZ","Wald ratio",1,-0.024,0.058,0.976,0.675,NA,NA,NA,0.000138655
"LINC01121","Stem-cell-iPSC","ALZ","Wald ratio",1,-0.013,0.031,0.987,0.678,NA,NA,NA,2.41e-05
"GSTA4","Stem-cell-iPSC","ALZ","Wald ratio",1,-0.007,0.016,0.993,0.679,NA,NA,NA,4.95e-05
"FARP1","Stem-cell-iPSC","ALZ","Wald ratio",1,0.012,0.029,1.012,0.679,NA,NA,NA,3.27e-05
"GFRA4","Stem-cell-iPSC","ALZ","Wald ratio",1,-0.019,0.045,0.982,0.68,NA,NA,NA,0.007062727
"KRTAP5-8","Stem-cell-iPSC","ALZ","Wald ratio",1,-0.012,0.029,0.988,0.681,NA,NA,NA,1.82e-05
"ARHGEF7","Stem-cell-iPSC","ALZ","Wald ratio",1,-0.014,0.034,0.986,0.682,NA,NA,NA,0.005263517
"MET","Stem-cell-iPSC","ALZ","Wald ratio",1,-0.007,0.017,0.993,0.682,NA,NA,NA,5.98e-05
"SHROOM3","Stem-cell-iPSC","ALZ","Wald ratio",1,-0.007,0.016,0.993,0.682,NA,NA,NA,3.81e-05
"TRBV30","Stem-cell-iPSC","ALZ","Wald ratio",1,-0.007,0.018,0.993,0.683,NA,NA,NA,4.78e-06
"PRR18","Stem-cell-iPSC","ALZ","Wald ratio",1,0.015,0.038,1.015,0.683,NA,NA,NA,0.004973783
"C2orf88","Stem-cell-iPSC","ALZ","Wald ratio",1,0.007,0.016,1.007,0.685,NA,NA,NA,0.002451723
"LMCD1-AS1","Stem-cell-iPSC","ALZ","Weighted mode",3,0.009,0.019,1.009,0.685,0.339265494,0.607148809,0.819644807,0.006124168
"STAB2","Stem-cell-iPSC","ALZ","Wald ratio",1,-0.006,0.016,0.994,0.686,NA,NA,NA,2.64e-06
"COL11A1","Stem-cell-iPSC","ALZ","Wald ratio",1,-0.006,0.016,0.994,0.686,NA,NA,NA,4.06e-06
"FAM171A1","Stem-cell-iPSC","ALZ","Wald ratio",1,-0.013,0.031,0.987,0.686,NA,NA,NA,1.51e-05
"MTSS1","Stem-cell-iPSC","ALZ","Wald ratio",1,-0.01,0.025,0.99,0.687,NA,NA,NA,3.25e-06
"ETV3","Stem-cell-iPSC","ALZ","Wald ratio",1,-0.019,0.046,0.982,0.688,NA,NA,NA,0.000543131
"SDK1","Stem-cell-iPSC","ALZ","Wald ratio",1,0.013,0.033,1.013,0.689,NA,NA,NA,0.000191681
"FAM179A","Stem-cell-iPSC","ALZ","Wald ratio",1,0.007,0.016,1.007,0.691,NA,NA,NA,7.81e-06
"TPD52","Stem-cell-iPSC","ALZ","Wald ratio",1,0.011,0.028,1.011,0.695,NA,NA,NA,0.002785475
"SYNPR","Stem-cell-iPSC","ALZ","Wald ratio",1,-0.016,0.042,0.984,0.695,NA,NA,NA,0.000885634
"ANKRD7","Stem-cell-iPSC","ALZ","Wald ratio",1,0.019,0.05,1.02,0.696,NA,NA,NA,0.000314669
"ELAVL1","Stem-cell-iPSC","ALZ","Wald ratio",1,0.005,0.014,1.005,0.697,NA,NA,NA,1.3e-06
"EPDR1","Stem-cell-iPSC","ALZ","Wald ratio",1,-0.011,0.028,0.989,0.698,NA,NA,NA,0.003251973
"CCKAR","Stem-cell-iPSC","ALZ","Wald ratio",1,-0.013,0.035,0.987,0.698,NA,NA,NA,1.42e-05
"KCNA10","Stem-cell-iPSC","ALZ","Wald ratio",1,0.016,0.043,1.017,0.698,NA,NA,NA,0.00298311
"LINC01241","Stem-cell-iPSC","ALZ","Wald ratio",1,-0.011,0.029,0.989,0.699,NA,NA,NA,0.00236033
"SHANK2","Stem-cell-iPSC","ALZ","Wald ratio",1,-0.01,0.027,0.99,0.699,NA,NA,NA,2.23e-06
"ZFPM2","Stem-cell-iPSC","ALZ","Wald ratio",1,0.007,0.018,1.007,0.7,NA,NA,NA,8.91e-05
"KIAA1161","Stem-cell-iPSC","ALZ","Wald ratio",1,0.012,0.031,1.012,0.701,NA,NA,NA,2.46e-06
"STAU2","Stem-cell-iPSC","ALZ","Wald ratio",1,-0.006,0.016,0.994,0.702,NA,NA,NA,4.25e-06
"RPL35AP12","Stem-cell-iPSC","ALZ","Wald ratio",1,-0.024,0.062,0.977,0.703,NA,NA,NA,0.000118947
"GNG2","Stem-cell-iPSC","ALZ","Wald ratio",1,-0.006,0.015,0.994,0.704,NA,NA,NA,1.29e-05
"ANK3","Stem-cell-iPSC","ALZ","Wald ratio",1,-0.009,0.024,0.991,0.706,NA,NA,NA,6.21e-06
"IBTK","Stem-cell-iPSC","ALZ","Wald ratio",1,0.006,0.016,1.006,0.706,NA,NA,NA,2.24e-06
"KRTAP10-12","Stem-cell-iPSC","ALZ","Wald ratio",1,-0.006,0.015,0.994,0.707,NA,NA,NA,0.005354455
"ZDHHC14","Stem-cell-iPSC","ALZ","Wald ratio",1,0.008,0.022,1.008,0.707,NA,NA,NA,8.7e-06
"KLHL5","Stem-cell-iPSC","ALZ","Wald ratio",1,-0.012,0.031,0.988,0.708,NA,NA,NA,0.000147615
"AOX1","Stem-cell-iPSC","ALZ","Wald ratio",1,-0.005,0.015,0.995,0.708,NA,NA,NA,0.005204747
"LRRC16A","Stem-cell-iPSC","ALZ","Wald ratio",1,0.006,0.015,1.006,0.708,NA,NA,NA,2.12e-05
"RPL29P29","Stem-cell-iPSC","ALZ","Wald ratio",1,0.012,0.032,1.012,0.709,NA,NA,NA,4.33e-05
"TMEM108","Stem-cell-iPSC","ALZ","Wald ratio",1,-0.005,0.014,0.995,0.709,NA,NA,NA,2.43e-05
"RAMP3","Stem-cell-iPSC","ALZ","Wald ratio",1,-0.015,0.041,0.985,0.71,NA,NA,NA,0.000501034
"UMAD1","Stem-cell-iPSC","ALZ","Wald ratio",1,0.006,0.015,1.006,0.711,NA,NA,NA,0.005905315
"PPFIBP2","Stem-cell-iPSC","ALZ","Wald ratio",1,0.006,0.017,1.006,0.713,NA,NA,NA,1.94e-05
"LINC01310","Stem-cell-iPSC","ALZ","Wald ratio",1,0.018,0.049,1.018,0.713,NA,NA,NA,8.39e-05
"KCNK2","Stem-cell-iPSC","ALZ","Wald ratio",1,-0.005,0.015,0.995,0.714,NA,NA,NA,0.006363383
"STK10","Stem-cell-iPSC","ALZ","Wald ratio",1,-0.005,0.015,0.995,0.714,NA,NA,NA,7.61e-06
"CNTN3","Stem-cell-iPSC","ALZ","Wald ratio",1,0.005,0.013,1.005,0.714,NA,NA,NA,0.005363609
"ESR1","Stem-cell-iPSC","ALZ","Wald ratio",1,-0.02,0.054,0.98,0.715,NA,NA,NA,1.33e-05
"FGF20","Stem-cell-iPSC","ALZ","Wald ratio",1,0.006,0.016,1.006,0.715,NA,NA,NA,6.75e-06
"TMCO3","Stem-cell-iPSC","ALZ","Wald ratio",1,0.008,0.021,1.008,0.719,NA,NA,NA,1.12e-05
"TENM4","Stem-cell-iPSC","ALZ","Inverse variance weighted",3,0.005,0.014,1.005,0.72,0.672583266,0.185204362,0.324765048,0.000310757
"LVRN","Stem-cell-iPSC","ALZ","Wald ratio",1,-0.008,0.022,0.992,0.721,NA,NA,NA,1.31e-05
"RNU6-991P","Stem-cell-iPSC","ALZ","Wald ratio",1,-0.015,0.042,0.985,0.721,NA,NA,NA,1.57e-05
"NREP-AS1","Stem-cell-iPSC","ALZ","Wald ratio",1,0.013,0.038,1.014,0.722,NA,NA,NA,0.002707831
"PLXDC2","Stem-cell-iPSC","ALZ","Wald ratio",1,0.016,0.045,1.016,0.724,NA,NA,NA,3.14e-05
"CCL28","Stem-cell-iPSC","ALZ","Wald ratio",1,-0.004,0.013,0.996,0.724,NA,NA,NA,0.000231529
"NLRP14","Stem-cell-iPSC","ALZ","Wald ratio",1,-0.032,0.09,0.969,0.724,NA,NA,NA,2.05e-05
"COX6B1P6","Stem-cell-iPSC","ALZ","Wald ratio",1,0.006,0.016,1.006,0.724,NA,NA,NA,3.89e-06
"RN7SL201P","Stem-cell-iPSC","ALZ","Wald ratio",1,0.011,0.031,1.011,0.725,NA,NA,NA,0.000105799
"BCR","Stem-cell-iPSC","ALZ","Wald ratio",1,-0.01,0.027,0.991,0.725,NA,NA,NA,0.000196386
"ANXA2","Stem-cell-iPSC","ALZ","Wald ratio",1,-0.007,0.02,0.993,0.725,NA,NA,NA,0.000809878
"CDH18","Stem-cell-iPSC","ALZ","Inverse variance weighted",2,-0.005,0.014,0.995,0.725,NA,0.774580157,NA,1.69e-06
"MAGI2","Stem-cell-iPSC","ALZ","Inverse variance weighted",4,-0.005,0.013,0.995,0.725,0.692328705,0.174094127,0.175894583,0.007221832
"PHACTR2","Stem-cell-iPSC","ALZ","Wald ratio",1,0.005,0.015,1.005,0.726,NA,NA,NA,1.41e-06
"GLRA1","Stem-cell-iPSC","ALZ","Wald ratio",1,0.006,0.016,1.006,0.726,NA,NA,NA,9.06e-06
"ARHGAP21","Stem-cell-iPSC","ALZ","Wald ratio",1,-0.006,0.017,0.994,0.727,NA,NA,NA,3.37e-06
"OTUD1","Stem-cell-iPSC","ALZ","Wald ratio",1,-0.01,0.028,0.99,0.727,NA,NA,NA,1.2e-05
"LINC01499","Stem-cell-iPSC","ALZ","Wald ratio",1,0.02,0.058,1.02,0.729,NA,NA,NA,0.000176324
"PDE4D","Stem-cell-iPSC","ALZ","Wald ratio",1,0.005,0.015,1.005,0.729,NA,NA,NA,5.49e-05
"CACNA1E","Stem-cell-iPSC","ALZ","Wald ratio",1,0.02,0.058,1.02,0.73,NA,NA,NA,0.000101656
"SPINK2","Stem-cell-iPSC","ALZ","Wald ratio",1,0.012,0.035,1.012,0.73,NA,NA,NA,2.22e-05
"OR7E59P","Stem-cell-iPSC","ALZ","Wald ratio",1,0.011,0.032,1.011,0.73,NA,NA,NA,6.69e-06
"TMCC2","Stem-cell-iPSC","ALZ","Wald ratio",1,0.005,0.016,1.005,0.731,NA,NA,NA,5.93e-06
"BORCS5","Stem-cell-iPSC","ALZ","Wald ratio",1,-0.006,0.017,0.994,0.732,NA,NA,NA,5.63e-06
"PLEKHS1","Stem-cell-iPSC","ALZ","Wald ratio",1,-0.013,0.039,0.987,0.733,NA,NA,NA,0.000266851
"CDK14","Stem-cell-iPSC","ALZ","Inverse variance weighted",3,-0.006,0.017,0.994,0.733,0.552080232,0.192796629,0.336189255,0.000645527
"ACSM6","Stem-cell-iPSC","ALZ","Wald ratio",1,0.027,0.081,1.028,0.734,NA,NA,NA,0.007704486
"ST6GAL1","Stem-cell-iPSC","ALZ","Wald ratio",1,0.008,0.024,1.008,0.734,NA,NA,NA,0.000118301
"LY75","Stem-cell-iPSC","ALZ","Wald ratio",1,0.006,0.016,1.006,0.735,NA,NA,NA,0.005486245
"TMEM74","Stem-cell-iPSC","ALZ","Wald ratio",1,-0.012,0.035,0.988,0.736,NA,NA,NA,0.002956276
"SLIT3","Stem-cell-iPSC","ALZ","Wald ratio",1,0.005,0.016,1.005,0.737,NA,NA,NA,2.71e-06
"MPHOSPH10","Stem-cell-iPSC","ALZ","Wald ratio",1,-0.01,0.03,0.99,0.737,NA,NA,NA,9.71e-05
"PDE1A","Stem-cell-iPSC","ALZ","Wald ratio",1,0.018,0.055,1.018,0.739,NA,NA,NA,0.004010145
"PUM3","Stem-cell-iPSC","ALZ","Wald ratio",1,0.005,0.015,1.005,0.739,NA,NA,NA,0.001124336
"URB1-AS1","Stem-cell-iPSC","ALZ","Wald ratio",1,0.009,0.027,1.009,0.739,NA,NA,NA,1.31e-05
"QRSL1P1","Stem-cell-iPSC","ALZ","Wald ratio",1,-0.005,0.015,0.995,0.739,NA,NA,NA,2.99e-06
"LINC00635","Stem-cell-iPSC","ALZ","Wald ratio",1,0.006,0.019,1.006,0.739,NA,NA,NA,2.64e-06
"CES5A","Stem-cell-iPSC","ALZ","Wald ratio",1,0.007,0.021,1.007,0.739,NA,NA,NA,0.000975093
"PDIA5","Stem-cell-iPSC","ALZ","Wald ratio",1,0.006,0.019,1.006,0.741,NA,NA,NA,4.09e-05
"INADL","Stem-cell-iPSC","ALZ","Wald ratio",1,0.004,0.013,1.004,0.741,NA,NA,NA,0.000601498
"YEATS4","Stem-cell-iPSC","ALZ","Wald ratio",1,0.005,0.014,1.005,0.741,NA,NA,NA,0.000135496
"SCARA5","Stem-cell-iPSC","ALZ","Inverse variance weighted",2,0.011,0.034,1.011,0.741,NA,0.016695272,NA,0.000485764
"TCP11L2","Stem-cell-iPSC","ALZ","Wald ratio",1,-0.01,0.031,0.99,0.745,NA,NA,NA,0.000587999
"SOX5","Stem-cell-iPSC","ALZ","Wald ratio",1,0.009,0.027,1.009,0.746,NA,NA,NA,6.23e-06
"PRKCZ","Stem-cell-iPSC","ALZ","Wald ratio",1,0.012,0.038,1.012,0.746,NA,NA,NA,4.87e-05
"BEGAIN","Stem-cell-iPSC","ALZ","Wald ratio",1,0.013,0.039,1.013,0.746,NA,NA,NA,0.000605959
"LPAR3","Stem-cell-iPSC","ALZ","Wald ratio",1,0.005,0.014,1.005,0.746,NA,NA,NA,0.000269065
"KCNIP4","Stem-cell-iPSC","ALZ","Weighted mode",3,0.005,0.014,1.005,0.746,0.319137939,0.257665559,0.414751051,0.000290167
"UFD1L","Stem-cell-iPSC","ALZ","Wald ratio",1,0.006,0.018,1.006,0.747,NA,NA,NA,6.49e-06
"PRKG1","Stem-cell-iPSC","ALZ","Weighted mode",3,0.021,0.056,1.021,0.747,0.140331925,0.009887961,0.32256501,0.001862239
"RNF138P2","Stem-cell-iPSC","ALZ","Wald ratio",1,0.015,0.046,1.015,0.748,NA,NA,NA,0.006674516
"LINC01482","Stem-cell-iPSC","ALZ","Wald ratio",1,0.01,0.031,1.01,0.748,NA,NA,NA,1.32e-05
"RPS11P1","Stem-cell-iPSC","ALZ","Wald ratio",1,0.007,0.021,1.007,0.748,NA,NA,NA,1.35e-05
"JAKMIP3","Stem-cell-iPSC","ALZ","Wald ratio",1,-0.004,0.014,0.996,0.748,NA,NA,NA,0.005474027
"NEBL","Stem-cell-iPSC","ALZ","Wald ratio",1,0.015,0.048,1.015,0.75,NA,NA,NA,7.26e-06
"PLA2G4A","Stem-cell-iPSC","ALZ","Wald ratio",1,-0.005,0.015,0.995,0.752,NA,NA,NA,2.4e-06
"TPT1-AS1","Stem-cell-iPSC","ALZ","Wald ratio",1,-0.004,0.014,0.996,0.752,NA,NA,NA,6.38e-06
"CCDC38","Stem-cell-iPSC","ALZ","Wald ratio",1,0.006,0.02,1.006,0.752,NA,NA,NA,0.000179208
"ERAP1","Stem-cell-iPSC","ALZ","Wald ratio",1,0.016,0.05,1.016,0.755,NA,NA,NA,2.33e-05
"PARK2","Stem-cell-iPSC","ALZ","MR Egger",3,-0.065,0.161,0.937,0.755,0.933471928,0.937797163,0.786498972,8.46e-05
"RPS4XP7","Stem-cell-iPSC","ALZ","Wald ratio",1,-0.005,0.015,0.995,0.755,NA,NA,NA,2.24e-05
"MTA3","Stem-cell-iPSC","ALZ","Wald ratio",1,0.01,0.032,1.01,0.755,NA,NA,NA,0.000123245
"FRMD4A","Stem-cell-iPSC","ALZ","Simple mode",3,-0.013,0.035,0.987,0.756,0.327926478,0.308978713,0.447610771,3.8e-05
"MTCO1P47","Stem-cell-iPSC","ALZ","Wald ratio",1,0.009,0.028,1.009,0.756,NA,NA,NA,4.86e-05
"ZFAT","Stem-cell-iPSC","ALZ","Wald ratio",1,-0.009,0.028,0.991,0.757,NA,NA,NA,5.72e-05
"KRT18P56","Stem-cell-iPSC","ALZ","Wald ratio",1,-0.011,0.036,0.989,0.757,NA,NA,NA,2.26e-05
"LINC00222","Stem-cell-iPSC","ALZ","Wald ratio",1,0.009,0.029,1.009,0.757,NA,NA,NA,0.0001821
"CRIPT","Stem-cell-iPSC","ALZ","Wald ratio",1,-0.01,0.032,0.99,0.757,NA,NA,NA,2.91e-05
"FLT3","Stem-cell-iPSC","ALZ","Wald ratio",1,0.01,0.034,1.01,0.757,NA,NA,NA,4.52e-05
"LINC01260","Stem-cell-iPSC","ALZ","Wald ratio",1,0.004,0.014,1.004,0.759,NA,NA,NA,0.00430148
"MIR572","Stem-cell-iPSC","ALZ","Wald ratio",1,-0.008,0.027,0.992,0.759,NA,NA,NA,1.05e-05
"IGF1R","Stem-cell-iPSC","ALZ","Wald ratio",1,0.005,0.015,1.005,0.759,NA,NA,NA,3.96e-05
"LMCD1-AS1","Stem-cell-iPSC","ALZ","Inverse variance weighted",3,0.005,0.016,1.005,0.759,0.339265494,0.607148809,0.819644807,0.006124168
"RNF123","Stem-cell-iPSC","ALZ","Wald ratio",1,-0.007,0.023,0.993,0.76,NA,NA,NA,2.03e-06
"FAM210B","Stem-cell-iPSC","ALZ","Wald ratio",1,0.005,0.017,1.005,0.76,NA,NA,NA,0.001255657
"EYS","Stem-cell-iPSC","ALZ","Wald ratio",1,0.005,0.017,1.005,0.76,NA,NA,NA,3.83e-06
"VTCN1","Stem-cell-iPSC","ALZ","Wald ratio",1,0.011,0.035,1.011,0.761,NA,NA,NA,0.000675977
"ITPKA","Stem-cell-iPSC","ALZ","Wald ratio",1,0.009,0.03,1.009,0.761,NA,NA,NA,0.00138792
"RNA5SP73","Stem-cell-iPSC","ALZ","Wald ratio",1,0.009,0.029,1.009,0.762,NA,NA,NA,7.18e-06
"LRP2","Stem-cell-iPSC","ALZ","Wald ratio",1,-0.005,0.016,0.995,0.762,NA,NA,NA,5.78e-06
"LMCD1-AS1","Stem-cell-iPSC","ALZ","MR Egger",3,0.015,0.04,1.016,0.762,0.339265494,0.607148809,0.819644807,0.006124168
"MAGI2","Stem-cell-iPSC","ALZ","Simple mode",4,-0.005,0.016,0.995,0.764,0.692328705,0.174094127,0.175894583,0.007221832
"LINC01280","Stem-cell-iPSC","ALZ","Wald ratio",1,0.009,0.03,1.009,0.765,NA,NA,NA,0.000418575
"FLI1","Stem-cell-iPSC","ALZ","Wald ratio",1,-0.005,0.015,0.995,0.765,NA,NA,NA,0.000118542
"ZNF385B","Stem-cell-iPSC","ALZ","Wald ratio",1,-0.014,0.047,0.986,0.766,NA,NA,NA,0.000668632
"HIVEP3","Stem-cell-iPSC","ALZ","Wald ratio",1,0.01,0.033,1.01,0.767,NA,NA,NA,1.34e-05
"ASAH1","Stem-cell-iPSC","ALZ","Wald ratio",1,0.007,0.025,1.007,0.767,NA,NA,NA,4.21e-06
"CHRNB3","Stem-cell-iPSC","ALZ","Wald ratio",1,0.014,0.048,1.014,0.767,NA,NA,NA,0.001092972
"NAA16","Stem-cell-iPSC","ALZ","Wald ratio",1,-0.009,0.03,0.991,0.767,NA,NA,NA,0.000228829
"RAI14","Stem-cell-iPSC","ALZ","Wald ratio",1,-0.006,0.021,0.994,0.768,NA,NA,NA,1.39e-05
"MIR4300HG","Stem-cell-iPSC","ALZ","Wald ratio",1,0.007,0.022,1.007,0.769,NA,NA,NA,8.56e-06
"MAGI2","Stem-cell-iPSC","ALZ","Weighted median",4,-0.004,0.014,0.996,0.769,0.692328705,0.174094127,0.175894583,0.007221832
"POT1-AS1","Stem-cell-iPSC","ALZ","Wald ratio",1,-0.004,0.015,0.996,0.77,NA,NA,NA,5.02e-05
"PPP3CA","Stem-cell-iPSC","ALZ","Wald ratio",1,0.011,0.036,1.011,0.77,NA,NA,NA,1.85e-05
"CD81-AS1","Stem-cell-iPSC","ALZ","Wald ratio",1,0.017,0.057,1.017,0.77,NA,NA,NA,1.73e-05
"C21orf33","Stem-cell-iPSC","ALZ","Wald ratio",1,0.013,0.044,1.013,0.771,NA,NA,NA,8.14e-05
"GAPDHP28","Stem-cell-iPSC","ALZ","Wald ratio",1,-0.004,0.013,0.996,0.772,NA,NA,NA,0.000362618
"RSL24D1P4","Stem-cell-iPSC","ALZ","Wald ratio",1,0.013,0.045,1.013,0.773,NA,NA,NA,0.006055815
"TRGC2","Stem-cell-iPSC","ALZ","Wald ratio",1,0.014,0.05,1.015,0.773,NA,NA,NA,0.000883584
"RAD23B","Stem-cell-iPSC","ALZ","Wald ratio",1,0.008,0.029,1.008,0.773,NA,NA,NA,6.66e-05
"PAG1","Stem-cell-iPSC","ALZ","Wald ratio",1,0.005,0.017,1.005,0.773,NA,NA,NA,5.33e-06
"LINC01507","Stem-cell-iPSC","ALZ","Wald ratio",1,-0.012,0.042,0.988,0.773,NA,NA,NA,9.64e-06
"TRPM3","Stem-cell-iPSC","ALZ","Wald ratio",1,0.005,0.016,1.005,0.773,NA,NA,NA,0.002204231
"CSMD3","Stem-cell-iPSC","ALZ","Wald ratio",1,-0.003,0.012,0.997,0.775,NA,NA,NA,0.000292206
"ZFYVE9P2","Stem-cell-iPSC","ALZ","Wald ratio",1,-0.005,0.016,0.995,0.776,NA,NA,NA,1.16e-05
"SNTG2","Stem-cell-iPSC","ALZ","Wald ratio",1,-0.017,0.06,0.983,0.777,NA,NA,NA,0.005777269
"KIF16B","Stem-cell-iPSC","ALZ","Wald ratio",1,-0.005,0.018,0.995,0.777,NA,NA,NA,1.02e-05
"PRKG1","Stem-cell-iPSC","ALZ","Weighted median",3,-0.008,0.028,0.992,0.778,0.140331925,0.009887961,0.32256501,0.001862239
"LPCAT1","Stem-cell-iPSC","ALZ","Wald ratio",1,0.012,0.042,1.012,0.778,NA,NA,NA,0.002159152
"LINC01267","Stem-cell-iPSC","ALZ","Wald ratio",1,0.004,0.016,1.004,0.779,NA,NA,NA,0.005208747
"TRIO","Stem-cell-iPSC","ALZ","Wald ratio",1,-0.01,0.037,0.99,0.779,NA,NA,NA,0.002439255
"HAS2","Stem-cell-iPSC","ALZ","Wald ratio",1,0.012,0.042,1.012,0.78,NA,NA,NA,0.000246764
"PWRN2","Stem-cell-iPSC","ALZ","Wald ratio",1,0.011,0.038,1.011,0.78,NA,NA,NA,0.000959842
"GSTA2","Stem-cell-iPSC","ALZ","Wald ratio",1,0.008,0.03,1.008,0.78,NA,NA,NA,0.00458681
"ST8SIA2","Stem-cell-iPSC","ALZ","Wald ratio",1,0.008,0.029,1.008,0.781,NA,NA,NA,7.71e-05
"DAOA-AS1","Stem-cell-iPSC","ALZ","Wald ratio",1,0.02,0.072,1.02,0.781,NA,NA,NA,0.005570664
"DOK5","Stem-cell-iPSC","ALZ","Wald ratio",1,-0.017,0.061,0.983,0.782,NA,NA,NA,0.00574585
"EVA1C","Stem-cell-iPSC","ALZ","Wald ratio",1,-0.003,0.012,0.997,0.782,NA,NA,NA,0.000206264
"FRMD4A","Stem-cell-iPSC","ALZ","Weighted median",3,-0.008,0.03,0.992,0.782,0.327926478,0.308978713,0.447610771,3.8e-05
"DAB2IP","Stem-cell-iPSC","ALZ","Wald ratio",1,0.005,0.018,1.005,0.782,NA,NA,NA,7.22e-06
"TAS2R16","Stem-cell-iPSC","ALZ","Wald ratio",1,-0.005,0.017,0.995,0.783,NA,NA,NA,4.71e-06
"PARD3","Stem-cell-iPSC","ALZ","Wald ratio",1,0.024,0.087,1.024,0.783,NA,NA,NA,0.000153705
"H6PD","Stem-cell-iPSC","ALZ","Wald ratio",1,-0.016,0.059,0.984,0.783,NA,NA,NA,0.001489752
"THSD7B","Stem-cell-iPSC","ALZ","Wald ratio",1,-0.008,0.028,0.992,0.784,NA,NA,NA,4.88e-05
"ZNF257","Stem-cell-iPSC","ALZ","Wald ratio",1,0.009,0.034,1.009,0.784,NA,NA,NA,3.04e-05
"TACSTD2","Stem-cell-iPSC","ALZ","Wald ratio",1,-0.008,0.028,0.992,0.784,NA,NA,NA,9.17e-05
"PLAC9","Stem-cell-iPSC","ALZ","Wald ratio",1,0.008,0.03,1.008,0.785,NA,NA,NA,9.61e-05
"RIMS2","Stem-cell-iPSC","ALZ","Wald ratio",1,-0.004,0.015,0.996,0.786,NA,NA,NA,0.000108563
"C2orf57","Stem-cell-iPSC","ALZ","Wald ratio",1,-0.007,0.024,0.993,0.786,NA,NA,NA,0.005306685
"DGKD","Stem-cell-iPSC","ALZ","Wald ratio",1,0.007,0.025,1.007,0.786,NA,NA,NA,3.8e-06
"CTSC","Stem-cell-iPSC","ALZ","Wald ratio",1,-0.004,0.016,0.996,0.787,NA,NA,NA,1.66e-05
"LINC00276","Stem-cell-iPSC","ALZ","Wald ratio",1,0.012,0.044,1.012,0.787,NA,NA,NA,0.004486365
"TSPAN8","Stem-cell-iPSC","ALZ","Wald ratio",1,0.007,0.026,1.007,0.787,NA,NA,NA,2.87e-05
"UBE2E2","Stem-cell-iPSC","ALZ","Wald ratio",1,-0.008,0.029,0.992,0.787,NA,NA,NA,0.000225136
"NPAS3","Stem-cell-iPSC","ALZ","Wald ratio",1,0.004,0.016,1.004,0.788,NA,NA,NA,0.000163481
"CEP112","Stem-cell-iPSC","ALZ","Wald ratio",1,-0.004,0.015,0.996,0.788,NA,NA,NA,1.73e-06
"CFI","Stem-cell-iPSC","ALZ","Wald ratio",1,0.008,0.03,1.008,0.788,NA,NA,NA,3.55e-06
"FSTL4","Stem-cell-iPSC","ALZ","Wald ratio",1,-0.004,0.014,0.996,0.791,NA,NA,NA,0.001832143
"PRNP","Stem-cell-iPSC","ALZ","Wald ratio",1,-0.004,0.014,0.996,0.791,NA,NA,NA,0.000654916
"LINC01500","Stem-cell-iPSC","ALZ","Wald ratio",1,0.014,0.053,1.014,0.791,NA,NA,NA,3.41e-05
"CACNG6","Stem-cell-iPSC","ALZ","Wald ratio",1,-0.01,0.037,0.99,0.792,NA,NA,NA,1.3e-05
"MAN1A1","Stem-cell-iPSC","ALZ","Wald ratio",1,-0.004,0.016,0.996,0.793,NA,NA,NA,1.78e-05
"TMEM177","Stem-cell-iPSC","ALZ","Wald ratio",1,-0.006,0.024,0.994,0.793,NA,NA,NA,0.000788111
"VIT","Stem-cell-iPSC","ALZ","Wald ratio",1,0.004,0.014,1.004,0.794,NA,NA,NA,0.005482772
"ENDOD1","Stem-cell-iPSC","ALZ","Wald ratio",1,-0.008,0.029,0.992,0.794,NA,NA,NA,0.005095769
"PAMR1","Stem-cell-iPSC","ALZ","Wald ratio",1,-0.012,0.044,0.989,0.794,NA,NA,NA,0.001434782
"MGAT4C","Stem-cell-iPSC","ALZ","Wald ratio",1,-0.008,0.03,0.992,0.795,NA,NA,NA,1.46e-05
"RTN4","Stem-cell-iPSC","ALZ","Wald ratio",1,0.007,0.026,1.007,0.797,NA,NA,NA,2.77e-05
"KANSL3","Stem-cell-iPSC","ALZ","Wald ratio",1,-0.011,0.045,0.989,0.799,NA,NA,NA,0.00541292
"TBCK","Stem-cell-iPSC","ALZ","Wald ratio",1,-0.004,0.016,0.996,0.8,NA,NA,NA,0.000656352
"OSBPL1A","Stem-cell-iPSC","ALZ","Inverse variance weighted",2,0.007,0.029,1.007,0.8,NA,0.014218987,NA,0.004683517
"TSNAX-DISC1","Stem-cell-iPSC","ALZ","Wald ratio",1,0.019,0.075,1.019,0.8,NA,NA,NA,0.003073694
"KPNA1","Stem-cell-iPSC","ALZ","Wald ratio",1,0.008,0.032,1.008,0.801,NA,NA,NA,5.86e-05
"RNF144A","Stem-cell-iPSC","ALZ","Wald ratio",1,-0.008,0.032,0.992,0.801,NA,NA,NA,0.000188336
"CTNNA1","Stem-cell-iPSC","ALZ","Wald ratio",1,-0.004,0.016,0.996,0.801,NA,NA,NA,2.84e-06
"RN7SKP93","Stem-cell-iPSC","ALZ","Wald ratio",1,0.005,0.019,1.005,0.801,NA,NA,NA,5.18e-06
"FRMD4A","Stem-cell-iPSC","ALZ","Inverse variance weighted",3,-0.006,0.024,0.994,0.802,0.327926478,0.308978713,0.447610771,3.8e-05
"SPOCK1","Stem-cell-iPSC","ALZ","Wald ratio",1,-0.009,0.038,0.991,0.803,NA,NA,NA,0.00060136
"WWTR1","Stem-cell-iPSC","ALZ","Wald ratio",1,-0.007,0.027,0.993,0.803,NA,NA,NA,6.55e-05
"FRMD4A","Stem-cell-iPSC","ALZ","Weighted mode",3,-0.009,0.031,0.991,0.804,0.327926478,0.308978713,0.447610771,3.8e-05
"HDDC2","Stem-cell-iPSC","ALZ","Wald ratio",1,0.004,0.018,1.004,0.804,NA,NA,NA,1.13e-05
"DOPEY2","Stem-cell-iPSC","ALZ","Wald ratio",1,0.006,0.023,1.006,0.805,NA,NA,NA,6.3e-06
"WWC1","Stem-cell-iPSC","ALZ","Wald ratio",1,0.005,0.02,1.005,0.806,NA,NA,NA,9.93e-06
"FAM212B","Stem-cell-iPSC","ALZ","Wald ratio",1,-0.017,0.07,0.983,0.806,NA,NA,NA,0.000656443
"RPS20P25","Stem-cell-iPSC","ALZ","Wald ratio",1,-0.004,0.017,0.996,0.806,NA,NA,NA,3.08e-06
"SLC47A1","Stem-cell-iPSC","ALZ","Wald ratio",1,0.007,0.028,1.007,0.807,NA,NA,NA,5.09e-06
"PPP3CC","Stem-cell-iPSC","ALZ","Wald ratio",1,-0.004,0.015,0.996,0.808,NA,NA,NA,2.25e-06
"KCNIP1","Stem-cell-iPSC","ALZ","Wald ratio",1,-0.005,0.022,0.995,0.809,NA,NA,NA,1.24e-05
"OSTN","Stem-cell-iPSC","ALZ","Wald ratio",1,0.004,0.015,1.004,0.811,NA,NA,NA,4.6e-05
"PLCL2","Stem-cell-iPSC","ALZ","Wald ratio",1,0.005,0.023,1.006,0.812,NA,NA,NA,5.29e-06
"PKHD1","Stem-cell-iPSC","ALZ","Wald ratio",1,-0.007,0.03,0.993,0.812,NA,NA,NA,0.000969726
"MECOM","Stem-cell-iPSC","ALZ","Wald ratio",1,-0.004,0.015,0.996,0.813,NA,NA,NA,3.31e-06
"SLC26A4-AS1","Stem-cell-iPSC","ALZ","Wald ratio",1,0.004,0.017,1.004,0.813,NA,NA,NA,2.72e-06
"RPS17P2","Stem-cell-iPSC","ALZ","Wald ratio",1,0.009,0.04,1.009,0.814,NA,NA,NA,0.005408061
"RPL35AP19","Stem-cell-iPSC","ALZ","Wald ratio",1,-0.004,0.017,0.996,0.814,NA,NA,NA,2.02e-05
"SDR16C5","Stem-cell-iPSC","ALZ","Wald ratio",1,0.007,0.03,1.007,0.814,NA,NA,NA,1.3e-05
"LOR","Stem-cell-iPSC","ALZ","Wald ratio",1,-0.005,0.019,0.995,0.814,NA,NA,NA,5.23e-06
"MTND5P17","Stem-cell-iPSC","ALZ","Wald ratio",1,-0.004,0.016,0.996,0.814,NA,NA,NA,4.33e-05
"ADGRF1","Stem-cell-iPSC","ALZ","Wald ratio",1,0.004,0.019,1.004,0.815,NA,NA,NA,1.19e-05
"TBC1D4","Stem-cell-iPSC","ALZ","Wald ratio",1,0.018,0.078,1.018,0.816,NA,NA,NA,3.66e-05
"SLC13A3","Stem-cell-iPSC","ALZ","Wald ratio",1,0.008,0.034,1.008,0.816,NA,NA,NA,2.87e-05
"MAGI2","Stem-cell-iPSC","ALZ","Weighted mode",4,-0.003,0.014,0.997,0.816,0.692328705,0.174094127,0.175894583,0.007221832
"FRAS1","Stem-cell-iPSC","ALZ","Wald ratio",1,0.004,0.016,1.004,0.816,NA,NA,NA,3.55e-06
"RFX3","Stem-cell-iPSC","ALZ","Wald ratio",1,0.006,0.024,1.006,0.816,NA,NA,NA,3.42e-06
"MYOM1","Stem-cell-iPSC","ALZ","Wald ratio",1,0.004,0.016,1.004,0.817,NA,NA,NA,9.45e-06
"LINC00620","Stem-cell-iPSC","ALZ","Wald ratio",1,0.004,0.017,1.004,0.818,NA,NA,NA,0.000386183
"SORBS1","Stem-cell-iPSC","ALZ","Wald ratio",1,0.013,0.055,1.013,0.818,NA,NA,NA,0.0001319
"PDZRN3","Stem-cell-iPSC","ALZ","Wald ratio",1,0.004,0.016,1.004,0.82,NA,NA,NA,0.002476115
"ZFP36L2","Stem-cell-iPSC","ALZ","Wald ratio",1,-0.012,0.053,0.988,0.82,NA,NA,NA,0.001721054
"MYL10","Stem-cell-iPSC","ALZ","Wald ratio",1,0.003,0.015,1.003,0.821,NA,NA,NA,0.002970895
"HSPE1P10","Stem-cell-iPSC","ALZ","Wald ratio",1,0.008,0.037,1.008,0.822,NA,NA,NA,1.53e-05
"RN7SKP6","Stem-cell-iPSC","ALZ","Wald ratio",1,-0.006,0.026,0.994,0.822,NA,NA,NA,1.54e-05
"GM2A","Stem-cell-iPSC","ALZ","Wald ratio",1,-0.013,0.058,0.987,0.823,NA,NA,NA,0.005700773
"FEZ2","Stem-cell-iPSC","ALZ","Wald ratio",1,0.003,0.015,1.003,0.823,NA,NA,NA,0.000761624
"JPH1","Stem-cell-iPSC","ALZ","Wald ratio",1,0.007,0.031,1.007,0.823,NA,NA,NA,8.15e-05
"SEL1L3","Stem-cell-iPSC","ALZ","Wald ratio",1,0.014,0.061,1.014,0.824,NA,NA,NA,8.94e-05
"GOLGA7","Stem-cell-iPSC","ALZ","Wald ratio",1,-0.013,0.057,0.987,0.825,NA,NA,NA,0.000259888
"KLRD1","Stem-cell-iPSC","ALZ","Wald ratio",1,0.003,0.015,1.003,0.825,NA,NA,NA,0.001337131
"POLD2P1","Stem-cell-iPSC","ALZ","Wald ratio",1,0.005,0.021,1.005,0.825,NA,NA,NA,0.000207197
"ANO3","Stem-cell-iPSC","ALZ","Wald ratio",1,-0.003,0.015,0.997,0.827,NA,NA,NA,0.004988076
"TTC7B","Stem-cell-iPSC","ALZ","Wald ratio",1,0.006,0.025,1.006,0.828,NA,NA,NA,9.15e-06
"ADAMTS17","Stem-cell-iPSC","ALZ","Inverse variance weighted",2,-0.003,0.012,0.997,0.828,NA,0.594847044,NA,8.81e-06
"POLE4","Stem-cell-iPSC","ALZ","Wald ratio",1,0.003,0.014,1.003,0.829,NA,NA,NA,0.000105447
"CCSER1","Stem-cell-iPSC","ALZ","Inverse variance weighted",3,-0.003,0.013,0.997,0.829,0.213730158,0.446776695,0.870848382,0.000116819
"RNA5SP279","Stem-cell-iPSC","ALZ","Wald ratio",1,-0.004,0.016,0.996,0.83,NA,NA,NA,0.004726458
"ASIC2","Stem-cell-iPSC","ALZ","Inverse variance weighted",2,-0.003,0.012,0.998,0.83,NA,0.412262199,NA,0.004448034
"C11orf24","Stem-cell-iPSC","ALZ","Wald ratio",1,0.003,0.015,1.003,0.83,NA,NA,NA,2.96e-06
"KCNQ3","Stem-cell-iPSC","ALZ","Weighted mode",3,-0.004,0.016,0.996,0.832,0.244671503,0.490463612,0.856338611,5.68e-06
"SPINT4","Stem-cell-iPSC","ALZ","Wald ratio",1,0.004,0.018,1.004,0.832,NA,NA,NA,1.38e-05
"CLSTN2","Stem-cell-iPSC","ALZ","Inverse variance weighted",2,0.003,0.015,1.003,0.832,NA,0.210191829,NA,1.19e-05
"TRAM1L1","Stem-cell-iPSC","ALZ","Wald ratio",1,0.003,0.015,1.003,0.834,NA,NA,NA,1.17e-05
"GRIA4","Stem-cell-iPSC","ALZ","Wald ratio",1,-0.006,0.028,0.994,0.834,NA,NA,NA,1.56e-05
"ADAMTS3","Stem-cell-iPSC","ALZ","Wald ratio",1,-0.007,0.031,0.994,0.834,NA,NA,NA,0.000125029
"C4orf51","Stem-cell-iPSC","ALZ","Wald ratio",1,-0.003,0.014,0.997,0.835,NA,NA,NA,0.000228872
"PABPC4L","Stem-cell-iPSC","ALZ","Wald ratio",1,0.006,0.029,1.006,0.836,NA,NA,NA,6.03e-06
"HELZ","Stem-cell-iPSC","ALZ","Wald ratio",1,0.008,0.038,1.008,0.837,NA,NA,NA,1.24e-05
"ZPLD1","Stem-cell-iPSC","ALZ","Wald ratio",1,-0.003,0.017,0.997,0.837,NA,NA,NA,5.41e-06
"GPATCH2L","Stem-cell-iPSC","ALZ","Wald ratio",1,0.013,0.065,1.013,0.838,NA,NA,NA,0.006929188
"VSIG10","Stem-cell-iPSC","ALZ","Wald ratio",1,0.007,0.034,1.007,0.838,NA,NA,NA,0.003519316
"XPO6","Stem-cell-iPSC","ALZ","Wald ratio",1,0.005,0.027,1.005,0.838,NA,NA,NA,7.25e-06
"ELMO1","Stem-cell-iPSC","ALZ","Wald ratio",1,0.005,0.027,1.005,0.838,NA,NA,NA,5.98e-05
"TTLL11","Stem-cell-iPSC","ALZ","Wald ratio",1,0.006,0.029,1.006,0.839,NA,NA,NA,3.35e-06
"RBMS3","Stem-cell-iPSC","ALZ","Wald ratio",1,0.009,0.042,1.009,0.839,NA,NA,NA,1.97e-05
"RNU6-889P","Stem-cell-iPSC","ALZ","Wald ratio",1,0.004,0.02,1.004,0.839,NA,NA,NA,7.1e-06
"FKBP1C","Stem-cell-iPSC","ALZ","Wald ratio",1,0.007,0.032,1.007,0.84,NA,NA,NA,0.00106645
"MCF2L2","Stem-cell-iPSC","ALZ","Wald ratio",1,0.004,0.02,1.004,0.84,NA,NA,NA,9.14e-06
"IL21R","Stem-cell-iPSC","ALZ","Wald ratio",1,-0.004,0.022,0.996,0.84,NA,NA,NA,2.73e-06
"CDH13","Stem-cell-iPSC","ALZ","MR Egger",3,0.076,0.299,1.079,0.84,0.018466624,0.054184057,0.859503226,0.001270293
"MED15P9","Stem-cell-iPSC","ALZ","Wald ratio",1,0.008,0.038,1.008,0.841,NA,NA,NA,1.33e-05
"ECHDC2","Stem-cell-iPSC","ALZ","Wald ratio",1,0.004,0.02,1.004,0.841,NA,NA,NA,2.84e-06
"EIF1AD","Stem-cell-iPSC","ALZ","Wald ratio",1,0.005,0.024,1.005,0.841,NA,NA,NA,0.000221924
"ARID1B","Stem-cell-iPSC","ALZ","Inverse variance weighted",2,0.003,0.017,1.003,0.842,NA,0.742936711,NA,0.001266675
"CCSER1","Stem-cell-iPSC","ALZ","MR Egger",3,-0.012,0.047,0.988,0.842,0.213730158,0.446776695,0.870848382,0.000116819
"COLGALT2","Stem-cell-iPSC","ALZ","Wald ratio",1,-0.009,0.043,0.991,0.843,NA,NA,NA,0.005601653
"RIOK3P1","Stem-cell-iPSC","ALZ","Wald ratio",1,-0.004,0.02,0.996,0.844,NA,NA,NA,1.38e-06
"TAF1B","Stem-cell-iPSC","ALZ","Wald ratio",1,0.004,0.023,1.004,0.846,NA,NA,NA,0.004795877
"F3","Stem-cell-iPSC","ALZ","Wald ratio",1,0.018,0.093,1.018,0.847,NA,NA,NA,0.006783481
"RPL17P12","Stem-cell-iPSC","ALZ","Wald ratio",1,0.007,0.039,1.007,0.848,NA,NA,NA,0.003898165
"CASC20","Stem-cell-iPSC","ALZ","Wald ratio",1,0.005,0.027,1.005,0.848,NA,NA,NA,1.85e-05
"MMP26","Stem-cell-iPSC","ALZ","Wald ratio",1,0.003,0.015,1.003,0.849,NA,NA,NA,3.71e-05
"GAS2","Stem-cell-iPSC","ALZ","Wald ratio",1,-0.005,0.025,0.995,0.849,NA,NA,NA,8.62e-06
"SORCS2","Stem-cell-iPSC","ALZ","Inverse variance weighted",2,0.005,0.025,1.005,0.849,NA,0.042324159,NA,4.93e-05
"RDX","Stem-cell-iPSC","ALZ","Wald ratio",1,0.006,0.033,1.006,0.85,NA,NA,NA,1.09e-05
"P2RY14","Stem-cell-iPSC","ALZ","Wald ratio",1,-0.012,0.063,0.988,0.851,NA,NA,NA,1.58e-05
"LINC00698","Stem-cell-iPSC","ALZ","Wald ratio",1,0.002,0.013,1.002,0.851,NA,NA,NA,3.53e-05
"CEP128","Stem-cell-iPSC","ALZ","Wald ratio",1,-0.003,0.015,0.997,0.851,NA,NA,NA,3.05e-06
"LINC01376","Stem-cell-iPSC","ALZ","Wald ratio",1,-0.003,0.016,0.997,0.851,NA,NA,NA,0.000120326
"SETD6","Stem-cell-iPSC","ALZ","Wald ratio",1,0.011,0.057,1.011,0.852,NA,NA,NA,0.009677796
"FZD1","Stem-cell-iPSC","ALZ","Wald ratio",1,0.003,0.018,1.003,0.852,NA,NA,NA,5.41e-06
"MAEL","Stem-cell-iPSC","ALZ","Wald ratio",1,0.003,0.014,1.003,0.852,NA,NA,NA,7.04e-06
"KCNJ6","Stem-cell-iPSC","ALZ","Wald ratio",1,0.008,0.045,1.008,0.853,NA,NA,NA,0.000232319
"B3GNTL1","Stem-cell-iPSC","ALZ","Wald ratio",1,-0.01,0.055,0.99,0.854,NA,NA,NA,0.005308766
"C10orf35","Stem-cell-iPSC","ALZ","Wald ratio",1,-0.002,0.013,0.998,0.854,NA,NA,NA,0.002617616
"C6orf89","Stem-cell-iPSC","ALZ","Wald ratio",1,-0.003,0.016,0.997,0.854,NA,NA,NA,6.41e-06
"RN7SKP181","Stem-cell-iPSC","ALZ","Wald ratio",1,0.003,0.016,1.003,0.855,NA,NA,NA,8.33e-06
"TENM2","Stem-cell-iPSC","ALZ","Wald ratio",1,0.003,0.015,1.003,0.856,NA,NA,NA,0.000219717
"MIR5702","Stem-cell-iPSC","ALZ","Wald ratio",1,0.003,0.014,1.003,0.856,NA,NA,NA,2.19e-05
"RPL5P6","Stem-cell-iPSC","ALZ","Wald ratio",1,-0.008,0.043,0.992,0.856,NA,NA,NA,8.26e-05
"HMGB3P16","Stem-cell-iPSC","ALZ","Wald ratio",1,-0.003,0.015,0.997,0.856,NA,NA,NA,0.005298995
"CST1","Stem-cell-iPSC","ALZ","Wald ratio",1,-0.011,0.061,0.989,0.857,NA,NA,NA,0.006202904
"CNOT6LP1","Stem-cell-iPSC","ALZ","Wald ratio",1,0.014,0.078,1.014,0.857,NA,NA,NA,6.23e-05
"PIP4K2A","Stem-cell-iPSC","ALZ","Wald ratio",1,0.003,0.016,1.003,0.857,NA,NA,NA,1.04e-05
"LINC01264","Stem-cell-iPSC","ALZ","Wald ratio",1,-0.004,0.02,0.996,0.857,NA,NA,NA,4.25e-06
"CCSER1","Stem-cell-iPSC","ALZ","Simple mode",3,0.004,0.02,1.004,0.859,0.213730158,0.446776695,0.870848382,0.000116819
"KDR","Stem-cell-iPSC","ALZ","Inverse variance weighted",2,-0.006,0.031,0.994,0.859,NA,0.067153676,NA,0.009942032
"CMIP","Stem-cell-iPSC","ALZ","Wald ratio",1,-0.007,0.037,0.993,0.86,NA,NA,NA,1.06e-05
"MTRR","Stem-cell-iPSC","ALZ","Wald ratio",1,-0.005,0.029,0.995,0.86,NA,NA,NA,0.002650373
"TSTD3","Stem-cell-iPSC","ALZ","Wald ratio",1,0.008,0.043,1.008,0.86,NA,NA,NA,0.00189245
"AUTS2","Stem-cell-iPSC","ALZ","Inverse variance weighted",2,-0.002,0.011,0.998,0.86,NA,0.657216365,NA,0.000194225
"GRIN3A","Stem-cell-iPSC","ALZ","Wald ratio",1,0.008,0.044,1.008,0.861,NA,NA,NA,8.31e-05
"FREM2","Stem-cell-iPSC","ALZ","Wald ratio",1,-0.012,0.07,0.988,0.861,NA,NA,NA,0.005427593
"HNRNPA1P57","Stem-cell-iPSC","ALZ","Wald ratio",1,0.022,0.124,1.022,0.862,NA,NA,NA,0.010547692
"RPL21P47","Stem-cell-iPSC","ALZ","Wald ratio",1,-0.002,0.014,0.998,0.863,NA,NA,NA,0.00012084
"RBM43","Stem-cell-iPSC","ALZ","Wald ratio",1,0.004,0.026,1.004,0.864,NA,NA,NA,0.001292665
"FTLP3","Stem-cell-iPSC","ALZ","Wald ratio",1,0.008,0.045,1.008,0.865,NA,NA,NA,8.07e-06
"GPIHBP1","Stem-cell-iPSC","ALZ","Wald ratio",1,0.005,0.029,1.005,0.866,NA,NA,NA,7.74e-06
"PDZPH1P","Stem-cell-iPSC","ALZ","Wald ratio",1,-0.005,0.032,0.995,0.867,NA,NA,NA,1.99e-05
"CDH4","Stem-cell-iPSC","ALZ","Inverse variance weighted",2,0.004,0.022,1.004,0.867,NA,0.700219915,NA,0.005018007
"LURAP1L-AS1","Stem-cell-iPSC","ALZ","Wald ratio",1,0.005,0.028,1.005,0.869,NA,NA,NA,2.05e-05
"C1orf52","Stem-cell-iPSC","ALZ","Wald ratio",1,0.003,0.019,1.003,0.87,NA,NA,NA,4.4e-06
"SDCBP","Stem-cell-iPSC","ALZ","Wald ratio",1,0.002,0.014,1.002,0.87,NA,NA,NA,4.57e-05
"HMCN1","Stem-cell-iPSC","ALZ","Wald ratio",1,-0.002,0.016,0.998,0.872,NA,NA,NA,7.59e-06
"EDIL3","Stem-cell-iPSC","ALZ","Wald ratio",1,-0.007,0.043,0.993,0.872,NA,NA,NA,2.08e-05
"ANKS1B","Stem-cell-iPSC","ALZ","Wald ratio",1,0.007,0.045,1.007,0.873,NA,NA,NA,0.003351647
"MTO1","Stem-cell-iPSC","ALZ","Wald ratio",1,0.003,0.016,1.003,0.873,NA,NA,NA,9.96e-06
"PDE11A","Stem-cell-iPSC","ALZ","Wald ratio",1,-0.009,0.059,0.991,0.873,NA,NA,NA,0.007194295
"TTC21A","Stem-cell-iPSC","ALZ","Wald ratio",1,-0.004,0.026,0.996,0.873,NA,NA,NA,3.44e-05
"B3GAT2","Stem-cell-iPSC","ALZ","Wald ratio",1,0.004,0.027,1.004,0.875,NA,NA,NA,5.36e-06
"LINC01207","Stem-cell-iPSC","ALZ","Wald ratio",1,-0.004,0.026,0.996,0.875,NA,NA,NA,1.38e-05
"FECHP1","Stem-cell-iPSC","ALZ","Wald ratio",1,-0.003,0.017,0.997,0.877,NA,NA,NA,5.63e-06
"SPATC1L","Stem-cell-iPSC","ALZ","Wald ratio",1,0.005,0.03,1.005,0.879,NA,NA,NA,6.65e-06
"PTPRG","Stem-cell-iPSC","ALZ","Inverse variance weighted",2,-0.004,0.028,0.996,0.879,NA,0.138677414,NA,0.001834637
"ZNF148","Stem-cell-iPSC","ALZ","Wald ratio",1,-0.006,0.039,0.994,0.88,NA,NA,NA,1.89e-05
"DOCK5","Stem-cell-iPSC","ALZ","Wald ratio",1,0.003,0.017,1.003,0.88,NA,NA,NA,0.004716377
"NAALADL2","Stem-cell-iPSC","ALZ","Simple mode",3,0.003,0.019,1.003,0.881,0.393873168,0.307721661,0.422986241,1.77e-05
"ESCO1","Stem-cell-iPSC","ALZ","Wald ratio",1,-0.006,0.041,0.994,0.883,NA,NA,NA,2.92e-05
"SAP30BP","Stem-cell-iPSC","ALZ","Wald ratio",1,0.003,0.017,1.003,0.884,NA,NA,NA,4.45e-06
"LRRC8B","Stem-cell-iPSC","ALZ","Wald ratio",1,-0.002,0.016,0.998,0.886,NA,NA,NA,1.96e-06
"RYR2","Stem-cell-iPSC","ALZ","Wald ratio",1,-0.002,0.017,0.998,0.886,NA,NA,NA,1e-05
"RASGRF1","Stem-cell-iPSC","ALZ","Wald ratio",1,0.006,0.044,1.006,0.886,NA,NA,NA,6.14e-06
"RASGEF1B","Stem-cell-iPSC","ALZ","Wald ratio",1,-0.006,0.043,0.994,0.887,NA,NA,NA,0.000138927
"PDE1C","Stem-cell-iPSC","ALZ","Wald ratio",1,-0.003,0.018,0.997,0.887,NA,NA,NA,7.98e-06
"PIGP","Stem-cell-iPSC","ALZ","Wald ratio",1,0.002,0.017,1.002,0.888,NA,NA,NA,0.004925789
"LINC01448","Stem-cell-iPSC","ALZ","Inverse variance weighted",2,0.002,0.014,1.002,0.888,NA,0.572580797,NA,3.65e-06
"CNTNAP2","Stem-cell-iPSC","ALZ","Inverse variance weighted",5,0.001,0.007,1.001,0.888,0.584299407,0.672832112,0.571752326,3.58e-06
"SERGEF","Stem-cell-iPSC","ALZ","Wald ratio",1,-0.002,0.015,0.998,0.889,NA,NA,NA,0.000208287
"TMC1","Stem-cell-iPSC","ALZ","Wald ratio",1,-0.002,0.016,0.998,0.889,NA,NA,NA,0.000140568
"TRAV5","Stem-cell-iPSC","ALZ","Wald ratio",1,-0.002,0.015,0.998,0.891,NA,NA,NA,2.03e-06
"SIRT1","Stem-cell-iPSC","ALZ","Wald ratio",1,0.006,0.047,1.006,0.892,NA,NA,NA,7.79e-05
"GPC6-AS2","Stem-cell-iPSC","ALZ","Wald ratio",1,-0.002,0.015,0.998,0.893,NA,NA,NA,2.62e-05
"ART5","Stem-cell-iPSC","ALZ","Wald ratio",1,0.004,0.03,1.004,0.894,NA,NA,NA,0.006006097
"ZNF280D","Stem-cell-iPSC","ALZ","Wald ratio",1,-0.005,0.04,0.995,0.894,NA,NA,NA,1.9e-05
"LINC00871","Stem-cell-iPSC","ALZ","Wald ratio",1,-0.004,0.031,0.996,0.894,NA,NA,NA,1.01e-05
"DOK4","Stem-cell-iPSC","ALZ","Wald ratio",1,-0.01,0.072,0.991,0.895,NA,NA,NA,3.62e-05
"YBX1P6","Stem-cell-iPSC","ALZ","Wald ratio",1,-0.006,0.047,0.994,0.896,NA,NA,NA,0.002263943
"SEMA5B","Stem-cell-iPSC","ALZ","Wald ratio",1,0.002,0.012,1.002,0.896,NA,NA,NA,0.000891445
"COX10-AS1","Stem-cell-iPSC","ALZ","Wald ratio",1,-0.004,0.032,0.996,0.896,NA,NA,NA,2.31e-05
"LINC01619","Stem-cell-iPSC","ALZ","Wald ratio",1,0.004,0.034,1.004,0.897,NA,NA,NA,0.004211824
"VGLL3","Stem-cell-iPSC","ALZ","Wald ratio",1,0.005,0.042,1.005,0.897,NA,NA,NA,0.004990855
"RNU7-183P","Stem-cell-iPSC","ALZ","Wald ratio",1,0.002,0.013,1.002,0.897,NA,NA,NA,4.25e-06
"NRG3","Stem-cell-iPSC","ALZ","Inverse variance weighted",2,-0.002,0.013,0.998,0.897,NA,0.377589446,NA,6.47e-06
"SGCD","Stem-cell-iPSC","ALZ","Wald ratio",1,0.003,0.022,1.003,0.898,NA,NA,NA,2.73e-06
"SGK1","Stem-cell-iPSC","ALZ","Wald ratio",1,-0.002,0.016,0.998,0.898,NA,NA,NA,1.71e-06
"PRRC2B","Stem-cell-iPSC","ALZ","Wald ratio",1,0.002,0.015,1.002,0.898,NA,NA,NA,1.91e-06
"FOXF2","Stem-cell-iPSC","ALZ","Wald ratio",1,0.002,0.014,1.002,0.898,NA,NA,NA,0.005456902
"ERICH1-AS1","Stem-cell-iPSC","ALZ","Inverse variance weighted",2,0.003,0.027,1.003,0.899,NA,0.464704143,NA,1.41e-05
"KLF12","Stem-cell-iPSC","ALZ","Wald ratio",1,-0.004,0.03,0.996,0.899,NA,NA,NA,0.005895686
"TRA2A","Stem-cell-iPSC","ALZ","Wald ratio",1,0.006,0.05,1.006,0.899,NA,NA,NA,0.005036942
"KCNMA1-AS1","Stem-cell-iPSC","ALZ","Wald ratio",1,0.003,0.027,1.003,0.901,NA,NA,NA,1.13e-05
"SYNM","Stem-cell-iPSC","ALZ","Wald ratio",1,0.004,0.036,1.004,0.901,NA,NA,NA,0.006487197
"UNC13C","Stem-cell-iPSC","ALZ","Inverse variance weighted",2,-0.001,0.01,0.999,0.901,NA,0.556253841,NA,0.005389859
"LINC01362","Stem-cell-iPSC","ALZ","Inverse variance weighted",2,0.002,0.016,1.002,0.901,NA,0.577700335,NA,0.007098862
"RPL7P48","Stem-cell-iPSC","ALZ","Wald ratio",1,-0.004,0.034,0.996,0.901,NA,NA,NA,9e-06
"ROBO1","Stem-cell-iPSC","ALZ","Inverse variance weighted",2,0.003,0.022,1.003,0.902,NA,0.049205345,NA,2.26e-05
"RNU6-812P","Stem-cell-iPSC","ALZ","Wald ratio",1,-0.007,0.053,0.993,0.902,NA,NA,NA,0.00278273
"LINC01091","Stem-cell-iPSC","ALZ","Wald ratio",1,-0.006,0.051,0.994,0.903,NA,NA,NA,0.004285327
"DNAJC15","Stem-cell-iPSC","ALZ","Wald ratio",1,-0.02,0.161,0.981,0.903,NA,NA,NA,0.007379442
"AIM1","Stem-cell-iPSC","ALZ","Wald ratio",1,-0.006,0.046,0.994,0.904,NA,NA,NA,2.3e-05
"RN7SL361P","Stem-cell-iPSC","ALZ","Wald ratio",1,-0.004,0.032,0.996,0.904,NA,NA,NA,0.003916956
"RN7SKP207","Stem-cell-iPSC","ALZ","Wald ratio",1,-0.004,0.034,0.996,0.904,NA,NA,NA,0.000227035
"NAP1L4P3","Stem-cell-iPSC","ALZ","Wald ratio",1,0.006,0.052,1.006,0.906,NA,NA,NA,0.002421191
"AGAP1","Stem-cell-iPSC","ALZ","Wald ratio",1,-0.002,0.017,0.998,0.906,NA,NA,NA,3.19e-06
"NRXN1","Stem-cell-iPSC","ALZ","Inverse variance weighted",2,-0.003,0.028,0.997,0.906,NA,0.052902792,NA,9.53e-05
"PELI2","Stem-cell-iPSC","ALZ","Wald ratio",1,-0.003,0.027,0.997,0.906,NA,NA,NA,2.05e-06
"HIST1H2APS6","Stem-cell-iPSC","ALZ","Wald ratio",1,0.004,0.035,1.004,0.907,NA,NA,NA,0.000423662
"SH3RF1","Stem-cell-iPSC","ALZ","Wald ratio",1,0.005,0.04,1.005,0.907,NA,NA,NA,6.12e-05
"SLC25A21","Stem-cell-iPSC","ALZ","Wald ratio",1,-0.003,0.027,0.997,0.907,NA,NA,NA,1.97e-06
"OR1M4P","Stem-cell-iPSC","ALZ","Wald ratio",1,-0.002,0.014,0.998,0.908,NA,NA,NA,2.29e-05
"ALOX5AP","Stem-cell-iPSC","ALZ","Wald ratio",1,0.003,0.025,1.003,0.912,NA,NA,NA,1.22e-05
"FUNDC2P2","Stem-cell-iPSC","ALZ","Wald ratio",1,0.002,0.017,1.002,0.912,NA,NA,NA,3.6e-06
"MAGI1","Stem-cell-iPSC","ALZ","Wald ratio",1,0.002,0.015,1.002,0.912,NA,NA,NA,2.9e-06
"TMC2","Stem-cell-iPSC","ALZ","Wald ratio",1,0.003,0.027,1.003,0.912,NA,NA,NA,0.000248395
"KIAA1217","Stem-cell-iPSC","ALZ","Inverse variance weighted",2,-0.002,0.016,0.998,0.912,NA,0.25698587,NA,7.22e-05
"SNRPEP8","Stem-cell-iPSC","ALZ","Wald ratio",1,0.003,0.032,1.003,0.912,NA,NA,NA,0.000330222
"GRIN2B","Stem-cell-iPSC","ALZ","Inverse variance weighted",3,-0.002,0.02,0.998,0.913,0.374279969,0.332752815,0.445437904,1.68e-05
"DOCK2","Stem-cell-iPSC","ALZ","Wald ratio",1,-0.009,0.083,0.991,0.913,NA,NA,NA,5.59e-05
"FBXO40","Stem-cell-iPSC","ALZ","Wald ratio",1,0.001,0.013,1.001,0.914,NA,NA,NA,0.005096896
"ROR2","Stem-cell-iPSC","ALZ","Inverse variance weighted",2,-0.001,0.014,0.999,0.914,NA,0.348218095,NA,0.000184632
"PARP14","Stem-cell-iPSC","ALZ","Wald ratio",1,0.005,0.047,1.005,0.915,NA,NA,NA,3.36e-05
"ERC2","Stem-cell-iPSC","ALZ","Inverse variance weighted",2,0.001,0.009,1.001,0.916,NA,0.832698657,NA,1.93e-05
"CNTNAP2","Stem-cell-iPSC","ALZ","Weighted median",5,-0.001,0.008,0.999,0.918,0.584299407,0.672832112,0.571752326,3.58e-06
"RN7SKP199","Stem-cell-iPSC","ALZ","Wald ratio",1,0.004,0.035,1.004,0.919,NA,NA,NA,6.37e-05
"ADGRB3","Stem-cell-iPSC","ALZ","Wald ratio",1,-0.004,0.042,0.996,0.919,NA,NA,NA,5.75e-05
"SLC1A2","Stem-cell-iPSC","ALZ","Wald ratio",1,-0.002,0.017,0.998,0.919,NA,NA,NA,7.2e-06
"DISP1","Stem-cell-iPSC","ALZ","Wald ratio",1,0.002,0.018,1.002,0.92,NA,NA,NA,0.001891871
"GPC5","Stem-cell-iPSC","ALZ","Inverse variance weighted",2,-0.001,0.011,0.999,0.921,NA,0.659749883,NA,3.23e-06
"PYROXD2","Stem-cell-iPSC","ALZ","Wald ratio",1,0.002,0.019,1.002,0.922,NA,NA,NA,2.17e-05
"DOCK1","Stem-cell-iPSC","ALZ","Inverse variance weighted",2,0.001,0.015,1.001,0.923,NA,0.721840945,NA,2.79e-05
"PHF2","Stem-cell-iPSC","ALZ","Wald ratio",1,-0.004,0.043,0.996,0.923,NA,NA,NA,7.63e-05
"SYNE1","Stem-cell-iPSC","ALZ","Wald ratio",1,-0.002,0.017,0.998,0.924,NA,NA,NA,1.5e-05
"RIMS1","Stem-cell-iPSC","ALZ","Wald ratio",1,0.003,0.032,1.003,0.924,NA,NA,NA,1.58e-05
"DERA","Stem-cell-iPSC","ALZ","Wald ratio",1,0.004,0.037,1.004,0.924,NA,NA,NA,0.000262406
"ATG2B","Stem-cell-iPSC","ALZ","Wald ratio",1,-0.002,0.02,0.998,0.924,NA,NA,NA,6.99e-05
"VAV3","Stem-cell-iPSC","ALZ","Wald ratio",1,0.002,0.019,1.002,0.925,NA,NA,NA,0.005623948
"GACAT1","Stem-cell-iPSC","ALZ","Wald ratio",1,-0.006,0.066,0.994,0.925,NA,NA,NA,0.005486901
"ALPK1","Stem-cell-iPSC","ALZ","Wald ratio",1,-0.002,0.018,0.998,0.926,NA,NA,NA,4.12e-06
"KIF18A","Stem-cell-iPSC","ALZ","Wald ratio",1,0.002,0.017,1.002,0.926,NA,NA,NA,4.81e-06
"ADGRL3","Stem-cell-iPSC","ALZ","Wald ratio",1,-0.002,0.02,0.998,0.926,NA,NA,NA,3.43e-06
"LINC00251","Stem-cell-iPSC","ALZ","Wald ratio",1,-0.003,0.034,0.997,0.928,NA,NA,NA,4.79e-06
"ST13P12","Stem-cell-iPSC","ALZ","Wald ratio",1,0.001,0.015,1.001,0.928,NA,NA,NA,2.45e-06
"PTMAP5","Stem-cell-iPSC","ALZ","Inverse variance weighted",2,0.001,0.015,1.001,0.928,NA,0.890527163,NA,0.000337087
"SLC35F4","Stem-cell-iPSC","ALZ","Wald ratio",1,0.003,0.033,1.003,0.929,NA,NA,NA,4.4e-06
"LOXL4","Stem-cell-iPSC","ALZ","Wald ratio",1,-0.002,0.025,0.998,0.93,NA,NA,NA,0.000102192
"COL24A1","Stem-cell-iPSC","ALZ","Wald ratio",1,0.008,0.088,1.008,0.93,NA,NA,NA,0.007353712
"AOAH","Stem-cell-iPSC","ALZ","Wald ratio",1,-0.001,0.013,0.999,0.93,NA,NA,NA,0.000857335
"NRCAM","Stem-cell-iPSC","ALZ","Wald ratio",1,-0.001,0.013,0.999,0.93,NA,NA,NA,4.14e-05
"LINC01428","Stem-cell-iPSC","ALZ","Wald ratio",1,0.003,0.031,1.003,0.932,NA,NA,NA,4.28e-05
"SLC6A19","Stem-cell-iPSC","ALZ","Wald ratio",1,0.002,0.027,1.002,0.932,NA,NA,NA,0.000222619
"RN7SKP196","Stem-cell-iPSC","ALZ","Wald ratio",1,-0.002,0.028,0.998,0.933,NA,NA,NA,7.67e-06
"LGR4","Stem-cell-iPSC","ALZ","Wald ratio",1,0.001,0.016,1.001,0.934,NA,NA,NA,7.84e-06
"F11-AS1","Stem-cell-iPSC","ALZ","Wald ratio",1,0.004,0.052,1.004,0.934,NA,NA,NA,0.000929709
"BACE2","Stem-cell-iPSC","ALZ","Wald ratio",1,0.002,0.029,1.002,0.934,NA,NA,NA,0.000851087
"SUMO2P13","Stem-cell-iPSC","ALZ","Wald ratio",1,-0.003,0.041,0.997,0.936,NA,NA,NA,0.004775029
"TNR","Stem-cell-iPSC","ALZ","Wald ratio",1,-0.002,0.02,0.998,0.936,NA,NA,NA,2.19e-06
"TNFRSF10C","Stem-cell-iPSC","ALZ","Wald ratio",1,-0.002,0.021,0.998,0.936,NA,NA,NA,6.97e-06
"DOCK4","Stem-cell-iPSC","ALZ","Wald ratio",1,0.002,0.019,1.002,0.936,NA,NA,NA,1.47e-06
"RNU4ATAC8P","Stem-cell-iPSC","ALZ","Wald ratio",1,0.001,0.017,1.001,0.936,NA,NA,NA,0.001258563
"PKP4","Stem-cell-iPSC","ALZ","Wald ratio",1,0.001,0.015,1.001,0.937,NA,NA,NA,2.5e-06
"TCEA3","Stem-cell-iPSC","ALZ","Wald ratio",1,0.001,0.018,1.001,0.937,NA,NA,NA,2.77e-05
"CDKAL1","Stem-cell-iPSC","ALZ","Wald ratio",1,-0.003,0.04,0.997,0.938,NA,NA,NA,2.12e-05
"ALDH18A1","Stem-cell-iPSC","ALZ","Wald ratio",1,0.002,0.02,1.002,0.94,NA,NA,NA,1.11e-05
"PCBP3","Stem-cell-iPSC","ALZ","Wald ratio",1,0.001,0.016,1.001,0.94,NA,NA,NA,2.98e-06
"NPC1","Stem-cell-iPSC","ALZ","Wald ratio",1,0.001,0.018,1.001,0.94,NA,NA,NA,2.46e-06
"ABCC13","Stem-cell-iPSC","ALZ","Wald ratio",1,0.003,0.048,1.003,0.942,NA,NA,NA,0.006160428
"MIR4425","Stem-cell-iPSC","ALZ","Wald ratio",1,0.002,0.022,1.002,0.943,NA,NA,NA,5.16e-06
"EGFLAM","Stem-cell-iPSC","ALZ","Wald ratio",1,0.001,0.014,1.001,0.943,NA,NA,NA,6.23e-06
"S100A7","Stem-cell-iPSC","ALZ","Wald ratio",1,-0.001,0.016,0.999,0.943,NA,NA,NA,1.9e-06
"ABCA13","Stem-cell-iPSC","ALZ","Wald ratio",1,0.002,0.028,1.002,0.944,NA,NA,NA,0.004838322
"RPL31P35","Stem-cell-iPSC","ALZ","Wald ratio",1,-0.002,0.026,0.998,0.944,NA,NA,NA,0.000386442
"PCDH9","Stem-cell-iPSC","ALZ","Inverse variance weighted",2,0.004,0.052,1.004,0.944,NA,0.021471903,NA,0.064784113
"RB1CC1","Stem-cell-iPSC","ALZ","Wald ratio",1,0.002,0.024,1.002,0.944,NA,NA,NA,4.36e-06
"DLGAP1-AS4","Stem-cell-iPSC","ALZ","Wald ratio",1,-0.002,0.029,0.998,0.944,NA,NA,NA,4.23e-05
"ADARB2","Stem-cell-iPSC","ALZ","Inverse variance weighted",2,-0.001,0.017,0.999,0.945,NA,0.59950743,NA,0.000673872
"TACC3","Stem-cell-iPSC","ALZ","Wald ratio",1,0.001,0.014,1.001,0.945,NA,NA,NA,0.000624677
"PSMF1","Stem-cell-iPSC","ALZ","Wald ratio",1,0.001,0.02,1.001,0.946,NA,NA,NA,0.000625644
"CCSER1","Stem-cell-iPSC","ALZ","Weighted mode",3,-0.001,0.015,0.999,0.947,0.213730158,0.446776695,0.870848382,0.000116819
"FHOD3","Stem-cell-iPSC","ALZ","Wald ratio",1,-0.001,0.016,0.999,0.947,NA,NA,NA,1.13e-05
"CCSER1","Stem-cell-iPSC","ALZ","Weighted median",3,-0.001,0.016,0.999,0.947,0.213730158,0.446776695,0.870848382,0.000116819
"RAD23BLP","Stem-cell-iPSC","ALZ","Wald ratio",1,0.002,0.024,1.002,0.948,NA,NA,NA,3.91e-06
"SP100","Stem-cell-iPSC","ALZ","Wald ratio",1,-0.001,0.018,0.999,0.948,NA,NA,NA,1.86e-05
"RPL5P26","Stem-cell-iPSC","ALZ","Wald ratio",1,0.001,0.017,1.001,0.949,NA,NA,NA,0.000969622
"GFRA1","Stem-cell-iPSC","ALZ","Inverse variance weighted",2,0.002,0.027,1.002,0.949,NA,0.713194924,NA,2.26e-05
"SORCS1","Stem-cell-iPSC","ALZ","Wald ratio",1,-0.001,0.016,0.999,0.949,NA,NA,NA,0.000156861
"PARD3B","Stem-cell-iPSC","ALZ","Wald ratio",1,0.001,0.015,1.001,0.95,NA,NA,NA,1.13e-06
"BIVM","Stem-cell-iPSC","ALZ","Wald ratio",1,-0.002,0.029,0.998,0.951,NA,NA,NA,0.004810807
"SPOCK2","Stem-cell-iPSC","ALZ","Wald ratio",1,-0.003,0.041,0.997,0.951,NA,NA,NA,0.00482045
"PTP4A1P4","Stem-cell-iPSC","ALZ","Inverse variance weighted",2,-0.001,0.017,0.999,0.951,NA,0.73758454,NA,0.000313161
"ARC","Stem-cell-iPSC","ALZ","Wald ratio",1,-0.003,0.043,0.997,0.952,NA,NA,NA,0.000103833
"TSPAN5","Stem-cell-iPSC","ALZ","Wald ratio",1,0.002,0.027,1.002,0.952,NA,NA,NA,0.005369004
"MIR3924","Stem-cell-iPSC","ALZ","Wald ratio",1,-0.001,0.017,0.999,0.952,NA,NA,NA,2.72e-06
"GUCY2GP","Stem-cell-iPSC","ALZ","Wald ratio",1,-0.002,0.04,0.998,0.953,NA,NA,NA,0.000349321
"HCRTR2","Stem-cell-iPSC","ALZ","Wald ratio",1,0.005,0.077,1.005,0.953,NA,NA,NA,0.005865487
"NELL1","Stem-cell-iPSC","ALZ","Inverse variance weighted",2,-0.001,0.013,0.999,0.954,NA,0.331337322,NA,1.7e-06
"LRRC15","Stem-cell-iPSC","ALZ","Wald ratio",1,0.005,0.086,1.005,0.954,NA,NA,NA,0.000209008
"COL26A1","Stem-cell-iPSC","ALZ","Wald ratio",1,-0.001,0.014,0.999,0.954,NA,NA,NA,5.85e-06
"IL34","Stem-cell-iPSC","ALZ","Wald ratio",1,0.001,0.023,1.001,0.954,NA,NA,NA,4.6e-05
"PNMAL1","Stem-cell-iPSC","ALZ","Wald ratio",1,-0.002,0.028,0.998,0.957,NA,NA,NA,0.005469768
"CACUL1","Stem-cell-iPSC","ALZ","Wald ratio",1,0.001,0.013,1.001,0.957,NA,NA,NA,0.002340851
"LINC00968","Stem-cell-iPSC","ALZ","Wald ratio",1,-0.001,0.018,0.999,0.957,NA,NA,NA,3.32e-05
"ADAM12","Stem-cell-iPSC","ALZ","Inverse variance weighted",2,0.001,0.02,1.001,0.959,NA,0.082075734,NA,1.81e-05
"RPS14P7","Stem-cell-iPSC","ALZ","Wald ratio",1,0.001,0.027,1.001,0.959,NA,NA,NA,8.25e-06
"EPHA5","Stem-cell-iPSC","ALZ","Wald ratio",1,0.001,0.028,1.001,0.96,NA,NA,NA,1.65e-05
"ICE2P2","Stem-cell-iPSC","ALZ","Wald ratio",1,-0.001,0.014,0.999,0.96,NA,NA,NA,0.004345118
"TXNRD2","Stem-cell-iPSC","ALZ","Wald ratio",1,0.002,0.033,1.002,0.96,NA,NA,NA,7.82e-06
"PAPPA","Stem-cell-iPSC","ALZ","Wald ratio",1,0.001,0.026,1.001,0.961,NA,NA,NA,1.17e-05
"PCSK5","Stem-cell-iPSC","ALZ","Wald ratio",1,0.002,0.032,1.002,0.962,NA,NA,NA,2.38e-05
"C1orf109","Stem-cell-iPSC","ALZ","Wald ratio",1,-0.001,0.03,0.999,0.962,NA,NA,NA,2.61e-05
"PRKAG2","Stem-cell-iPSC","ALZ","Wald ratio",1,0.001,0.015,1.001,0.963,NA,NA,NA,0.002245688
"RSPO3","Stem-cell-iPSC","ALZ","Wald ratio",1,-0.001,0.029,0.999,0.967,NA,NA,NA,3.37e-05
"TBX18","Stem-cell-iPSC","ALZ","Wald ratio",1,-0.001,0.035,0.999,0.967,NA,NA,NA,0.004874311
"SSUH2","Stem-cell-iPSC","ALZ","Wald ratio",1,0.001,0.016,1.001,0.967,NA,NA,NA,4.65e-06
"CLIC5","Stem-cell-iPSC","ALZ","Wald ratio",1,0,0.012,1,0.968,NA,NA,NA,0.003087138
"ANGPT1","Stem-cell-iPSC","ALZ","Inverse variance weighted",2,0.001,0.018,1.001,0.968,NA,0.216872414,NA,0.003878342
"ZSCAN18","Stem-cell-iPSC","ALZ","Wald ratio",1,0.001,0.022,1.001,0.968,NA,NA,NA,6.78e-06
"GRK5","Stem-cell-iPSC","ALZ","Wald ratio",1,-0.001,0.018,0.999,0.968,NA,NA,NA,4.29e-06
"LYRM4","Stem-cell-iPSC","ALZ","Wald ratio",1,0.001,0.029,1.001,0.968,NA,NA,NA,0.00502217
"B4GALT5","Stem-cell-iPSC","ALZ","Wald ratio",1,0.002,0.061,1.002,0.969,NA,NA,NA,0.000332586
"SEPT2P1","Stem-cell-iPSC","ALZ","Wald ratio",1,0.001,0.014,1.001,0.97,NA,NA,NA,0.000626195
"SLC9A9","Stem-cell-iPSC","ALZ","Wald ratio",1,0.001,0.035,1.001,0.97,NA,NA,NA,1.73e-05
"DAPK1","Stem-cell-iPSC","ALZ","Wald ratio",1,-0.001,0.017,0.999,0.972,NA,NA,NA,2.68e-05
"SBF2","Stem-cell-iPSC","ALZ","Wald ratio",1,0.001,0.018,1.001,0.972,NA,NA,NA,0.001073773
"TFEC","Stem-cell-iPSC","ALZ","Wald ratio",1,-0.001,0.035,0.999,0.973,NA,NA,NA,8.35e-06
"NPSR1","Stem-cell-iPSC","ALZ","Wald ratio",1,-0.001,0.017,0.999,0.974,NA,NA,NA,0.000100222
"CYB5A","Stem-cell-iPSC","ALZ","Wald ratio",1,0.001,0.038,1.001,0.976,NA,NA,NA,0.000101155
"RPL7L1P9","Stem-cell-iPSC","ALZ","Wald ratio",1,0,0.015,1,0.976,NA,NA,NA,3.22e-06
"AKAP7","Stem-cell-iPSC","ALZ","Wald ratio",1,-0.002,0.081,0.998,0.977,NA,NA,NA,0.006710529
"LINC00929","Stem-cell-iPSC","ALZ","Wald ratio",1,0,0.014,1,0.977,NA,NA,NA,5.26e-06
"MOB3B","Stem-cell-iPSC","ALZ","Wald ratio",1,0,0.016,1,0.978,NA,NA,NA,3.65e-06
"GALNTL5","Stem-cell-iPSC","ALZ","Wald ratio",1,0.002,0.055,1.002,0.978,NA,NA,NA,3.9e-05
"PROM1","Stem-cell-iPSC","ALZ","Wald ratio",1,0.001,0.027,1.001,0.978,NA,NA,NA,1.22e-05
"BMPR1B","Stem-cell-iPSC","ALZ","Inverse variance weighted",2,0,0.016,1,0.979,NA,0.679797381,NA,3.78e-05
"CDH11","Stem-cell-iPSC","ALZ","Wald ratio",1,0.001,0.045,1.001,0.979,NA,NA,NA,1.44e-05
"NEPNP","Stem-cell-iPSC","ALZ","Wald ratio",1,-0.001,0.05,0.999,0.981,NA,NA,NA,0.000181666
"SLC39A9","Stem-cell-iPSC","ALZ","Wald ratio",1,0,0.02,1,0.981,NA,NA,NA,4.78e-06
"OLFML3","Stem-cell-iPSC","ALZ","Inverse variance weighted",2,0.001,0.023,1.001,0.982,NA,0.69316282,NA,0.005308499
"SGMS1","Stem-cell-iPSC","ALZ","Wald ratio",1,0.001,0.033,1.001,0.984,NA,NA,NA,0.004470364
"ADAMTS12","Stem-cell-iPSC","ALZ","Wald ratio",1,0,0.015,1,0.984,NA,NA,NA,7.64e-05
"UPP2","Stem-cell-iPSC","ALZ","Wald ratio",1,0,0.016,1,0.984,NA,NA,NA,5.96e-06
"CHMP7","Stem-cell-iPSC","ALZ","Wald ratio",1,0,0.013,1,0.985,NA,NA,NA,0.005136063
"LDHC","Stem-cell-iPSC","ALZ","Wald ratio",1,0,0.02,1,0.985,NA,NA,NA,0.000526805
"RGS9","Stem-cell-iPSC","ALZ","Wald ratio",1,-0.001,0.047,0.999,0.985,NA,NA,NA,4.28e-06
"LINC01307","Stem-cell-iPSC","ALZ","Wald ratio",1,-0.001,0.044,0.999,0.985,NA,NA,NA,0.002356439
"KIAA1429","Stem-cell-iPSC","ALZ","Wald ratio",1,-0.001,0.03,0.999,0.985,NA,NA,NA,1.84e-05
"KCNQ3","Stem-cell-iPSC","ALZ","MR Egger",3,-0.001,0.048,0.999,0.986,0.244671503,0.490463612,0.856338611,5.68e-06
"IRF7","Stem-cell-iPSC","ALZ","Wald ratio",1,-0.001,0.036,0.999,0.986,NA,NA,NA,4.11e-05
"PPM1AP1","Stem-cell-iPSC","ALZ","Wald ratio",1,0,0.021,1,0.988,NA,NA,NA,0.000459201
"STXBP6","Stem-cell-iPSC","ALZ","Inverse variance weighted",2,0,0.027,1,0.988,NA,0.051256157,NA,0.000181935
"DLG2","Stem-cell-iPSC","ALZ","MR Egger",4,0.001,0.039,1.001,0.99,0.685767284,0.82764694,0.747350645,0.000468491
"LINC00540","Stem-cell-iPSC","ALZ","Weighted median",3,0.016,1.308,1.016,0.99,0.327550285,0.315122138,0.45229493,4.54e-06
"RASGRP3","Stem-cell-iPSC","ALZ","Inverse variance weighted",2,0.001,0.053,1.001,0.991,NA,0.012203584,NA,5.31e-05
"PNPT1","Stem-cell-iPSC","ALZ","Wald ratio",1,0,0.013,1,0.992,NA,NA,NA,8.56e-06
"KCNH1","Stem-cell-iPSC","ALZ","Wald ratio",1,0,0.016,1,0.992,NA,NA,NA,9.4e-06
"PCA3","Stem-cell-iPSC","ALZ","Wald ratio",1,0,0.014,1,0.992,NA,NA,NA,0.000194341
"LINC01603","Stem-cell-iPSC","ALZ","Wald ratio",1,0,0.017,1,0.992,NA,NA,NA,2.09e-06
"RPL10L","Stem-cell-iPSC","ALZ","Wald ratio",1,0,0.042,1,0.992,NA,NA,NA,0.000224283
"CNTN5","Stem-cell-iPSC","ALZ","Wald ratio",1,0,0.017,1,0.992,NA,NA,NA,6.14e-06
"LINC01019","Stem-cell-iPSC","ALZ","Wald ratio",1,0,0.026,1,0.992,NA,NA,NA,2.17e-05
"NKAIN3","Stem-cell-iPSC","ALZ","Inverse variance weighted",2,0,0.036,1,0.993,NA,0.028178205,NA,0.056820604
"RPL23AP22","Stem-cell-iPSC","ALZ","Wald ratio",1,0,0.038,1,0.993,NA,NA,NA,0.004907544
"LINC00700","Stem-cell-iPSC","ALZ","Wald ratio",1,0,0.049,1,0.993,NA,NA,NA,0.001679423
"PRKG1","Stem-cell-iPSC","ALZ","Simple mode",3,0,0.049,1,0.993,0.140331925,0.009887961,0.32256501,0.001862239
"KLHL1","Stem-cell-iPSC","ALZ","Wald ratio",1,0,0.024,1,0.995,NA,NA,NA,1.69e-05
"DKK2","Stem-cell-iPSC","ALZ","Inverse variance weighted",2,0,0.025,1,0.998,NA,0.640347911,NA,4.29e-05
"PSD3","Stem-cell-iPSC","ALZ","Inverse variance weighted",2,0,0.01,1,0.999,NA,0.624210826,NA,2.45e-05
"VCAN","Stem-cell-iPSC","ALZ","Wald ratio",1,0,0.013,1,1,NA,NA,NA,0.000246243
"DGKI","Stem-cell-iPSC","ALZ","Wald ratio",1,0,0.028,1,1,NA,NA,NA,3.44e-06
"UBR3","Stem-cell-iPSC","ALZ","Wald ratio",1,0,0.037,1,1,NA,NA,NA,5.62e-05
"NHLH2","Stem-cell-iPSC","ALZ","Wald ratio",1,0,0.03,1,1,NA,NA,NA,0.000176537
"RNU6-755P","Stem-cell-iPSC","ALZ","Wald ratio",1,0,0.028,1,1,NA,NA,NA,6.71e-05
