"Gene","Tissue","Psychiatric.disorder","Method","Nsnp","Beta","SE","OR","P.value","Q_Pvalue.MREgger.","Q_Pvalue.IVW.","P.value.Intercept.","PPH4"
"CNTNAP2","Stem-cell-iPSC","BP","sQTL","Weighted median",5,-0.006,148.413,0.00862,0.466151631,0.001960917,0.001867525,0.549206367
"ERC2","Stem-cell-iPSC","BP","sQTL","Inverse variance weighted",2,-0.003,7.389,0.00884,0.700062414,NA,0.493857122,NA
"MAGI2","Stem-cell-iPSC","BP","sQTL","Inverse variance weighted",4,0.006,54.598,0.00955,0.513473334,0.692050725,0.694404071,0.487760113
"KCNIP4","Stem-cell-iPSC","BP","sQTL","Inverse variance weighted",3,0.003,20.086,0.0101,0.75978352,0.41047834,0.341733542,0.439055796
"GPC5","Stem-cell-iPSC","BP","sQTL","Inverse variance weighted",2,0.01,7.389,0.0104,0.326746391,NA,0.402881581,NA
"LINC01090","Stem-cell-iPSC","BP","sQTL","Inverse variance weighted",2,0.011,7.389,0.0105,0.30091259,NA,0.340703249,NA
"AUTS2","Stem-cell-iPSC","BP","sQTL","Inverse variance weighted",2,-0.005,7.389,0.0106,0.630131954,NA,0.858528083,NA
"ROBO1","Stem-cell-iPSC","BP","sQTL","Inverse variance weighted",2,-0.003,7.389,0.0107,0.760700809,NA,0.657969132,NA
"ADAM12","Stem-cell-iPSC","BP","sQTL","Inverse variance weighted",2,0.005,7.389,0.0108,0.662790019,NA,0.908182422,NA
"ADAMTS17","Stem-cell-iPSC","BP","sQTL","Inverse variance weighted",2,0.003,7.389,0.0109,0.803731418,NA,0.384250179,NA
"MEAF6P1","Stem-cell-iPSC","BP","sQTL","Wald ratio",1,0.003,2.718,0.0109,0.771868758,NA,NA,NA
"ROBO2","Stem-cell-iPSC","BP","sQTL","Inverse variance weighted",3,-0.031,20.086,0.011,0.005359892,0.443580158,0.709541543,0.805688253
"WWOX","Stem-cell-iPSC","BP","sQTL","Inverse variance weighted",2,0.011,7.389,0.011,0.303107161,NA,0.425806849,NA
"RNU6-1012P","Stem-cell-iPSC","BP","sQTL","Wald ratio",1,-0.006,2.718,0.0112,0.620709161,NA,NA,NA
"DLG2","Stem-cell-iPSC","BP","sQTL","Inverse variance weighted",4,-0.008,54.598,0.0112,0.464058919,0.871663124,0.964445941,0.972931057
"NME7","Stem-cell-iPSC","BP","sQTL","Wald ratio",1,0.017,2.718,0.0113,0.121738848,NA,NA,NA
"ERBB4","Stem-cell-iPSC","BP","sQTL","Inverse variance weighted",2,0.023,7.389,0.0113,0.040808732,NA,0.670423806,NA
"OSBPL10","Stem-cell-iPSC","BP","sQTL","Inverse variance weighted",3,0.04,20.086,0.0113,0.000443533,0.799781152,0.968140351,0.986830274
"OSBPL1A","Stem-cell-iPSC","BP","sQTL","Inverse variance weighted",2,0.021,7.389,0.0113,0.067474968,NA,0.543574076,NA
"GFPT2","Stem-cell-iPSC","BP","sQTL","Wald ratio",1,-0.002,2.718,0.0113,0.886323955,NA,NA,NA
"KCNQ3","Stem-cell-iPSC","BP","sQTL","Inverse variance weighted",3,0.005,20.086,0.0113,0.632598278,0.709582804,0.738284108,0.617991399
"PTPRD","Stem-cell-iPSC","BP","sQTL","Weighted mode",4,-0.003,54.598,0.0114,0.80322041,0.275924204,0.118465835,0.25115697
"RPS3AP1","Stem-cell-iPSC","BP","sQTL","Inverse variance weighted",2,0.025,7.389,0.0114,0.0299736,NA,0.860044291,NA
"RPL30P3","Stem-cell-iPSC","BP","sQTL","Wald ratio",1,-0.007,2.718,0.0114,0.518442944,NA,NA,NA
"CLSTN2","Stem-cell-iPSC","BP","sQTL","Inverse variance weighted",2,0,7.389,0.0115,0.98885867,NA,0.786588773,NA
"PUS7L","Stem-cell-iPSC","BP","sQTL","Wald ratio",1,-0.009,2.718,0.0115,0.422530921,NA,NA,NA
"LINC01088","Stem-cell-iPSC","BP","sQTL","Wald ratio",1,0.041,2.718,0.0115,0.000323172,NA,NA,NA
"DAB2","Stem-cell-iPSC","BP","sQTL","Inverse variance weighted",2,-0.02,7.389,0.0115,0.087702651,NA,0.26560085,NA
"SORCS2","Stem-cell-iPSC","BP","sQTL","Inverse variance weighted",2,-0.011,7.389,0.0115,0.356159479,NA,0.918940444,NA
"CSMD3","Stem-cell-iPSC","BP","sQTL","Wald ratio",1,-0.005,2.718,0.0116,0.678407819,NA,NA,NA
"NRSN1","Stem-cell-iPSC","BP","sQTL","Wald ratio",1,-0.003,2.718,0.0116,0.787811341,NA,NA,NA
"CLIC5","Stem-cell-iPSC","BP","sQTL","Wald ratio",1,0,2.718,0.0117,0.991512451,NA,NA,NA
"IMMP2L","Stem-cell-iPSC","BP","sQTL","Inverse variance weighted",2,-0.013,7.389,0.0117,0.284984362,NA,0.739234081,NA
"BUD13","Stem-cell-iPSC","BP","sQTL","Wald ratio",1,-0.008,2.718,0.0118,0.502735583,NA,NA,NA
"ASIC2","Stem-cell-iPSC","BP","sQTL","Inverse variance weighted",2,-0.013,7.389,0.0118,0.256914594,NA,0.289069432,NA
"FBXO40","Stem-cell-iPSC","BP","sQTL","Wald ratio",1,-0.027,2.718,0.0118,0.024438073,NA,NA,NA
"SEMA5B","Stem-cell-iPSC","BP","sQTL","Wald ratio",1,0.006,2.718,0.0118,0.606149601,NA,NA,NA
"CCL28","Stem-cell-iPSC","BP","sQTL","Wald ratio",1,0.011,2.718,0.0119,0.372398867,NA,NA,NA
"RARB","Stem-cell-iPSC","BP","sQTL","Wald ratio",1,-0.039,2.718,0.012,0.001175628,NA,NA,NA
"UTS2B","Stem-cell-iPSC","BP","sQTL","Wald ratio",1,0.005,2.718,0.012,0.70089158,NA,NA,NA
"TXNL1","Stem-cell-iPSC","BP","sQTL","Wald ratio",1,0.01,2.718,0.012,0.414434126,NA,NA,NA
"AKAP6","Stem-cell-iPSC","BP","sQTL","Wald ratio",1,0.017,2.718,0.012,0.163205354,NA,NA,NA
"RNU7-183P","Stem-cell-iPSC","BP","sQTL","Wald ratio",1,0.018,2.718,0.012,0.128262381,NA,NA,NA
"FAM227A","Stem-cell-iPSC","BP","sQTL","Wald ratio",1,-0.032,2.718,0.012,0.008039336,NA,NA,NA
"SVIL","Stem-cell-iPSC","BP","sQTL","Wald ratio",1,0.009,2.718,0.0121,0.470796967,NA,NA,NA
"CDH13","Stem-cell-iPSC","BP","sQTL","Weighted median",3,-0.019,20.086,0.0121,0.123314097,0.027508474,0.057195249,0.745949774
"ZDHHC20-IT1","Stem-cell-iPSC","BP","sQTL","Wald ratio",1,0.001,2.718,0.0121,0.906894159,NA,NA,NA
"GAPDHP28","Stem-cell-iPSC","BP","sQTL","Wald ratio",1,-0.015,2.718,0.0121,0.214223388,NA,NA,NA
"LINC01104","Stem-cell-iPSC","BP","sQTL","Wald ratio",1,0,2.718,0.0121,0.983380269,NA,NA,NA
"PTPRQ","Stem-cell-iPSC","BP","sQTL","Inverse variance weighted",2,-0.004,7.389,0.0121,0.749566807,NA,0.921717736,NA
"CD36","Stem-cell-iPSC","BP","sQTL","Wald ratio",1,-0.002,2.718,0.0122,0.877014255,NA,NA,NA
"LMO4","Stem-cell-iPSC","BP","sQTL","Wald ratio",1,0.005,2.718,0.0122,0.664935177,NA,NA,NA
"CREB5","Stem-cell-iPSC","BP","sQTL","Inverse variance weighted",2,0.022,7.389,0.0122,0.065651454,NA,0.8958544,NA
"VCAN","Stem-cell-iPSC","BP","sQTL","Wald ratio",1,-0.012,2.718,0.0123,0.332004916,NA,NA,NA
"TPO","Stem-cell-iPSC","BP","sQTL","Wald ratio",1,-0.023,2.718,0.0123,0.05811261,NA,NA,NA
"PDHX","Stem-cell-iPSC","BP","sQTL","Inverse variance weighted",2,0,7.389,0.0123,0.980189006,NA,0.653326769,NA
"PNPT1","Stem-cell-iPSC","BP","sQTL","Wald ratio",1,0.013,2.718,0.0123,0.292517862,NA,NA,NA
"AOAH","Stem-cell-iPSC","BP","sQTL","Wald ratio",1,-0.007,2.718,0.0123,0.591448703,NA,NA,NA
"FAT3","Stem-cell-iPSC","BP","sQTL","Wald ratio",1,-0.016,2.718,0.0123,0.20167987,NA,NA,NA
"LINC00698","Stem-cell-iPSC","BP","sQTL","Wald ratio",1,0.016,2.718,0.0123,0.196372775,NA,NA,NA
"OR4D5","Stem-cell-iPSC","BP","sQTL","Wald ratio",1,0.01,2.718,0.0123,0.438562784,NA,NA,NA
"EVA1C","Stem-cell-iPSC","BP","sQTL","Wald ratio",1,-0.006,2.718,0.0123,0.602026272,NA,NA,NA
"CHMP7","Stem-cell-iPSC","BP","sQTL","Wald ratio",1,-0.002,2.718,0.0124,0.870206607,NA,NA,NA
"CDK14","Stem-cell-iPSC","BP","sQTL","Inverse variance weighted",3,-0.009,20.086,0.0124,0.442499698,0.208198564,0.372290599,0.706034432
"RPSAP74","Stem-cell-iPSC","BP","sQTL","Wald ratio",1,0.005,2.718,0.0124,0.702634579,NA,NA,NA
"MIR548XHG","Stem-cell-iPSC","BP","sQTL","Wald ratio",1,0.015,2.718,0.0124,0.237738551,NA,NA,NA
"ROR2","Stem-cell-iPSC","BP","sQTL","Inverse variance weighted",2,0.011,7.389,0.0125,0.363452932,NA,0.968057568,NA
"INADL","Stem-cell-iPSC","BP","sQTL","Wald ratio",1,-0.008,2.718,0.0125,0.532111096,NA,NA,NA
"GALC","Stem-cell-iPSC","BP","sQTL","Wald ratio",1,-0.01,2.718,0.0125,0.445697518,NA,NA,NA
"DBP1","Stem-cell-iPSC","BP","sQTL","Wald ratio",1,-0.003,2.718,0.0125,0.784053407,NA,NA,NA
"CPS1","Stem-cell-iPSC","BP","sQTL","Wald ratio",1,-0.031,2.718,0.0125,0.012776466,NA,NA,NA
"PRRC2C","Stem-cell-iPSC","BP","sQTL","Wald ratio",1,0.027,2.718,0.0125,0.029302892,NA,NA,NA
"CACUL1","Stem-cell-iPSC","BP","sQTL","Wald ratio",1,0.013,2.718,0.0125,0.317507094,NA,NA,NA
"RIN2","Stem-cell-iPSC","BP","sQTL","Wald ratio",1,0.011,2.718,0.0125,0.372398867,NA,NA,NA
"TACC2","Stem-cell-iPSC","BP","sQTL","Wald ratio",1,0.01,2.718,0.0126,0.438562784,NA,NA,NA
"RHBDD1","Stem-cell-iPSC","BP","sQTL","Wald ratio",1,-0.003,2.718,0.0126,0.82487048,NA,NA,NA
"FOXF2","Stem-cell-iPSC","BP","sQTL","Wald ratio",1,-0.008,2.718,0.0126,0.531197332,NA,NA,NA
"MTCO1P43","Stem-cell-iPSC","BP","sQTL","Wald ratio",1,-0.004,2.718,0.0126,0.731593971,NA,NA,NA
"UGT2B7","Stem-cell-iPSC","BP","sQTL","Wald ratio",1,0.022,2.718,0.0127,0.077740958,NA,NA,NA
"C10orf35","Stem-cell-iPSC","BP","sQTL","Wald ratio",1,-0.006,2.718,0.0127,0.609491942,NA,NA,NA
"CDH18","Stem-cell-iPSC","BP","sQTL","Inverse variance weighted",2,0.002,7.389,0.0127,0.900951418,NA,0.473431284,NA
"SMYD1","Stem-cell-iPSC","BP","sQTL","Wald ratio",1,-0.012,2.718,0.0127,0.35990348,NA,NA,NA
"SMYD3","Stem-cell-iPSC","BP","sQTL","Inverse variance weighted",2,-0.008,7.389,0.0128,0.530239048,NA,0.427352753,NA
"NRCAM","Stem-cell-iPSC","BP","sQTL","Wald ratio",1,-0.026,2.718,0.0128,0.043290041,NA,NA,NA
"FAM174B","Stem-cell-iPSC","BP","sQTL","Wald ratio",1,0.006,2.718,0.0128,0.613487203,NA,NA,NA
"NAALADL2","Stem-cell-iPSC","BP","sQTL","Inverse variance weighted",3,0.004,20.086,0.0128,0.776419284,0.708194747,0.559173776,0.496458284
"CTNNA3","Stem-cell-iPSC","BP","sQTL","Inverse variance weighted",2,0.002,7.389,0.0128,0.847616812,NA,0.718272742,NA
"CNTN3","Stem-cell-iPSC","BP","sQTL","Wald ratio",1,-0.013,2.718,0.0128,0.327135482,NA,NA,NA
"RPTOR","Stem-cell-iPSC","BP","sQTL","Inverse variance weighted",2,0.035,7.389,0.0128,0.006277952,NA,0.35708942,NA
"FAM155A","Stem-cell-iPSC","BP","sQTL","Wald ratio",1,-0.006,2.718,0.0129,0.668324075,NA,NA,NA
"RN7SKP122","Stem-cell-iPSC","BP","sQTL","Wald ratio",1,0.034,2.718,0.0129,0.00848639,NA,NA,NA
"CD14","Stem-cell-iPSC","BP","sQTL","Wald ratio",1,-0.017,2.718,0.0129,0.17729315,NA,NA,NA
"ABCC9","Stem-cell-iPSC","BP","sQTL","Wald ratio",1,0.001,2.718,0.0129,0.925341244,NA,NA,NA
"MIER2","Stem-cell-iPSC","BP","sQTL","Wald ratio",1,0.006,2.718,0.0129,0.638835781,NA,NA,NA
"KIAA1217","Stem-cell-iPSC","BP","sQTL","Inverse variance weighted",2,0.002,7.389,0.0129,0.858974251,NA,0.647899647,NA
"LCP1","Stem-cell-iPSC","BP","sQTL","Wald ratio",1,-0.013,2.718,0.0129,0.33315274,NA,NA,NA
"GLI3","Stem-cell-iPSC","BP","sQTL","Wald ratio",1,0.017,2.718,0.0129,0.181307693,NA,NA,NA
"PCA3","Stem-cell-iPSC","BP","sQTL","Wald ratio",1,0.02,2.718,0.013,0.11824429,NA,NA,NA
"SLC24A3","Stem-cell-iPSC","BP","sQTL","Inverse variance weighted",2,-0.002,7.389,0.013,0.867662208,NA,0.183260394,NA
"KRT18P17","Stem-cell-iPSC","BP","sQTL","Wald ratio",1,-0.016,2.718,0.013,0.205508083,NA,NA,NA
"UGGT1","Stem-cell-iPSC","BP","sQTL","Wald ratio",1,-0.01,2.718,0.013,0.462678002,NA,NA,NA
"TCP11L1","Stem-cell-iPSC","BP","sQTL","Wald ratio",1,-0.018,2.718,0.013,0.164794516,NA,NA,NA
"TENM4","Stem-cell-iPSC","BP","sQTL","Weighted median",3,0.018,20.086,0.013,0.178352416,0.026008375,0.082232389,0.942287027
"DDX10","Stem-cell-iPSC","BP","sQTL","Wald ratio",1,-0.007,2.718,0.013,0.598831036,NA,NA,NA
"OR1M4P","Stem-cell-iPSC","BP","sQTL","Wald ratio",1,-0.001,2.718,0.013,0.910580247,NA,NA,NA
"SDCBP","Stem-cell-iPSC","BP","sQTL","Wald ratio",1,-0.001,2.718,0.013,0.912361359,NA,NA,NA
"SLC30A10","Stem-cell-iPSC","BP","sQTL","Wald ratio",1,0.019,2.718,0.013,0.153682513,NA,NA,NA
"CSN3","Stem-cell-iPSC","BP","sQTL","Wald ratio",1,0.034,2.718,0.013,0.009598169,NA,NA,NA
"CRYL1","Stem-cell-iPSC","BP","sQTL","Wald ratio",1,-0.014,2.718,0.013,0.287780349,NA,NA,NA
"JAKMIP3","Stem-cell-iPSC","BP","sQTL","Wald ratio",1,-0.012,2.718,0.0131,0.362754409,NA,NA,NA
"TNIK","Stem-cell-iPSC","BP","sQTL","Inverse variance weighted",2,-0.03,7.389,0.0131,0.019597336,NA,0.919097236,NA
"SEMA3C","Stem-cell-iPSC","BP","sQTL","Inverse variance weighted",2,0.003,7.389,0.0131,0.840818918,NA,0.860922705,NA
"HSF2BP","Stem-cell-iPSC","BP","sQTL","Wald ratio",1,-0.007,2.718,0.0131,0.605854764,NA,NA,NA
"LINC01483","Stem-cell-iPSC","BP","sQTL","Wald ratio",1,-0.012,2.718,0.0131,0.349262542,NA,NA,NA
"TMEM108","Stem-cell-iPSC","BP","sQTL","Wald ratio",1,-0.041,2.718,0.0131,0.00177658,NA,NA,NA
"MIR548AE1","Stem-cell-iPSC","BP","sQTL","Wald ratio",1,0.021,2.718,0.0131,0.10423536,NA,NA,NA
"YEATS4","Stem-cell-iPSC","BP","sQTL","Wald ratio",1,0.038,2.718,0.0131,0.004071505,NA,NA,NA
"LINC01260","Stem-cell-iPSC","BP","sQTL","Wald ratio",1,-0.007,2.718,0.0132,0.573450598,NA,NA,NA
"C4orf51","Stem-cell-iPSC","BP","sQTL","Wald ratio",1,-0.003,2.718,0.0132,0.841331799,NA,NA,NA
"POLE4","Stem-cell-iPSC","BP","sQTL","Wald ratio",1,-0.002,2.718,0.0132,0.901402316,NA,NA,NA
"PDE3A","Stem-cell-iPSC","BP","sQTL","Wald ratio",1,-0.022,2.718,0.0132,0.092704419,NA,NA,NA
"CIZ1","Stem-cell-iPSC","BP","sQTL","Wald ratio",1,-0.022,2.718,0.0132,0.103917544,NA,NA,NA
"MIR5702","Stem-cell-iPSC","BP","sQTL","Wald ratio",1,-0.016,2.718,0.0132,0.241903293,NA,NA,NA
"MIR1275","Stem-cell-iPSC","BP","sQTL","Wald ratio",1,-0.032,2.718,0.0133,0.014505577,NA,NA,NA
"SRPRB","Stem-cell-iPSC","BP","sQTL","Wald ratio",1,-0.002,2.718,0.0133,0.873121916,NA,NA,NA
"ICE2P2","Stem-cell-iPSC","BP","sQTL","Wald ratio",1,0.021,2.718,0.0133,0.123156171,NA,NA,NA
"OPN3","Stem-cell-iPSC","BP","sQTL","Wald ratio",1,0.012,2.718,0.0133,0.381314241,NA,NA,NA
"RPL21P47","Stem-cell-iPSC","BP","sQTL","Wald ratio",1,-0.001,2.718,0.0133,0.914904095,NA,NA,NA
"SEPT2P1","Stem-cell-iPSC","BP","sQTL","Wald ratio",1,0.026,2.718,0.0133,0.054802229,NA,NA,NA
"TENM2","Stem-cell-iPSC","BP","sQTL","Wald ratio",1,-0.006,2.718,0.0134,0.628755242,NA,NA,NA
"LINC01448","Stem-cell-iPSC","BP","sQTL","Inverse variance weighted",2,0.026,7.389,0.0134,0.052578396,NA,0.916306744,NA
"FHL5","Stem-cell-iPSC","BP","sQTL","Wald ratio",1,0.003,2.718,0.0134,0.838269701,NA,NA,NA
"DNMBP","Stem-cell-iPSC","BP","sQTL","Wald ratio",1,0.019,2.718,0.0134,0.156667614,NA,NA,NA
"ZNF619P1","Stem-cell-iPSC","BP","sQTL","Wald ratio",1,0,2.718,0.0134,0.991511602,NA,NA,NA
"POM121L13P","Stem-cell-iPSC","BP","sQTL","Wald ratio",1,0.003,2.718,0.0134,0.808914009,NA,NA,NA
"DDC","Stem-cell-iPSC","BP","sQTL","Wald ratio",1,-0.009,2.718,0.0134,0.518965386,NA,NA,NA
"FSTL4","Stem-cell-iPSC","BP","sQTL","Wald ratio",1,-0.009,2.718,0.0134,0.493611273,NA,NA,NA
"TBC1D1","Stem-cell-iPSC","BP","sQTL","Wald ratio",1,0.011,2.718,0.0134,0.413747867,NA,NA,NA
"PRSS37","Stem-cell-iPSC","BP","sQTL","Wald ratio",1,-0.008,2.718,0.0134,0.547386997,NA,NA,NA
"MRO","Stem-cell-iPSC","BP","sQTL","Wald ratio",1,0.01,2.718,0.0134,0.435853632,NA,NA,NA
"CHST9","Stem-cell-iPSC","BP","sQTL","Wald ratio",1,-0.022,2.718,0.0135,0.109481581,NA,NA,NA
"PPM1H","Stem-cell-iPSC","BP","sQTL","Wald ratio",1,0.005,2.718,0.0135,0.685809074,NA,NA,NA
"LINC00929","Stem-cell-iPSC","BP","sQTL","Wald ratio",1,0.015,2.718,0.0135,0.25804752,NA,NA,NA
"MIR4500HG","Stem-cell-iPSC","BP","sQTL","Wald ratio",1,-0.023,2.718,0.0135,0.086777251,NA,NA,NA
"SYNE3","Stem-cell-iPSC","BP","sQTL","Wald ratio",1,0.015,2.718,0.0135,0.278420553,NA,NA,NA
"PDZD2","Stem-cell-iPSC","BP","sQTL","Wald ratio",1,-0.002,2.718,0.0135,0.893317326,NA,NA,NA
"PRNP","Stem-cell-iPSC","BP","sQTL","Wald ratio",1,-0.012,2.718,0.0135,0.358406169,NA,NA,NA
"TRIB2","Stem-cell-iPSC","BP","sQTL","Wald ratio",1,-0.011,2.718,0.0136,0.431313464,NA,NA,NA
"SDHB","Stem-cell-iPSC","BP","sQTL","Wald ratio",1,0.034,2.718,0.0136,0.011328972,NA,NA,NA
"AK9","Stem-cell-iPSC","BP","sQTL","Wald ratio",1,-0.011,2.718,0.0136,0.404543406,NA,NA,NA
"TPT1-AS1","Stem-cell-iPSC","BP","sQTL","Wald ratio",1,0.005,2.718,0.0136,0.717240805,NA,NA,NA
"LPAR3","Stem-cell-iPSC","BP","sQTL","Wald ratio",1,0.01,2.718,0.0136,0.44680229,NA,NA,NA
"CNN3","Stem-cell-iPSC","BP","sQTL","Wald ratio",1,-0.008,2.718,0.0136,0.54877337,NA,NA,NA
"PREX2","Stem-cell-iPSC","BP","sQTL","Wald ratio",1,-0.004,2.718,0.0136,0.757352833,NA,NA,NA
"TACC3","Stem-cell-iPSC","BP","sQTL","Wald ratio",1,0.016,2.718,0.0136,0.232475082,NA,NA,NA
"MYO1C","Stem-cell-iPSC","BP","sQTL","Wald ratio",1,0.035,2.718,0.0137,0.010048207,NA,NA,NA
"COL26A1","Stem-cell-iPSC","BP","sQTL","Wald ratio",1,-0.005,2.718,0.0137,0.701307868,NA,NA,NA
"ZNRF3","Stem-cell-iPSC","BP","sQTL","Wald ratio",1,0,2.718,0.0137,0.992099887,NA,NA,NA
"TTK","Stem-cell-iPSC","BP","sQTL","Wald ratio",1,-0.004,2.718,0.0137,0.751802052,NA,NA,NA
"TRAM1L1","Stem-cell-iPSC","BP","sQTL","Wald ratio",1,-0.013,2.718,0.0137,0.360423603,NA,NA,NA
"AOX1","Stem-cell-iPSC","BP","sQTL","Wald ratio",1,0.01,2.718,0.0137,0.443980483,NA,NA,NA
"RPL26P3","Stem-cell-iPSC","BP","sQTL","Wald ratio",1,-0.006,2.718,0.0137,0.669441018,NA,NA,NA
"KLHL23","Stem-cell-iPSC","BP","sQTL","Wald ratio",1,0.022,2.718,0.0137,0.114005013,NA,NA,NA
"ICA1L","Stem-cell-iPSC","BP","sQTL","Wald ratio",1,0.026,2.718,0.0138,0.062903224,NA,NA,NA
"PSD3","Stem-cell-iPSC","BP","sQTL","Wald ratio",1,0.03,2.718,0.0138,0.030407499,NA,NA,NA
"NEDD4L","Stem-cell-iPSC","BP","sQTL","Inverse variance weighted",2,-0.011,7.389,0.0138,0.438696333,NA,0.987208569,NA
"BTBD11","Stem-cell-iPSC","BP","sQTL","Wald ratio",1,0.013,2.718,0.0138,0.336571641,NA,NA,NA
"LRRC4C","Stem-cell-iPSC","BP","sQTL","Inverse variance weighted",2,0.027,7.389,0.0138,0.050021934,NA,0.614713257,NA
"EGFLAM","Stem-cell-iPSC","BP","sQTL","Wald ratio",1,-0.009,2.718,0.0138,0.530411341,NA,NA,NA
"PRSS2","Stem-cell-iPSC","BP","sQTL","Wald ratio",1,-0.001,2.718,0.0138,0.926794903,NA,NA,NA
"KRT19","Stem-cell-iPSC","BP","sQTL","Wald ratio",1,0.002,2.718,0.0138,0.909761215,NA,NA,NA
"NRXN1","Stem-cell-iPSC","BP","sQTL","Inverse variance weighted",2,0.012,7.389,0.0138,0.369690994,NA,0.852522904,NA
"RNU4-43P","Stem-cell-iPSC","BP","sQTL","Wald ratio",1,0.005,2.718,0.0138,0.690481576,NA,NA,NA
"VIT","Stem-cell-iPSC","BP","sQTL","Wald ratio",1,0.018,2.718,0.0138,0.202649675,NA,NA,NA
"NHLRC2","Stem-cell-iPSC","BP","sQTL","Wald ratio",1,0.002,2.718,0.0138,0.864949785,NA,NA,NA
"PRKCA","Stem-cell-iPSC","BP","sQTL","Wald ratio",1,0.044,2.718,0.0138,0.001648332,NA,NA,NA
"MGST2","Stem-cell-iPSC","BP","sQTL","Wald ratio",1,0.005,2.718,0.0139,0.744567323,NA,NA,NA
"GPC6-AS2","Stem-cell-iPSC","BP","sQTL","Wald ratio",1,0.014,2.718,0.0139,0.317460625,NA,NA,NA
"RPS4XP7","Stem-cell-iPSC","BP","sQTL","Wald ratio",1,0.025,2.718,0.0139,0.069382514,NA,NA,NA
"LINC00540","Stem-cell-iPSC","BP","sQTL","Inverse variance weighted",3,0.037,20.086,0.0139,0.008344037,0.608018606,0.698648915,0.622487798
"HMGB3P16","Stem-cell-iPSC","BP","sQTL","Wald ratio",1,0,2.718,0.0139,0.984041777,NA,NA,NA
"TPP2","Stem-cell-iPSC","BP","sQTL","Wald ratio",1,0.054,2.718,0.0139,8.7e-05,NA,NA,NA
"WAC","Stem-cell-iPSC","BP","sQTL","Wald ratio",1,0.009,2.718,0.0139,0.525793208,NA,NA,NA
"LINC00376","Stem-cell-iPSC","BP","sQTL","Wald ratio",1,0.02,2.718,0.0139,0.144115968,NA,NA,NA
"MAEL","Stem-cell-iPSC","BP","sQTL","Wald ratio",1,-0.013,2.718,0.0139,0.336767014,NA,NA,NA
"SLC12A8","Stem-cell-iPSC","BP","sQTL","Wald ratio",1,-0.007,2.718,0.0139,0.628469026,NA,NA,NA
"KCNK2","Stem-cell-iPSC","BP","sQTL","Wald ratio",1,-0.017,2.718,0.0139,0.219502635,NA,NA,NA
"LINC01163","Stem-cell-iPSC","BP","sQTL","Wald ratio",1,0.018,2.718,0.014,0.205569222,NA,NA,NA
"FLT4","Stem-cell-iPSC","BP","sQTL","Wald ratio",1,0.024,2.718,0.014,0.08953845,NA,NA,NA
"WRN","Stem-cell-iPSC","BP","sQTL","Wald ratio",1,-0.013,2.718,0.014,0.353472697,NA,NA,NA
"PPP3CC","Stem-cell-iPSC","BP","sQTL","Wald ratio",1,0.025,2.718,0.014,0.073932016,NA,NA,NA
"EEF1A1P27","Stem-cell-iPSC","BP","sQTL","Wald ratio",1,0.028,2.718,0.014,0.044414528,NA,NA,NA
"TSPAN13","Stem-cell-iPSC","BP","sQTL","Wald ratio",1,0.004,2.718,0.014,0.755231672,NA,NA,NA
"TRAPPC9","Stem-cell-iPSC","BP","sQTL","Wald ratio",1,-0.002,2.718,0.014,0.888582488,NA,NA,NA
"SCHIP1","Stem-cell-iPSC","BP","sQTL","Wald ratio",1,0.008,2.718,0.014,0.584380547,NA,NA,NA
"LINC00886","Stem-cell-iPSC","BP","sQTL","Wald ratio",1,0.005,2.718,0.014,0.706353062,NA,NA,NA
"PRPH2","Stem-cell-iPSC","BP","sQTL","Wald ratio",1,0.006,2.718,0.014,0.675160141,NA,NA,NA
"RPL4P5","Stem-cell-iPSC","BP","sQTL","Wald ratio",1,-0.019,2.718,0.014,0.168061267,NA,NA,NA
"HMGA1P7","Stem-cell-iPSC","BP","sQTL","Wald ratio",1,-0.002,2.718,0.014,0.866145945,NA,NA,NA
"PRKAG2","Stem-cell-iPSC","BP","sQTL","Wald ratio",1,-0.001,2.718,0.014,0.967435814,NA,NA,NA
"ADAMTS12","Stem-cell-iPSC","BP","sQTL","Wald ratio",1,0.009,2.718,0.014,0.523144641,NA,NA,NA
"QRSL1P1","Stem-cell-iPSC","BP","sQTL","Wald ratio",1,0.012,2.718,0.014,0.386242454,NA,NA,NA
"CNST","Stem-cell-iPSC","BP","sQTL","Wald ratio",1,-0.029,2.718,0.014,0.040119834,NA,NA,NA
"HTR3C","Stem-cell-iPSC","BP","sQTL","Wald ratio",1,-0.031,2.718,0.0141,0.027693773,NA,NA,NA
"MAGI1","Stem-cell-iPSC","BP","sQTL","Wald ratio",1,-0.006,2.718,0.0141,0.670605487,NA,NA,NA
"STPG2","Stem-cell-iPSC","BP","sQTL","Wald ratio",1,0.015,2.718,0.0141,0.297322638,NA,NA,NA
"RN7SKP181","Stem-cell-iPSC","BP","sQTL","Wald ratio",1,-0.006,2.718,0.0141,0.662837739,NA,NA,NA
"MS4A6E","Stem-cell-iPSC","BP","sQTL","Wald ratio",1,-0.022,2.718,0.0141,0.12450646,NA,NA,NA
"SERGEF","Stem-cell-iPSC","BP","sQTL","Wald ratio",1,0.01,2.718,0.0141,0.466812165,NA,NA,NA
"STK10","Stem-cell-iPSC","BP","sQTL","Wald ratio",1,0.011,2.718,0.0141,0.423647448,NA,NA,NA
"SFRP4","Stem-cell-iPSC","BP","sQTL","Wald ratio",1,-0.004,2.718,0.0141,0.792575036,NA,NA,NA
"RUNX1","Stem-cell-iPSC","BP","sQTL","Wald ratio",1,0.004,2.718,0.0141,0.762921817,NA,NA,NA
"RNF17","Stem-cell-iPSC","BP","sQTL","Wald ratio",1,-0.014,2.718,0.0141,0.30738597,NA,NA,NA
"RIMS2","Stem-cell-iPSC","BP","sQTL","Wald ratio",1,-0.009,2.718,0.0141,0.540514007,NA,NA,NA
"RUNX3","Stem-cell-iPSC","BP","sQTL","Wald ratio",1,0.012,2.718,0.0141,0.39981342,NA,NA,NA
"UMAD1","Stem-cell-iPSC","BP","sQTL","Wald ratio",1,0.007,2.718,0.0141,0.640060936,NA,NA,NA
"PUM3","Stem-cell-iPSC","BP","sQTL","Wald ratio",1,0.022,2.718,0.0141,0.117212272,NA,NA,NA
"CEP128","Stem-cell-iPSC","BP","sQTL","Wald ratio",1,0.011,2.718,0.0141,0.44680229,NA,NA,NA
"LRRC2-AS1","Stem-cell-iPSC","BP","sQTL","Wald ratio",1,-0.005,2.718,0.0142,0.728962455,NA,NA,NA
"IGFBP7-AS1","Stem-cell-iPSC","BP","sQTL","Wald ratio",1,-0.017,2.718,0.0142,0.217306551,NA,NA,NA
"POT1-AS1","Stem-cell-iPSC","BP","sQTL","Wald ratio",1,0.021,2.718,0.0142,0.132329362,NA,NA,NA
"PKP4","Stem-cell-iPSC","BP","sQTL","Wald ratio",1,-0.03,2.718,0.0142,0.033616145,NA,NA,NA
"TRAV5","Stem-cell-iPSC","BP","sQTL","Wald ratio",1,-0.011,2.718,0.0142,0.429955744,NA,NA,NA
"TRIM42","Stem-cell-iPSC","BP","sQTL","Wald ratio",1,0.046,2.718,0.0142,0.001143273,NA,NA,NA
"GALR1","Stem-cell-iPSC","BP","sQTL","Wald ratio",1,0.017,2.718,0.0142,0.233036362,NA,NA,NA
"CEP112","Stem-cell-iPSC","BP","sQTL","Wald ratio",1,0.01,2.718,0.0142,0.503015805,NA,NA,NA
"LINC00330","Stem-cell-iPSC","BP","sQTL","Wald ratio",1,0.025,2.718,0.0142,0.077377459,NA,NA,NA
"SNX13","Stem-cell-iPSC","BP","sQTL","Wald ratio",1,-0.02,2.718,0.0142,0.150931941,NA,NA,NA
"CNTN1","Stem-cell-iPSC","BP","sQTL","Wald ratio",1,-0.009,2.718,0.0142,0.547386997,NA,NA,NA
"CEACAM22P","Stem-cell-iPSC","BP","sQTL","Wald ratio",1,0.006,2.718,0.0142,0.668148784,NA,NA,NA
"TANC1","Stem-cell-iPSC","BP","sQTL","Wald ratio",1,0.014,2.718,0.0142,0.33284402,NA,NA,NA
"XPR1","Stem-cell-iPSC","BP","sQTL","Wald ratio",1,-0.024,2.718,0.0142,0.095591422,NA,NA,NA
"LINC01040","Stem-cell-iPSC","BP","sQTL","Wald ratio",1,0.029,2.718,0.0142,0.039134136,NA,NA,NA
"SLC5A8","Stem-cell-iPSC","BP","sQTL","Wald ratio",1,0.004,2.718,0.0142,0.783209501,NA,NA,NA
"FGF20","Stem-cell-iPSC","BP","sQTL","Wald ratio",1,0.007,2.718,0.0142,0.624506728,NA,NA,NA
"PCBP3","Stem-cell-iPSC","BP","sQTL","Wald ratio",1,-0.044,2.718,0.0142,0.001916132,NA,NA,NA
"MIR1202","Stem-cell-iPSC","BP","sQTL","Wald ratio",1,0.036,2.718,0.0142,0.011032905,NA,NA,NA
"RPS2P48","Stem-cell-iPSC","BP","sQTL","Wald ratio",1,-0.022,2.718,0.0142,0.121838353,NA,NA,NA
"PLCB1","Stem-cell-iPSC","BP","sQTL","Inverse variance weighted",2,0.003,7.389,0.0142,0.831476506,NA,0.454441788,NA
"LINC01331","Stem-cell-iPSC","BP","sQTL","Wald ratio",1,-0.013,2.718,0.0142,0.346141322,NA,NA,NA
"GHR","Stem-cell-iPSC","BP","sQTL","Wald ratio",1,0.013,2.718,0.0143,0.35421868,NA,NA,NA
"GALM","Stem-cell-iPSC","BP","sQTL","Wald ratio",1,0.013,2.718,0.0143,0.379405258,NA,NA,NA
"VSX1","Stem-cell-iPSC","BP","sQTL","Wald ratio",1,-0.009,2.718,0.0143,0.526412376,NA,NA,NA
"EXT1","Stem-cell-iPSC","BP","sQTL","Inverse variance weighted",2,-0.013,7.389,0.0143,0.346348118,NA,0.301514232,NA
"MYO9B","Stem-cell-iPSC","BP","sQTL","Wald ratio",1,0.006,2.718,0.0143,0.650088222,NA,NA,NA
"RN7SL97P","Stem-cell-iPSC","BP","sQTL","Wald ratio",1,0.016,2.718,0.0143,0.26821465,NA,NA,NA
"EGFEM1P","Stem-cell-iPSC","BP","sQTL","Inverse variance weighted",2,-0.025,7.389,0.0143,0.077688071,NA,0.457945637,NA
"SCARA5","Stem-cell-iPSC","BP","sQTL","Inverse variance weighted",2,0.011,7.389,0.0143,0.439159668,NA,0.289213395,NA
"LINC01272","Stem-cell-iPSC","BP","sQTL","Wald ratio",1,0.007,2.718,0.0143,0.647673174,NA,NA,NA
"KLRD1","Stem-cell-iPSC","BP","sQTL","Wald ratio",1,0.018,2.718,0.0143,0.203104726,NA,NA,NA
"FOXCUT","Stem-cell-iPSC","BP","sQTL","Wald ratio",1,0,2.718,0.0143,0.991511602,NA,NA,NA
"GNG2","Stem-cell-iPSC","BP","sQTL","Wald ratio",1,-0.002,2.718,0.0144,0.906792153,NA,NA,NA
"COMMD10","Stem-cell-iPSC","BP","sQTL","Wald ratio",1,0.002,2.718,0.0144,0.912457321,NA,NA,NA
"ANO3","Stem-cell-iPSC","BP","sQTL","Wald ratio",1,0.022,2.718,0.0144,0.132350966,NA,NA,NA
"LRRC16A","Stem-cell-iPSC","BP","sQTL","Wald ratio",1,-0.027,2.718,0.0144,0.056319625,NA,NA,NA
"MAGI1-AS1","Stem-cell-iPSC","BP","sQTL","Wald ratio",1,0.002,2.718,0.0144,0.874632969,NA,NA,NA
"FLI1","Stem-cell-iPSC","BP","sQTL","Wald ratio",1,0.013,2.718,0.0144,0.378796692,NA,NA,NA
"RNU6-210P","Stem-cell-iPSC","BP","sQTL","Wald ratio",1,0.012,2.718,0.0144,0.395144136,NA,NA,NA
"RPL7L1P9","Stem-cell-iPSC","BP","sQTL","Wald ratio",1,0.008,2.718,0.0144,0.558131432,NA,NA,NA
"FEZ2","Stem-cell-iPSC","BP","sQTL","Wald ratio",1,-0.004,2.718,0.0144,0.774790017,NA,NA,NA
"MMP26","Stem-cell-iPSC","BP","sQTL","Wald ratio",1,-0.015,2.718,0.0144,0.29829461,NA,NA,NA
"ANGPT1","Stem-cell-iPSC","BP","sQTL","Inverse variance weighted",2,0.011,7.389,0.0144,0.436241585,NA,0.923032906,NA
"KCNH1","Stem-cell-iPSC","BP","sQTL","Wald ratio",1,0.005,2.718,0.0145,0.706353062,NA,NA,NA
"IGF1R","Stem-cell-iPSC","BP","sQTL","Wald ratio",1,-0.005,2.718,0.0145,0.75430369,NA,NA,NA
"FTH1P21","Stem-cell-iPSC","BP","sQTL","Wald ratio",1,-0.005,2.718,0.0145,0.739231581,NA,NA,NA
"LINC00504","Stem-cell-iPSC","BP","sQTL","Wald ratio",1,-0.057,2.718,0.0145,8.92e-05,NA,NA,NA
"PAK7","Stem-cell-iPSC","BP","sQTL","Wald ratio",1,0.009,2.718,0.0145,0.531093966,NA,NA,NA
"LINC00351","Stem-cell-iPSC","BP","sQTL","Wald ratio",1,0.004,2.718,0.0145,0.757461985,NA,NA,NA
"FGF12","Stem-cell-iPSC","BP","sQTL","Wald ratio",1,0.017,2.718,0.0145,0.230128911,NA,NA,NA
"MYOM1","Stem-cell-iPSC","BP","sQTL","Wald ratio",1,-0.008,2.718,0.0145,0.575808439,NA,NA,NA
"PHACTR2","Stem-cell-iPSC","BP","sQTL","Wald ratio",1,0.027,2.718,0.0145,0.058267037,NA,NA,NA
"KRTAP10-12","Stem-cell-iPSC","BP","sQTL","Wald ratio",1,-0.023,2.718,0.0145,0.107756938,NA,NA,NA
"KCNN2","Stem-cell-iPSC","BP","sQTL","Wald ratio",1,-0.038,2.718,0.0145,0.008361518,NA,NA,NA
"CNTN4-AS1","Stem-cell-iPSC","BP","sQTL","Wald ratio",1,0.012,2.718,0.0145,0.415472354,NA,NA,NA
"OSTN","Stem-cell-iPSC","BP","sQTL","Wald ratio",1,-0.017,2.718,0.0145,0.248494905,NA,NA,NA
"OTOGL","Stem-cell-iPSC","BP","sQTL","Wald ratio",1,-0.02,2.718,0.0146,0.169238215,NA,NA,NA
"MYL10","Stem-cell-iPSC","BP","sQTL","Wald ratio",1,0.034,2.718,0.0146,0.021402759,NA,NA,NA
"PRKD1","Stem-cell-iPSC","BP","sQTL","Wald ratio",1,-0.022,2.718,0.0146,0.139667332,NA,NA,NA
"PRRC2B","Stem-cell-iPSC","BP","sQTL","Wald ratio",1,-0.033,2.718,0.0146,0.022276983,NA,NA,NA
"ST3GAL3","Stem-cell-iPSC","BP","sQTL","Wald ratio",1,-0.003,2.718,0.0146,0.823038091,NA,NA,NA
"PHC2","Stem-cell-iPSC","BP","sQTL","Wald ratio",1,-0.039,2.718,0.0146,0.007508809,NA,NA,NA
"PLA2G4A","Stem-cell-iPSC","BP","sQTL","Wald ratio",1,0.017,2.718,0.0146,0.241163624,NA,NA,NA
"ST13P12","Stem-cell-iPSC","BP","sQTL","Wald ratio",1,0.019,2.718,0.0146,0.199240176,NA,NA,NA
"PDLIM5","Stem-cell-iPSC","BP","sQTL","Wald ratio",1,-0.002,2.718,0.0146,0.907768883,NA,NA,NA
"PEPD","Stem-cell-iPSC","BP","sQTL","Wald ratio",1,0.033,2.718,0.0146,0.024704342,NA,NA,NA
"OR7A5","Stem-cell-iPSC","BP","sQTL","Wald ratio",1,-0.007,2.718,0.0146,0.631778097,NA,NA,NA
"C15orf53","Stem-cell-iPSC","BP","sQTL","Wald ratio",1,-0.004,2.718,0.0146,0.773635714,NA,NA,NA
"THEMIS","Stem-cell-iPSC","BP","sQTL","Wald ratio",1,0.015,2.718,0.0146,0.312551124,NA,NA,NA
"KCNIP3","Stem-cell-iPSC","BP","sQTL","Wald ratio",1,0.023,2.718,0.0146,0.124251809,NA,NA,NA
"SOX2-OT","Stem-cell-iPSC","BP","sQTL","Wald ratio",1,0.041,2.718,0.0147,0.005016659,NA,NA,NA
"NTRK2","Stem-cell-iPSC","BP","sQTL","Wald ratio",1,-0.016,2.718,0.0147,0.261659367,NA,NA,NA
"LINC01478","Stem-cell-iPSC","BP","sQTL","Wald ratio",1,-0.012,2.718,0.0147,0.396441302,NA,NA,NA
"SLC38A6","Stem-cell-iPSC","BP","sQTL","Wald ratio",1,0.004,2.718,0.0147,0.802838258,NA,NA,NA
"ARHGAP26","Stem-cell-iPSC","BP","sQTL","Wald ratio",1,-0.011,2.718,0.0147,0.45515183,NA,NA,NA
"KSR1","Stem-cell-iPSC","BP","sQTL","Wald ratio",1,-0.011,2.718,0.0147,0.473920595,NA,NA,NA
"PDE4D","Stem-cell-iPSC","BP","sQTL","Wald ratio",1,-0.018,2.718,0.0147,0.228041428,NA,NA,NA
"HMCN1","Stem-cell-iPSC","BP","sQTL","Wald ratio",1,-0.001,2.718,0.0147,0.964383083,NA,NA,NA
"INVS","Stem-cell-iPSC","BP","sQTL","Wald ratio",1,-0.011,2.718,0.0147,0.475831863,NA,NA,NA
"PDZRN3","Stem-cell-iPSC","BP","sQTL","Wald ratio",1,0.016,2.718,0.0148,0.268834394,NA,NA,NA
"FAM179A","Stem-cell-iPSC","BP","sQTL","Wald ratio",1,-0.035,2.718,0.0148,0.01695864,NA,NA,NA
"RNU6-34P","Stem-cell-iPSC","BP","sQTL","Wald ratio",1,0.001,2.718,0.0148,0.94249073,NA,NA,NA
"MIR7515HG","Stem-cell-iPSC","BP","sQTL","Wald ratio",1,0.004,2.718,0.0148,0.784600297,NA,NA,NA
"ADGRF2","Stem-cell-iPSC","BP","sQTL","Wald ratio",1,-0.003,2.718,0.0148,0.864896369,NA,NA,NA
"MUC7","Stem-cell-iPSC","BP","sQTL","Wald ratio",1,0.015,2.718,0.0148,0.303791232,NA,NA,NA
"CASC15","Stem-cell-iPSC","BP","sQTL","Wald ratio",1,0.013,2.718,0.0148,0.37071729,NA,NA,NA
"SCARB1","Stem-cell-iPSC","BP","sQTL","Wald ratio",1,0.003,2.718,0.0148,0.839966851,NA,NA,NA
"MTND4LP25","Stem-cell-iPSC","BP","sQTL","Wald ratio",1,0.004,2.718,0.0148,0.793101387,NA,NA,NA
"LYZL2","Stem-cell-iPSC","BP","sQTL","Wald ratio",1,-0.019,2.718,0.0148,0.202337381,NA,NA,NA
"RNU6-1103P","Stem-cell-iPSC","BP","sQTL","Wald ratio",1,-0.057,2.718,0.0148,0.00011902,NA,NA,NA
"FBLN7","Stem-cell-iPSC","BP","sQTL","Wald ratio",1,-0.024,2.718,0.0148,0.105758636,NA,NA,NA
"RNA5SP279","Stem-cell-iPSC","BP","sQTL","Wald ratio",1,0,2.718,0.0148,0.975323391,NA,NA,NA
"MAPK10","Stem-cell-iPSC","BP","sQTL","Wald ratio",1,-0.016,2.718,0.0148,0.276761675,NA,NA,NA
"C11orf24","Stem-cell-iPSC","BP","sQTL","Wald ratio",1,-0.023,2.718,0.0148,0.122818227,NA,NA,NA
"LGR4","Stem-cell-iPSC","BP","sQTL","Wald ratio",1,-0.004,2.718,0.0148,0.770516082,NA,NA,NA
"RALA","Stem-cell-iPSC","BP","sQTL","Wald ratio",1,-0.016,2.718,0.0148,0.278136497,NA,NA,NA
"ELAVL1","Stem-cell-iPSC","BP","sQTL","Wald ratio",1,0.001,2.718,0.0148,0.934964787,NA,NA,NA
"UPP2","Stem-cell-iPSC","BP","sQTL","Wald ratio",1,-0.01,2.718,0.0148,0.511676541,NA,NA,NA
"RNU6-765P","Stem-cell-iPSC","BP","sQTL","Wald ratio",1,-0.008,2.718,0.0149,0.599780386,NA,NA,NA
"PARK2","Stem-cell-iPSC","BP","sQTL","Inverse variance weighted",3,0.012,20.086,0.0149,0.430366685,0.702372898,0.834527499,0.723165998
"FGD4","Stem-cell-iPSC","BP","sQTL","Inverse variance weighted",2,-0.009,7.389,0.0149,0.560134951,NA,0.154373074,NA
"RNU6-248P","Stem-cell-iPSC","BP","sQTL","Wald ratio",1,0.001,2.718,0.0149,0.925341244,NA,NA,NA
"PRPF4B","Stem-cell-iPSC","BP","sQTL","Wald ratio",1,-0.01,2.718,0.0149,0.509141942,NA,NA,NA
"DAPK1","Stem-cell-iPSC","BP","sQTL","Wald ratio",1,-0.04,2.718,0.0149,0.007441827,NA,NA,NA
"FHOD3","Stem-cell-iPSC","BP","sQTL","Wald ratio",1,0.012,2.718,0.0149,0.408669259,NA,NA,NA
"SLIT3","Stem-cell-iPSC","BP","sQTL","Wald ratio",1,-0.006,2.718,0.0149,0.680597944,NA,NA,NA
"GRIP1","Stem-cell-iPSC","BP","sQTL","Wald ratio",1,0.025,2.718,0.0149,0.092699925,NA,NA,NA
"CCNT2-AS1","Stem-cell-iPSC","BP","sQTL","Wald ratio",1,-0.007,2.718,0.0149,0.639666621,NA,NA,NA
"STAB2","Stem-cell-iPSC","BP","sQTL","Wald ratio",1,0.013,2.718,0.0149,0.400745998,NA,NA,NA
"MITF","Stem-cell-iPSC","BP","sQTL","Wald ratio",1,-0.031,2.718,0.0149,0.035280804,NA,NA,NA
"NCAM2","Stem-cell-iPSC","BP","sQTL","Inverse variance weighted",2,0.005,7.389,0.0149,0.752005908,NA,0.631766777,NA
"CORO2A","Stem-cell-iPSC","BP","sQTL","Wald ratio",1,-0.019,2.718,0.0149,0.196598214,NA,NA,NA
"RPH3AL","Stem-cell-iPSC","BP","sQTL","Wald ratio",1,0.032,2.718,0.0149,0.033735563,NA,NA,NA
"LRRC8B","Stem-cell-iPSC","BP","sQTL","Wald ratio",1,0.017,2.718,0.0149,0.254884095,NA,NA,NA
"ARMC10P1","Stem-cell-iPSC","BP","sQTL","Wald ratio",1,0.027,2.718,0.0149,0.07482217,NA,NA,NA
"CTNNA1","Stem-cell-iPSC","BP","sQTL","Wald ratio",1,-0.007,2.718,0.015,0.63782916,NA,NA,NA
"BMPR1B","Stem-cell-iPSC","BP","sQTL","Inverse variance weighted",2,-0.017,7.389,0.015,0.267346979,NA,0.399354147,NA
"TMCC2","Stem-cell-iPSC","BP","sQTL","Wald ratio",1,-0.037,2.718,0.015,0.01356409,NA,NA,NA
"SNX9","Stem-cell-iPSC","BP","sQTL","Inverse variance weighted",2,0.012,7.389,0.015,0.435870225,NA,0.84130078,NA
"ZNF611","Stem-cell-iPSC","BP","sQTL","Wald ratio",1,-0.008,2.718,0.015,0.575777797,NA,NA,NA
"CUBN","Stem-cell-iPSC","BP","sQTL","Wald ratio",1,0.003,2.718,0.015,0.851400764,NA,NA,NA
"SORCS1","Stem-cell-iPSC","BP","sQTL","Wald ratio",1,0.003,2.718,0.015,0.837051445,NA,NA,NA
"ZFYVE9P2","Stem-cell-iPSC","BP","sQTL","Wald ratio",1,0,2.718,0.015,0.983380269,NA,NA,NA
"AFAP1","Stem-cell-iPSC","BP","sQTL","Wald ratio",1,0.001,2.718,0.015,0.940975008,NA,NA,NA
"HNRNPA1P43","Stem-cell-iPSC","BP","sQTL","Wald ratio",1,0.03,2.718,0.015,0.046551079,NA,NA,NA
"SGK1","Stem-cell-iPSC","BP","sQTL","Wald ratio",1,0.007,2.718,0.015,0.643228225,NA,NA,NA
"AUH","Stem-cell-iPSC","BP","sQTL","Wald ratio",1,0.003,2.718,0.015,0.862398249,NA,NA,NA
"LINC01600","Stem-cell-iPSC","BP","sQTL","Wald ratio",1,-0.02,2.718,0.015,0.189942205,NA,NA,NA
"TUBAL3","Stem-cell-iPSC","BP","sQTL","Wald ratio",1,0.011,2.718,0.0151,0.484291846,NA,NA,NA
"COL11A1","Stem-cell-iPSC","BP","sQTL","Wald ratio",1,-0.014,2.718,0.0151,0.33652619,NA,NA,NA
"MOB3B","Stem-cell-iPSC","BP","sQTL","Wald ratio",1,0.001,2.718,0.0151,0.959319419,NA,NA,NA
"NPHP3-AS1","Stem-cell-iPSC","BP","sQTL","Wald ratio",1,-0.006,2.718,0.0151,0.692021331,NA,NA,NA
"SSUH2","Stem-cell-iPSC","BP","sQTL","Wald ratio",1,-0.02,2.718,0.0151,0.17440072,NA,NA,NA
"DENND3","Stem-cell-iPSC","BP","sQTL","Wald ratio",1,0.001,2.718,0.0151,0.960132346,NA,NA,NA
"XRCC5","Stem-cell-iPSC","BP","sQTL","Wald ratio",1,-0.003,2.718,0.0151,0.821167291,NA,NA,NA
"TMEM170B","Stem-cell-iPSC","BP","sQTL","Wald ratio",1,0.002,2.718,0.0151,0.880115524,NA,NA,NA
"PDP1","Stem-cell-iPSC","BP","sQTL","Wald ratio",1,-0.022,2.718,0.0151,0.137783109,NA,NA,NA
"RHBDF1P1","Stem-cell-iPSC","BP","sQTL","Wald ratio",1,0.031,2.718,0.0151,0.040379426,NA,NA,NA
"ANTXRLP1","Stem-cell-iPSC","BP","sQTL","Wald ratio",1,-0.005,2.718,0.0151,0.732283078,NA,NA,NA
"LINC01267","Stem-cell-iPSC","BP","sQTL","Wald ratio",1,0.029,2.718,0.0151,0.052183114,NA,NA,NA
"FZD1","Stem-cell-iPSC","BP","sQTL","Wald ratio",1,-0.037,2.718,0.0151,0.014722878,NA,NA,NA
"RNU1-139P","Stem-cell-iPSC","BP","sQTL","Wald ratio",1,0.001,2.718,0.0151,0.922695528,NA,NA,NA
"OSBPL8","Stem-cell-iPSC","BP","sQTL","Wald ratio",1,-0.034,2.718,0.0151,0.02268418,NA,NA,NA
"KSR2","Stem-cell-iPSC","BP","sQTL","Wald ratio",1,-0.001,2.718,0.0151,0.926042365,NA,NA,NA
"PVRL3","Stem-cell-iPSC","BP","sQTL","Wald ratio",1,0.003,2.718,0.0151,0.823403193,NA,NA,NA
"PLSCR5","Stem-cell-iPSC","BP","sQTL","Wald ratio",1,0.007,2.718,0.0151,0.631864044,NA,NA,NA
"BDH2P1","Stem-cell-iPSC","BP","sQTL","Wald ratio",1,0.015,2.718,0.0151,0.32266044,NA,NA,NA
"GSTA4","Stem-cell-iPSC","BP","sQTL","Wald ratio",1,-0.002,2.718,0.0151,0.916125207,NA,NA,NA
"PIP4K2A","Stem-cell-iPSC","BP","sQTL","Wald ratio",1,-0.015,2.718,0.0151,0.322322839,NA,NA,NA
"C1orf106","Stem-cell-iPSC","BP","sQTL","Wald ratio",1,0.03,2.718,0.0152,0.047796728,NA,NA,NA
"STAU2","Stem-cell-iPSC","BP","sQTL","Wald ratio",1,-0.025,2.718,0.0152,0.097762551,NA,NA,NA
"PRELID3B","Stem-cell-iPSC","BP","sQTL","Wald ratio",1,0.02,2.718,0.0152,0.180097293,NA,NA,NA
"INTS7","Stem-cell-iPSC","BP","sQTL","Wald ratio",1,0.029,2.718,0.0152,0.059552796,NA,NA,NA
"SH3YL1","Stem-cell-iPSC","BP","sQTL","Wald ratio",1,0.014,2.718,0.0152,0.363777157,NA,NA,NA
"LINGO2","Stem-cell-iPSC","BP","sQTL","Wald ratio",1,-0.004,2.718,0.0152,0.796364721,NA,NA,NA
"FAM189A2","Stem-cell-iPSC","BP","sQTL","Wald ratio",1,0.043,2.718,0.0152,0.004912398,NA,NA,NA
"ATP6V1C1","Stem-cell-iPSC","BP","sQTL","Wald ratio",1,-0.009,2.718,0.0152,0.547266218,NA,NA,NA
"SUPT3H","Stem-cell-iPSC","BP","sQTL","Wald ratio",1,-0.003,2.718,0.0152,0.848007045,NA,NA,NA
"C2orf88","Stem-cell-iPSC","BP","sQTL","Wald ratio",1,0.004,2.718,0.0152,0.809110809,NA,NA,NA
"GLRA1","Stem-cell-iPSC","BP","sQTL","Wald ratio",1,0.011,2.718,0.0152,0.48734006,NA,NA,NA
"LINC00578","Stem-cell-iPSC","BP","sQTL","Wald ratio",1,0,2.718,0.0152,0.985223727,NA,NA,NA
"FAM195DP","Stem-cell-iPSC","BP","sQTL","Wald ratio",1,0.019,2.718,0.0152,0.203298296,NA,NA,NA
"SPPL2A","Stem-cell-iPSC","BP","sQTL","Wald ratio",1,-0.018,2.718,0.0153,0.234718999,NA,NA,NA
"CACNA2D1","Stem-cell-iPSC","BP","sQTL","Wald ratio",1,-0.019,2.718,0.0153,0.212143717,NA,NA,NA
"NKAIN3","Stem-cell-iPSC","BP","sQTL","Inverse variance weighted",2,-0.03,7.389,0.0153,0.047530351,NA,0.972626072,NA
"WDYHV1","Stem-cell-iPSC","BP","sQTL","Wald ratio",1,-0.004,2.718,0.0153,0.806307532,NA,NA,NA
"STIM2","Stem-cell-iPSC","BP","sQTL","Wald ratio",1,0.004,2.718,0.0153,0.813388521,NA,NA,NA
"LINC01376","Stem-cell-iPSC","BP","sQTL","Wald ratio",1,-0.016,2.718,0.0153,0.28767016,NA,NA,NA
"CTSC","Stem-cell-iPSC","BP","sQTL","Wald ratio",1,0.023,2.718,0.0153,0.140841428,NA,NA,NA
"TRPM3","Stem-cell-iPSC","BP","sQTL","Wald ratio",1,0.002,2.718,0.0153,0.878982521,NA,NA,NA
"LMCD1-AS1","Stem-cell-iPSC","BP","sQTL","Inverse variance weighted",3,-0.009,20.086,0.0153,0.564634343,0.719082326,0.910050726,0.848134977
"CRB2","Stem-cell-iPSC","BP","sQTL","Wald ratio",1,0.016,2.718,0.0153,0.297066313,NA,NA,NA
"KANK4","Stem-cell-iPSC","BP","sQTL","Wald ratio",1,-0.002,2.718,0.0153,0.893317326,NA,NA,NA
"GLIS3","Stem-cell-iPSC","BP","sQTL","Wald ratio",1,-0.004,2.718,0.0154,0.788398908,NA,NA,NA
"TOX3","Stem-cell-iPSC","BP","sQTL","Wald ratio",1,-0.018,2.718,0.0154,0.234102408,NA,NA,NA
"PARD3B","Stem-cell-iPSC","BP","sQTL","Wald ratio",1,0.012,2.718,0.0154,0.445375265,NA,NA,NA
"CLDN16","Stem-cell-iPSC","BP","sQTL","Wald ratio",1,0.003,2.718,0.0154,0.849450396,NA,NA,NA
"MECOM","Stem-cell-iPSC","BP","sQTL","Wald ratio",1,-0.003,2.718,0.0154,0.85413978,NA,NA,NA
"MTND5P17","Stem-cell-iPSC","BP","sQTL","Wald ratio",1,0,2.718,0.0154,0.978245471,NA,NA,NA
"CTNND2","Stem-cell-iPSC","BP","sQTL","Inverse variance weighted",2,0.021,7.389,0.0154,0.173084872,NA,0.983350006,NA
"ASPM","Stem-cell-iPSC","BP","sQTL","Wald ratio",1,0.011,2.718,0.0154,0.489901103,NA,NA,NA
"GRM7","Stem-cell-iPSC","BP","sQTL","Inverse variance weighted",2,0.01,7.389,0.0154,0.526194538,NA,0.804904227,NA
"RNA5SP461","Stem-cell-iPSC","BP","sQTL","Wald ratio",1,0.021,2.718,0.0154,0.181307693,NA,NA,NA
"C6orf89","Stem-cell-iPSC","BP","sQTL","Wald ratio",1,0.005,2.718,0.0154,0.763791731,NA,NA,NA
"NPAS3","Stem-cell-iPSC","BP","sQTL","Wald ratio",1,-0.029,2.718,0.0154,0.056319625,NA,NA,NA
"FRAS1","Stem-cell-iPSC","BP","sQTL","Wald ratio",1,-0.006,2.718,0.0154,0.69411325,NA,NA,NA
"MIR873","Stem-cell-iPSC","BP","sQTL","Wald ratio",1,0.042,2.718,0.0155,0.006744029,NA,NA,NA
"RPS20P25","Stem-cell-iPSC","BP","sQTL","Wald ratio",1,-0.027,2.718,0.0155,0.085878675,NA,NA,NA
"DPF3","Stem-cell-iPSC","BP","sQTL","Wald ratio",1,-0.025,2.718,0.0155,0.110499033,NA,NA,NA
"GC","Stem-cell-iPSC","BP","sQTL","Wald ratio",1,-0.004,2.718,0.0155,0.792174941,NA,NA,NA
"COX6B1P6","Stem-cell-iPSC","BP","sQTL","Wald ratio",1,0.025,2.718,0.0155,0.100418798,NA,NA,NA
"S100A7","Stem-cell-iPSC","BP","sQTL","Wald ratio",1,0.027,2.718,0.0155,0.080114168,NA,NA,NA
"MRPS33P3","Stem-cell-iPSC","BP","sQTL","Wald ratio",1,0.009,2.718,0.0155,0.58188198,NA,NA,NA
"EMC8","Stem-cell-iPSC","BP","sQTL","Wald ratio",1,-0.033,2.718,0.0155,0.035973942,NA,NA,NA
"SHROOM3","Stem-cell-iPSC","BP","sQTL","Wald ratio",1,-0.038,2.718,0.0155,0.013165091,NA,NA,NA
"LINC01075","Stem-cell-iPSC","BP","sQTL","Wald ratio",1,0.023,2.718,0.0155,0.132329362,NA,NA,NA
"GSTM2P1","Stem-cell-iPSC","BP","sQTL","Wald ratio",1,0.001,2.718,0.0155,0.96711344,NA,NA,NA
"RNU4ATAC8P","Stem-cell-iPSC","BP","sQTL","Wald ratio",1,-0.021,2.718,0.0156,0.169861995,NA,NA,NA
"IBTK","Stem-cell-iPSC","BP","sQTL","Wald ratio",1,-0.012,2.718,0.0156,0.423598972,NA,NA,NA
"LDHAP3","Stem-cell-iPSC","BP","sQTL","Wald ratio",1,-0.003,2.718,0.0156,0.868795228,NA,NA,NA
"ACTR3B","Stem-cell-iPSC","BP","sQTL","Wald ratio",1,0.016,2.718,0.0156,0.303345878,NA,NA,NA
"LRP2","Stem-cell-iPSC","BP","sQTL","Wald ratio",1,-0.018,2.718,0.0156,0.257300263,NA,NA,NA
"MAN1A1","Stem-cell-iPSC","BP","sQTL","Wald ratio",1,0.019,2.718,0.0156,0.234420624,NA,NA,NA
"ATP6V1B1","Stem-cell-iPSC","BP","sQTL","Wald ratio",1,-0.014,2.718,0.0156,0.382936567,NA,NA,NA
"HPCAL1","Stem-cell-iPSC","BP","sQTL","Wald ratio",1,-0.017,2.718,0.0156,0.281406623,NA,NA,NA
"TRIM35","Stem-cell-iPSC","BP","sQTL","Wald ratio",1,-0.009,2.718,0.0156,0.572577374,NA,NA,NA
"LIMS1","Stem-cell-iPSC","BP","sQTL","Wald ratio",1,-0.003,2.718,0.0156,0.84612736,NA,NA,NA
"AK4P4","Stem-cell-iPSC","BP","sQTL","Wald ratio",1,0.003,2.718,0.0156,0.87026432,NA,NA,NA
"MEGF11","Stem-cell-iPSC","BP","sQTL","Wald ratio",1,0.032,2.718,0.0156,0.040207131,NA,NA,NA
"ELL2P3","Stem-cell-iPSC","BP","sQTL","Wald ratio",1,-0.025,2.718,0.0156,0.114009992,NA,NA,NA
"RN7SKP14","Stem-cell-iPSC","BP","sQTL","Wald ratio",1,-0.023,2.718,0.0156,0.149604605,NA,NA,NA
"PSAT1P3","Stem-cell-iPSC","BP","sQTL","Wald ratio",1,-0.049,2.718,0.0156,0.001673383,NA,NA,NA
"ABCA1","Stem-cell-iPSC","BP","sQTL","Wald ratio",1,0.005,2.718,0.0156,0.72927705,NA,NA,NA
"CCDC80","Stem-cell-iPSC","BP","sQTL","Wald ratio",1,-0.017,2.718,0.0156,0.26777519,NA,NA,NA
"DOCK1","Stem-cell-iPSC","BP","sQTL","Inverse variance weighted",2,-0.007,7.389,0.0156,0.632335642,NA,0.24931693,NA
"RALYL","Stem-cell-iPSC","BP","sQTL","Wald ratio",1,-0.026,2.718,0.0157,0.099707335,NA,NA,NA
"XYLT1","Stem-cell-iPSC","BP","sQTL","Wald ratio",1,0.018,2.718,0.0157,0.237996074,NA,NA,NA
"MED6P1","Stem-cell-iPSC","BP","sQTL","Wald ratio",1,0.003,2.718,0.0157,0.867750227,NA,NA,NA
"PPARGC1A","Stem-cell-iPSC","BP","sQTL","Wald ratio",1,-0.012,2.718,0.0157,0.434631259,NA,NA,NA
"NMUR2","Stem-cell-iPSC","BP","sQTL","Wald ratio",1,0.039,2.718,0.0157,0.01184884,NA,NA,NA
"HS1BP3","Stem-cell-iPSC","BP","sQTL","Wald ratio",1,-0.001,2.718,0.0157,0.96710029,NA,NA,NA
"MET","Stem-cell-iPSC","BP","sQTL","Wald ratio",1,0.014,2.718,0.0157,0.36614467,NA,NA,NA
"LINC01603","Stem-cell-iPSC","BP","sQTL","Wald ratio",1,-0.02,2.718,0.0157,0.207408467,NA,NA,NA
"EREG","Stem-cell-iPSC","BP","sQTL","Wald ratio",1,-0.004,2.718,0.0157,0.796800051,NA,NA,NA
"SEPHS1P7","Stem-cell-iPSC","BP","sQTL","Wald ratio",1,0,2.718,0.0158,0.992100677,NA,NA,NA
"VAV2","Stem-cell-iPSC","BP","sQTL","Wald ratio",1,0.024,2.718,0.0158,0.12730117,NA,NA,NA
"LRRC1","Stem-cell-iPSC","BP","sQTL","Wald ratio",1,0,2.718,0.0158,0.983716144,NA,NA,NA
"TBCK","Stem-cell-iPSC","BP","sQTL","Wald ratio",1,0.002,2.718,0.0158,0.901414992,NA,NA,NA
"PDE8A","Stem-cell-iPSC","BP","sQTL","Wald ratio",1,0.006,2.718,0.0158,0.720531662,NA,NA,NA
"RORA","Stem-cell-iPSC","BP","sQTL","Wald ratio",1,-0.01,2.718,0.0158,0.513687919,NA,NA,NA
"MAGI3","Stem-cell-iPSC","BP","sQTL","Wald ratio",1,0.028,2.718,0.0158,0.080081097,NA,NA,NA
"RGS7BP","Stem-cell-iPSC","BP","sQTL","Wald ratio",1,-0.019,2.718,0.0158,0.22230688,NA,NA,NA
"RNU6-1001P","Stem-cell-iPSC","BP","sQTL","Wald ratio",1,-0.027,2.718,0.0159,0.093381799,NA,NA,NA
"MFAP3L","Stem-cell-iPSC","BP","sQTL","Wald ratio",1,0.046,2.718,0.0159,0.003940046,NA,NA,NA
"DESI2","Stem-cell-iPSC","BP","sQTL","Wald ratio",1,-0.005,2.718,0.0159,0.744401279,NA,NA,NA
"DOCK5","Stem-cell-iPSC","BP","sQTL","Wald ratio",1,-0.032,2.718,0.0159,0.046355021,NA,NA,NA
"FLRT2","Stem-cell-iPSC","BP","sQTL","Wald ratio",1,0.042,2.718,0.0159,0.008028766,NA,NA,NA
"RYR2","Stem-cell-iPSC","BP","sQTL","Wald ratio",1,-0.014,2.718,0.0159,0.390820978,NA,NA,NA
"PVT1","Stem-cell-iPSC","BP","sQTL","Wald ratio",1,-0.021,2.718,0.0159,0.191927965,NA,NA,NA
"FNDC3B","Stem-cell-iPSC","BP","sQTL","Wald ratio",1,-0.025,2.718,0.0159,0.123180792,NA,NA,NA
"WDR31","Stem-cell-iPSC","BP","sQTL","Wald ratio",1,-0.022,2.718,0.0159,0.163582113,NA,NA,NA
"LINC01127","Stem-cell-iPSC","BP","sQTL","Wald ratio",1,-0.006,2.718,0.0159,0.69671508,NA,NA,NA
"ZNF266","Stem-cell-iPSC","BP","sQTL","Wald ratio",1,0.013,2.718,0.0159,0.430987142,NA,NA,NA
"LINC01322","Stem-cell-iPSC","BP","sQTL","Wald ratio",1,-0.005,2.718,0.0159,0.74637853,NA,NA,NA
"ITGBL1","Stem-cell-iPSC","BP","sQTL","Wald ratio",1,0.025,2.718,0.016,0.120803076,NA,NA,NA
"MIR3924","Stem-cell-iPSC","BP","sQTL","Wald ratio",1,-0.011,2.718,0.016,0.480525133,NA,NA,NA
"MTO1","Stem-cell-iPSC","BP","sQTL","Wald ratio",1,-0.027,2.718,0.016,0.096670768,NA,NA,NA
"PRR35","Stem-cell-iPSC","BP","sQTL","Wald ratio",1,-0.013,2.718,0.016,0.403917414,NA,NA,NA
"PNLDC1","Stem-cell-iPSC","BP","sQTL","Wald ratio",1,0.055,2.718,0.016,0.000581408,NA,NA,NA
"AGAP1","Stem-cell-iPSC","BP","sQTL","Wald ratio",1,0.027,2.718,0.016,0.093198567,NA,NA,NA
"KCNQ1","Stem-cell-iPSC","BP","sQTL","Wald ratio",1,0.015,2.718,0.016,0.336153204,NA,NA,NA
"STARD13","Stem-cell-iPSC","BP","sQTL","Wald ratio",1,0,2.718,0.016,1,NA,NA,NA
"ALK","Stem-cell-iPSC","BP","sQTL","Wald ratio",1,-0.032,2.718,0.016,0.046393066,NA,NA,NA
"TIAM1","Stem-cell-iPSC","BP","sQTL","Wald ratio",1,0.025,2.718,0.016,0.112351707,NA,NA,NA
"PDGFRL","Stem-cell-iPSC","BP","sQTL","Wald ratio",1,0.027,2.718,0.016,0.088889872,NA,NA,NA
"TSPAN14","Stem-cell-iPSC","BP","sQTL","Wald ratio",1,-0.029,2.718,0.016,0.067425244,NA,NA,NA
"ACTL10","Stem-cell-iPSC","BP","sQTL","Wald ratio",1,0.01,2.718,0.0161,0.517709101,NA,NA,NA
"KIF18A","Stem-cell-iPSC","BP","sQTL","Wald ratio",1,-0.017,2.718,0.0161,0.283666167,NA,NA,NA
"MIR548A1","Stem-cell-iPSC","BP","sQTL","Wald ratio",1,0.017,2.718,0.0161,0.291902365,NA,NA,NA
"EBF1","Stem-cell-iPSC","BP","sQTL","Wald ratio",1,-0.006,2.718,0.0161,0.689373596,NA,NA,NA
"DSC3","Stem-cell-iPSC","BP","sQTL","Wald ratio",1,0.024,2.718,0.0161,0.139665764,NA,NA,NA
"LINC00620","Stem-cell-iPSC","BP","sQTL","Wald ratio",1,-0.018,2.718,0.0161,0.25126501,NA,NA,NA
"TAS2R16","Stem-cell-iPSC","BP","sQTL","Wald ratio",1,0.014,2.718,0.0161,0.383940319,NA,NA,NA
"CNTN5","Stem-cell-iPSC","BP","sQTL","Wald ratio",1,0.044,2.718,0.0161,0.006729396,NA,NA,NA
"CCSER1","Stem-cell-iPSC","BP","sQTL","Weighted mode",3,0.017,20.086,0.0161,0.40852258,0.078997485,0.193186057,0.840228664
"LINC00520","Stem-cell-iPSC","BP","sQTL","Wald ratio",1,0.019,2.718,0.0161,0.236778874,NA,NA,NA
"PAG1","Stem-cell-iPSC","BP","sQTL","Wald ratio",1,-0.008,2.718,0.0161,0.616931732,NA,NA,NA
"DPCD","Stem-cell-iPSC","BP","sQTL","Wald ratio",1,0.025,2.718,0.0161,0.120304812,NA,NA,NA
"ARHGAP21","Stem-cell-iPSC","BP","sQTL","Wald ratio",1,-0.02,2.718,0.0161,0.204073639,NA,NA,NA
"CCNY","Stem-cell-iPSC","BP","sQTL","Wald ratio",1,-0.002,2.718,0.0161,0.921091077,NA,NA,NA
"ARHGAP24","Stem-cell-iPSC","BP","sQTL","Wald ratio",1,-0.02,2.718,0.0161,0.212240142,NA,NA,NA
"TMC1","Stem-cell-iPSC","BP","sQTL","Wald ratio",1,0.011,2.718,0.0162,0.480021848,NA,NA,NA
"NPSR1","Stem-cell-iPSC","BP","sQTL","Wald ratio",1,0.027,2.718,0.0162,0.091148022,NA,NA,NA
"LINC00399","Stem-cell-iPSC","BP","sQTL","Wald ratio",1,-0.005,2.718,0.0162,0.767879108,NA,NA,NA
"KLHL25","Stem-cell-iPSC","BP","sQTL","Wald ratio",1,-0.035,2.718,0.0162,0.030163084,NA,NA,NA
"ZPLD1","Stem-cell-iPSC","BP","sQTL","Wald ratio",1,0.025,2.718,0.0162,0.124556974,NA,NA,NA
"LAMC2","Stem-cell-iPSC","BP","sQTL","Wald ratio",1,0.02,2.718,0.0162,0.205117828,NA,NA,NA
"SUSD1","Stem-cell-iPSC","BP","sQTL","Wald ratio",1,-0.012,2.718,0.0162,0.47440338,NA,NA,NA
"C1orf52","Stem-cell-iPSC","BP","sQTL","Wald ratio",1,-0.008,2.718,0.0162,0.602818619,NA,NA,NA
"RBFOX1","Stem-cell-iPSC","BP","sQTL","Wald ratio",1,0.017,2.718,0.0162,0.28266848,NA,NA,NA
"LRRFIP1","Stem-cell-iPSC","BP","sQTL","Wald ratio",1,-0.01,2.718,0.0162,0.521002522,NA,NA,NA
"STARP1","Stem-cell-iPSC","BP","sQTL","Wald ratio",1,0.061,2.718,0.0162,0.00017169,NA,NA,NA
"DISP1","Stem-cell-iPSC","BP","sQTL","Wald ratio",1,-0.003,2.718,0.0162,0.85413978,NA,NA,NA
"PIP5K1B","Stem-cell-iPSC","BP","sQTL","Wald ratio",1,-0.021,2.718,0.0162,0.195169458,NA,NA,NA
"CDH10","Stem-cell-iPSC","BP","sQTL","Wald ratio",1,-0.016,2.718,0.0162,0.331064957,NA,NA,NA
"BORCS5","Stem-cell-iPSC","BP","sQTL","Wald ratio",1,0.001,2.718,0.0162,0.938709204,NA,NA,NA
"IQGAP2","Stem-cell-iPSC","BP","sQTL","Wald ratio",1,0.016,2.718,0.0162,0.312739344,NA,NA,NA
"DOK2","Stem-cell-iPSC","BP","sQTL","Wald ratio",1,0.02,2.718,0.0163,0.210276784,NA,NA,NA
"ANXA5","Stem-cell-iPSC","BP","sQTL","Wald ratio",1,0.002,2.718,0.0163,0.908825309,NA,NA,NA
"MED30","Stem-cell-iPSC","BP","sQTL","Wald ratio",1,0.02,2.718,0.0163,0.229602092,NA,NA,NA
"FECHP1","Stem-cell-iPSC","BP","sQTL","Wald ratio",1,0.01,2.718,0.0163,0.525065091,NA,NA,NA
"RPS6KB1","Stem-cell-iPSC","BP","sQTL","Wald ratio",1,-0.036,2.718,0.0163,0.02806646,NA,NA,NA
"ADARB2","Stem-cell-iPSC","BP","sQTL","Inverse variance weighted",2,0.004,7.389,0.0163,0.784548284,NA,0.453864803,NA
"FAM135B","Stem-cell-iPSC","BP","sQTL","Wald ratio",1,0.064,2.718,0.0163,9.61e-05,NA,NA,NA
"ABCC4","Stem-cell-iPSC","BP","sQTL","Wald ratio",1,0.021,2.718,0.0163,0.203298296,NA,NA,NA
"MIR4475","Stem-cell-iPSC","BP","sQTL","Wald ratio",1,-0.017,2.718,0.0163,0.293113659,NA,NA,NA
"GALNT10","Stem-cell-iPSC","BP","sQTL","Wald ratio",1,-0.009,2.718,0.0163,0.573450598,NA,NA,NA
"GLRX3","Stem-cell-iPSC","BP","sQTL","Wald ratio",1,0.001,2.718,0.0163,0.941282174,NA,NA,NA
"DCUN1D3","Stem-cell-iPSC","BP","sQTL","Wald ratio",1,0.029,2.718,0.0163,0.074579247,NA,NA,NA
"GPR78","Stem-cell-iPSC","BP","sQTL","Wald ratio",1,0.003,2.718,0.0163,0.866446454,NA,NA,NA
"RPL17P45","Stem-cell-iPSC","BP","sQTL","Wald ratio",1,0.017,2.718,0.0164,0.293110652,NA,NA,NA
"ESRRG","Stem-cell-iPSC","BP","sQTL","Inverse variance weighted",2,0.001,7.389,0.0164,0.947401884,NA,0.083552878,NA
"KCNG4","Stem-cell-iPSC","BP","sQTL","Wald ratio",1,0.012,2.718,0.0164,0.469637467,NA,NA,NA
"FUNDC2P2","Stem-cell-iPSC","BP","sQTL","Wald ratio",1,0.025,2.718,0.0164,0.130192304,NA,NA,NA
"SAP30BP","Stem-cell-iPSC","BP","sQTL","Wald ratio",1,-0.016,2.718,0.0164,0.322430397,NA,NA,NA
"GAPDHP16","Stem-cell-iPSC","BP","sQTL","Wald ratio",1,0.018,2.718,0.0164,0.264603155,NA,NA,NA
"EYS","Stem-cell-iPSC","BP","sQTL","Wald ratio",1,-0.039,2.718,0.0164,0.018716239,NA,NA,NA
"PIGP","Stem-cell-iPSC","BP","sQTL","Wald ratio",1,0.005,2.718,0.0164,0.768509587,NA,NA,NA
"PKD1L2","Stem-cell-iPSC","BP","sQTL","Inverse variance weighted",2,-0.03,7.389,0.0165,0.066805539,NA,0.88000027,NA
"SLC26A4-AS1","Stem-cell-iPSC","BP","sQTL","Wald ratio",1,-0.028,2.718,0.0165,0.087276895,NA,NA,NA
"TBC1D5","Stem-cell-iPSC","BP","sQTL","Wald ratio",1,0.026,2.718,0.0165,0.112060686,NA,NA,NA
"MTND5P15","Stem-cell-iPSC","BP","sQTL","Wald ratio",1,0,2.718,0.0165,0.979008609,NA,NA,NA
"GM2AP1","Stem-cell-iPSC","BP","sQTL","Wald ratio",1,0.043,2.718,0.0165,0.00848639,NA,NA,NA
"STX8","Stem-cell-iPSC","BP","sQTL","Wald ratio",1,-0.012,2.718,0.0165,0.479950502,NA,NA,NA
"DYX1C1-CCPG1","Stem-cell-iPSC","BP","sQTL","Wald ratio",1,0,2.718,0.0166,0.9837194,NA,NA,NA
"NR2C2","Stem-cell-iPSC","BP","sQTL","Wald ratio",1,0.004,2.718,0.0166,0.802838258,NA,NA,NA
"GRM8","Stem-cell-iPSC","BP","sQTL","Wald ratio",1,0.009,2.718,0.0166,0.576034404,NA,NA,NA
"LINC00410","Stem-cell-iPSC","BP","sQTL","Wald ratio",1,0.008,2.718,0.0166,0.620779436,NA,NA,NA
"LZTS1","Stem-cell-iPSC","BP","sQTL","Wald ratio",1,0.007,2.718,0.0166,0.666600528,NA,NA,NA
"HTR2A","Stem-cell-iPSC","BP","sQTL","Wald ratio",1,-0.011,2.718,0.0166,0.526489457,NA,NA,NA
"CHMP6","Stem-cell-iPSC","BP","sQTL","Wald ratio",1,-0.025,2.718,0.0166,0.13360657,NA,NA,NA
"SYNE1","Stem-cell-iPSC","BP","sQTL","Wald ratio",1,-0.033,2.718,0.0166,0.048253186,NA,NA,NA
"NPC1","Stem-cell-iPSC","BP","sQTL","Wald ratio",1,-0.023,2.718,0.0166,0.173763782,NA,NA,NA
"FSTL5","Stem-cell-iPSC","BP","sQTL","Wald ratio",1,-0.011,2.718,0.0166,0.508936841,NA,NA,NA
"EXOC5P1","Stem-cell-iPSC","BP","sQTL","Wald ratio",1,0.026,2.718,0.0166,0.125238923,NA,NA,NA
"MYOD1","Stem-cell-iPSC","BP","sQTL","Wald ratio",1,0.021,2.718,0.0167,0.206181946,NA,NA,NA
"SP100","Stem-cell-iPSC","BP","sQTL","Wald ratio",1,0.005,2.718,0.0167,0.785345416,NA,NA,NA
"USP13","Stem-cell-iPSC","BP","sQTL","Wald ratio",1,-0.015,2.718,0.0167,0.355897637,NA,NA,NA
"LINC00534","Stem-cell-iPSC","BP","sQTL","Wald ratio",1,-0.017,2.718,0.0167,0.321856285,NA,NA,NA
"ATG2B","Stem-cell-iPSC","BP","sQTL","Wald ratio",1,0.008,2.718,0.0167,0.619912637,NA,NA,NA
"VTI1A","Stem-cell-iPSC","BP","sQTL","Wald ratio",1,0.006,2.718,0.0167,0.73857198,NA,NA,NA
"ALPK1","Stem-cell-iPSC","BP","sQTL","Wald ratio",1,-0.02,2.718,0.0167,0.222463896,NA,NA,NA
"CEBPE","Stem-cell-iPSC","BP","sQTL","Wald ratio",1,-0.012,2.718,0.0167,0.471780192,NA,NA,NA
"SGCZ","Stem-cell-iPSC","BP","sQTL","Wald ratio",1,0.015,2.718,0.0167,0.380932636,NA,NA,NA
"ZFPM2","Stem-cell-iPSC","BP","sQTL","Wald ratio",1,0.021,2.718,0.0167,0.202861277,NA,NA,NA
"SMYD2","Stem-cell-iPSC","BP","sQTL","Wald ratio",1,-0.004,2.718,0.0167,0.829610731,NA,NA,NA
"DIO2","Stem-cell-iPSC","BP","sQTL","Wald ratio",1,-0.012,2.718,0.0167,0.476803808,NA,NA,NA
"RBM48P1","Stem-cell-iPSC","BP","sQTL","Wald ratio",1,0.007,2.718,0.0167,0.693165299,NA,NA,NA
"RPL5P26","Stem-cell-iPSC","BP","sQTL","Wald ratio",1,-0.021,2.718,0.0168,0.214345346,NA,NA,NA
"SLC1A2","Stem-cell-iPSC","BP","sQTL","Wald ratio",1,0.002,2.718,0.0168,0.923172557,NA,NA,NA
"COBL","Stem-cell-iPSC","BP","sQTL","Wald ratio",1,0.002,2.718,0.0168,0.888471383,NA,NA,NA
"PACRG","Stem-cell-iPSC","BP","sQTL","Inverse variance weighted",2,0.006,7.389,0.0168,0.733781339,NA,0.78765321,NA
"RPL35AP19","Stem-cell-iPSC","BP","sQTL","Wald ratio",1,0.002,2.718,0.0168,0.914167141,NA,NA,NA
"ARID1B","Stem-cell-iPSC","BP","sQTL","Inverse variance weighted",2,0.007,7.389,0.0168,0.66625413,NA,0.30673473,NA
"FAM210B","Stem-cell-iPSC","BP","sQTL","Wald ratio",1,0.042,2.718,0.0168,0.012132246,NA,NA,NA
"ITGAV","Stem-cell-iPSC","BP","sQTL","Wald ratio",1,-0.015,2.718,0.0169,0.369261427,NA,NA,NA
"SBF2","Stem-cell-iPSC","BP","sQTL","Wald ratio",1,0.015,2.718,0.0169,0.378276302,NA,NA,NA
"CHRNA7","Stem-cell-iPSC","BP","sQTL","Wald ratio",1,-0.017,2.718,0.0169,0.325890926,NA,NA,NA
"GRK5","Stem-cell-iPSC","BP","sQTL","Wald ratio",1,0.012,2.718,0.017,0.46150815,NA,NA,NA
"LINC01362","Stem-cell-iPSC","BP","sQTL","Wald ratio",1,-0.007,2.718,0.017,0.686410523,NA,NA,NA
"LNX2","Stem-cell-iPSC","BP","sQTL","Wald ratio",1,0.014,2.718,0.017,0.396291245,NA,NA,NA
"KIF16B","Stem-cell-iPSC","BP","sQTL","Wald ratio",1,-0.01,2.718,0.0171,0.558366836,NA,NA,NA
"XKR4","Stem-cell-iPSC","BP","sQTL","Wald ratio",1,0.003,2.718,0.0171,0.859192939,NA,NA,NA
"MIR5093","Stem-cell-iPSC","BP","sQTL","Wald ratio",1,-0.017,2.718,0.0171,0.30768653,NA,NA,NA
"MTND5P34","Stem-cell-iPSC","BP","sQTL","Wald ratio",1,-0.002,2.718,0.0171,0.921862203,NA,NA,NA
"SNORD13","Stem-cell-iPSC","BP","sQTL","Wald ratio",1,-0.02,2.718,0.0171,0.250315889,NA,NA,NA
"DLC1","Stem-cell-iPSC","BP","sQTL","Inverse variance weighted",2,0.031,7.389,0.0171,0.067624368,NA,0.33228426,NA
"CCDC188","Stem-cell-iPSC","BP","sQTL","Wald ratio",1,-0.055,2.718,0.0171,0.001449165,NA,NA,NA
"HIF1AN","Stem-cell-iPSC","BP","sQTL","Wald ratio",1,-0.004,2.718,0.0171,0.816192271,NA,NA,NA
"LINC00680","Stem-cell-iPSC","BP","sQTL","Wald ratio",1,0.008,2.718,0.0171,0.63731122,NA,NA,NA
"TRBV30","Stem-cell-iPSC","BP","sQTL","Wald ratio",1,-0.012,2.718,0.0171,0.479950502,NA,NA,NA
"ISG20","Stem-cell-iPSC","BP","sQTL","Wald ratio",1,0.017,2.718,0.0172,0.326060901,NA,NA,NA
"LINC01183","Stem-cell-iPSC","BP","sQTL","Wald ratio",1,-0.017,2.718,0.0172,0.317337609,NA,NA,NA
"MEGF10","Stem-cell-iPSC","BP","sQTL","Wald ratio",1,-0.012,2.718,0.0172,0.501793605,NA,NA,NA
"DAB2IP","Stem-cell-iPSC","BP","sQTL","Wald ratio",1,0.001,2.718,0.0172,0.944764608,NA,NA,NA
"HDDC2","Stem-cell-iPSC","BP","sQTL","Wald ratio",1,-0.023,2.718,0.0172,0.180265764,NA,NA,NA
"IRF2","Stem-cell-iPSC","BP","sQTL","Wald ratio",1,-0.025,2.718,0.0173,0.151464215,NA,NA,NA
"ECM1P2","Stem-cell-iPSC","BP","sQTL","Wald ratio",1,0.014,2.718,0.0173,0.428843375,NA,NA,NA
"ECHDC2","Stem-cell-iPSC","BP","sQTL","Wald ratio",1,-0.021,2.718,0.0173,0.233271789,NA,NA,NA
"NAAA","Stem-cell-iPSC","BP","sQTL","Wald ratio",1,0.002,2.718,0.0173,0.891225849,NA,NA,NA
"CSMD2","Stem-cell-iPSC","BP","sQTL","Wald ratio",1,-0.016,2.718,0.0173,0.36533775,NA,NA,NA
"RNU6-1018P","Stem-cell-iPSC","BP","sQTL","Wald ratio",1,0.029,2.718,0.0173,0.092574699,NA,NA,NA
"PSMF1","Stem-cell-iPSC","BP","sQTL","Wald ratio",1,0.008,2.718,0.0173,0.66387857,NA,NA,NA
"CTBP2","Stem-cell-iPSC","BP","sQTL","Wald ratio",1,-0.004,2.718,0.0173,0.805847503,NA,NA,NA
"PRICKLE2","Stem-cell-iPSC","BP","sQTL","Wald ratio",1,-0.055,2.718,0.0173,0.001574202,NA,NA,NA
"HHAT","Stem-cell-iPSC","BP","sQTL","Wald ratio",1,0.027,2.718,0.0173,0.122058245,NA,NA,NA
"PDIA5","Stem-cell-iPSC","BP","sQTL","Wald ratio",1,-0.032,2.718,0.0173,0.067425244,NA,NA,NA
"HERPUD2","Stem-cell-iPSC","BP","sQTL","Wald ratio",1,0.001,2.718,0.0174,0.970893861,NA,NA,NA
"LINC00968","Stem-cell-iPSC","BP","sQTL","Wald ratio",1,-0.006,2.718,0.0175,0.741535101,NA,NA,NA
"GRIN2B","Stem-cell-iPSC","BP","sQTL","Inverse variance weighted",3,0.048,20.086,0.0175,0.006161355,0.282975081,0.550697963,0.882195385
"IPO11","Stem-cell-iPSC","BP","sQTL","Wald ratio",1,-0.029,2.718,0.0175,0.095507625,NA,NA,NA
"FBLN5","Stem-cell-iPSC","BP","sQTL","Wald ratio",1,0.031,2.718,0.0175,0.076582028,NA,NA,NA
"COL27A1","Stem-cell-iPSC","BP","sQTL","Wald ratio",1,0,2.718,0.0175,0.979540595,NA,NA,NA
"BST1","Stem-cell-iPSC","BP","sQTL","Wald ratio",1,0.015,2.718,0.0175,0.389347598,NA,NA,NA
"MEF2D","Stem-cell-iPSC","BP","sQTL","Wald ratio",1,-0.029,2.718,0.0176,0.103693858,NA,NA,NA
"KDM4C","Stem-cell-iPSC","BP","sQTL","Wald ratio",1,-0.013,2.718,0.0176,0.44694783,NA,NA,NA
"LINC00941","Stem-cell-iPSC","BP","sQTL","Wald ratio",1,-0.001,2.718,0.0176,0.968402553,NA,NA,NA
"PTP4A1P4","Stem-cell-iPSC","BP","sQTL","Inverse variance weighted",2,-0.01,7.389,0.0176,0.586351544,NA,0.270659,NA
"SLC35B3","Stem-cell-iPSC","BP","sQTL","Wald ratio",1,0.023,2.718,0.0176,0.186823342,NA,NA,NA
"RXFP2","Stem-cell-iPSC","BP","sQTL","Wald ratio",1,-0.017,2.718,0.0176,0.337409715,NA,NA,NA
"TCEA3","Stem-cell-iPSC","BP","sQTL","Wald ratio",1,-0.018,2.718,0.0177,0.310076037,NA,NA,NA
"PBLD","Stem-cell-iPSC","BP","sQTL","Wald ratio",1,-0.018,2.718,0.0177,0.313686455,NA,NA,NA
"ADGRF1","Stem-cell-iPSC","BP","sQTL","Wald ratio",1,0.011,2.718,0.0177,0.517425538,NA,NA,NA
"PITPNM2","Stem-cell-iPSC","BP","sQTL","Wald ratio",1,0.029,2.718,0.0177,0.096842316,NA,NA,NA
"HAGLROS","Stem-cell-iPSC","BP","sQTL","Wald ratio",1,0.029,2.718,0.0177,0.100236948,NA,NA,NA
"RABL3","Stem-cell-iPSC","BP","sQTL","Wald ratio",1,0.012,2.718,0.0177,0.490334518,NA,NA,NA
"PALM2","Stem-cell-iPSC","BP","sQTL","Wald ratio",1,-0.023,2.718,0.0177,0.202473947,NA,NA,NA
"TNN","Stem-cell-iPSC","BP","sQTL","Wald ratio",1,-0.021,2.718,0.0177,0.233942614,NA,NA,NA
"EFNA5","Stem-cell-iPSC","BP","sQTL","Wald ratio",1,0.01,2.718,0.0177,0.563864617,NA,NA,NA
"LOXHD1","Stem-cell-iPSC","BP","sQTL","Wald ratio",1,0.015,2.718,0.0177,0.386570758,NA,NA,NA
"MYO16","Stem-cell-iPSC","BP","sQTL","Inverse variance weighted",2,-0.013,7.389,0.0177,0.463351513,NA,0.170554047,NA
"NAALADL2-AS2","Stem-cell-iPSC","BP","sQTL","Wald ratio",1,0.003,2.718,0.0177,0.878380043,NA,NA,NA
"UFD1L","Stem-cell-iPSC","BP","sQTL","Wald ratio",1,-0.005,2.718,0.0177,0.769984568,NA,NA,NA
"FHIT","Stem-cell-iPSC","BP","sQTL","Inverse variance weighted",2,0.011,7.389,0.0177,0.53259962,NA,0.207767699,NA
"EPHA6","Stem-cell-iPSC","BP","sQTL","Inverse variance weighted",2,0,7.389,0.0177,0.992539384,NA,0.065998397,NA
"TET3","Stem-cell-iPSC","BP","sQTL","Wald ratio",1,-0.019,2.718,0.0178,0.277085844,NA,NA,NA
"ARPP21","Stem-cell-iPSC","BP","sQTL","Wald ratio",1,0.012,2.718,0.0178,0.512197019,NA,NA,NA
"CALML3","Stem-cell-iPSC","BP","sQTL","Wald ratio",1,0.004,2.718,0.0178,0.833453758,NA,NA,NA
"FGF9","Stem-cell-iPSC","BP","sQTL","Wald ratio",1,0.002,2.718,0.0178,0.916942969,NA,NA,NA
"AGPAT5","Stem-cell-iPSC","BP","sQTL","Wald ratio",1,-0.002,2.718,0.0178,0.907536087,NA,NA,NA
"RIIAD1","Stem-cell-iPSC","BP","sQTL","Wald ratio",1,-0.035,2.718,0.0178,0.051564573,NA,NA,NA
"D2HGDH","Stem-cell-iPSC","BP","sQTL","Wald ratio",1,0.021,2.718,0.0178,0.236719347,NA,NA,NA
"MANEA-AS1","Stem-cell-iPSC","BP","sQTL","Wald ratio",1,-0.003,2.718,0.0179,0.848439549,NA,NA,NA
"RN7SKP93","Stem-cell-iPSC","BP","sQTL","Wald ratio",1,0.02,2.718,0.0179,0.26947905,NA,NA,NA
"GALNTL6","Stem-cell-iPSC","BP","sQTL","Inverse variance weighted",2,0.019,7.389,0.0179,0.287318023,NA,0.74166613,NA
"PYROXD2","Stem-cell-iPSC","BP","sQTL","Wald ratio",1,-0.039,2.718,0.0179,0.030741864,NA,NA,NA
"NRG3","Stem-cell-iPSC","BP","sQTL","Inverse variance weighted",2,0.003,7.389,0.018,0.857136159,NA,0.152520773,NA
"STEAP1B","Stem-cell-iPSC","BP","sQTL","Wald ratio",1,-0.001,2.718,0.018,0.94682583,NA,NA,NA
"RIOK3P1","Stem-cell-iPSC","BP","sQTL","Wald ratio",1,-0.004,2.718,0.018,0.803961604,NA,NA,NA
"RPEP2","Stem-cell-iPSC","BP","sQTL","Wald ratio",1,0.002,2.718,0.018,0.898062658,NA,NA,NA
"C3orf33","Stem-cell-iPSC","BP","sQTL","Wald ratio",1,0.031,2.718,0.0181,0.084809402,NA,NA,NA
"PTPRG","Stem-cell-iPSC","BP","sQTL","Inverse variance weighted",2,-0.02,7.389,0.0182,0.259987189,NA,0.5624789,NA
"FOXN3","Stem-cell-iPSC","BP","sQTL","Inverse variance weighted",2,-0.024,7.389,0.0182,0.189920533,NA,0.219109247,NA
"LINC00635","Stem-cell-iPSC","BP","sQTL","Wald ratio",1,-0.017,2.718,0.0182,0.35720598,NA,NA,NA
"MCF2L2","Stem-cell-iPSC","BP","sQTL","Wald ratio",1,-0.003,2.718,0.0182,0.84783039,NA,NA,NA
"RNU6-356P","Stem-cell-iPSC","BP","sQTL","Wald ratio",1,0.018,2.718,0.0182,0.31318194,NA,NA,NA
"RERGL","Stem-cell-iPSC","BP","sQTL","Wald ratio",1,0.009,2.718,0.0182,0.625906894,NA,NA,NA
"DOCK4","Stem-cell-iPSC","BP","sQTL","Wald ratio",1,0.008,2.718,0.0183,0.656939088,NA,NA,NA
"NDUFB5P1","Stem-cell-iPSC","BP","sQTL","Inverse variance weighted",2,-0.004,7.389,0.0184,0.807700376,NA,0.571823569,NA
"LDHC","Stem-cell-iPSC","BP","sQTL","Wald ratio",1,-0.009,2.718,0.0184,0.614816139,NA,NA,NA
"FAM189A1","Stem-cell-iPSC","BP","sQTL","Wald ratio",1,-0.046,2.718,0.0184,0.01290988,NA,NA,NA
"STXBP6","Stem-cell-iPSC","BP","sQTL","Inverse variance weighted",2,0.016,7.389,0.0184,0.397344814,NA,0.162697167,NA
"LINC01559","Stem-cell-iPSC","BP","sQTL","Wald ratio",1,0,2.718,0.0184,0.979713942,NA,NA,NA
"RNU1-44P","Stem-cell-iPSC","BP","sQTL","Wald ratio",1,0.04,2.718,0.0185,0.031183344,NA,NA,NA
"VDAC1P9","Stem-cell-iPSC","BP","sQTL","Wald ratio",1,-0.032,2.718,0.0185,0.080394379,NA,NA,NA
"TRPC4","Stem-cell-iPSC","BP","sQTL","Wald ratio",1,0.014,2.718,0.0186,0.465190566,NA,NA,NA
"MC5R","Stem-cell-iPSC","BP","sQTL","Wald ratio",1,-0.033,2.718,0.0186,0.072860228,NA,NA,NA
"TSPAN2","Stem-cell-iPSC","BP","sQTL","Wald ratio",1,-0.025,2.718,0.0186,0.172112512,NA,NA,NA
"LOR","Stem-cell-iPSC","BP","sQTL","Wald ratio",1,0.007,2.718,0.0186,0.705982054,NA,NA,NA
"RN7SL401P","Stem-cell-iPSC","BP","sQTL","Wald ratio",1,0.011,2.718,0.0187,0.559976337,NA,NA,NA
"ANXA2","Stem-cell-iPSC","BP","sQTL","Wald ratio",1,0.023,2.718,0.0187,0.220462266,NA,NA,NA
"CHSY3","Stem-cell-iPSC","BP","sQTL","Wald ratio",1,-0.003,2.718,0.0187,0.851816849,NA,NA,NA
"LSM1P2","Stem-cell-iPSC","BP","sQTL","Wald ratio",1,0.019,2.718,0.0187,0.313462979,NA,NA,NA
"OVCH2","Stem-cell-iPSC","BP","sQTL","Wald ratio",1,0.017,2.718,0.0188,0.363479502,NA,NA,NA
"RNF217-AS1","Stem-cell-iPSC","BP","sQTL","Wald ratio",1,0,2.718,0.0188,0.986475828,NA,NA,NA
"AHCYP4","Stem-cell-iPSC","BP","sQTL","Inverse variance weighted",2,0.022,7.389,0.0188,0.242229761,NA,0.895051657,NA
"MIR4425","Stem-cell-iPSC","BP","sQTL","Wald ratio",1,0.035,2.718,0.0189,0.065338574,NA,NA,NA
"PGR","Stem-cell-iPSC","BP","sQTL","Wald ratio",1,0.004,2.718,0.0189,0.816374912,NA,NA,NA
"CCDC38","Stem-cell-iPSC","BP","sQTL","Wald ratio",1,0.021,2.718,0.0189,0.262692418,NA,NA,NA
"CBLN2","Stem-cell-iPSC","BP","sQTL","Wald ratio",1,-0.02,2.718,0.0189,0.301891122,NA,NA,NA
"WWC1","Stem-cell-iPSC","BP","sQTL","Wald ratio",1,-0.009,2.718,0.019,0.634683635,NA,NA,NA
"SGCD","Stem-cell-iPSC","BP","sQTL","Wald ratio",1,0.009,2.718,0.019,0.622932479,NA,NA,NA
"LINC01037","Stem-cell-iPSC","BP","sQTL","Wald ratio",1,-0.018,2.718,0.019,0.335976979,NA,NA,NA
"FHDC1","Stem-cell-iPSC","BP","sQTL","Wald ratio",1,-0.001,2.718,0.019,0.971756549,NA,NA,NA
"RNU6-889P","Stem-cell-iPSC","BP","sQTL","Wald ratio",1,0.008,2.718,0.0191,0.680032601,NA,NA,NA
"CSNK1A1","Stem-cell-iPSC","BP","sQTL","Wald ratio",1,0.03,2.718,0.0191,0.116388534,NA,NA,NA
"LINC01264","Stem-cell-iPSC","BP","sQTL","Wald ratio",1,-0.022,2.718,0.0192,0.247346326,NA,NA,NA
"ACER2","Stem-cell-iPSC","BP","sQTL","Wald ratio",1,0.017,2.718,0.0193,0.364703062,NA,NA,NA
"LINC01257","Stem-cell-iPSC","BP","sQTL","Wald ratio",1,0.02,2.718,0.0193,0.291129736,NA,NA,NA
"ABRACL","Stem-cell-iPSC","BP","sQTL","Wald ratio",1,-0.015,2.718,0.0193,0.43591522,NA,NA,NA
"RGS7","Stem-cell-iPSC","BP","sQTL","Wald ratio",1,0.014,2.718,0.0193,0.483422197,NA,NA,NA
"DTWD1","Stem-cell-iPSC","BP","sQTL","Wald ratio",1,-0.013,2.718,0.0194,0.493385253,NA,NA,NA
"RAI14","Stem-cell-iPSC","BP","sQTL","Wald ratio",1,-0.032,2.718,0.0194,0.102384062,NA,NA,NA
"TSKU","Stem-cell-iPSC","BP","sQTL","Wald ratio",1,-0.029,2.718,0.0194,0.13360657,NA,NA,NA
"SCEL","Stem-cell-iPSC","BP","sQTL","Wald ratio",1,0.037,2.718,0.0194,0.05629303,NA,NA,NA
"TMCO3","Stem-cell-iPSC","BP","sQTL","Wald ratio",1,-0.026,2.718,0.0195,0.179421558,NA,NA,NA
"VENTXP2","Stem-cell-iPSC","BP","sQTL","Wald ratio",1,-0.008,2.718,0.0196,0.681747357,NA,NA,NA
"SLC39A9","Stem-cell-iPSC","BP","sQTL","Wald ratio",1,-0.029,2.718,0.0197,0.145288604,NA,NA,NA
"ALDH18A1","Stem-cell-iPSC","BP","sQTL","Wald ratio",1,-0.013,2.718,0.0197,0.500157772,NA,NA,NA
"MYRIP","Stem-cell-iPSC","BP","sQTL","Wald ratio",1,-0.012,2.718,0.0197,0.543156787,NA,NA,NA
"PPM1AP1","Stem-cell-iPSC","BP","sQTL","Wald ratio",1,-0.022,2.718,0.0197,0.27598642,NA,NA,NA
"TNFRSF10C","Stem-cell-iPSC","BP","sQTL","Wald ratio",1,0.017,2.718,0.0198,0.392724607,NA,NA,NA
"FRY","Stem-cell-iPSC","BP","sQTL","Wald ratio",1,-0.032,2.718,0.0198,0.102176082,NA,NA,NA
"ZDHHC14","Stem-cell-iPSC","BP","sQTL","Wald ratio",1,0.024,2.718,0.0198,0.230811465,NA,NA,NA
"SNTG1","Stem-cell-iPSC","BP","sQTL","Wald ratio",1,0.055,2.718,0.0199,0.005921188,NA,NA,NA
"MACROD2","Stem-cell-iPSC","BP","sQTL","Inverse variance weighted",2,-0.007,7.389,0.0199,0.73200535,NA,0.354363898,NA
"ADGRL3","Stem-cell-iPSC","BP","sQTL","Wald ratio",1,0.029,2.718,0.0199,0.140817189,NA,NA,NA
"PHYKPL","Stem-cell-iPSC","BP","sQTL","Wald ratio",1,0.009,2.718,0.02,0.65523508,NA,NA,NA
"GYG1P2","Stem-cell-iPSC","BP","sQTL","Wald ratio",1,-0.022,2.718,0.02,0.268786683,NA,NA,NA
"KLRAP1","Stem-cell-iPSC","BP","sQTL","Wald ratio",1,-0.002,2.718,0.02,0.914611835,NA,NA,NA
"POLD2P1","Stem-cell-iPSC","BP","sQTL","Wald ratio",1,0.01,2.718,0.0201,0.612340125,NA,NA,NA
"RASGRP3","Stem-cell-iPSC","BP","sQTL","Inverse variance weighted",2,-0.005,7.389,0.0202,0.823079955,NA,0.883102813,NA
"CHFR","Stem-cell-iPSC","BP","sQTL","Wald ratio",1,-0.014,2.718,0.0202,0.473741966,NA,NA,NA
"ANKRD50","Stem-cell-iPSC","BP","sQTL","Wald ratio",1,0.007,2.718,0.0202,0.740686068,NA,NA,NA
"INPP4B","Stem-cell-iPSC","BP","sQTL","Wald ratio",1,0.011,2.718,0.0203,0.596513279,NA,NA,NA
"PTMAP5","Stem-cell-iPSC","BP","sQTL","Inverse variance weighted",2,-0.007,7.389,0.0203,0.730179207,NA,0.167568123,NA
"EMCN","Stem-cell-iPSC","BP","sQTL","Wald ratio",1,-0.016,2.718,0.0204,0.446014755,NA,NA,NA
"RPSAP12","Stem-cell-iPSC","BP","sQTL","Wald ratio",1,0.02,2.718,0.0204,0.321197693,NA,NA,NA
"SCAF11","Stem-cell-iPSC","BP","sQTL","Wald ratio",1,0.03,2.718,0.0204,0.139250062,NA,NA,NA
"NCKAP5","Stem-cell-iPSC","BP","sQTL","Wald ratio",1,0.037,2.718,0.0204,0.070881849,NA,NA,NA
"SLC4A2","Stem-cell-iPSC","BP","sQTL","Wald ratio",1,0.015,2.718,0.0206,0.480618111,NA,NA,NA
"FAM78B","Stem-cell-iPSC","BP","sQTL","Wald ratio",1,-0.015,2.718,0.0206,0.473761812,NA,NA,NA
"LVRN","Stem-cell-iPSC","BP","sQTL","Wald ratio",1,-0.035,2.718,0.0207,0.086837236,NA,NA,NA
"C8orf37-AS1","Stem-cell-iPSC","BP","sQTL","Inverse variance weighted",2,-0.015,7.389,0.0207,0.469359183,NA,0.632867103,NA
"SMOX","Stem-cell-iPSC","BP","sQTL","Wald ratio",1,0.048,2.718,0.0207,0.021454538,NA,NA,NA
"BCAS1","Stem-cell-iPSC","BP","sQTL","Wald ratio",1,-0.048,2.718,0.0207,0.020082975,NA,NA,NA
"MYO5B","Stem-cell-iPSC","BP","sQTL","Wald ratio",1,-0.022,2.718,0.0207,0.296106198,NA,NA,NA
"LRMP","Stem-cell-iPSC","BP","sQTL","Inverse variance weighted",2,-0.025,7.389,0.0208,0.224176599,NA,0.442412923,NA
"RPS11P1","Stem-cell-iPSC","BP","sQTL","Wald ratio",1,0.007,2.718,0.0208,0.72944781,NA,NA,NA
"RELN","Stem-cell-iPSC","BP","sQTL","Inverse variance weighted",2,-0.003,7.389,0.0208,0.877850753,NA,0.132462707,NA
"BMP3","Stem-cell-iPSC","BP","sQTL","Wald ratio",1,0.02,2.718,0.0209,0.334411921,NA,NA,NA
"CDH4","Stem-cell-iPSC","BP","sQTL","Inverse variance weighted",2,0.01,7.389,0.021,0.644407553,NA,0.414291991,NA
"TMEM117","Stem-cell-iPSC","BP","sQTL","Wald ratio",1,0.012,2.718,0.021,0.557047499,NA,NA,NA
"MEPE","Stem-cell-iPSC","BP","sQTL","Wald ratio",1,-0.004,2.718,0.021,0.855529658,NA,NA,NA
"JAZF1","Stem-cell-iPSC","BP","sQTL","Wald ratio",1,-0.053,2.718,0.021,0.01173331,NA,NA,NA
"SETP7","Stem-cell-iPSC","BP","sQTL","Wald ratio",1,0.01,2.718,0.0211,0.631038316,NA,NA,NA
"MIR4300HG","Stem-cell-iPSC","BP","sQTL","Wald ratio",1,0.022,2.718,0.0212,0.302655543,NA,NA,NA
"THEM7P","Stem-cell-iPSC","BP","sQTL","Wald ratio",1,-0.021,2.718,0.0212,0.328175137,NA,NA,NA
"FAM149A","Stem-cell-iPSC","BP","sQTL","Inverse variance weighted",2,0.015,7.389,0.0212,0.474377194,NA,0.095882424,NA
"OPCML","Stem-cell-iPSC","BP","sQTL","Wald ratio",1,0.008,2.718,0.0213,0.690025359,NA,NA,NA
"PREX1","Stem-cell-iPSC","BP","sQTL","Wald ratio",1,-0.022,2.718,0.0214,0.295530545,NA,NA,NA
"LRP1B","Stem-cell-iPSC","BP","sQTL","Inverse variance weighted",2,0.04,7.389,0.0214,0.058962634,NA,0.436952299,NA
"PRKG1","Stem-cell-iPSC","BP","sQTL","Weighted mode",3,0.003,20.086,0.0214,0.911736652,0.73747281,0.000460052,0.159562264
"ALOX5AP","Stem-cell-iPSC","BP","sQTL","Wald ratio",1,0.11,2.718,0.0214,3.28e-07,NA,NA,NA
"PCDH9","Stem-cell-iPSC","BP","sQTL","Inverse variance weighted",2,-0.005,7.389,0.0216,0.83299625,NA,0.543919017,NA
"IL21R","Stem-cell-iPSC","BP","sQTL","Wald ratio",1,0.01,2.718,0.0216,0.656063999,NA,NA,NA
"EIF1B","Stem-cell-iPSC","BP","sQTL","Wald ratio",1,0.043,2.718,0.0217,0.046616008,NA,NA,NA
"MARCO","Stem-cell-iPSC","BP","sQTL","Wald ratio",1,-0.02,2.718,0.0218,0.35435877,NA,NA,NA
"ZBTB7C","Stem-cell-iPSC","BP","sQTL","Inverse variance weighted",2,0.004,7.389,0.0218,0.856028506,NA,0.271184266,NA
"KLHL1","Stem-cell-iPSC","BP","sQTL","Wald ratio",1,-0.019,2.718,0.0218,0.379584878,NA,NA,NA
"ZSCAN18","Stem-cell-iPSC","BP","sQTL","Wald ratio",1,-0.012,2.718,0.0218,0.585122981,NA,NA,NA
"CPEB1","Stem-cell-iPSC","BP","sQTL","Wald ratio",1,0.055,2.718,0.0219,0.01161072,NA,NA,NA
"LIFR-AS1","Stem-cell-iPSC","BP","sQTL","Wald ratio",1,0.02,2.718,0.0219,0.372398867,NA,NA,NA
"NAV3","Stem-cell-iPSC","BP","sQTL","Inverse variance weighted",2,0,7.389,0.0219,0.991613605,NA,0.516315227,NA
"TSPAN9","Stem-cell-iPSC","BP","sQTL","Wald ratio",1,0.036,2.718,0.0219,0.099594108,NA,NA,NA
"LSM11","Stem-cell-iPSC","BP","sQTL","Wald ratio",1,0.04,2.718,0.022,0.070611917,NA,NA,NA
"FGF14","Stem-cell-iPSC","BP","sQTL","Wald ratio",1,0.016,2.718,0.0221,0.477909988,NA,NA,NA
"FAM234A","Stem-cell-iPSC","BP","sQTL","Wald ratio",1,-0.018,2.718,0.0221,0.422530921,NA,NA,NA
"DNAJC27-AS1","Stem-cell-iPSC","BP","sQTL","Wald ratio",1,0.01,2.718,0.0221,0.647293466,NA,NA,NA
"RNF123","Stem-cell-iPSC","BP","sQTL","Wald ratio",1,0.01,2.718,0.0222,0.66696246,NA,NA,NA
"CDH8","Stem-cell-iPSC","BP","sQTL","Wald ratio",1,-0.007,2.718,0.0222,0.737068679,NA,NA,NA
"TMEM132B","Stem-cell-iPSC","BP","sQTL","Inverse variance weighted",2,0.023,7.389,0.0222,0.291988827,NA,0.108680306,NA
"PLCL2","Stem-cell-iPSC","BP","sQTL","Wald ratio",1,0.081,2.718,0.0223,0.000295222,NA,NA,NA
"DCC","Stem-cell-iPSC","BP","sQTL","Inverse variance weighted",2,0.023,7.389,0.0223,0.306960552,NA,0.951728609,NA
"KCNIP1","Stem-cell-iPSC","BP","sQTL","Wald ratio",1,0.059,2.718,0.0223,0.007850403,NA,NA,NA
"SLC39A8","Stem-cell-iPSC","BP","sQTL","Inverse variance weighted",2,0.004,7.389,0.0223,0.86121273,NA,0.073430191,NA
"IL34","Stem-cell-iPSC","BP","sQTL","Wald ratio",1,0.018,2.718,0.0223,0.431401458,NA,NA,NA
"ATP5A1","Stem-cell-iPSC","BP","sQTL","Wald ratio",1,0.01,2.718,0.0224,0.642227591,NA,NA,NA
"RFX3","Stem-cell-iPSC","BP","sQTL","Wald ratio",1,-0.03,2.718,0.0224,0.18664791,NA,NA,NA
"PSMG1","Stem-cell-iPSC","BP","sQTL","Wald ratio",1,0.031,2.718,0.0225,0.1651103,NA,NA,NA
"OAT","Stem-cell-iPSC","BP","sQTL","Wald ratio",1,-0.016,2.718,0.0225,0.466550347,NA,NA,NA
"EIF1AD","Stem-cell-iPSC","BP","sQTL","Wald ratio",1,-0.002,2.718,0.0225,0.931421955,NA,NA,NA
"TAF1B","Stem-cell-iPSC","BP","sQTL","Wald ratio",1,-0.059,2.718,0.0225,0.008926974,NA,NA,NA
"MAP3K9","Stem-cell-iPSC","BP","sQTL","Wald ratio",1,0.014,2.718,0.0226,0.544872817,NA,NA,NA
"ARHGEF26","Stem-cell-iPSC","BP","sQTL","Wald ratio",1,0.024,2.718,0.0226,0.284857209,NA,NA,NA
"COL25A1","Stem-cell-iPSC","BP","sQTL","Inverse variance weighted",2,0.004,7.389,0.0227,0.858278103,NA,0.791901355,NA
"NXPH1","Stem-cell-iPSC","BP","sQTL","Inverse variance weighted",2,0.026,7.389,0.0227,0.258531587,NA,0.235215071,NA
"RB1CC1","Stem-cell-iPSC","BP","sQTL","Wald ratio",1,0.009,2.718,0.0227,0.679326485,NA,NA,NA
"SPATC1L","Stem-cell-iPSC","BP","sQTL","Wald ratio",1,0.071,2.718,0.0228,0.00167789,NA,NA,NA
"VAMP1","Stem-cell-iPSC","BP","sQTL","Wald ratio",1,-0.01,2.718,0.0228,0.670351107,NA,NA,NA
"RAB31","Stem-cell-iPSC","BP","sQTL","Inverse variance weighted",2,0.005,7.389,0.0228,0.818715663,NA,0.437374037,NA
"FECH","Stem-cell-iPSC","BP","sQTL","Wald ratio",1,-0.027,2.718,0.0228,0.237603016,NA,NA,NA
"FAM107B","Stem-cell-iPSC","BP","sQTL","Inverse variance weighted",2,0.038,7.389,0.0228,0.097277045,NA,0.428427881,NA
"ADAMTS9-AS2","Stem-cell-iPSC","BP","sQTL","Wald ratio",1,0.011,2.718,0.0228,0.621684823,NA,NA,NA
"WDPCP","Stem-cell-iPSC","BP","sQTL","Wald ratio",1,-0.02,2.718,0.0229,0.376995705,NA,NA,NA
"PCCA","Stem-cell-iPSC","BP","sQTL","Wald ratio",1,0.008,2.718,0.0229,0.734357757,NA,NA,NA
"KIAA1211","Stem-cell-iPSC","BP","sQTL","Wald ratio",1,0.022,2.718,0.0229,0.333082466,NA,NA,NA
"MTSS1","Stem-cell-iPSC","BP","sQTL","Wald ratio",1,0.016,2.718,0.0229,0.479121553,NA,NA,NA
"ANO4","Stem-cell-iPSC","BP","sQTL","Wald ratio",1,-0.02,2.718,0.023,0.372628216,NA,NA,NA
"C2orf57","Stem-cell-iPSC","BP","sQTL","Wald ratio",1,-0.028,2.718,0.023,0.219875631,NA,NA,NA
"RAD23BLP","Stem-cell-iPSC","BP","sQTL","Wald ratio",1,0.002,2.718,0.023,0.932429022,NA,NA,NA
"ZHX3","Stem-cell-iPSC","BP","sQTL","Wald ratio",1,0.077,2.718,0.0231,0.000817987,NA,NA,NA
"SPIRE2","Stem-cell-iPSC","BP","sQTL","Wald ratio",1,0.065,2.718,0.0231,0.004630795,NA,NA,NA
"LEP","Stem-cell-iPSC","BP","sQTL","Wald ratio",1,-0.047,2.718,0.0231,0.040106058,NA,NA,NA
"PLEKHG7","Stem-cell-iPSC","BP","sQTL","Wald ratio",1,0.045,2.718,0.0231,0.050298923,NA,NA,NA
"ANK3","Stem-cell-iPSC","BP","sQTL","Wald ratio",1,-0.004,2.718,0.0232,0.866145945,NA,NA,NA
"PTPN14","Stem-cell-iPSC","BP","sQTL","Wald ratio",1,0.017,2.718,0.0233,0.466188092,NA,NA,NA
"RNF219-AS1","Stem-cell-iPSC","BP","sQTL","Wald ratio",1,-0.006,2.718,0.0233,0.783332356,NA,NA,NA
"LINC01234","Stem-cell-iPSC","BP","sQTL","Wald ratio",1,-0.018,2.718,0.0234,0.440583829,NA,NA,NA
"TPT1P2","Stem-cell-iPSC","BP","sQTL","Wald ratio",1,-0.008,2.718,0.0234,0.733113818,NA,NA,NA
"SYNDIG1L","Stem-cell-iPSC","BP","sQTL","Wald ratio",1,0.03,2.718,0.0235,0.205569222,NA,NA,NA
"GJC1","Stem-cell-iPSC","BP","sQTL","Wald ratio",1,0.004,2.718,0.0235,0.877197132,NA,NA,NA
"SCN8A","Stem-cell-iPSC","BP","sQTL","Wald ratio",1,-0.028,2.718,0.0235,0.231680824,NA,NA,NA
"PBX1","Stem-cell-iPSC","BP","sQTL","Wald ratio",1,-0.036,2.718,0.0236,0.125458647,NA,NA,NA
"PRICKLE2-AS3","Stem-cell-iPSC","BP","sQTL","Wald ratio",1,0.066,2.718,0.0236,0.005021225,NA,NA,NA
"SH2D6","Stem-cell-iPSC","BP","sQTL","Wald ratio",1,0.064,2.718,0.0236,0.006560128,NA,NA,NA
"TTC7B","Stem-cell-iPSC","BP","sQTL","Wald ratio",1,-0.013,2.718,0.0236,0.579876306,NA,NA,NA
"HLA-DPB1","Stem-cell-iPSC","BP","sQTL","Wald ratio",1,0.047,2.718,0.0237,0.046871566,NA,NA,NA
"DGKD","Stem-cell-iPSC","BP","sQTL","Wald ratio",1,0.034,2.718,0.0237,0.152794392,NA,NA,NA
"RNU6-38P","Stem-cell-iPSC","BP","sQTL","Wald ratio",1,0.006,2.718,0.0238,0.798712861,NA,NA,NA
"ST6GAL1","Stem-cell-iPSC","BP","sQTL","Wald ratio",1,0.015,2.718,0.0238,0.51801252,NA,NA,NA
"SOX5","Stem-cell-iPSC","BP","sQTL","Wald ratio",1,-0.01,2.718,0.0238,0.686243992,NA,NA,NA
"PWP1","Stem-cell-iPSC","BP","sQTL","Wald ratio",1,0.029,2.718,0.0238,0.221033329,NA,NA,NA
"PNRC2P1","Stem-cell-iPSC","BP","sQTL","Wald ratio",1,0.034,2.718,0.0238,0.157063935,NA,NA,NA
"EGLN3","Stem-cell-iPSC","BP","sQTL","Wald ratio",1,0.015,2.718,0.0238,0.528187707,NA,NA,NA
"FAM83D","Stem-cell-iPSC","BP","sQTL","Wald ratio",1,0.092,2.718,0.0239,0.000114866,NA,NA,NA
"SERPINB9P1","Stem-cell-iPSC","BP","sQTL","Wald ratio",1,-0.037,2.718,0.0239,0.122588994,NA,NA,NA
"ADAMTS18","Stem-cell-iPSC","BP","sQTL","Wald ratio",1,-0.017,2.718,0.0239,0.473920595,NA,NA,NA
"ASAH1","Stem-cell-iPSC","BP","sQTL","Wald ratio",1,0.031,2.718,0.0239,0.189747579,NA,NA,NA
"ZNF57","Stem-cell-iPSC","BP","sQTL","Wald ratio",1,-0.001,2.718,0.0241,0.983376114,NA,NA,NA
"DSCAML1","Stem-cell-iPSC","BP","sQTL","Wald ratio",1,-0.025,2.718,0.0241,0.293802704,NA,NA,NA
"LINC00676","Stem-cell-iPSC","BP","sQTL","Wald ratio",1,0.017,2.718,0.0242,0.481299699,NA,NA,NA
"RNU6-2","Stem-cell-iPSC","BP","sQTL","Wald ratio",1,-0.021,2.718,0.0242,0.389833773,NA,NA,NA
"ZNF385D","Stem-cell-iPSC","BP","sQTL","Inverse variance weighted",2,0.013,7.389,0.0242,0.587363791,NA,0.985711135,NA
"LINC00264","Stem-cell-iPSC","BP","sQTL","Wald ratio",1,0.018,2.718,0.0242,0.460694555,NA,NA,NA
"ANKRD10","Stem-cell-iPSC","BP","sQTL","Wald ratio",1,0.019,2.718,0.0242,0.421355023,NA,NA,NA
"PIK3AP1","Stem-cell-iPSC","BP","sQTL","Wald ratio",1,0.011,2.718,0.0243,0.644730873,NA,NA,NA
"RN7SKP6","Stem-cell-iPSC","BP","sQTL","Wald ratio",1,-0.007,2.718,0.0243,0.763035108,NA,NA,NA
"RBM43","Stem-cell-iPSC","BP","sQTL","Wald ratio",1,-0.012,2.718,0.0243,0.624542994,NA,NA,NA
"LHFP","Stem-cell-iPSC","BP","sQTL","Wald ratio",1,0.002,2.718,0.0243,0.932915816,NA,NA,NA
"PELI2","Stem-cell-iPSC","BP","sQTL","Wald ratio",1,-0.001,2.718,0.0243,0.957112925,NA,NA,NA
"SLC15A5","Stem-cell-iPSC","BP","sQTL","Wald ratio",1,-0.004,2.718,0.0244,0.882759735,NA,NA,NA
"CPO","Stem-cell-iPSC","BP","sQTL","Wald ratio",1,0.004,2.718,0.0245,0.864949785,NA,NA,NA
"SUCLG2","Stem-cell-iPSC","BP","sQTL","Wald ratio",1,0.005,2.718,0.0245,0.839966851,NA,NA,NA
"PIK3CG","Stem-cell-iPSC","BP","sQTL","Wald ratio",1,0.02,2.718,0.0246,0.423647448,NA,NA,NA
"OTP","Stem-cell-iPSC","BP","sQTL","Wald ratio",1,0.014,2.718,0.0246,0.578978184,NA,NA,NA
"RPL31P35","Stem-cell-iPSC","BP","sQTL","Wald ratio",1,-0.091,2.718,0.0246,0.000229619,NA,NA,NA
"LINC01019","Stem-cell-iPSC","BP","sQTL","Wald ratio",1,0.002,2.718,0.0246,0.928319379,NA,NA,NA
"RPL22P19","Stem-cell-iPSC","BP","sQTL","Wald ratio",1,-0.039,2.718,0.0246,0.110176858,NA,NA,NA
"RNF214","Stem-cell-iPSC","BP","sQTL","Wald ratio",1,0.031,2.718,0.0247,0.206617991,NA,NA,NA
"CLDN10","Stem-cell-iPSC","BP","sQTL","Wald ratio",1,-0.068,2.718,0.0247,0.006055713,NA,NA,NA
"WBP11P1","Stem-cell-iPSC","BP","sQTL","Wald ratio",1,-0.045,2.718,0.0247,0.07164667,NA,NA,NA
"MKX","Stem-cell-iPSC","BP","sQTL","Wald ratio",1,0.002,2.718,0.0247,0.922940282,NA,NA,NA
"FAR1P1","Stem-cell-iPSC","BP","sQTL","Wald ratio",1,0.045,2.718,0.0248,0.070861232,NA,NA,NA
"TSPAN8","Stem-cell-iPSC","BP","sQTL","Wald ratio",1,0.038,2.718,0.0248,0.129618366,NA,NA,NA
"KBTBD8","Stem-cell-iPSC","BP","sQTL","Wald ratio",1,0.016,2.718,0.0248,0.511406593,NA,NA,NA
"AKTIP","Stem-cell-iPSC","BP","sQTL","Wald ratio",1,0.001,2.718,0.0249,0.968099503,NA,NA,NA
"KCNMA1-AS1","Stem-cell-iPSC","BP","sQTL","Wald ratio",1,-0.004,2.718,0.0249,0.874446337,NA,NA,NA
"LINC00882","Stem-cell-iPSC","BP","sQTL","Wald ratio",1,0.006,2.718,0.0249,0.810866581,NA,NA,NA
"LINC01207","Stem-cell-iPSC","BP","sQTL","Wald ratio",1,0.011,2.718,0.0249,0.661660959,NA,NA,NA
"ISM1","Stem-cell-iPSC","BP","sQTL","Wald ratio",1,-0.008,2.718,0.0249,0.739268045,NA,NA,NA
"MIR572","Stem-cell-iPSC","BP","sQTL","Wald ratio",1,0.02,2.718,0.025,0.429725062,NA,NA,NA
"TTC21A","Stem-cell-iPSC","BP","sQTL","Wald ratio",1,-0.008,2.718,0.025,0.743865515,NA,NA,NA
"ELMO1","Stem-cell-iPSC","BP","sQTL","Wald ratio",1,0.042,2.718,0.025,0.088877727,NA,NA,NA
"CAMTA1","Stem-cell-iPSC","BP","sQTL","Wald ratio",1,-0.001,2.718,0.025,0.958879864,NA,NA,NA
"LINC01107","Stem-cell-iPSC","BP","sQTL","Wald ratio",1,-0.023,2.718,0.025,0.349262542,NA,NA,NA
"C1QTNF9B","Stem-cell-iPSC","BP","sQTL","Wald ratio",1,-0.026,2.718,0.0251,0.307592325,NA,NA,NA
"LIMD1","Stem-cell-iPSC","BP","sQTL","Wald ratio",1,-0.01,2.718,0.0251,0.700173758,NA,NA,NA
"SLC47A1","Stem-cell-iPSC","BP","sQTL","Wald ratio",1,-0.051,2.718,0.0251,0.041566145,NA,NA,NA
"XPO6","Stem-cell-iPSC","BP","sQTL","Wald ratio",1,-0.04,2.718,0.0251,0.107756938,NA,NA,NA
"CFAP61","Stem-cell-iPSC","BP","sQTL","Wald ratio",1,-0.043,2.718,0.0251,0.08802059,NA,NA,NA
"ZXDC","Stem-cell-iPSC","BP","sQTL","Wald ratio",1,-0.024,2.718,0.0251,0.335418429,NA,NA,NA
"EEF1GP6","Stem-cell-iPSC","BP","sQTL","Wald ratio",1,-0.022,2.718,0.0252,0.374139117,NA,NA,NA
"TSPAN5","Stem-cell-iPSC","BP","sQTL","Wald ratio",1,0.061,2.718,0.0252,0.016193073,NA,NA,NA
"RTN4","Stem-cell-iPSC","BP","sQTL","Wald ratio",1,-0.036,2.718,0.0252,0.156769891,NA,NA,NA
"SLC25A21","Stem-cell-iPSC","BP","sQTL","Wald ratio",1,-0.017,2.718,0.0252,0.502720688,NA,NA,NA
"DSTNP5","Stem-cell-iPSC","BP","sQTL","Wald ratio",1,-0.023,2.718,0.0253,0.369283786,NA,NA,NA
"GAS2","Stem-cell-iPSC","BP","sQTL","Wald ratio",1,-0.028,2.718,0.0253,0.275749229,NA,NA,NA
"KIAA1456","Stem-cell-iPSC","BP","sQTL","Inverse variance weighted",2,0.016,7.389,0.0253,0.533134812,NA,0.206672472,NA
"SEMA3D","Stem-cell-iPSC","BP","sQTL","Wald ratio",1,-0.011,2.718,0.0253,0.661839212,NA,NA,NA
"PAPPA","Stem-cell-iPSC","BP","sQTL","Wald ratio",1,-0.027,2.718,0.0253,0.288165816,NA,NA,NA
"SCD5","Stem-cell-iPSC","BP","sQTL","Wald ratio",1,0.039,2.718,0.0254,0.126818549,NA,NA,NA
"SVIL-AS1","Stem-cell-iPSC","BP","sQTL","Wald ratio",1,0.04,2.718,0.0254,0.113737235,NA,NA,NA
"EPDR1","Stem-cell-iPSC","BP","sQTL","Wald ratio",1,0.007,2.718,0.0254,0.774423939,NA,NA,NA
"PLOD2","Stem-cell-iPSC","BP","sQTL","Wald ratio",1,0.03,2.718,0.0254,0.240226257,NA,NA,NA
"URB1-AS1","Stem-cell-iPSC","BP","sQTL","Wald ratio",1,0.02,2.718,0.0255,0.432462225,NA,NA,NA
"C1QTNF2","Stem-cell-iPSC","BP","sQTL","Wald ratio",1,-0.039,2.718,0.0255,0.122818227,NA,NA,NA
"LRRC72","Stem-cell-iPSC","BP","sQTL","Wald ratio",1,-0.049,2.718,0.0255,0.053678551,NA,NA,NA
"MTCO1P47","Stem-cell-iPSC","BP","sQTL","Wald ratio",1,0.003,2.718,0.0255,0.91957591,NA,NA,NA
"CD34","Stem-cell-iPSC","BP","sQTL","Wald ratio",1,0.009,2.718,0.0255,0.715865583,NA,NA,NA
"IRF6","Stem-cell-iPSC","BP","sQTL","Wald ratio",1,-0.041,2.718,0.0255,0.104138896,NA,NA,NA
"CRTAC1","Stem-cell-iPSC","BP","sQTL","Wald ratio",1,0.028,2.718,0.0255,0.268834394,NA,NA,NA
"RPL17P35","Stem-cell-iPSC","BP","sQTL","Wald ratio",1,-0.019,2.718,0.0255,0.450369576,NA,NA,NA
"SUMO1P2","Stem-cell-iPSC","BP","sQTL","Wald ratio",1,-0.031,2.718,0.0256,0.225024573,NA,NA,NA
"RIMS3","Stem-cell-iPSC","BP","sQTL","Wald ratio",1,-0.017,2.718,0.0256,0.509141942,NA,NA,NA
"SLC6A19","Stem-cell-iPSC","BP","sQTL","Wald ratio",1,0.003,2.718,0.0257,0.903580581,NA,NA,NA
"LINC01115","Stem-cell-iPSC","BP","sQTL","Wald ratio",1,-0.009,2.718,0.0257,0.712865051,NA,NA,NA
"DPT","Stem-cell-iPSC","BP","sQTL","Wald ratio",1,0.05,2.718,0.0257,0.053135593,NA,NA,NA
"SEMA5A","Stem-cell-iPSC","BP","sQTL","Wald ratio",1,0.032,2.718,0.0257,0.218004416,NA,NA,NA
"MS4A4E","Stem-cell-iPSC","BP","sQTL","Wald ratio",1,-0.025,2.718,0.0257,0.338047292,NA,NA,NA
"CNTLN","Stem-cell-iPSC","BP","sQTL","Inverse variance weighted",2,-0.02,7.389,0.0258,0.443976743,NA,0.015684363,NA
"ACVR1B","Stem-cell-iPSC","BP","sQTL","Wald ratio",1,-0.043,2.718,0.0258,0.095076781,NA,NA,NA
"NELL1","Stem-cell-iPSC","BP","sQTL","Inverse variance weighted",2,0.002,7.389,0.0258,0.924091784,NA,0.038175247,NA
"ATP6V1G1P7","Stem-cell-iPSC","BP","sQTL","Wald ratio",1,-0.049,2.718,0.0258,0.055303948,NA,NA,NA
"VAPA","Stem-cell-iPSC","BP","sQTL","Wald ratio",1,-0.048,2.718,0.0258,0.061011151,NA,NA,NA
"RNU6-546P","Stem-cell-iPSC","BP","sQTL","Wald ratio",1,0.021,2.718,0.0258,0.42604869,NA,NA,NA
"METTL25","Stem-cell-iPSC","BP","sQTL","Wald ratio",1,0.01,2.718,0.0258,0.691024057,NA,NA,NA
"SLC8A1","Stem-cell-iPSC","BP","sQTL","Wald ratio",1,-0.058,2.718,0.0258,0.025487675,NA,NA,NA
"PACSIN2","Stem-cell-iPSC","BP","sQTL","Wald ratio",1,-0.096,2.718,0.0259,0.000193046,NA,NA,NA
"GRIA4","Stem-cell-iPSC","BP","sQTL","Wald ratio",1,0.029,2.718,0.0259,0.254884095,NA,NA,NA
"FABP6","Stem-cell-iPSC","BP","sQTL","Wald ratio",1,0.005,2.718,0.0259,0.839966851,NA,NA,NA
"SHANK2","Stem-cell-iPSC","BP","sQTL","Wald ratio",1,-0.135,2.718,0.0259,1.75e-07,NA,NA,NA
"PLD1","Stem-cell-iPSC","BP","sQTL","Wald ratio",1,0.07,2.718,0.026,0.007433578,NA,NA,NA
"DPYS","Stem-cell-iPSC","BP","sQTL","Wald ratio",1,-0.022,2.718,0.026,0.396779814,NA,NA,NA
"LRRTM4","Stem-cell-iPSC","BP","sQTL","Wald ratio",1,0.022,2.718,0.026,0.39211082,NA,NA,NA
"UBE2WP1","Stem-cell-iPSC","BP","sQTL","Wald ratio",1,-0.063,2.718,0.026,0.01554225,NA,NA,NA
"TMC2","Stem-cell-iPSC","BP","sQTL","Wald ratio",1,-0.03,2.718,0.026,0.246257599,NA,NA,NA
"WWTR1","Stem-cell-iPSC","BP","sQTL","Wald ratio",1,-0.043,2.718,0.026,0.095637154,NA,NA,NA
"CCDC6","Stem-cell-iPSC","BP","sQTL","Wald ratio",1,0.021,2.718,0.0261,0.423647448,NA,NA,NA
"PCNPP2","Stem-cell-iPSC","BP","sQTL","Wald ratio",1,0.008,2.718,0.0261,0.75252118,NA,NA,NA
"OFCC1","Stem-cell-iPSC","BP","sQTL","Wald ratio",1,-0.04,2.718,0.0261,0.128142822,NA,NA,NA
"CASC20","Stem-cell-iPSC","BP","sQTL","Wald ratio",1,-0.032,2.718,0.0261,0.226245591,NA,NA,NA
"AGBL1","Stem-cell-iPSC","BP","sQTL","Wald ratio",1,-0.046,2.718,0.0261,0.081338009,NA,NA,NA
"TCAF1","Stem-cell-iPSC","BP","sQTL","Wald ratio",1,0.019,2.718,0.0261,0.471196068,NA,NA,NA
"ODF1","Stem-cell-iPSC","BP","sQTL","Wald ratio",1,0.053,2.718,0.0261,0.042555732,NA,NA,NA
"NFE2L3P1","Stem-cell-iPSC","BP","sQTL","Wald ratio",1,0,2.718,0.0262,1,NA,NA,NA
"KLHL29","Stem-cell-iPSC","BP","sQTL","Wald ratio",1,-0.007,2.718,0.0262,0.782945171,NA,NA,NA
"PROM1","Stem-cell-iPSC","BP","sQTL","Wald ratio",1,-0.001,2.718,0.0262,0.962368486,NA,NA,NA
"PDE4B","Stem-cell-iPSC","BP","sQTL","Wald ratio",1,-0.032,2.718,0.0262,0.228368783,NA,NA,NA
"BCR","Stem-cell-iPSC","BP","sQTL","Wald ratio",1,0.028,2.718,0.0262,0.294055262,NA,NA,NA
"TPD52","Stem-cell-iPSC","BP","sQTL","Wald ratio",1,-0.028,2.718,0.0263,0.292517983,NA,NA,NA
"CHN2","Stem-cell-iPSC","BP","sQTL","Wald ratio",1,-0.04,2.718,0.0263,0.125458647,NA,NA,NA
"ZFAT","Stem-cell-iPSC","BP","sQTL","Wald ratio",1,0.009,2.718,0.0264,0.727956078,NA,NA,NA
"THSD7B","Stem-cell-iPSC","BP","sQTL","Wald ratio",1,0.02,2.718,0.0264,0.442087875,NA,NA,NA
"COL13A1","Stem-cell-iPSC","BP","sQTL","Wald ratio",1,-0.037,2.718,0.0264,0.156516723,NA,NA,NA
"RPS14P7","Stem-cell-iPSC","BP","sQTL","Wald ratio",1,0.052,2.718,0.0264,0.049076063,NA,NA,NA
"RALGAPA2","Stem-cell-iPSC","BP","sQTL","Wald ratio",1,-0.011,2.718,0.0264,0.668324075,NA,NA,NA
"LDLRAD4","Stem-cell-iPSC","BP","sQTL","Wald ratio",1,0.001,2.718,0.0264,0.974811609,NA,NA,NA
"PROK2","Stem-cell-iPSC","BP","sQTL","Wald ratio",1,-0.035,2.718,0.0264,0.182531983,NA,NA,NA
"IL7R","Stem-cell-iPSC","BP","sQTL","Wald ratio",1,0.033,2.718,0.0264,0.206617991,NA,NA,NA
"ERICH1-AS1","Stem-cell-iPSC","BP","sQTL","Inverse variance weighted",2,0.008,7.389,0.0265,0.772000848,NA,0.373331048,NA
"ARG2","Stem-cell-iPSC","BP","sQTL","Wald ratio",1,-0.031,2.718,0.0265,0.239003991,NA,NA,NA
"PARN","Stem-cell-iPSC","BP","sQTL","Wald ratio",1,0.008,2.718,0.0265,0.755231672,NA,NA,NA
"B3GAT2","Stem-cell-iPSC","BP","sQTL","Wald ratio",1,0.076,2.718,0.0265,0.00443849,NA,NA,NA
"EPHA5","Stem-cell-iPSC","BP","sQTL","Wald ratio",1,0,2.718,0.0266,0.986004143,NA,NA,NA
"RN7SL193P","Stem-cell-iPSC","BP","sQTL","Wald ratio",1,0.012,2.718,0.0266,0.654924009,NA,NA,NA
"C8orf34","Stem-cell-iPSC","BP","sQTL","Wald ratio",1,0.008,2.718,0.0266,0.763677931,NA,NA,NA
"OTUD1","Stem-cell-iPSC","BP","sQTL","Wald ratio",1,0.005,2.718,0.0267,0.862713257,NA,NA,NA
"SPOCK3","Stem-cell-iPSC","BP","sQTL","Inverse variance weighted",2,-0.015,7.389,0.0267,0.568022383,NA,0.697218,NA
"LINC00492","Stem-cell-iPSC","BP","sQTL","Wald ratio",1,-0.037,2.718,0.0267,0.169861995,NA,NA,NA
"CHKA","Stem-cell-iPSC","BP","sQTL","Wald ratio",1,0.049,2.718,0.0267,0.068841541,NA,NA,NA
"LANCL2","Stem-cell-iPSC","BP","sQTL","Wald ratio",1,0.005,2.718,0.0267,0.85660501,NA,NA,NA
"LURAP1L-AS1","Stem-cell-iPSC","BP","sQTL","Wald ratio",1,-0.011,2.718,0.0268,0.680219941,NA,NA,NA
"ABCA13","Stem-cell-iPSC","BP","sQTL","Wald ratio",1,0.036,2.718,0.0268,0.173367216,NA,NA,NA
"DKK2","Stem-cell-iPSC","BP","sQTL","Wald ratio",1,-0.038,2.718,0.0268,0.160173191,NA,NA,NA
"PHBP14","Stem-cell-iPSC","BP","sQTL","Wald ratio",1,-0.035,2.718,0.0268,0.191861553,NA,NA,NA
"RNU6-175P","Stem-cell-iPSC","BP","sQTL","Wald ratio",1,0.032,2.718,0.0268,0.237226851,NA,NA,NA
"RNU2-54P","Stem-cell-iPSC","BP","sQTL","Wald ratio",1,0,2.718,0.0268,0.991511602,NA,NA,NA
"ART5","Stem-cell-iPSC","BP","sQTL","Wald ratio",1,0.006,2.718,0.0268,0.821089556,NA,NA,NA
"NKAIN4","Stem-cell-iPSC","BP","sQTL","Wald ratio",1,0.018,2.718,0.0269,0.507236664,NA,NA,NA
"RN7SKP196","Stem-cell-iPSC","BP","sQTL","Wald ratio",1,-0.009,2.718,0.0269,0.73756976,NA,NA,NA
"ARHGEF28","Stem-cell-iPSC","BP","sQTL","Wald ratio",1,0.031,2.718,0.0269,0.242674832,NA,NA,NA
"DGKI","Stem-cell-iPSC","BP","sQTL","Wald ratio",1,0.015,2.718,0.0269,0.568528819,NA,NA,NA
"RNA5SP73","Stem-cell-iPSC","BP","sQTL","Wald ratio",1,-0.011,2.718,0.0269,0.67514653,NA,NA,NA
"MIR3681HG","Stem-cell-iPSC","BP","sQTL","Inverse variance weighted",2,-0.003,7.389,0.0269,0.904620253,NA,0.015186605,NA
"LRRC27","Stem-cell-iPSC","BP","sQTL","Wald ratio",1,-0.037,2.718,0.027,0.174903746,NA,NA,NA
"PNMAL1","Stem-cell-iPSC","BP","sQTL","Wald ratio",1,0.023,2.718,0.027,0.391398368,NA,NA,NA
"UNC13C","Stem-cell-iPSC","BP","sQTL","Inverse variance weighted",2,-0.022,7.389,0.027,0.411400013,NA,0.003967062,NA
"KRTAP5-8","Stem-cell-iPSC","BP","sQTL","Wald ratio",1,-0.02,2.718,0.027,0.453516487,NA,NA,NA
"IDI2-AS1","Stem-cell-iPSC","BP","sQTL","Wald ratio",1,0.001,2.718,0.027,0.983026711,NA,NA,NA
"TDGF1P4","Stem-cell-iPSC","BP","sQTL","Wald ratio",1,0.014,2.718,0.027,0.60990659,NA,NA,NA
"ATP11A","Stem-cell-iPSC","BP","sQTL","Wald ratio",1,0.019,2.718,0.0271,0.490054811,NA,NA,NA
"FGF5","Stem-cell-iPSC","BP","sQTL","Wald ratio",1,-0.039,2.718,0.0271,0.153073529,NA,NA,NA
"IPO9-AS1","Stem-cell-iPSC","BP","sQTL","Wald ratio",1,-0.007,2.718,0.0271,0.79460261,NA,NA,NA
"GMDS","Stem-cell-iPSC","BP","sQTL","Wald ratio",1,0.021,2.718,0.0271,0.434184154,NA,NA,NA
"ACCSL","Stem-cell-iPSC","BP","sQTL","Wald ratio",1,-0.004,2.718,0.0271,0.882759735,NA,NA,NA
"PDE1B","Stem-cell-iPSC","BP","sQTL","Wald ratio",1,-0.024,2.718,0.0271,0.374368342,NA,NA,NA
"LINC00606","Stem-cell-iPSC","BP","sQTL","Wald ratio",1,-0.016,2.718,0.0272,0.552944675,NA,NA,NA
"FGGY","Stem-cell-iPSC","BP","sQTL","Wald ratio",1,0.038,2.718,0.0272,0.162215708,NA,NA,NA
"OTOR","Stem-cell-iPSC","BP","sQTL","Wald ratio",1,0.006,2.718,0.0272,0.81515152,NA,NA,NA
"MAP3K7","Stem-cell-iPSC","BP","sQTL","Wald ratio",1,-0.015,2.718,0.0272,0.579563508,NA,NA,NA
"PPP2R4","Stem-cell-iPSC","BP","sQTL","Wald ratio",1,-0.038,2.718,0.0272,0.162001424,NA,NA,NA
"LINC01241","Stem-cell-iPSC","BP","sQTL","Wald ratio",1,0.061,2.718,0.0273,0.024816606,NA,NA,NA
"GFRA1","Stem-cell-iPSC","BP","sQTL","Inverse variance weighted",2,0.033,7.389,0.0273,0.222664826,NA,0.288852595,NA
"RPL19P11","Stem-cell-iPSC","BP","sQTL","Wald ratio",1,0.014,2.718,0.0273,0.610087799,NA,NA,NA
"LYRM4","Stem-cell-iPSC","BP","sQTL","Wald ratio",1,-0.005,2.718,0.0273,0.859324571,NA,NA,NA
"CLPTM1L","Stem-cell-iPSC","BP","sQTL","Wald ratio",1,0.005,2.718,0.0274,0.84325719,NA,NA,NA
"NHLH2","Stem-cell-iPSC","BP","sQTL","Wald ratio",1,0.014,2.718,0.0274,0.617187383,NA,NA,NA
"DLGAP1-AS4","Stem-cell-iPSC","BP","sQTL","Wald ratio",1,0.017,2.718,0.0275,0.530049543,NA,NA,NA
"LINC01181","Stem-cell-iPSC","BP","sQTL","Wald ratio",1,0.019,2.718,0.0275,0.480808831,NA,NA,NA
"GUCA1C","Stem-cell-iPSC","BP","sQTL","Wald ratio",1,0.007,2.718,0.0275,0.793488997,NA,NA,NA
"PKN2-AS1","Stem-cell-iPSC","BP","sQTL","Wald ratio",1,0.043,2.718,0.0276,0.115380783,NA,NA,NA
"FAM49B","Stem-cell-iPSC","BP","sQTL","Wald ratio",1,0.029,2.718,0.0276,0.292213039,NA,NA,NA
"MDN1","Stem-cell-iPSC","BP","sQTL","Wald ratio",1,-0.014,2.718,0.0277,0.613216566,NA,NA,NA
"BIVM","Stem-cell-iPSC","BP","sQTL","Wald ratio",1,0.018,2.718,0.0277,0.525635621,NA,NA,NA
"ASTN2","Stem-cell-iPSC","BP","sQTL","Wald ratio",1,0.017,2.718,0.0277,0.529345759,NA,NA,NA
"TTLL11","Stem-cell-iPSC","BP","sQTL","Wald ratio",1,0.044,2.718,0.0277,0.110460588,NA,NA,NA
"S100A10","Stem-cell-iPSC","BP","sQTL","Wald ratio",1,-0.014,2.718,0.0277,0.603060733,NA,NA,NA
"BACE2","Stem-cell-iPSC","BP","sQTL","Wald ratio",1,-0.035,2.718,0.0278,0.210312242,NA,NA,NA
"MPHOSPH10","Stem-cell-iPSC","BP","sQTL","Wald ratio",1,0.016,2.718,0.0278,0.562804475,NA,NA,NA
"PABPC4L","Stem-cell-iPSC","BP","sQTL","Wald ratio",1,0.021,2.718,0.0278,0.453170436,NA,NA,NA
"ITPKA","Stem-cell-iPSC","BP","sQTL","Wald ratio",1,0.017,2.718,0.0278,0.552421341,NA,NA,NA
"TMEM78","Stem-cell-iPSC","BP","sQTL","Wald ratio",1,0.046,2.718,0.0279,0.096331066,NA,NA,NA
"GSTA2","Stem-cell-iPSC","BP","sQTL","Wald ratio",1,0.001,2.718,0.0279,0.975073903,NA,NA,NA
"KIAA2012","Stem-cell-iPSC","BP","sQTL","Wald ratio",1,-0.028,2.718,0.0279,0.322322839,NA,NA,NA
"SH3RF3","Stem-cell-iPSC","BP","sQTL","Wald ratio",1,0.147,2.718,0.028,1.52e-07,NA,NA,NA
"ST8SIA2","Stem-cell-iPSC","BP","sQTL","Wald ratio",1,0.029,2.718,0.028,0.303256965,NA,NA,NA
"TACSTD2","Stem-cell-iPSC","BP","sQTL","Wald ratio",1,0.009,2.718,0.028,0.740982685,NA,NA,NA
"EPHB1","Stem-cell-iPSC","BP","sQTL","Wald ratio",1,0.048,2.718,0.028,0.084823301,NA,NA,NA
"MIR3976HG","Stem-cell-iPSC","BP","sQTL","Wald ratio",1,-0.007,2.718,0.028,0.811576022,NA,NA,NA
"PAK1","Stem-cell-iPSC","BP","sQTL","Wald ratio",1,0.029,2.718,0.028,0.293505172,NA,NA,NA
"RNU6-699P","Stem-cell-iPSC","BP","sQTL","Wald ratio",1,0.006,2.718,0.028,0.81706265,NA,NA,NA
"TNNI3K","Stem-cell-iPSC","BP","sQTL","Wald ratio",1,-0.028,2.718,0.0281,0.314923029,NA,NA,NA
"PHF14","Stem-cell-iPSC","BP","sQTL","Wald ratio",1,0.076,2.718,0.0281,0.007065911,NA,NA,NA
"FAM160A1","Stem-cell-iPSC","BP","sQTL","Wald ratio",1,-0.052,2.718,0.0281,0.065935919,NA,NA,NA
"GPR137B","Stem-cell-iPSC","BP","sQTL","Wald ratio",1,-0.026,2.718,0.0281,0.357624412,NA,NA,NA
"RAD23B","Stem-cell-iPSC","BP","sQTL","Wald ratio",1,0.041,2.718,0.0281,0.145116876,NA,NA,NA
"SDR16C5","Stem-cell-iPSC","BP","sQTL","Wald ratio",1,0.017,2.718,0.0281,0.542849368,NA,NA,NA
"RN7SKP168","Stem-cell-iPSC","BP","sQTL","Wald ratio",1,-0.014,2.718,0.0281,0.63112011,NA,NA,NA
"ATP10A","Stem-cell-iPSC","BP","sQTL","Wald ratio",1,0.011,2.718,0.0282,0.689346995,NA,NA,NA
"LINC01122","Stem-cell-iPSC","BP","sQTL","Wald ratio",1,-0.009,2.718,0.0282,0.736782103,NA,NA,NA
"DNM1P47","Stem-cell-iPSC","BP","sQTL","Wald ratio",1,-0.08,2.718,0.0282,0.004705329,NA,NA,NA
"PKHD1","Stem-cell-iPSC","BP","sQTL","Wald ratio",1,-0.028,2.718,0.0283,0.327287716,NA,NA,NA
"GPIHBP1","Stem-cell-iPSC","BP","sQTL","Wald ratio",1,-0.037,2.718,0.0283,0.190429309,NA,NA,NA
"PRIMA1","Stem-cell-iPSC","BP","sQTL","Wald ratio",1,-0.037,2.718,0.0283,0.185852402,NA,NA,NA
"PLEKHG1","Stem-cell-iPSC","BP","sQTL","Wald ratio",1,0.049,2.718,0.0283,0.083011905,NA,NA,NA
"HTR4","Stem-cell-iPSC","BP","sQTL","Wald ratio",1,0.006,2.718,0.0283,0.835131151,NA,NA,NA
"RSPO3","Stem-cell-iPSC","BP","sQTL","Wald ratio",1,0.038,2.718,0.0283,0.175459289,NA,NA,NA
"WISP3","Stem-cell-iPSC","BP","sQTL","Wald ratio",1,0.025,2.718,0.0283,0.384189625,NA,NA,NA
"MGAT4C","Stem-cell-iPSC","BP","sQTL","Wald ratio",1,-0.035,2.718,0.0284,0.214256013,NA,NA,NA
"CFI","Stem-cell-iPSC","BP","sQTL","Wald ratio",1,-0.01,2.718,0.0284,0.719658653,NA,NA,NA
"ENDOD1","Stem-cell-iPSC","BP","sQTL","Wald ratio",1,-0.048,2.718,0.0284,0.089409657,NA,NA,NA
"ADAMTS3","Stem-cell-iPSC","BP","sQTL","Wald ratio",1,-0.011,2.718,0.0284,0.692443159,NA,NA,NA
"C1orf109","Stem-cell-iPSC","BP","sQTL","Wald ratio",1,0.028,2.718,0.0284,0.325459715,NA,NA,NA
"UBE2E2","Stem-cell-iPSC","BP","sQTL","Wald ratio",1,0,2.718,0.0285,0.991858055,NA,NA,NA
"LINC00222","Stem-cell-iPSC","BP","sQTL","Wald ratio",1,0.001,2.718,0.0285,0.966064492,NA,NA,NA
"MTRR","Stem-cell-iPSC","BP","sQTL","Wald ratio",1,-0.054,2.718,0.0285,0.057625135,NA,NA,NA
"FAM49A","Stem-cell-iPSC","BP","sQTL","Wald ratio",1,-0.033,2.718,0.0286,0.253517098,NA,NA,NA
"LINC01280","Stem-cell-iPSC","BP","sQTL","Wald ratio",1,-0.004,2.718,0.0286,0.88631265,NA,NA,NA
"ACKR3","Stem-cell-iPSC","BP","sQTL","Wald ratio",1,-0.054,2.718,0.0286,0.0597294,NA,NA,NA
"XCL1","Stem-cell-iPSC","BP","sQTL","Wald ratio",1,-0.011,2.718,0.0286,0.703117203,NA,NA,NA
"FARP1","Stem-cell-iPSC","BP","sQTL","Wald ratio",1,-0.015,2.718,0.0286,0.590071527,NA,NA,NA
"APP","Stem-cell-iPSC","BP","sQTL","Wald ratio",1,-0.066,2.718,0.0286,0.020564911,NA,NA,NA
"KLF12","Stem-cell-iPSC","BP","sQTL","Wald ratio",1,-0.055,2.718,0.0287,0.05610761,NA,NA,NA
"EDAR","Stem-cell-iPSC","BP","sQTL","Wald ratio",1,0.014,2.718,0.0288,0.628365712,NA,NA,NA
"RIMS1","Stem-cell-iPSC","BP","sQTL","Wald ratio",1,0.003,2.718,0.0288,0.915811573,NA,NA,NA
"SEMA3E","Stem-cell-iPSC","BP","sQTL","Wald ratio",1,-0.005,2.718,0.0288,0.867520735,NA,NA,NA
"LSAMP","Stem-cell-iPSC","BP","sQTL","Inverse variance weighted",2,-0.008,7.389,0.0288,0.782921857,NA,0.208423351,NA
"TG","Stem-cell-iPSC","BP","sQTL","Wald ratio",1,0.028,2.718,0.0288,0.339283245,NA,NA,NA
"NAA16","Stem-cell-iPSC","BP","sQTL","Wald ratio",1,-0.03,2.718,0.0289,0.300360852,NA,NA,NA
"STARD6","Stem-cell-iPSC","BP","sQTL","Wald ratio",1,0.015,2.718,0.0289,0.595462938,NA,NA,NA
"PLAC9","Stem-cell-iPSC","BP","sQTL","Wald ratio",1,-0.021,2.718,0.0289,0.460931987,NA,NA,NA
"LINC00583","Stem-cell-iPSC","BP","sQTL","Wald ratio",1,0.038,2.718,0.0289,0.190068351,NA,NA,NA
"NT5DC3","Stem-cell-iPSC","BP","sQTL","Wald ratio",1,-0.015,2.718,0.029,0.614199655,NA,NA,NA
"CYYR1","Stem-cell-iPSC","BP","sQTL","Wald ratio",1,-0.062,2.718,0.029,0.031965795,NA,NA,NA
"LINC00593","Stem-cell-iPSC","BP","sQTL","Wald ratio",1,-0.044,2.718,0.0291,0.133720263,NA,NA,NA
"ACSS1","Stem-cell-iPSC","BP","sQTL","Wald ratio",1,-0.048,2.718,0.0291,0.096967288,NA,NA,NA
"LINC01121","Stem-cell-iPSC","BP","sQTL","Wald ratio",1,0,2.718,0.0291,1,NA,NA,NA
"TCP11L2","Stem-cell-iPSC","BP","sQTL","Wald ratio",1,0.029,2.718,0.0291,0.326124316,NA,NA,NA
"ARHGAP42","Stem-cell-iPSC","BP","sQTL","Wald ratio",1,0.018,2.718,0.0291,0.532044472,NA,NA,NA
"TRAV13-2","Stem-cell-iPSC","BP","sQTL","Wald ratio",1,-0.014,2.718,0.0291,0.623390319,NA,NA,NA
"RN7SL201P","Stem-cell-iPSC","BP","sQTL","Wald ratio",1,0.015,2.718,0.0292,0.60665973,NA,NA,NA
"JPH1","Stem-cell-iPSC","BP","sQTL","Wald ratio",1,-0.058,2.718,0.0293,0.048929735,NA,NA,NA
"RNU6-755P","Stem-cell-iPSC","BP","sQTL","Wald ratio",1,-0.005,2.718,0.0293,0.855582535,NA,NA,NA
"SNRPEP8","Stem-cell-iPSC","BP","sQTL","Wald ratio",1,-0.044,2.718,0.0293,0.134811486,NA,NA,NA
"SSX2IP","Stem-cell-iPSC","BP","sQTL","Wald ratio",1,0.057,2.718,0.0294,0.052634206,NA,NA,NA
"KIAA1161","Stem-cell-iPSC","BP","sQTL","Wald ratio",1,0.017,2.718,0.0294,0.563522034,NA,NA,NA
"KDR","Stem-cell-iPSC","BP","sQTL","Inverse variance weighted",2,-0.022,7.389,0.0294,0.449504323,NA,0.075137812,NA
"ORC5","Stem-cell-iPSC","BP","sQTL","Wald ratio",1,-0.061,2.718,0.0294,0.039408675,NA,NA,NA
"MAMDC2-AS1","Stem-cell-iPSC","BP","sQTL","Wald ratio",1,-0.086,2.718,0.0295,0.003351279,NA,NA,NA
"KIAA1429","Stem-cell-iPSC","BP","sQTL","Wald ratio",1,-0.022,2.718,0.0295,0.454554292,NA,NA,NA
"MTA3","Stem-cell-iPSC","BP","sQTL","Wald ratio",1,0.024,2.718,0.0295,0.421650779,NA,NA,NA
"LINC00871","Stem-cell-iPSC","BP","sQTL","Wald ratio",1,0.019,2.718,0.0295,0.511786152,NA,NA,NA
"TFEB","Stem-cell-iPSC","BP","sQTL","Wald ratio",1,-0.065,2.718,0.0295,0.027658407,NA,NA,NA
"KLHL5","Stem-cell-iPSC","BP","sQTL","Wald ratio",1,-0.013,2.718,0.0296,0.654419224,NA,NA,NA
"TXNRD2","Stem-cell-iPSC","BP","sQTL","Wald ratio",1,0.002,2.718,0.0296,0.95611507,NA,NA,NA
"LINC01482","Stem-cell-iPSC","BP","sQTL","Wald ratio",1,-0.039,2.718,0.0296,0.187623897,NA,NA,NA
"RASA3","Stem-cell-iPSC","BP","sQTL","Wald ratio",1,0.045,2.718,0.0296,0.125651639,NA,NA,NA
"CPXM2","Stem-cell-iPSC","BP","sQTL","Wald ratio",1,-0.017,2.718,0.0296,0.556509142,NA,NA,NA
"FTH1P5","Stem-cell-iPSC","BP","sQTL","Wald ratio",1,0.016,2.718,0.0297,0.600443221,NA,NA,NA
"CTXN3","Stem-cell-iPSC","BP","sQTL","Wald ratio",1,-0.04,2.718,0.0297,0.176104104,NA,NA,NA
"BBS9","Stem-cell-iPSC","BP","sQTL","Wald ratio",1,-0.001,2.718,0.0297,0.976063464,NA,NA,NA
"TGFBI","Stem-cell-iPSC","BP","sQTL","Wald ratio",1,0.031,2.718,0.0298,0.302180371,NA,NA,NA
"EXOC2","Stem-cell-iPSC","BP","sQTL","Wald ratio",1,-0.026,2.718,0.0299,0.391279457,NA,NA,NA
"LINC01428","Stem-cell-iPSC","BP","sQTL","Wald ratio",1,-0.059,2.718,0.0299,0.049985884,NA,NA,NA
"FAM171A1","Stem-cell-iPSC","BP","sQTL","Wald ratio",1,-0.066,2.718,0.0299,0.026981673,NA,NA,NA
"FAM134B","Stem-cell-iPSC","BP","sQTL","Wald ratio",1,0.042,2.718,0.0299,0.164301759,NA,NA,NA
"COX10-AS1","Stem-cell-iPSC","BP","sQTL","Wald ratio",1,0.074,2.718,0.03,0.014295656,NA,NA,NA
"NLGN1","Stem-cell-iPSC","BP","sQTL","Wald ratio",1,0.006,2.718,0.03,0.843119017,NA,NA,NA
"NBAS","Stem-cell-iPSC","BP","sQTL","Wald ratio",1,0.011,2.718,0.03,0.719781391,NA,NA,NA
"TMEM168","Stem-cell-iPSC","BP","sQTL","Wald ratio",1,-0.06,2.718,0.03,0.046568903,NA,NA,NA
"PCSK5","Stem-cell-iPSC","BP","sQTL","Wald ratio",1,0.029,2.718,0.0301,0.342804783,NA,NA,NA
"PIGN","Stem-cell-iPSC","BP","sQTL","Wald ratio",1,-0.006,2.718,0.0301,0.842962971,NA,NA,NA
"ALB","Stem-cell-iPSC","BP","sQTL","Wald ratio",1,0.008,2.718,0.0301,0.800786848,NA,NA,NA
"PDZPH1P","Stem-cell-iPSC","BP","sQTL","Wald ratio",1,0.009,2.718,0.0301,0.765927742,NA,NA,NA
"ABHD11-AS1","Stem-cell-iPSC","BP","sQTL","Wald ratio",1,-0.041,2.718,0.0302,0.178063461,NA,NA,NA
"AHCYL2","Stem-cell-iPSC","BP","sQTL","Wald ratio",1,0.023,2.718,0.0302,0.443980483,NA,NA,NA
"VEPH1","Stem-cell-iPSC","BP","sQTL","Wald ratio",1,-0.02,2.718,0.0302,0.516038418,NA,NA,NA
"RNF144A","Stem-cell-iPSC","BP","sQTL","Wald ratio",1,0.044,2.718,0.0302,0.141897095,NA,NA,NA
"FAM13A","Stem-cell-iPSC","BP","sQTL","Wald ratio",1,-0.024,2.718,0.0303,0.425065588,NA,NA,NA
"PLB1","Stem-cell-iPSC","BP","sQTL","Wald ratio",1,0.023,2.718,0.0303,0.44680229,NA,NA,NA
"DPYSL2","Stem-cell-iPSC","BP","sQTL","Wald ratio",1,-0.021,2.718,0.0303,0.478248674,NA,NA,NA
"TRPS1","Stem-cell-iPSC","BP","sQTL","Wald ratio",1,-0.04,2.718,0.0303,0.187243087,NA,NA,NA
"ZNF257","Stem-cell-iPSC","BP","sQTL","Wald ratio",1,-0.05,2.718,0.0303,0.096191728,NA,NA,NA
"KRT18P27","Stem-cell-iPSC","BP","sQTL","Wald ratio",1,0.027,2.718,0.0304,0.37882485,NA,NA,NA
"RPL7","Stem-cell-iPSC","BP","sQTL","Wald ratio",1,-0.033,2.718,0.0304,0.275149281,NA,NA,NA
"NAMA","Stem-cell-iPSC","BP","sQTL","Wald ratio",1,-0.048,2.718,0.0305,0.115056855,NA,NA,NA
"MAST4","Stem-cell-iPSC","BP","sQTL","Wald ratio",1,0.037,2.718,0.0305,0.22468047,NA,NA,NA
"SMAD3","Stem-cell-iPSC","BP","sQTL","Inverse variance weighted",2,0.042,7.389,0.0306,0.168233534,NA,0.862442498,NA
"RGCC","Stem-cell-iPSC","BP","sQTL","Wald ratio",1,-0.013,2.718,0.0306,0.668227494,NA,NA,NA
"CRIPT","Stem-cell-iPSC","BP","sQTL","Wald ratio",1,-0.033,2.718,0.0306,0.281406623,NA,NA,NA
"RPL29P29","Stem-cell-iPSC","BP","sQTL","Wald ratio",1,-0.032,2.718,0.0306,0.29231017,NA,NA,NA
"NIPA2P2","Stem-cell-iPSC","BP","sQTL","Wald ratio",1,-0.031,2.718,0.0306,0.308513317,NA,NA,NA
"ANK1","Stem-cell-iPSC","BP","sQTL","Wald ratio",1,0.042,2.718,0.0307,0.176338074,NA,NA,NA
"SNRPFP3","Stem-cell-iPSC","BP","sQTL","Wald ratio",1,-0.109,2.718,0.0307,0.000389763,NA,NA,NA
"FKBP1C","Stem-cell-iPSC","BP","sQTL","Wald ratio",1,0.066,2.718,0.0307,0.032779016,NA,NA,NA
"HMGB3P17","Stem-cell-iPSC","BP","sQTL","Wald ratio",1,0.001,2.718,0.0307,0.961664513,NA,NA,NA
"SDK1","Stem-cell-iPSC","BP","sQTL","Wald ratio",1,0.064,2.718,0.0308,0.037287318,NA,NA,NA
"KPNA1","Stem-cell-iPSC","BP","sQTL","Wald ratio",1,-0.031,2.718,0.0308,0.317100498,NA,NA,NA
"RN7SL361P","Stem-cell-iPSC","BP","sQTL","Wald ratio",1,-0.108,2.718,0.0308,0.000465595,NA,NA,NA
"TBC1D9B","Stem-cell-iPSC","BP","sQTL","Wald ratio",1,0.028,2.718,0.0308,0.365164954,NA,NA,NA
"LINC01197","Stem-cell-iPSC","BP","sQTL","Wald ratio",1,0.032,2.718,0.0309,0.303437966,NA,NA,NA
"TDRD3","Stem-cell-iPSC","BP","sQTL","Wald ratio",1,-0.035,2.718,0.0309,0.250666098,NA,NA,NA
"ADAMTS16","Stem-cell-iPSC","BP","sQTL","Wald ratio",1,0.019,2.718,0.031,0.534388706,NA,NA,NA
"PQLC2L","Stem-cell-iPSC","BP","sQTL","Wald ratio",1,0.006,2.718,0.031,0.835760579,NA,NA,NA
"EIF3H","Stem-cell-iPSC","BP","sQTL","Wald ratio",1,0.005,2.718,0.0311,0.879658905,NA,NA,NA
"BICD2","Stem-cell-iPSC","BP","sQTL","Wald ratio",1,0.016,2.718,0.0311,0.603907023,NA,NA,NA
"LINC01591","Stem-cell-iPSC","BP","sQTL","Wald ratio",1,0.06,2.718,0.0311,0.053997094,NA,NA,NA
"WDR70","Stem-cell-iPSC","BP","sQTL","Wald ratio",1,0.028,2.718,0.0311,0.367929524,NA,NA,NA
"LINC00920","Stem-cell-iPSC","BP","sQTL","Wald ratio",1,0.025,2.718,0.0312,0.426108867,NA,NA,NA
"NUCB2","Stem-cell-iPSC","BP","sQTL","Wald ratio",1,0.049,2.718,0.0312,0.11603474,NA,NA,NA
"SLC24A4","Stem-cell-iPSC","BP","sQTL","Wald ratio",1,-0.062,2.718,0.0312,0.048967668,NA,NA,NA
"MAD1L1","Stem-cell-iPSC","BP","sQTL","Wald ratio",1,0.146,2.718,0.0313,3.16e-06,NA,NA,NA
"SETP2","Stem-cell-iPSC","BP","sQTL","Wald ratio",1,-0.02,2.718,0.0313,0.533081827,NA,NA,NA
"PLXND1","Stem-cell-iPSC","BP","sQTL","Wald ratio",1,0.007,2.718,0.0313,0.816798801,NA,NA,NA
"RNA5SP162","Stem-cell-iPSC","BP","sQTL","Wald ratio",1,-0.02,2.718,0.0314,0.518442944,NA,NA,NA
"CEP78","Stem-cell-iPSC","BP","sQTL","Wald ratio",1,-0.028,2.718,0.0315,0.365501791,NA,NA,NA
"CLVS1","Stem-cell-iPSC","BP","sQTL","Wald ratio",1,0.031,2.718,0.0315,0.322669857,NA,NA,NA
"RN7SKP207","Stem-cell-iPSC","BP","sQTL","Wald ratio",1,-0.067,2.718,0.0316,0.034288464,NA,NA,NA
"LINC00251","Stem-cell-iPSC","BP","sQTL","Wald ratio",1,-0.072,2.718,0.0316,0.02295313,NA,NA,NA
"LAMA2","Stem-cell-iPSC","BP","sQTL","Wald ratio",1,-0.026,2.718,0.0316,0.414462994,NA,NA,NA
"BMP6","Stem-cell-iPSC","BP","sQTL","Wald ratio",1,-0.087,2.718,0.0316,0.005684932,NA,NA,NA
"FGD3","Stem-cell-iPSC","BP","sQTL","Wald ratio",1,-0.013,2.718,0.0317,0.690841879,NA,NA,NA
"SMARCD2","Stem-cell-iPSC","BP","sQTL","Wald ratio",1,-0.011,2.718,0.0317,0.723982104,NA,NA,NA
"C2orf47","Stem-cell-iPSC","BP","sQTL","Wald ratio",1,0.001,2.718,0.0318,0.966064492,NA,NA,NA
"PON1","Stem-cell-iPSC","BP","sQTL","Wald ratio",1,-0.029,2.718,0.0318,0.358406169,NA,NA,NA
"FLT3","Stem-cell-iPSC","BP","sQTL","Wald ratio",1,-0.063,2.718,0.0318,0.048363907,NA,NA,NA
"SGMS1","Stem-cell-iPSC","BP","sQTL","Wald ratio",1,-0.008,2.718,0.0318,0.806485339,NA,NA,NA
"RPL13AP25","Stem-cell-iPSC","BP","sQTL","Wald ratio",1,-0.014,2.718,0.0318,0.665111938,NA,NA,NA
"MEPCE","Stem-cell-iPSC","BP","sQTL","Wald ratio",1,0.105,2.718,0.0318,0.000950162,NA,NA,NA
"UTRN","Stem-cell-iPSC","BP","sQTL","Wald ratio",1,0.048,2.718,0.0319,0.132415371,NA,NA,NA
"CDHR3","Stem-cell-iPSC","BP","sQTL","Wald ratio",1,0.012,2.718,0.0319,0.695177309,NA,NA,NA
"RAD51B","Stem-cell-iPSC","BP","sQTL","Wald ratio",1,0.001,2.718,0.0319,0.983551582,NA,NA,NA
"ATP6AP1L","Stem-cell-iPSC","BP","sQTL","Wald ratio",1,-0.011,2.718,0.0319,0.741173699,NA,NA,NA
"CERS6","Stem-cell-iPSC","BP","sQTL","Wald ratio",1,-0.174,2.718,0.0319,4.55e-08,NA,NA,NA
"ZMIZ1-AS1","Stem-cell-iPSC","BP","sQTL","Wald ratio",1,0.004,2.718,0.0319,0.899541901,NA,NA,NA
"HNRNPLP1","Stem-cell-iPSC","BP","sQTL","Wald ratio",1,-0.028,2.718,0.0319,0.387016711,NA,NA,NA
"VSIG10","Stem-cell-iPSC","BP","sQTL","Wald ratio",1,-0.03,2.718,0.0319,0.353911219,NA,NA,NA
"TCN2","Stem-cell-iPSC","BP","sQTL","Wald ratio",1,0.026,2.718,0.0319,0.418733098,NA,NA,NA
"CWC22","Stem-cell-iPSC","BP","sQTL","Wald ratio",1,-0.056,2.718,0.0319,0.07828115,NA,NA,NA
"PLXNA4","Stem-cell-iPSC","BP","sQTL","Wald ratio",1,0.02,2.718,0.032,0.533140322,NA,NA,NA
"SLC35F4","Stem-cell-iPSC","BP","sQTL","Wald ratio",1,0.036,2.718,0.032,0.256865954,NA,NA,NA
"CHST11","Stem-cell-iPSC","BP","sQTL","Wald ratio",1,-0.018,2.718,0.032,0.572768111,NA,NA,NA
"DOCK8","Stem-cell-iPSC","BP","sQTL","Wald ratio",1,0.029,2.718,0.032,0.364691805,NA,NA,NA
"RPL7P48","Stem-cell-iPSC","BP","sQTL","Wald ratio",1,0.066,2.718,0.0321,0.038413203,NA,NA,NA
"KLRF2","Stem-cell-iPSC","BP","sQTL","Wald ratio",1,-0.012,2.718,0.0321,0.714419247,NA,NA,NA
"KRT8P18","Stem-cell-iPSC","BP","sQTL","Wald ratio",1,-0.042,2.718,0.0321,0.186637674,NA,NA,NA
"SLC24A2","Stem-cell-iPSC","BP","sQTL","Wald ratio",1,0.027,2.718,0.0321,0.397295393,NA,NA,NA
"PITPNC1","Stem-cell-iPSC","BP","sQTL","Wald ratio",1,0.011,2.718,0.0321,0.725550089,NA,NA,NA
"EPB41L3","Stem-cell-iPSC","BP","sQTL","Wald ratio",1,0.074,2.718,0.0321,0.020538301,NA,NA,NA
"RDX","Stem-cell-iPSC","BP","sQTL","Wald ratio",1,0.021,2.718,0.0322,0.514712154,NA,NA,NA
"ASAP1","Stem-cell-iPSC","BP","sQTL","Wald ratio",1,-0.024,2.718,0.0322,0.458209651,NA,NA,NA
"PAQR6","Stem-cell-iPSC","BP","sQTL","Wald ratio",1,-0.014,2.718,0.0322,0.669441018,NA,NA,NA
"FOXP1","Stem-cell-iPSC","BP","sQTL","Wald ratio",1,0.003,2.718,0.0322,0.920383994,NA,NA,NA
"ZMAT4","Stem-cell-iPSC","BP","sQTL","Wald ratio",1,0.032,2.718,0.0322,0.317366348,NA,NA,NA
"GNLY","Stem-cell-iPSC","BP","sQTL","Wald ratio",1,0.019,2.718,0.0323,0.545516169,NA,NA,NA
"FAM216B","Stem-cell-iPSC","BP","sQTL","Wald ratio",1,0.025,2.718,0.0323,0.430987142,NA,NA,NA
"CCDC67","Stem-cell-iPSC","BP","sQTL","Wald ratio",1,-0.022,2.718,0.0323,0.505231911,NA,NA,NA
"OSTM1","Stem-cell-iPSC","BP","sQTL","Wald ratio",1,0.033,2.718,0.0323,0.307831626,NA,NA,NA
"CGNL1","Stem-cell-iPSC","BP","sQTL","Wald ratio",1,0.005,2.718,0.0324,0.873310483,NA,NA,NA
"SLC9A9","Stem-cell-iPSC","BP","sQTL","Wald ratio",1,0.015,2.718,0.0324,0.649446429,NA,NA,NA
"BIN1","Stem-cell-iPSC","BP","sQTL","Wald ratio",1,-0.048,2.718,0.0324,0.137327841,NA,NA,NA
"SLC13A3","Stem-cell-iPSC","BP","sQTL","Wald ratio",1,0.011,2.718,0.0325,0.731016417,NA,NA,NA
"KIAA1328","Stem-cell-iPSC","BP","sQTL","Wald ratio",1,0.027,2.718,0.0325,0.400028936,NA,NA,NA
"PRR5L","Stem-cell-iPSC","BP","sQTL","Inverse variance weighted",2,0.008,7.389,0.0325,0.802551547,NA,0.55220887,NA
"BCAR1","Stem-cell-iPSC","BP","sQTL","Wald ratio",1,0.047,2.718,0.0325,0.145229503,NA,NA,NA
"PTGDR","Stem-cell-iPSC","BP","sQTL","Wald ratio",1,0.006,2.718,0.0325,0.862398249,NA,NA,NA
"COL4A2","Stem-cell-iPSC","BP","sQTL","Wald ratio",1,-0.059,2.718,0.0326,0.070262741,NA,NA,NA
"NEK6","Stem-cell-iPSC","BP","sQTL","Wald ratio",1,-0.013,2.718,0.0326,0.690702689,NA,NA,NA
"LINC01619","Stem-cell-iPSC","BP","sQTL","Wald ratio",1,0.057,2.718,0.0326,0.082357965,NA,NA,NA
"ARHGEF7","Stem-cell-iPSC","BP","sQTL","Wald ratio",1,0.021,2.718,0.0326,0.52071266,NA,NA,NA
"MKL1","Stem-cell-iPSC","BP","sQTL","Wald ratio",1,0.119,2.718,0.0326,0.000254002,NA,NA,NA
"MAFTRR","Stem-cell-iPSC","BP","sQTL","Wald ratio",1,0.015,2.718,0.0327,0.653906872,NA,NA,NA
"SPHKAP","Stem-cell-iPSC","BP","sQTL","Wald ratio",1,-0.083,2.718,0.0327,0.01087338,NA,NA,NA
"SYTL3","Stem-cell-iPSC","BP","sQTL","Wald ratio",1,-0.015,2.718,0.0327,0.636570062,NA,NA,NA
"ANKS4B","Stem-cell-iPSC","BP","sQTL","Wald ratio",1,0.006,2.718,0.0328,0.855175469,NA,NA,NA
"RPL14P1","Stem-cell-iPSC","BP","sQTL","Wald ratio",1,0.001,2.718,0.0328,0.975073903,NA,NA,NA
"GABRR1","Stem-cell-iPSC","BP","sQTL","Wald ratio",1,0.013,2.718,0.0329,0.700381226,NA,NA,NA
"SYNM","Stem-cell-iPSC","BP","sQTL","Wald ratio",1,0.02,2.718,0.0329,0.544578588,NA,NA,NA
"C16orf62","Stem-cell-iPSC","BP","sQTL","Wald ratio",1,-0.039,2.718,0.0329,0.238313748,NA,NA,NA
"CCKAR","Stem-cell-iPSC","BP","sQTL","Wald ratio",1,-0.029,2.718,0.0329,0.374797921,NA,NA,NA
"SPINK2","Stem-cell-iPSC","BP","sQTL","Wald ratio",1,-0.021,2.718,0.0329,0.523262231,NA,NA,NA
"LINC01588","Stem-cell-iPSC","BP","sQTL","Wald ratio",1,-0.034,2.718,0.0329,0.299016575,NA,NA,NA
"MALRD1","Stem-cell-iPSC","BP","sQTL","Wald ratio",1,-0.008,2.718,0.033,0.806485339,NA,NA,NA
"USP20","Stem-cell-iPSC","BP","sQTL","Wald ratio",1,-0.001,2.718,0.033,0.983880605,NA,NA,NA
"OR1I1","Stem-cell-iPSC","BP","sQTL","Wald ratio",1,0.009,2.718,0.033,0.779442785,NA,NA,NA
"LYPD6B","Stem-cell-iPSC","BP","sQTL","Wald ratio",1,0.03,2.718,0.033,0.367204149,NA,NA,NA
"SULF2","Stem-cell-iPSC","BP","sQTL","Wald ratio",1,-0.018,2.718,0.033,0.595897409,NA,NA,NA
"HUNK","Stem-cell-iPSC","BP","sQTL","Wald ratio",1,-0.074,2.718,0.0331,0.025340042,NA,NA,NA
"CATSPERB","Stem-cell-iPSC","BP","sQTL","Wald ratio",1,-0.007,2.718,0.0331,0.841316116,NA,NA,NA
"TMEM229B","Stem-cell-iPSC","BP","sQTL","Wald ratio",1,-0.042,2.718,0.0332,0.210319457,NA,NA,NA
"RAMP1","Stem-cell-iPSC","BP","sQTL","Wald ratio",1,0.028,2.718,0.0332,0.402291233,NA,NA,NA
"SATB2","Stem-cell-iPSC","BP","sQTL","Wald ratio",1,-0.127,2.718,0.0332,0.000134107,NA,NA,NA
"TP63","Stem-cell-iPSC","BP","sQTL","Wald ratio",1,-0.066,2.718,0.0332,0.046571785,NA,NA,NA
"TFEC","Stem-cell-iPSC","BP","sQTL","Wald ratio",1,0.044,2.718,0.0332,0.185448058,NA,NA,NA
"TMEM44","Stem-cell-iPSC","BP","sQTL","Wald ratio",1,0.005,2.718,0.0333,0.880853285,NA,NA,NA
"EML1","Stem-cell-iPSC","BP","sQTL","Wald ratio",1,0.02,2.718,0.0333,0.549665965,NA,NA,NA
"CMIP","Stem-cell-iPSC","BP","sQTL","Wald ratio",1,0.054,2.718,0.0334,0.108668336,NA,NA,NA
"SPARCL1","Stem-cell-iPSC","BP","sQTL","Wald ratio",1,0.075,2.718,0.0334,0.025260197,NA,NA,NA
"CSMD1","Stem-cell-iPSC","BP","sQTL","Wald ratio",1,-0.011,2.718,0.0335,0.743802045,NA,NA,NA
"GNPDA2","Stem-cell-iPSC","BP","sQTL","Wald ratio",1,-0.005,2.718,0.0335,0.882759735,NA,NA,NA
"UCK2","Stem-cell-iPSC","BP","sQTL","Inverse variance weighted",2,0.016,7.389,0.0335,0.623521308,NA,0.217840095,NA
"HIST1H2APS6","Stem-cell-iPSC","BP","sQTL","Wald ratio",1,-0.003,2.718,0.0335,0.939121497,NA,NA,NA
"FAM184B","Stem-cell-iPSC","BP","sQTL","Wald ratio",1,0.048,2.718,0.0335,0.156667614,NA,NA,NA
"CHRM5","Stem-cell-iPSC","BP","sQTL","Wald ratio",1,0.045,2.718,0.0336,0.176338074,NA,NA,NA
"ANKRD34C-AS1","Stem-cell-iPSC","BP","sQTL","Wald ratio",1,0.004,2.718,0.0336,0.906894159,NA,NA,NA
"TBX18","Stem-cell-iPSC","BP","sQTL","Wald ratio",1,0.002,2.718,0.0336,0.940658664,NA,NA,NA
"DENND2A","Stem-cell-iPSC","BP","sQTL","Wald ratio",1,0.098,2.718,0.0336,0.003376222,NA,NA,NA
"OR7E59P","Stem-cell-iPSC","BP","sQTL","Wald ratio",1,0.004,2.718,0.0336,0.91378709,NA,NA,NA
"RASSF5","Stem-cell-iPSC","BP","sQTL","Wald ratio",1,-0.029,2.718,0.0337,0.394619846,NA,NA,NA
"GRXCR1","Stem-cell-iPSC","BP","sQTL","Wald ratio",1,0.027,2.718,0.0337,0.426763536,NA,NA,NA
"LINC00384","Stem-cell-iPSC","BP","sQTL","Wald ratio",1,0.033,2.718,0.0338,0.327099409,NA,NA,NA
"TNS3","Stem-cell-iPSC","BP","sQTL","Wald ratio",1,0.017,2.718,0.0339,0.61409013,NA,NA,NA
"RN7SKP199","Stem-cell-iPSC","BP","sQTL","Wald ratio",1,0.024,2.718,0.0339,0.48272003,NA,NA,NA
"RYR3","Stem-cell-iPSC","BP","sQTL","Wald ratio",1,0.008,2.718,0.034,0.80676264,NA,NA,NA
"NCF2","Stem-cell-iPSC","BP","sQTL","Wald ratio",1,0.05,2.718,0.034,0.137262146,NA,NA,NA
"ZCCHC2","Stem-cell-iPSC","BP","sQTL","Wald ratio",1,-0.016,2.718,0.034,0.645472422,NA,NA,NA
"IRF7","Stem-cell-iPSC","BP","sQTL","Wald ratio",1,0.025,2.718,0.034,0.456199277,NA,NA,NA
"ZDHHC8P1","Stem-cell-iPSC","BP","sQTL","Wald ratio",1,-0.009,2.718,0.034,0.791378141,NA,NA,NA
"ADGRL2","Stem-cell-iPSC","BP","sQTL","Wald ratio",1,-0.007,2.718,0.0341,0.847662507,NA,NA,NA
"MED15P9","Stem-cell-iPSC","BP","sQTL","Wald ratio",1,-0.014,2.718,0.0341,0.678889869,NA,NA,NA
"ZNF407","Stem-cell-iPSC","BP","sQTL","Wald ratio",1,0.027,2.718,0.0341,0.429866786,NA,NA,NA
"PRDM15","Stem-cell-iPSC","BP","sQTL","Wald ratio",1,0.036,2.718,0.0342,0.292517862,NA,NA,NA
"TMEM74","Stem-cell-iPSC","BP","sQTL","Wald ratio",1,0.024,2.718,0.0342,0.479806643,NA,NA,NA
"DNAH9","Stem-cell-iPSC","BP","sQTL","Wald ratio",1,0.082,2.718,0.0342,0.016050746,NA,NA,NA
"CBX5","Stem-cell-iPSC","BP","sQTL","Wald ratio",1,0.093,2.718,0.0342,0.006668037,NA,NA,NA
"MAP10","Stem-cell-iPSC","BP","sQTL","Wald ratio",1,0.019,2.718,0.0343,0.581235144,NA,NA,NA
"KRT18P56","Stem-cell-iPSC","BP","sQTL","Wald ratio",1,0.002,2.718,0.0343,0.951692244,NA,NA,NA
"PPP3CA","Stem-cell-iPSC","BP","sQTL","Wald ratio",1,0.069,2.718,0.0344,0.043566569,NA,NA,NA
"HTRA1","Stem-cell-iPSC","BP","sQTL","Wald ratio",1,-0.012,2.718,0.0344,0.722089722,NA,NA,NA
"C2orf40","Stem-cell-iPSC","BP","sQTL","Wald ratio",1,-0.019,2.718,0.0345,0.591651157,NA,NA,NA
"UBR3","Stem-cell-iPSC","BP","sQTL","Wald ratio",1,-0.004,2.718,0.0346,0.911475331,NA,NA,NA
"TRIO","Stem-cell-iPSC","BP","sQTL","Wald ratio",1,-0.056,2.718,0.0347,0.105758636,NA,NA,NA
"CDH12","Stem-cell-iPSC","BP","sQTL","Wald ratio",1,-0.061,2.718,0.0348,0.080576652,NA,NA,NA
"DAB1","Stem-cell-iPSC","BP","sQTL","Wald ratio",1,0.017,2.718,0.0348,0.631594387,NA,NA,NA
"HAUS6P1","Stem-cell-iPSC","BP","sQTL","Wald ratio",1,-0.051,2.718,0.0348,0.140133701,NA,NA,NA
"SPOCK1","Stem-cell-iPSC","BP","sQTL","Wald ratio",1,-0.015,2.718,0.0348,0.677076077,NA,NA,NA
"DOCK10","Stem-cell-iPSC","BP","sQTL","Wald ratio",1,0.019,2.718,0.0349,0.577634067,NA,NA,NA
"DHRS7B","Stem-cell-iPSC","BP","sQTL","Wald ratio",1,-0.012,2.718,0.0349,0.736668967,NA,NA,NA
"C22orf34","Stem-cell-iPSC","BP","sQTL","Wald ratio",1,-0.006,2.718,0.035,0.858927956,NA,NA,NA
"HSPE1P10","Stem-cell-iPSC","BP","sQTL","Wald ratio",1,-0.005,2.718,0.035,0.87992501,NA,NA,NA
"PRR18","Stem-cell-iPSC","BP","sQTL","Wald ratio",1,-0.012,2.718,0.0351,0.731392844,NA,NA,NA
"VTCN1","Stem-cell-iPSC","BP","sQTL","Wald ratio",1,-0.003,2.718,0.0351,0.921862203,NA,NA,NA
"KIAA1671","Stem-cell-iPSC","BP","sQTL","Wald ratio",1,0.076,2.718,0.0352,0.031026246,NA,NA,NA
"TTC28","Stem-cell-iPSC","BP","sQTL","Wald ratio",1,0.028,2.718,0.0353,0.435853632,NA,NA,NA
"ENPP6","Stem-cell-iPSC","BP","sQTL","Wald ratio",1,0.013,2.718,0.0355,0.712256849,NA,NA,NA
"GPM6A","Stem-cell-iPSC","BP","sQTL","Wald ratio",1,-0.063,2.718,0.0355,0.075653016,NA,NA,NA
"RPL23AP22","Stem-cell-iPSC","BP","sQTL","Wald ratio",1,-0.063,2.718,0.0355,0.07526379,NA,NA,NA
"ALCAM","Stem-cell-iPSC","BP","sQTL","Wald ratio",1,0.088,2.718,0.0355,0.013715287,NA,NA,NA
"NREP-AS1","Stem-cell-iPSC","BP","sQTL","Wald ratio",1,-0.048,2.718,0.0356,0.174799752,NA,NA,NA
"CACNG6","Stem-cell-iPSC","BP","sQTL","Wald ratio",1,0.001,2.718,0.0356,0.984509618,NA,NA,NA
"DERA","Stem-cell-iPSC","BP","sQTL","Wald ratio",1,-0.052,2.718,0.0357,0.146960702,NA,NA,NA
"GNG12-AS1","Stem-cell-iPSC","BP","sQTL","Wald ratio",1,0.032,2.718,0.0359,0.371370669,NA,NA,NA
"RNU6-380P","Stem-cell-iPSC","BP","sQTL","Wald ratio",1,-0.007,2.718,0.0359,0.842793517,NA,NA,NA
"AQR","Stem-cell-iPSC","BP","sQTL","Wald ratio",1,-0.048,2.718,0.036,0.184463878,NA,NA,NA
"APOL4","Stem-cell-iPSC","BP","sQTL","Wald ratio",1,-0.003,2.718,0.036,0.931267662,NA,NA,NA
"TGM3","Stem-cell-iPSC","BP","sQTL","Wald ratio",1,-0.03,2.718,0.036,0.408015975,NA,NA,NA
"CAB39L","Stem-cell-iPSC","BP","sQTL","Wald ratio",1,0.028,2.718,0.0361,0.432975044,NA,NA,NA
"ZC3H12D","Stem-cell-iPSC","BP","sQTL","Wald ratio",1,0.004,2.718,0.0361,0.909761215,NA,NA,NA
"CREG1","Stem-cell-iPSC","BP","sQTL","Wald ratio",1,-0.033,2.718,0.0362,0.358924803,NA,NA,NA
"FMNL2","Stem-cell-iPSC","BP","sQTL","Wald ratio",1,0.005,2.718,0.0363,0.882167939,NA,NA,NA
"LGI2","Stem-cell-iPSC","BP","sQTL","Wald ratio",1,0.013,2.718,0.0363,0.722692033,NA,NA,NA
"CDH19","Stem-cell-iPSC","BP","sQTL","Wald ratio",1,-0.041,2.718,0.0363,0.264476683,NA,NA,NA
"SERPINA5","Stem-cell-iPSC","BP","sQTL","Wald ratio",1,-0.031,2.718,0.0364,0.38739691,NA,NA,NA
"IYD","Stem-cell-iPSC","BP","sQTL","Wald ratio",1,0.057,2.718,0.0364,0.116501971,NA,NA,NA
"CYB5A","Stem-cell-iPSC","BP","sQTL","Wald ratio",1,-0.046,2.718,0.0364,0.20208574,NA,NA,NA
"ZNF280D","Stem-cell-iPSC","BP","sQTL","Wald ratio",1,-0.047,2.718,0.0364,0.197014909,NA,NA,NA
"C21orf33","Stem-cell-iPSC","BP","sQTL","Wald ratio",1,-0.01,2.718,0.0365,0.784198715,NA,NA,NA
"CECR5-AS1","Stem-cell-iPSC","BP","sQTL","Wald ratio",1,0.011,2.718,0.0365,0.770963866,NA,NA,NA
"RGS12","Stem-cell-iPSC","BP","sQTL","Wald ratio",1,-0.074,2.718,0.0366,0.043239387,NA,NA,NA
"ELP3","Stem-cell-iPSC","BP","sQTL","Wald ratio",1,0.012,2.718,0.0367,0.733146913,NA,NA,NA
"C5orf49","Stem-cell-iPSC","BP","sQTL","Wald ratio",1,-0.03,2.718,0.0367,0.413326944,NA,NA,NA
"MCTP1","Stem-cell-iPSC","BP","sQTL","Wald ratio",1,-0.015,2.718,0.0367,0.677832038,NA,NA,NA
"SMARCA2","Stem-cell-iPSC","BP","sQTL","Wald ratio",1,-0.005,2.718,0.0369,0.892958615,NA,NA,NA
"PLEKHS1","Stem-cell-iPSC","BP","sQTL","Wald ratio",1,-0.007,2.718,0.0369,0.854954396,NA,NA,NA
"HELZ","Stem-cell-iPSC","BP","sQTL","Wald ratio",1,0.043,2.718,0.0369,0.243897767,NA,NA,NA
"PWRN2","Stem-cell-iPSC","BP","sQTL","Wald ratio",1,0.051,2.718,0.0371,0.17057309,NA,NA,NA
"KTN1-AS1","Stem-cell-iPSC","BP","sQTL","Wald ratio",1,-0.039,2.718,0.0372,0.296127666,NA,NA,NA
"INSR","Stem-cell-iPSC","BP","sQTL","Wald ratio",1,0.007,2.718,0.0373,0.853999824,NA,NA,NA
"SH3RF1","Stem-cell-iPSC","BP","sQTL","Wald ratio",1,-0.018,2.718,0.0373,0.635640903,NA,NA,NA
"ARHGEF10","Stem-cell-iPSC","BP","sQTL","Wald ratio",1,-0.012,2.718,0.0374,0.755884968,NA,NA,NA
"RPS17P2","Stem-cell-iPSC","BP","sQTL","Wald ratio",1,0.034,2.718,0.0374,0.363334994,NA,NA,NA
"FAM13B","Stem-cell-iPSC","BP","sQTL","Wald ratio",1,-0.064,2.718,0.0374,0.086247342,NA,NA,NA
"DCLK2","Stem-cell-iPSC","BP","sQTL","Wald ratio",1,-0.009,2.718,0.0374,0.804238377,NA,NA,NA
"SLC15A4","Stem-cell-iPSC","BP","sQTL","Wald ratio",1,-0.01,2.718,0.0374,0.79460261,NA,NA,NA
"NFIA","Stem-cell-iPSC","BP","sQTL","Wald ratio",1,-0.027,2.718,0.0374,0.47722891,NA,NA,NA
"RPL17P12","Stem-cell-iPSC","BP","sQTL","Wald ratio",1,-0.059,2.718,0.0375,0.115527068,NA,NA,NA
"AKR1C2","Stem-cell-iPSC","BP","sQTL","Wald ratio",1,0.037,2.718,0.0375,0.317347663,NA,NA,NA
"PRKCZ","Stem-cell-iPSC","BP","sQTL","Wald ratio",1,0.095,2.718,0.0375,0.011138774,NA,NA,NA
"GUCY2GP","Stem-cell-iPSC","BP","sQTL","Wald ratio",1,0.076,2.718,0.0375,0.042200034,NA,NA,NA
"HAS2","Stem-cell-iPSC","BP","sQTL","Wald ratio",1,0.018,2.718,0.0376,0.635043111,NA,NA,NA
"SATB1-AS1","Stem-cell-iPSC","BP","sQTL","Wald ratio",1,0.019,2.718,0.0376,0.616766533,NA,NA,NA
"ZNF148","Stem-cell-iPSC","BP","sQTL","Wald ratio",1,0.015,2.718,0.0377,0.691643036,NA,NA,NA
"PTPRO","Stem-cell-iPSC","BP","sQTL","Wald ratio",1,-0.054,2.718,0.0377,0.152930664,NA,NA,NA
"CDH3","Stem-cell-iPSC","BP","sQTL","Wald ratio",1,-0.006,2.718,0.0377,0.870045542,NA,NA,NA
"UGT2B15","Stem-cell-iPSC","BP","sQTL","Wald ratio",1,-0.008,2.718,0.0377,0.831164536,NA,NA,NA
"CD101","Stem-cell-iPSC","BP","sQTL","Wald ratio",1,-0.002,2.718,0.0378,0.956088758,NA,NA,NA
"ROR1","Stem-cell-iPSC","BP","sQTL","Wald ratio",1,0.017,2.718,0.0378,0.662344478,NA,NA,NA
"BEGAIN","Stem-cell-iPSC","BP","sQTL","Wald ratio",1,-0.105,2.718,0.038,0.005824509,NA,NA,NA
"CSGALNACT1","Stem-cell-iPSC","BP","sQTL","Wald ratio",1,-0.021,2.718,0.038,0.578451234,NA,NA,NA
"S100A14","Stem-cell-iPSC","BP","sQTL","Wald ratio",1,-0.076,2.718,0.0382,0.045534678,NA,NA,NA
"GHRL","Stem-cell-iPSC","BP","sQTL","Wald ratio",1,0.044,2.718,0.0382,0.250518534,NA,NA,NA
"CIDEA","Stem-cell-iPSC","BP","sQTL","Wald ratio",1,-0.029,2.718,0.0384,0.457257385,NA,NA,NA
"ANKDD1B","Stem-cell-iPSC","BP","sQTL","Wald ratio",1,0.025,2.718,0.0385,0.514188531,NA,NA,NA
"MXRA7","Stem-cell-iPSC","BP","sQTL","Wald ratio",1,-0.053,2.718,0.0385,0.166534781,NA,NA,NA
"CDKAL1","Stem-cell-iPSC","BP","sQTL","Wald ratio",1,0.029,2.718,0.0385,0.455801958,NA,NA,NA
"SUMO2P13","Stem-cell-iPSC","BP","sQTL","Wald ratio",1,-0.076,2.718,0.0385,0.049057316,NA,NA,NA
"SH2D1B","Stem-cell-iPSC","BP","sQTL","Wald ratio",1,-0.001,2.718,0.0385,0.984199758,NA,NA,NA
"METTL4","Stem-cell-iPSC","BP","sQTL","Wald ratio",1,0.048,2.718,0.0387,0.216420094,NA,NA,NA
"RASGRF1","Stem-cell-iPSC","BP","sQTL","Wald ratio",1,-0.057,2.718,0.0388,0.143470765,NA,NA,NA
"LINC00189","Stem-cell-iPSC","BP","sQTL","Wald ratio",1,0.059,2.718,0.0388,0.126639939,NA,NA,NA
"KCNA10","Stem-cell-iPSC","BP","sQTL","Wald ratio",1,0.01,2.718,0.0391,0.791510874,NA,NA,NA
"OXNAD1","Stem-cell-iPSC","BP","sQTL","Wald ratio",1,0.073,2.718,0.0392,0.062704412,NA,NA,NA
"CYP4X1","Stem-cell-iPSC","BP","sQTL","Wald ratio",1,0.067,2.718,0.0392,0.087802972,NA,NA,NA
"PLXNA2","Stem-cell-iPSC","BP","sQTL","Wald ratio",1,-0.065,2.718,0.0393,0.096243846,NA,NA,NA
"ADGB","Stem-cell-iPSC","BP","sQTL","Wald ratio",1,0.047,2.718,0.0393,0.235647567,NA,NA,NA
"CCDC106","Stem-cell-iPSC","BP","sQTL","Wald ratio",1,-0.038,2.718,0.0393,0.335233854,NA,NA,NA
"AMOTL1","Stem-cell-iPSC","BP","sQTL","Wald ratio",1,0.043,2.718,0.0393,0.276997259,NA,NA,NA
"RNU4-77P","Stem-cell-iPSC","BP","sQTL","Wald ratio",1,0.018,2.718,0.0393,0.653423969,NA,NA,NA
"TEKT3","Stem-cell-iPSC","BP","sQTL","Wald ratio",1,0.032,2.718,0.0393,0.422414334,NA,NA,NA
"RAMP3","Stem-cell-iPSC","BP","sQTL","Wald ratio",1,0.052,2.718,0.0393,0.187113783,NA,NA,NA
"LGI1","Stem-cell-iPSC","BP","sQTL","Wald ratio",1,-0.031,2.718,0.0394,0.430461764,NA,NA,NA
"GRIN2A","Stem-cell-iPSC","BP","sQTL","Inverse variance weighted",2,-0.007,7.389,0.0395,0.852933106,NA,0.151765707,NA
"PRB1","Stem-cell-iPSC","BP","sQTL","Wald ratio",1,-0.017,2.718,0.0396,0.669268709,NA,NA,NA
"ESCO1","Stem-cell-iPSC","BP","sQTL","Wald ratio",1,0.009,2.718,0.0397,0.811119679,NA,NA,NA
"RNU6-991P","Stem-cell-iPSC","BP","sQTL","Wald ratio",1,0.049,2.718,0.0397,0.217453334,NA,NA,NA
"PRKRIR","Stem-cell-iPSC","BP","sQTL","Wald ratio",1,0.125,2.718,0.0398,0.001667382,NA,NA,NA
"INHBA-AS1","Stem-cell-iPSC","BP","sQTL","Wald ratio",1,-0.016,2.718,0.0398,0.687832948,NA,NA,NA
"NRXN3","Stem-cell-iPSC","BP","sQTL","Wald ratio",1,-0.061,2.718,0.0398,0.126136502,NA,NA,NA
"LPCAT1","Stem-cell-iPSC","BP","sQTL","Wald ratio",1,0.03,2.718,0.0399,0.459050516,NA,NA,NA
"RBMS3","Stem-cell-iPSC","BP","sQTL","Wald ratio",1,-0.073,2.718,0.0399,0.06890262,NA,NA,NA
"PRMT8","Stem-cell-iPSC","BP","sQTL","Wald ratio",1,-0.041,2.718,0.0401,0.301740646,NA,NA,NA
"XXYLT1","Stem-cell-iPSC","BP","sQTL","Wald ratio",1,0.037,2.718,0.0401,0.360086153,NA,NA,NA
"RPL5P6","Stem-cell-iPSC","BP","sQTL","Wald ratio",1,0.013,2.718,0.0401,0.745304896,NA,NA,NA
"SPOCK2","Stem-cell-iPSC","BP","sQTL","Wald ratio",1,0.01,2.718,0.0402,0.798712861,NA,NA,NA
"ZNF385B","Stem-cell-iPSC","BP","sQTL","Wald ratio",1,0.001,2.718,0.0402,0.97176784,NA,NA,NA
"CAMK1D","Stem-cell-iPSC","BP","sQTL","Wald ratio",1,0.019,2.718,0.0402,0.642717146,NA,NA,NA
"HEPACAM","Stem-cell-iPSC","BP","sQTL","Wald ratio",1,-0.051,2.718,0.0403,0.201909334,NA,NA,NA
"IFIT1","Stem-cell-iPSC","BP","sQTL","Wald ratio",1,-0.062,2.718,0.0403,0.121801991,NA,NA,NA
"HIP1","Stem-cell-iPSC","BP","sQTL","Wald ratio",1,0.01,2.718,0.0404,0.802818988,NA,NA,NA
"RPL10L","Stem-cell-iPSC","BP","sQTL","Wald ratio",1,0.063,2.718,0.0404,0.116504285,NA,NA,NA
"LINC01507","Stem-cell-iPSC","BP","sQTL","Wald ratio",1,-0.039,2.718,0.0405,0.333714153,NA,NA,NA
"MATN2","Stem-cell-iPSC","BP","sQTL","Wald ratio",1,-0.026,2.718,0.0406,0.52235059,NA,NA,NA
"RNF5P1","Stem-cell-iPSC","BP","sQTL","Wald ratio",1,0.017,2.718,0.0406,0.676319078,NA,NA,NA
"DOK6","Stem-cell-iPSC","BP","sQTL","Wald ratio",1,0.05,2.718,0.0406,0.214483564,NA,NA,NA
"PHF2","Stem-cell-iPSC","BP","sQTL","Wald ratio",1,0.054,2.718,0.0407,0.183376982,NA,NA,NA
"ADGRB3","Stem-cell-iPSC","BP","sQTL","Wald ratio",1,0.124,2.718,0.0407,0.002301537,NA,NA,NA
"ARC","Stem-cell-iPSC","BP","sQTL","Wald ratio",1,-0.067,2.718,0.0407,0.10174352,NA,NA,NA
"SYNPR","Stem-cell-iPSC","BP","sQTL","Wald ratio",1,-0.057,2.718,0.0408,0.160347534,NA,NA,NA
"RNY3P10","Stem-cell-iPSC","BP","sQTL","Wald ratio",1,-0.075,2.718,0.0408,0.066537177,NA,NA,NA
"VGLL3","Stem-cell-iPSC","BP","sQTL","Wald ratio",1,-0.026,2.718,0.0408,0.529534106,NA,NA,NA
"TSTD3","Stem-cell-iPSC","BP","sQTL","Wald ratio",1,-0.054,2.718,0.0408,0.18729451,NA,NA,NA
"SERPINE2","Stem-cell-iPSC","BP","sQTL","Wald ratio",1,0.046,2.718,0.0409,0.263774569,NA,NA,NA
"PAMR1","Stem-cell-iPSC","BP","sQTL","Wald ratio",1,-0.013,2.718,0.0409,0.757545659,NA,NA,NA
"RPL5P28","Stem-cell-iPSC","BP","sQTL","Wald ratio",1,0.027,2.718,0.0409,0.506807475,NA,NA,NA
"MYO3A","Stem-cell-iPSC","BP","sQTL","Wald ratio",1,-0.036,2.718,0.041,0.380191309,NA,NA,NA
"RASGEF1B","Stem-cell-iPSC","BP","sQTL","Wald ratio",1,0.027,2.718,0.041,0.508113419,NA,NA,NA
"LINC00276","Stem-cell-iPSC","BP","sQTL","Wald ratio",1,0.015,2.718,0.0411,0.714333051,NA,NA,NA
"NOL10","Stem-cell-iPSC","BP","sQTL","Wald ratio",1,0.042,2.718,0.0411,0.307244323,NA,NA,NA
"KCNJ6","Stem-cell-iPSC","BP","sQTL","Wald ratio",1,-0.004,2.718,0.0412,0.913078429,NA,NA,NA
"FER1L6-AS2","Stem-cell-iPSC","BP","sQTL","Wald ratio",1,0.019,2.718,0.0413,0.643549692,NA,NA,NA
"CCDC91","Stem-cell-iPSC","BP","sQTL","Wald ratio",1,-0.126,2.718,0.0414,0.002296954,NA,NA,NA
"MMP20","Stem-cell-iPSC","BP","sQTL","Wald ratio",1,0.012,2.718,0.0415,0.774229494,NA,NA,NA
"COLGALT2","Stem-cell-iPSC","BP","sQTL","Wald ratio",1,-0.039,2.718,0.0415,0.350380194,NA,NA,NA
"ETV3","Stem-cell-iPSC","BP","sQTL","Wald ratio",1,0.058,2.718,0.0416,0.164301759,NA,NA,NA
"PPFIBP1","Stem-cell-iPSC","BP","sQTL","Wald ratio",1,-0.058,2.718,0.0416,0.163514854,NA,NA,NA
"EXTL3","Stem-cell-iPSC","BP","sQTL","Wald ratio",1,0.082,2.718,0.0417,0.04981318,NA,NA,NA
"BTBD7","Stem-cell-iPSC","BP","sQTL","Wald ratio",1,-0.043,2.718,0.0417,0.305548893,NA,NA,NA
"TBX20","Stem-cell-iPSC","BP","sQTL","Wald ratio",1,0.006,2.718,0.0418,0.892351977,NA,NA,NA
"KCNMA1","Stem-cell-iPSC","BP","sQTL","Inverse variance weighted",2,-0.031,7.389,0.0419,0.462952617,NA,0.010756773,NA
"KANSL3","Stem-cell-iPSC","BP","sQTL","Wald ratio",1,-0.174,2.718,0.042,3.33e-05,NA,NA,NA
"PRDM2","Stem-cell-iPSC","BP","sQTL","Wald ratio",1,0.024,2.718,0.042,0.561758199,NA,NA,NA
"NEK11","Stem-cell-iPSC","BP","sQTL","Wald ratio",1,0.035,2.718,0.0421,0.407798879,NA,NA,NA
"VN2R3P","Stem-cell-iPSC","BP","sQTL","Wald ratio",1,-0.055,2.718,0.0421,0.188792992,NA,NA,NA
"ANKS1B","Stem-cell-iPSC","BP","sQTL","Wald ratio",1,-0.027,2.718,0.0421,0.514075081,NA,NA,NA
"GRIN3A","Stem-cell-iPSC","BP","sQTL","Wald ratio",1,-0.106,2.718,0.0421,0.012069055,NA,NA,NA
"CDH11","Stem-cell-iPSC","BP","sQTL","Wald ratio",1,0.023,2.718,0.0423,0.592828667,NA,NA,NA
"EDIL3","Stem-cell-iPSC","BP","sQTL","Wald ratio",1,-0.039,2.718,0.0423,0.350456208,NA,NA,NA
"TBC1D22A","Stem-cell-iPSC","BP","sQTL","Wald ratio",1,-0.036,2.718,0.0423,0.394468034,NA,NA,NA
"KCNC2","Stem-cell-iPSC","BP","sQTL","Wald ratio",1,-0.014,2.718,0.0424,0.73703071,NA,NA,NA
"CPNE4","Stem-cell-iPSC","BP","sQTL","Wald ratio",1,-0.006,2.718,0.0425,0.879479637,NA,NA,NA
"HS6ST1","Stem-cell-iPSC","BP","sQTL","Wald ratio",1,0.073,2.718,0.0425,0.084587584,NA,NA,NA
"GFRA4","Stem-cell-iPSC","BP","sQTL","Wald ratio",1,-0.09,2.718,0.0428,0.03604958,NA,NA,NA
"COLEC12","Stem-cell-iPSC","BP","sQTL","Wald ratio",1,0.032,2.718,0.043,0.456150896,NA,NA,NA
"RN7SL366P","Stem-cell-iPSC","BP","sQTL","Wald ratio",1,0.087,2.718,0.0432,0.044415448,NA,NA,NA
"SRRM1P2","Stem-cell-iPSC","BP","sQTL","Wald ratio",1,0.073,2.718,0.0435,0.092152216,NA,NA,NA
"TLE2","Stem-cell-iPSC","BP","sQTL","Wald ratio",1,-0.012,2.718,0.0436,0.775207413,NA,NA,NA
"AIM1","Stem-cell-iPSC","BP","sQTL","Wald ratio",1,-0.03,2.718,0.0438,0.494561976,NA,NA,NA
"RNF138P2","Stem-cell-iPSC","BP","sQTL","Wald ratio",1,-0.016,2.718,0.0438,0.717637595,NA,NA,NA
"ZNF391","Stem-cell-iPSC","BP","sQTL","Wald ratio",1,-0.045,2.718,0.0438,0.303624455,NA,NA,NA
"CRB1","Stem-cell-iPSC","BP","sQTL","Wald ratio",1,-0.109,2.718,0.0439,0.013359591,NA,NA,NA
"SEMA6D","Stem-cell-iPSC","BP","sQTL","Wald ratio",1,-0.042,2.718,0.0439,0.344244404,NA,NA,NA
"PLXDC2","Stem-cell-iPSC","BP","sQTL","Wald ratio",1,0.015,2.718,0.044,0.738962933,NA,NA,NA
"NEPNP","Stem-cell-iPSC","BP","sQTL","Wald ratio",1,0.112,2.718,0.0441,0.010938985,NA,NA,NA
"FTLP3","Stem-cell-iPSC","BP","sQTL","Wald ratio",1,-0.011,2.718,0.0442,0.796840031,NA,NA,NA
"ZMIZ1","Stem-cell-iPSC","BP","sQTL","Wald ratio",1,0.075,2.718,0.0443,0.08853547,NA,NA,NA
"RGS9","Stem-cell-iPSC","BP","sQTL","Wald ratio",1,-0.01,2.718,0.0445,0.823220156,NA,NA,NA
"OSBP2","Stem-cell-iPSC","BP","sQTL","Wald ratio",1,-0.003,2.718,0.0446,0.941355566,NA,NA,NA
"NCALD","Stem-cell-iPSC","BP","sQTL","Wald ratio",1,-0.06,2.718,0.0447,0.177074711,NA,NA,NA
"ZNF100","Stem-cell-iPSC","BP","sQTL","Wald ratio",1,-0.058,2.718,0.0448,0.195477524,NA,NA,NA
"HECW2","Stem-cell-iPSC","BP","sQTL","Wald ratio",1,-0.071,2.718,0.0448,0.113587314,NA,NA,NA
"RNF150","Stem-cell-iPSC","BP","sQTL","Wald ratio",1,0.016,2.718,0.0449,0.724602396,NA,NA,NA
"NEBL","Stem-cell-iPSC","BP","sQTL","Wald ratio",1,0.031,2.718,0.045,0.495435192,NA,NA,NA
"ABCC13","Stem-cell-iPSC","BP","sQTL","Wald ratio",1,-0.08,2.718,0.045,0.074090599,NA,NA,NA
"WARS2","Stem-cell-iPSC","BP","sQTL","Wald ratio",1,-0.012,2.718,0.045,0.791378141,NA,NA,NA
"SIRT1","Stem-cell-iPSC","BP","sQTL","Wald ratio",1,0.058,2.718,0.0451,0.19877244,NA,NA,NA
"LINC01307","Stem-cell-iPSC","BP","sQTL","Wald ratio",1,0.021,2.718,0.0451,0.646099073,NA,NA,NA
"YBX1P6","Stem-cell-iPSC","BP","sQTL","Wald ratio",1,-0.088,2.718,0.0451,0.051489623,NA,NA,NA
"RNU1-46P","Stem-cell-iPSC","BP","sQTL","Wald ratio",1,-0.038,2.718,0.0454,0.396677584,NA,NA,NA
"PARP14","Stem-cell-iPSC","BP","sQTL","Wald ratio",1,-0.003,2.718,0.0456,0.943019689,NA,NA,NA
"UMODL1-AS1","Stem-cell-iPSC","BP","sQTL","Wald ratio",1,-0.068,2.718,0.0456,0.13564963,NA,NA,NA
"C1orf216","Stem-cell-iPSC","BP","sQTL","Wald ratio",1,0.099,2.718,0.0456,0.030683699,NA,NA,NA
"UNC5CL","Stem-cell-iPSC","BP","sQTL","Wald ratio",1,0.021,2.718,0.0458,0.646057123,NA,NA,NA
"ANKRD7","Stem-cell-iPSC","BP","sQTL","Wald ratio",1,-0.001,2.718,0.0461,0.981000744,NA,NA,NA
"DPY19L4","Stem-cell-iPSC","BP","sQTL","Wald ratio",1,-0.042,2.718,0.0461,0.360970985,NA,NA,NA
"ARNTL","Stem-cell-iPSC","BP","sQTL","Inverse variance weighted",2,-0.043,7.389,0.0461,0.355264771,NA,0.000491497,NA
"LINC00539","Stem-cell-iPSC","BP","sQTL","Wald ratio",1,0.006,2.718,0.0462,0.891225849,NA,NA,NA
"LINC00700","Stem-cell-iPSC","BP","sQTL","Wald ratio",1,0.08,2.718,0.0463,0.082254353,NA,NA,NA
"SLCO1B1","Stem-cell-iPSC","BP","sQTL","Wald ratio",1,-0.129,2.718,0.0463,0.005491273,NA,NA,NA
"TMTC1","Stem-cell-iPSC","BP","sQTL","Wald ratio",1,0.012,2.718,0.0464,0.799222174,NA,NA,NA
"CHRNB3","Stem-cell-iPSC","BP","sQTL","Wald ratio",1,-0.039,2.718,0.0465,0.406178427,NA,NA,NA
"EGFR","Stem-cell-iPSC","BP","sQTL","Wald ratio",1,-0.032,2.718,0.047,0.499215358,NA,NA,NA
"MFSD14A","Stem-cell-iPSC","BP","sQTL","Wald ratio",1,-0.041,2.718,0.0472,0.384567561,NA,NA,NA
"KLHL31","Stem-cell-iPSC","BP","sQTL","Wald ratio",1,-0.038,2.718,0.0473,0.415867688,NA,NA,NA
"TYW3","Stem-cell-iPSC","BP","sQTL","Wald ratio",1,0.03,2.718,0.0473,0.527527741,NA,NA,NA
"RN7SL58P","Stem-cell-iPSC","BP","sQTL","Wald ratio",1,0.01,2.718,0.0475,0.836924389,NA,NA,NA
"PPP1R21","Stem-cell-iPSC","BP","sQTL","Wald ratio",1,0.03,2.718,0.0475,0.529134646,NA,NA,NA
"TTC27","Stem-cell-iPSC","BP","sQTL","Wald ratio",1,0.02,2.718,0.0476,0.67576471,NA,NA,NA
"PAX3","Stem-cell-iPSC","BP","sQTL","Wald ratio",1,0.008,2.718,0.0477,0.864048277,NA,NA,NA
"LINC01310","Stem-cell-iPSC","BP","sQTL","Wald ratio",1,-0.014,2.718,0.0479,0.770516082,NA,NA,NA
"TRA2A","Stem-cell-iPSC","BP","sQTL","Wald ratio",1,-0.023,2.718,0.048,0.632450019,NA,NA,NA
"DPP10","Stem-cell-iPSC","BP","sQTL","Wald ratio",1,0.085,2.718,0.0481,0.077377459,NA,NA,NA
"AHNAK","Stem-cell-iPSC","BP","sQTL","Wald ratio",1,-0.029,2.718,0.0482,0.540970214,NA,NA,NA
"TEC","Stem-cell-iPSC","BP","sQTL","Wald ratio",1,-0.051,2.718,0.0485,0.288165816,NA,NA,NA
"LINC01091","Stem-cell-iPSC","BP","sQTL","Wald ratio",1,-0.042,2.718,0.0486,0.387898855,NA,NA,NA
"OXR1","Stem-cell-iPSC","BP","sQTL","Wald ratio",1,0.066,2.718,0.0486,0.176949149,NA,NA,NA
"CYCSP17","Stem-cell-iPSC","BP","sQTL","Wald ratio",1,-0.014,2.718,0.0487,0.781306713,NA,NA,NA
"THRAP3P1","Stem-cell-iPSC","BP","sQTL","Wald ratio",1,0.004,2.718,0.0487,0.93074751,NA,NA,NA
"NIFKP9","Stem-cell-iPSC","BP","sQTL","Wald ratio",1,0.027,2.718,0.0487,0.574304722,NA,NA,NA
"GGTA2P","Stem-cell-iPSC","BP","sQTL","Wald ratio",1,-0.004,2.718,0.0489,0.930671489,NA,NA,NA
"TRGC2","Stem-cell-iPSC","BP","sQTL","Wald ratio",1,0.005,2.718,0.049,0.911094056,NA,NA,NA
"ATXN1","Stem-cell-iPSC","BP","sQTL","Wald ratio",1,-0.046,2.718,0.049,0.348023896,NA,NA,NA
"COG3","Stem-cell-iPSC","BP","sQTL","Wald ratio",1,0.004,2.718,0.0492,0.940849823,NA,NA,NA
"NAP1L4P3","Stem-cell-iPSC","BP","sQTL","Wald ratio",1,0.006,2.718,0.0492,0.904196704,NA,NA,NA
"EXOC6","Stem-cell-iPSC","BP","sQTL","Wald ratio",1,0,2.718,0.0492,1,NA,NA,NA
"OR13A1","Stem-cell-iPSC","BP","sQTL","Wald ratio",1,-0.047,2.718,0.0493,0.33897606,NA,NA,NA
"SEC16B","Stem-cell-iPSC","BP","sQTL","Wald ratio",1,0.04,2.718,0.0496,0.425298964,NA,NA,NA
"PDE1A","Stem-cell-iPSC","BP","sQTL","Wald ratio",1,-0.123,2.718,0.0496,0.013017046,NA,NA,NA
"TCERG1L","Stem-cell-iPSC","BP","sQTL","Wald ratio",1,0.033,2.718,0.0496,0.501519599,NA,NA,NA
"RNU6-812P","Stem-cell-iPSC","BP","sQTL","Wald ratio",1,-0.108,2.718,0.0497,0.029279331,NA,NA,NA
"F11-AS1","Stem-cell-iPSC","BP","sQTL","Wald ratio",1,0.037,2.718,0.0497,0.45421859,NA,NA,NA
"VLDLR-AS1","Stem-cell-iPSC","BP","sQTL","Wald ratio",1,0.058,2.718,0.0498,0.24742707,NA,NA,NA
"B3GNTL1","Stem-cell-iPSC","BP","sQTL","Wald ratio",1,-0.043,2.718,0.0498,0.391995802,NA,NA,NA
"RN7SKP280","Stem-cell-iPSC","BP","sQTL","Wald ratio",1,0.05,2.718,0.05,0.317071805,NA,NA,NA
"ZFP36L2","Stem-cell-iPSC","BP","sQTL","Wald ratio",1,0.153,2.718,0.05,0.002301537,NA,NA,NA
"ZNF292","Stem-cell-iPSC","BP","sQTL","Wald ratio",1,-0.016,2.718,0.0501,0.750007071,NA,NA,NA
"OSBPL9P3","Stem-cell-iPSC","BP","sQTL","Wald ratio",1,0.017,2.718,0.0501,0.735423215,NA,NA,NA
"ADH1C","Stem-cell-iPSC","BP","sQTL","Wald ratio",1,0.008,2.718,0.0502,0.872187249,NA,NA,NA
"ESRRB","Stem-cell-iPSC","BP","sQTL","Wald ratio",1,-0.04,2.718,0.0502,0.428919351,NA,NA,NA
"IGFBP7","Stem-cell-iPSC","BP","sQTL","Wald ratio",1,-0.036,2.718,0.0503,0.476423357,NA,NA,NA
"FBP1","Stem-cell-iPSC","BP","sQTL","Wald ratio",1,0.053,2.718,0.0506,0.295163718,NA,NA,NA
"SLC44A1","Stem-cell-iPSC","BP","sQTL","Wald ratio",1,-0.05,2.718,0.051,0.325766615,NA,NA,NA
"MYH15","Stem-cell-iPSC","BP","sQTL","Wald ratio",1,0.206,2.718,0.051,5.4e-05,NA,NA,NA
"CAST","Stem-cell-iPSC","BP","sQTL","Wald ratio",1,-0.051,2.718,0.051,0.319514652,NA,NA,NA
"LINC01500","Stem-cell-iPSC","BP","sQTL","Wald ratio",1,-0.063,2.718,0.0513,0.219992676,NA,NA,NA
"NUS1P3","Stem-cell-iPSC","BP","sQTL","Wald ratio",1,0.071,2.718,0.0515,0.168808364,NA,NA,NA
"LINC00485","Stem-cell-iPSC","BP","sQTL","Wald ratio",1,-0.039,2.718,0.0517,0.456235487,NA,NA,NA
"ARPC3P5","Stem-cell-iPSC","BP","sQTL","Wald ratio",1,-0.02,2.718,0.0518,0.698778843,NA,NA,NA
"RN7SKP36","Stem-cell-iPSC","BP","sQTL","Wald ratio",1,-0.024,2.718,0.0519,0.642111399,NA,NA,NA
"LYPD5","Stem-cell-iPSC","BP","sQTL","Wald ratio",1,0.054,2.718,0.0523,0.30100164,NA,NA,NA
"RALGAPA1","Stem-cell-iPSC","BP","sQTL","Wald ratio",1,-0.052,2.718,0.0529,0.327135482,NA,NA,NA
"ESR1","Stem-cell-iPSC","BP","sQTL","Wald ratio",1,0.031,2.718,0.053,0.55483033,NA,NA,NA
"SORBS1","Stem-cell-iPSC","BP","sQTL","Wald ratio",1,0.06,2.718,0.0531,0.261291438,NA,NA,NA
"C1orf141","Stem-cell-iPSC","BP","sQTL","Wald ratio",1,0.103,2.718,0.0532,0.052993948,NA,NA,NA
"LINC00922","Stem-cell-iPSC","BP","sQTL","Wald ratio",1,-0.029,2.718,0.0535,0.586411681,NA,NA,NA
"GALNTL5","Stem-cell-iPSC","BP","sQTL","Wald ratio",1,-0.087,2.718,0.0535,0.104348265,NA,NA,NA
"DDX60L","Stem-cell-iPSC","BP","sQTL","Wald ratio",1,-0.027,2.718,0.0539,0.614313886,NA,NA,NA
"GNAI1","Stem-cell-iPSC","BP","sQTL","Wald ratio",1,-0.053,2.718,0.0539,0.321758425,NA,NA,NA
"PICALM","Stem-cell-iPSC","BP","sQTL","Wald ratio",1,0.118,2.718,0.0541,0.028990821,NA,NA,NA
"H6PD","Stem-cell-iPSC","BP","sQTL","Wald ratio",1,0.134,2.718,0.0543,0.013284484,NA,NA,NA
"SENP7","Stem-cell-iPSC","BP","sQTL","Wald ratio",1,-0.079,2.718,0.0545,0.144820169,NA,NA,NA
"SETD6","Stem-cell-iPSC","BP","sQTL","Wald ratio",1,0.071,2.718,0.0545,0.19272588,NA,NA,NA
"CACNA1E","Stem-cell-iPSC","BP","sQTL","Wald ratio",1,-0.1,2.718,0.0547,0.066208013,NA,NA,NA
"PDE11A","Stem-cell-iPSC","BP","sQTL","Wald ratio",1,0.009,2.718,0.0547,0.863874106,NA,NA,NA
"PEX5L","Stem-cell-iPSC","BP","sQTL","Wald ratio",1,0.017,2.718,0.0548,0.749830675,NA,NA,NA
"ARHGAP22","Stem-cell-iPSC","BP","sQTL","Wald ratio",1,0.096,2.718,0.0549,0.081898057,NA,NA,NA
"SH3PXD2A","Stem-cell-iPSC","BP","sQTL","Wald ratio",1,0.028,2.718,0.0553,0.607954051,NA,NA,NA
"GM2A","Stem-cell-iPSC","BP","sQTL","Wald ratio",1,0.041,2.718,0.0553,0.459408857,NA,NA,NA
"LINC00333","Stem-cell-iPSC","BP","sQTL","Wald ratio",1,0.021,2.718,0.0553,0.708364117,NA,NA,NA
"FRMD4A","Stem-cell-iPSC","BP","sQTL","Inverse variance weighted",2,-0.058,7.389,0.0556,0.300518771,NA,0.073837025,NA
"CST1","Stem-cell-iPSC","BP","sQTL","Wald ratio",1,-0.095,2.718,0.0556,0.088359036,NA,NA,NA
"KCNMB2","Stem-cell-iPSC","BP","sQTL","Inverse variance weighted",2,-0.009,7.389,0.0557,0.866314131,NA,0.071357207,NA
"FOXP2","Stem-cell-iPSC","BP","sQTL","Wald ratio",1,0.015,2.718,0.0557,0.793654972,NA,NA,NA
"SNTG2","Stem-cell-iPSC","BP","sQTL","Wald ratio",1,-0.044,2.718,0.0559,0.428363933,NA,NA,NA
"KIAA0196","Stem-cell-iPSC","BP","sQTL","Wald ratio",1,-0.013,2.718,0.0559,0.822314851,NA,NA,NA
"PRDM9","Stem-cell-iPSC","BP","sQTL","Wald ratio",1,0.039,2.718,0.056,0.483476971,NA,NA,NA
"MIR1303","Stem-cell-iPSC","BP","sQTL","Wald ratio",1,0.082,2.718,0.0561,0.143715146,NA,NA,NA
"SFRP2","Stem-cell-iPSC","BP","sQTL","Wald ratio",1,-0.033,2.718,0.0564,0.562344823,NA,NA,NA
"CD81-AS1","Stem-cell-iPSC","BP","sQTL","Wald ratio",1,0.033,2.718,0.0564,0.561383047,NA,NA,NA
"LINC01499","Stem-cell-iPSC","BP","sQTL","Wald ratio",1,0.081,2.718,0.0564,0.152570167,NA,NA,NA
"C10orf107","Stem-cell-iPSC","BP","sQTL","Wald ratio",1,0.008,2.718,0.0565,0.891225849,NA,NA,NA
"SEL1L3","Stem-cell-iPSC","BP","sQTL","Wald ratio",1,-0.029,2.718,0.0566,0.606408247,NA,NA,NA
"B4GALT5","Stem-cell-iPSC","BP","sQTL","Wald ratio",1,0.002,2.718,0.0566,0.974811609,NA,NA,NA
"LMX1A","Stem-cell-iPSC","BP","sQTL","Wald ratio",1,-0.016,2.718,0.0571,0.786055661,NA,NA,NA
"PPP1R13L","Stem-cell-iPSC","BP","sQTL","Wald ratio",1,-0.028,2.718,0.0573,0.630561577,NA,NA,NA
"SH3GL2","Stem-cell-iPSC","BP","sQTL","Wald ratio",1,-0.046,2.718,0.0575,0.420103972,NA,NA,NA
"SGIP1","Stem-cell-iPSC","BP","sQTL","Wald ratio",1,-0.053,2.718,0.0578,0.35990348,NA,NA,NA
"RPL35AP12","Stem-cell-iPSC","BP","sQTL","Wald ratio",1,-0.089,2.718,0.0578,0.123392102,NA,NA,NA
"ADGRA3","Stem-cell-iPSC","BP","sQTL","Wald ratio",1,0.082,2.718,0.0579,0.154413979,NA,NA,NA
"MLLT3","Stem-cell-iPSC","BP","sQTL","Wald ratio",1,-0.025,2.718,0.0581,0.670988283,NA,NA,NA
"HMMR","Stem-cell-iPSC","BP","sQTL","Wald ratio",1,-0.01,2.718,0.0583,0.86022067,NA,NA,NA
"ADAM29","Stem-cell-iPSC","BP","sQTL","Wald ratio",1,0.114,2.718,0.0584,0.050589861,NA,NA,NA
"GRAMD4","Stem-cell-iPSC","BP","sQTL","Wald ratio",1,0.041,2.718,0.0588,0.480652376,NA,NA,NA
"RPS15AP5","Stem-cell-iPSC","BP","sQTL","Wald ratio",1,0.036,2.718,0.0589,0.540857866,NA,NA,NA
"RNU6-138P","Stem-cell-iPSC","BP","sQTL","Wald ratio",1,0.031,2.718,0.0589,0.60410334,NA,NA,NA
"P2RY14","Stem-cell-iPSC","BP","sQTL","Wald ratio",1,-0.112,2.718,0.0601,0.062895467,NA,NA,NA
"MRPL50P1","Stem-cell-iPSC","BP","sQTL","Wald ratio",1,-0.047,2.718,0.0613,0.446542649,NA,NA,NA
"GPATCH2L","Stem-cell-iPSC","BP","sQTL","Wald ratio",1,-0.024,2.718,0.0613,0.698171411,NA,NA,NA
"HERC3","Stem-cell-iPSC","BP","sQTL","Wald ratio",1,-0.047,2.718,0.0618,0.448215415,NA,NA,NA
"GACAT1","Stem-cell-iPSC","BP","sQTL","Wald ratio",1,-0.031,2.718,0.0629,0.621819825,NA,NA,NA
"PRELID2","Stem-cell-iPSC","BP","sQTL","Wald ratio",1,-0.121,2.718,0.0633,0.056211032,NA,NA,NA
"MAP1B","Stem-cell-iPSC","BP","sQTL","Wald ratio",1,0.132,2.718,0.0636,0.03817362,NA,NA,NA
"TNIP3","Stem-cell-iPSC","BP","sQTL","Wald ratio",1,-0.096,2.718,0.0636,0.130172316,NA,NA,NA
"RNU1-18P","Stem-cell-iPSC","BP","sQTL","Wald ratio",1,0.138,2.718,0.0644,0.032191005,NA,NA,NA
"DOK4","Stem-cell-iPSC","BP","sQTL","Wald ratio",1,0.104,2.718,0.0647,0.107144118,NA,NA,NA
"SNHG15","Stem-cell-iPSC","BP","sQTL","Wald ratio",1,-0.032,2.718,0.0653,0.629039689,NA,NA,NA
"STRN","Stem-cell-iPSC","BP","sQTL","Wald ratio",1,0.105,2.718,0.0658,0.109605262,NA,NA,NA
"FREM2","Stem-cell-iPSC","BP","sQTL","Wald ratio",1,0.119,2.718,0.0661,0.072791575,NA,NA,NA
"MIR4704","Stem-cell-iPSC","BP","sQTL","Wald ratio",1,0.086,2.718,0.0663,0.196306995,NA,NA,NA
"RPL23AP68","Stem-cell-iPSC","BP","sQTL","Wald ratio",1,-0.053,2.718,0.0669,0.425068929,NA,NA,NA
"H3F3C","Stem-cell-iPSC","BP","sQTL","Wald ratio",1,0.086,2.718,0.067,0.197572586,NA,NA,NA
"FRMD3","Stem-cell-iPSC","BP","sQTL","Wald ratio",1,-0.008,2.718,0.0672,0.902072949,NA,NA,NA
"OLFML3","Stem-cell-iPSC","BP","sQTL","Inverse variance weighted",2,0.022,7.389,0.068,0.745736501,NA,0.001692142,NA
"SLC36A3","Stem-cell-iPSC","BP","sQTL","Wald ratio",1,-0.11,2.718,0.068,0.104138896,NA,NA,NA
"DAOA-AS1","Stem-cell-iPSC","BP","sQTL","Wald ratio",1,0.058,2.718,0.0686,0.398190675,NA,NA,NA
"RNY1P1","Stem-cell-iPSC","BP","sQTL","Wald ratio",1,-0.032,2.718,0.0691,0.647080738,NA,NA,NA
"TBC1D4","Stem-cell-iPSC","BP","sQTL","Wald ratio",1,0.113,2.718,0.0692,0.102475674,NA,NA,NA
"L3MBTL4","Stem-cell-iPSC","BP","sQTL","Wald ratio",1,-0.169,2.718,0.0693,0.014827696,NA,NA,NA
"VENTXP4","Stem-cell-iPSC","BP","sQTL","Wald ratio",1,-0.001,2.718,0.0728,0.991511602,NA,NA,NA
"HCRTR2","Stem-cell-iPSC","BP","sQTL","Wald ratio",1,0.184,2.718,0.074,0.013061289,NA,NA,NA
"LINC01048","Stem-cell-iPSC","BP","sQTL","Wald ratio",1,-0.127,2.718,0.074,0.086469922,NA,NA,NA
"CNOT6LP1","Stem-cell-iPSC","BP","sQTL","Wald ratio",1,0.119,2.718,0.076,0.118083249,NA,NA,NA
"ADAMTS20","Stem-cell-iPSC","BP","sQTL","Wald ratio",1,0.015,2.718,0.0766,0.840787225,NA,NA,NA
"DOCK2","Stem-cell-iPSC","BP","sQTL","Wald ratio",1,-0.062,2.718,0.0768,0.416159422,NA,NA,NA
"AKAP7","Stem-cell-iPSC","BP","sQTL","Wald ratio",1,0.037,2.718,0.077,0.627943056,NA,NA,NA
"DNAJC5B","Stem-cell-iPSC","BP","sQTL","Wald ratio",1,0.123,2.718,0.0794,0.121492066,NA,NA,NA
"DSC1","Stem-cell-iPSC","BP","sQTL","Wald ratio",1,0.114,2.718,0.0802,0.155347848,NA,NA,NA
"THSD7A","Stem-cell-iPSC","BP","sQTL","Wald ratio",1,-0.233,2.718,0.0802,0.003692602,NA,NA,NA
"COL24A1","Stem-cell-iPSC","BP","sQTL","Wald ratio",1,-0.113,2.718,0.081,0.16324106,NA,NA,NA
"PSKH2","Stem-cell-iPSC","BP","sQTL","Wald ratio",1,-0.045,2.718,0.0814,0.578231645,NA,NA,NA
"LRRC15","Stem-cell-iPSC","BP","sQTL","Wald ratio",1,-0.03,2.718,0.0821,0.711969883,NA,NA,NA
"CNNM1","Stem-cell-iPSC","BP","sQTL","Wald ratio",1,0.105,2.718,0.083,0.204529837,NA,NA,NA
"NLRP14","Stem-cell-iPSC","BP","sQTL","Wald ratio",1,-0.032,2.718,0.0843,0.707648623,NA,NA,NA
"PARD3","Stem-cell-iPSC","BP","sQTL","Wald ratio",1,-0.114,2.718,0.0844,0.175297346,NA,NA,NA
"WFS1","Stem-cell-iPSC","BP","sQTL","Wald ratio",1,-0.176,2.718,0.0894,0.049086935,NA,NA,NA
"F3","Stem-cell-iPSC","BP","sQTL","Wald ratio",1,-0.145,2.718,0.0904,0.108940678,NA,NA,NA
"IGFN1","Stem-cell-iPSC","BP","sQTL","Wald ratio",1,-0.062,2.718,0.0992,0.531314461,NA,NA,NA
"SPTSSB","Stem-cell-iPSC","BP","sQTL","Wald ratio",1,-0.032,2.718,0.106,0.766397328,NA,NA,NA
"GNB5","Stem-cell-iPSC","BP","sQTL","Wald ratio",1,-0.204,2.718,0.118,0.082661166,NA,NA,NA
"HNRNPA1P57","Stem-cell-iPSC","BP","sQTL","Wald ratio",1,-0.182,2.718,0.12,0.128181032,NA,NA,NA
"MRPL57P1","Stem-cell-iPSC","BP","sQTL","Wald ratio",1,-0.128,2.718,0.123,0.300746793,NA,NA,NA
"MIR8070","Stem-cell-iPSC","BP","sQTL","Wald ratio",1,-0.11,2.718,0.135,0.412123846,NA,NA,NA
"WDR27","Stem-cell-iPSC","BP","sQTL","Wald ratio",1,0.169,2.718,0.156,0.277476203,NA,NA,NA
"ROPN1B","Stem-cell-iPSC","BP","sQTL","Wald ratio",1,-0.16,2.718,0.228,0.481118923,NA,NA,NA
