"Gene","Tissue","Psychiatric disorder","Method","Nsnp","Beta","SE","OR","P-value","Q_Pvalue(MREgger)","Q_Pvalue(IVW)","P-value(Intercept)","PPH4"
"CNTNAP2","Stem-cell-iPSC","ANX","sQTL","Inverse variance weighted","5.000"," 0.000","148.413","1.89e-02",0.999116132,0.830989469,0.603813035,0.26655663
"CNTNAP2","Stem-cell-iPSC","ANX","sQTL","Weighted median","5.000"," 0.005","148.413","2.36e-02",0.842750336,0.830989469,0.603813035,0.26655663
"CDH13","Stem-cell-iPSC","ANX","sQTL","Inverse variance weighted","3.000","-0.027"," 20.086","2.60e-02",0.291518939,0.35903379,0.65441431,0.947778121
"UNC13C","Stem-cell-iPSC","ANX","sQTL","Inverse variance weighted","2.000","-0.007","  7.389","2.65e-02",0.797928585,NA,0.403992387,NA
"MAGI2","Stem-cell-iPSC","ANX","sQTL","Inverse variance weighted","4.000"," 0.052"," 54.598","2.70e-02",0.052897772,0.85320917,0.906309995,0.673271657
"ESRRG","Stem-cell-iPSC","ANX","sQTL","Inverse variance weighted","2.000","-0.012","  7.389","2.77e-02",0.67672089,NA,0.798256074,NA
"ERC2","Stem-cell-iPSC","ANX","sQTL","Inverse variance weighted","2.000","-0.015","  7.389","2.84e-02",0.597091589,NA,0.25693663,NA
"KCNIP4","Stem-cell-iPSC","ANX","sQTL","Inverse variance weighted","3.000","-0.053"," 20.086","2.89e-02",0.067428132,0.578533077,0.84255017,0.883863608
"CDH13","Stem-cell-iPSC","ANX","sQTL","Weighted median","3.000","-0.023"," 20.086","2.96e-02",0.445970736,0.35903379,0.65441431,0.947778121
"PSD3","Stem-cell-iPSC","ANX","sQTL","Inverse variance weighted","2.000","-0.018","  7.389","2.98e-02",0.538603843,NA,0.922246171,NA
"DAB2","Stem-cell-iPSC","ANX","sQTL","Inverse variance weighted","2.000","-0.025","  7.389","2.98e-02",0.400522308,NA,0.350088705,NA
"TENM4","Stem-cell-iPSC","ANX","sQTL","Inverse variance weighted","3.000","-0.053"," 20.086","3.00e-02",0.078358314,0.665543848,0.844020004,0.763127998
"PTPRD","Stem-cell-iPSC","ANX","sQTL","Weighted median","4.000"," 0.039"," 54.598","3.04e-02",0.200879618,0.199478789,0.161605859,0.389151477
"MEAF6P1","Stem-cell-iPSC","ANX","sQTL","Wald ratio","1.000"," 0.031","  2.718","3.06e-02",0.308128395,NA,NA,NA
"GPC5","Stem-cell-iPSC","ANX","sQTL","Inverse variance weighted","2.000","-0.020","  7.389","3.10e-02",0.527610214,NA,0.313668849,NA
"MIR3681HG","Stem-cell-iPSC","ANX","sQTL","Inverse variance weighted","2.000","-0.014","  7.389","3.13e-02",0.646793517,NA,0.669994628,NA
"RNU6-1012P","Stem-cell-iPSC","ANX","sQTL","Wald ratio","1.000","-0.057","  2.718","3.13e-02",0.069402673,NA,NA,NA
"PTPRD","Stem-cell-iPSC","ANX","sQTL","Weighted mode","4.000"," 0.038"," 54.598","3.16e-02",0.311203089,0.199478789,0.161605859,0.389151477
"ADAM12","Stem-cell-iPSC","ANX","sQTL","Inverse variance weighted","2.000"," 0.077","  7.389","3.16e-02",0.015402008,NA,0.538983954,NA
"ROBO1","Stem-cell-iPSC","ANX","sQTL","Inverse variance weighted","2.000","-0.020","  7.389","3.17e-02",0.522599553,NA,0.825208334,NA
"ERBB4","Stem-cell-iPSC","ANX","sQTL","Inverse variance weighted","2.000"," 0.023","  7.389","3.18e-02",0.468208772,NA,0.445849352,NA
"NME7","Stem-cell-iPSC","ANX","sQTL","Wald ratio","1.000"," 0.018","  2.718","3.19e-02",0.569510041,NA,NA,NA
"OSBPL10","Stem-cell-iPSC","ANX","sQTL","Inverse variance weighted","3.000"," 0.005"," 20.086","3.20e-02",0.887681255,0.857532881,0.515292629,0.459115353
"PUS7L","Stem-cell-iPSC","ANX","sQTL","Wald ratio","1.000"," 0.001","  2.718","3.21e-02",0.979239548,NA,NA,NA
"LINC01088","Stem-cell-iPSC","ANX","sQTL","Wald ratio","1.000"," 0.017","  2.718","3.23e-02",0.588048157,NA,NA,NA
"ADAMTS17","Stem-cell-iPSC","ANX","sQTL","Inverse variance weighted","2.000","-0.052","  7.389","3.28e-02",0.113893495,NA,0.587907744,NA
"ASIC2","Stem-cell-iPSC","ANX","sQTL","Inverse variance weighted","2.000"," 0.054","  7.389","3.30e-02",0.101285156,NA,0.93293952,NA
"NRSN1","Stem-cell-iPSC","ANX","sQTL","Wald ratio","1.000","-0.049","  2.718","3.31e-02",0.134598387,NA,NA,NA
"FBXO40","Stem-cell-iPSC","ANX","sQTL","Wald ratio","1.000"," 0.001","  2.718","3.31e-02",0.973309957,NA,NA,NA
"BUD13","Stem-cell-iPSC","ANX","sQTL","Wald ratio","1.000"," 0.047","  2.718","3.31e-02",0.152662874,NA,NA,NA
"CSMD3","Stem-cell-iPSC","ANX","sQTL","Wald ratio","1.000"," 0.006","  2.718","3.32e-02",0.867632335,NA,NA,NA
"CNTLN","Stem-cell-iPSC","ANX","sQTL","Inverse variance weighted","2.000","-0.021","  7.389","3.32e-02",0.533150072,NA,0.266376256,NA
"KCNQ3","Stem-cell-iPSC","ANX","sQTL","Inverse variance weighted","3.000"," 0.013"," 20.086","3.33e-02",0.691159391,0.172869391,0.385971883,0.900536689
"CNTNAP2","Stem-cell-iPSC","ANX","sQTL","Simple mode","5.000"," 0.009","148.413","3.34e-02",0.807209376,0.830989469,0.603813035,0.26655663
"CNTNAP2","Stem-cell-iPSC","ANX","sQTL","Weighted mode","5.000"," 0.008","148.413","3.38e-02",0.818365566,0.830989469,0.603813035,0.26655663
"GAPDHP28","Stem-cell-iPSC","ANX","sQTL","Wald ratio","1.000"," 0.033","  2.718","3.39e-02",0.333961417,NA,NA,NA
"SVIL","Stem-cell-iPSC","ANX","sQTL","Wald ratio","1.000","-0.042","  2.718","3.39e-02",0.219782668,NA,NA,NA
"UTS2B","Stem-cell-iPSC","ANX","sQTL","Wald ratio","1.000"," 0.020","  2.718","3.39e-02",0.55468973,NA,NA,NA
"OSBPL1A","Stem-cell-iPSC","ANX","sQTL","Inverse variance weighted","2.000","-0.003","  7.389","3.40e-02",0.938859753,NA,0.411889499,NA
"LINC01104","Stem-cell-iPSC","ANX","sQTL","Wald ratio","1.000"," 0.029","  2.718","3.41e-02",0.39635547,NA,NA,NA
"AKAP6","Stem-cell-iPSC","ANX","sQTL","Wald ratio","1.000"," 0.032","  2.718","3.41e-02",0.351137934,NA,NA,NA
"WWOX","Stem-cell-iPSC","ANX","sQTL","Inverse variance weighted","2.000","-0.047","  7.389","3.41e-02",0.167248627,NA,0.421897291,NA
"AOAH","Stem-cell-iPSC","ANX","sQTL","Wald ratio","1.000"," 0.013","  2.718","3.41e-02",0.699002996,NA,NA,NA
"CD36","Stem-cell-iPSC","ANX","sQTL","Wald ratio","1.000"," 0.029","  2.718","3.42e-02",0.401565926,NA,NA,NA
"MAGI2","Stem-cell-iPSC","ANX","sQTL","Weighted median","4.000"," 0.044"," 54.598","3.45e-02",0.205589151,0.85320917,0.906309995,0.673271657
"LINC01090","Stem-cell-iPSC","ANX","sQTL","Inverse variance weighted","2.000"," 0.000","  7.389","3.45e-02",0.999625899,NA,0.276875593,NA
"VCAN","Stem-cell-iPSC","ANX","sQTL","Wald ratio","1.000"," 0.040","  2.718","3.46e-02",0.242636967,NA,NA,NA
"CDK14","Stem-cell-iPSC","ANX","sQTL","Inverse variance weighted","3.000"," 0.009"," 20.086","3.48e-02",0.800778393,0.698168918,0.780058228,0.66134569
"FAT3","Stem-cell-iPSC","ANX","sQTL","Wald ratio","1.000","-0.020","  2.718","3.49e-02",0.559038899,NA,NA,NA
"KCNIP4","Stem-cell-iPSC","ANX","sQTL","Weighted mode","3.000","-0.053"," 20.086","3.50e-02",0.267913681,0.578533077,0.84255017,0.883863608
"OR4D5","Stem-cell-iPSC","ANX","sQTL","Wald ratio","1.000","-0.032","  2.718","3.50e-02",0.353391851,NA,NA,NA
"LINC00698","Stem-cell-iPSC","ANX","sQTL","Wald ratio","1.000"," 0.007","  2.718","3.50e-02",0.846066893,NA,NA,NA
"KCNIP4","Stem-cell-iPSC","ANX","sQTL","Weighted median","3.000","-0.053"," 20.086","3.50e-02",0.132296125,0.578533077,0.84255017,0.883863608
"MIR548XHG","Stem-cell-iPSC","ANX","sQTL","Wald ratio","1.000"," 0.008","  2.718","3.51e-02",0.817945158,NA,NA,NA
"SORCS2","Stem-cell-iPSC","ANX","sQTL","Inverse variance weighted","2.000"," 0.023","  7.389","3.51e-02",0.516811708,NA,0.303411388,NA
"C10orf35","Stem-cell-iPSC","ANX","sQTL","Wald ratio","1.000"," 0.029","  2.718","3.52e-02",0.414447545,NA,NA,NA
"CPS1","Stem-cell-iPSC","ANX","sQTL","Wald ratio","1.000"," 0.037","  2.718","3.54e-02",0.299782292,NA,NA,NA
"ROR2","Stem-cell-iPSC","ANX","sQTL","Inverse variance weighted","2.000"," 0.044","  7.389","3.55e-02",0.214746134,NA,0.539549584,NA
"INADL","Stem-cell-iPSC","ANX","sQTL","Wald ratio","1.000","-0.078","  2.718","3.56e-02",0.029024752,NA,NA,NA
"SLC39A8","Stem-cell-iPSC","ANX","sQTL","Inverse variance weighted","2.000","-0.003","  7.389","3.58e-02",0.936203612,NA,0.421462711,NA
"NELL1","Stem-cell-iPSC","ANX","sQTL","Inverse variance weighted","2.000"," 0.046","  7.389","3.59e-02",0.198848796,NA,0.748474985,NA
"RPSAP74","Stem-cell-iPSC","ANX","sQTL","Wald ratio","1.000"," 0.029","  2.718","3.59e-02",0.417529768,NA,NA,NA
"RIN2","Stem-cell-iPSC","ANX","sQTL","Wald ratio","1.000","-0.001","  2.718","3.59e-02",0.985003053,NA,NA,NA
"PTPRD","Stem-cell-iPSC","ANX","sQTL","Inverse variance weighted","4.000"," 0.048"," 54.598","3.59e-02",0.181621662,0.199478789,0.161605859,0.389151477
"RPL30P3","Stem-cell-iPSC","ANX","sQTL","Wald ratio","1.000"," 0.023","  2.718","3.62e-02",0.51696793,NA,NA,NA
"OSBPL10","Stem-cell-iPSC","ANX","sQTL","Weighted mode","3.000","-0.021"," 20.086","3.62e-02",0.628503221,0.857532881,0.515292629,0.459115353
"CACUL1","Stem-cell-iPSC","ANX","sQTL","Wald ratio","1.000","-0.048","  2.718","3.63e-02",0.188303425,NA,NA,NA
"LCP1","Stem-cell-iPSC","ANX","sQTL","Wald ratio","1.000"," 0.032","  2.718","3.63e-02",0.382356164,NA,NA,NA
"TACC2","Stem-cell-iPSC","ANX","sQTL","Wald ratio","1.000"," 0.002","  2.718","3.65e-02",0.955695871,NA,NA,NA
"SDCBP","Stem-cell-iPSC","ANX","sQTL","Wald ratio","1.000","-0.002","  2.718","3.65e-02",0.965815412,NA,NA,NA
"KRT18P17","Stem-cell-iPSC","ANX","sQTL","Wald ratio","1.000"," 0.050","  2.718","3.65e-02",0.172682041,NA,NA,NA
"CSN3","Stem-cell-iPSC","ANX","sQTL","Wald ratio","1.000"," 0.016","  2.718","3.65e-02",0.654609073,NA,NA,NA
"UGGT1","Stem-cell-iPSC","ANX","sQTL","Wald ratio","1.000"," 0.009","  2.718","3.65e-02",0.814326334,NA,NA,NA
"HSF2BP","Stem-cell-iPSC","ANX","sQTL","Wald ratio","1.000"," 0.055","  2.718","3.65e-02",0.129271448,NA,NA,NA
"GLI3","Stem-cell-iPSC","ANX","sQTL","Wald ratio","1.000"," 0.007","  2.718","3.65e-02",0.849075223,NA,NA,NA
"CD14","Stem-cell-iPSC","ANX","sQTL","Wald ratio","1.000"," 0.019","  2.718","3.65e-02",0.597917746,NA,NA,NA
"CTNNA3","Stem-cell-iPSC","ANX","sQTL","Inverse variance weighted","2.000","-0.051","  7.389","3.66e-02",0.160837201,NA,0.907442382,NA
"FAM155A","Stem-cell-iPSC","ANX","sQTL","Wald ratio","1.000"," 0.026","  2.718","3.68e-02",0.479477705,NA,NA,NA
"TENM4","Stem-cell-iPSC","ANX","sQTL","Weighted median","3.000","-0.051"," 20.086","3.69e-02",0.164932593,0.665543848,0.844020004,0.763127998
"TMEM108","Stem-cell-iPSC","ANX","sQTL","Wald ratio","1.000"," 0.019","  2.718","3.69e-02",0.609859534,NA,NA,NA
"OSBPL10","Stem-cell-iPSC","ANX","sQTL","Weighted median","3.000"," 0.007"," 20.086","3.69e-02",0.854766371,0.857532881,0.515292629,0.459115353
"C4orf51","Stem-cell-iPSC","ANX","sQTL","Wald ratio","1.000","-0.005","  2.718","3.69e-02",0.892344368,NA,NA,NA
"SLC30A10","Stem-cell-iPSC","ANX","sQTL","Wald ratio","1.000","-0.006","  2.718","3.69e-02",0.880184531,NA,NA,NA
"CLIC5","Stem-cell-iPSC","ANX","sQTL","Wald ratio","1.000"," 0.008","  2.718","3.70e-02",0.832012471,NA,NA,NA
"TXNL1","Stem-cell-iPSC","ANX","sQTL","Wald ratio","1.000"," 0.027","  2.718","3.70e-02",0.461746766,NA,NA,NA
"ABCC9","Stem-cell-iPSC","ANX","sQTL","Wald ratio","1.000"," 0.015","  2.718","3.70e-02",0.686480141,NA,NA,NA
"PDHX","Stem-cell-iPSC","ANX","sQTL","Wald ratio","1.000","-0.015","  2.718","3.71e-02",0.684169826,NA,NA,NA
"RARB","Stem-cell-iPSC","ANX","sQTL","Wald ratio","1.000","-0.031","  2.718","3.71e-02",0.397613882,NA,NA,NA
"RPL21P47","Stem-cell-iPSC","ANX","sQTL","Wald ratio","1.000"," 0.044","  2.718","3.71e-02",0.238916088,NA,NA,NA
"OR1M4P","Stem-cell-iPSC","ANX","sQTL","Wald ratio","1.000","-0.053","  2.718","3.72e-02",0.153127451,NA,NA,NA
"FAM227A","Stem-cell-iPSC","ANX","sQTL","Wald ratio","1.000","-0.073","  2.718","3.72e-02",0.050468118,NA,NA,NA
"FSTL4","Stem-cell-iPSC","ANX","sQTL","Wald ratio","1.000","-0.020","  2.718","3.72e-02",0.598906254,NA,NA,NA
"SEMA5B","Stem-cell-iPSC","ANX","sQTL","Wald ratio","1.000"," 0.067","  2.718","3.73e-02",0.07410684,NA,NA,NA
"SMYD1","Stem-cell-iPSC","ANX","sQTL","Wald ratio","1.000","-0.044","  2.718","3.73e-02",0.238057447,NA,NA,NA
"RPTOR","Stem-cell-iPSC","ANX","sQTL","Inverse variance weighted","2.000","-0.055","  7.389","3.74e-02",0.1415808,NA,0.48017413,NA
"MIR548AE1","Stem-cell-iPSC","ANX","sQTL","Wald ratio","1.000","-0.032","  2.718","3.74e-02",0.388970161,NA,NA,NA
"SRPRB","Stem-cell-iPSC","ANX","sQTL","Wald ratio","1.000"," 0.036","  2.718","3.74e-02",0.334025299,NA,NA,NA
"CCL28","Stem-cell-iPSC","ANX","sQTL","Wald ratio","1.000","-0.004","  2.718","3.74e-02",0.920888115,NA,NA,NA
"YEATS4","Stem-cell-iPSC","ANX","sQTL","Wald ratio","1.000","-0.041","  2.718","3.75e-02",0.279212738,NA,NA,NA
"MIR1275","Stem-cell-iPSC","ANX","sQTL","Wald ratio","1.000","-0.076","  2.718","3.75e-02",0.041779054,NA,NA,NA
"PDE3A","Stem-cell-iPSC","ANX","sQTL","Wald ratio","1.000","-0.016","  2.718","3.75e-02",0.672134046,NA,NA,NA
"MIR5702","Stem-cell-iPSC","ANX","sQTL","Wald ratio","1.000","-0.040","  2.718","3.76e-02",0.284097022,NA,NA,NA
"NRG3","Stem-cell-iPSC","ANX","sQTL","Inverse variance weighted","2.000","-0.040","  7.389","3.77e-02",0.295024775,NA,0.913973969,NA
"RNU7-183P","Stem-cell-iPSC","ANX","sQTL","Wald ratio","1.000"," 0.034","  2.718","3.78e-02",0.370832392,NA,NA,NA
"MYO16","Stem-cell-iPSC","ANX","sQTL","Inverse variance weighted","2.000"," 0.035","  7.389","3.78e-02",0.358688148,NA,0.80883028,NA
"ZDHHC20-IT1","Stem-cell-iPSC","ANX","sQTL","Wald ratio","1.000"," 0.011","  2.718","3.78e-02",0.764696104,NA,NA,NA
"POLE4","Stem-cell-iPSC","ANX","sQTL","Wald ratio","1.000"," 0.040","  2.718","3.78e-02",0.286222446,NA,NA,NA
"DNMBP","Stem-cell-iPSC","ANX","sQTL","Wald ratio","1.000"," 0.014","  2.718","3.78e-02",0.709376406,NA,NA,NA
"ICE2P2","Stem-cell-iPSC","ANX","sQTL","Wald ratio","1.000"," 0.082","  2.718","3.78e-02",0.030682043,NA,NA,NA
"AK9","Stem-cell-iPSC","ANX","sQTL","Wald ratio","1.000","-0.009","  2.718","3.79e-02",0.819947937,NA,NA,NA
"ZNF619P1","Stem-cell-iPSC","ANX","sQTL","Wald ratio","1.000"," 0.012","  2.718","3.79e-02",0.743616704,NA,NA,NA
"CNTN3","Stem-cell-iPSC","ANX","sQTL","Wald ratio","1.000"," 0.067","  2.718","3.80e-02",0.077303533,NA,NA,NA
"CHST9","Stem-cell-iPSC","ANX","sQTL","Wald ratio","1.000"," 0.079","  2.718","3.80e-02",0.037334291,NA,NA,NA
"PRSS37","Stem-cell-iPSC","ANX","sQTL","Wald ratio","1.000","-0.030","  2.718","3.80e-02",0.426801528,NA,NA,NA
"MAGI2","Stem-cell-iPSC","ANX","sQTL","Weighted mode","4.000"," 0.042"," 54.598","3.80e-02",0.346527976,0.85320917,0.906309995,0.673271657
"PREX2","Stem-cell-iPSC","ANX","sQTL","Wald ratio","1.000"," 0.031","  2.718","3.81e-02",0.413648179,NA,NA,NA
"TRIB2","Stem-cell-iPSC","ANX","sQTL","Wald ratio","1.000","-0.073","  2.718","3.81e-02",0.054324204,NA,NA,NA
"PDZD2","Stem-cell-iPSC","ANX","sQTL","Wald ratio","1.000"," 0.060","  2.718","3.82e-02",0.116568023,NA,NA,NA
"BTBD11","Stem-cell-iPSC","ANX","sQTL","Wald ratio","1.000","-0.017","  2.718","3.82e-02",0.66383176,NA,NA,NA
"PTPRD","Stem-cell-iPSC","ANX","sQTL","Simple mode","4.000"," 0.020"," 54.598","3.82e-02",0.630683722,0.199478789,0.161605859,0.389151477
"DDC","Stem-cell-iPSC","ANX","sQTL","Wald ratio","1.000"," 0.028","  2.718","3.82e-02",0.459528999,NA,NA,NA
"COL26A1","Stem-cell-iPSC","ANX","sQTL","Wald ratio","1.000","-0.008","  2.718","3.82e-02",0.834146701,NA,NA,NA
"CDK14","Stem-cell-iPSC","ANX","sQTL","Weighted median","3.000"," 0.007"," 20.086","3.83e-02",0.858621903,0.698168918,0.780058228,0.66134569
"LINC01260","Stem-cell-iPSC","ANX","sQTL","Wald ratio","1.000","-0.006","  2.718","3.83e-02",0.869042723,NA,NA,NA
"TTK","Stem-cell-iPSC","ANX","sQTL","Wald ratio","1.000"," 0.043","  2.718","3.83e-02",0.257811495,NA,NA,NA
"SYNE3","Stem-cell-iPSC","ANX","sQTL","Wald ratio","1.000","-0.055","  2.718","3.83e-02",0.153889725,NA,NA,NA
"CCSER1","Stem-cell-iPSC","ANX","sQTL","Inverse variance weighted","3.000"," 0.077"," 20.086","3.83e-02",0.043333475,0.528722417,0.452259805,0.472329255
"CDH13","Stem-cell-iPSC","ANX","sQTL","Weighted mode","3.000","-0.008"," 20.086","3.83e-02",0.852907362,0.35903379,0.65441431,0.947778121
"CNN3","Stem-cell-iPSC","ANX","sQTL","Wald ratio","1.000","-0.075","  2.718","3.84e-02",0.051891852,NA,NA,NA
"PNPT1","Stem-cell-iPSC","ANX","sQTL","Wald ratio","1.000","-0.005","  2.718","3.84e-02",0.887542783,NA,NA,NA
"LINC01448","Stem-cell-iPSC","ANX","sQTL","Inverse variance weighted","2.000"," 0.005","  7.389","3.84e-02",0.895938516,NA,0.633572401,NA
"EGFLAM","Stem-cell-iPSC","ANX","sQTL","Wald ratio","1.000","-0.003","  2.718","3.85e-02",0.933334561,NA,NA,NA
"TACC3","Stem-cell-iPSC","ANX","sQTL","Wald ratio","1.000","-0.016","  2.718","3.86e-02",0.680667566,NA,NA,NA
"WRN","Stem-cell-iPSC","ANX","sQTL","Wald ratio","1.000"," 0.014","  2.718","3.86e-02",0.70904847,NA,NA,NA
"KRT19","Stem-cell-iPSC","ANX","sQTL","Wald ratio","1.000"," 0.077","  2.718","3.86e-02",0.045898719,NA,NA,NA
"LINC00376","Stem-cell-iPSC","ANX","sQTL","Wald ratio","1.000","-0.046","  2.718","3.86e-02",0.231235196,NA,NA,NA
"HMGB3P16","Stem-cell-iPSC","ANX","sQTL","Wald ratio","1.000"," 0.003","  2.718","3.88e-02",0.934533113,NA,NA,NA
"SEPT2P1","Stem-cell-iPSC","ANX","sQTL","Wald ratio","1.000"," 0.073","  2.718","3.88e-02",0.058753364,NA,NA,NA
"AOX1","Stem-cell-iPSC","ANX","sQTL","Wald ratio","1.000","-0.003","  2.718","3.88e-02",0.931203347,NA,NA,NA
"EVA1C","Stem-cell-iPSC","ANX","sQTL","Wald ratio","1.000","-0.001","  2.718","3.89e-02",0.970355708,NA,NA,NA
"TRAPPC9","Stem-cell-iPSC","ANX","sQTL","Wald ratio","1.000"," 0.009","  2.718","3.89e-02",0.809549541,NA,NA,NA
"TPP2","Stem-cell-iPSC","ANX","sQTL","Wald ratio","1.000"," 0.058","  2.718","3.89e-02",0.139159772,NA,NA,NA
"PRRC2C","Stem-cell-iPSC","ANX","sQTL","Wald ratio","1.000","-0.007","  2.718","3.89e-02",0.862744687,NA,NA,NA
"RNU4-43P","Stem-cell-iPSC","ANX","sQTL","Wald ratio","1.000","-0.019","  2.718","3.90e-02",0.628560101,NA,NA,NA
"LPAR3","Stem-cell-iPSC","ANX","sQTL","Wald ratio","1.000"," 0.000","  2.718","3.90e-02",0.99710912,NA,NA,NA
"GPC6-AS2","Stem-cell-iPSC","ANX","sQTL","Wald ratio","1.000","-0.030","  2.718","3.90e-02",0.439869387,NA,NA,NA
"PRKCA","Stem-cell-iPSC","ANX","sQTL","Wald ratio","1.000"," 0.019","  2.718","3.90e-02",0.632926431,NA,NA,NA
"LINC01163","Stem-cell-iPSC","ANX","sQTL","Wald ratio","1.000","-0.016","  2.718","3.90e-02",0.681331844,NA,NA,NA
"FOXF2","Stem-cell-iPSC","ANX","sQTL","Wald ratio","1.000"," 0.025","  2.718","3.90e-02",0.516850125,NA,NA,NA
"RPL4P5","Stem-cell-iPSC","ANX","sQTL","Wald ratio","1.000"," 0.004","  2.718","3.90e-02",0.912858298,NA,NA,NA
"PRNP","Stem-cell-iPSC","ANX","sQTL","Wald ratio","1.000","-0.018","  2.718","3.91e-02",0.638380263,NA,NA,NA
"EXT1","Stem-cell-iPSC","ANX","sQTL","Inverse variance weighted","2.000"," 0.033","  7.389","3.91e-02",0.391480466,NA,0.715365372,NA
"KLHL23","Stem-cell-iPSC","ANX","sQTL","Wald ratio","1.000","-0.016","  2.718","3.91e-02",0.67884841,NA,NA,NA
"TRAM1L1","Stem-cell-iPSC","ANX","sQTL","Wald ratio","1.000"," 0.011","  2.718","3.92e-02",0.786102271,NA,NA,NA
"PRPH2","Stem-cell-iPSC","ANX","sQTL","Wald ratio","1.000","-0.010","  2.718","3.92e-02",0.801272431,NA,NA,NA
"PPP3CC","Stem-cell-iPSC","ANX","sQTL","Wald ratio","1.000"," 0.008","  2.718","3.92e-02",0.832012471,NA,NA,NA
"STPG2","Stem-cell-iPSC","ANX","sQTL","Wald ratio","1.000"," 0.028","  2.718","3.92e-02",0.482749766,NA,NA,NA
"SCARA5","Stem-cell-iPSC","ANX","sQTL","Inverse variance weighted","2.000"," 0.012","  7.389","3.93e-02",0.752029905,NA,0.884066189,NA
"PKP4","Stem-cell-iPSC","ANX","sQTL","Wald ratio","1.000"," 0.008","  2.718","3.93e-02",0.839129155,NA,NA,NA
"SLC12A8","Stem-cell-iPSC","ANX","sQTL","Wald ratio","1.000"," 0.027","  2.718","3.93e-02",0.487270602,NA,NA,NA
"GFPT2","Stem-cell-iPSC","ANX","sQTL","Wald ratio","1.000","-0.017","  2.718","3.93e-02",0.656957528,NA,NA,NA
"CIZ1","Stem-cell-iPSC","ANX","sQTL","Wald ratio","1.000","-0.051","  2.718","3.94e-02",0.198881141,NA,NA,NA
"EEF1A1P27","Stem-cell-iPSC","ANX","sQTL","Wald ratio","1.000","-0.006","  2.718","3.94e-02",0.887245058,NA,NA,NA
"LINC00886","Stem-cell-iPSC","ANX","sQTL","Wald ratio","1.000","-0.001","  2.718","3.94e-02",0.972597141,NA,NA,NA
"UGT2B7","Stem-cell-iPSC","ANX","sQTL","Wald ratio","1.000"," 0.013","  2.718","3.95e-02",0.743224552,NA,NA,NA
"ADAMTS12","Stem-cell-iPSC","ANX","sQTL","Wald ratio","1.000","-0.002","  2.718","3.95e-02",0.966889772,NA,NA,NA
"POT1-AS1","Stem-cell-iPSC","ANX","sQTL","Wald ratio","1.000"," 0.034","  2.718","3.95e-02",0.389581062,NA,NA,NA
"ROBO2","Stem-cell-iPSC","ANX","sQTL","Weighted mode","3.000","-0.010"," 20.086","3.95e-02",0.816851515,0.012147799,0.019671382,0.705179731
"TPO","Stem-cell-iPSC","ANX","sQTL","Wald ratio","1.000","-0.007","  2.718","3.95e-02",0.859924253,NA,NA,NA
"RPS4XP7","Stem-cell-iPSC","ANX","sQTL","Wald ratio","1.000","-0.021","  2.718","3.96e-02",0.598047151,NA,NA,NA
"KCNN2","Stem-cell-iPSC","ANX","sQTL","Wald ratio","1.000","-0.064","  2.718","3.97e-02",0.105216879,NA,NA,NA
"LINC00540","Stem-cell-iPSC","ANX","sQTL","Inverse variance weighted","3.000","-0.005"," 20.086","3.97e-02",0.909542185,0.460404841,0.483957026,0.51559811
"NAALADL2","Stem-cell-iPSC","ANX","sQTL","Weighted mode","3.000"," 0.001"," 20.086","3.97e-02",0.977939676,0.28182333,0.029022679,0.265102829
"STK10","Stem-cell-iPSC","ANX","sQTL","Wald ratio","1.000"," 0.024","  2.718","3.97e-02",0.540577258,NA,NA,NA
"SFRP4","Stem-cell-iPSC","ANX","sQTL","Wald ratio","1.000","-0.033","  2.718","3.98e-02",0.411766733,NA,NA,NA
"MS4A6E","Stem-cell-iPSC","ANX","sQTL","Wald ratio","1.000"," 0.028","  2.718","3.98e-02",0.488039329,NA,NA,NA
"RHBDD1","Stem-cell-iPSC","ANX","sQTL","Wald ratio","1.000","-0.004","  2.718","3.98e-02",0.915334579,NA,NA,NA
"CEP128","Stem-cell-iPSC","ANX","sQTL","Wald ratio","1.000"," 0.004","  2.718","3.98e-02",0.911528238,NA,NA,NA
"CHMP7","Stem-cell-iPSC","ANX","sQTL","Wald ratio","1.000","-0.127","  2.718","3.98e-02",0.001470822,NA,NA,NA
"LINC00330","Stem-cell-iPSC","ANX","sQTL","Wald ratio","1.000"," 0.009","  2.718","3.98e-02",0.820211679,NA,NA,NA
"NRXN1","Stem-cell-iPSC","ANX","sQTL","Inverse variance weighted","2.000"," 0.006","  7.389","3.99e-02",0.88222646,NA,0.928261882,NA
"PHC2","Stem-cell-iPSC","ANX","sQTL","Wald ratio","1.000","-0.009","  2.718","3.99e-02",0.816628067,NA,NA,NA
"MIR1202","Stem-cell-iPSC","ANX","sQTL","Wald ratio","1.000"," 0.013","  2.718","3.99e-02",0.743563855,NA,NA,NA
"RIMS2","Stem-cell-iPSC","ANX","sQTL","Wald ratio","1.000"," 0.006","  2.718","3.99e-02",0.882331372,NA,NA,NA
"MTCO1P43","Stem-cell-iPSC","ANX","sQTL","Wald ratio","1.000","-0.037","  2.718","3.99e-02",0.35583907,NA,NA,NA
"MAGI1","Stem-cell-iPSC","ANX","sQTL","Wald ratio","1.000","-0.032","  2.718","3.99e-02",0.416370536,NA,NA,NA
"RNF17","Stem-cell-iPSC","ANX","sQTL","Wald ratio","1.000","-0.052","  2.718","4.00e-02",0.189429841,NA,NA,NA
"CNTN1","Stem-cell-iPSC","ANX","sQTL","Wald ratio","1.000","-0.012","  2.718","4.00e-02",0.765924569,NA,NA,NA
"VSX1","Stem-cell-iPSC","ANX","sQTL","Wald ratio","1.000"," 0.003","  2.718","4.00e-02",0.93907452,NA,NA,NA
"NHLRC2","Stem-cell-iPSC","ANX","sQTL","Wald ratio","1.000","-0.015","  2.718","4.00e-02",0.702199591,NA,NA,NA
"LRRC4C","Stem-cell-iPSC","ANX","sQTL","Inverse variance weighted","2.000","-0.009","  7.389","4.00e-02",0.828661699,NA,0.599412471,NA
"PTPRQ","Stem-cell-iPSC","ANX","sQTL","Inverse variance weighted","2.000"," 0.020","  7.389","4.00e-02",0.613690977,NA,0.867263296,NA
"PEPD","Stem-cell-iPSC","ANX","sQTL","Wald ratio","1.000"," 0.052","  2.718","4.01e-02",0.194835238,NA,NA,NA
"TRIM42","Stem-cell-iPSC","ANX","sQTL","Wald ratio","1.000"," 0.017","  2.718","4.01e-02",0.665022259,NA,NA,NA
"IGF1R","Stem-cell-iPSC","ANX","sQTL","Wald ratio","1.000","-0.014","  2.718","4.01e-02",0.735102565,NA,NA,NA
"MGST2","Stem-cell-iPSC","ANX","sQTL","Wald ratio","1.000"," 0.034","  2.718","4.01e-02",0.400908387,NA,NA,NA
"SNX13","Stem-cell-iPSC","ANX","sQTL","Wald ratio","1.000","-0.033","  2.718","4.01e-02",0.406071329,NA,NA,NA
"ARL15","Stem-cell-iPSC","ANX","sQTL","Wald ratio","1.000"," 0.008","  2.718","4.02e-02",0.847387513,NA,NA,NA
"UMAD1","Stem-cell-iPSC","ANX","sQTL","Wald ratio","1.000","-0.054","  2.718","4.02e-02",0.182775402,NA,NA,NA
"FEZ2","Stem-cell-iPSC","ANX","sQTL","Wald ratio","1.000"," 0.019","  2.718","4.02e-02",0.628729059,NA,NA,NA
"PRKD1","Stem-cell-iPSC","ANX","sQTL","Wald ratio","1.000","-0.023","  2.718","4.02e-02",0.559859071,NA,NA,NA
"ICA1L","Stem-cell-iPSC","ANX","sQTL","Wald ratio","1.000"," 0.075","  2.718","4.02e-02",0.062067295,NA,NA,NA
"RN7SKP181","Stem-cell-iPSC","ANX","sQTL","Wald ratio","1.000","-0.066","  2.718","4.03e-02",0.101904958,NA,NA,NA
"TRAV5","Stem-cell-iPSC","ANX","sQTL","Wald ratio","1.000","-0.054","  2.718","4.03e-02",0.17880471,NA,NA,NA
"RPL26P3","Stem-cell-iPSC","ANX","sQTL","Wald ratio","1.000","-0.036","  2.718","4.03e-02",0.375334784,NA,NA,NA
"FHIT","Stem-cell-iPSC","ANX","sQTL","Inverse variance weighted","2.000"," 0.002","  7.389","4.03e-02",0.953032814,NA,0.326895847,NA
"NAALADL2","Stem-cell-iPSC","ANX","sQTL","Weighted median","3.000","-0.006"," 20.086","4.03e-02",0.879449291,0.28182333,0.029022679,0.265102829
"LINC00504","Stem-cell-iPSC","ANX","sQTL","Wald ratio","1.000"," 0.024","  2.718","4.03e-02",0.555362567,NA,NA,NA
"XPR1","Stem-cell-iPSC","ANX","sQTL","Wald ratio","1.000","-0.028","  2.718","4.03e-02",0.492961559,NA,NA,NA
"LINC01040","Stem-cell-iPSC","ANX","sQTL","Wald ratio","1.000"," 0.041","  2.718","4.04e-02",0.312021689,NA,NA,NA
"FGF20","Stem-cell-iPSC","ANX","sQTL","Wald ratio","1.000","-0.071","  2.718","4.05e-02",0.079331388,NA,NA,NA
"PDE4D","Stem-cell-iPSC","ANX","sQTL","Wald ratio","1.000"," 0.039","  2.718","4.05e-02",0.340216961,NA,NA,NA
"PPFIBP2","Stem-cell-iPSC","ANX","sQTL","Wald ratio","1.000","-0.023","  2.718","4.05e-02",0.576282163,NA,NA,NA
"SERGEF","Stem-cell-iPSC","ANX","sQTL","Wald ratio","1.000","-0.021","  2.718","4.05e-02",0.603552777,NA,NA,NA
"PAK7","Stem-cell-iPSC","ANX","sQTL","Wald ratio","1.000"," 0.004","  2.718","4.05e-02",0.925218132,NA,NA,NA
"RN7SKP122","Stem-cell-iPSC","ANX","sQTL","Wald ratio","1.000","-0.032","  2.718","4.06e-02",0.424098448,NA,NA,NA
"LINC01483","Stem-cell-iPSC","ANX","sQTL","Wald ratio","1.000","-0.036","  2.718","4.06e-02",0.379008256,NA,NA,NA
"GNG2","Stem-cell-iPSC","ANX","sQTL","Wald ratio","1.000"," 0.004","  2.718","4.06e-02",0.92810797,NA,NA,NA
"RN7SL97P","Stem-cell-iPSC","ANX","sQTL","Wald ratio","1.000","-0.023","  2.718","4.07e-02",0.563697309,NA,NA,NA
"IGFBP7-AS1","Stem-cell-iPSC","ANX","sQTL","Wald ratio","1.000","-0.019","  2.718","4.07e-02",0.648709609,NA,NA,NA
"LINC00351","Stem-cell-iPSC","ANX","sQTL","Wald ratio","1.000"," 0.015","  2.718","4.07e-02",0.721378065,NA,NA,NA
"RUNX1","Stem-cell-iPSC","ANX","sQTL","Wald ratio","1.000"," 0.099","  2.718","4.07e-02",0.015572974,NA,NA,NA
"LRRC2-AS1","Stem-cell-iPSC","ANX","sQTL","Wald ratio","1.000"," 0.026","  2.718","4.07e-02",0.516379634,NA,NA,NA
"RPS2P48","Stem-cell-iPSC","ANX","sQTL","Wald ratio","1.000","-0.019","  2.718","4.08e-02",0.635311156,NA,NA,NA
"DDX10","Stem-cell-iPSC","ANX","sQTL","Wald ratio","1.000"," 0.007","  2.718","4.08e-02",0.864182381,NA,NA,NA
"OTOGL","Stem-cell-iPSC","ANX","sQTL","Wald ratio","1.000"," 0.022","  2.718","4.08e-02",0.584744003,NA,NA,NA
"GALM","Stem-cell-iPSC","ANX","sQTL","Wald ratio","1.000","-0.027","  2.718","4.09e-02",0.510248563,NA,NA,NA
"FAM174B","Stem-cell-iPSC","ANX","sQTL","Wald ratio","1.000","-0.046","  2.718","4.09e-02",0.259197688,NA,NA,NA
"OSTN","Stem-cell-iPSC","ANX","sQTL","Wald ratio","1.000"," 0.020","  2.718","4.10e-02",0.623095779,NA,NA,NA
"FAM149A","Stem-cell-iPSC","ANX","sQTL","Inverse variance weighted","2.000","-0.056","  7.389","4.10e-02",0.173934353,NA,0.303790179,NA
"THEMIS","Stem-cell-iPSC","ANX","sQTL","Wald ratio","1.000"," 0.078","  2.718","4.10e-02",0.056041308,NA,NA,NA
"MYOM1","Stem-cell-iPSC","ANX","sQTL","Wald ratio","1.000"," 0.028","  2.718","4.10e-02",0.491318704,NA,NA,NA
"MAGI2","Stem-cell-iPSC","ANX","sQTL","Simple mode","4.000"," 0.087"," 54.598","4.11e-02",0.123373572,0.85320917,0.906309995,0.673271657
"SLC5A8","Stem-cell-iPSC","ANX","sQTL","Wald ratio","1.000","-0.003","  2.718","4.11e-02",0.943659301,NA,NA,NA
"NRCAM","Stem-cell-iPSC","ANX","sQTL","Wald ratio","1.000","-0.023","  2.718","4.11e-02",0.582863848,NA,NA,NA
"KLRD1","Stem-cell-iPSC","ANX","sQTL","Wald ratio","1.000"," 0.035","  2.718","4.11e-02",0.398071521,NA,NA,NA
"PLCB1","Stem-cell-iPSC","ANX","sQTL","Inverse variance weighted","2.000"," 0.029","  7.389","4.11e-02",0.477608123,NA,0.859926979,NA
"INVS","Stem-cell-iPSC","ANX","sQTL","Wald ratio","1.000","-0.103","  2.718","4.11e-02",0.011894221,NA,NA,NA
"RNU6-34P","Stem-cell-iPSC","ANX","sQTL","Wald ratio","1.000"," 0.030","  2.718","4.11e-02",0.470157863,NA,NA,NA
"MIR4500HG","Stem-cell-iPSC","ANX","sQTL","Wald ratio","1.000"," 0.015","  2.718","4.11e-02",0.71187582,NA,NA,NA
"FLI1","Stem-cell-iPSC","ANX","sQTL","Wald ratio","1.000"," 0.060","  2.718","4.12e-02",0.147742258,NA,NA,NA
"LINC01478","Stem-cell-iPSC","ANX","sQTL","Wald ratio","1.000","-0.012","  2.718","4.12e-02",0.773522968,NA,NA,NA
"LINC01331","Stem-cell-iPSC","ANX","sQTL","Wald ratio","1.000","-0.029","  2.718","4.12e-02",0.475050524,NA,NA,NA
"RNU6-765P","Stem-cell-iPSC","ANX","sQTL","Wald ratio","1.000"," 0.033","  2.718","4.12e-02",0.419267733,NA,NA,NA
"LRRC16A","Stem-cell-iPSC","ANX","sQTL","Wald ratio","1.000"," 0.124","  2.718","4.12e-02",0.002576283,NA,NA,NA
"ARMC10P1","Stem-cell-iPSC","ANX","sQTL","Wald ratio","1.000"," 0.014","  2.718","4.12e-02",0.739832271,NA,NA,NA
"ARHGAP26","Stem-cell-iPSC","ANX","sQTL","Wald ratio","1.000","-0.015","  2.718","4.13e-02",0.708008676,NA,NA,NA
"TPT1-AS1","Stem-cell-iPSC","ANX","sQTL","Wald ratio","1.000","-0.007","  2.718","4.13e-02",0.861217006,NA,NA,NA
"ST3GAL3","Stem-cell-iPSC","ANX","sQTL","Wald ratio","1.000"," 0.028","  2.718","4.13e-02",0.496218857,NA,NA,NA
"GRIP1","Stem-cell-iPSC","ANX","sQTL","Wald ratio","1.000"," 0.029","  2.718","4.14e-02",0.485603801,NA,NA,NA
"PHACTR2","Stem-cell-iPSC","ANX","sQTL","Wald ratio","1.000"," 0.079","  2.718","4.14e-02",0.055122367,NA,NA,NA
"PDLIM5","Stem-cell-iPSC","ANX","sQTL","Wald ratio","1.000","-0.016","  2.718","4.14e-02",0.701794187,NA,NA,NA
"SDHB","Stem-cell-iPSC","ANX","sQTL","Wald ratio","1.000"," 0.034","  2.718","4.16e-02",0.408583524,NA,NA,NA
"LYZL2","Stem-cell-iPSC","ANX","sQTL","Wald ratio","1.000"," 0.044","  2.718","4.16e-02",0.287810494,NA,NA,NA
"RPL7L1P9","Stem-cell-iPSC","ANX","sQTL","Wald ratio","1.000","-0.057","  2.718","4.16e-02",0.166430779,NA,NA,NA
"TMEM132B","Stem-cell-iPSC","ANX","sQTL","Inverse variance weighted","2.000"," 0.005","  7.389","4.16e-02",0.895594355,NA,0.34377563,NA
"TBC1D1","Stem-cell-iPSC","ANX","sQTL","Wald ratio","1.000"," 0.030","  2.718","4.16e-02",0.468026108,NA,NA,NA
"RNU6-210P","Stem-cell-iPSC","ANX","sQTL","Wald ratio","1.000"," 0.017","  2.718","4.16e-02",0.676330474,NA,NA,NA
"CASC15","Stem-cell-iPSC","ANX","sQTL","Wald ratio","1.000","-0.006","  2.718","4.16e-02",0.883868169,NA,NA,NA
"KSR1","Stem-cell-iPSC","ANX","sQTL","Wald ratio","1.000"," 0.030","  2.718","4.16e-02",0.477681084,NA,NA,NA
"DAPK1","Stem-cell-iPSC","ANX","sQTL","Wald ratio","1.000","-0.028","  2.718","4.16e-02",0.507229435,NA,NA,NA
"LY75","Stem-cell-iPSC","ANX","sQTL","Wald ratio","1.000","-0.006","  2.718","4.16e-02",0.89338627,NA,NA,NA
"LRRC8B","Stem-cell-iPSC","ANX","sQTL","Wald ratio","1.000","-0.068","  2.718","4.16e-02",0.101545962,NA,NA,NA
"KCNH1","Stem-cell-iPSC","ANX","sQTL","Wald ratio","1.000"," 0.004","  2.718","4.16e-02",0.916790334,NA,NA,NA
"LGR4","Stem-cell-iPSC","ANX","sQTL","Wald ratio","1.000"," 0.003","  2.718","4.16e-02",0.947581685,NA,NA,NA
"LMO4","Stem-cell-iPSC","ANX","sQTL","Wald ratio","1.000"," 0.024","  2.718","4.17e-02",0.570328635,NA,NA,NA
"UPP2","Stem-cell-iPSC","ANX","sQTL","Wald ratio","1.000"," 0.016","  2.718","4.18e-02",0.700100219,NA,NA,NA
"SLIT3","Stem-cell-iPSC","ANX","sQTL","Wald ratio","1.000"," 0.007","  2.718","4.18e-02",0.866715315,NA,NA,NA
"PDZRN3","Stem-cell-iPSC","ANX","sQTL","Wald ratio","1.000"," 0.010","  2.718","4.18e-02",0.809062467,NA,NA,NA
"PCBP3","Stem-cell-iPSC","ANX","sQTL","Wald ratio","1.000","-0.069","  2.718","4.18e-02",0.100568191,NA,NA,NA
"FGD4","Stem-cell-iPSC","ANX","sQTL","Inverse variance weighted","2.000"," 0.040","  7.389","4.18e-02",0.343637349,NA,0.174669734,NA
"PARD3B","Stem-cell-iPSC","ANX","sQTL","Wald ratio","1.000"," 0.057","  2.718","4.18e-02",0.175079886,NA,NA,NA
"MIR7515HG","Stem-cell-iPSC","ANX","sQTL","Wald ratio","1.000"," 0.033","  2.718","4.18e-02",0.428464728,NA,NA,NA
"TMEM170B","Stem-cell-iPSC","ANX","sQTL","Wald ratio","1.000"," 0.022","  2.718","4.19e-02",0.602779122,NA,NA,NA
"MAPK10","Stem-cell-iPSC","ANX","sQTL","Wald ratio","1.000","-0.007","  2.718","4.19e-02",0.863578015,NA,NA,NA
"SCARB1","Stem-cell-iPSC","ANX","sQTL","Wald ratio","1.000","-0.014","  2.718","4.19e-02",0.743616704,NA,NA,NA
"SORCS1","Stem-cell-iPSC","ANX","sQTL","Wald ratio","1.000","-0.065","  2.718","4.19e-02",0.118428575,NA,NA,NA
"FBLN7","Stem-cell-iPSC","ANX","sQTL","Wald ratio","1.000","-0.028","  2.718","4.19e-02",0.500990342,NA,NA,NA
"CES5A","Stem-cell-iPSC","ANX","sQTL","Wald ratio","1.000"," 0.015","  2.718","4.20e-02",0.723165043,NA,NA,NA
"ZFYVE9P2","Stem-cell-iPSC","ANX","sQTL","Wald ratio","1.000"," 0.043","  2.718","4.20e-02",0.311943486,NA,NA,NA
"DENND3","Stem-cell-iPSC","ANX","sQTL","Wald ratio","1.000"," 0.019","  2.718","4.21e-02",0.651547873,NA,NA,NA
"CDH13","Stem-cell-iPSC","ANX","sQTL","Simple mode","3.000","-0.007"," 20.086","4.21e-02",0.87855016,0.35903379,0.65441431,0.947778121
"PPM1H","Stem-cell-iPSC","ANX","sQTL","Wald ratio","1.000"," 0.027","  2.718","4.21e-02",0.524740951,NA,NA,NA
"MOB3B","Stem-cell-iPSC","ANX","sQTL","Wald ratio","1.000"," 0.021","  2.718","4.21e-02",0.611944851,NA,NA,NA
"FZD1","Stem-cell-iPSC","ANX","sQTL","Wald ratio","1.000","-0.052","  2.718","4.21e-02",0.217041884,NA,NA,NA
"WAC","Stem-cell-iPSC","ANX","sQTL","Wald ratio","1.000"," 0.042","  2.718","4.21e-02",0.321926697,NA,NA,NA
"RNU1-139P","Stem-cell-iPSC","ANX","sQTL","Wald ratio","1.000"," 0.099","  2.718","4.21e-02",0.019029747,NA,NA,NA
"TCP11L1","Stem-cell-iPSC","ANX","sQTL","Wald ratio","1.000"," 0.031","  2.718","4.21e-02",0.457175092,NA,NA,NA
"KCNIP4","Stem-cell-iPSC","ANX","sQTL","Simple mode","3.000","-0.070"," 20.086","4.22e-02",0.238550791,0.578533077,0.84255017,0.883863608
"FTH1P21","Stem-cell-iPSC","ANX","sQTL","Wald ratio","1.000","-0.072","  2.718","4.23e-02",0.088676262,NA,NA,NA
"DOCK1","Stem-cell-iPSC","ANX","sQTL","Inverse variance weighted","2.000","-0.013","  7.389","4.23e-02",0.7665031,NA,0.284224991,NA
"PRPF4B","Stem-cell-iPSC","ANX","sQTL","Wald ratio","1.000","-0.027","  2.718","4.23e-02",0.523913858,NA,NA,NA
"MRO","Stem-cell-iPSC","ANX","sQTL","Wald ratio","1.000"," 0.008","  2.718","4.23e-02",0.843573675,NA,NA,NA
"RHBDF1P1","Stem-cell-iPSC","ANX","sQTL","Wald ratio","1.000","-0.022","  2.718","4.23e-02",0.602068252,NA,NA,NA
"LINC00929","Stem-cell-iPSC","ANX","sQTL","Wald ratio","1.000"," 0.033","  2.718","4.23e-02",0.440289654,NA,NA,NA
"HMCN1","Stem-cell-iPSC","ANX","sQTL","Wald ratio","1.000"," 0.008","  2.718","4.23e-02",0.844882421,NA,NA,NA
"PVRL3","Stem-cell-iPSC","ANX","sQTL","Wald ratio","1.000"," 0.049","  2.718","4.23e-02",0.243089085,NA,NA,NA
"SMYD3","Stem-cell-iPSC","ANX","sQTL","Inverse variance weighted","2.000"," 0.010","  7.389","4.24e-02",0.810178313,NA,0.487548418,NA
"CORO2A","Stem-cell-iPSC","ANX","sQTL","Wald ratio","1.000"," 0.103","  2.718","4.25e-02",0.015467431,NA,NA,NA
"TENM4","Stem-cell-iPSC","ANX","sQTL","Weighted mode","3.000","-0.043"," 20.086","4.25e-02",0.417690636,0.665543848,0.844020004,0.763127998
"MECOM","Stem-cell-iPSC","ANX","sQTL","Wald ratio","1.000","-0.023","  2.718","4.25e-02",0.587518582,NA,NA,NA
"TUBAL3","Stem-cell-iPSC","ANX","sQTL","Wald ratio","1.000"," 0.107","  2.718","4.25e-02",0.011657804,NA,NA,NA
"GSTA4","Stem-cell-iPSC","ANX","sQTL","Wald ratio","1.000"," 0.033","  2.718","4.26e-02",0.433761286,NA,NA,NA
"STAU2","Stem-cell-iPSC","ANX","sQTL","Wald ratio","1.000"," 0.008","  2.718","4.26e-02",0.855460197,NA,NA,NA
"PDP1","Stem-cell-iPSC","ANX","sQTL","Wald ratio","1.000","-0.014","  2.718","4.26e-02",0.737005932,NA,NA,NA
"LINC01600","Stem-cell-iPSC","ANX","sQTL","Wald ratio","1.000"," 0.032","  2.718","4.26e-02",0.447090836,NA,NA,NA
"SH3YL1","Stem-cell-iPSC","ANX","sQTL","Wald ratio","1.000","-0.071","  2.718","4.27e-02",0.095099365,NA,NA,NA
"BDH2P1","Stem-cell-iPSC","ANX","sQTL","Wald ratio","1.000","-0.065","  2.718","4.27e-02",0.126437602,NA,NA,NA
"FHOD3","Stem-cell-iPSC","ANX","sQTL","Wald ratio","1.000"," 0.015","  2.718","4.27e-02",0.729947229,NA,NA,NA
"DLG2","Stem-cell-iPSC","ANX","sQTL","Weighted mode","3.000","-0.022"," 20.086","4.28e-02",0.656469258,0.383688239,0.180407794,0.349825481
"FAM189A2","Stem-cell-iPSC","ANX","sQTL","Wald ratio","1.000"," 0.065","  2.718","4.28e-02",0.127028313,NA,NA,NA
"GLRA1","Stem-cell-iPSC","ANX","sQTL","Wald ratio","1.000","-0.016","  2.718","4.28e-02",0.708008676,NA,NA,NA
"SUPT3H","Stem-cell-iPSC","ANX","sQTL","Wald ratio","1.000","-0.031","  2.718","4.29e-02",0.468741458,NA,NA,NA
"TRPM3","Stem-cell-iPSC","ANX","sQTL","Wald ratio","1.000"," 0.023","  2.718","4.29e-02",0.593332121,NA,NA,NA
"POM121L13P","Stem-cell-iPSC","ANX","sQTL","Wald ratio","1.000"," 0.028","  2.718","4.29e-02",0.508494186,NA,NA,NA
"ATP6V1C1","Stem-cell-iPSC","ANX","sQTL","Wald ratio","1.000"," 0.008","  2.718","4.30e-02",0.84739767,NA,NA,NA
"NKAIN3","Stem-cell-iPSC","ANX","sQTL","Inverse variance weighted","2.000","-0.038","  7.389","4.30e-02",0.373629805,NA,0.374303873,NA
"ZNRF3","Stem-cell-iPSC","ANX","sQTL","Wald ratio","1.000"," 0.045","  2.718","4.30e-02",0.292130621,NA,NA,NA
"FAM195DP","Stem-cell-iPSC","ANX","sQTL","Wald ratio","1.000","-0.092","  2.718","4.31e-02",0.03228263,NA,NA,NA
"SPPL2A","Stem-cell-iPSC","ANX","sQTL","Wald ratio","1.000","-0.068","  2.718","4.31e-02",0.11434813,NA,NA,NA
"WDYHV1","Stem-cell-iPSC","ANX","sQTL","Wald ratio","1.000","-0.024","  2.718","4.31e-02",0.576864177,NA,NA,NA
"COL11A1","Stem-cell-iPSC","ANX","sQTL","Wald ratio","1.000"," 0.069","  2.718","4.31e-02",0.110352631,NA,NA,NA
"SCHIP1","Stem-cell-iPSC","ANX","sQTL","Wald ratio","1.000","-0.110","  2.718","4.31e-02",0.010578761,NA,NA,NA
"PRELID3B","Stem-cell-iPSC","ANX","sQTL","Wald ratio","1.000"," 0.111","  2.718","4.32e-02",0.010190761,NA,NA,NA
"TENM2","Stem-cell-iPSC","ANX","sQTL","Wald ratio","1.000"," 0.051","  2.718","4.32e-02",0.240607626,NA,NA,NA
"LIMS1","Stem-cell-iPSC","ANX","sQTL","Wald ratio","1.000"," 0.018","  2.718","4.32e-02",0.668618882,NA,NA,NA
"MYL10","Stem-cell-iPSC","ANX","sQTL","Wald ratio","1.000"," 0.013","  2.718","4.32e-02",0.767594852,NA,NA,NA
"PLSCR5","Stem-cell-iPSC","ANX","sQTL","Wald ratio","1.000"," 0.055","  2.718","4.32e-02",0.204058631,NA,NA,NA
"RPL7P33","Stem-cell-iPSC","ANX","sQTL","Wald ratio","1.000","-0.081","  2.718","4.33e-02",0.060514989,NA,NA,NA
"NPAS3","Stem-cell-iPSC","ANX","sQTL","Wald ratio","1.000","-0.092","  2.718","4.33e-02",0.034313892,NA,NA,NA
"FLT4","Stem-cell-iPSC","ANX","sQTL","Wald ratio","1.000","-0.017","  2.718","4.33e-02",0.694986349,NA,NA,NA
"NPHP3-AS1","Stem-cell-iPSC","ANX","sQTL","Wald ratio","1.000","-0.053","  2.718","4.33e-02",0.221348272,NA,NA,NA
"LINC01272","Stem-cell-iPSC","ANX","sQTL","Wald ratio","1.000","-0.058","  2.718","4.33e-02",0.177318786,NA,NA,NA
"RN7SKP14","Stem-cell-iPSC","ANX","sQTL","Wald ratio","1.000","-0.012","  2.718","4.34e-02",0.788275041,NA,NA,NA
"LINC00578","Stem-cell-iPSC","ANX","sQTL","Wald ratio","1.000"," 0.003","  2.718","4.34e-02",0.943056671,NA,NA,NA
"S100A7","Stem-cell-iPSC","ANX","sQTL","Wald ratio","1.000"," 0.012","  2.718","4.34e-02",0.781605254,NA,NA,NA
"SHROOM3","Stem-cell-iPSC","ANX","sQTL","Wald ratio","1.000","-0.026","  2.718","4.35e-02",0.542083461,NA,NA,NA
"JAKMIP3","Stem-cell-iPSC","ANX","sQTL","Wald ratio","1.000"," 0.101","  2.718","4.35e-02",0.01994785,NA,NA,NA
"SLC38A6","Stem-cell-iPSC","ANX","sQTL","Wald ratio","1.000"," 0.043","  2.718","4.35e-02",0.323636272,NA,NA,NA
"KCNK2","Stem-cell-iPSC","ANX","sQTL","Wald ratio","1.000"," 0.036","  2.718","4.35e-02",0.412088013,NA,NA,NA
"STIM2","Stem-cell-iPSC","ANX","sQTL","Wald ratio","1.000"," 0.047","  2.718","4.35e-02",0.275952465,NA,NA,NA
"MIER2","Stem-cell-iPSC","ANX","sQTL","Wald ratio","1.000","-0.040","  2.718","4.36e-02",0.358523686,NA,NA,NA
"CTSC","Stem-cell-iPSC","ANX","sQTL","Wald ratio","1.000","-0.064","  2.718","4.36e-02",0.145225785,NA,NA,NA
"AFAP1","Stem-cell-iPSC","ANX","sQTL","Wald ratio","1.000","-0.095","  2.718","4.36e-02",0.028677027,NA,NA,NA
"CEACAM22P","Stem-cell-iPSC","ANX","sQTL","Wald ratio","1.000","-0.037","  2.718","4.36e-02",0.396896984,NA,NA,NA
"PIP4K2A","Stem-cell-iPSC","ANX","sQTL","Wald ratio","1.000"," 0.021","  2.718","4.37e-02",0.626198187,NA,NA,NA
"RNU4ATAC8P","Stem-cell-iPSC","ANX","sQTL","Wald ratio","1.000","-0.055","  2.718","4.37e-02",0.205817019,NA,NA,NA
"MAN1A1","Stem-cell-iPSC","ANX","sQTL","Wald ratio","1.000","-0.019","  2.718","4.37e-02",0.662771269,NA,NA,NA
"CTNNA1","Stem-cell-iPSC","ANX","sQTL","Wald ratio","1.000"," 0.087","  2.718","4.37e-02",0.046598329,NA,NA,NA
"MRPS33P3","Stem-cell-iPSC","ANX","sQTL","Wald ratio","1.000"," 0.090","  2.718","4.38e-02",0.040174711,NA,NA,NA
"CACNA2D1","Stem-cell-iPSC","ANX","sQTL","Wald ratio","1.000"," 0.048","  2.718","4.38e-02",0.274572716,NA,NA,NA
"GALC","Stem-cell-iPSC","ANX","sQTL","Wald ratio","1.000","-0.119","  2.718","4.38e-02",0.006474811,NA,NA,NA
"HNRNPA1P43","Stem-cell-iPSC","ANX","sQTL","Wald ratio","1.000","-0.085","  2.718","4.38e-02",0.050990812,NA,NA,NA
"XYLT1","Stem-cell-iPSC","ANX","sQTL","Wald ratio","1.000"," 0.052","  2.718","4.38e-02",0.237149022,NA,NA,NA
"RALYL","Stem-cell-iPSC","ANX","sQTL","Wald ratio","1.000","-0.001","  2.718","4.39e-02",0.973309957,NA,NA,NA
"LINGO2","Stem-cell-iPSC","ANX","sQTL","Wald ratio","1.000","-0.097","  2.718","4.39e-02",0.026564574,NA,NA,NA
"CRB2","Stem-cell-iPSC","ANX","sQTL","Wald ratio","1.000","-0.009","  2.718","4.39e-02",0.843807174,NA,NA,NA
"CDK14","Stem-cell-iPSC","ANX","sQTL","Weighted mode","3.000"," 0.006"," 20.086","4.39e-02",0.898203324,0.698168918,0.780058228,0.66134569
"PUM3","Stem-cell-iPSC","ANX","sQTL","Wald ratio","1.000"," 0.026","  2.718","4.39e-02",0.553453838,NA,NA,NA
"DLG2","Stem-cell-iPSC","ANX","sQTL","Inverse variance weighted","3.000"," 0.012"," 20.086","4.39e-02",0.780504593,0.383688239,0.180407794,0.349825481
"LRRC1","Stem-cell-iPSC","ANX","sQTL","Wald ratio","1.000"," 0.105","  2.718","4.40e-02",0.016927514,NA,NA,NA
"TOX3","Stem-cell-iPSC","ANX","sQTL","Wald ratio","1.000"," 0.014","  2.718","4.40e-02",0.746294337,NA,NA,NA
"MMP26","Stem-cell-iPSC","ANX","sQTL","Wald ratio","1.000"," 0.000","  2.718","4.40e-02",1,NA,NA,NA
"ROBO2","Stem-cell-iPSC","ANX","sQTL","Weighted median","3.000","-0.027"," 20.086","4.41e-02",0.542382603,0.012147799,0.019671382,0.705179731
"MIR873","Stem-cell-iPSC","ANX","sQTL","Wald ratio","1.000","-0.043","  2.718","4.41e-02",0.334560763,NA,NA,NA
"FOXN3","Stem-cell-iPSC","ANX","sQTL","Inverse variance weighted","2.000"," 0.066","  7.389","4.41e-02",0.136818765,NA,0.969499106,NA
"ALK","Stem-cell-iPSC","ANX","sQTL","Wald ratio","1.000","-0.031","  2.718","4.41e-02",0.485881024,NA,NA,NA
"AK4P4","Stem-cell-iPSC","ANX","sQTL","Wald ratio","1.000"," 0.005","  2.718","4.42e-02",0.905237629,NA,NA,NA
"DBIP1","Stem-cell-iPSC","ANX","sQTL","Wald ratio","1.000","-0.001","  2.718","4.42e-02",0.976186087,NA,NA,NA
"ELL2P3","Stem-cell-iPSC","ANX","sQTL","Wald ratio","1.000","-0.029","  2.718","4.42e-02",0.517862951,NA,NA,NA
"GHR","Stem-cell-iPSC","ANX","sQTL","Wald ratio","1.000"," 0.057","  2.718","4.43e-02",0.196521545,NA,NA,NA
"RORA","Stem-cell-iPSC","ANX","sQTL","Wald ratio","1.000","-0.007","  2.718","4.43e-02",0.866675158,NA,NA,NA
"CLDN16","Stem-cell-iPSC","ANX","sQTL","Wald ratio","1.000"," 0.026","  2.718","4.43e-02",0.550359024,NA,NA,NA
"PLA2G4A","Stem-cell-iPSC","ANX","sQTL","Wald ratio","1.000"," 0.034","  2.718","4.43e-02",0.447933169,NA,NA,NA
"NTRK2","Stem-cell-iPSC","ANX","sQTL","Wald ratio","1.000","-0.075","  2.718","4.43e-02",0.092485017,NA,NA,NA
"TENM4","Stem-cell-iPSC","ANX","sQTL","Simple mode","3.000","-0.036"," 20.086","4.43e-02",0.49869187,0.665543848,0.844020004,0.763127998
"MIR3924","Stem-cell-iPSC","ANX","sQTL","Wald ratio","1.000","-0.073","  2.718","4.43e-02",0.101031912,NA,NA,NA
"LINC01603","Stem-cell-iPSC","ANX","sQTL","Wald ratio","1.000"," 0.037","  2.718","4.44e-02",0.404310096,NA,NA,NA
"CCNT2-AS1","Stem-cell-iPSC","ANX","sQTL","Wald ratio","1.000"," 0.047","  2.718","4.44e-02",0.291249456,NA,NA,NA
"PRKAG2","Stem-cell-iPSC","ANX","sQTL","Wald ratio","1.000"," 0.032","  2.718","4.44e-02",0.473348305,NA,NA,NA
"KIF18A","Stem-cell-iPSC","ANX","sQTL","Wald ratio","1.000"," 0.017","  2.718","4.44e-02",0.707963303,NA,NA,NA
"DSC3","Stem-cell-iPSC","ANX","sQTL","Wald ratio","1.000","-0.034","  2.718","4.45e-02",0.450757461,NA,NA,NA
"VAV2","Stem-cell-iPSC","ANX","sQTL","Wald ratio","1.000"," 0.060","  2.718","4.45e-02",0.178993776,NA,NA,NA
"WDR31","Stem-cell-iPSC","ANX","sQTL","Wald ratio","1.000","-0.046","  2.718","4.46e-02",0.306395945,NA,NA,NA
"RNU6-1001P","Stem-cell-iPSC","ANX","sQTL","Wald ratio","1.000","-0.017","  2.718","4.46e-02",0.707948301,NA,NA,NA
"SSUH2","Stem-cell-iPSC","ANX","sQTL","Wald ratio","1.000"," 0.001","  2.718","4.46e-02",0.985803515,NA,NA,NA
"FOXCUT","Stem-cell-iPSC","ANX","sQTL","Wald ratio","1.000"," 0.010","  2.718","4.46e-02",0.815857142,NA,NA,NA
"PPARGC1A","Stem-cell-iPSC","ANX","sQTL","Wald ratio","1.000"," 0.054","  2.718","4.46e-02",0.229879664,NA,NA,NA
"SEMA3C","Stem-cell-iPSC","ANX","sQTL","Inverse variance weighted","2.000","-0.016","  7.389","4.46e-02",0.728099999,NA,0.430197617,NA
"LINC01127","Stem-cell-iPSC","ANX","sQTL","Wald ratio","1.000"," 0.039","  2.718","4.46e-02",0.379633693,NA,NA,NA
"KCNIP3","Stem-cell-iPSC","ANX","sQTL","Wald ratio","1.000","-0.030","  2.718","4.46e-02",0.497891187,NA,NA,NA
"TSPAN14","Stem-cell-iPSC","ANX","sQTL","Wald ratio","1.000"," 0.076","  2.718","4.47e-02",0.088670297,NA,NA,NA
"PSAT1P3","Stem-cell-iPSC","ANX","sQTL","Wald ratio","1.000"," 0.062","  2.718","4.47e-02",0.166927842,NA,NA,NA
"ZNF611","Stem-cell-iPSC","ANX","sQTL","Wald ratio","1.000","-0.054","  2.718","4.47e-02",0.224455695,NA,NA,NA
"RGS7BP","Stem-cell-iPSC","ANX","sQTL","Wald ratio","1.000","-0.005","  2.718","4.47e-02",0.909653842,NA,NA,NA
"CREB5","Stem-cell-iPSC","ANX","sQTL","Wald ratio","1.000"," 0.009","  2.718","4.47e-02",0.836270192,NA,NA,NA
"MAGI1-AS1","Stem-cell-iPSC","ANX","sQTL","Wald ratio","1.000","-0.009","  2.718","4.47e-02",0.838830348,NA,NA,NA
"ZNF266","Stem-cell-iPSC","ANX","sQTL","Wald ratio","1.000","-0.039","  2.718","4.48e-02",0.381573906,NA,NA,NA
"PDE8A","Stem-cell-iPSC","ANX","sQTL","Wald ratio","1.000"," 0.025","  2.718","4.48e-02",0.58113737,NA,NA,NA
"SEPHS1P7","Stem-cell-iPSC","ANX","sQTL","Wald ratio","1.000"," 0.059","  2.718","4.48e-02",0.19134173,NA,NA,NA
"BORCS5","Stem-cell-iPSC","ANX","sQTL","Wald ratio","1.000"," 0.076","  2.718","4.48e-02",0.091716635,NA,NA,NA
"ATP6V1B1","Stem-cell-iPSC","ANX","sQTL","Wald ratio","1.000","-0.028","  2.718","4.48e-02",0.527779462,NA,NA,NA
"NMUR2","Stem-cell-iPSC","ANX","sQTL","Wald ratio","1.000"," 0.042","  2.718","4.48e-02",0.353867502,NA,NA,NA
"SOX2-OT","Stem-cell-iPSC","ANX","sQTL","Wald ratio","1.000"," 0.092","  2.718","4.49e-02",0.040690824,NA,NA,NA
"EBF1","Stem-cell-iPSC","ANX","sQTL","Wald ratio","1.000","-0.021","  2.718","4.49e-02",0.637142284,NA,NA,NA
"KRTAP10-12","Stem-cell-iPSC","ANX","sQTL","Wald ratio","1.000","-0.044","  2.718","4.49e-02",0.327086119,NA,NA,NA
"KCNQ3","Stem-cell-iPSC","ANX","sQTL","Weighted median","3.000"," 0.004"," 20.086","4.49e-02",0.922947191,0.172869391,0.385971883,0.900536689
"LINC00520","Stem-cell-iPSC","ANX","sQTL","Wald ratio","1.000","-0.052","  2.718","4.49e-02",0.246610832,NA,NA,NA
"PDGFRL","Stem-cell-iPSC","ANX","sQTL","Wald ratio","1.000"," 0.025","  2.718","4.50e-02",0.58113737,NA,NA,NA
"AGAP1","Stem-cell-iPSC","ANX","sQTL","Wald ratio","1.000"," 0.030","  2.718","4.50e-02",0.500937193,NA,NA,NA
"STARD13","Stem-cell-iPSC","ANX","sQTL","Wald ratio","1.000"," 0.062","  2.718","4.50e-02",0.170571316,NA,NA,NA
"NPSR1","Stem-cell-iPSC","ANX","sQTL","Wald ratio","1.000","-0.055","  2.718","4.50e-02",0.224891991,NA,NA,NA
"HS1BP3","Stem-cell-iPSC","ANX","sQTL","Wald ratio","1.000","-0.018","  2.718","4.50e-02",0.684393755,NA,NA,NA
"CDH10","Stem-cell-iPSC","ANX","sQTL","Wald ratio","1.000","-0.028","  2.718","4.50e-02",0.529184286,NA,NA,NA
"MIR3660","Stem-cell-iPSC","ANX","sQTL","Wald ratio","1.000"," 0.024","  2.718","4.50e-02",0.5917983,NA,NA,NA
"ANO3","Stem-cell-iPSC","ANX","sQTL","Wald ratio","1.000"," 0.009","  2.718","4.50e-02",0.844004247,NA,NA,NA
"HPCAL1","Stem-cell-iPSC","ANX","sQTL","Wald ratio","1.000","-0.059","  2.718","4.51e-02",0.192460986,NA,NA,NA
"CCNY","Stem-cell-iPSC","ANX","sQTL","Wald ratio","1.000","-0.027","  2.718","4.51e-02",0.548978995,NA,NA,NA
"RYR2","Stem-cell-iPSC","ANX","sQTL","Wald ratio","1.000"," 0.008","  2.718","4.51e-02",0.853719281,NA,NA,NA
"PVT1","Stem-cell-iPSC","ANX","sQTL","Wald ratio","1.000"," 0.085","  2.718","4.51e-02",0.06047378,NA,NA,NA
"ARNTL","Stem-cell-iPSC","ANX","sQTL","Inverse variance weighted","2.000"," 0.053","  7.389","4.51e-02",0.236629165,NA,0.243066504,NA
"ZPLD1","Stem-cell-iPSC","ANX","sQTL","Wald ratio","1.000","-0.033","  2.718","4.52e-02",0.460509964,NA,NA,NA
"MTND4LP25","Stem-cell-iPSC","ANX","sQTL","Wald ratio","1.000","-0.033","  2.718","4.52e-02",0.460264978,NA,NA,NA
"LRRFIP1","Stem-cell-iPSC","ANX","sQTL","Wald ratio","1.000","-0.013","  2.718","4.52e-02",0.773988157,NA,NA,NA
"OPN3","Stem-cell-iPSC","ANX","sQTL","Wald ratio","1.000"," 0.049","  2.718","4.52e-02",0.28162007,NA,NA,NA
"MPP4","Stem-cell-iPSC","ANX","sQTL","Wald ratio","1.000","-0.030","  2.718","4.52e-02",0.50285779,NA,NA,NA
"C6orf89","Stem-cell-iPSC","ANX","sQTL","Wald ratio","1.000"," 0.004","  2.718","4.53e-02",0.931392715,NA,NA,NA
"LAMC2","Stem-cell-iPSC","ANX","sQTL","Wald ratio","1.000","-0.050","  2.718","4.53e-02",0.267197024,NA,NA,NA
"C11orf24","Stem-cell-iPSC","ANX","sQTL","Wald ratio","1.000","-0.054","  2.718","4.53e-02",0.233403363,NA,NA,NA
"MIR548A1","Stem-cell-iPSC","ANX","sQTL","Wald ratio","1.000","-0.037","  2.718","4.53e-02",0.420621479,NA,NA,NA
"STARP1","Stem-cell-iPSC","ANX","sQTL","Wald ratio","1.000","-0.031","  2.718","4.54e-02",0.491471721,NA,NA,NA
"SNX9","Stem-cell-iPSC","ANX","sQTL","Inverse variance weighted","2.000","-0.022","  7.389","4.54e-02",0.628455044,NA,0.829823087,NA
"TAS2R16","Stem-cell-iPSC","ANX","sQTL","Wald ratio","1.000"," 0.107","  2.718","4.54e-02",0.018715737,NA,NA,NA
"MED6P1","Stem-cell-iPSC","ANX","sQTL","Wald ratio","1.000","-0.042","  2.718","4.54e-02",0.350867808,NA,NA,NA
"FLRT2","Stem-cell-iPSC","ANX","sQTL","Wald ratio","1.000"," 0.059","  2.718","4.54e-02",0.197357885,NA,NA,NA
"VAV3","Stem-cell-iPSC","ANX","sQTL","Wald ratio","1.000"," 0.034","  2.718","4.54e-02",0.451784698,NA,NA,NA
"MYO9B","Stem-cell-iPSC","ANX","sQTL","Wald ratio","1.000"," 0.041","  2.718","4.55e-02",0.371747999,NA,NA,NA
"ANXA5","Stem-cell-iPSC","ANX","sQTL","Wald ratio","1.000","-0.025","  2.718","4.56e-02",0.582191892,NA,NA,NA
"HTR3C","Stem-cell-iPSC","ANX","sQTL","Wald ratio","1.000"," 0.012","  2.718","4.56e-02",0.795969365,NA,NA,NA
"MAGI3","Stem-cell-iPSC","ANX","sQTL","Wald ratio","1.000"," 0.027","  2.718","4.56e-02",0.553305389,NA,NA,NA
"LRP2","Stem-cell-iPSC","ANX","sQTL","Wald ratio","1.000"," 0.057","  2.718","4.56e-02",0.209712856,NA,NA,NA
"RBFOX1","Stem-cell-iPSC","ANX","sQTL","Wald ratio","1.000","-0.016","  2.718","4.56e-02",0.725630814,NA,NA,NA
"DOK2","Stem-cell-iPSC","ANX","sQTL","Wald ratio","1.000"," 0.066","  2.718","4.57e-02",0.148165095,NA,NA,NA
"KCNMA1","Stem-cell-iPSC","ANX","sQTL","Inverse variance weighted","2.000"," 0.080","  7.389","4.57e-02",0.080316589,NA,0.867680295,NA
"ARHGAP21","Stem-cell-iPSC","ANX","sQTL","Wald ratio","1.000","-0.022","  2.718","4.57e-02",0.625810165,NA,NA,NA
"CNTN5","Stem-cell-iPSC","ANX","sQTL","Wald ratio","1.000"," 0.047","  2.718","4.57e-02",0.303870331,NA,NA,NA
"C15orf53","Stem-cell-iPSC","ANX","sQTL","Wald ratio","1.000"," 0.006","  2.718","4.58e-02",0.899850393,NA,NA,NA
"C1orf52","Stem-cell-iPSC","ANX","sQTL","Wald ratio","1.000","-0.035","  2.718","4.58e-02",0.441111269,NA,NA,NA
"MET","Stem-cell-iPSC","ANX","sQTL","Wald ratio","1.000","-0.030","  2.718","4.58e-02",0.513668263,NA,NA,NA
"PNLDC1","Stem-cell-iPSC","ANX","sQTL","Wald ratio","1.000","-0.026","  2.718","4.59e-02",0.567709166,NA,NA,NA
"PIGP","Stem-cell-iPSC","ANX","sQTL","Wald ratio","1.000","-0.018","  2.718","4.59e-02",0.689156517,NA,NA,NA
"RPL17P45","Stem-cell-iPSC","ANX","sQTL","Wald ratio","1.000","-0.058","  2.718","4.59e-02",0.209959624,NA,NA,NA
"GM2AP1","Stem-cell-iPSC","ANX","sQTL","Wald ratio","1.000"," 0.056","  2.718","4.59e-02",0.222579771,NA,NA,NA
"LINC00540","Stem-cell-iPSC","ANX","sQTL","Weighted mode","3.000"," 0.009"," 20.086","4.60e-02",0.860650594,0.460404841,0.483957026,0.51559811
"COMMD10","Stem-cell-iPSC","ANX","sQTL","Wald ratio","1.000"," 0.011","  2.718","4.60e-02",0.809845772,NA,NA,NA
"RNA5SP279","Stem-cell-iPSC","ANX","sQTL","Wald ratio","1.000"," 0.007","  2.718","4.60e-02",0.873299822,NA,NA,NA
"NR2C2","Stem-cell-iPSC","ANX","sQTL","Wald ratio","1.000","-0.045","  2.718","4.60e-02",0.329174218,NA,NA,NA
"OR7A5","Stem-cell-iPSC","ANX","sQTL","Wald ratio","1.000","-0.075","  2.718","4.60e-02",0.103283581,NA,NA,NA
"STAB2","Stem-cell-iPSC","ANX","sQTL","Wald ratio","1.000"," 0.007","  2.718","4.61e-02",0.873967727,NA,NA,NA
"FHL5","Stem-cell-iPSC","ANX","sQTL","Wald ratio","1.000"," 0.018","  2.718","4.61e-02",0.689156517,NA,NA,NA
"LINC01267","Stem-cell-iPSC","ANX","sQTL","Wald ratio","1.000"," 0.009","  2.718","4.61e-02",0.84596642,NA,NA,NA
"LINC00620","Stem-cell-iPSC","ANX","sQTL","Wald ratio","1.000","-0.021","  2.718","4.61e-02",0.645832921,NA,NA,NA
"GRM8","Stem-cell-iPSC","ANX","sQTL","Wald ratio","1.000","-0.022","  2.718","4.62e-02",0.627027083,NA,NA,NA
"IQGAP2","Stem-cell-iPSC","ANX","sQTL","Wald ratio","1.000","-0.042","  2.718","4.62e-02",0.364461505,NA,NA,NA
"COBL","Stem-cell-iPSC","ANX","sQTL","Wald ratio","1.000","-0.044","  2.718","4.62e-02",0.33936837,NA,NA,NA
"PKD1L2","Stem-cell-iPSC","ANX","sQTL","Inverse variance weighted","2.000"," 0.108","  7.389","4.62e-02",0.019292923,NA,0.550676298,NA
"KLHL25","Stem-cell-iPSC","ANX","sQTL","Wald ratio","1.000","-0.074","  2.718","4.62e-02",0.111496361,NA,NA,NA
"FUNDC2P2","Stem-cell-iPSC","ANX","sQTL","Wald ratio","1.000","-0.012","  2.718","4.62e-02",0.800734863,NA,NA,NA
"GALR1","Stem-cell-iPSC","ANX","sQTL","Wald ratio","1.000"," 0.110","  2.718","4.62e-02",0.017149778,NA,NA,NA
"ADGRF2","Stem-cell-iPSC","ANX","sQTL","Wald ratio","1.000","-0.012","  2.718","4.62e-02",0.800734863,NA,NA,NA
"OSBPL8","Stem-cell-iPSC","ANX","sQTL","Wald ratio","1.000"," 0.000","  2.718","4.63e-02",0.992472899,NA,NA,NA
"RALA","Stem-cell-iPSC","ANX","sQTL","Wald ratio","1.000"," 0.038","  2.718","4.63e-02",0.405927827,NA,NA,NA
"SLC1A2","Stem-cell-iPSC","ANX","sQTL","Wald ratio","1.000","-0.009","  2.718","4.63e-02",0.848935999,NA,NA,NA
"RNU6-248P","Stem-cell-iPSC","ANX","sQTL","Wald ratio","1.000","-0.055","  2.718","4.63e-02",0.233796728,NA,NA,NA
"FAM179A","Stem-cell-iPSC","ANX","sQTL","Wald ratio","1.000"," 0.106","  2.718","4.64e-02",0.021957868,NA,NA,NA
"RNU6-1103P","Stem-cell-iPSC","ANX","sQTL","Wald ratio","1.000","-0.031","  2.718","4.64e-02",0.510496676,NA,NA,NA
"SLC27A2","Stem-cell-iPSC","ANX","sQTL","Wald ratio","1.000"," 0.016","  2.718","4.64e-02",0.730729087,NA,NA,NA
"AUH","Stem-cell-iPSC","ANX","sQTL","Wald ratio","1.000"," 0.004","  2.718","4.65e-02",0.934242557,NA,NA,NA
"RPL5P26","Stem-cell-iPSC","ANX","sQTL","Wald ratio","1.000","-0.010","  2.718","4.65e-02",0.824140896,NA,NA,NA
"INTS7","Stem-cell-iPSC","ANX","sQTL","Wald ratio","1.000"," 0.038","  2.718","4.65e-02",0.417367644,NA,NA,NA
"MUC7","Stem-cell-iPSC","ANX","sQTL","Wald ratio","1.000","-0.017","  2.718","4.66e-02",0.717146203,NA,NA,NA
"RABGAP1L","Stem-cell-iPSC","ANX","sQTL","Wald ratio","1.000"," 0.043","  2.718","4.66e-02",0.351570364,NA,NA,NA
"DLC1","Stem-cell-iPSC","ANX","sQTL","Inverse variance weighted","2.000","-0.020","  7.389","4.67e-02",0.675396227,NA,0.337471868,NA
"CNST","Stem-cell-iPSC","ANX","sQTL","Wald ratio","1.000","-0.061","  2.718","4.67e-02",0.194470087,NA,NA,NA
"MITF","Stem-cell-iPSC","ANX","sQTL","Wald ratio","1.000","-0.011","  2.718","4.67e-02",0.811061199,NA,NA,NA
"VIT","Stem-cell-iPSC","ANX","sQTL","Wald ratio","1.000"," 0.043","  2.718","4.67e-02",0.352146016,NA,NA,NA
"ACTR3B","Stem-cell-iPSC","ANX","sQTL","Wald ratio","1.000","-0.052","  2.718","4.67e-02",0.268895117,NA,NA,NA
"C2orf88","Stem-cell-iPSC","ANX","sQTL","Wald ratio","1.000","-0.025","  2.718","4.67e-02",0.595984553,NA,NA,NA
"GC","Stem-cell-iPSC","ANX","sQTL","Wald ratio","1.000"," 0.062","  2.718","4.68e-02",0.183185571,NA,NA,NA
"BMPR1B","Stem-cell-iPSC","ANX","sQTL","Inverse variance weighted","2.000","-0.022","  7.389","4.68e-02",0.642534544,NA,0.686494664,NA
"ARID1B","Stem-cell-iPSC","ANX","sQTL","Inverse variance weighted","2.000","-0.029","  7.389","4.68e-02",0.528554636,NA,0.873255303,NA
"LINC00399","Stem-cell-iPSC","ANX","sQTL","Wald ratio","1.000"," 0.060","  2.718","4.68e-02",0.197999246,NA,NA,NA
"SGK1","Stem-cell-iPSC","ANX","sQTL","Wald ratio","1.000"," 0.015","  2.718","4.68e-02",0.753377353,NA,NA,NA
"EXOC5P1","Stem-cell-iPSC","ANX","sQTL","Wald ratio","1.000"," 0.044","  2.718","4.68e-02",0.348821792,NA,NA,NA
"MYOD1","Stem-cell-iPSC","ANX","sQTL","Wald ratio","1.000","-0.106","  2.718","4.68e-02",0.022895867,NA,NA,NA
"ASPM","Stem-cell-iPSC","ANX","sQTL","Wald ratio","1.000"," 0.024","  2.718","4.69e-02",0.611120564,NA,NA,NA
"LINC00534","Stem-cell-iPSC","ANX","sQTL","Wald ratio","1.000"," 0.036","  2.718","4.69e-02",0.440122144,NA,NA,NA
"PARK2","Stem-cell-iPSC","ANX","sQTL","Inverse variance weighted","3.000","-0.018"," 20.086","4.69e-02",0.699485847,0.797969111,0.6967462,0.566336025
"QRSL1P1","Stem-cell-iPSC","ANX","sQTL","Wald ratio","1.000","-0.063","  2.718","4.70e-02",0.1827591,NA,NA,NA
"TMC1","Stem-cell-iPSC","ANX","sQTL","Wald ratio","1.000","-0.013","  2.718","4.70e-02",0.785870926,NA,NA,NA
"HERPUD2","Stem-cell-iPSC","ANX","sQTL","Wald ratio","1.000"," 0.066","  2.718","4.70e-02",0.160705511,NA,NA,NA
"TIAM1","Stem-cell-iPSC","ANX","sQTL","Wald ratio","1.000","-0.012","  2.718","4.70e-02",0.792428882,NA,NA,NA
"XRCC5","Stem-cell-iPSC","ANX","sQTL","Wald ratio","1.000"," 0.020","  2.718","4.70e-02",0.663937912,NA,NA,NA
"STX8","Stem-cell-iPSC","ANX","sQTL","Wald ratio","1.000","-0.039","  2.718","4.70e-02",0.407086154,NA,NA,NA
"TMCC2","Stem-cell-iPSC","ANX","sQTL","Wald ratio","1.000","-0.076","  2.718","4.71e-02",0.105403098,NA,NA,NA
"CCDC80","Stem-cell-iPSC","ANX","sQTL","Wald ratio","1.000","-0.075","  2.718","4.71e-02",0.111930287,NA,NA,NA
"ZFPM2","Stem-cell-iPSC","ANX","sQTL","Wald ratio","1.000","-0.016","  2.718","4.71e-02",0.733000355,NA,NA,NA
"RNA5SP461","Stem-cell-iPSC","ANX","sQTL","Wald ratio","1.000","-0.007","  2.718","4.71e-02",0.882125064,NA,NA,NA
"SYNE1","Stem-cell-iPSC","ANX","sQTL","Wald ratio","1.000","-0.032","  2.718","4.72e-02",0.496204776,NA,NA,NA
"DIO2","Stem-cell-iPSC","ANX","sQTL","Wald ratio","1.000"," 0.037","  2.718","4.72e-02",0.433166991,NA,NA,NA
"SAP30BP","Stem-cell-iPSC","ANX","sQTL","Wald ratio","1.000","-0.038","  2.718","4.72e-02",0.418796684,NA,NA,NA
"CUBN","Stem-cell-iPSC","ANX","sQTL","Wald ratio","1.000","-0.011","  2.718","4.72e-02",0.814131633,NA,NA,NA
"LZTS1","Stem-cell-iPSC","ANX","sQTL","Wald ratio","1.000","-0.106","  2.718","4.72e-02",0.025327961,NA,NA,NA
"LINC01322","Stem-cell-iPSC","ANX","sQTL","Wald ratio","1.000"," 0.091","  2.718","4.73e-02",0.0549466,NA,NA,NA
"HTR2A","Stem-cell-iPSC","ANX","sQTL","Wald ratio","1.000"," 0.052","  2.718","4.74e-02",0.270073248,NA,NA,NA
"FAM210B","Stem-cell-iPSC","ANX","sQTL","Wald ratio","1.000"," 0.027","  2.718","4.74e-02",0.568290772,NA,NA,NA
"LDHAP3","Stem-cell-iPSC","ANX","sQTL","Wald ratio","1.000","-0.061","  2.718","4.74e-02",0.194914049,NA,NA,NA
"MTND5P17","Stem-cell-iPSC","ANX","sQTL","Wald ratio","1.000","-0.073","  2.718","4.74e-02",0.122885896,NA,NA,NA
"HMGA1P7","Stem-cell-iPSC","ANX","sQTL","Wald ratio","1.000","-0.027","  2.718","4.74e-02",0.571925909,NA,NA,NA
"RPL35AP19","Stem-cell-iPSC","ANX","sQTL","Wald ratio","1.000","-0.039","  2.718","4.75e-02",0.410206999,NA,NA,NA
"LINC01075","Stem-cell-iPSC","ANX","sQTL","Wald ratio","1.000","-0.015","  2.718","4.76e-02",0.749280954,NA,NA,NA
"PDE1C","Stem-cell-iPSC","ANX","sQTL","Wald ratio","1.000"," 0.042","  2.718","4.76e-02",0.37366346,NA,NA,NA
"MIR4475","Stem-cell-iPSC","ANX","sQTL","Wald ratio","1.000","-0.022","  2.718","4.76e-02",0.649436284,NA,NA,NA
"KIF16B","Stem-cell-iPSC","ANX","sQTL","Wald ratio","1.000","-0.030","  2.718","4.77e-02",0.531318421,NA,NA,NA
"XKR4","Stem-cell-iPSC","ANX","sQTL","Wald ratio","1.000"," 0.110","  2.718","4.77e-02",0.020830823,NA,NA,NA
"KCNG4","Stem-cell-iPSC","ANX","sQTL","Wald ratio","1.000"," 0.049","  2.718","4.77e-02",0.303387074,NA,NA,NA
"GALNT10","Stem-cell-iPSC","ANX","sQTL","Wald ratio","1.000"," 0.001","  2.718","4.78e-02",0.988642596,NA,NA,NA
"SGCZ","Stem-cell-iPSC","ANX","sQTL","Wald ratio","1.000","-0.088","  2.718","4.78e-02",0.067213026,NA,NA,NA
"KCNQ3","Stem-cell-iPSC","ANX","sQTL","Weighted mode","3.000","-0.021"," 20.086","4.79e-02",0.7088297,0.172869391,0.385971883,0.900536689
"DPF3","Stem-cell-iPSC","ANX","sQTL","Wald ratio","1.000","-0.009","  2.718","4.79e-02",0.858177857,NA,NA,NA
"PACRG","Stem-cell-iPSC","ANX","sQTL","Inverse variance weighted","2.000"," 0.044","  7.389","4.79e-02",0.357867447,NA,0.543411755,NA
"SP100","Stem-cell-iPSC","ANX","sQTL","Wald ratio","1.000"," 0.072","  2.718","4.79e-02",0.134983135,NA,NA,NA
"RBM48P1","Stem-cell-iPSC","ANX","sQTL","Wald ratio","1.000"," 0.004","  2.718","4.79e-02",0.931038383,NA,NA,NA
"FRAS1","Stem-cell-iPSC","ANX","sQTL","Wald ratio","1.000"," 0.065","  2.718","4.80e-02",0.176138794,NA,NA,NA
"COX6B1P6","Stem-cell-iPSC","ANX","sQTL","Wald ratio","1.000"," 0.063","  2.718","4.80e-02",0.191579406,NA,NA,NA
"MTO1","Stem-cell-iPSC","ANX","sQTL","Wald ratio","1.000","-0.105","  2.718","4.80e-02",0.028159657,NA,NA,NA
"SNORD13","Stem-cell-iPSC","ANX","sQTL","Wald ratio","1.000","-0.023","  2.718","4.81e-02",0.635992308,NA,NA,NA
"SPINT4","Stem-cell-iPSC","ANX","sQTL","Wald ratio","1.000","-0.097","  2.718","4.81e-02",0.044566738,NA,NA,NA
"TRBV30","Stem-cell-iPSC","ANX","sQTL","Wald ratio","1.000"," 0.022","  2.718","4.81e-02",0.642610284,NA,NA,NA
"TSPAN13","Stem-cell-iPSC","ANX","sQTL","Wald ratio","1.000","-0.015","  2.718","4.81e-02",0.763132472,NA,NA,NA
"ABCA1","Stem-cell-iPSC","ANX","sQTL","Wald ratio","1.000","-0.050","  2.718","4.82e-02",0.297215032,NA,NA,NA
"HDDC2","Stem-cell-iPSC","ANX","sQTL","Wald ratio","1.000"," 0.050","  2.718","4.82e-02",0.302005199,NA,NA,NA
"IRF2","Stem-cell-iPSC","ANX","sQTL","Wald ratio","1.000"," 0.010","  2.718","4.83e-02",0.831329779,NA,NA,NA
"LINC01376","Stem-cell-iPSC","ANX","sQTL","Wald ratio","1.000"," 0.028","  2.718","4.83e-02",0.557427599,NA,NA,NA
"MTND5P15","Stem-cell-iPSC","ANX","sQTL","Wald ratio","1.000"," 0.053","  2.718","4.83e-02",0.277113561,NA,NA,NA
"TANC1","Stem-cell-iPSC","ANX","sQTL","Wald ratio","1.000"," 0.007","  2.718","4.84e-02",0.890544954,NA,NA,NA
"SBF2","Stem-cell-iPSC","ANX","sQTL","Wald ratio","1.000","-0.051","  2.718","4.84e-02",0.291659927,NA,NA,NA
"ELAVL1","Stem-cell-iPSC","ANX","sQTL","Wald ratio","1.000"," 0.032","  2.718","4.85e-02",0.509654992,NA,NA,NA
"PAG1","Stem-cell-iPSC","ANX","sQTL","Wald ratio","1.000"," 0.015","  2.718","4.85e-02",0.762884645,NA,NA,NA
"HHAT","Stem-cell-iPSC","ANX","sQTL","Wald ratio","1.000","-0.038","  2.718","4.85e-02",0.438472757,NA,NA,NA
"TRIM35","Stem-cell-iPSC","ANX","sQTL","Wald ratio","1.000"," 0.053","  2.718","4.87e-02",0.27929196,NA,NA,NA
"NAALADL2-AS2","Stem-cell-iPSC","ANX","sQTL","Wald ratio","1.000","-0.068","  2.718","4.87e-02",0.165476757,NA,NA,NA
"UFD1L","Stem-cell-iPSC","ANX","sQTL","Wald ratio","1.000","-0.015","  2.718","4.87e-02",0.756066037,NA,NA,NA
"KCNC4","Stem-cell-iPSC","ANX","sQTL","Wald ratio","1.000"," 0.060","  2.718","4.88e-02",0.219572485,NA,NA,NA
"CEBPE","Stem-cell-iPSC","ANX","sQTL","Wald ratio","1.000"," 0.023","  2.718","4.88e-02",0.636324872,NA,NA,NA
"CEP112","Stem-cell-iPSC","ANX","sQTL","Wald ratio","1.000"," 0.062","  2.718","4.88e-02",0.201897979,NA,NA,NA
"TCEA3","Stem-cell-iPSC","ANX","sQTL","Wald ratio","1.000","-0.094","  2.718","4.88e-02",0.05516769,NA,NA,NA
"IPO11","Stem-cell-iPSC","ANX","sQTL","Wald ratio","1.000","-0.089","  2.718","4.89e-02",0.068067242,NA,NA,NA
"RPS20P25","Stem-cell-iPSC","ANX","sQTL","Wald ratio","1.000"," 0.066","  2.718","4.89e-02",0.177580299,NA,NA,NA
"EFNA5","Stem-cell-iPSC","ANX","sQTL","Wald ratio","1.000","-0.105","  2.718","4.89e-02",0.031294315,NA,NA,NA
"LINC00968","Stem-cell-iPSC","ANX","sQTL","Wald ratio","1.000","-0.012","  2.718","4.89e-02",0.800635098,NA,NA,NA
"ISG20","Stem-cell-iPSC","ANX","sQTL","Wald ratio","1.000"," 0.009","  2.718","4.91e-02",0.853719281,NA,NA,NA
"SLC26A4-AS1","Stem-cell-iPSC","ANX","sQTL","Wald ratio","1.000","-0.016","  2.718","4.91e-02",0.742039589,NA,NA,NA
"DAB2IP","Stem-cell-iPSC","ANX","sQTL","Wald ratio","1.000"," 0.036","  2.718","4.91e-02",0.459552858,NA,NA,NA
"ATG2B","Stem-cell-iPSC","ANX","sQTL","Wald ratio","1.000","-0.047","  2.718","4.91e-02",0.343688385,NA,NA,NA
"RPS6KB1","Stem-cell-iPSC","ANX","sQTL","Wald ratio","1.000","-0.103","  2.718","4.91e-02",0.035554765,NA,NA,NA
"IBTK","Stem-cell-iPSC","ANX","sQTL","Wald ratio","1.000"," 0.050","  2.718","4.93e-02",0.312752291,NA,NA,NA
"ADGRF1","Stem-cell-iPSC","ANX","sQTL","Wald ratio","1.000","-0.113","  2.718","4.93e-02",0.022414089,NA,NA,NA
"CTBP2","Stem-cell-iPSC","ANX","sQTL","Wald ratio","1.000"," 0.083","  2.718","4.93e-02",0.091009619,NA,NA,NA
"TNR","Stem-cell-iPSC","ANX","sQTL","Wald ratio","1.000"," 0.008","  2.718","4.95e-02",0.871864745,NA,NA,NA
"RNU6-1018P","Stem-cell-iPSC","ANX","sQTL","Wald ratio","1.000","-0.078","  2.718","4.95e-02",0.113718222,NA,NA,NA
"PTP4A1P4","Stem-cell-iPSC","ANX","sQTL","Inverse variance weighted","2.000"," 0.020","  7.389","4.96e-02",0.681767835,NA,0.680881299,NA
"STEAP1B","Stem-cell-iPSC","ANX","sQTL","Wald ratio","1.000","-0.027","  2.718","4.97e-02",0.587702313,NA,NA,NA
"PDIA5","Stem-cell-iPSC","ANX","sQTL","Wald ratio","1.000"," 0.077","  2.718","4.98e-02",0.12460847,NA,NA,NA
"MFAP3L","Stem-cell-iPSC","ANX","sQTL","Wald ratio","1.000"," 0.110","  2.718","4.98e-02",0.027806895,NA,NA,NA
"TET3","Stem-cell-iPSC","ANX","sQTL","Wald ratio","1.000"," 0.008","  2.718","4.98e-02",0.88022426,NA,NA,NA
"PIP5K1B","Stem-cell-iPSC","ANX","sQTL","Wald ratio","1.000","-0.016","  2.718","4.99e-02",0.749813379,NA,NA,NA
"TBCK","Stem-cell-iPSC","ANX","sQTL","Wald ratio","1.000"," 0.036","  2.718","4.99e-02",0.471589469,NA,NA,NA
"RN7SKP93","Stem-cell-iPSC","ANX","sQTL","Wald ratio","1.000"," 0.044","  2.718","4.99e-02",0.372947554,NA,NA,NA
"LINC01183","Stem-cell-iPSC","ANX","sQTL","Wald ratio","1.000","-0.029","  2.718","4.99e-02",0.55983246,NA,NA,NA
"C1orf106","Stem-cell-iPSC","ANX","sQTL","Wald ratio","1.000"," 0.076","  2.718","5.00e-02",0.126722088,NA,NA,NA
"CDK14","Stem-cell-iPSC","ANX","sQTL","Simple mode","3.000"," 0.011"," 20.086","5.00e-02",0.85034431,0.698168918,0.780058228,0.66134569
"GAPDHP16","Stem-cell-iPSC","ANX","sQTL","Wald ratio","1.000","-0.042","  2.718","5.00e-02",0.39630517,NA,NA,NA
"DCUN1D3","Stem-cell-iPSC","ANX","sQTL","Wald ratio","1.000","-0.003","  2.718","5.01e-02",0.948480235,NA,NA,NA
"DOPEY2","Stem-cell-iPSC","ANX","sQTL","Wald ratio","1.000"," 0.019","  2.718","5.01e-02",0.704954637,NA,NA,NA
"LMCD1-AS1","Stem-cell-iPSC","ANX","sQTL","Weighted mode","3.000","-0.022"," 20.086","5.01e-02",0.701217193,0.455121983,0.224761933,0.363258346
"TNN","Stem-cell-iPSC","ANX","sQTL","Wald ratio","1.000","-0.093","  2.718","5.01e-02",0.064532234,NA,NA,NA
"SLC35B3","Stem-cell-iPSC","ANX","sQTL","Wald ratio","1.000"," 0.004","  2.718","5.01e-02",0.936499458,NA,NA,NA
"RXFP2","Stem-cell-iPSC","ANX","sQTL","Wald ratio","1.000"," 0.015","  2.718","5.02e-02",0.757647558,NA,NA,NA
"C3orf33","Stem-cell-iPSC","ANX","sQTL","Wald ratio","1.000"," 0.002","  2.718","5.03e-02",0.971875281,NA,NA,NA
"PYROXD2","Stem-cell-iPSC","ANX","sQTL","Wald ratio","1.000"," 0.065","  2.718","5.04e-02",0.196375739,NA,NA,NA
"EREG","Stem-cell-iPSC","ANX","sQTL","Wald ratio","1.000","-0.032","  2.718","5.04e-02",0.520316801,NA,NA,NA
"ABCC4","Stem-cell-iPSC","ANX","sQTL","Wald ratio","1.000"," 0.083","  2.718","5.04e-02",0.098750134,NA,NA,NA
"LOXL4","Stem-cell-iPSC","ANX","sQTL","Wald ratio","1.000"," 0.042","  2.718","5.04e-02",0.407112608,NA,NA,NA
"ITGAV","Stem-cell-iPSC","ANX","sQTL","Wald ratio","1.000","-0.063","  2.718","5.04e-02",0.209889272,NA,NA,NA
"LOXHD1","Stem-cell-iPSC","ANX","sQTL","Wald ratio","1.000"," 0.036","  2.718","5.05e-02",0.474819354,NA,NA,NA
"GALNTL6","Stem-cell-iPSC","ANX","sQTL","Inverse variance weighted","2.000","-0.050","  7.389","5.06e-02",0.325052686,NA,0.773809722,NA
"ACTL10","Stem-cell-iPSC","ANX","sQTL","Wald ratio","1.000"," 0.007","  2.718","5.07e-02",0.886403006,NA,NA,NA
"MYO1C","Stem-cell-iPSC","ANX","sQTL","Wald ratio","1.000","-0.112","  2.718","5.07e-02",0.027058928,NA,NA,NA
"FGF9","Stem-cell-iPSC","ANX","sQTL","Wald ratio","1.000"," 0.101","  2.718","5.07e-02",0.046833274,NA,NA,NA
"CSMD2","Stem-cell-iPSC","ANX","sQTL","Wald ratio","1.000"," 0.006","  2.718","5.07e-02",0.906952677,NA,NA,NA
"GPR78","Stem-cell-iPSC","ANX","sQTL","Wald ratio","1.000"," 0.002","  2.718","5.08e-02",0.961898987,NA,NA,NA
"PTPRG","Stem-cell-iPSC","ANX","sQTL","Inverse variance weighted","2.000"," 0.008","  7.389","5.08e-02",0.880632101,NA,0.453045543,NA
"HAGLROS","Stem-cell-iPSC","ANX","sQTL","Wald ratio","1.000"," 0.054","  2.718","5.08e-02",0.285085208,NA,NA,NA
"CHMP6","Stem-cell-iPSC","ANX","sQTL","Wald ratio","1.000","-0.011","  2.718","5.08e-02",0.822376206,NA,NA,NA
"ST13P12","Stem-cell-iPSC","ANX","sQTL","Wald ratio","1.000","-0.026","  2.718","5.09e-02",0.616011838,NA,NA,NA
"MED30","Stem-cell-iPSC","ANX","sQTL","Wald ratio","1.000","-0.060","  2.718","5.10e-02",0.236067289,NA,NA,NA
"PALM2","Stem-cell-iPSC","ANX","sQTL","Wald ratio","1.000"," 0.054","  2.718","5.10e-02",0.289680156,NA,NA,NA
"TBC1D5","Stem-cell-iPSC","ANX","sQTL","Wald ratio","1.000"," 0.071","  2.718","5.10e-02",0.163149221,NA,NA,NA
"DOCK5","Stem-cell-iPSC","ANX","sQTL","Wald ratio","1.000"," 0.070","  2.718","5.10e-02",0.168547984,NA,NA,NA
"ARPP21","Stem-cell-iPSC","ANX","sQTL","Wald ratio","1.000"," 0.065","  2.718","5.10e-02",0.205483772,NA,NA,NA
"COL27A1","Stem-cell-iPSC","ANX","sQTL","Wald ratio","1.000"," 0.049","  2.718","5.11e-02",0.337586815,NA,NA,NA
"SLC24A3","Stem-cell-iPSC","ANX","sQTL","Inverse variance weighted","2.000"," 0.021","  7.389","5.11e-02",0.68697126,NA,0.098993595,NA
"ANXA2","Stem-cell-iPSC","ANX","sQTL","Wald ratio","1.000","-0.033","  2.718","5.11e-02",0.513210928,NA,NA,NA
"LINC00410","Stem-cell-iPSC","ANX","sQTL","Wald ratio","1.000"," 0.019","  2.718","5.13e-02",0.711918252,NA,NA,NA
"GLIS3","Stem-cell-iPSC","ANX","sQTL","Wald ratio","1.000","-0.041","  2.718","5.13e-02",0.427655554,NA,NA,NA
"LMCD1-AS1","Stem-cell-iPSC","ANX","sQTL","Weighted median","3.000","-0.040"," 20.086","5.13e-02",0.440790918,0.455121983,0.224761933,0.363258346
"LINC01559","Stem-cell-iPSC","ANX","sQTL","Wald ratio","1.000"," 0.068","  2.718","5.13e-02",0.18408976,NA,NA,NA
"FBLN5","Stem-cell-iPSC","ANX","sQTL","Wald ratio","1.000"," 0.073","  2.718","5.14e-02",0.152358578,NA,NA,NA
"PRKG1","Stem-cell-iPSC","ANX","sQTL","Weighted mode","3.000","-0.034"," 20.086","5.14e-02",0.574566601,0.009010818,0.018628476,0.752401217
"LINC00540","Stem-cell-iPSC","ANX","sQTL","Weighted median","3.000"," 0.002"," 20.086","5.15e-02",0.965766548,0.460404841,0.483957026,0.51559811
"PITPNM2","Stem-cell-iPSC","ANX","sQTL","Wald ratio","1.000","-0.019","  2.718","5.15e-02",0.708230879,NA,NA,NA
"MEF2D","Stem-cell-iPSC","ANX","sQTL","Wald ratio","1.000"," 0.020","  2.718","5.15e-02",0.703347983,NA,NA,NA
"RN7SL401P","Stem-cell-iPSC","ANX","sQTL","Wald ratio","1.000"," 0.010","  2.718","5.15e-02",0.839698458,NA,NA,NA
"FSTL5","Stem-cell-iPSC","ANX","sQTL","Wald ratio","1.000"," 0.016","  2.718","5.16e-02",0.759414306,NA,NA,NA
"RNU1-44P","Stem-cell-iPSC","ANX","sQTL","Wald ratio","1.000","-0.010","  2.718","5.17e-02",0.846211384,NA,NA,NA
"GLRX3","Stem-cell-iPSC","ANX","sQTL","Wald ratio","1.000","-0.017","  2.718","5.17e-02",0.74474109,NA,NA,NA
"AGPAT5","Stem-cell-iPSC","ANX","sQTL","Wald ratio","1.000","-0.052","  2.718","5.17e-02",0.318801849,NA,NA,NA
"EYS","Stem-cell-iPSC","ANX","sQTL","Wald ratio","1.000"," 0.004","  2.718","5.17e-02",0.936237256,NA,NA,NA
"MANEA-AS1","Stem-cell-iPSC","ANX","sQTL","Wald ratio","1.000","-0.041","  2.718","5.18e-02",0.427717554,NA,NA,NA
"AUTS2","Stem-cell-iPSC","ANX","sQTL","Inverse variance weighted","2.000","-0.063","  7.389","5.18e-02",0.225388047,NA,0.08738639,NA
"NPC1","Stem-cell-iPSC","ANX","sQTL","Wald ratio","1.000"," 0.013","  2.718","5.18e-02",0.807548572,NA,NA,NA
"FGF12","Stem-cell-iPSC","ANX","sQTL","Wald ratio","1.000"," 0.025","  2.718","5.18e-02",0.629332435,NA,NA,NA
"LINC01362","Stem-cell-iPSC","ANX","sQTL","Inverse variance weighted","2.000"," 0.007","  7.389","5.19e-02",0.894519798,NA,0.409206324,NA
"KSR2","Stem-cell-iPSC","ANX","sQTL","Wald ratio","1.000","-0.013","  2.718","5.19e-02",0.796207599,NA,NA,NA
"DPCD","Stem-cell-iPSC","ANX","sQTL","Wald ratio","1.000"," 0.077","  2.718","5.20e-02",0.137504487,NA,NA,NA
"HIF1AN","Stem-cell-iPSC","ANX","sQTL","Wald ratio","1.000"," 0.039","  2.718","5.20e-02",0.458586448,NA,NA,NA
"AHCYP4","Stem-cell-iPSC","ANX","sQTL","Inverse variance weighted","2.000","-0.034","  7.389","5.20e-02",0.512721761,NA,0.825598647,NA
"ALPK1","Stem-cell-iPSC","ANX","sQTL","Wald ratio","1.000","-0.022","  2.718","5.22e-02",0.677101022,NA,NA,NA
"LNX2","Stem-cell-iPSC","ANX","sQTL","Wald ratio","1.000","-0.030","  2.718","5.23e-02",0.565082578,NA,NA,NA
"RPEP2","Stem-cell-iPSC","ANX","sQTL","Wald ratio","1.000"," 0.001","  2.718","5.23e-02",0.981172613,NA,NA,NA
"MEGF10","Stem-cell-iPSC","ANX","sQTL","Wald ratio","1.000","-0.012","  2.718","5.24e-02",0.81398046,NA,NA,NA
"FECHP1","Stem-cell-iPSC","ANX","sQTL","Wald ratio","1.000","-0.018","  2.718","5.24e-02",0.734002761,NA,NA,NA
"KDR","Stem-cell-iPSC","ANX","sQTL","Inverse variance weighted","2.000"," 0.025","  7.389","5.25e-02",0.629367998,NA,0.697854476,NA
"RNF217-AS1","Stem-cell-iPSC","ANX","sQTL","Wald ratio","1.000","-0.061","  2.718","5.25e-02",0.243345009,NA,NA,NA
"LOR","Stem-cell-iPSC","ANX","sQTL","Wald ratio","1.000","-0.018","  2.718","5.25e-02",0.72949724,NA,NA,NA
"TSPAN2","Stem-cell-iPSC","ANX","sQTL","Wald ratio","1.000","-0.030","  2.718","5.25e-02",0.565031207,NA,NA,NA
"EMC8","Stem-cell-iPSC","ANX","sQTL","Wald ratio","1.000"," 0.023","  2.718","5.25e-02",0.659029657,NA,NA,NA
"MYOF","Stem-cell-iPSC","ANX","sQTL","Wald ratio","1.000"," 0.090","  2.718","5.25e-02",0.085411246,NA,NA,NA
"CHSY3","Stem-cell-iPSC","ANX","sQTL","Wald ratio","1.000","-0.015","  2.718","5.28e-02",0.773071345,NA,NA,NA
"RIOK3P1","Stem-cell-iPSC","ANX","sQTL","Wald ratio","1.000"," 0.015","  2.718","5.28e-02",0.772864736,NA,NA,NA
"TRPC4","Stem-cell-iPSC","ANX","sQTL","Wald ratio","1.000","-0.073","  2.718","5.29e-02",0.167910982,NA,NA,NA
"KANK4","Stem-cell-iPSC","ANX","sQTL","Wald ratio","1.000"," 0.025","  2.718","5.30e-02",0.643589048,NA,NA,NA
"LINC01037","Stem-cell-iPSC","ANX","sQTL","Wald ratio","1.000","-0.013","  2.718","5.30e-02",0.804689517,NA,NA,NA
"OVCH2","Stem-cell-iPSC","ANX","sQTL","Wald ratio","1.000","-0.125","  2.718","5.30e-02",0.018085578,NA,NA,NA
"SMYD2","Stem-cell-iPSC","ANX","sQTL","Wald ratio","1.000","-0.074","  2.718","5.31e-02",0.161513318,NA,NA,NA
"CNTN4-AS1","Stem-cell-iPSC","ANX","sQTL","Wald ratio","1.000"," 0.045","  2.718","5.31e-02",0.399895484,NA,NA,NA
"TNIK","Stem-cell-iPSC","ANX","sQTL","Inverse variance weighted","2.000"," 0.084","  7.389","5.32e-02",0.11377332,NA,0.176516365,NA
"CTNND2","Stem-cell-iPSC","ANX","sQTL","Inverse variance weighted","2.000","-0.088","  7.389","5.32e-02",0.097995978,NA,0.845813441,NA
"GRK5","Stem-cell-iPSC","ANX","sQTL","Wald ratio","1.000"," 0.018","  2.718","5.32e-02",0.74226222,NA,NA,NA
"ECM1P2","Stem-cell-iPSC","ANX","sQTL","Wald ratio","1.000","-0.020","  2.718","5.33e-02",0.705828227,NA,NA,NA
"RIIAD1","Stem-cell-iPSC","ANX","sQTL","Wald ratio","1.000"," 0.098","  2.718","5.34e-02",0.065126651,NA,NA,NA
"DYX1C1-CCPG1","Stem-cell-iPSC","ANX","sQTL","Wald ratio","1.000","-0.016","  2.718","5.34e-02",0.758872277,NA,NA,NA
"LMCD1-AS1","Stem-cell-iPSC","ANX","sQTL","Inverse variance weighted","3.000","-0.058"," 20.086","5.34e-02",0.280973708,0.455121983,0.224761933,0.363258346
"CHRNA7","Stem-cell-iPSC","ANX","sQTL","Wald ratio","1.000"," 0.027","  2.718","5.35e-02",0.620036711,NA,NA,NA
"PGR","Stem-cell-iPSC","ANX","sQTL","Wald ratio","1.000"," 0.011","  2.718","5.36e-02",0.844045632,NA,NA,NA
"KCNQ1","Stem-cell-iPSC","ANX","sQTL","Wald ratio","1.000","-0.016","  2.718","5.36e-02",0.767646671,NA,NA,NA
"PSMF1","Stem-cell-iPSC","ANX","sQTL","Wald ratio","1.000"," 0.027","  2.718","5.36e-02",0.617075077,NA,NA,NA
"RNU6-889P","Stem-cell-iPSC","ANX","sQTL","Wald ratio","1.000"," 0.066","  2.718","5.37e-02",0.219383528,NA,NA,NA
"CBLN2","Stem-cell-iPSC","ANX","sQTL","Wald ratio","1.000"," 0.004","  2.718","5.38e-02",0.947902571,NA,NA,NA
"CSNK1A1","Stem-cell-iPSC","ANX","sQTL","Wald ratio","1.000","-0.058","  2.718","5.38e-02",0.281817103,NA,NA,NA
"MIR5093","Stem-cell-iPSC","ANX","sQTL","Wald ratio","1.000"," 0.010","  2.718","5.39e-02",0.848351221,NA,NA,NA
"LINC00941","Stem-cell-iPSC","ANX","sQTL","Wald ratio","1.000"," 0.153","  2.718","5.40e-02",0.004622053,NA,NA,NA
"ECHDC2","Stem-cell-iPSC","ANX","sQTL","Wald ratio","1.000","-0.019","  2.718","5.41e-02",0.725761483,NA,NA,NA
"CACYBPP2","Stem-cell-iPSC","ANX","sQTL","Wald ratio","1.000"," 0.002","  2.718","5.42e-02",0.969064863,NA,NA,NA
"WWC1","Stem-cell-iPSC","ANX","sQTL","Wald ratio","1.000","-0.024","  2.718","5.42e-02",0.659024241,NA,NA,NA
"CCDC38","Stem-cell-iPSC","ANX","sQTL","Wald ratio","1.000","-0.056","  2.718","5.43e-02",0.304982824,NA,NA,NA
"MTND5P34","Stem-cell-iPSC","ANX","sQTL","Wald ratio","1.000"," 0.107","  2.718","5.43e-02",0.049650478,NA,NA,NA
"KIRREL3","Stem-cell-iPSC","ANX","sQTL","Wald ratio","1.000","-0.098","  2.718","5.45e-02",0.072480302,NA,NA,NA
"ABRACL","Stem-cell-iPSC","ANX","sQTL","Wald ratio","1.000","-0.023","  2.718","5.46e-02",0.678166803,NA,NA,NA
"POLD2P1","Stem-cell-iPSC","ANX","sQTL","Wald ratio","1.000","-0.021","  2.718","5.46e-02",0.700382693,NA,NA,NA
"ALDH18A1","Stem-cell-iPSC","ANX","sQTL","Wald ratio","1.000","-0.093","  2.718","5.47e-02",0.0878771,NA,NA,NA
"NDUFB5P1","Stem-cell-iPSC","ANX","sQTL","Inverse variance weighted","2.000","-0.136","  7.389","5.47e-02",0.01278891,NA,0.780642318,NA
"KDM4C","Stem-cell-iPSC","ANX","sQTL","Wald ratio","1.000"," 0.009","  2.718","5.47e-02",0.869371998,NA,NA,NA
"SCEL","Stem-cell-iPSC","ANX","sQTL","Wald ratio","1.000","-0.005","  2.718","5.48e-02",0.933047813,NA,NA,NA
"EPHA6","Stem-cell-iPSC","ANX","sQTL","Inverse variance weighted","2.000"," 0.000","  7.389","5.48e-02",0.9991944,NA,0.056540764,NA
"NAAA","Stem-cell-iPSC","ANX","sQTL","Wald ratio","1.000"," 0.030","  2.718","5.48e-02",0.579019649,NA,NA,NA
"RABL3","Stem-cell-iPSC","ANX","sQTL","Wald ratio","1.000","-0.046","  2.718","5.48e-02",0.404362247,NA,NA,NA
"PBLD","Stem-cell-iPSC","ANX","sQTL","Wald ratio","1.000"," 0.060","  2.718","5.48e-02",0.273011454,NA,NA,NA
"RUNX3","Stem-cell-iPSC","ANX","sQTL","Wald ratio","1.000","-0.011","  2.718","5.48e-02",0.840283695,NA,NA,NA
"FRY","Stem-cell-iPSC","ANX","sQTL","Wald ratio","1.000","-0.012","  2.718","5.49e-02",0.831197374,NA,NA,NA
"DTWD1","Stem-cell-iPSC","ANX","sQTL","Wald ratio","1.000","-0.015","  2.718","5.49e-02",0.78369287,NA,NA,NA
"PTMAP5","Stem-cell-iPSC","ANX","sQTL","Inverse variance weighted","2.000"," 0.074","  7.389","5.49e-02",0.175324216,NA,0.195927784,NA
"MEGF11","Stem-cell-iPSC","ANX","sQTL","Wald ratio","1.000"," 0.040","  2.718","5.51e-02",0.470157863,NA,NA,NA
"RGS7","Stem-cell-iPSC","ANX","sQTL","Wald ratio","1.000"," 0.020","  2.718","5.51e-02",0.713318199,NA,NA,NA
"SMOX","Stem-cell-iPSC","ANX","sQTL","Wald ratio","1.000","-0.093","  2.718","5.56e-02",0.094823028,NA,NA,NA
"MC5R","Stem-cell-iPSC","ANX","sQTL","Wald ratio","1.000","-0.008","  2.718","5.56e-02",0.8879616,NA,NA,NA
"RERGL","Stem-cell-iPSC","ANX","sQTL","Wald ratio","1.000","-0.041","  2.718","5.56e-02",0.45960599,NA,NA,NA
"FNDC3B","Stem-cell-iPSC","ANX","sQTL","Wald ratio","1.000"," 0.043","  2.718","5.57e-02",0.43904344,NA,NA,NA
"SGCD","Stem-cell-iPSC","ANX","sQTL","Wald ratio","1.000"," 0.011","  2.718","5.58e-02",0.844233751,NA,NA,NA
"CALML3","Stem-cell-iPSC","ANX","sQTL","Wald ratio","1.000","-0.036","  2.718","5.58e-02",0.520575786,NA,NA,NA
"DLG2","Stem-cell-iPSC","ANX","sQTL","Weighted median","3.000","-0.011"," 20.086","5.58e-02",0.838690929,0.383688239,0.180407794,0.349825481
"BST1","Stem-cell-iPSC","ANX","sQTL","Wald ratio","1.000"," 0.097","  2.718","5.59e-02",0.083692619,NA,NA,NA
"SUSD1","Stem-cell-iPSC","ANX","sQTL","Wald ratio","1.000"," 0.006","  2.718","5.59e-02",0.915675696,NA,NA,NA
"VENTXP2","Stem-cell-iPSC","ANX","sQTL","Wald ratio","1.000","-0.047","  2.718","5.59e-02",0.40049861,NA,NA,NA
"MYRIP","Stem-cell-iPSC","ANX","sQTL","Wald ratio","1.000"," 0.009","  2.718","5.60e-02",0.874174887,NA,NA,NA
"MEPE","Stem-cell-iPSC","ANX","sQTL","Wald ratio","1.000","-0.030","  2.718","5.62e-02",0.589710088,NA,NA,NA
"PRRC2B","Stem-cell-iPSC","ANX","sQTL","Wald ratio","1.000"," 0.046","  2.718","5.63e-02",0.409146337,NA,NA,NA
"SNTG1","Stem-cell-iPSC","ANX","sQTL","Wald ratio","1.000","-0.014","  2.718","5.64e-02",0.801495259,NA,NA,NA
"ANKRD50","Stem-cell-iPSC","ANX","sQTL","Wald ratio","1.000","-0.076","  2.718","5.65e-02",0.180576191,NA,NA,NA
"VTI1A","Stem-cell-iPSC","ANX","sQTL","Wald ratio","1.000","-0.127","  2.718","5.69e-02",0.025001516,NA,NA,NA
"CCSER1","Stem-cell-iPSC","ANX","sQTL","Weighted mode","3.000"," 0.103"," 20.086","5.69e-02",0.210806762,0.528722417,0.452259805,0.472329255
"TSKU","Stem-cell-iPSC","ANX","sQTL","Wald ratio","1.000"," 0.083","  2.718","5.69e-02",0.143353957,NA,NA,NA
"KLRAP1","Stem-cell-iPSC","ANX","sQTL","Wald ratio","1.000"," 0.002","  2.718","5.69e-02",0.967932876,NA,NA,NA
"OSBPL10","Stem-cell-iPSC","ANX","sQTL","Simple mode","3.000"," 0.059"," 20.086","5.70e-02",0.409003735,0.857532881,0.515292629,0.459115353
"ITGBL1","Stem-cell-iPSC","ANX","sQTL","Wald ratio","1.000"," 0.003","  2.718","5.72e-02",0.963641786,NA,NA,NA
"RNU6-356P","Stem-cell-iPSC","ANX","sQTL","Wald ratio","1.000"," 0.093","  2.718","5.72e-02",0.104162559,NA,NA,NA
"LINC00635","Stem-cell-iPSC","ANX","sQTL","Wald ratio","1.000"," 0.001","  2.718","5.72e-02",0.97983091,NA,NA,NA
"MIR4425","Stem-cell-iPSC","ANX","sQTL","Wald ratio","1.000"," 0.053","  2.718","5.73e-02",0.354222291,NA,NA,NA
"PARK2","Stem-cell-iPSC","ANX","sQTL","Weighted median","3.000","-0.015"," 20.086","5.73e-02",0.799579053,0.797969111,0.6967462,0.566336025
"NAALADL2","Stem-cell-iPSC","ANX","sQTL","Simple mode","3.000","-0.021"," 20.086","5.73e-02",0.747335661,0.28182333,0.029022679,0.265102829
"DLG2","Stem-cell-iPSC","ANX","sQTL","Simple mode","3.000","-0.017"," 20.086","5.74e-02",0.796406962,0.383688239,0.180407794,0.349825481
"GYG1P2","Stem-cell-iPSC","ANX","sQTL","Wald ratio","1.000"," 0.069","  2.718","5.75e-02",0.228602718,NA,NA,NA
"PRR35","Stem-cell-iPSC","ANX","sQTL","Wald ratio","1.000"," 0.022","  2.718","5.75e-02",0.695918774,NA,NA,NA
"RAI14","Stem-cell-iPSC","ANX","sQTL","Wald ratio","1.000","-0.093","  2.718","5.76e-02",0.10811107,NA,NA,NA
"INHBB","Stem-cell-iPSC","ANX","sQTL","Wald ratio","1.000"," 0.120","  2.718","5.77e-02",0.037080137,NA,NA,NA
"PRKG1","Stem-cell-iPSC","ANX","sQTL","Simple mode","3.000","-0.014"," 20.086","5.77e-02",0.836406501,0.009010818,0.018628476,0.752401217
"LSM1P2","Stem-cell-iPSC","ANX","sQTL","Wald ratio","1.000","-0.021","  2.718","5.78e-02",0.719518603,NA,NA,NA
"TMCO3","Stem-cell-iPSC","ANX","sQTL","Wald ratio","1.000","-0.094","  2.718","5.79e-02",0.104162559,NA,NA,NA
"MIR4300HG","Stem-cell-iPSC","ANX","sQTL","Wald ratio","1.000"," 0.043","  2.718","5.80e-02",0.460050288,NA,NA,NA
"ARHGAP24","Stem-cell-iPSC","ANX","sQTL","Wald ratio","1.000","-0.045","  2.718","5.80e-02",0.440499585,NA,NA,NA
"LINC01264","Stem-cell-iPSC","ANX","sQTL","Wald ratio","1.000"," 0.032","  2.718","5.82e-02",0.579137634,NA,NA,NA
"ADGRL3","Stem-cell-iPSC","ANX","sQTL","Wald ratio","1.000"," 0.009","  2.718","5.83e-02",0.880020367,NA,NA,NA
"MCF2L2","Stem-cell-iPSC","ANX","sQTL","Wald ratio","1.000","-0.045","  2.718","5.85e-02",0.440102152,NA,NA,NA
"ZBTB7C","Stem-cell-iPSC","ANX","sQTL","Inverse variance weighted","2.000"," 0.111","  7.389","5.87e-02",0.058645445,NA,0.410209678,NA
"CCDC188","Stem-cell-iPSC","ANX","sQTL","Wald ratio","1.000","-0.123","  2.718","5.87e-02",0.03530734,NA,NA,NA
"ACER2","Stem-cell-iPSC","ANX","sQTL","Wald ratio","1.000","-0.059","  2.718","5.89e-02",0.312385024,NA,NA,NA
"CLSTN2","Stem-cell-iPSC","ANX","sQTL","Inverse variance weighted","2.000"," 0.058","  7.389","5.89e-02",0.322453975,NA,0.081928328,NA
"MACROD2","Stem-cell-iPSC","ANX","sQTL","Inverse variance weighted","2.000","-0.096","  7.389","5.90e-02",0.104540676,NA,0.32342812,NA
"SLC4A2","Stem-cell-iPSC","ANX","sQTL","Wald ratio","1.000","-0.014","  2.718","5.90e-02",0.809911239,NA,NA,NA
"LRMP","Stem-cell-iPSC","ANX","sQTL","Inverse variance weighted","2.000","-0.005","  7.389","5.90e-02",0.938421808,NA,0.898162195,NA
"C8orf37-AS1","Stem-cell-iPSC","ANX","sQTL","Inverse variance weighted","2.000"," 0.006","  7.389","5.91e-02",0.922456451,NA,0.812986014,NA
"MYO5B","Stem-cell-iPSC","ANX","sQTL","Wald ratio","1.000"," 0.001","  2.718","5.93e-02",0.987402346,NA,NA,NA
"CDH18","Stem-cell-iPSC","ANX","sQTL","Inverse variance weighted","2.000","-0.040","  7.389","5.95e-02",0.504478265,NA,0.102901559,NA
"DESI2","Stem-cell-iPSC","ANX","sQTL","Wald ratio","1.000"," 0.032","  2.718","5.97e-02",0.588672417,NA,NA,NA
"TMEM117","Stem-cell-iPSC","ANX","sQTL","Wald ratio","1.000"," 0.072","  2.718","5.99e-02",0.227763379,NA,NA,NA
"FAM189A1","Stem-cell-iPSC","ANX","sQTL","Wald ratio","1.000","-0.045","  2.718","5.99e-02",0.455754194,NA,NA,NA
"SETP7","Stem-cell-iPSC","ANX","sQTL","Wald ratio","1.000","-0.089","  2.718","5.99e-02",0.136999276,NA,NA,NA
"ADNP2","Stem-cell-iPSC","ANX","sQTL","Wald ratio","1.000"," 0.003","  2.718","6.02e-02",0.956613176,NA,NA,NA
"RELN","Stem-cell-iPSC","ANX","sQTL","Inverse variance weighted","2.000","-0.069","  7.389","6.02e-02",0.255207037,NA,0.15516244,NA
"PRICKLE2","Stem-cell-iPSC","ANX","sQTL","Wald ratio","1.000","-0.040","  2.718","6.02e-02",0.5055327,NA,NA,NA
"KCNQ3","Stem-cell-iPSC","ANX","sQTL","Simple mode","3.000"," 0.006"," 20.086","6.03e-02",0.928690668,0.172869391,0.385971883,0.900536689
"TMEM177","Stem-cell-iPSC","ANX","sQTL","Wald ratio","1.000","-0.068","  2.718","6.04e-02",0.257074299,NA,NA,NA
"ANTXRLP1","Stem-cell-iPSC","ANX","sQTL","Wald ratio","1.000"," 0.070","  2.718","6.05e-02",0.247924449,NA,NA,NA
"ALOX5AP","Stem-cell-iPSC","ANX","sQTL","Wald ratio","1.000"," 0.007","  2.718","6.05e-02",0.906875005,NA,NA,NA
"FAM135B","Stem-cell-iPSC","ANX","sQTL","Wald ratio","1.000"," 0.067","  2.718","6.05e-02",0.270609621,NA,NA,NA
"PCDH9","Stem-cell-iPSC","ANX","sQTL","Inverse variance weighted","2.000"," 0.092","  7.389","6.05e-02",0.129496103,NA,0.73850594,NA
"VDAC1P9","Stem-cell-iPSC","ANX","sQTL","Wald ratio","1.000","-0.033","  2.718","6.06e-02",0.581989663,NA,NA,NA
"FHDC1","Stem-cell-iPSC","ANX","sQTL","Wald ratio","1.000"," 0.085","  2.718","6.06e-02",0.163183435,NA,NA,NA
"FAM78B","Stem-cell-iPSC","ANX","sQTL","Wald ratio","1.000"," 0.032","  2.718","6.07e-02",0.596028399,NA,NA,NA
"EIF1B","Stem-cell-iPSC","ANX","sQTL","Wald ratio","1.000","-0.030","  2.718","6.07e-02",0.620812151,NA,NA,NA
"ADARB2","Stem-cell-iPSC","ANX","sQTL","Inverse variance weighted","2.000"," 0.037","  7.389","6.08e-02",0.540268817,NA,0.216271671,NA
"OLFML3","Stem-cell-iPSC","ANX","sQTL","Inverse variance weighted","2.000"," 0.018","  7.389","6.08e-02",0.762734289,NA,0.780940974,NA
"RASGRP3","Stem-cell-iPSC","ANX","sQTL","Inverse variance weighted","2.000","-0.063","  7.389","6.10e-02",0.298461865,NA,0.92618312,NA
"PPM1AP1","Stem-cell-iPSC","ANX","sQTL","Wald ratio","1.000","-0.037","  2.718","6.10e-02",0.539771942,NA,NA,NA
"BMP3","Stem-cell-iPSC","ANX","sQTL","Wald ratio","1.000"," 0.058","  2.718","6.11e-02",0.343688385,NA,NA,NA
"KLHL1","Stem-cell-iPSC","ANX","sQTL","Wald ratio","1.000","-0.044","  2.718","6.12e-02",0.467862349,NA,NA,NA
"SLC39A9","Stem-cell-iPSC","ANX","sQTL","Wald ratio","1.000","-0.083","  2.718","6.13e-02",0.174968672,NA,NA,NA
"LSM11","Stem-cell-iPSC","ANX","sQTL","Wald ratio","1.000"," 0.055","  2.718","6.15e-02",0.366776945,NA,NA,NA
"IL21R","Stem-cell-iPSC","ANX","sQTL","Wald ratio","1.000","-0.117","  2.718","6.15e-02",0.056763408,NA,NA,NA
"SCAF11","Stem-cell-iPSC","ANX","sQTL","Wald ratio","1.000"," 0.139","  2.718","6.16e-02",0.024493938,NA,NA,NA
"ARHGEF26","Stem-cell-iPSC","ANX","sQTL","Wald ratio","1.000","-0.027","  2.718","6.16e-02",0.664157635,NA,NA,NA
"CHFR","Stem-cell-iPSC","ANX","sQTL","Wald ratio","1.000"," 0.037","  2.718","6.17e-02",0.550687496,NA,NA,NA
"OPCML","Stem-cell-iPSC","ANX","sQTL","Wald ratio","1.000"," 0.044","  2.718","6.18e-02",0.475255941,NA,NA,NA
"MARCO","Stem-cell-iPSC","ANX","sQTL","Wald ratio","1.000"," 0.061","  2.718","6.19e-02",0.322717507,NA,NA,NA
"GSTM2P1","Stem-cell-iPSC","ANX","sQTL","Wald ratio","1.000"," 0.117","  2.718","6.19e-02",0.058598758,NA,NA,NA
"PRKG1","Stem-cell-iPSC","ANX","sQTL","Weighted median","3.000","-0.039"," 20.086","6.19e-02",0.533749148,0.009010818,0.018628476,0.752401217
"DOCK4","Stem-cell-iPSC","ANX","sQTL","Wald ratio","1.000"," 0.109","  2.718","6.19e-02",0.079576501,NA,NA,NA
"LINC00680","Stem-cell-iPSC","ANX","sQTL","Wald ratio","1.000"," 0.106","  2.718","6.21e-02",0.087092651,NA,NA,NA
"NEDD4L","Stem-cell-iPSC","ANX","sQTL","Inverse variance weighted","2.000"," 0.047","  7.389","6.21e-02",0.445582911,NA,0.133315368,NA
"LIFR-AS1","Stem-cell-iPSC","ANX","sQTL","Wald ratio","1.000","-0.064","  2.718","6.21e-02",0.306436813,NA,NA,NA
"INPP4B","Stem-cell-iPSC","ANX","sQTL","Wald ratio","1.000"," 0.073","  2.718","6.23e-02",0.238957853,NA,NA,NA
"RPSAP12","Stem-cell-iPSC","ANX","sQTL","Wald ratio","1.000"," 0.084","  2.718","6.25e-02",0.179710841,NA,NA,NA
"DNAJC27-AS1","Stem-cell-iPSC","ANX","sQTL","Wald ratio","1.000","-0.088","  2.718","6.27e-02",0.161964101,NA,NA,NA
"OAT","Stem-cell-iPSC","ANX","sQTL","Wald ratio","1.000"," 0.028","  2.718","6.30e-02",0.657869068,NA,NA,NA
"KCNIP1","Stem-cell-iPSC","ANX","sQTL","Wald ratio","1.000"," 0.001","  2.718","6.30e-02",0.98947875,NA,NA,NA
"PLCL2","Stem-cell-iPSC","ANX","sQTL","Wald ratio","1.000"," 0.093","  2.718","6.31e-02",0.140848992,NA,NA,NA
"EMCN","Stem-cell-iPSC","ANX","sQTL","Wald ratio","1.000","-0.066","  2.718","6.31e-02",0.293465568,NA,NA,NA
"MAP3K9","Stem-cell-iPSC","ANX","sQTL","Wald ratio","1.000","-0.052","  2.718","6.32e-02",0.412243848,NA,NA,NA
"CCSER1","Stem-cell-iPSC","ANX","sQTL","Simple mode","3.000"," 0.100"," 20.086","6.33e-02",0.253715443,0.528722417,0.452259805,0.472329255
"NCKAP5","Stem-cell-iPSC","ANX","sQTL","Wald ratio","1.000","-0.040","  2.718","6.34e-02",0.524539436,NA,NA,NA
"VAMP1","Stem-cell-iPSC","ANX","sQTL","Wald ratio","1.000"," 0.076","  2.718","6.35e-02",0.229314071,NA,NA,NA
"RNF123","Stem-cell-iPSC","ANX","sQTL","Wald ratio","1.000","-0.024","  2.718","6.37e-02",0.708008676,NA,NA,NA
"FGF14","Stem-cell-iPSC","ANX","sQTL","Wald ratio","1.000"," 0.042","  2.718","6.37e-02",0.50837143,NA,NA,NA
"BCAS1","Stem-cell-iPSC","ANX","sQTL","Wald ratio","1.000","-0.068","  2.718","6.38e-02",0.285249235,NA,NA,NA
"USP13","Stem-cell-iPSC","ANX","sQTL","Wald ratio","1.000","-0.017","  2.718","6.38e-02",0.787870964,NA,NA,NA
"RPS11P1","Stem-cell-iPSC","ANX","sQTL","Wald ratio","1.000"," 0.029","  2.718","6.39e-02",0.649708873,NA,NA,NA
"TAF1B","Stem-cell-iPSC","ANX","sQTL","Wald ratio","1.000"," 0.040","  2.718","6.41e-02",0.535884989,NA,NA,NA
"EIF1AD","Stem-cell-iPSC","ANX","sQTL","Wald ratio","1.000","-0.060","  2.718","6.41e-02",0.345478273,NA,NA,NA
"LRP1B","Stem-cell-iPSC","ANX","sQTL","Inverse variance weighted","2.000"," 0.039","  7.389","6.42e-02",0.539917335,NA,0.703740354,NA
"LVRN","Stem-cell-iPSC","ANX","sQTL","Wald ratio","1.000","-0.036","  2.718","6.45e-02",0.573028775,NA,NA,NA
"LEP","Stem-cell-iPSC","ANX","sQTL","Wald ratio","1.000","-0.087","  2.718","6.46e-02",0.179529431,NA,NA,NA
"PTPN14","Stem-cell-iPSC","ANX","sQTL","Wald ratio","1.000"," 0.029","  2.718","6.47e-02",0.655819106,NA,NA,NA
"PARK2","Stem-cell-iPSC","ANX","sQTL","Weighted mode","3.000","-0.003"," 20.086","6.47e-02",0.967484887,0.797969111,0.6967462,0.566336025
"ANK3","Stem-cell-iPSC","ANX","sQTL","Wald ratio","1.000","-0.009","  2.718","6.48e-02",0.885977263,NA,NA,NA
"TPT1P2","Stem-cell-iPSC","ANX","sQTL","Wald ratio","1.000"," 0.005","  2.718","6.49e-02",0.944261112,NA,NA,NA
"ZSCAN18","Stem-cell-iPSC","ANX","sQTL","Wald ratio","1.000"," 0.049","  2.718","6.51e-02",0.453765269,NA,NA,NA
"MTSS1","Stem-cell-iPSC","ANX","sQTL","Wald ratio","1.000","-0.089","  2.718","6.53e-02",0.17145308,NA,NA,NA
"SCN8A","Stem-cell-iPSC","ANX","sQTL","Wald ratio","1.000"," 0.052","  2.718","6.54e-02",0.422655744,NA,NA,NA
"JAZF1","Stem-cell-iPSC","ANX","sQTL","Wald ratio","1.000"," 0.163","  2.718","6.54e-02",0.012963057,NA,NA,NA
"CDH8","Stem-cell-iPSC","ANX","sQTL","Wald ratio","1.000"," 0.048","  2.718","6.54e-02",0.464652548,NA,NA,NA
"RFX3","Stem-cell-iPSC","ANX","sQTL","Wald ratio","1.000"," 0.082","  2.718","6.55e-02",0.209498707,NA,NA,NA
"FAM234A","Stem-cell-iPSC","ANX","sQTL","Wald ratio","1.000","-0.013","  2.718","6.57e-02",0.83873739,NA,NA,NA
"PBX1","Stem-cell-iPSC","ANX","sQTL","Wald ratio","1.000","-0.048","  2.718","6.59e-02",0.470028021,NA,NA,NA
"RB1CC1","Stem-cell-iPSC","ANX","sQTL","Wald ratio","1.000"," 0.105","  2.718","6.61e-02",0.111442435,NA,NA,NA
"ANGPT1","Stem-cell-iPSC","ANX","sQTL","Inverse variance weighted","2.000"," 0.044","  7.389","6.62e-02",0.506592034,NA,0.094793357,NA
"LDHC","Stem-cell-iPSC","ANX","sQTL","Wald ratio","1.000","-0.044","  2.718","6.62e-02",0.503357662,NA,NA,NA
"SLC7A1","Stem-cell-iPSC","ANX","sQTL","Wald ratio","1.000"," 0.039","  2.718","6.63e-02",0.553453838,NA,NA,NA
"PCCA","Stem-cell-iPSC","ANX","sQTL","Wald ratio","1.000"," 0.018","  2.718","6.64e-02",0.781275467,NA,NA,NA
"PSMG1","Stem-cell-iPSC","ANX","sQTL","Wald ratio","1.000","-0.035","  2.718","6.64e-02",0.594106449,NA,NA,NA
"DGKD","Stem-cell-iPSC","ANX","sQTL","Wald ratio","1.000"," 0.061","  2.718","6.64e-02",0.356826718,NA,NA,NA
"SYNDIG1L","Stem-cell-iPSC","ANX","sQTL","Wald ratio","1.000","-0.004","  2.718","6.65e-02",0.952035868,NA,NA,NA
"TNFRSF10C","Stem-cell-iPSC","ANX","sQTL","Wald ratio","1.000","-0.106","  2.718","6.66e-02",0.112098217,NA,NA,NA
"ADAMTS9-AS2","Stem-cell-iPSC","ANX","sQTL","Wald ratio","1.000","-0.021","  2.718","6.66e-02",0.752902263,NA,NA,NA
"PNRC2P1","Stem-cell-iPSC","ANX","sQTL","Wald ratio","1.000"," 0.142","  2.718","6.67e-02",0.03260758,NA,NA,NA
"IL34","Stem-cell-iPSC","ANX","sQTL","Wald ratio","1.000","-0.032","  2.718","6.67e-02",0.631596026,NA,NA,NA
"PRICKLE2-AS3","Stem-cell-iPSC","ANX","sQTL","Wald ratio","1.000","-0.048","  2.718","6.71e-02",0.477767632,NA,NA,NA
"ATP5A1","Stem-cell-iPSC","ANX","sQTL","Wald ratio","1.000","-0.001","  2.718","6.72e-02",0.986568234,NA,NA,NA
"NAALADL2","Stem-cell-iPSC","ANX","sQTL","Inverse variance weighted","3.000","-0.026"," 20.086","6.72e-02",0.702830847,0.28182333,0.029022679,0.265102829
"COL25A1","Stem-cell-iPSC","ANX","sQTL","Inverse variance weighted","2.000","-0.018","  7.389","6.73e-02",0.792938574,NA,0.850779984,NA
"ROBO2","Stem-cell-iPSC","ANX","sQTL","Inverse variance weighted","3.000","-0.053"," 20.086","6.73e-02",0.4320774,0.012147799,0.019671382,0.705179731
"ADAMTS18","Stem-cell-iPSC","ANX","sQTL","Wald ratio","1.000","-0.043","  2.718","6.74e-02",0.525866553,NA,NA,NA
"C2orf57","Stem-cell-iPSC","ANX","sQTL","Wald ratio","1.000","-0.026","  2.718","6.76e-02",0.699522655,NA,NA,NA
"GJC1","Stem-cell-iPSC","ANX","sQTL","Wald ratio","1.000","-0.014","  2.718","6.77e-02",0.83811823,NA,NA,NA
"RBM43","Stem-cell-iPSC","ANX","sQTL","Wald ratio","1.000","-0.012","  2.718","6.78e-02",0.854636303,NA,NA,NA
"GAS2","Stem-cell-iPSC","ANX","sQTL","Wald ratio","1.000"," 0.009","  2.718","6.78e-02",0.890193234,NA,NA,NA
"GRIN2B","Stem-cell-iPSC","ANX","sQTL","Inverse variance weighted","3.000","-0.051"," 20.086","6.79e-02",0.454224872,0.059935179,0.144646767,0.811938618
"PHYKPL","Stem-cell-iPSC","ANX","sQTL","Wald ratio","1.000","-0.022","  2.718","6.79e-02",0.744326253,NA,NA,NA
"RNF219-AS1","Stem-cell-iPSC","ANX","sQTL","Wald ratio","1.000"," 0.046","  2.718","6.80e-02",0.499062445,NA,NA,NA
"RPL31P35","Stem-cell-iPSC","ANX","sQTL","Wald ratio","1.000","-0.022","  2.718","6.81e-02",0.747266852,NA,NA,NA
"FAM83D","Stem-cell-iPSC","ANX","sQTL","Wald ratio","1.000"," 0.058","  2.718","6.82e-02",0.395325086,NA,NA,NA
"KIAA1217","Stem-cell-iPSC","ANX","sQTL","Inverse variance weighted","2.000","-0.081","  7.389","6.82e-02",0.235330191,NA,0.07319148,NA
"ZHX3","Stem-cell-iPSC","ANX","sQTL","Wald ratio","1.000","-0.051","  2.718","6.86e-02",0.455556752,NA,NA,NA
"LINC01019","Stem-cell-iPSC","ANX","sQTL","Wald ratio","1.000","-0.114","  2.718","6.87e-02",0.097015441,NA,NA,NA
"PARK2","Stem-cell-iPSC","ANX","sQTL","Simple mode","3.000","-0.015"," 20.086","6.87e-02",0.847741795,0.797969111,0.6967462,0.566336025
"PIK3CG","Stem-cell-iPSC","ANX","sQTL","Wald ratio","1.000","-0.036","  2.718","6.87e-02",0.596059801,NA,NA,NA
"PREX1","Stem-cell-iPSC","ANX","sQTL","Wald ratio","1.000","-0.043","  2.718","6.88e-02",0.536256729,NA,NA,NA
"RAB31","Stem-cell-iPSC","ANX","sQTL","Inverse variance weighted","2.000"," 0.102","  7.389","6.89e-02",0.136906229,NA,0.6896653,NA
"ST6GAL1","Stem-cell-iPSC","ANX","sQTL","Wald ratio","1.000","-0.095","  2.718","6.90e-02",0.167651023,NA,NA,NA
"RNF216P1","Stem-cell-iPSC","ANX","sQTL","Wald ratio","1.000","-0.120","  2.718","6.90e-02",0.083098461,NA,NA,NA
"LSAMP","Stem-cell-iPSC","ANX","sQTL","Inverse variance weighted","2.000","-0.070","  7.389","6.90e-02",0.313475364,NA,0.884529418,NA
"FAR1P1","Stem-cell-iPSC","ANX","sQTL","Wald ratio","1.000"," 0.144","  2.718","6.92e-02",0.036834723,NA,NA,NA
"ZDHHC14","Stem-cell-iPSC","ANX","sQTL","Wald ratio","1.000"," 0.004","  2.718","6.92e-02",0.954670973,NA,NA,NA
"RNU6-38P","Stem-cell-iPSC","ANX","sQTL","Wald ratio","1.000","-0.052","  2.718","6.92e-02",0.454354498,NA,NA,NA
"HIVEP3","Stem-cell-iPSC","ANX","sQTL","Wald ratio","1.000","-0.149","  2.718","6.93e-02",0.031480668,NA,NA,NA
"TSPAN9","Stem-cell-iPSC","ANX","sQTL","Wald ratio","1.000"," 0.015","  2.718","6.93e-02",0.832910319,NA,NA,NA
"KIAA1211","Stem-cell-iPSC","ANX","sQTL","Wald ratio","1.000","-0.039","  2.718","6.94e-02",0.57213343,NA,NA,NA
"LINC00676","Stem-cell-iPSC","ANX","sQTL","Wald ratio","1.000","-0.056","  2.718","6.96e-02",0.42399417,NA,NA,NA
"LHFP","Stem-cell-iPSC","ANX","sQTL","Wald ratio","1.000"," 0.007","  2.718","6.97e-02",0.920928101,NA,NA,NA
"RPS3AP1","Stem-cell-iPSC","ANX","sQTL","Inverse variance weighted","2.000","-0.028","  7.389","6.97e-02",0.688282498,NA,0.038076516,NA
"CLDN10","Stem-cell-iPSC","ANX","sQTL","Wald ratio","1.000","-0.094","  2.718","6.99e-02",0.17695809,NA,NA,NA
"SEMA3D","Stem-cell-iPSC","ANX","sQTL","Wald ratio","1.000","-0.116","  2.718","7.01e-02",0.097338715,NA,NA,NA
"AKTIP","Stem-cell-iPSC","ANX","sQTL","Wald ratio","1.000"," 0.085","  2.718","7.03e-02",0.228223764,NA,NA,NA
"GRM7","Stem-cell-iPSC","ANX","sQTL","Inverse variance weighted","2.000","-0.031","  7.389","7.05e-02",0.660371726,NA,0.105860601,NA
"WDPCP","Stem-cell-iPSC","ANX","sQTL","Wald ratio","1.000"," 0.030","  2.718","7.05e-02",0.66895241,NA,NA,NA
"KBTBD8","Stem-cell-iPSC","ANX","sQTL","Wald ratio","1.000","-0.002","  2.718","7.05e-02",0.981406916,NA,NA,NA
"LIMD1","Stem-cell-iPSC","ANX","sQTL","Wald ratio","1.000","-0.005","  2.718","7.06e-02",0.946847071,NA,NA,NA
"LINC01234","Stem-cell-iPSC","ANX","sQTL","Wald ratio","1.000","-0.026","  2.718","7.06e-02",0.711007297,NA,NA,NA
"ISM1","Stem-cell-iPSC","ANX","sQTL","Wald ratio","1.000","-0.038","  2.718","7.09e-02",0.595324864,NA,NA,NA
"TSPAN5","Stem-cell-iPSC","ANX","sQTL","Wald ratio","1.000"," 0.051","  2.718","7.09e-02",0.471060441,NA,NA,NA
"CFAP61","Stem-cell-iPSC","ANX","sQTL","Wald ratio","1.000"," 0.067","  2.718","7.09e-02",0.344942579,NA,NA,NA
"EGLN3","Stem-cell-iPSC","ANX","sQTL","Wald ratio","1.000","-0.044","  2.718","7.10e-02",0.537374356,NA,NA,NA
"C1QTNF2","Stem-cell-iPSC","ANX","sQTL","Wald ratio","1.000","-0.013","  2.718","7.10e-02",0.851642678,NA,NA,NA
"ANO4","Stem-cell-iPSC","ANX","sQTL","Wald ratio","1.000"," 0.058","  2.718","7.11e-02",0.4116533,NA,NA,NA
"PIK3AP1","Stem-cell-iPSC","ANX","sQTL","Wald ratio","1.000"," 0.020","  2.718","7.12e-02",0.775096962,NA,NA,NA
"CAMTA1","Stem-cell-iPSC","ANX","sQTL","Wald ratio","1.000"," 0.133","  2.718","7.12e-02",0.062558161,NA,NA,NA
"LINC00882","Stem-cell-iPSC","ANX","sQTL","Wald ratio","1.000"," 0.013","  2.718","7.13e-02",0.855725415,NA,NA,NA
"CD34","Stem-cell-iPSC","ANX","sQTL","Wald ratio","1.000"," 0.053","  2.718","7.14e-02",0.459256185,NA,NA,NA
"C1QTNF9B","Stem-cell-iPSC","ANX","sQTL","Wald ratio","1.000","-0.053","  2.718","7.14e-02",0.45861174,NA,NA,NA
"IRF6","Stem-cell-iPSC","ANX","sQTL","Wald ratio","1.000","-0.040","  2.718","7.15e-02",0.572035837,NA,NA,NA
"SUMO1P2","Stem-cell-iPSC","ANX","sQTL","Wald ratio","1.000"," 0.103","  2.718","7.16e-02",0.149566422,NA,NA,NA
"URB1-AS1","Stem-cell-iPSC","ANX","sQTL","Wald ratio","1.000","-0.074","  2.718","7.16e-02",0.30229163,NA,NA,NA
"RDX","Stem-cell-iPSC","ANX","sQTL","Wald ratio","1.000"," 0.070","  2.718","7.16e-02",0.33098815,NA,NA,NA
"EEF1GP6","Stem-cell-iPSC","ANX","sQTL","Wald ratio","1.000"," 0.079","  2.718","7.17e-02",0.273190523,NA,NA,NA
"MTCO1P47","Stem-cell-iPSC","ANX","sQTL","Wald ratio","1.000","-0.009","  2.718","7.17e-02",0.903704511,NA,NA,NA
"LINC01257","Stem-cell-iPSC","ANX","sQTL","Wald ratio","1.000"," 0.006","  2.718","7.18e-02",0.92864304,NA,NA,NA
"GRIA4","Stem-cell-iPSC","ANX","sQTL","Wald ratio","1.000"," 0.042","  2.718","7.19e-02",0.560313795,NA,NA,NA
"ELMO1","Stem-cell-iPSC","ANX","sQTL","Wald ratio","1.000"," 0.142","  2.718","7.21e-02",0.049496967,NA,NA,NA
"AGBL1","Stem-cell-iPSC","ANX","sQTL","Wald ratio","1.000","-0.103","  2.718","7.22e-02",0.153717347,NA,NA,NA
"MS4A4E","Stem-cell-iPSC","ANX","sQTL","Wald ratio","1.000","-0.017","  2.718","7.22e-02",0.810562545,NA,NA,NA
"MIR572","Stem-cell-iPSC","ANX","sQTL","Wald ratio","1.000","-0.017","  2.718","7.22e-02",0.818798259,NA,NA,NA
"SLC8A1","Stem-cell-iPSC","ANX","sQTL","Wald ratio","1.000","-0.062","  2.718","7.23e-02",0.388072663,NA,NA,NA
"METTL25","Stem-cell-iPSC","ANX","sQTL","Wald ratio","1.000","-0.066","  2.718","7.24e-02",0.359427934,NA,NA,NA
"CCDC6","Stem-cell-iPSC","ANX","sQTL","Wald ratio","1.000"," 0.071","  2.718","7.24e-02",0.328434151,NA,NA,NA
"DPT","Stem-cell-iPSC","ANX","sQTL","Wald ratio","1.000"," 0.145","  2.718","7.25e-02",0.045500264,NA,NA,NA
"TPD52","Stem-cell-iPSC","ANX","sQTL","Wald ratio","1.000"," 0.025","  2.718","7.27e-02",0.732196379,NA,NA,NA
"VAPA","Stem-cell-iPSC","ANX","sQTL","Wald ratio","1.000","-0.049","  2.718","7.27e-02",0.497071666,NA,NA,NA
"LINC01207","Stem-cell-iPSC","ANX","sQTL","Wald ratio","1.000","-0.052","  2.718","7.27e-02",0.472845375,NA,NA,NA
"LINC01115","Stem-cell-iPSC","ANX","sQTL","Wald ratio","1.000"," 0.080","  2.718","7.27e-02",0.274421548,NA,NA,NA
"FECH","Stem-cell-iPSC","ANX","sQTL","Wald ratio","1.000"," 0.076","  2.718","7.28e-02",0.298339901,NA,NA,NA
"LINC00540","Stem-cell-iPSC","ANX","sQTL","Simple mode","3.000","-0.028"," 20.086","7.28e-02",0.74128833,0.460404841,0.483957026,0.51559811
"RPL17P35","Stem-cell-iPSC","ANX","sQTL","Wald ratio","1.000"," 0.001","  2.718","7.28e-02",0.988091717,NA,NA,NA
"LRRTM4","Stem-cell-iPSC","ANX","sQTL","Wald ratio","1.000"," 0.051","  2.718","7.29e-02",0.486926539,NA,NA,NA
"RIMS3","Stem-cell-iPSC","ANX","sQTL","Wald ratio","1.000","-0.057","  2.718","7.30e-02",0.433946552,NA,NA,NA
"PLEKHG7","Stem-cell-iPSC","ANX","sQTL","Wald ratio","1.000"," 0.092","  2.718","7.30e-02",0.209155037,NA,NA,NA
"WWTR1","Stem-cell-iPSC","ANX","sQTL","Wald ratio","1.000","-0.067","  2.718","7.32e-02",0.356412674,NA,NA,NA
"ZNF57","Stem-cell-iPSC","ANX","sQTL","Wald ratio","1.000","-0.038","  2.718","7.32e-02",0.604273501,NA,NA,NA
"DSCAML1","Stem-cell-iPSC","ANX","sQTL","Wald ratio","1.000"," 0.058","  2.718","7.32e-02",0.428704168,NA,NA,NA
"OR2T1","Stem-cell-iPSC","ANX","sQTL","Wald ratio","1.000","-0.069","  2.718","7.32e-02",0.346407326,NA,NA,NA
"ATP6V1G1P7","Stem-cell-iPSC","ANX","sQTL","Wald ratio","1.000","-0.042","  2.718","7.33e-02",0.565229365,NA,NA,NA
"RAD23BLP","Stem-cell-iPSC","ANX","sQTL","Wald ratio","1.000","-0.094","  2.718","7.33e-02",0.197216044,NA,NA,NA
"GRIN2B","Stem-cell-iPSC","ANX","sQTL","Weighted median","3.000","-0.047"," 20.086","7.33e-02",0.517833889,0.059935179,0.144646767,0.811938618
"CPEB1","Stem-cell-iPSC","ANX","sQTL","Wald ratio","1.000"," 0.060","  2.718","7.33e-02",0.412421775,NA,NA,NA
"PHBP14","Stem-cell-iPSC","ANX","sQTL","Wald ratio","1.000"," 0.139","  2.718","7.35e-02",0.057982087,NA,NA,NA
"RNU6-546P","Stem-cell-iPSC","ANX","sQTL","Wald ratio","1.000","-0.133","  2.718","7.38e-02",0.071741996,NA,NA,NA
"ZFAT","Stem-cell-iPSC","ANX","sQTL","Wald ratio","1.000"," 0.040","  2.718","7.38e-02",0.585675952,NA,NA,NA
"LRRC72","Stem-cell-iPSC","ANX","sQTL","Wald ratio","1.000","-0.118","  2.718","7.39e-02",0.109753263,NA,NA,NA
"SEMA5A","Stem-cell-iPSC","ANX","sQTL","Wald ratio","1.000"," 0.081","  2.718","7.40e-02",0.273631943,NA,NA,NA
"SHANK2","Stem-cell-iPSC","ANX","sQTL","Wald ratio","1.000"," 0.029","  2.718","7.40e-02",0.694424997,NA,NA,NA
"RPH3AL","Stem-cell-iPSC","ANX","sQTL","Wald ratio","1.000"," 0.069","  2.718","7.41e-02",0.351867297,NA,NA,NA
"SUCLG2","Stem-cell-iPSC","ANX","sQTL","Wald ratio","1.000","-0.017","  2.718","7.42e-02",0.81414065,NA,NA,NA
"PWP1","Stem-cell-iPSC","ANX","sQTL","Wald ratio","1.000","-0.089","  2.718","7.42e-02",0.232267097,NA,NA,NA
"PACSIN2","Stem-cell-iPSC","ANX","sQTL","Wald ratio","1.000","-0.009","  2.718","7.44e-02",0.908552234,NA,NA,NA
"PRSS2","Stem-cell-iPSC","ANX","sQTL","Wald ratio","1.000"," 0.006","  2.718","7.44e-02",0.932208791,NA,NA,NA
"RPS14P7","Stem-cell-iPSC","ANX","sQTL","Wald ratio","1.000"," 0.099","  2.718","7.44e-02",0.184078397,NA,NA,NA
"PROM1","Stem-cell-iPSC","ANX","sQTL","Wald ratio","1.000"," 0.122","  2.718","7.45e-02",0.100756733,NA,NA,NA
"ASAH1","Stem-cell-iPSC","ANX","sQTL","Wald ratio","1.000","-0.001","  2.718","7.45e-02",0.986244051,NA,NA,NA
"RN7SKP196","Stem-cell-iPSC","ANX","sQTL","Wald ratio","1.000"," 0.028","  2.718","7.46e-02",0.703017751,NA,NA,NA
"GMDS","Stem-cell-iPSC","ANX","sQTL","Wald ratio","1.000"," 0.064","  2.718","7.46e-02",0.389947691,NA,NA,NA
"LRRC27","Stem-cell-iPSC","ANX","sQTL","Wald ratio","1.000","-0.018","  2.718","7.46e-02",0.808672952,NA,NA,NA
"IL7R","Stem-cell-iPSC","ANX","sQTL","Wald ratio","1.000","-0.017","  2.718","7.46e-02",0.817048123,NA,NA,NA
"SLC15A5","Stem-cell-iPSC","ANX","sQTL","Wald ratio","1.000"," 0.088","  2.718","7.47e-02",0.238519983,NA,NA,NA
"ANKRD10","Stem-cell-iPSC","ANX","sQTL","Wald ratio","1.000","-0.085","  2.718","7.47e-02",0.255486558,NA,NA,NA
"DISP1","Stem-cell-iPSC","ANX","sQTL","Wald ratio","1.000"," 0.192","  2.718","7.48e-02",0.010342607,NA,NA,NA
"FABP6","Stem-cell-iPSC","ANX","sQTL","Wald ratio","1.000","-0.085","  2.718","7.49e-02",0.255944255,NA,NA,NA
"TMC2","Stem-cell-iPSC","ANX","sQTL","Wald ratio","1.000","-0.035","  2.718","7.50e-02",0.63933078,NA,NA,NA
"FGF5","Stem-cell-iPSC","ANX","sQTL","Wald ratio","1.000","-0.141","  2.718","7.50e-02",0.060615653,NA,NA,NA
"PELI2","Stem-cell-iPSC","ANX","sQTL","Wald ratio","1.000","-0.029","  2.718","7.53e-02",0.697358342,NA,NA,NA
"LINC00492","Stem-cell-iPSC","ANX","sQTL","Wald ratio","1.000","-0.015","  2.718","7.55e-02",0.842068659,NA,NA,NA
"LANCL2","Stem-cell-iPSC","ANX","sQTL","Wald ratio","1.000","-0.012","  2.718","7.57e-02",0.871578224,NA,NA,NA
"ODF1","Stem-cell-iPSC","ANX","sQTL","Wald ratio","1.000"," 0.091","  2.718","7.57e-02",0.228121577,NA,NA,NA
"RNA5SP73","Stem-cell-iPSC","ANX","sQTL","Wald ratio","1.000"," 0.213","  2.718","7.57e-02",0.004908515,NA,NA,NA
"ABCA13","Stem-cell-iPSC","ANX","sQTL","Wald ratio","1.000","-0.062","  2.718","7.58e-02",0.414620555,NA,NA,NA
"IPO9-AS1","Stem-cell-iPSC","ANX","sQTL","Wald ratio","1.000","-0.064","  2.718","7.58e-02",0.399308345,NA,NA,NA
"RN7SL193P","Stem-cell-iPSC","ANX","sQTL","Wald ratio","1.000"," 0.065","  2.718","7.59e-02",0.390777092,NA,NA,NA
"RN7SKP6","Stem-cell-iPSC","ANX","sQTL","Wald ratio","1.000"," 0.040","  2.718","7.60e-02",0.601435872,NA,NA,NA
"PTPRD","Stem-cell-iPSC","ANX","sQTL","MR Egger","4.000","-0.026"," 54.598","7.60e-02",0.767277364,0.199478789,0.161605859,0.389151477
"DKK2","Stem-cell-iPSC","ANX","sQTL","Inverse variance weighted","2.000","-0.018","  7.389","7.61e-02",0.80894253,NA,0.22958901,NA
"TDGF1P4","Stem-cell-iPSC","ANX","sQTL","Wald ratio","1.000","-0.034","  2.718","7.63e-02",0.6579072,NA,NA,NA
"TTC21A","Stem-cell-iPSC","ANX","sQTL","Wald ratio","1.000"," 0.059","  2.718","7.63e-02",0.435498885,NA,NA,NA
"CHKA","Stem-cell-iPSC","ANX","sQTL","Wald ratio","1.000","-0.033","  2.718","7.64e-02",0.666303494,NA,NA,NA
"PAPPA","Stem-cell-iPSC","ANX","sQTL","Wald ratio","1.000"," 0.065","  2.718","7.65e-02",0.399226535,NA,NA,NA
"THSD7B","Stem-cell-iPSC","ANX","sQTL","Wald ratio","1.000","-0.095","  2.718","7.66e-02",0.212655637,NA,NA,NA
"DSTNP5","Stem-cell-iPSC","ANX","sQTL","Wald ratio","1.000","-0.048","  2.718","7.66e-02",0.533353115,NA,NA,NA
"PROK2","Stem-cell-iPSC","ANX","sQTL","Wald ratio","1.000","-0.048","  2.718","7.66e-02",0.532828972,NA,NA,NA
"TTC7B","Stem-cell-iPSC","ANX","sQTL","Wald ratio","1.000"," 0.096","  2.718","7.69e-02",0.213095715,NA,NA,NA
"RPL22P19","Stem-cell-iPSC","ANX","sQTL","Wald ratio","1.000","-0.008","  2.718","7.70e-02",0.915053428,NA,NA,NA
"ACCSL","Stem-cell-iPSC","ANX","sQTL","Wald ratio","1.000"," 0.025","  2.718","7.70e-02",0.741679832,NA,NA,NA
"CPO","Stem-cell-iPSC","ANX","sQTL","Wald ratio","1.000","-0.030","  2.718","7.71e-02",0.700137298,NA,NA,NA
"OFCC1","Stem-cell-iPSC","ANX","sQTL","Wald ratio","1.000"," 0.010","  2.718","7.71e-02",0.896964871,NA,NA,NA
"LINC01181","Stem-cell-iPSC","ANX","sQTL","Wald ratio","1.000","-0.048","  2.718","7.73e-02",0.531663836,NA,NA,NA
"FAM49B","Stem-cell-iPSC","ANX","sQTL","Wald ratio","1.000","-0.136","  2.718","7.73e-02",0.078976804,NA,NA,NA
"LINC01122","Stem-cell-iPSC","ANX","sQTL","Wald ratio","1.000"," 0.004","  2.718","7.73e-02",0.961890325,NA,NA,NA
"ROBO2","Stem-cell-iPSC","ANX","sQTL","Simple mode","3.000"," 0.022"," 20.086","7.74e-02",0.802036991,0.012147799,0.019671382,0.705179731
"S100A10","Stem-cell-iPSC","ANX","sQTL","Wald ratio","1.000","-0.015","  2.718","7.75e-02",0.849721578,NA,NA,NA
"LINC01107","Stem-cell-iPSC","ANX","sQTL","Wald ratio","1.000"," 0.013","  2.718","7.75e-02",0.863578015,NA,NA,NA
"EPHB1","Stem-cell-iPSC","ANX","sQTL","Wald ratio","1.000"," 0.023","  2.718","7.76e-02",0.764963644,NA,NA,NA
"CLPTM1L","Stem-cell-iPSC","ANX","sQTL","Wald ratio","1.000","-0.035","  2.718","7.77e-02",0.656426032,NA,NA,NA
"ZNF385D","Stem-cell-iPSC","ANX","sQTL","Inverse variance weighted","2.000"," 0.007","  7.389","7.78e-02",0.927787421,NA,0.267328258,NA
"RAI1","Stem-cell-iPSC","ANX","sQTL","Wald ratio","1.000"," 0.133","  2.718","7.78e-02",0.08757451,NA,NA,NA
"MPHOSPH10","Stem-cell-iPSC","ANX","sQTL","Wald ratio","1.000","-0.014","  2.718","7.78e-02",0.861217006,NA,NA,NA
"PNMAL1","Stem-cell-iPSC","ANX","sQTL","Wald ratio","1.000"," 0.029","  2.718","7.78e-02",0.706740247,NA,NA,NA
"RNF214","Stem-cell-iPSC","ANX","sQTL","Wald ratio","1.000"," 0.005","  2.718","7.80e-02",0.946847071,NA,NA,NA
"PKN2-AS1","Stem-cell-iPSC","ANX","sQTL","Wald ratio","1.000","-0.018","  2.718","7.80e-02",0.821540613,NA,NA,NA
"MAP3K7","Stem-cell-iPSC","ANX","sQTL","Wald ratio","1.000","-0.033","  2.718","7.81e-02",0.673981716,NA,NA,NA
"CHN2","Stem-cell-iPSC","ANX","sQTL","Wald ratio","1.000","-0.026","  2.718","7.82e-02",0.736179045,NA,NA,NA
"C8orf34","Stem-cell-iPSC","ANX","sQTL","Wald ratio","1.000"," 0.050","  2.718","7.82e-02",0.523888659,NA,NA,NA
"RNU6-699P","Stem-cell-iPSC","ANX","sQTL","Wald ratio","1.000","-0.030","  2.718","7.82e-02",0.697513437,NA,NA,NA
"KCNMA1-AS1","Stem-cell-iPSC","ANX","sQTL","Wald ratio","1.000"," 0.010","  2.718","7.83e-02",0.898868928,NA,NA,NA
"PLOD2","Stem-cell-iPSC","ANX","sQTL","Wald ratio","1.000","-0.120","  2.718","7.83e-02",0.125245545,NA,NA,NA
"OTOR","Stem-cell-iPSC","ANX","sQTL","Wald ratio","1.000","-0.095","  2.718","7.84e-02",0.227570019,NA,NA,NA
"BACE2","Stem-cell-iPSC","ANX","sQTL","Wald ratio","1.000","-0.006","  2.718","7.84e-02",0.937002556,NA,NA,NA
"TTLL11","Stem-cell-iPSC","ANX","sQTL","Wald ratio","1.000"," 0.042","  2.718","7.85e-02",0.593354968,NA,NA,NA
"MTRR","Stem-cell-iPSC","ANX","sQTL","Wald ratio","1.000"," 0.035","  2.718","7.86e-02",0.65495705,NA,NA,NA
"ASTN2","Stem-cell-iPSC","ANX","sQTL","Wald ratio","1.000"," 0.049","  2.718","7.88e-02",0.535544072,NA,NA,NA
"ARHGEF28","Stem-cell-iPSC","ANX","sQTL","Wald ratio","1.000"," 0.015","  2.718","7.88e-02",0.852593126,NA,NA,NA
"TNNI3K","Stem-cell-iPSC","ANX","sQTL","Wald ratio","1.000","-0.080","  2.718","7.89e-02",0.309312028,NA,NA,NA
"MKX","Stem-cell-iPSC","ANX","sQTL","Wald ratio","1.000"," 0.094","  2.718","7.90e-02",0.231975231,NA,NA,NA
"PLEKHG1","Stem-cell-iPSC","ANX","sQTL","Wald ratio","1.000"," 0.032","  2.718","7.91e-02",0.681434923,NA,NA,NA
"GUCA1C","Stem-cell-iPSC","ANX","sQTL","Wald ratio","1.000"," 0.007","  2.718","7.91e-02",0.930005564,NA,NA,NA
"NHLH2","Stem-cell-iPSC","ANX","sQTL","Wald ratio","1.000","-0.054","  2.718","7.92e-02",0.495042654,NA,NA,NA
"MIR3976HG","Stem-cell-iPSC","ANX","sQTL","Wald ratio","1.000"," 0.131","  2.718","7.93e-02",0.098290441,NA,NA,NA
"IDI2-AS1","Stem-cell-iPSC","ANX","sQTL","Wald ratio","1.000","-0.055","  2.718","7.93e-02",0.488919126,NA,NA,NA
"SLC25A21","Stem-cell-iPSC","ANX","sQTL","Wald ratio","1.000"," 0.052","  2.718","7.94e-02",0.514105103,NA,NA,NA
"FAM160A1","Stem-cell-iPSC","ANX","sQTL","Wald ratio","1.000"," 0.062","  2.718","7.94e-02",0.434130622,NA,NA,NA
"MGAT4C","Stem-cell-iPSC","ANX","sQTL","Wald ratio","1.000","-0.054","  2.718","7.94e-02",0.492763193,NA,NA,NA
"ASAP1","Stem-cell-iPSC","ANX","sQTL","Wald ratio","1.000","-0.117","  2.718","7.94e-02",0.140377281,NA,NA,NA
"PKHD1","Stem-cell-iPSC","ANX","sQTL","Wald ratio","1.000","-0.057","  2.718","7.95e-02",0.472437634,NA,NA,NA
"DPYS","Stem-cell-iPSC","ANX","sQTL","Wald ratio","1.000","-0.113","  2.718","7.95e-02",0.155607681,NA,NA,NA
"PHF14","Stem-cell-iPSC","ANX","sQTL","Wald ratio","1.000"," 0.092","  2.718","7.96e-02",0.24969968,NA,NA,NA
"WISP3","Stem-cell-iPSC","ANX","sQTL","Wald ratio","1.000","-0.038","  2.718","7.97e-02",0.630923766,NA,NA,NA
"RTN4","Stem-cell-iPSC","ANX","sQTL","Wald ratio","1.000","-0.046","  2.718","7.97e-02",0.560881677,NA,NA,NA
"XPO6","Stem-cell-iPSC","ANX","sQTL","Wald ratio","1.000","-0.056","  2.718","7.97e-02",0.481093153,NA,NA,NA
"GRIN2B","Stem-cell-iPSC","ANX","sQTL","Weighted mode","3.000","-0.056"," 20.086","7.98e-02",0.553357355,0.059935179,0.144646767,0.811938618
"RSPO3","Stem-cell-iPSC","ANX","sQTL","Wald ratio","1.000","-0.018","  2.718","7.98e-02",0.818862983,NA,NA,NA
"SVIL-AS1","Stem-cell-iPSC","ANX","sQTL","Wald ratio","1.000"," 0.097","  2.718","7.98e-02",0.224796289,NA,NA,NA
"UBE2WP1","Stem-cell-iPSC","ANX","sQTL","Wald ratio","1.000"," 0.083","  2.718","7.99e-02",0.300685241,NA,NA,NA
"HTR4","Stem-cell-iPSC","ANX","sQTL","Wald ratio","1.000"," 0.086","  2.718","7.99e-02",0.28126107,NA,NA,NA
"EPDR1","Stem-cell-iPSC","ANX","sQTL","Wald ratio","1.000"," 0.020","  2.718","8.00e-02",0.8048627,NA,NA,NA
"FAM49A","Stem-cell-iPSC","ANX","sQTL","Wald ratio","1.000","-0.035","  2.718","8.00e-02",0.662322502,NA,NA,NA
"SCD5","Stem-cell-iPSC","ANX","sQTL","Wald ratio","1.000"," 0.061","  2.718","8.01e-02",0.447254585,NA,NA,NA
"PCNPP2","Stem-cell-iPSC","ANX","sQTL","Wald ratio","1.000"," 0.006","  2.718","8.01e-02",0.939942235,NA,NA,NA
"SERPINB9P1","Stem-cell-iPSC","ANX","sQTL","Wald ratio","1.000","-0.013","  2.718","8.03e-02",0.87133848,NA,NA,NA
"SOX5","Stem-cell-iPSC","ANX","sQTL","Wald ratio","1.000"," 0.201","  2.718","8.03e-02",0.012474734,NA,NA,NA
"APP","Stem-cell-iPSC","ANX","sQTL","Wald ratio","1.000","-0.054","  2.718","8.04e-02",0.498809799,NA,NA,NA
"PAK1","Stem-cell-iPSC","ANX","sQTL","Wald ratio","1.000"," 0.061","  2.718","8.05e-02",0.449590704,NA,NA,NA
"COL13A1","Stem-cell-iPSC","ANX","sQTL","Wald ratio","1.000","-0.056","  2.718","8.05e-02",0.49055913,NA,NA,NA
"PLAC9","Stem-cell-iPSC","ANX","sQTL","Wald ratio","1.000"," 0.058","  2.718","8.06e-02",0.471060441,NA,NA,NA
"ADAMTS3","Stem-cell-iPSC","ANX","sQTL","Wald ratio","1.000","-0.115","  2.718","8.08e-02",0.156312716,NA,NA,NA
"FRMD4A","Stem-cell-iPSC","ANX","sQTL","Inverse variance weighted","3.000","-0.081"," 20.086","8.09e-02",0.316768453,0.791901256,0.20627331,0.329385329
"ARHGAP42","Stem-cell-iPSC","ANX","sQTL","Wald ratio","1.000","-0.022","  2.718","8.09e-02",0.781920927,NA,NA,NA
"LINC00222","Stem-cell-iPSC","ANX","sQTL","Wald ratio","1.000","-0.033","  2.718","8.10e-02",0.680350404,NA,NA,NA
"CFI","Stem-cell-iPSC","ANX","sQTL","Wald ratio","1.000","-0.015","  2.718","8.10e-02",0.848935999,NA,NA,NA
"CYYR1","Stem-cell-iPSC","ANX","sQTL","Wald ratio","1.000","-0.069","  2.718","8.11e-02",0.393992939,NA,NA,NA
"DGKI","Stem-cell-iPSC","ANX","sQTL","Wald ratio","1.000","-0.042","  2.718","8.11e-02",0.602977264,NA,NA,NA
"SDR16C5","Stem-cell-iPSC","ANX","sQTL","Wald ratio","1.000"," 0.009","  2.718","8.12e-02",0.914675648,NA,NA,NA
"CRTAC1","Stem-cell-iPSC","ANX","sQTL","Wald ratio","1.000"," 0.030","  2.718","8.12e-02",0.715679987,NA,NA,NA
"RNU6-755P","Stem-cell-iPSC","ANX","sQTL","Wald ratio","1.000"," 0.074","  2.718","8.12e-02",0.362044936,NA,NA,NA
"ENDOD1","Stem-cell-iPSC","ANX","sQTL","Wald ratio","1.000","-0.040","  2.718","8.12e-02",0.623452012,NA,NA,NA
"FAM107B","Stem-cell-iPSC","ANX","sQTL","Inverse variance weighted","2.000"," 0.048","  7.389","8.13e-02",0.557808481,NA,0.206640017,NA
"CASC20","Stem-cell-iPSC","ANX","sQTL","Wald ratio","1.000","-0.096","  2.718","8.14e-02",0.235697021,NA,NA,NA
"DLGAP1-AS4","Stem-cell-iPSC","ANX","sQTL","Wald ratio","1.000","-0.033","  2.718","8.16e-02",0.688100848,NA,NA,NA
"ATP11A","Stem-cell-iPSC","ANX","sQTL","Wald ratio","1.000"," 0.018","  2.718","8.19e-02",0.824140896,NA,NA,NA
"RIMS1","Stem-cell-iPSC","ANX","sQTL","Wald ratio","1.000"," 0.019","  2.718","8.22e-02",0.813673047,NA,NA,NA
"PPP2R4","Stem-cell-iPSC","ANX","sQTL","Wald ratio","1.000","-0.152","  2.718","8.22e-02",0.064475922,NA,NA,NA
"LURAP1L-AS1","Stem-cell-iPSC","ANX","sQTL","Wald ratio","1.000"," 0.165","  2.718","8.22e-02",0.045139122,NA,NA,NA
"PLD1","Stem-cell-iPSC","ANX","sQTL","Wald ratio","1.000"," 0.071","  2.718","8.22e-02",0.390587381,NA,NA,NA
"PARN","Stem-cell-iPSC","ANX","sQTL","Wald ratio","1.000","-0.083","  2.718","8.22e-02",0.314377556,NA,NA,NA
"RN7SL201P","Stem-cell-iPSC","ANX","sQTL","Wald ratio","1.000","-0.051","  2.718","8.23e-02",0.535210593,NA,NA,NA
"EGFEM1P","Stem-cell-iPSC","ANX","sQTL","Inverse variance weighted","2.000"," 0.024","  7.389","8.24e-02",0.767430572,NA,0.039752359,NA
"FTH1P5","Stem-cell-iPSC","ANX","sQTL","Wald ratio","1.000","-0.042","  2.718","8.24e-02",0.613523364,NA,NA,NA
"PDE4B","Stem-cell-iPSC","ANX","sQTL","Wald ratio","1.000","-0.102","  2.718","8.24e-02",0.217621765,NA,NA,NA
"SPATC1L","Stem-cell-iPSC","ANX","sQTL","Wald ratio","1.000","-0.173","  2.718","8.24e-02",0.035827428,NA,NA,NA
"BBS9","Stem-cell-iPSC","ANX","sQTL","Wald ratio","1.000","-0.037","  2.718","8.24e-02",0.654403336,NA,NA,NA
"LINC00583","Stem-cell-iPSC","ANX","sQTL","Wald ratio","1.000","-0.035","  2.718","8.24e-02",0.66860003,NA,NA,NA
"MAMDC2-AS1","Stem-cell-iPSC","ANX","sQTL","Wald ratio","1.000"," 0.050","  2.718","8.25e-02",0.543756111,NA,NA,NA
"NFE2L3P1","Stem-cell-iPSC","ANX","sQTL","Wald ratio","1.000"," 0.050","  2.718","8.26e-02",0.542177296,NA,NA,NA
"RPL19P11","Stem-cell-iPSC","ANX","sQTL","Wald ratio","1.000","-0.074","  2.718","8.27e-02",0.374062797,NA,NA,NA
"NT5DC3","Stem-cell-iPSC","ANX","sQTL","Wald ratio","1.000","-0.025","  2.718","8.28e-02",0.761580799,NA,NA,NA
"OTUD1","Stem-cell-iPSC","ANX","sQTL","Wald ratio","1.000","-0.059","  2.718","8.28e-02",0.474503832,NA,NA,NA
"UCK2","Stem-cell-iPSC","ANX","sQTL","Inverse variance weighted","2.000","-0.073","  7.389","8.29e-02",0.377484461,NA,0.445757548,NA
"LDLRAD4","Stem-cell-iPSC","ANX","sQTL","Wald ratio","1.000"," 0.126","  2.718","8.29e-02",0.127636177,NA,NA,NA
"LYRM4","Stem-cell-iPSC","ANX","sQTL","Wald ratio","1.000"," 0.001","  2.718","8.30e-02",0.986338261,NA,NA,NA
"LINC00593","Stem-cell-iPSC","ANX","sQTL","Wald ratio","1.000","-0.274","  2.718","8.31e-02",0.000988676,NA,NA,NA
"TSPAN8","Stem-cell-iPSC","ANX","sQTL","Wald ratio","1.000"," 0.087","  2.718","8.31e-02",0.296912668,NA,NA,NA
"OTP","Stem-cell-iPSC","ANX","sQTL","Wald ratio","1.000"," 0.001","  2.718","8.31e-02",0.990640865,NA,NA,NA
"FRMD4A","Stem-cell-iPSC","ANX","sQTL","Weighted mode","3.000","-0.006"," 20.086","8.31e-02",0.948957718,0.791901256,0.20627331,0.329385329
"CTXN3","Stem-cell-iPSC","ANX","sQTL","Wald ratio","1.000","-0.041","  2.718","8.31e-02",0.618132727,NA,NA,NA
"TG","Stem-cell-iPSC","ANX","sQTL","Wald ratio","1.000"," 0.026","  2.718","8.32e-02",0.754513536,NA,NA,NA
"TRAV13-2","Stem-cell-iPSC","ANX","sQTL","Wald ratio","1.000","-0.136","  2.718","8.34e-02",0.102567859,NA,NA,NA
"SH2D6","Stem-cell-iPSC","ANX","sQTL","Wald ratio","1.000","-0.040","  2.718","8.36e-02",0.633739156,NA,NA,NA
"B3GAT2","Stem-cell-iPSC","ANX","sQTL","Wald ratio","1.000"," 0.042","  2.718","8.36e-02",0.616409705,NA,NA,NA
"SPOCK3","Stem-cell-iPSC","ANX","sQTL","Inverse variance weighted","2.000"," 0.044","  7.389","8.36e-02",0.601970323,NA,0.586511359,NA
"RNU2-54P","Stem-cell-iPSC","ANX","sQTL","Wald ratio","1.000"," 0.051","  2.718","8.36e-02",0.545780109,NA,NA,NA
"RUFY1","Stem-cell-iPSC","ANX","sQTL","Wald ratio","1.000","-0.069","  2.718","8.38e-02",0.411597135,NA,NA,NA
"PLXND1","Stem-cell-iPSC","ANX","sQTL","Wald ratio","1.000"," 0.131","  2.718","8.39e-02",0.117076321,NA,NA,NA
"KIAA1429","Stem-cell-iPSC","ANX","sQTL","Wald ratio","1.000"," 0.082","  2.718","8.40e-02",0.330170508,NA,NA,NA
"MTA3","Stem-cell-iPSC","ANX","sQTL","Wald ratio","1.000"," 0.040","  2.718","8.41e-02",0.632889919,NA,NA,NA
"ST8SIA2","Stem-cell-iPSC","ANX","sQTL","Wald ratio","1.000","-0.007","  2.718","8.41e-02",0.938289944,NA,NA,NA
"ALB","Stem-cell-iPSC","ANX","sQTL","Wald ratio","1.000"," 0.012","  2.718","8.43e-02",0.883434697,NA,NA,NA
"LINC01241","Stem-cell-iPSC","ANX","sQTL","Wald ratio","1.000"," 0.029","  2.718","8.44e-02",0.731115075,NA,NA,NA
"ACSS1","Stem-cell-iPSC","ANX","sQTL","Wald ratio","1.000","-0.039","  2.718","8.44e-02",0.642015286,NA,NA,NA
"LINC01428","Stem-cell-iPSC","ANX","sQTL","Wald ratio","1.000","-0.053","  2.718","8.46e-02",0.52936525,NA,NA,NA
"FAM13A","Stem-cell-iPSC","ANX","sQTL","Wald ratio","1.000"," 0.045","  2.718","8.47e-02",0.594504804,NA,NA,NA
"VEPH1","Stem-cell-iPSC","ANX","sQTL","Wald ratio","1.000","-0.242","  2.718","8.47e-02",0.004331664,NA,NA,NA
"KLHL5","Stem-cell-iPSC","ANX","sQTL","Wald ratio","1.000","-0.104","  2.718","8.48e-02",0.220085916,NA,NA,NA
"NAMA","Stem-cell-iPSC","ANX","sQTL","Wald ratio","1.000","-0.076","  2.718","8.48e-02",0.36715346,NA,NA,NA
"FAM171A1","Stem-cell-iPSC","ANX","sQTL","Wald ratio","1.000","-0.040","  2.718","8.48e-02",0.639930045,NA,NA,NA
"POM121L4P","Stem-cell-iPSC","ANX","sQTL","Wald ratio","1.000"," 0.115","  2.718","8.49e-02",0.175757887,NA,NA,NA
"RAD23B","Stem-cell-iPSC","ANX","sQTL","Wald ratio","1.000","-0.005","  2.718","8.49e-02",0.952267811,NA,NA,NA
"EPHA5","Stem-cell-iPSC","ANX","sQTL","Wald ratio","1.000","-0.001","  2.718","8.49e-02",0.991232214,NA,NA,NA
"GSTA2","Stem-cell-iPSC","ANX","sQTL","Wald ratio","1.000","-0.027","  2.718","8.50e-02",0.747514962,NA,NA,NA
"ARG2","Stem-cell-iPSC","ANX","sQTL","Wald ratio","1.000","-0.054","  2.718","8.52e-02",0.526262963,NA,NA,NA
"PIGN","Stem-cell-iPSC","ANX","sQTL","Wald ratio","1.000","-0.003","  2.718","8.52e-02",0.967741403,NA,NA,NA
"NLGN1","Stem-cell-iPSC","ANX","sQTL","Wald ratio","1.000"," 0.229","  2.718","8.53e-02",0.007266329,NA,NA,NA
"RNF144A","Stem-cell-iPSC","ANX","sQTL","Wald ratio","1.000"," 0.084","  2.718","8.53e-02",0.326321681,NA,NA,NA
"RPL29P29","Stem-cell-iPSC","ANX","sQTL","Wald ratio","1.000","-0.009","  2.718","8.54e-02",0.917920562,NA,NA,NA
"FRMD4A","Stem-cell-iPSC","ANX","sQTL","Weighted median","3.000","-0.027"," 20.086","8.55e-02",0.75351421,0.791901256,0.20627331,0.329385329
"ATP10A","Stem-cell-iPSC","ANX","sQTL","Wald ratio","1.000"," 0.078","  2.718","8.56e-02",0.362038432,NA,NA,NA
"KIAA2012","Stem-cell-iPSC","ANX","sQTL","Wald ratio","1.000"," 0.035","  2.718","8.56e-02",0.679464158,NA,NA,NA
"BIVM","Stem-cell-iPSC","ANX","sQTL","Wald ratio","1.000","-0.032","  2.718","8.57e-02",0.71283181,NA,NA,NA
"RGCC","Stem-cell-iPSC","ANX","sQTL","Wald ratio","1.000"," 0.042","  2.718","8.57e-02",0.6218732,NA,NA,NA
"FGGY","Stem-cell-iPSC","ANX","sQTL","Wald ratio","1.000"," 0.031","  2.718","8.57e-02",0.718847134,NA,NA,NA
"KRT18P27","Stem-cell-iPSC","ANX","sQTL","Wald ratio","1.000","-0.133","  2.718","8.59e-02",0.12173285,NA,NA,NA
"EXOC2","Stem-cell-iPSC","ANX","sQTL","Wald ratio","1.000","-0.060","  2.718","8.59e-02",0.486487429,NA,NA,NA
"SDK1","Stem-cell-iPSC","ANX","sQTL","Wald ratio","1.000","-0.033","  2.718","8.59e-02",0.69789919,NA,NA,NA
"MDN1","Stem-cell-iPSC","ANX","sQTL","Wald ratio","1.000"," 0.097","  2.718","8.59e-02",0.259308229,NA,NA,NA
"MAGI2","Stem-cell-iPSC","ANX","sQTL","MR Egger","4.000"," 0.012"," 54.598","8.61e-02",0.898809093,0.85320917,0.906309995,0.673271657
"TDRD3","Stem-cell-iPSC","ANX","sQTL","Wald ratio","1.000","-0.136","  2.718","8.64e-02",0.11457784,NA,NA,NA
"SNRPFP3","Stem-cell-iPSC","ANX","sQTL","Wald ratio","1.000","-0.044","  2.718","8.67e-02",0.611944851,NA,NA,NA
"AHCYL2","Stem-cell-iPSC","ANX","sQTL","Wald ratio","1.000"," 0.015","  2.718","8.69e-02",0.859268851,NA,NA,NA
"GPIHBP1","Stem-cell-iPSC","ANX","sQTL","Wald ratio","1.000","-0.068","  2.718","8.69e-02",0.436260464,NA,NA,NA
"HMGB3P17","Stem-cell-iPSC","ANX","sQTL","Wald ratio","1.000","-0.018","  2.718","8.69e-02",0.835632673,NA,NA,NA
"WBP11P1","Stem-cell-iPSC","ANX","sQTL","Wald ratio","1.000"," 0.041","  2.718","8.69e-02",0.639085288,NA,NA,NA
"FAM134B","Stem-cell-iPSC","ANX","sQTL","Wald ratio","1.000","-0.021","  2.718","8.70e-02",0.8082975,NA,NA,NA
"RN7SL361P","Stem-cell-iPSC","ANX","sQTL","Wald ratio","1.000","-0.205","  2.718","8.70e-02",0.018376981,NA,NA,NA
"SPIRE2","Stem-cell-iPSC","ANX","sQTL","Wald ratio","1.000"," 0.029","  2.718","8.71e-02",0.73927037,NA,NA,NA
"KPNA1","Stem-cell-iPSC","ANX","sQTL","Wald ratio","1.000"," 0.004","  2.718","8.72e-02",0.964017413,NA,NA,NA
"PON1","Stem-cell-iPSC","ANX","sQTL","Wald ratio","1.000"," 0.129","  2.718","8.72e-02",0.138002324,NA,NA,NA
"RNU6-175P","Stem-cell-iPSC","ANX","sQTL","Wald ratio","1.000"," 0.048","  2.718","8.72e-02",0.584664666,NA,NA,NA
"NCAM2","Stem-cell-iPSC","ANX","sQTL","Inverse variance weighted","2.000"," 0.009","  7.389","8.72e-02",0.918971314,NA,0.047308866,NA
"ANK1","Stem-cell-iPSC","ANX","sQTL","Wald ratio","1.000","-0.059","  2.718","8.72e-02",0.496009594,NA,NA,NA
"SH3RF3","Stem-cell-iPSC","ANX","sQTL","Wald ratio","1.000"," 0.050","  2.718","8.74e-02",0.56641902,NA,NA,NA
"LINC01354","Stem-cell-iPSC","ANX","sQTL","Wald ratio","1.000","-0.022","  2.718","8.74e-02",0.803718163,NA,NA,NA
"CRIPT","Stem-cell-iPSC","ANX","sQTL","Wald ratio","1.000","-0.144","  2.718","8.74e-02",0.098977373,NA,NA,NA
"BICD2","Stem-cell-iPSC","ANX","sQTL","Wald ratio","1.000"," 0.025","  2.718","8.76e-02",0.774350139,NA,NA,NA
"KRTAP5-8","Stem-cell-iPSC","ANX","sQTL","Wald ratio","1.000"," 0.009","  2.718","8.77e-02",0.920853255,NA,NA,NA
"GPR137B","Stem-cell-iPSC","ANX","sQTL","Wald ratio","1.000","-0.085","  2.718","8.78e-02",0.332759064,NA,NA,NA
"CHST11","Stem-cell-iPSC","ANX","sQTL","Wald ratio","1.000","-0.185","  2.718","8.78e-02",0.035318028,NA,NA,NA
"FKBP1C","Stem-cell-iPSC","ANX","sQTL","Wald ratio","1.000"," 0.177","  2.718","8.78e-02",0.043362437,NA,NA,NA
"SEMA3E","Stem-cell-iPSC","ANX","sQTL","Wald ratio","1.000","-0.079","  2.718","8.79e-02",0.366240972,NA,NA,NA
"LINC01280","Stem-cell-iPSC","ANX","sQTL","Wald ratio","1.000"," 0.071","  2.718","8.79e-02",0.420685492,NA,NA,NA
"LAMA2","Stem-cell-iPSC","ANX","sQTL","Wald ratio","1.000","-0.002","  2.718","8.79e-02",0.977350169,NA,NA,NA
"RN7SKP168","Stem-cell-iPSC","ANX","sQTL","Wald ratio","1.000"," 0.030","  2.718","8.80e-02",0.734867273,NA,NA,NA
"ADAMTS16","Stem-cell-iPSC","ANX","sQTL","Wald ratio","1.000","-0.016","  2.718","8.80e-02",0.853083789,NA,NA,NA
"KLHL29","Stem-cell-iPSC","ANX","sQTL","Wald ratio","1.000"," 0.115","  2.718","8.81e-02",0.191350171,NA,NA,NA
"SETP2","Stem-cell-iPSC","ANX","sQTL","Wald ratio","1.000"," 0.058","  2.718","8.81e-02",0.511509833,NA,NA,NA
"FARP1","Stem-cell-iPSC","ANX","sQTL","Wald ratio","1.000","-0.062","  2.718","8.82e-02",0.483529617,NA,NA,NA
"TBC1D9B","Stem-cell-iPSC","ANX","sQTL","Wald ratio","1.000","-0.134","  2.718","8.82e-02",0.127994342,NA,NA,NA
"PTGDR","Stem-cell-iPSC","ANX","sQTL","Wald ratio","1.000","-0.136","  2.718","8.83e-02",0.124147919,NA,NA,NA
"KLF12","Stem-cell-iPSC","ANX","sQTL","Wald ratio","1.000","-0.041","  2.718","8.84e-02",0.646187973,NA,NA,NA
"SLC47A1","Stem-cell-iPSC","ANX","sQTL","Wald ratio","1.000"," 0.135","  2.718","8.84e-02",0.128103917,NA,NA,NA
"GRIN2B","Stem-cell-iPSC","ANX","sQTL","Simple mode","3.000","-0.099"," 20.086","8.85e-02",0.379048876,0.059935179,0.144646767,0.811938618
"PRIMA1","Stem-cell-iPSC","ANX","sQTL","Wald ratio","1.000","-0.012","  2.718","8.85e-02",0.893929767,NA,NA,NA
"ATP6AP1L","Stem-cell-iPSC","ANX","sQTL","Wald ratio","1.000"," 0.061","  2.718","8.85e-02",0.490411063,NA,NA,NA
"COX10-AS1","Stem-cell-iPSC","ANX","sQTL","Wald ratio","1.000","-0.134","  2.718","8.86e-02",0.13056836,NA,NA,NA
"NAA16","Stem-cell-iPSC","ANX","sQTL","Wald ratio","1.000","-0.021","  2.718","8.87e-02",0.812240485,NA,NA,NA
"SNRPEP8","Stem-cell-iPSC","ANX","sQTL","Wald ratio","1.000"," 0.027","  2.718","8.88e-02",0.758699105,NA,NA,NA
"RPL13AP25","Stem-cell-iPSC","ANX","sQTL","Wald ratio","1.000","-0.016","  2.718","8.88e-02",0.859412741,NA,NA,NA
"THEM7P","Stem-cell-iPSC","ANX","sQTL","Wald ratio","1.000","-0.025","  2.718","8.89e-02",0.776249049,NA,NA,NA
"C2orf47","Stem-cell-iPSC","ANX","sQTL","Wald ratio","1.000","-0.088","  2.718","8.89e-02",0.322862236,NA,NA,NA
"SGMS1","Stem-cell-iPSC","ANX","sQTL","Wald ratio","1.000","-0.212","  2.718","8.89e-02",0.017124187,NA,NA,NA
"WDR70","Stem-cell-iPSC","ANX","sQTL","Wald ratio","1.000"," 0.069","  2.718","8.90e-02",0.439111538,NA,NA,NA
"LINC00606","Stem-cell-iPSC","ANX","sQTL","Wald ratio","1.000","-0.033","  2.718","8.91e-02",0.707955612,NA,NA,NA
"LINC01591","Stem-cell-iPSC","ANX","sQTL","Wald ratio","1.000","-0.010","  2.718","8.91e-02",0.910246779,NA,NA,NA
"LINC00251","Stem-cell-iPSC","ANX","sQTL","Wald ratio","1.000"," 0.026","  2.718","8.92e-02",0.773197901,NA,NA,NA
"TCAF1","Stem-cell-iPSC","ANX","sQTL","Wald ratio","1.000","-0.074","  2.718","8.92e-02",0.404408864,NA,NA,NA
"RN7SKP207","Stem-cell-iPSC","ANX","sQTL","Wald ratio","1.000"," 0.065","  2.718","8.94e-02",0.468106152,NA,NA,NA
"RAD51B","Stem-cell-iPSC","ANX","sQTL","Wald ratio","1.000"," 0.047","  2.718","8.94e-02",0.599072138,NA,NA,NA
"RGS14","Stem-cell-iPSC","ANX","sQTL","Wald ratio","1.000"," 0.007","  2.718","8.95e-02",0.934008543,NA,NA,NA
"LINC00920","Stem-cell-iPSC","ANX","sQTL","Wald ratio","1.000","-0.058","  2.718","8.97e-02",0.516379634,NA,NA,NA
"TACSTD2","Stem-cell-iPSC","ANX","sQTL","Wald ratio","1.000"," 0.173","  2.718","8.97e-02",0.053679764,NA,NA,NA
"LINC01619","Stem-cell-iPSC","ANX","sQTL","Wald ratio","1.000","-0.009","  2.718","8.99e-02",0.923981352,NA,NA,NA
"PAQR6","Stem-cell-iPSC","ANX","sQTL","Wald ratio","1.000"," 0.162","  2.718","8.99e-02",0.070923002,NA,NA,NA
"TCN2","Stem-cell-iPSC","ANX","sQTL","Wald ratio","1.000"," 0.075","  2.718","9.00e-02",0.404302249,NA,NA,NA
"XCL1","Stem-cell-iPSC","ANX","sQTL","Wald ratio","1.000"," 0.146","  2.718","9.00e-02",0.103900841,NA,NA,NA
"LINC01482","Stem-cell-iPSC","ANX","sQTL","Wald ratio","1.000"," 0.091","  2.718","9.02e-02",0.311242517,NA,NA,NA
"CERS6","Stem-cell-iPSC","ANX","sQTL","Wald ratio","1.000"," 0.041","  2.718","9.04e-02",0.650495144,NA,NA,NA
"CMIP","Stem-cell-iPSC","ANX","sQTL","Wald ratio","1.000"," 0.083","  2.718","9.04e-02",0.361299353,NA,NA,NA
"DOCK8","Stem-cell-iPSC","ANX","sQTL","Wald ratio","1.000"," 0.017","  2.718","9.04e-02",0.847834701,NA,NA,NA
"PDE1B","Stem-cell-iPSC","ANX","sQTL","Wald ratio","1.000","-0.045","  2.718","9.05e-02",0.6180616,NA,NA,NA
"TGFBI","Stem-cell-iPSC","ANX","sQTL","Wald ratio","1.000"," 0.079","  2.718","9.05e-02",0.383466046,NA,NA,NA
"EPB41L3","Stem-cell-iPSC","ANX","sQTL","Wald ratio","1.000","-0.054","  2.718","9.05e-02",0.552376414,NA,NA,NA
"C1orf109","Stem-cell-iPSC","ANX","sQTL","Wald ratio","1.000"," 0.046","  2.718","9.05e-02",0.60873965,NA,NA,NA
"TMEM78","Stem-cell-iPSC","ANX","sQTL","Wald ratio","1.000","-0.106","  2.718","9.06e-02",0.243345009,NA,NA,NA
"SYNM","Stem-cell-iPSC","ANX","sQTL","Wald ratio","1.000","-0.171","  2.718","9.06e-02",0.058743265,NA,NA,NA
"KRT8P18","Stem-cell-iPSC","ANX","sQTL","Wald ratio","1.000","-0.037","  2.718","9.07e-02",0.680067417,NA,NA,NA
"CPXM2","Stem-cell-iPSC","ANX","sQTL","Wald ratio","1.000","-0.029","  2.718","9.07e-02",0.748579613,NA,NA,NA
"FGD3","Stem-cell-iPSC","ANX","sQTL","Wald ratio","1.000"," 0.108","  2.718","9.09e-02",0.233194273,NA,NA,NA
"KIAA1161","Stem-cell-iPSC","ANX","sQTL","Wald ratio","1.000"," 0.058","  2.718","9.09e-02",0.525317153,NA,NA,NA
"SLC9A9","Stem-cell-iPSC","ANX","sQTL","Wald ratio","1.000"," 0.059","  2.718","9.09e-02",0.519650079,NA,NA,NA
"TFEC","Stem-cell-iPSC","ANX","sQTL","Wald ratio","1.000"," 0.064","  2.718","9.10e-02",0.478738282,NA,NA,NA
"SLC24A2","Stem-cell-iPSC","ANX","sQTL","Wald ratio","1.000"," 0.001","  2.718","9.11e-02",0.989868405,NA,NA,NA
"PRKG1","Stem-cell-iPSC","ANX","sQTL","Inverse variance weighted","3.000","-0.074"," 20.086","9.12e-02",0.418691256,0.009010818,0.018628476,0.752401217
"PCSK5","Stem-cell-iPSC","ANX","sQTL","Wald ratio","1.000","-0.127","  2.718","9.14e-02",0.164753172,NA,NA,NA
"CWC22","Stem-cell-iPSC","ANX","sQTL","Wald ratio","1.000"," 0.015","  2.718","9.15e-02",0.86959015,NA,NA,NA
"SLC24A4","Stem-cell-iPSC","ANX","sQTL","Wald ratio","1.000","-0.079","  2.718","9.15e-02",0.387526643,NA,NA,NA
"SYTL3","Stem-cell-iPSC","ANX","sQTL","Wald ratio","1.000"," 0.039","  2.718","9.15e-02",0.669268389,NA,NA,NA
"TMEM168","Stem-cell-iPSC","ANX","sQTL","Wald ratio","1.000","-0.140","  2.718","9.16e-02",0.125093055,NA,NA,NA
"CGNL1","Stem-cell-iPSC","ANX","sQTL","Wald ratio","1.000","-0.093","  2.718","9.16e-02",0.311883299,NA,NA,NA
"STARD6","Stem-cell-iPSC","ANX","sQTL","Wald ratio","1.000"," 0.049","  2.718","9.17e-02",0.593046676,NA,NA,NA
"ZXDC","Stem-cell-iPSC","ANX","sQTL","Wald ratio","1.000"," 0.063","  2.718","9.17e-02",0.491033659,NA,NA,NA
"ISCA1P1","Stem-cell-iPSC","ANX","sQTL","Wald ratio","1.000"," 0.012","  2.718","9.18e-02",0.892505031,NA,NA,NA
"TP63","Stem-cell-iPSC","ANX","sQTL","Wald ratio","1.000","-0.141","  2.718","9.20e-02",0.124518154,NA,NA,NA
"RPL7P48","Stem-cell-iPSC","ANX","sQTL","Wald ratio","1.000"," 0.013","  2.718","9.20e-02",0.886403006,NA,NA,NA
"ZMIZ1-AS1","Stem-cell-iPSC","ANX","sQTL","Wald ratio","1.000","-0.057","  2.718","9.20e-02",0.53496949,NA,NA,NA
"ITPKA","Stem-cell-iPSC","ANX","sQTL","Wald ratio","1.000","-0.050","  2.718","9.21e-02",0.58858995,NA,NA,NA
"RPL14P1","Stem-cell-iPSC","ANX","sQTL","Wald ratio","1.000"," 0.044","  2.718","9.22e-02",0.635447086,NA,NA,NA
"ACVR1B","Stem-cell-iPSC","ANX","sQTL","Wald ratio","1.000"," 0.024","  2.718","9.23e-02",0.795804962,NA,NA,NA
"MKL1","Stem-cell-iPSC","ANX","sQTL","Wald ratio","1.000"," 0.086","  2.718","9.23e-02",0.352105228,NA,NA,NA
"LYPD6B","Stem-cell-iPSC","ANX","sQTL","Wald ratio","1.000","-0.080","  2.718","9.23e-02",0.386124674,NA,NA,NA
"NEK6","Stem-cell-iPSC","ANX","sQTL","Wald ratio","1.000","-0.071","  2.718","9.23e-02",0.438946993,NA,NA,NA
"GNLY","Stem-cell-iPSC","ANX","sQTL","Wald ratio","1.000","-0.086","  2.718","9.24e-02",0.353784951,NA,NA,NA
"KCNMB2","Stem-cell-iPSC","ANX","sQTL","Inverse variance weighted","2.000","-0.132","  7.389","9.24e-02",0.152572653,NA,0.53541244,NA
"PITPNC1","Stem-cell-iPSC","ANX","sQTL","Wald ratio","1.000","-0.009","  2.718","9.24e-02",0.922280914,NA,NA,NA
"CCKAR","Stem-cell-iPSC","ANX","sQTL","Wald ratio","1.000","-0.025","  2.718","9.28e-02",0.788610075,NA,NA,NA
"DPYSL2","Stem-cell-iPSC","ANX","sQTL","Wald ratio","1.000"," 0.134","  2.718","9.28e-02",0.147597134,NA,NA,NA
"LINC01197","Stem-cell-iPSC","ANX","sQTL","Wald ratio","1.000"," 0.101","  2.718","9.29e-02",0.275952465,NA,NA,NA
"CCDC67","Stem-cell-iPSC","ANX","sQTL","Wald ratio","1.000"," 0.129","  2.718","9.33e-02",0.166170105,NA,NA,NA
"ORC5","Stem-cell-iPSC","ANX","sQTL","Wald ratio","1.000"," 0.018","  2.718","9.33e-02",0.843925358,NA,NA,NA
"LINC00871","Stem-cell-iPSC","ANX","sQTL","Wald ratio","1.000"," 0.090","  2.718","9.33e-02",0.335755811,NA,NA,NA
"MAFTRR","Stem-cell-iPSC","ANX","sQTL","Wald ratio","1.000"," 0.115","  2.718","9.33e-02",0.21881251,NA,NA,NA
"PABPC4L","Stem-cell-iPSC","ANX","sQTL","Wald ratio","1.000","-0.019","  2.718","9.33e-02",0.836455211,NA,NA,NA
"TCP11L2","Stem-cell-iPSC","ANX","sQTL","Wald ratio","1.000","-0.019","  2.718","9.34e-02",0.836166941,NA,NA,NA
"UBE2E2","Stem-cell-iPSC","ANX","sQTL","Wald ratio","1.000","-0.009","  2.718","9.35e-02",0.923303522,NA,NA,NA
"LINC00540","Stem-cell-iPSC","ANX","sQTL","MR Egger","3.000"," 0.076"," 20.086","9.35e-02",0.565131562,0.460404841,0.483957026,0.51559811
"SMARCD2","Stem-cell-iPSC","ANX","sQTL","Wald ratio","1.000"," 0.010","  2.718","9.35e-02",0.912735302,NA,NA,NA
"JPH1","Stem-cell-iPSC","ANX","sQTL","Wald ratio","1.000"," 0.113","  2.718","9.36e-02",0.227643405,NA,NA,NA
"SPHKAP","Stem-cell-iPSC","ANX","sQTL","Wald ratio","1.000","-0.055","  2.718","9.36e-02",0.555863445,NA,NA,NA
"BCAR1","Stem-cell-iPSC","ANX","sQTL","Wald ratio","1.000","-0.147","  2.718","9.37e-02",0.116680034,NA,NA,NA
"PRR5L","Stem-cell-iPSC","ANX","sQTL","Inverse variance weighted","2.000"," 0.003","  7.389","9.37e-02",0.975983415,NA,0.911403996,NA
"ZNF407","Stem-cell-iPSC","ANX","sQTL","Wald ratio","1.000"," 0.066","  2.718","9.37e-02",0.482133403,NA,NA,NA
"EDAR","Stem-cell-iPSC","ANX","sQTL","Wald ratio","1.000","-0.012","  2.718","9.39e-02",0.895882737,NA,NA,NA
"GRXCR1","Stem-cell-iPSC","ANX","sQTL","Wald ratio","1.000"," 0.096","  2.718","9.39e-02",0.309258801,NA,NA,NA
"LINC01121","Stem-cell-iPSC","ANX","sQTL","Wald ratio","1.000"," 0.151","  2.718","9.40e-02",0.10877685,NA,NA,NA
"RASSF5","Stem-cell-iPSC","ANX","sQTL","Wald ratio","1.000","-0.079","  2.718","9.40e-02",0.401079611,NA,NA,NA
"LINC00384","Stem-cell-iPSC","ANX","sQTL","Wald ratio","1.000","-0.020","  2.718","9.42e-02",0.834611234,NA,NA,NA
"PQLC2L","Stem-cell-iPSC","ANX","sQTL","Wald ratio","1.000","-0.005","  2.718","9.42e-02",0.957895221,NA,NA,NA
"NBAS","Stem-cell-iPSC","ANX","sQTL","Wald ratio","1.000"," 0.022","  2.718","9.44e-02",0.817135168,NA,NA,NA
"LINC00264","Stem-cell-iPSC","ANX","sQTL","Wald ratio","1.000"," 0.024","  2.718","9.45e-02",0.799583623,NA,NA,NA
"CSMD1","Stem-cell-iPSC","ANX","sQTL","Wald ratio","1.000","-0.133","  2.718","9.45e-02",0.16062129,NA,NA,NA
"TXNRD2","Stem-cell-iPSC","ANX","sQTL","Wald ratio","1.000","-0.055","  2.718","9.45e-02",0.561604609,NA,NA,NA
"TFEB","Stem-cell-iPSC","ANX","sQTL","Wald ratio","1.000","-0.017","  2.718","9.45e-02",0.857457458,NA,NA,NA
"CBX5","Stem-cell-iPSC","ANX","sQTL","Wald ratio","1.000","-0.163","  2.718","9.46e-02",0.085354288,NA,NA,NA
"RPL7","Stem-cell-iPSC","ANX","sQTL","Wald ratio","1.000"," 0.052","  2.718","9.46e-02",0.580757339,NA,NA,NA
"LINC01588","Stem-cell-iPSC","ANX","sQTL","Wald ratio","1.000"," 0.051","  2.718","9.47e-02",0.593491134,NA,NA,NA
"ZDHHC8P1","Stem-cell-iPSC","ANX","sQTL","Wald ratio","1.000","-0.033","  2.718","9.47e-02",0.72952105,NA,NA,NA
"HNRNPLP1","Stem-cell-iPSC","ANX","sQTL","Wald ratio","1.000"," 0.100","  2.718","9.47e-02",0.290904098,NA,NA,NA
"RNA5SP162","Stem-cell-iPSC","ANX","sQTL","Wald ratio","1.000"," 0.197","  2.718","9.48e-02",0.037588835,NA,NA,NA
"PDZPH1P","Stem-cell-iPSC","ANX","sQTL","Wald ratio","1.000"," 0.020","  2.718","9.50e-02",0.830324258,NA,NA,NA
"CCSER1","Stem-cell-iPSC","ANX","sQTL","Weighted median","3.000"," 0.100"," 20.086","9.52e-02",0.293688276,0.528722417,0.452259805,0.472329255
"ANKRD34C-AS1","Stem-cell-iPSC","ANX","sQTL","Wald ratio","1.000"," 0.012","  2.718","9.53e-02",0.901635551,NA,NA,NA
"USP20","Stem-cell-iPSC","ANX","sQTL","Wald ratio","1.000"," 0.005","  2.718","9.53e-02",0.960958306,NA,NA,NA
"MAST4","Stem-cell-iPSC","ANX","sQTL","Wald ratio","1.000","-0.135","  2.718","9.53e-02",0.156103006,NA,NA,NA
"BIN1","Stem-cell-iPSC","ANX","sQTL","Wald ratio","1.000"," 0.149","  2.718","9.53e-02",0.11726833,NA,NA,NA
"FLT3","Stem-cell-iPSC","ANX","sQTL","Wald ratio","1.000","-0.199","  2.718","9.54e-02",0.03722085,NA,NA,NA
"HUNK","Stem-cell-iPSC","ANX","sQTL","Wald ratio","1.000","-0.043","  2.718","9.58e-02",0.653886503,NA,NA,NA
"NIPA2P2","Stem-cell-iPSC","ANX","sQTL","Wald ratio","1.000"," 0.039","  2.718","9.61e-02",0.681131534,NA,NA,NA
"HTRA1","Stem-cell-iPSC","ANX","sQTL","Wald ratio","1.000"," 0.058","  2.718","9.61e-02",0.547092921,NA,NA,NA
"RALGAPA2","Stem-cell-iPSC","ANX","sQTL","Wald ratio","1.000","-0.183","  2.718","9.62e-02",0.05791265,NA,NA,NA
"FOXP1","Stem-cell-iPSC","ANX","sQTL","Wald ratio","1.000"," 0.120","  2.718","9.63e-02",0.214678653,NA,NA,NA
"CEP78","Stem-cell-iPSC","ANX","sQTL","Wald ratio","1.000","-0.097","  2.718","9.64e-02",0.315650336,NA,NA,NA
"ADGRL2","Stem-cell-iPSC","ANX","sQTL","Wald ratio","1.000","-0.170","  2.718","9.67e-02",0.07814268,NA,NA,NA
"C5orf49","Stem-cell-iPSC","ANX","sQTL","Wald ratio","1.000","-0.047","  2.718","9.72e-02",0.629202527,NA,NA,NA
"TRIO","Stem-cell-iPSC","ANX","sQTL","Wald ratio","1.000","-0.139","  2.718","9.75e-02",0.154376308,NA,NA,NA
"ARHGEF7","Stem-cell-iPSC","ANX","sQTL","Wald ratio","1.000","-0.026","  2.718","9.75e-02",0.789002894,NA,NA,NA
"TMEM229B","Stem-cell-iPSC","ANX","sQTL","Wald ratio","1.000"," 0.096","  2.718","9.77e-02",0.324273337,NA,NA,NA
"CDHR3","Stem-cell-iPSC","ANX","sQTL","Wald ratio","1.000"," 0.058","  2.718","9.79e-02",0.550938652,NA,NA,NA
"KLRF2","Stem-cell-iPSC","ANX","sQTL","Wald ratio","1.000","-0.155","  2.718","9.82e-02",0.114066812,NA,NA,NA
"HAUS6P1","Stem-cell-iPSC","ANX","sQTL","Wald ratio","1.000"," 0.109","  2.718","9.83e-02",0.269045577,NA,NA,NA
"DNAH9","Stem-cell-iPSC","ANX","sQTL","Wald ratio","1.000"," 0.056","  2.718","9.83e-02",0.568036285,NA,NA,NA
"RASA3","Stem-cell-iPSC","ANX","sQTL","Wald ratio","1.000"," 0.256","  2.718","9.83e-02",0.009252952,NA,NA,NA
"SPOCK1","Stem-cell-iPSC","ANX","sQTL","Wald ratio","1.000"," 0.073","  2.718","9.83e-02",0.456037526,NA,NA,NA
"CLVS1","Stem-cell-iPSC","ANX","sQTL","Wald ratio","1.000"," 0.122","  2.718","9.84e-02",0.214465659,NA,NA,NA
"PLB1","Stem-cell-iPSC","ANX","sQTL","Wald ratio","1.000","-0.064","  2.718","9.84e-02",0.513210928,NA,NA,NA
"BCR","Stem-cell-iPSC","ANX","sQTL","Wald ratio","1.000"," 0.081","  2.718","9.86e-02",0.409334533,NA,NA,NA
"UTRN","Stem-cell-iPSC","ANX","sQTL","Wald ratio","1.000"," 0.097","  2.718","9.86e-02",0.326162364,NA,NA,NA
"BMP6","Stem-cell-iPSC","ANX","sQTL","Wald ratio","1.000","-0.030","  2.718","9.86e-02",0.763916836,NA,NA,NA
"ZNF257","Stem-cell-iPSC","ANX","sQTL","Wald ratio","1.000","-0.111","  2.718","9.86e-02",0.261447116,NA,NA,NA
"MAD1L1","Stem-cell-iPSC","ANX","sQTL","Wald ratio","1.000","-0.213","  2.718","9.87e-02",0.03101636,NA,NA,NA
"C22orf34","Stem-cell-iPSC","ANX","sQTL","Wald ratio","1.000"," 0.013","  2.718","9.87e-02",0.897247605,NA,NA,NA
"UBR3","Stem-cell-iPSC","ANX","sQTL","Wald ratio","1.000","-0.051","  2.718","9.87e-02",0.603425694,NA,NA,NA
"TTC28","Stem-cell-iPSC","ANX","sQTL","Wald ratio","1.000","-0.059","  2.718","9.88e-02",0.550010521,NA,NA,NA
"PRDM15","Stem-cell-iPSC","ANX","sQTL","Wald ratio","1.000"," 0.012","  2.718","9.89e-02",0.904483148,NA,NA,NA
"CDH12","Stem-cell-iPSC","ANX","sQTL","Wald ratio","1.000"," 0.048","  2.718","9.91e-02",0.624585645,NA,NA,NA
"MAP10","Stem-cell-iPSC","ANX","sQTL","Wald ratio","1.000"," 0.146","  2.718","9.95e-02",0.142768687,NA,NA,NA
"GABRR1","Stem-cell-iPSC","ANX","sQTL","Wald ratio","1.000","-0.086","  2.718","9.95e-02",0.386124674,NA,NA,NA
"KIAA1671","Stem-cell-iPSC","ANX","sQTL","Wald ratio","1.000","-0.129","  2.718","9.95e-02",0.196219466,NA,NA,NA
"EML1","Stem-cell-iPSC","ANX","sQTL","Wald ratio","1.000","-0.059","  2.718","9.95e-02",0.550806711,NA,NA,NA
"ALCAM","Stem-cell-iPSC","ANX","sQTL","Wald ratio","1.000","-0.021","  2.718","9.97e-02",0.831927435,NA,NA,NA
"LGI2","Stem-cell-iPSC","ANX","sQTL","Wald ratio","1.000"," 0.205","  2.718","9.97e-02",0.039527681,NA,NA,NA
"KCNIP4","Stem-cell-iPSC","ANX","sQTL","MR Egger","3.000","-0.035"," 20.086","1.00e-01",0.784853008,0.578533077,0.84255017,0.883863608
"AQR","Stem-cell-iPSC","ANX","sQTL","Wald ratio","1.000"," 0.127","  2.718","1.00e-01",0.207040571,NA,NA,NA
"ENPP6","Stem-cell-iPSC","ANX","sQTL","Wald ratio","1.000","-0.044","  2.718","1.00e-01",0.658214841,NA,NA,NA
"SERPINA5","Stem-cell-iPSC","ANX","sQTL","Wald ratio","1.000","-0.007","  2.718","1.01e-01",0.941512036,NA,NA,NA
"IRF7","Stem-cell-iPSC","ANX","sQTL","Wald ratio","1.000","-0.001","  2.718","1.01e-01",0.992657608,NA,NA,NA
"OSTM1","Stem-cell-iPSC","ANX","sQTL","Wald ratio","1.000"," 0.042","  2.718","1.01e-01",0.679268496,NA,NA,NA
"NKAIN4","Stem-cell-iPSC","ANX","sQTL","Wald ratio","1.000","-0.224","  2.718","1.01e-01",0.026227529,NA,NA,NA
"GNG12-AS1","Stem-cell-iPSC","ANX","sQTL","Wald ratio","1.000","-0.137","  2.718","1.01e-01",0.176523848,NA,NA,NA
"TMEM74","Stem-cell-iPSC","ANX","sQTL","Wald ratio","1.000","-0.121","  2.718","1.01e-01",0.233604014,NA,NA,NA
"IMMP2L","Stem-cell-iPSC","ANX","sQTL","Inverse variance weighted","2.000","-0.040","  7.389","1.01e-01",0.695857802,NA,0.002674597,NA
"KIAA1328","Stem-cell-iPSC","ANX","sQTL","Wald ratio","1.000"," 0.141","  2.718","1.01e-01",0.165228253,NA,NA,NA
"ZMAT4","Stem-cell-iPSC","ANX","sQTL","Wald ratio","1.000"," 0.219","  2.718","1.01e-01",0.030501053,NA,NA,NA
"DERA","Stem-cell-iPSC","ANX","sQTL","Wald ratio","1.000","-0.110","  2.718","1.01e-01",0.279128805,NA,NA,NA
"ABHD11-AS1","Stem-cell-iPSC","ANX","sQTL","Wald ratio","1.000"," 0.198","  2.718","1.02e-01",0.051527683,NA,NA,NA
"SLC13A3","Stem-cell-iPSC","ANX","sQTL","Wald ratio","1.000"," 0.128","  2.718","1.02e-01",0.209709699,NA,NA,NA
"SLC15A4","Stem-cell-iPSC","ANX","sQTL","Wald ratio","1.000"," 0.051","  2.718","1.02e-01",0.619666168,NA,NA,NA
"SPARCL1","Stem-cell-iPSC","ANX","sQTL","Wald ratio","1.000","-0.246","  2.718","1.02e-01",0.016005777,NA,NA,NA
"FAM216B","Stem-cell-iPSC","ANX","sQTL","Wald ratio","1.000"," 0.014","  2.718","1.02e-01",0.890569286,NA,NA,NA
"DENND2A","Stem-cell-iPSC","ANX","sQTL","Wald ratio","1.000"," 0.071","  2.718","1.02e-01",0.485334056,NA,NA,NA
"SULF2","Stem-cell-iPSC","ANX","sQTL","Wald ratio","1.000"," 0.016","  2.718","1.03e-01",0.875353021,NA,NA,NA
"MALRD1","Stem-cell-iPSC","ANX","sQTL","Wald ratio","1.000","-0.015","  2.718","1.03e-01",0.88332329,NA,NA,NA
"RPL23AP22","Stem-cell-iPSC","ANX","sQTL","Wald ratio","1.000"," 0.076","  2.718","1.03e-01",0.456763928,NA,NA,NA
"RPL17P12","Stem-cell-iPSC","ANX","sQTL","Wald ratio","1.000","-0.022","  2.718","1.03e-01",0.831329779,NA,NA,NA
"HIST1H2APS6","Stem-cell-iPSC","ANX","sQTL","Wald ratio","1.000"," 0.083","  2.718","1.03e-01",0.421695857,NA,NA,NA
"MEPCE","Stem-cell-iPSC","ANX","sQTL","Wald ratio","1.000"," 0.129","  2.718","1.03e-01",0.209978999,NA,NA,NA
"GPM6A","Stem-cell-iPSC","ANX","sQTL","Wald ratio","1.000"," 0.089","  2.718","1.03e-01",0.385562798,NA,NA,NA
"NUCB2","Stem-cell-iPSC","ANX","sQTL","Wald ratio","1.000"," 0.222","  2.718","1.03e-01",0.031441305,NA,NA,NA
"SPINK2","Stem-cell-iPSC","ANX","sQTL","Wald ratio","1.000"," 0.089","  2.718","1.03e-01",0.38634683,NA,NA,NA
"TBX18","Stem-cell-iPSC","ANX","sQTL","Wald ratio","1.000","-0.069","  2.718","1.03e-01",0.502041997,NA,NA,NA
"ELP3","Stem-cell-iPSC","ANX","sQTL","Wald ratio","1.000","-0.023","  2.718","1.03e-01",0.826752933,NA,NA,NA
"CYB5A","Stem-cell-iPSC","ANX","sQTL","Wald ratio","1.000","-0.065","  2.718","1.04e-01",0.528803032,NA,NA,NA
"HELZ","Stem-cell-iPSC","ANX","sQTL","Wald ratio","1.000","-0.037","  2.718","1.04e-01",0.719727109,NA,NA,NA
"TMEM44","Stem-cell-iPSC","ANX","sQTL","Wald ratio","1.000","-0.237","  2.718","1.04e-01",0.022676212,NA,NA,NA
"SATB2","Stem-cell-iPSC","ANX","sQTL","Wald ratio","1.000","-0.092","  2.718","1.04e-01",0.374467819,NA,NA,NA
"KTN1-AS1","Stem-cell-iPSC","ANX","sQTL","Wald ratio","1.000","-0.092","  2.718","1.04e-01",0.37656431,NA,NA,NA
"IYD","Stem-cell-iPSC","ANX","sQTL","Wald ratio","1.000"," 0.115","  2.718","1.04e-01",0.271648741,NA,NA,NA
"SLC35F4","Stem-cell-iPSC","ANX","sQTL","Wald ratio","1.000","-0.002","  2.718","1.04e-01",0.987395713,NA,NA,NA
"CDH19","Stem-cell-iPSC","ANX","sQTL","Wald ratio","1.000"," 0.111","  2.718","1.04e-01",0.288184933,NA,NA,NA
"CHRM5","Stem-cell-iPSC","ANX","sQTL","Wald ratio","1.000"," 0.034","  2.718","1.05e-01",0.746360423,NA,NA,NA
"STXBP6","Stem-cell-iPSC","ANX","sQTL","Inverse variance weighted","2.000","-0.086","  7.389","1.05e-01",0.410366345,NA,0.013078259,NA
"C16orf62","Stem-cell-iPSC","ANX","sQTL","Wald ratio","1.000"," 0.009","  2.718","1.05e-01",0.928995356,NA,NA,NA
"CUX1","Stem-cell-iPSC","ANX","sQTL","Wald ratio","1.000"," 0.025","  2.718","1.05e-01",0.814896701,NA,NA,NA
"OR7E59P","Stem-cell-iPSC","ANX","sQTL","Wald ratio","1.000"," 0.092","  2.718","1.05e-01",0.383208378,NA,NA,NA
"RN7SKP199","Stem-cell-iPSC","ANX","sQTL","Wald ratio","1.000","-0.155","  2.718","1.05e-01",0.140858186,NA,NA,NA
"SH3RF1","Stem-cell-iPSC","ANX","sQTL","Wald ratio","1.000","-0.040","  2.718","1.05e-01",0.702751263,NA,NA,NA
"GUCY2GP","Stem-cell-iPSC","ANX","sQTL","Wald ratio","1.000"," 0.233","  2.718","1.05e-01",0.027221045,NA,NA,NA
"FAM184B","Stem-cell-iPSC","ANX","sQTL","Wald ratio","1.000"," 0.117","  2.718","1.06e-01",0.265887659,NA,NA,NA
"GNPDA2","Stem-cell-iPSC","ANX","sQTL","Wald ratio","1.000","-0.189","  2.718","1.06e-01",0.074532058,NA,NA,NA
"PLXNA4","Stem-cell-iPSC","ANX","sQTL","Wald ratio","1.000"," 0.054","  2.718","1.06e-01",0.613354459,NA,NA,NA
"HSPE1P10","Stem-cell-iPSC","ANX","sQTL","Wald ratio","1.000","-0.280","  2.718","1.06e-01",0.008324195,NA,NA,NA
"PPP3CA","Stem-cell-iPSC","ANX","sQTL","Wald ratio","1.000"," 0.183","  2.718","1.06e-01",0.084664088,NA,NA,NA
"MCTP1","Stem-cell-iPSC","ANX","sQTL","Wald ratio","1.000"," 0.165","  2.718","1.06e-01",0.120124271,NA,NA,NA
"LMCD1-AS1","Stem-cell-iPSC","ANX","sQTL","MR Egger","3.000"," 0.093"," 20.086","1.06e-01",0.5412702,0.455121983,0.224761933,0.363258346
"DNM1P47","Stem-cell-iPSC","ANX","sQTL","Wald ratio","1.000"," 0.010","  2.718","1.06e-01",0.924433218,NA,NA,NA
"RPS17P2","Stem-cell-iPSC","ANX","sQTL","Wald ratio","1.000"," 0.043","  2.718","1.06e-01",0.686024978,NA,NA,NA
"DCLK2","Stem-cell-iPSC","ANX","sQTL","Wald ratio","1.000","-0.017","  2.718","1.06e-01",0.869650403,NA,NA,NA
"TRPS1","Stem-cell-iPSC","ANX","sQTL","Wald ratio","1.000","-0.006","  2.718","1.07e-01",0.956631883,NA,NA,NA
"EIF3H","Stem-cell-iPSC","ANX","sQTL","Wald ratio","1.000","-0.175","  2.718","1.07e-01",0.10137262,NA,NA,NA
"TNS3","Stem-cell-iPSC","ANX","sQTL","Wald ratio","1.000"," 0.187","  2.718","1.07e-01",0.080344429,NA,NA,NA
"LMCD1-AS1","Stem-cell-iPSC","ANX","sQTL","Simple mode","3.000","-0.077"," 20.086","1.07e-01",0.545892045,0.455121983,0.224761933,0.363258346
"CDH3","Stem-cell-iPSC","ANX","sQTL","Wald ratio","1.000","-0.235","  2.718","1.07e-01",0.028291508,NA,NA,NA
"RSL24D1P4","Stem-cell-iPSC","ANX","sQTL","Wald ratio","1.000","-0.056","  2.718","1.07e-01",0.598547752,NA,NA,NA
"INSR","Stem-cell-iPSC","ANX","sQTL","Wald ratio","1.000","-0.109","  2.718","1.07e-01",0.308538885,NA,NA,NA
"TENM4","Stem-cell-iPSC","ANX","sQTL","MR Egger","3.000","-0.093"," 20.086","1.07e-01",0.545137032,0.665543848,0.844020004,0.763127998
"CD101","Stem-cell-iPSC","ANX","sQTL","Wald ratio","1.000"," 0.085","  2.718","1.07e-01",0.429339403,NA,NA,NA
"SSX2IP","Stem-cell-iPSC","ANX","sQTL","Wald ratio","1.000","-0.012","  2.718","1.08e-01",0.914607376,NA,NA,NA
"CCSER1","Stem-cell-iPSC","ANX","sQTL","MR Egger","3.000"," 0.187"," 20.086","1.08e-01",0.332506169,0.528722417,0.452259805,0.472329255
"KRT18P56","Stem-cell-iPSC","ANX","sQTL","Wald ratio","1.000","-0.049","  2.718","1.08e-01",0.649593541,NA,NA,NA
"OR1I1","Stem-cell-iPSC","ANX","sQTL","Wald ratio","1.000","-0.051","  2.718","1.08e-01",0.63728187,NA,NA,NA
"RASGRF1","Stem-cell-iPSC","ANX","sQTL","Wald ratio","1.000","-0.062","  2.718","1.08e-01",0.56515747,NA,NA,NA
"MXRA7","Stem-cell-iPSC","ANX","sQTL","Wald ratio","1.000","-0.009","  2.718","1.08e-01",0.936598779,NA,NA,NA
"CCDC106","Stem-cell-iPSC","ANX","sQTL","Wald ratio","1.000"," 0.101","  2.718","1.08e-01",0.352916363,NA,NA,NA
"VSIG10","Stem-cell-iPSC","ANX","sQTL","Wald ratio","1.000"," 0.190","  2.718","1.08e-01",0.078803895,NA,NA,NA
"SH2D1B","Stem-cell-iPSC","ANX","sQTL","Wald ratio","1.000"," 0.072","  2.718","1.08e-01",0.505735246,NA,NA,NA
"METTL4","Stem-cell-iPSC","ANX","sQTL","Wald ratio","1.000","-0.002","  2.718","1.09e-01",0.98708981,NA,NA,NA
"ROR1","Stem-cell-iPSC","ANX","sQTL","Wald ratio","1.000"," 0.194","  2.718","1.09e-01",0.074961186,NA,NA,NA
"SUMO2P13","Stem-cell-iPSC","ANX","sQTL","Wald ratio","1.000","-0.047","  2.718","1.09e-01",0.665500985,NA,NA,NA
"FAM13B","Stem-cell-iPSC","ANX","sQTL","Wald ratio","1.000"," 0.152","  2.718","1.09e-01",0.165712978,NA,NA,NA
"TEKT3","Stem-cell-iPSC","ANX","sQTL","Wald ratio","1.000"," 0.127","  2.718","1.09e-01",0.246324944,NA,NA,NA
"ADGB","Stem-cell-iPSC","ANX","sQTL","Wald ratio","1.000","-0.104","  2.718","1.10e-01",0.342956657,NA,NA,NA
"DAB1","Stem-cell-iPSC","ANX","sQTL","Wald ratio","1.000"," 0.234","  2.718","1.10e-01",0.033251592,NA,NA,NA
"APOL4","Stem-cell-iPSC","ANX","sQTL","Wald ratio","1.000","-0.040","  2.718","1.10e-01",0.717083362,NA,NA,NA
"SATB1-AS1","Stem-cell-iPSC","ANX","sQTL","Wald ratio","1.000"," 0.137","  2.718","1.11e-01",0.215571452,NA,NA,NA
"CYP4X1","Stem-cell-iPSC","ANX","sQTL","Wald ratio","1.000"," 0.080","  2.718","1.11e-01",0.467990506,NA,NA,NA
"PLXNA2","Stem-cell-iPSC","ANX","sQTL","Wald ratio","1.000","-0.160","  2.718","1.11e-01",0.147869205,NA,NA,NA
"PRR18","Stem-cell-iPSC","ANX","sQTL","Wald ratio","1.000","-0.036","  2.718","1.11e-01",0.746367838,NA,NA,NA
"RBMS3","Stem-cell-iPSC","ANX","sQTL","Wald ratio","1.000"," 0.136","  2.718","1.11e-01",0.221102222,NA,NA,NA
"AMOTL1","Stem-cell-iPSC","ANX","sQTL","Wald ratio","1.000"," 0.068","  2.718","1.11e-01",0.537047451,NA,NA,NA
"RPL10L","Stem-cell-iPSC","ANX","sQTL","Wald ratio","1.000"," 0.098","  2.718","1.11e-01",0.377121913,NA,NA,NA
"LPCAT1","Stem-cell-iPSC","ANX","sQTL","Wald ratio","1.000"," 0.198","  2.718","1.11e-01",0.074185579,NA,NA,NA
"NREP-AS1","Stem-cell-iPSC","ANX","sQTL","Wald ratio","1.000","-0.074","  2.718","1.11e-01",0.502899456,NA,NA,NA
"RNU4-77P","Stem-cell-iPSC","ANX","sQTL","Wald ratio","1.000"," 0.185","  2.718","1.11e-01",0.095341529,NA,NA,NA
"ZC3H12D","Stem-cell-iPSC","ANX","sQTL","Wald ratio","1.000"," 0.011","  2.718","1.11e-01",0.922734362,NA,NA,NA
"CATSPERB","Stem-cell-iPSC","ANX","sQTL","Wald ratio","1.000","-0.106","  2.718","1.11e-01",0.33974247,NA,NA,NA
"OXNAD1","Stem-cell-iPSC","ANX","sQTL","Wald ratio","1.000","-0.182","  2.718","1.11e-01",0.103267834,NA,NA,NA
"KCNA10","Stem-cell-iPSC","ANX","sQTL","Wald ratio","1.000","-0.132","  2.718","1.12e-01",0.238519983,NA,NA,NA
"RGS12","Stem-cell-iPSC","ANX","sQTL","Wald ratio","1.000","-0.125","  2.718","1.12e-01",0.263891132,NA,NA,NA
"PRMT8","Stem-cell-iPSC","ANX","sQTL","Wald ratio","1.000"," 0.103","  2.718","1.12e-01",0.357265447,NA,NA,NA
"ARHGEF10","Stem-cell-iPSC","ANX","sQTL","Wald ratio","1.000","-0.230","  2.718","1.12e-01",0.039404573,NA,NA,NA
"C21orf33","Stem-cell-iPSC","ANX","sQTL","Wald ratio","1.000","-0.173","  2.718","1.12e-01",0.123394099,NA,NA,NA
"OSBPL10","Stem-cell-iPSC","ANX","sQTL","MR Egger","3.000","-0.118"," 20.086","1.12e-01",0.484523304,0.857532881,0.515292629,0.459115353
"SLC6A19","Stem-cell-iPSC","ANX","sQTL","Wald ratio","1.000","-0.024","  2.718","1.12e-01",0.827746556,NA,NA,NA
"ZNF280D","Stem-cell-iPSC","ANX","sQTL","Wald ratio","1.000","-0.153","  2.718","1.12e-01",0.171784544,NA,NA,NA
"DOK6","Stem-cell-iPSC","ANX","sQTL","Wald ratio","1.000","-0.002","  2.718","1.12e-01",0.98708981,NA,NA,NA
"FRMD4A","Stem-cell-iPSC","ANX","sQTL","Simple mode","3.000","-0.019"," 20.086","1.12e-01",0.881964633,0.791901256,0.20627331,0.329385329
"PTPRO","Stem-cell-iPSC","ANX","sQTL","Wald ratio","1.000","-0.221","  2.718","1.13e-01",0.049671841,NA,NA,NA
"LINC00189","Stem-cell-iPSC","ANX","sQTL","Wald ratio","1.000","-0.033","  2.718","1.13e-01",0.768668007,NA,NA,NA
"LGI1","Stem-cell-iPSC","ANX","sQTL","Wald ratio","1.000","-0.098","  2.718","1.13e-01",0.382782422,NA,NA,NA
"CAB39L","Stem-cell-iPSC","ANX","sQTL","Wald ratio","1.000","-0.062","  2.718","1.13e-01",0.58113737,NA,NA,NA
"XXYLT1","Stem-cell-iPSC","ANX","sQTL","Wald ratio","1.000"," 0.086","  2.718","1.13e-01",0.445902365,NA,NA,NA
"TSTD3","Stem-cell-iPSC","ANX","sQTL","Wald ratio","1.000","-0.015","  2.718","1.13e-01",0.89578289,NA,NA,NA
"PLEKHS1","Stem-cell-iPSC","ANX","sQTL","Wald ratio","1.000","-0.026","  2.718","1.14e-01",0.821705362,NA,NA,NA
"NRXN3","Stem-cell-iPSC","ANX","sQTL","Wald ratio","1.000","-0.066","  2.718","1.14e-01",0.560437509,NA,NA,NA
"NEK11","Stem-cell-iPSC","ANX","sQTL","Wald ratio","1.000"," 0.030","  2.718","1.14e-01",0.790346241,NA,NA,NA
"ESCO1","Stem-cell-iPSC","ANX","sQTL","Wald ratio","1.000"," 0.061","  2.718","1.14e-01",0.591204075,NA,NA,NA
"EXTL3","Stem-cell-iPSC","ANX","sQTL","Wald ratio","1.000"," 0.178","  2.718","1.14e-01",0.119813814,NA,NA,NA
"ACKR3","Stem-cell-iPSC","ANX","sQTL","Wald ratio","1.000"," 0.105","  2.718","1.15e-01",0.360318547,NA,NA,NA
"RNU6-2","Stem-cell-iPSC","ANX","sQTL","Wald ratio","1.000"," 0.176","  2.718","1.15e-01",0.125303969,NA,NA,NA
"ZNF148","Stem-cell-iPSC","ANX","sQTL","Wald ratio","1.000","-0.033","  2.718","1.15e-01",0.776522142,NA,NA,NA
"SYNPR","Stem-cell-iPSC","ANX","sQTL","Wald ratio","1.000","-0.194","  2.718","1.15e-01",0.091643267,NA,NA,NA
"RNU6-380P","Stem-cell-iPSC","ANX","sQTL","Wald ratio","1.000"," 0.022","  2.718","1.15e-01",0.850692206,NA,NA,NA
"NFIA","Stem-cell-iPSC","ANX","sQTL","Wald ratio","1.000"," 0.037","  2.718","1.15e-01",0.749659541,NA,NA,NA
"MMP20","Stem-cell-iPSC","ANX","sQTL","Wald ratio","1.000","-0.023","  2.718","1.15e-01",0.839084123,NA,NA,NA
"CCDC91","Stem-cell-iPSC","ANX","sQTL","Wald ratio","1.000","-0.081","  2.718","1.16e-01",0.485023605,NA,NA,NA
"RNY3P10","Stem-cell-iPSC","ANX","sQTL","Wald ratio","1.000","-0.115","  2.718","1.16e-01",0.32084288,NA,NA,NA
"ANKS4B","Stem-cell-iPSC","ANX","sQTL","Wald ratio","1.000","-0.095","  2.718","1.16e-01",0.410571526,NA,NA,NA
"VGLL3","Stem-cell-iPSC","ANX","sQTL","Wald ratio","1.000"," 0.101","  2.718","1.16e-01",0.382811749,NA,NA,NA
"NEPNP","Stem-cell-iPSC","ANX","sQTL","Wald ratio","1.000","-0.114","  2.718","1.16e-01",0.323939535,NA,NA,NA
"ERAP1","Stem-cell-iPSC","ANX","sQTL","Wald ratio","1.000"," 0.117","  2.718","1.16e-01",0.313277733,NA,NA,NA
"CDH4","Stem-cell-iPSC","ANX","sQTL","Inverse variance weighted","2.000"," 0.010","  7.389","1.16e-01",0.931734531,NA,0.064575478,NA
"CSGALNACT1","Stem-cell-iPSC","ANX","sQTL","Wald ratio","1.000","-0.054","  2.718","1.16e-01",0.641941486,NA,NA,NA
"MYO3A","Stem-cell-iPSC","ANX","sQTL","Wald ratio","1.000","-0.175","  2.718","1.16e-01",0.132570263,NA,NA,NA
"DHRS7B","Stem-cell-iPSC","ANX","sQTL","Wald ratio","1.000","-0.090","  2.718","1.16e-01",0.435896599,NA,NA,NA
"DOCK10","Stem-cell-iPSC","ANX","sQTL","Wald ratio","1.000","-0.033","  2.718","1.16e-01",0.779129782,NA,NA,NA
"PRKRIR","Stem-cell-iPSC","ANX","sQTL","Wald ratio","1.000"," 0.053","  2.718","1.16e-01",0.64958949,NA,NA,NA
"NOL10","Stem-cell-iPSC","ANX","sQTL","Wald ratio","1.000"," 0.085","  2.718","1.16e-01",0.466649596,NA,NA,NA
"RNF5P1","Stem-cell-iPSC","ANX","sQTL","Wald ratio","1.000"," 0.037","  2.718","1.17e-01",0.74836044,NA,NA,NA
"LINC00276","Stem-cell-iPSC","ANX","sQTL","Wald ratio","1.000"," 0.076","  2.718","1.17e-01",0.51227267,NA,NA,NA
"NCF2","Stem-cell-iPSC","ANX","sQTL","Wald ratio","1.000","-0.012","  2.718","1.17e-01",0.917169349,NA,NA,NA
"ENPP7P9","Stem-cell-iPSC","ANX","sQTL","Wald ratio","1.000"," 0.024","  2.718","1.17e-01",0.840507152,NA,NA,NA
"BTBD7","Stem-cell-iPSC","ANX","sQTL","Wald ratio","1.000"," 0.234","  2.718","1.17e-01",0.045821637,NA,NA,NA
"MATN2","Stem-cell-iPSC","ANX","sQTL","Wald ratio","1.000"," 0.108","  2.718","1.17e-01",0.358007397,NA,NA,NA
"RASGEF1B","Stem-cell-iPSC","ANX","sQTL","Wald ratio","1.000"," 0.053","  2.718","1.17e-01",0.649436284,NA,NA,NA
"ZCCHC2","Stem-cell-iPSC","ANX","sQTL","Wald ratio","1.000","-0.035","  2.718","1.17e-01",0.768564681,NA,NA,NA
"HEPACAM","Stem-cell-iPSC","ANX","sQTL","Wald ratio","1.000","-0.069","  2.718","1.17e-01",0.558569691,NA,NA,NA
"ANKDD1B","Stem-cell-iPSC","ANX","sQTL","Wald ratio","1.000","-0.029","  2.718","1.17e-01",0.806445402,NA,NA,NA
"SMAD3","Stem-cell-iPSC","ANX","sQTL","Inverse variance weighted","2.000"," 0.106","  7.389","1.18e-01",0.369551228,NA,0.212763544,NA
"AKR1C2","Stem-cell-iPSC","ANX","sQTL","Wald ratio","1.000"," 0.071","  2.718","1.18e-01",0.545178997,NA,NA,NA
"COL4A2","Stem-cell-iPSC","ANX","sQTL","Wald ratio","1.000"," 0.028","  2.718","1.18e-01",0.809880877,NA,NA,NA
"PWRN2","Stem-cell-iPSC","ANX","sQTL","Wald ratio","1.000","-0.183","  2.718","1.18e-01",0.122684138,NA,NA,NA
"COLGALT2","Stem-cell-iPSC","ANX","sQTL","Wald ratio","1.000","-0.257","  2.718","1.19e-01",0.030134589,NA,NA,NA
"GHRL","Stem-cell-iPSC","ANX","sQTL","Wald ratio","1.000"," 0.012","  2.718","1.19e-01",0.918169544,NA,NA,NA
"CREG1","Stem-cell-iPSC","ANX","sQTL","Wald ratio","1.000"," 0.011","  2.718","1.19e-01",0.926556005,NA,NA,NA
"TGM3","Stem-cell-iPSC","ANX","sQTL","Wald ratio","1.000","-0.027","  2.718","1.19e-01",0.823903289,NA,NA,NA
"ANKS1B","Stem-cell-iPSC","ANX","sQTL","Wald ratio","1.000"," 0.039","  2.718","1.20e-01",0.744898686,NA,NA,NA
"ARC","Stem-cell-iPSC","ANX","sQTL","Wald ratio","1.000"," 0.023","  2.718","1.20e-01",0.850206864,NA,NA,NA
"TBC1D22A","Stem-cell-iPSC","ANX","sQTL","Wald ratio","1.000"," 0.112","  2.718","1.20e-01",0.350017693,NA,NA,NA
"RN7SL366P","Stem-cell-iPSC","ANX","sQTL","Wald ratio","1.000"," 0.018","  2.718","1.20e-01",0.883583074,NA,NA,NA
"KCNJ6","Stem-cell-iPSC","ANX","sQTL","Wald ratio","1.000"," 0.142","  2.718","1.20e-01",0.237503424,NA,NA,NA
"SERPINE2","Stem-cell-iPSC","ANX","sQTL","Wald ratio","1.000","-0.021","  2.718","1.20e-01",0.862427258,NA,NA,NA
"RYR3","Stem-cell-iPSC","ANX","sQTL","Wald ratio","1.000","-0.103","  2.718","1.21e-01",0.391819785,NA,NA,NA
"ETV3","Stem-cell-iPSC","ANX","sQTL","Wald ratio","1.000"," 0.005","  2.718","1.21e-01",0.968615918,NA,NA,NA
"PPFIBP1","Stem-cell-iPSC","ANX","sQTL","Wald ratio","1.000"," 0.023","  2.718","1.21e-01",0.848826583,NA,NA,NA
"VTCN1","Stem-cell-iPSC","ANX","sQTL","Wald ratio","1.000"," 0.051","  2.718","1.21e-01",0.672954716,NA,NA,NA
"SEMA6D","Stem-cell-iPSC","ANX","sQTL","Wald ratio","1.000"," 0.091","  2.718","1.22e-01",0.454737074,NA,NA,NA
"CPNE4","Stem-cell-iPSC","ANX","sQTL","Wald ratio","1.000","-0.201","  2.718","1.22e-01",0.0986552,NA,NA,NA
"INHBA-AS1","Stem-cell-iPSC","ANX","sQTL","Wald ratio","1.000","-0.045","  2.718","1.22e-01",0.713105873,NA,NA,NA
"GRIN2A","Stem-cell-iPSC","ANX","sQTL","Inverse variance weighted","2.000","-0.044","  7.389","1.22e-01",0.715870601,NA,0.127724662,NA
"PAMR1","Stem-cell-iPSC","ANX","sQTL","Wald ratio","1.000","-0.136","  2.718","1.22e-01",0.265939557,NA,NA,NA
"D2HGDH","Stem-cell-iPSC","ANX","sQTL","Wald ratio","1.000","-0.172","  2.718","1.23e-01",0.160281269,NA,NA,NA
"CDH11","Stem-cell-iPSC","ANX","sQTL","Wald ratio","1.000"," 0.062","  2.718","1.23e-01",0.615391563,NA,NA,NA
"HS6ST1","Stem-cell-iPSC","ANX","sQTL","Wald ratio","1.000"," 0.162","  2.718","1.23e-01",0.188558344,NA,NA,NA
"BEGAIN","Stem-cell-iPSC","ANX","sQTL","Wald ratio","1.000"," 0.062","  2.718","1.23e-01",0.615978728,NA,NA,NA
"IFIT1","Stem-cell-iPSC","ANX","sQTL","Wald ratio","1.000","-0.047","  2.718","1.23e-01",0.704028356,NA,NA,NA
"RAMP3","Stem-cell-iPSC","ANX","sQTL","Wald ratio","1.000","-0.150","  2.718","1.23e-01",0.225689103,NA,NA,NA
"CAMK1D","Stem-cell-iPSC","ANX","sQTL","Wald ratio","1.000"," 0.092","  2.718","1.23e-01",0.456292006,NA,NA,NA
"S100A14","Stem-cell-iPSC","ANX","sQTL","Wald ratio","1.000"," 0.014","  2.718","1.25e-01",0.911807067,NA,NA,NA
"EDIL3","Stem-cell-iPSC","ANX","sQTL","Wald ratio","1.000","-0.013","  2.718","1.25e-01",0.91693566,NA,NA,NA
"ZNF385B","Stem-cell-iPSC","ANX","sQTL","Wald ratio","1.000","-0.035","  2.718","1.25e-01",0.780089595,NA,NA,NA
"SPOCK2","Stem-cell-iPSC","ANX","sQTL","Wald ratio","1.000"," 0.063","  2.718","1.25e-01",0.614665739,NA,NA,NA
"SRRM1P2","Stem-cell-iPSC","ANX","sQTL","Wald ratio","1.000","-0.099","  2.718","1.25e-01",0.426821281,NA,NA,NA
"PRKCZ","Stem-cell-iPSC","ANX","sQTL","Wald ratio","1.000","-0.031","  2.718","1.25e-01",0.80203024,NA,NA,NA
"GFRA1","Stem-cell-iPSC","ANX","sQTL","Inverse variance weighted","2.000"," 0.040","  7.389","1.25e-01",0.748142472,NA,0.115868231,NA
"AIM1","Stem-cell-iPSC","ANX","sQTL","Wald ratio","1.000","-0.252","  2.718","1.26e-01",0.045084152,NA,NA,NA
"PLXDC2","Stem-cell-iPSC","ANX","sQTL","Wald ratio","1.000","-0.207","  2.718","1.26e-01",0.101166371,NA,NA,NA
"YBX1P6","Stem-cell-iPSC","ANX","sQTL","Wald ratio","1.000"," 0.001","  2.718","1.26e-01",0.994000924,NA,NA,NA
"LINC01307","Stem-cell-iPSC","ANX","sQTL","Wald ratio","1.000","-0.181","  2.718","1.26e-01",0.151548407,NA,NA,NA
"PHF2","Stem-cell-iPSC","ANX","sQTL","Wald ratio","1.000"," 0.136","  2.718","1.27e-01",0.280819151,NA,NA,NA
"C2orf40","Stem-cell-iPSC","ANX","sQTL","Wald ratio","1.000","-0.184","  2.718","1.27e-01",0.145653709,NA,NA,NA
"RPL5P6","Stem-cell-iPSC","ANX","sQTL","Wald ratio","1.000","-0.101","  2.718","1.27e-01",0.424995886,NA,NA,NA
"RNF138P2","Stem-cell-iPSC","ANX","sQTL","Wald ratio","1.000","-0.070","  2.718","1.27e-01",0.58113737,NA,NA,NA
"CDK14","Stem-cell-iPSC","ANX","sQTL","MR Egger","3.000","-0.063"," 20.086","1.27e-01",0.706414855,0.698168918,0.780058228,0.66134569
"CACNG6","Stem-cell-iPSC","ANX","sQTL","Wald ratio","1.000"," 0.273","  2.718","1.27e-01",0.031598229,NA,NA,NA
"ADGRB3","Stem-cell-iPSC","ANX","sQTL","Wald ratio","1.000","-0.051","  2.718","1.27e-01",0.686891637,NA,NA,NA
"SMARCA2","Stem-cell-iPSC","ANX","sQTL","Wald ratio","1.000","-0.148","  2.718","1.27e-01",0.243836839,NA,NA,NA
"FER1L6-AS2","Stem-cell-iPSC","ANX","sQTL","Wald ratio","1.000","-0.079","  2.718","1.27e-01",0.53316072,NA,NA,NA
"CIDEA","Stem-cell-iPSC","ANX","sQTL","Wald ratio","1.000","-0.232","  2.718","1.28e-01",0.068272436,NA,NA,NA
"HIP1","Stem-cell-iPSC","ANX","sQTL","Wald ratio","1.000"," 0.117","  2.718","1.28e-01",0.357158991,NA,NA,NA
"DLG2","Stem-cell-iPSC","ANX","sQTL","MR Egger","3.000","-0.189"," 20.086","1.28e-01",0.378357001,0.383688239,0.180407794,0.349825481
"GFRA4","Stem-cell-iPSC","ANX","sQTL","Wald ratio","1.000"," 0.025","  2.718","1.28e-01",0.844011051,NA,NA,NA
"WARS2","Stem-cell-iPSC","ANX","sQTL","Wald ratio","1.000"," 0.154","  2.718","1.28e-01",0.230654149,NA,NA,NA
"TBX20","Stem-cell-iPSC","ANX","sQTL","Wald ratio","1.000","-0.019","  2.718","1.28e-01",0.881433267,NA,NA,NA
"SLCO1B1","Stem-cell-iPSC","ANX","sQTL","Wald ratio","1.000","-0.129","  2.718","1.29e-01",0.320182539,NA,NA,NA
"RNU6-991P","Stem-cell-iPSC","ANX","sQTL","Wald ratio","1.000"," 0.041","  2.718","1.29e-01",0.749200995,NA,NA,NA
"NAV3","Stem-cell-iPSC","ANX","sQTL","Inverse variance weighted","2.000","-0.027","  7.389","1.30e-01",0.83442104,NA,0.034441975,NA
"NCALD","Stem-cell-iPSC","ANX","sQTL","Wald ratio","1.000","-0.136","  2.718","1.30e-01",0.294113666,NA,NA,NA
"UMODL1-AS1","Stem-cell-iPSC","ANX","sQTL","Wald ratio","1.000"," 0.037","  2.718","1.30e-01",0.778862045,NA,NA,NA
"LINC01507","Stem-cell-iPSC","ANX","sQTL","Wald ratio","1.000","-0.127","  2.718","1.31e-01",0.330538866,NA,NA,NA
"ABCC13","Stem-cell-iPSC","ANX","sQTL","Wald ratio","1.000","-0.013","  2.718","1.31e-01",0.922905718,NA,NA,NA
"TRA2A","Stem-cell-iPSC","ANX","sQTL","Wald ratio","1.000","-0.206","  2.718","1.31e-01",0.11651302,NA,NA,NA
"HECW2","Stem-cell-iPSC","ANX","sQTL","Wald ratio","1.000","-0.048","  2.718","1.32e-01",0.715690644,NA,NA,NA
"MFSD14A","Stem-cell-iPSC","ANX","sQTL","Wald ratio","1.000"," 0.240","  2.718","1.32e-01",0.068616489,NA,NA,NA
"UNC5CL","Stem-cell-iPSC","ANX","sQTL","Wald ratio","1.000","-0.096","  2.718","1.32e-01",0.467841642,NA,NA,NA
"TLE2","Stem-cell-iPSC","ANX","sQTL","Wald ratio","1.000","-0.028","  2.718","1.32e-01",0.833741304,NA,NA,NA
"KCNC2","Stem-cell-iPSC","ANX","sQTL","Wald ratio","1.000"," 0.277","  2.718","1.32e-01",0.036480295,NA,NA,NA
"KANSL3","Stem-cell-iPSC","ANX","sQTL","Wald ratio","1.000"," 0.128","  2.718","1.33e-01",0.33286739,NA,NA,NA
"PARP14","Stem-cell-iPSC","ANX","sQTL","Wald ratio","1.000"," 0.305","  2.718","1.33e-01",0.021662939,NA,NA,NA
"TMTC1","Stem-cell-iPSC","ANX","sQTL","Wald ratio","1.000","-0.369","  2.718","1.33e-01",0.005509601,NA,NA,NA
"CDKAL1","Stem-cell-iPSC","ANX","sQTL","Wald ratio","1.000"," 0.135","  2.718","1.34e-01",0.312755866,NA,NA,NA
"CRB1","Stem-cell-iPSC","ANX","sQTL","Wald ratio","1.000"," 0.162","  2.718","1.34e-01",0.226135169,NA,NA,NA
"NXPH1","Stem-cell-iPSC","ANX","sQTL","Inverse variance weighted","2.000","-0.074","  7.389","1.34e-01",0.580636805,NA,0.018151725,NA
"RNF150","Stem-cell-iPSC","ANX","sQTL","Wald ratio","1.000","-0.197","  2.718","1.34e-01",0.140674893,NA,NA,NA
"PAX3","Stem-cell-iPSC","ANX","sQTL","Wald ratio","1.000","-0.220","  2.718","1.34e-01",0.100224567,NA,NA,NA
"FTLP3","Stem-cell-iPSC","ANX","sQTL","Wald ratio","1.000"," 0.024","  2.718","1.34e-01",0.855725415,NA,NA,NA
"LINC00700","Stem-cell-iPSC","ANX","sQTL","Wald ratio","1.000","-0.143","  2.718","1.34e-01",0.285920318,NA,NA,NA
"RAMP1","Stem-cell-iPSC","ANX","sQTL","Wald ratio","1.000"," 0.227","  2.718","1.34e-01",0.090522044,NA,NA,NA
"KLHL31","Stem-cell-iPSC","ANX","sQTL","Wald ratio","1.000"," 0.039","  2.718","1.34e-01",0.772786171,NA,NA,NA
"COLEC12","Stem-cell-iPSC","ANX","sQTL","Wald ratio","1.000"," 0.011","  2.718","1.35e-01",0.937728621,NA,NA,NA
"THRAP3P1","Stem-cell-iPSC","ANX","sQTL","Wald ratio","1.000","-0.009","  2.718","1.36e-01",0.948091063,NA,NA,NA
"DPP10","Stem-cell-iPSC","ANX","sQTL","Wald ratio","1.000"," 0.185","  2.718","1.36e-01",0.173114537,NA,NA,NA
"DPY19L4","Stem-cell-iPSC","ANX","sQTL","Wald ratio","1.000"," 0.089","  2.718","1.36e-01",0.513937022,NA,NA,NA
"EGFR","Stem-cell-iPSC","ANX","sQTL","Wald ratio","1.000"," 0.171","  2.718","1.36e-01",0.210100378,NA,NA,NA
"HAS2","Stem-cell-iPSC","ANX","sQTL","Wald ratio","1.000"," 0.053","  2.718","1.37e-01",0.700994827,NA,NA,NA
"KIAA1456","Stem-cell-iPSC","ANX","sQTL","Inverse variance weighted","2.000","-0.112","  7.389","1.38e-01",0.415852477,NA,0.014765531,NA
"TTC27","Stem-cell-iPSC","ANX","sQTL","Wald ratio","1.000","-0.362","  2.718","1.38e-01",0.008605382,NA,NA,NA
"RNU1-46P","Stem-cell-iPSC","ANX","sQTL","Wald ratio","1.000","-0.194","  2.718","1.38e-01",0.159272211,NA,NA,NA
"ZNF391","Stem-cell-iPSC","ANX","sQTL","Wald ratio","1.000","-0.066","  2.718","1.38e-01",0.635177224,NA,NA,NA
"LINC01310","Stem-cell-iPSC","ANX","sQTL","Wald ratio","1.000"," 0.096","  2.718","1.38e-01",0.487931404,NA,NA,NA
"NIFKP9","Stem-cell-iPSC","ANX","sQTL","Wald ratio","1.000","-0.130","  2.718","1.38e-01",0.347846015,NA,NA,NA
"OSBPL9P3","Stem-cell-iPSC","ANX","sQTL","Wald ratio","1.000","-0.040","  2.718","1.38e-01",0.775096962,NA,NA,NA
"LINC01091","Stem-cell-iPSC","ANX","sQTL","Wald ratio","1.000","-0.138","  2.718","1.39e-01",0.319754641,NA,NA,NA
"CYCSP17","Stem-cell-iPSC","ANX","sQTL","Wald ratio","1.000","-0.228","  2.718","1.39e-01",0.099798077,NA,NA,NA
"GRIN3A","Stem-cell-iPSC","ANX","sQTL","Wald ratio","1.000","-0.055","  2.718","1.39e-01",0.691257827,NA,NA,NA
"RN7SL58P","Stem-cell-iPSC","ANX","sQTL","Wald ratio","1.000","-0.090","  2.718","1.40e-01",0.520556997,NA,NA,NA
"VLDLR-AS1","Stem-cell-iPSC","ANX","sQTL","Wald ratio","1.000","-0.027","  2.718","1.40e-01",0.845827892,NA,NA,NA
"TRGC2","Stem-cell-iPSC","ANX","sQTL","Wald ratio","1.000","-0.064","  2.718","1.41e-01",0.647694612,NA,NA,NA
"PDE1A","Stem-cell-iPSC","ANX","sQTL","Wald ratio","1.000"," 0.008","  2.718","1.41e-01",0.955566081,NA,NA,NA
"SEC16B","Stem-cell-iPSC","ANX","sQTL","Wald ratio","1.000","-0.001","  2.718","1.41e-01",0.993667649,NA,NA,NA
"FAM212B","Stem-cell-iPSC","ANX","sQTL","Wald ratio","1.000"," 0.013","  2.718","1.41e-01",0.928663075,NA,NA,NA
"F11-AS1","Stem-cell-iPSC","ANX","sQTL","Wald ratio","1.000"," 0.187","  2.718","1.41e-01",0.185469928,NA,NA,NA
"MYH15","Stem-cell-iPSC","ANX","sQTL","Wald ratio","1.000"," 0.112","  2.718","1.42e-01",0.429626759,NA,NA,NA
"RNU6-812P","Stem-cell-iPSC","ANX","sQTL","Wald ratio","1.000","-0.143","  2.718","1.42e-01",0.314126717,NA,NA,NA
"RNU6-21P","Stem-cell-iPSC","ANX","sQTL","Wald ratio","1.000","-0.062","  2.718","1.42e-01",0.664346024,NA,NA,NA
"ART5","Stem-cell-iPSC","ANX","sQTL","Wald ratio","1.000"," 0.051","  2.718","1.42e-01",0.719272983,NA,NA,NA
"RPL5P28","Stem-cell-iPSC","ANX","sQTL","Wald ratio","1.000","-0.117","  2.718","1.44e-01",0.416064527,NA,NA,NA
"FBP1","Stem-cell-iPSC","ANX","sQTL","Wald ratio","1.000","-0.071","  2.718","1.44e-01",0.620949227,NA,NA,NA
"GGTA2P","Stem-cell-iPSC","ANX","sQTL","Wald ratio","1.000"," 0.126","  2.718","1.44e-01",0.382782422,NA,NA,NA
"NAALADL2","Stem-cell-iPSC","ANX","sQTL","MR Egger","3.000"," 0.288"," 20.086","1.44e-01",0.29510144,0.28182333,0.029022679,0.265102829
"NEBL","Stem-cell-iPSC","ANX","sQTL","Wald ratio","1.000"," 0.093","  2.718","1.44e-01",0.51982381,NA,NA,NA
"COG3","Stem-cell-iPSC","ANX","sQTL","Wald ratio","1.000"," 0.184","  2.718","1.44e-01",0.203550528,NA,NA,NA
"OR13A1","Stem-cell-iPSC","ANX","sQTL","Wald ratio","1.000","-0.207","  2.718","1.45e-01",0.151691024,NA,NA,NA
"ZNF292","Stem-cell-iPSC","ANX","sQTL","Wald ratio","1.000"," 0.164","  2.718","1.45e-01",0.255594582,NA,NA,NA
"ZNF100","Stem-cell-iPSC","ANX","sQTL","Wald ratio","1.000","-0.038","  2.718","1.45e-01",0.794893048,NA,NA,NA
"OXR1","Stem-cell-iPSC","ANX","sQTL","Wald ratio","1.000"," 0.165","  2.718","1.46e-01",0.257757504,NA,NA,NA
"ARPC3P5","Stem-cell-iPSC","ANX","sQTL","Wald ratio","1.000"," 0.341","  2.718","1.47e-01",0.020038284,NA,NA,NA
"NAP1L4P3","Stem-cell-iPSC","ANX","sQTL","Wald ratio","1.000","-0.252","  2.718","1.47e-01",0.086476265,NA,NA,NA
"LYPD5","Stem-cell-iPSC","ANX","sQTL","Wald ratio","1.000","-0.004","  2.718","1.48e-01",0.980481835,NA,NA,NA
"PRB1","Stem-cell-iPSC","ANX","sQTL","Wald ratio","1.000"," 0.149","  2.718","1.48e-01",0.314796543,NA,NA,NA
"DOK5","Stem-cell-iPSC","ANX","sQTL","Wald ratio","1.000","-0.078","  2.718","1.48e-01",0.599072138,NA,NA,NA
"RGS9","Stem-cell-iPSC","ANX","sQTL","Wald ratio","1.000"," 0.373","  2.718","1.49e-01",0.012112804,NA,NA,NA
"DDX60L","Stem-cell-iPSC","ANX","sQTL","Wald ratio","1.000","-0.139","  2.718","1.49e-01",0.350284839,NA,NA,NA
"OSBP2","Stem-cell-iPSC","ANX","sQTL","Wald ratio","1.000","-0.110","  2.718","1.49e-01",0.462553213,NA,NA,NA
"TCERG1L","Stem-cell-iPSC","ANX","sQTL","Wald ratio","1.000"," 0.248","  2.718","1.50e-01",0.097311192,NA,NA,NA
"TYW3","Stem-cell-iPSC","ANX","sQTL","Wald ratio","1.000"," 0.034","  2.718","1.50e-01",0.818685586,NA,NA,NA
"SORBS1","Stem-cell-iPSC","ANX","sQTL","Wald ratio","1.000"," 0.099","  2.718","1.50e-01",0.507927024,NA,NA,NA
"RN7SKP280","Stem-cell-iPSC","ANX","sQTL","Wald ratio","1.000"," 0.080","  2.718","1.50e-01",0.593802857,NA,NA,NA
"ESRRB","Stem-cell-iPSC","ANX","sQTL","Wald ratio","1.000"," 0.160","  2.718","1.50e-01",0.285595534,NA,NA,NA
"CHRNB3","Stem-cell-iPSC","ANX","sQTL","Wald ratio","1.000","-0.130","  2.718","1.50e-01",0.385721066,NA,NA,NA
"LINC01500","Stem-cell-iPSC","ANX","sQTL","Wald ratio","1.000"," 0.153","  2.718","1.50e-01",0.309672679,NA,NA,NA
"ZFP36L2","Stem-cell-iPSC","ANX","sQTL","Wald ratio","1.000"," 0.016","  2.718","1.51e-01",0.913498981,NA,NA,NA
"PICALM","Stem-cell-iPSC","ANX","sQTL","Wald ratio","1.000"," 0.174","  2.718","1.51e-01",0.2470644,NA,NA,NA
"ANKRD7","Stem-cell-iPSC","ANX","sQTL","Wald ratio","1.000"," 0.102","  2.718","1.51e-01",0.497656419,NA,NA,NA
"ADH1C","Stem-cell-iPSC","ANX","sQTL","Wald ratio","1.000"," 0.180","  2.718","1.51e-01",0.23240114,NA,NA,NA
"ZNF286B","Stem-cell-iPSC","ANX","sQTL","Wald ratio","1.000","-0.111","  2.718","1.52e-01",0.462840738,NA,NA,NA
"PRDM2","Stem-cell-iPSC","ANX","sQTL","Wald ratio","1.000","-0.009","  2.718","1.52e-01",0.954479515,NA,NA,NA
"TEC","Stem-cell-iPSC","ANX","sQTL","Wald ratio","1.000"," 0.184","  2.718","1.52e-01",0.226341804,NA,NA,NA
"AHNAK","Stem-cell-iPSC","ANX","sQTL","Wald ratio","1.000"," 0.065","  2.718","1.52e-01",0.672312406,NA,NA,NA
"SENP7","Stem-cell-iPSC","ANX","sQTL","Wald ratio","1.000","-0.229","  2.718","1.53e-01",0.133133595,NA,NA,NA
"ATXN1","Stem-cell-iPSC","ANX","sQTL","Wald ratio","1.000","-0.325","  2.718","1.54e-01",0.034725409,NA,NA,NA
"PPP1R21","Stem-cell-iPSC","ANX","sQTL","Wald ratio","1.000","-0.096","  2.718","1.54e-01",0.533921985,NA,NA,NA
"LINC00485","Stem-cell-iPSC","ANX","sQTL","Wald ratio","1.000","-0.106","  2.718","1.55e-01",0.494065783,NA,NA,NA
"EXOC6","Stem-cell-iPSC","ANX","sQTL","Wald ratio","1.000","-0.204","  2.718","1.55e-01",0.187684374,NA,NA,NA
"LINC00333","Stem-cell-iPSC","ANX","sQTL","Wald ratio","1.000"," 0.290","  2.718","1.55e-01",0.062418755,NA,NA,NA
"C1orf141","Stem-cell-iPSC","ANX","sQTL","Wald ratio","1.000","-0.107","  2.718","1.56e-01",0.493524807,NA,NA,NA
"GALNTL5","Stem-cell-iPSC","ANX","sQTL","Wald ratio","1.000"," 0.021","  2.718","1.57e-01",0.892142865,NA,NA,NA
"LMX1A","Stem-cell-iPSC","ANX","sQTL","Wald ratio","1.000"," 0.143","  2.718","1.57e-01",0.360334083,NA,NA,NA
"PDE11A","Stem-cell-iPSC","ANX","sQTL","Wald ratio","1.000"," 0.238","  2.718","1.57e-01",0.128956637,NA,NA,NA
"CACNA1E","Stem-cell-iPSC","ANX","sQTL","Wald ratio","1.000","-0.184","  2.718","1.57e-01",0.241898605,NA,NA,NA
"PEX5L","Stem-cell-iPSC","ANX","sQTL","Wald ratio","1.000","-0.314","  2.718","1.57e-01",0.046048389,NA,NA,NA
"KCNQ3","Stem-cell-iPSC","ANX","sQTL","MR Egger","3.000"," 0.037"," 20.086","1.58e-01",0.853207323,0.172869391,0.385971883,0.900536689
"GNAI1","Stem-cell-iPSC","ANX","sQTL","Wald ratio","1.000"," 0.012","  2.718","1.58e-01",0.940279504,NA,NA,NA
"CST1","Stem-cell-iPSC","ANX","sQTL","Wald ratio","1.000","-0.275","  2.718","1.58e-01",0.081323911,NA,NA,NA
"IGFBP7","Stem-cell-iPSC","ANX","sQTL","Wald ratio","1.000","-0.031","  2.718","1.59e-01",0.845236379,NA,NA,NA
"SLC44A1","Stem-cell-iPSC","ANX","sQTL","Wald ratio","1.000","-0.016","  2.718","1.59e-01",0.919751881,NA,NA,NA
"FOXP2","Stem-cell-iPSC","ANX","sQTL","Wald ratio","1.000","-0.177","  2.718","1.59e-01",0.267176156,NA,NA,NA
"SIRT1","Stem-cell-iPSC","ANX","sQTL","Wald ratio","1.000","-0.066","  2.718","1.61e-01",0.681617864,NA,NA,NA
"SFRP2","Stem-cell-iPSC","ANX","sQTL","Wald ratio","1.000"," 0.164","  2.718","1.61e-01",0.307883983,NA,NA,NA
"SETD6","Stem-cell-iPSC","ANX","sQTL","Wald ratio","1.000"," 0.250","  2.718","1.61e-01",0.121755916,NA,NA,NA
"RNU6-138P","Stem-cell-iPSC","ANX","sQTL","Wald ratio","1.000"," 0.082","  2.718","1.62e-01",0.614184369,NA,NA,NA
"RPL35AP12","Stem-cell-iPSC","ANX","sQTL","Wald ratio","1.000","-0.354","  2.718","1.62e-01",0.028766867,NA,NA,NA
"SH3GL2","Stem-cell-iPSC","ANX","sQTL","Wald ratio","1.000"," 0.039","  2.718","1.63e-01",0.810683995,NA,NA,NA
"LINC00539","Stem-cell-iPSC","ANX","sQTL","Wald ratio","1.000","-0.097","  2.718","1.63e-01",0.550497416,NA,NA,NA
"SEL1L3","Stem-cell-iPSC","ANX","sQTL","Wald ratio","1.000"," 0.432","  2.718","1.63e-01",0.008043007,NA,NA,NA
"ESR1","Stem-cell-iPSC","ANX","sQTL","Wald ratio","1.000","-0.309","  2.718","1.63e-01",0.057938556,NA,NA,NA
"ADGRA3","Stem-cell-iPSC","ANX","sQTL","Wald ratio","1.000"," 0.140","  2.718","1.63e-01",0.390300044,NA,NA,NA
"HMMR","Stem-cell-iPSC","ANX","sQTL","Wald ratio","1.000","-0.146","  2.718","1.63e-01",0.371300632,NA,NA,NA
"DCC","Stem-cell-iPSC","ANX","sQTL","Inverse variance weighted","2.000"," 0.131","  7.389","1.64e-01",0.426426001,NA,0.070813584,NA
"LINC00922","Stem-cell-iPSC","ANX","sQTL","Wald ratio","1.000"," 0.148","  2.718","1.65e-01",0.369227879,NA,NA,NA
"SNTG2","Stem-cell-iPSC","ANX","sQTL","Wald ratio","1.000","-0.028","  2.718","1.66e-01",0.863457559,NA,NA,NA
"SH3PXD2A","Stem-cell-iPSC","ANX","sQTL","Wald ratio","1.000","-0.274","  2.718","1.66e-01",0.09965022,NA,NA,NA
"B4GALT5","Stem-cell-iPSC","ANX","sQTL","Wald ratio","1.000"," 0.226","  2.718","1.66e-01",0.17432952,NA,NA,NA
"B3GNTL1","Stem-cell-iPSC","ANX","sQTL","Wald ratio","1.000"," 0.091","  2.718","1.66e-01",0.583538551,NA,NA,NA
"GOLGA7","Stem-cell-iPSC","ANX","sQTL","Wald ratio","1.000","-0.227","  2.718","1.67e-01",0.173209502,NA,NA,NA
"LINC01198","Stem-cell-iPSC","ANX","sQTL","Wald ratio","1.000"," 0.304","  2.718","1.70e-01",0.074633477,NA,NA,NA
"C1orf216","Stem-cell-iPSC","ANX","sQTL","Wald ratio","1.000","-0.020","  2.718","1.71e-01",0.90706334,NA,NA,NA
"ARHGAP22","Stem-cell-iPSC","ANX","sQTL","Wald ratio","1.000","-0.054","  2.718","1.71e-01",0.753443142,NA,NA,NA
"RN7SKP36","Stem-cell-iPSC","ANX","sQTL","Wald ratio","1.000","-0.317","  2.718","1.73e-01",0.067227113,NA,NA,NA
"KIAA0196","Stem-cell-iPSC","ANX","sQTL","Wald ratio","1.000"," 0.183","  2.718","1.74e-01",0.293235144,NA,NA,NA
"PRDM9","Stem-cell-iPSC","ANX","sQTL","Wald ratio","1.000","-0.023","  2.718","1.75e-01",0.893356734,NA,NA,NA
"TSNAX-DISC1","Stem-cell-iPSC","ANX","sQTL","Wald ratio","1.000","-0.085","  2.718","1.75e-01",0.628062313,NA,NA,NA
"SGIP1","Stem-cell-iPSC","ANX","sQTL","Wald ratio","1.000","-0.421","  2.718","1.75e-01",0.016426201,NA,NA,NA
"P2RY14","Stem-cell-iPSC","ANX","sQTL","Wald ratio","1.000","-0.054","  2.718","1.76e-01",0.759043116,NA,NA,NA
"MRPL50P1","Stem-cell-iPSC","ANX","sQTL","Wald ratio","1.000","-0.010","  2.718","1.76e-01",0.952887622,NA,NA,NA
"C10orf107","Stem-cell-iPSC","ANX","sQTL","Wald ratio","1.000"," 0.046","  2.718","1.77e-01",0.792838656,NA,NA,NA
"RPS15AP5","Stem-cell-iPSC","ANX","sQTL","Wald ratio","1.000"," 0.085","  2.718","1.77e-01",0.633673692,NA,NA,NA
"GRAMD4","Stem-cell-iPSC","ANX","sQTL","Wald ratio","1.000"," 0.380","  2.718","1.78e-01",0.032264767,NA,NA,NA
"GPATCH2L","Stem-cell-iPSC","ANX","sQTL","Wald ratio","1.000"," 0.212","  2.718","1.78e-01",0.233060012,NA,NA,NA
"RNU6-725P","Stem-cell-iPSC","ANX","sQTL","Wald ratio","1.000","-0.168","  2.718","1.79e-01",0.347411158,NA,NA,NA
"RALGAPA1","Stem-cell-iPSC","ANX","sQTL","Wald ratio","1.000","-0.098","  2.718","1.80e-01",0.584301471,NA,NA,NA
"HERC3","Stem-cell-iPSC","ANX","sQTL","Wald ratio","1.000"," 0.354","  2.718","1.80e-01",0.048892366,NA,NA,NA
"FREM2","Stem-cell-iPSC","ANX","sQTL","Wald ratio","1.000"," 0.070","  2.718","1.80e-01",0.698000616,NA,NA,NA
"RNU6-329P","Stem-cell-iPSC","ANX","sQTL","Wald ratio","1.000"," 0.015","  2.718","1.80e-01",0.933900529,NA,NA,NA
"ZMIZ1","Stem-cell-iPSC","ANX","sQTL","Wald ratio","1.000"," 0.247","  2.718","1.82e-01",0.174433466,NA,NA,NA
"LINC01499","Stem-cell-iPSC","ANX","sQTL","Wald ratio","1.000","-0.129","  2.718","1.84e-01",0.482151119,NA,NA,NA
"MLLT3","Stem-cell-iPSC","ANX","sQTL","Wald ratio","1.000"," 0.225","  2.718","1.86e-01",0.226516799,NA,NA,NA
"GM2A","Stem-cell-iPSC","ANX","sQTL","Wald ratio","1.000"," 0.217","  2.718","1.86e-01",0.245554495,NA,NA,NA
"DOK4","Stem-cell-iPSC","ANX","sQTL","Wald ratio","1.000"," 0.128","  2.718","1.88e-01",0.494276009,NA,NA,NA
"MIR4704","Stem-cell-iPSC","ANX","sQTL","Wald ratio","1.000"," 0.060","  2.718","1.89e-01",0.750523837,NA,NA,NA
"CD81-AS1","Stem-cell-iPSC","ANX","sQTL","Wald ratio","1.000","-0.159","  2.718","1.89e-01",0.400957571,NA,NA,NA
"SNRPCP10","Stem-cell-iPSC","ANX","sQTL","Wald ratio","1.000"," 0.092","  2.718","1.92e-01",0.632835466,NA,NA,NA
"MIR1303","Stem-cell-iPSC","ANX","sQTL","Wald ratio","1.000","-0.078","  2.718","1.95e-01",0.688619954,NA,NA,NA
"ERICH1-AS1","Stem-cell-iPSC","ANX","sQTL","Inverse variance weighted","2.000"," 0.152","  7.389","1.96e-01",0.43679494,NA,0.016292938,NA
"NDUFS5P5","Stem-cell-iPSC","ANX","sQTL","Wald ratio","1.000"," 0.159","  2.718","1.96e-01",0.416691846,NA,NA,NA
"RPL23AP68","Stem-cell-iPSC","ANX","sQTL","Wald ratio","1.000"," 0.062","  2.718","1.98e-01",0.756125493,NA,NA,NA
"STRN","Stem-cell-iPSC","ANX","sQTL","Wald ratio","1.000"," 0.006","  2.718","1.99e-01",0.976876149,NA,NA,NA
"H6PD","Stem-cell-iPSC","ANX","sQTL","Wald ratio","1.000"," 0.030","  2.718","2.00e-01",0.879827491,NA,NA,NA
"VGLL2","Stem-cell-iPSC","ANX","sQTL","Wald ratio","1.000","-0.058","  2.718","2.00e-01",0.773166634,NA,NA,NA
"RNY1P1","Stem-cell-iPSC","ANX","sQTL","Wald ratio","1.000"," 0.199","  2.718","2.01e-01",0.320642251,NA,NA,NA
"RNU1-18P","Stem-cell-iPSC","ANX","sQTL","Wald ratio","1.000","-0.336","  2.718","2.02e-01",0.095973765,NA,NA,NA
"GACAT1","Stem-cell-iPSC","ANX","sQTL","Wald ratio","1.000"," 0.010","  2.718","2.04e-01",0.960122388,NA,NA,NA
"L3MBTL4","Stem-cell-iPSC","ANX","sQTL","Wald ratio","1.000"," 0.092","  2.718","2.06e-01",0.652989943,NA,NA,NA
"CNTNAP2","Stem-cell-iPSC","ANX","sQTL","MR Egger","5.000","-0.279","148.413","2.06e-01",0.26820491,0.830989469,0.603813035,0.26655663
"VENTXP4","Stem-cell-iPSC","ANX","sQTL","Wald ratio","1.000","-0.315","  2.718","2.06e-01",0.126931238,NA,NA,NA
"LINC01048","Stem-cell-iPSC","ANX","sQTL","Wald ratio","1.000"," 0.128","  2.718","2.07e-01",0.537374356,NA,NA,NA
"FRMD3","Stem-cell-iPSC","ANX","sQTL","Wald ratio","1.000"," 0.074","  2.718","2.09e-01",0.722392453,NA,NA,NA
"DOCK2","Stem-cell-iPSC","ANX","sQTL","Wald ratio","1.000","-0.025","  2.718","2.13e-01",0.906437126,NA,NA,NA
"DAOA-AS1","Stem-cell-iPSC","ANX","sQTL","Wald ratio","1.000","-0.276","  2.718","2.14e-01",0.19606817,NA,NA,NA
"VN2R3P","Stem-cell-iPSC","ANX","sQTL","Wald ratio","1.000"," 0.333","  2.718","2.14e-01",0.119999598,NA,NA,NA
"HLA-DPB1","Stem-cell-iPSC","ANX","sQTL","Wald ratio","1.000"," 0.071","  2.718","2.15e-01",0.740485723,NA,NA,NA
"PHGDH","Stem-cell-iPSC","ANX","sQTL","Wald ratio","1.000"," 0.358","  2.718","2.15e-01",0.095580705,NA,NA,NA
"ADAM29","Stem-cell-iPSC","ANX","sQTL","Wald ratio","1.000","-0.066","  2.718","2.16e-01",0.760547498,NA,NA,NA
"MAP1B","Stem-cell-iPSC","ANX","sQTL","Wald ratio","1.000","-0.595","  2.718","2.17e-01",0.006185076,NA,NA,NA
"ROBO2","Stem-cell-iPSC","ANX","sQTL","MR Egger","3.000"," 0.047"," 20.086","2.18e-01",0.864372129,0.012147799,0.019671382,0.705179731
"SNRPCP13","Stem-cell-iPSC","ANX","sQTL","Wald ratio","1.000","-0.388","  2.718","2.19e-01",0.077098942,NA,NA,NA
"CNOT6LP1","Stem-cell-iPSC","ANX","sQTL","Wald ratio","1.000","-0.520","  2.718","2.22e-01",0.019159981,NA,NA,NA
"PPP1R13L","Stem-cell-iPSC","ANX","sQTL","Wald ratio","1.000"," 0.028","  2.718","2.22e-01",0.89874802,NA,NA,NA
"TNIP3","Stem-cell-iPSC","ANX","sQTL","Wald ratio","1.000"," 0.046","  2.718","2.24e-01",0.835469224,NA,NA,NA
"NUS1P3","Stem-cell-iPSC","ANX","sQTL","Wald ratio","1.000","-0.347","  2.718","2.24e-01",0.120387397,NA,NA,NA
"DSC1","Stem-cell-iPSC","ANX","sQTL","Wald ratio","1.000","-0.089","  2.718","2.28e-01",0.697358342,NA,NA,NA
"PSKH2","Stem-cell-iPSC","ANX","sQTL","Wald ratio","1.000"," 0.268","  2.718","2.30e-01",0.242397957,NA,NA,NA
"DPY19L2P2","Stem-cell-iPSC","ANX","sQTL","Wald ratio","1.000"," 0.202","  2.718","2.31e-01",0.381309317,NA,NA,NA
"PRELID2","Stem-cell-iPSC","ANX","sQTL","Wald ratio","1.000"," 0.053","  2.718","2.31e-01",0.818715742,NA,NA,NA
"MED15P9","Stem-cell-iPSC","ANX","sQTL","Wald ratio","1.000"," 0.105","  2.718","2.31e-01",0.650509036,NA,NA,NA
"HCRTR2","Stem-cell-iPSC","ANX","sQTL","Wald ratio","1.000","-0.169","  2.718","2.35e-01",0.472614223,NA,NA,NA
"AKAP7","Stem-cell-iPSC","ANX","sQTL","Wald ratio","1.000","-0.258","  2.718","2.37e-01",0.276815899,NA,NA,NA
"SLC36A3","Stem-cell-iPSC","ANX","sQTL","Wald ratio","1.000"," 0.095","  2.718","2.37e-01",0.689156517,NA,NA,NA
"ACSM6","Stem-cell-iPSC","ANX","sQTL","Wald ratio","1.000","-0.235","  2.718","2.39e-01",0.325142579,NA,NA,NA
"F3","Stem-cell-iPSC","ANX","sQTL","Wald ratio","1.000","-0.140","  2.718","2.48e-01",0.571761189,NA,NA,NA
"THSD7A","Stem-cell-iPSC","ANX","sQTL","Wald ratio","1.000","-0.062","  2.718","2.55e-01",0.806914114,NA,NA,NA
"COL24A1","Stem-cell-iPSC","ANX","sQTL","Wald ratio","1.000"," 0.248","  2.718","2.56e-01",0.332092647,NA,NA,NA
"HSPA12A","Stem-cell-iPSC","ANX","sQTL","Wald ratio","1.000"," 0.170","  2.718","2.67e-01",0.524852094,NA,NA,NA
"CECR5-AS1","Stem-cell-iPSC","ANX","sQTL","Wald ratio","1.000","-0.145","  2.718","2.69e-01",0.589038505,NA,NA,NA
"IGFN1","Stem-cell-iPSC","ANX","sQTL","Wald ratio","1.000","-0.597","  2.718","2.71e-01",0.027877569,NA,NA,NA
"WFS1","Stem-cell-iPSC","ANX","sQTL","Wald ratio","1.000"," 0.342","  2.718","2.80e-01",0.222633982,NA,NA,NA
"GRIN2B","Stem-cell-iPSC","ANX","sQTL","MR Egger","3.000","-0.133"," 20.086","2.85e-01",0.722128046,0.059935179,0.144646767,0.811938618
"DNAJC5B","Stem-cell-iPSC","ANX","sQTL","Wald ratio","1.000"," 0.322","  2.718","2.92e-01",0.270320152,NA,NA,NA
"FRMD4A","Stem-cell-iPSC","ANX","sQTL","MR Egger","3.000"," 0.428"," 20.086","2.97e-01",0.385961713,0.791901256,0.20627331,0.329385329
"HLA-DQB1","Stem-cell-iPSC","ANX","sQTL","Wald ratio","1.000"," 0.440","  2.718","3.22e-01",0.172107937,NA,NA,NA
"SPTSSB","Stem-cell-iPSC","ANX","sQTL","Wald ratio","1.000","-0.416","  2.718","3.25e-01",0.200628886,NA,NA,NA
"GNB5","Stem-cell-iPSC","ANX","sQTL","Wald ratio","1.000"," 0.110","  2.718","3.36e-01",0.743978314,NA,NA,NA
"CDH13","Stem-cell-iPSC","ANX","sQTL","MR Egger","3.000","-0.056"," 20.086","3.44e-01",0.897897512,0.35903379,0.65441431,0.947778121
"HNRNPA1P57","Stem-cell-iPSC","ANX","sQTL","Wald ratio","1.000","-0.812","  2.718","3.44e-01",0.018398659,NA,NA,NA
"LRRC15","Stem-cell-iPSC","ANX","sQTL","Wald ratio","1.000"," 0.310","  2.718","3.73e-01",0.406399196,NA,NA,NA
"MRPL57P1","Stem-cell-iPSC","ANX","sQTL","Wald ratio","1.000"," 0.297","  2.718","3.90e-01",0.446327026,NA,NA,NA
"TYW1","Stem-cell-iPSC","ANX","sQTL","Wald ratio","1.000","-0.020","  2.718","4.16e-01",0.962396545,NA,NA,NA
"MIR8070","Stem-cell-iPSC","ANX","sQTL","Wald ratio","1.000"," 0.747","  2.718","4.23e-01",0.077344803,NA,NA,NA
"H3F3C","Stem-cell-iPSC","ANX","sQTL","Wald ratio","1.000"," 0.310","  2.718","4.35e-01",0.476443484,NA,NA,NA
"WDR27","Stem-cell-iPSC","ANX","sQTL","Wald ratio","1.000"," 0.379","  2.718","4.38e-01",0.387340666,NA,NA,NA
"PARK2","Stem-cell-iPSC","ANX","sQTL","MR Egger","3.000"," 0.357"," 20.086","4.66e-01",0.583230503,0.797969111,0.6967462,0.566336025
"DNAJC15","Stem-cell-iPSC","ANX","sQTL","Wald ratio","1.000"," 0.713","  2.718","4.97e-01",0.151783436,NA,NA,NA
"PARD3","Stem-cell-iPSC","ANX","sQTL","Wald ratio","1.000"," 0.303","  2.718","5.15e-01",0.556970525,NA,NA,NA
"PRKG1","Stem-cell-iPSC","ANX","sQTL","MR Egger","3.000"," 0.132"," 20.086","5.17e-01",0.840470128,0.009010818,0.018628476,0.752401217
"ROPN1B","Stem-cell-iPSC","ANX","sQTL","Wald ratio","1.000","-0.811","  2.718","6.48e-01",0.210994274,NA,NA,NA
"NLRP14","Stem-cell-iPSC","ANX","sQTL","Wald ratio","1.000"," 0.575","  2.718","9.71e-01",0.553534598,NA,NA,NA
"CNNM1","Stem-cell-iPSC","ANX","sQTL","Wald ratio","1.000","-0.047","  2.718","1.04e+00",0.964031222,NA,NA,NA
