"Gene","Tissue","Psychiatric disorder","Method","Nsnp","Beta","SE","OR","P-value","Q_Pvalue(MREgger)","Q_Pvalue(IVW)","P-value(Intercept)","PPH4"
"RNU6-1103P","Stem-cell-iPSC","DEP","Wald ratio",1,"-0.029","0.007","0.972","3.29e-05",NA,NA,NA,0.088604417
"TTC28","Stem-cell-iPSC","DEP","Wald ratio",1," 0.066","0.016","1.068","5.75e-05",NA,NA,NA,0.121271817
"SGIP1","Stem-cell-iPSC","DEP","Wald ratio",1,"-0.104","0.027","0.901","1.02e-04",NA,NA,NA,0.80405833
"RARB","Stem-cell-iPSC","DEP","Wald ratio",1,"-0.021","0.005","0.979","1.03e-04",NA,NA,NA,0.79270008
"LINC01088","Stem-cell-iPSC","DEP","Wald ratio",1," 0.020","0.005","1.020","1.65e-04",NA,NA,NA,0.035167492
"RPL5P28","Stem-cell-iPSC","DEP","Wald ratio",1,"-0.069","0.018","0.933","1.77e-04",NA,NA,NA,0.745341366
"IPO11","Stem-cell-iPSC","DEP","Wald ratio",1,"-0.029","0.008","0.971","2.19e-04",NA,NA,NA,0.002621683
"CNTN5","Stem-cell-iPSC","DEP","Wald ratio",1," 0.027","0.007","1.027","2.46e-04",NA,NA,NA,0.002194128
"WDPCP","Stem-cell-iPSC","DEP","Wald ratio",1,"-0.038","0.010","0.963","3.13e-04",NA,NA,NA,0.001473105
"RNU6-812P","Stem-cell-iPSC","DEP","Wald ratio",1,"-0.082","0.023","0.921","3.28e-04",NA,NA,NA,0.428953407
"PDE4B","Stem-cell-iPSC","DEP","Wald ratio",1,"-0.043","0.012","0.958","4.08e-04",NA,NA,NA,0.0029669
"TEC","Stem-cell-iPSC","DEP","Wald ratio",1,"-0.078","0.022","0.925","4.85e-04",NA,NA,NA,0.496503844
"STARD6","Stem-cell-iPSC","DEP","Wald ratio",1,"-0.046","0.013","0.955","5.07e-04",NA,NA,NA,0.422156289
"ARHGEF7","Stem-cell-iPSC","DEP","Wald ratio",1," 0.052","0.015","1.054","5.51e-04",NA,NA,NA,0.454759271
"PDP1","Stem-cell-iPSC","DEP","Wald ratio",1,"-0.024","0.007","0.976","6.00e-04",NA,NA,NA,0.061470653
"MIR8070","Stem-cell-iPSC","DEP","Wald ratio",1,"-0.215","0.063","0.807","6.74e-04",NA,NA,NA,0.46981172
"SHANK2","Stem-cell-iPSC","DEP","Wald ratio",1,"-0.040","0.012","0.961","8.58e-04",NA,NA,NA,0.000237958
"TRPS1","Stem-cell-iPSC","DEP","Wald ratio",1,"-0.046","0.014","0.955","9.59e-04",NA,NA,NA,0.001953444
"GHR","Stem-cell-iPSC","DEP","Wald ratio",1," 0.021","0.006","1.021","1.13e-03",NA,NA,NA,0.000634128
"PPP3CC","Stem-cell-iPSC","DEP","Wald ratio",1," 0.021","0.006","1.021","1.13e-03",NA,NA,NA,0.000190031
"CACNA2D1","Stem-cell-iPSC","DEP","Wald ratio",1,"-0.023","0.007","0.977","1.15e-03",NA,NA,NA,0.004137148
"B3GNTL1","Stem-cell-iPSC","DEP","Wald ratio",1," 0.074","0.023","1.077","1.19e-03",NA,NA,NA,0.293266659
"NREP-AS1","Stem-cell-iPSC","DEP","Wald ratio",1,"-0.053","0.017","0.948","1.50e-03",NA,NA,NA,0.147712888
"MAMDC2-AS1","Stem-cell-iPSC","DEP","Wald ratio",1,"-0.043","0.014","0.957","1.57e-03",NA,NA,NA,0.000763144
"CTNNA1","Stem-cell-iPSC","DEP","Wald ratio",1," 0.021","0.007","1.022","1.89e-03",NA,NA,NA,0.000144805
"CCDC188","Stem-cell-iPSC","DEP","Wald ratio",1," 0.024","0.008","1.025","1.89e-03",NA,NA,NA,0.000589326
"RPSAP74","Stem-cell-iPSC","DEP","Wald ratio",1,"-0.018","0.006","0.982","2.01e-03",NA,NA,NA,0.208994342
"CYP4X1","Stem-cell-iPSC","DEP","Wald ratio",1,"-0.056","0.018","0.946","2.06e-03",NA,NA,NA,0.03085196
"DPY19L2P2","Stem-cell-iPSC","DEP","Wald ratio",1," 0.092","0.030","1.096","2.22e-03",NA,NA,NA,0.195771948
"LINC01122","Stem-cell-iPSC","DEP","Wald ratio",1,"-0.039","0.013","0.961","2.36e-03",NA,NA,NA,0.000562774
"MEPE","Stem-cell-iPSC","DEP","Wald ratio",1," 0.029","0.010","1.029","2.49e-03",NA,NA,NA,0.282556577
"CD34","Stem-cell-iPSC","DEP","Wald ratio",1," 0.035","0.012","1.036","2.51e-03",NA,NA,NA,0.001425993
"INTS7","Stem-cell-iPSC","DEP","Wald ratio",1,"-0.021","0.007","0.980","2.70e-03",NA,NA,NA,4.62e-05
"MEAF6P1","Stem-cell-iPSC","DEP","Wald ratio",1,"-0.015","0.005","0.985","2.91e-03",NA,NA,NA,0.095334453
"FAM135B","Stem-cell-iPSC","DEP","Wald ratio",1," 0.022","0.008","1.023","3.01e-03",NA,NA,NA,0.000227546
"SH3RF3","Stem-cell-iPSC","DEP","Wald ratio",1," 0.038","0.013","1.039","3.13e-03",NA,NA,NA,0.099006611
"LYRM4","Stem-cell-iPSC","DEP","Wald ratio",1,"-0.037","0.013","0.964","3.13e-03",NA,NA,NA,0.147168736
"KANK4","Stem-cell-iPSC","DEP","Wald ratio",1," 0.021","0.007","1.021","3.35e-03",NA,NA,NA,0.000133546
"RNF123","Stem-cell-iPSC","DEP","Wald ratio",1," 0.030","0.010","1.031","3.39e-03",NA,NA,NA,6.2e-05
"EYS","Stem-cell-iPSC","DEP","Wald ratio",1,"-0.022","0.008","0.978","3.48e-03",NA,NA,NA,0.000112643
"RASGRF1","Stem-cell-iPSC","DEP","Wald ratio",1,"-0.051","0.018","0.950","3.69e-03",NA,NA,NA,0.000165334
"SEMA6D","Stem-cell-iPSC","DEP","Wald ratio",1," 0.058","0.020","1.059","3.98e-03",NA,NA,NA,0.136148734
"CCDC91","Stem-cell-iPSC","DEP","Wald ratio",1,"-0.054","0.019","0.948","4.11e-03",NA,NA,NA,0.10545346
"TXNL1","Stem-cell-iPSC","DEP","Wald ratio",1," 0.016","0.005","1.016","4.15e-03",NA,NA,NA,0.120228405
"KRT8P18","Stem-cell-iPSC","DEP","Wald ratio",1,"-0.042","0.015","0.959","4.36e-03",NA,NA,NA,0.100280628
"INVS","Stem-cell-iPSC","DEP","Wald ratio",1,"-0.019","0.007","0.981","4.55e-03",NA,NA,NA,0.000144403
"AQR","Stem-cell-iPSC","DEP","Wald ratio",1,"-0.047","0.016","0.954","4.56e-03",NA,NA,NA,0.001604629
"ADNP2","Stem-cell-iPSC","DEP","Wald ratio",1,"-0.024","0.008","0.977","4.88e-03",NA,NA,NA,0.000196108
"TBC1D1","Stem-cell-iPSC","DEP","Wald ratio",1," 0.017","0.006","1.017","5.26e-03",NA,NA,NA,0.00100619
"CAST","Stem-cell-iPSC","DEP","Wald ratio",1,"-0.067","0.024","0.935","5.40e-03",NA,NA,NA,0.001950185
"RUFY1","Stem-cell-iPSC","DEP","Wald ratio",1," 0.033","0.012","1.034","5.47e-03",NA,NA,NA,0.009396325
"PACSIN2","Stem-cell-iPSC","DEP","Wald ratio",1,"-0.033","0.012","0.968","5.68e-03",NA,NA,NA,0.000156014
"FAM227A","Stem-cell-iPSC","DEP","Wald ratio",1,"-0.015","0.005","0.985","5.68e-03",NA,NA,NA,0.000264616
"KSR2","Stem-cell-iPSC","DEP","Wald ratio",1," 0.019","0.007","1.020","5.86e-03",NA,NA,NA,2.34e-05
"RASA3","Stem-cell-iPSC","DEP","Wald ratio",1," 0.037","0.014","1.038","6.07e-03",NA,NA,NA,0.006295795
"MIR4475","Stem-cell-iPSC","DEP","Wald ratio",1," 0.020","0.007","1.021","6.27e-03",NA,NA,NA,9.47e-05
"APP","Stem-cell-iPSC","DEP","Wald ratio",1," 0.036","0.013","1.037","6.27e-03",NA,NA,NA,0.004477863
"MIR1303","Stem-cell-iPSC","DEP","Wald ratio",1,"-0.072","0.026","0.931","6.34e-03",NA,NA,NA,0.003586465
"RPL10L","Stem-cell-iPSC","DEP","Wald ratio",1," 0.049","0.018","1.051","6.71e-03",NA,NA,NA,0.003848192
"COX6B1P6","Stem-cell-iPSC","DEP","Wald ratio",1," 0.019","0.007","1.019","6.71e-03",NA,NA,NA,6.36e-05
"RNU1-46P","Stem-cell-iPSC","DEP","Wald ratio",1,"-0.056","0.021","0.945","6.76e-03",NA,NA,NA,0.015662193
"MYH15","Stem-cell-iPSC","DEP","Wald ratio",1," 0.063","0.023","1.065","6.76e-03",NA,NA,NA,0.085705846
"FGD4","Stem-cell-iPSC","DEP","Inverse variance weighted",2,"-0.014","0.005","0.986","7.06e-03",NA,0.267950757,NA,0.000155372
"SERGEF","Stem-cell-iPSC","DEP","Wald ratio",1,"-0.017","0.006","0.983","7.17e-03",NA,NA,NA,0.003210804
"RN7SL58P","Stem-cell-iPSC","DEP","Wald ratio",1," 0.061","0.023","1.063","7.31e-03",NA,NA,NA,0.102807285
"CPO","Stem-cell-iPSC","DEP","Wald ratio",1,"-0.031","0.011","0.970","7.32e-03",NA,NA,NA,0.001450908
"PRPH2","Stem-cell-iPSC","DEP","Wald ratio",1," 0.017","0.006","1.017","7.66e-03",NA,NA,NA,0.002038365
"DNAJC5B","Stem-cell-iPSC","DEP","Wald ratio",1," 0.093","0.035","1.097","7.76e-03",NA,NA,NA,0.094286572
"RBFOX1","Stem-cell-iPSC","DEP","Wald ratio",1," 0.020","0.007","1.020","8.02e-03",NA,NA,NA,7.1e-05
"NEBL","Stem-cell-iPSC","DEP","Wald ratio",1,"-0.054","0.020","0.947","8.05e-03",NA,NA,NA,9.82e-05
"CST1","Stem-cell-iPSC","DEP","Wald ratio",1," 0.066","0.025","1.068","8.12e-03",NA,NA,NA,0.077060623
"NPAS3","Stem-cell-iPSC","DEP","Wald ratio",1,"-0.019","0.007","0.981","8.18e-03",NA,NA,NA,0.002245192
"RIIAD1","Stem-cell-iPSC","DEP","Wald ratio",1," 0.021","0.008","1.021","8.19e-03",NA,NA,NA,0.007260067
"SLC27A2","Stem-cell-iPSC","DEP","Wald ratio",1," 0.019","0.007","1.020","8.47e-03",NA,NA,NA,2.84e-05
"DCC","Stem-cell-iPSC","DEP","Inverse variance weighted",2," 0.040","0.015","1.040","9.34e-03",NA,0.134833734,NA,0.017101364
"TNNI3K","Stem-cell-iPSC","DEP","Wald ratio",1,"-0.034","0.013","0.967","9.76e-03",NA,NA,NA,4.91e-05
"CPXM2","Stem-cell-iPSC","DEP","Wald ratio",1,"-0.035","0.014","0.965","1.00e-02",NA,NA,NA,0.000613802
"PITPNM2","Stem-cell-iPSC","DEP","Wald ratio",1,"-0.021","0.008","0.979","1.03e-02",NA,NA,NA,2.77e-05
"MIR572","Stem-cell-iPSC","DEP","Wald ratio",1," 0.029","0.011","1.029","1.05e-02",NA,NA,NA,0.000112065
"ECHDC2","Stem-cell-iPSC","DEP","Wald ratio",1," 0.019","0.007","1.019","1.06e-02",NA,NA,NA,2.74e-05
"GPM6A","Stem-cell-iPSC","DEP","Wald ratio",1,"-0.043","0.017","0.958","1.09e-02",NA,NA,NA,0.013755618
"LINC01310","Stem-cell-iPSC","DEP","Wald ratio",1,"-0.054","0.021","0.947","1.10e-02",NA,NA,NA,0.000863568
"AK4P4","Stem-cell-iPSC","DEP","Wald ratio",1,"-0.018","0.007","0.982","1.10e-02",NA,NA,NA,0.000103126
"ANKS1B","Stem-cell-iPSC","DEP","Wald ratio",1," 0.049","0.019","1.050","1.12e-02",NA,NA,NA,0.034571725
"MFAP3L","Stem-cell-iPSC","DEP","Wald ratio",1," 0.018","0.007","1.019","1.12e-02",NA,NA,NA,0.000131379
"HPCAL1","Stem-cell-iPSC","DEP","Wald ratio",1," 0.019","0.007","1.019","1.14e-02",NA,NA,NA,8.73e-05
"RNU6-725P","Stem-cell-iPSC","DEP","Wald ratio",1," 0.075","0.030","1.078","1.16e-02",NA,NA,NA,0.05025878
"MTND5P34","Stem-cell-iPSC","DEP","Wald ratio",1," 0.020","0.008","1.020","1.17e-02",NA,NA,NA,0.000236712
"IGF1R","Stem-cell-iPSC","DEP","Wald ratio",1,"-0.017","0.007","0.984","1.24e-02",NA,NA,NA,0.000374267
"HECW2","Stem-cell-iPSC","DEP","Wald ratio",1,"-0.049","0.020","0.952","1.29e-02",NA,NA,NA,0.000155567
"C8orf37-AS1","Stem-cell-iPSC","DEP","Inverse variance weighted",2,"-0.024","0.009","0.977","1.31e-02",NA,0.394366931,NA,0.000310634
"MANEA-AS1","Stem-cell-iPSC","DEP","Wald ratio",1," 0.021","0.008","1.021","1.31e-02",NA,NA,NA,0.000114948
"PHC2","Stem-cell-iPSC","DEP","Wald ratio",1,"-0.016","0.007","0.984","1.32e-02",NA,NA,NA,0.000684896
"PHBP14","Stem-cell-iPSC","DEP","Wald ratio",1," 0.030","0.012","1.031","1.40e-02",NA,NA,NA,0.001059518
"MIR3660","Stem-cell-iPSC","DEP","Wald ratio",1," 0.019","0.008","1.019","1.44e-02",NA,NA,NA,0.000941518
"ZPLD1","Stem-cell-iPSC","DEP","Wald ratio",1,"-0.018","0.007","0.982","1.45e-02",NA,NA,NA,4.63e-05
"HMMR","Stem-cell-iPSC","DEP","Wald ratio",1,"-0.066","0.027","0.936","1.47e-02",NA,NA,NA,0.043683726
"EIF3H","Stem-cell-iPSC","DEP","Wald ratio",1,"-0.035","0.014","0.965","1.49e-02",NA,NA,NA,0.000196946
"FRMD3","Stem-cell-iPSC","DEP","Wald ratio",1,"-0.076","0.031","0.927","1.55e-02",NA,NA,NA,0.050569477
"TRAV13-2","Stem-cell-iPSC","DEP","Wald ratio",1,"-0.032","0.013","0.968","1.57e-02",NA,NA,NA,3.54e-05
"SDK1","Stem-cell-iPSC","DEP","Wald ratio",1," 0.034","0.014","1.035","1.64e-02",NA,NA,NA,0.001368555
"RGS12","Stem-cell-iPSC","DEP","Wald ratio",1,"-0.042","0.017","0.959","1.64e-02",NA,NA,NA,0.000625373
"ARID1B","Stem-cell-iPSC","DEP","Inverse variance weighted",2,"-0.018","0.007","0.982","1.67e-02",NA,0.724282746,NA,0.000713345
"ISG20","Stem-cell-iPSC","DEP","Wald ratio",1,"-0.019","0.008","0.981","1.67e-02",NA,NA,NA,0.002458242
"FLT3","Stem-cell-iPSC","DEP","Wald ratio",1,"-0.035","0.015","0.965","1.69e-02",NA,NA,NA,0.000327966
"C1orf52","Stem-cell-iPSC","DEP","Wald ratio",1," 0.017","0.007","1.017","1.74e-02",NA,NA,NA,2.84e-05
"DPCD","Stem-cell-iPSC","DEP","Wald ratio",1," 0.017","0.007","1.018","1.77e-02",NA,NA,NA,1.25e-05
"LINC01127","Stem-cell-iPSC","DEP","Wald ratio",1," 0.017","0.007","1.018","1.78e-02",NA,NA,NA,6.79e-05
"EXT1","Stem-cell-iPSC","DEP","Inverse variance weighted",2," 0.015","0.006","1.015","1.79e-02",NA,0.933287878,NA,1.74e-05
"CCSER1","Stem-cell-iPSC","DEP","Inverse variance weighted",3,"-0.014","0.006","0.986","1.82e-02",0.311484305,0.508066666,0.671386403,3.29e-05
"RNU6-210P","Stem-cell-iPSC","DEP","Wald ratio",1,"-0.016","0.007","0.984","1.86e-02",NA,NA,NA,0.00586725
"COL24A1","Stem-cell-iPSC","DEP","Wald ratio",1," 0.088","0.037","1.091","1.88e-02",NA,NA,NA,0.047236545
"FLT4","Stem-cell-iPSC","DEP","Wald ratio",1," 0.015","0.006","1.015","1.89e-02",NA,NA,NA,0.00113653
"HSF2BP","Stem-cell-iPSC","DEP","Wald ratio",1,"-0.014","0.006","0.986","1.96e-02",NA,NA,NA,1.38e-05
"CNST","Stem-cell-iPSC","DEP","Wald ratio",1,"-0.015","0.006","0.985","2.00e-02",NA,NA,NA,2.39e-05
"LINC01322","Stem-cell-iPSC","DEP","Wald ratio",1," 0.017","0.007","1.017","2.00e-02",NA,NA,NA,2.04e-05
"UFD1L","Stem-cell-iPSC","DEP","Wald ratio",1,"-0.019","0.008","0.981","2.03e-02",NA,NA,NA,4.02e-05
"LHFP","Stem-cell-iPSC","DEP","Wald ratio",1," 0.026","0.011","1.026","2.04e-02",NA,NA,NA,0.028435973
"MEGF11","Stem-cell-iPSC","DEP","Wald ratio",1," 0.016","0.007","1.016","2.17e-02",NA,NA,NA,1.75e-05
"STAU2","Stem-cell-iPSC","DEP","Wald ratio",1,"-0.016","0.007","0.984","2.17e-02",NA,NA,NA,2.38e-05
"HIST1H2APS6","Stem-cell-iPSC","DEP","Wald ratio",1,"-0.036","0.016","0.965","2.17e-02",NA,NA,NA,0.002601792
"STRN","Stem-cell-iPSC","DEP","Wald ratio",1,"-0.068","0.030","0.934","2.19e-02",NA,NA,NA,0.024317576
"FOXP2","Stem-cell-iPSC","DEP","Wald ratio",1,"-0.060","0.027","0.941","2.30e-02",NA,NA,NA,0.000768197
"DNMBP","Stem-cell-iPSC","DEP","Wald ratio",1,"-0.014","0.006","0.986","2.30e-02",NA,NA,NA,8.85e-06
"KDM4C","Stem-cell-iPSC","DEP","Wald ratio",1,"-0.018","0.008","0.982","2.30e-02",NA,NA,NA,3.41e-05
"CAMK1D","Stem-cell-iPSC","DEP","Wald ratio",1," 0.043","0.019","1.044","2.38e-02",NA,NA,NA,0.028447838
"DNAH9","Stem-cell-iPSC","DEP","Wald ratio",1,"-0.035","0.016","0.965","2.41e-02",NA,NA,NA,6.63e-05
"LY75","Stem-cell-iPSC","DEP","Wald ratio",1,"-0.014","0.006","0.986","2.44e-02",NA,NA,NA,0.024443693
"NT5DC3","Stem-cell-iPSC","DEP","Wald ratio",1," 0.030","0.013","1.030","2.44e-02",NA,NA,NA,0.002328616
"IRF2","Stem-cell-iPSC","DEP","Wald ratio",1,"-0.018","0.008","0.983","2.48e-02",NA,NA,NA,3.23e-05
"ELMO1","Stem-cell-iPSC","DEP","Wald ratio",1,"-0.026","0.012","0.974","2.48e-02",NA,NA,NA,0.000317538
"ST6GAL1","Stem-cell-iPSC","DEP","Wald ratio",1,"-0.024","0.011","0.976","2.48e-02",NA,NA,NA,0.000623298
"RAI1","Stem-cell-iPSC","DEP","Wald ratio",1,"-0.025","0.011","0.975","2.48e-02",NA,NA,NA,1.19e-05
"NFE2L3P1","Stem-cell-iPSC","DEP","Wald ratio",1,"-0.027","0.012","0.973","2.51e-02",NA,NA,NA,2.32e-05
"PSKH2","Stem-cell-iPSC","DEP","Wald ratio",1," 0.081","0.037","1.085","2.64e-02",NA,NA,NA,0.025037761
"SPATC1L","Stem-cell-iPSC","DEP","Wald ratio",1,"-0.024","0.011","0.976","2.68e-02",NA,NA,NA,2.71e-05
"ZMIZ1","Stem-cell-iPSC","DEP","Wald ratio",1," 0.046","0.021","1.047","2.78e-02",NA,NA,NA,0.000465533
"VENTXP2","Stem-cell-iPSC","DEP","Wald ratio",1," 0.020","0.009","1.020","2.85e-02",NA,NA,NA,0.000201059
"LOXL4","Stem-cell-iPSC","DEP","Wald ratio",1," 0.017","0.008","1.017","2.98e-02",NA,NA,NA,0.000330625
"PRICKLE2","Stem-cell-iPSC","DEP","Wald ratio",1,"-0.017","0.008","0.983","2.98e-02",NA,NA,NA,0.000173815
"DNAJC27-AS1","Stem-cell-iPSC","DEP","Wald ratio",1," 0.022","0.010","1.022","3.06e-02",NA,NA,NA,5.09e-05
"LIFR-AS1","Stem-cell-iPSC","DEP","Wald ratio",1,"-0.022","0.010","0.978","3.06e-02",NA,NA,NA,2.06e-05
"NME7","Stem-cell-iPSC","DEP","Wald ratio",1," 0.011","0.005","1.011","3.08e-02",NA,NA,NA,6.32e-05
"GYG1P2","Stem-cell-iPSC","DEP","Wald ratio",1,"-0.020","0.009","0.980","3.09e-02",NA,NA,NA,2.26e-05
"ALPK1","Stem-cell-iPSC","DEP","Wald ratio",1,"-0.017","0.008","0.983","3.10e-02",NA,NA,NA,1.82e-05
"LRRC72","Stem-cell-iPSC","DEP","Wald ratio",1,"-0.025","0.012","0.975","3.11e-02",NA,NA,NA,4.3e-05
"PARP14","Stem-cell-iPSC","DEP","Wald ratio",1," 0.044","0.021","1.045","3.18e-02",NA,NA,NA,0.000146563
"SEMA5B","Stem-cell-iPSC","DEP","Wald ratio",1," 0.011","0.005","1.012","3.24e-02",NA,NA,NA,0.003775014
"GALC","Stem-cell-iPSC","DEP","Wald ratio",1," 0.012","0.006","1.012","3.26e-02",NA,NA,NA,0.021046305
"NAMA","Stem-cell-iPSC","DEP","Wald ratio",1,"-0.030","0.014","0.971","3.29e-02",NA,NA,NA,9.81e-05
"MGAT4C","Stem-cell-iPSC","DEP","Wald ratio",1,"-0.028","0.013","0.972","3.31e-02",NA,NA,NA,6.03e-05
"NR2C2","Stem-cell-iPSC","DEP","Wald ratio",1,"-0.016","0.007","0.984","3.34e-02",NA,NA,NA,7.17e-06
"COL11A1","Stem-cell-iPSC","DEP","Wald ratio",1,"-0.015","0.007","0.985","3.34e-02",NA,NA,NA,1.55e-05
"PSD3","Stem-cell-iPSC","DEP","Inverse variance weighted",2," 0.009","0.004","1.009","3.36e-02",NA,0.319934384,NA,0.000110463
"TOX3","Stem-cell-iPSC","DEP","Wald ratio",1,"-0.015","0.007","0.985","3.43e-02",NA,NA,NA,5.7e-06
"RPL23AP68","Stem-cell-iPSC","DEP","Wald ratio",1,"-0.065","0.031","0.937","3.45e-02",NA,NA,NA,0.031226403
"GSTA4","Stem-cell-iPSC","DEP","Wald ratio",1,"-0.015","0.007","0.985","3.45e-02",NA,NA,NA,0.000188341
"RPL13AP25","Stem-cell-iPSC","DEP","Wald ratio",1," 0.031","0.015","1.032","3.48e-02",NA,NA,NA,0.000101813
"PNLDC1","Stem-cell-iPSC","DEP","Wald ratio",1," 0.015","0.007","1.016","3.50e-02",NA,NA,NA,2.23e-05
"L3MBTL4","Stem-cell-iPSC","DEP","Wald ratio",1," 0.070","0.033","1.073","3.51e-02",NA,NA,NA,0.001962937
"EPHB1","Stem-cell-iPSC","DEP","Wald ratio",1," 0.027","0.013","1.027","3.54e-02",NA,NA,NA,0.000177246
"PPP3CA","Stem-cell-iPSC","DEP","Wald ratio",1," 0.033","0.016","1.034","3.55e-02",NA,NA,NA,7.01e-05
"HLA-DQB1","Stem-cell-iPSC","DEP","Wald ratio",1,"-0.054","0.026","0.947","3.57e-02",NA,NA,NA,0.026427285
"MEGF10","Stem-cell-iPSC","DEP","Wald ratio",1," 0.017","0.008","1.017","3.60e-02",NA,NA,NA,0.000181867
"NDUFS5P5","Stem-cell-iPSC","DEP","Wald ratio",1,"-0.053","0.026","0.948","3.63e-02",NA,NA,NA,0.008740094
"RIMS3","Stem-cell-iPSC","DEP","Wald ratio",1,"-0.024","0.012","0.976","3.67e-02",NA,NA,NA,1.89e-05
"WDR27","Stem-cell-iPSC","DEP","Wald ratio",1,"-0.151","0.073","0.860","3.78e-02",NA,NA,NA,0.027213921
"SETP7","Stem-cell-iPSC","DEP","Wald ratio",1,"-0.021","0.010","0.979","3.84e-02",NA,NA,NA,0.000501703
"MIR548A1","Stem-cell-iPSC","DEP","Wald ratio",1," 0.015","0.007","1.016","3.85e-02",NA,NA,NA,0.002596282
"MTCO1P43","Stem-cell-iPSC","DEP","Wald ratio",1,"-0.012","0.006","0.988","3.88e-02",NA,NA,NA,0.006296798
"LINC01600","Stem-cell-iPSC","DEP","Wald ratio",1,"-0.014","0.007","0.986","3.92e-02",NA,NA,NA,0.019668967
"STX8","Stem-cell-iPSC","DEP","Wald ratio",1," 0.015","0.007","1.015","3.93e-02",NA,NA,NA,2.4e-05
"LINC00189","Stem-cell-iPSC","DEP","Wald ratio",1,"-0.036","0.018","0.964","4.03e-02",NA,NA,NA,8.68e-05
"KIAA2012","Stem-cell-iPSC","DEP","Wald ratio",1,"-0.026","0.013","0.974","4.07e-02",NA,NA,NA,0.017112682
"RNU1-44P","Stem-cell-iPSC","DEP","Wald ratio",1," 0.017","0.008","1.017","4.07e-02",NA,NA,NA,0.000175588
"PUS7L","Stem-cell-iPSC","DEP","Wald ratio",1,"-0.011","0.005","0.989","4.08e-02",NA,NA,NA,0.000271248
"ZC3H12D","Stem-cell-iPSC","DEP","Wald ratio",1,"-0.034","0.017","0.966","4.09e-02",NA,NA,NA,0.01294734
"IPO9-AS1","Stem-cell-iPSC","DEP","Wald ratio",1," 0.025","0.012","1.026","4.10e-02",NA,NA,NA,0.00018468
"LOXHD1","Stem-cell-iPSC","DEP","Wald ratio",1,"-0.017","0.008","0.983","4.21e-02",NA,NA,NA,2.46e-05
"TPP2","Stem-cell-iPSC","DEP","Wald ratio",1," 0.013","0.006","1.013","4.30e-02",NA,NA,NA,7.06e-06
"PRNP","Stem-cell-iPSC","DEP","Wald ratio",1," 0.013","0.006","1.013","4.32e-02",NA,NA,NA,0.002152629
"BORCS5","Stem-cell-iPSC","DEP","Wald ratio",1," 0.015","0.007","1.015","4.33e-02",NA,NA,NA,1.78e-05
"C5orf49","Stem-cell-iPSC","DEP","Wald ratio",1," 0.032","0.016","1.032","4.38e-02",NA,NA,NA,0.000919654
"PRELID2","Stem-cell-iPSC","DEP","Wald ratio",1,"-0.061","0.031","0.941","4.55e-02",NA,NA,NA,0.000201766
"LINC01591","Stem-cell-iPSC","DEP","Wald ratio",1," 0.029","0.014","1.029","4.55e-02",NA,NA,NA,0.001176072
"CHRNB3","Stem-cell-iPSC","DEP","Wald ratio",1,"-0.042","0.021","0.959","4.55e-02",NA,NA,NA,0.003420938
"ENPP7P9","Stem-cell-iPSC","DEP","Wald ratio",1," 0.022","0.011","1.023","4.55e-02",NA,NA,NA,7.95e-05
"NBAS","Stem-cell-iPSC","DEP","Wald ratio",1,"-0.027","0.014","0.973","4.77e-02",NA,NA,NA,6.42e-05
"ZNRF3","Stem-cell-iPSC","DEP","Wald ratio",1,"-0.013","0.006","0.987","4.78e-02",NA,NA,NA,0.000112758
"GNLY","Stem-cell-iPSC","DEP","Wald ratio",1," 0.029","0.015","1.030","4.80e-02",NA,NA,NA,0.000210316
"RBM43","Stem-cell-iPSC","DEP","Wald ratio",1," 0.022","0.011","1.022","4.81e-02",NA,NA,NA,0.003893514
"ATP6AP1L","Stem-cell-iPSC","DEP","Wald ratio",1,"-0.029","0.015","0.972","4.81e-02",NA,NA,NA,0.000423128
"RNA5SP73","Stem-cell-iPSC","DEP","Wald ratio",1," 0.025","0.012","1.025","4.81e-02",NA,NA,NA,2.1e-05
"RBM48P1","Stem-cell-iPSC","DEP","Wald ratio",1," 0.015","0.008","1.015","5.00e-02",NA,NA,NA,4.04e-06
"CDH13","Stem-cell-iPSC","DEP","Weighted median",3,"-0.010","0.005","0.990","5.02e-02",0.061709891,0.094836384,0.660061852,3.89e-05
"ELL2P3","Stem-cell-iPSC","DEP","Wald ratio",1,"-0.014","0.007","0.986","5.04e-02",NA,NA,NA,4.19e-06
"SH2D6","Stem-cell-iPSC","DEP","Wald ratio",1,"-0.022","0.011","0.978","5.04e-02",NA,NA,NA,7.65e-05
"LINC01478","Stem-cell-iPSC","DEP","Wald ratio",1,"-0.013","0.007","0.987","5.04e-02",NA,NA,NA,5.04e-05
"MAN1A1","Stem-cell-iPSC","DEP","Wald ratio",1," 0.014","0.007","1.014","5.06e-02",NA,NA,NA,5.15e-05
"RAD23B","Stem-cell-iPSC","DEP","Wald ratio",1," 0.025","0.013","1.025","5.08e-02",NA,NA,NA,0.000190823
"SLC4A2","Stem-cell-iPSC","DEP","Wald ratio",1," 0.018","0.009","1.019","5.13e-02",NA,NA,NA,1.25e-05
"ANKRD7","Stem-cell-iPSC","DEP","Wald ratio",1," 0.042","0.021","1.043","5.13e-02",NA,NA,NA,0.000835015
"LINC01331","Stem-cell-iPSC","DEP","Wald ratio",1,"-0.013","0.007","0.987","5.25e-02",NA,NA,NA,0.000236261
"DOCK1","Stem-cell-iPSC","DEP","Inverse variance weighted",2,"-0.012","0.006","0.988","5.30e-02",NA,0.428111777,NA,0.000103677
"UPP2","Stem-cell-iPSC","DEP","Wald ratio",1,"-0.013","0.007","0.987","5.34e-02",NA,NA,NA,1.68e-05
"KSR1","Stem-cell-iPSC","DEP","Wald ratio",1," 0.013","0.007","1.013","5.34e-02",NA,NA,NA,3.94e-06
"SUCLG2","Stem-cell-iPSC","DEP","Wald ratio",1," 0.022","0.011","1.022","5.36e-02",NA,NA,NA,5.44e-05
"DPT","Stem-cell-iPSC","DEP","Wald ratio",1,"-0.022","0.012","0.978","5.53e-02",NA,NA,NA,0.000162405
"FGGY","Stem-cell-iPSC","DEP","Wald ratio",1," 0.024","0.012","1.024","5.55e-02",NA,NA,NA,6.9e-06
"MCF2L2","Stem-cell-iPSC","DEP","Wald ratio",1," 0.016","0.008","1.016","5.60e-02",NA,NA,NA,2.41e-05
"ARHGAP26","Stem-cell-iPSC","DEP","Wald ratio",1," 0.013","0.007","1.013","5.63e-02",NA,NA,NA,7.61e-06
"CCSER1","Stem-cell-iPSC","DEP","Weighted median",3,"-0.016","0.008","0.984","5.74e-02",0.311484305,0.508066666,0.671386403,3.29e-05
"HMGB3P17","Stem-cell-iPSC","DEP","Wald ratio",1,"-0.027","0.014","0.973","5.77e-02",NA,NA,NA,0.00013972
"DCUN1D3","Stem-cell-iPSC","DEP","Wald ratio",1," 0.014","0.007","1.014","5.80e-02",NA,NA,NA,5.53e-06
"RNF150","Stem-cell-iPSC","DEP","Wald ratio",1," 0.039","0.021","1.040","5.89e-02",NA,NA,NA,0.008651706
"POT1-AS1","Stem-cell-iPSC","DEP","Wald ratio",1," 0.012","0.007","1.012","5.92e-02",NA,NA,NA,0.000126577
"LINC00264","Stem-cell-iPSC","DEP","Wald ratio",1," 0.020","0.011","1.021","5.92e-02",NA,NA,NA,1.56e-05
"RN7SL97P","Stem-cell-iPSC","DEP","Wald ratio",1," 0.012","0.007","1.013","5.96e-02",NA,NA,NA,0.000160466
"PPM1H","Stem-cell-iPSC","DEP","Wald ratio",1," 0.012","0.006","1.012","5.96e-02",NA,NA,NA,1.58e-05
"ADAMTS20","Stem-cell-iPSC","DEP","Wald ratio",1,"-0.065","0.035","0.937","5.99e-02",NA,NA,NA,0.000208718
"ZNF280D","Stem-cell-iPSC","DEP","Wald ratio",1," 0.032","0.017","1.033","6.02e-02",NA,NA,NA,4.72e-05
"PNMAL1","Stem-cell-iPSC","DEP","Wald ratio",1,"-0.023","0.012","0.977","6.08e-02",NA,NA,NA,0.01371069
"MYO1C","Stem-cell-iPSC","DEP","Wald ratio",1," 0.012","0.006","1.012","6.15e-02",NA,NA,NA,9.2e-06
"RHBDF1P1","Stem-cell-iPSC","DEP","Wald ratio",1,"-0.013","0.007","0.987","6.15e-02",NA,NA,NA,0.002799916
"TCN2","Stem-cell-iPSC","DEP","Wald ratio",1," 0.028","0.015","1.028","6.24e-02",NA,NA,NA,0.000121923
"LINGO2","Stem-cell-iPSC","DEP","Wald ratio",1," 0.013","0.007","1.013","6.24e-02",NA,NA,NA,3.25e-05
"SERPINE2","Stem-cell-iPSC","DEP","Wald ratio",1," 0.036","0.019","1.036","6.24e-02",NA,NA,NA,0.012164968
"RFX3","Stem-cell-iPSC","DEP","Wald ratio",1,"-0.019","0.010","0.981","6.27e-02",NA,NA,NA,8.07e-06
"GHRL","Stem-cell-iPSC","DEP","Wald ratio",1," 0.033","0.017","1.033","6.28e-02",NA,NA,NA,0.011966959
"WWOX","Stem-cell-iPSC","DEP","Inverse variance weighted",2," 0.009","0.005","1.009","6.41e-02",NA,0.312880298,NA,1.55e-05
"SEMA3E","Stem-cell-iPSC","DEP","Wald ratio",1," 0.025","0.013","1.025","6.42e-02",NA,NA,NA,0.001396422
"ZNF292","Stem-cell-iPSC","DEP","Wald ratio",1," 0.042","0.023","1.043","6.47e-02",NA,NA,NA,6.99e-05
"IBTK","Stem-cell-iPSC","DEP","Wald ratio",1," 0.013","0.007","1.013","6.51e-02",NA,NA,NA,4.86e-06
"FNDC3B","Stem-cell-iPSC","DEP","Wald ratio",1,"-0.014","0.007","0.986","6.51e-02",NA,NA,NA,2.55e-05
"ZNF257","Stem-cell-iPSC","DEP","Wald ratio",1,"-0.026","0.014","0.974","6.56e-02",NA,NA,NA,6.62e-05
"DSC1","Stem-cell-iPSC","DEP","Wald ratio",1,"-0.067","0.036","0.936","6.62e-02",NA,NA,NA,0.011309321
"DENND2A","Stem-cell-iPSC","DEP","Wald ratio",1," 0.028","0.015","1.029","6.73e-02",NA,NA,NA,7.35e-05
"LINC00700","Stem-cell-iPSC","DEP","Wald ratio",1," 0.039","0.021","1.039","6.73e-02",NA,NA,NA,0.003820172
"MIR3924","Stem-cell-iPSC","DEP","Wald ratio",1," 0.013","0.007","1.013","6.82e-02",NA,NA,NA,6.24e-06
"CIZ1","Stem-cell-iPSC","DEP","Wald ratio",1,"-0.011","0.006","0.989","6.84e-02",NA,NA,NA,3.22e-05
"PALM2","Stem-cell-iPSC","DEP","Wald ratio",1," 0.015","0.008","1.015","6.85e-02",NA,NA,NA,0.014217942
"FAM171A1","Stem-cell-iPSC","DEP","Wald ratio",1,"-0.026","0.014","0.974","6.88e-02",NA,NA,NA,3.35e-05
"CCDC38","Stem-cell-iPSC","DEP","Wald ratio",1," 0.016","0.009","1.016","6.93e-02",NA,NA,NA,0.0003815
"PNRC2P1","Stem-cell-iPSC","DEP","Wald ratio",1," 0.020","0.011","1.020","6.97e-02",NA,NA,NA,6.24e-05
"MKX","Stem-cell-iPSC","DEP","Wald ratio",1," 0.021","0.011","1.021","6.97e-02",NA,NA,NA,0.0106157
"SMOX","Stem-cell-iPSC","DEP","Wald ratio",1," 0.017","0.009","1.017","7.02e-02",NA,NA,NA,1.14e-05
"ARMC10P1","Stem-cell-iPSC","DEP","Wald ratio",1," 0.012","0.007","1.012","7.26e-02",NA,NA,NA,0.010894591
"FECHP1","Stem-cell-iPSC","DEP","Wald ratio",1," 0.013","0.007","1.013","7.26e-02",NA,NA,NA,1.19e-05
"FMNL2","Stem-cell-iPSC","DEP","Wald ratio",1," 0.032","0.018","1.033","7.33e-02",NA,NA,NA,0.000336275
"SYNDIG1L","Stem-cell-iPSC","DEP","Wald ratio",1," 0.019","0.011","1.019","7.33e-02",NA,NA,NA,4.17e-05
"ZNF266","Stem-cell-iPSC","DEP","Wald ratio",1,"-0.013","0.007","0.987","7.33e-02",NA,NA,NA,0.001284772
"HCRTR2","Stem-cell-iPSC","DEP","Wald ratio",1," 0.059","0.033","1.061","7.44e-02",NA,NA,NA,0.012356572
"CSMD1","Stem-cell-iPSC","DEP","Wald ratio",1," 0.028","0.016","1.029","7.54e-02",NA,NA,NA,0.000112393
"FTH1P5","Stem-cell-iPSC","DEP","Wald ratio",1," 0.024","0.014","1.024","7.58e-02",NA,NA,NA,0.008789655
"ANO4","Stem-cell-iPSC","DEP","Wald ratio",1,"-0.019","0.011","0.981","7.62e-02",NA,NA,NA,0.012318199
"MIR1202","Stem-cell-iPSC","DEP","Wald ratio",1," 0.012","0.007","1.012","7.63e-02",NA,NA,NA,3.1e-05
"ZFPM2","Stem-cell-iPSC","DEP","Wald ratio",1," 0.013","0.008","1.013","7.66e-02",NA,NA,NA,0.00016719
"RNF138P2","Stem-cell-iPSC","DEP","Wald ratio",1,"-0.036","0.021","0.964","7.66e-02",NA,NA,NA,0.013446972
"NRSN1","Stem-cell-iPSC","DEP","Wald ratio",1,"-0.010","0.005","0.991","7.72e-02",NA,NA,NA,0.000153887
"PELI2","Stem-cell-iPSC","DEP","Wald ratio",1,"-0.020","0.011","0.980","7.72e-02",NA,NA,NA,4.09e-06
"TMEM168","Stem-cell-iPSC","DEP","Wald ratio",1,"-0.025","0.014","0.976","7.84e-02",NA,NA,NA,2.09e-05
"SAP30BP","Stem-cell-iPSC","DEP","Wald ratio",1,"-0.013","0.008","0.987","7.92e-02",NA,NA,NA,8.99e-06
"TNN","Stem-cell-iPSC","DEP","Wald ratio",1,"-0.014","0.008","0.986","8.01e-02",NA,NA,NA,0.007593061
"LPAR3","Stem-cell-iPSC","DEP","Wald ratio",1," 0.011","0.006","1.011","8.01e-02",NA,NA,NA,0.00050943
"FGF20","Stem-cell-iPSC","DEP","Wald ratio",1,"-0.011","0.007","0.989","8.01e-02",NA,NA,NA,1.2e-05
"ZDHHC8P1","Stem-cell-iPSC","DEP","Wald ratio",1,"-0.027","0.015","0.973","8.01e-02",NA,NA,NA,6.06e-05
"MARCO","Stem-cell-iPSC","DEP","Wald ratio",1,"-0.017","0.010","0.983","8.11e-02",NA,NA,NA,5.48e-06
"LINC01483","Stem-cell-iPSC","DEP","Wald ratio",1," 0.010","0.006","1.011","8.11e-02",NA,NA,NA,1.03e-05
"SCHIP1","Stem-cell-iPSC","DEP","Wald ratio",1,"-0.011","0.006","0.989","8.11e-02",NA,NA,NA,0.000129087
"LINC00676","Stem-cell-iPSC","DEP","Wald ratio",1,"-0.020","0.011","0.981","8.14e-02",NA,NA,NA,5.67e-06
"RBMS3","Stem-cell-iPSC","DEP","Wald ratio",1,"-0.032","0.019","0.968","8.17e-02",NA,NA,NA,3.86e-05
"KLRD1","Stem-cell-iPSC","DEP","Wald ratio",1,"-0.012","0.007","0.988","8.20e-02",NA,NA,NA,0.002616078
"TSKU","Stem-cell-iPSC","DEP","Wald ratio",1," 0.016","0.009","1.016","8.35e-02",NA,NA,NA,0.006511196
"RTN4","Stem-cell-iPSC","DEP","Wald ratio",1,"-0.020","0.012","0.980","8.37e-02",NA,NA,NA,5.43e-05
"MAP3K7","Stem-cell-iPSC","DEP","Wald ratio",1,"-0.020","0.012","0.980","8.41e-02",NA,NA,NA,2.48e-05
"SENP7","Stem-cell-iPSC","DEP","Wald ratio",1," 0.043","0.025","1.044","8.41e-02",NA,NA,NA,0.009674636
"MYOM1","Stem-cell-iPSC","DEP","Wald ratio",1," 0.012","0.007","1.012","8.53e-02",NA,NA,NA,1.67e-05
"NCF2","Stem-cell-iPSC","DEP","Wald ratio",1,"-0.026","0.015","0.975","8.76e-02",NA,NA,NA,0.002631872
"OSBPL8","Stem-cell-iPSC","DEP","Wald ratio",1,"-0.012","0.007","0.988","8.76e-02",NA,NA,NA,4.87e-06
"RN7SL401P","Stem-cell-iPSC","DEP","Wald ratio",1," 0.015","0.009","1.015","8.78e-02",NA,NA,NA,1.84e-05
"SLC30A10","Stem-cell-iPSC","DEP","Wald ratio",1," 0.010","0.006","1.010","8.83e-02",NA,NA,NA,0.000172775
"ANK3","Stem-cell-iPSC","DEP","Wald ratio",1," 0.018","0.011","1.019","8.83e-02",NA,NA,NA,1.11e-05
"ST8SIA2","Stem-cell-iPSC","DEP","Wald ratio",1,"-0.022","0.013","0.979","8.87e-02",NA,NA,NA,0.000137435
"SATB2","Stem-cell-iPSC","DEP","Wald ratio",1,"-0.026","0.015","0.975","8.96e-02",NA,NA,NA,0.006500435
"CHN2","Stem-cell-iPSC","DEP","Wald ratio",1,"-0.020","0.012","0.980","8.96e-02",NA,NA,NA,0.001755246
"PGR","Stem-cell-iPSC","DEP","Wald ratio",1," 0.014","0.008","1.014","9.11e-02",NA,NA,NA,2.93e-05
"RPL21P47","Stem-cell-iPSC","DEP","Wald ratio",1," 0.010","0.006","1.011","9.15e-02",NA,NA,NA,0.000215821
"PPP2R4","Stem-cell-iPSC","DEP","Wald ratio",1,"-0.021","0.012","0.979","9.28e-02",NA,NA,NA,0.007395996
"LINC00578","Stem-cell-iPSC","DEP","Wald ratio",1," 0.012","0.007","1.012","9.30e-02",NA,NA,NA,0.000870616
"NKAIN3","Stem-cell-iPSC","DEP","Inverse variance weighted",2,"-0.012","0.007","0.988","9.32e-02",NA,0.892796133,NA,0.002926285
"SEL1L3","Stem-cell-iPSC","DEP","Wald ratio",1,"-0.042","0.025","0.959","9.34e-02",NA,NA,NA,0.000146159
"ACCSL","Stem-cell-iPSC","DEP","Wald ratio",1," 0.021","0.012","1.021","9.40e-02",NA,NA,NA,0.001816602
"PVRL3","Stem-cell-iPSC","DEP","Wald ratio",1,"-0.012","0.007","0.988","9.40e-02",NA,NA,NA,5.02e-05
"RN7SKP14","Stem-cell-iPSC","DEP","Wald ratio",1,"-0.012","0.007","0.988","9.41e-02",NA,NA,NA,8.89e-06
"INHBA-AS1","Stem-cell-iPSC","DEP","Wald ratio",1,"-0.030","0.018","0.971","9.68e-02",NA,NA,NA,0.000335421
"EGLN3","Stem-cell-iPSC","DEP","Wald ratio",1," 0.019","0.011","1.019","9.71e-02",NA,NA,NA,1.15e-05
"SEMA5A","Stem-cell-iPSC","DEP","Wald ratio",1," 0.020","0.012","1.020","9.85e-02",NA,NA,NA,8.45e-07
"POLD2P1","Stem-cell-iPSC","DEP","Wald ratio",1," 0.015","0.009","1.015","9.86e-02",NA,NA,NA,0.000339233
"NCAM2","Stem-cell-iPSC","DEP","Inverse variance weighted",2," 0.011","0.007","1.011","9.87e-02",NA,0.89874554,NA,6.22e-06
"FKBP1C","Stem-cell-iPSC","DEP","Wald ratio",1," 0.023","0.014","1.024","9.98e-02",NA,NA,NA,0.001782397
"SLC25A21","Stem-cell-iPSC","DEP","Wald ratio",1,"-0.019","0.012","0.981","1.00e-01",NA,NA,NA,3.3e-06
"NAALADL2","Stem-cell-iPSC","DEP","Weighted median",3,"-0.012","0.007","0.989","1.01e-01",0.240359384,0.024237115,0.283289832,0.000278222
"GNPDA2","Stem-cell-iPSC","DEP","Wald ratio",1,"-0.025","0.016","0.975","1.02e-01",NA,NA,NA,0.007956752
"ABCA13","Stem-cell-iPSC","DEP","Wald ratio",1," 0.020","0.012","1.020","1.04e-01",NA,NA,NA,0.007865834
"GUCY2GP","Stem-cell-iPSC","DEP","Wald ratio",1," 0.028","0.017","1.028","1.04e-01",NA,NA,NA,0.000558675
"C11orf24","Stem-cell-iPSC","DEP","Wald ratio",1,"-0.011","0.007","0.989","1.04e-01",NA,NA,NA,4.78e-06
"CRIPT","Stem-cell-iPSC","DEP","Wald ratio",1,"-0.023","0.014","0.977","1.04e-01",NA,NA,NA,4.53e-05
"PLCL2","Stem-cell-iPSC","DEP","Wald ratio",1," 0.017","0.010","1.017","1.05e-01",NA,NA,NA,8.59e-06
"DDX60L","Stem-cell-iPSC","DEP","Wald ratio",1,"-0.040","0.025","0.960","1.08e-01",NA,NA,NA,0.008753774
"ERICH1-AS1","Stem-cell-iPSC","DEP","Inverse variance weighted",2," 0.020","0.012","1.020","1.08e-01",NA,0.9105377,NA,1.8e-05
"DLGAP1-AS4","Stem-cell-iPSC","DEP","Wald ratio",1,"-0.020","0.013","0.980","1.09e-01",NA,NA,NA,6.57e-05
"RPL5P6","Stem-cell-iPSC","DEP","Wald ratio",1," 0.030","0.019","1.030","1.09e-01",NA,NA,NA,0.000128834
"PAG1","Stem-cell-iPSC","DEP","Wald ratio",1," 0.012","0.007","1.012","1.10e-01",NA,NA,NA,7.96e-06
"COL27A1","Stem-cell-iPSC","DEP","Wald ratio",1," 0.013","0.008","1.013","1.11e-01",NA,NA,NA,6.55e-06
"TTC21A","Stem-cell-iPSC","DEP","Wald ratio",1,"-0.018","0.011","0.982","1.11e-01",NA,NA,NA,5.23e-05
"CDH18","Stem-cell-iPSC","DEP","Inverse variance weighted",2," 0.017","0.011","1.018","1.13e-01",NA,0.05934701,NA,4.07e-06
"PRRC2C","Stem-cell-iPSC","DEP","Wald ratio",1," 0.009","0.006","1.009","1.14e-01",NA,NA,NA,0.001678119
"TCP11L1","Stem-cell-iPSC","DEP","Wald ratio",1," 0.009","0.006","1.009","1.14e-01",NA,NA,NA,0.000227494
"TYW3","Stem-cell-iPSC","DEP","Wald ratio",1," 0.034","0.021","1.034","1.14e-01",NA,NA,NA,0.00744524
"LINC01507","Stem-cell-iPSC","DEP","Wald ratio",1,"-0.030","0.019","0.971","1.14e-01",NA,NA,NA,1.43e-05
"LINC00635","Stem-cell-iPSC","DEP","Wald ratio",1," 0.013","0.008","1.013","1.15e-01",NA,NA,NA,3.75e-06
"SLC39A8","Stem-cell-iPSC","DEP","Inverse variance weighted",2,"-0.009","0.006","0.991","1.16e-01",NA,0.574043715,NA,0.006270824
"NRG3","Stem-cell-iPSC","DEP","Inverse variance weighted",2,"-0.009","0.006","0.991","1.17e-01",NA,0.593770636,NA,9.88e-06
"AK9","Stem-cell-iPSC","DEP","Wald ratio",1,"-0.010","0.006","0.990","1.17e-01",NA,NA,NA,9.96e-06
"CAMTA1","Stem-cell-iPSC","DEP","Wald ratio",1,"-0.018","0.011","0.982","1.17e-01",NA,NA,NA,1.72e-05
"FAR1P1","Stem-cell-iPSC","DEP","Wald ratio",1," 0.018","0.012","1.018","1.18e-01",NA,NA,NA,5.46e-05
"MDN1","Stem-cell-iPSC","DEP","Wald ratio",1,"-0.020","0.013","0.980","1.19e-01",NA,NA,NA,4.34e-05
"MALRD1","Stem-cell-iPSC","DEP","Wald ratio",1,"-0.025","0.016","0.976","1.20e-01",NA,NA,NA,0.004599583
"CYYR1","Stem-cell-iPSC","DEP","Wald ratio",1,"-0.021","0.013","0.979","1.20e-01",NA,NA,NA,0.006610145
"ARHGEF28","Stem-cell-iPSC","DEP","Wald ratio",1," 0.019","0.013","1.020","1.20e-01",NA,NA,NA,3.46e-06
"KCNC4","Stem-cell-iPSC","DEP","Wald ratio",1,"-0.011","0.007","0.989","1.21e-01",NA,NA,NA,1.63e-05
"PREX1","Stem-cell-iPSC","DEP","Wald ratio",1,"-0.015","0.010","0.985","1.21e-01",NA,NA,NA,5.98e-06
"GRM7","Stem-cell-iPSC","DEP","Inverse variance weighted",2," 0.014","0.009","1.014","1.21e-01",NA,0.206304072,NA,0.001635777
"PPFIBP1","Stem-cell-iPSC","DEP","Wald ratio",1,"-0.029","0.019","0.971","1.22e-01",NA,NA,NA,0.008673075
"MKL1","Stem-cell-iPSC","DEP","Wald ratio",1,"-0.024","0.015","0.977","1.22e-01",NA,NA,NA,0.000221627
"C16orf62","Stem-cell-iPSC","DEP","Wald ratio",1,"-0.024","0.015","0.977","1.22e-01",NA,NA,NA,0.000217675
"C8orf34","Stem-cell-iPSC","DEP","Wald ratio",1,"-0.019","0.013","0.981","1.22e-01",NA,NA,NA,1.21e-05
"SMARCD2","Stem-cell-iPSC","DEP","Wald ratio",1," 0.023","0.015","1.023","1.23e-01",NA,NA,NA,0.00645764
"CNNM1","Stem-cell-iPSC","DEP","Wald ratio",1,"-0.060","0.039","0.942","1.25e-01",NA,NA,NA,0.000364088
"PLAC9","Stem-cell-iPSC","DEP","Wald ratio",1,"-0.020","0.013","0.980","1.25e-01",NA,NA,NA,0.000130636
"FBLN7","Stem-cell-iPSC","DEP","Wald ratio",1,"-0.010","0.007","0.990","1.25e-01",NA,NA,NA,3.08e-06
"AUH","Stem-cell-iPSC","DEP","Wald ratio",1," 0.011","0.007","1.011","1.25e-01",NA,NA,NA,4.03e-06
"SYNM","Stem-cell-iPSC","DEP","Wald ratio",1," 0.023","0.015","1.023","1.25e-01",NA,NA,NA,0.008679934
"DGKD","Stem-cell-iPSC","DEP","Wald ratio",1,"-0.016","0.011","0.984","1.25e-01",NA,NA,NA,4.99e-06
"OR2T1","Stem-cell-iPSC","DEP","Wald ratio",1,"-0.012","0.008","0.988","1.25e-01",NA,NA,NA,7.01e-06
"BIN1","Stem-cell-iPSC","DEP","Wald ratio",1,"-0.022","0.015","0.978","1.26e-01",NA,NA,NA,7.88e-05
"TMEM170B","Stem-cell-iPSC","DEP","Wald ratio",1," 0.011","0.007","1.011","1.26e-01",NA,NA,NA,0.000186418
"SETD6","Stem-cell-iPSC","DEP","Wald ratio",1,"-0.038","0.025","0.962","1.26e-01",NA,NA,NA,0.013462447
"JAZF1","Stem-cell-iPSC","DEP","Wald ratio",1," 0.015","0.010","1.015","1.26e-01",NA,NA,NA,6.78e-06
"LINC01260","Stem-cell-iPSC","DEP","Wald ratio",1,"-0.009","0.006","0.991","1.28e-01",NA,NA,NA,0.005694293
"SCD5","Stem-cell-iPSC","DEP","Wald ratio",1," 0.018","0.012","1.018","1.28e-01",NA,NA,NA,0.000951555
"RN7SKP122","Stem-cell-iPSC","DEP","Wald ratio",1," 0.009","0.006","1.009","1.28e-01",NA,NA,NA,0.005302899
"WISP3","Stem-cell-iPSC","DEP","Wald ratio",1,"-0.020","0.013","0.980","1.28e-01",NA,NA,NA,1.63e-05
"EEF1GP6","Stem-cell-iPSC","DEP","Wald ratio",1,"-0.018","0.012","0.982","1.28e-01",NA,NA,NA,8.09e-06
"EIF1B","Stem-cell-iPSC","DEP","Wald ratio",1," 0.015","0.010","1.015","1.28e-01",NA,NA,NA,2.95e-05
"DGKI","Stem-cell-iPSC","DEP","Wald ratio",1,"-0.019","0.013","0.981","1.29e-01",NA,NA,NA,4.83e-06
"SMYD3","Stem-cell-iPSC","DEP","Inverse variance weighted",2,"-0.012","0.008","0.988","1.30e-01",NA,0.182521614,NA,5.02e-05
"MRPS33P3","Stem-cell-iPSC","DEP","Wald ratio",1," 0.011","0.007","1.011","1.34e-01",NA,NA,NA,0.007631212
"MIR4425","Stem-cell-iPSC","DEP","Wald ratio",1," 0.013","0.008","1.013","1.34e-01",NA,NA,NA,6.16e-06
"EXOC6","Stem-cell-iPSC","DEP","Wald ratio",1,"-0.034","0.023","0.967","1.34e-01",NA,NA,NA,0.006882676
"PKP4","Stem-cell-iPSC","DEP","Wald ratio",1,"-0.010","0.006","0.990","1.34e-01",NA,NA,NA,3.35e-06
"POLE4","Stem-cell-iPSC","DEP","Wald ratio",1,"-0.009","0.006","0.991","1.36e-01",NA,NA,NA,0.000138032
"RABGAP1L","Stem-cell-iPSC","DEP","Wald ratio",1," 0.010","0.007","1.010","1.36e-01",NA,NA,NA,0.002838534
"CNN3","Stem-cell-iPSC","DEP","Wald ratio",1,"-0.010","0.006","0.990","1.37e-01",NA,NA,NA,0.006749981
"LINC01163","Stem-cell-iPSC","DEP","Wald ratio",1," 0.009","0.006","1.010","1.37e-01",NA,NA,NA,7.24e-06
"KCNH1","Stem-cell-iPSC","DEP","Wald ratio",1," 0.010","0.007","1.010","1.37e-01",NA,NA,NA,1.21e-05
"IGFBP7-AS1","Stem-cell-iPSC","DEP","Wald ratio",1,"-0.010","0.006","0.990","1.37e-01",NA,NA,NA,7.36e-05
"STEAP1B","Stem-cell-iPSC","DEP","Wald ratio",1,"-0.012","0.008","0.988","1.38e-01",NA,NA,NA,5.51e-06
"FGF9","Stem-cell-iPSC","DEP","Wald ratio",1,"-0.012","0.008","0.988","1.38e-01",NA,NA,NA,8.37e-05
"TFEC","Stem-cell-iPSC","DEP","Wald ratio",1," 0.022","0.015","1.023","1.39e-01",NA,NA,NA,1.09e-05
"SLC24A2","Stem-cell-iPSC","DEP","Wald ratio",1,"-0.021","0.014","0.979","1.39e-01",NA,NA,NA,0.000214354
"KRT18P27","Stem-cell-iPSC","DEP","Wald ratio",1,"-0.021","0.014","0.979","1.39e-01",NA,NA,NA,0.002913323
"TCAF1","Stem-cell-iPSC","DEP","Wald ratio",1," 0.017","0.012","1.018","1.39e-01",NA,NA,NA,0.00014682
"CHST9","Stem-cell-iPSC","DEP","Wald ratio",1,"-0.009","0.006","0.991","1.40e-01",NA,NA,NA,4.15e-05
"UMODL1-AS1","Stem-cell-iPSC","DEP","Wald ratio",1,"-0.033","0.022","0.968","1.40e-01",NA,NA,NA,0.003385596
"SORBS1","Stem-cell-iPSC","DEP","Wald ratio",1," 0.036","0.024","1.036","1.43e-01",NA,NA,NA,0.000165852
"LINC01090","Stem-cell-iPSC","DEP","Inverse variance weighted",2," 0.007","0.005","1.007","1.44e-01",NA,0.471631989,NA,0.004992145
"NEK6","Stem-cell-iPSC","DEP","Wald ratio",1," 0.022","0.015","1.022","1.45e-01",NA,NA,NA,6.31e-05
"SLC38A6","Stem-cell-iPSC","DEP","Wald ratio",1," 0.010","0.007","1.010","1.45e-01",NA,NA,NA,1.13e-05
"VAMP1","Stem-cell-iPSC","DEP","Wald ratio",1,"-0.015","0.010","0.985","1.45e-01",NA,NA,NA,0.003250121
"LINC01559","Stem-cell-iPSC","DEP","Wald ratio",1,"-0.012","0.009","0.988","1.46e-01",NA,NA,NA,3.84e-06
"PKHD1","Stem-cell-iPSC","DEP","Wald ratio",1,"-0.019","0.013","0.981","1.46e-01",NA,NA,NA,0.000949442
"KIF16B","Stem-cell-iPSC","DEP","Wald ratio",1,"-0.011","0.008","0.989","1.47e-01",NA,NA,NA,1.2e-05
"ZNF148","Stem-cell-iPSC","DEP","Wald ratio",1," 0.025","0.017","1.025","1.48e-01",NA,NA,NA,2.35e-05
"RNU6-175P","Stem-cell-iPSC","DEP","Wald ratio",1," 0.018","0.012","1.018","1.49e-01",NA,NA,NA,3.23e-06
"SOX5","Stem-cell-iPSC","DEP","Wald ratio",1,"-0.016","0.011","0.984","1.49e-01",NA,NA,NA,1.7e-06
"OPN3","Stem-cell-iPSC","DEP","Wald ratio",1," 0.009","0.006","1.009","1.49e-01",NA,NA,NA,0.000200168
"TMEM177","Stem-cell-iPSC","DEP","Wald ratio",1,"-0.014","0.010","0.986","1.50e-01",NA,NA,NA,0.000843783
"FAM78B","Stem-cell-iPSC","DEP","Wald ratio",1," 0.013","0.009","1.014","1.51e-01",NA,NA,NA,7.26e-06
"RNU6-248P","Stem-cell-iPSC","DEP","Wald ratio",1," 0.010","0.007","1.010","1.52e-01",NA,NA,NA,1.28e-06
"ABCA1","Stem-cell-iPSC","DEP","Wald ratio",1," 0.010","0.007","1.010","1.53e-01",NA,NA,NA,0.000163766
"SMARCA2","Stem-cell-iPSC","DEP","Wald ratio",1," 0.024","0.017","1.024","1.54e-01",NA,NA,NA,9.86e-05
"RGS7BP","Stem-cell-iPSC","DEP","Wald ratio",1,"-0.011","0.007","0.989","1.54e-01",NA,NA,NA,6.05e-06
"THSD7A","Stem-cell-iPSC","DEP","Wald ratio",1," 0.051","0.035","1.052","1.54e-01",NA,NA,NA,0.011823557
"FSTL4","Stem-cell-iPSC","DEP","Wald ratio",1,"-0.009","0.006","0.991","1.55e-01",NA,NA,NA,0.002165174
"PDE8A","Stem-cell-iPSC","DEP","Wald ratio",1,"-0.010","0.007","0.990","1.55e-01",NA,NA,NA,8.33e-06
"ICA1L","Stem-cell-iPSC","DEP","Wald ratio",1," 0.009","0.006","1.009","1.56e-01",NA,NA,NA,6.54e-06
"ADAMTS18","Stem-cell-iPSC","DEP","Wald ratio",1,"-0.015","0.011","0.985","1.56e-01",NA,NA,NA,9.86e-06
"PBX1","Stem-cell-iPSC","DEP","Wald ratio",1,"-0.015","0.011","0.985","1.56e-01",NA,NA,NA,5.86e-06
"FLRT2","Stem-cell-iPSC","DEP","Wald ratio",1," 0.011","0.007","1.011","1.57e-01",NA,NA,NA,0.006385346
"LDHC","Stem-cell-iPSC","DEP","Wald ratio",1," 0.012","0.009","1.012","1.58e-01",NA,NA,NA,0.000622687
"RPL4P5","Stem-cell-iPSC","DEP","Wald ratio",1,"-0.009","0.006","0.991","1.59e-01",NA,NA,NA,2.53e-05
"SLC35B3","Stem-cell-iPSC","DEP","Wald ratio",1,"-0.011","0.008","0.989","1.59e-01",NA,NA,NA,0.000105547
"DPY19L4","Stem-cell-iPSC","DEP","Wald ratio",1," 0.030","0.021","1.030","1.62e-01",NA,NA,NA,0.000158846
"MTND5P17","Stem-cell-iPSC","DEP","Wald ratio",1," 0.010","0.007","1.010","1.62e-01",NA,NA,NA,4.89e-05
"CHFR","Stem-cell-iPSC","DEP","Wald ratio",1," 0.013","0.009","1.013","1.62e-01",NA,NA,NA,2.05e-05
"UCK2","Stem-cell-iPSC","DEP","Inverse variance weighted",2,"-0.017","0.012","0.983","1.63e-01",NA,0.355103138,NA,0.008651552
"ABCC4","Stem-cell-iPSC","DEP","Wald ratio",1," 0.011","0.008","1.011","1.63e-01",NA,NA,NA,0.000594371
"SETP2","Stem-cell-iPSC","DEP","Wald ratio",1,"-0.020","0.014","0.980","1.63e-01",NA,NA,NA,0.001787846
"KRT18P17","Stem-cell-iPSC","DEP","Wald ratio",1," 0.008","0.006","1.008","1.63e-01",NA,NA,NA,0.000175275
"ALCAM","Stem-cell-iPSC","DEP","Wald ratio",1," 0.023","0.016","1.023","1.64e-01",NA,NA,NA,0.005114595
"ACKR3","Stem-cell-iPSC","DEP","Wald ratio",1,"-0.018","0.013","0.982","1.64e-01",NA,NA,NA,3.6e-05
"PARN","Stem-cell-iPSC","DEP","Wald ratio",1," 0.017","0.012","1.017","1.65e-01",NA,NA,NA,4.09e-06
"RHBDD1","Stem-cell-iPSC","DEP","Wald ratio",1,"-0.008","0.006","0.992","1.66e-01",NA,NA,NA,0.000157079
"PRRC2B","Stem-cell-iPSC","DEP","Wald ratio",1," 0.009","0.007","1.009","1.66e-01",NA,NA,NA,2.16e-06
"LINC00620","Stem-cell-iPSC","DEP","Wald ratio",1," 0.010","0.007","1.010","1.66e-01",NA,NA,NA,0.000432873
"PCSK5","Stem-cell-iPSC","DEP","Wald ratio",1,"-0.019","0.014","0.981","1.68e-01",NA,NA,NA,2.66e-05
"SCAF11","Stem-cell-iPSC","DEP","Wald ratio",1," 0.013","0.009","1.013","1.68e-01",NA,NA,NA,2.7e-06
"LINC01197","Stem-cell-iPSC","DEP","Wald ratio",1,"-0.020","0.014","0.981","1.69e-01",NA,NA,NA,2.79e-05
"MIR548AE1","Stem-cell-iPSC","DEP","Wald ratio",1," 0.008","0.006","1.008","1.69e-01",NA,NA,NA,0.000311442
"CCDC67","Stem-cell-iPSC","DEP","Wald ratio",1," 0.021","0.015","1.021","1.70e-01",NA,NA,NA,0.000193523
"CHKA","Stem-cell-iPSC","DEP","Wald ratio",1,"-0.017","0.012","0.983","1.70e-01",NA,NA,NA,2.8e-06
"LCP1","Stem-cell-iPSC","DEP","Wald ratio",1," 0.008","0.006","1.008","1.70e-01",NA,NA,NA,3.18e-06
"PLA2G4A","Stem-cell-iPSC","DEP","Wald ratio",1,"-0.009","0.007","0.991","1.70e-01",NA,NA,NA,2.57e-06
"ARPP21","Stem-cell-iPSC","DEP","Wald ratio",1," 0.011","0.008","1.011","1.71e-01",NA,NA,NA,3.98e-05
"RNU6-699P","Stem-cell-iPSC","DEP","Wald ratio",1," 0.018","0.013","1.018","1.73e-01",NA,NA,NA,9.43e-05
"GRK5","Stem-cell-iPSC","DEP","Wald ratio",1,"-0.011","0.008","0.989","1.73e-01",NA,NA,NA,4.73e-06
"ITPKA","Stem-cell-iPSC","DEP","Wald ratio",1,"-0.017","0.013","0.983","1.73e-01",NA,NA,NA,0.001449554
"MAD1L1","Stem-cell-iPSC","DEP","Wald ratio",1,"-0.019","0.014","0.981","1.73e-01",NA,NA,NA,0.005485131
"ABCC9","Stem-cell-iPSC","DEP","Wald ratio",1,"-0.008","0.006","0.992","1.73e-01",NA,NA,NA,5.64e-05
"SGK1","Stem-cell-iPSC","DEP","Wald ratio",1," 0.009","0.007","1.010","1.73e-01",NA,NA,NA,1.87e-06
"BTBD11","Stem-cell-iPSC","DEP","Wald ratio",1,"-0.009","0.006","0.991","1.73e-01",NA,NA,NA,7.31e-06
"TSPAN2","Stem-cell-iPSC","DEP","Wald ratio",1,"-0.012","0.009","0.988","1.74e-01",NA,NA,NA,0.000118432
"AKAP6","Stem-cell-iPSC","DEP","Wald ratio",1,"-0.007","0.005","0.993","1.75e-01",NA,NA,NA,1.43e-05
"DERA","Stem-cell-iPSC","DEP","Wald ratio",1,"-0.022","0.016","0.978","1.76e-01",NA,NA,NA,0.0002895
"FAM49B","Stem-cell-iPSC","DEP","Wald ratio",1," 0.017","0.013","1.017","1.77e-01",NA,NA,NA,0.002347039
"NAALADL2","Stem-cell-iPSC","DEP","Inverse variance weighted",3,"-0.015","0.011","0.985","1.77e-01",0.240359384,0.024237115,0.283289832,0.000278222
"FLI1","Stem-cell-iPSC","DEP","Wald ratio",1," 0.009","0.007","1.009","1.78e-01",NA,NA,NA,0.000326329
"ISCA1P1","Stem-cell-iPSC","DEP","Wald ratio",1," 0.019","0.014","1.019","1.78e-01",NA,NA,NA,2.28e-05
"PSMF1","Stem-cell-iPSC","DEP","Wald ratio",1," 0.011","0.008","1.011","1.78e-01",NA,NA,NA,0.000600235
"AKAP7","Stem-cell-iPSC","DEP","Wald ratio",1," 0.049","0.036","1.050","1.79e-01",NA,NA,NA,0.007428071
"C4orf51","Stem-cell-iPSC","DEP","Wald ratio",1," 0.008","0.006","1.008","1.80e-01",NA,NA,NA,0.000239912
"COL4A2","Stem-cell-iPSC","DEP","Wald ratio",1,"-0.020","0.015","0.980","1.80e-01",NA,NA,NA,5.65e-05
"PDE1C","Stem-cell-iPSC","DEP","Wald ratio",1,"-0.010","0.007","0.990","1.82e-01",NA,NA,NA,7.66e-06
"ZFP36L2","Stem-cell-iPSC","DEP","Wald ratio",1," 0.031","0.023","1.031","1.82e-01",NA,NA,NA,0.001781486
"TMEM108","Stem-cell-iPSC","DEP","Wald ratio",1," 0.008","0.006","1.008","1.82e-01",NA,NA,NA,2.4e-05
"RNU6-34P","Stem-cell-iPSC","DEP","Wald ratio",1," 0.009","0.007","1.009","1.82e-01",NA,NA,NA,3.05e-05
"DOK2","Stem-cell-iPSC","DEP","Wald ratio",1," 0.010","0.007","1.010","1.82e-01",NA,NA,NA,0.00073844
"FAM210B","Stem-cell-iPSC","DEP","Wald ratio",1," 0.010","0.008","1.010","1.84e-01",NA,NA,NA,0.001315437
"UTS2B","Stem-cell-iPSC","DEP","Wald ratio",1,"-0.007","0.006","0.993","1.85e-01",NA,NA,NA,8e-05
"XRCC5","Stem-cell-iPSC","DEP","Wald ratio",1," 0.009","0.007","1.009","1.85e-01",NA,NA,NA,1.98e-06
"ASAH1","Stem-cell-iPSC","DEP","Wald ratio",1,"-0.015","0.011","0.985","1.85e-01",NA,NA,NA,4.26e-06
"CCSER1","Stem-cell-iPSC","DEP","Weighted mode",3,"-0.016","0.008","0.984","1.86e-01",0.311484305,0.508066666,0.671386403,3.29e-05
"ATP6V1B1","Stem-cell-iPSC","DEP","Wald ratio",1,"-0.009","0.007","0.991","1.87e-01",NA,NA,NA,0.000446259
"ANKRD50","Stem-cell-iPSC","DEP","Wald ratio",1,"-0.012","0.009","0.988","1.87e-01",NA,NA,NA,1.55e-05
"LINC01234","Stem-cell-iPSC","DEP","Wald ratio",1," 0.015","0.011","1.015","1.87e-01",NA,NA,NA,3.05e-06
"PRSS2","Stem-cell-iPSC","DEP","Wald ratio",1," 0.008","0.006","1.008","1.87e-01",NA,NA,NA,4.89e-06
"PRKCA","Stem-cell-iPSC","DEP","Wald ratio",1,"-0.008","0.006","0.992","1.87e-01",NA,NA,NA,0.00025122
"TIAM1","Stem-cell-iPSC","DEP","Wald ratio",1," 0.010","0.007","1.010","1.87e-01",NA,NA,NA,1.38e-05
"RELN","Stem-cell-iPSC","DEP","Inverse variance weighted",2,"-0.009","0.007","0.991","1.88e-01",NA,0.268258683,NA,2.7e-06
"DKK2","Stem-cell-iPSC","DEP","Inverse variance weighted",2,"-0.013","0.010","0.987","1.89e-01",NA,0.409400322,NA,1.46e-05
"SH3YL1","Stem-cell-iPSC","DEP","Wald ratio",1," 0.009","0.007","1.009","1.90e-01",NA,NA,NA,2.21e-06
"BCR","Stem-cell-iPSC","DEP","Wald ratio",1," 0.015","0.012","1.015","1.90e-01",NA,NA,NA,0.000186993
"KCNQ1","Stem-cell-iPSC","DEP","Wald ratio",1," 0.009","0.007","1.009","1.90e-01",NA,NA,NA,6.28e-06
"BIVM","Stem-cell-iPSC","DEP","Wald ratio",1," 0.017","0.013","1.017","1.93e-01",NA,NA,NA,0.004972193
"RPL30P3","Stem-cell-iPSC","DEP","Wald ratio",1," 0.007","0.005","1.007","1.93e-01",NA,NA,NA,0.000804092
"CHRM5","Stem-cell-iPSC","DEP","Wald ratio",1," 0.020","0.016","1.020","1.94e-01",NA,NA,NA,2.51e-05
"PLXDC2","Stem-cell-iPSC","DEP","Wald ratio",1,"-0.027","0.020","0.974","1.94e-01",NA,NA,NA,3.13e-05
"GALR1","Stem-cell-iPSC","DEP","Wald ratio",1,"-0.008","0.006","0.992","1.94e-01",NA,NA,NA,0.00542205
"RPL35AP19","Stem-cell-iPSC","DEP","Wald ratio",1,"-0.010","0.008","0.990","1.94e-01",NA,NA,NA,2.03e-05
"LZTS1","Stem-cell-iPSC","DEP","Wald ratio",1," 0.010","0.008","1.010","1.95e-01",NA,NA,NA,6.57e-05
"RAB31","Stem-cell-iPSC","DEP","Inverse variance weighted",2," 0.013","0.010","1.013","1.96e-01",NA,0.484149744,NA,3.16e-05
"ZCCHC2","Stem-cell-iPSC","DEP","Wald ratio",1,"-0.020","0.016","0.980","1.96e-01",NA,NA,NA,0.002249252
"FAM212B","Stem-cell-iPSC","DEP","Wald ratio",1,"-0.027","0.021","0.973","1.96e-01",NA,NA,NA,0.000449771
"TMEM78","Stem-cell-iPSC","DEP","Wald ratio",1," 0.017","0.013","1.017","1.97e-01",NA,NA,NA,3.73e-06
"UBE2WP1","Stem-cell-iPSC","DEP","Wald ratio",1,"-0.016","0.013","0.984","1.97e-01",NA,NA,NA,0.000191827
"VGLL3","Stem-cell-iPSC","DEP","Wald ratio",1,"-0.024","0.019","0.976","1.97e-01",NA,NA,NA,0.005112765
"MIER2","Stem-cell-iPSC","DEP","Wald ratio",1,"-0.008","0.006","0.992","1.97e-01",NA,NA,NA,3.51e-05
"VLDLR-AS1","Stem-cell-iPSC","DEP","Wald ratio",1," 0.029","0.023","1.030","1.99e-01",NA,NA,NA,0.00561547
"AGBL1","Stem-cell-iPSC","DEP","Wald ratio",1,"-0.015","0.012","0.985","2.00e-01",NA,NA,NA,2.95e-05
"KCNIP4","Stem-cell-iPSC","DEP","Inverse variance weighted",3," 0.007","0.005","1.007","2.00e-01",0.773026561,0.263447877,0.354247852,0.000325689
"SERPINB9P1","Stem-cell-iPSC","DEP","Wald ratio",1," 0.015","0.011","1.015","2.01e-01",NA,NA,NA,5.09e-05
"NTRK2","Stem-cell-iPSC","DEP","Wald ratio",1,"-0.008","0.006","0.992","2.01e-01",NA,NA,NA,0.00383434
"GRIN2B","Stem-cell-iPSC","DEP","Inverse variance weighted",3,"-0.010","0.008","0.990","2.03e-01",0.370320371,0.647835135,0.840320153,1.02e-05
"LRRC15","Stem-cell-iPSC","DEP","Wald ratio",1," 0.048","0.038","1.050","2.03e-01",NA,NA,NA,0.000207006
"RPL26P3","Stem-cell-iPSC","DEP","Wald ratio",1," 0.008","0.006","1.008","2.03e-01",NA,NA,NA,6.52e-06
"GALNT10","Stem-cell-iPSC","DEP","Wald ratio",1," 0.010","0.007","1.010","2.03e-01",NA,NA,NA,2.16e-06
"PLEKHS1","Stem-cell-iPSC","DEP","Wald ratio",1,"-0.021","0.017","0.979","2.04e-01",NA,NA,NA,0.000238454
"SDR16C5","Stem-cell-iPSC","DEP","Wald ratio",1,"-0.017","0.013","0.984","2.05e-01",NA,NA,NA,1.25e-05
"BMP3","Stem-cell-iPSC","DEP","Wald ratio",1,"-0.012","0.010","0.988","2.06e-01",NA,NA,NA,4.59e-06
"KCNMB2","Stem-cell-iPSC","DEP","Inverse variance weighted",2," 0.018","0.014","1.018","2.06e-01",NA,0.912838618,NA,0.001771553
"ZNF385D","Stem-cell-iPSC","DEP","Inverse variance weighted",2," 0.014","0.011","1.014","2.07e-01",NA,0.308973723,NA,9.88e-06
"SERPINA5","Stem-cell-iPSC","DEP","Wald ratio",1," 0.021","0.017","1.021","2.07e-01",NA,NA,NA,0.000775296
"LINC00583","Stem-cell-iPSC","DEP","Wald ratio",1,"-0.017","0.013","0.983","2.07e-01",NA,NA,NA,0.000133023
"SGMS1","Stem-cell-iPSC","DEP","Wald ratio",1," 0.018","0.015","1.018","2.09e-01",NA,NA,NA,0.004274665
"HIP1","Stem-cell-iPSC","DEP","Wald ratio",1,"-0.023","0.018","0.978","2.09e-01",NA,NA,NA,0.002045546
"GOLGA7","Stem-cell-iPSC","DEP","Wald ratio",1,"-0.027","0.022","0.973","2.10e-01",NA,NA,NA,0.0002105
"S100A14","Stem-cell-iPSC","DEP","Wald ratio",1,"-0.022","0.017","0.979","2.11e-01",NA,NA,NA,0.00143967
"RNA5SP279","Stem-cell-iPSC","DEP","Wald ratio",1," 0.008","0.007","1.008","2.11e-01",NA,NA,NA,0.002474596
"CPS1","Stem-cell-iPSC","DEP","Wald ratio",1," 0.007","0.006","1.007","2.13e-01",NA,NA,NA,0.001404582
"KCNN2","Stem-cell-iPSC","DEP","Wald ratio",1,"-0.008","0.006","0.992","2.13e-01",NA,NA,NA,2.03e-06
"CNTNAP2","Stem-cell-iPSC","DEP","MR Egger",5,"-0.074","0.047","0.929","2.14e-01",0.075026585,0.00998063,0.194562792,1.78e-06
"AGPAT5","Stem-cell-iPSC","DEP","Wald ratio",1," 0.011","0.009","1.011","2.15e-01",NA,NA,NA,1.26e-05
"KIF18A","Stem-cell-iPSC","DEP","Wald ratio",1,"-0.009","0.007","0.991","2.15e-01",NA,NA,NA,4.38e-06
"CDH8","Stem-cell-iPSC","DEP","Wald ratio",1,"-0.013","0.010","0.988","2.17e-01",NA,NA,NA,4.9e-06
"ARC","Stem-cell-iPSC","DEP","Wald ratio",1,"-0.023","0.019","0.977","2.17e-01",NA,NA,NA,9.78e-05
"LINC01121","Stem-cell-iPSC","DEP","Wald ratio",1,"-0.017","0.014","0.983","2.17e-01",NA,NA,NA,2.1e-05
"CAB39L","Stem-cell-iPSC","DEP","Wald ratio",1," 0.021","0.017","1.021","2.17e-01",NA,NA,NA,0.004995331
"NAP1L4P3","Stem-cell-iPSC","DEP","Wald ratio",1,"-0.027","0.022","0.974","2.18e-01",NA,NA,NA,0.002125696
"RN7SKP280","Stem-cell-iPSC","DEP","Wald ratio",1,"-0.028","0.023","0.972","2.18e-01",NA,NA,NA,0.004549515
"RN7SL193P","Stem-cell-iPSC","DEP","Wald ratio",1,"-0.015","0.012","0.985","2.18e-01",NA,NA,NA,2.38e-06
"WAC","Stem-cell-iPSC","DEP","Wald ratio",1," 0.008","0.006","1.008","2.19e-01",NA,NA,NA,0.005078823
"ODF1","Stem-cell-iPSC","DEP","Wald ratio",1," 0.015","0.012","1.015","2.19e-01",NA,NA,NA,6.94e-06
"HTR4","Stem-cell-iPSC","DEP","Wald ratio",1,"-0.016","0.013","0.984","2.20e-01",NA,NA,NA,3.89e-06
"XPO6","Stem-cell-iPSC","DEP","Wald ratio",1,"-0.014","0.011","0.986","2.20e-01",NA,NA,NA,6.45e-06
"DYX1C1-CCPG1","Stem-cell-iPSC","DEP","Wald ratio",1," 0.009","0.008","1.009","2.22e-01",NA,NA,NA,2.18e-06
"ZNF385B","Stem-cell-iPSC","DEP","Wald ratio",1,"-0.022","0.018","0.979","2.22e-01",NA,NA,NA,0.000514735
"ROBO2","Stem-cell-iPSC","DEP","MR Egger",3,"-0.035","0.013","0.965","2.23e-01",0.625624679,0.007431797,0.19908002,4.14e-05
"THEM7P","Stem-cell-iPSC","DEP","Wald ratio",1," 0.011","0.009","1.011","2.24e-01",NA,NA,NA,2.02e-06
"RNU1-139P","Stem-cell-iPSC","DEP","Wald ratio",1,"-0.008","0.007","0.992","2.25e-01",NA,NA,NA,0.000686574
"DPF3","Stem-cell-iPSC","DEP","Wald ratio",1,"-0.009","0.007","0.991","2.27e-01",NA,NA,NA,4.74e-06
"TAS2R16","Stem-cell-iPSC","DEP","Wald ratio",1,"-0.009","0.007","0.991","2.27e-01",NA,NA,NA,4.14e-06
"SUMO1P2","Stem-cell-iPSC","DEP","Wald ratio",1," 0.014","0.012","1.014","2.27e-01",NA,NA,NA,1.13e-05
"UGT2B7","Stem-cell-iPSC","DEP","Wald ratio",1,"-0.007","0.006","0.993","2.27e-01",NA,NA,NA,0.000142144
"LMO4","Stem-cell-iPSC","DEP","Wald ratio",1,"-0.007","0.006","0.993","2.28e-01",NA,NA,NA,0.004513704
"RNU6-138P","Stem-cell-iPSC","DEP","Wald ratio",1,"-0.032","0.027","0.969","2.30e-01",NA,NA,NA,0.000304325
"SLCO1B1","Stem-cell-iPSC","DEP","Wald ratio",1," 0.025","0.021","1.026","2.30e-01",NA,NA,NA,0.00457535
"SRRM1P2","Stem-cell-iPSC","DEP","Wald ratio",1,"-0.025","0.020","0.976","2.30e-01",NA,NA,NA,0.001880317
"PRDM15","Stem-cell-iPSC","DEP","Wald ratio",1," 0.019","0.016","1.020","2.30e-01",NA,NA,NA,0.002066665
"MC5R","Stem-cell-iPSC","DEP","Wald ratio",1,"-0.010","0.009","0.990","2.32e-01",NA,NA,NA,8.28e-06
"KLF12","Stem-cell-iPSC","DEP","Wald ratio",1," 0.016","0.013","1.016","2.32e-01",NA,NA,NA,0.005177292
"ANO3","Stem-cell-iPSC","DEP","Wald ratio",1,"-0.008","0.007","0.992","2.32e-01",NA,NA,NA,0.004366478
"MTA3","Stem-cell-iPSC","DEP","Wald ratio",1,"-0.016","0.014","0.984","2.33e-01",NA,NA,NA,0.000103042
"KBTBD8","Stem-cell-iPSC","DEP","Wald ratio",1," 0.013","0.011","1.013","2.34e-01",NA,NA,NA,5.61e-06
"ESR1","Stem-cell-iPSC","DEP","Wald ratio",1," 0.030","0.025","1.031","2.35e-01",NA,NA,NA,1.17e-05
"TSPAN13","Stem-cell-iPSC","DEP","Wald ratio",1," 0.008","0.006","1.008","2.35e-01",NA,NA,NA,0.00323714
"CDH10","Stem-cell-iPSC","DEP","Wald ratio",1," 0.009","0.007","1.009","2.35e-01",NA,NA,NA,2.82e-06
"MAFTRR","Stem-cell-iPSC","DEP","Wald ratio",1,"-0.018","0.015","0.982","2.35e-01",NA,NA,NA,0.00042957
"LINC00276","Stem-cell-iPSC","DEP","Wald ratio",1,"-0.023","0.019","0.978","2.36e-01",NA,NA,NA,0.003764009
"LINC01107","Stem-cell-iPSC","DEP","Wald ratio",1," 0.014","0.011","1.014","2.36e-01",NA,NA,NA,3.64e-05
"GNG2","Stem-cell-iPSC","DEP","Wald ratio",1," 0.008","0.007","1.008","2.36e-01",NA,NA,NA,1.04e-05
"CCSER1","Stem-cell-iPSC","DEP","Simple mode",3,"-0.015","0.009","0.985","2.36e-01",0.311484305,0.508066666,0.671386403,3.29e-05
"ENDOD1","Stem-cell-iPSC","DEP","Wald ratio",1," 0.016","0.013","1.016","2.36e-01",NA,NA,NA,0.004518872
"EPDR1","Stem-cell-iPSC","DEP","Wald ratio",1," 0.014","0.012","1.014","2.39e-01",NA,NA,NA,0.002544507
"FAM13B","Stem-cell-iPSC","DEP","Wald ratio",1," 0.020","0.017","1.021","2.40e-01",NA,NA,NA,0.005278078
"ARHGAP21","Stem-cell-iPSC","DEP","Wald ratio",1," 0.009","0.007","1.009","2.40e-01",NA,NA,NA,2.74e-06
"LINC01362","Stem-cell-iPSC","DEP","Inverse variance weighted",2,"-0.016","0.014","0.984","2.40e-01",NA,0.053337653,NA,0.052291769
"SH2D1B","Stem-cell-iPSC","DEP","Wald ratio",1,"-0.021","0.018","0.979","2.42e-01",NA,NA,NA,0.004574497
"VAV3","Stem-cell-iPSC","DEP","Wald ratio",1,"-0.008","0.007","0.992","2.45e-01",NA,NA,NA,0.004260942
"RAMP1","Stem-cell-iPSC","DEP","Wald ratio",1,"-0.017","0.015","0.983","2.45e-01",NA,NA,NA,2.26e-05
"IRF7","Stem-cell-iPSC","DEP","Wald ratio",1,"-0.018","0.015","0.983","2.45e-01",NA,NA,NA,3.39e-05
"PWP1","Stem-cell-iPSC","DEP","Wald ratio",1," 0.013","0.011","1.013","2.45e-01",NA,NA,NA,3.12e-06
"RPL7P48","Stem-cell-iPSC","DEP","Wald ratio",1," 0.017","0.014","1.017","2.48e-01",NA,NA,NA,7.47e-06
"COMMD10","Stem-cell-iPSC","DEP","Wald ratio",1," 0.008","0.007","1.008","2.49e-01",NA,NA,NA,0.000948315
"MMP26","Stem-cell-iPSC","DEP","Wald ratio",1," 0.008","0.007","1.008","2.51e-01",NA,NA,NA,3.15e-05
"SULF2","Stem-cell-iPSC","DEP","Wald ratio",1,"-0.018","0.016","0.982","2.51e-01",NA,NA,NA,3.79e-05
"TRIM42","Stem-cell-iPSC","DEP","Wald ratio",1,"-0.008","0.007","0.992","2.52e-01",NA,NA,NA,3.38e-05
"ELAVL1","Stem-cell-iPSC","DEP","Wald ratio",1," 0.007","0.007","1.007","2.54e-01",NA,NA,NA,1.1e-06
"NAALADL2","Stem-cell-iPSC","DEP","Weighted mode",3,"-0.011","0.007","0.990","2.55e-01",0.240359384,0.024237115,0.283289832,0.000278222
"PVT1","Stem-cell-iPSC","DEP","Wald ratio",1,"-0.008","0.007","0.992","2.56e-01",NA,NA,NA,3.67e-06
"TTC7B","Stem-cell-iPSC","DEP","Wald ratio",1,"-0.013","0.011","0.988","2.56e-01",NA,NA,NA,7.43e-06
"SLC15A5","Stem-cell-iPSC","DEP","Wald ratio",1,"-0.013","0.011","0.987","2.56e-01",NA,NA,NA,0.000168794
"LINC00351","Stem-cell-iPSC","DEP","Wald ratio",1," 0.007","0.007","1.008","2.56e-01",NA,NA,NA,0.002944901
"LURAP1L-AS1","Stem-cell-iPSC","DEP","Wald ratio",1,"-0.014","0.012","0.986","2.56e-01",NA,NA,NA,1.65e-05
"PDLIM5","Stem-cell-iPSC","DEP","Wald ratio",1,"-0.008","0.007","0.992","2.56e-01",NA,NA,NA,1.07e-05
"MYO9B","Stem-cell-iPSC","DEP","Wald ratio",1," 0.007","0.006","1.007","2.56e-01",NA,NA,NA,6e-06
"CHMP7","Stem-cell-iPSC","DEP","Wald ratio",1,"-0.006","0.006","0.994","2.56e-01",NA,NA,NA,0.004150994
"ANKDD1B","Stem-cell-iPSC","DEP","Wald ratio",1," 0.020","0.018","1.020","2.58e-01",NA,NA,NA,1.91e-05
"TRPC4","Stem-cell-iPSC","DEP","Wald ratio",1," 0.010","0.009","1.010","2.58e-01",NA,NA,NA,8.59e-06
"LINC00376","Stem-cell-iPSC","DEP","Wald ratio",1," 0.007","0.006","1.007","2.59e-01",NA,NA,NA,7.89e-05
"MAPK10","Stem-cell-iPSC","DEP","Wald ratio",1,"-0.008","0.007","0.992","2.59e-01",NA,NA,NA,9.58e-06
"ORC5","Stem-cell-iPSC","DEP","Wald ratio",1,"-0.015","0.014","0.985","2.59e-01",NA,NA,NA,1.17e-05
"KIAA1328","Stem-cell-iPSC","DEP","Wald ratio",1,"-0.017","0.015","0.983","2.60e-01",NA,NA,NA,2.37e-05
"TNS3","Stem-cell-iPSC","DEP","Wald ratio",1," 0.018","0.016","1.018","2.61e-01",NA,NA,NA,3e-06
"OR1I1","Stem-cell-iPSC","DEP","Wald ratio",1," 0.018","0.016","1.018","2.62e-01",NA,NA,NA,1.19e-05
"EGFR","Stem-cell-iPSC","DEP","Wald ratio",1," 0.025","0.022","1.025","2.62e-01",NA,NA,NA,0.004575222
"MYOD1","Stem-cell-iPSC","DEP","Wald ratio",1,"-0.009","0.008","0.991","2.62e-01",NA,NA,NA,4.65e-06
"MUC7","Stem-cell-iPSC","DEP","Wald ratio",1," 0.008","0.007","1.008","2.62e-01",NA,NA,NA,7.51e-06
"CD101","Stem-cell-iPSC","DEP","Wald ratio",1,"-0.019","0.017","0.981","2.63e-01",NA,NA,NA,0.000126575
"SIRT1","Stem-cell-iPSC","DEP","Wald ratio",1,"-0.023","0.021","0.977","2.64e-01",NA,NA,NA,6.46e-05
"LDLRAD4","Stem-cell-iPSC","DEP","Wald ratio",1," 0.013","0.012","1.013","2.64e-01",NA,NA,NA,3.34e-06
"ADAMTS3","Stem-cell-iPSC","DEP","Wald ratio",1," 0.015","0.013","1.015","2.65e-01",NA,NA,NA,9.54e-05
"INSR","Stem-cell-iPSC","DEP","Wald ratio",1,"-0.020","0.018","0.981","2.67e-01",NA,NA,NA,0.000227166
"LINC01019","Stem-cell-iPSC","DEP","Wald ratio",1,"-0.013","0.011","0.988","2.68e-01",NA,NA,NA,1.74e-05
"PRKAG2","Stem-cell-iPSC","DEP","Wald ratio",1,"-0.007","0.007","0.993","2.68e-01",NA,NA,NA,0.001768977
"ESRRG","Stem-cell-iPSC","DEP","Inverse variance weighted",2," 0.005","0.004","1.005","2.68e-01",NA,0.659712564,NA,0.000550104
"RN7SL366P","Stem-cell-iPSC","DEP","Wald ratio",1," 0.022","0.020","1.023","2.69e-01",NA,NA,NA,0.001569531
"RN7SKP36","Stem-cell-iPSC","DEP","Wald ratio",1,"-0.028","0.025","0.973","2.69e-01",NA,NA,NA,0.000504176
"ROBO2","Stem-cell-iPSC","DEP","Simple mode",3," 0.029","0.019","1.030","2.69e-01",0.625624679,0.007431797,0.19908002,4.14e-05
"FBP1","Stem-cell-iPSC","DEP","Wald ratio",1,"-0.026","0.023","0.975","2.71e-01",NA,NA,NA,0.004808484
"FGF14","Stem-cell-iPSC","DEP","Wald ratio",1,"-0.011","0.010","0.989","2.71e-01",NA,NA,NA,3.96e-06
"MYO3A","Stem-cell-iPSC","DEP","Wald ratio",1," 0.021","0.019","1.021","2.72e-01",NA,NA,NA,3.8e-05
"TGM3","Stem-cell-iPSC","DEP","Wald ratio",1," 0.018","0.017","1.019","2.72e-01",NA,NA,NA,1.92e-05
"LNX2","Stem-cell-iPSC","DEP","Wald ratio",1," 0.009","0.008","1.009","2.73e-01",NA,NA,NA,3.57e-06
"NAALADL2","Stem-cell-iPSC","DEP","Simple mode",3,"-0.015","0.010","0.985","2.73e-01",0.240359384,0.024237115,0.283289832,0.000278222
"SPOCK3","Stem-cell-iPSC","DEP","Inverse variance weighted",2,"-0.018","0.017","0.982","2.74e-01",NA,0.177101017,NA,2.07e-06
"LINC00922","Stem-cell-iPSC","DEP","Wald ratio",1,"-0.026","0.023","0.975","2.74e-01",NA,NA,NA,3.12e-06
"YEATS4","Stem-cell-iPSC","DEP","Wald ratio",1," 0.007","0.006","1.007","2.74e-01",NA,NA,NA,0.000100362
"KPNA1","Stem-cell-iPSC","DEP","Wald ratio",1,"-0.015","0.014","0.985","2.74e-01",NA,NA,NA,4.49e-05
"DOPEY2","Stem-cell-iPSC","DEP","Wald ratio",1," 0.008","0.007","1.008","2.75e-01",NA,NA,NA,3.44e-06
"ANXA5","Stem-cell-iPSC","DEP","Wald ratio",1," 0.008","0.007","1.008","2.75e-01",NA,NA,NA,2.77e-06
"B4GALT5","Stem-cell-iPSC","DEP","Wald ratio",1,"-0.029","0.026","0.972","2.75e-01",NA,NA,NA,0.000260143
"ITGBL1","Stem-cell-iPSC","DEP","Wald ratio",1,"-0.008","0.007","0.992","2.76e-01",NA,NA,NA,1.3e-05
"CLDN10","Stem-cell-iPSC","DEP","Wald ratio",1,"-0.012","0.011","0.988","2.76e-01",NA,NA,NA,1.62e-06
"CCDC80","Stem-cell-iPSC","DEP","Wald ratio",1,"-0.008","0.007","0.992","2.78e-01",NA,NA,NA,0.004196363
"CDH3","Stem-cell-iPSC","DEP","Wald ratio",1,"-0.019","0.017","0.981","2.79e-01",NA,NA,NA,0.003586543
"ADH1C","Stem-cell-iPSC","DEP","Wald ratio",1,"-0.026","0.024","0.974","2.79e-01",NA,NA,NA,0.000861604
"TXNRD2","Stem-cell-iPSC","DEP","Wald ratio",1,"-0.014","0.013","0.986","2.79e-01",NA,NA,NA,5.58e-06
"LMX1A","Stem-cell-iPSC","DEP","Wald ratio",1,"-0.029","0.027","0.972","2.80e-01",NA,NA,NA,0.000905536
"ABCC13","Stem-cell-iPSC","DEP","Wald ratio",1,"-0.023","0.021","0.978","2.83e-01",NA,NA,NA,0.004856716
"SNX13","Stem-cell-iPSC","DEP","Wald ratio",1," 0.007","0.006","1.007","2.85e-01",NA,NA,NA,2.24e-05
"CGNL1","Stem-cell-iPSC","DEP","Wald ratio",1,"-0.016","0.015","0.984","2.85e-01",NA,NA,NA,0.003784351
"LINC00492","Stem-cell-iPSC","DEP","Wald ratio",1,"-0.013","0.012","0.987","2.85e-01",NA,NA,NA,1.31e-05
"PTGDR","Stem-cell-iPSC","DEP","Wald ratio",1," 0.015","0.014","1.015","2.85e-01",NA,NA,NA,0.000120245
"CDH13","Stem-cell-iPSC","DEP","Weighted mode",3,"-0.014","0.009","0.987","2.86e-01",0.061709891,0.094836384,0.660061852,3.89e-05
"ARHGAP42","Stem-cell-iPSC","DEP","Wald ratio",1," 0.014","0.013","1.014","2.87e-01",NA,NA,NA,0.001084099
"SPPL2A","Stem-cell-iPSC","DEP","Wald ratio",1," 0.008","0.007","1.008","2.87e-01",NA,NA,NA,4.88e-06
"EGFEM1P","Stem-cell-iPSC","DEP","Inverse variance weighted",2,"-0.011","0.010","0.989","2.88e-01",NA,0.113390604,NA,1.54e-06
"ARG2","Stem-cell-iPSC","DEP","Wald ratio",1,"-0.013","0.012","0.987","2.89e-01",NA,NA,NA,4.65e-06
"S100A7","Stem-cell-iPSC","DEP","Wald ratio",1," 0.008","0.007","1.008","2.89e-01",NA,NA,NA,1.48e-06
"MAP10","Stem-cell-iPSC","DEP","Wald ratio",1," 0.017","0.016","1.017","2.89e-01",NA,NA,NA,3.9e-06
"CDH13","Stem-cell-iPSC","DEP","Inverse variance weighted",3,"-0.006","0.006","0.994","2.91e-01",0.061709891,0.094836384,0.660061852,3.89e-05
"CYB5A","Stem-cell-iPSC","DEP","Wald ratio",1,"-0.017","0.016","0.983","2.93e-01",NA,NA,NA,7.55e-05
"FREM2","Stem-cell-iPSC","DEP","Wald ratio",1," 0.030","0.029","1.031","2.94e-01",NA,NA,NA,0.003866808
"RALGAPA1","Stem-cell-iPSC","DEP","Wald ratio",1,"-0.025","0.023","0.976","2.95e-01",NA,NA,NA,0.003701938
"C2orf47","Stem-cell-iPSC","DEP","Wald ratio",1,"-0.015","0.015","0.985","2.95e-01",NA,NA,NA,9.01e-05
"CCL28","Stem-cell-iPSC","DEP","Wald ratio",1,"-0.006","0.006","0.994","2.95e-01",NA,NA,NA,0.000163506
"ANGPT1","Stem-cell-iPSC","DEP","Inverse variance weighted",2," 0.007","0.006","1.007","2.96e-01",NA,0.341793259,NA,0.001708338
"ST3GAL3","Stem-cell-iPSC","DEP","Wald ratio",1,"-0.007","0.007","0.993","2.96e-01",NA,NA,NA,1.5e-06
"TRAM1L1","Stem-cell-iPSC","DEP","Wald ratio",1," 0.007","0.006","1.007","2.96e-01",NA,NA,NA,8.74e-06
"SVIL","Stem-cell-iPSC","DEP","Wald ratio",1,"-0.006","0.006","0.994","2.96e-01",NA,NA,NA,0.000606122
"PCNPP2","Stem-cell-iPSC","DEP","Wald ratio",1," 0.013","0.012","1.013","2.96e-01",NA,NA,NA,0.000133513
"CCNY","Stem-cell-iPSC","DEP","Wald ratio",1," 0.008","0.007","1.008","2.97e-01",NA,NA,NA,4.58e-06
"MIR3976HG","Stem-cell-iPSC","DEP","Wald ratio",1," 0.013","0.013","1.013","2.98e-01",NA,NA,NA,2.76e-05
"GPC6-AS2","Stem-cell-iPSC","DEP","Wald ratio",1," 0.007","0.006","1.007","2.98e-01",NA,NA,NA,1.93e-05
"GNAI1","Stem-cell-iPSC","DEP","Wald ratio",1,"-0.026","0.025","0.975","2.98e-01",NA,NA,NA,0.004109434
"ADGRF1","Stem-cell-iPSC","DEP","Wald ratio",1,"-0.009","0.008","0.991","2.98e-01",NA,NA,NA,8.81e-06
"PITPNC1","Stem-cell-iPSC","DEP","Wald ratio",1,"-0.015","0.014","0.985","2.99e-01",NA,NA,NA,4.07e-05
"ARPC3P5","Stem-cell-iPSC","DEP","Wald ratio",1," 0.025","0.024","1.025","2.99e-01",NA,NA,NA,0.004558859
"BTBD7","Stem-cell-iPSC","DEP","Wald ratio",1," 0.020","0.019","1.020","3.00e-01",NA,NA,NA,0.000375037
"ACSM6","Stem-cell-iPSC","DEP","Wald ratio",1," 0.032","0.031","1.032","3.00e-01",NA,NA,NA,0.004760642
"PDGFRL","Stem-cell-iPSC","DEP","Wald ratio",1," 0.008","0.007","1.008","3.01e-01",NA,NA,NA,0.004842
"BMPR1B","Stem-cell-iPSC","DEP","Inverse variance weighted",2," 0.007","0.007","1.007","3.01e-01",NA,0.993800605,NA,1.66e-05
"PARK2","Stem-cell-iPSC","DEP","MR Egger",3," 0.137","0.071","1.147","3.03e-01",0.450475046,0.117958438,0.30501936,4.18e-05
"HS6ST1","Stem-cell-iPSC","DEP","Wald ratio",1," 0.020","0.020","1.021","3.04e-01",NA,NA,NA,2.16e-05
"SLC44A1","Stem-cell-iPSC","DEP","Wald ratio",1,"-0.024","0.023","0.976","3.05e-01",NA,NA,NA,1.66e-05
"FHL5","Stem-cell-iPSC","DEP","Wald ratio",1,"-0.006","0.006","0.994","3.06e-01",NA,NA,NA,6.53e-06
"LINC01354","Stem-cell-iPSC","DEP","Wald ratio",1,"-0.011","0.011","0.989","3.06e-01",NA,NA,NA,3.68e-06
"RAD51B","Stem-cell-iPSC","DEP","Wald ratio",1," 0.015","0.015","1.015","3.07e-01",NA,NA,NA,0.000126288
"SPINK2","Stem-cell-iPSC","DEP","Wald ratio",1," 0.016","0.015","1.016","3.08e-01",NA,NA,NA,1.57e-05
"CPEB1","Stem-cell-iPSC","DEP","Wald ratio",1,"-0.010","0.010","0.990","3.10e-01",NA,NA,NA,6.45e-06
"KLHL1","Stem-cell-iPSC","DEP","Wald ratio",1,"-0.010","0.010","0.990","3.10e-01",NA,NA,NA,1.24e-05
"LINC01499","Stem-cell-iPSC","DEP","Wald ratio",1," 0.026","0.026","1.027","3.11e-01",NA,NA,NA,0.000124806
"CDH13","Stem-cell-iPSC","DEP","Simple mode",3,"-0.012","0.009","0.988","3.13e-01",0.061709891,0.094836384,0.660061852,3.89e-05
"NAV3","Stem-cell-iPSC","DEP","Inverse variance weighted",2,"-0.010","0.010","0.990","3.14e-01",NA,0.833888811,NA,9.33e-06
"KCNJ6","Stem-cell-iPSC","DEP","Wald ratio",1,"-0.019","0.019","0.981","3.17e-01",NA,NA,NA,0.000161576
"ESCO1","Stem-cell-iPSC","DEP","Wald ratio",1,"-0.019","0.019","0.981","3.17e-01",NA,NA,NA,2.19e-05
"PRR35","Stem-cell-iPSC","DEP","Wald ratio",1,"-0.007","0.007","0.993","3.17e-01",NA,NA,NA,1.06e-06
"AFAP1","Stem-cell-iPSC","DEP","Wald ratio",1,"-0.007","0.007","0.993","3.17e-01",NA,NA,NA,0.004073697
"CRTAC1","Stem-cell-iPSC","DEP","Wald ratio",1,"-0.012","0.012","0.988","3.17e-01",NA,NA,NA,1.33e-05
"IDI2-AS1","Stem-cell-iPSC","DEP","Wald ratio",1," 0.012","0.012","1.012","3.17e-01",NA,NA,NA,0.000887421
"SPOCK2","Stem-cell-iPSC","DEP","Wald ratio",1,"-0.018","0.018","0.982","3.17e-01",NA,NA,NA,0.003523528
"GSTA2","Stem-cell-iPSC","DEP","Wald ratio",1,"-0.013","0.013","0.987","3.17e-01",NA,NA,NA,0.003085102
"RPL17P12","Stem-cell-iPSC","DEP","Wald ratio",1,"-0.017","0.017","0.983","3.17e-01",NA,NA,NA,0.002796148
"GRIN3A","Stem-cell-iPSC","DEP","Wald ratio",1," 0.020","0.020","1.020","3.17e-01",NA,NA,NA,6.14e-05
"PSMG1","Stem-cell-iPSC","DEP","Wald ratio",1,"-0.010","0.010","0.990","3.17e-01",NA,NA,NA,9.99e-06
"MRPL57P1","Stem-cell-iPSC","DEP","Wald ratio",1,"-0.056","0.056","0.945","3.17e-01",NA,NA,NA,0.006379289
"C22orf34","Stem-cell-iPSC","DEP","Wald ratio",1," 0.016","0.016","1.016","3.17e-01",NA,NA,NA,4.35e-06
"VAPA","Stem-cell-iPSC","DEP","Wald ratio",1,"-0.012","0.012","0.988","3.17e-01",NA,NA,NA,4.96e-05
"OFCC1","Stem-cell-iPSC","DEP","Wald ratio",1," 0.012","0.012","1.012","3.17e-01",NA,NA,NA,0.000372928
"HS1BP3","Stem-cell-iPSC","DEP","Wald ratio",1,"-0.007","0.007","0.993","3.17e-01",NA,NA,NA,2.13e-05
"PDZRN3","Stem-cell-iPSC","DEP","Wald ratio",1," 0.007","0.007","1.007","3.17e-01",NA,NA,NA,0.001735733
"RN7SKP199","Stem-cell-iPSC","DEP","Wald ratio",1," 0.016","0.016","1.016","3.17e-01",NA,NA,NA,4.59e-05
"SLC6A19","Stem-cell-iPSC","DEP","Wald ratio",1," 0.012","0.012","1.012","3.17e-01",NA,NA,NA,0.000155408
"SLC24A3","Stem-cell-iPSC","DEP","Inverse variance weighted",2,"-0.005","0.005","0.995","3.19e-01",NA,0.262071693,NA,3.24e-06
"WFS1","Stem-cell-iPSC","DEP","Wald ratio",1," 0.041","0.041","1.042","3.23e-01",NA,NA,NA,0.001581226
"GACAT1","Stem-cell-iPSC","DEP","Wald ratio",1,"-0.029","0.030","0.971","3.25e-01",NA,NA,NA,0.004003065
"H6PD","Stem-cell-iPSC","DEP","Wald ratio",1," 0.025","0.025","1.025","3.26e-01",NA,NA,NA,0.000979254
"MEF2D","Stem-cell-iPSC","DEP","Wald ratio",1,"-0.008","0.008","0.992","3.27e-01",NA,NA,NA,0.002670073
"KLHL25","Stem-cell-iPSC","DEP","Wald ratio",1," 0.007","0.008","1.007","3.27e-01",NA,NA,NA,1.05e-05
"LRRTM4","Stem-cell-iPSC","DEP","Wald ratio",1,"-0.012","0.012","0.988","3.27e-01",NA,NA,NA,1.17e-05
"NELL1","Stem-cell-iPSC","DEP","Inverse variance weighted",2,"-0.006","0.006","0.994","3.28e-01",NA,0.708569019,NA,8.39e-07
"TACC3","Stem-cell-iPSC","DEP","Wald ratio",1," 0.006","0.006","1.006","3.28e-01",NA,NA,NA,0.000453958
"FTH1P21","Stem-cell-iPSC","DEP","Wald ratio",1,"-0.006","0.007","0.994","3.28e-01",NA,NA,NA,5.45e-05
"MAP1B","Stem-cell-iPSC","DEP","Wald ratio",1," 0.028","0.029","1.029","3.28e-01",NA,NA,NA,0.003523962
"FBXO40","Stem-cell-iPSC","DEP","Wald ratio",1,"-0.005","0.005","0.995","3.28e-01",NA,NA,NA,0.003532397
"LINC01376","Stem-cell-iPSC","DEP","Wald ratio",1," 0.007","0.007","1.007","3.28e-01",NA,NA,NA,8.31e-05
"SHROOM3","Stem-cell-iPSC","DEP","Wald ratio",1,"-0.007","0.007","0.993","3.28e-01",NA,NA,NA,2.49e-05
"RNA5SP461","Stem-cell-iPSC","DEP","Wald ratio",1," 0.007","0.007","1.007","3.29e-01",NA,NA,NA,3.35e-06
"KCNIP4","Stem-cell-iPSC","DEP","Weighted median",3," 0.005","0.005","1.005","3.35e-01",0.773026561,0.263447877,0.354247852,0.000325689
"INPP4B","Stem-cell-iPSC","DEP","Wald ratio",1,"-0.009","0.009","0.991","3.35e-01",NA,NA,NA,1.58e-06
"CACNA1E","Stem-cell-iPSC","DEP","Wald ratio",1,"-0.024","0.025","0.976","3.35e-01",NA,NA,NA,6.67e-05
"ATP11A","Stem-cell-iPSC","DEP","Wald ratio",1," 0.012","0.012","1.012","3.36e-01",NA,NA,NA,1.35e-05
"DPYSL2","Stem-cell-iPSC","DEP","Wald ratio",1," 0.013","0.014","1.014","3.37e-01",NA,NA,NA,8.85e-06
"BACE2","Stem-cell-iPSC","DEP","Wald ratio",1," 0.013","0.013","1.013","3.37e-01",NA,NA,NA,0.000604716
"PYROXD2","Stem-cell-iPSC","DEP","Wald ratio",1," 0.008","0.008","1.008","3.37e-01",NA,NA,NA,1.5e-05
"FGF5","Stem-cell-iPSC","DEP","Wald ratio",1," 0.012","0.012","1.012","3.38e-01",NA,NA,NA,0.000143986
"COLGALT2","Stem-cell-iPSC","DEP","Wald ratio",1,"-0.018","0.019","0.982","3.38e-01",NA,NA,NA,0.00377039
"COL13A1","Stem-cell-iPSC","DEP","Wald ratio",1,"-0.012","0.012","0.989","3.40e-01",NA,NA,NA,3.6e-06
"TRAV5","Stem-cell-iPSC","DEP","Wald ratio",1,"-0.006","0.007","0.994","3.40e-01",NA,NA,NA,1.37e-06
"PARD3B","Stem-cell-iPSC","DEP","Wald ratio",1," 0.006","0.007","1.007","3.40e-01",NA,NA,NA,8.06e-07
"RN7SKP196","Stem-cell-iPSC","DEP","Wald ratio",1," 0.011","0.012","1.012","3.43e-01",NA,NA,NA,5.27e-06
"RN7SKP93","Stem-cell-iPSC","DEP","Wald ratio",1,"-0.008","0.008","0.992","3.45e-01",NA,NA,NA,3.38e-06
"CSGALNACT1","Stem-cell-iPSC","DEP","Wald ratio",1," 0.016","0.017","1.016","3.45e-01",NA,NA,NA,7.41e-05
"METTL25","Stem-cell-iPSC","DEP","Wald ratio",1," 0.011","0.012","1.011","3.49e-01",NA,NA,NA,3.26e-05
"FRMD4A","Stem-cell-iPSC","DEP","Simple mode",3,"-0.022","0.018","0.978","3.49e-01",0.216832214,0.35167281,0.651956722,2.12e-05
"HAUS6P1","Stem-cell-iPSC","DEP","Wald ratio",1,"-0.015","0.016","0.985","3.49e-01",NA,NA,NA,7.29e-05
"COL25A1","Stem-cell-iPSC","DEP","Inverse variance weighted",2,"-0.010","0.010","0.990","3.49e-01",NA,0.374779261,NA,0.000127463
"MYO5B","Stem-cell-iPSC","DEP","Wald ratio",1," 0.009","0.010","1.009","3.50e-01",NA,NA,NA,6.3e-06
"CPNE4","Stem-cell-iPSC","DEP","Wald ratio",1," 0.018","0.020","1.019","3.50e-01",NA,NA,NA,0.00203642
"HAS2","Stem-cell-iPSC","DEP","Wald ratio",1,"-0.016","0.017","0.984","3.51e-01",NA,NA,NA,0.000148919
"LSM1P2","Stem-cell-iPSC","DEP","Wald ratio",1," 0.008","0.009","1.008","3.51e-01",NA,NA,NA,3.22e-06
"PAK7","Stem-cell-iPSC","DEP","Wald ratio",1," 0.006","0.007","1.006","3.51e-01",NA,NA,NA,5.03e-06
"OR1M4P","Stem-cell-iPSC","DEP","Wald ratio",1,"-0.006","0.006","0.994","3.51e-01",NA,NA,NA,1.52e-05
"VSIG10","Stem-cell-iPSC","DEP","Wald ratio",1," 0.014","0.015","1.014","3.51e-01",NA,NA,NA,0.00227791
"SYNE3","Stem-cell-iPSC","DEP","Wald ratio",1,"-0.006","0.006","0.994","3.51e-01",NA,NA,NA,3.66e-05
"VEPH1","Stem-cell-iPSC","DEP","Wald ratio",1,"-0.013","0.014","0.987","3.51e-01",NA,NA,NA,2.71e-05
"PAPPA","Stem-cell-iPSC","DEP","Wald ratio",1," 0.011","0.011","1.011","3.51e-01",NA,NA,NA,7.84e-06
"FABP6","Stem-cell-iPSC","DEP","Wald ratio",1," 0.011","0.012","1.011","3.51e-01",NA,NA,NA,0.00241405
"CNTN1","Stem-cell-iPSC","DEP","Wald ratio",1,"-0.006","0.007","0.994","3.52e-01",NA,NA,NA,0.002609526
"SLC12A8","Stem-cell-iPSC","DEP","Wald ratio",1," 0.006","0.006","1.006","3.52e-01",NA,NA,NA,4.58e-06
"LINC01619","Stem-cell-iPSC","DEP","Wald ratio",1," 0.014","0.015","1.014","3.52e-01",NA,NA,NA,0.002774369
"HHAT","Stem-cell-iPSC","DEP","Wald ratio",1,"-0.008","0.008","0.992","3.53e-01",NA,NA,NA,0.004216246
"EXOC2","Stem-cell-iPSC","DEP","Wald ratio",1," 0.013","0.014","1.013","3.54e-01",NA,NA,NA,7.93e-05
"NAA16","Stem-cell-iPSC","DEP","Wald ratio",1,"-0.012","0.013","0.988","3.58e-01",NA,NA,NA,0.0001456
"PRKCZ","Stem-cell-iPSC","DEP","Wald ratio",1,"-0.016","0.018","0.984","3.58e-01",NA,NA,NA,3.29e-05
"LINC01588","Stem-cell-iPSC","DEP","Wald ratio",1,"-0.014","0.015","0.986","3.59e-01",NA,NA,NA,0.000149781
"CSMD2","Stem-cell-iPSC","DEP","Wald ratio",1,"-0.007","0.008","0.993","3.59e-01",NA,NA,NA,1.15e-06
"SNHG15","Stem-cell-iPSC","DEP","Wald ratio",1,"-0.026","0.029","0.974","3.60e-01",NA,NA,NA,1.17e-05
"CACNG6","Stem-cell-iPSC","DEP","Wald ratio",1,"-0.015","0.016","0.986","3.61e-01",NA,NA,NA,8.29e-06
"USP20","Stem-cell-iPSC","DEP","Wald ratio",1," 0.014","0.015","1.014","3.62e-01",NA,NA,NA,2.25e-05
"SPARCL1","Stem-cell-iPSC","DEP","Wald ratio",1," 0.014","0.016","1.014","3.62e-01",NA,NA,NA,8.33e-05
"PSAT1P3","Stem-cell-iPSC","DEP","Wald ratio",1,"-0.007","0.007","0.993","3.62e-01",NA,NA,NA,5.66e-06
"LGI2","Stem-cell-iPSC","DEP","Wald ratio",1," 0.015","0.016","1.015","3.62e-01",NA,NA,NA,8.46e-05
"TSPAN8","Stem-cell-iPSC","DEP","Wald ratio",1," 0.010","0.011","1.010","3.63e-01",NA,NA,NA,1.84e-05
"DNM1P47","Stem-cell-iPSC","DEP","Wald ratio",1,"-0.012","0.013","0.989","3.63e-01",NA,NA,NA,2.34e-05
"OXNAD1","Stem-cell-iPSC","DEP","Wald ratio",1," 0.016","0.018","1.016","3.64e-01",NA,NA,NA,0.003232031
"SCN8A","Stem-cell-iPSC","DEP","Wald ratio",1,"-0.010","0.011","0.990","3.66e-01",NA,NA,NA,1.39e-06
"MFSD14A","Stem-cell-iPSC","DEP","Wald ratio",1," 0.020","0.022","1.020","3.68e-01",NA,NA,NA,1.03e-05
"TRPM3","Stem-cell-iPSC","DEP","Wald ratio",1,"-0.006","0.007","0.994","3.70e-01",NA,NA,NA,0.001368531
"GABRR1","Stem-cell-iPSC","DEP","Wald ratio",1,"-0.014","0.015","0.987","3.70e-01",NA,NA,NA,0.001002402
"ATP6V1C1","Stem-cell-iPSC","DEP","Wald ratio",1,"-0.006","0.007","0.994","3.72e-01",NA,NA,NA,1.75e-06
"SNORD13","Stem-cell-iPSC","DEP","Wald ratio",1," 0.007","0.008","1.007","3.73e-01",NA,NA,NA,0.000166317
"ADGRF2","Stem-cell-iPSC","DEP","Wald ratio",1," 0.006","0.007","1.006","3.73e-01",NA,NA,NA,0.003408011
"RPS17P2","Stem-cell-iPSC","DEP","Wald ratio",1," 0.015","0.017","1.016","3.73e-01",NA,NA,NA,0.0034059
"ZMAT4","Stem-cell-iPSC","DEP","Wald ratio",1," 0.013","0.015","1.013","3.73e-01",NA,NA,NA,4.5e-05
"PKD1L2","Stem-cell-iPSC","DEP","Inverse variance weighted",2," 0.009","0.010","1.009","3.73e-01",NA,0.200110024,NA,2.8e-05
"RPL14P1","Stem-cell-iPSC","DEP","Wald ratio",1," 0.013","0.015","1.013","3.75e-01",NA,NA,NA,7.9e-05
"PDZD2","Stem-cell-iPSC","DEP","Wald ratio",1,"-0.005","0.006","0.995","3.75e-01",NA,NA,NA,0.00017665
"ASPM","Stem-cell-iPSC","DEP","Wald ratio",1,"-0.006","0.007","0.994","3.75e-01",NA,NA,NA,1.37e-05
"MIR7515HG","Stem-cell-iPSC","DEP","Wald ratio",1,"-0.006","0.007","0.994","3.75e-01",NA,NA,NA,2.51e-06
"VN2R3P","Stem-cell-iPSC","DEP","Wald ratio",1,"-0.016","0.018","0.984","3.76e-01",NA,NA,NA,5.74e-05
"RNU6-356P","Stem-cell-iPSC","DEP","Wald ratio",1,"-0.007","0.008","0.993","3.76e-01",NA,NA,NA,3.9e-06
"MTCO1P47","Stem-cell-iPSC","DEP","Wald ratio",1," 0.010","0.012","1.010","3.78e-01",NA,NA,NA,2.87e-05
"KTN1-AS1","Stem-cell-iPSC","DEP","Wald ratio",1,"-0.015","0.017","0.985","3.78e-01",NA,NA,NA,0.00066016
"OR7E59P","Stem-cell-iPSC","DEP","Wald ratio",1," 0.013","0.014","1.013","3.78e-01",NA,NA,NA,4.2e-06
"VSX1","Stem-cell-iPSC","DEP","Wald ratio",1,"-0.006","0.006","0.994","3.78e-01",NA,NA,NA,0.002837698
"HTR2A","Stem-cell-iPSC","DEP","Wald ratio",1," 0.007","0.008","1.007","3.79e-01",NA,NA,NA,0.000651052
"SFRP2","Stem-cell-iPSC","DEP","Wald ratio",1," 0.023","0.026","1.023","3.79e-01",NA,NA,NA,0.003666594
"IYD","Stem-cell-iPSC","DEP","Wald ratio",1,"-0.015","0.017","0.985","3.80e-01",NA,NA,NA,3.75e-05
"NAALADL2-AS2","Stem-cell-iPSC","DEP","Wald ratio",1,"-0.007","0.008","0.993","3.80e-01",NA,NA,NA,2.58e-06
"MEPCE","Stem-cell-iPSC","DEP","Wald ratio",1," 0.012","0.014","1.013","3.80e-01",NA,NA,NA,0.000238781
"GGTA2P","Stem-cell-iPSC","DEP","Wald ratio",1," 0.020","0.023","1.021","3.83e-01",NA,NA,NA,0.00273423
"RB1CC1","Stem-cell-iPSC","DEP","Wald ratio",1," 0.009","0.011","1.009","3.84e-01",NA,NA,NA,2.84e-06
"MTND4LP25","Stem-cell-iPSC","DEP","Wald ratio",1," 0.006","0.007","1.006","3.85e-01",NA,NA,NA,1.09e-06
"PROK2","Stem-cell-iPSC","DEP","Wald ratio",1,"-0.011","0.012","0.989","3.85e-01",NA,NA,NA,4.87e-05
"RPS20P25","Stem-cell-iPSC","DEP","Wald ratio",1," 0.006","0.007","1.006","3.85e-01",NA,NA,NA,1.89e-06
"CEP112","Stem-cell-iPSC","DEP","Wald ratio",1," 0.006","0.007","1.006","3.85e-01",NA,NA,NA,1.08e-06
"FARP1","Stem-cell-iPSC","DEP","Wald ratio",1," 0.011","0.013","1.011","3.85e-01",NA,NA,NA,1.94e-05
"GRIN2B","Stem-cell-iPSC","DEP","Weighted median",3,"-0.010","0.011","0.990","3.85e-01",0.370320371,0.647835135,0.840320153,1.02e-05
"SLC1A2","Stem-cell-iPSC","DEP","Wald ratio",1,"-0.007","0.008","0.993","3.85e-01",NA,NA,NA,4.69e-06
"TNR","Stem-cell-iPSC","DEP","Wald ratio",1," 0.006","0.007","1.006","3.86e-01",NA,NA,NA,1.15e-06
"LINC00384","Stem-cell-iPSC","DEP","Wald ratio",1," 0.013","0.016","1.014","3.86e-01",NA,NA,NA,0.003263341
"PARK2","Stem-cell-iPSC","DEP","Weighted median",3," 0.008","0.009","1.008","3.86e-01",0.450475046,0.117958438,0.30501936,4.18e-05
"MYOF","Stem-cell-iPSC","DEP","Wald ratio",1,"-0.007","0.008","0.993","3.87e-01",NA,NA,NA,0.001007644
"LINC01181","Stem-cell-iPSC","DEP","Wald ratio",1," 0.011","0.013","1.011","3.88e-01",NA,NA,NA,0.000225149
"TRA2A","Stem-cell-iPSC","DEP","Wald ratio",1,"-0.019","0.022","0.981","3.88e-01",NA,NA,NA,0.003142837
"ALOX5AP","Stem-cell-iPSC","DEP","Wald ratio",1," 0.008","0.010","1.008","3.90e-01",NA,NA,NA,6.98e-06
"MXRA7","Stem-cell-iPSC","DEP","Wald ratio",1,"-0.015","0.018","0.985","3.90e-01",NA,NA,NA,0.003102192
"TMC2","Stem-cell-iPSC","DEP","Wald ratio",1,"-0.010","0.012","0.990","3.90e-01",NA,NA,NA,0.000155409
"DSC3","Stem-cell-iPSC","DEP","Wald ratio",1," 0.006","0.007","1.006","3.90e-01",NA,NA,NA,8.52e-06
"TBC1D4","Stem-cell-iPSC","DEP","Wald ratio",1," 0.027","0.031","1.027","3.90e-01",NA,NA,NA,2.09e-05
"DAB2","Stem-cell-iPSC","DEP","Inverse variance weighted",2,"-0.004","0.005","0.996","3.91e-01",NA,0.485373806,NA,3.02e-05
"TSNAX-DISC1","Stem-cell-iPSC","DEP","Wald ratio",1," 0.024","0.029","1.025","3.91e-01",NA,NA,NA,0.001638202
"WARS2","Stem-cell-iPSC","DEP","Wald ratio",1,"-0.018","0.021","0.982","3.91e-01",NA,NA,NA,0.001012366
"DOK6","Stem-cell-iPSC","DEP","Wald ratio",1,"-0.015","0.018","0.985","3.91e-01",NA,NA,NA,0.002160001
"MYRIP","Stem-cell-iPSC","DEP","Wald ratio",1," 0.008","0.009","1.008","3.93e-01",NA,NA,NA,6.44e-06
"VCAN","Stem-cell-iPSC","DEP","Wald ratio",1,"-0.005","0.006","0.995","3.95e-01",NA,NA,NA,0.000156993
"CFAP61","Stem-cell-iPSC","DEP","Wald ratio",1,"-0.010","0.012","0.990","3.95e-01",NA,NA,NA,1.75e-06
"TNIP3","Stem-cell-iPSC","DEP","Wald ratio",1,"-0.025","0.030","0.975","3.95e-01",NA,NA,NA,2.89e-05
"NAALADL2","Stem-cell-iPSC","DEP","MR Egger",3," 0.035","0.025","1.035","3.96e-01",0.240359384,0.024237115,0.283289832,0.000278222
"OSBPL9P3","Stem-cell-iPSC","DEP","Wald ratio",1,"-0.019","0.023","0.981","3.97e-01",NA,NA,NA,7.28e-05
"SFRP4","Stem-cell-iPSC","DEP","Wald ratio",1," 0.005","0.006","1.005","3.98e-01",NA,NA,NA,0.002937038
"RUNX3","Stem-cell-iPSC","DEP","Wald ratio",1," 0.005","0.006","1.005","3.98e-01",NA,NA,NA,8.35e-05
"PRDM2","Stem-cell-iPSC","DEP","Wald ratio",1," 0.015","0.018","1.016","4.00e-01",NA,NA,NA,1.63e-05
"PBLD","Stem-cell-iPSC","DEP","Wald ratio",1,"-0.007","0.008","0.993","4.00e-01",NA,NA,NA,2.86e-05
"EGFLAM","Stem-cell-iPSC","DEP","Wald ratio",1,"-0.005","0.006","0.995","4.00e-01",NA,NA,NA,3.98e-06
"LINC01075","Stem-cell-iPSC","DEP","Wald ratio",1,"-0.006","0.007","0.994","4.00e-01",NA,NA,NA,8.13e-06
"GM2AP1","Stem-cell-iPSC","DEP","Wald ratio",1," 0.006","0.008","1.006","4.00e-01",NA,NA,NA,1.15e-06
"PPP1R13L","Stem-cell-iPSC","DEP","Wald ratio",1," 0.021","0.025","1.021","4.01e-01",NA,NA,NA,0.000240475
"GAPDHP28","Stem-cell-iPSC","DEP","Wald ratio",1,"-0.005","0.005","0.995","4.02e-01",NA,NA,NA,0.000212492
"PAQR6","Stem-cell-iPSC","DEP","Wald ratio",1,"-0.012","0.014","0.988","4.02e-01",NA,NA,NA,3.15e-05
"XPR1","Stem-cell-iPSC","DEP","Wald ratio",1," 0.006","0.007","1.006","4.02e-01",NA,NA,NA,3.21e-05
"EVA1C","Stem-cell-iPSC","DEP","Wald ratio",1," 0.005","0.006","1.005","4.02e-01",NA,NA,NA,0.000129043
"STARP1","Stem-cell-iPSC","DEP","Wald ratio",1,"-0.006","0.007","0.994","4.02e-01",NA,NA,NA,7.45e-07
"NLGN1","Stem-cell-iPSC","DEP","Wald ratio",1,"-0.012","0.014","0.988","4.03e-01",NA,NA,NA,3.83e-05
"CCSER1","Stem-cell-iPSC","DEP","MR Egger",3,"-0.023","0.017","0.977","4.04e-01",0.311484305,0.508066666,0.671386403,3.29e-05
"ACER2","Stem-cell-iPSC","DEP","Wald ratio",1," 0.008","0.009","1.008","4.05e-01",NA,NA,NA,6.49e-06
"USP13","Stem-cell-iPSC","DEP","Wald ratio",1," 0.006","0.008","1.006","4.06e-01",NA,NA,NA,0.003985781
"KCNA10","Stem-cell-iPSC","DEP","Wald ratio",1," 0.015","0.018","1.015","4.07e-01",NA,NA,NA,0.001657739
"KLRF2","Stem-cell-iPSC","DEP","Wald ratio",1," 0.012","0.015","1.012","4.08e-01",NA,NA,NA,6.45e-05
"H3F3C","Stem-cell-iPSC","DEP","Wald ratio",1,"-0.025","0.030","0.975","4.10e-01",NA,NA,NA,3.47e-05
"LRRC2-AS1","Stem-cell-iPSC","DEP","Wald ratio",1," 0.005","0.007","1.005","4.11e-01",NA,NA,NA,3.77e-05
"FHIT","Stem-cell-iPSC","DEP","Inverse variance weighted",2," 0.005","0.007","1.005","4.12e-01",NA,0.30436319,NA,9.87e-06
"MAGI1-AS1","Stem-cell-iPSC","DEP","Wald ratio",1,"-0.005","0.007","0.995","4.13e-01",NA,NA,NA,4.85e-06
"CLIC5","Stem-cell-iPSC","DEP","Wald ratio",1,"-0.004","0.005","0.996","4.13e-01",NA,NA,NA,0.001919763
"RPS14P7","Stem-cell-iPSC","DEP","Wald ratio",1,"-0.010","0.012","0.990","4.14e-01",NA,NA,NA,5.2e-06
"GRIP1","Stem-cell-iPSC","DEP","Wald ratio",1,"-0.006","0.007","0.994","4.16e-01",NA,NA,NA,1.33e-05
"DOCK10","Stem-cell-iPSC","DEP","Wald ratio",1,"-0.013","0.016","0.987","4.17e-01",NA,NA,NA,7.19e-05
"KCNC2","Stem-cell-iPSC","DEP","Wald ratio",1,"-0.016","0.019","0.984","4.17e-01",NA,NA,NA,5.48e-06
"LGR4","Stem-cell-iPSC","DEP","Wald ratio",1,"-0.006","0.007","0.994","4.17e-01",NA,NA,NA,4.84e-06
"MYL10","Stem-cell-iPSC","DEP","Wald ratio",1,"-0.005","0.007","0.995","4.19e-01",NA,NA,NA,0.001757591
"ZNF407","Stem-cell-iPSC","DEP","Wald ratio",1," 0.013","0.016","1.013","4.19e-01",NA,NA,NA,0.00037279
"AUTS2","Stem-cell-iPSC","DEP","Inverse variance weighted",2,"-0.005","0.006","0.995","4.21e-01",NA,0.204577979,NA,8.69e-05
"GALNTL6","Stem-cell-iPSC","DEP","Inverse variance weighted",2," 0.009","0.011","1.009","4.23e-01",NA,0.182586665,NA,8.27e-06
"RNU4-77P","Stem-cell-iPSC","DEP","Wald ratio",1," 0.014","0.018","1.015","4.24e-01",NA,NA,NA,0.001296721
"RIOK3P1","Stem-cell-iPSC","DEP","Wald ratio",1,"-0.007","0.008","0.993","4.26e-01",NA,NA,NA,7.92e-07
"INADL","Stem-cell-iPSC","DEP","Wald ratio",1,"-0.005","0.006","0.995","4.26e-01",NA,NA,NA,0.000344335
"KCNMA1-AS1","Stem-cell-iPSC","DEP","Wald ratio",1," 0.009","0.012","1.009","4.26e-01",NA,NA,NA,6.54e-06
"ANKRD10","Stem-cell-iPSC","DEP","Wald ratio",1,"-0.009","0.011","0.991","4.26e-01",NA,NA,NA,8.98e-06
"TGFBI","Stem-cell-iPSC","DEP","Wald ratio",1," 0.011","0.014","1.011","4.29e-01",NA,NA,NA,0.002929287
"KRT18P56","Stem-cell-iPSC","DEP","Wald ratio",1," 0.012","0.016","1.013","4.31e-01",NA,NA,NA,1.29e-05
"CHMP6","Stem-cell-iPSC","DEP","Wald ratio",1,"-0.006","0.008","0.994","4.33e-01",NA,NA,NA,4.51e-05
"XYLT1","Stem-cell-iPSC","DEP","Wald ratio",1,"-0.006","0.007","0.994","4.34e-01",NA,NA,NA,3.52e-06
"MCTP1","Stem-cell-iPSC","DEP","Wald ratio",1,"-0.013","0.017","0.987","4.34e-01",NA,NA,NA,0.000100929
"ALDH18A1","Stem-cell-iPSC","DEP","Wald ratio",1," 0.007","0.009","1.007","4.36e-01",NA,NA,NA,6.74e-06
"VGLL2","Stem-cell-iPSC","DEP","Wald ratio",1,"-0.025","0.032","0.976","4.37e-01",NA,NA,NA,0.00238323
"DENND3","Stem-cell-iPSC","DEP","Wald ratio",1,"-0.005","0.007","0.995","4.37e-01",NA,NA,NA,2e-05
"LINC00920","Stem-cell-iPSC","DEP","Wald ratio",1,"-0.011","0.014","0.989","4.37e-01",NA,NA,NA,0.003033862
"HUNK","Stem-cell-iPSC","DEP","Wald ratio",1," 0.012","0.015","1.012","4.38e-01",NA,NA,NA,0.000117797
"LRRFIP1","Stem-cell-iPSC","DEP","Wald ratio",1," 0.006","0.007","1.006","4.38e-01",NA,NA,NA,5.83e-05
"AOAH","Stem-cell-iPSC","DEP","Wald ratio",1,"-0.004","0.006","0.996","4.38e-01",NA,NA,NA,0.000496621
"ISM1","Stem-cell-iPSC","DEP","Wald ratio",1,"-0.009","0.011","0.991","4.40e-01",NA,NA,NA,0.000197703
"EXTL3","Stem-cell-iPSC","DEP","Wald ratio",1," 0.015","0.019","1.015","4.41e-01",NA,NA,NA,0.000312792
"PLCB1","Stem-cell-iPSC","DEP","Inverse variance weighted",2,"-0.005","0.006","0.995","4.41e-01",NA,0.911602697,NA,8.52e-05
"MAGI2","Stem-cell-iPSC","DEP","Inverse variance weighted",4,"-0.006","0.008","0.994","4.42e-01",0.010588684,0.022398552,0.773143163,0.00047868
"UGGT1","Stem-cell-iPSC","DEP","Wald ratio",1,"-0.005","0.006","0.995","4.43e-01",NA,NA,NA,9.18e-05
"MACROD2","Stem-cell-iPSC","DEP","Inverse variance weighted",2," 0.007","0.009","1.007","4.43e-01",NA,0.769114582,NA,1.69e-05
"ZNF100","Stem-cell-iPSC","DEP","Wald ratio",1,"-0.016","0.021","0.984","4.45e-01",NA,NA,NA,6.74e-06
"PARK2","Stem-cell-iPSC","DEP","Simple mode",3," 0.010","0.011","1.010","4.46e-01",0.450475046,0.117958438,0.30501936,4.18e-05
"FOXP1","Stem-cell-iPSC","DEP","Wald ratio",1," 0.011","0.015","1.011","4.47e-01",NA,NA,NA,9.22e-05
"RNU6-1018P","Stem-cell-iPSC","DEP","Wald ratio",1,"-0.006","0.008","0.994","4.47e-01",NA,NA,NA,2.13e-06
"SLC7A1","Stem-cell-iPSC","DEP","Wald ratio",1," 0.007","0.009","1.007","4.48e-01",NA,NA,NA,0.000200599
"CCKAR","Stem-cell-iPSC","DEP","Wald ratio",1," 0.011","0.015","1.011","4.50e-01",NA,NA,NA,7.68e-06
"MAST4","Stem-cell-iPSC","DEP","Wald ratio",1," 0.011","0.014","1.011","4.50e-01",NA,NA,NA,9.82e-05
"PHF14","Stem-cell-iPSC","DEP","Wald ratio",1,"-0.010","0.013","0.990","4.50e-01",NA,NA,NA,8.5e-06
"C2orf57","Stem-cell-iPSC","DEP","Wald ratio",1,"-0.008","0.011","0.992","4.50e-01",NA,NA,NA,0.00298244
"CDK14","Stem-cell-iPSC","DEP","Simple mode",3," 0.007","0.008","1.007","4.50e-01",0.596416741,0.740180787,0.671716372,0.000122123
"LINC00593","Stem-cell-iPSC","DEP","Wald ratio",1,"-0.010","0.013","0.990","4.50e-01",NA,NA,NA,6.87e-06
"NUCB2","Stem-cell-iPSC","DEP","Wald ratio",1,"-0.011","0.014","0.989","4.51e-01",NA,NA,NA,0.003770836
"PAX3","Stem-cell-iPSC","DEP","Wald ratio",1,"-0.017","0.022","0.983","4.51e-01",NA,NA,NA,4.08e-05
"PARK2","Stem-cell-iPSC","DEP","Weighted mode",3," 0.010","0.011","1.010","4.51e-01",0.450475046,0.117958438,0.30501936,4.18e-05
"LOR","Stem-cell-iPSC","DEP","Wald ratio",1,"-0.006","0.009","0.994","4.53e-01",NA,NA,NA,2.95e-06
"IQGAP2","Stem-cell-iPSC","DEP","Wald ratio",1,"-0.006","0.008","0.994","4.53e-01",NA,NA,NA,6.39e-05
"FAM134B","Stem-cell-iPSC","DEP","Wald ratio",1,"-0.010","0.014","0.990","4.53e-01",NA,NA,NA,0.002644054
"RNF17","Stem-cell-iPSC","DEP","Wald ratio",1," 0.005","0.007","1.005","4.53e-01",NA,NA,NA,0.002832483
"PDE3A","Stem-cell-iPSC","DEP","Wald ratio",1," 0.005","0.006","1.005","4.53e-01",NA,NA,NA,0.000529911
"CSN3","Stem-cell-iPSC","DEP","Wald ratio",1," 0.005","0.006","1.005","4.53e-01",NA,NA,NA,0.002530798
"WDR70","Stem-cell-iPSC","DEP","Wald ratio",1," 0.011","0.014","1.011","4.55e-01",NA,NA,NA,5.38e-06
"CTXN3","Stem-cell-iPSC","DEP","Wald ratio",1," 0.010","0.014","1.010","4.56e-01",NA,NA,NA,5.24e-06
"PLXND1","Stem-cell-iPSC","DEP","Wald ratio",1," 0.010","0.014","1.010","4.56e-01",NA,NA,NA,0.000251077
"DDC","Stem-cell-iPSC","DEP","Wald ratio",1,"-0.005","0.006","0.995","4.57e-01",NA,NA,NA,0.000179521
"MIR548XHG","Stem-cell-iPSC","DEP","Wald ratio",1," 0.004","0.006","1.004","4.57e-01",NA,NA,NA,9.93e-05
"DESI2","Stem-cell-iPSC","DEP","Wald ratio",1," 0.005","0.007","1.005","4.57e-01",NA,NA,NA,5.86e-06
"MIR3681HG","Stem-cell-iPSC","DEP","Inverse variance weighted",2,"-0.004","0.005","0.996","4.59e-01",NA,0.558106911,NA,2.67e-05
"RAMP3","Stem-cell-iPSC","DEP","Wald ratio",1," 0.014","0.018","1.014","4.59e-01",NA,NA,NA,0.000275009
"RPS3AP1","Stem-cell-iPSC","DEP","Inverse variance weighted",2," 0.004","0.005","1.004","4.60e-01",NA,0.7926684,NA,9.06e-06
"DAB2IP","Stem-cell-iPSC","DEP","Wald ratio",1,"-0.006","0.008","0.994","4.60e-01",NA,NA,NA,4e-06
"LINC01257","Stem-cell-iPSC","DEP","Wald ratio",1,"-0.006","0.009","0.994","4.61e-01",NA,NA,NA,2.78e-06
"CDK14","Stem-cell-iPSC","DEP","Inverse variance weighted",3," 0.004","0.006","1.004","4.62e-01",0.596416741,0.740180787,0.671716372,0.000122123
"TCEA3","Stem-cell-iPSC","DEP","Wald ratio",1," 0.006","0.008","1.006","4.63e-01",NA,NA,NA,1.55e-05
"PTPRD","Stem-cell-iPSC","DEP","Simple mode",3,"-0.006","0.006","0.994","4.64e-01",0.33554882,0.487182432,0.604940749,0.000809505
"KIRREL3","Stem-cell-iPSC","DEP","Wald ratio",1," 0.006","0.008","1.006","4.65e-01",NA,NA,NA,3.44e-06
"RASGRP3","Stem-cell-iPSC","DEP","Inverse variance weighted",2," 0.007","0.009","1.007","4.65e-01",NA,0.684065079,NA,5.68e-06
"ASAP1","Stem-cell-iPSC","DEP","Wald ratio",1,"-0.010","0.013","0.990","4.66e-01",NA,NA,NA,1.95e-06
"DAPK1","Stem-cell-iPSC","DEP","Wald ratio",1,"-0.005","0.007","0.995","4.66e-01",NA,NA,NA,1.48e-05
"CNTNAP2","Stem-cell-iPSC","DEP","Inverse variance weighted",5," 0.004","0.005","1.004","4.66e-01",0.075026585,0.00998063,0.194562792,1.78e-06
"LMCD1-AS1","Stem-cell-iPSC","DEP","Weighted median",3,"-0.006","0.008","0.994","4.67e-01",0.492826425,0.655247615,0.650147392,0.002433516
"KCNIP4","Stem-cell-iPSC","DEP","MR Egger",3,"-0.017","0.016","0.983","4.67e-01",0.773026561,0.263447877,0.354247852,0.000325689
"PCDH9","Stem-cell-iPSC","DEP","Inverse variance weighted",2," 0.007","0.010","1.007","4.67e-01",NA,0.457484897,NA,0.003896676
"SCARB1","Stem-cell-iPSC","DEP","Wald ratio",1," 0.005","0.007","1.005","4.67e-01",NA,NA,NA,1.66e-06
"POM121L13P","Stem-cell-iPSC","DEP","Wald ratio",1," 0.005","0.006","1.005","4.67e-01",NA,NA,NA,5.28e-06
"LINC00251","Stem-cell-iPSC","DEP","Wald ratio",1,"-0.011","0.015","0.990","4.69e-01",NA,NA,NA,2.65e-06
"CSMD3","Stem-cell-iPSC","DEP","Wald ratio",1,"-0.004","0.005","0.996","4.71e-01",NA,NA,NA,0.000159784
"KCNIP4","Stem-cell-iPSC","DEP","Weighted mode",3," 0.004","0.005","1.004","4.72e-01",0.773026561,0.263447877,0.354247852,0.000325689
"UBE2E2","Stem-cell-iPSC","DEP","Wald ratio",1,"-0.010","0.013","0.990","4.73e-01",NA,NA,NA,0.000129294
"ADGRL2","Stem-cell-iPSC","DEP","Wald ratio",1," 0.011","0.016","1.011","4.73e-01",NA,NA,NA,0.002951275
"SEC16B","Stem-cell-iPSC","DEP","Wald ratio",1," 0.017","0.024","1.017","4.75e-01",NA,NA,NA,8.15e-05
"NEPNP","Stem-cell-iPSC","DEP","Wald ratio",1," 0.014","0.019","1.014","4.75e-01",NA,NA,NA,8.99e-05
"GJC1","Stem-cell-iPSC","DEP","Wald ratio",1,"-0.008","0.011","0.992","4.77e-01",NA,NA,NA,1.15e-06
"RNF219-AS1","Stem-cell-iPSC","DEP","Wald ratio",1," 0.008","0.011","1.008","4.77e-01",NA,NA,NA,4.3e-06
"ROPN1B","Stem-cell-iPSC","DEP","Wald ratio",1,"-0.074","0.104","0.929","4.79e-01",NA,NA,NA,0.003073528
"STPG2","Stem-cell-iPSC","DEP","Wald ratio",1," 0.005","0.007","1.005","4.81e-01",NA,NA,NA,3.16e-06
"RNU6-889P","Stem-cell-iPSC","DEP","Wald ratio",1," 0.006","0.009","1.006","4.83e-01",NA,NA,NA,3.82e-06
"UNC5CL","Stem-cell-iPSC","DEP","Wald ratio",1," 0.015","0.022","1.015","4.84e-01",NA,NA,NA,8.48e-06
"TRIB2","Stem-cell-iPSC","DEP","Wald ratio",1," 0.004","0.006","1.004","4.85e-01",NA,NA,NA,4.85e-06
"OTOR","Stem-cell-iPSC","DEP","Wald ratio",1,"-0.009","0.012","0.991","4.85e-01",NA,NA,NA,0.000163243
"RPL17P35","Stem-cell-iPSC","DEP","Wald ratio",1,"-0.008","0.012","0.992","4.85e-01",NA,NA,NA,2.72e-06
"PRELID3B","Stem-cell-iPSC","DEP","Wald ratio",1," 0.005","0.007","1.005","4.85e-01",NA,NA,NA,2.89e-05
"NPC1","Stem-cell-iPSC","DEP","Wald ratio",1,"-0.005","0.008","0.995","4.87e-01",NA,NA,NA,1.36e-06
"ROBO2","Stem-cell-iPSC","DEP","Weighted mode",3,"-0.005","0.006","0.995","4.88e-01",0.625624679,0.007431797,0.19908002,4.14e-05
"TG","Stem-cell-iPSC","DEP","Wald ratio",1," 0.009","0.013","1.009","4.89e-01",NA,NA,NA,0.004836829
"RORA","Stem-cell-iPSC","DEP","Wald ratio",1,"-0.005","0.007","0.995","4.91e-01",NA,NA,NA,3.55e-06
"CD14","Stem-cell-iPSC","DEP","Wald ratio",1," 0.004","0.006","1.004","4.92e-01",NA,NA,NA,8.68e-06
"VAV2","Stem-cell-iPSC","DEP","Wald ratio",1,"-0.005","0.007","0.995","4.92e-01",NA,NA,NA,3.52e-06
"PRICKLE2-AS3","Stem-cell-iPSC","DEP","Wald ratio",1," 0.008","0.011","1.008","4.92e-01",NA,NA,NA,0.001697992
"RYR2","Stem-cell-iPSC","DEP","Wald ratio",1,"-0.005","0.007","0.995","4.93e-01",NA,NA,NA,5.4e-06
"PPM1AP1","Stem-cell-iPSC","DEP","Wald ratio",1," 0.006","0.009","1.006","4.94e-01",NA,NA,NA,0.000256817
"VDAC1P9","Stem-cell-iPSC","DEP","Wald ratio",1," 0.006","0.008","1.006","4.94e-01",NA,NA,NA,1.92e-05
"FAM107B","Stem-cell-iPSC","DEP","Inverse variance weighted",2," 0.008","0.012","1.008","4.94e-01",NA,0.285764542,NA,1.83e-05
"MAGI1","Stem-cell-iPSC","DEP","Wald ratio",1,"-0.004","0.007","0.996","4.95e-01",NA,NA,NA,1.62e-06
"C1QTNF9B","Stem-cell-iPSC","DEP","Wald ratio",1,"-0.008","0.011","0.992","4.95e-01",NA,NA,NA,4.82e-05
"LINC01207","Stem-cell-iPSC","DEP","Wald ratio",1," 0.008","0.011","1.008","4.95e-01",NA,NA,NA,7.41e-06
"CRB2","Stem-cell-iPSC","DEP","Wald ratio",1," 0.005","0.007","1.005","4.95e-01",NA,NA,NA,1.54e-06
"GFRA1","Stem-cell-iPSC","DEP","Inverse variance weighted",2," 0.028","0.041","1.028","4.96e-01",NA,0.000598814,NA,0.035084105
"FSTL5","Stem-cell-iPSC","DEP","Wald ratio",1," 0.005","0.008","1.005","4.96e-01",NA,NA,NA,4.09e-05
"NIPA2P2","Stem-cell-iPSC","DEP","Wald ratio",1,"-0.009","0.014","0.991","4.97e-01",NA,NA,NA,4.53e-06
"TMCO3","Stem-cell-iPSC","DEP","Wald ratio",1," 0.006","0.009","1.006","4.98e-01",NA,NA,NA,5.62e-06
"CDK14","Stem-cell-iPSC","DEP","Weighted median",3," 0.004","0.006","1.004","4.99e-01",0.596416741,0.740180787,0.671716372,0.000122123
"GRIN2B","Stem-cell-iPSC","DEP","Weighted mode",3,"-0.010","0.012","0.990","5.00e-01",0.370320371,0.647835135,0.840320153,1.02e-05
"DOCK2","Stem-cell-iPSC","DEP","Wald ratio",1," 0.023","0.034","1.023","5.00e-01",NA,NA,NA,2.88e-05
"VENTXP4","Stem-cell-iPSC","DEP","Wald ratio",1," 0.022","0.033","1.023","5.00e-01",NA,NA,NA,0.002256721
"RPL29P29","Stem-cell-iPSC","DEP","Wald ratio",1," 0.009","0.014","1.009","5.00e-01",NA,NA,NA,2.2e-05
"SRPRB","Stem-cell-iPSC","DEP","Wald ratio",1,"-0.004","0.006","0.996","5.00e-01",NA,NA,NA,0.002454232
"TDRD3","Stem-cell-iPSC","DEP","Wald ratio",1," 0.010","0.014","1.010","5.00e-01",NA,NA,NA,0.002054789
"FAM179A","Stem-cell-iPSC","DEP","Wald ratio",1," 0.005","0.007","1.005","5.00e-01",NA,NA,NA,3.78e-06
"MITF","Stem-cell-iPSC","DEP","Wald ratio",1,"-0.005","0.007","0.995","5.00e-01",NA,NA,NA,4.16e-05
"CALML3","Stem-cell-iPSC","DEP","Wald ratio",1,"-0.005","0.008","0.995","5.01e-01",NA,NA,NA,8.39e-06
"LINC00333","Stem-cell-iPSC","DEP","Wald ratio",1,"-0.017","0.025","0.983","5.05e-01",NA,NA,NA,0.002798596
"CUX1","Stem-cell-iPSC","DEP","Wald ratio",1," 0.011","0.016","1.011","5.05e-01",NA,NA,NA,0.000294147
"LINC01048","Stem-cell-iPSC","DEP","Wald ratio",1,"-0.023","0.034","0.978","5.05e-01",NA,NA,NA,0.002800899
"PIK3AP1","Stem-cell-iPSC","DEP","Wald ratio",1,"-0.007","0.011","0.993","5.08e-01",NA,NA,NA,0.000250035
"MRPL50P1","Stem-cell-iPSC","DEP","Wald ratio",1," 0.019","0.029","1.019","5.08e-01",NA,NA,NA,9.85e-05
"GRIN2A","Stem-cell-iPSC","DEP","Inverse variance weighted",2,"-0.015","0.023","0.985","5.09e-01",NA,0.077049193,NA,0.000417455
"MIR4300HG","Stem-cell-iPSC","DEP","Wald ratio",1," 0.006","0.010","1.006","5.09e-01",NA,NA,NA,4.43e-06
"RNU6-1001P","Stem-cell-iPSC","DEP","Wald ratio",1," 0.005","0.007","1.005","5.09e-01",NA,NA,NA,1.01e-05
"LYPD6B","Stem-cell-iPSC","DEP","Wald ratio",1," 0.010","0.015","1.010","5.10e-01",NA,NA,NA,0.000185071
"ACTL10","Stem-cell-iPSC","DEP","Wald ratio",1," 0.005","0.007","1.005","5.10e-01",NA,NA,NA,1.62e-06
"CASC20","Stem-cell-iPSC","DEP","Wald ratio",1," 0.008","0.012","1.008","5.10e-01",NA,NA,NA,1.01e-05
"ADAMTS16","Stem-cell-iPSC","DEP","Wald ratio",1," 0.009","0.014","1.010","5.10e-01",NA,NA,NA,4.5e-05
"TMEM74","Stem-cell-iPSC","DEP","Wald ratio",1,"-0.010","0.015","0.990","5.10e-01",NA,NA,NA,0.001515968
"DOK5","Stem-cell-iPSC","DEP","Wald ratio",1,"-0.016","0.024","0.984","5.10e-01",NA,NA,NA,0.002711358
"FAM184B","Stem-cell-iPSC","DEP","Wald ratio",1,"-0.010","0.015","0.990","5.10e-01",NA,NA,NA,0.002721202
"DIO2","Stem-cell-iPSC","DEP","Wald ratio",1," 0.005","0.008","1.005","5.13e-01",NA,NA,NA,4.83e-06
"SNTG2","Stem-cell-iPSC","DEP","Wald ratio",1,"-0.017","0.026","0.983","5.14e-01",NA,NA,NA,0.002990985
"XKR4","Stem-cell-iPSC","DEP","Wald ratio",1,"-0.005","0.008","0.995","5.14e-01",NA,NA,NA,0.000164618
"SH3PXD2A","Stem-cell-iPSC","DEP","Wald ratio",1,"-0.017","0.026","0.983","5.14e-01",NA,NA,NA,0.000194501
"LMCD1-AS1","Stem-cell-iPSC","DEP","Weighted mode",3,"-0.006","0.008","0.994","5.15e-01",0.492826425,0.655247615,0.650147392,0.002433516
"ZNF619P1","Stem-cell-iPSC","DEP","Wald ratio",1," 0.004","0.006","1.004","5.15e-01",NA,NA,NA,0.002649261
"TSPAN5","Stem-cell-iPSC","DEP","Wald ratio",1," 0.007","0.012","1.008","5.15e-01",NA,NA,NA,0.001153853
"BDH2P1","Stem-cell-iPSC","DEP","Wald ratio",1," 0.005","0.007","1.005","5.15e-01",NA,NA,NA,7.01e-06
"RPEP2","Stem-cell-iPSC","DEP","Wald ratio",1," 0.005","0.008","1.005","5.17e-01",NA,NA,NA,2.49e-06
"METTL4","Stem-cell-iPSC","DEP","Wald ratio",1," 0.012","0.018","1.012","5.18e-01",NA,NA,NA,0.000389483
"LINC01603","Stem-cell-iPSC","DEP","Wald ratio",1,"-0.005","0.007","0.995","5.19e-01",NA,NA,NA,1.13e-06
"WDYHV1","Stem-cell-iPSC","DEP","Wald ratio",1,"-0.005","0.007","0.995","5.19e-01",NA,NA,NA,5.1e-05
"RPL19P11","Stem-cell-iPSC","DEP","Wald ratio",1,"-0.008","0.013","0.992","5.19e-01",NA,NA,NA,2.61e-05
"NRCAM","Stem-cell-iPSC","DEP","Wald ratio",1,"-0.004","0.006","0.996","5.19e-01",NA,NA,NA,2.22e-05
"PRKG1","Stem-cell-iPSC","DEP","MR Egger",3," 0.029","0.030","1.029","5.20e-01",0.699559709,0.645353217,0.550532924,7.35e-06
"SNX9","Stem-cell-iPSC","DEP","Inverse variance weighted",2," 0.004","0.007","1.004","5.22e-01",NA,0.675311398,NA,1.25e-05
"KCNIP4","Stem-cell-iPSC","DEP","Simple mode",3," 0.005","0.006","1.005","5.24e-01",0.773026561,0.263447877,0.354247852,0.000325689
"B3GAT2","Stem-cell-iPSC","DEP","Wald ratio",1," 0.008","0.012","1.008","5.25e-01",NA,NA,NA,2.93e-06
"FAM189A2","Stem-cell-iPSC","DEP","Wald ratio",1," 0.004","0.007","1.004","5.25e-01",NA,NA,NA,2.94e-06
"IRF6","Stem-cell-iPSC","DEP","Wald ratio",1," 0.007","0.012","1.007","5.25e-01",NA,NA,NA,6.35e-06
"GSTM2P1","Stem-cell-iPSC","DEP","Wald ratio",1,"-0.004","0.007","0.996","5.25e-01",NA,NA,NA,3.37e-06
"SPHKAP","Stem-cell-iPSC","DEP","Wald ratio",1,"-0.009","0.015","0.991","5.27e-01",NA,NA,NA,5.53e-05
"OTP","Stem-cell-iPSC","DEP","Wald ratio",1,"-0.007","0.011","0.993","5.28e-01",NA,NA,NA,3.11e-06
"ZSCAN18","Stem-cell-iPSC","DEP","Wald ratio",1," 0.006","0.010","1.006","5.28e-01",NA,NA,NA,3.81e-06
"TBX18","Stem-cell-iPSC","DEP","Wald ratio",1,"-0.010","0.015","0.990","5.30e-01",NA,NA,NA,0.002610816
"C3orf33","Stem-cell-iPSC","DEP","Wald ratio",1," 0.005","0.008","1.005","5.30e-01",NA,NA,NA,8.22e-06
"RGS7","Stem-cell-iPSC","DEP","Wald ratio",1,"-0.006","0.009","0.994","5.31e-01",NA,NA,NA,2.37e-05
"LINC01037","Stem-cell-iPSC","DEP","Wald ratio",1,"-0.005","0.008","0.995","5.31e-01",NA,NA,NA,0.00231305
"GNG12-AS1","Stem-cell-iPSC","DEP","Wald ratio",1," 0.010","0.017","1.010","5.32e-01",NA,NA,NA,0.002908009
"LPCAT1","Stem-cell-iPSC","DEP","Wald ratio",1,"-0.012","0.018","0.989","5.32e-01",NA,NA,NA,0.001103323
"SCEL","Stem-cell-iPSC","DEP","Wald ratio",1,"-0.006","0.009","0.994","5.33e-01",NA,NA,NA,0.002630591
"LMCD1-AS1","Stem-cell-iPSC","DEP","Inverse variance weighted",3,"-0.004","0.007","0.996","5.34e-01",0.492826425,0.655247615,0.650147392,0.002433516
"RIMS2","Stem-cell-iPSC","DEP","Wald ratio",1,"-0.004","0.006","0.996","5.34e-01",NA,NA,NA,5.55e-05
"POM121L4P","Stem-cell-iPSC","DEP","Wald ratio",1," 0.007","0.011","1.007","5.34e-01",NA,NA,NA,3.67e-06
"ADGRL3","Stem-cell-iPSC","DEP","Wald ratio",1," 0.006","0.009","1.006","5.35e-01",NA,NA,NA,1.85e-06
"SBF2","Stem-cell-iPSC","DEP","Wald ratio",1,"-0.005","0.008","0.995","5.35e-01",NA,NA,NA,0.000571371
"KIAA0196","Stem-cell-iPSC","DEP","Wald ratio",1," 0.016","0.026","1.016","5.35e-01",NA,NA,NA,0.003016935
"OR13A1","Stem-cell-iPSC","DEP","Wald ratio",1," 0.014","0.023","1.014","5.36e-01",NA,NA,NA,0.003506552
"AIM1","Stem-cell-iPSC","DEP","Wald ratio",1," 0.013","0.022","1.013","5.37e-01",NA,NA,NA,1.29e-05
"PARD3","Stem-cell-iPSC","DEP","Wald ratio",1,"-0.024","0.039","0.977","5.38e-01",NA,NA,NA,7.93e-05
"CBLN2","Stem-cell-iPSC","DEP","Wald ratio",1,"-0.005","0.009","0.995","5.39e-01",NA,NA,NA,1.07e-06
"TBC1D9B","Stem-cell-iPSC","DEP","Wald ratio",1,"-0.009","0.014","0.991","5.39e-01",NA,NA,NA,0.001618151
"FAM234A","Stem-cell-iPSC","DEP","Wald ratio",1,"-0.006","0.010","0.994","5.39e-01",NA,NA,NA,5.42e-06
"TANC1","Stem-cell-iPSC","DEP","Wald ratio",1," 0.004","0.007","1.004","5.39e-01",NA,NA,NA,9.66e-06
"ZFYVE9P2","Stem-cell-iPSC","DEP","Wald ratio",1," 0.004","0.007","1.004","5.39e-01",NA,NA,NA,5.83e-06
"HMGA1P7","Stem-cell-iPSC","DEP","Wald ratio",1," 0.004","0.006","1.004","5.39e-01",NA,NA,NA,0.001895382
"SPTSSB","Stem-cell-iPSC","DEP","Wald ratio",1,"-0.030","0.048","0.971","5.40e-01",NA,NA,NA,0.004499428
"TBC1D22A","Stem-cell-iPSC","DEP","Wald ratio",1," 0.012","0.019","1.012","5.40e-01",NA,NA,NA,0.000142817
"CEBPE","Stem-cell-iPSC","DEP","Wald ratio",1,"-0.005","0.008","0.995","5.40e-01",NA,NA,NA,6.52e-07
"TEKT3","Stem-cell-iPSC","DEP","Wald ratio",1,"-0.011","0.018","0.989","5.40e-01",NA,NA,NA,0.00071106
"RPS6KB1","Stem-cell-iPSC","DEP","Wald ratio",1,"-0.005","0.008","0.995","5.41e-01",NA,NA,NA,7.03e-06
"ARHGEF10","Stem-cell-iPSC","DEP","Wald ratio",1,"-0.011","0.018","0.989","5.43e-01",NA,NA,NA,0.000276574
"CDKAL1","Stem-cell-iPSC","DEP","Wald ratio",1,"-0.011","0.018","0.989","5.44e-01",NA,NA,NA,1.11e-05
"CD81-AS1","Stem-cell-iPSC","DEP","Wald ratio",1,"-0.015","0.025","0.985","5.44e-01",NA,NA,NA,8.91e-06
"CNTN3","Stem-cell-iPSC","DEP","Wald ratio",1,"-0.003","0.006","0.997","5.45e-01",NA,NA,NA,0.002573705
"RGCC","Stem-cell-iPSC","DEP","Wald ratio",1," 0.008","0.014","1.008","5.46e-01",NA,NA,NA,1.41e-05
"RPL23AP22","Stem-cell-iPSC","DEP","Wald ratio",1," 0.010","0.016","1.010","5.46e-01",NA,NA,NA,0.002579038
"HEPACAM","Stem-cell-iPSC","DEP","Wald ratio",1," 0.011","0.018","1.011","5.46e-01",NA,NA,NA,0.00063932
"LINC01267","Stem-cell-iPSC","DEP","Wald ratio",1," 0.004","0.007","1.004","5.46e-01",NA,NA,NA,0.002706284
"KLHL31","Stem-cell-iPSC","DEP","Wald ratio",1,"-0.013","0.021","0.987","5.47e-01",NA,NA,NA,1.89e-05
"CDK14","Stem-cell-iPSC","DEP","Weighted mode",3," 0.005","0.007","1.005","5.47e-01",0.596416741,0.740180787,0.671716372,0.000122123
"DLG2","Stem-cell-iPSC","DEP","Inverse variance weighted",4,"-0.003","0.005","0.997","5.48e-01",0.375791626,0.575320312,0.881374486,0.000220553
"SOX2-OT","Stem-cell-iPSC","DEP","Wald ratio",1,"-0.004","0.007","0.996","5.49e-01",NA,NA,NA,1.08e-06
"C2orf40","Stem-cell-iPSC","DEP","Wald ratio",1,"-0.010","0.016","0.990","5.49e-01",NA,NA,NA,0.002580716
"PRKD1","Stem-cell-iPSC","DEP","Wald ratio",1," 0.004","0.007","1.004","5.54e-01",NA,NA,NA,6.73e-06
"SYTL3","Stem-cell-iPSC","DEP","Wald ratio",1," 0.009","0.015","1.009","5.54e-01",NA,NA,NA,0.000537933
"FRMD4A","Stem-cell-iPSC","DEP","Inverse variance weighted",3,"-0.006","0.010","0.994","5.54e-01",0.216832214,0.35167281,0.651956722,2.12e-05
"ZMIZ1-AS1","Stem-cell-iPSC","DEP","Wald ratio",1,"-0.009","0.015","0.991","5.55e-01",NA,NA,NA,0.002610214
"CBX5","Stem-cell-iPSC","DEP","Wald ratio",1," 0.009","0.015","1.009","5.55e-01",NA,NA,NA,3.1e-05
"SEMA3D","Stem-cell-iPSC","DEP","Wald ratio",1," 0.007","0.012","1.007","5.55e-01",NA,NA,NA,6.69e-06
"SPOCK1","Stem-cell-iPSC","DEP","Wald ratio",1,"-0.009","0.016","0.991","5.55e-01",NA,NA,NA,9.36e-05
"OLFML3","Stem-cell-iPSC","DEP","Inverse variance weighted",2,"-0.009","0.016","0.991","5.56e-01",NA,0.112540381,NA,0.002955491
"PDE4D","Stem-cell-iPSC","DEP","Wald ratio",1,"-0.004","0.007","0.996","5.57e-01",NA,NA,NA,2.64e-05
"F3","Stem-cell-iPSC","DEP","Wald ratio",1,"-0.023","0.040","0.977","5.58e-01",NA,NA,NA,0.00341477
"CDH4","Stem-cell-iPSC","DEP","Inverse variance weighted",2," 0.006","0.010","1.006","5.59e-01",NA,0.334342801,NA,0.002214497
"LRP1B","Stem-cell-iPSC","DEP","Inverse variance weighted",2,"-0.012","0.021","0.988","5.59e-01",NA,0.029918113,NA,4.25e-05
"LGI1","Stem-cell-iPSC","DEP","Wald ratio",1,"-0.011","0.018","0.989","5.61e-01",NA,NA,NA,0.000889017
"SSUH2","Stem-cell-iPSC","DEP","Wald ratio",1,"-0.004","0.007","0.996","5.61e-01",NA,NA,NA,2.41e-06
"KCNG4","Stem-cell-iPSC","DEP","Wald ratio",1," 0.004","0.007","1.004","5.61e-01",NA,NA,NA,7.21e-06
"SNRPFP3","Stem-cell-iPSC","DEP","Wald ratio",1,"-0.008","0.014","0.992","5.63e-01",NA,NA,NA,7.03e-06
"LMCD1-AS1","Stem-cell-iPSC","DEP","MR Egger",3,"-0.014","0.017","0.986","5.64e-01",0.492826425,0.655247615,0.650147392,0.002433516
"LINC01500","Stem-cell-iPSC","DEP","Wald ratio",1,"-0.014","0.024","0.986","5.68e-01",NA,NA,NA,1.76e-05
"RNU6-329P","Stem-cell-iPSC","DEP","Wald ratio",1,"-0.015","0.027","0.985","5.68e-01",NA,NA,NA,0.000140689
"PTPRG","Stem-cell-iPSC","DEP","Inverse variance weighted",2,"-0.005","0.008","0.995","5.68e-01",NA,0.508146835,NA,0.000346148
"OR7A5","Stem-cell-iPSC","DEP","Wald ratio",1," 0.004","0.007","1.004","5.70e-01",NA,NA,NA,5.29e-07
"FOXF2","Stem-cell-iPSC","DEP","Wald ratio",1,"-0.003","0.006","0.997","5.70e-01",NA,NA,NA,0.002577881
"DBIP1","Stem-cell-iPSC","DEP","Wald ratio",1," 0.003","0.006","1.003","5.70e-01",NA,NA,NA,0.002577724
"PTPRD","Stem-cell-iPSC","DEP","Inverse variance weighted",3,"-0.003","0.005","0.997","5.70e-01",0.33554882,0.487182432,0.604940749,0.000809505
"RNY1P1","Stem-cell-iPSC","DEP","Wald ratio",1," 0.018","0.031","1.018","5.71e-01",NA,NA,NA,0.005234733
"OSBP2","Stem-cell-iPSC","DEP","Wald ratio",1," 0.011","0.020","1.012","5.72e-01",NA,NA,NA,6.93e-06
"GAPDHP16","Stem-cell-iPSC","DEP","Wald ratio",1,"-0.004","0.007","0.996","5.73e-01",NA,NA,NA,1.4e-06
"ERC2","Stem-cell-iPSC","DEP","Inverse variance weighted",2," 0.005","0.010","1.005","5.73e-01",NA,0.018514116,NA,1.37e-05
"RASGEF1B","Stem-cell-iPSC","DEP","Wald ratio",1,"-0.010","0.018","0.990","5.75e-01",NA,NA,NA,6.86e-05
"MTND5P15","Stem-cell-iPSC","DEP","Wald ratio",1," 0.004","0.008","1.004","5.77e-01",NA,NA,NA,0.003026925
"NDUFB5P1","Stem-cell-iPSC","DEP","Inverse variance weighted",2,"-0.005","0.008","0.995","5.77e-01",NA,0.960509654,NA,1.47e-05
"NHLH2","Stem-cell-iPSC","DEP","Wald ratio",1," 0.007","0.013","1.007","5.79e-01",NA,NA,NA,8.92e-05
"RERGL","Stem-cell-iPSC","DEP","Wald ratio",1," 0.005","0.008","1.005","5.79e-01",NA,NA,NA,1.43e-06
"RABL3","Stem-cell-iPSC","DEP","Wald ratio",1," 0.004","0.008","1.004","5.80e-01",NA,NA,NA,1.09e-06
"KLHL29","Stem-cell-iPSC","DEP","Wald ratio",1," 0.007","0.012","1.007","5.81e-01",NA,NA,NA,2.62e-06
"NUS1P3","Stem-cell-iPSC","DEP","Wald ratio",1," 0.013","0.023","1.013","5.84e-01",NA,NA,NA,0.00208642
"KRTAP5-8","Stem-cell-iPSC","DEP","Wald ratio",1,"-0.007","0.012","0.993","5.85e-01",NA,NA,NA,8.39e-06
"BMP6","Stem-cell-iPSC","DEP","Wald ratio",1,"-0.008","0.015","0.992","5.85e-01",NA,NA,NA,0.002545571
"GLI3","Stem-cell-iPSC","DEP","Wald ratio",1,"-0.003","0.006","0.997","5.85e-01",NA,NA,NA,1.55e-05
"PHGDH","Stem-cell-iPSC","DEP","Wald ratio",1,"-0.019","0.035","0.981","5.85e-01",NA,NA,NA,0.002545571
"CCDC6","Stem-cell-iPSC","DEP","Wald ratio",1," 0.007","0.012","1.007","5.85e-01",NA,NA,NA,0.000189045
"LRP2","Stem-cell-iPSC","DEP","Wald ratio",1," 0.004","0.007","1.004","5.85e-01",NA,NA,NA,2.85e-06
"NOL10","Stem-cell-iPSC","DEP","Wald ratio",1,"-0.010","0.019","0.990","5.85e-01",NA,NA,NA,0.00254536
"OSBPL10","Stem-cell-iPSC","DEP","Inverse variance weighted",3,"-0.007","0.012","0.993","5.86e-01",0.00667443,0.00453581,0.618510201,0.004650312
"VTCN1","Stem-cell-iPSC","DEP","Wald ratio",1,"-0.009","0.016","0.991","5.87e-01",NA,NA,NA,0.000337898
"ERBB4","Stem-cell-iPSC","DEP","Inverse variance weighted",2," 0.013","0.024","1.013","5.87e-01",NA,4.25e-06,NA,0.000130012
"TCERG1L","Stem-cell-iPSC","DEP","Wald ratio",1," 0.012","0.023","1.012","5.88e-01",NA,NA,NA,0.00063453
"ARHGEF26","Stem-cell-iPSC","DEP","Wald ratio",1," 0.006","0.010","1.006","5.88e-01",NA,NA,NA,5.37e-06
"ADGRB3","Stem-cell-iPSC","DEP","Wald ratio",1," 0.010","0.019","1.010","5.88e-01",NA,NA,NA,2.95e-05
"DAOA-AS1","Stem-cell-iPSC","DEP","Wald ratio",1," 0.017","0.032","1.017","5.88e-01",NA,NA,NA,0.00276963
"IL21R","Stem-cell-iPSC","DEP","Wald ratio",1,"-0.005","0.010","0.995","5.89e-01",NA,NA,NA,1.4e-06
"URB1-AS1","Stem-cell-iPSC","DEP","Wald ratio",1," 0.006","0.011","1.006","5.93e-01",NA,NA,NA,6.06e-06
"EBF1","Stem-cell-iPSC","DEP","Wald ratio",1," 0.004","0.007","1.004","5.93e-01",NA,NA,NA,1.88e-06
"MMP20","Stem-cell-iPSC","DEP","Wald ratio",1," 0.010","0.019","1.010","5.93e-01",NA,NA,NA,0.002473462
"TRIO","Stem-cell-iPSC","DEP","Wald ratio",1,"-0.008","0.016","0.992","5.93e-01",NA,NA,NA,0.001166372
"C10orf35","Stem-cell-iPSC","DEP","Wald ratio",1," 0.003","0.006","1.003","5.93e-01",NA,NA,NA,0.001305958
"BUD13","Stem-cell-iPSC","DEP","Wald ratio",1," 0.003","0.005","1.003","5.93e-01",NA,NA,NA,0.000416499
"AOX1","Stem-cell-iPSC","DEP","Wald ratio",1,"-0.003","0.006","0.997","5.94e-01",NA,NA,NA,0.002429664
"LRRC1","Stem-cell-iPSC","DEP","Wald ratio",1,"-0.004","0.007","0.996","5.94e-01",NA,NA,NA,1.43e-05
"DPYS","Stem-cell-iPSC","DEP","Wald ratio",1,"-0.006","0.012","0.994","5.94e-01",NA,NA,NA,2.99e-06
"RUNX1","Stem-cell-iPSC","DEP","Wald ratio",1,"-0.004","0.007","0.996","5.94e-01",NA,NA,NA,1.19e-06
"COX10-AS1","Stem-cell-iPSC","DEP","Wald ratio",1,"-0.008","0.014","0.993","5.95e-01",NA,NA,NA,1.16e-05
"GRIN2B","Stem-cell-iPSC","DEP","Simple mode",3,"-0.008","0.012","0.992","5.95e-01",0.370320371,0.647835135,0.840320153,1.02e-05
"PDE1B","Stem-cell-iPSC","DEP","Wald ratio",1,"-0.007","0.012","0.993","5.96e-01",NA,NA,NA,0.002662937
"C1orf216","Stem-cell-iPSC","DEP","Wald ratio",1," 0.012","0.022","1.012","5.96e-01",NA,NA,NA,7.18e-06
"ADAMTS9-AS2","Stem-cell-iPSC","DEP","Wald ratio",1," 0.006","0.010","1.006","5.97e-01",NA,NA,NA,5.24e-06
"RPL7","Stem-cell-iPSC","DEP","Wald ratio",1,"-0.007","0.014","0.993","5.98e-01",NA,NA,NA,0.00024276
"F11-AS1","Stem-cell-iPSC","DEP","Wald ratio",1,"-0.012","0.022","0.988","5.99e-01",NA,NA,NA,0.00045707
"PTP4A1P4","Stem-cell-iPSC","DEP","Inverse variance weighted",2," 0.005","0.010","1.005","6.00e-01",NA,0.177272008,NA,0.000448633
"LINC00698","Stem-cell-iPSC","DEP","Wald ratio",1," 0.003","0.006","1.003","6.01e-01",NA,NA,NA,1.73e-05
"PKN2-AS1","Stem-cell-iPSC","DEP","Wald ratio",1,"-0.007","0.013","0.993","6.01e-01",NA,NA,NA,0.000259355
"SMYD1","Stem-cell-iPSC","DEP","Wald ratio",1," 0.003","0.006","1.003","6.01e-01",NA,NA,NA,0.002424398
"FRMD4A","Stem-cell-iPSC","DEP","Weighted median",3,"-0.006","0.011","0.994","6.01e-01",0.216832214,0.35167281,0.651956722,2.12e-05
"RNU6-765P","Stem-cell-iPSC","DEP","Wald ratio",1," 0.003","0.007","1.003","6.02e-01",NA,NA,NA,0.000346336
"ZNF611","Stem-cell-iPSC","DEP","Wald ratio",1," 0.004","0.007","1.004","6.02e-01",NA,NA,NA,7.22e-06
"JAKMIP3","Stem-cell-iPSC","DEP","Wald ratio",1,"-0.003","0.006","0.997","6.02e-01",NA,NA,NA,0.002596023
"TMEM44","Stem-cell-iPSC","DEP","Wald ratio",1," 0.008","0.015","1.008","6.02e-01",NA,NA,NA,0.000765978
"DTWD1","Stem-cell-iPSC","DEP","Wald ratio",1," 0.005","0.009","1.005","6.03e-01",NA,NA,NA,8.59e-07
"FHDC1","Stem-cell-iPSC","DEP","Wald ratio",1," 0.005","0.009","1.005","6.04e-01",NA,NA,NA,1.46e-06
"NEK11","Stem-cell-iPSC","DEP","Wald ratio",1," 0.010","0.019","1.010","6.04e-01",NA,NA,NA,0.003055186
"CECR5-AS1","Stem-cell-iPSC","DEP","Wald ratio",1,"-0.009","0.017","0.991","6.06e-01",NA,NA,NA,3.64e-05
"TSPAN9","Stem-cell-iPSC","DEP","Wald ratio",1,"-0.005","0.011","0.995","6.07e-01",NA,NA,NA,6.31e-06
"PRKG1","Stem-cell-iPSC","DEP","Weighted mode",3," 0.005","0.008","1.005","6.08e-01",0.699559709,0.645353217,0.550532924,7.35e-06
"GRAMD4","Stem-cell-iPSC","DEP","Wald ratio",1," 0.014","0.027","1.014","6.09e-01",NA,NA,NA,1.35e-05
"LINC00886","Stem-cell-iPSC","DEP","Wald ratio",1,"-0.003","0.006","0.997","6.09e-01",NA,NA,NA,1.34e-05
"FAM216B","Stem-cell-iPSC","DEP","Wald ratio",1," 0.008","0.015","1.008","6.09e-01",NA,NA,NA,0.002443653
"PPFIBP2","Stem-cell-iPSC","DEP","Wald ratio",1," 0.003","0.007","1.003","6.09e-01",NA,NA,NA,8.17e-06
"FGD3","Stem-cell-iPSC","DEP","Wald ratio",1,"-0.007","0.015","0.993","6.09e-01",NA,NA,NA,0.000926546
"IGFBP7","Stem-cell-iPSC","DEP","Wald ratio",1," 0.012","0.023","1.012","6.09e-01",NA,NA,NA,0.00027235
"SLC26A4-AS1","Stem-cell-iPSC","DEP","Wald ratio",1,"-0.004","0.007","0.996","6.10e-01",NA,NA,NA,1.29e-06
"PPARGC1A","Stem-cell-iPSC","DEP","Wald ratio",1,"-0.004","0.007","0.996","6.10e-01",NA,NA,NA,0.002098208
"PRKG1","Stem-cell-iPSC","DEP","Weighted median",3," 0.004","0.008","1.004","6.10e-01",0.699559709,0.645353217,0.550532924,7.35e-06
"FAM189A1","Stem-cell-iPSC","DEP","Wald ratio",1,"-0.004","0.008","0.996","6.10e-01",NA,NA,NA,1.27e-06
"DOCK5","Stem-cell-iPSC","DEP","Wald ratio",1," 0.004","0.007","1.004","6.11e-01",NA,NA,NA,0.002284273
"PDE11A","Stem-cell-iPSC","DEP","Wald ratio",1," 0.013","0.025","1.013","6.11e-01",NA,NA,NA,0.003443754
"MAP3K9","Stem-cell-iPSC","DEP","Wald ratio",1," 0.005","0.010","1.005","6.12e-01",NA,NA,NA,2.99e-06
"RIMS1","Stem-cell-iPSC","DEP","Wald ratio",1,"-0.007","0.013","0.993","6.17e-01",NA,NA,NA,7.47e-06
"EFNA5","Stem-cell-iPSC","DEP","Wald ratio",1," 0.004","0.008","1.004","6.17e-01",NA,NA,NA,0.000351135
"RALYL","Stem-cell-iPSC","DEP","Wald ratio",1,"-0.004","0.007","0.996","6.17e-01",NA,NA,NA,1.63e-05
"PTPN14","Stem-cell-iPSC","DEP","Wald ratio",1," 0.005","0.011","1.005","6.17e-01",NA,NA,NA,2.12e-06
"PIP4K2A","Stem-cell-iPSC","DEP","Wald ratio",1,"-0.004","0.007","0.996","6.17e-01",NA,NA,NA,5.13e-06
"TTLL11","Stem-cell-iPSC","DEP","Wald ratio",1," 0.006","0.013","1.006","6.17e-01",NA,NA,NA,1.65e-06
"MAGI2","Stem-cell-iPSC","DEP","Simple mode",4," 0.005","0.008","1.005","6.19e-01",0.010588684,0.022398552,0.773143163,0.00047868
"SCARA5","Stem-cell-iPSC","DEP","Inverse variance weighted",2,"-0.004","0.009","0.996","6.20e-01",NA,0.16004221,NA,4.42e-05
"THRAP3P1","Stem-cell-iPSC","DEP","Wald ratio",1," 0.011","0.022","1.011","6.23e-01",NA,NA,NA,0.00098523
"PRMT8","Stem-cell-iPSC","DEP","Wald ratio",1,"-0.009","0.018","0.991","6.23e-01",NA,NA,NA,6.48e-05
"RSL24D1P4","Stem-cell-iPSC","DEP","Wald ratio",1," 0.008","0.017","1.008","6.25e-01",NA,NA,NA,0.002417229
"DAB1","Stem-cell-iPSC","DEP","Wald ratio",1," 0.008","0.016","1.008","6.25e-01",NA,NA,NA,0.002528411
"DHRS7B","Stem-cell-iPSC","DEP","Wald ratio",1,"-0.008","0.016","0.992","6.25e-01",NA,NA,NA,0.002501549
"AHCYL2","Stem-cell-iPSC","DEP","Wald ratio",1," 0.007","0.014","1.007","6.25e-01",NA,NA,NA,0.000505183
"SLC47A1","Stem-cell-iPSC","DEP","Wald ratio",1," 0.005","0.011","1.005","6.25e-01",NA,NA,NA,2.11e-06
"TDGF1P4","Stem-cell-iPSC","DEP","Wald ratio",1,"-0.006","0.012","0.994","6.25e-01",NA,NA,NA,5.77e-06
"RNU6-546P","Stem-cell-iPSC","DEP","Wald ratio",1,"-0.006","0.012","0.994","6.25e-01",NA,NA,NA,0.000853928
"LEP","Stem-cell-iPSC","DEP","Wald ratio",1,"-0.005","0.011","0.995","6.25e-01",NA,NA,NA,1.67e-05
"RN7SKP181","Stem-cell-iPSC","DEP","Wald ratio",1,"-0.003","0.006","0.997","6.25e-01",NA,NA,NA,3.82e-06
"PRKG1","Stem-cell-iPSC","DEP","Inverse variance weighted",3," 0.003","0.007","1.003","6.27e-01",0.699559709,0.645353217,0.550532924,7.35e-06
"CNOT6LP1","Stem-cell-iPSC","DEP","Wald ratio",1," 0.017","0.035","1.017","6.27e-01",NA,NA,NA,3.12e-05
"PPP1R21","Stem-cell-iPSC","DEP","Wald ratio",1," 0.011","0.022","1.011","6.28e-01",NA,NA,NA,1.41e-05
"KIAA1217","Stem-cell-iPSC","DEP","Inverse variance weighted",2,"-0.003","0.006","0.997","6.30e-01",NA,0.578150433,NA,2.4e-05
"BCAR1","Stem-cell-iPSC","DEP","Wald ratio",1,"-0.007","0.015","0.993","6.30e-01",NA,NA,NA,1.65e-05
"CWC22","Stem-cell-iPSC","DEP","Wald ratio",1,"-0.007","0.015","0.993","6.30e-01",NA,NA,NA,0.00030087
"ATG2B","Stem-cell-iPSC","DEP","Wald ratio",1,"-0.004","0.008","0.996","6.31e-01",NA,NA,NA,2.99e-05
"HMCN1","Stem-cell-iPSC","DEP","Wald ratio",1," 0.003","0.007","1.003","6.31e-01",NA,NA,NA,3.71e-06
"FRY","Stem-cell-iPSC","DEP","Wald ratio",1,"-0.004","0.009","0.996","6.31e-01",NA,NA,NA,2.81e-06
"PUM3","Stem-cell-iPSC","DEP","Wald ratio",1,"-0.003","0.006","0.997","6.31e-01",NA,NA,NA,0.000511103
"PQLC2L","Stem-cell-iPSC","DEP","Wald ratio",1,"-0.007","0.014","0.993","6.32e-01",NA,NA,NA,0.002152864
"CATSPERB","Stem-cell-iPSC","DEP","Wald ratio",1," 0.007","0.015","1.007","6.32e-01",NA,NA,NA,1.03e-05
"LINC00399","Stem-cell-iPSC","DEP","Wald ratio",1," 0.004","0.007","1.004","6.33e-01",NA,NA,NA,2.52e-06
"GC","Stem-cell-iPSC","DEP","Wald ratio",1," 0.003","0.007","1.003","6.33e-01",NA,NA,NA,1.04e-06
"ENPP6","Stem-cell-iPSC","DEP","Wald ratio",1,"-0.008","0.016","0.992","6.33e-01",NA,NA,NA,0.000900524
"TMEM229B","Stem-cell-iPSC","DEP","Wald ratio",1," 0.007","0.015","1.007","6.33e-01",NA,NA,NA,1.62e-05
"LINC01115","Stem-cell-iPSC","DEP","Wald ratio",1," 0.006","0.012","1.006","6.33e-01",NA,NA,NA,1.69e-05
"FER1L6-AS2","Stem-cell-iPSC","DEP","Wald ratio",1," 0.009","0.019","1.009","6.34e-01",NA,NA,NA,9.03e-06
"HTRA1","Stem-cell-iPSC","DEP","Wald ratio",1," 0.007","0.016","1.007","6.40e-01",NA,NA,NA,6.42e-06
"JPH1","Stem-cell-iPSC","DEP","Wald ratio",1," 0.006","0.014","1.006","6.41e-01",NA,NA,NA,3.88e-05
"XCL1","Stem-cell-iPSC","DEP","Wald ratio",1," 0.006","0.013","1.006","6.41e-01",NA,NA,NA,9.98e-06
"TMEM117","Stem-cell-iPSC","DEP","Wald ratio",1,"-0.004","0.010","0.996","6.41e-01",NA,NA,NA,6.69e-05
"TTC27","Stem-cell-iPSC","DEP","Wald ratio",1,"-0.010","0.021","0.990","6.42e-01",NA,NA,NA,1.45e-05
"MLLT3","Stem-cell-iPSC","DEP","Wald ratio",1," 0.012","0.026","1.012","6.42e-01",NA,NA,NA,8.4e-06
"HSPA12A","Stem-cell-iPSC","DEP","Wald ratio",1," 0.018","0.038","1.018","6.43e-01",NA,NA,NA,0.002995098
"LAMA2","Stem-cell-iPSC","DEP","Wald ratio",1," 0.007","0.014","1.007","6.44e-01",NA,NA,NA,1.92e-06
"ZDHHC14","Stem-cell-iPSC","DEP","Wald ratio",1," 0.004","0.009","1.004","6.45e-01",NA,NA,NA,3.82e-06
"HSPE1P10","Stem-cell-iPSC","DEP","Wald ratio",1,"-0.007","0.016","0.993","6.47e-01",NA,NA,NA,7.17e-06
"CUBN","Stem-cell-iPSC","DEP","Wald ratio",1," 0.003","0.007","1.003","6.48e-01",NA,NA,NA,3.3e-06
"C2orf88","Stem-cell-iPSC","DEP","Wald ratio",1," 0.003","0.007","1.003","6.48e-01",NA,NA,NA,0.001077409
"KCNQ3","Stem-cell-iPSC","DEP","Inverse variance weighted",3," 0.002","0.005","1.002","6.49e-01",0.797201608,0.905776087,0.778227706,2.49e-06
"CEP78","Stem-cell-iPSC","DEP","Wald ratio",1," 0.007","0.015","1.007","6.49e-01",NA,NA,NA,0.001673211
"RNU6-991P","Stem-cell-iPSC","DEP","Wald ratio",1," 0.008","0.018","1.008","6.49e-01",NA,NA,NA,7.15e-06
"LINC00222","Stem-cell-iPSC","DEP","Wald ratio",1," 0.006","0.013","1.006","6.49e-01",NA,NA,NA,8.74e-05
"C1orf106","Stem-cell-iPSC","DEP","Wald ratio",1," 0.003","0.007","1.003","6.49e-01",NA,NA,NA,0.001774226
"RIN2","Stem-cell-iPSC","DEP","Wald ratio",1," 0.003","0.006","1.003","6.49e-01",NA,NA,NA,2.17e-06
"LMCD1-AS1","Stem-cell-iPSC","DEP","Simple mode",3,"-0.006","0.011","0.994","6.51e-01",0.492826425,0.655247615,0.650147392,0.002433516
"GALNTL5","Stem-cell-iPSC","DEP","Wald ratio",1," 0.011","0.024","1.011","6.52e-01",NA,NA,NA,1.84e-05
"TCP11L2","Stem-cell-iPSC","DEP","Wald ratio",1," 0.006","0.013","1.006","6.52e-01",NA,NA,NA,0.000269655
"LINC01280","Stem-cell-iPSC","DEP","Wald ratio",1,"-0.006","0.013","0.994","6.52e-01",NA,NA,NA,0.000193476
"SMYD2","Stem-cell-iPSC","DEP","Wald ratio",1,"-0.003","0.008","0.997","6.53e-01",NA,NA,NA,3.02e-06
"C1orf141","Stem-cell-iPSC","DEP","Wald ratio",1," 0.011","0.024","1.011","6.53e-01",NA,NA,NA,0.002448281
"RNU6-380P","Stem-cell-iPSC","DEP","Wald ratio",1,"-0.007","0.017","0.993","6.53e-01",NA,NA,NA,1.63e-05
"LSAMP","Stem-cell-iPSC","DEP","Inverse variance weighted",2," 0.005","0.012","1.005","6.55e-01",NA,0.249637858,NA,0.002983689
"CES5A","Stem-cell-iPSC","DEP","Wald ratio",1," 0.003","0.006","1.003","6.55e-01",NA,NA,NA,0.000308215
"AKTIP","Stem-cell-iPSC","DEP","Wald ratio",1,"-0.005","0.012","0.995","6.55e-01",NA,NA,NA,2.03e-06
"TP63","Stem-cell-iPSC","DEP","Wald ratio",1,"-0.007","0.015","0.993","6.55e-01",NA,NA,NA,0.000618106
"RPS15AP5","Stem-cell-iPSC","DEP","Wald ratio",1," 0.012","0.028","1.013","6.57e-01",NA,NA,NA,0.002665942
"COL26A1","Stem-cell-iPSC","DEP","Wald ratio",1," 0.003","0.006","1.003","6.57e-01",NA,NA,NA,2.79e-06
"DDX10","Stem-cell-iPSC","DEP","Wald ratio",1,"-0.003","0.006","0.997","6.57e-01",NA,NA,NA,0.002476665
"BEGAIN","Stem-cell-iPSC","DEP","Wald ratio",1," 0.008","0.017","1.008","6.57e-01",NA,NA,NA,0.000280449
"SLC9A9","Stem-cell-iPSC","DEP","Wald ratio",1," 0.007","0.015","1.007","6.57e-01",NA,NA,NA,8.11e-06
"MAGI2","Stem-cell-iPSC","DEP","MR Egger",4,"-0.015","0.030","0.985","6.58e-01",0.010588684,0.022398552,0.773143163,0.00047868
"TYW1","Stem-cell-iPSC","DEP","Wald ratio",1," 0.024","0.054","1.024","6.58e-01",NA,NA,NA,0.002857833
"TENM4","Stem-cell-iPSC","DEP","Weighted mode",3," 0.003","0.006","1.003","6.58e-01",0.461091708,0.758971969,0.942030726,4.26e-05
"PRSS37","Stem-cell-iPSC","DEP","Wald ratio",1," 0.003","0.006","1.003","6.59e-01",NA,NA,NA,6.1e-06
"GRIA4","Stem-cell-iPSC","DEP","Wald ratio",1," 0.005","0.012","1.005","6.59e-01",NA,NA,NA,7.26e-06
"CLVS1","Stem-cell-iPSC","DEP","Wald ratio",1,"-0.006","0.015","0.994","6.59e-01",NA,NA,NA,0.001371402
"TPT1-AS1","Stem-cell-iPSC","DEP","Wald ratio",1,"-0.003","0.006","0.997","6.59e-01",NA,NA,NA,2.94e-06
"RPTOR","Stem-cell-iPSC","DEP","Inverse variance weighted",2," 0.003","0.006","1.003","6.59e-01",NA,0.899419997,NA,0.000747847
"GFRA4","Stem-cell-iPSC","DEP","Wald ratio",1,"-0.009","0.020","0.991","6.59e-01",NA,NA,NA,0.003238589
"RPH3AL","Stem-cell-iPSC","DEP","Wald ratio",1,"-0.003","0.007","0.997","6.60e-01",NA,NA,NA,0.000199581
"CACUL1","Stem-cell-iPSC","DEP","Wald ratio",1," 0.003","0.006","1.003","6.62e-01",NA,NA,NA,0.001115002
"NXPH1","Stem-cell-iPSC","DEP","Wald ratio",1,"-0.009","0.020","0.991","6.62e-01",NA,NA,NA,4.92e-06
"AHNAK","Stem-cell-iPSC","DEP","Wald ratio",1," 0.010","0.022","1.010","6.63e-01",NA,NA,NA,0.002724667
"LSM11","Stem-cell-iPSC","DEP","Wald ratio",1,"-0.004","0.010","0.996","6.64e-01",NA,NA,NA,1.89e-06
"PRPF4B","Stem-cell-iPSC","DEP","Wald ratio",1,"-0.003","0.007","0.997","6.64e-01",NA,NA,NA,1.05e-05
"ZNF391","Stem-cell-iPSC","DEP","Wald ratio",1," 0.009","0.020","1.009","6.66e-01",NA,NA,NA,6.58e-05
"FAM49A","Stem-cell-iPSC","DEP","Wald ratio",1,"-0.006","0.013","0.994","6.66e-01",NA,NA,NA,6.74e-06
"PTPRD","Stem-cell-iPSC","DEP","Weighted median",3,"-0.002","0.005","0.998","6.67e-01",0.33554882,0.487182432,0.604940749,0.000809505
"MIR4704","Stem-cell-iPSC","DEP","Wald ratio",1,"-0.013","0.030","0.987","6.68e-01",NA,NA,NA,0.003433695
"DOCK4","Stem-cell-iPSC","DEP","Wald ratio",1," 0.004","0.008","1.004","6.70e-01",NA,NA,NA,6.98e-07
"RPL22P19","Stem-cell-iPSC","DEP","Wald ratio",1,"-0.005","0.011","0.995","6.71e-01",NA,NA,NA,1.99e-05
"PTPRQ","Stem-cell-iPSC","DEP","Inverse variance weighted",2,"-0.002","0.006","0.998","6.72e-01",NA,0.992856875,NA,2.91e-06
"HIF1AN","Stem-cell-iPSC","DEP","Wald ratio",1,"-0.003","0.008","0.997","6.72e-01",NA,NA,NA,2.35e-06
"RNY3P10","Stem-cell-iPSC","DEP","Wald ratio",1," 0.008","0.019","1.008","6.73e-01",NA,NA,NA,0.000650008
"KLRAP1","Stem-cell-iPSC","DEP","Wald ratio",1,"-0.004","0.009","0.996","6.73e-01",NA,NA,NA,1.9e-06
"THSD7B","Stem-cell-iPSC","DEP","Wald ratio",1," 0.005","0.012","1.005","6.73e-01",NA,NA,NA,2.13e-05
"CIDEA","Stem-cell-iPSC","DEP","Wald ratio",1," 0.007","0.018","1.007","6.74e-01",NA,NA,NA,4.25e-05
"RPL35AP12","Stem-cell-iPSC","DEP","Wald ratio",1,"-0.011","0.027","0.989","6.75e-01",NA,NA,NA,5.18e-05
"PIK3CG","Stem-cell-iPSC","DEP","Wald ratio",1,"-0.005","0.011","0.995","6.76e-01",NA,NA,NA,3.46e-06
"WDR31","Stem-cell-iPSC","DEP","Wald ratio",1,"-0.003","0.007","0.997","6.76e-01",NA,NA,NA,1.89e-06
"FRAS1","Stem-cell-iPSC","DEP","Wald ratio",1," 0.003","0.007","1.003","6.76e-01",NA,NA,NA,1.64e-06
"PLEKHG7","Stem-cell-iPSC","DEP","Wald ratio",1," 0.004","0.011","1.004","6.76e-01",NA,NA,NA,1.76e-05
"RNU4ATAC8P","Stem-cell-iPSC","DEP","Wald ratio",1," 0.003","0.007","1.003","6.76e-01",NA,NA,NA,0.000589826
"TET3","Stem-cell-iPSC","DEP","Wald ratio",1," 0.003","0.008","1.003","6.77e-01",NA,NA,NA,8.65e-07
"ANXA2","Stem-cell-iPSC","DEP","Wald ratio",1,"-0.004","0.008","0.996","6.77e-01",NA,NA,NA,0.000351769
"FAM83D","Stem-cell-iPSC","DEP","Wald ratio",1," 0.005","0.011","1.005","6.78e-01",NA,NA,NA,2.73e-06
"SP100","Stem-cell-iPSC","DEP","Wald ratio",1," 0.003","0.008","1.003","6.80e-01",NA,NA,NA,8.6e-06
"GRM8","Stem-cell-iPSC","DEP","Wald ratio",1," 0.003","0.007","1.003","6.80e-01",NA,NA,NA,1.26e-06
"ZXDC","Stem-cell-iPSC","DEP","Wald ratio",1,"-0.005","0.012","0.995","6.81e-01",NA,NA,NA,3.54e-06
"GLIS3","Stem-cell-iPSC","DEP","Wald ratio",1,"-0.003","0.007","0.997","6.82e-01",NA,NA,NA,1.58e-06
"TFEB","Stem-cell-iPSC","DEP","Wald ratio",1," 0.006","0.013","1.006","6.82e-01",NA,NA,NA,3.08e-05
"RALGAPA2","Stem-cell-iPSC","DEP","Wald ratio",1,"-0.005","0.012","0.995","6.82e-01",NA,NA,NA,1.74e-05
"ZDHHC20-IT1","Stem-cell-iPSC","DEP","Wald ratio",1,"-0.002","0.006","0.998","6.82e-01",NA,NA,NA,1.38e-05
"XXYLT1","Stem-cell-iPSC","DEP","Wald ratio",1,"-0.008","0.019","0.992","6.82e-01",NA,NA,NA,0.001512303
"WRN","Stem-cell-iPSC","DEP","Wald ratio",1," 0.003","0.006","1.003","6.82e-01",NA,NA,NA,1.01e-06
"PIP5K1B","Stem-cell-iPSC","DEP","Wald ratio",1," 0.003","0.008","1.003","6.83e-01",NA,NA,NA,2.05e-06
"PDIA5","Stem-cell-iPSC","DEP","Wald ratio",1," 0.003","0.008","1.003","6.84e-01",NA,NA,NA,1.75e-05
"TNFRSF10C","Stem-cell-iPSC","DEP","Wald ratio",1,"-0.004","0.009","0.996","6.84e-01",NA,NA,NA,3.29e-06
"FRMD4A","Stem-cell-iPSC","DEP","Weighted mode",3," 0.005","0.011","1.005","6.85e-01",0.216832214,0.35167281,0.651956722,2.12e-05
"SNRPEP8","Stem-cell-iPSC","DEP","Wald ratio",1,"-0.006","0.014","0.995","6.86e-01",NA,NA,NA,0.000153788
"SLC39A9","Stem-cell-iPSC","DEP","Wald ratio",1," 0.004","0.009","1.004","6.87e-01",NA,NA,NA,2.29e-06
"EMCN","Stem-cell-iPSC","DEP","Wald ratio",1," 0.004","0.009","1.004","6.87e-01",NA,NA,NA,0.002083786
"FEZ2","Stem-cell-iPSC","DEP","Wald ratio",1," 0.003","0.007","1.003","6.89e-01",NA,NA,NA,0.000352117
"CDH13","Stem-cell-iPSC","DEP","MR Egger",3," 0.054","0.101","1.055","6.90e-01",0.061709891,0.094836384,0.660061852,3.89e-05
"TENM4","Stem-cell-iPSC","DEP","Simple mode",3,"-0.003","0.007","0.997","6.90e-01",0.461091708,0.758971969,0.942030726,4.26e-05
"STAB2","Stem-cell-iPSC","DEP","Wald ratio",1," 0.003","0.007","1.003","6.93e-01",NA,NA,NA,1.14e-06
"GLRX3","Stem-cell-iPSC","DEP","Wald ratio",1,"-0.003","0.007","0.997","6.93e-01",NA,NA,NA,1.08e-05
"DPP10","Stem-cell-iPSC","DEP","Wald ratio",1,"-0.009","0.022","0.991","6.93e-01",NA,NA,NA,0.002296218
"SLC8A1","Stem-cell-iPSC","DEP","Wald ratio",1,"-0.005","0.012","0.995","6.93e-01",NA,NA,NA,5.79e-06
"ANKRD34C-AS1","Stem-cell-iPSC","DEP","Wald ratio",1," 0.006","0.015","1.006","6.93e-01",NA,NA,NA,0.001406143
"TENM2","Stem-cell-iPSC","DEP","Wald ratio",1,"-0.002","0.006","0.998","6.93e-01",NA,NA,NA,0.000101612
"TRIM35","Stem-cell-iPSC","DEP","Wald ratio",1,"-0.003","0.007","0.997","6.93e-01",NA,NA,NA,2.49e-06
"OSBPL10","Stem-cell-iPSC","DEP","MR Egger",3," 0.026","0.049","1.026","6.94e-01",0.00667443,0.00453581,0.618510201,0.004650312
"RPL7P33","Stem-cell-iPSC","DEP","Wald ratio",1,"-0.003","0.007","0.997","6.95e-01",NA,NA,NA,1.04e-05
"VIT","Stem-cell-iPSC","DEP","Wald ratio",1,"-0.002","0.006","0.998","6.96e-01",NA,NA,NA,0.00246944
"MATN2","Stem-cell-iPSC","DEP","Wald ratio",1," 0.007","0.019","1.007","6.96e-01",NA,NA,NA,0.002218836
"ARHGAP22","Stem-cell-iPSC","DEP","Wald ratio",1," 0.010","0.025","1.010","6.96e-01",NA,NA,NA,0.002476003
"PRDM9","Stem-cell-iPSC","DEP","Wald ratio",1," 0.010","0.026","1.010","6.96e-01",NA,NA,NA,5.66e-06
"GPATCH2L","Stem-cell-iPSC","DEP","Wald ratio",1," 0.011","0.028","1.011","6.97e-01",NA,NA,NA,0.003171206
"RPSAP12","Stem-cell-iPSC","DEP","Wald ratio",1," 0.004","0.009","1.004","6.97e-01",NA,NA,NA,4.1e-06
"RAI14","Stem-cell-iPSC","DEP","Wald ratio",1,"-0.003","0.009","0.997","6.97e-01",NA,NA,NA,6.04e-06
"C10orf107","Stem-cell-iPSC","DEP","Wald ratio",1,"-0.010","0.026","0.990","6.99e-01",NA,NA,NA,0.002360958
"TMCC2","Stem-cell-iPSC","DEP","Wald ratio",1," 0.003","0.007","1.003","6.99e-01",NA,NA,NA,2.6e-06
"LRRC8B","Stem-cell-iPSC","DEP","Wald ratio",1,"-0.003","0.007","0.997","6.99e-01",NA,NA,NA,9.38e-07
"TBX20","Stem-cell-iPSC","DEP","Wald ratio",1,"-0.007","0.019","0.993","6.99e-01",NA,NA,NA,0.001463825
"ADAM29","Stem-cell-iPSC","DEP","Wald ratio",1,"-0.010","0.027","0.990","7.01e-01",NA,NA,NA,4.41e-05
"RPS4XP7","Stem-cell-iPSC","DEP","Wald ratio",1," 0.002","0.006","1.002","7.02e-01",NA,NA,NA,9.91e-06
"OSTN","Stem-cell-iPSC","DEP","Wald ratio",1,"-0.003","0.007","0.997","7.02e-01",NA,NA,NA,2.08e-05
"FRMD4A","Stem-cell-iPSC","DEP","MR Egger",3," 0.028","0.057","1.028","7.07e-01",0.216832214,0.35167281,0.651956722,2.12e-05
"PHF2","Stem-cell-iPSC","DEP","Wald ratio",1," 0.007","0.018","1.007","7.08e-01",NA,NA,NA,3.39e-05
"SORCS2","Stem-cell-iPSC","DEP","Inverse variance weighted",2,"-0.002","0.005","0.998","7.08e-01",NA,0.528230373,NA,1.02e-05
"OVCH2","Stem-cell-iPSC","DEP","Wald ratio",1,"-0.003","0.009","0.997","7.09e-01",NA,NA,NA,0.003571346
"IGFN1","Stem-cell-iPSC","DEP","Wald ratio",1,"-0.017","0.045","0.983","7.09e-01",NA,NA,NA,0.003576388
"RN7SKP6","Stem-cell-iPSC","DEP","Wald ratio",1," 0.004","0.011","1.004","7.10e-01",NA,NA,NA,7.05e-06
"EIF1AD","Stem-cell-iPSC","DEP","Wald ratio",1,"-0.004","0.010","0.996","7.10e-01",NA,NA,NA,0.000100359
"KCNQ3","Stem-cell-iPSC","DEP","Weighted median",3," 0.002","0.006","1.002","7.13e-01",0.797201608,0.905776087,0.778227706,2.49e-06
"TPT1P2","Stem-cell-iPSC","DEP","Wald ratio",1," 0.004","0.010","1.004","7.13e-01",NA,NA,NA,3.78e-06
"LINC01198","Stem-cell-iPSC","DEP","Wald ratio",1," 0.008","0.023","1.008","7.13e-01",NA,NA,NA,1.9e-05
"SGCZ","Stem-cell-iPSC","DEP","Wald ratio",1,"-0.003","0.008","0.997","7.15e-01",NA,NA,NA,0.000245265
"KCNQ3","Stem-cell-iPSC","DEP","MR Egger",3," 0.009","0.018","1.009","7.15e-01",0.797201608,0.905776087,0.778227706,2.49e-06
"YBX1P6","Stem-cell-iPSC","DEP","Wald ratio",1,"-0.008","0.021","0.992","7.16e-01",NA,NA,NA,0.001068058
"IL7R","Stem-cell-iPSC","DEP","Wald ratio",1," 0.004","0.012","1.004","7.16e-01",NA,NA,NA,4.41e-06
"RNF144A","Stem-cell-iPSC","DEP","Wald ratio",1,"-0.005","0.014","0.995","7.16e-01",NA,NA,NA,8.34e-05
"RNU2-54P","Stem-cell-iPSC","DEP","Wald ratio",1,"-0.005","0.013","0.995","7.16e-01",NA,NA,NA,2.67e-05
"MAGI2","Stem-cell-iPSC","DEP","Weighted median",4,"-0.002","0.006","0.998","7.17e-01",0.010588684,0.022398552,0.773143163,0.00047868
"ADAMTS17","Stem-cell-iPSC","DEP","Inverse variance weighted",2," 0.003","0.009","1.003","7.18e-01",NA,0.081252379,NA,1.24e-05
"KIAA1429","Stem-cell-iPSC","DEP","Wald ratio",1," 0.005","0.014","1.005","7.19e-01",NA,NA,NA,8.95e-06
"MAGI3","Stem-cell-iPSC","DEP","Wald ratio",1,"-0.003","0.007","0.997","7.20e-01",NA,NA,NA,8.26e-06
"COG3","Stem-cell-iPSC","DEP","Wald ratio",1,"-0.008","0.021","0.992","7.22e-01",NA,NA,NA,1.1e-05
"FAM160A1","Stem-cell-iPSC","DEP","Wald ratio",1,"-0.005","0.013","0.995","7.22e-01",NA,NA,NA,4.62e-06
"LINC00504","Stem-cell-iPSC","DEP","Wald ratio",1," 0.002","0.007","1.002","7.22e-01",NA,NA,NA,0.002235471
"SYNPR","Stem-cell-iPSC","DEP","Wald ratio",1,"-0.007","0.019","0.994","7.27e-01",NA,NA,NA,0.000387029
"RPL7L1P9","Stem-cell-iPSC","DEP","Wald ratio",1,"-0.002","0.007","0.998","7.27e-01",NA,NA,NA,1.47e-06
"TBC1D5","Stem-cell-iPSC","DEP","Wald ratio",1," 0.003","0.007","1.003","7.27e-01",NA,NA,NA,6.55e-07
"THEMIS","Stem-cell-iPSC","DEP","Wald ratio",1,"-0.002","0.007","0.998","7.28e-01",NA,NA,NA,7.12e-06
"MIR1275","Stem-cell-iPSC","DEP","Wald ratio",1," 0.002","0.006","1.002","7.28e-01",NA,NA,NA,0.000882978
"LINC00968","Stem-cell-iPSC","DEP","Wald ratio",1," 0.003","0.008","1.003","7.29e-01",NA,NA,NA,1.54e-05
"AGAP1","Stem-cell-iPSC","DEP","Wald ratio",1," 0.003","0.007","1.003","7.29e-01",NA,NA,NA,1.49e-06
"ROR2","Stem-cell-iPSC","DEP","Inverse variance weighted",2," 0.002","0.006","1.002","7.30e-01",NA,0.821220181,NA,7.73e-05
"PRR5L","Stem-cell-iPSC","DEP","Inverse variance weighted",2," 0.010","0.028","1.010","7.31e-01",NA,0.063678603,NA,0.015094954
"PTMAP5","Stem-cell-iPSC","DEP","Inverse variance weighted",2," 0.006","0.017","1.006","7.32e-01",NA,0.011293173,NA,0.001945621
"MS4A6E","Stem-cell-iPSC","DEP","Wald ratio",1," 0.002","0.006","1.002","7.33e-01",NA,NA,NA,0.002321576
"LIMS1","Stem-cell-iPSC","DEP","Wald ratio",1,"-0.002","0.007","0.998","7.33e-01",NA,NA,NA,8.57e-07
"CEP128","Stem-cell-iPSC","DEP","Wald ratio",1," 0.002","0.006","1.002","7.33e-01",NA,NA,NA,1.39e-06
"C6orf89","Stem-cell-iPSC","DEP","Wald ratio",1," 0.002","0.007","1.002","7.34e-01",NA,NA,NA,2.88e-06
"EPHA5","Stem-cell-iPSC","DEP","Wald ratio",1,"-0.004","0.012","0.996","7.34e-01",NA,NA,NA,7.74e-06
"NFIA","Stem-cell-iPSC","DEP","Wald ratio",1,"-0.006","0.017","0.994","7.34e-01",NA,NA,NA,0.000208288
"PTPRO","Stem-cell-iPSC","DEP","Wald ratio",1,"-0.006","0.017","0.994","7.35e-01",NA,NA,NA,8.11e-06
"CACYBPP2","Stem-cell-iPSC","DEP","Wald ratio",1,"-0.003","0.009","0.997","7.39e-01",NA,NA,NA,3.03e-06
"PLD1","Stem-cell-iPSC","DEP","Wald ratio",1,"-0.004","0.012","0.996","7.39e-01",NA,NA,NA,5.25e-06
"ACTR3B","Stem-cell-iPSC","DEP","Wald ratio",1," 0.002","0.007","1.002","7.39e-01",NA,NA,NA,9.14e-07
"EPB41L3","Stem-cell-iPSC","DEP","Wald ratio",1," 0.005","0.015","1.005","7.39e-01",NA,NA,NA,0.00017296
"CHST11","Stem-cell-iPSC","DEP","Wald ratio",1," 0.005","0.014","1.005","7.39e-01",NA,NA,NA,4.23e-05
"DSTNP5","Stem-cell-iPSC","DEP","Wald ratio",1," 0.004","0.012","1.004","7.39e-01",NA,NA,NA,9.28e-06
"NEDD4L","Stem-cell-iPSC","DEP","Inverse variance weighted",2,"-0.002","0.006","0.998","7.40e-01",NA,0.824144462,NA,0.000478392
"ERAP1","Stem-cell-iPSC","DEP","Wald ratio",1," 0.005","0.016","1.005","7.43e-01",NA,NA,NA,7.69e-06
"LINC01091","Stem-cell-iPSC","DEP","Wald ratio",1,"-0.007","0.022","0.993","7.43e-01",NA,NA,NA,0.001963016
"ROBO1","Stem-cell-iPSC","DEP","Inverse variance weighted",2,"-0.003","0.008","0.997","7.43e-01",NA,0.092156459,NA,1.67e-05
"HERPUD2","Stem-cell-iPSC","DEP","Wald ratio",1," 0.003","0.008","1.003","7.43e-01",NA,NA,NA,4.62e-06
"LINC01448","Stem-cell-iPSC","DEP","Inverse variance weighted",2," 0.002","0.006","1.002","7.44e-01",NA,0.406912632,NA,1.62e-06
"BST1","Stem-cell-iPSC","DEP","Wald ratio",1," 0.003","0.008","1.003","7.44e-01",NA,NA,NA,0.00014643
"KANSL3","Stem-cell-iPSC","DEP","Wald ratio",1,"-0.006","0.019","0.994","7.44e-01",NA,NA,NA,0.002408331
"EEF1A1P27","Stem-cell-iPSC","DEP","Wald ratio",1,"-0.002","0.006","0.998","7.45e-01",NA,NA,NA,6.87e-05
"RN7SKP207","Stem-cell-iPSC","DEP","Wald ratio",1,"-0.005","0.014","0.995","7.45e-01",NA,NA,NA,0.000102317
"PAMR1","Stem-cell-iPSC","DEP","Wald ratio",1," 0.006","0.019","1.006","7.49e-01",NA,NA,NA,0.000614803
"SH3RF1","Stem-cell-iPSC","DEP","Wald ratio",1,"-0.005","0.017","0.995","7.50e-01",NA,NA,NA,2.71e-05
"P2RY14","Stem-cell-iPSC","DEP","Wald ratio",1," 0.009","0.028","1.009","7.50e-01",NA,NA,NA,7.4e-06
"QRSL1P1","Stem-cell-iPSC","DEP","Wald ratio",1," 0.002","0.006","1.002","7.50e-01",NA,NA,NA,1.28e-06
"LINC01040","Stem-cell-iPSC","DEP","Wald ratio",1," 0.002","0.007","1.002","7.50e-01",NA,NA,NA,9.23e-06
"WWTR1","Stem-cell-iPSC","DEP","Wald ratio",1,"-0.004","0.012","0.996","7.50e-01",NA,NA,NA,2.94e-05
"RPS2P48","Stem-cell-iPSC","DEP","Wald ratio",1,"-0.002","0.007","0.998","7.50e-01",NA,NA,NA,0.00230811
"NIFKP9","Stem-cell-iPSC","DEP","Wald ratio",1,"-0.007","0.022","0.993","7.53e-01",NA,NA,NA,0.00282795
"DLC1","Stem-cell-iPSC","DEP","Inverse variance weighted",2," 0.002","0.008","1.002","7.53e-01",NA,0.975998185,NA,2.17e-06
"SATB1-AS1","Stem-cell-iPSC","DEP","Wald ratio",1,"-0.005","0.017","0.995","7.54e-01",NA,NA,NA,0.002554333
"PRKG1","Stem-cell-iPSC","DEP","Simple mode",3," 0.004","0.010","1.004","7.54e-01",0.699559709,0.645353217,0.550532924,7.35e-06
"TUBAL3","Stem-cell-iPSC","DEP","Wald ratio",1,"-0.002","0.007","0.998","7.55e-01",NA,NA,NA,1.39e-06
"RNU4-43P","Stem-cell-iPSC","DEP","Wald ratio",1," 0.002","0.006","1.002","7.56e-01",NA,NA,NA,0.001257566
"TRAPPC9","Stem-cell-iPSC","DEP","Wald ratio",1," 0.002","0.006","1.002","7.56e-01",NA,NA,NA,3.75e-05
"HNRNPA1P43","Stem-cell-iPSC","DEP","Wald ratio",1,"-0.002","0.007","0.998","7.56e-01",NA,NA,NA,1.46e-06
"HERC3","Stem-cell-iPSC","DEP","Wald ratio",1,"-0.009","0.029","0.991","7.56e-01",NA,NA,NA,0.00165864
"PDZPH1P","Stem-cell-iPSC","DEP","Wald ratio",1," 0.004","0.014","1.004","7.58e-01",NA,NA,NA,9.01e-06
"ANK1","Stem-cell-iPSC","DEP","Wald ratio",1," 0.004","0.014","1.004","7.60e-01",NA,NA,NA,3.78e-06
"ETV3","Stem-cell-iPSC","DEP","Wald ratio",1," 0.006","0.019","1.006","7.60e-01",NA,NA,NA,0.000220335
"CDH12","Stem-cell-iPSC","DEP","Wald ratio",1," 0.005","0.016","1.005","7.61e-01",NA,NA,NA,9.13e-05
"SEPT2P1","Stem-cell-iPSC","DEP","Wald ratio",1,"-0.002","0.006","0.998","7.61e-01",NA,NA,NA,0.000284839
"ESRRB","Stem-cell-iPSC","DEP","Wald ratio",1," 0.007","0.023","1.007","7.61e-01",NA,NA,NA,1.27e-05
"DLG2","Stem-cell-iPSC","DEP","MR Egger",4,"-0.006","0.018","0.994","7.65e-01",0.375791626,0.575320312,0.881374486,0.000220553
"FAM195DP","Stem-cell-iPSC","DEP","Wald ratio",1," 0.002","0.007","1.002","7.66e-01",NA,NA,NA,1.26e-05
"PIGN","Stem-cell-iPSC","DEP","Wald ratio",1,"-0.004","0.014","0.996","7.68e-01",NA,NA,NA,6.07e-05
"MRO","Stem-cell-iPSC","DEP","Wald ratio",1,"-0.002","0.006","0.998","7.68e-01",NA,NA,NA,0.002292277
"KCNQ3","Stem-cell-iPSC","DEP","Weighted mode",3," 0.002","0.007","1.002","7.68e-01",0.797201608,0.905776087,0.778227706,2.49e-06
"SGCD","Stem-cell-iPSC","DEP","Wald ratio",1," 0.002","0.008","1.002","7.69e-01",NA,NA,NA,1.09e-06
"LINC01307","Stem-cell-iPSC","DEP","Wald ratio",1,"-0.006","0.021","0.994","7.69e-01",NA,NA,NA,0.001164423
"EDAR","Stem-cell-iPSC","DEP","Wald ratio",1,"-0.004","0.013","0.996","7.69e-01",NA,NA,NA,0.001013159
"PLXNA2","Stem-cell-iPSC","DEP","Wald ratio",1," 0.005","0.018","1.005","7.71e-01",NA,NA,NA,0.002497251
"NRXN1","Stem-cell-iPSC","DEP","Inverse variance weighted",2," 0.002","0.006","1.002","7.71e-01",NA,0.546681541,NA,5.41e-05
"PTPRD","Stem-cell-iPSC","DEP","MR Egger",3," 0.004","0.010","1.004","7.72e-01",0.33554882,0.487182432,0.604940749,0.000809505
"DLG2","Stem-cell-iPSC","DEP","Simple mode",4," 0.002","0.008","1.002","7.74e-01",0.375791626,0.575320312,0.881374486,0.000220553
"TBCK","Stem-cell-iPSC","DEP","Wald ratio",1," 0.002","0.007","1.002","7.75e-01",NA,NA,NA,0.000294825
"LRRC4C","Stem-cell-iPSC","DEP","Inverse variance weighted",2,"-0.002","0.006","0.998","7.77e-01",NA,0.331736054,NA,3.12e-05
"SLIT3","Stem-cell-iPSC","DEP","Wald ratio",1," 0.002","0.007","1.002","7.77e-01",NA,NA,NA,1.12e-06
"RNF5P1","Stem-cell-iPSC","DEP","Wald ratio",1," 0.005","0.019","1.005","7.79e-01",NA,NA,NA,7.2e-05
"FZD1","Stem-cell-iPSC","DEP","Wald ratio",1," 0.002","0.007","1.002","7.80e-01",NA,NA,NA,2.02e-06
"SUPT3H","Stem-cell-iPSC","DEP","Wald ratio",1,"-0.002","0.007","0.998","7.80e-01",NA,NA,NA,2.98e-06
"ST13P12","Stem-cell-iPSC","DEP","Wald ratio",1,"-0.002","0.007","0.998","7.80e-01",NA,NA,NA,1.09e-06
"ARNTL","Stem-cell-iPSC","DEP","Inverse variance weighted",2,"-0.003","0.009","0.997","7.82e-01",NA,0.130188993,NA,3.09e-06
"GUCA1C","Stem-cell-iPSC","DEP","Wald ratio",1," 0.003","0.013","1.003","7.82e-01",NA,NA,NA,5.33e-06
"LINC00680","Stem-cell-iPSC","DEP","Wald ratio",1,"-0.002","0.008","0.998","7.82e-01",NA,NA,NA,8.54e-07
"FGF12","Stem-cell-iPSC","DEP","Wald ratio",1,"-0.002","0.006","0.998","7.82e-01",NA,NA,NA,1.11e-05
"DSCAML1","Stem-cell-iPSC","DEP","Wald ratio",1," 0.003","0.011","1.003","7.84e-01",NA,NA,NA,4.85e-05
"RALA","Stem-cell-iPSC","DEP","Wald ratio",1," 0.002","0.007","1.002","7.85e-01",NA,NA,NA,3.87e-06
"PRKRIR","Stem-cell-iPSC","DEP","Wald ratio",1," 0.005","0.018","1.005","7.85e-01",NA,NA,NA,7.55e-06
"NKAIN4","Stem-cell-iPSC","DEP","Wald ratio",1," 0.003","0.012","1.003","7.85e-01",NA,NA,NA,1.55e-05
"SLC35F4","Stem-cell-iPSC","DEP","Wald ratio",1," 0.004","0.015","1.004","7.85e-01",NA,NA,NA,2e-06
"LINC01482","Stem-cell-iPSC","DEP","Wald ratio",1," 0.004","0.014","1.004","7.87e-01",NA,NA,NA,5.71e-06
"GPR137B","Stem-cell-iPSC","DEP","Wald ratio",1," 0.004","0.013","1.004","7.88e-01",NA,NA,NA,2.94e-05
"MAGI2","Stem-cell-iPSC","DEP","Weighted mode",4," 0.002","0.007","1.002","7.88e-01",0.010588684,0.022398552,0.773143163,0.00047868
"WWC1","Stem-cell-iPSC","DEP","Wald ratio",1," 0.002","0.009","1.002","7.89e-01",NA,NA,NA,4.31e-06
"LINC01264","Stem-cell-iPSC","DEP","Wald ratio",1,"-0.002","0.009","0.998","7.89e-01",NA,NA,NA,1.9e-06
"RPL17P45","Stem-cell-iPSC","DEP","Wald ratio",1,"-0.002","0.008","0.998","7.90e-01",NA,NA,NA,1.05e-05
"PLSCR5","Stem-cell-iPSC","DEP","Wald ratio",1," 0.002","0.007","1.002","7.90e-01",NA,NA,NA,1.66e-06
"CLDN16","Stem-cell-iPSC","DEP","Wald ratio",1,"-0.002","0.007","0.998","7.90e-01",NA,NA,NA,4.16e-06
"UNC13C","Stem-cell-iPSC","DEP","Inverse variance weighted",2,"-0.004","0.017","0.996","7.92e-01",NA,0.000109243,NA,0.422065526
"AKR1C2","Stem-cell-iPSC","DEP","Wald ratio",1,"-0.004","0.017","0.996","7.92e-01",NA,NA,NA,4.17e-06
"PTPRD","Stem-cell-iPSC","DEP","Weighted mode",3,"-0.002","0.006","0.998","7.94e-01",0.33554882,0.487182432,0.604940749,0.000809505
"LINC00534","Stem-cell-iPSC","DEP","Wald ratio",1,"-0.002","0.008","0.998","7.95e-01",NA,NA,NA,1.07e-06
"LANCL2","Stem-cell-iPSC","DEP","Wald ratio",1,"-0.003","0.012","0.997","7.98e-01",NA,NA,NA,1.7e-05
"LDHAP3","Stem-cell-iPSC","DEP","Wald ratio",1," 0.002","0.007","1.002","7.98e-01",NA,NA,NA,6.02e-06
"SVIL-AS1","Stem-cell-iPSC","DEP","Wald ratio",1," 0.003","0.012","1.003","7.99e-01",NA,NA,NA,1.58e-05
"CDK14","Stem-cell-iPSC","DEP","MR Egger",3,"-0.006","0.019","0.994","7.99e-01",0.596416741,0.740180787,0.671716372,0.000122123
"RNF214","Stem-cell-iPSC","DEP","Wald ratio",1," 0.003","0.011","1.003","8.03e-01",NA,NA,NA,1.93e-06
"ADGRA3","Stem-cell-iPSC","DEP","Wald ratio",1,"-0.007","0.026","0.993","8.03e-01",NA,NA,NA,0.00132879
"ALB","Stem-cell-iPSC","DEP","Wald ratio",1," 0.003","0.014","1.003","8.03e-01",NA,NA,NA,0.000381091
"OPCML","Stem-cell-iPSC","DEP","Wald ratio",1," 0.002","0.010","1.002","8.03e-01",NA,NA,NA,3.87e-06
"ANKS4B","Stem-cell-iPSC","DEP","Wald ratio",1,"-0.004","0.015","0.996","8.03e-01",NA,NA,NA,3.84e-06
"ZFAT","Stem-cell-iPSC","DEP","Wald ratio",1,"-0.003","0.012","0.997","8.03e-01",NA,NA,NA,2.48e-05
"STARD13","Stem-cell-iPSC","DEP","Wald ratio",1,"-0.002","0.007","0.998","8.03e-01",NA,NA,NA,6.29e-06
"EML1","Stem-cell-iPSC","DEP","Wald ratio",1,"-0.004","0.015","0.996","8.03e-01",NA,NA,NA,4.3e-05
"APOL4","Stem-cell-iPSC","DEP","Wald ratio",1,"-0.004","0.016","0.996","8.03e-01",NA,NA,NA,0.001527275
"SEMA3C","Stem-cell-iPSC","DEP","Inverse variance weighted",2,"-0.001","0.006","0.999","8.04e-01",NA,0.895148803,NA,0.002229832
"KCNK2","Stem-cell-iPSC","DEP","Wald ratio",1,"-0.002","0.006","0.998","8.06e-01",NA,NA,NA,0.00272248
"PROM1","Stem-cell-iPSC","DEP","Wald ratio",1," 0.003","0.012","1.003","8.07e-01",NA,NA,NA,5.56e-06
"EXOC5P1","Stem-cell-iPSC","DEP","Wald ratio",1,"-0.002","0.008","0.998","8.07e-01",NA,NA,NA,4.34e-05
"GFPT2","Stem-cell-iPSC","DEP","Wald ratio",1,"-0.001","0.005","0.999","8.07e-01",NA,NA,NA,0.000431747
"FHOD3","Stem-cell-iPSC","DEP","Wald ratio",1," 0.002","0.007","1.002","8.07e-01",NA,NA,NA,4.99e-06
"UBR3","Stem-cell-iPSC","DEP","Wald ratio",1," 0.004","0.016","1.004","8.10e-01",NA,NA,NA,2.54e-05
"PHYKPL","Stem-cell-iPSC","DEP","Wald ratio",1,"-0.002","0.009","0.998","8.11e-01",NA,NA,NA,0.000129607
"TENM4","Stem-cell-iPSC","DEP","Weighted median",3,"-0.001","0.006","0.999","8.12e-01",0.461091708,0.758971969,0.942030726,4.26e-05
"RAD23BLP","Stem-cell-iPSC","DEP","Wald ratio",1," 0.003","0.011","1.003","8.13e-01",NA,NA,NA,1.81e-06
"OAT","Stem-cell-iPSC","DEP","Wald ratio",1," 0.002","0.010","1.002","8.13e-01",NA,NA,NA,8.66e-07
"S100A10","Stem-cell-iPSC","DEP","Wald ratio",1,"-0.003","0.013","0.997","8.15e-01",NA,NA,NA,5e-06
"MIR5093","Stem-cell-iPSC","DEP","Wald ratio",1,"-0.002","0.008","0.998","8.15e-01",NA,NA,NA,8.23e-07
"CFI","Stem-cell-iPSC","DEP","Wald ratio",1," 0.003","0.013","1.003","8.15e-01",NA,NA,NA,1.53e-06
"TAF1B","Stem-cell-iPSC","DEP","Wald ratio",1,"-0.002","0.010","0.998","8.16e-01",NA,NA,NA,0.002129555
"OR4D5","Stem-cell-iPSC","DEP","Wald ratio",1,"-0.001","0.006","0.999","8.16e-01",NA,NA,NA,0.000111484
"NCKAP5","Stem-cell-iPSC","DEP","Wald ratio",1," 0.002","0.009","1.002","8.16e-01",NA,NA,NA,8.29e-07
"LINC00485","Stem-cell-iPSC","DEP","Wald ratio",1,"-0.006","0.024","0.994","8.17e-01",NA,NA,NA,3.59e-05
"RNU1-18P","Stem-cell-iPSC","DEP","Wald ratio",1,"-0.007","0.029","0.993","8.18e-01",NA,NA,NA,0.003060477
"CDHR3","Stem-cell-iPSC","DEP","Wald ratio",1,"-0.003","0.015","0.997","8.20e-01",NA,NA,NA,1.21e-05
"FAM174B","Stem-cell-iPSC","DEP","Wald ratio",1,"-0.001","0.006","0.999","8.20e-01",NA,NA,NA,2.76e-05
"INHBB","Stem-cell-iPSC","DEP","Wald ratio",1," 0.002","0.007","1.002","8.20e-01",NA,NA,NA,1.84e-06
"PLXNA4","Stem-cell-iPSC","DEP","Wald ratio",1," 0.003","0.015","1.003","8.21e-01",NA,NA,NA,2.96e-05
"DLG2","Stem-cell-iPSC","DEP","Weighted mode",4,"-0.002","0.007","0.998","8.22e-01",0.375791626,0.575320312,0.881374486,0.000220553
"TRGC2","Stem-cell-iPSC","DEP","Wald ratio",1," 0.005","0.022","1.005","8.23e-01",NA,NA,NA,0.000383165
"CEACAM22P","Stem-cell-iPSC","DEP","Wald ratio",1,"-0.001","0.007","0.999","8.24e-01",NA,NA,NA,1.99e-06
"ROR1","Stem-cell-iPSC","DEP","Wald ratio",1,"-0.004","0.017","0.996","8.24e-01",NA,NA,NA,7.14e-06
"OSTM1","Stem-cell-iPSC","DEP","Wald ratio",1," 0.003","0.015","1.003","8.24e-01",NA,NA,NA,7.17e-06
"RNU6-755P","Stem-cell-iPSC","DEP","Wald ratio",1,"-0.003","0.013","0.997","8.26e-01",NA,NA,NA,3.24e-05
"CSNK1A1","Stem-cell-iPSC","DEP","Wald ratio",1," 0.002","0.009","1.002","8.27e-01",NA,NA,NA,5.18e-06
"HAGLROS","Stem-cell-iPSC","DEP","Wald ratio",1," 0.002","0.008","1.002","8.28e-01",NA,NA,NA,1.85e-06
"LRRC27","Stem-cell-iPSC","DEP","Wald ratio",1,"-0.003","0.012","0.997","8.29e-01",NA,NA,NA,0.000302343
"FBLN5","Stem-cell-iPSC","DEP","Wald ratio",1," 0.002","0.008","1.002","8.29e-01",NA,NA,NA,2.14e-05
"RGS14","Stem-cell-iPSC","DEP","Wald ratio",1," 0.003","0.013","1.003","8.32e-01",NA,NA,NA,8.74e-06
"PLOD2","Stem-cell-iPSC","DEP","Wald ratio",1,"-0.002","0.012","0.998","8.32e-01",NA,NA,NA,3.39e-05
"MED30","Stem-cell-iPSC","DEP","Wald ratio",1,"-0.002","0.007","0.998","8.32e-01",NA,NA,NA,1.79e-05
"RSPO3","Stem-cell-iPSC","DEP","Wald ratio",1,"-0.003","0.013","0.997","8.34e-01",NA,NA,NA,1.54e-05
"LINC00330","Stem-cell-iPSC","DEP","Wald ratio",1," 0.001","0.006","1.001","8.34e-01",NA,NA,NA,1.5e-06
"CTSC","Stem-cell-iPSC","DEP","Wald ratio",1," 0.001","0.007","1.001","8.34e-01",NA,NA,NA,7.03e-06
"MET","Stem-cell-iPSC","DEP","Wald ratio",1," 0.002","0.007","1.002","8.34e-01",NA,NA,NA,2.42e-05
"SH3GL2","Stem-cell-iPSC","DEP","Wald ratio",1," 0.006","0.027","1.006","8.34e-01",NA,NA,NA,0.002192199
"LRMP","Stem-cell-iPSC","DEP","Inverse variance weighted",2,"-0.002","0.010","0.998","8.34e-01",NA,0.514018965,NA,8.64e-06
"LYPD5","Stem-cell-iPSC","DEP","Wald ratio",1," 0.005","0.024","1.005","8.36e-01",NA,NA,NA,0.002271856
"PLEKHG1","Stem-cell-iPSC","DEP","Wald ratio",1,"-0.003","0.013","0.997","8.38e-01",NA,NA,NA,1.07e-06
"TPO","Stem-cell-iPSC","DEP","Wald ratio",1," 0.001","0.006","1.001","8.38e-01",NA,NA,NA,0.00024049
"TMEM132B","Stem-cell-iPSC","DEP","Inverse variance weighted",2," 0.003","0.016","1.003","8.40e-01",NA,0.01431554,NA,8.05e-05
"TRBV30","Stem-cell-iPSC","DEP","Wald ratio",1," 0.002","0.008","1.002","8.41e-01",NA,NA,NA,1.96e-06
"NMUR2","Stem-cell-iPSC","DEP","Wald ratio",1," 0.001","0.007","1.001","8.41e-01",NA,NA,NA,0.002102889
"ATP10A","Stem-cell-iPSC","DEP","Wald ratio",1," 0.003","0.013","1.003","8.41e-01",NA,NA,NA,3.69e-06
"FAM155A","Stem-cell-iPSC","DEP","Wald ratio",1," 0.001","0.006","1.001","8.41e-01",NA,NA,NA,3.8e-05
"ITGAV","Stem-cell-iPSC","DEP","Wald ratio",1,"-0.002","0.008","0.998","8.41e-01",NA,NA,NA,0.002542771
"TNIK","Stem-cell-iPSC","DEP","Inverse variance weighted",2," 0.002","0.010","1.002","8.43e-01",NA,0.099868805,NA,1.15e-05
"SYNE1","Stem-cell-iPSC","DEP","Wald ratio",1," 0.002","0.008","1.002","8.47e-01",NA,NA,NA,6.96e-06
"NRXN3","Stem-cell-iPSC","DEP","Wald ratio",1," 0.004","0.018","1.004","8.48e-01",NA,NA,NA,0.000619899
"ARHGAP24","Stem-cell-iPSC","DEP","Wald ratio",1,"-0.001","0.008","0.999","8.48e-01",NA,NA,NA,1.47e-06
"RXFP2","Stem-cell-iPSC","DEP","Wald ratio",1," 0.002","0.008","1.002","8.50e-01",NA,NA,NA,0.000277715
"CREG1","Stem-cell-iPSC","DEP","Wald ratio",1," 0.003","0.016","1.003","8.51e-01",NA,NA,NA,1.27e-05
"C1QTNF2","Stem-cell-iPSC","DEP","Wald ratio",1,"-0.002","0.012","0.998","8.52e-01",NA,NA,NA,9.53e-06
"ELP3","Stem-cell-iPSC","DEP","Wald ratio",1," 0.003","0.017","1.003","8.52e-01",NA,NA,NA,0.002182233
"KCNIP3","Stem-cell-iPSC","DEP","Wald ratio",1," 0.001","0.007","1.001","8.54e-01",NA,NA,NA,4.09e-06
"KIAA1456","Stem-cell-iPSC","DEP","Inverse variance weighted",2,"-0.002","0.011","0.998","8.54e-01",NA,0.223904798,NA,7.84e-06
"FECH","Stem-cell-iPSC","DEP","Wald ratio",1," 0.002","0.011","1.002","8.56e-01",NA,NA,NA,6.01e-06
"DOCK8","Stem-cell-iPSC","DEP","Wald ratio",1,"-0.003","0.015","0.997","8.56e-01",NA,NA,NA,0.001462226
"LIMD1","Stem-cell-iPSC","DEP","Wald ratio",1,"-0.002","0.011","0.998","8.56e-01",NA,NA,NA,0.000388779
"CLPTM1L","Stem-cell-iPSC","DEP","Wald ratio",1,"-0.002","0.013","0.998","8.56e-01",NA,NA,NA,2.29e-06
"LINC01104","Stem-cell-iPSC","DEP","Wald ratio",1," 0.001","0.006","1.001","8.56e-01",NA,NA,NA,6.89e-05
"KIAA1161","Stem-cell-iPSC","DEP","Wald ratio",1," 0.002","0.013","1.002","8.58e-01",NA,NA,NA,1e-06
"IL34","Stem-cell-iPSC","DEP","Wald ratio",1," 0.002","0.011","1.002","8.59e-01",NA,NA,NA,2.17e-05
"MOB3B","Stem-cell-iPSC","DEP","Wald ratio",1," 0.001","0.007","1.001","8.59e-01",NA,NA,NA,1.56e-06
"TMC1","Stem-cell-iPSC","DEP","Wald ratio",1,"-0.001","0.007","0.999","8.60e-01",NA,NA,NA,6.28e-05
"RGS9","Stem-cell-iPSC","DEP","Wald ratio",1,"-0.004","0.020","0.996","8.62e-01",NA,NA,NA,1.88e-06
"CNTNAP2","Stem-cell-iPSC","DEP","Weighted mode",5,"-0.001","0.004","0.999","8.63e-01",0.075026585,0.00998063,0.194562792,1.78e-06
"EPHA6","Stem-cell-iPSC","DEP","Inverse variance weighted",2,"-0.001","0.004","0.999","8.64e-01",NA,0.579339404,NA,6.2e-06
"SNRPCP13","Stem-cell-iPSC","DEP","Wald ratio",1," 0.003","0.018","1.003","8.64e-01",NA,NA,NA,4.94e-06
"SPIRE2","Stem-cell-iPSC","DEP","Wald ratio",1,"-0.002","0.010","0.998","8.64e-01",NA,NA,NA,4.6e-06
"KLHL23","Stem-cell-iPSC","DEP","Wald ratio",1," 0.001","0.006","1.001","8.65e-01",NA,NA,NA,0.000980406
"SEPHS1P7","Stem-cell-iPSC","DEP","Wald ratio",1," 0.001","0.007","1.001","8.65e-01",NA,NA,NA,7.85e-06
"PARK2","Stem-cell-iPSC","DEP","Inverse variance weighted",3," 0.002","0.010","1.002","8.67e-01",0.450475046,0.117958438,0.30501936,4.18e-05
"ZHX3","Stem-cell-iPSC","DEP","Wald ratio",1," 0.002","0.010","1.002","8.68e-01",NA,NA,NA,1.44e-06
"FAM149A","Stem-cell-iPSC","DEP","Inverse variance weighted",2,"-0.001","0.006","0.999","8.70e-01",NA,0.602789621,NA,0.001648776
"NHLRC2","Stem-cell-iPSC","DEP","Wald ratio",1," 0.001","0.006","1.001","8.71e-01",NA,NA,NA,1.56e-06
"RASSF5","Stem-cell-iPSC","DEP","Wald ratio",1,"-0.003","0.015","0.997","8.71e-01",NA,NA,NA,0.001460823
"MIR5702","Stem-cell-iPSC","DEP","Wald ratio",1,"-0.001","0.006","0.999","8.71e-01",NA,NA,NA,9.48e-06
"PEPD","Stem-cell-iPSC","DEP","Wald ratio",1,"-0.001","0.007","0.999","8.72e-01",NA,NA,NA,0.002827166
"LINC01183","Stem-cell-iPSC","DEP","Wald ratio",1," 0.001","0.008","1.001","8.72e-01",NA,NA,NA,7.39e-07
"GPIHBP1","Stem-cell-iPSC","DEP","Wald ratio",1,"-0.002","0.013","0.998","8.74e-01",NA,NA,NA,3.37e-06
"HIVEP3","Stem-cell-iPSC","DEP","Wald ratio",1," 0.002","0.012","1.002","8.74e-01",NA,NA,NA,4.46e-06
"ATP5A1","Stem-cell-iPSC","DEP","Wald ratio",1,"-0.002","0.010","0.998","8.74e-01",NA,NA,NA,5.99e-06
"PRIMA1","Stem-cell-iPSC","DEP","Wald ratio",1," 0.002","0.013","1.002","8.74e-01",NA,NA,NA,8.57e-06
"DISP1","Stem-cell-iPSC","DEP","Wald ratio",1,"-0.001","0.007","0.999","8.74e-01",NA,NA,NA,0.000764402
"RNU6-1012P","Stem-cell-iPSC","DEP","Wald ratio",1," 0.001","0.005","1.001","8.74e-01",NA,NA,NA,0.000191198
"BCAS1","Stem-cell-iPSC","DEP","Wald ratio",1,"-0.002","0.010","0.998","8.75e-01",NA,NA,NA,4.24e-06
"DLG2","Stem-cell-iPSC","DEP","Weighted median",4,"-0.001","0.007","0.999","8.79e-01",0.375791626,0.575320312,0.881374486,0.000220553
"PAK1","Stem-cell-iPSC","DEP","Wald ratio",1," 0.002","0.013","1.002","8.79e-01",NA,NA,NA,5.24e-06
"PCBP3","Stem-cell-iPSC","DEP","Wald ratio",1,"-0.001","0.007","0.999","8.79e-01",NA,NA,NA,1.31e-06
"KCNQ3","Stem-cell-iPSC","DEP","Simple mode",3," 0.001","0.007","1.001","8.80e-01",0.797201608,0.905776087,0.778227706,2.49e-06
"ALK","Stem-cell-iPSC","DEP","Wald ratio",1,"-0.001","0.007","0.999","8.80e-01",NA,NA,NA,2.86e-05
"LYZL2","Stem-cell-iPSC","DEP","Wald ratio",1," 0.001","0.007","1.001","8.82e-01",NA,NA,NA,1.51e-06
"ACSS1","Stem-cell-iPSC","DEP","Wald ratio",1," 0.002","0.013","1.002","8.82e-01",NA,NA,NA,2.23e-06
"CDH11","Stem-cell-iPSC","DEP","Wald ratio",1," 0.003","0.020","1.003","8.83e-01",NA,NA,NA,6.54e-06
"ABRACL","Stem-cell-iPSC","DEP","Wald ratio",1,"-0.001","0.009","0.999","8.84e-01",NA,NA,NA,5.15e-06
"CREB5","Stem-cell-iPSC","DEP","Wald ratio",1," 0.001","0.007","1.001","8.84e-01",NA,NA,NA,7.7e-07
"KCNMA1","Stem-cell-iPSC","DEP","Inverse variance weighted",2,"-0.001","0.010","0.999","8.86e-01",NA,0.191320693,NA,1.02e-05
"CTBP2","Stem-cell-iPSC","DEP","Wald ratio",1," 0.001","0.008","1.001","8.86e-01",NA,NA,NA,3.12e-06
"CERS6","Stem-cell-iPSC","DEP","Wald ratio",1," 0.002","0.015","1.002","8.89e-01",NA,NA,NA,9.41e-06
"SSX2IP","Stem-cell-iPSC","DEP","Wald ratio",1,"-0.002","0.013","0.998","8.89e-01",NA,NA,NA,4.28e-05
"C15orf53","Stem-cell-iPSC","DEP","Wald ratio",1,"-0.001","0.007","0.999","8.89e-01",NA,NA,NA,8.13e-06
"MIR4500HG","Stem-cell-iPSC","DEP","Wald ratio",1," 0.001","0.006","1.001","8.89e-01",NA,NA,NA,7.87e-06
"FAT3","Stem-cell-iPSC","DEP","Wald ratio",1," 0.001","0.006","1.001","8.89e-01",NA,NA,NA,8.2e-05
"RNA5SP162","Stem-cell-iPSC","DEP","Wald ratio",1," 0.002","0.014","1.002","8.89e-01",NA,NA,NA,0.000113654
"KCNIP1","Stem-cell-iPSC","DEP","Wald ratio",1," 0.001","0.010","1.001","8.91e-01",NA,NA,NA,5.52e-06
"CORO2A","Stem-cell-iPSC","DEP","Wald ratio",1," 0.001","0.007","1.001","8.92e-01",NA,NA,NA,1.5e-05
"KRT19","Stem-cell-iPSC","DEP","Wald ratio",1," 0.001","0.006","1.001","8.92e-01",NA,NA,NA,0.002214804
"OTOGL","Stem-cell-iPSC","DEP","Wald ratio",1,"-0.001","0.007","0.999","8.92e-01",NA,NA,NA,6.55e-06
"LINC00539","Stem-cell-iPSC","DEP","Wald ratio",1,"-0.003","0.021","0.997","8.92e-01",NA,NA,NA,0.002215085
"GRIN2B","Stem-cell-iPSC","DEP","MR Egger",3,"-0.004","0.025","0.996","8.94e-01",0.370320371,0.647835135,0.840320153,1.02e-05
"SLC5A8","Stem-cell-iPSC","DEP","Wald ratio",1," 0.001","0.007","1.001","8.94e-01",NA,NA,NA,7.71e-06
"LINC00929","Stem-cell-iPSC","DEP","Wald ratio",1," 0.001","0.006","1.001","8.94e-01",NA,NA,NA,2.26e-06
"CD36","Stem-cell-iPSC","DEP","Wald ratio",1," 0.001","0.006","1.001","8.94e-01",NA,NA,NA,4.79e-05
"SLC24A4","Stem-cell-iPSC","DEP","Wald ratio",1," 0.002","0.014","1.002","8.94e-01",NA,NA,NA,0.001357154
"ROBO2","Stem-cell-iPSC","DEP","Inverse variance weighted",3," 0.001","0.011","1.001","8.94e-01",0.625624679,0.007431797,0.19908002,4.14e-05
"HDDC2","Stem-cell-iPSC","DEP","Wald ratio",1," 0.001","0.008","1.001","8.96e-01",NA,NA,NA,4.83e-06
"BBS9","Stem-cell-iPSC","DEP","Wald ratio",1,"-0.002","0.014","0.998","8.96e-01",NA,NA,NA,2.01e-05
"LRRC16A","Stem-cell-iPSC","DEP","Wald ratio",1," 0.001","0.007","1.001","8.96e-01",NA,NA,NA,8.84e-06
"RNU6-21P","Stem-cell-iPSC","DEP","Wald ratio",1,"-0.003","0.022","0.997","8.99e-01",NA,NA,NA,1.12e-05
"ACVR1B","Stem-cell-iPSC","DEP","Wald ratio",1,"-0.002","0.012","0.998","8.99e-01",NA,NA,NA,8.31e-07
"KIAA1671","Stem-cell-iPSC","DEP","Wald ratio",1," 0.002","0.016","1.002","9.01e-01",NA,NA,NA,8.18e-06
"PEX5L","Stem-cell-iPSC","DEP","Wald ratio",1," 0.003","0.025","1.003","9.01e-01",NA,NA,NA,0.000148243
"MYO16","Stem-cell-iPSC","DEP","Inverse variance weighted",2," 0.001","0.011","1.001","9.05e-01",NA,0.056273888,NA,0.001401224
"MED6P1","Stem-cell-iPSC","DEP","Wald ratio",1,"-0.001","0.007","0.999","9.06e-01",NA,NA,NA,1.55e-06
"SUMO2P13","Stem-cell-iPSC","DEP","Wald ratio",1," 0.002","0.018","1.002","9.07e-01",NA,NA,NA,0.002088965
"TACC2","Stem-cell-iPSC","DEP","Wald ratio",1," 0.001","0.006","1.001","9.07e-01",NA,NA,NA,6.46e-06
"LINC01241","Stem-cell-iPSC","DEP","Wald ratio",1," 0.001","0.012","1.001","9.07e-01",NA,NA,NA,0.000941522
"CHRNA7","Stem-cell-iPSC","DEP","Wald ratio",1," 0.001","0.008","1.001","9.08e-01",NA,NA,NA,3.56e-05
"KLHL5","Stem-cell-iPSC","DEP","Wald ratio",1," 0.002","0.013","1.002","9.08e-01",NA,NA,NA,6.01e-05
"ADARB2","Stem-cell-iPSC","DEP","Inverse variance weighted",2," 0.003","0.024","1.003","9.09e-01",NA,0.001294353,NA,0.011291492
"ARL15","Stem-cell-iPSC","DEP","Wald ratio",1,"-0.001","0.007","0.999","9.10e-01",NA,NA,NA,0.003315047
"GAS2","Stem-cell-iPSC","DEP","Wald ratio",1," 0.001","0.011","1.001","9.10e-01",NA,NA,NA,3.75e-06
"PNPT1","Stem-cell-iPSC","DEP","Wald ratio",1,"-0.001","0.006","0.999","9.10e-01",NA,NA,NA,3.79e-06
"OSBPL10","Stem-cell-iPSC","DEP","Weighted mode",3," 0.001","0.006","1.001","9.10e-01",0.00667443,0.00453581,0.618510201,0.004650312
"HTR3C","Stem-cell-iPSC","DEP","Wald ratio",1,"-0.001","0.006","0.999","9.12e-01",NA,NA,NA,3.37e-06
"CNTNAP2","Stem-cell-iPSC","DEP","Simple mode",5," 0.001","0.005","1.001","9.13e-01",0.075026585,0.00998063,0.194562792,1.78e-06
"MPHOSPH10","Stem-cell-iPSC","DEP","Wald ratio",1," 0.001","0.013","1.001","9.13e-01",NA,NA,NA,3.87e-05
"SDCBP","Stem-cell-iPSC","DEP","Wald ratio",1,"-0.001","0.006","0.999","9.13e-01",NA,NA,NA,2.01e-05
"ROBO2","Stem-cell-iPSC","DEP","Weighted median",3,"-0.001","0.006","0.999","9.14e-01",0.625624679,0.007431797,0.19908002,4.14e-05
"PCCA","Stem-cell-iPSC","DEP","Wald ratio",1," 0.001","0.011","1.001","9.14e-01",NA,NA,NA,2.23e-06
"HELZ","Stem-cell-iPSC","DEP","Wald ratio",1," 0.002","0.017","1.002","9.15e-01",NA,NA,NA,5.44e-06
"LINC00941","Stem-cell-iPSC","DEP","Wald ratio",1,"-0.001","0.008","0.999","9.15e-01",NA,NA,NA,1.32e-05
"SNTG1","Stem-cell-iPSC","DEP","Wald ratio",1," 0.001","0.009","1.001","9.16e-01",NA,NA,NA,2.97e-06
"TMTC1","Stem-cell-iPSC","DEP","Wald ratio",1,"-0.002","0.021","0.998","9.16e-01",NA,NA,NA,0.00283395
"OTUD1","Stem-cell-iPSC","DEP","Wald ratio",1,"-0.001","0.012","0.999","9.17e-01",NA,NA,NA,5e-06
"GPR78","Stem-cell-iPSC","DEP","Wald ratio",1,"-0.001","0.008","0.999","9.17e-01",NA,NA,NA,2.76e-06
"MTSS1","Stem-cell-iPSC","DEP","Wald ratio",1,"-0.001","0.011","0.999","9.19e-01",NA,NA,NA,1.3e-06
"LINC01272","Stem-cell-iPSC","DEP","Wald ratio",1,"-0.001","0.007","0.999","9.19e-01",NA,NA,NA,2.25e-05
"UMAD1","Stem-cell-iPSC","DEP","Wald ratio",1,"-0.001","0.006","0.999","9.20e-01",NA,NA,NA,0.00240054
"AHCYP4","Stem-cell-iPSC","DEP","Inverse variance weighted",2," 0.001","0.009","1.001","9.21e-01",NA,0.331094841,NA,4.11e-05
"PACRG","Stem-cell-iPSC","DEP","Inverse variance weighted",2,"-0.001","0.008","0.999","9.21e-01",NA,0.319854804,NA,0.000191746
"MIR873","Stem-cell-iPSC","DEP","Wald ratio",1,"-0.001","0.007","0.999","9.23e-01",NA,NA,NA,0.002600176
"EMC8","Stem-cell-iPSC","DEP","Wald ratio",1,"-0.001","0.007","0.999","9.23e-01",NA,NA,NA,0.002557147
"NLRP14","Stem-cell-iPSC","DEP","Wald ratio",1,"-0.004","0.040","0.996","9.24e-01",NA,NA,NA,8.81e-06
"FAM13A","Stem-cell-iPSC","DEP","Wald ratio",1," 0.001","0.014","1.001","9.26e-01",NA,NA,NA,4.7e-05
"SDHB","Stem-cell-iPSC","DEP","Wald ratio",1," 0.001","0.006","1.001","9.26e-01",NA,NA,NA,4.03e-06
"PHACTR2","Stem-cell-iPSC","DEP","Wald ratio",1,"-0.001","0.007","0.999","9.26e-01",NA,NA,NA,5.91e-07
"AMOTL1","Stem-cell-iPSC","DEP","Wald ratio",1,"-0.002","0.018","0.998","9.26e-01",NA,NA,NA,5.86e-05
"PON1","Stem-cell-iPSC","DEP","Wald ratio",1," 0.001","0.014","1.001","9.28e-01",NA,NA,NA,4.49e-05
"TTK","Stem-cell-iPSC","DEP","Wald ratio",1,"-0.001","0.006","0.999","9.28e-01",NA,NA,NA,5.98e-06
"SLC15A4","Stem-cell-iPSC","DEP","Wald ratio",1,"-0.001","0.016","0.999","9.28e-01",NA,NA,NA,0.000990964
"PRR18","Stem-cell-iPSC","DEP","Wald ratio",1," 0.001","0.016","1.001","9.28e-01",NA,NA,NA,0.001971806
"IFIT1","Stem-cell-iPSC","DEP","Wald ratio",1," 0.002","0.019","1.002","9.28e-01",NA,NA,NA,0.000713705
"ADGB","Stem-cell-iPSC","DEP","Wald ratio",1," 0.002","0.018","1.002","9.29e-01",NA,NA,NA,0.001095073
"LVRN","Stem-cell-iPSC","DEP","Wald ratio",1," 0.001","0.010","1.001","9.30e-01",NA,NA,NA,5.47e-06
"ADAM12","Stem-cell-iPSC","DEP","Inverse variance weighted",2," 0.000","0.005","1.000","9.31e-01",NA,0.720153291,NA,4.11e-06
"LAMC2","Stem-cell-iPSC","DEP","Wald ratio",1," 0.001","0.008","1.001","9.32e-01",NA,NA,NA,0.001997605
"WBP11P1","Stem-cell-iPSC","DEP","Wald ratio",1," 0.001","0.011","1.001","9.33e-01",NA,NA,NA,4.1e-06
"DOK4","Stem-cell-iPSC","DEP","Wald ratio",1,"-0.002","0.029","0.998","9.33e-01",NA,NA,NA,1.46e-05
"BICD2","Stem-cell-iPSC","DEP","Wald ratio",1," 0.001","0.014","1.001","9.34e-01",NA,NA,NA,5.13e-06
"CTNND2","Stem-cell-iPSC","DEP","Inverse variance weighted",2,"-0.001","0.007","0.999","9.35e-01",NA,0.310378018,NA,7.67e-05
"RNF216P1","Stem-cell-iPSC","DEP","Wald ratio",1," 0.001","0.009","1.001","9.36e-01",NA,NA,NA,0.000915258
"NCALD","Stem-cell-iPSC","DEP","Wald ratio",1,"-0.002","0.020","0.998","9.38e-01",NA,NA,NA,6.37e-06
"FTLP3","Stem-cell-iPSC","DEP","Wald ratio",1," 0.002","0.021","1.002","9.39e-01",NA,NA,NA,3.67e-06
"LINC00540","Stem-cell-iPSC","DEP","Inverse variance weighted",2," 0.003","0.036","1.003","9.39e-01",NA,0.007968098,NA,0.000355643
"TSPAN14","Stem-cell-iPSC","DEP","Wald ratio",1," 0.001","0.007","1.001","9.40e-01",NA,NA,NA,0.000111615
"ZBTB7C","Stem-cell-iPSC","DEP","Inverse variance weighted",2," 0.001","0.009","1.001","9.40e-01",NA,0.763150781,NA,6.67e-05
"STXBP6","Stem-cell-iPSC","DEP","Inverse variance weighted",2,"-0.001","0.011","0.999","9.42e-01",NA,0.076644181,NA,6.97e-05
"RNF217-AS1","Stem-cell-iPSC","DEP","Wald ratio",1,"-0.001","0.009","0.999","9.42e-01",NA,NA,NA,2.57e-06
"RPS11P1","Stem-cell-iPSC","DEP","Wald ratio",1,"-0.001","0.009","0.999","9.42e-01",NA,NA,NA,5.59e-06
"C1orf109","Stem-cell-iPSC","DEP","Wald ratio",1," 0.001","0.013","1.001","9.43e-01",NA,NA,NA,1.15e-05
"SUSD1","Stem-cell-iPSC","DEP","Wald ratio",1," 0.001","0.007","1.001","9.43e-01",NA,NA,NA,4.14e-05
"PDE1A","Stem-cell-iPSC","DEP","Wald ratio",1,"-0.002","0.023","0.998","9.43e-01",NA,NA,NA,0.001620591
"FOXN3","Stem-cell-iPSC","DEP","Inverse variance weighted",2," 0.000","0.007","1.000","9.45e-01",NA,0.704224428,NA,0.002230726
"CNTLN","Stem-cell-iPSC","DEP","Inverse variance weighted",2," 0.000","0.007","1.000","9.45e-01",NA,0.148021918,NA,0.00299088
"RN7SL361P","Stem-cell-iPSC","DEP","Wald ratio",1,"-0.001","0.014","0.999","9.46e-01",NA,NA,NA,0.001720621
"TPD52","Stem-cell-iPSC","DEP","Wald ratio",1," 0.001","0.012","1.001","9.46e-01",NA,NA,NA,0.001118505
"ATP6V1G1P7","Stem-cell-iPSC","DEP","Wald ratio",1,"-0.001","0.012","0.999","9.46e-01",NA,NA,NA,9.3e-06
"ASTN2","Stem-cell-iPSC","DEP","Wald ratio",1," 0.001","0.013","1.001","9.47e-01",NA,NA,NA,0.000270787
"PICALM","Stem-cell-iPSC","DEP","Wald ratio",1," 0.002","0.025","1.002","9.47e-01",NA,NA,NA,0.002249344
"ZNF286B","Stem-cell-iPSC","DEP","Wald ratio",1,"-0.001","0.012","0.999","9.47e-01",NA,NA,NA,0.001920908
"LINC00606","Stem-cell-iPSC","DEP","Wald ratio",1," 0.001","0.013","1.001","9.47e-01",NA,NA,NA,0.002249361
"CNTNAP2","Stem-cell-iPSC","DEP","Weighted median",5," 0.000","0.004","1.000","9.47e-01",0.075026585,0.00998063,0.194562792,1.78e-06
"ABHD11-AS1","Stem-cell-iPSC","DEP","Wald ratio",1,"-0.001","0.014","0.999","9.48e-01",NA,NA,NA,0.000191099
"HMGB3P16","Stem-cell-iPSC","DEP","Wald ratio",1," 0.000","0.006","1.000","9.48e-01",NA,NA,NA,0.002298188
"RN7SL201P","Stem-cell-iPSC","DEP","Wald ratio",1," 0.001","0.014","1.001","9.48e-01",NA,NA,NA,4.37e-05
"LINC00410","Stem-cell-iPSC","DEP","Wald ratio",1," 0.001","0.008","1.001","9.48e-01",NA,NA,NA,4.95e-05
"SORCS1","Stem-cell-iPSC","DEP","Wald ratio",1," 0.000","0.007","1.000","9.49e-01",NA,NA,NA,6.71e-05
"CHSY3","Stem-cell-iPSC","DEP","Wald ratio",1," 0.001","0.009","1.001","9.49e-01",NA,NA,NA,0.000176574
"DCLK2","Stem-cell-iPSC","DEP","Wald ratio",1," 0.001","0.017","1.001","9.50e-01",NA,NA,NA,6.36e-06
"ZNF57","Stem-cell-iPSC","DEP","Wald ratio",1," 0.001","0.011","1.001","9.51e-01",NA,NA,NA,2.67e-06
"TENM4","Stem-cell-iPSC","DEP","MR Egger",3," 0.001","0.017","1.001","9.51e-01",0.461091708,0.758971969,0.942030726,4.26e-05
"EREG","Stem-cell-iPSC","DEP","Wald ratio",1," 0.000","0.007","1.000","9.51e-01",NA,NA,NA,1.08e-05
"CTNNA3","Stem-cell-iPSC","DEP","Inverse variance weighted",2," 0.000","0.006","1.000","9.52e-01",NA,0.985813576,NA,7.9e-06
"ECM1P2","Stem-cell-iPSC","DEP","Wald ratio",1," 0.000","0.008","1.000","9.54e-01",NA,NA,NA,1.9e-06
"TSTD3","Stem-cell-iPSC","DEP","Wald ratio",1,"-0.001","0.019","0.999","9.54e-01",NA,NA,NA,0.000817624
"STIM2","Stem-cell-iPSC","DEP","Wald ratio",1," 0.000","0.007","1.000","9.54e-01",NA,NA,NA,0.00035783
"ATXN1","Stem-cell-iPSC","DEP","Wald ratio",1," 0.001","0.022","1.001","9.56e-01",NA,NA,NA,1.88e-05
"MTO1","Stem-cell-iPSC","DEP","Wald ratio",1," 0.000","0.007","1.000","9.57e-01",NA,NA,NA,4.42e-06
"SLC13A3","Stem-cell-iPSC","DEP","Wald ratio",1,"-0.001","0.015","0.999","9.59e-01",NA,NA,NA,1.22e-05
"OSBPL10","Stem-cell-iPSC","DEP","Simple mode",3," 0.000","0.007","1.000","9.62e-01",0.00667443,0.00453581,0.618510201,0.004650312
"ASIC2","Stem-cell-iPSC","DEP","Inverse variance weighted",2," 0.000","0.005","1.000","9.63e-01",NA,0.478356102,NA,0.001739622
"CLSTN2","Stem-cell-iPSC","DEP","Inverse variance weighted",2," 0.000","0.007","1.000","9.63e-01",NA,0.176086034,NA,4.1e-06
"ADAMTS12","Stem-cell-iPSC","DEP","Wald ratio",1," 0.000","0.006","1.000","9.63e-01",NA,NA,NA,3.29e-05
"KIAA1211","Stem-cell-iPSC","DEP","Wald ratio",1," 0.000","0.010","1.000","9.63e-01",NA,NA,NA,5.35e-06
"CASC15","Stem-cell-iPSC","DEP","Wald ratio",1," 0.000","0.007","1.000","9.63e-01",NA,NA,NA,9.61e-06
"LINC00871","Stem-cell-iPSC","DEP","Wald ratio",1,"-0.001","0.014","0.999","9.63e-01",NA,NA,NA,4.42e-06
"CNTN4-AS1","Stem-cell-iPSC","DEP","Wald ratio",1," 0.000","0.007","1.000","9.64e-01",NA,NA,NA,1.65e-06
"STK10","Stem-cell-iPSC","DEP","Wald ratio",1," 0.000","0.007","1.000","9.64e-01",NA,NA,NA,3.11e-06
"MGST2","Stem-cell-iPSC","DEP","Wald ratio",1," 0.000","0.006","1.000","9.64e-01",NA,NA,NA,1.61e-06
"NAAA","Stem-cell-iPSC","DEP","Wald ratio",1," 0.000","0.008","1.000","9.64e-01",NA,NA,NA,1.45e-06
"OSBPL1A","Stem-cell-iPSC","DEP","Inverse variance weighted",2," 0.000","0.005","1.000","9.64e-01",NA,0.8890919,NA,0.001946594
"PLB1","Stem-cell-iPSC","DEP","Wald ratio",1,"-0.001","0.014","0.999","9.65e-01",NA,NA,NA,0.000703456
"RN7SKP168","Stem-cell-iPSC","DEP","Wald ratio",1,"-0.001","0.013","0.999","9.65e-01",NA,NA,NA,6.76e-06
"COLEC12","Stem-cell-iPSC","DEP","Wald ratio",1," 0.001","0.020","1.001","9.66e-01",NA,NA,NA,0.002337808
"OSBPL10","Stem-cell-iPSC","DEP","Weighted median",3," 0.000","0.006","1.000","9.67e-01",0.00667443,0.00453581,0.618510201,0.004650312
"TACSTD2","Stem-cell-iPSC","DEP","Wald ratio",1,"-0.001","0.013","0.999","9.67e-01",NA,NA,NA,4.09e-05
"GPC5","Stem-cell-iPSC","DEP","Inverse variance weighted",2,"-0.001","0.014","0.999","9.68e-01",NA,0.002946038,NA,2.14e-05
"TENM4","Stem-cell-iPSC","DEP","Inverse variance weighted",3," 0.000","0.005","1.000","9.68e-01",0.461091708,0.758971969,0.942030726,4.26e-05
"DNAJC15","Stem-cell-iPSC","DEP","Wald ratio",1,"-0.002","0.057","0.998","9.69e-01",NA,NA,NA,0.002594295
"NPSR1","Stem-cell-iPSC","DEP","Wald ratio",1," 0.000","0.008","1.000","9.70e-01",NA,NA,NA,4.41e-05
"RPL5P26","Stem-cell-iPSC","DEP","Wald ratio",1," 0.000","0.008","1.000","9.71e-01",NA,NA,NA,0.000426949
"C21orf33","Stem-cell-iPSC","DEP","Wald ratio",1,"-0.001","0.017","0.999","9.72e-01",NA,NA,NA,2.95e-05
"GM2A","Stem-cell-iPSC","DEP","Wald ratio",1," 0.001","0.025","1.001","9.72e-01",NA,NA,NA,0.002420474
"HNRNPA1P57","Stem-cell-iPSC","DEP","Wald ratio",1," 0.002","0.054","1.002","9.75e-01",NA,NA,NA,0.004607061
"SMAD3","Stem-cell-iPSC","DEP","Inverse variance weighted",2," 0.001","0.027","1.001","9.76e-01",NA,0.053262269,NA,0.004064522
"PIGP","Stem-cell-iPSC","DEP","Wald ratio",1," 0.000","0.007","1.000","9.81e-01",NA,NA,NA,0.002126892
"SLC36A3","Stem-cell-iPSC","DEP","Wald ratio",1,"-0.001","0.031","0.999","9.82e-01",NA,NA,NA,0.002194801
"LINC00882","Stem-cell-iPSC","DEP","Wald ratio",1," 0.000","0.011","1.000","9.82e-01",NA,NA,NA,1.87e-06
"PREX2","Stem-cell-iPSC","DEP","Wald ratio",1," 0.000","0.006","1.000","9.82e-01",NA,NA,NA,3.89e-06
"FOXCUT","Stem-cell-iPSC","DEP","Wald ratio",1," 0.000","0.007","1.000","9.82e-01",NA,NA,NA,1.54e-06
"GLRA1","Stem-cell-iPSC","DEP","Wald ratio",1," 0.000","0.007","1.000","9.82e-01",NA,NA,NA,3.76e-06
"ICE2P2","Stem-cell-iPSC","DEP","Wald ratio",1," 0.000","0.006","1.000","9.82e-01",NA,NA,NA,0.001959978
"MECOM","Stem-cell-iPSC","DEP","Wald ratio",1," 0.000","0.007","1.000","9.82e-01",NA,NA,NA,1.5e-06
"LINC01428","Stem-cell-iPSC","DEP","Wald ratio",1," 0.000","0.014","1.000","9.83e-01",NA,NA,NA,1.87e-05
"KRTAP10-12","Stem-cell-iPSC","DEP","Wald ratio",1," 0.000","0.007","1.000","9.83e-01",NA,NA,NA,0.002282295
"CMIP","Stem-cell-iPSC","DEP","Wald ratio",1," 0.000","0.015","1.000","9.83e-01",NA,NA,NA,4.13e-06
"VTI1A","Stem-cell-iPSC","DEP","Wald ratio",1," 0.000","0.008","1.000","9.83e-01",NA,NA,NA,7.87e-07
"NPHP3-AS1","Stem-cell-iPSC","DEP","Wald ratio",1," 0.000","0.007","1.000","9.84e-01",NA,NA,NA,0.002434919
"GRXCR1","Stem-cell-iPSC","DEP","Wald ratio",1," 0.000","0.015","1.000","9.84e-01",NA,NA,NA,0.000963008
"UTRN","Stem-cell-iPSC","DEP","Wald ratio",1," 0.000","0.015","1.000","9.84e-01",NA,NA,NA,5.9e-06
"CDH19","Stem-cell-iPSC","DEP","Wald ratio",1," 0.000","0.017","1.000","9.84e-01",NA,NA,NA,8.62e-05
"COBL","Stem-cell-iPSC","DEP","Wald ratio",1," 0.000","0.008","1.000","9.85e-01",NA,NA,NA,1.37e-06
"GNB5","Stem-cell-iPSC","DEP","Wald ratio",1,"-0.001","0.054","0.999","9.86e-01",NA,NA,NA,0.002791535
"OXR1","Stem-cell-iPSC","DEP","Wald ratio",1," 0.000","0.022","1.000","9.87e-01",NA,NA,NA,8.07e-05
"CCDC106","Stem-cell-iPSC","DEP","Wald ratio",1," 0.000","0.018","1.000","9.87e-01",NA,NA,NA,4.82e-06
"EDIL3","Stem-cell-iPSC","DEP","Wald ratio",1," 0.000","0.019","1.000","9.90e-01",NA,NA,NA,9.31e-06
"RPL31P35","Stem-cell-iPSC","DEP","Wald ratio",1," 0.000","0.011","1.000","9.90e-01",NA,NA,NA,0.000166128
"KDR","Stem-cell-iPSC","DEP","Inverse variance weighted",2," 0.000","0.010","1.000","9.92e-01",NA,0.19496401,NA,0.003532397
"IMMP2L","Stem-cell-iPSC","DEP","Inverse variance weighted",2," 0.000","0.005","1.000","1.00e+00",NA,0.900024778,NA,1.27e-06
"FUNDC2P2","Stem-cell-iPSC","DEP","Wald ratio",1," 0.000","0.008","1.000","1.00e+00",NA,NA,NA,1.56e-06
"LINC00520","Stem-cell-iPSC","DEP","Wald ratio",1," 0.000","0.007","1.000","1.00e+00",NA,NA,NA,1.07e-06
"MS4A4E","Stem-cell-iPSC","DEP","Wald ratio",1," 0.000","0.012","1.000","1.00e+00",NA,NA,NA,1.78e-05
"HNRNPLP1","Stem-cell-iPSC","DEP","Wald ratio",1," 0.000","0.014","1.000","1.00e+00",NA,NA,NA,3.79e-05
"PDHX","Stem-cell-iPSC","DEP","Wald ratio",1," 0.000","0.006","1.000","1.00e+00",NA,NA,NA,9.26e-06
"RYR3","Stem-cell-iPSC","DEP","Wald ratio",1," 0.000","0.016","1.000","1.00e+00",NA,NA,NA,0.000386329
"CRB1","Stem-cell-iPSC","DEP","Wald ratio",1," 0.000","0.020","1.000","1.00e+00",NA,NA,NA,0.00052868
"MTRR","Stem-cell-iPSC","DEP","Wald ratio",1," 0.000","0.013","1.000","1.00e+00",NA,NA,NA,0.001154198
"RNU7-183P","Stem-cell-iPSC","DEP","Wald ratio",1," 0.000","0.006","1.000","1.00e+00",NA,NA,NA,1.81e-06
"RNU6-38P","Stem-cell-iPSC","DEP","Wald ratio",1," 0.000","0.011","1.000","1.00e+00",NA,NA,NA,1.12e-06
