Gene,Tissue,Psychiatric disorder,Method,Nsnp,Beta,SE,OR,P-value,Q_Pvalue(MREgger),Q_Pvalue(IVW),P-value(Intercept),PPH4
CACNA1C,Brain Cortex,SCZ,Wald ratio,1,-0.108,0.012,0.898,1.73E-18,NA,NA,NA,0.011000715
RBM26-AS1,Brain Cortex,SCZ,Wald ratio,1,-0.212,0.033,0.809,7.44E-11,NA,NA,NA,0.045197598
ENSG00000267284,Brain Cortex,SCZ,Wald ratio,1,0.162,0.026,1.176,3.81E-10,NA,NA,NA,0.999999275
OGFOD2,Brain Cortex,SCZ,Wald ratio,1,-0.18,0.029,0.836,4.24E-10,NA,NA,NA,0.023787469
CACNB2,Brain Cortex,SCZ,Wald ratio,1,0.131,0.024,1.14,3.12E-08,NA,NA,NA,0.999946504
KLF12,Brain Cortex,SCZ,Wald ratio,1,-0.146,0.027,0.864,6.65E-08,NA,NA,NA,0.007713053
CCDC92,Brain Cortex,SCZ,Wald ratio,1,0.147,0.027,1.158,7.10E-08,NA,NA,NA,0.999886546
TMTC1,Brain Cortex,SCZ,Wald ratio,1,0.08,0.015,1.084,2.09E-07,NA,NA,NA,0.005673818
CPEB1,Brain Cortex,SCZ,Wald ratio,1,0.186,0.036,1.204,2.23E-07,NA,NA,NA,0.999674632
ZNF592,Brain Cortex,SCZ,Wald ratio,1,-0.147,0.029,0.863,3.53E-07,NA,NA,NA,0.009048706
BCL11B,Brain Cortex,SCZ,Wald ratio,1,-0.151,0.03,0.86,4.28E-07,NA,NA,NA,0.009806301
DOCK1,Brain Cortex,SCZ,Wald ratio,1,-0.064,0.013,0.938,1.04E-06,NA,NA,NA,0.998758747
TRMT61A,Brain Cortex,SCZ,Wald ratio,1,-0.058,0.012,0.944,1.08E-06,NA,NA,NA,0.998545855
PLCH2,Brain Cortex,SCZ,Wald ratio,1,-0.162,0.034,0.851,1.91E-06,NA,NA,NA,0.997393374
ENSG00000255028,Brain Cortex,SCZ,Wald ratio,1,-0.075,0.017,0.928,6.32E-06,NA,NA,NA,0.992004854
SLC12A5,Brain Cortex,SCZ,Wald ratio,1,0.085,0.019,1.089,7.68E-06,NA,NA,NA,0.990576647
IREB2,Brain Cortex,SCZ,Wald ratio,1,-0.049,0.011,0.952,1.20E-05,NA,NA,NA,0.984578309
NCAPD3,Brain Cortex,SCZ,Wald ratio,1,-0.103,0.023,0.903,1.24E-05,NA,NA,NA,0.009292346
LINC02703,Brain Cortex,SCZ,Wald ratio,1,0.132,0.031,1.141,1.95E-05,NA,NA,NA,0.977198363
TOM1L2,Brain Cortex,SCZ,Wald ratio,1,-0.09,0.021,0.914,1.96E-05,NA,NA,NA,0.975411672
FPGS,Brain Cortex,SCZ,Wald ratio,1,0.052,0.012,1.053,2.43E-05,NA,NA,NA,0.971782017
KIAA0040,Brain Cortex,SCZ,Wald ratio,1,-0.053,0.013,0.948,3.87E-05,NA,NA,NA,0.004697122
MFSD5,Brain Cortex,SCZ,Wald ratio,1,-0.08,0.019,0.924,4.07E-05,NA,NA,NA,0.950948348
RASA3,Brain Cortex,SCZ,Inverse variance weighted,2,0.13,0.032,1.138,4.20E-05,NA,0.986161387,NA,0.027796119
CYP19A1,Brain Cortex,SCZ,Wald ratio,1,0.06,0.015,1.062,4.73E-05,NA,NA,NA,0.944412034
TMEM132C,Brain Cortex,SCZ,Wald ratio,1,-0.111,0.028,0.895,6.03E-05,NA,NA,NA,0.584342174
MAP2K5,Brain Cortex,SCZ,Wald ratio,1,-0.041,0.01,0.96,6.94E-05,NA,NA,NA,0.013218829
NRP1,Brain Cortex,SCZ,Wald ratio,1,-0.114,0.029,0.892,8.09E-05,NA,NA,NA,0.909196259
PPP1CC,Brain Cortex,SCZ,Wald ratio,1,0.096,0.024,1.101,8.44E-05,NA,NA,NA,0.00443037
TGM5,Brain Cortex,SCZ,Wald ratio,1,0.076,0.019,1.079,8.76E-05,NA,NA,NA,0.917791462
TLN2,Brain Cortex,SCZ,Wald ratio,1,-0.094,0.024,0.91,0.000121,NA,NA,NA,0.981257905
VPS4A,Brain Cortex,SCZ,Wald ratio,1,-0.072,0.019,0.931,0.000166,NA,NA,NA,0.852338841
LRMDA,Brain Cortex,SCZ,Wald ratio,1,0.157,0.042,1.17,0.000175,NA,NA,NA,0.007424126
TTC12,Brain Cortex,SCZ,Wald ratio,1,0.107,0.029,1.113,0.000187,NA,NA,NA,0.005681015
ANKRD27,Brain Cortex,SCZ,Wald ratio,1,0.069,0.019,1.072,0.000216,NA,NA,NA,0.006795736
RASGRP1,Brain Cortex,SCZ,Wald ratio,1,-0.138,0.037,0.871,0.000228,NA,NA,NA,0.820998419
TRPC4,Brain Cortex,SCZ,Wald ratio,1,0.092,0.025,1.097,0.000242,NA,NA,NA,0.018030484
LRP1B,Brain Cortex,SCZ,Wald ratio,1,-0.086,0.023,0.918,0.000261,NA,NA,NA,0.005654903
ABLIM2,Brain Cortex,SCZ,Wald ratio,1,-0.046,0.013,0.955,0.000271,NA,NA,NA,0.134146882
ATP2A2,Brain Cortex,SCZ,Wald ratio,1,-0.145,0.04,0.865,0.00033,NA,NA,NA,0.01652522
SOX5,Brain Cortex,SCZ,Wald ratio,1,-0.138,0.039,0.871,0.000367,NA,NA,NA,0.017337246
HS6ST3,Brain Cortex,SCZ,Wald ratio,1,-0.217,0.062,0.805,0.00047,NA,NA,NA,0.00681834
GOLGA2P5,Brain Cortex,SCZ,Wald ratio,1,-0.434,0.125,0.648,0.000544,NA,NA,NA,0.847537673
SAXO1,Brain Cortex,SCZ,Wald ratio,1,0.129,0.038,1.138,0.00061,NA,NA,NA,0.237773809
ENSG00000255470,Brain Cortex,SCZ,Wald ratio,1,0.065,0.019,1.067,0.000723,NA,NA,NA,0.579160044
ANKRD34C-AS1,Brain Cortex,SCZ,Wald ratio,1,-0.039,0.011,0.962,0.000759,NA,NA,NA,0.005581264
CCDC85C,Brain Cortex,SCZ,Wald ratio,1,-0.309,0.092,0.734,0.000781,NA,NA,NA,0.042032405
RPTOR,Brain Cortex,SCZ,Wald ratio,1,0.105,0.031,1.11,0.000824,NA,NA,NA,0.536075572
PAX5,Brain Cortex,SCZ,Inverse variance weighted,2,-0.032,0.01,0.968,0.000886,NA,0.584410102,NA,0.01792504
GSTO1,Brain Cortex,SCZ,Inverse variance weighted,2,0.101,0.03,1.106,0.000892,NA,0.773056148,NA,0.004776449
COX10-DT,Brain Cortex,SCZ,Wald ratio,1,0.034,0.01,1.035,0.00101,NA,NA,NA,0.009038635
CACNA2D4,Brain Cortex,SCZ,Wald ratio,1,0.088,0.027,1.092,0.00102,NA,NA,NA,0.012417973
SNX29,Brain Cortex,SCZ,Wald ratio,1,-0.035,0.011,0.966,0.00105,NA,NA,NA,0.050387395
SEMA6D,Brain Cortex,SCZ,Wald ratio,1,-0.06,0.018,0.941,0.00105,NA,NA,NA,0.004591107
TSPAN9,Brain Cortex,SCZ,Wald ratio,1,0.209,0.064,1.232,0.00108,NA,NA,NA,0.004858242
NCAM1,Brain Cortex,SCZ,Wald ratio,1,-0.078,0.024,0.925,0.00114,NA,NA,NA,0.219314767
LINC02346,Brain Cortex,SCZ,Wald ratio,1,0.037,0.011,1.037,0.00116,NA,NA,NA,0.051836078
RASSF8,Brain Cortex,SCZ,Wald ratio,1,0.098,0.03,1.103,0.00125,NA,NA,NA,0.005151482
ADAMTS7,Brain Cortex,SCZ,Wald ratio,1,-0.059,0.018,0.942,0.00126,NA,NA,NA,0.497495392
PYROXD2,Brain Cortex,SCZ,Wald ratio,1,0.118,0.037,1.126,0.00137,NA,NA,NA,0.570623282
LINC01169,Brain Cortex,SCZ,Wald ratio,1,0.099,0.031,1.104,0.00154,NA,NA,NA,0.145006652
STK32B,Brain Cortex,SCZ,Wald ratio,1,0.092,0.029,1.096,0.00156,NA,NA,NA,0.007638735
HNF1A,Brain Cortex,SCZ,Wald ratio,1,-0.101,0.032,0.904,0.00156,NA,NA,NA,0.387209478
LINC02714,Brain Cortex,SCZ,Wald ratio,1,-0.088,0.028,0.916,0.00195,NA,NA,NA,0.355756259
IL25,Brain Cortex,SCZ,Wald ratio,1,-0.048,0.016,0.953,0.00196,NA,NA,NA,0.114286644
ADGRL3,Brain Cortex,SCZ,Wald ratio,1,0.113,0.036,1.119,0.00196,NA,NA,NA,0.008092359
RAD51B,Brain Cortex,SCZ,Wald ratio,1,0.038,0.012,1.038,0.00211,NA,NA,NA,0.038718867
GLT8D2,Brain Cortex,SCZ,Wald ratio,1,-0.102,0.033,0.903,0.00213,NA,NA,NA,0.021544405
NLRP1,Brain Cortex,SCZ,Wald ratio,1,-0.071,0.023,0.931,0.00221,NA,NA,NA,0.345586445
CFI,Brain Cortex,SCZ,Wald ratio,1,-0.086,0.028,0.918,0.00223,NA,NA,NA,0.041068265
BDNF,Brain Cortex,SCZ,Wald ratio,1,-0.074,0.024,0.928,0.00226,NA,NA,NA,0.327750511
DAPK2,Brain Cortex,SCZ,Wald ratio,1,-0.036,0.012,0.965,0.00229,NA,NA,NA,0.338862851
WDR25,Brain Cortex,SCZ,Wald ratio,1,0.086,0.028,1.09,0.00232,NA,NA,NA,0.31264365
MAP2K7,Brain Cortex,SCZ,Wald ratio,1,0.093,0.03,1.097,0.00233,NA,NA,NA,0.314524703
CCDC3,Brain Cortex,SCZ,Wald ratio,1,-0.082,0.027,0.921,0.00233,NA,NA,NA,0.018782808
TRDMT1,Brain Cortex,SCZ,Wald ratio,1,0.074,0.024,1.077,0.00235,NA,NA,NA,0.320127912
HSPA12A,Brain Cortex,SCZ,Wald ratio,1,0.079,0.026,1.082,0.00241,NA,NA,NA,0.007923785
KYAT1,Brain Cortex,SCZ,Wald ratio,1,-0.046,0.015,0.955,0.00245,NA,NA,NA,0.327029054
PLBD1,Brain Cortex,SCZ,Wald ratio,1,0.052,0.018,1.054,0.0029,NA,NA,NA,0.277532447
REEP3,Brain Cortex,SCZ,Wald ratio,1,0.068,0.023,1.07,0.0029,NA,NA,NA,0.036639731
UNG,Brain Cortex,SCZ,Wald ratio,1,-0.28,0.095,0.756,0.00332,NA,NA,NA,0.824802859
WWOX,Brain Cortex,SCZ,Wald ratio,1,-0.139,0.048,0.871,0.00372,NA,NA,NA,0.007598808
KIRREL3,Brain Cortex,SCZ,Wald ratio,1,0.035,0.012,1.036,0.00381,NA,NA,NA,0.005364376
LINC01234,Brain Cortex,SCZ,Wald ratio,1,-0.164,0.057,0.848,0.00384,NA,NA,NA,0.047094151
JAK1,Brain Cortex,SCZ,Wald ratio,1,-0.106,0.037,0.9,0.00403,NA,NA,NA,0.006077362
WDR95P,Brain Cortex,SCZ,Wald ratio,1,0.099,0.035,1.104,0.00404,NA,NA,NA,0.011255333
HMGA2,Brain Cortex,SCZ,Wald ratio,1,0.086,0.03,1.089,0.00415,NA,NA,NA,0.308002285
MYO5A,Brain Cortex,SCZ,Wald ratio,1,0.092,0.032,1.097,0.00417,NA,NA,NA,0.021771063
ELAC2,Brain Cortex,SCZ,Wald ratio,1,-0.07,0.025,0.932,0.00432,NA,NA,NA,0.272435675
MYO16,Brain Cortex,SCZ,Wald ratio,1,-0.059,0.021,0.942,0.00436,NA,NA,NA,0.471775832
LRRC4B,Brain Cortex,SCZ,Wald ratio,1,0.076,0.027,1.078,0.00444,NA,NA,NA,0.20329176
LHFPL6,Brain Cortex,SCZ,Wald ratio,1,-0.203,0.071,0.816,0.0045,NA,NA,NA,0.010613154
DHRS4-AS1,Brain Cortex,SCZ,Wald ratio,1,0.176,0.062,1.192,0.00467,NA,NA,NA,0.057334509
SORBS2,Brain Cortex,SCZ,Inverse variance weighted,2,-0.073,0.026,0.93,0.00468,NA,0.927879066,NA,0.007281052
NALCN-AS1,Brain Cortex,SCZ,Wald ratio,1,0.056,0.02,1.058,0.00469,NA,NA,NA,0.190245612
ARHGAP12,Brain Cortex,SCZ,Wald ratio,1,-0.04,0.014,0.961,0.00472,NA,NA,NA,0.187745824
LINC02743,Brain Cortex,SCZ,Wald ratio,1,0.089,0.032,1.093,0.00476,NA,NA,NA,0.193277718
ENSG00000237372,Brain Cortex,SCZ,Wald ratio,1,0.043,0.015,1.044,0.00479,NA,NA,NA,0.190603701
GABBR2,Brain Cortex,SCZ,Wald ratio,1,-0.115,0.041,0.891,0.00481,NA,NA,NA,0.986584363
LCMT2,Brain Cortex,SCZ,Wald ratio,1,-0.08,0.028,0.923,0.00496,NA,NA,NA,0.01132803
PHKB,Brain Cortex,SCZ,Wald ratio,1,0.194,0.069,1.214,0.005,NA,NA,NA,0.347226548
TCERG1L,Brain Cortex,SCZ,Wald ratio,1,-0.055,0.02,0.946,0.00514,NA,NA,NA,0.212446676
TTC41P,Brain Cortex,SCZ,Wald ratio,1,0.106,0.038,1.112,0.0052,NA,NA,NA,0.005912216
RBFOX1,Brain Cortex,SCZ,Wald ratio,1,-0.042,0.015,0.959,0.00535,NA,NA,NA,0.026435804
PKNOX2,Brain Cortex,SCZ,Wald ratio,1,-0.225,0.081,0.798,0.00554,NA,NA,NA,0.008888405
RAB27A,Brain Cortex,SCZ,Wald ratio,1,-0.043,0.016,0.958,0.00561,NA,NA,NA,0.166640564
DNM1,Brain Cortex,SCZ,Wald ratio,1,-0.086,0.031,0.917,0.00562,NA,NA,NA,0.232963919
TMEM132B,Brain Cortex,SCZ,Wald ratio,1,0.056,0.02,1.057,0.00581,NA,NA,NA,0.00568968
C2orf69,Brain Cortex,SCZ,Wald ratio,1,-0.026,0.009,0.975,0.00586,NA,NA,NA,0.159657602
SGCG,Brain Cortex,SCZ,Wald ratio,1,0.054,0.02,1.055,0.00618,NA,NA,NA,0.02218847
ENSG00000291058,Brain Cortex,SCZ,Wald ratio,1,-0.196,0.072,0.822,0.00627,NA,NA,NA,0.324604953
RBM20,Brain Cortex,SCZ,Wald ratio,1,-0.03,0.011,0.971,0.00649,NA,NA,NA,0.153443346
MKX,Brain Cortex,SCZ,Inverse variance weighted,2,0.09,0.033,1.094,0.00652,NA,0.881536378,NA,0.021752806
ENSG00000238280,Brain Cortex,SCZ,Wald ratio,1,-0.112,0.041,0.894,0.00669,NA,NA,NA,0.195545601
GABRB3,Brain Cortex,SCZ,Wald ratio,1,0.073,0.027,1.076,0.00681,NA,NA,NA,0.008688914
RNU1-47P,Brain Cortex,SCZ,Wald ratio,1,-0.036,0.013,0.964,0.00703,NA,NA,NA,0.147143936
SLC24A4,Brain Cortex,SCZ,Wald ratio,1,-0.144,0.054,0.866,0.00712,NA,NA,NA,0.004724571
BDNF-AS,Brain Cortex,SCZ,Wald ratio,1,0.082,0.031,1.086,0.0072,NA,NA,NA,0.149659993
USP2-AS1,Brain Cortex,SCZ,Wald ratio,1,-0.069,0.026,0.934,0.00738,NA,NA,NA,0.016154534
KRT83,Brain Cortex,SCZ,Wald ratio,1,-0.031,0.012,0.969,0.00749,NA,NA,NA,0.005378245
SHISA6,Brain Cortex,SCZ,Wald ratio,1,-0.149,0.056,0.862,0.00786,NA,NA,NA,0.006014519
RPS6KL1,Brain Cortex,SCZ,Wald ratio,1,-0.039,0.015,0.962,0.00802,NA,NA,NA,0.129183596
ENSG00000285935,Brain Cortex,SCZ,Wald ratio,1,-0.054,0.02,0.947,0.00802,NA,NA,NA,0.004527174
KCNIP4,Brain Cortex,SCZ,Wald ratio,1,-0.059,0.023,0.943,0.00866,NA,NA,NA,0.005787429
ENTPD1-AS1,Brain Cortex,SCZ,Inverse variance weighted,2,-0.057,0.022,0.945,0.00893,NA,0.770698217,NA,0.029059806
HAPSTR1,Brain Cortex,SCZ,Wald ratio,1,0.227,0.087,1.255,0.00894,NA,NA,NA,0.298912128
PCSK6,Brain Cortex,SCZ,Wald ratio,1,-0.041,0.016,0.959,0.00905,NA,NA,NA,0.015946598
SYT1,Brain Cortex,SCZ,Wald ratio,1,0.077,0.03,1.08,0.00911,NA,NA,NA,0.131468306
CELF2,Brain Cortex,SCZ,Wald ratio,1,-0.079,0.031,0.924,0.00938,NA,NA,NA,0.010303931
ATXN10,Brain Cortex,SCZ,Wald ratio,1,0.104,0.04,1.109,0.00956,NA,NA,NA,0.16195832
KNDC1,Brain Cortex,SCZ,Wald ratio,1,-0.052,0.02,0.949,0.0096,NA,NA,NA,0.004550309
CELF4,Brain Cortex,SCZ,Wald ratio,1,0.083,0.032,1.087,0.00995,NA,NA,NA,0.009438478
NBAS,Brain Cortex,SCZ,Wald ratio,1,0.043,0.017,1.044,0.01,NA,NA,NA,0.119212761
RASSF9,Brain Cortex,SCZ,Wald ratio,1,0.067,0.026,1.069,0.01,NA,NA,NA,0.133331243
PSEN1,Brain Cortex,SCZ,Wald ratio,1,-0.255,0.099,0.775,0.0102,NA,NA,NA,0.008667556
DNAJC17,Brain Cortex,SCZ,Wald ratio,1,-0.025,0.01,0.975,0.0104,NA,NA,NA,0.105132229
TSPAN8,Brain Cortex,SCZ,Wald ratio,1,0.044,0.017,1.045,0.0108,NA,NA,NA,0.102399613
CACNG7,Brain Cortex,SCZ,Wald ratio,1,0.084,0.033,1.088,0.011,NA,NA,NA,0.103969313
SMOC1,Brain Cortex,SCZ,Wald ratio,1,0.061,0.024,1.063,0.0111,NA,NA,NA,0.008175841
ANO4,Brain Cortex,SCZ,Wald ratio,1,0.073,0.029,1.076,0.0112,NA,NA,NA,0.234154513
RASGRF1,Brain Cortex,SCZ,Wald ratio,1,-0.07,0.028,0.933,0.0114,NA,NA,NA,0.005710738
NCS1,Brain Cortex,SCZ,Wald ratio,1,-0.039,0.016,0.962,0.0119,NA,NA,NA,0.004468267
CDH8,Brain Cortex,SCZ,Wald ratio,1,-0.039,0.016,0.962,0.0122,NA,NA,NA,0.090718906
PRKD1,Brain Cortex,SCZ,Wald ratio,1,0.077,0.031,1.08,0.0122,NA,NA,NA,0.069724947
COL5A1,Brain Cortex,SCZ,Wald ratio,1,-0.152,0.061,0.859,0.0127,NA,NA,NA,0.183535591
FOXN3,Brain Cortex,SCZ,Wald ratio,1,-0.052,0.021,0.949,0.0134,NA,NA,NA,0.009720246
SCFD2,Brain Cortex,SCZ,Wald ratio,1,0.066,0.027,1.068,0.0142,NA,NA,NA,0.07965958
CKAP4,Brain Cortex,SCZ,Wald ratio,1,0.112,0.046,1.119,0.0144,NA,NA,NA,0.138907303
TDRD3,Brain Cortex,SCZ,Wald ratio,1,0.066,0.027,1.069,0.0144,NA,NA,NA,0.085192694
RBBP6,Brain Cortex,SCZ,Wald ratio,1,-0.07,0.029,0.933,0.0152,NA,NA,NA,0.084900456
ENSG00000226197,Brain Cortex,SCZ,Wald ratio,1,-0.053,0.022,0.948,0.0154,NA,NA,NA,0.079335408
ZZEF1,Brain Cortex,SCZ,Wald ratio,1,0.029,0.012,1.03,0.0155,NA,NA,NA,0.039067738
RBM19,Brain Cortex,SCZ,Wald ratio,1,-0.029,0.012,0.971,0.0156,NA,NA,NA,0.073832651
BUB3,Brain Cortex,SCZ,Wald ratio,1,0.091,0.038,1.095,0.0162,NA,NA,NA,0.008682902
TMIGD2,Brain Cortex,SCZ,Wald ratio,1,0.08,0.033,1.083,0.0163,NA,NA,NA,0.086549931
ABCC8,Brain Cortex,SCZ,Wald ratio,1,-0.061,0.026,0.941,0.0166,NA,NA,NA,0.005117106
NTMT1,Brain Cortex,SCZ,Wald ratio,1,-0.036,0.015,0.965,0.0175,NA,NA,NA,0.068354968
LARGE2,Brain Cortex,SCZ,Wald ratio,1,-0.083,0.035,0.921,0.0176,NA,NA,NA,0.116160634
LINC02718,Brain Cortex,SCZ,Wald ratio,1,-0.055,0.023,0.947,0.0176,NA,NA,NA,0.097556228
NRXN2,Brain Cortex,SCZ,Wald ratio,1,0.037,0.016,1.038,0.0177,NA,NA,NA,0.005984994
SIX1,Brain Cortex,SCZ,Wald ratio,1,-0.184,0.078,0.832,0.0179,NA,NA,NA,0.16260759
LINC02299,Brain Cortex,SCZ,Wald ratio,1,0.048,0.02,1.049,0.0181,NA,NA,NA,0.074324496
NTM,Brain Cortex,SCZ,Wald ratio,1,0.053,0.023,1.055,0.0182,NA,NA,NA,0.006088117
PLCB2,Brain Cortex,SCZ,Wald ratio,1,-0.079,0.034,0.924,0.0193,NA,NA,NA,0.071213443
ENSG00000286345,Brain Cortex,SCZ,Wald ratio,1,-0.071,0.03,0.931,0.0194,NA,NA,NA,0.109117119
ENSG00000259072,Brain Cortex,SCZ,Wald ratio,1,-0.05,0.021,0.951,0.0196,NA,NA,NA,0.061793532
CCDC6,Brain Cortex,SCZ,Wald ratio,1,0.024,0.01,1.025,0.0196,NA,NA,NA,0.007846026
TMC6,Brain Cortex,SCZ,Wald ratio,1,0.047,0.02,1.048,0.0196,NA,NA,NA,0.093741654
ZNF516,Brain Cortex,SCZ,Wald ratio,1,0.065,0.028,1.067,0.0198,NA,NA,NA,0.061839683
ARNT2,Brain Cortex,SCZ,Wald ratio,1,-0.028,0.012,0.973,0.0202,NA,NA,NA,0.066072874
DLGAP5,Brain Cortex,SCZ,Wald ratio,1,0.027,0.012,1.028,0.0202,NA,NA,NA,0.060230408
PRKCQ-AS1,Brain Cortex,SCZ,Wald ratio,1,-0.069,0.03,0.933,0.0203,NA,NA,NA,0.073889912
DHCR7,Brain Cortex,SCZ,Wald ratio,1,0.029,0.013,1.03,0.0204,NA,NA,NA,0.066253332
JPH3,Brain Cortex,SCZ,Wald ratio,1,0.077,0.033,1.08,0.0207,NA,NA,NA,0.006715244
ENTREP1,Brain Cortex,SCZ,Wald ratio,1,0.037,0.016,1.038,0.0207,NA,NA,NA,0.066496022
RBFOX3,Brain Cortex,SCZ,Wald ratio,1,-0.052,0.023,0.949,0.0213,NA,NA,NA,0.014801052
DIP2C,Brain Cortex,SCZ,Wald ratio,1,-0.03,0.013,0.971,0.0215,NA,NA,NA,0.018805349
GJD2-DT,Brain Cortex,SCZ,Wald ratio,1,-0.033,0.014,0.967,0.0217,NA,NA,NA,0.05748933
PTPN5,Brain Cortex,SCZ,Wald ratio,1,-0.025,0.011,0.976,0.0221,NA,NA,NA,0.061994306
CMIP,Brain Cortex,SCZ,Wald ratio,1,0.054,0.024,1.056,0.0223,NA,NA,NA,0.009918107
ENSG00000262801,Brain Cortex,SCZ,Wald ratio,1,0.068,0.03,1.071,0.0224,NA,NA,NA,0.056070062
CSAD,Brain Cortex,SCZ,Wald ratio,1,-0.097,0.043,0.907,0.0224,NA,NA,NA,0.004341017
CDH23,Brain Cortex,SCZ,Wald ratio,1,-0.032,0.014,0.969,0.0225,NA,NA,NA,0.011996921
LINC02731,Brain Cortex,SCZ,Wald ratio,1,-0.071,0.031,0.932,0.0231,NA,NA,NA,0.056904623
VDR,Brain Cortex,SCZ,Wald ratio,1,0.074,0.032,1.076,0.0232,NA,NA,NA,0.004799698
OPCML,Brain Cortex,SCZ,Wald ratio,1,0.076,0.034,1.079,0.0236,NA,NA,NA,0.040131942
DOK6,Brain Cortex,SCZ,Wald ratio,1,0.063,0.028,1.065,0.024,NA,NA,NA,0.010529065
RAB3IP,Brain Cortex,SCZ,Wald ratio,1,0.088,0.039,1.092,0.024,NA,NA,NA,0.098453322
MIR3667HG,Brain Cortex,SCZ,Wald ratio,1,0.032,0.014,1.032,0.0242,NA,NA,NA,0.010474893
FHAD1,Brain Cortex,SCZ,Wald ratio,1,-0.06,0.027,0.942,0.0243,NA,NA,NA,0.005964991
NDUFB6,Brain Cortex,SCZ,Wald ratio,1,-0.043,0.019,0.958,0.0244,NA,NA,NA,0.052149193
NCOR2,Brain Cortex,SCZ,Wald ratio,1,-0.048,0.021,0.953,0.0246,NA,NA,NA,0.013164283
CCDC88C,Brain Cortex,SCZ,Wald ratio,1,0.109,0.049,1.115,0.0247,NA,NA,NA,0.005723573
C13orf42,Brain Cortex,SCZ,Wald ratio,1,0.045,0.02,1.046,0.0252,NA,NA,NA,0.050907593
ENTREP2,Brain Cortex,SCZ,Wald ratio,1,0.042,0.019,1.043,0.0252,NA,NA,NA,0.065470257
NOS1,Brain Cortex,SCZ,Wald ratio,1,-0.039,0.018,0.961,0.0258,NA,NA,NA,0.006534229
PYGB,Brain Cortex,SCZ,Wald ratio,1,0.221,0.099,1.248,0.0258,NA,NA,NA,0.138113518
CRACR2A,Brain Cortex,SCZ,Wald ratio,1,-0.059,0.026,0.943,0.0259,NA,NA,NA,0.067790224
EBF3,Brain Cortex,SCZ,Wald ratio,1,-0.047,0.021,0.954,0.026,NA,NA,NA,0.033181496
AVEN,Brain Cortex,SCZ,Wald ratio,1,0.031,0.014,1.032,0.027,NA,NA,NA,0.049034158
RPH3AL,Brain Cortex,SCZ,Wald ratio,1,0.069,0.031,1.071,0.0275,NA,NA,NA,0.0473511
ARPC3,Brain Cortex,SCZ,Wald ratio,1,0.082,0.037,1.086,0.0277,NA,NA,NA,0.089482774
DENND5A,Brain Cortex,SCZ,Wald ratio,1,0.152,0.069,1.164,0.0282,NA,NA,NA,0.020525211
SDC3,Brain Cortex,SCZ,Wald ratio,1,0.039,0.018,1.04,0.0283,NA,NA,NA,0.046177004
LRRC4C,Brain Cortex,SCZ,Wald ratio,1,-0.062,0.028,0.939,0.0284,NA,NA,NA,0.063942988
RNLS,Brain Cortex,SCZ,Wald ratio,1,-0.051,0.023,0.951,0.0285,NA,NA,NA,0.046501727
MIR100HG,Brain Cortex,SCZ,Wald ratio,1,0.032,0.015,1.033,0.0288,NA,NA,NA,0.008988777
KAZN,Brain Cortex,SCZ,Wald ratio,1,0.059,0.027,1.061,0.0289,NA,NA,NA,0.007845439
CNTN5,Brain Cortex,SCZ,Wald ratio,1,0.054,0.025,1.056,0.0289,NA,NA,NA,0.04733834
SCART1,Brain Cortex,SCZ,Wald ratio,1,-0.152,0.07,0.859,0.0295,NA,NA,NA,0.11718525
BAIAP2,Brain Cortex,SCZ,Wald ratio,1,-0.076,0.035,0.927,0.0297,NA,NA,NA,0.062158765
AQP6,Brain Cortex,SCZ,Wald ratio,1,0.065,0.03,1.068,0.0297,NA,NA,NA,0.007119056
AIF1L,Brain Cortex,SCZ,Wald ratio,1,-0.039,0.018,0.962,0.03,NA,NA,NA,0.005267585
ADGRE3,Brain Cortex,SCZ,Wald ratio,1,-0.044,0.02,0.957,0.0302,NA,NA,NA,0.044343506
PFKFB3,Brain Cortex,SCZ,Wald ratio,1,-0.073,0.034,0.929,0.0308,NA,NA,NA,0.009445871
RRM2,Brain Cortex,SCZ,Wald ratio,1,-0.03,0.014,0.971,0.031,NA,NA,NA,0.046517515
SORCS1,Brain Cortex,SCZ,Wald ratio,1,0.104,0.048,1.109,0.0312,NA,NA,NA,0.010507466
ENSG00000273259,Brain Cortex,SCZ,Wald ratio,1,0.052,0.024,1.053,0.0315,NA,NA,NA,0.005223883
SLCO3A1,Brain Cortex,SCZ,Wald ratio,1,0.075,0.035,1.078,0.0321,NA,NA,NA,0.071900855
SNPH,Brain Cortex,SCZ,Wald ratio,1,0.023,0.011,1.024,0.0322,NA,NA,NA,0.043357917
PALM2AKAP2,Brain Cortex,SCZ,Wald ratio,1,0.091,0.043,1.096,0.0324,NA,NA,NA,0.007031881
CDKN2B-AS1,Brain Cortex,SCZ,Wald ratio,1,0.054,0.025,1.056,0.0324,NA,NA,NA,0.040468284
FRMD6-AS2,Brain Cortex,SCZ,Wald ratio,1,0.025,0.012,1.025,0.0326,NA,NA,NA,0.040759876
ENSG00000286757,Brain Cortex,SCZ,Wald ratio,1,-0.066,0.031,0.936,0.0326,NA,NA,NA,0.064612317
CELF2-DT,Brain Cortex,SCZ,Wald ratio,1,-0.039,0.018,0.962,0.0327,NA,NA,NA,0.041068265
HID1,Brain Cortex,SCZ,Wald ratio,1,0.1,0.047,1.105,0.0339,NA,NA,NA,0.086976112
ERC1,Brain Cortex,SCZ,Wald ratio,1,0.026,0.012,1.026,0.034,NA,NA,NA,0.044903727
VAX1,Brain Cortex,SCZ,Wald ratio,1,0.078,0.037,1.081,0.034,NA,NA,NA,0.051991209
ENSG00000228809,Brain Cortex,SCZ,Wald ratio,1,-0.164,0.078,0.849,0.0343,NA,NA,NA,0.134077837
LHPP,Brain Cortex,SCZ,Wald ratio,1,0.048,0.023,1.049,0.0346,NA,NA,NA,0.805463297
CFAP54,Brain Cortex,SCZ,Wald ratio,1,-0.033,0.016,0.967,0.0346,NA,NA,NA,0.004779321
ANKLE2,Brain Cortex,SCZ,Wald ratio,1,0.133,0.063,1.142,0.0351,NA,NA,NA,0.077500747
TTC7B,Brain Cortex,SCZ,Wald ratio,1,0.052,0.025,1.054,0.0356,NA,NA,NA,0.004475607
AGAP1,Brain Cortex,SCZ,Wald ratio,1,-0.03,0.014,0.971,0.0356,NA,NA,NA,0.013020331
PDZRN4,Brain Cortex,SCZ,Wald ratio,1,0.038,0.018,1.039,0.0356,NA,NA,NA,0.042432283
SORCS2,Brain Cortex,SCZ,Wald ratio,1,0.042,0.02,1.043,0.0356,NA,NA,NA,0.025042589
SYNM,Brain Cortex,SCZ,Wald ratio,1,0.123,0.059,1.131,0.0358,NA,NA,NA,0.007677886
SLC34A3,Brain Cortex,SCZ,Wald ratio,1,0.13,0.062,1.139,0.0366,NA,NA,NA,0.071512629
ME3,Brain Cortex,SCZ,Wald ratio,1,-0.057,0.027,0.944,0.0367,NA,NA,NA,0.068120855
ZDHHC7,Brain Cortex,SCZ,Wald ratio,1,-0.044,0.021,0.957,0.0374,NA,NA,NA,0.040736903
DLEU1,Brain Cortex,SCZ,Wald ratio,1,0.021,0.01,1.021,0.0385,NA,NA,NA,0.035502354
FAM216B,Brain Cortex,SCZ,Wald ratio,1,0.033,0.016,1.033,0.0388,NA,NA,NA,0.036461265
TIGAR,Brain Cortex,SCZ,Wald ratio,1,-0.078,0.038,0.925,0.0395,NA,NA,NA,0.012864745
ADARB2,Brain Cortex,SCZ,Wald ratio,1,0.088,0.043,1.092,0.0402,NA,NA,NA,0.006000918
RAPGEF3,Brain Cortex,SCZ,Inverse variance weighted,2,-0.042,0.02,0.959,0.0404,NA,0.495722201,NA,0.030311053
HDAC7,Brain Cortex,SCZ,Inverse variance weighted,2,-0.042,0.02,0.959,0.0404,NA,0.495722201,NA,0.015299408
DGLUCY,Brain Cortex,SCZ,Wald ratio,1,0.034,0.017,1.035,0.0408,NA,NA,NA,0.034612458
ENSG00000225489,Brain Cortex,SCZ,Wald ratio,1,-0.03,0.015,0.97,0.0414,NA,NA,NA,0.038580702
ENSG00000254951,Brain Cortex,SCZ,Wald ratio,1,-0.059,0.029,0.942,0.0415,NA,NA,NA,0.007725873
CD274,Brain Cortex,SCZ,Wald ratio,1,-0.051,0.025,0.95,0.0415,NA,NA,NA,0.039932465
ATP8A2,Brain Cortex,SCZ,Wald ratio,1,0.052,0.026,1.054,0.042,NA,NA,NA,0.023864717
SOS2,Brain Cortex,SCZ,Wald ratio,1,-0.024,0.012,0.977,0.0421,NA,NA,NA,0.005067811
GPRIN3,Brain Cortex,SCZ,Wald ratio,1,0.06,0.03,1.062,0.0425,NA,NA,NA,0.031530526
PLEKHA7,Brain Cortex,SCZ,Wald ratio,1,0.045,0.022,1.046,0.0431,NA,NA,NA,0.033469607
TMEM132D,Brain Cortex,SCZ,Wald ratio,1,0.045,0.022,1.046,0.0438,NA,NA,NA,0.045417843
AQP3,Brain Cortex,SCZ,Wald ratio,1,-0.101,0.05,0.904,0.0439,NA,NA,NA,0.067938933
COL15A1,Brain Cortex,SCZ,Wald ratio,1,0.043,0.022,1.044,0.0439,NA,NA,NA,0.047664754
DMRTA1,Brain Cortex,SCZ,Wald ratio,1,0.167,0.083,1.182,0.0445,NA,NA,NA,0.017683107
RRP1,Brain Cortex,SCZ,Wald ratio,1,0.055,0.028,1.057,0.0455,NA,NA,NA,0.036092626
CD44,Brain Cortex,SCZ,Wald ratio,1,0.059,0.03,1.061,0.0462,NA,NA,NA,0.051478632
MCF2L,Brain Cortex,SCZ,Wald ratio,1,0.046,0.023,1.047,0.0464,NA,NA,NA,0.040790965
EML1,Brain Cortex,SCZ,Wald ratio,1,0.178,0.09,1.195,0.0473,NA,NA,NA,0.092688075
LINC02752,Brain Cortex,SCZ,Wald ratio,1,-0.064,0.032,0.938,0.048,NA,NA,NA,0.029983873
TDRD7,Brain Cortex,SCZ,Wald ratio,1,0.194,0.099,1.215,0.0485,NA,NA,NA,0.019385049
EIF3F,Brain Cortex,SCZ,Wald ratio,1,-0.151,0.077,0.86,0.049,NA,NA,NA,0.005338434
STX2,Brain Cortex,SCZ,Wald ratio,1,0.053,0.027,1.054,0.0492,NA,NA,NA,0.013329705
MYH11,Brain Cortex,SCZ,Wald ratio,1,-0.062,0.031,0.94,0.0493,NA,NA,NA,0.00542823
NXN,Brain Cortex,SCZ,Wald ratio,1,0.023,0.012,1.023,0.0493,NA,NA,NA,0.004864073
PTCH1,Brain Cortex,SCZ,Wald ratio,1,-0.098,0.05,0.906,0.0493,NA,NA,NA,0.047086632
CD9,Brain Cortex,SCZ,Wald ratio,1,0.026,0.013,1.026,0.0494,NA,NA,NA,0.015035825
CCDC9B,Brain Cortex,SCZ,Wald ratio,1,0.154,0.079,1.166,0.0509,NA,NA,NA,0.064027532
FHIP2A,Brain Cortex,SCZ,Wald ratio,1,0.054,0.028,1.055,0.0519,NA,NA,NA,0.028457724
SOX9-AS1,Brain Cortex,SCZ,Wald ratio,1,-0.035,0.018,0.966,0.0521,NA,NA,NA,0.028090674
ITGA7,Brain Cortex,SCZ,Wald ratio,1,-0.047,0.024,0.954,0.0521,NA,NA,NA,0.033266538
ENSG00000289436,Brain Cortex,SCZ,Wald ratio,1,0.043,0.022,1.044,0.0522,NA,NA,NA,0.027433265
CAMK1D,Brain Cortex,SCZ,Wald ratio,1,0.228,0.118,1.256,0.0532,NA,NA,NA,0.041798323
DCDC1,Brain Cortex,SCZ,Wald ratio,1,-0.019,0.01,0.981,0.0533,NA,NA,NA,0.027872987
KIAA1217,Brain Cortex,SCZ,Wald ratio,1,-0.085,0.044,0.918,0.0536,NA,NA,NA,0.004529374
PGAP4,Brain Cortex,SCZ,Wald ratio,1,-0.048,0.025,0.953,0.0543,NA,NA,NA,0.043937711
B4GALT1,Brain Cortex,SCZ,Wald ratio,1,-0.024,0.013,0.976,0.0543,NA,NA,NA,0.028639636
FBN1,Brain Cortex,SCZ,Wald ratio,1,0.056,0.029,1.058,0.0551,NA,NA,NA,0.009300599
LINC02823,Brain Cortex,SCZ,Wald ratio,1,-0.039,0.02,0.962,0.0553,NA,NA,NA,0.028782099
RFLNA,Brain Cortex,SCZ,Wald ratio,1,0.115,0.06,1.121,0.0557,NA,NA,NA,0.053251408
RHCG,Brain Cortex,SCZ,Wald ratio,1,-0.033,0.017,0.967,0.0559,NA,NA,NA,0.004868246
ENSG00000259345,Brain Cortex,SCZ,Wald ratio,1,-0.098,0.051,0.907,0.0564,NA,NA,NA,0.009067982
DNHD1,Brain Cortex,SCZ,Wald ratio,1,-0.05,0.026,0.951,0.0587,NA,NA,NA,0.026317669
SPON1,Brain Cortex,SCZ,Wald ratio,1,0.05,0.027,1.052,0.06,NA,NA,NA,0.019081472
TLK1,Brain Cortex,SCZ,Wald ratio,1,0.032,0.017,1.033,0.0605,NA,NA,NA,0.027306495
ENSG00000280367,Brain Cortex,SCZ,Wald ratio,1,0.022,0.012,1.022,0.0613,NA,NA,NA,0.02594773
RTN4RL1,Brain Cortex,SCZ,Wald ratio,1,0.055,0.029,1.056,0.0619,NA,NA,NA,0.006541818
MCFD2,Brain Cortex,SCZ,Wald ratio,1,0.046,0.025,1.047,0.0624,NA,NA,NA,0.030077352
HEATR5A,Brain Cortex,SCZ,Wald ratio,1,-0.021,0.011,0.979,0.0626,NA,NA,NA,0.007330852
VPS26B,Brain Cortex,SCZ,Wald ratio,1,0.125,0.067,1.133,0.0629,NA,NA,NA,0.055557147
ANHX,Brain Cortex,SCZ,Wald ratio,1,0.06,0.032,1.061,0.0642,NA,NA,NA,0.015974433
ENSG00000257252,Brain Cortex,SCZ,Wald ratio,1,-0.058,0.031,0.944,0.0648,NA,NA,NA,0.035950716
GABRG3,Brain Cortex,SCZ,Wald ratio,1,0.038,0.02,1.038,0.0649,NA,NA,NA,0.02428239
MICAL2,Brain Cortex,SCZ,Wald ratio,1,0.031,0.017,1.031,0.0652,NA,NA,NA,0.013219956
ZNF710,Brain Cortex,SCZ,Wald ratio,1,0.028,0.015,1.028,0.0653,NA,NA,NA,0.004773512
ENSG00000257060,Brain Cortex,SCZ,Wald ratio,1,-0.049,0.027,0.952,0.0654,NA,NA,NA,0.0425009
LINC00598,Brain Cortex,SCZ,Wald ratio,1,-0.091,0.049,0.913,0.0661,NA,NA,NA,0.004685774
PRTG,Brain Cortex,SCZ,Wald ratio,1,0.028,0.015,1.028,0.0661,NA,NA,NA,0.022652749
ATP8B4,Brain Cortex,SCZ,Wald ratio,1,-0.056,0.03,0.946,0.0662,NA,NA,NA,0.02566153
PARD3,Brain Cortex,SCZ,Wald ratio,1,-0.038,0.021,0.962,0.0675,NA,NA,NA,0.01616664
RNF212B,Brain Cortex,SCZ,Wald ratio,1,0.037,0.02,1.038,0.0675,NA,NA,NA,0.024034024
ATP12A,Brain Cortex,SCZ,Wald ratio,1,0.05,0.027,1.051,0.0679,NA,NA,NA,0.045666643
CCDC65,Brain Cortex,SCZ,Wald ratio,1,-0.046,0.025,0.955,0.0679,NA,NA,NA,0.00930064
NAV2,Brain Cortex,SCZ,Wald ratio,1,0.085,0.047,1.089,0.0683,NA,NA,NA,0.004527941
ENSG00000266765,Brain Cortex,SCZ,Wald ratio,1,0.096,0.053,1.101,0.0685,NA,NA,NA,0.037705963
DPP10,Brain Cortex,SCZ,Wald ratio,1,0.027,0.015,1.027,0.0686,NA,NA,NA,0.024210745
GAS7,Brain Cortex,SCZ,Wald ratio,1,-0.038,0.021,0.963,0.069,NA,NA,NA,0.02655588
TCTN2,Brain Cortex,SCZ,Wald ratio,1,0.05,0.028,1.051,0.069,NA,NA,NA,0.022375649
CNGB1,Brain Cortex,SCZ,Wald ratio,1,0.137,0.076,1.147,0.0702,NA,NA,NA,0.049300862
SNRPN,Brain Cortex,SCZ,Wald ratio,1,0.045,0.025,1.046,0.0705,NA,NA,NA,0.008571275
HSD17B6,Brain Cortex,SCZ,Wald ratio,1,-0.043,0.024,0.958,0.0705,NA,NA,NA,0.034568651
SARDH,Brain Cortex,SCZ,Wald ratio,1,-0.026,0.014,0.974,0.0709,NA,NA,NA,0.023107498
AQP2,Brain Cortex,SCZ,Wald ratio,1,0.076,0.042,1.079,0.0716,NA,NA,NA,0.027186977
GLYATL2,Brain Cortex,SCZ,Wald ratio,1,-0.042,0.023,0.959,0.0718,NA,NA,NA,0.010793797
ANKAR,Brain Cortex,SCZ,Wald ratio,1,-0.031,0.017,0.969,0.0724,NA,NA,NA,0.023888475
ASIC2,Brain Cortex,SCZ,Wald ratio,1,0.046,0.026,1.047,0.0736,NA,NA,NA,0.021712393
DIPK1C,Brain Cortex,SCZ,Wald ratio,1,-0.068,0.038,0.934,0.0742,NA,NA,NA,0.006893456
MEG3,Brain Cortex,SCZ,Wald ratio,1,-0.18,0.101,0.835,0.0752,NA,NA,NA,0.069228857
NR2F2-AS1,Brain Cortex,SCZ,Wald ratio,1,-0.062,0.035,0.94,0.0753,NA,NA,NA,0.049069014
SVIL-AS1,Brain Cortex,SCZ,Wald ratio,1,0.05,0.028,1.051,0.0762,NA,NA,NA,0.011152954
INPP5A,Brain Cortex,SCZ,Wald ratio,1,-0.072,0.04,0.931,0.077,NA,NA,NA,0.024986826
CCDC60,Brain Cortex,SCZ,Wald ratio,1,-0.085,0.048,0.919,0.0774,NA,NA,NA,0.038527034
USP20,Brain Cortex,SCZ,Inverse variance weighted,2,0.05,0.029,1.052,0.0774,NA,0.649182595,NA,0.016314695
S1PR3,Brain Cortex,SCZ,Wald ratio,1,0.047,0.026,1.048,0.0777,NA,NA,NA,0.020583544
XPA,Brain Cortex,SCZ,Wald ratio,1,-0.045,0.026,0.956,0.0787,NA,NA,NA,0.020818012
RIOX1,Brain Cortex,SCZ,Wald ratio,1,-0.149,0.085,0.861,0.0791,NA,NA,NA,0.056548839
USH1C,Brain Cortex,SCZ,Wald ratio,1,0.03,0.017,1.031,0.0792,NA,NA,NA,0.010828047
ENSG00000285939,Brain Cortex,SCZ,Wald ratio,1,-0.07,0.04,0.932,0.0801,NA,NA,NA,0.026796341
SLC6A5,Brain Cortex,SCZ,Wald ratio,1,0.028,0.016,1.029,0.0805,NA,NA,NA,0.005064881
PPP4R4,Brain Cortex,SCZ,Wald ratio,1,-0.035,0.02,0.966,0.0816,NA,NA,NA,0.019792851
HTR2A,Brain Cortex,SCZ,Wald ratio,1,-0.11,0.063,0.896,0.0828,NA,NA,NA,0.047250805
TGOLN2,Brain Cortex,SCZ,Wald ratio,1,0.053,0.031,1.055,0.0836,NA,NA,NA,0.011044838
ENSG00000285367,Brain Cortex,SCZ,Wald ratio,1,-0.037,0.022,0.963,0.0855,NA,NA,NA,0.019064868
ENSG00000288571,Brain Cortex,SCZ,Wald ratio,1,-0.147,0.086,0.863,0.0856,NA,NA,NA,0.080562319
ENSG00000259162,Brain Cortex,SCZ,Wald ratio,1,-0.066,0.038,0.936,0.0865,NA,NA,NA,0.022181193
SEMA4D,Brain Cortex,SCZ,Wald ratio,1,-0.028,0.016,0.973,0.0874,NA,NA,NA,0.011486273
ADGRD1,Brain Cortex,SCZ,Wald ratio,1,-0.044,0.026,0.957,0.0876,NA,NA,NA,0.019417374
LINC00845,Brain Cortex,SCZ,Wald ratio,1,0.138,0.081,1.148,0.0877,NA,NA,NA,0.047043044
LRIG3,Brain Cortex,SCZ,Wald ratio,1,0.065,0.038,1.067,0.0879,NA,NA,NA,0.040568588
MUCL1,Brain Cortex,SCZ,Wald ratio,1,-0.02,0.012,0.98,0.0881,NA,NA,NA,0.021270343
PSMB7,Brain Cortex,SCZ,Wald ratio,1,-0.054,0.032,0.947,0.0889,NA,NA,NA,0.018085601
SHANK2,Brain Cortex,SCZ,Wald ratio,1,-0.05,0.029,0.951,0.09,NA,NA,NA,0.251270225
MYH6,Brain Cortex,SCZ,Wald ratio,1,0.059,0.035,1.061,0.0914,NA,NA,NA,0.047512915
PRPF6,Brain Cortex,SCZ,Wald ratio,1,0.037,0.022,1.038,0.092,NA,NA,NA,0.035542363
USP35,Brain Cortex,SCZ,Wald ratio,1,-0.027,0.016,0.973,0.0921,NA,NA,NA,0.022874951
ZNF304,Brain Cortex,SCZ,Wald ratio,1,0.039,0.023,1.04,0.0929,NA,NA,NA,0.019417374
KTN1,Brain Cortex,SCZ,Wald ratio,1,-0.044,0.026,0.957,0.093,NA,NA,NA,0.030636067
SLC46A2,Brain Cortex,SCZ,Inverse variance weighted,2,0.031,0.018,1.031,0.094,NA,0.53261478,NA,0.020401928
FRY,Brain Cortex,SCZ,Wald ratio,1,-0.095,0.057,0.909,0.0948,NA,NA,NA,0.004633078
VASH1,Brain Cortex,SCZ,Wald ratio,1,-0.031,0.019,0.969,0.0955,NA,NA,NA,0.017101112
CLNS1A,Brain Cortex,SCZ,Wald ratio,1,0.026,0.015,1.026,0.0955,NA,NA,NA,0.019958948
ANK2,Brain Cortex,SCZ,Wald ratio,1,0.031,0.019,1.032,0.0963,NA,NA,NA,0.011526926
DPF3,Brain Cortex,SCZ,Wald ratio,1,-0.044,0.027,0.957,0.0968,NA,NA,NA,0.018457645
CENPJ,Brain Cortex,SCZ,Wald ratio,1,0.03,0.018,1.031,0.0972,NA,NA,NA,0.017052859
OTUD7A,Brain Cortex,SCZ,Wald ratio,1,0.048,0.029,1.049,0.0975,NA,NA,NA,0.087967794
GPC6,Brain Cortex,SCZ,Wald ratio,1,0.036,0.022,1.037,0.0984,NA,NA,NA,0.005494484
CARD19,Brain Cortex,SCZ,Wald ratio,1,-0.12,0.072,0.887,0.0986,NA,NA,NA,0.011713119
NIN,Brain Cortex,SCZ,Wald ratio,1,0.045,0.027,1.046,0.0987,NA,NA,NA,0.005884554
ZC3H14,Brain Cortex,SCZ,Wald ratio,1,0.057,0.035,1.059,0.0997,NA,NA,NA,0.01819411
KCNQ1,Brain Cortex,SCZ,Wald ratio,1,0.033,0.02,1.034,0.1,NA,NA,NA,0.006599261
B4GALT6,Brain Cortex,SCZ,Wald ratio,1,0.037,0.022,1.038,0.1,NA,NA,NA,0.017031518
AP3M1,Brain Cortex,SCZ,Wald ratio,1,-0.028,0.017,0.972,0.1,NA,NA,NA,0.024115521
ENSG00000287231,Brain Cortex,SCZ,Wald ratio,1,-0.072,0.044,0.931,0.101,NA,NA,NA,0.026310076
ENSG00000289384,Brain Cortex,SCZ,Wald ratio,1,-0.034,0.021,0.967,0.103,NA,NA,NA,0.018293416
MIR9-3HG,Brain Cortex,SCZ,Wald ratio,1,0.054,0.033,1.055,0.103,NA,NA,NA,0.010543101
MEG9,Brain Cortex,SCZ,Wald ratio,1,0.051,0.031,1.052,0.104,NA,NA,NA,0.01957809
UBASH3A,Brain Cortex,SCZ,Wald ratio,1,-0.02,0.013,0.98,0.104,NA,NA,NA,0.016158358
POU2F3,Brain Cortex,SCZ,Wald ratio,1,-0.084,0.052,0.919,0.105,NA,NA,NA,0.00899058
ENSG00000288039,Brain Cortex,SCZ,Wald ratio,1,0.048,0.03,1.049,0.105,NA,NA,NA,0.01729904
KLF13,Brain Cortex,SCZ,Wald ratio,1,-0.03,0.019,0.97,0.106,NA,NA,NA,0.022962526
ENSG00000273674,Brain Cortex,SCZ,Wald ratio,1,-0.018,0.011,0.983,0.106,NA,NA,NA,0.009525221
LMO7,Brain Cortex,SCZ,Wald ratio,1,-0.033,0.02,0.968,0.107,NA,NA,NA,0.067315193
FRMD4A,Brain Cortex,SCZ,Wald ratio,1,0.027,0.017,1.028,0.107,NA,NA,NA,0.026604424
FAM234B,Brain Cortex,SCZ,Wald ratio,1,0.022,0.014,1.023,0.107,NA,NA,NA,0.021545026
GRIK4,Brain Cortex,SCZ,Wald ratio,1,-0.042,0.026,0.959,0.108,NA,NA,NA,0.004803224
VPS37B,Brain Cortex,SCZ,Wald ratio,1,-0.065,0.041,0.937,0.11,NA,NA,NA,0.02350251
ENSG00000286608,Brain Cortex,SCZ,Inverse variance weighted,2,0.049,0.031,1.05,0.11,NA,0.938514717,NA,0.013722613
FAIM2,Brain Cortex,SCZ,Wald ratio,1,0.152,0.095,1.164,0.11,NA,NA,NA,0.067488976
CHST11,Brain Cortex,SCZ,Wald ratio,1,0.037,0.023,1.038,0.111,NA,NA,NA,0.005137018
COLGALT2,Brain Cortex,SCZ,Wald ratio,1,0.052,0.033,1.054,0.112,NA,NA,NA,0.013586691
ABTB2,Brain Cortex,SCZ,Wald ratio,1,-0.031,0.019,0.97,0.112,NA,NA,NA,0.0252139
ABCC11,Brain Cortex,SCZ,Wald ratio,1,0.066,0.042,1.068,0.112,NA,NA,NA,0.009448492
C5,Brain Cortex,SCZ,Wald ratio,1,0.04,0.025,1.041,0.113,NA,NA,NA,0.025497752
PPP2R5E,Brain Cortex,SCZ,Wald ratio,1,-0.114,0.072,0.892,0.114,NA,NA,NA,0.052170228
UMODL1,Brain Cortex,SCZ,Wald ratio,1,-0.02,0.013,0.98,0.114,NA,NA,NA,0.019325522
LINC01242,Brain Cortex,SCZ,Wald ratio,1,-0.089,0.056,0.915,0.115,NA,NA,NA,0.061136072
PAQR5,Brain Cortex,SCZ,Wald ratio,1,0.1,0.064,1.106,0.115,NA,NA,NA,0.018439847
USP30,Brain Cortex,SCZ,Wald ratio,1,0.022,0.014,1.022,0.115,NA,NA,NA,0.014768497
ADAMTS17,Brain Cortex,SCZ,Wald ratio,1,0.03,0.019,1.03,0.116,NA,NA,NA,0.011914227
NRXN3,Brain Cortex,SCZ,Wald ratio,1,-0.048,0.03,0.953,0.117,NA,NA,NA,0.015626786
RFX7,Brain Cortex,SCZ,Wald ratio,1,-0.042,0.027,0.959,0.119,NA,NA,NA,0.006808768
PRIMA1,Brain Cortex,SCZ,Wald ratio,1,0.076,0.049,1.079,0.12,NA,NA,NA,0.02281767
LINC00934,Brain Cortex,SCZ,Wald ratio,1,0.048,0.031,1.05,0.121,NA,NA,NA,0.014242673
EPB41L3,Brain Cortex,SCZ,Wald ratio,1,0.052,0.034,1.053,0.123,NA,NA,NA,0.068992934
GDPGP1,Brain Cortex,SCZ,Wald ratio,1,-0.036,0.023,0.965,0.123,NA,NA,NA,0.015751263
ENSG00000260037,Brain Cortex,SCZ,Wald ratio,1,-0.023,0.015,0.977,0.125,NA,NA,NA,0.015778172
CARS2,Brain Cortex,SCZ,Wald ratio,1,0.033,0.021,1.033,0.125,NA,NA,NA,0.014332612
CGNL1,Brain Cortex,SCZ,Wald ratio,1,0.052,0.034,1.053,0.125,NA,NA,NA,0.014329454
APBB2,Brain Cortex,SCZ,Wald ratio,1,0.022,0.014,1.022,0.126,NA,NA,NA,0.008411469
IDNK,Brain Cortex,SCZ,Wald ratio,1,0.052,0.034,1.053,0.127,NA,NA,NA,0.014642557
BEND7,Brain Cortex,SCZ,Wald ratio,1,-0.018,0.012,0.982,0.127,NA,NA,NA,0.005279008
FERMT3,Brain Cortex,SCZ,Wald ratio,1,-0.068,0.045,0.934,0.127,NA,NA,NA,0.01872559
TPCN2,Brain Cortex,SCZ,Wald ratio,1,-0.033,0.022,0.968,0.128,NA,NA,NA,0.013787392
RCCD1,Brain Cortex,SCZ,Wald ratio,1,0.026,0.017,1.026,0.128,NA,NA,NA,0.05608979
WHAMM,Brain Cortex,SCZ,Wald ratio,1,0.045,0.03,1.046,0.129,NA,NA,NA,0.01616071
ALDH1A3,Brain Cortex,SCZ,Wald ratio,1,0.049,0.032,1.05,0.129,NA,NA,NA,0.019281229
CASC18,Brain Cortex,SCZ,Wald ratio,1,-0.03,0.02,0.971,0.129,NA,NA,NA,0.018197411
DTX4,Brain Cortex,SCZ,Wald ratio,1,0.031,0.021,1.032,0.13,NA,NA,NA,0.020812492
ENSG00000236403,Brain Cortex,SCZ,Wald ratio,1,-0.028,0.019,0.972,0.131,NA,NA,NA,0.013248866
CDON,Brain Cortex,SCZ,Wald ratio,1,0.09,0.059,1.094,0.131,NA,NA,NA,0.011743684
NTRK3,Brain Cortex,SCZ,Wald ratio,1,-0.064,0.042,0.938,0.133,NA,NA,NA,0.020341837
VPS37C,Brain Cortex,SCZ,Wald ratio,1,-0.019,0.013,0.981,0.135,NA,NA,NA,0.013370204
TP53I11,Brain Cortex,SCZ,Wald ratio,1,-0.051,0.034,0.951,0.135,NA,NA,NA,0.0136564
DCDC2C,Brain Cortex,SCZ,Wald ratio,1,0.03,0.02,1.031,0.136,NA,NA,NA,0.010608629
C16orf95,Brain Cortex,SCZ,Wald ratio,1,-0.028,0.019,0.973,0.137,NA,NA,NA,0.008340592
SLC2A13,Brain Cortex,SCZ,Wald ratio,1,0.023,0.016,1.023,0.137,NA,NA,NA,0.004837754
DYNC2H1,Brain Cortex,SCZ,Wald ratio,1,-0.031,0.021,0.97,0.138,NA,NA,NA,0.011479779
DOCK8,Brain Cortex,SCZ,Wald ratio,1,0.017,0.011,1.017,0.138,NA,NA,NA,0.012858308
LINC02671,Brain Cortex,SCZ,Wald ratio,1,0.053,0.036,1.054,0.139,NA,NA,NA,0.007053949
NALF1,Brain Cortex,SCZ,Wald ratio,1,0.048,0.032,1.049,0.14,NA,NA,NA,0.007711721
C9orf40,Brain Cortex,SCZ,Wald ratio,1,-0.044,0.03,0.956,0.14,NA,NA,NA,0.006320698
OBI1-AS1,Brain Cortex,SCZ,Wald ratio,1,-0.029,0.02,0.971,0.141,NA,NA,NA,0.01292624
LINC02668,Brain Cortex,SCZ,Wald ratio,1,0.053,0.036,1.054,0.142,NA,NA,NA,0.014155842
WSCD2,Brain Cortex,SCZ,Wald ratio,1,-0.028,0.019,0.972,0.142,NA,NA,NA,0.015234306
GULP1,Brain Cortex,SCZ,Wald ratio,1,-0.05,0.034,0.951,0.142,NA,NA,NA,0.015675937
SPA17,Brain Cortex,SCZ,Wald ratio,1,0.085,0.058,1.089,0.142,NA,NA,NA,0.007288546
ENSG00000237356,Brain Cortex,SCZ,Wald ratio,1,0.04,0.027,1.041,0.142,NA,NA,NA,0.004900488
FARP1,Brain Cortex,SCZ,Wald ratio,1,-0.054,0.037,0.948,0.143,NA,NA,NA,0.005603402
PIP4K2C,Brain Cortex,SCZ,Wald ratio,1,-0.105,0.071,0.901,0.143,NA,NA,NA,0.006712599
FANCC,Brain Cortex,SCZ,Wald ratio,1,0.091,0.062,1.095,0.144,NA,NA,NA,0.027473614
PCBP1-AS1,Brain Cortex,SCZ,Wald ratio,1,0.047,0.032,1.048,0.144,NA,NA,NA,0.024900338
LINC00511,Brain Cortex,SCZ,Wald ratio,1,0.072,0.049,1.074,0.145,NA,NA,NA,0.00503292
SDK2,Brain Cortex,SCZ,Wald ratio,1,-0.04,0.028,0.96,0.145,NA,NA,NA,0.005154767
SECISBP2,Brain Cortex,SCZ,Wald ratio,1,0.081,0.056,1.085,0.145,NA,NA,NA,0.014393721
ITGA3,Brain Cortex,SCZ,Wald ratio,1,-0.039,0.027,0.962,0.146,NA,NA,NA,0.018235733
ENSG00000258077,Brain Cortex,SCZ,Wald ratio,1,0.044,0.031,1.045,0.147,NA,NA,NA,0.016188323
ENSG00000230490,Brain Cortex,SCZ,Wald ratio,1,0.042,0.029,1.043,0.149,NA,NA,NA,0.012562993
LINC02464,Brain Cortex,SCZ,Wald ratio,1,0.058,0.04,1.06,0.149,NA,NA,NA,0.010755559
MROH8,Brain Cortex,SCZ,Wald ratio,1,0.089,0.062,1.093,0.149,NA,NA,NA,0.037869067
ACCS,Brain Cortex,SCZ,Wald ratio,1,0.035,0.025,1.036,0.15,NA,NA,NA,0.006126733
PRMT8,Brain Cortex,SCZ,Wald ratio,1,0.049,0.034,1.051,0.151,NA,NA,NA,0.00578218
CCDC144NL-AS1,Brain Cortex,SCZ,Wald ratio,1,-0.028,0.02,0.972,0.151,NA,NA,NA,0.012968661
SLC1A2,Brain Cortex,SCZ,Wald ratio,1,-0.031,0.022,0.969,0.151,NA,NA,NA,0.004853322
TMEM266,Brain Cortex,SCZ,Wald ratio,1,-0.023,0.016,0.977,0.151,NA,NA,NA,0.011740567
NTNG2,Brain Cortex,SCZ,Wald ratio,1,0.035,0.025,1.036,0.152,NA,NA,NA,0.012381605
HPSE2,Brain Cortex,SCZ,Wald ratio,1,-0.04,0.028,0.961,0.152,NA,NA,NA,0.009361254
LINC00923,Brain Cortex,SCZ,Wald ratio,1,-0.034,0.023,0.967,0.153,NA,NA,NA,0.012718807
ANAPC2,Brain Cortex,SCZ,Wald ratio,1,0.093,0.065,1.097,0.153,NA,NA,NA,0.005644882
SCARB1,Brain Cortex,SCZ,Wald ratio,1,-0.072,0.05,0.931,0.153,NA,NA,NA,0.020732993
HK1,Brain Cortex,SCZ,Wald ratio,1,0.133,0.093,1.142,0.154,NA,NA,NA,0.036987156
CFAP46,Brain Cortex,SCZ,Wald ratio,1,-0.068,0.048,0.934,0.157,NA,NA,NA,0.019116246
FCAR,Brain Cortex,SCZ,Wald ratio,1,0.044,0.031,1.045,0.157,NA,NA,NA,0.011940157
ICAM5,Brain Cortex,SCZ,Wald ratio,1,0.044,0.031,1.045,0.158,NA,NA,NA,0.011638011
ENSG00000259543,Brain Cortex,SCZ,Wald ratio,1,0.016,0.012,1.017,0.159,NA,NA,NA,0.011695074
BAD,Brain Cortex,SCZ,Wald ratio,1,-0.081,0.058,0.922,0.16,NA,NA,NA,0.041419413
VAC14,Brain Cortex,SCZ,Wald ratio,1,-0.071,0.05,0.932,0.16,NA,NA,NA,0.023051003
FAM107B,Brain Cortex,SCZ,Wald ratio,1,0.038,0.027,1.039,0.161,NA,NA,NA,0.01145383
COLEC11,Brain Cortex,SCZ,Wald ratio,1,-0.06,0.043,0.941,0.161,NA,NA,NA,0.01593448
COL13A1,Brain Cortex,SCZ,Wald ratio,1,-0.035,0.025,0.966,0.161,NA,NA,NA,0.014143556
LINC02689,Brain Cortex,SCZ,Wald ratio,1,0.049,0.035,1.05,0.165,NA,NA,NA,0.012281332
TNS2,Brain Cortex,SCZ,Wald ratio,1,-0.08,0.058,0.923,0.165,NA,NA,NA,0.02033373
PRSS23,Brain Cortex,SCZ,Wald ratio,1,0.04,0.029,1.041,0.166,NA,NA,NA,0.011978984
FLT3,Brain Cortex,SCZ,Wald ratio,1,-0.049,0.035,0.953,0.166,NA,NA,NA,0.016261702
ST14,Brain Cortex,SCZ,Wald ratio,1,-0.035,0.025,0.966,0.167,NA,NA,NA,0.020438804
PAUPAR,Brain Cortex,SCZ,Wald ratio,1,0.043,0.031,1.044,0.167,NA,NA,NA,0.013035112
CLIP4,Brain Cortex,SCZ,Wald ratio,1,-0.071,0.052,0.931,0.167,NA,NA,NA,0.00684985
PCDH8P1,Brain Cortex,SCZ,Wald ratio,1,-0.035,0.025,0.966,0.168,NA,NA,NA,0.011109332
PRKCA,Brain Cortex,SCZ,Wald ratio,1,-0.02,0.015,0.98,0.168,NA,NA,NA,0.011452787
SLC35F4,Brain Cortex,SCZ,Wald ratio,1,-0.031,0.023,0.969,0.169,NA,NA,NA,0.014507685
IGF1R,Brain Cortex,SCZ,Wald ratio,1,0.052,0.038,1.053,0.169,NA,NA,NA,0.020407658
SMAD6,Brain Cortex,SCZ,Wald ratio,1,0.027,0.019,1.027,0.169,NA,NA,NA,0.011171308
LINC01500,Brain Cortex,SCZ,Wald ratio,1,0.023,0.017,1.024,0.169,NA,NA,NA,0.004846232
DYRK4,Brain Cortex,SCZ,Wald ratio,1,-0.022,0.016,0.978,0.169,NA,NA,NA,0.01116028
BORCS5,Brain Cortex,SCZ,Wald ratio,1,0.05,0.037,1.052,0.169,NA,NA,NA,0.016457934
ATP11A,Brain Cortex,SCZ,Wald ratio,1,-0.024,0.018,0.976,0.17,NA,NA,NA,0.006627093
FGF14,Brain Cortex,SCZ,Wald ratio,1,0.022,0.016,1.023,0.172,NA,NA,NA,0.01129448
ARHGEF7,Brain Cortex,SCZ,Wald ratio,1,0.128,0.094,1.137,0.172,NA,NA,NA,0.044670486
SYNE3,Brain Cortex,SCZ,Wald ratio,1,-0.033,0.024,0.968,0.172,NA,NA,NA,0.006809286
LRRC23,Brain Cortex,SCZ,Wald ratio,1,0.046,0.034,1.047,0.173,NA,NA,NA,0.011984991
PRUNE2,Brain Cortex,SCZ,Wald ratio,1,0.022,0.016,1.022,0.173,NA,NA,NA,0.010992246
FSIP1,Brain Cortex,SCZ,Wald ratio,1,0.032,0.023,1.032,0.174,NA,NA,NA,0.010701309
VAV2,Brain Cortex,SCZ,Wald ratio,1,-0.061,0.045,0.941,0.174,NA,NA,NA,0.004635843
LINC00485,Brain Cortex,SCZ,Wald ratio,1,-0.043,0.032,0.958,0.175,NA,NA,NA,0.010765088
NAALAD2,Brain Cortex,SCZ,Wald ratio,1,0.024,0.017,1.024,0.175,NA,NA,NA,0.011127412
LINC00595,Brain Cortex,SCZ,Wald ratio,1,0.017,0.013,1.017,0.175,NA,NA,NA,0.021868637
PGAP2,Brain Cortex,SCZ,Wald ratio,1,-0.042,0.031,0.958,0.176,NA,NA,NA,0.017563206
THSD4,Brain Cortex,SCZ,Wald ratio,1,0.043,0.032,1.044,0.176,NA,NA,NA,0.010830684
ASTN2,Brain Cortex,SCZ,Wald ratio,1,-0.024,0.018,0.977,0.176,NA,NA,NA,0.005256901
MTCL1,Brain Cortex,SCZ,Wald ratio,1,-0.019,0.014,0.981,0.179,NA,NA,NA,0.007021341
OR5A2,Brain Cortex,SCZ,Wald ratio,1,-0.019,0.014,0.981,0.179,NA,NA,NA,0.011658133
CMKLR1,Brain Cortex,SCZ,Wald ratio,1,-0.029,0.022,0.971,0.18,NA,NA,NA,0.011028071
ENSG00000224713,Brain Cortex,SCZ,Wald ratio,1,-0.043,0.032,0.958,0.18,NA,NA,NA,0.010667587
NAV3,Brain Cortex,SCZ,Wald ratio,1,-0.065,0.048,0.937,0.181,NA,NA,NA,0.004690437
PRR5-ARHGAP8,Brain Cortex,SCZ,Wald ratio,1,-0.021,0.016,0.979,0.181,NA,NA,NA,0.011437973
ZBTB16,Brain Cortex,SCZ,Wald ratio,1,-0.016,0.012,0.984,0.182,NA,NA,NA,0.010446956
ENSG00000286344,Brain Cortex,SCZ,Wald ratio,1,-0.021,0.016,0.979,0.182,NA,NA,NA,0.015361344
BICD1,Brain Cortex,SCZ,Inverse variance weighted,2,0.017,0.013,1.018,0.183,NA,0.821704937,NA,0.007845439
NRL,Brain Cortex,SCZ,Wald ratio,1,-0.018,0.013,0.983,0.184,NA,NA,NA,0.011219022
EPHB2,Brain Cortex,SCZ,Wald ratio,1,0.024,0.018,1.024,0.184,NA,NA,NA,0.014302295
SHROOM3,Brain Cortex,SCZ,Wald ratio,1,0.047,0.036,1.049,0.184,NA,NA,NA,0.013657073
SPTB,Brain Cortex,SCZ,Wald ratio,1,0.047,0.036,1.049,0.184,NA,NA,NA,0.106823236
ENSG00000198106,Brain Cortex,SCZ,Wald ratio,1,0.048,0.036,1.049,0.185,NA,NA,NA,0.01162811
BTG4,Brain Cortex,SCZ,Wald ratio,1,-0.112,0.084,0.894,0.185,NA,NA,NA,0.004679452
ENSG00000287173,Brain Cortex,SCZ,Wald ratio,1,-0.052,0.039,0.949,0.188,NA,NA,NA,0.01280103
HERC1,Brain Cortex,SCZ,Wald ratio,1,-0.029,0.022,0.972,0.189,NA,NA,NA,0.010769843
ZMIZ1-AS1,Brain Cortex,SCZ,Wald ratio,1,0.059,0.045,1.061,0.19,NA,NA,NA,0.008705252
TH,Brain Cortex,SCZ,Wald ratio,1,-0.03,0.023,0.971,0.19,NA,NA,NA,0.005136107
LHX3,Brain Cortex,SCZ,Wald ratio,1,0.018,0.014,1.018,0.192,NA,NA,NA,0.00695818
WDFY4,Brain Cortex,SCZ,Wald ratio,1,0.018,0.014,1.019,0.192,NA,NA,NA,0.004618393
MSI2,Brain Cortex,SCZ,Wald ratio,1,0.019,0.015,1.019,0.193,NA,NA,NA,0.005755219
CRTC3,Brain Cortex,SCZ,Wald ratio,1,0.04,0.031,1.041,0.193,NA,NA,NA,0.005870743
DGKZ,Brain Cortex,SCZ,Wald ratio,1,-0.167,0.129,0.846,0.195,NA,NA,NA,0.091796332
SNHG14,Brain Cortex,SCZ,Wald ratio,1,-0.03,0.023,0.971,0.195,NA,NA,NA,0.010407431
MEG8,Brain Cortex,SCZ,Wald ratio,1,0.023,0.017,1.023,0.196,NA,NA,NA,0.011600557
CAPRIN2,Brain Cortex,SCZ,Wald ratio,1,-0.016,0.012,0.984,0.196,NA,NA,NA,0.026953639
TTLL11,Brain Cortex,SCZ,Wald ratio,1,-0.106,0.082,0.9,0.196,NA,NA,NA,0.032944713
ZMIZ1,Brain Cortex,SCZ,Wald ratio,1,-0.094,0.073,0.91,0.197,NA,NA,NA,0.004327369
TESC,Brain Cortex,SCZ,Wald ratio,1,-0.019,0.015,0.981,0.197,NA,NA,NA,0.010196454
PIEZO2,Brain Cortex,SCZ,Wald ratio,1,0.036,0.028,1.036,0.198,NA,NA,NA,0.011743517
MTMR2,Brain Cortex,SCZ,Wald ratio,1,0.017,0.013,1.017,0.198,NA,NA,NA,0.009843272
C17orf50,Brain Cortex,SCZ,Wald ratio,1,0.06,0.047,1.062,0.199,NA,NA,NA,0.018392748
ZNF470,Brain Cortex,SCZ,Wald ratio,1,0.026,0.02,1.026,0.201,NA,NA,NA,0.010056046
DNTT,Brain Cortex,SCZ,Wald ratio,1,0.156,0.122,1.168,0.202,NA,NA,NA,0.008326645
ENSG00000264825,Brain Cortex,SCZ,Wald ratio,1,-0.035,0.028,0.966,0.203,NA,NA,NA,0.010194827
DENND2B,Brain Cortex,SCZ,Wald ratio,1,-0.044,0.035,0.957,0.204,NA,NA,NA,0.011038607
TRPC6,Brain Cortex,SCZ,Wald ratio,1,-0.016,0.013,0.984,0.204,NA,NA,NA,0.004982329
ENSG00000287034,Brain Cortex,SCZ,Wald ratio,1,0.022,0.018,1.023,0.205,NA,NA,NA,0.011113428
EVL,Brain Cortex,SCZ,Wald ratio,1,0.057,0.045,1.059,0.205,NA,NA,NA,0.022569064
LINC02694,Brain Cortex,SCZ,Wald ratio,1,-0.03,0.024,0.971,0.207,NA,NA,NA,0.0045229
TACC2,Brain Cortex,SCZ,Wald ratio,1,0.046,0.036,1.047,0.208,NA,NA,NA,0.507109426
ENSG00000275443,Brain Cortex,SCZ,Wald ratio,1,-0.041,0.033,0.959,0.208,NA,NA,NA,0.010124954
LINC02156,Brain Cortex,SCZ,Wald ratio,1,0.015,0.012,1.015,0.209,NA,NA,NA,0.037895282
SMYD2,Brain Cortex,SCZ,Wald ratio,1,0.015,0.012,1.016,0.209,NA,NA,NA,0.00559318
EXPH5,Brain Cortex,SCZ,Wald ratio,1,0.045,0.036,1.046,0.211,NA,NA,NA,0.010770701
BRF1,Brain Cortex,SCZ,Wald ratio,1,-0.016,0.013,0.984,0.212,NA,NA,NA,0.010421919
SLC27A2,Brain Cortex,SCZ,Wald ratio,1,-0.178,0.143,0.837,0.213,NA,NA,NA,0.041623468
PRTFDC1,Brain Cortex,SCZ,Wald ratio,1,-0.016,0.013,0.984,0.213,NA,NA,NA,0.00964536
ZNF503-AS1,Brain Cortex,SCZ,Wald ratio,1,-0.06,0.048,0.942,0.213,NA,NA,NA,0.014345578
LRRC27,Brain Cortex,SCZ,Wald ratio,1,0.153,0.123,1.166,0.214,NA,NA,NA,0.004692053
CATSPERB,Brain Cortex,SCZ,Wald ratio,1,-0.052,0.042,0.949,0.214,NA,NA,NA,0.019505036
ENSG00000289541,Brain Cortex,SCZ,Wald ratio,1,-0.039,0.031,0.962,0.214,NA,NA,NA,0.009291753
ENSG00000288015,Brain Cortex,SCZ,Wald ratio,1,0.038,0.03,1.038,0.214,NA,NA,NA,0.009710172
FTO,Brain Cortex,SCZ,Wald ratio,1,0.025,0.02,1.025,0.215,NA,NA,NA,0.005095424
MYOF,Brain Cortex,SCZ,Wald ratio,1,-0.015,0.012,0.986,0.215,NA,NA,NA,0.00740684
ENSG00000259053,Brain Cortex,SCZ,Wald ratio,1,0.113,0.091,1.119,0.216,NA,NA,NA,0.013706762
FLRT2,Brain Cortex,SCZ,Wald ratio,1,-0.079,0.064,0.924,0.217,NA,NA,NA,0.024070465
NPAS3,Brain Cortex,SCZ,Wald ratio,1,-0.036,0.029,0.965,0.217,NA,NA,NA,0.017587286
DMBT1L1,Brain Cortex,SCZ,Wald ratio,1,-0.094,0.076,0.911,0.218,NA,NA,NA,0.033864793
SUFU,Brain Cortex,SCZ,Wald ratio,1,0.015,0.012,1.015,0.218,NA,NA,NA,0.009589118
LINC02652,Brain Cortex,SCZ,Wald ratio,1,0.031,0.025,1.031,0.218,NA,NA,NA,0.006804233
KLHL29,Brain Cortex,SCZ,Wald ratio,1,0.028,0.023,1.029,0.219,NA,NA,NA,0.910103138
MYO7A,Brain Cortex,SCZ,Wald ratio,1,0.033,0.027,1.034,0.222,NA,NA,NA,0.008407564
ESRRB,Brain Cortex,SCZ,Wald ratio,1,0.036,0.029,1.037,0.222,NA,NA,NA,0.01989202
KCNMA1,Brain Cortex,SCZ,Wald ratio,1,0.016,0.013,1.016,0.223,NA,NA,NA,0.009706673
C12orf42,Brain Cortex,SCZ,Wald ratio,1,-0.063,0.052,0.939,0.224,NA,NA,NA,0.013693805
LINC03036,Brain Cortex,SCZ,Wald ratio,1,0.032,0.026,1.033,0.224,NA,NA,NA,0.011946491
HSPA2,Brain Cortex,SCZ,Wald ratio,1,-0.023,0.019,0.977,0.224,NA,NA,NA,0.009613685
LINC01509,Brain Cortex,SCZ,Wald ratio,1,0.029,0.024,1.03,0.224,NA,NA,NA,0.009613685
CEP126,Brain Cortex,SCZ,Wald ratio,1,0.051,0.042,1.052,0.224,NA,NA,NA,0.03063144
HSH2D,Brain Cortex,SCZ,Wald ratio,1,-0.075,0.062,0.927,0.225,NA,NA,NA,0.024327
ZNF295-AS1,Brain Cortex,SCZ,Wald ratio,1,-0.033,0.027,0.967,0.225,NA,NA,NA,0.009182011
SYT16,Brain Cortex,SCZ,Wald ratio,1,0.039,0.032,1.04,0.226,NA,NA,NA,0.014064032
MEGF11,Brain Cortex,SCZ,Wald ratio,1,-0.074,0.061,0.929,0.226,NA,NA,NA,0.007687779
ABLIM1,Brain Cortex,SCZ,Wald ratio,1,-0.019,0.015,0.981,0.227,NA,NA,NA,0.009837883
ATP10A,Brain Cortex,SCZ,Wald ratio,1,0.031,0.026,1.032,0.227,NA,NA,NA,0.02081861
RIMBP2,Brain Cortex,SCZ,Wald ratio,1,0.038,0.032,1.039,0.227,NA,NA,NA,0.005664654
RET,Brain Cortex,SCZ,Wald ratio,1,-0.062,0.052,0.94,0.228,NA,NA,NA,0.012492881
EDDM3B,Brain Cortex,SCZ,Wald ratio,1,-0.04,0.033,0.961,0.229,NA,NA,NA,0.009482688
MCTP2,Brain Cortex,SCZ,Wald ratio,1,0.04,0.033,1.04,0.23,NA,NA,NA,0.009134939
ARID5B,Brain Cortex,SCZ,Wald ratio,1,0.021,0.017,1.021,0.232,NA,NA,NA,0.008794101
C9orf72,Brain Cortex,SCZ,Wald ratio,1,0.028,0.024,1.029,0.232,NA,NA,NA,0.007944447
OR5AU1,Brain Cortex,SCZ,Wald ratio,1,0.035,0.03,1.036,0.232,NA,NA,NA,0.012351033
WNT5B,Brain Cortex,SCZ,Wald ratio,1,0.021,0.017,1.021,0.233,NA,NA,NA,0.00447643
CARD14,Brain Cortex,SCZ,Wald ratio,1,-0.019,0.016,0.981,0.233,NA,NA,NA,0.009941252
ZCCHC24,Brain Cortex,SCZ,Wald ratio,1,-0.048,0.04,0.954,0.235,NA,NA,NA,0.01166505
ITGA8,Brain Cortex,SCZ,Wald ratio,1,0.071,0.06,1.074,0.237,NA,NA,NA,0.029025915
ENSG00000260364,Brain Cortex,SCZ,Wald ratio,1,-0.014,0.012,0.986,0.237,NA,NA,NA,0.008667556
COX10,Brain Cortex,SCZ,Wald ratio,1,-0.038,0.032,0.963,0.239,NA,NA,NA,0.007077112
LMNTD2,Brain Cortex,SCZ,Wald ratio,1,-0.073,0.062,0.93,0.239,NA,NA,NA,0.022306392
SPATA13,Brain Cortex,SCZ,Wald ratio,1,-0.022,0.019,0.978,0.24,NA,NA,NA,0.00897591
CRADD,Brain Cortex,SCZ,Wald ratio,1,0.016,0.014,1.016,0.24,NA,NA,NA,0.008479464
ART1,Brain Cortex,SCZ,Wald ratio,1,-0.041,0.035,0.96,0.24,NA,NA,NA,0.010703735
PLBD2,Brain Cortex,SCZ,Wald ratio,1,-0.054,0.046,0.948,0.242,NA,NA,NA,0.035050556
GIPC2,Brain Cortex,SCZ,Inverse variance weighted,2,0.038,0.033,1.039,0.242,NA,0.701142879,NA,0.004435923
ANO2,Brain Cortex,SCZ,Wald ratio,1,-0.082,0.071,0.921,0.243,NA,NA,NA,0.026875444
FAS,Brain Cortex,SCZ,Wald ratio,1,-0.036,0.031,0.964,0.245,NA,NA,NA,0.008365046
PNLIPRP1,Brain Cortex,SCZ,Wald ratio,1,-0.051,0.044,0.95,0.246,NA,NA,NA,0.01147786
DAPK1,Brain Cortex,SCZ,Wald ratio,1,0.024,0.021,1.024,0.247,NA,NA,NA,0.014315682
NACC2,Brain Cortex,SCZ,Wald ratio,1,0.031,0.027,1.031,0.247,NA,NA,NA,0.01040302
FBH1,Brain Cortex,SCZ,Wald ratio,1,0.015,0.013,1.015,0.248,NA,NA,NA,0.008760302
DDX11-AS1,Brain Cortex,SCZ,Wald ratio,1,-0.052,0.045,0.949,0.249,NA,NA,NA,0.012501323
INS-IGF2,Brain Cortex,SCZ,Wald ratio,1,0.06,0.052,1.062,0.25,NA,NA,NA,0.007141838
LINC02938,Brain Cortex,SCZ,Wald ratio,1,-0.017,0.015,0.983,0.25,NA,NA,NA,0.008177408
MEDAG,Brain Cortex,SCZ,Wald ratio,1,-0.021,0.019,0.979,0.25,NA,NA,NA,0.012018527
MTFMT,Brain Cortex,SCZ,Wald ratio,1,-0.011,0.01,0.989,0.25,NA,NA,NA,0.014751017
LINC02250,Brain Cortex,SCZ,Wald ratio,1,-0.033,0.029,0.967,0.251,NA,NA,NA,0.008409873
ENSG00000257663,Brain Cortex,SCZ,Wald ratio,1,0.036,0.031,1.037,0.252,NA,NA,NA,0.008486769
PPP2R2D,Brain Cortex,SCZ,Wald ratio,1,0.027,0.024,1.027,0.253,NA,NA,NA,0.009298483
ENSG00000286780,Brain Cortex,SCZ,Wald ratio,1,-0.02,0.018,0.98,0.254,NA,NA,NA,0.015757299
MYDGF,Brain Cortex,SCZ,Wald ratio,1,0.109,0.095,1.115,0.254,NA,NA,NA,0.02524741
MANCR,Brain Cortex,SCZ,Wald ratio,1,0.021,0.019,1.021,0.258,NA,NA,NA,0.009929522
DSCAML1,Brain Cortex,SCZ,Wald ratio,1,0.08,0.071,1.083,0.259,NA,NA,NA,0.005390854
JAKMIP3,Brain Cortex,SCZ,Wald ratio,1,0.042,0.037,1.043,0.26,NA,NA,NA,0.01031684
ST3GAL4,Brain Cortex,SCZ,Inverse variance weighted,2,-0.018,0.016,0.982,0.26,NA,0.545476202,NA,0.006176442
SERPINA5,Brain Cortex,SCZ,Wald ratio,1,-0.037,0.033,0.964,0.261,NA,NA,NA,0.009668145
TBC1D22A,Brain Cortex,SCZ,Wald ratio,1,-0.066,0.058,0.937,0.261,NA,NA,NA,0.005504121
CBY2,Brain Cortex,SCZ,Wald ratio,1,0.032,0.029,1.032,0.263,NA,NA,NA,0.010870249
CRTC3-AS1,Brain Cortex,SCZ,Wald ratio,1,0.029,0.026,1.029,0.264,NA,NA,NA,0.017071896
E2F7,Brain Cortex,SCZ,Wald ratio,1,0.079,0.071,1.082,0.265,NA,NA,NA,0.005002452
TSPAN14,Brain Cortex,SCZ,Wald ratio,1,0.02,0.018,1.02,0.265,NA,NA,NA,0.009641517
COL4A2,Brain Cortex,SCZ,Wald ratio,1,0.048,0.043,1.049,0.266,NA,NA,NA,0.019561948
HACD3,Brain Cortex,SCZ,Wald ratio,1,0.066,0.06,1.068,0.267,NA,NA,NA,0.017205953
LINC02621,Brain Cortex,SCZ,Wald ratio,1,0.031,0.028,1.031,0.268,NA,NA,NA,0.010688101
PPME1,Brain Cortex,SCZ,Wald ratio,1,-0.102,0.092,0.903,0.269,NA,NA,NA,0.027168129
GALNT18,Brain Cortex,SCZ,Wald ratio,1,-0.018,0.016,0.983,0.269,NA,NA,NA,0.01115694
LINC00639,Brain Cortex,SCZ,Wald ratio,1,-0.038,0.035,0.962,0.27,NA,NA,NA,0.008726712
ENSG00000262039,Brain Cortex,SCZ,Wald ratio,1,0.014,0.012,1.014,0.27,NA,NA,NA,0.007912283
UBTD1,Brain Cortex,SCZ,Wald ratio,1,-0.023,0.021,0.977,0.271,NA,NA,NA,0.008887864
LOXL1,Brain Cortex,SCZ,Wald ratio,1,0.029,0.026,1.03,0.271,NA,NA,NA,0.02029574
TTLL9,Brain Cortex,SCZ,Wald ratio,1,0.032,0.029,1.033,0.272,NA,NA,NA,0.011870181
CUBN,Brain Cortex,SCZ,Wald ratio,1,-0.012,0.011,0.988,0.273,NA,NA,NA,0.008395822
APTX,Brain Cortex,SCZ,Wald ratio,1,-0.032,0.029,0.969,0.273,NA,NA,NA,0.011222491
BCAS4,Brain Cortex,SCZ,Wald ratio,1,0.033,0.03,1.033,0.274,NA,NA,NA,0.010412819
CDH11,Brain Cortex,SCZ,Wald ratio,1,-0.039,0.036,0.961,0.274,NA,NA,NA,0.020663784
PPP1R26,Brain Cortex,SCZ,Wald ratio,1,0.017,0.016,1.017,0.275,NA,NA,NA,0.009682956
ENSG00000230526,Brain Cortex,SCZ,Wald ratio,1,0.04,0.037,1.041,0.277,NA,NA,NA,0.015015479
ROR2,Brain Cortex,SCZ,Wald ratio,1,-0.022,0.02,0.978,0.278,NA,NA,NA,0.010292413
LDLRAD3,Brain Cortex,SCZ,Wald ratio,1,-0.032,0.029,0.969,0.278,NA,NA,NA,0.012412912
MGST1,Brain Cortex,SCZ,Wald ratio,1,0.021,0.019,1.021,0.28,NA,NA,NA,0.043068332
ENSG00000257735,Brain Cortex,SCZ,Wald ratio,1,-0.019,0.017,0.981,0.281,NA,NA,NA,0.007964783
CLDN10,Brain Cortex,SCZ,Wald ratio,1,0.048,0.045,1.049,0.281,NA,NA,NA,0.013490761
ABR,Brain Cortex,SCZ,Wald ratio,1,-0.019,0.017,0.981,0.281,NA,NA,NA,0.011437973
LINC00958,Brain Cortex,SCZ,Wald ratio,1,-0.019,0.018,0.981,0.282,NA,NA,NA,0.009257419
ENSG00000286746,Brain Cortex,SCZ,Wald ratio,1,0.021,0.019,1.021,0.283,NA,NA,NA,0.010693427
SERP2,Brain Cortex,SCZ,Wald ratio,1,0.026,0.024,1.026,0.284,NA,NA,NA,0.016522443
TJP2,Brain Cortex,SCZ,Wald ratio,1,0.015,0.014,1.015,0.285,NA,NA,NA,0.007631009
NTRK2,Brain Cortex,SCZ,Wald ratio,1,0.03,0.028,1.03,0.285,NA,NA,NA,0.007624986
CAMSAP1-DT,Brain Cortex,SCZ,Wald ratio,1,-0.022,0.021,0.978,0.285,NA,NA,NA,0.011488917
GLYAT,Brain Cortex,SCZ,Wald ratio,1,0.036,0.034,1.037,0.285,NA,NA,NA,0.010206645
ANO1,Brain Cortex,SCZ,Wald ratio,1,0.025,0.024,1.026,0.287,NA,NA,NA,0.008189372
ENSG00000256237,Brain Cortex,SCZ,Wald ratio,1,-0.019,0.018,0.981,0.29,NA,NA,NA,0.013380536
TSHR,Brain Cortex,SCZ,Inverse variance weighted,2,-0.021,0.02,0.979,0.29,NA,0.712251962,NA,0.004748322
ARHGAP45,Brain Cortex,SCZ,Wald ratio,1,-0.031,0.029,0.97,0.291,NA,NA,NA,0.009313661
ENSG00000259540,Brain Cortex,SCZ,Wald ratio,1,0.019,0.018,1.019,0.291,NA,NA,NA,0.009226283
CLYBL,Brain Cortex,SCZ,Wald ratio,1,-0.025,0.024,0.975,0.291,NA,NA,NA,0.006195401
LINC01257,Brain Cortex,SCZ,Wald ratio,1,-0.02,0.019,0.98,0.292,NA,NA,NA,0.022651724
LIMCH1,Brain Cortex,SCZ,Wald ratio,1,-0.015,0.015,0.985,0.292,NA,NA,NA,0.005328711
SERPINH1,Brain Cortex,SCZ,Wald ratio,1,0.011,0.011,1.011,0.292,NA,NA,NA,0.008020091
TUB,Brain Cortex,SCZ,Wald ratio,1,-0.042,0.04,0.959,0.293,NA,NA,NA,0.010840741
ACOT2,Brain Cortex,SCZ,Wald ratio,1,0.083,0.079,1.087,0.293,NA,NA,NA,0.010493433
CHRDL2,Brain Cortex,SCZ,Wald ratio,1,-0.028,0.027,0.972,0.294,NA,NA,NA,0.008743297
AKNA,Brain Cortex,SCZ,Wald ratio,1,0.035,0.033,1.036,0.295,NA,NA,NA,0.008899881
DNAH2,Brain Cortex,SCZ,Wald ratio,1,0.019,0.018,1.019,0.295,NA,NA,NA,0.009320526
KIF26A,Brain Cortex,SCZ,Wald ratio,1,-0.062,0.059,0.94,0.295,NA,NA,NA,0.005780558
BUB1B,Brain Cortex,SCZ,Wald ratio,1,0.019,0.018,1.019,0.295,NA,NA,NA,0.006655212
KDM5A,Brain Cortex,SCZ,Wald ratio,1,-0.025,0.024,0.975,0.296,NA,NA,NA,0.007610419
SCN4B,Brain Cortex,SCZ,Wald ratio,1,0.026,0.025,1.026,0.296,NA,NA,NA,0.007523841
CAVIN3,Brain Cortex,SCZ,Wald ratio,1,-0.013,0.013,0.987,0.301,NA,NA,NA,0.007522066
RINL,Brain Cortex,SCZ,Wald ratio,1,-0.021,0.021,0.979,0.301,NA,NA,NA,0.090138631
LINC02685,Brain Cortex,SCZ,Wald ratio,1,-0.013,0.012,0.987,0.302,NA,NA,NA,0.008001508
ENSG00000287373,Brain Cortex,SCZ,Wald ratio,1,0.054,0.053,1.055,0.304,NA,NA,NA,0.011998028
C1QL3,Brain Cortex,SCZ,Inverse variance weighted,2,-0.039,0.038,0.962,0.306,NA,0.590842865,NA,0.01082944
UNC119B,Brain Cortex,SCZ,Wald ratio,1,0.025,0.024,1.025,0.306,NA,NA,NA,0.007354228
TRPC2,Brain Cortex,SCZ,Wald ratio,1,-0.024,0.024,0.976,0.306,NA,NA,NA,0.00608773
ENSG00000255446,Brain Cortex,SCZ,Wald ratio,1,0.035,0.034,1.035,0.307,NA,NA,NA,0.010098693
GAPDH,Brain Cortex,SCZ,Wald ratio,1,-0.035,0.034,0.966,0.307,NA,NA,NA,0.007511896
BICRA,Brain Cortex,SCZ,Wald ratio,1,0.03,0.029,1.03,0.308,NA,NA,NA,0.0082409
ENSG00000259124,Brain Cortex,SCZ,Wald ratio,1,-0.041,0.041,0.96,0.308,NA,NA,NA,0.029028637
TMEM72-AS1,Brain Cortex,SCZ,Wald ratio,1,0.037,0.036,1.038,0.308,NA,NA,NA,0.008638625
LINC00551,Brain Cortex,SCZ,Wald ratio,1,0.029,0.028,1.029,0.308,NA,NA,NA,0.005206296
COL4A1,Brain Cortex,SCZ,Wald ratio,1,-0.03,0.03,0.97,0.309,NA,NA,NA,0.005966283
LINC02636,Brain Cortex,SCZ,Wald ratio,1,0.018,0.018,1.018,0.311,NA,NA,NA,0.011913757
PKD1L2,Brain Cortex,SCZ,Wald ratio,1,-0.023,0.023,0.977,0.311,NA,NA,NA,0.012863052
FSD1L,Brain Cortex,SCZ,Wald ratio,1,-0.013,0.013,0.987,0.312,NA,NA,NA,0.007270405
OTUD3,Brain Cortex,SCZ,Wald ratio,1,-0.027,0.027,0.973,0.312,NA,NA,NA,0.007188197
CCDC83,Brain Cortex,SCZ,Wald ratio,1,-0.033,0.033,0.967,0.313,NA,NA,NA,0.041250648
DNAJC25-GNG10,Brain Cortex,SCZ,Wald ratio,1,-0.022,0.022,0.978,0.313,NA,NA,NA,0.008475295
FAM174B,Brain Cortex,SCZ,Wald ratio,1,-0.046,0.046,0.955,0.314,NA,NA,NA,0.49879311
ART3,Brain Cortex,SCZ,Wald ratio,1,0.011,0.011,1.011,0.317,NA,NA,NA,0.00702904
DNAI1,Brain Cortex,SCZ,Wald ratio,1,0.055,0.055,1.056,0.317,NA,NA,NA,0.014116621
RNF165,Brain Cortex,SCZ,Wald ratio,1,0.028,0.028,1.029,0.317,NA,NA,NA,0.008235534
CPMER,Brain Cortex,SCZ,Wald ratio,1,-0.032,0.032,0.969,0.317,NA,NA,NA,0.007105287
NDRG2,Brain Cortex,SCZ,Wald ratio,1,0.02,0.02,1.02,0.322,NA,NA,NA,0.008395388
PYGL,Brain Cortex,SCZ,Wald ratio,1,-0.035,0.036,0.965,0.322,NA,NA,NA,0.007836857
LINC00484,Brain Cortex,SCZ,Wald ratio,1,0.013,0.013,1.013,0.322,NA,NA,NA,0.008474967
IGHMBP2,Brain Cortex,SCZ,Wald ratio,1,0.022,0.023,1.023,0.323,NA,NA,NA,0.007430071
TLE3,Brain Cortex,SCZ,Wald ratio,1,0.017,0.017,1.017,0.323,NA,NA,NA,0.007109885
ENSG00000256947,Brain Cortex,SCZ,Wald ratio,1,0.022,0.022,1.022,0.323,NA,NA,NA,0.007187952
FAM13C,Brain Cortex,SCZ,Wald ratio,1,0.034,0.034,1.034,0.325,NA,NA,NA,0.010005488
MLLT3,Brain Cortex,SCZ,Wald ratio,1,0.026,0.026,1.026,0.326,NA,NA,NA,0.005394484
DLX3,Brain Cortex,SCZ,Wald ratio,1,-0.026,0.027,0.974,0.327,NA,NA,NA,0.008239813
AKAP6,Brain Cortex,SCZ,Wald ratio,1,0.073,0.074,1.076,0.327,NA,NA,NA,0.016995439
ZFAND4,Brain Cortex,SCZ,Wald ratio,1,-0.066,0.067,0.936,0.327,NA,NA,NA,0.010256259
LINC00539,Brain Cortex,SCZ,Wald ratio,1,0.031,0.032,1.032,0.328,NA,NA,NA,0.130263272
ITGA11,Brain Cortex,SCZ,Wald ratio,1,-0.017,0.017,0.983,0.328,NA,NA,NA,0.007352506
SHF,Brain Cortex,SCZ,Wald ratio,1,-0.027,0.027,0.974,0.328,NA,NA,NA,0.068740772
CYFIP1,Brain Cortex,SCZ,Wald ratio,1,-0.022,0.022,0.979,0.328,NA,NA,NA,0.006952128
LINC02882,Brain Cortex,SCZ,Wald ratio,1,0.018,0.018,1.018,0.328,NA,NA,NA,0.006952128
ENSG00000259675,Brain Cortex,SCZ,Wald ratio,1,0.03,0.03,1.03,0.329,NA,NA,NA,0.006946084
RPS29,Brain Cortex,SCZ,Wald ratio,1,-0.033,0.033,0.968,0.329,NA,NA,NA,0.019819286
FMN1,Brain Cortex,SCZ,Wald ratio,1,-0.037,0.038,0.963,0.33,NA,NA,NA,0.004610456
ENSG00000255663,Brain Cortex,SCZ,Wald ratio,1,0.026,0.027,1.026,0.331,NA,NA,NA,0.011284464
SLC35E3,Brain Cortex,SCZ,Wald ratio,1,0.028,0.029,1.029,0.331,NA,NA,NA,0.004538598
LIPA,Brain Cortex,SCZ,Wald ratio,1,-0.117,0.121,0.889,0.332,NA,NA,NA,0.005266521
MED27,Brain Cortex,SCZ,Wald ratio,1,-0.023,0.024,0.977,0.333,NA,NA,NA,0.005691183
PWWP2B,Brain Cortex,SCZ,Wald ratio,1,-0.052,0.054,0.949,0.334,NA,NA,NA,0.018836112
LINC01579,Brain Cortex,SCZ,Wald ratio,1,-0.035,0.037,0.965,0.334,NA,NA,NA,0.007745371
NFIB,Brain Cortex,SCZ,Wald ratio,1,-0.031,0.033,0.969,0.334,NA,NA,NA,0.006955674
LINC02418,Brain Cortex,SCZ,Wald ratio,1,-0.016,0.017,0.984,0.335,NA,NA,NA,0.006868587
LINC00221,Brain Cortex,SCZ,Wald ratio,1,-0.03,0.032,0.97,0.336,NA,NA,NA,0.012476307
PCDH9,Brain Cortex,SCZ,Wald ratio,1,0.104,0.108,1.11,0.336,NA,NA,NA,0.029635343
GTF3A,Brain Cortex,SCZ,Inverse variance weighted,2,0.029,0.03,1.029,0.336,NA,0.099675706,NA,0.004508339
RAB38,Brain Cortex,SCZ,Inverse variance weighted,2,-0.029,0.03,0.972,0.337,NA,0.158184687,NA,0.005141395
GLT1D1,Brain Cortex,SCZ,Wald ratio,1,0.034,0.036,1.035,0.338,NA,NA,NA,0.532873035
TMEM218,Brain Cortex,SCZ,Wald ratio,1,0.027,0.028,1.027,0.338,NA,NA,NA,0.00736287
IL10RB-DT,Brain Cortex,SCZ,Wald ratio,1,0.022,0.023,1.023,0.339,NA,NA,NA,0.008816341
GALNT8,Brain Cortex,SCZ,Wald ratio,1,-0.023,0.024,0.977,0.339,NA,NA,NA,0.006962188
QPRT,Brain Cortex,SCZ,Wald ratio,1,0.016,0.017,1.016,0.339,NA,NA,NA,0.007037759
DLG2,Brain Cortex,SCZ,Wald ratio,1,-0.016,0.017,0.984,0.34,NA,NA,NA,0.008578234
ENSG00000258526,Brain Cortex,SCZ,Wald ratio,1,0.019,0.02,1.019,0.343,NA,NA,NA,0.004779321
NPFFR1,Brain Cortex,SCZ,Wald ratio,1,-0.029,0.031,0.971,0.343,NA,NA,NA,0.011783103
KRT82,Brain Cortex,SCZ,Wald ratio,1,-0.135,0.143,0.874,0.343,NA,NA,NA,0.030762997
PLAAT3,Brain Cortex,SCZ,Wald ratio,1,0.021,0.023,1.022,0.343,NA,NA,NA,0.007448995
LRRK1,Brain Cortex,SCZ,Wald ratio,1,0.031,0.033,1.031,0.345,NA,NA,NA,0.008180176
ENSG00000278595,Brain Cortex,SCZ,Wald ratio,1,-0.019,0.02,0.981,0.347,NA,NA,NA,0.011471856
RB1,Brain Cortex,SCZ,Wald ratio,1,0.073,0.078,1.076,0.348,NA,NA,NA,0.025059638
PEBP1,Brain Cortex,SCZ,Wald ratio,1,-0.02,0.022,0.98,0.35,NA,NA,NA,0.005971354
RORA,Brain Cortex,SCZ,Wald ratio,1,0.018,0.02,1.018,0.35,NA,NA,NA,0.023828497
STYX,Brain Cortex,SCZ,Wald ratio,1,-0.014,0.014,0.987,0.352,NA,NA,NA,0.006731499
LINC01588,Brain Cortex,SCZ,Wald ratio,1,0.027,0.029,1.027,0.354,NA,NA,NA,0.005908418
RMI2,Brain Cortex,SCZ,Wald ratio,1,-0.017,0.018,0.983,0.355,NA,NA,NA,0.00714809
WDR72,Brain Cortex,SCZ,Wald ratio,1,0.035,0.038,1.036,0.355,NA,NA,NA,0.008118932
SVIL,Brain Cortex,SCZ,Wald ratio,1,0.09,0.097,1.094,0.356,NA,NA,NA,0.013041617
GALNT9,Brain Cortex,SCZ,Wald ratio,1,0.028,0.03,1.028,0.357,NA,NA,NA,0.019970438
ENSG00000285959,Brain Cortex,SCZ,Wald ratio,1,0.01,0.01,1.01,0.357,NA,NA,NA,0.006666099
DMAC2L,Brain Cortex,SCZ,Wald ratio,1,0.011,0.012,1.011,0.358,NA,NA,NA,0.006585077
SRGAP1,Brain Cortex,SCZ,Wald ratio,1,-0.016,0.017,0.984,0.358,NA,NA,NA,0.006582318
ALDH1A2,Brain Cortex,SCZ,Wald ratio,1,0.021,0.023,1.021,0.358,NA,NA,NA,0.00579356
METTL17,Brain Cortex,SCZ,Wald ratio,1,0.013,0.014,1.013,0.36,NA,NA,NA,0.007725318
ENSG00000259166,Brain Cortex,SCZ,Wald ratio,1,-0.016,0.017,0.984,0.361,NA,NA,NA,0.004690186
IGSF22,Brain Cortex,SCZ,Wald ratio,1,0.035,0.038,1.035,0.361,NA,NA,NA,0.062507526
DOCK9,Brain Cortex,SCZ,Wald ratio,1,-0.029,0.032,0.972,0.361,NA,NA,NA,0.006766871
SMAD9,Brain Cortex,SCZ,Wald ratio,1,0.015,0.016,1.015,0.362,NA,NA,NA,0.007653157
SLC28A1,Brain Cortex,SCZ,Wald ratio,1,0.025,0.027,1.025,0.362,NA,NA,NA,0.005724174
ENSG00000285987,Brain Cortex,SCZ,Wald ratio,1,0.093,0.103,1.098,0.363,NA,NA,NA,0.022284295
TULP3,Brain Cortex,SCZ,Wald ratio,1,-0.017,0.018,0.984,0.363,NA,NA,NA,0.006594477
ABHD17C,Brain Cortex,SCZ,Wald ratio,1,-0.036,0.04,0.965,0.365,NA,NA,NA,0.013436462
ENSG00000250230,Brain Cortex,SCZ,Wald ratio,1,0.039,0.043,1.04,0.365,NA,NA,NA,0.005460157
ENSG00000234156,Brain Cortex,SCZ,Wald ratio,1,-0.01,0.012,0.99,0.366,NA,NA,NA,0.010059245
CD226,Brain Cortex,SCZ,Wald ratio,1,-0.057,0.063,0.945,0.366,NA,NA,NA,0.016662199
PAMR1,Brain Cortex,SCZ,Wald ratio,1,-0.016,0.018,0.984,0.368,NA,NA,NA,0.016779119
POMT2,Brain Cortex,SCZ,Wald ratio,1,0.137,0.152,1.146,0.369,NA,NA,NA,0.060907033
PITRM1,Brain Cortex,SCZ,Wald ratio,1,-0.026,0.029,0.974,0.369,NA,NA,NA,0.006528233
LINC02410,Brain Cortex,SCZ,Wald ratio,1,-0.054,0.06,0.947,0.37,NA,NA,NA,0.01862683
NGFR-AS1,Brain Cortex,SCZ,Wald ratio,1,-0.025,0.027,0.976,0.372,NA,NA,NA,0.010276776
IL16,Brain Cortex,SCZ,Wald ratio,1,0.011,0.013,1.011,0.374,NA,NA,NA,0.007934314
ENSG00000258811,Brain Cortex,SCZ,Wald ratio,1,0.014,0.016,1.015,0.375,NA,NA,NA,0.008425653
AEN,Brain Cortex,SCZ,Wald ratio,1,-0.024,0.028,0.976,0.376,NA,NA,NA,0.008409876
ENSG00000228643,Brain Cortex,SCZ,Wald ratio,1,-0.015,0.017,0.985,0.376,NA,NA,NA,0.006383435
ARHGEF17,Brain Cortex,SCZ,Wald ratio,1,-0.083,0.094,0.92,0.376,NA,NA,NA,0.215824197
MAPK8IP1,Brain Cortex,SCZ,Wald ratio,1,0.075,0.085,1.078,0.378,NA,NA,NA,0.021645663
TLR4,Brain Cortex,SCZ,Wald ratio,1,0.072,0.081,1.074,0.378,NA,NA,NA,0.016429528
ENSG00000255628,Brain Cortex,SCZ,Wald ratio,1,-0.041,0.046,0.96,0.379,NA,NA,NA,0.018451895
ILF3,Brain Cortex,SCZ,Wald ratio,1,0.093,0.106,1.098,0.379,NA,NA,NA,0.023373644
LINC02331,Brain Cortex,SCZ,Wald ratio,1,0.025,0.029,1.025,0.381,NA,NA,NA,0.007057553
LINC00607,Brain Cortex,SCZ,Inverse variance weighted,2,0.025,0.029,1.026,0.382,NA,0.563608116,NA,0.006112673
GLIS3,Brain Cortex,SCZ,Wald ratio,1,0.021,0.024,1.021,0.384,NA,NA,NA,0.004477802
ENSG00000279452,Brain Cortex,SCZ,Wald ratio,1,0.012,0.014,1.012,0.384,NA,NA,NA,0.006657706
BMF,Brain Cortex,SCZ,Wald ratio,1,-0.013,0.015,0.987,0.385,NA,NA,NA,0.008567181
FBRSL1,Brain Cortex,SCZ,Wald ratio,1,0.076,0.087,1.079,0.386,NA,NA,NA,0.031803429
VLDLR-AS1,Brain Cortex,SCZ,Wald ratio,1,-0.027,0.031,0.974,0.386,NA,NA,NA,0.442291883
MAML2,Brain Cortex,SCZ,Wald ratio,1,-0.015,0.017,0.985,0.387,NA,NA,NA,0.004394531
ENSG00000259084,Brain Cortex,SCZ,Wald ratio,1,-0.012,0.014,0.988,0.389,NA,NA,NA,0.00617949
ZNF600,Brain Cortex,SCZ,Wald ratio,1,0.031,0.036,1.031,0.39,NA,NA,NA,0.009709384
MEIS2,Brain Cortex,SCZ,Wald ratio,1,0.024,0.028,1.025,0.391,NA,NA,NA,0.007106474
TRPM5,Brain Cortex,SCZ,Wald ratio,1,-0.045,0.053,0.956,0.392,NA,NA,NA,0.01183485
CELF1,Brain Cortex,SCZ,Wald ratio,1,0.017,0.02,1.017,0.394,NA,NA,NA,0.006277599
DKK3,Brain Cortex,SCZ,Wald ratio,1,-0.013,0.015,0.987,0.395,NA,NA,NA,0.005600517
LINC00368,Brain Cortex,SCZ,Wald ratio,1,-0.023,0.027,0.978,0.395,NA,NA,NA,0.008020612
COL27A1,Brain Cortex,SCZ,Wald ratio,1,-0.024,0.028,0.976,0.397,NA,NA,NA,0.00702498
ENSG00000196566,Brain Cortex,SCZ,Wald ratio,1,0.041,0.049,1.042,0.399,NA,NA,NA,0.011637097
SLC7A7,Brain Cortex,SCZ,Inverse variance weighted,2,0.02,0.024,1.02,0.4,NA,0.203691767,NA,0.012404597
C11orf97,Brain Cortex,SCZ,Wald ratio,1,0.016,0.018,1.016,0.4,NA,NA,NA,0.009915069
IGHV3-65,Brain Cortex,SCZ,Wald ratio,1,-0.028,0.033,0.972,0.401,NA,NA,NA,0.008295133
POU2AF1,Brain Cortex,SCZ,Wald ratio,1,-0.011,0.013,0.989,0.403,NA,NA,NA,0.006889738
LINC02547,Brain Cortex,SCZ,Wald ratio,1,0.028,0.034,1.029,0.406,NA,NA,NA,0.006994493
LGALS12,Brain Cortex,SCZ,Wald ratio,1,-0.027,0.032,0.973,0.407,NA,NA,NA,0.006575361
POC1B-AS1,Brain Cortex,SCZ,Wald ratio,1,0.013,0.015,1.013,0.408,NA,NA,NA,0.007251717
TEAD1,Brain Cortex,SCZ,Wald ratio,1,-0.019,0.022,0.982,0.408,NA,NA,NA,0.004578417
C10orf53,Brain Cortex,SCZ,Wald ratio,1,0.016,0.019,1.016,0.409,NA,NA,NA,0.006003149
RFC3,Brain Cortex,SCZ,Wald ratio,1,0.021,0.025,1.021,0.409,NA,NA,NA,0.01105753
LINC01076,Brain Cortex,SCZ,Wald ratio,1,-0.016,0.019,0.984,0.41,NA,NA,NA,0.007508152
ANXA2,Brain Cortex,SCZ,Wald ratio,1,0.012,0.014,1.012,0.411,NA,NA,NA,0.00701126
BACE2,Brain Cortex,SCZ,Wald ratio,1,-0.009,0.011,0.991,0.412,NA,NA,NA,0.006182564
FBXO21,Brain Cortex,SCZ,Wald ratio,1,0.009,0.011,1.009,0.414,NA,NA,NA,0.006025505
GRIN2B,Brain Cortex,SCZ,Wald ratio,1,0.009,0.011,1.009,0.417,NA,NA,NA,0.028997676
TEKT1,Brain Cortex,SCZ,Wald ratio,1,-0.043,0.054,0.957,0.417,NA,NA,NA,0.012271491
ENSG00000287368,Brain Cortex,SCZ,Wald ratio,1,0.07,0.087,1.073,0.418,NA,NA,NA,0.008868224
ENSG00000285283,Brain Cortex,SCZ,Wald ratio,1,-0.02,0.025,0.98,0.418,NA,NA,NA,0.016035761
PRKCH,Brain Cortex,SCZ,Wald ratio,1,0.02,0.024,1.02,0.419,NA,NA,NA,0.006093803
CRB2,Brain Cortex,SCZ,Wald ratio,1,-0.022,0.027,0.979,0.419,NA,NA,NA,0.998430743
LINC01036,Brain Cortex,SCZ,Wald ratio,1,0.029,0.036,1.03,0.423,NA,NA,NA,0.030758636
CDIN1,Brain Cortex,SCZ,Wald ratio,1,0.031,0.038,1.031,0.423,NA,NA,NA,0.010919318
ADSS1,Brain Cortex,SCZ,Wald ratio,1,0.013,0.017,1.013,0.424,NA,NA,NA,0.007836411
SLCO1A2,Brain Cortex,SCZ,Wald ratio,1,0.027,0.033,1.027,0.426,NA,NA,NA,0.008352005
COG6,Brain Cortex,SCZ,Wald ratio,1,0.019,0.024,1.019,0.427,NA,NA,NA,0.010154851
C10orf90,Brain Cortex,SCZ,Wald ratio,1,0.032,0.041,1.033,0.427,NA,NA,NA,0.005128262
CYRIA,Brain Cortex,SCZ,Wald ratio,1,0.013,0.016,1.013,0.427,NA,NA,NA,0.018754265
GRIN3A,Brain Cortex,SCZ,Wald ratio,1,-0.02,0.025,0.98,0.427,NA,NA,NA,0.013349497
FRS2,Brain Cortex,SCZ,Wald ratio,1,0.02,0.026,1.021,0.428,NA,NA,NA,0.005623662
CFAP251,Brain Cortex,SCZ,Wald ratio,1,-0.008,0.01,0.992,0.429,NA,NA,NA,0.005833262
SIM2,Brain Cortex,SCZ,Wald ratio,1,0.013,0.017,1.013,0.43,NA,NA,NA,0.006097556
PIP5K1B,Brain Cortex,SCZ,Wald ratio,1,0.027,0.035,1.028,0.433,NA,NA,NA,0.006692011
TRIM25,Brain Cortex,SCZ,Wald ratio,1,-0.025,0.032,0.975,0.434,NA,NA,NA,0.009249168
MIA2,Brain Cortex,SCZ,Wald ratio,1,0.011,0.015,1.011,0.434,NA,NA,NA,0.005861917
LINC00378,Brain Cortex,SCZ,Wald ratio,1,0.01,0.013,1.01,0.436,NA,NA,NA,0.00731307
ENSG00000287514,Brain Cortex,SCZ,Wald ratio,1,0.026,0.033,1.026,0.437,NA,NA,NA,0.045963255
ENSG00000291061,Brain Cortex,SCZ,Wald ratio,1,-0.028,0.036,0.972,0.437,NA,NA,NA,0.008718572
NRDE2,Brain Cortex,SCZ,Wald ratio,1,-0.015,0.02,0.985,0.438,NA,NA,NA,0.011031946
DIP2B,Brain Cortex,SCZ,Wald ratio,1,-0.009,0.011,0.991,0.438,NA,NA,NA,0.006301199
MIDEAS,Brain Cortex,SCZ,Wald ratio,1,-0.053,0.068,0.949,0.439,NA,NA,NA,0.016014714
NCF4-AS1,Brain Cortex,SCZ,Wald ratio,1,0.032,0.041,1.032,0.439,NA,NA,NA,0.008273812
APBA2,Brain Cortex,SCZ,Wald ratio,1,-0.042,0.054,0.959,0.439,NA,NA,NA,0.011075809
PCAT19,Brain Cortex,SCZ,Wald ratio,1,-0.022,0.029,0.978,0.44,NA,NA,NA,0.008453591
ENSG00000248516,Brain Cortex,SCZ,Wald ratio,1,-0.018,0.023,0.983,0.441,NA,NA,NA,0.005807589
ENSG00000268566,Brain Cortex,SCZ,Wald ratio,1,0.023,0.03,1.023,0.441,NA,NA,NA,0.005807577
LINC00458,Brain Cortex,SCZ,Wald ratio,1,0.03,0.039,1.03,0.442,NA,NA,NA,0.007183923
SLC6A1,Brain Cortex,SCZ,Wald ratio,1,-0.026,0.034,0.974,0.443,NA,NA,NA,0.009112258
KLHL42,Brain Cortex,SCZ,Wald ratio,1,0.023,0.03,1.023,0.444,NA,NA,NA,0.005914547
CD4,Brain Cortex,SCZ,Wald ratio,1,-0.025,0.033,0.975,0.446,NA,NA,NA,0.006098856
ENSG00000288657,Brain Cortex,SCZ,Wald ratio,1,0.021,0.027,1.021,0.446,NA,NA,NA,0.008841934
ATE1,Brain Cortex,SCZ,Wald ratio,1,-0.02,0.026,0.98,0.448,NA,NA,NA,0.006876057
XPO4,Brain Cortex,SCZ,Wald ratio,1,0.019,0.025,1.019,0.451,NA,NA,NA,0.007238946
DCLK1,Brain Cortex,SCZ,Wald ratio,1,0.017,0.022,1.017,0.452,NA,NA,NA,0.014139987
PROSER2,Brain Cortex,SCZ,Wald ratio,1,-0.026,0.034,0.975,0.452,NA,NA,NA,0.011488917
ENSG00000291171,Brain Cortex,SCZ,Wald ratio,1,-0.126,0.168,0.882,0.453,NA,NA,NA,0.027684675
CERK,Brain Cortex,SCZ,Wald ratio,1,-0.072,0.096,0.931,0.453,NA,NA,NA,0.016787304
MGMT,Brain Cortex,SCZ,Inverse variance weighted,2,0.038,0.051,1.039,0.454,NA,0.209478271,NA,0.007269243
LINC01230,Brain Cortex,SCZ,Wald ratio,1,-0.029,0.039,0.972,0.455,NA,NA,NA,0.007787066
ANO3,Brain Cortex,SCZ,Wald ratio,1,0.072,0.096,1.075,0.456,NA,NA,NA,0.01715914
TMC1,Brain Cortex,SCZ,Wald ratio,1,0.013,0.017,1.013,0.456,NA,NA,NA,0.007453448
CALHM1,Brain Cortex,SCZ,Wald ratio,1,-0.054,0.072,0.948,0.456,NA,NA,NA,0.017751101
TEX10,Brain Cortex,SCZ,Wald ratio,1,0.009,0.012,1.009,0.457,NA,NA,NA,0.005632068
LINC00297,Brain Cortex,SCZ,Wald ratio,1,-0.031,0.042,0.969,0.457,NA,NA,NA,0.083823367
PLB1,Brain Cortex,SCZ,Wald ratio,1,-0.01,0.014,0.99,0.458,NA,NA,NA,0.007372513
RGP1,Brain Cortex,SCZ,Wald ratio,1,0.025,0.034,1.026,0.461,NA,NA,NA,0.005921604
TIAM1,Brain Cortex,SCZ,Wald ratio,1,-0.009,0.012,0.991,0.461,NA,NA,NA,0.00592292
BNC2,Brain Cortex,SCZ,Wald ratio,1,-0.018,0.025,0.982,0.462,NA,NA,NA,0.010241374
PWRN1,Brain Cortex,SCZ,Wald ratio,1,0.031,0.042,1.031,0.463,NA,NA,NA,0.009495406
ENSG00000261025,Brain Cortex,SCZ,Wald ratio,1,-0.007,0.01,0.993,0.464,NA,NA,NA,0.004784909
VASH1-DT,Brain Cortex,SCZ,Wald ratio,1,-0.009,0.012,0.991,0.464,NA,NA,NA,0.006290877
MSANTD4,Brain Cortex,SCZ,Wald ratio,1,0.017,0.024,1.018,0.465,NA,NA,NA,0.006473509
RUBCNL,Brain Cortex,SCZ,Wald ratio,1,-0.012,0.016,0.988,0.467,NA,NA,NA,0.286735179
LINC02395,Brain Cortex,SCZ,Wald ratio,1,-0.015,0.021,0.985,0.467,NA,NA,NA,0.006818213
ZNF718,Brain Cortex,SCZ,Wald ratio,1,-0.009,0.012,0.991,0.467,NA,NA,NA,0.005690735
TRPM3,Brain Cortex,SCZ,Wald ratio,1,-0.018,0.024,0.983,0.468,NA,NA,NA,0.017675764
HNRNPC,Brain Cortex,SCZ,Wald ratio,1,0.02,0.027,1.02,0.468,NA,NA,NA,0.005875595
KRT77,Brain Cortex,SCZ,Wald ratio,1,0.023,0.032,1.023,0.47,NA,NA,NA,0.006901441
ENSG00000258847,Brain Cortex,SCZ,Wald ratio,1,0.012,0.016,1.012,0.471,NA,NA,NA,0.008323392
ENSG00000255910,Brain Cortex,SCZ,Wald ratio,1,-0.016,0.023,0.984,0.471,NA,NA,NA,0.01028419
ITPK1,Brain Cortex,SCZ,Wald ratio,1,-0.02,0.028,0.98,0.474,NA,NA,NA,0.017286629
RBM7,Brain Cortex,SCZ,Wald ratio,1,-0.032,0.045,0.968,0.475,NA,NA,NA,0.273238548
LINC02641,Brain Cortex,SCZ,Wald ratio,1,0.018,0.025,1.018,0.477,NA,NA,NA,0.006035616
FAM124A,Brain Cortex,SCZ,Wald ratio,1,0.029,0.041,1.03,0.477,NA,NA,NA,0.007217953
UNC79,Brain Cortex,SCZ,Wald ratio,1,0.014,0.02,1.014,0.48,NA,NA,NA,0.005859668
MYPN,Brain Cortex,SCZ,Wald ratio,1,-0.022,0.032,0.978,0.48,NA,NA,NA,0.012210635
CD6,Brain Cortex,SCZ,Wald ratio,1,-0.008,0.012,0.992,0.482,NA,NA,NA,0.00783423
TECTB,Brain Cortex,SCZ,Wald ratio,1,0.04,0.057,1.041,0.482,NA,NA,NA,0.01738513
FXN,Brain Cortex,SCZ,Wald ratio,1,-0.06,0.086,0.941,0.483,NA,NA,NA,0.025395945
HIKESHI,Brain Cortex,SCZ,Wald ratio,1,-0.012,0.016,0.989,0.484,NA,NA,NA,0.005707905
BLZF1,Brain Cortex,SCZ,Wald ratio,1,0.022,0.031,1.022,0.485,NA,NA,NA,0.01305905
SMC5,Brain Cortex,SCZ,Wald ratio,1,-0.047,0.068,0.954,0.486,NA,NA,NA,0.012921898
HOXC10,Brain Cortex,SCZ,Wald ratio,1,-0.023,0.032,0.978,0.488,NA,NA,NA,0.006185489
B4GALNT3,Brain Cortex,SCZ,Wald ratio,1,0.058,0.084,1.06,0.488,NA,NA,NA,0.019175838
SOX6,Brain Cortex,SCZ,Wald ratio,1,-0.009,0.013,0.991,0.488,NA,NA,NA,0.045910527
IQSEC3,Brain Cortex,SCZ,Wald ratio,1,-0.019,0.027,0.982,0.49,NA,NA,NA,0.01181416
KLHL1,Brain Cortex,SCZ,Wald ratio,1,-0.021,0.03,0.98,0.49,NA,NA,NA,0.005480793
STIM1,Brain Cortex,SCZ,Wald ratio,1,-0.062,0.09,0.94,0.49,NA,NA,NA,0.016854579
SAMD4A,Brain Cortex,SCZ,Wald ratio,1,0.092,0.134,1.096,0.49,NA,NA,NA,0.00475408
MPP7,Brain Cortex,SCZ,Wald ratio,1,-0.021,0.03,0.979,0.491,NA,NA,NA,0.007649452
HOMER2,Brain Cortex,SCZ,Wald ratio,1,0.058,0.085,1.06,0.492,NA,NA,NA,0.401106572
KCNJ1,Brain Cortex,SCZ,Inverse variance weighted,2,0.013,0.019,1.013,0.496,NA,0.537609018,NA,0.010704538
STRA6LP,Brain Cortex,SCZ,Wald ratio,1,0.02,0.03,1.021,0.496,NA,NA,NA,0.006066479
PTPRQ,Brain Cortex,SCZ,Wald ratio,1,0.029,0.042,1.029,0.497,NA,NA,NA,0.011207554
DHRS4L2,Brain Cortex,SCZ,Wald ratio,1,0.071,0.105,1.074,0.497,NA,NA,NA,0.017321226
CTAGE11P,Brain Cortex,SCZ,Wald ratio,1,-0.009,0.013,0.991,0.497,NA,NA,NA,0.012132187
ENSG00000285584,Brain Cortex,SCZ,Inverse variance weighted,2,-0.016,0.024,0.984,0.499,NA,0.799157722,NA,0.013162372
ENSG00000288018,Brain Cortex,SCZ,Wald ratio,1,0.019,0.028,1.019,0.5,NA,NA,NA,0.005547208
RASSF3,Brain Cortex,SCZ,Wald ratio,1,0.013,0.019,1.013,0.5,NA,NA,NA,0.005545541
ENSG00000236935,Brain Cortex,SCZ,Wald ratio,1,0.065,0.097,1.067,0.501,NA,NA,NA,0.02935226
SORCS3,Brain Cortex,SCZ,Wald ratio,1,0.025,0.038,1.026,0.502,NA,NA,NA,0.007566099
AGBL1,Brain Cortex,SCZ,Wald ratio,1,-0.008,0.012,0.992,0.502,NA,NA,NA,0.00810706
OR51D1,Brain Cortex,SCZ,Wald ratio,1,0.019,0.029,1.019,0.503,NA,NA,NA,0.005656057
AKR1C2,Brain Cortex,SCZ,Wald ratio,1,-0.012,0.018,0.988,0.503,NA,NA,NA,0.006577774
SLFN11,Brain Cortex,SCZ,Wald ratio,1,0.015,0.022,1.015,0.505,NA,NA,NA,0.005397095
GNAQ,Brain Cortex,SCZ,Wald ratio,1,0.013,0.02,1.014,0.505,NA,NA,NA,0.010733025
SLC12A1,Brain Cortex,SCZ,Wald ratio,1,0.028,0.042,1.028,0.505,NA,NA,NA,0.007965709
LINC00659,Brain Cortex,SCZ,Wald ratio,1,0.024,0.035,1.024,0.507,NA,NA,NA,0.006427576
ZFHX2,Brain Cortex,SCZ,Wald ratio,1,0.016,0.025,1.016,0.508,NA,NA,NA,0.017024022
ENSG00000287308,Brain Cortex,SCZ,Wald ratio,1,-0.009,0.013,0.991,0.511,NA,NA,NA,0.006277514
CDH13,Brain Cortex,SCZ,Wald ratio,1,0.014,0.021,1.014,0.511,NA,NA,NA,0.010921611
RBP4,Brain Cortex,SCZ,Wald ratio,1,0.018,0.027,1.018,0.511,NA,NA,NA,0.007959451
ACSL5,Brain Cortex,SCZ,Wald ratio,1,0.022,0.033,1.022,0.512,NA,NA,NA,0.006873647
ARAP1,Brain Cortex,SCZ,Wald ratio,1,0.058,0.089,1.06,0.513,NA,NA,NA,0.016517719
RGS3,Brain Cortex,SCZ,Wald ratio,1,0.024,0.037,1.025,0.515,NA,NA,NA,0.008908886
STN1,Brain Cortex,SCZ,Wald ratio,1,-0.016,0.025,0.984,0.515,NA,NA,NA,0.005554585
AMDHD1,Brain Cortex,SCZ,Wald ratio,1,-0.01,0.015,0.99,0.516,NA,NA,NA,0.007915206
LINC00572,Brain Cortex,SCZ,Wald ratio,1,0.016,0.025,1.016,0.516,NA,NA,NA,0.00733588
CHST15,Brain Cortex,SCZ,Wald ratio,1,-0.013,0.02,0.987,0.519,NA,NA,NA,0.005587641
CERNA2,Brain Cortex,SCZ,Wald ratio,1,-0.043,0.067,0.958,0.523,NA,NA,NA,0.010642029
TOGARAM2,Brain Cortex,SCZ,Wald ratio,1,0.02,0.032,1.02,0.524,NA,NA,NA,0.006380792
LINC00927,Brain Cortex,SCZ,Wald ratio,1,-0.017,0.027,0.983,0.525,NA,NA,NA,0.005278147
RIN3,Brain Cortex,SCZ,Wald ratio,1,0.016,0.025,1.016,0.526,NA,NA,NA,0.004773512
AK4P3,Brain Cortex,SCZ,Wald ratio,1,0.012,0.02,1.012,0.527,NA,NA,NA,0.0072605
LINC00350,Brain Cortex,SCZ,Wald ratio,1,-0.012,0.019,0.988,0.527,NA,NA,NA,0.012540574
SLIT1,Brain Cortex,SCZ,Wald ratio,1,0.019,0.031,1.02,0.529,NA,NA,NA,0.023179911
SLC39A12,Brain Cortex,SCZ,Wald ratio,1,0.066,0.105,1.068,0.532,NA,NA,NA,0.004699187
UFSP2,Brain Cortex,SCZ,Wald ratio,1,0.021,0.033,1.021,0.533,NA,NA,NA,0.006086428
DPH6-DT,Brain Cortex,SCZ,Wald ratio,1,0.013,0.02,1.013,0.533,NA,NA,NA,0.006086313
MSLNL,Brain Cortex,SCZ,Wald ratio,1,0.015,0.024,1.015,0.533,NA,NA,NA,0.006858812
ENSG00000259275,Brain Cortex,SCZ,Wald ratio,1,0.012,0.019,1.012,0.533,NA,NA,NA,0.005425495
ENSG00000226334,Brain Cortex,SCZ,Wald ratio,1,0.018,0.03,1.019,0.534,NA,NA,NA,0.004442387
ABCA1,Brain Cortex,SCZ,Wald ratio,1,-0.008,0.013,0.992,0.534,NA,NA,NA,0.006792258
NALCN,Brain Cortex,SCZ,Wald ratio,1,0.016,0.025,1.016,0.535,NA,NA,NA,0.010769843
ENSG00000283459,Brain Cortex,SCZ,Wald ratio,1,0.01,0.017,1.01,0.535,NA,NA,NA,0.006013004
SPATA6L,Brain Cortex,SCZ,Wald ratio,1,-0.021,0.034,0.979,0.536,NA,NA,NA,0.005532947
ENSG00000290588,Brain Cortex,SCZ,Wald ratio,1,0.035,0.057,1.036,0.536,NA,NA,NA,0.0136694
ADAM12,Brain Cortex,SCZ,Wald ratio,1,-0.01,0.017,0.99,0.537,NA,NA,NA,0.004439557
GPATCH2L,Brain Cortex,SCZ,Wald ratio,1,-0.009,0.015,0.991,0.539,NA,NA,NA,0.005459089
ENSG00000275630,Brain Cortex,SCZ,Wald ratio,1,-0.015,0.025,0.985,0.539,NA,NA,NA,0.005756199
RNF121,Brain Cortex,SCZ,Wald ratio,1,-0.025,0.041,0.975,0.539,NA,NA,NA,0.014180362
VTI1A,Brain Cortex,SCZ,Wald ratio,1,-0.021,0.034,0.979,0.54,NA,NA,NA,0.005572332
TM2D3,Brain Cortex,SCZ,Wald ratio,1,-0.019,0.031,0.981,0.54,NA,NA,NA,0.009516177
GRK5,Brain Cortex,SCZ,Wald ratio,1,0.024,0.039,1.024,0.54,NA,NA,NA,0.008754803
LBHD2,Brain Cortex,SCZ,Wald ratio,1,-0.054,0.088,0.948,0.541,NA,NA,NA,0.014977281
ABTB3,Brain Cortex,SCZ,Wald ratio,1,-0.006,0.011,0.994,0.542,NA,NA,NA,0.009900275
DHX37,Brain Cortex,SCZ,Wald ratio,1,-0.007,0.012,0.993,0.543,NA,NA,NA,0.011194519
CAMK2D,Brain Cortex,SCZ,Wald ratio,1,-0.055,0.09,0.947,0.543,NA,NA,NA,0.060756206
LINC02633,Brain Cortex,SCZ,Wald ratio,1,-0.007,0.011,0.993,0.544,NA,NA,NA,0.005315361
TSPAN18,Brain Cortex,SCZ,Wald ratio,1,0.009,0.016,1.01,0.546,NA,NA,NA,0.011127412
ANKFN1,Brain Cortex,SCZ,Wald ratio,1,0.008,0.013,1.008,0.546,NA,NA,NA,0.006013959
PTCSC2,Brain Cortex,SCZ,Wald ratio,1,0.011,0.019,1.011,0.547,NA,NA,NA,0.005830699
OR51B5,Brain Cortex,SCZ,Wald ratio,1,0.007,0.011,1.007,0.55,NA,NA,NA,0.005168465
ADIRF,Brain Cortex,SCZ,Wald ratio,1,-0.009,0.014,0.991,0.55,NA,NA,NA,0.007432706
TLX1NB,Brain Cortex,SCZ,Wald ratio,1,-0.023,0.039,0.977,0.551,NA,NA,NA,0.005346954
ARHGAP22,Brain Cortex,SCZ,Wald ratio,1,-0.007,0.012,0.993,0.552,NA,NA,NA,0.005685146
FEZ1,Brain Cortex,SCZ,Wald ratio,1,-0.012,0.02,0.988,0.553,NA,NA,NA,0.012943397
EBNA1BP2,Brain Cortex,SCZ,Wald ratio,1,0.008,0.014,1.008,0.554,NA,NA,NA,0.299880851
STRN3,Brain Cortex,SCZ,Wald ratio,1,0.01,0.017,1.01,0.554,NA,NA,NA,0.005795768
GOLM1,Brain Cortex,SCZ,Wald ratio,1,0.022,0.038,1.022,0.562,NA,NA,NA,0.008071655
LINC02420,Brain Cortex,SCZ,Inverse variance weighted,2,-0.024,0.041,0.976,0.563,NA,0.164872248,NA,0.00448881
FRMD6,Brain Cortex,SCZ,Wald ratio,1,-0.01,0.018,0.99,0.564,NA,NA,NA,0.00465569
C10orf143,Brain Cortex,SCZ,Wald ratio,1,0.008,0.015,1.008,0.565,NA,NA,NA,0.009111985
BBOX1,Brain Cortex,SCZ,Wald ratio,1,0.031,0.055,1.032,0.565,NA,NA,NA,0.00469394
ANKRD10,Brain Cortex,SCZ,Wald ratio,1,0.021,0.037,1.022,0.566,NA,NA,NA,0.005910658
SELENOOLP,Brain Cortex,SCZ,Wald ratio,1,-0.019,0.033,0.981,0.567,NA,NA,NA,0.006021873
ADAM21P1,Brain Cortex,SCZ,Wald ratio,1,0.011,0.019,1.011,0.567,NA,NA,NA,0.006135599
PCSK5,Brain Cortex,SCZ,Wald ratio,1,-0.013,0.023,0.987,0.57,NA,NA,NA,0.005939943
VEZT,Brain Cortex,SCZ,Wald ratio,1,-0.011,0.02,0.989,0.57,NA,NA,NA,0.006869386
ENSG00000273919,Brain Cortex,SCZ,Wald ratio,1,-0.026,0.045,0.975,0.571,NA,NA,NA,0.007895086
MSI1,Brain Cortex,SCZ,Wald ratio,1,-0.011,0.02,0.989,0.573,NA,NA,NA,0.01738635
JAK2,Brain Cortex,SCZ,Wald ratio,1,-0.009,0.016,0.991,0.574,NA,NA,NA,0.005987155
DIRC3-AS1,Brain Cortex,SCZ,Wald ratio,1,-0.007,0.012,0.993,0.574,NA,NA,NA,0.010876832
ST20,Brain Cortex,SCZ,Wald ratio,1,-0.009,0.016,0.991,0.577,NA,NA,NA,0.006946142
HPS1,Brain Cortex,SCZ,Wald ratio,1,-0.011,0.019,0.989,0.577,NA,NA,NA,0.250101674
TECPR2,Brain Cortex,SCZ,Wald ratio,1,0.021,0.037,1.021,0.579,NA,NA,NA,0.05752933
LINC01550,Brain Cortex,SCZ,Wald ratio,1,0.018,0.032,1.018,0.581,NA,NA,NA,0.007208419
IQCN,Brain Cortex,SCZ,Wald ratio,1,0.019,0.034,1.019,0.584,NA,NA,NA,0.0066224
MOB3B,Brain Cortex,SCZ,Wald ratio,1,-0.046,0.084,0.955,0.585,NA,NA,NA,0.015796413
GPC1,Brain Cortex,SCZ,Wald ratio,1,-0.014,0.025,0.986,0.585,NA,NA,NA,0.005073936
LINC00683,Brain Cortex,SCZ,Wald ratio,1,0.008,0.014,1.008,0.585,NA,NA,NA,0.005073936
CYP2C23P,Brain Cortex,SCZ,Wald ratio,1,-0.008,0.014,0.992,0.586,NA,NA,NA,0.005072987
ENSG00000283415,Brain Cortex,SCZ,Wald ratio,1,-0.012,0.022,0.988,0.587,NA,NA,NA,0.024294551
ENSG00000278954,Brain Cortex,SCZ,Wald ratio,1,0.018,0.032,1.018,0.587,NA,NA,NA,0.007399273
ITFG2-AS1,Brain Cortex,SCZ,Wald ratio,1,0.035,0.065,1.036,0.587,NA,NA,NA,0.010097997
RAMP1,Brain Cortex,SCZ,Wald ratio,1,0.018,0.034,1.019,0.588,NA,NA,NA,0.007396505
FGD4,Brain Cortex,SCZ,Wald ratio,1,-0.007,0.013,0.993,0.588,NA,NA,NA,0.005520627
CAND1,Brain Cortex,SCZ,Wald ratio,1,-0.021,0.039,0.979,0.589,NA,NA,NA,0.015576794
BMPR1A,Brain Cortex,SCZ,Wald ratio,1,0.043,0.08,1.044,0.592,NA,NA,NA,0.012771059
MX2,Brain Cortex,SCZ,Wald ratio,1,0.029,0.054,1.029,0.593,NA,NA,NA,0.00561062
MYH14,Brain Cortex,SCZ,Wald ratio,1,-0.053,0.1,0.948,0.593,NA,NA,NA,0.015535545
TRPM1,Brain Cortex,SCZ,Wald ratio,1,0.006,0.012,1.006,0.593,NA,NA,NA,0.00504297
ENSG00000290807,Brain Cortex,SCZ,Wald ratio,1,-0.006,0.012,0.994,0.595,NA,NA,NA,0.005601566
LASTR,Brain Cortex,SCZ,Inverse variance weighted,2,-0.016,0.03,0.985,0.597,NA,0.209555753,NA,0.006454833
LINC02952,Brain Cortex,SCZ,Wald ratio,1,-0.007,0.013,0.993,0.597,NA,NA,NA,0.033487318
OSBPL5,Brain Cortex,SCZ,Wald ratio,1,0.011,0.021,1.011,0.597,NA,NA,NA,0.005933235
DAB2IP,Brain Cortex,SCZ,Wald ratio,1,-0.013,0.025,0.987,0.598,NA,NA,NA,0.005083094
ENSG00000259704,Brain Cortex,SCZ,Wald ratio,1,-0.011,0.021,0.989,0.598,NA,NA,NA,0.005974103
ENSG00000289571,Brain Cortex,SCZ,Wald ratio,1,-0.012,0.022,0.988,0.599,NA,NA,NA,0.005752668
CASQ2,Brain Cortex,SCZ,Wald ratio,1,0.015,0.028,1.015,0.602,NA,NA,NA,0.005235602
PRDM11,Brain Cortex,SCZ,Wald ratio,1,0.014,0.027,1.014,0.602,NA,NA,NA,0.005459991
CTBP2,Brain Cortex,SCZ,Wald ratio,1,-0.016,0.031,0.984,0.602,NA,NA,NA,0.013858268
ZRANB1,Brain Cortex,SCZ,Wald ratio,1,0.006,0.012,1.006,0.603,NA,NA,NA,0.005683318
MMP26,Brain Cortex,SCZ,Wald ratio,1,-0.025,0.048,0.975,0.604,NA,NA,NA,0.008923986
ENSG00000289862,Brain Cortex,SCZ,Wald ratio,1,0.06,0.115,1.061,0.605,NA,NA,NA,0.00812171
PTHLH,Brain Cortex,SCZ,Wald ratio,1,0.017,0.033,1.017,0.605,NA,NA,NA,0.005165595
ENSG00000259702,Brain Cortex,SCZ,Wald ratio,1,-0.012,0.022,0.988,0.605,NA,NA,NA,0.010348932
SUSD1,Brain Cortex,SCZ,Wald ratio,1,-0.007,0.013,0.993,0.606,NA,NA,NA,0.005276795
ADPGK-AS1,Brain Cortex,SCZ,Wald ratio,1,-0.018,0.036,0.982,0.607,NA,NA,NA,0.005947623
ENSG00000237612,Brain Cortex,SCZ,Wald ratio,1,0.012,0.023,1.012,0.607,NA,NA,NA,0.008123724
PRR5L,Brain Cortex,SCZ,Wald ratio,1,0.015,0.03,1.016,0.608,NA,NA,NA,0.04848165
PDZD7,Brain Cortex,SCZ,Wald ratio,1,0.011,0.022,1.011,0.609,NA,NA,NA,0.005207262
ASXL1,Brain Cortex,SCZ,Wald ratio,1,0.007,0.014,1.007,0.613,NA,NA,NA,0.028267146
PRRX2,Brain Cortex,SCZ,Wald ratio,1,-0.012,0.024,0.988,0.613,NA,NA,NA,0.031391196
EIF2AK4,Brain Cortex,SCZ,Wald ratio,1,-0.011,0.021,0.989,0.615,NA,NA,NA,0.010331232
TLL2,Brain Cortex,SCZ,Wald ratio,1,0.011,0.022,1.011,0.617,NA,NA,NA,0.006849328
CAPN15,Brain Cortex,SCZ,Wald ratio,1,-0.024,0.048,0.976,0.617,NA,NA,NA,0.009606274
ENSG00000255026,Brain Cortex,SCZ,Inverse variance weighted,2,0.018,0.037,1.019,0.618,NA,0.16131594,NA,0.004981341
WT1-AS,Brain Cortex,SCZ,Wald ratio,1,-0.021,0.043,0.979,0.619,NA,NA,NA,0.005977507
ENSG00000258516,Brain Cortex,SCZ,Wald ratio,1,-0.023,0.046,0.977,0.62,NA,NA,NA,0.007378274
SORBS1,Brain Cortex,SCZ,Wald ratio,1,0.007,0.014,1.007,0.621,NA,NA,NA,0.005443468
ENSG00000259365,Brain Cortex,SCZ,Wald ratio,1,0.017,0.034,1.017,0.621,NA,NA,NA,0.088253346
GRK1,Brain Cortex,SCZ,Wald ratio,1,0.016,0.033,1.016,0.621,NA,NA,NA,0.00488516
LINC02666,Brain Cortex,SCZ,Wald ratio,1,0.041,0.083,1.042,0.621,NA,NA,NA,0.008254597
ENSG00000286162,Brain Cortex,SCZ,Wald ratio,1,0.014,0.028,1.014,0.623,NA,NA,NA,0.014260035
SORD,Brain Cortex,SCZ,Wald ratio,1,0.012,0.024,1.012,0.624,NA,NA,NA,0.01575686
VSTM5,Brain Cortex,SCZ,Inverse variance weighted,2,0.007,0.014,1.007,0.624,NA,0.902497789,NA,0.004806176
ENSG00000259280,Brain Cortex,SCZ,Wald ratio,1,-0.031,0.064,0.97,0.627,NA,NA,NA,0.010251226
HIF1A,Brain Cortex,SCZ,Wald ratio,1,0.047,0.097,1.048,0.629,NA,NA,NA,0.016672447
TENM4,Brain Cortex,SCZ,Wald ratio,1,-0.007,0.015,0.993,0.629,NA,NA,NA,0.013210412
CAPS2,Brain Cortex,SCZ,Wald ratio,1,0.015,0.032,1.016,0.629,NA,NA,NA,0.014800412
PLA2G4E,Brain Cortex,SCZ,Inverse variance weighted,2,0.017,0.035,1.017,0.63,NA,0.148203126,NA,0.004521896
CDHR5,Brain Cortex,SCZ,Wald ratio,1,0.015,0.031,1.015,0.631,NA,NA,NA,0.004982806
CLMP,Brain Cortex,SCZ,Wald ratio,1,-0.008,0.016,0.993,0.632,NA,NA,NA,0.004852665
WFDC1,Brain Cortex,SCZ,Wald ratio,1,0.007,0.014,1.007,0.633,NA,NA,NA,0.005012352
ACTA2,Brain Cortex,SCZ,Wald ratio,1,0.022,0.046,1.022,0.634,NA,NA,NA,0.028933553
RTF1,Brain Cortex,SCZ,Wald ratio,1,0.005,0.011,1.005,0.635,NA,NA,NA,0.005501462
TXNRD1,Brain Cortex,SCZ,Wald ratio,1,0.009,0.018,1.009,0.635,NA,NA,NA,0.013781112
MGAT4C,Brain Cortex,SCZ,Wald ratio,1,0.011,0.023,1.011,0.635,NA,NA,NA,0.006544951
ZAR1L,Brain Cortex,SCZ,Wald ratio,1,-0.013,0.027,0.987,0.636,NA,NA,NA,0.006211581
ENSG00000287887,Brain Cortex,SCZ,Wald ratio,1,-0.015,0.031,0.986,0.638,NA,NA,NA,0.005544754
LTO1,Brain Cortex,SCZ,Wald ratio,1,-0.014,0.03,0.986,0.641,NA,NA,NA,0.010412576
MEF2A,Brain Cortex,SCZ,Wald ratio,1,0.049,0.105,1.05,0.641,NA,NA,NA,0.017112646
NTN4,Brain Cortex,SCZ,Wald ratio,1,0.009,0.019,1.009,0.641,NA,NA,NA,0.005699194
TAF3,Brain Cortex,SCZ,Wald ratio,1,-0.007,0.016,0.993,0.641,NA,NA,NA,0.004875193
TMEM117,Brain Cortex,SCZ,Wald ratio,1,0.018,0.039,1.018,0.641,NA,NA,NA,0.008045597
CEP83,Brain Cortex,SCZ,Wald ratio,1,0.018,0.039,1.018,0.649,NA,NA,NA,0.007401408
SLC15A4,Brain Cortex,SCZ,Wald ratio,1,-0.006,0.013,0.994,0.649,NA,NA,NA,0.004942072
LDHA,Brain Cortex,SCZ,Wald ratio,1,-0.007,0.015,0.993,0.649,NA,NA,NA,0.007356519
FAM81A,Brain Cortex,SCZ,Wald ratio,1,0.017,0.038,1.017,0.652,NA,NA,NA,0.005605166
SMYD3,Brain Cortex,SCZ,Inverse variance weighted,2,-0.021,0.047,0.979,0.652,NA,0.098749037,NA,0.005169976
NELL1,Brain Cortex,SCZ,Wald ratio,1,-0.008,0.018,0.992,0.652,NA,NA,NA,0.009740304
CNMD,Brain Cortex,SCZ,Wald ratio,1,-0.032,0.071,0.969,0.655,NA,NA,NA,0.012978347
TMC3,Brain Cortex,SCZ,Wald ratio,1,-0.017,0.039,0.983,0.655,NA,NA,NA,0.005647835
ENSG00000260661,Brain Cortex,SCZ,Wald ratio,1,0.016,0.036,1.016,0.657,NA,NA,NA,0.00591461
GATM,Brain Cortex,SCZ,Wald ratio,1,0.012,0.027,1.012,0.657,NA,NA,NA,0.025230969
PCDH15,Brain Cortex,SCZ,Wald ratio,1,0.014,0.031,1.014,0.657,NA,NA,NA,0.004825504
ENSG00000257283,Brain Cortex,SCZ,Wald ratio,1,0.016,0.035,1.016,0.658,NA,NA,NA,0.006291095
ENSG00000258661,Brain Cortex,SCZ,Wald ratio,1,0.008,0.018,1.008,0.66,NA,NA,NA,0.005469835
KLHL14,Brain Cortex,SCZ,Wald ratio,1,0.006,0.015,1.006,0.66,NA,NA,NA,0.004979904
ITIH5,Brain Cortex,SCZ,Wald ratio,1,0.013,0.03,1.013,0.662,NA,NA,NA,0.005246878
LINC02930,Brain Cortex,SCZ,Wald ratio,1,0.008,0.018,1.008,0.663,NA,NA,NA,0.004756592
TRIM6,Brain Cortex,SCZ,Wald ratio,1,-0.011,0.025,0.989,0.666,NA,NA,NA,0.004801904
LINC01559,Brain Cortex,SCZ,Wald ratio,1,-0.007,0.015,0.993,0.666,NA,NA,NA,0.004801904
SH3RF3,Brain Cortex,SCZ,Wald ratio,1,0.005,0.012,1.005,0.667,NA,NA,NA,0.005321061
RAD9A,Brain Cortex,SCZ,Wald ratio,1,-0.053,0.124,0.948,0.667,NA,NA,NA,0.00823963
HS3ST2,Brain Cortex,SCZ,Wald ratio,1,0.01,0.023,1.01,0.667,NA,NA,NA,0.008932328
CPXM2,Brain Cortex,SCZ,Wald ratio,1,0.014,0.032,1.014,0.668,NA,NA,NA,0.004957374
LINC00939,Brain Cortex,SCZ,Wald ratio,1,0.006,0.015,1.006,0.669,NA,NA,NA,0.019922167
LINC02989,Brain Cortex,SCZ,Wald ratio,1,0.006,0.014,1.006,0.67,NA,NA,NA,0.004734621
BEST1,Brain Cortex,SCZ,Wald ratio,1,-0.024,0.057,0.976,0.672,NA,NA,NA,0.017662439
LINC02749,Brain Cortex,SCZ,Wald ratio,1,-0.005,0.011,0.995,0.673,NA,NA,NA,0.004889009
LDB3,Brain Cortex,SCZ,Wald ratio,1,-0.007,0.017,0.993,0.674,NA,NA,NA,0.005157119
PAFAH1B2P2,Brain Cortex,SCZ,Wald ratio,1,0.021,0.05,1.021,0.675,NA,NA,NA,0.007723899
ENSG00000258982,Brain Cortex,SCZ,Wald ratio,1,-0.006,0.014,0.994,0.679,NA,NA,NA,0.004712056
TRIM9,Brain Cortex,SCZ,Inverse variance weighted,2,0.012,0.028,1.012,0.679,NA,0.670137028,NA,0.010795814
CNDP2,Brain Cortex,SCZ,Wald ratio,1,0.013,0.032,1.013,0.682,NA,NA,NA,0.005400691
LINC02351,Brain Cortex,SCZ,Wald ratio,1,-0.008,0.019,0.992,0.685,NA,NA,NA,0.005446108
AATF,Brain Cortex,SCZ,Wald ratio,1,-0.025,0.061,0.976,0.685,NA,NA,NA,0.009368812
EHD4,Brain Cortex,SCZ,Wald ratio,1,0.009,0.021,1.009,0.686,NA,NA,NA,0.004801397
LMO1,Brain Cortex,SCZ,Wald ratio,1,0.009,0.023,1.009,0.686,NA,NA,NA,0.004801397
ANKS1B,Brain Cortex,SCZ,Wald ratio,1,-0.013,0.032,0.987,0.687,NA,NA,NA,0.004957316
GNAL,Brain Cortex,SCZ,Wald ratio,1,-0.034,0.085,0.967,0.687,NA,NA,NA,0.013799277
RCL1,Brain Cortex,SCZ,Wald ratio,1,-0.006,0.015,0.994,0.688,NA,NA,NA,0.015024429
NELL2,Brain Cortex,SCZ,Wald ratio,1,-0.015,0.038,0.985,0.689,NA,NA,NA,0.004529374
SCYL1,Brain Cortex,SCZ,Wald ratio,1,-0.019,0.046,0.982,0.689,NA,NA,NA,0.009086925
KRTAP15-1,Brain Cortex,SCZ,Wald ratio,1,0.037,0.093,1.038,0.689,NA,NA,NA,0.008144061
ZFHX3,Brain Cortex,SCZ,Wald ratio,1,-0.008,0.021,0.992,0.689,NA,NA,NA,0.005112022
CHRNA5,Brain Cortex,SCZ,Wald ratio,1,0.019,0.049,1.02,0.69,NA,NA,NA,0.010808464
ENSG00000257221,Brain Cortex,SCZ,Wald ratio,1,-0.013,0.033,0.987,0.69,NA,NA,NA,0.005873831
CDH24,Brain Cortex,SCZ,Wald ratio,1,-0.008,0.02,0.992,0.692,NA,NA,NA,0.005691182
LINC01168,Brain Cortex,SCZ,Wald ratio,1,0.03,0.076,1.03,0.695,NA,NA,NA,0.012685927
CELSR1,Brain Cortex,SCZ,Wald ratio,1,0.017,0.044,1.017,0.697,NA,NA,NA,0.008211365
C11orf16,Brain Cortex,SCZ,Wald ratio,1,0.01,0.027,1.011,0.697,NA,NA,NA,0.00486886
SNX15,Brain Cortex,SCZ,Wald ratio,1,0.019,0.05,1.02,0.697,NA,NA,NA,0.005918902
SRRM4,Brain Cortex,SCZ,Wald ratio,1,0.005,0.014,1.005,0.699,NA,NA,NA,0.004979892
IRAG1,Brain Cortex,SCZ,Wald ratio,1,0.004,0.011,1.004,0.7,NA,NA,NA,0.004712518
RALGDS,Brain Cortex,SCZ,Wald ratio,1,-0.005,0.014,0.995,0.704,NA,NA,NA,0.005071848
TANC2,Brain Cortex,SCZ,Wald ratio,1,0.029,0.078,1.03,0.705,NA,NA,NA,0.013848047
RXYLT1-AS1,Brain Cortex,SCZ,Wald ratio,1,0.008,0.021,1.008,0.708,NA,NA,NA,0.005961684
RNF6,Brain Cortex,SCZ,Wald ratio,1,0.013,0.035,1.013,0.71,NA,NA,NA,0.005585223
RSL24D1,Brain Cortex,SCZ,Wald ratio,1,0.017,0.046,1.017,0.711,NA,NA,NA,0.006179291
BTG1,Brain Cortex,SCZ,Wald ratio,1,-0.05,0.135,0.951,0.712,NA,NA,NA,0.020272144
CDK17,Brain Cortex,SCZ,Wald ratio,1,-0.007,0.018,0.993,0.713,NA,NA,NA,0.004626973
MIR3663HG,Brain Cortex,SCZ,Wald ratio,1,0.01,0.027,1.01,0.715,NA,NA,NA,0.018439847
PAOX,Brain Cortex,SCZ,Wald ratio,1,-0.011,0.031,0.989,0.715,NA,NA,NA,0.01051625
AFAP1L2,Brain Cortex,SCZ,Wald ratio,1,-0.036,0.1,0.964,0.717,NA,NA,NA,0.380413145
U6,Brain Cortex,SCZ,Wald ratio,1,-0.016,0.045,0.984,0.718,NA,NA,NA,0.007605059
ZBTB4,Brain Cortex,SCZ,Wald ratio,1,-0.014,0.038,0.987,0.72,NA,NA,NA,0.00561062
HSPB7,Brain Cortex,SCZ,Wald ratio,1,-0.007,0.019,0.993,0.722,NA,NA,NA,0.0055678
ENSG00000283098,Brain Cortex,SCZ,Wald ratio,1,0.008,0.022,1.008,0.725,NA,NA,NA,0.004812215
FAT3,Brain Cortex,SCZ,Wald ratio,1,0.008,0.022,1.008,0.725,NA,NA,NA,0.015591843
PPM1H,Brain Cortex,SCZ,Wald ratio,1,-0.022,0.062,0.979,0.726,NA,NA,NA,0.007639469
LYSMD4,Brain Cortex,SCZ,Wald ratio,1,0.005,0.014,1.005,0.726,NA,NA,NA,0.00922287
GLDN,Brain Cortex,SCZ,Wald ratio,1,0.003,0.01,1.004,0.731,NA,NA,NA,0.004589604
LINC00840,Brain Cortex,SCZ,Wald ratio,1,0.009,0.026,1.009,0.734,NA,NA,NA,0.009968063
PRKG1,Brain Cortex,SCZ,Wald ratio,1,-0.005,0.013,0.995,0.734,NA,NA,NA,0.0072132
LINC02459,Brain Cortex,SCZ,Wald ratio,1,-0.007,0.021,0.993,0.736,NA,NA,NA,0.004525561
DYRK2,Brain Cortex,SCZ,Wald ratio,1,-0.016,0.048,0.984,0.738,NA,NA,NA,0.008567111
MRPL23,Brain Cortex,SCZ,Wald ratio,1,-0.012,0.036,0.988,0.739,NA,NA,NA,0.004936208
TUT7,Brain Cortex,SCZ,Wald ratio,1,0.006,0.017,1.006,0.739,NA,NA,NA,0.004571944
LINC01250,Brain Cortex,SCZ,Wald ratio,1,0.024,0.073,1.025,0.741,NA,NA,NA,0.136452418
PAEP,Brain Cortex,SCZ,Wald ratio,1,0.019,0.059,1.02,0.741,NA,NA,NA,0.006494301
LINC02151,Brain Cortex,SCZ,Wald ratio,1,-0.007,0.02,0.993,0.742,NA,NA,NA,0.043406881
CAPN1,Brain Cortex,SCZ,Wald ratio,1,-0.005,0.016,0.995,0.742,NA,NA,NA,0.004618393
PDCD1LG2,Brain Cortex,SCZ,Wald ratio,1,0.004,0.012,1.004,0.745,NA,NA,NA,0.004977782
PGAM1P5,Brain Cortex,SCZ,Wald ratio,1,-0.011,0.033,0.989,0.745,NA,NA,NA,0.004664378
MS4A14,Brain Cortex,SCZ,Wald ratio,1,-0.004,0.011,0.996,0.747,NA,NA,NA,0.844996796
FAM181A,Brain Cortex,SCZ,Wald ratio,1,-0.006,0.018,0.994,0.747,NA,NA,NA,0.004556257
NINJ2,Brain Cortex,SCZ,Wald ratio,1,0.005,0.016,1.005,0.747,NA,NA,NA,0.006333686
LINC00943,Brain Cortex,SCZ,Wald ratio,1,0.01,0.033,1.011,0.748,NA,NA,NA,0.005384919
PDE3A,Brain Cortex,SCZ,Wald ratio,1,-0.007,0.022,0.993,0.749,NA,NA,NA,0.007766553
ENSG00000286016,Brain Cortex,SCZ,Wald ratio,1,-0.011,0.035,0.989,0.75,NA,NA,NA,0.005743428
PRLHR,Brain Cortex,SCZ,Wald ratio,1,0.01,0.032,1.01,0.751,NA,NA,NA,0.005119058
ENSG00000230805,Brain Cortex,SCZ,Wald ratio,1,-0.008,0.025,0.992,0.753,NA,NA,NA,0.004649613
SFMBT2,Brain Cortex,SCZ,Wald ratio,1,0.012,0.04,1.013,0.753,NA,NA,NA,0.007281215
ENSG00000287271,Brain Cortex,SCZ,Wald ratio,1,0.017,0.054,1.017,0.754,NA,NA,NA,0.011849314
ENSG00000239920,Brain Cortex,SCZ,Wald ratio,1,-0.005,0.016,0.995,0.755,NA,NA,NA,0.005007891
ENSG00000287861,Brain Cortex,SCZ,Wald ratio,1,0.011,0.035,1.011,0.756,NA,NA,NA,0.008347191
GNA14,Brain Cortex,SCZ,Wald ratio,1,-0.004,0.013,0.996,0.757,NA,NA,NA,0.004682969
KCNK10,Brain Cortex,SCZ,Wald ratio,1,0.011,0.036,1.011,0.759,NA,NA,NA,0.005102503
STX18-AS1,Brain Cortex,SCZ,Wald ratio,1,0.003,0.011,1.003,0.759,NA,NA,NA,0.00458547
PNPLA7,Brain Cortex,SCZ,Wald ratio,1,-0.008,0.028,0.992,0.764,NA,NA,NA,0.004680501
GDA,Brain Cortex,SCZ,Wald ratio,1,-0.01,0.032,0.991,0.765,NA,NA,NA,0.005555699
ENSG00000270299,Brain Cortex,SCZ,Wald ratio,1,0.007,0.025,1.007,0.765,NA,NA,NA,0.006582124
MYO1E,Brain Cortex,SCZ,Wald ratio,1,-0.007,0.022,0.993,0.766,NA,NA,NA,0.008001508
SERTAD4BP,Brain Cortex,SCZ,Wald ratio,1,-0.015,0.051,0.985,0.766,NA,NA,NA,0.094707735
CD59,Brain Cortex,SCZ,Wald ratio,1,0.006,0.02,1.006,0.767,NA,NA,NA,0.004570989
ENSG00000291065,Brain Cortex,SCZ,Wald ratio,1,-0.007,0.023,0.993,0.767,NA,NA,NA,0.005446583
RAB30,Brain Cortex,SCZ,Wald ratio,1,0.004,0.015,1.004,0.771,NA,NA,NA,0.699491078
DACH1,Brain Cortex,SCZ,Wald ratio,1,0.009,0.033,1.01,0.776,NA,NA,NA,0.015274316
CLEC1B,Brain Cortex,SCZ,Wald ratio,1,-0.004,0.015,0.996,0.776,NA,NA,NA,0.004556013
NTN1,Brain Cortex,SCZ,Wald ratio,1,0.017,0.06,1.017,0.776,NA,NA,NA,0.008332548
ENSG00000286959,Brain Cortex,SCZ,Wald ratio,1,0.006,0.022,1.006,0.779,NA,NA,NA,0.004962176
LINC02645,Brain Cortex,SCZ,Wald ratio,1,-0.004,0.013,0.996,0.78,NA,NA,NA,0.005165509
CECR2,Brain Cortex,SCZ,Wald ratio,1,-0.012,0.044,0.988,0.782,NA,NA,NA,0.01516684
YIPF1,Brain Cortex,SCZ,Wald ratio,1,0.004,0.016,1.004,0.782,NA,NA,NA,0.0082716
EFCAB11,Brain Cortex,SCZ,Wald ratio,1,-0.011,0.042,0.989,0.785,NA,NA,NA,0.008104591
ENSG00000258760,Brain Cortex,SCZ,Wald ratio,1,0.008,0.029,1.008,0.786,NA,NA,NA,0.007950132
GRID1,Brain Cortex,SCZ,Wald ratio,1,-0.007,0.025,0.993,0.787,NA,NA,NA,0.006071805
LAMC2,Brain Cortex,SCZ,Wald ratio,1,0.005,0.018,1.005,0.787,NA,NA,NA,0.007791943
LINC02691,Brain Cortex,SCZ,Wald ratio,1,0.006,0.022,1.006,0.787,NA,NA,NA,0.013032193
UBE3B,Brain Cortex,SCZ,Wald ratio,1,0.007,0.027,1.007,0.788,NA,NA,NA,0.008753101
ENTPD2,Brain Cortex,SCZ,Wald ratio,1,-0.009,0.034,0.991,0.788,NA,NA,NA,0.034130662
LINC00523,Brain Cortex,SCZ,Wald ratio,1,-0.009,0.034,0.991,0.79,NA,NA,NA,0.064983216
ENSG00000228566,Brain Cortex,SCZ,Wald ratio,1,-0.004,0.014,0.996,0.792,NA,NA,NA,0.005246343
APIP,Brain Cortex,SCZ,Wald ratio,1,-0.005,0.018,0.995,0.792,NA,NA,NA,0.005246343
PPFIBP1,Brain Cortex,SCZ,Wald ratio,1,-0.005,0.019,0.995,0.792,NA,NA,NA,0.005246343
ENOX1,Brain Cortex,SCZ,Wald ratio,1,0.007,0.026,1.007,0.792,NA,NA,NA,0.004684167
ABI1,Brain Cortex,SCZ,Wald ratio,1,0.011,0.042,1.011,0.797,NA,NA,NA,0.008526302
PAPSS2,Brain Cortex,SCZ,Wald ratio,1,0.006,0.025,1.006,0.798,NA,NA,NA,0.004419357
TM7SF3,Brain Cortex,SCZ,Wald ratio,1,0.011,0.042,1.011,0.798,NA,NA,NA,0.00680863
GATD1,Brain Cortex,SCZ,Wald ratio,1,0.03,0.121,1.031,0.802,NA,NA,NA,0.018077188
ANK3,Brain Cortex,SCZ,Wald ratio,1,0.003,0.014,1.003,0.802,NA,NA,NA,0.061931733
JRKL,Brain Cortex,SCZ,Wald ratio,1,-0.005,0.018,0.995,0.802,NA,NA,NA,0.004514845
CERS3,Brain Cortex,SCZ,Wald ratio,1,-0.015,0.06,0.985,0.803,NA,NA,NA,0.044291749
MMP20,Brain Cortex,SCZ,Wald ratio,1,0.006,0.024,1.006,0.804,NA,NA,NA,0.004766419
DPM2,Brain Cortex,SCZ,Wald ratio,1,0.008,0.032,1.008,0.806,NA,NA,NA,0.043272615
PMAIP1,Brain Cortex,SCZ,Wald ratio,1,-0.004,0.016,0.996,0.808,NA,NA,NA,0.005268966
LSP1,Brain Cortex,SCZ,Wald ratio,1,-0.007,0.028,0.993,0.809,NA,NA,NA,0.004658304
WNK1,Brain Cortex,SCZ,Wald ratio,1,0.007,0.028,1.007,0.809,NA,NA,NA,0.004454453
LGR5,Brain Cortex,SCZ,Wald ratio,1,-0.01,0.043,0.99,0.809,NA,NA,NA,0.006127592
BLZF2P,Brain Cortex,SCZ,Wald ratio,1,-0.005,0.022,0.995,0.813,NA,NA,NA,0.00475408
MSMB,Brain Cortex,SCZ,Wald ratio,1,0.007,0.029,1.007,0.815,NA,NA,NA,0.008459474
ENSG00000257948,Brain Cortex,SCZ,Wald ratio,1,0.009,0.04,1.009,0.815,NA,NA,NA,0.005458884
KLRD1,Brain Cortex,SCZ,Wald ratio,1,-0.007,0.03,0.993,0.817,NA,NA,NA,0.006819243
MUC2,Brain Cortex,SCZ,Wald ratio,1,0.009,0.04,1.009,0.817,NA,NA,NA,0.0070201
ENSG00000255931,Brain Cortex,SCZ,Wald ratio,1,-0.009,0.04,0.991,0.821,NA,NA,NA,0.006760057
SFTPD,Brain Cortex,SCZ,Wald ratio,1,0.005,0.024,1.005,0.822,NA,NA,NA,0.004538133
ENSG00000285082,Brain Cortex,SCZ,Wald ratio,1,-0.004,0.019,0.996,0.823,NA,NA,NA,0.007459675
CXADR,Brain Cortex,SCZ,Wald ratio,1,0.004,0.017,1.004,0.824,NA,NA,NA,0.011102387
THEM7P,Brain Cortex,SCZ,Wald ratio,1,0.006,0.028,1.006,0.825,NA,NA,NA,0.00574744
LINGO2,Brain Cortex,SCZ,Wald ratio,1,0.005,0.022,1.005,0.825,NA,NA,NA,0.004837965
DAD1,Brain Cortex,SCZ,Wald ratio,1,-0.006,0.028,0.994,0.826,NA,NA,NA,0.006952128
ZWILCH,Brain Cortex,SCZ,Wald ratio,1,0.012,0.056,1.012,0.826,NA,NA,NA,0.005180074
ETV6,Brain Cortex,SCZ,Wald ratio,1,-0.009,0.039,0.991,0.827,NA,NA,NA,0.027848441
ACACB,Brain Cortex,SCZ,Wald ratio,1,0.011,0.051,1.011,0.827,NA,NA,NA,0.00969888
EPC1,Brain Cortex,SCZ,Wald ratio,1,0.007,0.032,1.007,0.827,NA,NA,NA,0.005138074
PHOX2A,Brain Cortex,SCZ,Wald ratio,1,-0.008,0.037,0.992,0.828,NA,NA,NA,0.009043956
NCOA4,Brain Cortex,SCZ,Wald ratio,1,-0.008,0.036,0.992,0.831,NA,NA,NA,0.006391468
ENSG00000286566,Brain Cortex,SCZ,Wald ratio,1,0.006,0.03,1.006,0.831,NA,NA,NA,0.004527464
POLE,Brain Cortex,SCZ,Wald ratio,1,-0.005,0.024,0.995,0.833,NA,NA,NA,0.004827524
PIK3AP1,Brain Cortex,SCZ,Wald ratio,1,-0.006,0.03,0.994,0.836,NA,NA,NA,0.004419936
DTX1,Brain Cortex,SCZ,Wald ratio,1,0.018,0.086,1.018,0.839,NA,NA,NA,0.013465579
GPR176,Brain Cortex,SCZ,Wald ratio,1,0.007,0.034,1.007,0.839,NA,NA,NA,0.00622669
ENSG00000257943,Brain Cortex,SCZ,Wald ratio,1,-0.002,0.012,0.998,0.843,NA,NA,NA,0.004613683
PALD1,Brain Cortex,SCZ,Wald ratio,1,-0.003,0.014,0.997,0.844,NA,NA,NA,0.006418935
ADAMTSL1,Brain Cortex,SCZ,Wald ratio,1,0.004,0.019,1.004,0.845,NA,NA,NA,0.010108942
ENSG00000255959,Brain Cortex,SCZ,Wald ratio,1,-0.003,0.013,0.997,0.847,NA,NA,NA,0.00484903
GAS2,Brain Cortex,SCZ,Wald ratio,1,-0.006,0.029,0.994,0.849,NA,NA,NA,0.00505894
FAM53B,Brain Cortex,SCZ,Wald ratio,1,-0.004,0.023,0.996,0.85,NA,NA,NA,0.008252615
KIAA1549L,Brain Cortex,SCZ,Wald ratio,1,-0.003,0.015,0.997,0.851,NA,NA,NA,0.004987281
LRP1,Brain Cortex,SCZ,Wald ratio,1,-0.007,0.036,0.993,0.853,NA,NA,NA,0.004903663
CCDC91,Brain Cortex,SCZ,Wald ratio,1,0.005,0.028,1.005,0.854,NA,NA,NA,0.0044003
KSR2,Brain Cortex,SCZ,Wald ratio,1,0.006,0.033,1.006,0.854,NA,NA,NA,0.00439953
WDR37,Brain Cortex,SCZ,Wald ratio,1,0.009,0.047,1.009,0.855,NA,NA,NA,0.00660199
OTX2-AS1,Brain Cortex,SCZ,Wald ratio,1,0.008,0.045,1.008,0.856,NA,NA,NA,0.006400533
ZNF32-AS3,Brain Cortex,SCZ,Wald ratio,1,0.007,0.038,1.007,0.857,NA,NA,NA,0.005048751
MARCHF8,Brain Cortex,SCZ,Wald ratio,1,-0.012,0.069,0.988,0.858,NA,NA,NA,0.009516569
TJP1,Brain Cortex,SCZ,Wald ratio,1,0.003,0.014,1.003,0.859,NA,NA,NA,0.005948049
ENSG00000267188,Brain Cortex,SCZ,Wald ratio,1,-0.006,0.034,0.994,0.859,NA,NA,NA,0.006795222
MYO3A,Brain Cortex,SCZ,Wald ratio,1,0.003,0.02,1.004,0.861,NA,NA,NA,0.005745703
PDE1B,Brain Cortex,SCZ,Wald ratio,1,-0.003,0.017,0.997,0.861,NA,NA,NA,0.004895148
MIR4300HG,Brain Cortex,SCZ,Wald ratio,1,-0.004,0.023,0.996,0.862,NA,NA,NA,0.037803383
ADPRHL1,Brain Cortex,SCZ,Wald ratio,1,-0.013,0.077,0.987,0.862,NA,NA,NA,0.006189045
VWF,Brain Cortex,SCZ,Wald ratio,1,-0.004,0.024,0.996,0.865,NA,NA,NA,0.007850481
VCL,Brain Cortex,SCZ,Wald ratio,1,0.013,0.078,1.013,0.866,NA,NA,NA,0.013528797
SH3GL3,Brain Cortex,SCZ,Wald ratio,1,-0.011,0.068,0.989,0.869,NA,NA,NA,0.017495037
GPR107,Brain Cortex,SCZ,Wald ratio,1,0.009,0.056,1.009,0.869,NA,NA,NA,0.007621713
TMOD2,Brain Cortex,SCZ,Wald ratio,1,-0.002,0.014,0.998,0.872,NA,NA,NA,0.004383042
SILC1,Brain Cortex,SCZ,Wald ratio,1,-0.004,0.023,0.996,0.872,NA,NA,NA,0.005332413
CAMK2G,Brain Cortex,SCZ,Wald ratio,1,0.005,0.029,1.005,0.874,NA,NA,NA,0.005081043
TUBGCP5,Brain Cortex,SCZ,Wald ratio,1,-0.005,0.031,0.995,0.874,NA,NA,NA,0.005081043
TNC,Brain Cortex,SCZ,Wald ratio,1,0.008,0.051,1.008,0.874,NA,NA,NA,0.010413139
ETS1,Brain Cortex,SCZ,Wald ratio,1,-0.006,0.042,0.994,0.877,NA,NA,NA,0.005825898
MALRD1,Brain Cortex,SCZ,Wald ratio,1,-0.004,0.024,0.996,0.88,NA,NA,NA,0.083312223
ZFHX2-AS1,Brain Cortex,SCZ,Wald ratio,1,-0.005,0.03,0.995,0.881,NA,NA,NA,0.005672526
ZNF37A,Brain Cortex,SCZ,Wald ratio,1,0.002,0.012,1.002,0.881,NA,NA,NA,0.004375422
L3MBTL4,Brain Cortex,SCZ,Wald ratio,1,0.004,0.027,1.004,0.882,NA,NA,NA,0.004724561
NECTIN1,Brain Cortex,SCZ,Wald ratio,1,0.004,0.028,1.004,0.883,NA,NA,NA,0.004424158
MSRB2,Brain Cortex,SCZ,Wald ratio,1,-0.002,0.016,0.998,0.883,NA,NA,NA,0.005122156
KISS1,Brain Cortex,SCZ,Wald ratio,1,0.002,0.017,1.002,0.884,NA,NA,NA,0.011825601
ENSG00000289896,Brain Cortex,SCZ,Wald ratio,1,0.002,0.014,1.002,0.884,NA,NA,NA,0.005171071
LINC02944,Brain Cortex,SCZ,Wald ratio,1,-0.002,0.015,0.998,0.885,NA,NA,NA,0.004522017
GFI1B,Brain Cortex,SCZ,Wald ratio,1,-0.004,0.027,0.996,0.886,NA,NA,NA,0.007438226
ATF7IP,Brain Cortex,SCZ,Wald ratio,1,-0.011,0.075,0.99,0.888,NA,NA,NA,0.01570162
RABGAP1,Brain Cortex,SCZ,Wald ratio,1,-0.01,0.081,0.99,0.897,NA,NA,NA,0.016195974
ZNRF4,Brain Cortex,SCZ,Wald ratio,1,-0.002,0.016,0.998,0.899,NA,NA,NA,0.004361632
XPNPEP1,Brain Cortex,SCZ,Wald ratio,1,0.003,0.025,1.003,0.899,NA,NA,NA,0.004361556
TMEM179,Brain Cortex,SCZ,Wald ratio,1,0.004,0.036,1.004,0.901,NA,NA,NA,0.042554609
KLHL5,Brain Cortex,SCZ,Wald ratio,1,-0.003,0.028,0.997,0.903,NA,NA,NA,0.017093894
DAGLA,Brain Cortex,SCZ,Wald ratio,1,0.013,0.105,1.013,0.904,NA,NA,NA,0.01573036
C9orf152,Brain Cortex,SCZ,Wald ratio,1,-0.004,0.03,0.996,0.904,NA,NA,NA,0.007033852
ENSG00000236924,Brain Cortex,SCZ,Inverse variance weighted,2,0.007,0.062,1.007,0.907,NA,0.01708002,NA,0.00865666
SLC38A4,Brain Cortex,SCZ,Wald ratio,1,0.003,0.028,1.003,0.908,NA,NA,NA,0.01007753
TC2N,Brain Cortex,SCZ,Wald ratio,1,-0.002,0.016,0.998,0.909,NA,NA,NA,0.004355556
ZNF618,Brain Cortex,SCZ,Wald ratio,1,0.004,0.038,1.004,0.909,NA,NA,NA,0.006535737
SMAD3,Brain Cortex,SCZ,Wald ratio,1,0.006,0.054,1.006,0.911,NA,NA,NA,0.006571978
DEF8,Brain Cortex,SCZ,Wald ratio,1,-0.004,0.033,0.996,0.911,NA,NA,NA,0.005841617
BANP,Brain Cortex,SCZ,Wald ratio,1,0.002,0.021,1.002,0.912,NA,NA,NA,0.004998898
ARNT2-DT,Brain Cortex,SCZ,Wald ratio,1,-0.006,0.051,0.994,0.913,NA,NA,NA,0.010395384
MSRB3-AS1,Brain Cortex,SCZ,Wald ratio,1,0.004,0.04,1.004,0.914,NA,NA,NA,0.006432783
MAML3,Brain Cortex,SCZ,Wald ratio,1,0.003,0.033,1.003,0.921,NA,NA,NA,0.005537857
CCDC186,Brain Cortex,SCZ,Wald ratio,1,0.003,0.035,1.003,0.922,NA,NA,NA,0.010669077
RECQL,Brain Cortex,SCZ,Wald ratio,1,0.002,0.018,1.002,0.923,NA,NA,NA,0.006178672
SLC7A8,Brain Cortex,SCZ,Wald ratio,1,0.011,0.124,1.011,0.927,NA,NA,NA,0.016362725
CFAP77,Brain Cortex,SCZ,Wald ratio,1,0.001,0.013,1.001,0.927,NA,NA,NA,0.004345315
FLT1,Brain Cortex,SCZ,Wald ratio,1,0.003,0.037,1.003,0.933,NA,NA,NA,0.008817753
AIP,Brain Cortex,SCZ,Wald ratio,1,0.01,0.122,1.01,0.933,NA,NA,NA,0.014944681
MUC5AC,Brain Cortex,SCZ,Wald ratio,1,-0.002,0.02,0.998,0.934,NA,NA,NA,0.072251123
ENSG00000276122,Brain Cortex,SCZ,Wald ratio,1,-0.001,0.016,0.999,0.935,NA,NA,NA,0.004885586
ADAMTS14,Brain Cortex,SCZ,Wald ratio,1,-0.001,0.018,0.999,0.935,NA,NA,NA,0.004886407
PLAC9,Brain Cortex,SCZ,Wald ratio,1,-0.003,0.039,0.997,0.935,NA,NA,NA,0.007937183
STARD13,Brain Cortex,SCZ,Wald ratio,1,0.003,0.033,1.003,0.936,NA,NA,NA,0.011675617
NRG3,Brain Cortex,SCZ,Wald ratio,1,0.002,0.02,1.002,0.936,NA,NA,NA,0.004341017
INSYN1-AS1,Brain Cortex,SCZ,Inverse variance weighted,2,-0.001,0.018,0.999,0.937,NA,0.5993919,NA,0.009843272
CLDN14,Brain Cortex,SCZ,Wald ratio,1,0.002,0.03,1.002,0.937,NA,NA,NA,0.004439538
ENSG00000256955,Brain Cortex,SCZ,Wald ratio,1,0.004,0.051,1.004,0.941,NA,NA,NA,0.009297216
TCL6,Brain Cortex,SCZ,Wald ratio,1,-0.001,0.017,0.999,0.941,NA,NA,NA,0.004416993
ENSG00000257398,Brain Cortex,SCZ,Wald ratio,1,-0.002,0.032,0.998,0.942,NA,NA,NA,0.005476058
TUSC1,Brain Cortex,SCZ,Wald ratio,1,0.001,0.018,1.001,0.946,NA,NA,NA,0.010492982
EHMT1,Brain Cortex,SCZ,Wald ratio,1,0.001,0.015,1.001,0.947,NA,NA,NA,0.004485218
CLPX,Brain Cortex,SCZ,Wald ratio,1,0.001,0.016,1.001,0.947,NA,NA,NA,0.012773074
FOXO1,Brain Cortex,SCZ,Wald ratio,1,-0.001,0.012,0.999,0.952,NA,NA,NA,0.017423636
RGMA,Brain Cortex,SCZ,Wald ratio,1,0.001,0.015,1.001,0.955,NA,NA,NA,0.008353336
CEP112,Brain Cortex,SCZ,Wald ratio,1,-0.001,0.012,0.999,0.955,NA,NA,NA,0.004432866
ENSG00000287306,Brain Cortex,SCZ,Wald ratio,1,-0.002,0.033,0.998,0.956,NA,NA,NA,0.004482013
KRT80,Brain Cortex,SCZ,Wald ratio,1,0.001,0.021,1.001,0.957,NA,NA,NA,0.00463015
PELI2,Brain Cortex,SCZ,Wald ratio,1,-0.001,0.018,0.999,0.96,NA,NA,NA,0.130670986
ADAMTS13,Brain Cortex,SCZ,Wald ratio,1,0.002,0.046,1.002,0.962,NA,NA,NA,0.006206229
SLC38A11,Brain Cortex,SCZ,Wald ratio,1,0.002,0.041,1.002,0.965,NA,NA,NA,0.005663954
CFAP161,Brain Cortex,SCZ,Wald ratio,1,0.001,0.032,1.001,0.966,NA,NA,NA,0.072359714
RGS10,Brain Cortex,SCZ,Wald ratio,1,-0.002,0.041,0.998,0.967,NA,NA,NA,0.007087448
LETR1,Brain Cortex,SCZ,Wald ratio,1,-0.002,0.039,0.998,0.97,NA,NA,NA,0.005539058
NR4A1,Brain Cortex,SCZ,Wald ratio,1,-0.001,0.039,0.999,0.97,NA,NA,NA,0.005267981
SYNE2,Brain Cortex,SCZ,Wald ratio,1,-0.001,0.021,0.999,0.972,NA,NA,NA,0.005208659
ARMC3,Brain Cortex,SCZ,Wald ratio,1,-0.004,0.111,0.996,0.973,NA,NA,NA,0.015934616
TMEM150A,Brain Cortex,SCZ,Wald ratio,1,-0.001,0.034,0.999,0.973,NA,NA,NA,0.004477804
RAPGEF1,Brain Cortex,SCZ,Wald ratio,1,-0.001,0.026,0.999,0.976,NA,NA,NA,0.004872559
GLB1L2,Brain Cortex,SCZ,Wald ratio,1,0,0.016,1,0.976,NA,NA,NA,0.004872559
OCA2,Brain Cortex,SCZ,Wald ratio,1,0.001,0.033,1.001,0.976,NA,NA,NA,0.06815668
C10orf71,Brain Cortex,SCZ,Inverse variance weighted,2,0.001,0.038,1.001,0.977,NA,0.585608865,NA,0.004636522
SH2D4B,Brain Cortex,SCZ,Wald ratio,1,-0.001,0.038,0.999,0.978,NA,NA,NA,0.005512912
HABP2,Brain Cortex,SCZ,Wald ratio,1,0.001,0.026,1.001,0.979,NA,NA,NA,0.005709678
CDYL2,Brain Cortex,SCZ,Wald ratio,1,0.001,0.023,1.001,0.982,NA,NA,NA,0.004427035
SGPL1,Brain Cortex,SCZ,Wald ratio,1,0,0.012,1,0.982,NA,NA,NA,0.004525817
LINC01619,Brain Cortex,SCZ,Wald ratio,1,0,0.014,1,0.982,NA,NA,NA,0.004525817
ENSG00000287277,Brain Cortex,SCZ,Wald ratio,1,0,0.023,1,0.984,NA,NA,NA,0.004969935
PDLIM5,Brain Cortex,SCZ,Wald ratio,1,-0.001,0.037,0.999,0.984,NA,NA,NA,0.005018874
PTPRE,Brain Cortex,SCZ,Wald ratio,1,-0.001,0.034,0.999,0.985,NA,NA,NA,0.011839059
PIP4K2A,Brain Cortex,SCZ,Wald ratio,1,-0.001,0.047,0.999,0.988,NA,NA,NA,0.007808438
ENSG00000204398,Brain Cortex,SCZ,Wald ratio,1,0,0.022,1,0.991,NA,NA,NA,0.008981695
GPHB5,Brain Cortex,SCZ,Wald ratio,1,0,0.016,1,0.991,NA,NA,NA,0.004525003
BCL2L14,Brain Cortex,SCZ,Wald ratio,1,0,0.015,1,0.991,NA,NA,NA,0.004525002
ENSG00000286549,Brain Cortex,SCZ,Wald ratio,1,0,0.022,1,0.992,NA,NA,NA,0.004821206
MPPED2-AS1,Brain Cortex,SCZ,Wald ratio,1,0,0.013,1,0.992,NA,NA,NA,0.00752131
LINC00924,Brain Cortex,SCZ,Wald ratio,1,-0.001,0.052,0.999,0.992,NA,NA,NA,0.009659562
CEP170B,Brain Cortex,SCZ,Wald ratio,1,0,0.096,1,0.997,NA,NA,NA,0.013202099
MED6,Brain Cortex,SCZ,Wald ratio,1,0,0.02,1,1,NA,NA,NA,0.006051835
ARHGAP17,Brain Cortex,SCZ,Wald ratio,1,0,0.015,1,1,NA,NA,NA,0.004623505
NRGN,Brain Meta Analysis,SCZ,Wald ratio,1,-0.192,0.025,0.826,1.82E-14,NA,NA,NA,0.999962102
TM6SF2,Brain Meta Analysis,SCZ,Wald ratio,1,-0.147,0.022,0.863,1.62E-11,NA,NA,NA,0.999998754
NGF,Brain Meta Analysis,SCZ,Inverse variance weighted,2,-0.037,0.007,0.964,6.43E-08,NA,0.85334505,NA,0.999591146
TCF20,Brain Meta Analysis,SCZ,Wald ratio,1,0.05,0.009,1.051,6.44E-08,NA,NA,NA,0.999938037
ESPL1,Brain Meta Analysis,SCZ,Wald ratio,1,-0.088,0.016,0.916,8.00E-08,NA,NA,NA,0.999872764
KCTD13,Brain Meta Analysis,SCZ,Wald ratio,1,-0.037,0.007,0.963,1.74E-07,NA,NA,NA,0.999727365
AP3B2,Brain Meta Analysis,SCZ,Wald ratio,1,0.036,0.007,1.037,2.23E-07,NA,NA,NA,0.999674429
NRBP2,Brain Meta Analysis,SCZ,Wald ratio,1,-0.084,0.016,0.919,2.50E-07,NA,NA,NA,0.999613088
TBC1D5,Brain Meta Analysis,SCZ,Wald ratio,1,-0.14,0.027,0.87,2.59E-07,NA,NA,NA,0.999586631
SNX19,Brain Meta Analysis,SCZ,Wald ratio,1,-0.118,0.023,0.889,3.50E-07,NA,NA,NA,0.999547113
TSNARE1,Brain Meta Analysis,SCZ,Wald ratio,1,-0.124,0.024,0.884,4.02E-07,NA,NA,NA,0.999359223
GRM1,Brain Meta Analysis,SCZ,Wald ratio,1,-0.122,0.024,0.886,6.45E-07,NA,NA,NA,0.99895938
PCLO,Brain Meta Analysis,SCZ,Wald ratio,1,0.035,0.007,1.036,1.03E-06,NA,NA,NA,0.998454877
R3HDM2,Brain Meta Analysis,SCZ,Wald ratio,1,-0.098,0.021,0.906,1.82E-06,NA,NA,NA,0.99769057
TMTC1,Brain Meta Analysis,SCZ,Wald ratio,1,0.034,0.007,1.035,1.90E-06,NA,NA,NA,0.997402862
SZT2,Brain Meta Analysis,SCZ,Wald ratio,1,-0.102,0.021,0.903,1.92E-06,NA,NA,NA,0.997229272
ANKS1B,Brain Meta Analysis,SCZ,Inverse variance weighted,2,-0.057,0.012,0.945,2.27E-06,NA,0.394425046,NA,0.995751229
ANKRD44,Brain Meta Analysis,SCZ,Weighted median,3,0.03,0.006,1.031,2.62E-06,0.919095145,0.071170259,0.261424883,0.999727835
NCAPD3,Brain Meta Analysis,SCZ,Wald ratio,1,-0.093,0.021,0.911,6.47E-06,NA,NA,NA,0.991576324
FUT2,Brain Meta Analysis,SCZ,Wald ratio,1,-0.096,0.022,0.908,8.79E-06,NA,NA,NA,0.988747121
ANKDD1B,Brain Meta Analysis,SCZ,Wald ratio,1,-0.094,0.021,0.91,8.82E-06,NA,NA,NA,0.964517246
SLC9B2,Brain Meta Analysis,SCZ,Wald ratio,1,0.032,0.007,1.032,1.07E-05,NA,NA,NA,0.985733613
ZNF318,Brain Meta Analysis,SCZ,Wald ratio,1,0.07,0.016,1.072,1.08E-05,NA,NA,NA,0.990862133
TOM1L2,Brain Meta Analysis,SCZ,Wald ratio,1,0.03,0.007,1.031,1.49E-05,NA,NA,NA,0.980726548
KCNG1,Brain Meta Analysis,SCZ,Wald ratio,1,0.108,0.025,1.114,1.50E-05,NA,NA,NA,0.981257904
SPATS2L,Brain Meta Analysis,SCZ,Wald ratio,1,0.055,0.013,1.056,1.81E-05,NA,NA,NA,0.976632313
RTN1,Brain Meta Analysis,SCZ,Wald ratio,1,-0.036,0.009,0.964,2.06E-05,NA,NA,NA,0.97424294
TRAF3IP2,Brain Meta Analysis,SCZ,Wald ratio,1,0.033,0.008,1.034,2.23E-05,NA,NA,NA,0.976036352
YWHAB,Brain Meta Analysis,SCZ,Wald ratio,1,-0.087,0.021,0.917,2.48E-05,NA,NA,NA,0.971790061
EYS,Brain Meta Analysis,SCZ,Wald ratio,1,0.029,0.007,1.03,3.29E-05,NA,NA,NA,0.961561972
RNF38,Brain Meta Analysis,SCZ,Wald ratio,1,-0.074,0.018,0.929,3.30E-05,NA,NA,NA,0.964023787
LPP,Brain Meta Analysis,SCZ,Inverse variance weighted,5,0.025,0.006,1.026,3.58E-05,0.715172169,0.843124846,0.842027494,0.010478409
ABCB1,Brain Meta Analysis,SCZ,Wald ratio,1,-0.064,0.016,0.938,4.25E-05,NA,NA,NA,0.948438179
THOC7,Brain Meta Analysis,SCZ,Wald ratio,1,0.07,0.017,1.072,4.46E-05,NA,NA,NA,0.95662815
SNX20,Brain Meta Analysis,SCZ,Wald ratio,1,0.08,0.02,1.084,4.52E-05,NA,NA,NA,0.947189672
PRKG2,Brain Meta Analysis,SCZ,Wald ratio,1,-0.182,0.045,0.833,4.56E-05,NA,NA,NA,0.969767757
TTYH3,Brain Meta Analysis,SCZ,Wald ratio,1,0.029,0.007,1.03,4.87E-05,NA,NA,NA,0.9596816
EMB,Brain Meta Analysis,SCZ,Wald ratio,1,-0.043,0.011,0.958,6.96E-05,NA,NA,NA,0.924221533
PRPF3,Brain Meta Analysis,SCZ,Wald ratio,1,0.03,0.008,1.03,8.40E-05,NA,NA,NA,0.936446972
USP31,Brain Meta Analysis,SCZ,Wald ratio,1,-0.028,0.007,0.973,9.00E-05,NA,NA,NA,0.908890841
KIAA0040,Brain Meta Analysis,SCZ,Wald ratio,1,-0.082,0.021,0.921,0.000106,NA,NA,NA,0.897200822
DLX2,Brain Meta Analysis,SCZ,Wald ratio,1,0.081,0.021,1.085,0.000117,NA,NA,NA,0.878437755
WBP2NL,Brain Meta Analysis,SCZ,Wald ratio,1,-0.027,0.007,0.974,0.000119,NA,NA,NA,0.888586746
ZNHIT3,Brain Meta Analysis,SCZ,Wald ratio,1,0.031,0.008,1.031,0.000122,NA,NA,NA,0.87403332
PACSIN2,Brain Meta Analysis,SCZ,Wald ratio,1,-0.031,0.008,0.969,0.000135,NA,NA,NA,0.863804147
ANKFY1,Brain Meta Analysis,SCZ,Wald ratio,1,0.084,0.022,1.087,0.000146,NA,NA,NA,0.856039057
KCNS3,Brain Meta Analysis,SCZ,Inverse variance weighted,2,-0.067,0.018,0.936,0.000159,NA,0.390467836,NA,0.355012787
SESN1,Brain Meta Analysis,SCZ,Wald ratio,1,-0.112,0.03,0.894,0.000167,NA,NA,NA,0.938689661
ME1,Brain Meta Analysis,SCZ,Wald ratio,1,-0.03,0.008,0.971,0.000168,NA,NA,NA,0.844563072
GCH1,Brain Meta Analysis,SCZ,Wald ratio,1,0.035,0.009,1.036,0.000172,NA,NA,NA,0.881447338
DOP1A,Brain Meta Analysis,SCZ,Wald ratio,1,-0.028,0.008,0.972,0.000193,NA,NA,NA,0.867211403
FAM120A,Brain Meta Analysis,SCZ,Wald ratio,1,-0.079,0.021,0.924,0.000198,NA,NA,NA,0.872978994
RERE,Brain Meta Analysis,SCZ,Wald ratio,1,-0.076,0.02,0.927,0.000199,NA,NA,NA,0.832320162
LHFPL3,Brain Meta Analysis,SCZ,Wald ratio,1,0.074,0.02,1.077,0.000205,NA,NA,NA,0.808676127
PSKH1,Brain Meta Analysis,SCZ,Wald ratio,1,0.045,0.012,1.046,0.000228,NA,NA,NA,0.34263549
TRPS1,Brain Meta Analysis,SCZ,Wald ratio,1,-0.026,0.007,0.974,0.000235,NA,NA,NA,0.787788177
FTCDNL1,Brain Meta Analysis,SCZ,Wald ratio,1,-0.028,0.008,0.973,0.000236,NA,NA,NA,0.79300408
ELOVL7,Brain Meta Analysis,SCZ,Wald ratio,1,-0.083,0.023,0.92,0.000269,NA,NA,NA,0.765996406
SULT4A1,Brain Meta Analysis,SCZ,Wald ratio,1,-0.026,0.007,0.974,0.000277,NA,NA,NA,0.777891718
RPS6KL1,Brain Meta Analysis,SCZ,Wald ratio,1,-0.029,0.008,0.972,0.000281,NA,NA,NA,0.758988913
RPS11,Brain Meta Analysis,SCZ,Wald ratio,1,0.049,0.013,1.05,0.000283,NA,NA,NA,0.827603093
LRP1B,Brain Meta Analysis,SCZ,Wald ratio,1,-0.025,0.007,0.975,0.000285,NA,NA,NA,0.857127393
CADPS2,Brain Meta Analysis,SCZ,Inverse variance weighted,2,0.045,0.012,1.046,0.000285,NA,0.760110337,NA,0.154042841
SEMA3A,Brain Meta Analysis,SCZ,Wald ratio,1,0.03,0.008,1.031,0.000294,NA,NA,NA,0.751046684
MRPL37,Brain Meta Analysis,SCZ,Wald ratio,1,-0.056,0.015,0.946,0.000301,NA,NA,NA,0.803315317
HS3ST5,Brain Meta Analysis,SCZ,Wald ratio,1,0.07,0.019,1.073,0.000307,NA,NA,NA,0.742959068
PAK6,Brain Meta Analysis,SCZ,Wald ratio,1,0.07,0.02,1.073,0.000335,NA,NA,NA,0.738117947
ANKRD27,Brain Meta Analysis,SCZ,Wald ratio,1,0.066,0.018,1.068,0.000336,NA,NA,NA,0.759946903
PCDH7,Brain Meta Analysis,SCZ,Wald ratio,1,0.098,0.028,1.103,0.000357,NA,NA,NA,0.71327825
PCDHA1,Brain Meta Analysis,SCZ,Wald ratio,1,-0.082,0.023,0.922,0.000379,NA,NA,NA,0.714506003
ORC5,Brain Meta Analysis,SCZ,Wald ratio,1,-0.03,0.009,0.97,0.000408,NA,NA,NA,0.719353765
SPOCK3,Brain Meta Analysis,SCZ,Wald ratio,1,-0.097,0.028,0.907,0.000411,NA,NA,NA,0.790815532
TENT4A,Brain Meta Analysis,SCZ,Wald ratio,1,0.077,0.022,1.08,0.000418,NA,NA,NA,0.689175213
VWC2L,Brain Meta Analysis,SCZ,Wald ratio,1,-0.122,0.035,0.885,0.000431,NA,NA,NA,0.706390366
XRN2,Brain Meta Analysis,SCZ,Wald ratio,1,-0.024,0.007,0.976,0.000491,NA,NA,NA,0.68332328
PSMD11,Brain Meta Analysis,SCZ,Wald ratio,1,0.086,0.025,1.09,0.000497,NA,NA,NA,0.648712341
FARSA,Brain Meta Analysis,SCZ,Wald ratio,1,-0.065,0.019,0.937,0.000505,NA,NA,NA,0.736094271
MED1,Brain Meta Analysis,SCZ,Wald ratio,1,0.041,0.012,1.042,0.000511,NA,NA,NA,0.671067259
HMGA2,Brain Meta Analysis,SCZ,Wald ratio,1,0.055,0.016,1.057,0.000534,NA,NA,NA,0.74033312
CNDP1,Brain Meta Analysis,SCZ,Wald ratio,1,-0.057,0.016,0.945,0.000537,NA,NA,NA,0.642120274
FAM221A,Brain Meta Analysis,SCZ,Wald ratio,1,0.077,0.022,1.08,0.000541,NA,NA,NA,0.63054608
PTK2B,Brain Meta Analysis,SCZ,Wald ratio,1,-0.028,0.008,0.973,0.000565,NA,NA,NA,0.62098458
CACNB2,Brain Meta Analysis,SCZ,Weighted median,3,0.061,0.018,1.063,0.000579,2.16E-12,6.74E-17,0.605285559,0.999946504
ZMAT4,Brain Meta Analysis,SCZ,Wald ratio,1,-0.076,0.022,0.927,0.000583,NA,NA,NA,0.689068945
FARP2,Brain Meta Analysis,SCZ,Wald ratio,1,0.06,0.018,1.062,0.00062,NA,NA,NA,0.641343076
KLC1,Brain Meta Analysis,SCZ,Wald ratio,1,0.084,0.025,1.088,0.000691,NA,NA,NA,0.573262555
EIF4A2,Brain Meta Analysis,SCZ,Wald ratio,1,0.051,0.015,1.052,0.000741,NA,NA,NA,0.571177361
TBC1D2,Brain Meta Analysis,SCZ,Wald ratio,1,0.053,0.016,1.055,0.000768,NA,NA,NA,0.575784405
GRM5,Brain Meta Analysis,SCZ,Wald ratio,1,0.079,0.023,1.082,0.000776,NA,NA,NA,0.623175504
MYH13,Brain Meta Analysis,SCZ,Wald ratio,1,-0.027,0.008,0.974,0.000781,NA,NA,NA,0.553729338
NUP85,Brain Meta Analysis,SCZ,Wald ratio,1,0.066,0.02,1.068,0.000815,NA,NA,NA,0.604699604
SMG6,Brain Meta Analysis,SCZ,Wald ratio,1,0.115,0.034,1.122,0.000818,NA,NA,NA,0.661915232
SNX32,Brain Meta Analysis,SCZ,Wald ratio,1,-0.081,0.024,0.922,0.000843,NA,NA,NA,0.144607742
DNAH10,Brain Meta Analysis,SCZ,Wald ratio,1,0.057,0.017,1.059,0.00086,NA,NA,NA,0.534429942
NCEH1,Brain Meta Analysis,SCZ,Wald ratio,1,-0.088,0.027,0.916,0.000909,NA,NA,NA,0.556367741
NDUFS7,Brain Meta Analysis,SCZ,Wald ratio,1,-0.074,0.022,0.929,0.000916,NA,NA,NA,0.525231605
CIT,Brain Meta Analysis,SCZ,Wald ratio,1,0.026,0.008,1.027,0.000919,NA,NA,NA,0.507962662
LPO,Brain Meta Analysis,SCZ,Wald ratio,1,0.078,0.024,1.081,0.000953,NA,NA,NA,0.633798806
TNPO3,Brain Meta Analysis,SCZ,Wald ratio,1,0.025,0.007,1.025,0.000954,NA,NA,NA,0.507695359
IPO11,Brain Meta Analysis,SCZ,Wald ratio,1,-0.023,0.007,0.977,0.000959,NA,NA,NA,0.498087161
COL20A1,Brain Meta Analysis,SCZ,Wald ratio,1,-0.068,0.02,0.935,0.000971,NA,NA,NA,0.674082393
SEPTIN10,Brain Meta Analysis,SCZ,Wald ratio,1,-0.053,0.016,0.948,0.000984,NA,NA,NA,0.497683111
SLC7A1,Brain Meta Analysis,SCZ,Wald ratio,1,0.07,0.021,1.073,0.000996,NA,NA,NA,0.617986673
NDUFC2,Brain Meta Analysis,SCZ,Wald ratio,1,-0.026,0.008,0.975,0.001,NA,NA,NA,0.488249705
ANKK1,Brain Meta Analysis,SCZ,Wald ratio,1,-0.024,0.007,0.976,0.001,NA,NA,NA,0.48818005
KRT83,Brain Meta Analysis,SCZ,Wald ratio,1,0.08,0.024,1.083,0.0011,NA,NA,NA,0.46371378
CIZ1,Brain Meta Analysis,SCZ,Wald ratio,1,-0.028,0.008,0.973,0.00111,NA,NA,NA,0.480266626
DNAH7,Brain Meta Analysis,SCZ,Wald ratio,1,-0.085,0.026,0.919,0.00116,NA,NA,NA,0.460599933
TUBB3,Brain Meta Analysis,SCZ,Wald ratio,1,0.079,0.024,1.082,0.00117,NA,NA,NA,0.456922299
MRTFA,Brain Meta Analysis,SCZ,Wald ratio,1,-0.066,0.02,0.937,0.00119,NA,NA,NA,0.462643656
VWA5B1,Brain Meta Analysis,SCZ,Wald ratio,1,-0.023,0.007,0.977,0.00124,NA,NA,NA,0.485963861
SEMA3D,Brain Meta Analysis,SCZ,Wald ratio,1,-0.023,0.007,0.978,0.00129,NA,NA,NA,0.433462728
SLC35F1,Brain Meta Analysis,SCZ,Wald ratio,1,-0.025,0.008,0.975,0.00144,NA,NA,NA,0.405347085
MBP,Brain Meta Analysis,SCZ,Inverse variance weighted,3,0.04,0.013,1.041,0.00163,0.651813746,0.7902848,0.696324271,0.010580653
AP3D1,Brain Meta Analysis,SCZ,Wald ratio,1,0.076,0.024,1.079,0.00163,NA,NA,NA,0.378016084
SIRT5,Brain Meta Analysis,SCZ,Wald ratio,1,-0.083,0.026,0.92,0.00164,NA,NA,NA,0.380041693
CWC27,Brain Meta Analysis,SCZ,Wald ratio,1,0.026,0.008,1.026,0.00165,NA,NA,NA,0.444487439
SEMA6D,Brain Meta Analysis,SCZ,Inverse variance weighted,2,-0.023,0.007,0.977,0.00167,NA,0.345830543,NA,0.50795544
DPP4,Brain Meta Analysis,SCZ,Wald ratio,1,0.026,0.008,1.026,0.00174,NA,NA,NA,0.379181743
RPRD1A,Brain Meta Analysis,SCZ,Wald ratio,1,-0.033,0.011,0.968,0.00177,NA,NA,NA,0.400522779
GALK2,Brain Meta Analysis,SCZ,Wald ratio,1,0.069,0.022,1.072,0.00177,NA,NA,NA,0.363152163
SNCA,Brain Meta Analysis,SCZ,Wald ratio,1,0.026,0.008,1.026,0.00183,NA,NA,NA,0.35337077
MPHOSPH9,Brain Meta Analysis,SCZ,Wald ratio,1,-0.063,0.02,0.939,0.00186,NA,NA,NA,0.360421519
COQ3,Brain Meta Analysis,SCZ,Wald ratio,1,-0.062,0.02,0.94,0.00191,NA,NA,NA,0.347246936
DAG1,Brain Meta Analysis,SCZ,Wald ratio,1,-0.044,0.014,0.957,0.00191,NA,NA,NA,0.339989961
NCS1,Brain Meta Analysis,SCZ,Wald ratio,1,0.072,0.023,1.075,0.00195,NA,NA,NA,0.527430718
PPP3CC,Brain Meta Analysis,SCZ,Wald ratio,1,0.045,0.014,1.046,0.00198,NA,NA,NA,0.337506701
KIF26B,Brain Meta Analysis,SCZ,Inverse variance weighted,3,0.025,0.008,1.026,0.00205,0.573361251,0.648415653,0.593941048,0.020386413
RAD51B,Brain Meta Analysis,SCZ,Inverse variance weighted,3,0.023,0.007,1.023,0.00208,0.864300397,0.735897894,0.584557041,0.352765058
ELP2,Brain Meta Analysis,SCZ,Wald ratio,1,0.048,0.016,1.05,0.00217,NA,NA,NA,0.328841837
HTR5A,Brain Meta Analysis,SCZ,Wald ratio,1,-0.061,0.02,0.941,0.00218,NA,NA,NA,0.334813837
TRANK1,Brain Meta Analysis,SCZ,Wald ratio,1,-0.022,0.007,0.978,0.00222,NA,NA,NA,0.347436424
UCK2,Brain Meta Analysis,SCZ,Wald ratio,1,0.025,0.008,1.025,0.00224,NA,NA,NA,0.317652395
RIMBP2,Brain Meta Analysis,SCZ,Weighted median,4,0.02,0.006,1.02,0.0023,0.488649283,0.311985249,0.281338505,0.005108873
GKAP1,Brain Meta Analysis,SCZ,Wald ratio,1,0.025,0.008,1.025,0.00232,NA,NA,NA,0.308103576
SLC13A5,Brain Meta Analysis,SCZ,Wald ratio,1,0.056,0.018,1.057,0.00233,NA,NA,NA,0.468598873
AKAP10,Brain Meta Analysis,SCZ,Wald ratio,1,0.062,0.02,1.064,0.00238,NA,NA,NA,0.39141478
ARHGAP44,Brain Meta Analysis,SCZ,Wald ratio,1,-0.046,0.015,0.955,0.00238,NA,NA,NA,0.39139083
RSPH9,Brain Meta Analysis,SCZ,Wald ratio,1,0.046,0.015,1.047,0.00243,NA,NA,NA,0.315525199
FGR,Brain Meta Analysis,SCZ,Wald ratio,1,0.191,0.063,1.211,0.00244,NA,NA,NA,0.586122443
KCNJ4,Brain Meta Analysis,SCZ,Wald ratio,1,0.024,0.008,1.024,0.0025,NA,NA,NA,0.295822401
ANKRD11,Brain Meta Analysis,SCZ,Wald ratio,1,0.025,0.008,1.026,0.00251,NA,NA,NA,0.304496388
TEX29,Brain Meta Analysis,SCZ,Wald ratio,1,0.08,0.027,1.083,0.0026,NA,NA,NA,0.286739223
CACNB4,Brain Meta Analysis,SCZ,Wald ratio,1,-0.021,0.007,0.979,0.0026,NA,NA,NA,0.286497912
DRICH1,Brain Meta Analysis,SCZ,Wald ratio,1,0.062,0.021,1.064,0.0027,NA,NA,NA,0.359328033
TBP,Brain Meta Analysis,SCZ,Wald ratio,1,-0.024,0.008,0.976,0.0027,NA,NA,NA,0.299351495
ANKRD66,Brain Meta Analysis,SCZ,Wald ratio,1,0.023,0.008,1.023,0.0027,NA,NA,NA,0.325834194
PPIL2,Brain Meta Analysis,SCZ,Wald ratio,1,-0.045,0.015,0.956,0.0027,NA,NA,NA,0.34273306
DMRT3,Brain Meta Analysis,SCZ,Wald ratio,1,-0.069,0.023,0.933,0.00278,NA,NA,NA,0.316911953
SPINK8,Brain Meta Analysis,SCZ,Wald ratio,1,-0.049,0.016,0.952,0.00279,NA,NA,NA,0.288526968
TCP11L2,Brain Meta Analysis,SCZ,Wald ratio,1,0.058,0.019,1.059,0.0028,NA,NA,NA,0.279393839
COBL,Brain Meta Analysis,SCZ,Wald ratio,1,0.024,0.008,1.025,0.0028,NA,NA,NA,0.272556143
TARS3,Brain Meta Analysis,SCZ,Wald ratio,1,0.107,0.036,1.113,0.003,NA,NA,NA,0.268884829
PIGG,Brain Meta Analysis,SCZ,Wald ratio,1,-0.151,0.051,0.86,0.00302,NA,NA,NA,0.490212189
CCL19,Brain Meta Analysis,SCZ,Wald ratio,1,-0.021,0.007,0.979,0.00306,NA,NA,NA,0.338202382
RAB27B,Brain Meta Analysis,SCZ,Wald ratio,1,-0.023,0.008,0.977,0.00307,NA,NA,NA,0.287359337
BRSK2,Brain Meta Analysis,SCZ,Wald ratio,1,-0.025,0.008,0.975,0.00313,NA,NA,NA,0.255176527
CEP170,Brain Meta Analysis,SCZ,Wald ratio,1,0.086,0.029,1.09,0.00318,NA,NA,NA,0.277076216
PIK3C2G,Brain Meta Analysis,SCZ,Wald ratio,1,0.07,0.024,1.073,0.00323,NA,NA,NA,0.324259558
NXN,Brain Meta Analysis,SCZ,Inverse variance weighted,4,-0.028,0.01,0.972,0.00329,0.540631798,0.547887163,0.445077838,0.004864073
SETD5,Brain Meta Analysis,SCZ,Wald ratio,1,-0.068,0.023,0.934,0.00329,NA,NA,NA,0.310795172
BMPER,Brain Meta Analysis,SCZ,Wald ratio,1,-0.021,0.007,0.979,0.00335,NA,NA,NA,0.278919019
ZNF649,Brain Meta Analysis,SCZ,Wald ratio,1,-0.12,0.041,0.887,0.00337,NA,NA,NA,0.308975704
SPCS2,Brain Meta Analysis,SCZ,Wald ratio,1,0.073,0.025,1.076,0.00338,NA,NA,NA,0.233331059
PLCL2,Brain Meta Analysis,SCZ,Wald ratio,1,0.06,0.02,1.061,0.00338,NA,NA,NA,0.269943731
TRIM31,Brain Meta Analysis,SCZ,Wald ratio,1,-0.07,0.024,0.933,0.00342,NA,NA,NA,0.255622466
PCK1,Brain Meta Analysis,SCZ,Wald ratio,1,0.056,0.019,1.058,0.00345,NA,NA,NA,0.273237321
EML1,Brain Meta Analysis,SCZ,Wald ratio,1,-0.039,0.013,0.962,0.00346,NA,NA,NA,0.244282362
TRPM6,Brain Meta Analysis,SCZ,Wald ratio,1,0.07,0.024,1.073,0.00356,NA,NA,NA,0.267941278
ARHGEF10,Brain Meta Analysis,SCZ,Inverse variance weighted,4,0.04,0.014,1.041,0.00365,0.180267428,0.327920107,0.926292407,0.012541716
DDC,Brain Meta Analysis,SCZ,Inverse variance weighted,2,0.045,0.015,1.046,0.00367,NA,0.829158278,NA,0.074509584
RHBDD1,Brain Meta Analysis,SCZ,Wald ratio,1,-0.07,0.024,0.932,0.00374,NA,NA,NA,0.246641996
KCNG2,Brain Meta Analysis,SCZ,Wald ratio,1,-0.054,0.019,0.947,0.00377,NA,NA,NA,0.290918813
MPV17,Brain Meta Analysis,SCZ,Wald ratio,1,-0.02,0.007,0.98,0.00388,NA,NA,NA,0.238459981
PIGF,Brain Meta Analysis,SCZ,Wald ratio,1,0.05,0.017,1.052,0.00398,NA,NA,NA,0.316110478
HSD17B4,Brain Meta Analysis,SCZ,Wald ratio,1,0.059,0.021,1.061,0.00398,NA,NA,NA,0.223678795
PDE7B,Brain Meta Analysis,SCZ,Inverse variance weighted,2,0.047,0.016,1.048,0.00402,NA,0.866060764,NA,0.031493042
ST6GAL2,Brain Meta Analysis,SCZ,Wald ratio,1,0.069,0.024,1.072,0.00405,NA,NA,NA,0.20926148
CTNS,Brain Meta Analysis,SCZ,Wald ratio,1,0.072,0.025,1.074,0.00405,NA,NA,NA,0.21147279
GULP1,Brain Meta Analysis,SCZ,Wald ratio,1,-0.058,0.02,0.943,0.00407,NA,NA,NA,0.208758187
AVPI1,Brain Meta Analysis,SCZ,Wald ratio,1,-0.052,0.018,0.949,0.00416,NA,NA,NA,0.22571312
FOXP1,Brain Meta Analysis,SCZ,Inverse variance weighted,5,0.024,0.008,1.024,0.00417,0.481602158,0.638249329,0.807849334,0.007541372
CAPZB,Brain Meta Analysis,SCZ,Wald ratio,1,0.037,0.013,1.038,0.00419,NA,NA,NA,0.208350253
DEAF1,Brain Meta Analysis,SCZ,Wald ratio,1,0.071,0.025,1.074,0.00425,NA,NA,NA,0.256605217
RAB5A,Brain Meta Analysis,SCZ,Wald ratio,1,0.063,0.022,1.065,0.00432,NA,NA,NA,0.20550339
IFNGR2,Brain Meta Analysis,SCZ,Wald ratio,1,0.071,0.025,1.074,0.00439,NA,NA,NA,0.263665459
C12orf43,Brain Meta Analysis,SCZ,Wald ratio,1,0.058,0.02,1.06,0.00448,NA,NA,NA,0.200331173
C2orf80,Brain Meta Analysis,SCZ,Wald ratio,1,0.084,0.029,1.087,0.00456,NA,NA,NA,0.24180294
MGLL,Brain Meta Analysis,SCZ,Wald ratio,1,0.116,0.041,1.123,0.00501,NA,NA,NA,0.009253213
CCNK,Brain Meta Analysis,SCZ,Wald ratio,1,-0.079,0.028,0.924,0.00504,NA,NA,NA,0.180478598
RIOX2,Brain Meta Analysis,SCZ,Wald ratio,1,0.05,0.018,1.051,0.00505,NA,NA,NA,0.180254142
ELOVL5,Brain Meta Analysis,SCZ,Wald ratio,1,0.044,0.016,1.045,0.00515,NA,NA,NA,0.300956649
ANO2,Brain Meta Analysis,SCZ,Wald ratio,1,-0.075,0.027,0.928,0.00527,NA,NA,NA,0.172976481
DLG4,Brain Meta Analysis,SCZ,Wald ratio,1,-0.045,0.016,0.956,0.00532,NA,NA,NA,0.184606067
PIGN,Brain Meta Analysis,SCZ,Wald ratio,1,0.04,0.015,1.041,0.00544,NA,NA,NA,0.190770852
RGS17,Brain Meta Analysis,SCZ,Wald ratio,1,-0.023,0.008,0.978,0.0055,NA,NA,NA,0.180039417
RUBCN,Brain Meta Analysis,SCZ,Wald ratio,1,0.046,0.017,1.047,0.0055,NA,NA,NA,0.258996461
FNDC7,Brain Meta Analysis,SCZ,Wald ratio,1,0.06,0.021,1.061,0.00551,NA,NA,NA,0.171985279
CCDC57,Brain Meta Analysis,SCZ,Wald ratio,1,0.039,0.014,1.04,0.00556,NA,NA,NA,0.169303338
ANK2,Brain Meta Analysis,SCZ,Inverse variance weighted,2,0.04,0.014,1.041,0.00569,NA,0.886154649,NA,0.034478802
SMARCAL1,Brain Meta Analysis,SCZ,Wald ratio,1,-0.023,0.008,0.977,0.00569,NA,NA,NA,0.233595916
VEGFA,Brain Meta Analysis,SCZ,Wald ratio,1,0.055,0.02,1.056,0.00575,NA,NA,NA,0.165039176
MACROD1,Brain Meta Analysis,SCZ,Inverse variance weighted,2,-0.041,0.015,0.96,0.00581,NA,0.232918343,NA,0.013754604
LRRC2,Brain Meta Analysis,SCZ,Wald ratio,1,0.068,0.025,1.07,0.00592,NA,NA,NA,0.208038595
MKX,Brain Meta Analysis,SCZ,Wald ratio,1,0.019,0.007,1.019,0.00599,NA,NA,NA,0.224174733
FAM107B,Brain Meta Analysis,SCZ,Wald ratio,1,-0.079,0.029,0.924,0.00622,NA,NA,NA,0.009912021
SYT9,Brain Meta Analysis,SCZ,Wald ratio,1,0.04,0.015,1.041,0.00626,NA,NA,NA,0.163431523
ZNF8,Brain Meta Analysis,SCZ,Wald ratio,1,0.063,0.023,1.065,0.00642,NA,NA,NA,0.155152105
HSD17B12,Brain Meta Analysis,SCZ,Wald ratio,1,-0.098,0.036,0.906,0.00685,NA,NA,NA,0.156366656
APBA1,Brain Meta Analysis,SCZ,Wald ratio,1,-0.038,0.014,0.963,0.00699,NA,NA,NA,0.139622743
PPP2R2C,Brain Meta Analysis,SCZ,Wald ratio,1,-0.036,0.013,0.965,0.00701,NA,NA,NA,0.160629234
PCYOX1,Brain Meta Analysis,SCZ,Wald ratio,1,0.081,0.03,1.084,0.00724,NA,NA,NA,0.181688362
SEC11C,Brain Meta Analysis,SCZ,Wald ratio,1,-0.057,0.021,0.944,0.00733,NA,NA,NA,0.145006652
MYO9A,Brain Meta Analysis,SCZ,Wald ratio,1,-0.019,0.007,0.981,0.00737,NA,NA,NA,0.159544304
ADAR,Brain Meta Analysis,SCZ,Wald ratio,1,-0.021,0.008,0.98,0.00748,NA,NA,NA,0.132432795
TBX19,Brain Meta Analysis,SCZ,Wald ratio,1,0.071,0.027,1.074,0.00761,NA,NA,NA,0.229992963
GSE1,Brain Meta Analysis,SCZ,Wald ratio,1,0.056,0.021,1.057,0.00767,NA,NA,NA,0.150026158
ADCY2,Brain Meta Analysis,SCZ,Wald ratio,1,0.058,0.022,1.06,0.00793,NA,NA,NA,0.10819398
L3MBTL4,Brain Meta Analysis,SCZ,Wald ratio,1,-0.07,0.026,0.932,0.00803,NA,NA,NA,0.125333786
KLHDC7A,Brain Meta Analysis,SCZ,Wald ratio,1,-0.052,0.019,0.95,0.00803,NA,NA,NA,0.125333858
EXOSC7,Brain Meta Analysis,SCZ,Wald ratio,1,0.046,0.018,1.048,0.00807,NA,NA,NA,0.274572316
TMEM182,Brain Meta Analysis,SCZ,Wald ratio,1,0.019,0.007,1.019,0.00838,NA,NA,NA,0.123577423
TENT5C,Brain Meta Analysis,SCZ,Wald ratio,1,-0.023,0.009,0.977,0.00861,NA,NA,NA,0.219929606
PCDHB11,Brain Meta Analysis,SCZ,Wald ratio,1,0.087,0.033,1.091,0.00864,NA,NA,NA,0.316158566
RAB27A,Brain Meta Analysis,SCZ,Wald ratio,1,-0.021,0.008,0.979,0.00889,NA,NA,NA,0.11572636
SLC6A1,Brain Meta Analysis,SCZ,Wald ratio,1,-0.055,0.021,0.946,0.0089,NA,NA,NA,0.158123116
ALDH7A1,Brain Meta Analysis,SCZ,Wald ratio,1,-0.058,0.022,0.944,0.00895,NA,NA,NA,0.194719691
SERINC5,Brain Meta Analysis,SCZ,Wald ratio,1,0.022,0.008,1.022,0.00907,NA,NA,NA,0.114976366
SVOP,Brain Meta Analysis,SCZ,Wald ratio,1,0.019,0.007,1.019,0.00909,NA,NA,NA,0.114830921
TESC,Brain Meta Analysis,SCZ,Wald ratio,1,-0.02,0.008,0.98,0.00925,NA,NA,NA,0.164953593
TMEM178B,Brain Meta Analysis,SCZ,Inverse variance weighted,2,-0.051,0.02,0.95,0.00937,NA,0.692636602,NA,0.030705174
BRAF,Brain Meta Analysis,SCZ,Wald ratio,1,0.04,0.015,1.04,0.00953,NA,NA,NA,0.229330335
SLC51A,Brain Meta Analysis,SCZ,Wald ratio,1,0.059,0.023,1.061,0.00953,NA,NA,NA,0.133285323
SUCLG2,Brain Meta Analysis,SCZ,Wald ratio,1,-0.043,0.016,0.958,0.00964,NA,NA,NA,0.112916678
UBP1,Brain Meta Analysis,SCZ,Wald ratio,1,0.085,0.033,1.088,0.00974,NA,NA,NA,0.128936479
SYT17,Brain Meta Analysis,SCZ,Wald ratio,1,0.076,0.029,1.079,0.00981,NA,NA,NA,0.198321289
SSR1,Brain Meta Analysis,SCZ,Wald ratio,1,-0.058,0.022,0.944,0.00982,NA,NA,NA,0.106759004
PTPRR,Brain Meta Analysis,SCZ,Wald ratio,1,-0.049,0.019,0.952,0.00989,NA,NA,NA,0.108475732
ZNF107,Brain Meta Analysis,SCZ,Wald ratio,1,0.097,0.038,1.102,0.00995,NA,NA,NA,0.160042582
HS3ST3A1,Brain Meta Analysis,SCZ,Wald ratio,1,-0.058,0.023,0.943,0.0101,NA,NA,NA,0.107929417
KLHL26,Brain Meta Analysis,SCZ,Wald ratio,1,-0.06,0.023,0.942,0.0103,NA,NA,NA,0.108861413
TMEM196,Brain Meta Analysis,SCZ,Wald ratio,1,0.048,0.019,1.049,0.0106,NA,NA,NA,0.129708907
CSMD2,Brain Meta Analysis,SCZ,Weighted median,3,-0.035,0.014,0.966,0.0108,0.701243832,0.58307822,0.511259243,0.005512063
RNF185,Brain Meta Analysis,SCZ,Wald ratio,1,0.06,0.024,1.062,0.0109,NA,NA,NA,0.097744819
CHML,Brain Meta Analysis,SCZ,Wald ratio,1,-0.045,0.018,0.956,0.0109,NA,NA,NA,0.100290731
MGST3,Brain Meta Analysis,SCZ,Wald ratio,1,0.021,0.008,1.021,0.0109,NA,NA,NA,0.102103262
PDPN,Brain Meta Analysis,SCZ,Wald ratio,1,-0.073,0.029,0.93,0.011,NA,NA,NA,0.103972071
DPYD,Brain Meta Analysis,SCZ,Wald ratio,1,0.048,0.019,1.049,0.0112,NA,NA,NA,0.771000893
DENND1B,Brain Meta Analysis,SCZ,Wald ratio,1,-0.051,0.02,0.95,0.0113,NA,NA,NA,0.113980462
RGS13,Brain Meta Analysis,SCZ,Wald ratio,1,0.059,0.023,1.061,0.0114,NA,NA,NA,0.095307846
HILPDA,Brain Meta Analysis,SCZ,Wald ratio,1,0.054,0.021,1.055,0.0119,NA,NA,NA,0.103835039
KIAA0513,Brain Meta Analysis,SCZ,Wald ratio,1,-0.048,0.019,0.953,0.0128,NA,NA,NA,0.091841377
PPP3CA,Brain Meta Analysis,SCZ,Wald ratio,1,0.039,0.016,1.04,0.0131,NA,NA,NA,0.105908559
SCFD1,Brain Meta Analysis,SCZ,Wald ratio,1,-0.045,0.018,0.956,0.0131,NA,NA,NA,0.098653665
SMOC1,Brain Meta Analysis,SCZ,Wald ratio,1,0.046,0.018,1.047,0.0132,NA,NA,NA,0.105616369
MXRA7,Brain Meta Analysis,SCZ,Wald ratio,1,0.02,0.008,1.02,0.0134,NA,NA,NA,0.087706596
KIAA1549,Brain Meta Analysis,SCZ,Wald ratio,1,-0.033,0.013,0.968,0.0136,NA,NA,NA,0.083818047
INF2,Brain Meta Analysis,SCZ,Wald ratio,1,-0.037,0.015,0.964,0.0137,NA,NA,NA,0.082804007
CD46,Brain Meta Analysis,SCZ,Wald ratio,1,0.02,0.008,1.02,0.0139,NA,NA,NA,0.083561582
TTLL11,Brain Meta Analysis,SCZ,Inverse variance weighted,2,-0.053,0.022,0.948,0.0141,NA,0.363366169,NA,0.014265262
LYN,Brain Meta Analysis,SCZ,Inverse variance weighted,2,0.033,0.014,1.034,0.0141,NA,0.564782265,NA,0.038504882
CBLB,Brain Meta Analysis,SCZ,Wald ratio,1,-0.031,0.013,0.969,0.0145,NA,NA,NA,0.090599986
EXT2,Brain Meta Analysis,SCZ,Wald ratio,1,0.052,0.021,1.053,0.0148,NA,NA,NA,0.077680828
MPRIP,Brain Meta Analysis,SCZ,Wald ratio,1,-0.054,0.022,0.947,0.0148,NA,NA,NA,0.141597025
UTP20,Brain Meta Analysis,SCZ,Wald ratio,1,-0.017,0.007,0.983,0.015,NA,NA,NA,0.077548635
MTHFD1L,Brain Meta Analysis,SCZ,Inverse variance weighted,3,0.018,0.007,1.018,0.0152,0.395314203,0.69391038,0.94218981,0.018711315
IQCE,Brain Meta Analysis,SCZ,Wald ratio,1,0.036,0.015,1.036,0.0152,NA,NA,NA,0.082976756
RBM19,Brain Meta Analysis,SCZ,Wald ratio,1,-0.019,0.008,0.981,0.0156,NA,NA,NA,0.073832651
TRAF3,Brain Meta Analysis,SCZ,Wald ratio,1,-0.046,0.019,0.955,0.0156,NA,NA,NA,0.092004642
STAC,Brain Meta Analysis,SCZ,Wald ratio,1,-0.055,0.023,0.947,0.0157,NA,NA,NA,0.084663381
ZHX2,Brain Meta Analysis,SCZ,Wald ratio,1,-0.074,0.031,0.929,0.0158,NA,NA,NA,0.073692401
SOBP,Brain Meta Analysis,SCZ,Wald ratio,1,-0.121,0.05,0.886,0.0159,NA,NA,NA,0.234447415
UTRN,Brain Meta Analysis,SCZ,Wald ratio,1,0.041,0.017,1.041,0.0159,NA,NA,NA,0.095570941
SNX21,Brain Meta Analysis,SCZ,Wald ratio,1,-0.039,0.016,0.962,0.0161,NA,NA,NA,0.075564061
NTM,Brain Meta Analysis,SCZ,Inverse variance weighted,7,-0.01,0.004,0.99,0.0163,0.737162467,0.740965587,0.422042858,0.016779114
TIAM2,Brain Meta Analysis,SCZ,Inverse variance weighted,2,-0.019,0.008,0.981,0.0163,NA,0.665119857,NA,0.00449342
ADAMTS5,Brain Meta Analysis,SCZ,Wald ratio,1,0.057,0.024,1.059,0.0163,NA,NA,NA,0.097199183
MYO5A,Brain Meta Analysis,SCZ,Wald ratio,1,-0.043,0.018,0.958,0.0164,NA,NA,NA,0.105868967
WDFY2,Brain Meta Analysis,SCZ,Wald ratio,1,-0.041,0.017,0.96,0.0164,NA,NA,NA,0.088328009
MBLAC2,Brain Meta Analysis,SCZ,Wald ratio,1,-0.041,0.017,0.96,0.0165,NA,NA,NA,0.075566388
GNG4,Brain Meta Analysis,SCZ,Wald ratio,1,-0.056,0.024,0.945,0.0166,NA,NA,NA,0.077405604
ABCC8,Brain Meta Analysis,SCZ,Wald ratio,1,-0.048,0.02,0.953,0.0166,NA,NA,NA,0.081187186
PHF21A,Brain Meta Analysis,SCZ,Wald ratio,1,-0.052,0.022,0.949,0.0167,NA,NA,NA,0.079292524
TDRD9,Brain Meta Analysis,SCZ,Wald ratio,1,-0.034,0.014,0.967,0.0167,NA,NA,NA,0.07194067
CAMK2D,Brain Meta Analysis,SCZ,Wald ratio,1,-0.077,0.032,0.926,0.0167,NA,NA,NA,0.0713387
CREB3L1,Brain Meta Analysis,SCZ,Wald ratio,1,0.067,0.028,1.069,0.0167,NA,NA,NA,0.114029685
CLHC1,Brain Meta Analysis,SCZ,Wald ratio,1,0.02,0.008,1.02,0.0169,NA,NA,NA,0.08133018
KCND3,Brain Meta Analysis,SCZ,Wald ratio,1,0.021,0.009,1.021,0.0172,NA,NA,NA,0.106000035
ZSWIM4,Brain Meta Analysis,SCZ,Wald ratio,1,0.046,0.019,1.047,0.0173,NA,NA,NA,0.07400358
TXN2,Brain Meta Analysis,SCZ,Inverse variance weighted,2,-0.036,0.015,0.965,0.0177,NA,0.833943801,NA,0.014722216
CNTNAP4,Brain Meta Analysis,SCZ,Inverse variance weighted,2,0.023,0.01,1.024,0.0178,NA,0.16407259,NA,0.054811619
FNIP2,Brain Meta Analysis,SCZ,Wald ratio,1,-0.06,0.026,0.941,0.0179,NA,NA,NA,0.066586901
RBMS3,Brain Meta Analysis,SCZ,Inverse variance weighted,2,0.04,0.017,1.041,0.0181,NA,0.415144473,NA,0.008013164
FGF12,Brain Meta Analysis,SCZ,Wald ratio,1,0.074,0.031,1.077,0.0183,NA,NA,NA,0.068737678
TNFSF13B,Brain Meta Analysis,SCZ,Wald ratio,1,-0.042,0.018,0.959,0.0186,NA,NA,NA,0.098177198
PTHLH,Brain Meta Analysis,SCZ,Wald ratio,1,0.079,0.034,1.083,0.0189,NA,NA,NA,0.087667876
KIF3C,Brain Meta Analysis,SCZ,Wald ratio,1,-0.052,0.022,0.949,0.0191,NA,NA,NA,0.108929743
NEDD9,Brain Meta Analysis,SCZ,Wald ratio,1,0.048,0.02,1.049,0.0193,NA,NA,NA,0.075085517
GPLD1,Brain Meta Analysis,SCZ,Wald ratio,1,-0.032,0.014,0.968,0.0195,NA,NA,NA,0.084525626
UNC5C,Brain Meta Analysis,SCZ,Wald ratio,1,0.046,0.02,1.047,0.0195,NA,NA,NA,0.090027381
BANK1,Brain Meta Analysis,SCZ,Wald ratio,1,0.05,0.021,1.051,0.0196,NA,NA,NA,0.0617586
SPON1,Brain Meta Analysis,SCZ,Wald ratio,1,0.033,0.014,1.033,0.0196,NA,NA,NA,0.077180346
TANGO6,Brain Meta Analysis,SCZ,Wald ratio,1,-0.052,0.022,0.949,0.0199,NA,NA,NA,0.143275588
PRIMPOL,Brain Meta Analysis,SCZ,Wald ratio,1,0.033,0.014,1.033,0.0202,NA,NA,NA,0.085161203
POLN,Brain Meta Analysis,SCZ,Wald ratio,1,-0.044,0.019,0.956,0.0202,NA,NA,NA,0.097903889
MTMR7,Brain Meta Analysis,SCZ,Wald ratio,1,0.018,0.008,1.018,0.0202,NA,NA,NA,0.077716831
SYNJ2,Brain Meta Analysis,SCZ,Inverse variance weighted,2,-0.017,0.008,0.983,0.0205,NA,0.903619658,NA,0.045184762
RIPK4,Brain Meta Analysis,SCZ,Wald ratio,1,-0.07,0.03,0.932,0.0205,NA,NA,NA,0.068381913
TFCP2L1,Brain Meta Analysis,SCZ,Wald ratio,1,-0.042,0.018,0.959,0.0206,NA,NA,NA,0.083713349
SNRPA1,Brain Meta Analysis,SCZ,Wald ratio,1,0.06,0.026,1.062,0.0206,NA,NA,NA,0.061875845
ABCC3,Brain Meta Analysis,SCZ,Wald ratio,1,0.041,0.018,1.042,0.0208,NA,NA,NA,0.060756206
AK8,Brain Meta Analysis,SCZ,Wald ratio,1,0.062,0.027,1.064,0.0209,NA,NA,NA,0.058715542
ZNF560,Brain Meta Analysis,SCZ,Wald ratio,1,0.033,0.014,1.034,0.021,NA,NA,NA,0.100573357
SPNS2,Brain Meta Analysis,SCZ,Wald ratio,1,-0.047,0.02,0.954,0.021,NA,NA,NA,0.060836972
TRAK1,Brain Meta Analysis,SCZ,Wald ratio,1,-0.016,0.007,0.984,0.0213,NA,NA,NA,0.069167052
VSTM2B,Brain Meta Analysis,SCZ,Wald ratio,1,0.068,0.03,1.07,0.0214,NA,NA,NA,0.065351704
RNF222,Brain Meta Analysis,SCZ,Wald ratio,1,-0.057,0.025,0.944,0.0215,NA,NA,NA,0.060397622
SLC24A4,Brain Meta Analysis,SCZ,Inverse variance weighted,2,-0.03,0.013,0.971,0.0218,NA,0.827206137,NA,0.006778552
CHRM5,Brain Meta Analysis,SCZ,Wald ratio,1,0.019,0.008,1.019,0.0219,NA,NA,NA,0.057651137
BTC,Brain Meta Analysis,SCZ,Wald ratio,1,-0.05,0.022,0.951,0.022,NA,NA,NA,0.077646181
PTPN5,Brain Meta Analysis,SCZ,Wald ratio,1,-0.018,0.008,0.982,0.0221,NA,NA,NA,0.061994306
C21orf91,Brain Meta Analysis,SCZ,Wald ratio,1,-0.063,0.027,0.939,0.0222,NA,NA,NA,0.068201659
ZC3HAV1,Brain Meta Analysis,SCZ,Wald ratio,1,0.016,0.007,1.017,0.0222,NA,NA,NA,0.055811298
SMYD3,Brain Meta Analysis,SCZ,Inverse variance weighted,3,-0.033,0.014,0.968,0.0222,0.735776475,0.943507909,0.968659517,0.000411629
GLB1,Brain Meta Analysis,SCZ,Wald ratio,1,0.016,0.007,1.016,0.0223,NA,NA,NA,0.06026299
ERBB4,Brain Meta Analysis,SCZ,Wald ratio,1,-0.036,0.016,0.965,0.0227,NA,NA,NA,0.056458621
GRAMD1B,Brain Meta Analysis,SCZ,Inverse variance weighted,2,0.031,0.013,1.031,0.023,NA,0.338601093,NA,0.014856595
FGF2,Brain Meta Analysis,SCZ,Wald ratio,1,-0.109,0.048,0.896,0.0231,NA,NA,NA,0.14329639
EPHA10,Brain Meta Analysis,SCZ,Wald ratio,1,-0.017,0.007,0.983,0.0236,NA,NA,NA,0.068151726
NIPA2,Brain Meta Analysis,SCZ,Wald ratio,1,-0.035,0.016,0.966,0.0238,NA,NA,NA,0.068252368
IFRD1,Brain Meta Analysis,SCZ,Wald ratio,1,-0.066,0.029,0.936,0.024,NA,NA,NA,0.072695016
CKMT2,Brain Meta Analysis,SCZ,Wald ratio,1,-0.059,0.026,0.943,0.0241,NA,NA,NA,0.05920099
CPED1,Brain Meta Analysis,SCZ,Wald ratio,1,0.056,0.025,1.057,0.0243,NA,NA,NA,0.056218065
FBXO5,Brain Meta Analysis,SCZ,Wald ratio,1,0.035,0.016,1.036,0.0244,NA,NA,NA,0.056547024
SDK1,Brain Meta Analysis,SCZ,Weighted median,4,-0.015,0.007,0.985,0.0245,0.537573524,0.031573028,0.110326455,0.251270505
BAALC,Brain Meta Analysis,SCZ,Wald ratio,1,0.05,0.022,1.051,0.025,NA,NA,NA,0.06341327
DIP2C,Brain Meta Analysis,SCZ,Wald ratio,1,-0.032,0.014,0.969,0.025,NA,NA,NA,0.05061012
KDM2B,Brain Meta Analysis,SCZ,Wald ratio,1,0.038,0.017,1.038,0.025,NA,NA,NA,0.063372408
ZDHHC20,Brain Meta Analysis,SCZ,Wald ratio,1,0.016,0.007,1.016,0.025,NA,NA,NA,0.061829462
ZNF439,Brain Meta Analysis,SCZ,Wald ratio,1,0.04,0.018,1.041,0.0251,NA,NA,NA,0.050929081
CNTN5,Brain Meta Analysis,SCZ,Wald ratio,1,0.051,0.023,1.052,0.0252,NA,NA,NA,0.05304738
CHRNA1,Brain Meta Analysis,SCZ,Wald ratio,1,0.055,0.025,1.057,0.0254,NA,NA,NA,0.05036544
LCTL,Brain Meta Analysis,SCZ,Wald ratio,1,0.043,0.019,1.044,0.0254,NA,NA,NA,0.057949779
GAB1,Brain Meta Analysis,SCZ,Wald ratio,1,0.018,0.008,1.018,0.0256,NA,NA,NA,0.049187638
TECPR2,Brain Meta Analysis,SCZ,Wald ratio,1,0.018,0.008,1.018,0.0259,NA,NA,NA,0.051867795
SBK1,Brain Meta Analysis,SCZ,Wald ratio,1,0.034,0.015,1.035,0.0259,NA,NA,NA,0.054368678
LEPR,Brain Meta Analysis,SCZ,Wald ratio,1,-0.058,0.026,0.944,0.026,NA,NA,NA,0.006509614
RRM2,Brain Meta Analysis,SCZ,Wald ratio,1,-0.048,0.022,0.953,0.0263,NA,NA,NA,0.089937183
RBFOX1,Brain Meta Analysis,SCZ,Weighted median,9,0.014,0.007,1.015,0.0263,0.096798657,0.140106948,0.783928687,0.006204268
EXT1,Brain Meta Analysis,SCZ,Wald ratio,1,-0.032,0.014,0.969,0.0263,NA,NA,NA,0.057318674
KCNQ5,Brain Meta Analysis,SCZ,Wald ratio,1,0.04,0.018,1.041,0.0264,NA,NA,NA,0.050500933
LMO7,Brain Meta Analysis,SCZ,Inverse variance weighted,2,-0.013,0.006,0.987,0.0268,NA,0.965967078,NA,0.013788446
SLAIN1,Brain Meta Analysis,SCZ,Wald ratio,1,-0.019,0.009,0.981,0.0269,NA,NA,NA,0.060758529
SYCE3,Brain Meta Analysis,SCZ,Wald ratio,1,0.054,0.025,1.056,0.0272,NA,NA,NA,0.00458575
ADAM7,Brain Meta Analysis,SCZ,Wald ratio,1,0.018,0.008,1.018,0.0273,NA,NA,NA,0.049623707
RADIL,Brain Meta Analysis,SCZ,Inverse variance weighted,2,0.037,0.017,1.038,0.0274,NA,0.695784703,NA,0.026806618
SQOR,Brain Meta Analysis,SCZ,Wald ratio,1,-0.018,0.008,0.982,0.0274,NA,NA,NA,0.070954294
VN1R2,Brain Meta Analysis,SCZ,Wald ratio,1,0.044,0.02,1.045,0.0276,NA,NA,NA,0.054738569
CRACR2A,Brain Meta Analysis,SCZ,Wald ratio,1,-0.018,0.008,0.982,0.0276,NA,NA,NA,0.064448418
WDR17,Brain Meta Analysis,SCZ,Wald ratio,1,0.023,0.011,1.024,0.0278,NA,NA,NA,0.047952579
LOXL1,Brain Meta Analysis,SCZ,Wald ratio,1,-0.018,0.008,0.982,0.028,NA,NA,NA,0.04816308
COL18A1,Brain Meta Analysis,SCZ,Inverse variance weighted,2,-0.032,0.015,0.969,0.028,NA,0.921565251,NA,0.02080223
KCNJ9,Brain Meta Analysis,SCZ,Wald ratio,1,-0.045,0.02,0.956,0.0281,NA,NA,NA,0.06545448
ADGRB3,Brain Meta Analysis,SCZ,Wald ratio,1,0.018,0.008,1.018,0.0282,NA,NA,NA,0.045910527
LRCH3,Brain Meta Analysis,SCZ,Wald ratio,1,-0.145,0.066,0.865,0.0283,NA,NA,NA,0.083697513
DNAI2,Brain Meta Analysis,SCZ,Wald ratio,1,-0.019,0.009,0.981,0.0284,NA,NA,NA,0.048980773
RFX7,Brain Meta Analysis,SCZ,Wald ratio,1,-0.037,0.017,0.963,0.0285,NA,NA,NA,0.046504047
SH3RF1,Brain Meta Analysis,SCZ,Wald ratio,1,-0.054,0.025,0.948,0.0285,NA,NA,NA,0.098703317
OR6M1,Brain Meta Analysis,SCZ,Wald ratio,1,-0.019,0.009,0.981,0.0292,NA,NA,NA,0.058326505
LUC7L3,Brain Meta Analysis,SCZ,Wald ratio,1,0.039,0.018,1.039,0.0295,NA,NA,NA,0.048527635
TSBP1,Brain Meta Analysis,SCZ,Wald ratio,1,-0.016,0.007,0.984,0.0295,NA,NA,NA,0.046075852
PRR5,Brain Meta Analysis,SCZ,Wald ratio,1,-0.033,0.015,0.967,0.0298,NA,NA,NA,0.046658342
COL14A1,Brain Meta Analysis,SCZ,Wald ratio,1,-0.016,0.007,0.985,0.03,NA,NA,NA,0.044062008
WDR12,Brain Meta Analysis,SCZ,Wald ratio,1,-0.05,0.023,0.951,0.0301,NA,NA,NA,0.06117199
SLC26A11,Brain Meta Analysis,SCZ,Wald ratio,1,0.041,0.019,1.042,0.0301,NA,NA,NA,0.044421297
DNAAF9,Brain Meta Analysis,SCZ,Wald ratio,1,0.054,0.025,1.055,0.0302,NA,NA,NA,0.047545582
FAM13A,Brain Meta Analysis,SCZ,Wald ratio,1,0.042,0.019,1.043,0.0303,NA,NA,NA,0.077016606
RAB40B,Brain Meta Analysis,SCZ,Wald ratio,1,0.048,0.022,1.05,0.0308,NA,NA,NA,0.04588768
SPECC1,Brain Meta Analysis,SCZ,Wald ratio,1,0.045,0.021,1.046,0.0312,NA,NA,NA,0.073722188
B3GALT1,Brain Meta Analysis,SCZ,Wald ratio,1,0.031,0.014,1.031,0.0313,NA,NA,NA,0.04984374
IQSEC1,Brain Meta Analysis,SCZ,Inverse variance weighted,2,-0.03,0.014,0.97,0.032,NA,0.536820767,NA,0.03405611
OBI1,Brain Meta Analysis,SCZ,Inverse variance weighted,2,0.037,0.017,1.038,0.0321,NA,0.908093637,NA,0.016837555
MAGI2,Brain Meta Analysis,SCZ,Weighted median,5,0.015,0.007,1.015,0.0322,0.776250313,0.878231473,0.777204043,0.00442179
SSH2,Brain Meta Analysis,SCZ,Wald ratio,1,-0.049,0.023,0.953,0.0322,NA,NA,NA,0.043275139
BNIP2,Brain Meta Analysis,SCZ,Wald ratio,1,-0.016,0.008,0.984,0.0322,NA,NA,NA,0.043357917
JAG2,Brain Meta Analysis,SCZ,Wald ratio,1,-0.046,0.021,0.955,0.0324,NA,NA,NA,0.043589158
FAM120B,Brain Meta Analysis,SCZ,Wald ratio,1,0.045,0.021,1.046,0.0327,NA,NA,NA,0.074697506
BNIP3L,Brain Meta Analysis,SCZ,Wald ratio,1,-0.016,0.007,0.984,0.0334,NA,NA,NA,0.04297862
ROPN1B,Brain Meta Analysis,SCZ,Wald ratio,1,-0.042,0.02,0.959,0.0337,NA,NA,NA,0.040462275
TIMMDC1,Brain Meta Analysis,SCZ,Wald ratio,1,0.083,0.039,1.087,0.0339,NA,NA,NA,0.109586505
AKR1E2,Brain Meta Analysis,SCZ,Wald ratio,1,-0.074,0.035,0.929,0.034,NA,NA,NA,0.055231039
AGAP1,Brain Meta Analysis,SCZ,Inverse variance weighted,2,0.02,0.01,1.021,0.0346,NA,0.794579546,NA,0.006319594
PLXDC2,Brain Meta Analysis,SCZ,Wald ratio,1,-0.016,0.008,0.984,0.0346,NA,NA,NA,0.039216206
UBE2H,Brain Meta Analysis,SCZ,Wald ratio,1,0.045,0.021,1.046,0.0347,NA,NA,NA,0.065261655
DISP3,Brain Meta Analysis,SCZ,Wald ratio,1,0.046,0.022,1.047,0.0349,NA,NA,NA,0.051242271
FNDC1,Brain Meta Analysis,SCZ,Inverse variance weighted,2,0.033,0.016,1.033,0.0352,NA,0.722009384,NA,0.011452473
RAB35,Brain Meta Analysis,SCZ,Wald ratio,1,0.037,0.018,1.038,0.0353,NA,NA,NA,0.060688346
LHX9,Brain Meta Analysis,SCZ,Wald ratio,1,0.045,0.021,1.046,0.0354,NA,NA,NA,0.038043398
CCDC149,Brain Meta Analysis,SCZ,Wald ratio,1,-0.04,0.019,0.961,0.0356,NA,NA,NA,0.038341553
PAQR9,Brain Meta Analysis,SCZ,Wald ratio,1,-0.105,0.05,0.9,0.0358,NA,NA,NA,0.125384416
NCF2,Brain Meta Analysis,SCZ,Wald ratio,1,0.051,0.024,1.053,0.036,NA,NA,NA,0.039302459
RFX2,Brain Meta Analysis,SCZ,Wald ratio,1,0.052,0.025,1.053,0.0361,NA,NA,NA,0.040347415
PTTG1IP,Brain Meta Analysis,SCZ,Wald ratio,1,0.016,0.008,1.016,0.0362,NA,NA,NA,0.061076512
HIVEP3,Brain Meta Analysis,SCZ,Inverse variance weighted,2,0.016,0.007,1.016,0.0362,NA,0.93397477,NA,0.005815824
TLR2,Brain Meta Analysis,SCZ,Wald ratio,1,0.053,0.025,1.055,0.0363,NA,NA,NA,0.035622733
AXL,Brain Meta Analysis,SCZ,Wald ratio,1,0.018,0.009,1.018,0.0365,NA,NA,NA,0.037490139
C1orf94,Brain Meta Analysis,SCZ,Wald ratio,1,0.04,0.019,1.041,0.0371,NA,NA,NA,0.039465408
SLC24A3,Brain Meta Analysis,SCZ,Wald ratio,1,0.073,0.035,1.076,0.0371,NA,NA,NA,0.03922281
AQP6,Brain Meta Analysis,SCZ,Wald ratio,1,0.062,0.03,1.064,0.0374,NA,NA,NA,0.0047557
STON1,Brain Meta Analysis,SCZ,Wald ratio,1,-0.054,0.026,0.947,0.0374,NA,NA,NA,0.035980236
PDGFRL,Brain Meta Analysis,SCZ,Wald ratio,1,0.032,0.015,1.032,0.0375,NA,NA,NA,0.036341738
DST,Brain Meta Analysis,SCZ,Inverse variance weighted,2,0.067,0.032,1.069,0.0377,NA,0.138959153,NA,0.06745946
CHD7,Brain Meta Analysis,SCZ,Wald ratio,1,-0.021,0.01,0.979,0.0383,NA,NA,NA,0.050554231
NUDT1,Brain Meta Analysis,SCZ,Wald ratio,1,-0.179,0.086,0.836,0.0384,NA,NA,NA,0.14083237
OTOG,Brain Meta Analysis,SCZ,Wald ratio,1,-0.041,0.02,0.96,0.0385,NA,NA,NA,0.035502354
TRDN,Brain Meta Analysis,SCZ,Wald ratio,1,0.057,0.028,1.059,0.0387,NA,NA,NA,0.041547592
PIK3CD,Brain Meta Analysis,SCZ,Inverse variance weighted,2,0.034,0.016,1.035,0.0388,NA,0.362935438,NA,0.042598437
PLEKHA7,Brain Meta Analysis,SCZ,Wald ratio,1,0.025,0.012,1.025,0.0388,NA,NA,NA,0.036461265
PLEK2,Brain Meta Analysis,SCZ,Wald ratio,1,-0.072,0.035,0.93,0.0389,NA,NA,NA,0.086276095
OPN5,Brain Meta Analysis,SCZ,Wald ratio,1,0.045,0.022,1.046,0.039,NA,NA,NA,0.077067781
METTL24,Brain Meta Analysis,SCZ,Wald ratio,1,0.05,0.024,1.052,0.0394,NA,NA,NA,0.058419024
B3GAT1,Brain Meta Analysis,SCZ,Wald ratio,1,-0.041,0.02,0.96,0.0395,NA,NA,NA,0.040742341
CSF2RB,Brain Meta Analysis,SCZ,Wald ratio,1,0.017,0.008,1.017,0.0397,NA,NA,NA,0.035050556
WDR7,Brain Meta Analysis,SCZ,Wald ratio,1,0.032,0.016,1.033,0.0397,NA,NA,NA,0.035050556
SSBP4,Brain Meta Analysis,SCZ,Wald ratio,1,-0.041,0.02,0.96,0.0398,NA,NA,NA,0.036064114
ANKRD33B,Brain Meta Analysis,SCZ,Inverse variance weighted,2,0.015,0.007,1.015,0.0399,NA,0.494670976,NA,0.012186994
MAP3K8,Brain Meta Analysis,SCZ,Wald ratio,1,0.05,0.024,1.051,0.04,NA,NA,NA,0.035619342
PPP2R2B,Brain Meta Analysis,SCZ,Wald ratio,1,-0.032,0.015,0.969,0.0401,NA,NA,NA,0.0373585
CMYA5,Brain Meta Analysis,SCZ,Wald ratio,1,-0.043,0.021,0.958,0.0402,NA,NA,NA,0.051560003
MED27,Brain Meta Analysis,SCZ,Wald ratio,1,0.014,0.007,1.014,0.0406,NA,NA,NA,0.041038798
EPS8L3,Brain Meta Analysis,SCZ,Wald ratio,1,0.038,0.019,1.039,0.0408,NA,NA,NA,0.034258067
ATXN3,Brain Meta Analysis,SCZ,Wald ratio,1,-0.035,0.017,0.965,0.0409,NA,NA,NA,0.050505602
PTPRA,Brain Meta Analysis,SCZ,Wald ratio,1,-0.053,0.026,0.948,0.0412,NA,NA,NA,0.063089794
ELOVL6,Brain Meta Analysis,SCZ,Wald ratio,1,0.015,0.007,1.015,0.0413,NA,NA,NA,0.04724154
KLF13,Brain Meta Analysis,SCZ,Inverse variance weighted,2,-0.015,0.007,0.985,0.0416,NA,0.681515466,NA,0.009317044
NTRK3,Brain Meta Analysis,SCZ,Wald ratio,1,-0.05,0.025,0.951,0.0416,NA,NA,NA,0.049471866
TBPL2,Brain Meta Analysis,SCZ,Wald ratio,1,0.041,0.02,1.041,0.0416,NA,NA,NA,0.040603541
C14orf132,Brain Meta Analysis,SCZ,Wald ratio,1,0.017,0.008,1.017,0.0422,NA,NA,NA,0.03516364
MIA3,Brain Meta Analysis,SCZ,Wald ratio,1,0.015,0.007,1.015,0.0422,NA,NA,NA,0.036561964
ANKH,Brain Meta Analysis,SCZ,Wald ratio,1,-0.05,0.025,0.951,0.0423,NA,NA,NA,0.037552216
CFAP298,Brain Meta Analysis,SCZ,Wald ratio,1,-0.078,0.039,0.925,0.0424,NA,NA,NA,0.060456909
MYO16,Brain Meta Analysis,SCZ,Inverse variance weighted,2,-0.012,0.006,0.989,0.0425,NA,0.937861095,NA,0.012807051
RECK,Brain Meta Analysis,SCZ,Wald ratio,1,-0.069,0.034,0.933,0.0427,NA,NA,NA,0.077432373
SLC45A4,Brain Meta Analysis,SCZ,Weighted median,3,-0.029,0.015,0.971,0.0432,0.083339138,0.213333467,0.890051368,0.007806491
PLD1,Brain Meta Analysis,SCZ,Wald ratio,1,-0.046,0.023,0.955,0.0433,NA,NA,NA,0.034744163
COPA,Brain Meta Analysis,SCZ,Wald ratio,1,-0.061,0.03,0.941,0.0434,NA,NA,NA,0.069486297
ZNF500,Brain Meta Analysis,SCZ,Wald ratio,1,0.06,0.03,1.062,0.0435,NA,NA,NA,0.03745401
GDAP1,Brain Meta Analysis,SCZ,Wald ratio,1,0.039,0.019,1.04,0.0443,NA,NA,NA,0.031352944
FARS2,Brain Meta Analysis,SCZ,Wald ratio,1,0.051,0.025,1.052,0.0443,NA,NA,NA,0.032149077
MAPK4,Brain Meta Analysis,SCZ,Wald ratio,1,0.049,0.024,1.05,0.0443,NA,NA,NA,0.032374503
DLGAP5,Brain Meta Analysis,SCZ,Wald ratio,1,0.014,0.007,1.015,0.0443,NA,NA,NA,0.032008341
PMEPA1,Brain Meta Analysis,SCZ,Inverse variance weighted,2,-0.036,0.018,0.965,0.0444,NA,0.395966662,NA,0.006480976
SLC9A3R1,Brain Meta Analysis,SCZ,Wald ratio,1,-0.016,0.008,0.984,0.0455,NA,NA,NA,0.031686879
ARHGAP15,Brain Meta Analysis,SCZ,Wald ratio,1,-0.043,0.021,0.958,0.0455,NA,NA,NA,0.031686879
NOL4,Brain Meta Analysis,SCZ,Wald ratio,1,-0.014,0.007,0.986,0.0455,NA,NA,NA,0.030636558
MGAM2,Brain Meta Analysis,SCZ,Wald ratio,1,-0.033,0.017,0.968,0.0464,NA,NA,NA,0.042400287
TRIM38,Brain Meta Analysis,SCZ,Wald ratio,1,-0.034,0.017,0.967,0.0467,NA,NA,NA,0.031705697
NCOR2,Brain Meta Analysis,SCZ,Simple mode,7,-0.027,0.011,0.973,0.0468,0.88351781,0.510750725,0.119503795,0.018740296
SLC12A4,Brain Meta Analysis,SCZ,Wald ratio,1,-0.045,0.023,0.956,0.0472,NA,NA,NA,0.043114948
SORCS2,Brain Meta Analysis,SCZ,Weighted median,11,0.012,0.006,1.012,0.0472,0.104094501,0.148744213,0.922787207,0.005964102
LHX1,Brain Meta Analysis,SCZ,Wald ratio,1,-0.045,0.023,0.956,0.0477,NA,NA,NA,0.060371772
THAP4,Brain Meta Analysis,SCZ,Wald ratio,1,-0.026,0.013,0.974,0.0477,NA,NA,NA,0.033088534
TRAPPC9,Brain Meta Analysis,SCZ,Weighted median,5,-0.023,0.012,0.977,0.0479,0.006864281,0.016064694,0.945189803,0.041803426
DGLUCY,Brain Meta Analysis,SCZ,Wald ratio,1,0.036,0.018,1.037,0.0479,NA,NA,NA,0.030688373
SLC1A5,Brain Meta Analysis,SCZ,Wald ratio,1,-0.036,0.018,0.964,0.048,NA,NA,NA,0.030667595
TTC29,Brain Meta Analysis,SCZ,Wald ratio,1,0.066,0.033,1.068,0.048,NA,NA,NA,0.029983541
KDM5B,Brain Meta Analysis,SCZ,Wald ratio,1,0.046,0.023,1.047,0.048,NA,NA,NA,0.042167501
BCAS3,Brain Meta Analysis,SCZ,Wald ratio,1,0.045,0.023,1.046,0.0487,NA,NA,NA,0.034361441
HHLA1,Brain Meta Analysis,SCZ,Wald ratio,1,-0.026,0.013,0.975,0.0492,NA,NA,NA,0.030377237
THBS4,Brain Meta Analysis,SCZ,Wald ratio,1,0.046,0.023,1.047,0.0492,NA,NA,NA,0.029849955
MROH2B,Brain Meta Analysis,SCZ,Wald ratio,1,0.064,0.033,1.067,0.0493,NA,NA,NA,0.029554235
DOK6,Brain Meta Analysis,SCZ,Wald ratio,1,0.036,0.018,1.036,0.0493,NA,NA,NA,0.02967345
ADAMTS9,Brain Meta Analysis,SCZ,Inverse variance weighted,2,-0.029,0.015,0.972,0.0493,NA,0.439931665,NA,0.018304039
RAPGEF2,Brain Meta Analysis,SCZ,Wald ratio,1,-0.014,0.007,0.986,0.0493,NA,NA,NA,0.029348451
GPR158,Brain Meta Analysis,SCZ,Wald ratio,1,0.036,0.018,1.037,0.0493,NA,NA,NA,0.029348451
DNAJC5,Brain Meta Analysis,SCZ,Wald ratio,1,-0.081,0.041,0.923,0.0494,NA,NA,NA,0.063315712
CACNA1D,Brain Meta Analysis,SCZ,Inverse variance weighted,2,0.038,0.019,1.038,0.0494,NA,0.751532049,NA,0.026116909
GNPTAB,Brain Meta Analysis,SCZ,Wald ratio,1,-0.016,0.008,0.984,0.0494,NA,NA,NA,0.028648244
FAT1,Brain Meta Analysis,SCZ,Inverse variance weighted,2,-0.016,0.008,0.984,0.0496,NA,0.712200246,NA,0.00449684
GUCY1A1,Brain Meta Analysis,SCZ,Inverse variance weighted,2,-0.022,0.011,0.978,0.0499,NA,0.268335424,NA,0.005305951
PTER,Brain Meta Analysis,SCZ,Wald ratio,1,0.029,0.015,1.03,0.0503,NA,NA,NA,0.038241095
EPC2,Brain Meta Analysis,SCZ,Wald ratio,1,0.031,0.016,1.032,0.0507,NA,NA,NA,0.041620432
RHCG,Brain Meta Analysis,SCZ,Wald ratio,1,0.055,0.028,1.057,0.0508,NA,NA,NA,0.034238743
DESI1,Brain Meta Analysis,SCZ,Wald ratio,1,0.053,0.027,1.054,0.0514,NA,NA,NA,0.029678402
NCK2,Brain Meta Analysis,SCZ,Wald ratio,1,0.043,0.022,1.044,0.0518,NA,NA,NA,0.028797284
ATP2A3,Brain Meta Analysis,SCZ,Wald ratio,1,-0.058,0.03,0.943,0.0518,NA,NA,NA,0.029116741
PLXNA4,Brain Meta Analysis,SCZ,Inverse variance weighted,2,0.018,0.009,1.018,0.0519,NA,0.179272234,NA,0.004799872
FHIP2A,Brain Meta Analysis,SCZ,Wald ratio,1,-0.015,0.008,0.985,0.0519,NA,NA,NA,0.028457724
TNRC6C,Brain Meta Analysis,SCZ,Wald ratio,1,0.04,0.02,1.04,0.052,NA,NA,NA,0.038717866
RALB,Brain Meta Analysis,SCZ,Wald ratio,1,0.014,0.007,1.014,0.052,NA,NA,NA,0.0440132
PADI3,Brain Meta Analysis,SCZ,Wald ratio,1,-0.032,0.017,0.968,0.0521,NA,NA,NA,0.032966229
CD82,Brain Meta Analysis,SCZ,Wald ratio,1,-0.045,0.023,0.956,0.0522,NA,NA,NA,0.037223822
NUMA1,Brain Meta Analysis,SCZ,Wald ratio,1,-0.04,0.02,0.961,0.0522,NA,NA,NA,0.053633625
BEND3,Brain Meta Analysis,SCZ,Wald ratio,1,0.023,0.012,1.023,0.0526,NA,NA,NA,0.035066675
RAB20,Brain Meta Analysis,SCZ,Wald ratio,1,0.038,0.019,1.038,0.0527,NA,NA,NA,0.030559391
PRICKLE2,Brain Meta Analysis,SCZ,Inverse variance weighted,2,-0.012,0.006,0.988,0.0529,NA,0.390398047,NA,0.017381418
MALT1,Brain Meta Analysis,SCZ,Wald ratio,1,-0.014,0.007,0.986,0.0531,NA,NA,NA,0.028571378
NT5E,Brain Meta Analysis,SCZ,Wald ratio,1,0.015,0.008,1.015,0.0531,NA,NA,NA,0.028872911
MSI2,Brain Meta Analysis,SCZ,MR Egger,5,0.104,0.033,1.109,0.0532,0.277681633,0.005484593,0.062552704,0.016307504
MAPKAPK2,Brain Meta Analysis,SCZ,Wald ratio,1,-0.024,0.012,0.976,0.0533,NA,NA,NA,0.032367141
FH,Brain Meta Analysis,SCZ,Wald ratio,1,-0.042,0.022,0.958,0.0533,NA,NA,NA,0.027524647
BPHL,Brain Meta Analysis,SCZ,Wald ratio,1,0.034,0.018,1.035,0.0534,NA,NA,NA,0.031706386
SLC25A24,Brain Meta Analysis,SCZ,Wald ratio,1,-0.039,0.02,0.961,0.0534,NA,NA,NA,0.028412017
HEBP1,Brain Meta Analysis,SCZ,Wald ratio,1,-0.015,0.008,0.985,0.0535,NA,NA,NA,0.027172117
ATG10,Brain Meta Analysis,SCZ,Wald ratio,1,0.014,0.007,1.014,0.0537,NA,NA,NA,0.030657644
SH2B2,Brain Meta Analysis,SCZ,Wald ratio,1,-0.036,0.018,0.965,0.054,NA,NA,NA,0.029333167
SLC25A40,Brain Meta Analysis,SCZ,Wald ratio,1,0.062,0.032,1.064,0.0543,NA,NA,NA,0.074777044
CTPS1,Brain Meta Analysis,SCZ,Wald ratio,1,0.015,0.008,1.015,0.0543,NA,NA,NA,0.032140385
SSBP2,Brain Meta Analysis,SCZ,Wald ratio,1,0.037,0.019,1.037,0.0547,NA,NA,NA,0.045618237
LACTB,Brain Meta Analysis,SCZ,Wald ratio,1,0.035,0.018,1.036,0.0547,NA,NA,NA,0.031098428
SLC15A3,Brain Meta Analysis,SCZ,Wald ratio,1,-0.041,0.021,0.96,0.0548,NA,NA,NA,0.026953306
KCNMB2,Brain Meta Analysis,SCZ,Wald ratio,1,0.016,0.008,1.016,0.0549,NA,NA,NA,0.026597404
ZBTB16,Brain Meta Analysis,SCZ,Inverse variance weighted,3,-0.014,0.007,0.986,0.0551,0.157631807,0.358819203,0.897115207,0.020233649
LAMB3,Brain Meta Analysis,SCZ,Inverse variance weighted,2,-0.014,0.008,0.986,0.0555,NA,0.929890832,NA,0.021078311
PSTPIP2,Brain Meta Analysis,SCZ,Wald ratio,1,-0.033,0.017,0.968,0.0555,NA,NA,NA,0.038424926
NPFFR2,Brain Meta Analysis,SCZ,Wald ratio,1,0.031,0.016,1.032,0.0557,NA,NA,NA,0.028064363
USP14,Brain Meta Analysis,SCZ,Wald ratio,1,0.03,0.016,1.031,0.0557,NA,NA,NA,0.030917957
NEURL1B,Brain Meta Analysis,SCZ,Wald ratio,1,-0.024,0.013,0.976,0.0558,NA,NA,NA,0.034324053
GFOD1,Brain Meta Analysis,SCZ,Wald ratio,1,0.016,0.008,1.016,0.0566,NA,NA,NA,0.155660406
CD48,Brain Meta Analysis,SCZ,Wald ratio,1,-0.056,0.029,0.946,0.0566,NA,NA,NA,0.031662962
SLC22A12,Brain Meta Analysis,SCZ,Wald ratio,1,0.013,0.007,1.013,0.0569,NA,NA,NA,0.027856702
GLI3,Brain Meta Analysis,SCZ,Wald ratio,1,0.063,0.033,1.065,0.0571,NA,NA,NA,0.02671702
PLA2G4E,Brain Meta Analysis,SCZ,Wald ratio,1,0.036,0.019,1.036,0.0572,NA,NA,NA,0.02969801
GALNS,Brain Meta Analysis,SCZ,Inverse variance weighted,2,-0.04,0.021,0.961,0.0573,NA,0.863582262,NA,0.020789802
KLF7,Brain Meta Analysis,SCZ,Wald ratio,1,-0.04,0.021,0.961,0.0576,NA,NA,NA,0.037325352
CACNA1B,Brain Meta Analysis,SCZ,Wald ratio,1,0.065,0.034,1.067,0.0576,NA,NA,NA,0.025985559
AJUBA,Brain Meta Analysis,SCZ,Wald ratio,1,0.024,0.013,1.025,0.0583,NA,NA,NA,0.029802146
HAPLN1,Brain Meta Analysis,SCZ,Wald ratio,1,-0.036,0.019,0.965,0.0586,NA,NA,NA,0.029146456
CENPK,Brain Meta Analysis,SCZ,Wald ratio,1,-0.035,0.019,0.965,0.0589,NA,NA,NA,0.028491545
ERC1,Brain Meta Analysis,SCZ,Wald ratio,1,0.015,0.008,1.015,0.0589,NA,NA,NA,0.028490733
GDF10,Brain Meta Analysis,SCZ,Wald ratio,1,-0.033,0.017,0.968,0.0592,NA,NA,NA,0.030275384
CCSER1,Brain Meta Analysis,SCZ,Wald ratio,1,0.028,0.015,1.028,0.0593,NA,NA,NA,0.024985857
C1orf100,Brain Meta Analysis,SCZ,Wald ratio,1,0.014,0.007,1.014,0.0595,NA,NA,NA,0.029599819
CDHR2,Brain Meta Analysis,SCZ,Wald ratio,1,-0.014,0.008,0.986,0.0597,NA,NA,NA,0.029267834
C1orf21,Brain Meta Analysis,SCZ,Wald ratio,1,-0.015,0.008,0.985,0.0602,NA,NA,NA,0.025801996
TAF8,Brain Meta Analysis,SCZ,Wald ratio,1,-0.014,0.007,0.986,0.0605,NA,NA,NA,0.038216519
LEXM,Brain Meta Analysis,SCZ,Wald ratio,1,0.031,0.016,1.031,0.0607,NA,NA,NA,0.024793965
ADGRA3,Brain Meta Analysis,SCZ,Wald ratio,1,-0.028,0.015,0.973,0.061,NA,NA,NA,0.024423692
CDH7,Brain Meta Analysis,SCZ,Wald ratio,1,0.068,0.037,1.071,0.0611,NA,NA,NA,0.025785587
MINAR2,Brain Meta Analysis,SCZ,Wald ratio,1,-0.062,0.033,0.94,0.0616,NA,NA,NA,0.034739979
PHYKPL,Brain Meta Analysis,SCZ,Wald ratio,1,0.047,0.025,1.048,0.062,NA,NA,NA,0.032228472
SRD5A2,Brain Meta Analysis,SCZ,Wald ratio,1,-0.073,0.039,0.93,0.062,NA,NA,NA,0.100409021
ABCB4,Brain Meta Analysis,SCZ,Wald ratio,1,0.038,0.021,1.039,0.0622,NA,NA,NA,0.030427751
SULT2B1,Brain Meta Analysis,SCZ,Inverse variance weighted,2,-0.029,0.015,0.972,0.0623,NA,0.469336796,NA,0.011841082
NUP62,Brain Meta Analysis,SCZ,Wald ratio,1,0.016,0.009,1.016,0.0625,NA,NA,NA,0.027930734
LCA5L,Brain Meta Analysis,SCZ,Wald ratio,1,-0.027,0.014,0.973,0.0628,NA,NA,NA,0.029410639
SPOPL,Brain Meta Analysis,SCZ,Wald ratio,1,-0.013,0.007,0.987,0.0642,NA,NA,NA,0.030405718
SLC35A3,Brain Meta Analysis,SCZ,Wald ratio,1,-0.028,0.015,0.973,0.0646,NA,NA,NA,0.049090811
ACOT11,Brain Meta Analysis,SCZ,Inverse variance weighted,2,0.025,0.014,1.025,0.0648,NA,0.686152757,NA,0.010846349
CPSF6,Brain Meta Analysis,SCZ,Wald ratio,1,-0.028,0.015,0.973,0.065,NA,NA,NA,0.025795706
KCNIP4,Brain Meta Analysis,SCZ,Simple mode,4,0.054,0.019,1.056,0.0651,0.088176466,0.001176159,0.166349457,0.354334397
PRDM10,Brain Meta Analysis,SCZ,Wald ratio,1,-0.047,0.025,0.954,0.0652,NA,NA,NA,0.00619674
DNAH11,Brain Meta Analysis,SCZ,Inverse variance weighted,2,-0.014,0.008,0.986,0.0654,NA,0.789822932,NA,0.023123711
DSCAML1,Brain Meta Analysis,SCZ,Inverse variance weighted,4,0.01,0.005,1.01,0.0655,0.317982661,0.382707787,0.499253051,0.011904432
RAB21,Brain Meta Analysis,SCZ,Wald ratio,1,-0.014,0.007,0.987,0.0655,NA,NA,NA,0.031443029
ZFHX4,Brain Meta Analysis,SCZ,Wald ratio,1,-0.043,0.023,0.958,0.0655,NA,NA,NA,0.016378714
TTLL9,Brain Meta Analysis,SCZ,Wald ratio,1,-0.044,0.024,0.957,0.0656,NA,NA,NA,0.025966533
ADHFE1,Brain Meta Analysis,SCZ,Wald ratio,1,0.03,0.016,1.031,0.0658,NA,NA,NA,0.041553209
SDCCAG8,Brain Meta Analysis,SCZ,Wald ratio,1,-0.034,0.018,0.967,0.0659,NA,NA,NA,0.007201457
USP49,Brain Meta Analysis,SCZ,Wald ratio,1,0.042,0.023,1.043,0.0659,NA,NA,NA,0.022913101
HSF2BP,Brain Meta Analysis,SCZ,Wald ratio,1,0.032,0.017,1.032,0.0659,NA,NA,NA,0.024491927
TEKT5,Brain Meta Analysis,SCZ,Wald ratio,1,-0.038,0.021,0.963,0.0661,NA,NA,NA,0.039492735
AOAH,Brain Meta Analysis,SCZ,Wald ratio,1,-0.039,0.021,0.962,0.0665,NA,NA,NA,0.023811252
SLC9A2,Brain Meta Analysis,SCZ,Wald ratio,1,-0.023,0.013,0.977,0.0667,NA,NA,NA,0.02350158
KATNAL2,Brain Meta Analysis,SCZ,Wald ratio,1,0.041,0.023,1.042,0.0679,NA,NA,NA,0.055514716
GMEB2,Brain Meta Analysis,SCZ,Wald ratio,1,-0.046,0.025,0.955,0.068,NA,NA,NA,0.024541563
GABRG3,Brain Meta Analysis,SCZ,Wald ratio,1,0.027,0.015,1.028,0.0681,NA,NA,NA,0.023362014
SERPINA5,Brain Meta Analysis,SCZ,Wald ratio,1,-0.051,0.028,0.95,0.0681,NA,NA,NA,0.023360447
ATP6V1A,Brain Meta Analysis,SCZ,Wald ratio,1,-0.032,0.018,0.968,0.0682,NA,NA,NA,0.023341671
TMEM63C,Brain Meta Analysis,SCZ,Wald ratio,1,-0.034,0.019,0.966,0.0683,NA,NA,NA,0.024550497
GNB3,Brain Meta Analysis,SCZ,Wald ratio,1,0.046,0.026,1.048,0.069,NA,NA,NA,0.02210454
ARID1B,Brain Meta Analysis,SCZ,Wald ratio,1,0.043,0.024,1.044,0.0693,NA,NA,NA,0.022006709
FAM47E,Brain Meta Analysis,SCZ,Wald ratio,1,0.047,0.026,1.048,0.0693,NA,NA,NA,0.022060429
IRF2,Brain Meta Analysis,SCZ,Weighted median,3,-0.025,0.014,0.975,0.0697,0.400396665,0.020132073,0.228508947,0.032223976
DCBLD1,Brain Meta Analysis,SCZ,Wald ratio,1,0.046,0.025,1.047,0.0698,NA,NA,NA,0.023898278
STRADA,Brain Meta Analysis,SCZ,Wald ratio,1,0.033,0.018,1.034,0.0701,NA,NA,NA,0.02258759
ACVRL1,Brain Meta Analysis,SCZ,Wald ratio,1,-0.042,0.023,0.959,0.0704,NA,NA,NA,0.02492966
AGBL4,Brain Meta Analysis,SCZ,Wald ratio,1,0.014,0.008,1.014,0.0705,NA,NA,NA,0.023461298
SMARCA2,Brain Meta Analysis,SCZ,Wald ratio,1,0.035,0.019,1.036,0.0705,NA,NA,NA,0.033416036
MUC13,Brain Meta Analysis,SCZ,Wald ratio,1,0.013,0.007,1.013,0.0706,NA,NA,NA,0.024621221
NOS1AP,Brain Meta Analysis,SCZ,Wald ratio,1,-0.014,0.008,0.986,0.0707,NA,NA,NA,0.021937278
AFF1,Brain Meta Analysis,SCZ,Wald ratio,1,-0.013,0.007,0.987,0.0709,NA,NA,NA,0.021905613
SYN3,Brain Meta Analysis,SCZ,Inverse variance weighted,3,0.012,0.007,1.012,0.0714,0.382274148,0.667887086,0.86852041,0.000170111
IL5RA,Brain Meta Analysis,SCZ,Inverse variance weighted,2,0.022,0.012,1.022,0.0716,NA,0.886281377,NA,0.015375072
STUM,Brain Meta Analysis,SCZ,Wald ratio,1,-0.028,0.016,0.972,0.0718,NA,NA,NA,0.031543735
TCF7L2,Brain Meta Analysis,SCZ,Wald ratio,1,0.034,0.019,1.034,0.0721,NA,NA,NA,0.031207104
SALL1,Brain Meta Analysis,SCZ,Wald ratio,1,-0.032,0.018,0.968,0.0722,NA,NA,NA,0.021821092
GAS7,Brain Meta Analysis,SCZ,MR Egger,5,-0.1,0.037,0.905,0.0724,0.357397325,0.017636046,0.06524879,0.006584223
VPS41,Brain Meta Analysis,SCZ,Wald ratio,1,0.043,0.024,1.044,0.0725,NA,NA,NA,0.021255609
POU6F2,Brain Meta Analysis,SCZ,Weighted median,4,0.012,0.007,1.012,0.0725,0.034780993,0.073283998,0.814441412,0.010487625
MLC1,Brain Meta Analysis,SCZ,Inverse variance weighted,2,0.016,0.009,1.016,0.0726,NA,0.314606319,NA,0.021544246
DLGAP2,Brain Meta Analysis,SCZ,Weighted median,10,-0.014,0.008,0.986,0.0733,0.0181433,0.030282387,0.951585237,0.005376058
PCDH15,Brain Meta Analysis,SCZ,Inverse variance weighted,2,-0.021,0.012,0.98,0.0734,NA,0.510407995,NA,0.016197975
ATP5IF1,Brain Meta Analysis,SCZ,Wald ratio,1,0.048,0.027,1.05,0.0739,NA,NA,NA,0.022575174
PPP1R14C,Brain Meta Analysis,SCZ,Wald ratio,1,0.043,0.024,1.044,0.0741,NA,NA,NA,0.021077475
MDFI,Brain Meta Analysis,SCZ,Wald ratio,1,-0.013,0.007,0.987,0.0741,NA,NA,NA,0.021372616
LRRK1,Brain Meta Analysis,SCZ,Inverse variance weighted,2,0.029,0.016,1.03,0.0741,NA,0.799521588,NA,0.006359003
BUB3,Brain Meta Analysis,SCZ,Wald ratio,1,0.043,0.024,1.044,0.0744,NA,NA,NA,0.024697576
NEB,Brain Meta Analysis,SCZ,Wald ratio,1,-0.039,0.022,0.961,0.0746,NA,NA,NA,0.038871718
C1orf105,Brain Meta Analysis,SCZ,Wald ratio,1,-0.027,0.015,0.973,0.0748,NA,NA,NA,0.020743537
EPB41L4B,Brain Meta Analysis,SCZ,Inverse variance weighted,2,0.013,0.007,1.013,0.0756,NA,0.637888407,NA,0.010921611
RCAN1,Brain Meta Analysis,SCZ,Wald ratio,1,0.021,0.012,1.021,0.0759,NA,NA,NA,0.023029553
GAB2,Brain Meta Analysis,SCZ,Wald ratio,1,-0.012,0.007,0.988,0.0761,NA,NA,NA,0.026806673
GATA4,Brain Meta Analysis,SCZ,Wald ratio,1,-0.044,0.025,0.957,0.0765,NA,NA,NA,0.020216354
WDR33,Brain Meta Analysis,SCZ,Wald ratio,1,0.091,0.052,1.096,0.0767,NA,NA,NA,0.0566032
TBC1D1,Brain Meta Analysis,SCZ,Inverse variance weighted,2,-0.032,0.018,0.969,0.0767,NA,0.900426587,NA,0.009226222
TMEM132B,Brain Meta Analysis,SCZ,Inverse variance weighted,2,-0.013,0.007,0.987,0.0768,NA,0.967642657,NA,0.006758499
ZC3H7A,Brain Meta Analysis,SCZ,Wald ratio,1,0.037,0.021,1.037,0.077,NA,NA,NA,0.034415395
USP53,Brain Meta Analysis,SCZ,Wald ratio,1,-0.014,0.008,0.986,0.0771,NA,NA,NA,0.020035853
KIF25,Brain Meta Analysis,SCZ,Wald ratio,1,-0.014,0.008,0.986,0.0774,NA,NA,NA,0.028423388
TLN2,Brain Meta Analysis,SCZ,Weighted mode,5,-0.023,0.01,0.977,0.0778,4.48E-05,6.29E-06,0.417454519,0.019490359
ZIC4,Brain Meta Analysis,SCZ,Wald ratio,1,-0.046,0.026,0.955,0.0778,NA,NA,NA,0.020557733
ATXN10,Brain Meta Analysis,SCZ,Wald ratio,1,-0.041,0.023,0.959,0.0779,NA,NA,NA,0.025687221
C17orf99,Brain Meta Analysis,SCZ,Wald ratio,1,0.033,0.019,1.033,0.0781,NA,NA,NA,0.033193131
DYNC2H1,Brain Meta Analysis,SCZ,Wald ratio,1,-0.032,0.018,0.968,0.0782,NA,NA,NA,0.020251612
MSRA,Brain Meta Analysis,SCZ,Wald ratio,1,-0.045,0.026,0.956,0.0787,NA,NA,NA,0.019277465
GABBR2,Brain Meta Analysis,SCZ,Inverse variance weighted,2,-0.028,0.016,0.972,0.0787,NA,0.743537627,NA,0.009746817
IPO13,Brain Meta Analysis,SCZ,Wald ratio,1,-0.047,0.027,0.954,0.0787,NA,NA,NA,0.006874587
FGF14,Brain Meta Analysis,SCZ,Wald ratio,1,0.015,0.009,1.015,0.0791,NA,NA,NA,0.020513411
ADARB2,Brain Meta Analysis,SCZ,Weighted median,6,0.021,0.012,1.021,0.0794,0.104480816,0.175377238,0.98244253,0.014126654
CACNG2,Brain Meta Analysis,SCZ,Wald ratio,1,0.056,0.032,1.057,0.0798,NA,NA,NA,0.022780149
DPP10,Brain Meta Analysis,SCZ,MR Egger,4,0.056,0.017,1.057,0.0798,0.325311081,0.001511126,0.075837919,0.015507062
ASF1A,Brain Meta Analysis,SCZ,Wald ratio,1,0.028,0.016,1.029,0.0801,NA,NA,NA,0.019866218
ADAMTS19,Brain Meta Analysis,SCZ,Wald ratio,1,0.012,0.007,1.013,0.0805,NA,NA,NA,0.027349474
FLCN,Brain Meta Analysis,SCZ,Wald ratio,1,0.014,0.008,1.014,0.0805,NA,NA,NA,0.019566482
BMPR1B,Brain Meta Analysis,SCZ,Wald ratio,1,-0.037,0.021,0.964,0.0809,NA,NA,NA,0.02447391
SMPD3,Brain Meta Analysis,SCZ,Wald ratio,1,0.037,0.021,1.038,0.0809,NA,NA,NA,0.023590744
KCNK2,Brain Meta Analysis,SCZ,Wald ratio,1,0.02,0.012,1.021,0.0813,NA,NA,NA,0.023292518
ARHGEF17,Brain Meta Analysis,SCZ,Wald ratio,1,0.042,0.024,1.043,0.0814,NA,NA,NA,0.029831745
RLN3,Brain Meta Analysis,SCZ,Wald ratio,1,-0.058,0.033,0.944,0.0817,NA,NA,NA,0.042897693
VTI1A,Brain Meta Analysis,SCZ,Wald ratio,1,-0.073,0.042,0.929,0.0818,NA,NA,NA,0.047868604
RIMS2,Brain Meta Analysis,SCZ,Wald ratio,1,-0.032,0.019,0.968,0.0822,NA,NA,NA,0.027519852
CACNA1C,Brain Meta Analysis,SCZ,Weighted median,5,-0.015,0.009,0.985,0.0823,2.18E-06,8.33E-08,0.393374202,0.00523788
PARD3,Brain Meta Analysis,SCZ,Wald ratio,1,-0.014,0.008,0.986,0.0824,NA,NA,NA,0.021783732
MUC5B,Brain Meta Analysis,SCZ,Wald ratio,1,0.043,0.025,1.044,0.0826,NA,NA,NA,0.018793074
ZDHHC2,Brain Meta Analysis,SCZ,Wald ratio,1,-0.03,0.017,0.971,0.0827,NA,NA,NA,0.033366802
PLEKHG3,Brain Meta Analysis,SCZ,Wald ratio,1,-0.051,0.029,0.95,0.0827,NA,NA,NA,0.026358186
NOP14,Brain Meta Analysis,SCZ,Wald ratio,1,0.014,0.008,1.014,0.0827,NA,NA,NA,0.019151102
ELSPBP1,Brain Meta Analysis,SCZ,Wald ratio,1,0.03,0.017,1.031,0.0829,NA,NA,NA,0.02061794
CFAP53,Brain Meta Analysis,SCZ,Wald ratio,1,0.031,0.018,1.031,0.083,NA,NA,NA,0.020596865
ACACA,Brain Meta Analysis,SCZ,Wald ratio,1,0.015,0.008,1.015,0.0833,NA,NA,NA,0.023486929
EXOC6,Brain Meta Analysis,SCZ,Wald ratio,1,-0.026,0.015,0.974,0.0834,NA,NA,NA,0.02885483
GRIN2B,Brain Meta Analysis,SCZ,Inverse variance weighted,2,0.013,0.007,1.013,0.0836,NA,0.606422474,NA,0.008531193
ERC2,Brain Meta Analysis,SCZ,Weighted median,3,-0.01,0.006,0.99,0.0842,0.193972116,0.104101025,0.418172518,0.012096708
ANKLE2,Brain Meta Analysis,SCZ,Inverse variance weighted,2,-0.025,0.014,0.976,0.0842,NA,0.271702359,NA,0.005732107
KATNIP,Brain Meta Analysis,SCZ,Wald ratio,1,0.038,0.022,1.038,0.0844,NA,NA,NA,0.026539175
SMC6,Brain Meta Analysis,SCZ,Wald ratio,1,-0.043,0.025,0.958,0.0845,NA,NA,NA,0.024256299
ADAM19,Brain Meta Analysis,SCZ,Wald ratio,1,0.024,0.014,1.024,0.0846,NA,NA,NA,0.018805588
BRINP2,Brain Meta Analysis,SCZ,Wald ratio,1,-0.014,0.008,0.986,0.085,NA,NA,NA,0.021672052
PHYHIP,Brain Meta Analysis,SCZ,Wald ratio,1,0.033,0.019,1.033,0.0851,NA,NA,NA,0.020807191
FMO2,Brain Meta Analysis,SCZ,Inverse variance weighted,2,-0.035,0.02,0.966,0.0852,NA,0.802132449,NA,0.023536557
DYRK1A,Brain Meta Analysis,SCZ,Wald ratio,1,-0.06,0.035,0.941,0.0853,NA,NA,NA,0.018142461
PINX1,Brain Meta Analysis,SCZ,Wald ratio,1,0.035,0.021,1.036,0.0855,NA,NA,NA,0.022801332
PPP4R4,Brain Meta Analysis,SCZ,Wald ratio,1,-0.031,0.018,0.97,0.0855,NA,NA,NA,0.019064868
PRSS12,Brain Meta Analysis,SCZ,Wald ratio,1,0.032,0.018,1.032,0.0858,NA,NA,NA,0.023365439
KCNJ5,Brain Meta Analysis,SCZ,Wald ratio,1,0.025,0.015,1.026,0.0858,NA,NA,NA,0.021920188
REEP5,Brain Meta Analysis,SCZ,Wald ratio,1,0.015,0.008,1.015,0.0858,NA,NA,NA,0.019640522
DUXA,Brain Meta Analysis,SCZ,Wald ratio,1,-0.026,0.015,0.974,0.0858,NA,NA,NA,0.019639743
DCC,Brain Meta Analysis,SCZ,Wald ratio,1,-0.048,0.028,0.953,0.086,NA,NA,NA,0.031768457
GPI,Brain Meta Analysis,SCZ,Wald ratio,1,-0.038,0.022,0.963,0.086,NA,NA,NA,0.023832542
KIF13A,Brain Meta Analysis,SCZ,Wald ratio,1,-0.059,0.034,0.943,0.0861,NA,NA,NA,0.023889678
NKX1-2,Brain Meta Analysis,SCZ,Wald ratio,1,-0.04,0.023,0.961,0.0863,NA,NA,NA,0.025732331
FOXP4,Brain Meta Analysis,SCZ,Wald ratio,1,0.012,0.007,1.013,0.0865,NA,NA,NA,0.020759124
C5orf46,Brain Meta Analysis,SCZ,Wald ratio,1,0.026,0.015,1.027,0.0865,NA,NA,NA,0.033385807
CLASP1,Brain Meta Analysis,SCZ,Wald ratio,1,0.041,0.024,1.042,0.0866,NA,NA,NA,0.033936684
TTC23L,Brain Meta Analysis,SCZ,Wald ratio,1,-0.056,0.033,0.945,0.0869,NA,NA,NA,0.024747875
TAF1B,Brain Meta Analysis,SCZ,Wald ratio,1,-0.052,0.031,0.949,0.0874,NA,NA,NA,0.034130916
DLK1,Brain Meta Analysis,SCZ,Wald ratio,1,0.041,0.024,1.042,0.0877,NA,NA,NA,0.03496324
POLR1A,Brain Meta Analysis,SCZ,Wald ratio,1,0.041,0.024,1.042,0.088,NA,NA,NA,0.023053973
MDH1B,Brain Meta Analysis,SCZ,Wald ratio,1,-0.061,0.035,0.941,0.0881,NA,NA,NA,0.021244964
ISOC2,Brain Meta Analysis,SCZ,Wald ratio,1,0.046,0.027,1.047,0.0881,NA,NA,NA,0.040286373
VAC14,Brain Meta Analysis,SCZ,Wald ratio,1,-0.013,0.007,0.987,0.0885,NA,NA,NA,0.018961765
SPC25,Brain Meta Analysis,SCZ,Wald ratio,1,0.031,0.018,1.032,0.0888,NA,NA,NA,0.019524613
CADPS,Brain Meta Analysis,SCZ,Weighted median,3,-0.03,0.018,0.971,0.0889,0.095443824,0.033652244,0.442285171,0.195243876
ZNF684,Brain Meta Analysis,SCZ,Wald ratio,1,0.04,0.024,1.041,0.0891,NA,NA,NA,0.021956231
PLPPR5,Brain Meta Analysis,SCZ,Wald ratio,1,-0.044,0.026,0.957,0.0892,NA,NA,NA,0.032418711
NT5M,Brain Meta Analysis,SCZ,Wald ratio,1,-0.035,0.021,0.966,0.0892,NA,NA,NA,0.018646233
KLHDC4,Brain Meta Analysis,SCZ,Wald ratio,1,0.038,0.023,1.039,0.0899,NA,NA,NA,0.02092702
SPIDR,Brain Meta Analysis,SCZ,Wald ratio,1,-0.012,0.007,0.988,0.0904,NA,NA,NA,0.018050503
FGF1,Brain Meta Analysis,SCZ,Wald ratio,1,-0.044,0.026,0.957,0.0905,NA,NA,NA,0.021213313
RICTOR,Brain Meta Analysis,SCZ,Wald ratio,1,-0.07,0.041,0.932,0.0907,NA,NA,NA,0.059107411
TMEM245,Brain Meta Analysis,SCZ,Wald ratio,1,0.049,0.029,1.05,0.0907,NA,NA,NA,0.021774534
TEKT1,Brain Meta Analysis,SCZ,Wald ratio,1,-0.014,0.008,0.986,0.0911,NA,NA,NA,0.017736383
NOTCH3,Brain Meta Analysis,SCZ,Wald ratio,1,-0.058,0.035,0.943,0.0916,NA,NA,NA,0.025676056
PSME4,Brain Meta Analysis,SCZ,Wald ratio,1,0.036,0.021,1.036,0.0917,NA,NA,NA,0.017453884
SLC22A15,Brain Meta Analysis,SCZ,Wald ratio,1,0.031,0.018,1.031,0.0919,NA,NA,NA,0.018021571
TFEB,Brain Meta Analysis,SCZ,Wald ratio,1,-0.035,0.021,0.965,0.092,NA,NA,NA,0.025379152
AP3M1,Brain Meta Analysis,SCZ,Wald ratio,1,-0.043,0.026,0.958,0.0925,NA,NA,NA,0.018655776
LAMA2,Brain Meta Analysis,SCZ,Weighted mode,3,-0.037,0.012,0.964,0.0926,0.021799931,0.002705912,0.464899823,0.00936279
NAALADL2,Brain Meta Analysis,SCZ,Wald ratio,1,-0.015,0.009,0.985,0.0926,NA,NA,NA,0.021423433
KTN1,Brain Meta Analysis,SCZ,Wald ratio,1,-0.039,0.023,0.962,0.093,NA,NA,NA,0.029064475
OR2C3,Brain Meta Analysis,SCZ,Wald ratio,1,-0.061,0.036,0.941,0.0932,NA,NA,NA,0.022254444
FBXO2,Brain Meta Analysis,SCZ,Inverse variance weighted,2,-0.009,0.005,0.991,0.0935,NA,0.604033327,NA,0.014920659
PLD5,Brain Meta Analysis,SCZ,Inverse variance weighted,2,0.017,0.01,1.017,0.0935,NA,0.202791001,NA,0.0280102
ADGRL4,Brain Meta Analysis,SCZ,Wald ratio,1,-0.053,0.032,0.949,0.0936,NA,NA,NA,0.019688574
ENTREP2,Brain Meta Analysis,SCZ,Inverse variance weighted,5,0.017,0.01,1.017,0.0937,0.692120696,0.452916944,0.233846829,0.011059587
GRIP1,Brain Meta Analysis,SCZ,Inverse variance weighted,2,0.023,0.014,1.024,0.0939,NA,0.438219451,NA,0.008829396
NPY5R,Brain Meta Analysis,SCZ,Wald ratio,1,0.054,0.032,1.055,0.0941,NA,NA,NA,0.018257747
KLHL33,Brain Meta Analysis,SCZ,Wald ratio,1,-0.041,0.024,0.96,0.0946,NA,NA,NA,0.021327686
ST14,Brain Meta Analysis,SCZ,Inverse variance weighted,2,-0.038,0.023,0.963,0.0955,NA,0.807184823,NA,0.016696889
AQP11,Brain Meta Analysis,SCZ,Wald ratio,1,0.013,0.008,1.013,0.0955,NA,NA,NA,0.019958948
SLIT3,Brain Meta Analysis,SCZ,Inverse variance weighted,6,0.009,0.006,1.009,0.0959,0.385915947,0.297138768,0.243032866,0.020718539
SMIM31,Brain Meta Analysis,SCZ,Wald ratio,1,-0.076,0.046,0.927,0.0962,NA,NA,NA,0.033480374
EIF3H,Brain Meta Analysis,SCZ,Wald ratio,1,-0.014,0.008,0.987,0.0965,NA,NA,NA,0.025566623
BMP8A,Brain Meta Analysis,SCZ,Wald ratio,1,-0.012,0.007,0.988,0.0968,NA,NA,NA,0.031333106
LSMEM1,Brain Meta Analysis,SCZ,Wald ratio,1,-0.039,0.023,0.962,0.097,NA,NA,NA,0.01702991
GABRB2,Brain Meta Analysis,SCZ,Wald ratio,1,-0.032,0.019,0.968,0.097,NA,NA,NA,0.018205843
MARCHF4,Brain Meta Analysis,SCZ,Inverse variance weighted,2,-0.012,0.007,0.988,0.0971,NA,0.846594732,NA,0.015879756
HS6ST3,Brain Meta Analysis,SCZ,Wald ratio,1,0.012,0.007,1.012,0.0974,NA,NA,NA,0.021334867
SLX9,Brain Meta Analysis,SCZ,Wald ratio,1,0.022,0.013,1.023,0.0978,NA,NA,NA,0.022752784
MYZAP,Brain Meta Analysis,SCZ,Wald ratio,1,0.042,0.026,1.043,0.0983,NA,NA,NA,0.017806849
CSGALNACT1,Brain Meta Analysis,SCZ,Inverse variance weighted,4,-0.011,0.007,0.989,0.0984,0.548545259,0.454827721,0.356401166,0.004574978
PRCC,Brain Meta Analysis,SCZ,Wald ratio,1,-0.022,0.013,0.979,0.0986,NA,NA,NA,0.033704377
FLT3,Brain Meta Analysis,SCZ,Wald ratio,1,-0.033,0.02,0.967,0.0988,NA,NA,NA,0.019626831
XRCC3,Brain Meta Analysis,SCZ,Wald ratio,1,-0.072,0.043,0.931,0.0988,NA,NA,NA,0.04481559
COP1,Brain Meta Analysis,SCZ,Wald ratio,1,-0.039,0.024,0.962,0.0989,NA,NA,NA,0.030459533
SIRPA,Brain Meta Analysis,SCZ,Wald ratio,1,0.035,0.021,1.035,0.0994,NA,NA,NA,0.036254898
YTHDC2,Brain Meta Analysis,SCZ,Wald ratio,1,-0.026,0.016,0.975,0.0998,NA,NA,NA,0.023831458
NTAN1,Brain Meta Analysis,SCZ,Wald ratio,1,0.063,0.039,1.065,0.1,NA,NA,NA,0.022562567
PRTG,Brain Meta Analysis,SCZ,Wald ratio,1,-0.024,0.015,0.977,0.101,NA,NA,NA,0.016167008
ENPP2,Brain Meta Analysis,SCZ,Wald ratio,1,-0.035,0.021,0.966,0.101,NA,NA,NA,0.0246396
TRPM4,Brain Meta Analysis,SCZ,Wald ratio,1,0.033,0.02,1.033,0.101,NA,NA,NA,0.017591232
RXRA,Brain Meta Analysis,SCZ,Inverse variance weighted,2,0.028,0.017,1.028,0.101,NA,0.394858796,NA,0.008047075
TSHR,Brain Meta Analysis,SCZ,Inverse variance weighted,4,-0.011,0.007,0.989,0.101,0.716524195,0.711518906,0.488725895,0.023596946
C4BPB,Brain Meta Analysis,SCZ,Wald ratio,1,-0.03,0.018,0.97,0.101,NA,NA,NA,0.040830451
RMDN2,Brain Meta Analysis,SCZ,Wald ratio,1,-0.037,0.023,0.964,0.102,NA,NA,NA,0.019020687
EPHB1,Brain Meta Analysis,SCZ,Inverse variance weighted,3,-0.022,0.013,0.978,0.102,0.26619311,0.533104074,0.915920135,0.012078172
DCAKD,Brain Meta Analysis,SCZ,Wald ratio,1,-0.031,0.019,0.969,0.102,NA,NA,NA,0.01643732
KCNMA1,Brain Meta Analysis,SCZ,Weighted median,6,0.012,0.007,1.012,0.102,0.131138211,0.210921387,0.885353622,0.006060866
TRERF1,Brain Meta Analysis,SCZ,Inverse variance weighted,3,0.013,0.008,1.013,0.102,0.956405875,0.659557335,0.529730011,0.015391086
ADCY3,Brain Meta Analysis,SCZ,Wald ratio,1,-0.038,0.023,0.962,0.102,NA,NA,NA,0.016615758
ITPK1,Brain Meta Analysis,SCZ,Wald ratio,1,-0.013,0.008,0.987,0.102,NA,NA,NA,0.032037347
MYO7A,Brain Meta Analysis,SCZ,Wald ratio,1,0.039,0.024,1.04,0.103,NA,NA,NA,0.016044236
PLEKHH1,Brain Meta Analysis,SCZ,Wald ratio,1,-0.014,0.008,0.987,0.103,NA,NA,NA,0.019014484
SCN10A,Brain Meta Analysis,SCZ,Wald ratio,1,-0.031,0.019,0.969,0.103,NA,NA,NA,0.02887215
ANTXR1,Brain Meta Analysis,SCZ,Inverse variance weighted,3,0.01,0.006,1.01,0.103,0.967432336,0.738729734,0.579411556,0.008795144
SIGLEC15,Brain Meta Analysis,SCZ,Wald ratio,1,0.029,0.018,1.03,0.103,NA,NA,NA,0.024623873
HOXD9,Brain Meta Analysis,SCZ,Wald ratio,1,0.116,0.072,1.123,0.104,NA,NA,NA,0.056109669
ZNF862,Brain Meta Analysis,SCZ,Inverse variance weighted,2,-0.031,0.019,0.969,0.105,NA,0.133328549,NA,0.007998726
POU2F3,Brain Meta Analysis,SCZ,Wald ratio,1,-0.013,0.008,0.987,0.105,NA,NA,NA,0.029856816
TLE1,Brain Meta Analysis,SCZ,Inverse variance weighted,2,0.026,0.016,1.026,0.105,NA,0.313506268,NA,0.00695611
TSPAN5,Brain Meta Analysis,SCZ,Wald ratio,1,0.035,0.021,1.035,0.105,NA,NA,NA,0.017295797
PPP6C,Brain Meta Analysis,SCZ,Wald ratio,1,0.013,0.008,1.013,0.105,NA,NA,NA,0.015864736
HERC4,Brain Meta Analysis,SCZ,Wald ratio,1,-0.04,0.025,0.961,0.105,NA,NA,NA,0.019594623
AP4S1,Brain Meta Analysis,SCZ,Wald ratio,1,-0.013,0.008,0.987,0.105,NA,NA,NA,0.015861253
MYH3,Brain Meta Analysis,SCZ,Wald ratio,1,-0.014,0.008,0.987,0.106,NA,NA,NA,0.027123522
CYP4V2,Brain Meta Analysis,SCZ,Wald ratio,1,-0.024,0.015,0.976,0.106,NA,NA,NA,0.024621189
LBH,Brain Meta Analysis,SCZ,Wald ratio,1,0.024,0.015,1.024,0.106,NA,NA,NA,0.01556526
ZFYVE28,Brain Meta Analysis,SCZ,Inverse variance weighted,2,-0.028,0.017,0.972,0.106,NA,0.199654022,NA,0.010642059
SLFN12,Brain Meta Analysis,SCZ,Wald ratio,1,-0.026,0.016,0.974,0.107,NA,NA,NA,0.027382059
GCM1,Brain Meta Analysis,SCZ,Wald ratio,1,-0.014,0.009,0.986,0.107,NA,NA,NA,0.017017199
GLT1D1,Brain Meta Analysis,SCZ,Inverse variance weighted,2,-0.019,0.012,0.981,0.107,NA,0.556608713,NA,0.00937812
IL17RB,Brain Meta Analysis,SCZ,Wald ratio,1,0.024,0.015,1.024,0.108,NA,NA,NA,0.016438599
PHACTR4,Brain Meta Analysis,SCZ,Wald ratio,1,-0.096,0.06,0.908,0.108,NA,NA,NA,0.053112329
FARSB,Brain Meta Analysis,SCZ,Wald ratio,1,0.023,0.014,1.023,0.108,NA,NA,NA,0.016435858
SLCO3A1,Brain Meta Analysis,SCZ,Inverse variance weighted,3,-0.013,0.008,0.987,0.108,0.172511247,0.380604651,0.877195031,0.005980573
RHBDL2,Brain Meta Analysis,SCZ,Wald ratio,1,0.013,0.008,1.013,0.108,NA,NA,NA,0.015306032
RORA,Brain Meta Analysis,SCZ,Weighted median,5,0.016,0.01,1.016,0.109,0.01831113,0.031594604,0.710135799,0.01202499
B4GALNT1,Brain Meta Analysis,SCZ,Wald ratio,1,0.033,0.021,1.034,0.109,NA,NA,NA,0.018142386
ALKAL2,Brain Meta Analysis,SCZ,Wald ratio,1,-0.041,0.026,0.96,0.109,NA,NA,NA,0.017410652
THRB,Brain Meta Analysis,SCZ,Wald ratio,1,0.044,0.027,1.045,0.11,NA,NA,NA,0.021004338
DNAJC10,Brain Meta Analysis,SCZ,Wald ratio,1,-0.029,0.018,0.971,0.11,NA,NA,NA,0.015879756
FBLN2,Brain Meta Analysis,SCZ,Inverse variance weighted,3,-0.02,0.013,0.98,0.11,0.592472559,0.585049226,0.538308592,0.018687911
TIMM44,Brain Meta Analysis,SCZ,Wald ratio,1,0.013,0.008,1.013,0.11,NA,NA,NA,0.030373232
ACTL6B,Brain Meta Analysis,SCZ,Wald ratio,1,-0.033,0.021,0.967,0.11,NA,NA,NA,0.018737297
TNFRSF1A,Brain Meta Analysis,SCZ,Wald ratio,1,0.034,0.021,1.035,0.11,NA,NA,NA,0.016152476
ELAPOR1,Brain Meta Analysis,SCZ,Wald ratio,1,-0.037,0.023,0.963,0.11,NA,NA,NA,0.024916375
NXPH2,Brain Meta Analysis,SCZ,Wald ratio,1,0.035,0.022,1.035,0.11,NA,NA,NA,0.015282368
LDLRAD4,Brain Meta Analysis,SCZ,Inverse variance weighted,2,0.025,0.016,1.026,0.11,NA,0.658037524,NA,0.013655286
CCNY,Brain Meta Analysis,SCZ,Wald ratio,1,-0.011,0.007,0.989,0.11,NA,NA,NA,0.016454446
SPRING1,Brain Meta Analysis,SCZ,Wald ratio,1,0.015,0.009,1.015,0.111,NA,NA,NA,0.016440778
UNC5D,Brain Meta Analysis,SCZ,Wald ratio,1,0.054,0.034,1.055,0.111,NA,NA,NA,0.025447057
PPFIA4,Brain Meta Analysis,SCZ,Wald ratio,1,0.031,0.019,1.032,0.111,NA,NA,NA,0.015889797
CDKN2AIP,Brain Meta Analysis,SCZ,Wald ratio,1,0.058,0.036,1.06,0.111,NA,NA,NA,0.041140157
RNASE4,Brain Meta Analysis,SCZ,Wald ratio,1,0.037,0.023,1.038,0.111,NA,NA,NA,0.016897329
VASH1,Brain Meta Analysis,SCZ,Wald ratio,1,-0.014,0.009,0.987,0.112,NA,NA,NA,0.015299514
OSTF1,Brain Meta Analysis,SCZ,Wald ratio,1,0.034,0.021,1.034,0.113,NA,NA,NA,0.02270144
SEL1L,Brain Meta Analysis,SCZ,Wald ratio,1,-0.021,0.013,0.979,0.113,NA,NA,NA,0.016179379
EFL1,Brain Meta Analysis,SCZ,Wald ratio,1,-0.043,0.027,0.958,0.113,NA,NA,NA,0.002646721
CD274,Brain Meta Analysis,SCZ,Wald ratio,1,-0.032,0.02,0.968,0.113,NA,NA,NA,0.017329715
DCDC1,Brain Meta Analysis,SCZ,Wald ratio,1,-0.012,0.008,0.988,0.113,NA,NA,NA,0.015313983
UROC1,Brain Meta Analysis,SCZ,Wald ratio,1,-0.037,0.023,0.964,0.113,NA,NA,NA,0.027148827
MYH15,Brain Meta Analysis,SCZ,Wald ratio,1,-0.012,0.008,0.988,0.113,NA,NA,NA,0.01647874
MMP7,Brain Meta Analysis,SCZ,Wald ratio,1,-0.012,0.008,0.988,0.114,NA,NA,NA,0.030436192
ALOX5AP,Brain Meta Analysis,SCZ,Wald ratio,1,0.029,0.019,1.03,0.115,NA,NA,NA,0.015326338
AIFM3,Brain Meta Analysis,SCZ,Wald ratio,1,0.039,0.024,1.039,0.115,NA,NA,NA,0.015292425
RPLP1,Brain Meta Analysis,SCZ,Wald ratio,1,0.03,0.019,1.03,0.115,NA,NA,NA,0.00234381
ARG2,Brain Meta Analysis,SCZ,Wald ratio,1,-0.013,0.008,0.987,0.115,NA,NA,NA,0.016774961
RBM20,Brain Meta Analysis,SCZ,Wald ratio,1,0.042,0.026,1.042,0.115,NA,NA,NA,0.007992477
TGFBRAP1,Brain Meta Analysis,SCZ,Wald ratio,1,0.012,0.008,1.012,0.115,NA,NA,NA,0.017917374
LAMP5,Brain Meta Analysis,SCZ,Wald ratio,1,0.036,0.023,1.037,0.115,NA,NA,NA,0.020071617
BAG1,Brain Meta Analysis,SCZ,Wald ratio,1,0.055,0.035,1.057,0.116,NA,NA,NA,0.017038133
MBL2,Brain Meta Analysis,SCZ,Wald ratio,1,0.013,0.008,1.013,0.116,NA,NA,NA,0.015056124
CRMP1,Brain Meta Analysis,SCZ,Wald ratio,1,-0.013,0.008,0.987,0.116,NA,NA,NA,0.015045639
ZNF385B,Brain Meta Analysis,SCZ,Weighted median,3,0.022,0.014,1.022,0.117,0.062947962,0.168015628,0.887918722,0.004667307
ZFPM1,Brain Meta Analysis,SCZ,Wald ratio,1,0.041,0.026,1.042,0.117,NA,NA,NA,0.016234263
FHIT,Brain Meta Analysis,SCZ,MR Egger,4,0.079,0.03,1.082,0.117,0.911282656,0.034586279,0.100797296,0.130707262
AKT1,Brain Meta Analysis,SCZ,Wald ratio,1,0.032,0.021,1.033,0.117,NA,NA,NA,0.016511795
PPM1H,Brain Meta Analysis,SCZ,Weighted median,3,-0.024,0.015,0.977,0.118,0.045691417,0.121251607,0.851041383,0.02759372
LRIG1,Brain Meta Analysis,SCZ,Wald ratio,1,0.012,0.008,1.012,0.118,NA,NA,NA,0.017955242
BEST1,Brain Meta Analysis,SCZ,Inverse variance weighted,2,-0.029,0.019,0.971,0.119,NA,0.522499224,NA,0.008539291
TOX2,Brain Meta Analysis,SCZ,Wald ratio,1,0.082,0.053,1.085,0.119,NA,NA,NA,0.052933538
FSIP1,Brain Meta Analysis,SCZ,Wald ratio,1,-0.033,0.021,0.968,0.119,NA,NA,NA,0.014222473
C7orf31,Brain Meta Analysis,SCZ,Wald ratio,1,-0.031,0.02,0.969,0.119,NA,NA,NA,0.01422372
DCDC2,Brain Meta Analysis,SCZ,Wald ratio,1,0.011,0.007,1.011,0.119,NA,NA,NA,0.014528527
GRHL1,Brain Meta Analysis,SCZ,Wald ratio,1,-0.047,0.03,0.954,0.119,NA,NA,NA,0.014527972
ZNF483,Brain Meta Analysis,SCZ,Wald ratio,1,0.05,0.032,1.051,0.12,NA,NA,NA,0.014499026
CCDC6,Brain Meta Analysis,SCZ,Inverse variance weighted,2,-0.031,0.02,0.97,0.12,NA,0.182445719,NA,0.007935708
RANBP1,Brain Meta Analysis,SCZ,Wald ratio,1,-0.034,0.022,0.966,0.12,NA,NA,NA,0.02139196
CCND2,Brain Meta Analysis,SCZ,Wald ratio,1,-0.039,0.025,0.962,0.121,NA,NA,NA,0.013869041
EOGT,Brain Meta Analysis,SCZ,Wald ratio,1,-0.023,0.015,0.978,0.121,NA,NA,NA,0.018003106
ENTREP1,Brain Meta Analysis,SCZ,Wald ratio,1,0.011,0.007,1.011,0.122,NA,NA,NA,0.016865903
PPL,Brain Meta Analysis,SCZ,Wald ratio,1,0.011,0.007,1.011,0.122,NA,NA,NA,0.015418215
HOXD4,Brain Meta Analysis,SCZ,Wald ratio,1,-0.031,0.02,0.969,0.122,NA,NA,NA,0.01601536
TFF2,Brain Meta Analysis,SCZ,Wald ratio,1,-0.036,0.023,0.964,0.122,NA,NA,NA,0.01495059
FN1,Brain Meta Analysis,SCZ,Wald ratio,1,0.036,0.023,1.036,0.122,NA,NA,NA,0.016227385
LAMA1,Brain Meta Analysis,SCZ,Wald ratio,1,-0.028,0.018,0.972,0.123,NA,NA,NA,0.016891745
NRG3,Brain Meta Analysis,SCZ,Wald ratio,1,-0.045,0.029,0.956,0.123,NA,NA,NA,0.016891492
AP2A2,Brain Meta Analysis,SCZ,Wald ratio,1,0.025,0.016,1.025,0.124,NA,NA,NA,0.013999397
ABLIM2,Brain Meta Analysis,SCZ,Simple mode,4,0.017,0.008,1.017,0.124,0.645028261,0.788823159,0.716753273,0.022435982
KCNT1,Brain Meta Analysis,SCZ,Wald ratio,1,-0.038,0.025,0.962,0.124,NA,NA,NA,0.052145429
NRP2,Brain Meta Analysis,SCZ,Wald ratio,1,-0.013,0.008,0.987,0.124,NA,NA,NA,0.014889987
TPO,Brain Meta Analysis,SCZ,Wald ratio,1,-0.036,0.023,0.965,0.124,NA,NA,NA,0.033351136
ATP1B1,Brain Meta Analysis,SCZ,Wald ratio,1,-0.036,0.023,0.965,0.125,NA,NA,NA,0.015454231
MED16,Brain Meta Analysis,SCZ,Wald ratio,1,0.049,0.032,1.05,0.125,NA,NA,NA,0.015468731
NHEJ1,Brain Meta Analysis,SCZ,Wald ratio,1,-0.035,0.023,0.965,0.125,NA,NA,NA,0.014560445
HS1BP3,Brain Meta Analysis,SCZ,Wald ratio,1,0.038,0.025,1.038,0.125,NA,NA,NA,0.014920659
CACNA2D2,Brain Meta Analysis,SCZ,Wald ratio,1,-0.03,0.02,0.97,0.126,NA,NA,NA,0.018980559
TFB1M,Brain Meta Analysis,SCZ,Wald ratio,1,0.013,0.008,1.013,0.126,NA,NA,NA,0.013761623
RNF213,Brain Meta Analysis,SCZ,Wald ratio,1,0.034,0.022,1.034,0.127,NA,NA,NA,0.014045809
BEND7,Brain Meta Analysis,SCZ,Wald ratio,1,0.04,0.026,1.04,0.127,NA,NA,NA,0.014028451
EXTL2,Brain Meta Analysis,SCZ,Wald ratio,1,-0.028,0.018,0.973,0.128,NA,NA,NA,0.014075249
TMOD1,Brain Meta Analysis,SCZ,Wald ratio,1,-0.028,0.018,0.973,0.128,NA,NA,NA,0.014075247
LIN7B,Brain Meta Analysis,SCZ,Wald ratio,1,0.013,0.008,1.013,0.128,NA,NA,NA,0.014375265
RCCD1,Brain Meta Analysis,SCZ,Wald ratio,1,-0.043,0.029,0.958,0.128,NA,NA,NA,0.015570789
ALK,Brain Meta Analysis,SCZ,Weighted median,4,0.017,0.011,1.017,0.129,0.671618423,0.732909555,0.557128345,0.007489868
BARX2,Brain Meta Analysis,SCZ,Wald ratio,1,-0.025,0.016,0.975,0.129,NA,NA,NA,0.014126654
ANKEF1,Brain Meta Analysis,SCZ,Wald ratio,1,0.04,0.027,1.041,0.129,NA,NA,NA,0.013822103
MYT1L,Brain Meta Analysis,SCZ,Weighted median,3,0.023,0.015,1.023,0.13,0.868974292,0.013590462,0.209558681,0.002484809
PNPLA2,Brain Meta Analysis,SCZ,Wald ratio,1,0.027,0.018,1.027,0.13,NA,NA,NA,0.015291993
LIMD1,Brain Meta Analysis,SCZ,Inverse variance weighted,2,0.025,0.017,1.026,0.13,NA,0.534143062,NA,0.024616225
CMTM8,Brain Meta Analysis,SCZ,Wald ratio,1,0.041,0.027,1.042,0.131,NA,NA,NA,0.000633117
DPF3,Brain Meta Analysis,SCZ,Inverse variance weighted,2,-0.013,0.009,0.987,0.131,NA,0.262571529,NA,0.009362344
EDN2,Brain Meta Analysis,SCZ,Wald ratio,1,0.049,0.032,1.05,0.131,NA,NA,NA,0.025899344
VSNL1,Brain Meta Analysis,SCZ,Wald ratio,1,-0.038,0.025,0.963,0.132,NA,NA,NA,0.028214098
TULP4,Brain Meta Analysis,SCZ,Wald ratio,1,0.024,0.016,1.025,0.132,NA,NA,NA,0.02116586
KHDC1,Brain Meta Analysis,SCZ,Wald ratio,1,-0.036,0.024,0.965,0.132,NA,NA,NA,0.01793076
TNS2,Brain Meta Analysis,SCZ,Wald ratio,1,-0.023,0.015,0.977,0.132,NA,NA,NA,0.013878446
CTNNA2,Brain Meta Analysis,SCZ,Weighted median,4,-0.011,0.007,0.989,0.132,0.000152426,0.000386767,0.805236543,0.014257973
HAS1,Brain Meta Analysis,SCZ,Wald ratio,1,0.035,0.023,1.036,0.132,NA,NA,NA,0.014767007
WRNIP1,Brain Meta Analysis,SCZ,Wald ratio,1,0.036,0.024,1.036,0.133,NA,NA,NA,0.0178801
NPAS3,Brain Meta Analysis,SCZ,Weighted mode,3,0.047,0.019,1.048,0.133,0.134593742,0.012644716,0.337810031,0.007358234
RNF150,Brain Meta Analysis,SCZ,Wald ratio,1,-0.019,0.012,0.981,0.133,NA,NA,NA,0.013934677
ARHGEF4,Brain Meta Analysis,SCZ,Wald ratio,1,0.029,0.019,1.03,0.134,NA,NA,NA,0.014523176
C8orf34,Brain Meta Analysis,SCZ,Wald ratio,1,0.013,0.008,1.013,0.134,NA,NA,NA,0.013039615
UNC45A,Brain Meta Analysis,SCZ,Wald ratio,1,-0.032,0.021,0.968,0.134,NA,NA,NA,0.019494264
HPSE2,Brain Meta Analysis,SCZ,Wald ratio,1,-0.035,0.023,0.966,0.134,NA,NA,NA,0.014217712
STPG2,Brain Meta Analysis,SCZ,Wald ratio,1,0.011,0.008,1.011,0.134,NA,NA,NA,0.014806112
WDR86,Brain Meta Analysis,SCZ,Wald ratio,1,-0.028,0.019,0.972,0.135,NA,NA,NA,0.013370204
TP53I11,Brain Meta Analysis,SCZ,Wald ratio,1,0.04,0.026,1.04,0.135,NA,NA,NA,0.012917408
FAM135B,Brain Meta Analysis,SCZ,Inverse variance weighted,3,0.02,0.013,1.02,0.135,0.433272768,0.101404147,0.29634412,0.008313256
LRRC1,Brain Meta Analysis,SCZ,Wald ratio,1,-0.012,0.008,0.988,0.135,NA,NA,NA,0.013059925
ARHGAP25,Brain Meta Analysis,SCZ,Inverse variance weighted,2,-0.011,0.008,0.989,0.135,NA,0.836975174,NA,0.006493947
IGF2R,Brain Meta Analysis,SCZ,Wald ratio,1,0.052,0.035,1.054,0.136,NA,NA,NA,0.024722274
CLNK,Brain Meta Analysis,SCZ,Wald ratio,1,0.012,0.008,1.012,0.137,NA,NA,NA,0.012815427
CACNA2D3,Brain Meta Analysis,SCZ,Inverse variance weighted,3,0.013,0.009,1.013,0.137,0.582160982,0.825731068,0.824293158,0.004463136
SLC2A13,Brain Meta Analysis,SCZ,Wald ratio,1,0.011,0.007,1.011,0.137,NA,NA,NA,0.013099165
BFSP2,Brain Meta Analysis,SCZ,Inverse variance weighted,2,-0.011,0.007,0.989,0.138,NA,0.956333729,NA,0.016618441
DLGAP4,Brain Meta Analysis,SCZ,Wald ratio,1,0.035,0.023,1.035,0.138,NA,NA,NA,0.022566777
ROS1,Brain Meta Analysis,SCZ,Wald ratio,1,-0.026,0.017,0.975,0.138,NA,NA,NA,0.013154583
NRG1,Brain Meta Analysis,SCZ,Wald ratio,1,-0.041,0.028,0.96,0.138,NA,NA,NA,0.005197714
SCIN,Brain Meta Analysis,SCZ,Wald ratio,1,-0.012,0.008,0.988,0.138,NA,NA,NA,0.01284449
SGCD,Brain Meta Analysis,SCZ,Wald ratio,1,0.036,0.025,1.037,0.138,NA,NA,NA,0.018399819
GFRA4,Brain Meta Analysis,SCZ,Wald ratio,1,0.023,0.015,1.023,0.138,NA,NA,NA,0.019403902
KIF21B,Brain Meta Analysis,SCZ,Wald ratio,1,0.039,0.026,1.04,0.139,NA,NA,NA,0.013961711
MRPL39,Brain Meta Analysis,SCZ,Wald ratio,1,0.025,0.017,1.025,0.139,NA,NA,NA,0.029143778
LRP6,Brain Meta Analysis,SCZ,Wald ratio,1,-0.036,0.024,0.965,0.139,NA,NA,NA,0.01075389
LAPTM4B,Brain Meta Analysis,SCZ,Wald ratio,1,-0.04,0.027,0.961,0.139,NA,NA,NA,0.013491632
SSC5D,Brain Meta Analysis,SCZ,Wald ratio,1,0.029,0.019,1.029,0.14,NA,NA,NA,0.013186261
ZCWPW1,Brain Meta Analysis,SCZ,Wald ratio,1,-0.027,0.018,0.973,0.14,NA,NA,NA,0.015890212
COL1A2,Brain Meta Analysis,SCZ,Wald ratio,1,-0.032,0.021,0.969,0.14,NA,NA,NA,0.015888509
TRPC4,Brain Meta Analysis,SCZ,Inverse variance weighted,2,0.037,0.025,1.038,0.14,NA,0.007649209,NA,0.974325239
HERC2,Brain Meta Analysis,SCZ,Wald ratio,1,-0.029,0.019,0.972,0.14,NA,NA,NA,0.026946897
OTULINL,Brain Meta Analysis,SCZ,Wald ratio,1,0.028,0.019,1.028,0.14,NA,NA,NA,0.029674473
IPCEF1,Brain Meta Analysis,SCZ,Wald ratio,1,-0.04,0.027,0.961,0.14,NA,NA,NA,0.01710035
ZNF337,Brain Meta Analysis,SCZ,Wald ratio,1,-0.034,0.023,0.967,0.14,NA,NA,NA,0.013096499
ENPP6,Brain Meta Analysis,SCZ,Wald ratio,1,0.023,0.016,1.023,0.141,NA,NA,NA,0.013536687
TMTC4,Brain Meta Analysis,SCZ,Wald ratio,1,-0.039,0.026,0.962,0.142,NA,NA,NA,0.012798987
FMN2,Brain Meta Analysis,SCZ,Inverse variance weighted,3,0.017,0.012,1.018,0.142,0.463306254,0.629738072,0.645714405,0.020225988
ELFN1,Brain Meta Analysis,SCZ,Wald ratio,1,0.01,0.007,1.01,0.142,NA,NA,NA,0.019840425
TTLL10,Brain Meta Analysis,SCZ,Wald ratio,1,0.026,0.018,1.026,0.143,NA,NA,NA,0.026841079
KCNK9,Brain Meta Analysis,SCZ,Wald ratio,1,0.031,0.021,1.031,0.143,NA,NA,NA,0.026487564
ZFP62,Brain Meta Analysis,SCZ,Wald ratio,1,-0.013,0.009,0.987,0.143,NA,NA,NA,0.014789185
HK1,Brain Meta Analysis,SCZ,Inverse variance weighted,2,0.023,0.016,1.023,0.143,NA,0.658766628,NA,0.014994279
NID1,Brain Meta Analysis,SCZ,Wald ratio,1,-0.054,0.037,0.948,0.143,NA,NA,NA,0.005581265
CNPY1,Brain Meta Analysis,SCZ,Wald ratio,1,-0.03,0.02,0.971,0.143,NA,NA,NA,0.013913478
TAOK3,Brain Meta Analysis,SCZ,Wald ratio,1,0.027,0.018,1.027,0.143,NA,NA,NA,0.017527319
TNFRSF10C,Brain Meta Analysis,SCZ,Wald ratio,1,-0.011,0.007,0.989,0.144,NA,NA,NA,0.015136315
MCF2L,Brain Meta Analysis,SCZ,Wald ratio,1,0.032,0.022,1.033,0.144,NA,NA,NA,0.016875152
SEMA4D,Brain Meta Analysis,SCZ,Wald ratio,1,0.01,0.007,1.01,0.144,NA,NA,NA,0.012717829
MKNK1,Brain Meta Analysis,SCZ,Wald ratio,1,-0.034,0.024,0.966,0.144,NA,NA,NA,0.013784705
VSIG10L2,Brain Meta Analysis,SCZ,Wald ratio,1,-0.023,0.016,0.977,0.145,NA,NA,NA,0.021451423
STK32C,Brain Meta Analysis,SCZ,Wald ratio,1,0.034,0.023,1.034,0.145,NA,NA,NA,0.013042438
AGTRAP,Brain Meta Analysis,SCZ,Wald ratio,1,-0.038,0.026,0.963,0.145,NA,NA,NA,0.012554915
RAPGEF5,Brain Meta Analysis,SCZ,Inverse variance weighted,2,0.031,0.021,1.031,0.146,NA,0.28642657,NA,0.037139819
ARHGAP8,Brain Meta Analysis,SCZ,Wald ratio,1,0.012,0.008,1.012,0.146,NA,NA,NA,0.012472472
STMN4,Brain Meta Analysis,SCZ,Wald ratio,1,-0.012,0.008,0.988,0.146,NA,NA,NA,0.012472472
CHST8,Brain Meta Analysis,SCZ,Weighted median,3,-0.023,0.016,0.978,0.146,0.54251589,0.244813339,0.362304956,0.00718648
ACSF3,Brain Meta Analysis,SCZ,Wald ratio,1,-0.05,0.034,0.951,0.146,NA,NA,NA,0.014916457
CERS3,Brain Meta Analysis,SCZ,Wald ratio,1,-0.035,0.024,0.965,0.146,NA,NA,NA,0.016973072
CDH23,Brain Meta Analysis,SCZ,Weighted median,3,-0.009,0.006,0.991,0.147,0.017595271,0.020901915,0.651117892,0.045374346
LAP3,Brain Meta Analysis,SCZ,Wald ratio,1,0.027,0.018,1.027,0.147,NA,NA,NA,0.012814073
LITAFD,Brain Meta Analysis,SCZ,Wald ratio,1,-0.027,0.019,0.973,0.147,NA,NA,NA,0.012530105
SMC5,Brain Meta Analysis,SCZ,Wald ratio,1,-0.037,0.026,0.963,0.147,NA,NA,NA,0.02691017
PRKG1,Brain Meta Analysis,SCZ,Weighted median,3,0.01,0.007,1.01,0.147,0.017310675,0.054739787,0.898751965,0.006973528
CLCA2,Brain Meta Analysis,SCZ,Inverse variance weighted,2,-0.038,0.026,0.963,0.147,NA,0.303316516,NA,0.023421343
SRBD1,Brain Meta Analysis,SCZ,Wald ratio,1,0.01,0.007,1.01,0.148,NA,NA,NA,0.012228198
MACROD2,Brain Meta Analysis,SCZ,Weighted median,4,-0.011,0.008,0.989,0.148,0.195894203,0.020871882,0.184279502,0.013623861
ANO4,Brain Meta Analysis,SCZ,Inverse variance weighted,2,0.01,0.007,1.01,0.148,NA,0.441400052,NA,0.01019612
LAMP3,Brain Meta Analysis,SCZ,Wald ratio,1,0.03,0.021,1.031,0.149,NA,NA,NA,0.017455459
RELB,Brain Meta Analysis,SCZ,Wald ratio,1,0.024,0.016,1.024,0.149,NA,NA,NA,0.005634021
SH2D3A,Brain Meta Analysis,SCZ,Wald ratio,1,0.039,0.027,1.04,0.149,NA,NA,NA,0.015024429
LRP1,Brain Meta Analysis,SCZ,Wald ratio,1,0.025,0.017,1.026,0.149,NA,NA,NA,0.012276783
PIWIL1,Brain Meta Analysis,SCZ,Wald ratio,1,-0.029,0.02,0.971,0.149,NA,NA,NA,0.012274107
HRH2,Brain Meta Analysis,SCZ,Wald ratio,1,-0.037,0.025,0.964,0.149,NA,NA,NA,0.014567886
PLAC8,Brain Meta Analysis,SCZ,Wald ratio,1,0.021,0.015,1.021,0.149,NA,NA,NA,0.018090943
TSPAN33,Brain Meta Analysis,SCZ,Wald ratio,1,-0.041,0.029,0.96,0.149,NA,NA,NA,0.015664082
FUT9,Brain Meta Analysis,SCZ,Weighted mode,3,0.043,0.019,1.043,0.15,5.32E-06,6.79E-07,0.651742005,0.042146794
TLK1,Brain Meta Analysis,SCZ,Wald ratio,1,0.012,0.008,1.012,0.15,NA,NA,NA,0.012612598
ENPP1,Brain Meta Analysis,SCZ,Wald ratio,1,0.036,0.025,1.037,0.15,NA,NA,NA,0.013868438
PCM1,Brain Meta Analysis,SCZ,Wald ratio,1,-0.034,0.024,0.967,0.15,NA,NA,NA,0.014985953
METAP1D,Brain Meta Analysis,SCZ,Inverse variance weighted,2,0.037,0.026,1.038,0.15,NA,0.198091028,NA,0.045406498
WARS2,Brain Meta Analysis,SCZ,Wald ratio,1,-0.03,0.021,0.971,0.151,NA,NA,NA,0.017554084
KIAA1217,Brain Meta Analysis,SCZ,Inverse variance weighted,4,-0.009,0.006,0.991,0.151,0.583344447,0.779805133,0.926933552,0.006758942
TREML2,Brain Meta Analysis,SCZ,Wald ratio,1,-0.034,0.023,0.967,0.151,NA,NA,NA,0.012823638
PIGS,Brain Meta Analysis,SCZ,Wald ratio,1,0.029,0.02,1.03,0.151,NA,NA,NA,0.013911075
PRNP,Brain Meta Analysis,SCZ,Wald ratio,1,0.024,0.017,1.024,0.151,NA,NA,NA,0.019103258
MAGI1,Brain Meta Analysis,SCZ,Weighted median,4,-0.013,0.009,0.987,0.152,0.720962567,0.870543606,0.833591497,0.005833262
MRPL48,Brain Meta Analysis,SCZ,Wald ratio,1,-0.022,0.015,0.979,0.153,NA,NA,NA,0.013661595
SLC1A2,Brain Meta Analysis,SCZ,Inverse variance weighted,2,-0.01,0.007,0.991,0.153,NA,0.785839711,NA,0.01580571
IKBKE,Brain Meta Analysis,SCZ,Wald ratio,1,0.03,0.021,1.031,0.153,NA,NA,NA,0.011772872
PTCH1,Brain Meta Analysis,SCZ,Wald ratio,1,-0.029,0.02,0.971,0.153,NA,NA,NA,0.014005636
IKZF1,Brain Meta Analysis,SCZ,Wald ratio,1,0.031,0.022,1.032,0.154,NA,NA,NA,0.01213219
DIAPH3,Brain Meta Analysis,SCZ,Wald ratio,1,0.033,0.023,1.034,0.154,NA,NA,NA,0.011841082
CAMK2A,Brain Meta Analysis,SCZ,Wald ratio,1,-0.024,0.017,0.977,0.154,NA,NA,NA,0.011829136
SNRK,Brain Meta Analysis,SCZ,Wald ratio,1,0.031,0.022,1.031,0.155,NA,NA,NA,0.013770579
SERTM1,Brain Meta Analysis,SCZ,Wald ratio,1,-0.029,0.02,0.971,0.155,NA,NA,NA,0.012179717
LTBP4,Brain Meta Analysis,SCZ,Wald ratio,1,-0.028,0.02,0.973,0.155,NA,NA,NA,0.01189139
ABCA4,Brain Meta Analysis,SCZ,Inverse variance weighted,2,0.018,0.013,1.018,0.155,NA,0.656177213,NA,0.004617084
JAKMIP1,Brain Meta Analysis,SCZ,Weighted median,3,0.018,0.013,1.018,0.156,0.685146917,0.191348319,0.32695578,0.00706059
GPX7,Brain Meta Analysis,SCZ,Wald ratio,1,-0.02,0.014,0.98,0.156,NA,NA,NA,0.011884315
PER3,Brain Meta Analysis,SCZ,Wald ratio,1,-0.026,0.019,0.974,0.156,NA,NA,NA,0.014741705
NPTX2,Brain Meta Analysis,SCZ,Wald ratio,1,-0.019,0.013,0.982,0.156,NA,NA,NA,0.012230521
GABRB3,Brain Meta Analysis,SCZ,Wald ratio,1,0.023,0.016,1.023,0.157,NA,NA,NA,0.011942588
MAML1,Brain Meta Analysis,SCZ,Wald ratio,1,0.021,0.015,1.021,0.157,NA,NA,NA,0.01762804
SLC2A1,Brain Meta Analysis,SCZ,Wald ratio,1,-0.035,0.025,0.965,0.158,NA,NA,NA,0.014860886
SDK2,Brain Meta Analysis,SCZ,Inverse variance weighted,2,-0.017,0.012,0.983,0.158,NA,0.067313367,NA,0.178382105
NUDT5,Brain Meta Analysis,SCZ,Wald ratio,1,-0.012,0.008,0.989,0.159,NA,NA,NA,0.011706618
HOMER1,Brain Meta Analysis,SCZ,Wald ratio,1,0.032,0.023,1.033,0.159,NA,NA,NA,0.011666111
RGL1,Brain Meta Analysis,SCZ,Wald ratio,1,-0.038,0.027,0.962,0.159,NA,NA,NA,0.019277623
HPCAL1,Brain Meta Analysis,SCZ,Inverse variance weighted,2,-0.031,0.022,0.969,0.16,NA,0.156482649,NA,0.004570999
ESRRG,Brain Meta Analysis,SCZ,Inverse variance weighted,2,0.017,0.012,1.017,0.16,NA,0.10881473,NA,0.077550523
ADGRA1,Brain Meta Analysis,SCZ,Wald ratio,1,0.022,0.016,1.022,0.16,NA,NA,NA,0.011759711
NPR2,Brain Meta Analysis,SCZ,Wald ratio,1,-0.01,0.007,0.99,0.16,NA,NA,NA,0.011752838
CACNG8,Brain Meta Analysis,SCZ,Wald ratio,1,0.018,0.013,1.018,0.16,NA,NA,NA,0.012394931
REXO4,Brain Meta Analysis,SCZ,Wald ratio,1,-0.022,0.015,0.979,0.16,NA,NA,NA,0.02028444
CNGB1,Brain Meta Analysis,SCZ,Wald ratio,1,0.031,0.022,1.032,0.161,NA,NA,NA,0.011447396
CYP2U1,Brain Meta Analysis,SCZ,Wald ratio,1,0.012,0.008,1.012,0.161,NA,NA,NA,0.01145383
MAP6,Brain Meta Analysis,SCZ,Wald ratio,1,0.01,0.007,1.01,0.161,NA,NA,NA,0.01338711
OAS3,Brain Meta Analysis,SCZ,Wald ratio,1,-0.011,0.008,0.989,0.162,NA,NA,NA,0.011811271
AATF,Brain Meta Analysis,SCZ,Wald ratio,1,-0.025,0.018,0.975,0.162,NA,NA,NA,0.026380072
IGFBP7,Brain Meta Analysis,SCZ,Wald ratio,1,0.02,0.015,1.021,0.162,NA,NA,NA,0.011526065
CNTN4,Brain Meta Analysis,SCZ,Inverse variance weighted,5,0.009,0.007,1.009,0.162,0.239381557,0.344056435,0.688341658,0.006583638
CTBP2,Brain Meta Analysis,SCZ,Wald ratio,1,0.032,0.023,1.033,0.162,NA,NA,NA,0.012737903
SLC12A8,Brain Meta Analysis,SCZ,Wald ratio,1,-0.037,0.026,0.964,0.163,NA,NA,NA,0.015073409
ZCCHC24,Brain Meta Analysis,SCZ,Inverse variance weighted,2,-0.017,0.012,0.984,0.163,NA,0.923873934,NA,0.013283987
FADS2,Brain Meta Analysis,SCZ,Wald ratio,1,-0.032,0.023,0.968,0.163,NA,NA,NA,0.012823572
NWD2,Brain Meta Analysis,SCZ,Wald ratio,1,-0.011,0.008,0.989,0.163,NA,NA,NA,0.012871926
IQSEC3,Brain Meta Analysis,SCZ,Inverse variance weighted,2,0.04,0.029,1.041,0.163,NA,0.087956834,NA,0.004799872
ADAMTS2,Brain Meta Analysis,SCZ,Simple mode,5,0.024,0.014,1.025,0.164,0.0047372,0.001848131,0.399390152,0.004690236
PRPF40A,Brain Meta Analysis,SCZ,Wald ratio,1,0.037,0.026,1.037,0.164,NA,NA,NA,0.011930022
PDLIM5,Brain Meta Analysis,SCZ,Wald ratio,1,-0.043,0.031,0.958,0.164,NA,NA,NA,0.011264297
EXOC3L2,Brain Meta Analysis,SCZ,Wald ratio,1,0.03,0.022,1.03,0.165,NA,NA,NA,0.012913749
TMPRSS2,Brain Meta Analysis,SCZ,Wald ratio,1,-0.03,0.021,0.971,0.165,NA,NA,NA,0.013254363
PTPRG,Brain Meta Analysis,SCZ,Weighted median,5,0.01,0.007,1.01,0.165,0.760409316,0.836260613,0.635529686,0.011190012
TPST2,Brain Meta Analysis,SCZ,Wald ratio,1,0.034,0.025,1.035,0.165,NA,NA,NA,0.010930087
KCNQ1,Brain Meta Analysis,SCZ,Simple mode,8,0.029,0.019,1.03,0.166,0.369297242,0.448455355,0.611001168,0.015532652
RAB6B,Brain Meta Analysis,SCZ,Wald ratio,1,-0.011,0.008,0.989,0.166,NA,NA,NA,0.011332245
MEIS2,Brain Meta Analysis,SCZ,Wald ratio,1,0.039,0.028,1.04,0.166,NA,NA,NA,0.023862424
GAB4,Brain Meta Analysis,SCZ,Wald ratio,1,-0.011,0.008,0.989,0.166,NA,NA,NA,0.012692827
RNF13,Brain Meta Analysis,SCZ,Wald ratio,1,0.027,0.02,1.028,0.167,NA,NA,NA,0.012051115
FARP1,Brain Meta Analysis,SCZ,Weighted median,7,0.008,0.006,1.008,0.168,0.02236669,0.041317087,0.998294892,0.00456498
DOK4,Brain Meta Analysis,SCZ,Wald ratio,1,0.057,0.041,1.059,0.168,NA,NA,NA,0.021152563
ULBP1,Brain Meta Analysis,SCZ,Wald ratio,1,-0.072,0.053,0.93,0.168,NA,NA,NA,0.028951611
CUEDC2,Brain Meta Analysis,SCZ,Wald ratio,1,-0.054,0.039,0.947,0.169,NA,NA,NA,0.020550847
ATP11A,Brain Meta Analysis,SCZ,Wald ratio,1,0.025,0.018,1.025,0.169,NA,NA,NA,0.012166852
GNAS,Brain Meta Analysis,SCZ,Inverse variance weighted,3,-0.018,0.013,0.983,0.17,0.98242346,0.704005414,0.556143154,0.005498942
GOPC,Brain Meta Analysis,SCZ,Wald ratio,1,-0.053,0.039,0.948,0.17,NA,NA,NA,0.022432615
KIAA0930,Brain Meta Analysis,SCZ,Inverse variance weighted,2,-0.01,0.007,0.99,0.17,NA,0.350672452,NA,0.021650997
GNLY,Brain Meta Analysis,SCZ,Wald ratio,1,0.011,0.008,1.011,0.17,NA,NA,NA,0.011233827
GPR180,Brain Meta Analysis,SCZ,Wald ratio,1,0.043,0.031,1.044,0.17,NA,NA,NA,0.011218421
WFS1,Brain Meta Analysis,SCZ,Wald ratio,1,0.01,0.007,1.01,0.17,NA,NA,NA,0.011233827
SLC22A23,Brain Meta Analysis,SCZ,Inverse variance weighted,4,-0.016,0.012,0.984,0.17,0.491902049,0.297029782,0.270855149,0.006025963
TMEM14A,Brain Meta Analysis,SCZ,Wald ratio,1,0.028,0.02,1.028,0.171,NA,NA,NA,0.011579867
TXK,Brain Meta Analysis,SCZ,Wald ratio,1,0.032,0.023,1.033,0.171,NA,NA,NA,0.016653446
C9,Brain Meta Analysis,SCZ,Wald ratio,1,-0.034,0.025,0.967,0.171,NA,NA,NA,0.010604108
URAD,Brain Meta Analysis,SCZ,Wald ratio,1,-0.032,0.023,0.969,0.171,NA,NA,NA,0.010932749
NKX6-3,Brain Meta Analysis,SCZ,Wald ratio,1,0.027,0.02,1.028,0.172,NA,NA,NA,0.029687599
UBE2E2,Brain Meta Analysis,SCZ,Wald ratio,1,0.035,0.026,1.036,0.172,NA,NA,NA,0.011628395
PRKN,Brain Meta Analysis,SCZ,MR Egger,4,0.023,0.011,1.024,0.172,0.525200818,0.019007095,0.098669696,0.176361073
PROZ,Brain Meta Analysis,SCZ,Wald ratio,1,-0.022,0.016,0.978,0.173,NA,NA,NA,0.014392154
ERGIC1,Brain Meta Analysis,SCZ,Inverse variance weighted,2,-0.01,0.007,0.99,0.173,NA,0.524807321,NA,0.005733659
GMDS,Brain Meta Analysis,SCZ,Inverse variance weighted,7,0.007,0.005,1.007,0.173,0.758553676,0.500652166,0.159740863,0.009302467
MICAL2,Brain Meta Analysis,SCZ,Inverse variance weighted,3,0.008,0.006,1.009,0.173,0.99206233,0.878657705,0.700494354,0.009908138
SLC8A1,Brain Meta Analysis,SCZ,Inverse variance weighted,2,-0.017,0.012,0.983,0.174,NA,0.23342034,NA,0.121931379
ODC1,Brain Meta Analysis,SCZ,Wald ratio,1,-0.032,0.023,0.969,0.174,NA,NA,NA,0.017355
CASQ2,Brain Meta Analysis,SCZ,Wald ratio,1,0.03,0.022,1.03,0.174,NA,NA,NA,0.01141018
BEST3,Brain Meta Analysis,SCZ,Wald ratio,1,0.021,0.015,1.021,0.174,NA,NA,NA,0.013101844
SRGAP3,Brain Meta Analysis,SCZ,Inverse variance weighted,3,0.017,0.013,1.017,0.175,0.238051935,0.291139434,0.540906262,0.033289593
COL26A1,Brain Meta Analysis,SCZ,Wald ratio,1,0.037,0.027,1.038,0.175,NA,NA,NA,0.019150954
UBE2L6,Brain Meta Analysis,SCZ,Wald ratio,1,-0.034,0.025,0.966,0.175,NA,NA,NA,0.010171255
TAF4B,Brain Meta Analysis,SCZ,Wald ratio,1,-0.024,0.018,0.976,0.175,NA,NA,NA,0.011127412
INSYN1,Brain Meta Analysis,SCZ,Wald ratio,1,-0.043,0.032,0.958,0.175,NA,NA,NA,0.013177603
FAM83A,Brain Meta Analysis,SCZ,Wald ratio,1,-0.021,0.016,0.979,0.175,NA,NA,NA,0.013178349
CYB5R3,Brain Meta Analysis,SCZ,Wald ratio,1,0.038,0.028,1.039,0.175,NA,NA,NA,0.01111279
PDLIM2,Brain Meta Analysis,SCZ,Wald ratio,1,-0.034,0.025,0.966,0.175,NA,NA,NA,0.011091988
MTUS1,Brain Meta Analysis,SCZ,Weighted median,3,-0.019,0.014,0.981,0.175,0.948251737,0.769785128,0.602538045,0.009125104
ZDHHC14,Brain Meta Analysis,SCZ,Weighted median,4,-0.008,0.006,0.992,0.176,0.012052668,0.022456089,0.720836416,0.074025668
FBLN5,Brain Meta Analysis,SCZ,Wald ratio,1,-0.028,0.021,0.972,0.176,NA,NA,NA,0.010828008
HS3ST3B1,Brain Meta Analysis,SCZ,Wald ratio,1,-0.031,0.023,0.969,0.177,NA,NA,NA,0.013929748
ATP2B4,Brain Meta Analysis,SCZ,Weighted mode,3,0.019,0.009,1.02,0.177,0.040328371,0.097503919,0.798347814,0.144211337
APBB1IP,Brain Meta Analysis,SCZ,Wald ratio,1,-0.027,0.02,0.973,0.178,NA,NA,NA,0.011251332
ATOH7,Brain Meta Analysis,SCZ,Wald ratio,1,0.012,0.009,1.012,0.178,NA,NA,NA,0.011956731
NAXD,Brain Meta Analysis,SCZ,Wald ratio,1,0.034,0.025,1.034,0.178,NA,NA,NA,0.011947391
SYCP2L,Brain Meta Analysis,SCZ,Wald ratio,1,-0.045,0.034,0.956,0.178,NA,NA,NA,0.012266526
ANGPT1,Brain Meta Analysis,SCZ,Wald ratio,1,-0.034,0.025,0.966,0.179,NA,NA,NA,0.011218752
SRRM4,Brain Meta Analysis,SCZ,Wald ratio,1,0.01,0.007,1.01,0.179,NA,NA,NA,0.010961858
TAF4,Brain Meta Analysis,SCZ,Wald ratio,1,0.019,0.014,1.019,0.179,NA,NA,NA,0.01131314
BTBD9,Brain Meta Analysis,SCZ,Inverse variance weighted,2,0.008,0.006,1.008,0.18,NA,0.33651975,NA,0.016456542
ZNF600,Brain Meta Analysis,SCZ,Wald ratio,1,0.021,0.015,1.021,0.18,NA,NA,NA,0.015867332
ARL8A,Brain Meta Analysis,SCZ,Wald ratio,1,-0.029,0.022,0.971,0.18,NA,NA,NA,0.010667587
PMM2,Brain Meta Analysis,SCZ,Wald ratio,1,-0.051,0.038,0.951,0.18,NA,NA,NA,0.047444334
CCDC68,Brain Meta Analysis,SCZ,Wald ratio,1,-0.028,0.021,0.973,0.181,NA,NA,NA,0.013125129
KLHL29,Brain Meta Analysis,SCZ,MR Egger,5,0.022,0.013,1.022,0.181,0.673294686,0.297641093,0.164099201,0.010128923
C14orf180,Brain Meta Analysis,SCZ,Wald ratio,1,-0.022,0.016,0.978,0.181,NA,NA,NA,0.01800496
DERA,Brain Meta Analysis,SCZ,Wald ratio,1,-0.029,0.021,0.972,0.181,NA,NA,NA,0.01073161
STK36,Brain Meta Analysis,SCZ,Wald ratio,1,-0.021,0.016,0.979,0.181,NA,NA,NA,0.010733037
XKR4,Brain Meta Analysis,SCZ,Wald ratio,1,0.01,0.008,1.01,0.181,NA,NA,NA,0.010371197
EVI5L,Brain Meta Analysis,SCZ,Wald ratio,1,0.039,0.029,1.04,0.181,NA,NA,NA,0.012142549
ATP12A,Brain Meta Analysis,SCZ,Wald ratio,1,0.021,0.016,1.021,0.182,NA,NA,NA,0.021872367
INSYN2B,Brain Meta Analysis,SCZ,Wald ratio,1,-0.022,0.016,0.979,0.182,NA,NA,NA,0.010800106
TP73,Brain Meta Analysis,SCZ,Wald ratio,1,-0.011,0.008,0.989,0.182,NA,NA,NA,0.011507025
EPHB2,Brain Meta Analysis,SCZ,Inverse variance weighted,2,0.011,0.008,1.011,0.182,NA,0.841967594,NA,0.013745572
CEP85L,Brain Meta Analysis,SCZ,Wald ratio,1,0.036,0.027,1.037,0.183,NA,NA,NA,0.010438347
CRY1,Brain Meta Analysis,SCZ,Wald ratio,1,0.033,0.025,1.033,0.183,NA,NA,NA,0.013730897
NDST1,Brain Meta Analysis,SCZ,Wald ratio,1,-0.011,0.008,0.989,0.184,NA,NA,NA,0.010867547
MAN2A1,Brain Meta Analysis,SCZ,Wald ratio,1,-0.032,0.024,0.968,0.184,NA,NA,NA,0.010250413
DISC1,Brain Meta Analysis,SCZ,Inverse variance weighted,2,0.018,0.014,1.018,0.184,NA,0.428770662,NA,0.014594354
TLL1,Brain Meta Analysis,SCZ,Inverse variance weighted,2,-0.024,0.018,0.976,0.184,NA,0.273528516,NA,0.018431515
CLCN6,Brain Meta Analysis,SCZ,Wald ratio,1,0.01,0.007,1.01,0.184,NA,NA,NA,0.016870938
ZNF827,Brain Meta Analysis,SCZ,Wald ratio,1,-0.011,0.008,0.989,0.185,NA,NA,NA,0.010227688
ETS1,Brain Meta Analysis,SCZ,Wald ratio,1,-0.027,0.021,0.973,0.185,NA,NA,NA,0.010227573
CEMIP,Brain Meta Analysis,SCZ,Wald ratio,1,0.029,0.022,1.029,0.185,NA,NA,NA,0.013111031
KRT72,Brain Meta Analysis,SCZ,Wald ratio,1,-0.026,0.02,0.974,0.185,NA,NA,NA,0.016999695
PBX1,Brain Meta Analysis,SCZ,Inverse variance weighted,5,0.008,0.006,1.008,0.185,0.276075017,0.414063246,0.827364311,0.006933671
ATP8A2,Brain Meta Analysis,SCZ,Inverse variance weighted,2,-0.007,0.006,0.993,0.186,NA,0.564186338,NA,0.01292329
CDH5,Brain Meta Analysis,SCZ,Wald ratio,1,0.025,0.019,1.025,0.186,NA,NA,NA,0.011001312
HMBOX1,Brain Meta Analysis,SCZ,Wald ratio,1,0.027,0.021,1.028,0.186,NA,NA,NA,0.018046891
ILDR1,Brain Meta Analysis,SCZ,Wald ratio,1,-0.046,0.035,0.955,0.186,NA,NA,NA,0.010173054
ALPK1,Brain Meta Analysis,SCZ,Wald ratio,1,0.032,0.024,1.033,0.186,NA,NA,NA,0.01066006
SLC41A1,Brain Meta Analysis,SCZ,Wald ratio,1,-0.034,0.026,0.967,0.187,NA,NA,NA,0.011748026
GALNT14,Brain Meta Analysis,SCZ,Inverse variance weighted,2,-0.041,0.031,0.96,0.187,NA,0.101104764,NA,0.00904127
UBXN1,Brain Meta Analysis,SCZ,Wald ratio,1,0.023,0.017,1.023,0.187,NA,NA,NA,0.01106601
RIC8B,Brain Meta Analysis,SCZ,Wald ratio,1,-0.033,0.025,0.968,0.187,NA,NA,NA,0.011650283
PARP14,Brain Meta Analysis,SCZ,Wald ratio,1,0.013,0.01,1.014,0.187,NA,NA,NA,0.012896462
PAPSS1,Brain Meta Analysis,SCZ,Wald ratio,1,-0.014,0.01,0.986,0.187,NA,NA,NA,0.006577347
CRTC1,Brain Meta Analysis,SCZ,Wald ratio,1,-0.025,0.019,0.976,0.188,NA,NA,NA,0.012538728
FRAS1,Brain Meta Analysis,SCZ,Weighted median,3,0.008,0.006,1.008,0.188,0.862715239,0.152276246,0.304011323,0.0175226
RNASEH2B,Brain Meta Analysis,SCZ,Wald ratio,1,-0.041,0.031,0.96,0.188,NA,NA,NA,0.013309938
ETV1,Brain Meta Analysis,SCZ,Inverse variance weighted,2,0.032,0.025,1.033,0.188,NA,0.47029963,NA,0.01185611
SACS,Brain Meta Analysis,SCZ,Inverse variance weighted,2,0.014,0.01,1.014,0.188,NA,0.632771536,NA,0.004870444
AGPAT5,Brain Meta Analysis,SCZ,Wald ratio,1,-0.01,0.007,0.99,0.189,NA,NA,NA,0.010769843
RNF126,Brain Meta Analysis,SCZ,Wald ratio,1,0.027,0.02,1.027,0.189,NA,NA,NA,0.010422905
EEFSEC,Brain Meta Analysis,SCZ,Wald ratio,1,0.009,0.007,1.009,0.189,NA,NA,NA,0.010422975
MARCHF1,Brain Meta Analysis,SCZ,Wald ratio,1,0.024,0.018,1.024,0.189,NA,NA,NA,0.015538323
FRMD4A,Brain Meta Analysis,SCZ,MR Egger,7,0.014,0.009,1.014,0.189,0.305537626,0.142715308,0.144477781,0.009706757
ZNF740,Brain Meta Analysis,SCZ,Wald ratio,1,0.062,0.048,1.064,0.189,NA,NA,NA,0.032072212
IER3IP1,Brain Meta Analysis,SCZ,Wald ratio,1,-0.011,0.008,0.989,0.19,NA,NA,NA,0.021269409
PTPRN,Brain Meta Analysis,SCZ,Wald ratio,1,0.025,0.019,1.026,0.19,NA,NA,NA,0.017042441
YPEL2,Brain Meta Analysis,SCZ,Wald ratio,1,0.029,0.022,1.029,0.191,NA,NA,NA,0.010554911
UMODL1,Brain Meta Analysis,SCZ,Wald ratio,1,-0.02,0.015,0.98,0.192,NA,NA,NA,0.01132803
PKNOX2,Brain Meta Analysis,SCZ,Weighted median,3,-0.008,0.006,0.992,0.192,0.323756824,0.523231998,0.671519297,0.005290028
COL6A6,Brain Meta Analysis,SCZ,Wald ratio,1,0.039,0.03,1.039,0.192,NA,NA,NA,0.016141064
SLC25A13,Brain Meta Analysis,SCZ,Wald ratio,1,0.009,0.007,1.009,0.192,NA,NA,NA,0.010627298
PDK2,Brain Meta Analysis,SCZ,Wald ratio,1,-0.047,0.036,0.954,0.192,NA,NA,NA,0.013513572
EPB41L3,Brain Meta Analysis,SCZ,Wald ratio,1,0.011,0.008,1.011,0.192,NA,NA,NA,0.010274364
FBXL18,Brain Meta Analysis,SCZ,Wald ratio,1,-0.032,0.025,0.968,0.193,NA,NA,NA,0.009624307
SHROOM3,Brain Meta Analysis,SCZ,Wald ratio,1,0.036,0.027,1.036,0.193,NA,NA,NA,0.009912002
KIAA2012,Brain Meta Analysis,SCZ,Wald ratio,1,0.019,0.015,1.019,0.193,NA,NA,NA,0.011043269
TRABD2B,Brain Meta Analysis,SCZ,Wald ratio,1,0.03,0.023,1.03,0.193,NA,NA,NA,0.013865235
EXPH5,Brain Meta Analysis,SCZ,Wald ratio,1,0.02,0.015,1.02,0.193,NA,NA,NA,0.014055195
PFKFB3,Brain Meta Analysis,SCZ,Wald ratio,1,-0.028,0.022,0.972,0.194,NA,NA,NA,0.011115519
C2orf88,Brain Meta Analysis,SCZ,Wald ratio,1,-0.056,0.043,0.945,0.194,NA,NA,NA,0.021187217
IGSF21,Brain Meta Analysis,SCZ,Weighted median,3,0.024,0.019,1.025,0.195,0.007634681,0.028370252,0.979198832,0.174118926
IGF1R,Brain Meta Analysis,SCZ,Wald ratio,1,0.011,0.008,1.011,0.195,NA,NA,NA,0.005096928
C12orf75,Brain Meta Analysis,SCZ,Wald ratio,1,-0.023,0.018,0.977,0.195,NA,NA,NA,0.010061423
ZNF536,Brain Meta Analysis,SCZ,Wald ratio,1,0.027,0.021,1.027,0.195,NA,NA,NA,0.010061423
RUFY1,Brain Meta Analysis,SCZ,Wald ratio,1,-0.028,0.021,0.973,0.195,NA,NA,NA,0.010836823
FAM124A,Brain Meta Analysis,SCZ,Wald ratio,1,0.009,0.007,1.009,0.196,NA,NA,NA,0.010476074
CREB5,Brain Meta Analysis,SCZ,Simple mode,5,0.018,0.011,1.018,0.196,0.160443611,0.267024142,0.883540554,0.032371785
CDH4,Brain Meta Analysis,SCZ,Weighted median,5,-0.008,0.006,0.992,0.196,0.316785913,0.452848435,0.755616187,0.009851249
CLIP4,Brain Meta Analysis,SCZ,Wald ratio,1,-0.02,0.015,0.98,0.196,NA,NA,NA,0.01280103
RASGEF1C,Brain Meta Analysis,SCZ,Weighted median,3,0.01,0.008,1.01,0.196,0.968354332,0.275195836,0.354559992,0.00607275
EPC1,Brain Meta Analysis,SCZ,Wald ratio,1,0.046,0.036,1.047,0.196,NA,NA,NA,0.014326918
RGS8,Brain Meta Analysis,SCZ,Wald ratio,1,0.055,0.043,1.057,0.196,NA,NA,NA,0.039806864
KIRREL3,Brain Meta Analysis,SCZ,Weighted mode,3,0.02,0.011,1.02,0.197,0.011413172,0.021033138,0.728290692,0.00527088
ABCA13,Brain Meta Analysis,SCZ,Wald ratio,1,-0.042,0.033,0.959,0.197,NA,NA,NA,0.005690735
USP18,Brain Meta Analysis,SCZ,Wald ratio,1,-0.01,0.008,0.99,0.198,NA,NA,NA,0.014470256
PARD6G,Brain Meta Analysis,SCZ,Wald ratio,1,-0.031,0.024,0.97,0.198,NA,NA,NA,0.013713297
ECT2L,Brain Meta Analysis,SCZ,Wald ratio,1,-0.028,0.022,0.973,0.198,NA,NA,NA,0.016771661
GAR1,Brain Meta Analysis,SCZ,Wald ratio,1,0.011,0.008,1.011,0.199,NA,NA,NA,0.011814346
WNK2,Brain Meta Analysis,SCZ,Wald ratio,1,0.028,0.022,1.028,0.199,NA,NA,NA,0.013762424
ZMIZ1,Brain Meta Analysis,SCZ,Inverse variance weighted,4,-0.013,0.01,0.987,0.199,0.52376334,0.657089059,0.630253113,0.004541662
ICA1,Brain Meta Analysis,SCZ,Inverse variance weighted,2,-0.021,0.017,0.979,0.2,NA,0.664700383,NA,0.010061162
CELF2,Brain Meta Analysis,SCZ,Inverse variance weighted,4,0.013,0.01,1.013,0.2,0.260385913,0.3250901,0.526995017,0.009096649
KIF26A,Brain Meta Analysis,SCZ,Wald ratio,1,-0.027,0.021,0.973,0.2,NA,NA,NA,0.010333908
INAVA,Brain Meta Analysis,SCZ,Wald ratio,1,-0.009,0.007,0.991,0.201,NA,NA,NA,0.011947052
GSTA4,Brain Meta Analysis,SCZ,Wald ratio,1,0.031,0.024,1.031,0.201,NA,NA,NA,0.015091563
POP5,Brain Meta Analysis,SCZ,Wald ratio,1,0.015,0.012,1.016,0.201,NA,NA,NA,0.012790221
ARL15,Brain Meta Analysis,SCZ,Weighted median,4,0.019,0.014,1.019,0.201,0.047219557,0.063310622,0.597500625,0.009738443
GALNT2,Brain Meta Analysis,SCZ,MR Egger,4,0.046,0.025,1.047,0.201,0.551580555,0.023141385,0.102029196,0.007871107
GRM7,Brain Meta Analysis,SCZ,Inverse variance weighted,2,-0.018,0.014,0.982,0.202,NA,0.930612374,NA,0.005737208
CCSER2,Brain Meta Analysis,SCZ,Wald ratio,1,0.01,0.008,1.01,0.202,NA,NA,NA,0.01167125
EXOC4,Brain Meta Analysis,SCZ,Wald ratio,1,0.022,0.018,1.023,0.202,NA,NA,NA,0.014050296
CLIP2,Brain Meta Analysis,SCZ,Wald ratio,1,-0.026,0.02,0.974,0.202,NA,NA,NA,0.010894512
ASIC2,Brain Meta Analysis,SCZ,Wald ratio,1,-0.01,0.008,0.99,0.203,NA,NA,NA,0.011740567
PAQR6,Brain Meta Analysis,SCZ,Wald ratio,1,-0.041,0.032,0.96,0.203,NA,NA,NA,0.013331647
ZNF236,Brain Meta Analysis,SCZ,Wald ratio,1,-0.025,0.019,0.976,0.203,NA,NA,NA,0.010967599
SNTG1,Brain Meta Analysis,SCZ,Wald ratio,1,0.025,0.019,1.025,0.203,NA,NA,NA,0.013774883
ZNF681,Brain Meta Analysis,SCZ,Wald ratio,1,0.02,0.016,1.021,0.204,NA,NA,NA,0.017368468
RNF144A,Brain Meta Analysis,SCZ,Inverse variance weighted,3,-0.026,0.021,0.974,0.204,0.420123849,0.266401319,0.392162056,0.008152764
RUNX3,Brain Meta Analysis,SCZ,Wald ratio,1,-0.032,0.025,0.969,0.205,NA,NA,NA,0.009652049
PTBP1,Brain Meta Analysis,SCZ,Wald ratio,1,-0.021,0.017,0.979,0.205,NA,NA,NA,0.01356796
PLEKHG1,Brain Meta Analysis,SCZ,Wald ratio,1,-0.01,0.008,0.99,0.206,NA,NA,NA,0.009558875
TMEM117,Brain Meta Analysis,SCZ,Inverse variance weighted,2,-0.028,0.022,0.973,0.206,NA,0.269788355,NA,0.010856793
JPH3,Brain Meta Analysis,SCZ,Wald ratio,1,0.01,0.008,1.01,0.207,NA,NA,NA,0.010404585
NCOA7,Brain Meta Analysis,SCZ,Wald ratio,1,0.019,0.015,1.019,0.207,NA,NA,NA,0.009632469
AP3S2,Brain Meta Analysis,SCZ,Wald ratio,1,-0.031,0.025,0.969,0.207,NA,NA,NA,0.010157237
AGPAT4,Brain Meta Analysis,SCZ,Inverse variance weighted,2,0.028,0.023,1.029,0.208,NA,0.761265393,NA,0.012833974
GLDC,Brain Meta Analysis,SCZ,Wald ratio,1,-0.03,0.024,0.97,0.208,NA,NA,NA,0.010901791
STK32B,Brain Meta Analysis,SCZ,Inverse variance weighted,2,-0.01,0.008,0.99,0.208,NA,0.855105407,NA,0.006779064
PLCE1,Brain Meta Analysis,SCZ,Wald ratio,1,0.026,0.02,1.026,0.208,NA,NA,NA,0.020217444
LINS1,Brain Meta Analysis,SCZ,Wald ratio,1,-0.032,0.026,0.968,0.208,NA,NA,NA,0.010375143
B3GNTL1,Brain Meta Analysis,SCZ,Inverse variance weighted,2,-0.008,0.007,0.992,0.208,NA,0.694665124,NA,0.007534106
FAM20C,Brain Meta Analysis,SCZ,Wald ratio,1,0.018,0.014,1.018,0.208,NA,NA,NA,0.0101251
DEF8,Brain Meta Analysis,SCZ,Wald ratio,1,-0.046,0.037,0.955,0.209,NA,NA,NA,0.01955025
NXNL2,Brain Meta Analysis,SCZ,Wald ratio,1,-0.037,0.03,0.963,0.209,NA,NA,NA,0.015931063
CARMIL1,Brain Meta Analysis,SCZ,Inverse variance weighted,2,0.017,0.014,1.017,0.209,NA,0.06852573,NA,0.201391692
PLB1,Brain Meta Analysis,SCZ,Inverse variance weighted,2,-0.009,0.007,0.991,0.209,NA,0.507595209,NA,0.020402507
CPLX1,Brain Meta Analysis,SCZ,Wald ratio,1,0.025,0.02,1.025,0.209,NA,NA,NA,0.018584577
TNR,Brain Meta Analysis,SCZ,Inverse variance weighted,2,-0.006,0.005,0.994,0.209,NA,0.77329139,NA,0.006290695
MATN4,Brain Meta Analysis,SCZ,Wald ratio,1,-0.029,0.023,0.972,0.21,NA,NA,NA,0.011943696
NGEF,Brain Meta Analysis,SCZ,Wald ratio,1,0.022,0.018,1.022,0.21,NA,NA,NA,0.009423252
YES1,Brain Meta Analysis,SCZ,Wald ratio,1,-0.022,0.017,0.978,0.21,NA,NA,NA,0.009421651
APLP2,Brain Meta Analysis,SCZ,Wald ratio,1,-0.037,0.03,0.963,0.211,NA,NA,NA,0.014481656
ADGRG5,Brain Meta Analysis,SCZ,Wald ratio,1,0.028,0.023,1.029,0.211,NA,NA,NA,0.010323074
HSPG2,Brain Meta Analysis,SCZ,Inverse variance weighted,2,0.016,0.013,1.016,0.211,NA,0.357443325,NA,0.016687282
CSMD3,Brain Meta Analysis,SCZ,Inverse variance weighted,2,0.009,0.007,1.009,0.212,NA,0.974893937,NA,0.012002426
CCDC105,Brain Meta Analysis,SCZ,Wald ratio,1,-0.03,0.024,0.97,0.213,NA,NA,NA,0.013443867
MDM1,Brain Meta Analysis,SCZ,Wald ratio,1,-0.031,0.025,0.97,0.213,NA,NA,NA,0.010345519
MDGA2,Brain Meta Analysis,SCZ,Inverse variance weighted,2,-0.034,0.027,0.967,0.213,NA,0.083101742,NA,0.006620487
CIDEA,Brain Meta Analysis,SCZ,Wald ratio,1,0.024,0.019,1.024,0.214,NA,NA,NA,0.012673668
XXYLT1,Brain Meta Analysis,SCZ,MR Egger,3,0.19,0.066,1.209,0.214,0.548546498,0.007589608,0.200696071,0.222888752
TTLL7,Brain Meta Analysis,SCZ,Wald ratio,1,0.028,0.023,1.028,0.214,NA,NA,NA,0.010542866
TTYH2,Brain Meta Analysis,SCZ,Wald ratio,1,0.064,0.051,1.066,0.214,NA,NA,NA,0.030527548
FAM166C,Brain Meta Analysis,SCZ,Wald ratio,1,-0.025,0.02,0.975,0.215,NA,NA,NA,0.009287576
SRGAP1,Brain Meta Analysis,SCZ,Inverse variance weighted,3,-0.01,0.008,0.99,0.215,0.098859544,0.221563302,0.799129373,0.00505403
PELI3,Brain Meta Analysis,SCZ,Wald ratio,1,-0.023,0.018,0.977,0.215,NA,NA,NA,0.010641022
MSRB3,Brain Meta Analysis,SCZ,Wald ratio,1,0.009,0.007,1.009,0.215,NA,NA,NA,0.010214254
TXNDC5,Brain Meta Analysis,SCZ,Wald ratio,1,0.02,0.017,1.021,0.215,NA,NA,NA,0.009364344
PTGER4,Brain Meta Analysis,SCZ,Wald ratio,1,-0.03,0.024,0.971,0.216,NA,NA,NA,0.009269976
FCN1,Brain Meta Analysis,SCZ,Wald ratio,1,-0.023,0.019,0.977,0.216,NA,NA,NA,0.009438094
DAAM2,Brain Meta Analysis,SCZ,Inverse variance weighted,2,0.024,0.02,1.025,0.217,NA,0.798532168,NA,0.010520869
LNX1,Brain Meta Analysis,SCZ,Inverse variance weighted,2,0.014,0.011,1.014,0.217,NA,0.9964134,NA,0.007908455
SLC25A21,Brain Meta Analysis,SCZ,Wald ratio,1,-0.021,0.017,0.979,0.218,NA,NA,NA,0.009589118
AACS,Brain Meta Analysis,SCZ,Wald ratio,1,-0.022,0.018,0.978,0.218,NA,NA,NA,0.009589118
SMG9,Brain Meta Analysis,SCZ,Wald ratio,1,-0.01,0.008,0.99,0.219,NA,NA,NA,0.009582152
DKK1,Brain Meta Analysis,SCZ,Wald ratio,1,-0.029,0.024,0.971,0.219,NA,NA,NA,0.009163799
JMJD1C,Brain Meta Analysis,SCZ,Wald ratio,1,-0.02,0.017,0.98,0.219,NA,NA,NA,0.011427713
KNG1,Brain Meta Analysis,SCZ,Wald ratio,1,0.01,0.008,1.01,0.22,NA,NA,NA,0.009232595
ZFP42,Brain Meta Analysis,SCZ,Wald ratio,1,-0.024,0.019,0.977,0.22,NA,NA,NA,0.009740653
TAP2,Brain Meta Analysis,SCZ,Wald ratio,1,-0.026,0.021,0.975,0.22,NA,NA,NA,0.019535
MGAT4D,Brain Meta Analysis,SCZ,Wald ratio,1,-0.01,0.008,0.99,0.22,NA,NA,NA,0.014235925
SV2C,Brain Meta Analysis,SCZ,Inverse variance weighted,2,0.008,0.007,1.008,0.221,NA,0.407719304,NA,0.015780612
CERS6,Brain Meta Analysis,SCZ,Wald ratio,1,0.015,0.013,1.016,0.221,NA,NA,NA,0.013256874
CDON,Brain Meta Analysis,SCZ,Wald ratio,1,-0.01,0.008,0.991,0.222,NA,NA,NA,0.010311397
ABCC1,Brain Meta Analysis,SCZ,Inverse variance weighted,2,0.027,0.022,1.027,0.222,NA,0.135006648,NA,0.004578417
ENOX1,Brain Meta Analysis,SCZ,Weighted median,3,-0.019,0.016,0.981,0.223,0.911757313,0.175983735,0.31393534,0.019974139
RARS1,Brain Meta Analysis,SCZ,Wald ratio,1,-0.009,0.008,0.991,0.223,NA,NA,NA,0.011376187
GRHL2,Brain Meta Analysis,SCZ,Wald ratio,1,0.02,0.016,1.02,0.224,NA,NA,NA,0.022750955
DCP1A,Brain Meta Analysis,SCZ,Wald ratio,1,0.017,0.014,1.017,0.224,NA,NA,NA,0.011451738
CARD19,Brain Meta Analysis,SCZ,Weighted median,3,-0.014,0.012,0.986,0.224,0.907746025,0.772099661,0.607020351,0.011643662
GAREM1,Brain Meta Analysis,SCZ,Wald ratio,1,0.022,0.018,1.022,0.224,NA,NA,NA,0.011946489
KPNA3,Brain Meta Analysis,SCZ,Wald ratio,1,0.019,0.016,1.02,0.224,NA,NA,NA,0.010527328
MLLT3,Brain Meta Analysis,SCZ,Weighted median,3,0.015,0.012,1.015,0.224,0.5403492,0.793678737,0.817143952,0.005394484
SH2D4B,Brain Meta Analysis,SCZ,MR Egger,4,-0.19,0.109,0.827,0.225,0.267251745,0.093964508,0.233705245,0.007459227
EPS15L1,Brain Meta Analysis,SCZ,Wald ratio,1,0.024,0.02,1.024,0.225,NA,NA,NA,0.025641129
ANKMY2,Brain Meta Analysis,SCZ,Inverse variance weighted,2,0.016,0.013,1.016,0.226,NA,0.08147757,NA,0.01181115
ALAD,Brain Meta Analysis,SCZ,Wald ratio,1,-0.016,0.014,0.984,0.226,NA,NA,NA,0.009258731
PIK3AP1,Brain Meta Analysis,SCZ,Wald ratio,1,0.026,0.022,1.027,0.227,NA,NA,NA,0.01173528
MROH2A,Brain Meta Analysis,SCZ,Wald ratio,1,0.023,0.019,1.023,0.227,NA,NA,NA,0.009831211
SUSD4,Brain Meta Analysis,SCZ,Wald ratio,1,-0.031,0.025,0.97,0.227,NA,NA,NA,0.008289646
CDC7,Brain Meta Analysis,SCZ,Wald ratio,1,-0.01,0.009,0.99,0.227,NA,NA,NA,0.008915938
TMEM163,Brain Meta Analysis,SCZ,Wald ratio,1,-0.009,0.007,0.991,0.228,NA,NA,NA,0.01478179
MLLT1,Brain Meta Analysis,SCZ,Wald ratio,1,0.009,0.007,1.009,0.228,NA,NA,NA,0.010403239
SMAD9,Brain Meta Analysis,SCZ,Wald ratio,1,0.03,0.025,1.03,0.228,NA,NA,NA,0.010902373
ERG,Brain Meta Analysis,SCZ,Wald ratio,1,0.01,0.008,1.01,0.228,NA,NA,NA,0.008990416
SERPINE1,Brain Meta Analysis,SCZ,Wald ratio,1,-0.04,0.033,0.961,0.229,NA,NA,NA,0.010488174
CDH13,Brain Meta Analysis,SCZ,Inverse variance weighted,6,-0.006,0.005,0.994,0.229,0.724481752,0.840569813,0.989546234,0.007240576
CACNA1A,Brain Meta Analysis,SCZ,Inverse variance weighted,3,0.009,0.007,1.009,0.23,0.455386411,0.385475019,0.452491204,0.015907849
COL28A1,Brain Meta Analysis,SCZ,Wald ratio,1,-0.023,0.019,0.977,0.23,NA,NA,NA,0.011634543
DAPK1,Brain Meta Analysis,SCZ,Inverse variance weighted,2,0.015,0.012,1.015,0.23,NA,0.663165248,NA,0.009804079
C18orf63,Brain Meta Analysis,SCZ,Wald ratio,1,0.039,0.033,1.04,0.23,NA,NA,NA,0.01293367
FUZ,Brain Meta Analysis,SCZ,Wald ratio,1,-0.033,0.028,0.967,0.231,NA,NA,NA,0.012203122
RPTOR,Brain Meta Analysis,SCZ,Inverse variance weighted,5,-0.012,0.01,0.988,0.231,0.073903644,0.033202929,0.304424418,0.038338607
CLEC4F,Brain Meta Analysis,SCZ,Wald ratio,1,-0.034,0.028,0.967,0.231,NA,NA,NA,0.021931164
KCP,Brain Meta Analysis,SCZ,Wald ratio,1,-0.025,0.021,0.976,0.231,NA,NA,NA,0.016070728
ITGA1,Brain Meta Analysis,SCZ,Inverse variance weighted,2,0.014,0.012,1.014,0.231,NA,0.525813243,NA,0.006439255
KMO,Brain Meta Analysis,SCZ,Wald ratio,1,0.01,0.009,1.01,0.232,NA,NA,NA,0.016266018
CD9,Brain Meta Analysis,SCZ,Wald ratio,1,0.026,0.022,1.027,0.232,NA,NA,NA,0.008790685
ARID5B,Brain Meta Analysis,SCZ,Wald ratio,1,0.028,0.024,1.029,0.232,NA,NA,NA,0.008732078
LPAR1,Brain Meta Analysis,SCZ,Wald ratio,1,0.03,0.025,1.031,0.233,NA,NA,NA,0.008871285
CLUAP1,Brain Meta Analysis,SCZ,Wald ratio,1,0.03,0.025,1.031,0.233,NA,NA,NA,0.009630516
MYO9B,Brain Meta Analysis,SCZ,Inverse variance weighted,2,0.006,0.005,1.006,0.233,NA,0.33594905,NA,0.014048264
CCND1,Brain Meta Analysis,SCZ,Inverse variance weighted,2,-0.017,0.014,0.984,0.233,NA,0.574231683,NA,0.000368646
DNMT3A,Brain Meta Analysis,SCZ,Wald ratio,1,-0.03,0.025,0.971,0.233,NA,NA,NA,0.00975847
MPDZ,Brain Meta Analysis,SCZ,Wald ratio,1,0.01,0.008,1.01,0.234,NA,NA,NA,0.009439138
HPGD,Brain Meta Analysis,SCZ,Wald ratio,1,-0.034,0.029,0.966,0.234,NA,NA,NA,0.011085726
HLA-DMB,Brain Meta Analysis,SCZ,Wald ratio,1,0.028,0.024,1.029,0.235,NA,NA,NA,0.009015234
NUP214,Brain Meta Analysis,SCZ,Wald ratio,1,0.01,0.008,1.01,0.235,NA,NA,NA,0.010096493
CASS4,Brain Meta Analysis,SCZ,Wald ratio,1,0.024,0.021,1.025,0.235,NA,NA,NA,0.01476766
ANXA6,Brain Meta Analysis,SCZ,Inverse variance weighted,2,-0.022,0.018,0.978,0.235,NA,0.713493413,NA,0.010734246
KCNQ2,Brain Meta Analysis,SCZ,Wald ratio,1,0.01,0.008,1.01,0.235,NA,NA,NA,0.010669077
SLC40A1,Brain Meta Analysis,SCZ,Wald ratio,1,-0.01,0.008,0.99,0.237,NA,NA,NA,0.009744897
STK38L,Brain Meta Analysis,SCZ,Wald ratio,1,-0.03,0.026,0.97,0.237,NA,NA,NA,0.018816443
RAI14,Brain Meta Analysis,SCZ,Inverse variance weighted,2,0.018,0.015,1.018,0.238,NA,0.620854794,NA,0.010684189
TMEM252,Brain Meta Analysis,SCZ,Wald ratio,1,0.022,0.019,1.023,0.238,NA,NA,NA,0.015214663
IFITM10,Brain Meta Analysis,SCZ,Wald ratio,1,0.025,0.021,1.026,0.238,NA,NA,NA,0.012018304
PDCD6IP,Brain Meta Analysis,SCZ,Wald ratio,1,-0.025,0.021,0.976,0.24,NA,NA,NA,0.00955978
ABTB3,Brain Meta Analysis,SCZ,Inverse variance weighted,2,-0.031,0.026,0.97,0.24,NA,0.049799784,NA,0.280022249
LRRFIP1,Brain Meta Analysis,SCZ,Inverse variance weighted,2,0.015,0.013,1.015,0.24,NA,0.645871936,NA,0.005405245
GJB4,Brain Meta Analysis,SCZ,Wald ratio,1,-0.015,0.013,0.985,0.241,NA,NA,NA,0.009054317
HDAC4,Brain Meta Analysis,SCZ,Weighted median,4,-0.009,0.008,0.991,0.241,0.199411575,0.358125112,0.983442247,0.008423786
SLC6A18,Brain Meta Analysis,SCZ,Wald ratio,1,-0.01,0.008,0.99,0.242,NA,NA,NA,0.008636573
HEXB,Brain Meta Analysis,SCZ,Wald ratio,1,-0.008,0.007,0.992,0.242,NA,NA,NA,0.008629656
SH2D4A,Brain Meta Analysis,SCZ,Wald ratio,1,0.027,0.023,1.027,0.242,NA,NA,NA,0.010940662
RUNX1,Brain Meta Analysis,SCZ,Inverse variance weighted,2,0.024,0.02,1.024,0.243,NA,0.232329128,NA,0.005882311
SYNRG,Brain Meta Analysis,SCZ,Wald ratio,1,0.028,0.024,1.029,0.243,NA,NA,NA,0.010657254
SYT6,Brain Meta Analysis,SCZ,Inverse variance weighted,2,-0.014,0.012,0.986,0.243,NA,0.399581247,NA,0.005040848
SLC15A4,Brain Meta Analysis,SCZ,Wald ratio,1,0.01,0.008,1.01,0.243,NA,NA,NA,0.008793901
RIDA,Brain Meta Analysis,SCZ,Wald ratio,1,-0.009,0.008,0.991,0.243,NA,NA,NA,0.008793504
HS3ST4,Brain Meta Analysis,SCZ,Weighted median,3,0.008,0.007,1.008,0.243,0.518230904,0.669305625,0.646228236,0.004583016
LIPC,Brain Meta Analysis,SCZ,Inverse variance weighted,2,0.019,0.017,1.02,0.243,NA,0.033630304,NA,0.030052684
PYCR2,Brain Meta Analysis,SCZ,Wald ratio,1,0.015,0.013,1.015,0.244,NA,NA,NA,0.01238628
NOTCH2,Brain Meta Analysis,SCZ,Wald ratio,1,0.043,0.037,1.044,0.244,NA,NA,NA,0.013500659
PLEKHO2,Brain Meta Analysis,SCZ,Wald ratio,1,-0.034,0.03,0.966,0.245,NA,NA,NA,0.011985809
ALDH1A2,Brain Meta Analysis,SCZ,Wald ratio,1,0.024,0.02,1.024,0.245,NA,NA,NA,0.00836505
TAC3,Brain Meta Analysis,SCZ,Wald ratio,1,-0.033,0.028,0.968,0.245,NA,NA,NA,0.014796659
EMILIN2,Brain Meta Analysis,SCZ,Wald ratio,1,0.009,0.008,1.009,0.246,NA,NA,NA,0.009593279
DNAAF3,Brain Meta Analysis,SCZ,Wald ratio,1,0.027,0.023,1.027,0.246,NA,NA,NA,0.009076321
CHN2,Brain Meta Analysis,SCZ,Weighted median,3,0.016,0.014,1.016,0.246,0.079707596,0.009127972,0.387496412,0.185523631
LRRC69,Brain Meta Analysis,SCZ,Wald ratio,1,-0.038,0.033,0.963,0.246,NA,NA,NA,0.020252215
FLNB,Brain Meta Analysis,SCZ,Wald ratio,1,0.05,0.044,1.052,0.247,NA,NA,NA,0.02300357
ANKRD6,Brain Meta Analysis,SCZ,Wald ratio,1,-0.019,0.016,0.982,0.248,NA,NA,NA,0.011054124
DENND1C,Brain Meta Analysis,SCZ,Wald ratio,1,-0.026,0.022,0.975,0.248,NA,NA,NA,0.008760302
AOX1,Brain Meta Analysis,SCZ,Wald ratio,1,-0.015,0.013,0.985,0.248,NA,NA,NA,0.008759915
NUDT6,Brain Meta Analysis,SCZ,Wald ratio,1,-0.028,0.025,0.972,0.249,NA,NA,NA,0.03241569
SSUH2,Brain Meta Analysis,SCZ,Wald ratio,1,0.02,0.017,1.02,0.249,NA,NA,NA,0.010066595
MAML3,Brain Meta Analysis,SCZ,Inverse variance weighted,3,0.007,0.006,1.007,0.249,0.164961219,0.240239487,0.614506641,0.045741927
USP12,Brain Meta Analysis,SCZ,Wald ratio,1,0.029,0.025,1.029,0.249,NA,NA,NA,0.013794022
EDIL3,Brain Meta Analysis,SCZ,Wald ratio,1,-0.042,0.036,0.959,0.25,NA,NA,NA,0.012325883
TIGD5,Brain Meta Analysis,SCZ,Wald ratio,1,0.024,0.021,1.024,0.25,NA,NA,NA,0.01012873
TBX4,Brain Meta Analysis,SCZ,Wald ratio,1,0.015,0.013,1.015,0.25,NA,NA,NA,0.009569543
CIB2,Brain Meta Analysis,SCZ,Wald ratio,1,-0.028,0.025,0.972,0.25,NA,NA,NA,0.008907655
PLEKHA2,Brain Meta Analysis,SCZ,Wald ratio,1,0.023,0.02,1.023,0.25,NA,NA,NA,0.008907655
HIP1,Brain Meta Analysis,SCZ,Wald ratio,1,-0.018,0.016,0.982,0.25,NA,NA,NA,0.008332661
XKR7,Brain Meta Analysis,SCZ,Wald ratio,1,0.034,0.029,1.034,0.251,NA,NA,NA,0.008986909
ADAMTSL1,Brain Meta Analysis,SCZ,Inverse variance weighted,2,0.036,0.031,1.036,0.251,NA,0.213613845,NA,0.043608552
CHST11,Brain Meta Analysis,SCZ,MR Egger,3,-0.394,0.164,0.674,0.251,0.827173975,0.053694021,0.250526605,0.034990763
GABRA2,Brain Meta Analysis,SCZ,Wald ratio,1,0.022,0.019,1.022,0.251,NA,NA,NA,0.008409872
FFAR4,Brain Meta Analysis,SCZ,Wald ratio,1,0.009,0.008,1.009,0.251,NA,NA,NA,0.014177499
SULF2,Brain Meta Analysis,SCZ,Wald ratio,1,0.019,0.016,1.019,0.252,NA,NA,NA,0.008491485
TSR1,Brain Meta Analysis,SCZ,Wald ratio,1,-0.019,0.017,0.981,0.252,NA,NA,NA,0.008570948
LPIN3,Brain Meta Analysis,SCZ,Wald ratio,1,-0.033,0.029,0.968,0.252,NA,NA,NA,0.00922492
ZNF678,Brain Meta Analysis,SCZ,Wald ratio,1,0.033,0.029,1.034,0.253,NA,NA,NA,0.010553967
DDX4,Brain Meta Analysis,SCZ,Wald ratio,1,0.026,0.023,1.027,0.254,NA,NA,NA,0.014428185
DIP2A,Brain Meta Analysis,SCZ,Wald ratio,1,0.022,0.019,1.022,0.254,NA,NA,NA,0.013996912
IMPDH1,Brain Meta Analysis,SCZ,Wald ratio,1,0.03,0.027,1.031,0.254,NA,NA,NA,0.004415745
ZBTB49,Brain Meta Analysis,SCZ,Wald ratio,1,0.018,0.016,1.019,0.255,NA,NA,NA,0.010844831
XKR9,Brain Meta Analysis,SCZ,Wald ratio,1,-0.023,0.021,0.977,0.255,NA,NA,NA,0.008143804
APCDD1L,Brain Meta Analysis,SCZ,Wald ratio,1,-0.044,0.039,0.957,0.255,NA,NA,NA,0.034013588
PDIA6,Brain Meta Analysis,SCZ,Wald ratio,1,-0.023,0.02,0.977,0.255,NA,NA,NA,0.008225993
CSMD1,Brain Meta Analysis,SCZ,Simple mode,11,0.013,0.011,1.013,0.255,0.097087674,0.138494241,0.872701729,0.00527148
NTRK2,Brain Meta Analysis,SCZ,Wald ratio,1,0.021,0.019,1.022,0.256,NA,NA,NA,0.008303615
DPYS,Brain Meta Analysis,SCZ,Wald ratio,1,0.034,0.03,1.035,0.256,NA,NA,NA,0.009688867
CYP27C1,Brain Meta Analysis,SCZ,Wald ratio,1,0.008,0.007,1.008,0.257,NA,NA,NA,0.009116218
CABP5,Brain Meta Analysis,SCZ,Wald ratio,1,0.03,0.027,1.031,0.257,NA,NA,NA,0.008463177
PLK3,Brain Meta Analysis,SCZ,Wald ratio,1,-0.027,0.023,0.974,0.258,NA,NA,NA,0.010551214
CRTC3,Brain Meta Analysis,SCZ,Wald ratio,1,0.022,0.019,1.022,0.258,NA,NA,NA,0.013558611
TTC7B,Brain Meta Analysis,SCZ,Weighted median,3,0.015,0.013,1.015,0.259,0.554338303,0.786097864,0.778341498,0.006205464
ADGRB1,Brain Meta Analysis,SCZ,Wald ratio,1,0.019,0.016,1.019,0.259,NA,NA,NA,0.01016682
HS3ST2,Brain Meta Analysis,SCZ,Inverse variance weighted,2,0.014,0.012,1.014,0.259,NA,0.282233982,NA,0.008932328
TGFBR3,Brain Meta Analysis,SCZ,Wald ratio,1,0.02,0.017,1.02,0.259,NA,NA,NA,0.005941295
ADGB,Brain Meta Analysis,SCZ,Wald ratio,1,-0.03,0.027,0.971,0.259,NA,NA,NA,0.008043718
COLEC11,Brain Meta Analysis,SCZ,Inverse variance weighted,2,-0.019,0.016,0.982,0.26,NA,0.338901016,NA,0.01120928
LDB2,Brain Meta Analysis,SCZ,Weighted median,3,-0.008,0.007,0.992,0.26,0.536733662,0.776922283,0.785097817,0.007676493
ADRA1A,Brain Meta Analysis,SCZ,Wald ratio,1,0.015,0.013,1.015,0.26,NA,NA,NA,0.008117585
SLTM,Brain Meta Analysis,SCZ,Wald ratio,1,0.033,0.029,1.033,0.26,NA,NA,NA,0.016086123
WLS,Brain Meta Analysis,SCZ,Wald ratio,1,0.025,0.022,1.026,0.261,NA,NA,NA,0.008197644
CAMK2B,Brain Meta Analysis,SCZ,Inverse variance weighted,2,-0.008,0.007,0.992,0.261,NA,0.478755691,NA,0.009298836
MRPL10,Brain Meta Analysis,SCZ,Wald ratio,1,-0.027,0.024,0.974,0.261,NA,NA,NA,0.008277723
FXYD5,Brain Meta Analysis,SCZ,Wald ratio,1,-0.017,0.015,0.983,0.261,NA,NA,NA,0.002416097
GLI2,Brain Meta Analysis,SCZ,MR Egger,5,-0.133,0.097,0.875,0.262,0.612137778,0.436221572,0.255072762,0.005476048
OR5H15,Brain Meta Analysis,SCZ,Wald ratio,1,0.017,0.015,1.017,0.262,NA,NA,NA,0.008355742
ITGA6,Brain Meta Analysis,SCZ,Inverse variance weighted,2,0.024,0.022,1.024,0.262,NA,0.725725852,NA,0.010202964
LCK,Brain Meta Analysis,SCZ,Inverse variance weighted,2,0.021,0.019,1.021,0.263,NA,0.273787757,NA,0.015146237
EEPD1,Brain Meta Analysis,SCZ,Simple mode,3,-0.049,0.031,0.953,0.263,0.591871671,0.120065414,0.296706939,0.019502863
UNC80,Brain Meta Analysis,SCZ,Inverse variance weighted,2,0.018,0.016,1.018,0.263,NA,0.29159986,NA,0.006408688
ERMARD,Brain Meta Analysis,SCZ,Wald ratio,1,0.025,0.022,1.025,0.264,NA,NA,NA,0.009411723
BLTP3B,Brain Meta Analysis,SCZ,Wald ratio,1,0.015,0.014,1.015,0.264,NA,NA,NA,0.01557453
WSCD2,Brain Meta Analysis,SCZ,Wald ratio,1,0.023,0.021,1.023,0.265,NA,NA,NA,0.0094053
CNTFR,Brain Meta Analysis,SCZ,Wald ratio,1,0.04,0.036,1.041,0.265,NA,NA,NA,0.00780348
SMURF1,Brain Meta Analysis,SCZ,Wald ratio,1,-0.009,0.008,0.991,0.265,NA,NA,NA,0.009644665
MB21D2,Brain Meta Analysis,SCZ,Wald ratio,1,-0.02,0.018,0.981,0.265,NA,NA,NA,0.008098098
PTGR3,Brain Meta Analysis,SCZ,Wald ratio,1,0.009,0.008,1.009,0.265,NA,NA,NA,0.008098098
C2orf69,Brain Meta Analysis,SCZ,Wald ratio,1,0.038,0.034,1.038,0.266,NA,NA,NA,0.018309323
ALPK2,Brain Meta Analysis,SCZ,Wald ratio,1,0.031,0.028,1.032,0.266,NA,NA,NA,0.008988772
ADCY5,Brain Meta Analysis,SCZ,Wald ratio,1,0.017,0.016,1.018,0.267,NA,NA,NA,0.009068985
SLC34A2,Brain Meta Analysis,SCZ,Wald ratio,1,0.033,0.029,1.033,0.267,NA,NA,NA,0.010741331
HMGXB3,Brain Meta Analysis,SCZ,Wald ratio,1,-0.021,0.018,0.98,0.267,NA,NA,NA,0.009955273
CTDSPL,Brain Meta Analysis,SCZ,Wald ratio,1,-0.021,0.019,0.98,0.268,NA,NA,NA,0.009223971
VAPB,Brain Meta Analysis,SCZ,Wald ratio,1,0.017,0.015,1.017,0.268,NA,NA,NA,0.015231268
FNBP1,Brain Meta Analysis,SCZ,Wald ratio,1,-0.077,0.069,0.926,0.269,NA,NA,NA,0.02691507
PDE4D,Brain Meta Analysis,SCZ,MR Egger,4,0.025,0.016,1.025,0.269,0.50825055,0.309064343,0.273300037,0.007363338
PREX1,Brain Meta Analysis,SCZ,Inverse variance weighted,2,0.018,0.017,1.018,0.269,NA,0.24148721,NA,0.021689393
ITGA2,Brain Meta Analysis,SCZ,Wald ratio,1,-0.023,0.021,0.978,0.27,NA,NA,NA,0.007919706
EDNRB,Brain Meta Analysis,SCZ,Wald ratio,1,-0.025,0.022,0.976,0.27,NA,NA,NA,0.007915322
PAH,Brain Meta Analysis,SCZ,Wald ratio,1,-0.008,0.007,0.992,0.27,NA,NA,NA,0.010512026
SH2D1B,Brain Meta Analysis,SCZ,Inverse variance weighted,2,0.013,0.012,1.014,0.27,NA,0.745249698,NA,0.006081867
OXR1,Brain Meta Analysis,SCZ,Inverse variance weighted,2,0.008,0.007,1.008,0.271,NA,0.969120852,NA,0.008217112
TAPT1,Brain Meta Analysis,SCZ,Wald ratio,1,0.016,0.014,1.016,0.271,NA,NA,NA,0.008077369
DYNC1I1,Brain Meta Analysis,SCZ,Wald ratio,1,-0.023,0.021,0.977,0.271,NA,NA,NA,0.009861241
TCFL5,Brain Meta Analysis,SCZ,Wald ratio,1,-0.017,0.016,0.983,0.271,NA,NA,NA,0.008154039
COTL1,Brain Meta Analysis,SCZ,Wald ratio,1,-0.03,0.028,0.97,0.272,NA,NA,NA,0.008234633
TCF7L1,Brain Meta Analysis,SCZ,Wald ratio,1,-0.026,0.024,0.974,0.272,NA,NA,NA,0.008154445
MAGEF1,Brain Meta Analysis,SCZ,Wald ratio,1,0.019,0.017,1.019,0.274,NA,NA,NA,0.008637272
SCARB1,Brain Meta Analysis,SCZ,Inverse variance weighted,2,0.008,0.008,1.008,0.274,NA,0.744830193,NA,0.008303619
EBF1,Brain Meta Analysis,SCZ,Inverse variance weighted,2,-0.008,0.007,0.992,0.274,NA,0.680586368,NA,0.011588762
APOB,Brain Meta Analysis,SCZ,Wald ratio,1,0.02,0.019,1.021,0.275,NA,NA,NA,0.007822625
HIVEP2,Brain Meta Analysis,SCZ,MR Egger,3,0.059,0.027,1.061,0.275,0.920723164,0.093558123,0.274406464,0.011303496
ARL14EPL,Brain Meta Analysis,SCZ,Wald ratio,1,0.035,0.032,1.036,0.276,NA,NA,NA,0.007879688
FCHO1,Brain Meta Analysis,SCZ,Wald ratio,1,-0.021,0.019,0.98,0.276,NA,NA,NA,0.007974731
ZDHHC13,Brain Meta Analysis,SCZ,Wald ratio,1,0.026,0.024,1.027,0.276,NA,NA,NA,0.008029906
SCLT1,Brain Meta Analysis,SCZ,Wald ratio,1,-0.026,0.023,0.975,0.276,NA,NA,NA,0.007997024
UQCRC1,Brain Meta Analysis,SCZ,Wald ratio,1,0.02,0.018,1.02,0.277,NA,NA,NA,0.005489747
LONRF1,Brain Meta Analysis,SCZ,Wald ratio,1,0.049,0.045,1.05,0.277,NA,NA,NA,0.019140226
HAUS6,Brain Meta Analysis,SCZ,Wald ratio,1,0.009,0.008,1.009,0.277,NA,NA,NA,0.011284758
HFM1,Brain Meta Analysis,SCZ,Wald ratio,1,0.018,0.017,1.018,0.277,NA,NA,NA,0.008217109
PDE11A,Brain Meta Analysis,SCZ,Wald ratio,1,-0.025,0.023,0.975,0.277,NA,NA,NA,0.013271315
ITGB2,Brain Meta Analysis,SCZ,Wald ratio,1,0.008,0.008,1.008,0.277,NA,NA,NA,0.009353111
SPSB4,Brain Meta Analysis,SCZ,Wald ratio,1,0.028,0.026,1.028,0.277,NA,NA,NA,0.007778852
IL21R,Brain Meta Analysis,SCZ,Wald ratio,1,0.044,0.041,1.045,0.278,NA,NA,NA,0.013013137
ZNF665,Brain Meta Analysis,SCZ,Wald ratio,1,-0.017,0.016,0.983,0.278,NA,NA,NA,0.013510123
FOXN3,Brain Meta Analysis,SCZ,Inverse variance weighted,5,-0.008,0.007,0.992,0.278,0.200753547,0.32002691,0.853463463,0.047112204
AKNAD1,Brain Meta Analysis,SCZ,Wald ratio,1,0.021,0.02,1.022,0.278,NA,NA,NA,0.008459456
NANS,Brain Meta Analysis,SCZ,Wald ratio,1,-0.008,0.008,0.992,0.278,NA,NA,NA,0.008453643
RALBP1,Brain Meta Analysis,SCZ,Wald ratio,1,-0.025,0.023,0.975,0.279,NA,NA,NA,0.011028911
PRX,Brain Meta Analysis,SCZ,Wald ratio,1,-0.024,0.022,0.977,0.279,NA,NA,NA,0.012792003
CCM2,Brain Meta Analysis,SCZ,Wald ratio,1,-0.035,0.032,0.965,0.279,NA,NA,NA,0.01804027
DGKI,Brain Meta Analysis,SCZ,Inverse variance weighted,2,-0.095,0.088,0.909,0.28,NA,7.36E-07,NA,0.999936258
MCUB,Brain Meta Analysis,SCZ,Wald ratio,1,-0.012,0.011,0.988,0.28,NA,NA,NA,0.007725873
ST3GAL4,Brain Meta Analysis,SCZ,Wald ratio,1,-0.023,0.021,0.977,0.28,NA,NA,NA,0.007724866
ITSN1,Brain Meta Analysis,SCZ,Wald ratio,1,-0.034,0.032,0.966,0.28,NA,NA,NA,0.014130092
FBXL17,Brain Meta Analysis,SCZ,Inverse variance weighted,2,0.03,0.028,1.031,0.281,NA,0.053634452,NA,0.149883728
PROKR1,Brain Meta Analysis,SCZ,Wald ratio,1,0.017,0.015,1.017,0.281,NA,NA,NA,0.000229645
IRX1,Brain Meta Analysis,SCZ,Wald ratio,1,0.025,0.024,1.026,0.281,NA,NA,NA,0.013183431
VDAC1,Brain Meta Analysis,SCZ,Wald ratio,1,-0.009,0.008,0.991,0.282,NA,NA,NA,0.011661513
PCED1B,Brain Meta Analysis,SCZ,Wald ratio,1,-0.009,0.008,0.991,0.283,NA,NA,NA,0.008283009
SNX30,Brain Meta Analysis,SCZ,Wald ratio,1,0.008,0.007,1.008,0.283,NA,NA,NA,0.00844487
TNIK,Brain Meta Analysis,SCZ,Weighted median,3,-0.008,0.007,0.992,0.283,0.006552183,0.022456314,0.896067694,0.007524978
CARD10,Brain Meta Analysis,SCZ,Wald ratio,1,0.008,0.007,1.008,0.283,NA,NA,NA,0.008439188
MORF4L1,Brain Meta Analysis,SCZ,Wald ratio,1,-0.024,0.022,0.976,0.284,NA,NA,NA,0.011175813
HTR1F,Brain Meta Analysis,SCZ,Wald ratio,1,-0.015,0.014,0.985,0.285,NA,NA,NA,0.007712124
ZNF354B,Brain Meta Analysis,SCZ,Wald ratio,1,-0.025,0.024,0.975,0.286,NA,NA,NA,0.007736529
FEM1C,Brain Meta Analysis,SCZ,Wald ratio,1,-0.027,0.026,0.973,0.286,NA,NA,NA,0.009082629
TRIML1,Brain Meta Analysis,SCZ,Wald ratio,1,0.045,0.042,1.046,0.286,NA,NA,NA,0.025007113
ATP10A,Brain Meta Analysis,SCZ,MR Egger,4,-0.114,0.079,0.892,0.286,0.589676746,0.408049961,0.307884658,0.015950231
GIPR,Brain Meta Analysis,SCZ,Wald ratio,1,-0.03,0.028,0.97,0.286,NA,NA,NA,0.009324937
CAVIN2,Brain Meta Analysis,SCZ,Wald ratio,1,-0.01,0.009,0.991,0.287,NA,NA,NA,0.008030853
CDKAL1,Brain Meta Analysis,SCZ,Wald ratio,1,0.024,0.022,1.024,0.287,NA,NA,NA,0.008017139
PRSS56,Brain Meta Analysis,SCZ,Wald ratio,1,-0.008,0.008,0.992,0.288,NA,NA,NA,0.00835149
SMAD1,Brain Meta Analysis,SCZ,Wald ratio,1,-0.048,0.045,0.953,0.288,NA,NA,NA,0.019291304
ABI3BP,Brain Meta Analysis,SCZ,Wald ratio,1,-0.023,0.022,0.977,0.288,NA,NA,NA,0.008426072
F13A1,Brain Meta Analysis,SCZ,Wald ratio,1,-0.018,0.017,0.982,0.289,NA,NA,NA,0.008594269
TP63,Brain Meta Analysis,SCZ,Wald ratio,1,0.013,0.012,1.013,0.289,NA,NA,NA,0.007868202
PRUNE2,Brain Meta Analysis,SCZ,Inverse variance weighted,2,0.008,0.008,1.008,0.289,NA,0.677557125,NA,0.008303619
CKLF,Brain Meta Analysis,SCZ,Wald ratio,1,-0.024,0.023,0.976,0.29,NA,NA,NA,0.021331702
METTL4,Brain Meta Analysis,SCZ,Wald ratio,1,-0.009,0.009,0.991,0.29,NA,NA,NA,0.008831466
RBFOX3,Brain Meta Analysis,SCZ,Inverse variance weighted,8,-0.006,0.006,0.994,0.29,0.897520276,0.790357009,0.242669375,0.011615752
C2orf76,Brain Meta Analysis,SCZ,Wald ratio,1,-0.008,0.008,0.992,0.29,NA,NA,NA,0.003078822
GALNT18,Brain Meta Analysis,SCZ,Simple mode,4,-0.014,0.011,0.987,0.29,0.60906216,0.7391845,0.657324369,0.00793655
WASHC4,Brain Meta Analysis,SCZ,Wald ratio,1,0.007,0.007,1.008,0.291,NA,NA,NA,0.007700792
TOX,Brain Meta Analysis,SCZ,Wald ratio,1,0.018,0.017,1.018,0.291,NA,NA,NA,0.007613681
LRIT3,Brain Meta Analysis,SCZ,Wald ratio,1,-0.04,0.038,0.961,0.291,NA,NA,NA,0.024036984
CLIC6,Brain Meta Analysis,SCZ,Wald ratio,1,0.026,0.025,1.027,0.292,NA,NA,NA,0.008367339
SLC43A2,Brain Meta Analysis,SCZ,Wald ratio,1,0.027,0.026,1.028,0.292,NA,NA,NA,0.005437335
SNX9,Brain Meta Analysis,SCZ,Wald ratio,1,0.02,0.019,1.021,0.292,NA,NA,NA,0.009547537
SHISA6,Brain Meta Analysis,SCZ,Weighted median,3,-0.012,0.011,0.988,0.293,0.82169032,0.352034568,0.389061117,0.006014518
SSRP1,Brain Meta Analysis,SCZ,Wald ratio,1,0.017,0.017,1.018,0.293,NA,NA,NA,0.010104442
TPH2,Brain Meta Analysis,SCZ,Wald ratio,1,-0.007,0.007,0.993,0.293,NA,NA,NA,0.079391181
ADGRD1,Brain Meta Analysis,SCZ,Weighted median,3,-0.026,0.025,0.974,0.294,0.002940506,0.003805314,0.699851899,0.010731785
ST6GAL1,Brain Meta Analysis,SCZ,Inverse variance weighted,2,0.008,0.008,1.009,0.295,NA,0.275916318,NA,0.008355476
MND1,Brain Meta Analysis,SCZ,Wald ratio,1,0.032,0.03,1.032,0.295,NA,NA,NA,0.009061947
SDF4,Brain Meta Analysis,SCZ,Wald ratio,1,0.024,0.023,1.025,0.295,NA,NA,NA,0.011804903
PDILT,Brain Meta Analysis,SCZ,Wald ratio,1,0.008,0.008,1.008,0.295,NA,NA,NA,0.007366383
ANKRD7,Brain Meta Analysis,SCZ,Wald ratio,1,-0.009,0.008,0.991,0.296,NA,NA,NA,0.00744525
PLXDC1,Brain Meta Analysis,SCZ,Wald ratio,1,-0.024,0.023,0.976,0.296,NA,NA,NA,0.007415929
LGR6,Brain Meta Analysis,SCZ,Wald ratio,1,-0.009,0.008,0.991,0.296,NA,NA,NA,0.007524978
NR3C2,Brain Meta Analysis,SCZ,Inverse variance weighted,2,0.014,0.013,1.014,0.296,NA,0.591494988,NA,0.004983546
SFRP1,Brain Meta Analysis,SCZ,Wald ratio,1,-0.02,0.019,0.98,0.296,NA,NA,NA,0.007604679
COL13A1,Brain Meta Analysis,SCZ,Weighted mode,4,0.01,0.008,1.01,0.297,0.879276321,0.767748585,0.44693367,0.005691183
PLEKHA5,Brain Meta Analysis,SCZ,Wald ratio,1,-0.007,0.007,0.993,0.297,NA,NA,NA,0.008011484
KRBOX5,Brain Meta Analysis,SCZ,Wald ratio,1,-0.016,0.015,0.984,0.297,NA,NA,NA,0.008011484
TENM2,Brain Meta Analysis,SCZ,Weighted median,4,-0.016,0.015,0.984,0.297,0.382121947,0.444586277,0.477660297,0.005581181
TG,Brain Meta Analysis,SCZ,Wald ratio,1,-0.017,0.017,0.983,0.298,NA,NA,NA,0.005773174
AIMP2,Brain Meta Analysis,SCZ,Wald ratio,1,-0.018,0.017,0.982,0.298,NA,NA,NA,0.008576507
GALNT9,Brain Meta Analysis,SCZ,Inverse variance weighted,2,0.028,0.027,1.029,0.299,NA,0.14975276,NA,0.038051568
BRF1,Brain Meta Analysis,SCZ,Inverse variance weighted,2,0.016,0.015,1.016,0.299,NA,0.597446471,NA,0.005769726
TFPI2,Brain Meta Analysis,SCZ,Wald ratio,1,0.034,0.033,1.035,0.299,NA,NA,NA,0.024918127
DHX16,Brain Meta Analysis,SCZ,Wald ratio,1,-0.045,0.043,0.956,0.299,NA,NA,NA,0.030899322
SLC16A9,Brain Meta Analysis,SCZ,Wald ratio,1,0.036,0.034,1.036,0.299,NA,NA,NA,0.008958603
TUSC3,Brain Meta Analysis,SCZ,Wald ratio,1,0.008,0.008,1.008,0.3,NA,NA,NA,0.00937653
CDKL1,Brain Meta Analysis,SCZ,Wald ratio,1,-0.026,0.025,0.974,0.3,NA,NA,NA,0.008124787
PTPRD,Brain Meta Analysis,SCZ,MR Egger,3,-0.126,0.064,0.882,0.301,0.436266389,0.121245555,0.30829053,0.059370123
TBPL1,Brain Meta Analysis,SCZ,Wald ratio,1,-0.008,0.008,0.992,0.301,NA,NA,NA,0.007359237
CBY2,Brain Meta Analysis,SCZ,Wald ratio,1,0.022,0.022,1.023,0.301,NA,NA,NA,0.009850069
BACH2,Brain Meta Analysis,SCZ,Wald ratio,1,-0.017,0.017,0.983,0.301,NA,NA,NA,0.007603458
PEPD,Brain Meta Analysis,SCZ,Wald ratio,1,0.019,0.019,1.019,0.302,NA,NA,NA,0.007765902
GRIN2A,Brain Meta Analysis,SCZ,Inverse variance weighted,2,0.049,0.048,1.051,0.302,NA,0.00020089,NA,0.999796141
APOLD1,Brain Meta Analysis,SCZ,Wald ratio,1,-0.037,0.035,0.964,0.302,NA,NA,NA,0.010389209
GREB1,Brain Meta Analysis,SCZ,Wald ratio,1,0.018,0.018,1.019,0.302,NA,NA,NA,0.008001508
MMP20,Brain Meta Analysis,SCZ,Wald ratio,1,0.026,0.025,1.026,0.302,NA,NA,NA,0.008082816
ARHGAP31,Brain Meta Analysis,SCZ,Wald ratio,1,0.025,0.025,1.026,0.303,NA,NA,NA,0.009284522
SIGIRR,Brain Meta Analysis,SCZ,Wald ratio,1,-0.016,0.016,0.984,0.303,NA,NA,NA,0.008642431
EXOC2,Brain Meta Analysis,SCZ,Inverse variance weighted,4,-0.008,0.008,0.992,0.303,0.104337116,0.181345253,0.73099142,0.006377881
KLK11,Brain Meta Analysis,SCZ,Wald ratio,1,0.036,0.035,1.037,0.304,NA,NA,NA,0.011289214
PRDM16,Brain Meta Analysis,SCZ,Inverse variance weighted,7,-0.009,0.009,0.991,0.304,0.112229523,0.162475183,0.707659739,0.006158393
LSAMP,Brain Meta Analysis,SCZ,Simple mode,5,0.031,0.026,1.032,0.304,0.220070736,0.161957547,0.315099688,0.034065599
UBTD2,Brain Meta Analysis,SCZ,Wald ratio,1,-0.026,0.025,0.975,0.306,NA,NA,NA,0.00702411
ZBTB7C,Brain Meta Analysis,SCZ,Wald ratio,1,-0.019,0.019,0.981,0.306,NA,NA,NA,0.016261702
TBX15,Brain Meta Analysis,SCZ,Wald ratio,1,-0.015,0.014,0.985,0.307,NA,NA,NA,0.007761074
ANTXRL,Brain Meta Analysis,SCZ,Wald ratio,1,-0.039,0.038,0.962,0.307,NA,NA,NA,0.022309098
NKAPD1,Brain Meta Analysis,SCZ,Wald ratio,1,0.009,0.008,1.009,0.307,NA,NA,NA,0.007593075
NRCAM,Brain Meta Analysis,SCZ,Simple mode,3,0.047,0.035,1.048,0.307,0.961641117,0.005744827,0.192148175,0.258489298
ADAP1,Brain Meta Analysis,SCZ,Inverse variance weighted,2,0.018,0.018,1.018,0.308,NA,0.722819542,NA,0.009409386
CFAP206,Brain Meta Analysis,SCZ,Wald ratio,1,0.02,0.019,1.02,0.308,NA,NA,NA,0.02012791
TRIM7,Brain Meta Analysis,SCZ,Wald ratio,1,0.016,0.016,1.016,0.308,NA,NA,NA,0.013261363
SLC25A10,Brain Meta Analysis,SCZ,Wald ratio,1,-0.02,0.019,0.98,0.308,NA,NA,NA,0.008962534
PSAPL1,Brain Meta Analysis,SCZ,Wald ratio,1,-0.022,0.022,0.978,0.308,NA,NA,NA,0.009125624
DYSF,Brain Meta Analysis,SCZ,Simple mode,3,0.025,0.019,1.026,0.309,0.45274717,0.226370996,0.364466499,0.005687019
GASK1B,Brain Meta Analysis,SCZ,Wald ratio,1,0.027,0.027,1.027,0.31,NA,NA,NA,0.010799458
BEGAIN,Brain Meta Analysis,SCZ,Wald ratio,1,0.029,0.029,1.03,0.31,NA,NA,NA,0.011121307
SYNPR,Brain Meta Analysis,SCZ,Weighted mode,3,0.026,0.02,1.027,0.31,0.258184838,0.5235706,0.929732152,0.004982972
DNAJB5,Brain Meta Analysis,SCZ,Wald ratio,1,0.037,0.037,1.038,0.311,NA,NA,NA,0.011648676
KCNJ16,Brain Meta Analysis,SCZ,Inverse variance weighted,2,-0.008,0.007,0.992,0.311,NA,0.43887379,NA,0.010887468
ASTN2,Brain Meta Analysis,SCZ,Inverse variance weighted,2,-0.017,0.016,0.983,0.311,NA,0.460173962,NA,0.00522371
NRG4,Brain Meta Analysis,SCZ,Inverse variance weighted,2,-0.006,0.006,0.994,0.311,NA,0.432161335,NA,0.027671428
CTTNBP2,Brain Meta Analysis,SCZ,Inverse variance weighted,2,0.027,0.026,1.027,0.311,NA,0.022156624,NA,0.365392599
PCSK6,Brain Meta Analysis,SCZ,Simple mode,6,0.013,0.011,1.013,0.311,0.067045824,0.095513678,0.631851252,0.004326567
PGBD5,Brain Meta Analysis,SCZ,Wald ratio,1,0.008,0.008,1.008,0.312,NA,NA,NA,0.00719037
CRPPA,Brain Meta Analysis,SCZ,Wald ratio,1,-0.033,0.033,0.967,0.312,NA,NA,NA,0.007261111
RPS6KA4,Brain Meta Analysis,SCZ,Wald ratio,1,-0.018,0.017,0.983,0.312,NA,NA,NA,0.007270405
EFCAB2,Brain Meta Analysis,SCZ,Wald ratio,1,0.007,0.007,1.007,0.312,NA,NA,NA,0.00726975
CMAS,Brain Meta Analysis,SCZ,Wald ratio,1,-0.022,0.022,0.978,0.312,NA,NA,NA,0.007432704
TEX261,Brain Meta Analysis,SCZ,Wald ratio,1,-0.019,0.018,0.982,0.312,NA,NA,NA,0.007677018
MARCHF2,Brain Meta Analysis,SCZ,Wald ratio,1,0.015,0.015,1.015,0.312,NA,NA,NA,0.007758427
SCGB2B2,Brain Meta Analysis,SCZ,Wald ratio,1,-0.024,0.023,0.977,0.312,NA,NA,NA,0.007752952
NFATC1,Brain Meta Analysis,SCZ,Weighted median,3,0.006,0.006,1.006,0.312,0.426256245,0.571156352,0.612061715,0.00700134
NKX6-1,Brain Meta Analysis,SCZ,Wald ratio,1,-0.024,0.024,0.976,0.312,NA,NA,NA,0.007410654
LPIN1,Brain Meta Analysis,SCZ,Wald ratio,1,-0.008,0.008,0.992,0.312,NA,NA,NA,0.007510326
HIPK2,Brain Meta Analysis,SCZ,Wald ratio,1,-0.007,0.007,0.993,0.312,NA,NA,NA,0.007917733
SYNPO2,Brain Meta Analysis,SCZ,Wald ratio,1,-0.024,0.024,0.976,0.312,NA,NA,NA,0.007997481
TGFBR2,Brain Meta Analysis,SCZ,Wald ratio,1,0.032,0.032,1.033,0.312,NA,NA,NA,0.007996486
ALG3,Brain Meta Analysis,SCZ,Wald ratio,1,-0.036,0.036,0.964,0.312,NA,NA,NA,0.00824209
PELI2,Brain Meta Analysis,SCZ,Inverse variance weighted,2,0.03,0.03,1.031,0.313,NA,0.023645822,NA,0.007992864
IQUB,Brain Meta Analysis,SCZ,Wald ratio,1,-0.021,0.021,0.979,0.313,NA,NA,NA,0.018830315
RPL18A,Brain Meta Analysis,SCZ,Wald ratio,1,0.017,0.017,1.017,0.314,NA,NA,NA,0.011186531
PRIMA1,Brain Meta Analysis,SCZ,Wald ratio,1,0.018,0.018,1.018,0.314,NA,NA,NA,0.011200005
PTGFRN,Brain Meta Analysis,SCZ,Wald ratio,1,0.017,0.017,1.017,0.314,NA,NA,NA,0.010556024
PRMT3,Brain Meta Analysis,SCZ,Wald ratio,1,-0.025,0.024,0.976,0.314,NA,NA,NA,0.012149547
KNDC1,Brain Meta Analysis,SCZ,Inverse variance weighted,2,-0.025,0.024,0.976,0.317,NA,0.060901104,NA,0.004933901
GRM3,Brain Meta Analysis,SCZ,Wald ratio,1,0.025,0.025,1.025,0.317,NA,NA,NA,0.009591056
COL9A1,Brain Meta Analysis,SCZ,Wald ratio,1,0.034,0.034,1.035,0.317,NA,NA,NA,0.005933245
GSTO2,Brain Meta Analysis,SCZ,Wald ratio,1,0.032,0.032,1.033,0.317,NA,NA,NA,0.024498716
MCCC2,Brain Meta Analysis,SCZ,Wald ratio,1,-0.013,0.013,0.987,0.317,NA,NA,NA,0.007269313
AKAIN1,Brain Meta Analysis,SCZ,Wald ratio,1,0.026,0.026,1.026,0.317,NA,NA,NA,0.008155861
GOLGA3,Brain Meta Analysis,SCZ,Wald ratio,1,-0.05,0.05,0.951,0.317,NA,NA,NA,0.02541805
KHDRBS3,Brain Meta Analysis,SCZ,Wald ratio,1,-0.016,0.016,0.984,0.317,NA,NA,NA,0.008074547
HACD3,Brain Meta Analysis,SCZ,Wald ratio,1,0.023,0.023,1.023,0.317,NA,NA,NA,0.0116818
TAFA5,Brain Meta Analysis,SCZ,Weighted median,3,0.016,0.016,1.016,0.318,0.989033935,0.237078512,0.339059085,0.020983255
SHANK2,Brain Meta Analysis,SCZ,Inverse variance weighted,2,-0.044,0.044,0.957,0.318,NA,0.006741692,NA,0.866625809
WWOX,Brain Meta Analysis,SCZ,MR Egger,5,-0.088,0.074,0.916,0.318,0.167316945,0.112275303,0.316634276,0.016212543
ZNF423,Brain Meta Analysis,SCZ,Weighted median,5,-0.008,0.008,0.992,0.318,0.130932326,0.155593028,0.514975481,0.007868653
BICD1,Brain Meta Analysis,SCZ,Inverse variance weighted,2,-0.007,0.007,0.993,0.319,NA,0.858602483,NA,0.004623238
PHACTR1,Brain Meta Analysis,SCZ,Inverse variance weighted,2,0.018,0.018,1.018,0.32,NA,0.232864129,NA,0.008350903
EVL,Brain Meta Analysis,SCZ,Wald ratio,1,0.022,0.022,1.023,0.32,NA,NA,NA,0.026231956
LZTS1,Brain Meta Analysis,SCZ,Inverse variance weighted,2,-0.024,0.024,0.976,0.32,NA,0.17322416,NA,0.02505862
CUEDC1,Brain Meta Analysis,SCZ,Wald ratio,1,0.022,0.022,1.022,0.321,NA,NA,NA,0.010435457
CHTF18,Brain Meta Analysis,SCZ,Wald ratio,1,-0.026,0.026,0.974,0.321,NA,NA,NA,0.009611372
SEL1L3,Brain Meta Analysis,SCZ,Wald ratio,1,-0.026,0.026,0.974,0.322,NA,NA,NA,0.008716965
PAOX,Brain Meta Analysis,SCZ,Wald ratio,1,-0.018,0.019,0.982,0.322,NA,NA,NA,0.015114173
JCAD,Brain Meta Analysis,SCZ,Inverse variance weighted,2,0.013,0.013,1.013,0.322,NA,0.507216332,NA,0.00446646
RABL3,Brain Meta Analysis,SCZ,Wald ratio,1,0.008,0.008,1.008,0.323,NA,NA,NA,0.007589975
PANX1,Brain Meta Analysis,SCZ,Wald ratio,1,-0.018,0.018,0.982,0.323,NA,NA,NA,0.007189979
EFNA5,Brain Meta Analysis,SCZ,Wald ratio,1,0.008,0.008,1.008,0.323,NA,NA,NA,0.008511797
BICC1,Brain Meta Analysis,SCZ,Wald ratio,1,0.007,0.007,1.007,0.323,NA,NA,NA,0.007029761
ZBED8,Brain Meta Analysis,SCZ,Wald ratio,1,0.022,0.023,1.023,0.323,NA,NA,NA,0.007269415
IFFO2,Brain Meta Analysis,SCZ,Wald ratio,1,0.008,0.008,1.008,0.323,NA,NA,NA,0.007106474
EBF3,Brain Meta Analysis,SCZ,MR Egger,4,0.144,0.111,1.155,0.323,0.291303151,0.211746052,0.327267182,0.043388513
NUP93,Brain Meta Analysis,SCZ,Wald ratio,1,-0.039,0.039,0.962,0.324,NA,NA,NA,0.019109978
SLC30A9,Brain Meta Analysis,SCZ,Wald ratio,1,-0.021,0.021,0.979,0.324,NA,NA,NA,0.017063131
TMEM132C,Brain Meta Analysis,SCZ,MR Egger,5,0.025,0.021,1.025,0.325,0.05023824,0.003671252,0.182692515,0.005742152
ANGPTL5,Brain Meta Analysis,SCZ,Wald ratio,1,0.03,0.03,1.03,0.325,NA,NA,NA,0.019881087
FGGY,Brain Meta Analysis,SCZ,Inverse variance weighted,2,0.019,0.019,1.019,0.326,NA,0.908073508,NA,0.005946067
UMAD1,Brain Meta Analysis,SCZ,Wald ratio,1,0.02,0.02,1.02,0.326,NA,NA,NA,0.013633883
GNB1L,Brain Meta Analysis,SCZ,Inverse variance weighted,2,0.025,0.026,1.026,0.326,NA,0.057785408,NA,0.134146882
EREG,Brain Meta Analysis,SCZ,Wald ratio,1,0.028,0.029,1.029,0.326,NA,NA,NA,0.008881214
FOXM1,Brain Meta Analysis,SCZ,Wald ratio,1,0.026,0.026,1.026,0.327,NA,NA,NA,0.012069686
CAPN12,Brain Meta Analysis,SCZ,Wald ratio,1,0.013,0.014,1.013,0.327,NA,NA,NA,0.008077348
GPAT3,Brain Meta Analysis,SCZ,Wald ratio,1,0.007,0.008,1.007,0.327,NA,NA,NA,0.007678728
NAV2,Brain Meta Analysis,SCZ,Simple mode,6,-0.008,0.008,0.992,0.327,0.609191508,0.723785491,0.722359157,0.005204756
CNEP1R1,Brain Meta Analysis,SCZ,Wald ratio,1,0.007,0.008,1.007,0.328,NA,NA,NA,0.00767225
MYOC,Brain Meta Analysis,SCZ,Wald ratio,1,0.017,0.017,1.017,0.328,NA,NA,NA,0.00751244
SH3PXD2B,Brain Meta Analysis,SCZ,Wald ratio,1,0.009,0.009,1.009,0.328,NA,NA,NA,0.007353279
SLC13A3,Brain Meta Analysis,SCZ,Wald ratio,1,-0.007,0.007,0.993,0.328,NA,NA,NA,0.007271879
OLFM3,Brain Meta Analysis,SCZ,Wald ratio,1,-0.023,0.024,0.977,0.328,NA,NA,NA,0.00717794
SIPA1L2,Brain Meta Analysis,SCZ,Inverse variance weighted,2,-0.012,0.013,0.988,0.328,NA,0.103819993,NA,0.045051882
GRAP2,Brain Meta Analysis,SCZ,Wald ratio,1,0.026,0.027,1.027,0.329,NA,NA,NA,0.007027589
OTOF,Brain Meta Analysis,SCZ,Inverse variance weighted,2,0.025,0.026,1.025,0.329,NA,0.154693056,NA,0.005730431
SNRPB2,Brain Meta Analysis,SCZ,Wald ratio,1,-0.023,0.023,0.977,0.329,NA,NA,NA,0.010163084
RTEL1,Brain Meta Analysis,SCZ,Wald ratio,1,0.023,0.024,1.024,0.33,NA,NA,NA,0.012089265
HTT,Brain Meta Analysis,SCZ,Wald ratio,1,0.008,0.009,1.008,0.33,NA,NA,NA,0.009443451
LUZP2,Brain Meta Analysis,SCZ,Inverse variance weighted,2,0.018,0.018,1.018,0.331,NA,0.902257976,NA,0.006712684
FTO,Brain Meta Analysis,SCZ,Weighted median,4,-0.008,0.008,0.992,0.331,0.311245948,0.456187184,0.676369964,0.007870887
PTPRN2,Brain Meta Analysis,SCZ,Weighted mode,10,-0.016,0.016,0.984,0.332,0.147827883,0.207773996,0.905183592,0.102992574
MKRN1,Brain Meta Analysis,SCZ,Wald ratio,1,0.021,0.022,1.021,0.332,NA,NA,NA,0.010437448
NPS,Brain Meta Analysis,SCZ,Wald ratio,1,-0.053,0.055,0.948,0.333,NA,NA,NA,0.017021303
GRIK1,Brain Meta Analysis,SCZ,Wald ratio,1,-0.015,0.015,0.985,0.333,NA,NA,NA,0.007519942
SERPINF1,Brain Meta Analysis,SCZ,Wald ratio,1,0.024,0.025,1.025,0.333,NA,NA,NA,0.007212301
CFAP77,Brain Meta Analysis,SCZ,Wald ratio,1,-0.022,0.022,0.979,0.334,NA,NA,NA,0.006869783
NDE1,Brain Meta Analysis,SCZ,Wald ratio,1,-0.019,0.02,0.981,0.334,NA,NA,NA,0.006795236
LCLAT1,Brain Meta Analysis,SCZ,Wald ratio,1,-0.007,0.007,0.993,0.335,NA,NA,NA,0.006869087
DCLK1,Brain Meta Analysis,SCZ,Inverse variance weighted,2,0.017,0.018,1.018,0.335,NA,0.315309102,NA,0.022978471
SLFN13,Brain Meta Analysis,SCZ,Wald ratio,1,0.024,0.025,1.024,0.335,NA,NA,NA,0.006808089
SPRED3,Brain Meta Analysis,SCZ,Wald ratio,1,0.022,0.023,1.023,0.336,NA,NA,NA,0.006882098
KLK15,Brain Meta Analysis,SCZ,Wald ratio,1,0.02,0.021,1.021,0.337,NA,NA,NA,0.009348209
KCNC1,Brain Meta Analysis,SCZ,Wald ratio,1,0.008,0.009,1.008,0.338,NA,NA,NA,0.007681556
ERCC6,Brain Meta Analysis,SCZ,Wald ratio,1,0.021,0.022,1.021,0.338,NA,NA,NA,0.01105553
GALR1,Brain Meta Analysis,SCZ,Wald ratio,1,-0.017,0.018,0.983,0.338,NA,NA,NA,0.007444109
CELA1,Brain Meta Analysis,SCZ,Wald ratio,1,0.007,0.008,1.007,0.338,NA,NA,NA,0.00736287
LCOR,Brain Meta Analysis,SCZ,Wald ratio,1,0.023,0.024,1.023,0.338,NA,NA,NA,0.004492533
ERICH1,Brain Meta Analysis,SCZ,Wald ratio,1,-0.024,0.025,0.977,0.338,NA,NA,NA,0.007112506
EZR,Brain Meta Analysis,SCZ,Wald ratio,1,0.008,0.008,1.008,0.34,NA,NA,NA,0.006882115
MBNL2,Brain Meta Analysis,SCZ,Wald ratio,1,0.008,0.008,1.008,0.34,NA,NA,NA,0.006882115
ALPL,Brain Meta Analysis,SCZ,Wald ratio,1,-0.008,0.008,0.992,0.34,NA,NA,NA,0.006956452
NALF1,Brain Meta Analysis,SCZ,MR Egger,3,-0.022,0.013,0.979,0.34,0.253212463,0.037842898,0.294652574,0.008400746
FAM110A,Brain Meta Analysis,SCZ,Wald ratio,1,-0.016,0.017,0.984,0.34,NA,NA,NA,0.00841654
COQ8B,Brain Meta Analysis,SCZ,Wald ratio,1,0.014,0.015,1.014,0.34,NA,NA,NA,0.006794683
SCD5,Brain Meta Analysis,SCZ,Weighted median,3,-0.021,0.022,0.979,0.34,0.007528613,0.017136055,0.773017918,0.012703656
KLHDC8A,Brain Meta Analysis,SCZ,Inverse variance weighted,2,-0.019,0.02,0.981,0.341,NA,0.534145647,NA,0.017048728
VCAN,Brain Meta Analysis,SCZ,Inverse variance weighted,2,-0.015,0.016,0.985,0.341,NA,0.407145848,NA,0.006734923
CAMTA1,Brain Meta Analysis,SCZ,Simple mode,4,-0.015,0.013,0.985,0.342,0.482157033,0.663459439,0.759196928,0.006113713
TRIB1,Brain Meta Analysis,SCZ,Wald ratio,1,0.027,0.028,1.027,0.343,NA,NA,NA,0.009063355
RELN,Brain Meta Analysis,SCZ,Inverse variance weighted,2,-0.016,0.017,0.984,0.343,NA,0.124418647,NA,0.046459454
NREP,Brain Meta Analysis,SCZ,Wald ratio,1,-0.017,0.018,0.984,0.343,NA,NA,NA,0.010266526
NKAIN2,Brain Meta Analysis,SCZ,Simple mode,4,0.023,0.021,1.024,0.344,5.15E-07,1.76E-06,0.86432425,0.990656063
WFIKKN1,Brain Meta Analysis,SCZ,Wald ratio,1,0.015,0.016,1.015,0.344,NA,NA,NA,0.008585666
DOCK1,Brain Meta Analysis,SCZ,Weighted median,4,-0.005,0.005,0.995,0.344,4.15E-06,1.14E-06,0.570370804,0.998992349
AGL,Brain Meta Analysis,SCZ,Wald ratio,1,0.007,0.008,1.007,0.344,NA,NA,NA,0.007129472
MYH2,Brain Meta Analysis,SCZ,Wald ratio,1,0.022,0.023,1.022,0.344,NA,NA,NA,0.007049523
DLC1,Brain Meta Analysis,SCZ,Wald ratio,1,-0.019,0.02,0.981,0.345,NA,NA,NA,0.006969512
MGAT5B,Brain Meta Analysis,SCZ,Wald ratio,1,-0.008,0.008,0.992,0.345,NA,NA,NA,0.009708074
SDCBP2,Brain Meta Analysis,SCZ,Inverse variance weighted,2,0.008,0.008,1.008,0.345,NA,0.316633283,NA,0.01019612
EIF2AK4,Brain Meta Analysis,SCZ,Inverse variance weighted,2,-0.011,0.012,0.989,0.345,NA,0.555618434,NA,0.020864019
ACOT7,Brain Meta Analysis,SCZ,Wald ratio,1,0.013,0.014,1.013,0.345,NA,NA,NA,0.014781599
USP22,Brain Meta Analysis,SCZ,Wald ratio,1,0.007,0.008,1.007,0.346,NA,NA,NA,0.008022032
AGO2,Brain Meta Analysis,SCZ,Wald ratio,1,0.023,0.025,1.024,0.346,NA,NA,NA,0.006386526
KAZN,Brain Meta Analysis,SCZ,Weighted median,3,0.006,0.007,1.006,0.347,0.078978563,0.213696772,0.991142429,0.006458026
ENOPH1,Brain Meta Analysis,SCZ,Wald ratio,1,-0.015,0.016,0.985,0.348,NA,NA,NA,0.011237934
HTRA3,Brain Meta Analysis,SCZ,Wald ratio,1,0.017,0.018,1.017,0.348,NA,NA,NA,0.007616775
LMX1A,Brain Meta Analysis,SCZ,Weighted median,3,-0.008,0.008,0.992,0.348,0.121133695,0.12563779,0.550582485,0.006074946
CFAP299,Brain Meta Analysis,SCZ,Wald ratio,1,0.008,0.008,1.008,0.348,NA,NA,NA,0.007459333
IKZF4,Brain Meta Analysis,SCZ,Wald ratio,1,-0.017,0.018,0.983,0.349,NA,NA,NA,0.011954977
RPS15A,Brain Meta Analysis,SCZ,Wald ratio,1,-0.025,0.027,0.975,0.35,NA,NA,NA,0.012830929
CUL1,Brain Meta Analysis,SCZ,Wald ratio,1,0.016,0.017,1.016,0.35,NA,NA,NA,0.007053949
TMEM184A,Brain Meta Analysis,SCZ,Wald ratio,1,-0.007,0.007,0.993,0.35,NA,NA,NA,0.007053949
TLE3,Brain Meta Analysis,SCZ,Wald ratio,1,0.015,0.016,1.015,0.35,NA,NA,NA,0.006898426
GNPNAT1,Brain Meta Analysis,SCZ,Wald ratio,1,-0.009,0.01,0.991,0.351,NA,NA,NA,0.006736616
CSNK1A1L,Brain Meta Analysis,SCZ,Wald ratio,1,-0.008,0.008,0.992,0.352,NA,NA,NA,0.006655473
FAT2,Brain Meta Analysis,SCZ,Wald ratio,1,-0.024,0.026,0.976,0.352,NA,NA,NA,0.006655473
LIMA1,Brain Meta Analysis,SCZ,Wald ratio,1,0.02,0.022,1.021,0.352,NA,NA,NA,0.007692424
DHX8,Brain Meta Analysis,SCZ,Wald ratio,1,0.022,0.024,1.022,0.353,NA,NA,NA,0.007453098
CAPS2,Brain Meta Analysis,SCZ,Wald ratio,1,-0.025,0.027,0.975,0.353,NA,NA,NA,0.014731737
GRAMD2B,Brain Meta Analysis,SCZ,Wald ratio,1,-0.007,0.007,0.993,0.353,NA,NA,NA,0.007468925
HLA-DPB1,Brain Meta Analysis,SCZ,Wald ratio,1,-0.034,0.036,0.967,0.353,NA,NA,NA,0.011649008
CLRN2,Brain Meta Analysis,SCZ,Wald ratio,1,-0.035,0.037,0.966,0.353,NA,NA,NA,0.016345048
UBE3B,Brain Meta Analysis,SCZ,Inverse variance weighted,2,-0.035,0.038,0.966,0.354,NA,0.003994577,NA,0.008839059
RPS6KA2,Brain Meta Analysis,SCZ,Inverse variance weighted,5,-0.006,0.007,0.994,0.354,0.638921936,0.788724376,0.896751172,0.005448934
IL16,Brain Meta Analysis,SCZ,Wald ratio,1,0.007,0.008,1.007,0.354,NA,NA,NA,0.00819987
P3H2,Brain Meta Analysis,SCZ,Wald ratio,1,-0.008,0.008,0.992,0.355,NA,NA,NA,0.008120502
PWWP2B,Brain Meta Analysis,SCZ,Wald ratio,1,-0.008,0.009,0.992,0.355,NA,NA,NA,0.012850248
GADL1,Brain Meta Analysis,SCZ,Weighted median,3,-0.015,0.016,0.985,0.356,0.781659646,0.948840488,0.894057247,0.006860664
BCAT1,Brain Meta Analysis,SCZ,Wald ratio,1,0.011,0.012,1.011,0.356,NA,NA,NA,0.008851083
DOCK9,Brain Meta Analysis,SCZ,Wald ratio,1,-0.022,0.024,0.978,0.356,NA,NA,NA,0.007714167
MAST4,Brain Meta Analysis,SCZ,Weighted mode,6,0.008,0.008,1.008,0.356,0.010861344,0.021869605,0.883403824,0.238832509
HTATIP2,Brain Meta Analysis,SCZ,Wald ratio,1,-0.011,0.012,0.989,0.357,NA,NA,NA,0.006742105
SLC18A2,Brain Meta Analysis,SCZ,Wald ratio,1,0.019,0.021,1.019,0.357,NA,NA,NA,0.007636923
ECH1,Brain Meta Analysis,SCZ,Wald ratio,1,-0.022,0.024,0.978,0.358,NA,NA,NA,0.006544017
PRKCD,Brain Meta Analysis,SCZ,Wald ratio,1,0.025,0.027,1.025,0.358,NA,NA,NA,0.007531223
CARD14,Brain Meta Analysis,SCZ,Wald ratio,1,-0.023,0.025,0.977,0.358,NA,NA,NA,0.00637807
SLX4IP,Brain Meta Analysis,SCZ,Wald ratio,1,-0.015,0.016,0.985,0.358,NA,NA,NA,0.008369428
SLC22A3,Brain Meta Analysis,SCZ,Wald ratio,1,0.017,0.019,1.017,0.358,NA,NA,NA,0.006502392
ZNF292,Brain Meta Analysis,SCZ,Wald ratio,1,0.021,0.022,1.021,0.358,NA,NA,NA,0.006491846
PCYOX1L,Brain Meta Analysis,SCZ,Wald ratio,1,0.04,0.043,1.041,0.359,NA,NA,NA,0.01548055
GLB1L3,Brain Meta Analysis,SCZ,Wald ratio,1,-0.028,0.031,0.972,0.359,NA,NA,NA,0.007317437
ADCY7,Brain Meta Analysis,SCZ,Wald ratio,1,0.019,0.021,1.019,0.36,NA,NA,NA,0.007973027
PITRM1,Brain Meta Analysis,SCZ,Wald ratio,1,0.018,0.02,1.018,0.36,NA,NA,NA,0.007079544
TECTA,Brain Meta Analysis,SCZ,Wald ratio,1,-0.018,0.02,0.982,0.36,NA,NA,NA,0.007969003
PRKCA,Brain Meta Analysis,SCZ,Weighted median,8,0.006,0.007,1.006,0.361,0.10367063,0.148020552,0.718787374,0.01497651
ANO1,Brain Meta Analysis,SCZ,Inverse variance weighted,2,-0.015,0.017,0.985,0.361,NA,0.856597081,NA,0.006048738
FAM13C,Brain Meta Analysis,SCZ,Inverse variance weighted,2,-0.006,0.007,0.994,0.361,NA,0.319898087,NA,0.011631044
SESN3,Brain Meta Analysis,SCZ,Wald ratio,1,-0.006,0.007,0.994,0.361,NA,NA,NA,0.006913836
LRRC47,Brain Meta Analysis,SCZ,Wald ratio,1,-0.022,0.024,0.978,0.362,NA,NA,NA,0.007525747
SLC28A1,Brain Meta Analysis,SCZ,Wald ratio,1,0.019,0.02,1.019,0.362,NA,NA,NA,0.006754034
ZBTB46,Brain Meta Analysis,SCZ,Wald ratio,1,-0.018,0.019,0.983,0.363,NA,NA,NA,0.009995055
WDR53,Brain Meta Analysis,SCZ,Wald ratio,1,0.02,0.021,1.02,0.363,NA,NA,NA,0.006596517
OLFML2B,Brain Meta Analysis,SCZ,Inverse variance weighted,2,-0.014,0.016,0.986,0.364,NA,0.596632632,NA,0.004734656
CRADD,Brain Meta Analysis,SCZ,Wald ratio,1,0.006,0.007,1.007,0.364,NA,NA,NA,0.006516295
C7orf33,Brain Meta Analysis,SCZ,Wald ratio,1,-0.02,0.022,0.98,0.364,NA,NA,NA,0.006514671
S100B,Brain Meta Analysis,SCZ,Wald ratio,1,0.019,0.02,1.019,0.364,NA,NA,NA,0.010330523
BTBD16,Brain Meta Analysis,SCZ,Wald ratio,1,-0.008,0.008,0.992,0.364,NA,NA,NA,0.006434846
HASPIN,Brain Meta Analysis,SCZ,Wald ratio,1,0.022,0.025,1.023,0.364,NA,NA,NA,0.006212435
NTN1,Brain Meta Analysis,SCZ,Simple mode,3,-0.018,0.015,0.982,0.365,0.993494432,0.462561153,0.431617005,0.007918928
DLG2,Brain Meta Analysis,SCZ,Inverse variance weighted,2,0.013,0.014,1.013,0.365,NA,0.986656856,NA,0.007569077
NEDD4,Brain Meta Analysis,SCZ,Wald ratio,1,0.007,0.007,1.007,0.365,NA,NA,NA,0.007906195
CMIP,Brain Meta Analysis,SCZ,Weighted median,3,-0.007,0.007,0.993,0.365,0.064002361,0.179294854,0.971389714,0.007116202
C3orf20,Brain Meta Analysis,SCZ,Wald ratio,1,0.03,0.033,1.031,0.365,NA,NA,NA,0.01105001
SLC26A9,Brain Meta Analysis,SCZ,Wald ratio,1,0.032,0.035,1.032,0.365,NA,NA,NA,0.014421242
DGKE,Brain Meta Analysis,SCZ,Wald ratio,1,-0.017,0.019,0.983,0.366,NA,NA,NA,0.010013871
GRIK4,Brain Meta Analysis,SCZ,Inverse variance weighted,3,0.006,0.006,1.006,0.366,0.746105737,0.652990993,0.546144015,0.008886291
TBC1D22A,Brain Meta Analysis,SCZ,Inverse variance weighted,2,-0.016,0.018,0.984,0.367,NA,0.480365391,NA,0.004143053
SLC38A3,Brain Meta Analysis,SCZ,Wald ratio,1,0.012,0.013,1.012,0.367,NA,NA,NA,0.006739692
TRAM2,Brain Meta Analysis,SCZ,Wald ratio,1,0.026,0.029,1.026,0.367,NA,NA,NA,0.012813051
SELP,Brain Meta Analysis,SCZ,Wald ratio,1,-0.007,0.008,0.993,0.368,NA,NA,NA,0.006767218
NECTIN4,Brain Meta Analysis,SCZ,Wald ratio,1,0.015,0.016,1.015,0.368,NA,NA,NA,0.010340163
ZNF175,Brain Meta Analysis,SCZ,Wald ratio,1,0.007,0.008,1.007,0.368,NA,NA,NA,0.006687573
FMN1,Brain Meta Analysis,SCZ,Simple mode,3,-0.016,0.014,0.984,0.368,0.565064479,0.35959688,0.415213882,0.004983474
TRMU,Brain Meta Analysis,SCZ,Wald ratio,1,-0.019,0.021,0.981,0.368,NA,NA,NA,0.008754917
WFDC11,Brain Meta Analysis,SCZ,Wald ratio,1,-0.007,0.007,0.993,0.369,NA,NA,NA,0.008651628
ZRANB3,Brain Meta Analysis,SCZ,Wald ratio,1,-0.038,0.042,0.963,0.369,NA,NA,NA,0.022998937
ZBTB20,Brain Meta Analysis,SCZ,Inverse variance weighted,2,-0.019,0.021,0.981,0.369,NA,0.236688533,NA,0.015263576
TTLL12,Brain Meta Analysis,SCZ,Inverse variance weighted,3,-0.006,0.007,0.994,0.37,0.419158769,0.720115212,0.959712484,0.015402868
ZNF521,Brain Meta Analysis,SCZ,Wald ratio,1,-0.013,0.014,0.987,0.371,NA,NA,NA,0.007148068
NTF3,Brain Meta Analysis,SCZ,Wald ratio,1,-0.038,0.042,0.963,0.372,NA,NA,NA,0.009927428
SORBS2,Brain Meta Analysis,SCZ,Inverse variance weighted,3,-0.012,0.013,0.988,0.372,0.882455914,0.625655403,0.513951016,0.005282811
GRM8,Brain Meta Analysis,SCZ,Wald ratio,1,-0.016,0.018,0.984,0.372,NA,NA,NA,0.01352233
INPP5D,Brain Meta Analysis,SCZ,Wald ratio,1,-0.028,0.031,0.973,0.372,NA,NA,NA,0.00751685
NMU,Brain Meta Analysis,SCZ,Wald ratio,1,-0.016,0.018,0.984,0.372,NA,NA,NA,0.008171361
ZNF148,Brain Meta Analysis,SCZ,Wald ratio,1,0.007,0.008,1.007,0.373,NA,NA,NA,0.00743802
VNN1,Brain Meta Analysis,SCZ,Wald ratio,1,0.019,0.021,1.019,0.373,NA,NA,NA,0.006705725
PTPRE,Brain Meta Analysis,SCZ,Wald ratio,1,0.007,0.008,1.007,0.373,NA,NA,NA,0.006705725
MEGF6,Brain Meta Analysis,SCZ,Inverse variance weighted,2,0.016,0.018,1.017,0.373,NA,0.296350099,NA,0.005235032
IQGAP2,Brain Meta Analysis,SCZ,Simple mode,4,0.011,0.01,1.011,0.374,0.990173309,0.925959315,0.57228356,0.00622669
TMEM217,Brain Meta Analysis,SCZ,Wald ratio,1,-0.022,0.025,0.978,0.374,NA,NA,NA,0.007109699
TAFA1,Brain Meta Analysis,SCZ,Wald ratio,1,0.026,0.03,1.027,0.375,NA,NA,NA,0.006544465
USP20,Brain Meta Analysis,SCZ,Wald ratio,1,0.007,0.008,1.007,0.375,NA,NA,NA,0.007775192
CDYL2,Brain Meta Analysis,SCZ,Inverse variance weighted,2,-0.012,0.013,0.988,0.375,NA,0.813954966,NA,0.005083094
VAV3,Brain Meta Analysis,SCZ,Inverse variance weighted,2,0.02,0.023,1.02,0.375,NA,0.200985764,NA,0.013424605
CCDC85A,Brain Meta Analysis,SCZ,Inverse variance weighted,2,0.036,0.04,1.036,0.375,NA,0.020801136,NA,0.004959271
SLC10A7,Brain Meta Analysis,SCZ,Wald ratio,1,-0.023,0.026,0.977,0.376,NA,NA,NA,0.007036078
TTC22,Brain Meta Analysis,SCZ,Wald ratio,1,0.021,0.024,1.021,0.376,NA,NA,NA,0.01078044
LPCAT1,Brain Meta Analysis,SCZ,Inverse variance weighted,2,-0.01,0.012,0.99,0.376,NA,0.842098096,NA,0.005167389
PON3,Brain Meta Analysis,SCZ,Wald ratio,1,-0.018,0.02,0.982,0.377,NA,NA,NA,0.006304128
CYB5A,Brain Meta Analysis,SCZ,Wald ratio,1,-0.021,0.024,0.979,0.377,NA,NA,NA,0.008681082
PARP11,Brain Meta Analysis,SCZ,Wald ratio,1,0.021,0.023,1.021,0.378,NA,NA,NA,0.009543625
TCEA3,Brain Meta Analysis,SCZ,Wald ratio,1,0.028,0.031,1.028,0.379,NA,NA,NA,0.017759664
LRRC74A,Brain Meta Analysis,SCZ,Wald ratio,1,-0.022,0.025,0.978,0.379,NA,NA,NA,0.006638338
PDE9A,Brain Meta Analysis,SCZ,Inverse variance weighted,2,0.007,0.008,1.007,0.38,NA,0.923938431,NA,0.010011806
WDR88,Brain Meta Analysis,SCZ,Wald ratio,1,0.006,0.007,1.006,0.38,NA,NA,NA,0.006558943
NALCN,Brain Meta Analysis,SCZ,Simple mode,3,0.011,0.01,1.011,0.381,0.903138303,0.837435451,0.66392568,0.005728264
PIEZO2,Brain Meta Analysis,SCZ,Inverse variance weighted,2,0.012,0.014,1.012,0.381,NA,0.99644949,NA,0.005973116
CNTN6,Brain Meta Analysis,SCZ,Inverse variance weighted,2,0.018,0.02,1.018,0.381,NA,0.394724023,NA,0.008811386
ARSB,Brain Meta Analysis,SCZ,Inverse variance weighted,2,0.006,0.006,1.006,0.382,NA,0.918420751,NA,0.006336324
CEP68,Brain Meta Analysis,SCZ,Wald ratio,1,0.025,0.029,1.025,0.382,NA,NA,NA,0.006319257
INTS7,Brain Meta Analysis,SCZ,Wald ratio,1,-0.015,0.018,0.985,0.383,NA,NA,NA,0.0135413
MRPL52,Brain Meta Analysis,SCZ,Wald ratio,1,-0.032,0.036,0.969,0.383,NA,NA,NA,0.006640153
GSG1L,Brain Meta Analysis,SCZ,Inverse variance weighted,2,-0.012,0.014,0.988,0.383,NA,0.371154016,NA,0.011263169
TSKU,Brain Meta Analysis,SCZ,Inverse variance weighted,2,0.01,0.012,1.01,0.383,NA,0.087523678,NA,0.030922409
ADGRG1,Brain Meta Analysis,SCZ,Wald ratio,1,0.019,0.022,1.02,0.383,NA,NA,NA,0.007887435
ASAP1,Brain Meta Analysis,SCZ,Wald ratio,1,-0.023,0.026,0.978,0.384,NA,NA,NA,0.006737956
MALRD1,Brain Meta Analysis,SCZ,Wald ratio,1,-0.014,0.016,0.986,0.384,NA,NA,NA,0.007230016
SEC22C,Brain Meta Analysis,SCZ,Wald ratio,1,0.015,0.018,1.016,0.385,NA,NA,NA,0.006655212
CAMK1D,Brain Meta Analysis,SCZ,Weighted mode,3,-0.008,0.008,0.992,0.385,0.07667167,0.041273975,0.494662779,0.009956189
COG3,Brain Meta Analysis,SCZ,Wald ratio,1,-0.015,0.018,0.985,0.386,NA,NA,NA,0.011878054
SASH1,Brain Meta Analysis,SCZ,Simple mode,3,0.025,0.023,1.025,0.386,0.171588481,0.099291189,0.438892124,0.025500266
NEK3,Brain Meta Analysis,SCZ,Wald ratio,1,-0.013,0.015,0.987,0.386,NA,NA,NA,0.006496717
PDZK1IP1,Brain Meta Analysis,SCZ,Wald ratio,1,0.016,0.018,1.016,0.387,NA,NA,NA,0.007983541
AMBN,Brain Meta Analysis,SCZ,Wald ratio,1,-0.014,0.017,0.986,0.388,NA,NA,NA,0.00790507
RGS7,Brain Meta Analysis,SCZ,Wald ratio,1,-0.025,0.029,0.976,0.388,NA,NA,NA,0.006336797
ITPR2,Brain Meta Analysis,SCZ,Inverse variance weighted,2,-0.013,0.015,0.987,0.388,NA,0.266567301,NA,0.004312611
CRTAP,Brain Meta Analysis,SCZ,Wald ratio,1,0.018,0.021,1.018,0.388,NA,NA,NA,0.008356823
ARHGAP26,Brain Meta Analysis,SCZ,Simple mode,4,0.015,0.015,1.015,0.389,0.347392204,0.545498677,0.91008317,0.01216666
EPSTI1,Brain Meta Analysis,SCZ,Wald ratio,1,0.016,0.018,1.016,0.389,NA,NA,NA,0.006258927
ATP9A,Brain Meta Analysis,SCZ,Wald ratio,1,0.015,0.018,1.016,0.389,NA,NA,NA,0.00625662
DENND1A,Brain Meta Analysis,SCZ,Wald ratio,1,0.029,0.034,1.03,0.389,NA,NA,NA,0.005079889
PRKCE,Brain Meta Analysis,SCZ,Weighted median,5,-0.006,0.007,0.994,0.39,0.065554215,0.120066999,0.845194503,0.01051955
PSD3,Brain Meta Analysis,SCZ,Inverse variance weighted,2,0.013,0.015,1.013,0.39,NA,0.008206897,NA,0.00658976
RAB11FIP2,Brain Meta Analysis,SCZ,Wald ratio,1,0.035,0.04,1.035,0.391,NA,NA,NA,0.00895055
PDE4B,Brain Meta Analysis,SCZ,Inverse variance weighted,2,0.014,0.017,1.015,0.391,NA,0.331284434,NA,0.009403854
AZIN2,Brain Meta Analysis,SCZ,Wald ratio,1,0.043,0.051,1.044,0.391,NA,NA,NA,0.022201555
GLE1,Brain Meta Analysis,SCZ,Wald ratio,1,-0.024,0.028,0.977,0.391,NA,NA,NA,0.010941529
ATXN7L1,Brain Meta Analysis,SCZ,Weighted median,4,0.006,0.007,1.006,0.391,0.328375347,0.415261574,0.532397527,0.006988485
YIPF4,Brain Meta Analysis,SCZ,Wald ratio,1,-0.014,0.016,0.986,0.391,NA,NA,NA,0.006514943
TBX3,Brain Meta Analysis,SCZ,Wald ratio,1,-0.019,0.022,0.981,0.391,NA,NA,NA,0.007505269
EIF3D,Brain Meta Analysis,SCZ,Wald ratio,1,-0.033,0.038,0.968,0.391,NA,NA,NA,0.007416412
ALCAM,Brain Meta Analysis,SCZ,Inverse variance weighted,2,0.031,0.036,1.031,0.392,NA,0.026696068,NA,0.004362933
SLCO5A1,Brain Meta Analysis,SCZ,Wald ratio,1,-0.013,0.015,0.988,0.392,NA,NA,NA,0.011350608
P2RX6,Brain Meta Analysis,SCZ,Wald ratio,1,-0.022,0.025,0.979,0.392,NA,NA,NA,0.011346023
LYPD6,Brain Meta Analysis,SCZ,Wald ratio,1,0.02,0.024,1.02,0.392,NA,NA,NA,0.007388395
CD109,Brain Meta Analysis,SCZ,Wald ratio,1,-0.021,0.025,0.979,0.392,NA,NA,NA,0.008828498
CLSTN2,Brain Meta Analysis,SCZ,Inverse variance weighted,2,-0.014,0.016,0.986,0.392,NA,0.995332433,NA,0.008177069
PARP15,Brain Meta Analysis,SCZ,Inverse variance weighted,2,0.013,0.015,1.013,0.393,NA,0.793587844,NA,0.010493465
SLC38A10,Brain Meta Analysis,SCZ,Wald ratio,1,-0.017,0.02,0.983,0.393,NA,NA,NA,0.006355395
EDN1,Brain Meta Analysis,SCZ,Wald ratio,1,-0.007,0.008,0.993,0.393,NA,NA,NA,0.006355395
RPP38,Brain Meta Analysis,SCZ,Wald ratio,1,-0.025,0.029,0.976,0.393,NA,NA,NA,0.017178115
EPHA5,Brain Meta Analysis,SCZ,Wald ratio,1,-0.007,0.008,0.993,0.394,NA,NA,NA,0.006774312
CFAP410,Brain Meta Analysis,SCZ,Wald ratio,1,-0.015,0.018,0.985,0.394,NA,NA,NA,0.008671077
PDE1B,Brain Meta Analysis,SCZ,Inverse variance weighted,2,0.006,0.007,1.006,0.394,NA,0.206529409,NA,0.004983712
JARID2,Brain Meta Analysis,SCZ,Wald ratio,1,0.007,0.008,1.007,0.395,NA,NA,NA,0.007186673
DKK3,Brain Meta Analysis,SCZ,Wald ratio,1,0.021,0.025,1.021,0.395,NA,NA,NA,0.006019884
STRBP,Brain Meta Analysis,SCZ,Wald ratio,1,0.019,0.023,1.02,0.395,NA,NA,NA,0.009214388
VPS13B,Brain Meta Analysis,SCZ,Inverse variance weighted,2,0.028,0.033,1.028,0.396,NA,0.015572295,NA,0.389038213
DAW1,Brain Meta Analysis,SCZ,Wald ratio,1,0.007,0.008,1.007,0.396,NA,NA,NA,0.006115431
SORCS3,Brain Meta Analysis,SCZ,Wald ratio,1,-0.019,0.023,0.981,0.397,NA,NA,NA,0.006534662
AFF3,Brain Meta Analysis,SCZ,Wald ratio,1,-0.021,0.025,0.979,0.397,NA,NA,NA,0.006534662
ONECUT1,Brain Meta Analysis,SCZ,Inverse variance weighted,2,-0.015,0.017,0.986,0.397,NA,0.897234182,NA,0.008135238
SPTBN1,Brain Meta Analysis,SCZ,Wald ratio,1,0.007,0.008,1.007,0.397,NA,NA,NA,0.006948107
SYNE2,Brain Meta Analysis,SCZ,Wald ratio,1,-0.018,0.021,0.983,0.398,NA,NA,NA,0.008185298
TBC1D9,Brain Meta Analysis,SCZ,Wald ratio,1,0.013,0.016,1.014,0.398,NA,NA,NA,0.006869352
NOL10,Brain Meta Analysis,SCZ,Wald ratio,1,-0.014,0.016,0.986,0.398,NA,NA,NA,0.006869352
KYAT3,Brain Meta Analysis,SCZ,Wald ratio,1,-0.015,0.018,0.985,0.398,NA,NA,NA,0.009515559
DIPK2A,Brain Meta Analysis,SCZ,Wald ratio,1,-0.012,0.015,0.988,0.399,NA,NA,NA,0.01341395
SPATA48,Brain Meta Analysis,SCZ,Wald ratio,1,0.018,0.022,1.019,0.399,NA,NA,NA,0.009331592
NPHP4,Brain Meta Analysis,SCZ,Wald ratio,1,0.02,0.024,1.02,0.399,NA,NA,NA,0.006297382
SOX5,Brain Meta Analysis,SCZ,Wald ratio,1,0.019,0.023,1.019,0.399,NA,NA,NA,0.003037856
NIPSNAP3A,Brain Meta Analysis,SCZ,Wald ratio,1,-0.023,0.028,0.977,0.4,NA,NA,NA,0.006295118
TOM1L1,Brain Meta Analysis,SCZ,Wald ratio,1,0.01,0.012,1.01,0.4,NA,NA,NA,0.009768292
ABTB2,Brain Meta Analysis,SCZ,Weighted mode,4,0.007,0.008,1.007,0.4,0.114381063,0.167327347,0.621448853,0.015471127
EMCN,Brain Meta Analysis,SCZ,Wald ratio,1,-0.022,0.026,0.979,0.401,NA,NA,NA,0.006215371
DNAAF8,Brain Meta Analysis,SCZ,Wald ratio,1,0.021,0.025,1.021,0.401,NA,NA,NA,0.00586101
C10orf90,Brain Meta Analysis,SCZ,Inverse variance weighted,2,0.014,0.017,1.014,0.401,NA,0.465910736,NA,0.033143403
NCKAP5,Brain Meta Analysis,SCZ,Inverse variance weighted,2,0.012,0.015,1.012,0.401,NA,0.797625998,NA,0.00675441
VPS53,Brain Meta Analysis,SCZ,Wald ratio,1,-0.042,0.05,0.959,0.402,NA,NA,NA,0.028252978
THEMIS2,Brain Meta Analysis,SCZ,Wald ratio,1,-0.015,0.018,0.985,0.403,NA,NA,NA,0.006475569
LMF1,Brain Meta Analysis,SCZ,Inverse variance weighted,2,0.029,0.035,1.029,0.403,NA,0.016271931,NA,0.007736794
NSG1,Brain Meta Analysis,SCZ,Wald ratio,1,-0.007,0.008,0.993,0.403,NA,NA,NA,0.008549766
ST18,Brain Meta Analysis,SCZ,Wald ratio,1,-0.017,0.021,0.983,0.404,NA,NA,NA,0.006395432
MLXIPL,Brain Meta Analysis,SCZ,Wald ratio,1,0.02,0.025,1.021,0.404,NA,NA,NA,0.006661681
TGFB2,Brain Meta Analysis,SCZ,Inverse variance weighted,2,0.007,0.008,1.007,0.404,NA,0.854785469,NA,0.006218459
ZNF415,Brain Meta Analysis,SCZ,Wald ratio,1,-0.02,0.024,0.98,0.405,NA,NA,NA,0.006674893
SGIP1,Brain Meta Analysis,SCZ,Wald ratio,1,-0.027,0.032,0.974,0.405,NA,NA,NA,0.006731686
SLC2A5,Brain Meta Analysis,SCZ,Wald ratio,1,0.02,0.024,1.02,0.405,NA,NA,NA,0.007797652
TMCC3,Brain Meta Analysis,SCZ,Wald ratio,1,-0.023,0.028,0.977,0.405,NA,NA,NA,0.007073497
CCDC60,Brain Meta Analysis,SCZ,Wald ratio,1,-0.021,0.025,0.979,0.406,NA,NA,NA,0.006097822
LGALS12,Brain Meta Analysis,SCZ,Wald ratio,1,-0.021,0.025,0.98,0.407,NA,NA,NA,0.006542844
CELF4,Brain Meta Analysis,SCZ,Weighted median,3,-0.005,0.006,0.995,0.407,0.369552582,0.388721045,0.487075709,0.125048665
CBLN2,Brain Meta Analysis,SCZ,Wald ratio,1,0.021,0.025,1.021,0.407,NA,NA,NA,0.007491745
PDCD10,Brain Meta Analysis,SCZ,Wald ratio,1,-0.007,0.008,0.993,0.407,NA,NA,NA,0.006915115
ABCB5,Brain Meta Analysis,SCZ,Wald ratio,1,0.006,0.008,1.006,0.408,NA,NA,NA,0.011290798
MED15,Brain Meta Analysis,SCZ,Wald ratio,1,0.017,0.021,1.017,0.408,NA,NA,NA,0.008494096
HEG1,Brain Meta Analysis,SCZ,Weighted mode,3,-0.026,0.025,0.974,0.408,0.163006997,0.297054903,0.706134638,0.006472679
VAV1,Brain Meta Analysis,SCZ,Wald ratio,1,-0.021,0.025,0.979,0.408,NA,NA,NA,0.006910967
CNOT3,Brain Meta Analysis,SCZ,Wald ratio,1,0.014,0.017,1.014,0.408,NA,NA,NA,0.006496399
TCERG1L,Brain Meta Analysis,SCZ,MR Egger,3,-0.048,0.036,0.953,0.408,0.21724138,0.054341717,0.341635002,0.010451535
TBXAS1,Brain Meta Analysis,SCZ,Wald ratio,1,0.006,0.007,1.006,0.408,NA,NA,NA,0.006835747
SRGAP2,Brain Meta Analysis,SCZ,Wald ratio,1,-0.041,0.05,0.959,0.408,NA,NA,NA,0.01693197
FAM171B,Brain Meta Analysis,SCZ,Wald ratio,1,-0.006,0.007,0.994,0.409,NA,NA,NA,0.006418234
SMIM35,Brain Meta Analysis,SCZ,Wald ratio,1,0.036,0.044,1.037,0.409,NA,NA,NA,0.015993502
DCTD,Brain Meta Analysis,SCZ,Wald ratio,1,-0.007,0.008,0.993,0.41,NA,NA,NA,0.006339668
COL23A1,Brain Meta Analysis,SCZ,MR Egger,4,0.11,0.107,1.117,0.41,0.353414635,0.353599177,0.398828158,0.01152547
ITPR1,Brain Meta Analysis,SCZ,Inverse variance weighted,2,0.019,0.023,1.019,0.41,NA,0.312927595,NA,0.014811099
PDZRN4,Brain Meta Analysis,SCZ,Weighted median,3,-0.006,0.008,0.994,0.41,0.10027854,0.028890551,0.423544837,0.004563849
HRH4,Brain Meta Analysis,SCZ,Wald ratio,1,0.016,0.02,1.016,0.411,NA,NA,NA,0.006261112
GRK5,Brain Meta Analysis,SCZ,Weighted median,4,0.012,0.015,1.012,0.411,0.190330286,0.344474985,0.961750924,0.014670309
PON1,Brain Meta Analysis,SCZ,Wald ratio,1,0.012,0.014,1.012,0.411,NA,NA,NA,0.006258139
MTSS1,Brain Meta Analysis,SCZ,Simple mode,3,-0.011,0.01,0.989,0.411,0.021295437,0.061882212,0.860599523,0.031530702
CLEC3A,Brain Meta Analysis,SCZ,Wald ratio,1,0.011,0.014,1.011,0.412,NA,NA,NA,0.006182564
PTPRQ,Brain Meta Analysis,SCZ,Inverse variance weighted,3,-0.008,0.01,0.992,0.412,0.174038989,0.20554879,0.553719499,0.011207554
DENND2A,Brain Meta Analysis,SCZ,Inverse variance weighted,2,0.02,0.024,1.02,0.412,NA,0.002389559,NA,0.369084197
CEBPE,Brain Meta Analysis,SCZ,Wald ratio,1,-0.02,0.024,0.98,0.413,NA,NA,NA,0.007405265
MACIR,Brain Meta Analysis,SCZ,Wald ratio,1,0.007,0.008,1.007,0.414,NA,NA,NA,0.006439255
ANKS1A,Brain Meta Analysis,SCZ,Wald ratio,1,-0.007,0.008,0.993,0.416,NA,NA,NA,0.006280845
CBR4,Brain Meta Analysis,SCZ,Wald ratio,1,0.015,0.019,1.015,0.417,NA,NA,NA,0.009461688
MICU3,Brain Meta Analysis,SCZ,Wald ratio,1,0.03,0.037,1.03,0.418,NA,NA,NA,0.010051223
NAV1,Brain Meta Analysis,SCZ,Inverse variance weighted,3,0.007,0.009,1.007,0.419,0.958612809,0.974329778,0.860879571,0.007561511
CYTH4,Brain Meta Analysis,SCZ,Wald ratio,1,-0.021,0.025,0.98,0.419,NA,NA,NA,0.006122557
NRROS,Brain Meta Analysis,SCZ,Wald ratio,1,-0.018,0.023,0.982,0.42,NA,NA,NA,0.00636767
BMP7,Brain Meta Analysis,SCZ,Wald ratio,1,0.006,0.008,1.006,0.421,NA,NA,NA,0.005969919
OR10H1,Brain Meta Analysis,SCZ,Wald ratio,1,0.006,0.008,1.006,0.421,NA,NA,NA,0.005969919
ACCS,Brain Meta Analysis,SCZ,Wald ratio,1,0.013,0.016,1.013,0.421,NA,NA,NA,0.008405374
LHX6,Brain Meta Analysis,SCZ,Wald ratio,1,-0.013,0.016,0.987,0.421,NA,NA,NA,0.006304374
NPAS2,Brain Meta Analysis,SCZ,Inverse variance weighted,3,0.006,0.007,1.006,0.422,0.111410036,0.192484118,0.680792111,0.003437058
TENM4,Brain Meta Analysis,SCZ,Inverse variance weighted,4,-0.005,0.006,0.995,0.422,0.257693264,0.412799536,0.768391894,0.004492575
DROSHA,Brain Meta Analysis,SCZ,Inverse variance weighted,2,-0.013,0.016,0.987,0.422,NA,0.329284937,NA,0.01968659
LVRN,Brain Meta Analysis,SCZ,Wald ratio,1,-0.032,0.039,0.969,0.423,NA,NA,NA,0.012670609
EPDR1,Brain Meta Analysis,SCZ,Wald ratio,1,-0.02,0.025,0.98,0.423,NA,NA,NA,0.005574339
STK10,Brain Meta Analysis,SCZ,Weighted median,3,0.005,0.007,1.005,0.423,0.980644351,0.989400714,0.908980534,0.006499351
SLC22A1,Brain Meta Analysis,SCZ,Wald ratio,1,-0.019,0.023,0.982,0.424,NA,NA,NA,0.011831831
SULF1,Brain Meta Analysis,SCZ,Wald ratio,1,-0.007,0.008,0.993,0.425,NA,NA,NA,0.006407465
CACHD1,Brain Meta Analysis,SCZ,Simple mode,3,0.022,0.022,1.022,0.425,0.402208806,0.417708107,0.493112026,0.008726612
BRINP1,Brain Meta Analysis,SCZ,Wald ratio,1,0.019,0.024,1.019,0.425,NA,NA,NA,0.006030584
SLCO1A2,Brain Meta Analysis,SCZ,Wald ratio,1,0.013,0.017,1.014,0.426,NA,NA,NA,0.008352005
PGPEP1L,Brain Meta Analysis,SCZ,Wald ratio,1,0.014,0.017,1.014,0.426,NA,NA,NA,0.005994196
SLC20A1,Brain Meta Analysis,SCZ,Wald ratio,1,0.019,0.023,1.019,0.426,NA,NA,NA,0.006667802
FAM76A,Brain Meta Analysis,SCZ,Wald ratio,1,-0.036,0.045,0.965,0.426,NA,NA,NA,0.023018962
NR3C1,Brain Meta Analysis,SCZ,Wald ratio,1,0.007,0.008,1.007,0.427,NA,NA,NA,0.005989361
FAM89A,Brain Meta Analysis,SCZ,Wald ratio,1,-0.021,0.026,0.979,0.427,NA,NA,NA,0.00598936
CFAP46,Brain Meta Analysis,SCZ,Wald ratio,1,-0.019,0.024,0.981,0.427,NA,NA,NA,0.008677897
BAG3,Brain Meta Analysis,SCZ,Wald ratio,1,-0.031,0.038,0.97,0.427,NA,NA,NA,0.01015893
MAF,Brain Meta Analysis,SCZ,Wald ratio,1,0.018,0.023,1.019,0.427,NA,NA,NA,0.009398905
LCT,Brain Meta Analysis,SCZ,Wald ratio,1,-0.019,0.024,0.981,0.427,NA,NA,NA,0.006594435
CHST5,Brain Meta Analysis,SCZ,Wald ratio,1,-0.019,0.024,0.981,0.427,NA,NA,NA,0.006268029
PPFIA2,Brain Meta Analysis,SCZ,Wald ratio,1,0.006,0.008,1.006,0.427,NA,NA,NA,0.006925861
CHI3L1,Brain Meta Analysis,SCZ,Wald ratio,1,0.021,0.026,1.021,0.427,NA,NA,NA,0.005730896
CD244,Brain Meta Analysis,SCZ,Wald ratio,1,0.006,0.008,1.006,0.427,NA,NA,NA,0.005915369
GHRL,Brain Meta Analysis,SCZ,Wald ratio,1,0.007,0.008,1.007,0.427,NA,NA,NA,0.005915369
CACNG4,Brain Meta Analysis,SCZ,Wald ratio,1,0.023,0.029,1.023,0.428,NA,NA,NA,0.009521567
PRAG1,Brain Meta Analysis,SCZ,Wald ratio,1,0.02,0.025,1.02,0.428,NA,NA,NA,0.005892675
EGFLAM,Brain Meta Analysis,SCZ,Inverse variance weighted,2,0.035,0.044,1.036,0.428,NA,0.004111513,NA,0.00456487
CECR2,Brain Meta Analysis,SCZ,Weighted median,4,-0.008,0.01,0.992,0.428,0.74658336,0.899669693,0.974234233,0.005509796
USP13,Brain Meta Analysis,SCZ,Wald ratio,1,0.007,0.009,1.007,0.429,NA,NA,NA,0.006175585
STON2,Brain Meta Analysis,SCZ,Wald ratio,1,0.011,0.014,1.012,0.429,NA,NA,NA,0.009047313
ACOXL,Brain Meta Analysis,SCZ,Inverse variance weighted,2,-0.008,0.01,0.992,0.429,NA,0.139474878,NA,0.006201685
TC2N,Brain Meta Analysis,SCZ,Wald ratio,1,0.012,0.015,1.012,0.429,NA,NA,NA,0.00778099
SEMA6B,Brain Meta Analysis,SCZ,Wald ratio,1,0.011,0.014,1.011,0.429,NA,NA,NA,0.014999335
CALR3,Brain Meta Analysis,SCZ,Wald ratio,1,0.011,0.014,1.011,0.43,NA,NA,NA,0.010887888
GALNT16,Brain Meta Analysis,SCZ,Wald ratio,1,0.018,0.023,1.018,0.43,NA,NA,NA,0.006770448
PAQR8,Brain Meta Analysis,SCZ,Wald ratio,1,0.006,0.007,1.006,0.43,NA,NA,NA,0.006434306
SIM2,Brain Meta Analysis,SCZ,Wald ratio,1,0.007,0.009,1.007,0.43,NA,NA,NA,0.00609766
SPTBN4,Brain Meta Analysis,SCZ,Wald ratio,1,0.019,0.024,1.019,0.43,NA,NA,NA,0.006012497
TM4SF20,Brain Meta Analysis,SCZ,Wald ratio,1,-0.006,0.008,0.994,0.43,NA,NA,NA,0.007368959
BDH1,Brain Meta Analysis,SCZ,Wald ratio,1,-0.013,0.017,0.987,0.431,NA,NA,NA,0.006019266
RAMP1,Brain Meta Analysis,SCZ,Wald ratio,1,0.017,0.022,1.018,0.432,NA,NA,NA,0.006012631
TRPC7,Brain Meta Analysis,SCZ,Wald ratio,1,0.026,0.033,1.027,0.432,NA,NA,NA,0.00814475
MYH11,Brain Meta Analysis,SCZ,Wald ratio,1,-0.006,0.008,0.994,0.432,NA,NA,NA,0.007214063
SNTB1,Brain Meta Analysis,SCZ,Inverse variance weighted,3,-0.007,0.01,0.993,0.432,0.142644667,0.210065898,0.623179805,0.059610277
WDSUB1,Brain Meta Analysis,SCZ,Wald ratio,1,-0.038,0.048,0.963,0.433,NA,NA,NA,0.013898919
SGCZ,Brain Meta Analysis,SCZ,MR Egger,3,-0.121,0.098,0.886,0.433,0.081923144,0.008856285,0.382869643,0.301458184
DCLK2,Brain Meta Analysis,SCZ,Wald ratio,1,0.021,0.027,1.021,0.435,NA,NA,NA,0.005858838
TRIM22,Brain Meta Analysis,SCZ,Wald ratio,1,-0.007,0.008,0.994,0.435,NA,NA,NA,0.006123269
CLPTM1L,Brain Meta Analysis,SCZ,Wald ratio,1,-0.017,0.022,0.983,0.435,NA,NA,NA,0.006120719
CAPN2,Brain Meta Analysis,SCZ,Inverse variance weighted,2,-0.029,0.037,0.972,0.437,NA,0.009864277,NA,0.009621905
GPR19,Brain Meta Analysis,SCZ,Wald ratio,1,0.015,0.02,1.016,0.437,NA,NA,NA,0.006304586
GNG12,Brain Meta Analysis,SCZ,Inverse variance weighted,2,-0.026,0.034,0.974,0.439,NA,0.063891767,NA,0.006530762
PDZRN3,Brain Meta Analysis,SCZ,Inverse variance weighted,2,-0.004,0.006,0.996,0.44,NA,0.757755048,NA,0.005834851
TIAM1,Brain Meta Analysis,SCZ,Wald ratio,1,0.006,0.007,1.006,0.44,NA,NA,NA,0.00588517
HERC1,Brain Meta Analysis,SCZ,Wald ratio,1,0.014,0.018,1.014,0.44,NA,NA,NA,0.010477737
TMEM87B,Brain Meta Analysis,SCZ,Wald ratio,1,-0.016,0.02,0.985,0.44,NA,NA,NA,0.007442341
NDRG1,Brain Meta Analysis,SCZ,Wald ratio,1,-0.019,0.025,0.981,0.441,NA,NA,NA,0.006760304
DYRK4,Brain Meta Analysis,SCZ,Inverse variance weighted,2,0.023,0.03,1.023,0.441,NA,0.092394294,NA,0.004923978
ENAH,Brain Meta Analysis,SCZ,Wald ratio,1,-0.011,0.014,0.989,0.441,NA,NA,NA,0.012082385
CMTM7,Brain Meta Analysis,SCZ,Wald ratio,1,-0.021,0.027,0.98,0.441,NA,NA,NA,0.005810083
STYK1,Brain Meta Analysis,SCZ,Wald ratio,1,-0.006,0.007,0.994,0.441,NA,NA,NA,0.00666705
BLTP3A,Brain Meta Analysis,SCZ,Wald ratio,1,-0.006,0.008,0.994,0.441,NA,NA,NA,0.006071631
DIDO1,Brain Meta Analysis,SCZ,Wald ratio,1,-0.007,0.009,0.993,0.442,NA,NA,NA,0.006067052
CXCL9,Brain Meta Analysis,SCZ,Wald ratio,1,0.006,0.008,1.006,0.443,NA,NA,NA,0.005730044
RYR2,Brain Meta Analysis,SCZ,Inverse variance weighted,3,0.006,0.007,1.006,0.443,0.138389591,0.263469034,0.72365577,0.005340404
PPARGC1A,Brain Meta Analysis,SCZ,Wald ratio,1,0.015,0.019,1.015,0.444,NA,NA,NA,0.010683745
PARVB,Brain Meta Analysis,SCZ,Wald ratio,1,0.018,0.024,1.018,0.444,NA,NA,NA,0.007872572
ELAVL4,Brain Meta Analysis,SCZ,Wald ratio,1,0.02,0.026,1.02,0.445,NA,NA,NA,0.01756915
C9orf40,Brain Meta Analysis,SCZ,Wald ratio,1,-0.016,0.021,0.984,0.446,NA,NA,NA,0.006098856
CCNJL,Brain Meta Analysis,SCZ,Wald ratio,1,0.006,0.008,1.006,0.447,NA,NA,NA,0.006358527
QRICH2,Brain Meta Analysis,SCZ,Wald ratio,1,-0.025,0.033,0.975,0.447,NA,NA,NA,0.006067525
IQCJ,Brain Meta Analysis,SCZ,Wald ratio,1,-0.015,0.02,0.985,0.447,NA,NA,NA,0.00661744
PLEKHA6,Brain Meta Analysis,SCZ,Wald ratio,1,-0.006,0.008,0.994,0.448,NA,NA,NA,0.005757525
MICAL3,Brain Meta Analysis,SCZ,Weighted median,3,0.006,0.008,1.006,0.449,0.112170654,0.07320216,0.488899267,0.006397166
MAML2,Brain Meta Analysis,SCZ,Weighted median,3,-0.005,0.007,0.995,0.449,0.825259076,0.934864768,0.818437712,0.004431053
KBTBD7,Brain Meta Analysis,SCZ,Wald ratio,1,-0.005,0.007,0.995,0.449,NA,NA,NA,0.007835826
GALNT17,Brain Meta Analysis,SCZ,Weighted mode,5,-0.014,0.017,0.986,0.45,0.085835545,0.152790688,0.846388993,0.018775247
EMP2,Brain Meta Analysis,SCZ,Inverse variance weighted,2,0.01,0.014,1.01,0.45,NA,0.413034216,NA,0.008011484
BRI3BP,Brain Meta Analysis,SCZ,Wald ratio,1,-0.007,0.01,0.993,0.45,NA,NA,NA,0.006463386
BAIAP2,Brain Meta Analysis,SCZ,Wald ratio,1,-0.024,0.032,0.976,0.45,NA,NA,NA,0.010142513
PTPRM,Brain Meta Analysis,SCZ,Wald ratio,1,0.018,0.024,1.018,0.45,NA,NA,NA,0.008539162
COL4A2,Brain Meta Analysis,SCZ,Weighted median,3,0.006,0.008,1.006,0.45,0.011985552,0.034362232,0.837732224,0.008489431
NTNG1,Brain Meta Analysis,SCZ,Wald ratio,1,0.034,0.045,1.035,0.452,NA,NA,NA,0.011387517
DOCK10,Brain Meta Analysis,SCZ,Wald ratio,1,0.006,0.008,1.006,0.452,NA,NA,NA,0.005862794
LRRC56,Brain Meta Analysis,SCZ,Wald ratio,1,0.034,0.046,1.035,0.453,NA,NA,NA,0.011062562
VAV2,Brain Meta Analysis,SCZ,MR Egger,3,0.067,0.058,1.069,0.453,0.741769953,0.541431323,0.48218564,0.004941785
SLC37A3,Brain Meta Analysis,SCZ,Wald ratio,1,0.022,0.029,1.022,0.455,NA,NA,NA,0.012772716
ZNF71,Brain Meta Analysis,SCZ,Wald ratio,1,0.011,0.014,1.011,0.455,NA,NA,NA,0.007008981
KIAA0825,Brain Meta Analysis,SCZ,Wald ratio,1,-0.006,0.009,0.994,0.455,NA,NA,NA,0.005709717
VWDE,Brain Meta Analysis,SCZ,Wald ratio,1,0.025,0.033,1.025,0.455,NA,NA,NA,0.005696061
RDH8,Brain Meta Analysis,SCZ,Wald ratio,1,-0.017,0.023,0.983,0.456,NA,NA,NA,0.006932383
ICOSLG,Brain Meta Analysis,SCZ,Wald ratio,1,-0.011,0.015,0.989,0.456,NA,NA,NA,0.006932383
MS4A4A,Brain Meta Analysis,SCZ,Wald ratio,1,-0.019,0.026,0.981,0.456,NA,NA,NA,0.006155232
ADCY8,Brain Meta Analysis,SCZ,Wald ratio,1,0.027,0.036,1.028,0.456,NA,NA,NA,0.01142644
SPRR3,Brain Meta Analysis,SCZ,Wald ratio,1,-0.019,0.025,0.981,0.457,NA,NA,NA,0.005240038
TEX10,Brain Meta Analysis,SCZ,Wald ratio,1,0.018,0.024,1.018,0.457,NA,NA,NA,0.005556391
RIN3,Brain Meta Analysis,SCZ,Simple mode,3,0.019,0.021,1.019,0.457,0.042266535,0.12253309,0.915090753,0.012253246
RNF165,Brain Meta Analysis,SCZ,Inverse variance weighted,2,0.011,0.015,1.011,0.457,NA,0.462592503,NA,0.008234341
FOXF1,Brain Meta Analysis,SCZ,Wald ratio,1,-0.012,0.016,0.988,0.458,NA,NA,NA,0.00685622
IQGAP3,Brain Meta Analysis,SCZ,Wald ratio,1,-0.016,0.022,0.984,0.458,NA,NA,NA,0.0101927
SLC6A5,Brain Meta Analysis,SCZ,Wald ratio,1,-0.006,0.008,0.994,0.458,NA,NA,NA,0.005816209
OPRK1,Brain Meta Analysis,SCZ,Wald ratio,1,-0.014,0.019,0.986,0.458,NA,NA,NA,0.006074039
FOXK1,Brain Meta Analysis,SCZ,Wald ratio,1,-0.006,0.008,0.994,0.458,NA,NA,NA,0.005814497
UNC13A,Brain Meta Analysis,SCZ,Inverse variance weighted,2,-0.011,0.014,0.989,0.459,NA,0.317598043,NA,0.011853255
POMT2,Brain Meta Analysis,SCZ,Wald ratio,1,-0.014,0.019,0.986,0.459,NA,NA,NA,0.007036569
MSANTD4,Brain Meta Analysis,SCZ,Wald ratio,1,0.014,0.019,1.014,0.459,NA,NA,NA,0.006520505
GRIK2,Brain Meta Analysis,SCZ,Wald ratio,1,0.013,0.017,1.013,0.459,NA,NA,NA,0.006518
CDCP1,Brain Meta Analysis,SCZ,Wald ratio,1,0.017,0.024,1.018,0.46,NA,NA,NA,0.005976562
TTC6,Brain Meta Analysis,SCZ,Wald ratio,1,-0.021,0.029,0.979,0.46,NA,NA,NA,0.005738008
RGS1,Brain Meta Analysis,SCZ,Wald ratio,1,-0.007,0.009,0.993,0.46,NA,NA,NA,0.007219601
POMGNT2,Brain Meta Analysis,SCZ,Wald ratio,1,0.02,0.028,1.021,0.46,NA,NA,NA,0.006960441
JAK2,Brain Meta Analysis,SCZ,Wald ratio,1,-0.006,0.008,0.994,0.461,NA,NA,NA,0.006701717
PRKAG2,Brain Meta Analysis,SCZ,Inverse variance weighted,5,0.009,0.013,1.009,0.461,0.052203953,0.06145013,0.533287491,0.007268667
PUS7L,Brain Meta Analysis,SCZ,Wald ratio,1,-0.033,0.044,0.968,0.461,NA,NA,NA,0.008649467
TUFT1,Brain Meta Analysis,SCZ,Wald ratio,1,-0.012,0.017,0.988,0.461,NA,NA,NA,0.006440731
FAM172A,Brain Meta Analysis,SCZ,Wald ratio,1,0.016,0.022,1.016,0.461,NA,NA,NA,0.008342006
PHOX2B,Brain Meta Analysis,SCZ,Wald ratio,1,-0.017,0.023,0.983,0.461,NA,NA,NA,0.00592292
PALM,Brain Meta Analysis,SCZ,Wald ratio,1,0.017,0.023,1.017,0.461,NA,NA,NA,0.007389518
CLYBL,Brain Meta Analysis,SCZ,Weighted mode,3,-0.008,0.009,0.992,0.462,3.12E-06,1.11E-05,0.860541599,0.392909136
RNF217,Brain Meta Analysis,SCZ,Wald ratio,1,0.006,0.008,1.006,0.462,NA,NA,NA,0.005920596
PRKCB,Brain Meta Analysis,SCZ,Inverse variance weighted,2,-0.015,0.021,0.985,0.462,NA,8.67E-05,NA,0.998287718
DNER,Brain Meta Analysis,SCZ,Inverse variance weighted,2,-0.019,0.026,0.981,0.462,NA,0.079667584,NA,0.005122421
GALNTL6,Brain Meta Analysis,SCZ,Wald ratio,1,-0.007,0.009,0.993,0.462,NA,NA,NA,0.008800878
LYRM9,Brain Meta Analysis,SCZ,Wald ratio,1,0.011,0.015,1.011,0.462,NA,NA,NA,0.006367379
SYT7,Brain Meta Analysis,SCZ,Inverse variance weighted,2,0.01,0.014,1.01,0.463,NA,0.47976156,NA,0.000322683
ARPC2,Brain Meta Analysis,SCZ,Wald ratio,1,0.013,0.018,1.013,0.464,NA,NA,NA,0.005584119
SCUBE1,Brain Meta Analysis,SCZ,Wald ratio,1,-0.015,0.021,0.985,0.464,NA,NA,NA,0.007948776
CPLX2,Brain Meta Analysis,SCZ,Wald ratio,1,-0.025,0.034,0.975,0.465,NA,NA,NA,0.006926811
RNPEP,Brain Meta Analysis,SCZ,Wald ratio,1,-0.006,0.008,0.994,0.465,NA,NA,NA,0.00576836
CIITA,Brain Meta Analysis,SCZ,Wald ratio,1,0.013,0.018,1.013,0.465,NA,NA,NA,0.00576836
OSGIN1,Brain Meta Analysis,SCZ,Wald ratio,1,0.005,0.007,1.005,0.466,NA,NA,NA,0.006209772
TSPAN18,Brain Meta Analysis,SCZ,Inverse variance weighted,2,0.004,0.006,1.004,0.467,NA,0.807547791,NA,0.005059037
MOCS1,Brain Meta Analysis,SCZ,Wald ratio,1,-0.018,0.025,0.982,0.467,NA,NA,NA,0.005691182
CAMTA2,Brain Meta Analysis,SCZ,Wald ratio,1,-0.014,0.019,0.986,0.467,NA,NA,NA,0.008492703
ZNF618,Brain Meta Analysis,SCZ,Wald ratio,1,-0.008,0.012,0.992,0.467,NA,NA,NA,0.006393365
RGS6,Brain Meta Analysis,SCZ,Inverse variance weighted,2,0.01,0.013,1.01,0.467,NA,0.739645987,NA,0.021771063
RBPMS,Brain Meta Analysis,SCZ,Wald ratio,1,-0.019,0.026,0.981,0.468,NA,NA,NA,0.006320866
DGKD,Brain Meta Analysis,SCZ,Wald ratio,1,-0.014,0.019,0.986,0.469,NA,NA,NA,0.00561422
NR1I3,Brain Meta Analysis,SCZ,Wald ratio,1,0.022,0.03,1.022,0.469,NA,NA,NA,0.005613661
TOP1MT,Brain Meta Analysis,SCZ,Wald ratio,1,-0.016,0.022,0.984,0.469,NA,NA,NA,0.005610928
DSCAM,Brain Meta Analysis,SCZ,MR Egger,3,-0.018,0.016,0.983,0.469,0.347902619,0.229584605,0.387266417,0.022203227
KCNH1,Brain Meta Analysis,SCZ,Inverse variance weighted,2,-0.011,0.015,0.989,0.47,NA,0.244458118,NA,0.017000861
PDZD2,Brain Meta Analysis,SCZ,Inverse variance weighted,4,0.005,0.007,1.005,0.47,0.397502957,0.442806534,0.456204662,0.005040603
TOMM20,Brain Meta Analysis,SCZ,Wald ratio,1,-0.014,0.019,0.986,0.47,NA,NA,NA,0.006244183
MTG2,Brain Meta Analysis,SCZ,Wald ratio,1,-0.018,0.025,0.982,0.47,NA,NA,NA,0.005828846
NRXN3,Brain Meta Analysis,SCZ,Inverse variance weighted,5,0.006,0.008,1.006,0.47,0.080892112,0.12343881,0.665403948,0.007962248
SCN5A,Brain Meta Analysis,SCZ,Wald ratio,1,0.024,0.033,1.024,0.471,NA,NA,NA,0.007230939
GOLM1,Brain Meta Analysis,SCZ,Wald ratio,1,0.011,0.015,1.011,0.471,NA,NA,NA,0.008707504
HOXB8,Brain Meta Analysis,SCZ,Wald ratio,1,-0.009,0.012,0.991,0.472,NA,NA,NA,0.011148127
FOXK2,Brain Meta Analysis,SCZ,Wald ratio,1,0.017,0.024,1.017,0.472,NA,NA,NA,0.007567921
DEFA4,Brain Meta Analysis,SCZ,Wald ratio,1,-0.006,0.008,0.994,0.472,NA,NA,NA,0.005721634
PWP2,Brain Meta Analysis,SCZ,Wald ratio,1,-0.017,0.023,0.983,0.472,NA,NA,NA,0.006131672
CPZ,Brain Meta Analysis,SCZ,Wald ratio,1,-0.011,0.015,0.99,0.473,NA,NA,NA,0.0079349
SERPINB6,Brain Meta Analysis,SCZ,Wald ratio,1,-0.013,0.018,0.987,0.473,NA,NA,NA,0.005906145
MTCL1,Brain Meta Analysis,SCZ,Simple mode,3,0.01,0.012,1.01,0.473,0.059042641,0.156949132,0.875616797,0.012225864
PALLD,Brain Meta Analysis,SCZ,Weighted median,3,0.004,0.005,1.004,0.474,0.079924905,0.082630119,0.573816142,0.004296073
AK4,Brain Meta Analysis,SCZ,Wald ratio,1,-0.017,0.023,0.983,0.474,NA,NA,NA,0.011178124
SLC7A2,Brain Meta Analysis,SCZ,Wald ratio,1,0.006,0.008,1.006,0.474,NA,NA,NA,0.005644906
TRPM2,Brain Meta Analysis,SCZ,Wald ratio,1,-0.018,0.026,0.982,0.476,NA,NA,NA,0.005783503
MIER2,Brain Meta Analysis,SCZ,Wald ratio,1,0.013,0.019,1.013,0.476,NA,NA,NA,0.009821552
SNX29,Brain Meta Analysis,SCZ,MR Egger,6,-0.017,0.021,0.984,0.476,0.136168761,0.147913471,0.461085728,0.004922339
TMPRSS13,Brain Meta Analysis,SCZ,Wald ratio,1,0.013,0.019,1.013,0.476,NA,NA,NA,0.005568677
GNAT2,Brain Meta Analysis,SCZ,Wald ratio,1,0.014,0.02,1.014,0.476,NA,NA,NA,0.007526426
SPINK13,Brain Meta Analysis,SCZ,Wald ratio,1,0.026,0.037,1.027,0.476,NA,NA,NA,0.016513868
TAF1C,Brain Meta Analysis,SCZ,Inverse variance weighted,2,-0.008,0.011,0.992,0.477,NA,0.136803258,NA,0.005185662
PYROXD2,Brain Meta Analysis,SCZ,Wald ratio,1,0.011,0.016,1.012,0.477,NA,NA,NA,0.006198278
CRYBG1,Brain Meta Analysis,SCZ,Inverse variance weighted,2,0.014,0.019,1.014,0.477,NA,0.172399067,NA,0.007916612
APBB2,Brain Meta Analysis,SCZ,Simple mode,4,0.01,0.012,1.01,0.477,0.087378709,0.179855015,0.940536229,0.006405589
ARHGEF38,Brain Meta Analysis,SCZ,Wald ratio,1,-0.013,0.018,0.987,0.477,NA,NA,NA,0.00663875
RECQL,Brain Meta Analysis,SCZ,Wald ratio,1,0.016,0.023,1.017,0.478,NA,NA,NA,0.005895114
C1QTNF9,Brain Meta Analysis,SCZ,Wald ratio,1,0.017,0.024,1.017,0.478,NA,NA,NA,0.005895524
ROBO1,Brain Meta Analysis,SCZ,Inverse variance weighted,2,0.011,0.016,1.011,0.478,NA,0.588670491,NA,0.006818213
TBX10,Brain Meta Analysis,SCZ,Wald ratio,1,0.015,0.021,1.015,0.479,NA,NA,NA,0.00567537
ADGRL2,Brain Meta Analysis,SCZ,Wald ratio,1,0.012,0.017,1.012,0.479,NA,NA,NA,0.005676149
ARNT2,Brain Meta Analysis,SCZ,Wald ratio,1,0.013,0.019,1.014,0.479,NA,NA,NA,0.00674811
ZNF274,Brain Meta Analysis,SCZ,Wald ratio,1,0.017,0.024,1.017,0.479,NA,NA,NA,0.000179237
PALM2AKAP2,Brain Meta Analysis,SCZ,MR Egger,4,0.013,0.015,1.013,0.48,0.362423353,0.459001024,0.534509794,0.006027351
CARD8,Brain Meta Analysis,SCZ,Wald ratio,1,0.018,0.026,1.018,0.48,NA,NA,NA,0.005371195
SBSPON,Brain Meta Analysis,SCZ,Wald ratio,1,-0.017,0.025,0.983,0.48,NA,NA,NA,0.015311
MYOM2,Brain Meta Analysis,SCZ,Weighted mode,4,-0.015,0.018,0.986,0.48,0.030918751,0.032129245,0.542228221,0.017225715
LYST,Brain Meta Analysis,SCZ,Wald ratio,1,-0.014,0.019,0.986,0.481,NA,NA,NA,0.0075535
PLXNC1,Brain Meta Analysis,SCZ,Wald ratio,1,0.018,0.025,1.018,0.481,NA,NA,NA,0.00523403
ZSCAN10,Brain Meta Analysis,SCZ,Wald ratio,1,0.016,0.023,1.017,0.481,NA,NA,NA,0.005580312
ACTR1B,Brain Meta Analysis,SCZ,Wald ratio,1,0.018,0.026,1.018,0.481,NA,NA,NA,0.005671223
GRK7,Brain Meta Analysis,SCZ,Wald ratio,1,-0.018,0.026,0.982,0.481,NA,NA,NA,0.005599441
GNB4,Brain Meta Analysis,SCZ,Wald ratio,1,0.017,0.024,1.017,0.481,NA,NA,NA,0.005599453
KRT5,Brain Meta Analysis,SCZ,Wald ratio,1,0.015,0.022,1.016,0.481,NA,NA,NA,0.00559665
ARHGAP10,Brain Meta Analysis,SCZ,Inverse variance weighted,2,0.012,0.017,1.012,0.481,NA,0.647458543,NA,0.008255698
GABRR1,Brain Meta Analysis,SCZ,Wald ratio,1,0.013,0.018,1.013,0.481,NA,NA,NA,0.007921536
SEC14L1,Brain Meta Analysis,SCZ,Wald ratio,1,-0.021,0.029,0.98,0.482,NA,NA,NA,0.004268977
SRP72,Brain Meta Analysis,SCZ,Wald ratio,1,-0.016,0.022,0.985,0.482,NA,NA,NA,0.003385466
ARL8B,Brain Meta Analysis,SCZ,Wald ratio,1,-0.012,0.017,0.988,0.483,NA,NA,NA,0.005967255
MCOLN2,Brain Meta Analysis,SCZ,Wald ratio,1,-0.006,0.008,0.994,0.483,NA,NA,NA,0.006593897
BTBD1,Brain Meta Analysis,SCZ,Wald ratio,1,-0.005,0.007,0.995,0.483,NA,NA,NA,0.005524212
ZC3H14,Brain Meta Analysis,SCZ,Wald ratio,1,0.015,0.021,1.015,0.483,NA,NA,NA,0.006777294
SLC4A4,Brain Meta Analysis,SCZ,Wald ratio,1,-0.027,0.039,0.973,0.483,NA,NA,NA,0.012656468
WFDC1,Brain Meta Analysis,SCZ,Wald ratio,1,-0.018,0.025,0.982,0.484,NA,NA,NA,0.005312245
ARHGAP39,Brain Meta Analysis,SCZ,Wald ratio,1,-0.03,0.042,0.971,0.484,NA,NA,NA,0.019498176
WHRN,Brain Meta Analysis,SCZ,Inverse variance weighted,2,0.005,0.008,1.005,0.485,NA,0.280697577,NA,0.010408551
NCAPH2,Brain Meta Analysis,SCZ,Wald ratio,1,-0.016,0.023,0.984,0.485,NA,NA,NA,0.006680793
FAM53B,Brain Meta Analysis,SCZ,Wald ratio,1,-0.015,0.022,0.985,0.486,NA,NA,NA,0.006260283
KCNAB2,Brain Meta Analysis,SCZ,Inverse variance weighted,2,-0.026,0.037,0.974,0.486,NA,0.064056372,NA,0.059072808
PIGK,Brain Meta Analysis,SCZ,Wald ratio,1,0.016,0.023,1.017,0.486,NA,NA,NA,0.010174492
NXPH1,Brain Meta Analysis,SCZ,Wald ratio,1,-0.017,0.024,0.984,0.487,NA,NA,NA,0.005816242
SYTL2,Brain Meta Analysis,SCZ,Wald ratio,1,0.013,0.018,1.013,0.487,NA,NA,NA,0.006000916
NASP,Brain Meta Analysis,SCZ,Wald ratio,1,-0.006,0.008,0.994,0.487,NA,NA,NA,0.006000918
TMC1,Brain Meta Analysis,SCZ,Wald ratio,1,-0.018,0.026,0.982,0.487,NA,NA,NA,0.006625926
SPOCK1,Brain Meta Analysis,SCZ,Inverse variance weighted,2,-0.012,0.017,0.988,0.487,NA,0.017222501,NA,0.028046336
CYP2E1,Brain Meta Analysis,SCZ,Wald ratio,1,-0.019,0.028,0.981,0.487,NA,NA,NA,0.010461667
ABCC11,Brain Meta Analysis,SCZ,Wald ratio,1,0.015,0.022,1.015,0.488,NA,NA,NA,0.009228185
NPLOC4,Brain Meta Analysis,SCZ,Wald ratio,1,-0.017,0.025,0.983,0.488,NA,NA,NA,0.006767319
INSR,Brain Meta Analysis,SCZ,Wald ratio,1,-0.012,0.017,0.988,0.488,NA,NA,NA,0.00618278
GRAMD4,Brain Meta Analysis,SCZ,Wald ratio,1,0.018,0.026,1.018,0.489,NA,NA,NA,0.005924808
UXS1,Brain Meta Analysis,SCZ,Wald ratio,1,0.016,0.024,1.016,0.489,NA,NA,NA,0.010005958
IGF1,Brain Meta Analysis,SCZ,Wald ratio,1,-0.015,0.022,0.985,0.49,NA,NA,NA,0.001247504
TTC4,Brain Meta Analysis,SCZ,Wald ratio,1,-0.012,0.018,0.988,0.49,NA,NA,NA,0.012440401
ITGB5,Brain Meta Analysis,SCZ,Wald ratio,1,-0.013,0.019,0.987,0.49,NA,NA,NA,0.007102019
TNKS1BP1,Brain Meta Analysis,SCZ,Wald ratio,1,0.038,0.055,1.039,0.49,NA,NA,NA,0.019298892
XPO7,Brain Meta Analysis,SCZ,Wald ratio,1,0.015,0.022,1.015,0.49,NA,NA,NA,0.005477386
THSD7B,Brain Meta Analysis,SCZ,Wald ratio,1,-0.012,0.017,0.988,0.49,NA,NA,NA,0.005480806
MYBPC1,Brain Meta Analysis,SCZ,Wald ratio,1,0.014,0.02,1.014,0.49,NA,NA,NA,0.005480728
ARAP1,Brain Meta Analysis,SCZ,Wald ratio,1,-0.012,0.018,0.988,0.49,NA,NA,NA,0.006290692
ELFN2,Brain Meta Analysis,SCZ,Wald ratio,1,0.006,0.008,1.006,0.491,NA,NA,NA,0.005663982
MYCBPAP,Brain Meta Analysis,SCZ,Wald ratio,1,0.017,0.024,1.017,0.491,NA,NA,NA,0.005633881
KLHL23,Brain Meta Analysis,SCZ,Wald ratio,1,-0.014,0.021,0.986,0.492,NA,NA,NA,0.00702697
SPOCD1,Brain Meta Analysis,SCZ,Wald ratio,1,-0.018,0.026,0.982,0.493,NA,NA,NA,0.005589171
PALD1,Brain Meta Analysis,SCZ,Wald ratio,1,-0.005,0.008,0.995,0.493,NA,NA,NA,0.0067691
ADGRL3,Brain Meta Analysis,SCZ,Inverse variance weighted,4,0.008,0.012,1.008,0.493,0.019439873,0.0270091,0.623993693,0.005630705
SOCS6,Brain Meta Analysis,SCZ,Wald ratio,1,-0.017,0.024,0.984,0.494,NA,NA,NA,0.007431352
RARG,Brain Meta Analysis,SCZ,Wald ratio,1,0.016,0.024,1.017,0.494,NA,NA,NA,0.004103451
DCUN1D2,Brain Meta Analysis,SCZ,Wald ratio,1,-0.012,0.018,0.988,0.494,NA,NA,NA,0.005956629
MFSD1,Brain Meta Analysis,SCZ,Wald ratio,1,0.011,0.016,1.011,0.494,NA,NA,NA,0.00731726
C6orf132,Brain Meta Analysis,SCZ,Inverse variance weighted,2,0.007,0.011,1.008,0.494,NA,0.710469576,NA,0.006429174
MAD2L1,Brain Meta Analysis,SCZ,Wald ratio,1,0.013,0.02,1.014,0.495,NA,NA,NA,0.005513768
KIF17,Brain Meta Analysis,SCZ,Wald ratio,1,-0.018,0.026,0.982,0.495,NA,NA,NA,0.005513768
MAD1L1,Brain Meta Analysis,SCZ,Inverse variance weighted,2,-0.07,0.103,0.932,0.496,NA,2.29E-10,NA,0.99999663
KEAP1,Brain Meta Analysis,SCZ,Wald ratio,1,-0.012,0.018,0.988,0.496,NA,NA,NA,0.008960613
KCNQ4,Brain Meta Analysis,SCZ,Wald ratio,1,-0.016,0.024,0.984,0.496,NA,NA,NA,0.005921714
UNC5A,Brain Meta Analysis,SCZ,Wald ratio,1,0.02,0.03,1.021,0.497,NA,NA,NA,0.013424167
GNAO1,Brain Meta Analysis,SCZ,Wald ratio,1,-0.022,0.033,0.978,0.497,NA,NA,NA,0.005414687
SNN,Brain Meta Analysis,SCZ,Wald ratio,1,-0.012,0.018,0.988,0.497,NA,NA,NA,0.00543844
GNAQ,Brain Meta Analysis,SCZ,Wald ratio,1,0.011,0.017,1.011,0.498,NA,NA,NA,0.005806067
SERBP1,Brain Meta Analysis,SCZ,Wald ratio,1,0.012,0.017,1.012,0.498,NA,NA,NA,0.005989869
SRD5A1,Brain Meta Analysis,SCZ,Wald ratio,1,0.014,0.021,1.015,0.5,NA,NA,NA,0.005545994
ZNF516,Brain Meta Analysis,SCZ,MR Egger,3,0.036,0.036,1.036,0.5,0.404742472,0.296875302,0.413420178,0.013289464
BCL11B,Brain Meta Analysis,SCZ,Inverse variance weighted,2,-0.033,0.048,0.968,0.5,NA,4.30E-05,NA,0.004583789
RASSF2,Brain Meta Analysis,SCZ,Wald ratio,1,-0.011,0.016,0.99,0.5,NA,NA,NA,0.005730439
KIF6,Brain Meta Analysis,SCZ,Inverse variance weighted,2,0.009,0.014,1.009,0.501,NA,0.928302818,NA,0.010094309
F5,Brain Meta Analysis,SCZ,Wald ratio,1,0.013,0.019,1.013,0.501,NA,NA,NA,0.007017257
PRKCZ,Brain Meta Analysis,SCZ,Wald ratio,1,0.015,0.022,1.015,0.502,NA,NA,NA,0.007383681
PRND,Brain Meta Analysis,SCZ,Wald ratio,1,0.016,0.024,1.017,0.502,NA,NA,NA,0.00547211
EPHA6,Brain Meta Analysis,SCZ,Wald ratio,1,0.037,0.055,1.037,0.503,NA,NA,NA,0.020358049
KCNIP1,Brain Meta Analysis,SCZ,Simple mode,3,-0.009,0.012,0.991,0.503,0.03847198,0.071053498,0.712902733,0.041068265
DAB1,Brain Meta Analysis,SCZ,Simple mode,3,-0.008,0.01,0.992,0.504,0.072826732,0.052797223,0.530003694,0.005436256
SLFN11,Brain Meta Analysis,SCZ,Wald ratio,1,0.016,0.024,1.016,0.505,NA,NA,NA,0.00533585
ATG5,Brain Meta Analysis,SCZ,Wald ratio,1,0.017,0.025,1.017,0.505,NA,NA,NA,0.009787963
SMPDL3B,Brain Meta Analysis,SCZ,Wald ratio,1,0.006,0.008,1.006,0.505,NA,NA,NA,0.005581104
ZEB2,Brain Meta Analysis,SCZ,Wald ratio,1,-0.015,0.022,0.985,0.505,NA,NA,NA,0.005581104
RASL12,Brain Meta Analysis,SCZ,Wald ratio,1,0.014,0.021,1.014,0.505,NA,NA,NA,0.007233663
PRKAR1B,Brain Meta Analysis,SCZ,Wald ratio,1,-0.015,0.022,0.986,0.505,NA,NA,NA,0.005764236
C12orf42,Brain Meta Analysis,SCZ,Wald ratio,1,-0.01,0.015,0.99,0.505,NA,NA,NA,0.005764336
MYOCD,Brain Meta Analysis,SCZ,Wald ratio,1,0.014,0.021,1.014,0.505,NA,NA,NA,0.0061323
CEP55,Brain Meta Analysis,SCZ,Wald ratio,1,-0.016,0.024,0.984,0.505,NA,NA,NA,0.0063157
ITIH5,Brain Meta Analysis,SCZ,Wald ratio,1,-0.017,0.025,0.983,0.505,NA,NA,NA,0.005286992
ADAMTS17,Brain Meta Analysis,SCZ,Inverse variance weighted,2,-0.009,0.013,0.991,0.507,NA,0.917009248,NA,0.004917512
KCNG4,Brain Meta Analysis,SCZ,Wald ratio,1,-0.021,0.032,0.979,0.507,NA,NA,NA,0.005503981
PCSK2,Brain Meta Analysis,SCZ,Wald ratio,1,0.01,0.015,1.01,0.508,NA,NA,NA,0.005319108
MVB12A,Brain Meta Analysis,SCZ,Wald ratio,1,-0.013,0.02,0.987,0.509,NA,NA,NA,0.007629007
FAM234A,Brain Meta Analysis,SCZ,Wald ratio,1,0.016,0.024,1.016,0.509,NA,NA,NA,0.006802737
LDLRAD3,Brain Meta Analysis,SCZ,Simple mode,3,-0.012,0.015,0.988,0.509,0.350480138,0.436814802,0.538478663,0.005960569
LARP4B,Brain Meta Analysis,SCZ,Wald ratio,1,-0.015,0.023,0.985,0.509,NA,NA,NA,0.006607891
HHLA2,Brain Meta Analysis,SCZ,Wald ratio,1,-0.005,0.008,0.995,0.509,NA,NA,NA,0.00901912
STXBP2,Brain Meta Analysis,SCZ,Wald ratio,1,-0.017,0.025,0.983,0.51,NA,NA,NA,0.005432203
SLC36A3,Brain Meta Analysis,SCZ,Wald ratio,1,-0.005,0.008,0.995,0.51,NA,NA,NA,0.005431449
SPP1,Brain Meta Analysis,SCZ,Wald ratio,1,-0.012,0.019,0.988,0.51,NA,NA,NA,0.005431449
MKKS,Brain Meta Analysis,SCZ,Wald ratio,1,0.01,0.015,1.01,0.51,NA,NA,NA,0.005431449
NRIP1,Brain Meta Analysis,SCZ,Wald ratio,1,-0.013,0.019,0.987,0.511,NA,NA,NA,0.009309896
NUDT2,Brain Meta Analysis,SCZ,Wald ratio,1,0.013,0.02,1.013,0.511,NA,NA,NA,0.007010333
SARDH,Brain Meta Analysis,SCZ,Wald ratio,1,-0.014,0.021,0.987,0.511,NA,NA,NA,0.00627553
MYH9,Brain Meta Analysis,SCZ,Wald ratio,1,-0.014,0.022,0.986,0.512,NA,NA,NA,0.00590332
SH3TC1,Brain Meta Analysis,SCZ,Wald ratio,1,-0.005,0.007,0.995,0.512,NA,NA,NA,0.005724691
EBPL,Brain Meta Analysis,SCZ,Wald ratio,1,0.016,0.024,1.016,0.512,NA,NA,NA,0.005303046
OR2V2,Brain Meta Analysis,SCZ,Wald ratio,1,0.046,0.071,1.047,0.512,NA,NA,NA,0.017634839
XYLT1,Brain Meta Analysis,SCZ,Inverse variance weighted,3,0.006,0.009,1.006,0.513,0.117718102,0.233952547,0.740116065,0.004368234
PCDH9,Brain Meta Analysis,SCZ,Wald ratio,1,0.018,0.028,1.018,0.513,NA,NA,NA,0.313635572
FSTL5,Brain Meta Analysis,SCZ,Wald ratio,1,0.013,0.02,1.013,0.514,NA,NA,NA,0.006201198
GMFB,Brain Meta Analysis,SCZ,Wald ratio,1,-0.005,0.008,0.995,0.514,NA,NA,NA,0.006018047
AFDN,Brain Meta Analysis,SCZ,Wald ratio,1,-0.014,0.022,0.986,0.514,NA,NA,NA,0.007156352
ERMN,Brain Meta Analysis,SCZ,Wald ratio,1,0.011,0.016,1.011,0.514,NA,NA,NA,0.01254677
MCC,Brain Meta Analysis,SCZ,Wald ratio,1,-0.017,0.026,0.983,0.514,NA,NA,NA,0.005466233
FA2H,Brain Meta Analysis,SCZ,Wald ratio,1,-0.005,0.008,0.995,0.514,NA,NA,NA,0.005648592
MCHR2,Brain Meta Analysis,SCZ,Wald ratio,1,0.019,0.029,1.019,0.515,NA,NA,NA,0.005463623
ABLIM3,Brain Meta Analysis,SCZ,Wald ratio,1,0.011,0.017,1.011,0.515,NA,NA,NA,0.005278719
RPL13A,Brain Meta Analysis,SCZ,Wald ratio,1,-0.013,0.02,0.987,0.516,NA,NA,NA,0.00075335
PCNA,Brain Meta Analysis,SCZ,Wald ratio,1,-0.01,0.015,0.99,0.516,NA,NA,NA,0.005943213
AARD,Brain Meta Analysis,SCZ,Wald ratio,1,-0.01,0.015,0.99,0.516,NA,NA,NA,0.005758516
ELMO1,Brain Meta Analysis,SCZ,Simple mode,3,-0.015,0.019,0.985,0.517,0.480813983,0.676021128,0.687341088,0.007900668
PRRG4,Brain Meta Analysis,SCZ,Wald ratio,1,0.005,0.008,1.005,0.517,NA,NA,NA,0.007811235
RASGRF1,Brain Meta Analysis,SCZ,Inverse variance weighted,2,-0.01,0.015,0.99,0.517,NA,0.031115277,NA,0.005469988
RAPGEF3,Brain Meta Analysis,SCZ,Wald ratio,1,-0.013,0.02,0.987,0.518,NA,NA,NA,0.008098459
CNTNAP5,Brain Meta Analysis,SCZ,Wald ratio,1,0.015,0.024,1.015,0.518,NA,NA,NA,0.007758118
MPP4,Brain Meta Analysis,SCZ,Wald ratio,1,0.02,0.031,1.021,0.518,NA,NA,NA,0.009561426
PDGFD,Brain Meta Analysis,SCZ,Wald ratio,1,-0.005,0.009,0.995,0.519,NA,NA,NA,0.008577132
SARAF,Brain Meta Analysis,SCZ,Wald ratio,1,-0.005,0.007,0.995,0.519,NA,NA,NA,0.010895047
PARD3B,Brain Meta Analysis,SCZ,Wald ratio,1,-0.016,0.024,0.984,0.519,NA,NA,NA,0.008342963
CHSY1,Brain Meta Analysis,SCZ,Wald ratio,1,0.013,0.021,1.014,0.519,NA,NA,NA,0.005317396
OCA2,Brain Meta Analysis,SCZ,Inverse variance weighted,4,-0.006,0.009,0.994,0.52,0.15171265,0.277373624,0.851503685,0.006882709
ATP11B,Brain Meta Analysis,SCZ,Wald ratio,1,-0.014,0.021,0.986,0.52,NA,NA,NA,0.008504267
RGS3,Brain Meta Analysis,SCZ,Wald ratio,1,0.013,0.021,1.013,0.521,NA,NA,NA,0.006821393
EYA4,Brain Meta Analysis,SCZ,Wald ratio,1,-0.017,0.027,0.983,0.521,NA,NA,NA,0.008321316
OR11A1,Brain Meta Analysis,SCZ,Wald ratio,1,0.025,0.039,1.025,0.521,NA,NA,NA,0.014562196
DCTN5,Brain Meta Analysis,SCZ,Wald ratio,1,-0.027,0.043,0.973,0.521,NA,NA,NA,0.021168628
OR51A7,Brain Meta Analysis,SCZ,Wald ratio,1,-0.02,0.031,0.98,0.521,NA,NA,NA,0.009560939
TSHZ2,Brain Meta Analysis,SCZ,Wald ratio,1,0.01,0.016,1.01,0.522,NA,NA,NA,0.00560911
ACAA2,Brain Meta Analysis,SCZ,Wald ratio,1,-0.013,0.021,0.987,0.522,NA,NA,NA,0.005289257
XKR6,Brain Meta Analysis,SCZ,Wald ratio,1,-0.014,0.022,0.986,0.522,NA,NA,NA,0.006084972
IL2RB,Brain Meta Analysis,SCZ,Wald ratio,1,-0.012,0.018,0.988,0.522,NA,NA,NA,0.006088117
WDR25,Brain Meta Analysis,SCZ,Inverse variance weighted,2,0.015,0.023,1.015,0.522,NA,0.204710937,NA,0.036795046
MIA2,Brain Meta Analysis,SCZ,Wald ratio,1,0.005,0.008,1.005,0.523,NA,NA,NA,0.00523935
UTP18,Brain Meta Analysis,SCZ,Wald ratio,1,-0.01,0.016,0.99,0.523,NA,NA,NA,0.00523935
ITGA11,Brain Meta Analysis,SCZ,Inverse variance weighted,2,0.011,0.018,1.011,0.523,NA,0.29899284,NA,0.009314538
GPNMB,Brain Meta Analysis,SCZ,Wald ratio,1,0.017,0.027,1.017,0.525,NA,NA,NA,0.005349728
TMEM132E,Brain Meta Analysis,SCZ,Wald ratio,1,0.008,0.013,1.008,0.525,NA,NA,NA,0.006492834
GRID1,Brain Meta Analysis,SCZ,Inverse variance weighted,2,0.01,0.016,1.01,0.525,NA,0.203842747,NA,0.014667933
SPSB1,Brain Meta Analysis,SCZ,Wald ratio,1,0.005,0.008,1.005,0.525,NA,NA,NA,0.005829531
VAX2,Brain Meta Analysis,SCZ,Wald ratio,1,0.01,0.015,1.01,0.525,NA,NA,NA,0.005829531
GNGT1,Brain Meta Analysis,SCZ,Wald ratio,1,0.014,0.022,1.014,0.526,NA,NA,NA,0.006308585
C5orf24,Brain Meta Analysis,SCZ,Wald ratio,1,-0.025,0.04,0.975,0.526,NA,NA,NA,0.022329571
WDR89,Brain Meta Analysis,SCZ,Wald ratio,1,-0.02,0.032,0.98,0.526,NA,NA,NA,0.01575116
CLUH,Brain Meta Analysis,SCZ,Wald ratio,1,-0.015,0.024,0.985,0.527,NA,NA,NA,0.005381873
KDF1,Brain Meta Analysis,SCZ,Wald ratio,1,-0.015,0.023,0.985,0.527,NA,NA,NA,0.00591052
SLC35F4,Brain Meta Analysis,SCZ,Wald ratio,1,0.012,0.019,1.012,0.528,NA,NA,NA,0.005275296
CCDC33,Brain Meta Analysis,SCZ,Wald ratio,1,-0.009,0.014,0.991,0.528,NA,NA,NA,0.010095339
LOXHD1,Brain Meta Analysis,SCZ,Wald ratio,1,-0.01,0.017,0.99,0.528,NA,NA,NA,0.007843925
ETV6,Brain Meta Analysis,SCZ,Wald ratio,1,-0.01,0.016,0.99,0.529,NA,NA,NA,0.005570567
AMDHD1,Brain Meta Analysis,SCZ,Wald ratio,1,-0.005,0.008,0.995,0.529,NA,NA,NA,0.006050033
SCARA5,Brain Meta Analysis,SCZ,Wald ratio,1,0.018,0.028,1.018,0.529,NA,NA,NA,0.00538908
ANXA2,Brain Meta Analysis,SCZ,Inverse variance weighted,2,0.008,0.013,1.008,0.529,NA,0.647011479,NA,0.010621949
MAK,Brain Meta Analysis,SCZ,Wald ratio,1,-0.015,0.024,0.985,0.53,NA,NA,NA,0.006440335
AMACR,Brain Meta Analysis,SCZ,Wald ratio,1,0.013,0.021,1.013,0.53,NA,NA,NA,0.005200686
INSYN2A,Brain Meta Analysis,SCZ,Inverse variance weighted,2,-0.01,0.016,0.99,0.531,NA,0.575313409,NA,0.00961314
VIRMA,Brain Meta Analysis,SCZ,Wald ratio,1,-0.017,0.027,0.983,0.531,NA,NA,NA,0.005976522
CACNA1S,Brain Meta Analysis,SCZ,Wald ratio,1,-0.017,0.027,0.983,0.532,NA,NA,NA,0.005315274
FGF5,Brain Meta Analysis,SCZ,Wald ratio,1,0.041,0.065,1.042,0.532,NA,NA,NA,0.019929337
BCL2,Brain Meta Analysis,SCZ,Wald ratio,1,0.025,0.04,1.025,0.532,NA,NA,NA,0.007982367
SBF2,Brain Meta Analysis,SCZ,Wald ratio,1,-0.012,0.02,0.988,0.533,NA,NA,NA,0.01689793
CD44,Brain Meta Analysis,SCZ,Wald ratio,1,-0.012,0.019,0.988,0.533,NA,NA,NA,0.005609283
GK2,Brain Meta Analysis,SCZ,Wald ratio,1,0.01,0.016,1.01,0.533,NA,NA,NA,0.007332566
CLEC1A,Brain Meta Analysis,SCZ,Wald ratio,1,-0.004,0.007,0.996,0.533,NA,NA,NA,0.005425495
MYO1E,Brain Meta Analysis,SCZ,MR Egger,3,0.066,0.074,1.069,0.534,0.748071361,0.628177574,0.530242569,0.005897559
SPICE1,Brain Meta Analysis,SCZ,Wald ratio,1,0.034,0.054,1.034,0.534,NA,NA,NA,0.014408738
CEP41,Brain Meta Analysis,SCZ,Wald ratio,1,-0.01,0.016,0.99,0.534,NA,NA,NA,0.005422279
TPRG1,Brain Meta Analysis,SCZ,Wald ratio,1,-0.021,0.034,0.979,0.534,NA,NA,NA,0.005042042
DHRS3,Brain Meta Analysis,SCZ,Wald ratio,1,-0.016,0.025,0.984,0.535,NA,NA,NA,0.005614215
TMEM132D,Brain Meta Analysis,SCZ,MR Egger,4,-0.029,0.04,0.971,0.535,0.074221952,0.083357284,0.531320042,0.015859391
AGPAT3,Brain Meta Analysis,SCZ,Wald ratio,1,0.005,0.008,1.005,0.536,NA,NA,NA,0.005532947
VEZT,Brain Meta Analysis,SCZ,Wald ratio,1,-0.005,0.008,0.995,0.536,NA,NA,NA,0.007075448
TMEM9B,Brain Meta Analysis,SCZ,Wald ratio,1,0.014,0.022,1.014,0.536,NA,NA,NA,0.005822845
PAX5,Brain Meta Analysis,SCZ,Inverse variance weighted,2,-0.033,0.053,0.968,0.537,NA,0.00548703,NA,0.044609039
NRDC,Brain Meta Analysis,SCZ,Wald ratio,1,-0.01,0.016,0.99,0.537,NA,NA,NA,0.005167295
MYO3B,Brain Meta Analysis,SCZ,MR Egger,5,0.046,0.066,1.047,0.538,0.243091487,0.304770747,0.541114842,0.005427057
COQ7,Brain Meta Analysis,SCZ,Wald ratio,1,0.015,0.024,1.015,0.538,NA,NA,NA,0.006711692
PLCZ1,Brain Meta Analysis,SCZ,Inverse variance weighted,2,0.008,0.013,1.008,0.538,NA,0.435170852,NA,0.007620933
SUSD6,Brain Meta Analysis,SCZ,Inverse variance weighted,2,-0.011,0.018,0.989,0.539,NA,0.380434575,NA,0.009827601
DPP6,Brain Meta Analysis,SCZ,Inverse variance weighted,2,0.01,0.016,1.01,0.539,NA,0.406213531,NA,0.012934864
IL1RL2,Brain Meta Analysis,SCZ,Wald ratio,1,-0.015,0.024,0.986,0.539,NA,NA,NA,0.007881894
SYT1,Brain Meta Analysis,SCZ,Wald ratio,1,0.018,0.03,1.019,0.54,NA,NA,NA,0.00557249
HECW1,Brain Meta Analysis,SCZ,Simple mode,3,0.012,0.017,1.012,0.54,0.250837,0.420073792,0.674197893,0.017171432
KLKB1,Brain Meta Analysis,SCZ,Wald ratio,1,-0.015,0.025,0.985,0.541,NA,NA,NA,0.004167489
SMAD6,Brain Meta Analysis,SCZ,Wald ratio,1,0.005,0.008,1.005,0.541,NA,NA,NA,0.006928582
CDH11,Brain Meta Analysis,SCZ,Wald ratio,1,-0.009,0.015,0.991,0.541,NA,NA,NA,0.008864604
C14orf119,Brain Meta Analysis,SCZ,Wald ratio,1,0.023,0.039,1.024,0.544,NA,NA,NA,0.014592136
PGPEP1,Brain Meta Analysis,SCZ,Wald ratio,1,-0.005,0.008,0.995,0.544,NA,NA,NA,0.005312067
C17orf113,Brain Meta Analysis,SCZ,Wald ratio,1,-0.014,0.023,0.986,0.545,NA,NA,NA,0.001157061
PTP4A2,Brain Meta Analysis,SCZ,Wald ratio,1,-0.012,0.02,0.988,0.546,NA,NA,NA,0.005422719
KDELR1,Brain Meta Analysis,SCZ,Wald ratio,1,0.014,0.023,1.014,0.546,NA,NA,NA,0.007479714
CCDC61,Brain Meta Analysis,SCZ,Wald ratio,1,-0.017,0.028,0.984,0.546,NA,NA,NA,0.007186228
GFM2,Brain Meta Analysis,SCZ,Wald ratio,1,0.005,0.008,1.005,0.547,NA,NA,NA,0.006123718
DPPA2,Brain Meta Analysis,SCZ,Wald ratio,1,-0.015,0.025,0.985,0.548,NA,NA,NA,0.015331106
MAG,Brain Meta Analysis,SCZ,Wald ratio,1,0.014,0.024,1.014,0.548,NA,NA,NA,0.005858179
KDM4B,Brain Meta Analysis,SCZ,Wald ratio,1,0.01,0.017,1.01,0.549,NA,NA,NA,0.005939712
DOCK4,Brain Meta Analysis,SCZ,Inverse variance weighted,2,-0.005,0.008,0.995,0.549,NA,0.633923751,NA,0.005001591
SLC39A12,Brain Meta Analysis,SCZ,Wald ratio,1,-0.014,0.023,0.986,0.55,NA,NA,NA,0.006345185
ADPRM,Brain Meta Analysis,SCZ,Wald ratio,1,0.012,0.02,1.012,0.55,NA,NA,NA,0.005168358
MCPH1,Brain Meta Analysis,SCZ,Wald ratio,1,-0.013,0.022,0.987,0.55,NA,NA,NA,0.006891671
PDE10A,Brain Meta Analysis,SCZ,Wald ratio,1,0.025,0.042,1.026,0.551,NA,NA,NA,0.020824836
COIL,Brain Meta Analysis,SCZ,Wald ratio,1,-0.009,0.016,0.991,0.551,NA,NA,NA,0.007040475
DNAL1,Brain Meta Analysis,SCZ,Wald ratio,1,-0.004,0.007,0.996,0.552,NA,NA,NA,0.008431801
CCDC91,Brain Meta Analysis,SCZ,Wald ratio,1,0.012,0.021,1.013,0.552,NA,NA,NA,0.005978158
CRYL1,Brain Meta Analysis,SCZ,Weighted median,3,0.005,0.008,1.005,0.553,0.553678014,0.76107182,0.735097866,0.005203969
GPANK1,Brain Meta Analysis,SCZ,Wald ratio,1,0.008,0.014,1.008,0.554,NA,NA,NA,0.005795768
RAB31,Brain Meta Analysis,SCZ,Wald ratio,1,-0.009,0.015,0.991,0.554,NA,NA,NA,0.005501797
COPE,Brain Meta Analysis,SCZ,Wald ratio,1,0.013,0.022,1.013,0.554,NA,NA,NA,0.005204655
CHST9,Brain Meta Analysis,SCZ,Wald ratio,1,0.019,0.032,1.019,0.555,NA,NA,NA,0.006725868
GSAP,Brain Meta Analysis,SCZ,Wald ratio,1,-0.005,0.008,0.995,0.556,NA,NA,NA,0.00531771
BIRC7,Brain Meta Analysis,SCZ,Wald ratio,1,-0.013,0.022,0.987,0.556,NA,NA,NA,0.008771266
FGD4,Brain Meta Analysis,SCZ,Inverse variance weighted,3,-0.008,0.014,0.992,0.557,0.747746623,0.855461929,0.727138885,0.00462377
KIAA1671,Brain Meta Analysis,SCZ,Wald ratio,1,-0.01,0.017,0.99,0.558,NA,NA,NA,0.008507158
CATSPERB,Brain Meta Analysis,SCZ,Wald ratio,1,-0.005,0.008,0.995,0.558,NA,NA,NA,0.005425785
KISS1,Brain Meta Analysis,SCZ,Wald ratio,1,-0.014,0.025,0.986,0.559,NA,NA,NA,0.008725815
NRXN1,Brain Meta Analysis,SCZ,Simple mode,4,0.025,0.038,1.026,0.559,0.000767529,0.000788952,0.61987073,0.010749178
SEMA5A,Brain Meta Analysis,SCZ,Weighted median,3,-0.004,0.007,0.996,0.56,0.088684404,0.230551838,0.928885872,0.004571944
TENM3,Brain Meta Analysis,SCZ,Inverse variance weighted,2,0.007,0.011,1.007,0.561,NA,0.701096641,NA,0.010897378
CABLES2,Brain Meta Analysis,SCZ,Wald ratio,1,-0.01,0.017,0.99,0.561,NA,NA,NA,0.006165877
NFIA,Brain Meta Analysis,SCZ,Wald ratio,1,-0.011,0.018,0.99,0.562,NA,NA,NA,0.005169976
CAND1,Brain Meta Analysis,SCZ,Wald ratio,1,-0.009,0.016,0.991,0.563,NA,NA,NA,0.010754242
NAA15,Brain Meta Analysis,SCZ,Wald ratio,1,-0.019,0.033,0.981,0.563,NA,NA,NA,0.00971067
AVP,Brain Meta Analysis,SCZ,Wald ratio,1,-0.006,0.011,0.994,0.563,NA,NA,NA,0.005689427
AMPD3,Brain Meta Analysis,SCZ,Wald ratio,1,-0.012,0.021,0.988,0.564,NA,NA,NA,0.005586097
SLC22A24,Brain Meta Analysis,SCZ,Wald ratio,1,0.023,0.04,1.023,0.565,NA,NA,NA,0.007341233
UBQLN3,Brain Meta Analysis,SCZ,Wald ratio,1,0.01,0.017,1.01,0.565,NA,NA,NA,0.00550612
SLC26A3,Brain Meta Analysis,SCZ,Wald ratio,1,0.01,0.017,1.01,0.566,NA,NA,NA,0.005097703
PFKP,Brain Meta Analysis,SCZ,Wald ratio,1,-0.011,0.019,0.989,0.566,NA,NA,NA,0.005097703
BRINP3,Brain Meta Analysis,SCZ,Wald ratio,1,-0.012,0.021,0.988,0.566,NA,NA,NA,0.00631513
LRPPRC,Brain Meta Analysis,SCZ,Wald ratio,1,-0.014,0.025,0.986,0.566,NA,NA,NA,0.005503063
HIF1A,Brain Meta Analysis,SCZ,Wald ratio,1,0.014,0.024,1.014,0.566,NA,NA,NA,0.008330405
CDH20,Brain Meta Analysis,SCZ,Wald ratio,1,0.016,0.028,1.016,0.566,NA,NA,NA,0.005617341
NCKAP1L,Brain Meta Analysis,SCZ,Wald ratio,1,0.017,0.03,1.017,0.567,NA,NA,NA,0.006425733
SH3BGRL2,Brain Meta Analysis,SCZ,Wald ratio,1,-0.004,0.007,0.996,0.567,NA,NA,NA,0.005208846
NCAPG2,Brain Meta Analysis,SCZ,Wald ratio,1,0.004,0.007,1.004,0.567,NA,NA,NA,0.005614101
ARHGEF7,Brain Meta Analysis,SCZ,Wald ratio,1,-0.012,0.021,0.988,0.567,NA,NA,NA,0.005613055
TRMT9B,Brain Meta Analysis,SCZ,Inverse variance weighted,2,-0.008,0.015,0.992,0.567,NA,0.042804096,NA,0.008812137
CD83,Brain Meta Analysis,SCZ,Wald ratio,1,-0.006,0.01,0.994,0.568,NA,NA,NA,0.006132625
CDC42EP3,Brain Meta Analysis,SCZ,Inverse variance weighted,2,-0.007,0.012,0.993,0.568,NA,0.986653557,NA,0.005458857
PPARA,Brain Meta Analysis,SCZ,Wald ratio,1,-0.013,0.022,0.987,0.568,NA,NA,NA,0.00993417
RARRES2,Brain Meta Analysis,SCZ,Wald ratio,1,-0.013,0.024,0.987,0.568,NA,NA,NA,0.00541361
ARAP2,Brain Meta Analysis,SCZ,Wald ratio,1,0.017,0.03,1.017,0.569,NA,NA,NA,0.005425733
TBC1D16,Brain Meta Analysis,SCZ,Inverse variance weighted,2,-0.007,0.012,0.993,0.569,NA,0.667293054,NA,0.007737021
MCTP2,Brain Meta Analysis,SCZ,Wald ratio,1,0.014,0.024,1.014,0.57,NA,NA,NA,0.005138441
PCSK5,Brain Meta Analysis,SCZ,Wald ratio,1,-0.011,0.02,0.989,0.57,NA,NA,NA,0.005947944
WWTR1,Brain Meta Analysis,SCZ,Inverse variance weighted,2,0.01,0.017,1.01,0.57,NA,0.975657408,NA,0.006779023
LRRC8D,Brain Meta Analysis,SCZ,Wald ratio,1,0.011,0.019,1.011,0.57,NA,NA,NA,0.034127462
GALC,Brain Meta Analysis,SCZ,Wald ratio,1,-0.004,0.008,0.996,0.571,NA,NA,NA,0.006978203
NEK6,Brain Meta Analysis,SCZ,Wald ratio,1,0.004,0.008,1.005,0.571,NA,NA,NA,0.005247994
BACE2,Brain Meta Analysis,SCZ,Wald ratio,1,-0.004,0.007,0.996,0.571,NA,NA,NA,0.005247994
DNAAF11,Brain Meta Analysis,SCZ,Wald ratio,1,0.015,0.026,1.015,0.571,NA,NA,NA,0.009207109
STK35,Brain Meta Analysis,SCZ,Inverse variance weighted,2,-0.011,0.019,0.989,0.571,NA,0.282995202,NA,0.016479181
SLC1A7,Brain Meta Analysis,SCZ,Inverse variance weighted,2,-0.012,0.022,0.988,0.572,NA,0.562675855,NA,0.005460535
ARHGEF16,Brain Meta Analysis,SCZ,Wald ratio,1,0.012,0.022,1.013,0.573,NA,NA,NA,0.008495422
FGD5,Brain Meta Analysis,SCZ,Wald ratio,1,-0.014,0.024,0.986,0.573,NA,NA,NA,0.005199772
HOXB3,Brain Meta Analysis,SCZ,Wald ratio,1,0.022,0.04,1.023,0.573,NA,NA,NA,0.011794409
PAM,Brain Meta Analysis,SCZ,Wald ratio,1,-0.012,0.021,0.988,0.573,NA,NA,NA,0.000473774
KREMEN1,Brain Meta Analysis,SCZ,Wald ratio,1,-0.008,0.015,0.992,0.573,NA,NA,NA,0.0054703
VIPR2,Brain Meta Analysis,SCZ,Inverse variance weighted,2,0.009,0.016,1.009,0.574,NA,0.997898327,NA,0.005602127
CGNL1,Brain Meta Analysis,SCZ,Inverse variance weighted,2,0.007,0.013,1.007,0.574,NA,0.666144273,NA,0.005629752
TERT,Brain Meta Analysis,SCZ,Wald ratio,1,-0.011,0.02,0.989,0.574,NA,NA,NA,0.005176162
MYF5,Brain Meta Analysis,SCZ,Wald ratio,1,0.013,0.024,1.013,0.574,NA,NA,NA,0.005176162
RHBDL3,Brain Meta Analysis,SCZ,Wald ratio,1,-0.012,0.022,0.988,0.575,NA,NA,NA,0.006210923
ASS1,Brain Meta Analysis,SCZ,Wald ratio,1,0.009,0.016,1.009,0.576,NA,NA,NA,0.00735157
EFCAB8,Brain Meta Analysis,SCZ,Wald ratio,1,0.014,0.024,1.014,0.576,NA,NA,NA,0.006620695
GARIN1B,Brain Meta Analysis,SCZ,Wald ratio,1,0.011,0.019,1.011,0.577,NA,NA,NA,0.005915273
CBR1,Brain Meta Analysis,SCZ,Wald ratio,1,0.013,0.023,1.013,0.577,NA,NA,NA,0.005194789
CACNA1E,Brain Meta Analysis,SCZ,Wald ratio,1,-0.012,0.022,0.988,0.577,NA,NA,NA,0.004991522
FOXN1,Brain Meta Analysis,SCZ,Wald ratio,1,-0.023,0.041,0.977,0.577,NA,NA,NA,0.010987534
CPVL,Brain Meta Analysis,SCZ,Wald ratio,1,0.011,0.021,1.012,0.577,NA,NA,NA,0.005105755
TM9SF4,Brain Meta Analysis,SCZ,Wald ratio,1,-0.008,0.015,0.992,0.577,NA,NA,NA,0.005105755
FSTL4,Brain Meta Analysis,SCZ,Wald ratio,1,-0.013,0.023,0.987,0.577,NA,NA,NA,0.005093706
MYO15B,Brain Meta Analysis,SCZ,Wald ratio,1,-0.005,0.009,0.995,0.58,NA,NA,NA,0.005440568
EGFR,Brain Meta Analysis,SCZ,Wald ratio,1,0.013,0.023,1.013,0.58,NA,NA,NA,0.006012367
ZBTB38,Brain Meta Analysis,SCZ,Inverse variance weighted,2,-0.008,0.014,0.992,0.581,NA,0.819652616,NA,0.012581555
KANK1,Brain Meta Analysis,SCZ,Inverse variance weighted,2,0.017,0.03,1.017,0.581,NA,0.149250293,NA,0.006042738
ZNF57,Brain Meta Analysis,SCZ,Wald ratio,1,-0.013,0.024,0.987,0.581,NA,NA,NA,0.004944472
UGT2A1,Brain Meta Analysis,SCZ,Wald ratio,1,0.02,0.037,1.021,0.581,NA,NA,NA,0.011594446
PHLDB2,Brain Meta Analysis,SCZ,Wald ratio,1,0.005,0.008,1.005,0.582,NA,NA,NA,0.006177558
ANKRD60,Brain Meta Analysis,SCZ,Wald ratio,1,-0.005,0.008,0.995,0.582,NA,NA,NA,0.005774982
SOGA1,Brain Meta Analysis,SCZ,Wald ratio,1,-0.004,0.008,0.996,0.582,NA,NA,NA,0.005144317
AKR1D1,Brain Meta Analysis,SCZ,Wald ratio,1,0.013,0.024,1.013,0.583,NA,NA,NA,0.007026122
ATP10B,Brain Meta Analysis,SCZ,Inverse variance weighted,2,-0.004,0.007,0.996,0.583,NA,0.402891171,NA,0.007119744
CREB3L2,Brain Meta Analysis,SCZ,Inverse variance weighted,2,0.006,0.011,1.006,0.584,NA,0.162981908,NA,0.019544557
PCCA,Brain Meta Analysis,SCZ,Wald ratio,1,-0.004,0.008,0.996,0.585,NA,NA,NA,0.004962175
IL36B,Brain Meta Analysis,SCZ,Wald ratio,1,-0.013,0.024,0.987,0.585,NA,NA,NA,0.004860766
CNST,Brain Meta Analysis,SCZ,Wald ratio,1,0.008,0.015,1.008,0.585,NA,NA,NA,0.009331749
LRRC4C,Brain Meta Analysis,SCZ,Weighted mode,3,0.01,0.016,1.011,0.585,0.279156927,0.5384159,0.850478861,0.006796283
ARMC2,Brain Meta Analysis,SCZ,Wald ratio,1,-0.004,0.007,0.996,0.586,NA,NA,NA,0.005814965
MFGE8,Brain Meta Analysis,SCZ,Wald ratio,1,0.016,0.029,1.016,0.586,NA,NA,NA,0.01272357
MAN2B2,Brain Meta Analysis,SCZ,Wald ratio,1,-0.014,0.026,0.986,0.586,NA,NA,NA,0.007065074
CPNE2,Brain Meta Analysis,SCZ,Inverse variance weighted,2,0.009,0.016,1.009,0.587,NA,0.020499673,NA,0.019640419
LHPP,Brain Meta Analysis,SCZ,Inverse variance weighted,2,0.02,0.037,1.02,0.588,NA,0.04099786,NA,0.06229604
CUBN,Brain Meta Analysis,SCZ,Inverse variance weighted,3,0.002,0.004,1.002,0.588,0.751531862,0.822042781,0.684753065,0.004882633
E2F7,Brain Meta Analysis,SCZ,Wald ratio,1,0.004,0.008,1.004,0.589,NA,NA,NA,0.005002452
HAS2,Brain Meta Analysis,SCZ,Wald ratio,1,-0.013,0.024,0.987,0.589,NA,NA,NA,0.004964198
CAND2,Brain Meta Analysis,SCZ,Wald ratio,1,0.004,0.007,1.004,0.589,NA,NA,NA,0.007950908
HUNK,Brain Meta Analysis,SCZ,Wald ratio,1,-0.005,0.008,0.996,0.59,NA,NA,NA,0.005113299
ACKR3,Brain Meta Analysis,SCZ,Wald ratio,1,-0.014,0.025,0.986,0.59,NA,NA,NA,0.007218071
TMEM51,Brain Meta Analysis,SCZ,Inverse variance weighted,3,0.003,0.006,1.003,0.59,0.633206581,0.771179177,0.684637086,0.006860353
TYRP1,Brain Meta Analysis,SCZ,Wald ratio,1,-0.015,0.028,0.985,0.59,NA,NA,NA,0.00522474
BIVM,Brain Meta Analysis,SCZ,Wald ratio,1,-0.004,0.008,0.996,0.591,NA,NA,NA,0.005963638
KANK4,Brain Meta Analysis,SCZ,Wald ratio,1,-0.01,0.019,0.99,0.591,NA,NA,NA,0.005336149
ADPRHL1,Brain Meta Analysis,SCZ,Wald ratio,1,-0.014,0.026,0.986,0.594,NA,NA,NA,0.004941021
TBL1XR1,Brain Meta Analysis,SCZ,Wald ratio,1,0.014,0.026,1.014,0.594,NA,NA,NA,0.009380305
CHD5,Brain Meta Analysis,SCZ,Wald ratio,1,0.007,0.013,1.007,0.594,NA,NA,NA,0.008540968
C1QL3,Brain Meta Analysis,SCZ,Wald ratio,1,0.004,0.008,1.004,0.594,NA,NA,NA,0.007810687
TNFSF4,Brain Meta Analysis,SCZ,Wald ratio,1,0.004,0.007,1.004,0.594,NA,NA,NA,0.005265312
C10orf143,Brain Meta Analysis,SCZ,Wald ratio,1,-0.008,0.015,0.992,0.594,NA,NA,NA,0.005265312
PACRG,Brain Meta Analysis,SCZ,Inverse variance weighted,2,-0.004,0.008,0.996,0.595,NA,0.300157531,NA,0.006889543
AQR,Brain Meta Analysis,SCZ,Inverse variance weighted,2,-0.008,0.015,0.992,0.596,NA,0.838210722,NA,0.012369161
PDGFRB,Brain Meta Analysis,SCZ,Wald ratio,1,0.011,0.022,1.011,0.597,NA,NA,NA,0.004970674
ADAM15,Brain Meta Analysis,SCZ,Wald ratio,1,0.01,0.019,1.01,0.598,NA,NA,NA,0.007338415
ADAM12,Brain Meta Analysis,SCZ,Inverse variance weighted,3,-0.003,0.005,0.997,0.599,0.646514159,0.821766393,0.743117593,0.004300976
UBASH3B,Brain Meta Analysis,SCZ,Wald ratio,1,-0.013,0.025,0.987,0.599,NA,NA,NA,0.007670819
ZNF695,Brain Meta Analysis,SCZ,Wald ratio,1,-0.014,0.026,0.986,0.599,NA,NA,NA,0.006712686
RIN2,Brain Meta Analysis,SCZ,Inverse variance weighted,4,-0.006,0.011,0.994,0.6,0.662039028,0.807896612,0.737777011,0.027181909
ZNF578,Brain Meta Analysis,SCZ,Wald ratio,1,-0.008,0.015,0.992,0.6,NA,NA,NA,0.007157096
SPARC,Brain Meta Analysis,SCZ,Wald ratio,1,-0.011,0.02,0.989,0.601,NA,NA,NA,0.004900884
SLC39A11,Brain Meta Analysis,SCZ,MR Egger,3,0.014,0.019,1.014,0.601,0.34250865,0.461416142,0.569023164,0.006527062
CELSR1,Brain Meta Analysis,SCZ,Wald ratio,1,-0.004,0.008,0.996,0.601,NA,NA,NA,0.005124692
SYNE1,Brain Meta Analysis,SCZ,Inverse variance weighted,2,-0.007,0.014,0.993,0.602,NA,0.239416301,NA,0.004508767
PRDM11,Brain Meta Analysis,SCZ,Wald ratio,1,0.011,0.022,1.011,0.602,NA,NA,NA,0.005459991
SMAD3,Brain Meta Analysis,SCZ,Weighted median,3,0.009,0.017,1.009,0.604,0.67337975,0.894253716,0.86570044,0.009155849
OSBPL10,Brain Meta Analysis,SCZ,Inverse variance weighted,2,0.005,0.01,1.005,0.604,NA,0.153968192,NA,0.015306032
SHC2,Brain Meta Analysis,SCZ,Inverse variance weighted,2,0.008,0.015,1.008,0.604,NA,0.935084779,NA,0.005266464
LARP7,Brain Meta Analysis,SCZ,Wald ratio,1,0.007,0.014,1.007,0.605,NA,NA,NA,0.004942072
COL22A1,Brain Meta Analysis,SCZ,Inverse variance weighted,2,-0.01,0.02,0.99,0.605,NA,0.312831072,NA,0.004386991
RAPGEF4,Brain Meta Analysis,SCZ,Wald ratio,1,0.01,0.02,1.01,0.605,NA,NA,NA,0.00505363
ADRB2,Brain Meta Analysis,SCZ,Wald ratio,1,0.004,0.009,1.005,0.605,NA,NA,NA,0.005053692
AEN,Brain Meta Analysis,SCZ,Wald ratio,1,-0.015,0.03,0.985,0.606,NA,NA,NA,0.011219384
KALRN,Brain Meta Analysis,SCZ,Inverse variance weighted,2,0.008,0.016,1.008,0.607,NA,0.208478128,NA,0.012268368
KCNH7,Brain Meta Analysis,SCZ,Wald ratio,1,0.011,0.021,1.011,0.607,NA,NA,NA,0.006170183
RAMP3,Brain Meta Analysis,SCZ,Wald ratio,1,-0.011,0.022,0.989,0.607,NA,NA,NA,0.010170394
SBNO2,Brain Meta Analysis,SCZ,Wald ratio,1,0.011,0.021,1.011,0.607,NA,NA,NA,0.010347445
GALNT10,Brain Meta Analysis,SCZ,Inverse variance weighted,2,-0.024,0.048,0.976,0.608,NA,0.006327581,NA,0.016574175
PRMT8,Brain Meta Analysis,SCZ,Wald ratio,1,-0.012,0.024,0.988,0.608,NA,NA,NA,0.006572477
POLR1E,Brain Meta Analysis,SCZ,Wald ratio,1,-0.032,0.062,0.969,0.609,NA,NA,NA,0.021365516
ATP2C1,Brain Meta Analysis,SCZ,Wald ratio,1,0.004,0.007,1.004,0.609,NA,NA,NA,0.004983546
NOTCH1,Brain Meta Analysis,SCZ,Wald ratio,1,-0.004,0.007,0.996,0.61,NA,NA,NA,0.005318186
MFAP3L,Brain Meta Analysis,SCZ,Wald ratio,1,-0.009,0.017,0.991,0.61,NA,NA,NA,0.005654193
MYO18B,Brain Meta Analysis,SCZ,Wald ratio,1,-0.008,0.016,0.992,0.611,NA,NA,NA,0.006322568
PPP1R3G,Brain Meta Analysis,SCZ,Wald ratio,1,-0.013,0.025,0.987,0.611,NA,NA,NA,0.006074586
MUC6,Brain Meta Analysis,SCZ,Wald ratio,1,0.012,0.023,1.012,0.611,NA,NA,NA,0.006637573
AKAP7,Brain Meta Analysis,SCZ,Wald ratio,1,-0.004,0.008,0.996,0.611,NA,NA,NA,0.00687722
FFAR2,Brain Meta Analysis,SCZ,Wald ratio,1,-0.016,0.031,0.984,0.611,NA,NA,NA,0.006987981
SLC12A1,Brain Meta Analysis,SCZ,Wald ratio,1,0.015,0.029,1.015,0.611,NA,NA,NA,0.007098987
ESRRB,Brain Meta Analysis,SCZ,Wald ratio,1,-0.017,0.034,0.983,0.612,NA,NA,NA,0.004650632
LETMD1,Brain Meta Analysis,SCZ,Wald ratio,1,-0.009,0.019,0.991,0.613,NA,NA,NA,0.004913424
NKX2-6,Brain Meta Analysis,SCZ,Wald ratio,1,-0.013,0.025,0.987,0.613,NA,NA,NA,0.004676474
LARGE1,Brain Meta Analysis,SCZ,Wald ratio,1,0.014,0.028,1.014,0.613,NA,NA,NA,0.005025101
ANKRD46,Brain Meta Analysis,SCZ,Wald ratio,1,0.013,0.026,1.013,0.613,NA,NA,NA,0.005025079
FBP1,Brain Meta Analysis,SCZ,Wald ratio,1,0.011,0.021,1.011,0.614,NA,NA,NA,0.006679855
ISG20,Brain Meta Analysis,SCZ,Wald ratio,1,0.018,0.035,1.018,0.614,NA,NA,NA,0.006471196
STAMBPL1,Brain Meta Analysis,SCZ,Wald ratio,1,0.011,0.021,1.011,0.614,NA,NA,NA,0.006917504
ABHD3,Brain Meta Analysis,SCZ,Wald ratio,1,-0.004,0.008,0.996,0.614,NA,NA,NA,0.007362321
CWC25,Brain Meta Analysis,SCZ,Wald ratio,1,-0.03,0.06,0.971,0.615,NA,NA,NA,0.020140244
PRRX1,Brain Meta Analysis,SCZ,Wald ratio,1,-0.017,0.035,0.983,0.616,NA,NA,NA,0.017182213
ARHGAP24,Brain Meta Analysis,SCZ,Inverse variance weighted,2,0.004,0.007,1.004,0.616,NA,0.704502694,NA,0.004361632
KLF11,Brain Meta Analysis,SCZ,Wald ratio,1,0.009,0.019,1.01,0.617,NA,NA,NA,0.006183423
AHCTF1,Brain Meta Analysis,SCZ,Wald ratio,1,0.014,0.027,1.014,0.617,NA,NA,NA,0.005848534
PDGFB,Brain Meta Analysis,SCZ,Wald ratio,1,0.007,0.014,1.007,0.617,NA,NA,NA,0.005514103
NKX2-5,Brain Meta Analysis,SCZ,Wald ratio,1,-0.009,0.017,0.991,0.617,NA,NA,NA,0.005178803
SNED1,Brain Meta Analysis,SCZ,Wald ratio,1,-0.011,0.021,0.989,0.617,NA,NA,NA,0.004954782
IVNS1ABP,Brain Meta Analysis,SCZ,Wald ratio,1,-0.004,0.007,0.996,0.617,NA,NA,NA,0.004955061
CPM,Brain Meta Analysis,SCZ,Wald ratio,1,-0.008,0.015,0.992,0.617,NA,NA,NA,0.006514853
GFRA1,Brain Meta Analysis,SCZ,Inverse variance weighted,2,-0.01,0.021,0.99,0.618,NA,0.667508104,NA,0.007832599
FBN3,Brain Meta Analysis,SCZ,Inverse variance weighted,2,-0.004,0.008,0.996,0.619,NA,0.303182377,NA,0.007679426
CTNND2,Brain Meta Analysis,SCZ,Inverse variance weighted,2,-0.026,0.052,0.975,0.619,NA,0.001046479,NA,0.004516946
SYT16,Brain Meta Analysis,SCZ,Inverse variance weighted,2,0.011,0.023,1.011,0.62,NA,0.167299636,NA,0.030279128
CFAP95,Brain Meta Analysis,SCZ,Wald ratio,1,-0.012,0.024,0.988,0.62,NA,NA,NA,0.006730783
MANSC4,Brain Meta Analysis,SCZ,Wald ratio,1,0.01,0.02,1.01,0.621,NA,NA,NA,0.005777602
SHC4,Brain Meta Analysis,SCZ,Inverse variance weighted,2,-0.004,0.008,0.996,0.621,NA,0.223242486,NA,0.016477112
CORO1C,Brain Meta Analysis,SCZ,Wald ratio,1,-0.012,0.025,0.988,0.621,NA,NA,NA,0.004943026
GNB1,Brain Meta Analysis,SCZ,Wald ratio,1,0.008,0.015,1.008,0.621,NA,NA,NA,0.004885576
SLC31A1,Brain Meta Analysis,SCZ,Wald ratio,1,-0.015,0.03,0.986,0.621,NA,NA,NA,0.004885051
GRK1,Brain Meta Analysis,SCZ,Wald ratio,1,-0.008,0.015,0.992,0.621,NA,NA,NA,0.00488516
CPA2,Brain Meta Analysis,SCZ,Wald ratio,1,-0.021,0.043,0.979,0.622,NA,NA,NA,0.010322967
CPSF4L,Brain Meta Analysis,SCZ,Wald ratio,1,-0.012,0.025,0.988,0.623,NA,NA,NA,0.005302783
SLC19A3,Brain Meta Analysis,SCZ,Wald ratio,1,0.004,0.008,1.004,0.624,NA,NA,NA,0.006042165
PPCDC,Brain Meta Analysis,SCZ,Wald ratio,1,-0.02,0.04,0.981,0.624,NA,NA,NA,0.010756361
TM4SF18,Brain Meta Analysis,SCZ,Wald ratio,1,0.01,0.021,1.01,0.625,NA,NA,NA,0.005151044
SPATA6,Brain Meta Analysis,SCZ,Wald ratio,1,0.02,0.042,1.021,0.625,NA,NA,NA,0.012808177
IRAG1,Brain Meta Analysis,SCZ,Wald ratio,1,0.004,0.008,1.004,0.625,NA,NA,NA,0.004927379
AJAP1,Brain Meta Analysis,SCZ,Inverse variance weighted,2,0.011,0.022,1.011,0.626,NA,0.07951964,NA,0.034205482
COL5A1,Brain Meta Analysis,SCZ,MR Egger,3,-0.01,0.016,0.99,0.626,0.61856572,0.573542684,0.523252837,0.008231742
BRME1,Brain Meta Analysis,SCZ,Wald ratio,1,-0.011,0.023,0.989,0.627,NA,NA,NA,0.005975009
BCL9,Brain Meta Analysis,SCZ,Wald ratio,1,-0.01,0.02,0.99,0.628,NA,NA,NA,0.005193454
PDS5A,Brain Meta Analysis,SCZ,Wald ratio,1,-0.004,0.007,0.996,0.629,NA,NA,NA,0.008165967
AHR,Brain Meta Analysis,SCZ,Wald ratio,1,0.011,0.022,1.011,0.629,NA,NA,NA,0.004965514
TANC2,Brain Meta Analysis,SCZ,Wald ratio,1,0.011,0.022,1.011,0.629,NA,NA,NA,0.004853908
UBAC2,Brain Meta Analysis,SCZ,Wald ratio,1,-0.003,0.007,0.997,0.629,NA,NA,NA,0.006240157
TMEM63B,Brain Meta Analysis,SCZ,Wald ratio,1,0.008,0.017,1.008,0.63,NA,NA,NA,0.007832602
NR5A2,Brain Meta Analysis,SCZ,Inverse variance weighted,2,0.021,0.043,1.021,0.63,NA,0.031851745,NA,0.005086769
ADAMTS1,Brain Meta Analysis,SCZ,Wald ratio,1,0.008,0.017,1.008,0.63,NA,NA,NA,0.006015431
ZNF469,Brain Meta Analysis,SCZ,Wald ratio,1,0.013,0.026,1.013,0.632,NA,NA,NA,0.004852568
CDK5RAP2,Brain Meta Analysis,SCZ,Inverse variance weighted,2,0.003,0.007,1.003,0.632,NA,0.494227015,NA,0.006101678
DSP,Brain Meta Analysis,SCZ,Wald ratio,1,-0.008,0.016,0.992,0.633,NA,NA,NA,0.005012352
GOLT1B,Brain Meta Analysis,SCZ,Wald ratio,1,-0.004,0.009,0.996,0.633,NA,NA,NA,0.005948274
TXNRD1,Brain Meta Analysis,SCZ,Wald ratio,1,0.004,0.008,1.004,0.635,NA,NA,NA,0.005501462
DOCK5,Brain Meta Analysis,SCZ,Inverse variance weighted,2,-0.003,0.007,0.997,0.635,NA,0.909401767,NA,0.005805828
DPYSL2,Brain Meta Analysis,SCZ,Wald ratio,1,0.009,0.019,1.009,0.635,NA,NA,NA,0.009650795
RPA3,Brain Meta Analysis,SCZ,Wald ratio,1,0.01,0.02,1.01,0.636,NA,NA,NA,0.005055478
LENG8,Brain Meta Analysis,SCZ,Wald ratio,1,0.011,0.023,1.011,0.637,NA,NA,NA,0.005044992
SIK3,Brain Meta Analysis,SCZ,Wald ratio,1,-0.004,0.008,0.996,0.637,NA,NA,NA,0.004943877
VPS52,Brain Meta Analysis,SCZ,Wald ratio,1,-0.009,0.02,0.991,0.637,NA,NA,NA,0.004832226
EIF3G,Brain Meta Analysis,SCZ,Wald ratio,1,-0.011,0.023,0.989,0.638,NA,NA,NA,0.004831397
CEP164,Brain Meta Analysis,SCZ,Wald ratio,1,0.011,0.024,1.011,0.638,NA,NA,NA,0.005507948
MACROH2A2,Brain Meta Analysis,SCZ,Wald ratio,1,-0.008,0.017,0.992,0.639,NA,NA,NA,0.009737056
CARD11,Brain Meta Analysis,SCZ,Simple mode,4,0.005,0.009,1.005,0.64,0.179869164,0.302721371,0.758959668,0.006712545
ZNF383,Brain Meta Analysis,SCZ,Wald ratio,1,-0.007,0.015,0.993,0.64,NA,NA,NA,0.00696349
PERP,Brain Meta Analysis,SCZ,Wald ratio,1,0.01,0.022,1.011,0.64,NA,NA,NA,0.00696349
CTIF,Brain Meta Analysis,SCZ,Inverse variance weighted,3,-0.003,0.007,0.997,0.64,0.731584317,0.906298504,0.825449463,0.005125483
CORO7,Brain Meta Analysis,SCZ,Inverse variance weighted,2,0.026,0.055,1.026,0.64,NA,0.000349039,NA,0.798430596
ADCY9,Brain Meta Analysis,SCZ,Wald ratio,1,0.01,0.021,1.01,0.64,NA,NA,NA,0.005920897
ZNF683,Brain Meta Analysis,SCZ,Wald ratio,1,0.01,0.022,1.01,0.641,NA,NA,NA,0.004979123
SPTB,Brain Meta Analysis,SCZ,MR Egger,3,0.008,0.012,1.008,0.641,0.413027996,0.598535752,0.657340328,0.011330684
LDAH,Brain Meta Analysis,SCZ,Wald ratio,1,0.004,0.008,1.004,0.641,NA,NA,NA,0.00580968
SNAPC4,Brain Meta Analysis,SCZ,Wald ratio,1,0.01,0.022,1.01,0.641,NA,NA,NA,0.004873569
TMPRSS11E,Brain Meta Analysis,SCZ,Wald ratio,1,-0.005,0.011,0.995,0.642,NA,NA,NA,0.005476048
ZNF653,Brain Meta Analysis,SCZ,Wald ratio,1,0.006,0.013,1.006,0.642,NA,NA,NA,0.010147414
PRKD1,Brain Meta Analysis,SCZ,Wald ratio,1,-0.01,0.022,0.99,0.642,NA,NA,NA,0.012230113
RBCK1,Brain Meta Analysis,SCZ,Wald ratio,1,-0.011,0.024,0.989,0.643,NA,NA,NA,0.005252746
MARCHF10,Brain Meta Analysis,SCZ,Inverse variance weighted,2,0.007,0.016,1.007,0.644,NA,0.055379521,NA,0.037028381
RNFT2,Brain Meta Analysis,SCZ,Wald ratio,1,0.023,0.05,1.023,0.644,NA,NA,NA,0.015394627
AUTS2,Brain Meta Analysis,SCZ,Inverse variance weighted,2,-0.017,0.037,0.983,0.645,NA,0.03785716,NA,0.004848712
QSOX1,Brain Meta Analysis,SCZ,Wald ratio,1,-0.004,0.008,0.996,0.645,NA,NA,NA,0.006342032
DNAH5,Brain Meta Analysis,SCZ,Inverse variance weighted,2,-0.012,0.025,0.988,0.645,NA,0.134871351,NA,0.005871135
MASP1,Brain Meta Analysis,SCZ,Inverse variance weighted,2,-0.006,0.013,0.994,0.645,NA,0.556717074,NA,0.015439141
TMEM131L,Brain Meta Analysis,SCZ,Wald ratio,1,-0.004,0.008,0.996,0.646,NA,NA,NA,0.004806703
BRCA2,Brain Meta Analysis,SCZ,Wald ratio,1,0.009,0.02,1.009,0.646,NA,NA,NA,0.006119455
SLC7A7,Brain Meta Analysis,SCZ,Wald ratio,1,-0.008,0.018,0.992,0.646,NA,NA,NA,0.004805694
B4GALT5,Brain Meta Analysis,SCZ,Wald ratio,1,0.011,0.023,1.011,0.646,NA,NA,NA,0.005974212
FBXO32,Brain Meta Analysis,SCZ,Wald ratio,1,-0.01,0.022,0.99,0.647,NA,NA,NA,0.00779868
COG5,Brain Meta Analysis,SCZ,Wald ratio,1,0.003,0.007,1.003,0.648,NA,NA,NA,0.006383035
SYNDIG1,Brain Meta Analysis,SCZ,Wald ratio,1,-0.008,0.017,0.992,0.648,NA,NA,NA,0.005673818
MRC2,Brain Meta Analysis,SCZ,Inverse variance weighted,2,0.015,0.034,1.016,0.649,NA,0.515510882,NA,0.013500647
ASB1,Brain Meta Analysis,SCZ,Wald ratio,1,0.007,0.016,1.007,0.649,NA,NA,NA,0.005562023
ABAT,Brain Meta Analysis,SCZ,Inverse variance weighted,2,-0.005,0.01,0.995,0.649,NA,0.182771457,NA,0.014675525
SLFN14,Brain Meta Analysis,SCZ,Wald ratio,1,0.011,0.024,1.011,0.65,NA,NA,NA,0.004682818
OSBPL2,Brain Meta Analysis,SCZ,Wald ratio,1,0.009,0.021,1.009,0.65,NA,NA,NA,0.00847218
LCP2,Brain Meta Analysis,SCZ,Wald ratio,1,-0.01,0.021,0.99,0.651,NA,NA,NA,0.005227199
DLEC1,Brain Meta Analysis,SCZ,Wald ratio,1,0.008,0.018,1.008,0.651,NA,NA,NA,0.005116502
DRAXIN,Brain Meta Analysis,SCZ,Wald ratio,1,-0.004,0.008,0.996,0.652,NA,NA,NA,0.008367648
SHMT1,Brain Meta Analysis,SCZ,Wald ratio,1,0.011,0.025,1.012,0.652,NA,NA,NA,0.00469808
RDH13,Brain Meta Analysis,SCZ,Wald ratio,1,-0.011,0.025,0.989,0.654,NA,NA,NA,0.004671783
CSNK2A1,Brain Meta Analysis,SCZ,Wald ratio,1,-0.014,0.032,0.986,0.654,NA,NA,NA,0.009328797
LTBP3,Brain Meta Analysis,SCZ,Wald ratio,1,0.011,0.025,1.011,0.655,NA,NA,NA,0.006702415
BVES,Brain Meta Analysis,SCZ,Wald ratio,1,0.006,0.013,1.006,0.655,NA,NA,NA,0.011181388
TSPEAR,Brain Meta Analysis,SCZ,MR Egger,3,-0.01,0.017,0.99,0.655,0.570097573,0.640836183,0.588996729,0.007492271
SRXN1,Brain Meta Analysis,SCZ,Wald ratio,1,0.008,0.018,1.008,0.656,NA,NA,NA,0.006999546
SOCS7,Brain Meta Analysis,SCZ,Wald ratio,1,0.009,0.019,1.009,0.657,NA,NA,NA,0.007860162
ARHGAP23,Brain Meta Analysis,SCZ,Wald ratio,1,0.01,0.023,1.01,0.657,NA,NA,NA,0.005419911
CCDC88C,Brain Meta Analysis,SCZ,Inverse variance weighted,2,0.015,0.035,1.016,0.657,NA,0.055772977,NA,0.045485071
GDPD4,Brain Meta Analysis,SCZ,Wald ratio,1,0.023,0.052,1.023,0.657,NA,NA,NA,0.019263854
TLE6,Brain Meta Analysis,SCZ,Wald ratio,1,0.012,0.028,1.012,0.658,NA,NA,NA,0.00512484
TNFAIP6,Brain Meta Analysis,SCZ,Wald ratio,1,0.014,0.031,1.014,0.658,NA,NA,NA,0.006668637
MYO7B,Brain Meta Analysis,SCZ,Wald ratio,1,0.022,0.05,1.022,0.659,NA,NA,NA,0.002363977
RGCC,Brain Meta Analysis,SCZ,Wald ratio,1,0.014,0.031,1.014,0.659,NA,NA,NA,0.011893478
CAMSAP1,Brain Meta Analysis,SCZ,Wald ratio,1,-0.014,0.032,0.986,0.66,NA,NA,NA,0.006328497
PITPNB,Brain Meta Analysis,SCZ,Wald ratio,1,-0.008,0.018,0.992,0.661,NA,NA,NA,0.009633296
MED9,Brain Meta Analysis,SCZ,Wald ratio,1,0.011,0.024,1.011,0.661,NA,NA,NA,0.000222924
SLC12A7,Brain Meta Analysis,SCZ,Inverse variance weighted,2,0.011,0.026,1.011,0.661,NA,0.097785059,NA,0.004453912
LRRC59,Brain Meta Analysis,SCZ,Wald ratio,1,0.01,0.022,1.01,0.663,NA,NA,NA,0.004753201
EHD3,Brain Meta Analysis,SCZ,Wald ratio,1,0.004,0.008,1.004,0.663,NA,NA,NA,0.005136107
COL27A1,Brain Meta Analysis,SCZ,Weighted median,3,0.003,0.007,1.003,0.663,0.401235145,0.701274847,0.954660892,0.005812395
DUSP28,Brain Meta Analysis,SCZ,Wald ratio,1,-0.008,0.019,0.992,0.663,NA,NA,NA,0.005513776
GREM2,Brain Meta Analysis,SCZ,Wald ratio,1,-0.011,0.026,0.989,0.665,NA,NA,NA,0.005474055
KIAA1549L,Brain Meta Analysis,SCZ,Wald ratio,1,-0.007,0.017,0.993,0.665,NA,NA,NA,0.01213219
SOSTDC1,Brain Meta Analysis,SCZ,Wald ratio,1,-0.01,0.023,0.99,0.666,NA,NA,NA,0.006852774
LRRN2,Brain Meta Analysis,SCZ,Wald ratio,1,-0.013,0.031,0.987,0.666,NA,NA,NA,0.012944562
RIPPLY3,Brain Meta Analysis,SCZ,Wald ratio,1,0.01,0.024,1.011,0.666,NA,NA,NA,0.005485977
SCARF2,Brain Meta Analysis,SCZ,Wald ratio,1,-0.004,0.009,0.996,0.666,NA,NA,NA,0.006312441
PLSCR2,Brain Meta Analysis,SCZ,Wald ratio,1,-0.007,0.016,0.993,0.667,NA,NA,NA,0.004690437
SLC27A4,Brain Meta Analysis,SCZ,Wald ratio,1,-0.008,0.018,0.992,0.668,NA,NA,NA,0.012491085
ANKRD49,Brain Meta Analysis,SCZ,Wald ratio,1,0.006,0.013,1.006,0.668,NA,NA,NA,0.004956293
TPM1,Brain Meta Analysis,SCZ,Wald ratio,1,-0.012,0.027,0.988,0.669,NA,NA,NA,0.007108625
COL5A3,Brain Meta Analysis,SCZ,Wald ratio,1,-0.008,0.018,0.992,0.67,NA,NA,NA,0.004844744
EVC,Brain Meta Analysis,SCZ,Wald ratio,1,-0.009,0.02,0.991,0.67,NA,NA,NA,0.005490602
FAM167A,Brain Meta Analysis,SCZ,Wald ratio,1,-0.007,0.017,0.993,0.67,NA,NA,NA,0.005112875
NIBAN1,Brain Meta Analysis,SCZ,Wald ratio,1,0.012,0.029,1.012,0.67,NA,NA,NA,0.004734523
CHPF,Brain Meta Analysis,SCZ,Wald ratio,1,0.012,0.029,1.012,0.67,NA,NA,NA,0.004734447
NCAPD2,Brain Meta Analysis,SCZ,Inverse variance weighted,2,-0.004,0.009,0.996,0.671,NA,0.176290083,NA,0.012381868
ZNF525,Brain Meta Analysis,SCZ,Wald ratio,1,0.015,0.034,1.015,0.671,NA,NA,NA,0.004618565
PHB1,Brain Meta Analysis,SCZ,Wald ratio,1,0.015,0.036,1.015,0.671,NA,NA,NA,0.00583232
PXDN,Brain Meta Analysis,SCZ,Inverse variance weighted,2,0.018,0.043,1.018,0.672,NA,0.015468666,NA,0.010180522
PDE2A,Brain Meta Analysis,SCZ,Wald ratio,1,-0.009,0.022,0.991,0.672,NA,NA,NA,0.007808613
CA12,Brain Meta Analysis,SCZ,Wald ratio,1,-0.011,0.026,0.989,0.672,NA,NA,NA,0.000222796
SNX10,Brain Meta Analysis,SCZ,Wald ratio,1,0.011,0.027,1.012,0.674,NA,NA,NA,0.004778924
EHMT1,Brain Meta Analysis,SCZ,Wald ratio,1,0.006,0.015,1.006,0.675,NA,NA,NA,0.005045895
CHRNA2,Brain Meta Analysis,SCZ,Wald ratio,1,-0.021,0.05,0.979,0.676,NA,NA,NA,0.013884343
SMIM3,Brain Meta Analysis,SCZ,Wald ratio,1,0.01,0.023,1.01,0.678,NA,NA,NA,0.010458575
HAPSTR1,Brain Meta Analysis,SCZ,Wald ratio,1,-0.008,0.018,0.992,0.678,NA,NA,NA,0.005089244
NCOA1,Brain Meta Analysis,SCZ,Wald ratio,1,-0.008,0.018,0.992,0.679,NA,NA,NA,0.004712056
RAP1GAP,Brain Meta Analysis,SCZ,Wald ratio,1,-0.007,0.017,0.993,0.679,NA,NA,NA,0.004712056
LANCL1,Brain Meta Analysis,SCZ,Wald ratio,1,0.008,0.02,1.008,0.679,NA,NA,NA,0.004712056
UBR2,Brain Meta Analysis,SCZ,Wald ratio,1,0.003,0.007,1.003,0.679,NA,NA,NA,0.004710489
VSTM5,Brain Meta Analysis,SCZ,Wald ratio,1,0.009,0.023,1.009,0.679,NA,NA,NA,0.004971894
PHF20L1,Brain Meta Analysis,SCZ,Wald ratio,1,-0.006,0.015,0.994,0.68,NA,NA,NA,0.00497789
TNFRSF11A,Brain Meta Analysis,SCZ,Wald ratio,1,0.009,0.022,1.009,0.68,NA,NA,NA,0.005240111
KPNA2,Brain Meta Analysis,SCZ,Wald ratio,1,0.009,0.022,1.009,0.68,NA,NA,NA,0.005511505
ECHDC3,Brain Meta Analysis,SCZ,Wald ratio,1,0.02,0.048,1.02,0.68,NA,NA,NA,0.019560317
PRSS21,Brain Meta Analysis,SCZ,Wald ratio,1,-0.01,0.025,0.99,0.682,NA,NA,NA,0.005055642
CMC1,Brain Meta Analysis,SCZ,Wald ratio,1,-0.01,0.025,0.99,0.682,NA,NA,NA,0.004915086
PFDN4,Brain Meta Analysis,SCZ,Wald ratio,1,0.009,0.022,1.009,0.682,NA,NA,NA,0.004756539
NPSR1,Brain Meta Analysis,SCZ,Wald ratio,1,0.009,0.023,1.009,0.682,NA,NA,NA,0.00473917
PDZD8,Brain Meta Analysis,SCZ,Wald ratio,1,0.008,0.019,1.008,0.683,NA,NA,NA,0.006466351
PLAT,Brain Meta Analysis,SCZ,Wald ratio,1,-0.009,0.023,0.991,0.683,NA,NA,NA,0.004427924
RBM47,Brain Meta Analysis,SCZ,Inverse variance weighted,2,0.005,0.014,1.006,0.684,NA,0.62927057,NA,0.005425495
KCNF1,Brain Meta Analysis,SCZ,Wald ratio,1,-0.008,0.02,0.992,0.685,NA,NA,NA,0.004911192
MYT1,Brain Meta Analysis,SCZ,Wald ratio,1,-0.005,0.012,0.995,0.685,NA,NA,NA,0.011036911
BCL11A,Brain Meta Analysis,SCZ,Wald ratio,1,0.012,0.03,1.012,0.685,NA,NA,NA,0.549683014
AMY2B,Brain Meta Analysis,SCZ,Wald ratio,1,-0.007,0.017,0.993,0.685,NA,NA,NA,0.008208347
PHF19,Brain Meta Analysis,SCZ,Wald ratio,1,-0.003,0.007,0.997,0.686,NA,NA,NA,0.004801397
AP1S3,Brain Meta Analysis,SCZ,Wald ratio,1,0.01,0.024,1.01,0.686,NA,NA,NA,0.004799872
EIF4H,Brain Meta Analysis,SCZ,Wald ratio,1,0.004,0.01,1.004,0.686,NA,NA,NA,0.005067209
MINDY4,Brain Meta Analysis,SCZ,Wald ratio,1,0.006,0.016,1.006,0.687,NA,NA,NA,0.007196668
FNDC3B,Brain Meta Analysis,SCZ,Inverse variance weighted,2,-0.005,0.012,0.995,0.687,NA,0.467261401,NA,0.006362131
ABR,Brain Meta Analysis,SCZ,Weighted mode,4,-0.003,0.008,0.997,0.687,0.188781991,0.330133345,0.834128171,0.004866895
NEDD4L,Brain Meta Analysis,SCZ,Simple mode,3,0.004,0.01,1.004,0.687,0.024529036,0.076362572,0.916644952,0.006695989
SH3RF3,Brain Meta Analysis,SCZ,Inverse variance weighted,2,0.02,0.05,1.02,0.69,NA,0.005111905,NA,0.004779801
PLIN5,Brain Meta Analysis,SCZ,Wald ratio,1,0.013,0.032,1.013,0.69,NA,NA,NA,0.00949879
PTRH2,Brain Meta Analysis,SCZ,Wald ratio,1,0.003,0.007,1.003,0.69,NA,NA,NA,0.006333632
ACOX3,Brain Meta Analysis,SCZ,Wald ratio,1,0.009,0.024,1.009,0.69,NA,NA,NA,0.004934084
ZNF608,Brain Meta Analysis,SCZ,Inverse variance weighted,2,0.011,0.027,1.011,0.691,NA,0.028352022,NA,0.03884021
ATPSCKMT,Brain Meta Analysis,SCZ,Wald ratio,1,-0.019,0.049,0.981,0.691,NA,NA,NA,0.012126169
CA3,Brain Meta Analysis,SCZ,Wald ratio,1,0.014,0.035,1.014,0.691,NA,NA,NA,0.004565908
PNPLA6,Brain Meta Analysis,SCZ,Wald ratio,1,0.009,0.021,1.009,0.691,NA,NA,NA,0.004733466
ARHGAP22,Brain Meta Analysis,SCZ,Inverse variance weighted,2,-0.005,0.014,0.995,0.691,NA,0.447546346,NA,0.004766297
OSBPL3,Brain Meta Analysis,SCZ,Inverse variance weighted,2,-0.007,0.019,0.993,0.692,NA,0.566954878,NA,0.00614597
CD160,Brain Meta Analysis,SCZ,Wald ratio,1,-0.006,0.016,0.994,0.692,NA,NA,NA,0.004891171
FRMD6,Brain Meta Analysis,SCZ,Wald ratio,1,-0.003,0.008,0.997,0.692,NA,NA,NA,0.004623979
NUGGC,Brain Meta Analysis,SCZ,Wald ratio,1,0.003,0.008,1.003,0.693,NA,NA,NA,0.004889684
ADAMTS16,Brain Meta Analysis,SCZ,Inverse variance weighted,4,-0.003,0.007,0.997,0.693,0.306149814,0.499691646,0.989661442,0.0163088
ITGB3,Brain Meta Analysis,SCZ,Inverse variance weighted,2,0.003,0.008,1.003,0.693,NA,0.546642661,NA,0.004667306
LRRC20,Brain Meta Analysis,SCZ,Wald ratio,1,-0.003,0.008,0.997,0.693,NA,NA,NA,0.004622197
ATP6V0A4,Brain Meta Analysis,SCZ,Wald ratio,1,0.012,0.03,1.012,0.694,NA,NA,NA,0.005312865
TRPV3,Brain Meta Analysis,SCZ,Inverse variance weighted,2,0.004,0.01,1.004,0.694,NA,0.184795925,NA,0.007919403
CAMK4,Brain Meta Analysis,SCZ,Wald ratio,1,-0.007,0.017,0.993,0.694,NA,NA,NA,0.006002021
CACUL1,Brain Meta Analysis,SCZ,Wald ratio,1,0.016,0.042,1.017,0.695,NA,NA,NA,0.0074555
SMIM14,Brain Meta Analysis,SCZ,Wald ratio,1,-0.01,0.025,0.99,0.695,NA,NA,NA,0.005959417
THEGL,Brain Meta Analysis,SCZ,Wald ratio,1,-0.011,0.027,0.989,0.695,NA,NA,NA,0.007370326
MGAT5,Brain Meta Analysis,SCZ,Weighted median,3,0.007,0.018,1.007,0.696,0.947486196,0.969156166,0.84914637,0.000622912
ASB18,Brain Meta Analysis,SCZ,Wald ratio,1,0.008,0.021,1.008,0.696,NA,NA,NA,0.004933389
MAPK8,Brain Meta Analysis,SCZ,Wald ratio,1,0.003,0.008,1.003,0.696,NA,NA,NA,0.004934741
LSM3,Brain Meta Analysis,SCZ,Wald ratio,1,0.006,0.016,1.006,0.696,NA,NA,NA,0.004667307
SH3D19,Brain Meta Analysis,SCZ,Wald ratio,1,0.007,0.019,1.007,0.696,NA,NA,NA,0.004667305
DNAH17,Brain Meta Analysis,SCZ,Inverse variance weighted,2,-0.003,0.006,0.997,0.696,NA,0.580670031,NA,0.004912962
CD55,Brain Meta Analysis,SCZ,Wald ratio,1,0.007,0.017,1.007,0.697,NA,NA,NA,0.005092225
GAS2,Brain Meta Analysis,SCZ,Wald ratio,1,0.009,0.024,1.009,0.697,NA,NA,NA,0.005007697
SKIC3,Brain Meta Analysis,SCZ,Wald ratio,1,0.007,0.017,1.007,0.697,NA,NA,NA,0.007419497
KCNK10,Brain Meta Analysis,SCZ,Inverse variance weighted,2,0.007,0.018,1.007,0.698,NA,0.917600601,NA,0.006530535
TNS3,Brain Meta Analysis,SCZ,Weighted mode,4,-0.003,0.007,0.997,0.698,0.420625479,0.584748475,0.692444187,0.005025565
WNT5B,Brain Meta Analysis,SCZ,Wald ratio,1,0.008,0.02,1.008,0.698,NA,NA,NA,0.005880029
AGBL1,Brain Meta Analysis,SCZ,Wald ratio,1,-0.003,0.008,0.997,0.699,NA,NA,NA,0.004714253
TCP11L1,Brain Meta Analysis,SCZ,Wald ratio,1,-0.01,0.026,0.99,0.699,NA,NA,NA,0.004470174
TNK2,Brain Meta Analysis,SCZ,Wald ratio,1,0.008,0.02,1.008,0.7,NA,NA,NA,0.00609193
TBC1D32,Brain Meta Analysis,SCZ,Wald ratio,1,-0.015,0.039,0.985,0.7,NA,NA,NA,0.01670851
LRP2BP,Brain Meta Analysis,SCZ,Wald ratio,1,-0.003,0.009,0.997,0.7,NA,NA,NA,0.005137376
MYOM1,Brain Meta Analysis,SCZ,Wald ratio,1,0.014,0.035,1.014,0.7,NA,NA,NA,0.007150581
HSPA13,Brain Meta Analysis,SCZ,Wald ratio,1,-0.007,0.018,0.993,0.701,NA,NA,NA,0.004603259
IQCJ-SCHIP1,Brain Meta Analysis,SCZ,Weighted mode,3,-0.012,0.026,0.988,0.701,0.107683262,0.245938124,0.820382905,0.005825629
IL23R,Brain Meta Analysis,SCZ,Wald ratio,1,-0.003,0.007,0.997,0.701,NA,NA,NA,0.005026566
LY86,Brain Meta Analysis,SCZ,Wald ratio,1,-0.008,0.02,0.992,0.702,NA,NA,NA,0.009106436
OGFOD3,Brain Meta Analysis,SCZ,Wald ratio,1,-0.009,0.025,0.991,0.702,NA,NA,NA,0.004684467
SH3RF2,Brain Meta Analysis,SCZ,Wald ratio,1,-0.003,0.008,0.997,0.703,NA,NA,NA,0.00766174
RGMA,Brain Meta Analysis,SCZ,Wald ratio,1,0.014,0.037,1.014,0.703,NA,NA,NA,0.004588336
MRO,Brain Meta Analysis,SCZ,Wald ratio,1,-0.017,0.044,0.983,0.703,NA,NA,NA,0.009145321
NDST2,Brain Meta Analysis,SCZ,Wald ratio,1,-0.006,0.015,0.994,0.703,NA,NA,NA,0.005181338
MAP1B,Brain Meta Analysis,SCZ,Wald ratio,1,0.009,0.025,1.009,0.704,NA,NA,NA,0.00491418
AGXT2,Brain Meta Analysis,SCZ,Wald ratio,1,0.008,0.022,1.008,0.704,NA,NA,NA,0.004647605
OPCML,Brain Meta Analysis,SCZ,MR Egger,7,0.013,0.032,1.013,0.704,0.129348126,0.181857119,0.680341447,0.042230525
ALG1,Brain Meta Analysis,SCZ,Wald ratio,1,0.006,0.017,1.006,0.704,NA,NA,NA,0.005071879
RCL1,Brain Meta Analysis,SCZ,Wald ratio,1,0.006,0.017,1.006,0.705,NA,NA,NA,0.004646788
LEP,Brain Meta Analysis,SCZ,Wald ratio,1,-0.006,0.017,0.994,0.705,NA,NA,NA,0.004646788
ESR2,Brain Meta Analysis,SCZ,Wald ratio,1,0.003,0.008,1.003,0.705,NA,NA,NA,0.004646788
CYRIA,Brain Meta Analysis,SCZ,Inverse variance weighted,2,-0.003,0.007,0.997,0.705,NA,0.838087587,NA,0.004799872
CUX1,Brain Meta Analysis,SCZ,Wald ratio,1,-0.006,0.015,0.994,0.705,NA,NA,NA,0.005915945
USP16,Brain Meta Analysis,SCZ,Inverse variance weighted,2,-0.023,0.062,0.977,0.706,NA,0.003334618,NA,0.111483224
PYGL,Brain Meta Analysis,SCZ,Wald ratio,1,-0.007,0.018,0.993,0.706,NA,NA,NA,0.004803224
DLGAP1,Brain Meta Analysis,SCZ,Inverse variance weighted,2,-0.009,0.024,0.991,0.706,NA,0.06795616,NA,0.0173196
WWC1,Brain Meta Analysis,SCZ,Inverse variance weighted,2,0.003,0.007,1.003,0.706,NA,0.929849783,NA,0.00607078
NHLRC1,Brain Meta Analysis,SCZ,Wald ratio,1,-0.008,0.022,0.992,0.706,NA,NA,NA,0.006402211
SLC26A4,Brain Meta Analysis,SCZ,Wald ratio,1,-0.003,0.008,0.997,0.707,NA,NA,NA,0.005383917
FAM83B,Brain Meta Analysis,SCZ,Wald ratio,1,0.008,0.021,1.008,0.707,NA,NA,NA,0.007488996
NEURL1,Brain Meta Analysis,SCZ,Wald ratio,1,0.007,0.018,1.007,0.707,NA,NA,NA,0.009831711
ROR2,Brain Meta Analysis,SCZ,Wald ratio,1,-0.009,0.024,0.991,0.707,NA,NA,NA,0.005382811
SLC6A13,Brain Meta Analysis,SCZ,Inverse variance weighted,2,0.005,0.013,1.005,0.71,NA,0.487815497,NA,0.007126595
TSC1,Brain Meta Analysis,SCZ,Wald ratio,1,-0.003,0.007,0.997,0.711,NA,NA,NA,0.007579087
VAT1L,Brain Meta Analysis,SCZ,Weighted median,3,0.007,0.019,1.007,0.711,0.682311037,0.917543641,0.957008507,0.006289382
SMARCE1,Brain Meta Analysis,SCZ,Wald ratio,1,0.006,0.015,1.006,0.711,NA,NA,NA,0.004895933
DTNBP1,Brain Meta Analysis,SCZ,Wald ratio,1,0.011,0.03,1.011,0.711,NA,NA,NA,0.004577796
GRIK3,Brain Meta Analysis,SCZ,Wald ratio,1,0.003,0.008,1.003,0.712,NA,NA,NA,0.005317588
TNIP1,Brain Meta Analysis,SCZ,Wald ratio,1,-0.009,0.024,0.991,0.712,NA,NA,NA,0.006473435
GPC5,Brain Meta Analysis,SCZ,Wald ratio,1,-0.008,0.021,0.992,0.713,NA,NA,NA,0.005628212
SNX5,Brain Meta Analysis,SCZ,Wald ratio,1,-0.003,0.009,0.997,0.713,NA,NA,NA,0.004626973
ST6GALNAC5,Brain Meta Analysis,SCZ,Wald ratio,1,0.009,0.026,1.01,0.713,NA,NA,NA,0.004626973
CHST15,Brain Meta Analysis,SCZ,Wald ratio,1,0.011,0.029,1.011,0.713,NA,NA,NA,0.004785229
FBXO11,Brain Meta Analysis,SCZ,Wald ratio,1,-0.003,0.007,0.997,0.713,NA,NA,NA,0.004785258
ANKFN1,Brain Meta Analysis,SCZ,Inverse variance weighted,2,0.002,0.005,1.002,0.714,NA,0.322735906,NA,0.005875094
RB1,Brain Meta Analysis,SCZ,Wald ratio,1,-0.021,0.057,0.979,0.714,NA,NA,NA,0.011448034
PCNX2,Brain Meta Analysis,SCZ,Wald ratio,1,-0.01,0.027,0.99,0.714,NA,NA,NA,0.0103732
SLCO2A1,Brain Meta Analysis,SCZ,Inverse variance weighted,2,0.003,0.008,1.003,0.714,NA,0.834883668,NA,0.006138676
ABCB11,Brain Meta Analysis,SCZ,Wald ratio,1,0.005,0.014,1.005,0.714,NA,NA,NA,0.004941568
TAFA2,Brain Meta Analysis,SCZ,Inverse variance weighted,2,-0.006,0.017,0.994,0.715,NA,0.362350242,NA,0.005934034
MAPKBP1,Brain Meta Analysis,SCZ,Wald ratio,1,0.006,0.017,1.006,0.717,NA,NA,NA,0.004830974
GPR161,Brain Meta Analysis,SCZ,Wald ratio,1,-0.003,0.007,0.997,0.717,NA,NA,NA,0.004830974
PKP1,Brain Meta Analysis,SCZ,Wald ratio,1,0.01,0.029,1.01,0.717,NA,NA,NA,0.004672667
FAM102A,Brain Meta Analysis,SCZ,Inverse variance weighted,2,0.02,0.055,1.02,0.718,NA,0.00428274,NA,0.104816529
NXNL1,Brain Meta Analysis,SCZ,Wald ratio,1,0.008,0.023,1.008,0.718,NA,NA,NA,0.004918968
ST3GAL1,Brain Meta Analysis,SCZ,Inverse variance weighted,2,0.006,0.015,1.006,0.719,NA,0.778567705,NA,0.005477951
PLIN3,Brain Meta Analysis,SCZ,Wald ratio,1,-0.003,0.008,0.997,0.72,NA,NA,NA,0.004718535
TGM2,Brain Meta Analysis,SCZ,Wald ratio,1,0.008,0.022,1.008,0.72,NA,NA,NA,0.00471472
NPRL3,Brain Meta Analysis,SCZ,Wald ratio,1,-0.008,0.021,0.993,0.721,NA,NA,NA,0.006489614
RIMS1,Brain Meta Analysis,SCZ,Inverse variance weighted,2,-0.015,0.041,0.985,0.721,NA,0.002304153,NA,0.016057402
ZFAT,Brain Meta Analysis,SCZ,Inverse variance weighted,2,-0.009,0.025,0.991,0.721,NA,0.038441809,NA,0.028523939
CCNB1,Brain Meta Analysis,SCZ,Wald ratio,1,-0.005,0.015,0.995,0.721,NA,NA,NA,0.004609733
TM4SF5,Brain Meta Analysis,SCZ,Wald ratio,1,-0.009,0.026,0.991,0.722,NA,NA,NA,0.004607029
RASGRF2,Brain Meta Analysis,SCZ,Wald ratio,1,-0.003,0.008,0.997,0.722,NA,NA,NA,0.004766261
PLXNA2,Brain Meta Analysis,SCZ,Wald ratio,1,0.008,0.023,1.008,0.722,NA,NA,NA,0.004607931
MDN1,Brain Meta Analysis,SCZ,Wald ratio,1,-0.005,0.013,0.995,0.722,NA,NA,NA,0.005619636
DNMT3B,Brain Meta Analysis,SCZ,Wald ratio,1,-0.008,0.021,0.992,0.723,NA,NA,NA,0.010999622
UBE2I,Brain Meta Analysis,SCZ,Wald ratio,1,0.008,0.022,1.008,0.723,NA,NA,NA,0.004777974
NT5C3B,Brain Meta Analysis,SCZ,Wald ratio,1,0.008,0.023,1.008,0.723,NA,NA,NA,0.0052046
ADAMTS14,Brain Meta Analysis,SCZ,Wald ratio,1,-0.008,0.022,0.992,0.724,NA,NA,NA,0.005377325
CFAP107,Brain Meta Analysis,SCZ,Wald ratio,1,0.015,0.042,1.015,0.724,NA,NA,NA,0.015966231
SEPTIN9,Brain Meta Analysis,SCZ,Inverse variance weighted,2,0.01,0.028,1.01,0.725,NA,0.132020299,NA,0.004987281
CBY1,Brain Meta Analysis,SCZ,Wald ratio,1,0.01,0.028,1.01,0.725,NA,NA,NA,0.004812207
LYSMD4,Brain Meta Analysis,SCZ,Wald ratio,1,0.003,0.008,1.003,0.726,NA,NA,NA,0.005437163
RPH3AL,Brain Meta Analysis,SCZ,Inverse variance weighted,3,-0.004,0.01,0.996,0.726,0.302435621,0.524121458,0.723595092,0.005011699
AFAP1,Brain Meta Analysis,SCZ,Inverse variance weighted,2,0.012,0.034,1.012,0.727,NA,0.099923411,NA,0.000569885
COL4A1,Brain Meta Analysis,SCZ,Simple mode,3,0.004,0.011,1.005,0.727,0.220977963,0.466833245,0.917314599,0.006432282
KIF1A,Brain Meta Analysis,SCZ,Wald ratio,1,0.009,0.027,1.009,0.727,NA,NA,NA,0.005637702
TSPAN9,Brain Meta Analysis,SCZ,Wald ratio,1,0.008,0.022,1.008,0.728,NA,NA,NA,0.00485144
THBS2,Brain Meta Analysis,SCZ,Wald ratio,1,0.003,0.007,1.003,0.728,NA,NA,NA,0.004699981
MRPS2,Brain Meta Analysis,SCZ,Wald ratio,1,0.003,0.008,1.003,0.728,NA,NA,NA,0.004699981
FGF6,Brain Meta Analysis,SCZ,Wald ratio,1,-0.003,0.008,0.997,0.728,NA,NA,NA,0.006216328
MGST2,Brain Meta Analysis,SCZ,Inverse variance weighted,2,-0.003,0.008,0.997,0.728,NA,0.644692203,NA,0.005072247
ARF1,Brain Meta Analysis,SCZ,Wald ratio,1,0.006,0.017,1.006,0.728,NA,NA,NA,0.004856462
CD2AP,Brain Meta Analysis,SCZ,Wald ratio,1,-0.007,0.019,0.993,0.729,NA,NA,NA,0.006527314
TTC34,Brain Meta Analysis,SCZ,Wald ratio,1,-0.005,0.015,0.995,0.73,NA,NA,NA,0.00459123
MS4A14,Brain Meta Analysis,SCZ,Wald ratio,1,-0.003,0.008,0.997,0.73,NA,NA,NA,0.00474785
TRIM2,Brain Meta Analysis,SCZ,Wald ratio,1,-0.007,0.021,0.993,0.731,NA,NA,NA,0.004589604
PID1,Brain Meta Analysis,SCZ,Wald ratio,1,-0.003,0.008,0.997,0.731,NA,NA,NA,0.004589604
CDIN1,Brain Meta Analysis,SCZ,Inverse variance weighted,2,-0.006,0.018,0.994,0.731,NA,0.100744313,NA,0.020065386
THSD4,Brain Meta Analysis,SCZ,MR Egger,3,-0.012,0.026,0.989,0.731,0.832081112,0.860407257,0.701932235,0.005364137
ROR1,Brain Meta Analysis,SCZ,Wald ratio,1,-0.01,0.028,0.991,0.731,NA,NA,NA,0.004746113
DNTTIP2,Brain Meta Analysis,SCZ,Wald ratio,1,0.003,0.008,1.003,0.731,NA,NA,NA,0.004746116
SERPINB10,Brain Meta Analysis,SCZ,Wald ratio,1,-0.024,0.07,0.976,0.731,NA,NA,NA,0.016816545
NADK2,Brain Meta Analysis,SCZ,Wald ratio,1,-0.007,0.021,0.993,0.733,NA,NA,NA,0.004637084
TMEM222,Brain Meta Analysis,SCZ,Wald ratio,1,0.003,0.008,1.003,0.734,NA,NA,NA,0.004635827
NRF1,Brain Meta Analysis,SCZ,Wald ratio,1,0.003,0.01,1.003,0.734,NA,NA,NA,0.004792321
CNTNAP2,Brain Meta Analysis,SCZ,Inverse variance weighted,3,0.006,0.017,1.006,0.734,0.096665596,0.20487391,0.765528575,0.005581839
SORBS1,Brain Meta Analysis,SCZ,Inverse variance weighted,2,0.003,0.009,1.003,0.734,NA,0.213950376,NA,0.014141638
PDZD7,Brain Meta Analysis,SCZ,Wald ratio,1,0.005,0.016,1.005,0.736,NA,NA,NA,0.004840284
SMAD7,Brain Meta Analysis,SCZ,Wald ratio,1,-0.003,0.008,0.997,0.736,NA,NA,NA,0.004840284
PUM2,Brain Meta Analysis,SCZ,Wald ratio,1,0.009,0.027,1.009,0.736,NA,NA,NA,0.008058738
LPA,Brain Meta Analysis,SCZ,Wald ratio,1,-0.009,0.027,0.991,0.736,NA,NA,NA,0.004996732
TMEFF2,Brain Meta Analysis,SCZ,Inverse variance weighted,2,-0.004,0.013,0.996,0.736,NA,0.75253364,NA,0.009205255
COMT,Brain Meta Analysis,SCZ,Wald ratio,1,0.008,0.023,1.008,0.736,NA,NA,NA,0.001101474
KIAA0232,Brain Meta Analysis,SCZ,Wald ratio,1,-0.007,0.021,0.993,0.736,NA,NA,NA,0.004681823
EPHA8,Brain Meta Analysis,SCZ,Wald ratio,1,-0.009,0.026,0.991,0.737,NA,NA,NA,0.005217255
SSPN,Brain Meta Analysis,SCZ,Inverse variance weighted,2,-0.006,0.019,0.994,0.738,NA,0.44978892,NA,0.009588694
HID1,Brain Meta Analysis,SCZ,Wald ratio,1,0.006,0.018,1.006,0.739,NA,NA,NA,0.004573408
ERAP1,Brain Meta Analysis,SCZ,Wald ratio,1,-0.003,0.008,0.997,0.739,NA,NA,NA,0.005199296
KSR1,Brain Meta Analysis,SCZ,Wald ratio,1,0.003,0.008,1.003,0.739,NA,NA,NA,0.005199296
TBC1D8,Brain Meta Analysis,SCZ,Wald ratio,1,0.008,0.025,1.009,0.739,NA,NA,NA,0.004962508
MTRR,Brain Meta Analysis,SCZ,Wald ratio,1,-0.003,0.008,0.997,0.739,NA,NA,NA,0.006601193
ABLIM1,Brain Meta Analysis,SCZ,Inverse variance weighted,2,0.002,0.005,1.002,0.739,NA,0.854545702,NA,0.005097796
UTP23,Brain Meta Analysis,SCZ,Wald ratio,1,0.015,0.046,1.016,0.74,NA,NA,NA,0.010707292
PIP5K1C,Brain Meta Analysis,SCZ,Wald ratio,1,-0.007,0.021,0.993,0.741,NA,NA,NA,0.004619729
VENTX,Brain Meta Analysis,SCZ,Wald ratio,1,-0.005,0.014,0.995,0.742,NA,NA,NA,0.008551725
RAB39A,Brain Meta Analysis,SCZ,Wald ratio,1,0.002,0.007,1.002,0.742,NA,NA,NA,0.004774903
EFNB2,Brain Meta Analysis,SCZ,Wald ratio,1,0.008,0.025,1.008,0.742,NA,NA,NA,0.004438474
MAST3,Brain Meta Analysis,SCZ,Wald ratio,1,-0.008,0.024,0.992,0.743,NA,NA,NA,0.006537877
HGFAC,Brain Meta Analysis,SCZ,Wald ratio,1,-0.009,0.027,0.991,0.743,NA,NA,NA,0.009191965
TPTE2,Brain Meta Analysis,SCZ,Wald ratio,1,-0.002,0.007,0.998,0.744,NA,NA,NA,0.005292001
PDCD1LG2,Brain Meta Analysis,SCZ,Wald ratio,1,0.003,0.008,1.003,0.745,NA,NA,NA,0.004977782
GPC6,Brain Meta Analysis,SCZ,Inverse variance weighted,2,-0.002,0.006,0.998,0.745,NA,0.837550202,NA,0.005717493
CAMKK1,Brain Meta Analysis,SCZ,Wald ratio,1,-0.006,0.019,0.994,0.745,NA,NA,NA,0.004664906
ELMOD1,Brain Meta Analysis,SCZ,Wald ratio,1,0.004,0.012,1.004,0.745,NA,NA,NA,0.008334718
MGMT,Brain Meta Analysis,SCZ,Inverse variance weighted,2,-0.002,0.007,0.998,0.746,NA,0.982822133,NA,0.006940002
JAKMIP3,Brain Meta Analysis,SCZ,Inverse variance weighted,3,0.003,0.011,1.003,0.746,0.76586027,0.901166295,0.788156597,0.004386635
NELL1,Brain Meta Analysis,SCZ,Inverse variance weighted,2,-0.004,0.012,0.996,0.747,NA,0.753597675,NA,0.008685579
TUB,Brain Meta Analysis,SCZ,Wald ratio,1,-0.015,0.046,0.985,0.747,NA,NA,NA,0.010411094
GLRX3,Brain Meta Analysis,SCZ,Wald ratio,1,0.01,0.032,1.01,0.747,NA,NA,NA,0.004553364
RCAN2,Brain Meta Analysis,SCZ,Wald ratio,1,-0.007,0.023,0.993,0.747,NA,NA,NA,0.004544737
TRMT11,Brain Meta Analysis,SCZ,Wald ratio,1,0.003,0.008,1.003,0.748,NA,NA,NA,0.00471148
PCDHGB7,Brain Meta Analysis,SCZ,Inverse variance weighted,2,-0.018,0.057,0.982,0.748,NA,0.002762085,NA,0.028284506
KRAS,Brain Meta Analysis,SCZ,Wald ratio,1,0.004,0.012,1.004,0.748,NA,NA,NA,0.004554944
SH3PXD2A,Brain Meta Analysis,SCZ,Inverse variance weighted,2,-0.002,0.007,0.998,0.748,NA,0.319871467,NA,0.004870146
COL4A3,Brain Meta Analysis,SCZ,Wald ratio,1,0.009,0.028,1.009,0.749,NA,NA,NA,0.006521074
ZNF710,Brain Meta Analysis,SCZ,Wald ratio,1,0.004,0.013,1.004,0.749,NA,NA,NA,0.017074484
ATP13A5,Brain Meta Analysis,SCZ,Wald ratio,1,0.007,0.021,1.007,0.749,NA,NA,NA,0.004916022
F10,Brain Meta Analysis,SCZ,Wald ratio,1,0.007,0.02,1.007,0.749,NA,NA,NA,0.005226901
HMCN2,Brain Meta Analysis,SCZ,Wald ratio,1,0.006,0.018,1.006,0.749,NA,NA,NA,0.005225211
FAT3,Brain Meta Analysis,SCZ,Inverse variance weighted,2,0.003,0.008,1.003,0.75,NA,0.289539838,NA,0.014239
CRIM1,Brain Meta Analysis,SCZ,Wald ratio,1,0.006,0.019,1.006,0.751,NA,NA,NA,0.004601609
TACC2,Brain Meta Analysis,SCZ,Simple mode,3,0.01,0.027,1.01,0.752,0.048228727,0.13510142,0.898219546,0.012224606
ZNF497,Brain Meta Analysis,SCZ,Wald ratio,1,-0.007,0.022,0.993,0.753,NA,NA,NA,0.00464705
PAPPA,Brain Meta Analysis,SCZ,Wald ratio,1,-0.008,0.025,0.992,0.753,NA,NA,NA,0.004489179
NHSL1,Brain Meta Analysis,SCZ,Wald ratio,1,-0.005,0.016,0.995,0.753,NA,NA,NA,0.004648333
CYP2B6,Brain Meta Analysis,SCZ,Wald ratio,1,-0.004,0.014,0.996,0.754,NA,NA,NA,0.00630265
TMEM209,Brain Meta Analysis,SCZ,Wald ratio,1,0.004,0.012,1.004,0.754,NA,NA,NA,0.008610386
CDH2,Brain Meta Analysis,SCZ,Wald ratio,1,-0.002,0.007,0.998,0.754,NA,NA,NA,0.006146938
CTXND1,Brain Meta Analysis,SCZ,Wald ratio,1,-0.007,0.024,0.993,0.755,NA,NA,NA,0.005410301
ATP6V0A1,Brain Meta Analysis,SCZ,Wald ratio,1,-0.002,0.007,0.998,0.756,NA,NA,NA,0.005523195
MMP2,Brain Meta Analysis,SCZ,Wald ratio,1,0.003,0.008,1.003,0.756,NA,NA,NA,0.004539771
TMEM161A,Brain Meta Analysis,SCZ,Wald ratio,1,-0.003,0.008,0.997,0.756,NA,NA,NA,0.004695113
GCNT2,Brain Meta Analysis,SCZ,Inverse variance weighted,2,-0.003,0.009,0.997,0.756,NA,0.179900674,NA,0.008493314
ARPP21,Brain Meta Analysis,SCZ,Inverse variance weighted,2,-0.004,0.012,0.996,0.758,NA,0.114226755,NA,0.006613087
E2F3,Brain Meta Analysis,SCZ,Wald ratio,1,-0.008,0.025,0.992,0.758,NA,NA,NA,0.004339733
WWP2,Brain Meta Analysis,SCZ,Wald ratio,1,-0.008,0.025,0.992,0.759,NA,NA,NA,0.005167875
METTL25B,Brain Meta Analysis,SCZ,Wald ratio,1,-0.007,0.023,0.993,0.76,NA,NA,NA,0.005596359
STPG4,Brain Meta Analysis,SCZ,Wald ratio,1,-0.01,0.032,0.99,0.76,NA,NA,NA,0.005617336
RUBCNL,Brain Meta Analysis,SCZ,Wald ratio,1,-0.005,0.018,0.995,0.761,NA,NA,NA,0.004788829
PKHD1,Brain Meta Analysis,SCZ,Wald ratio,1,0.007,0.024,1.007,0.761,NA,NA,NA,0.004533443
CDK18,Brain Meta Analysis,SCZ,Wald ratio,1,0.002,0.008,1.002,0.761,NA,NA,NA,0.006488832
LIPA,Brain Meta Analysis,SCZ,Inverse variance weighted,2,-0.006,0.019,0.994,0.762,NA,0.964266045,NA,0.006882596
KLK7,Brain Meta Analysis,SCZ,Wald ratio,1,-0.012,0.038,0.988,0.762,NA,NA,NA,0.004897907
PRAM1,Brain Meta Analysis,SCZ,Wald ratio,1,-0.006,0.02,0.994,0.763,NA,NA,NA,0.006023091
INTU,Brain Meta Analysis,SCZ,Wald ratio,1,-0.004,0.014,0.996,0.763,NA,NA,NA,0.004475881
PLAAT1,Brain Meta Analysis,SCZ,Wald ratio,1,0.01,0.032,1.01,0.763,NA,NA,NA,0.004472634
NFASC,Brain Meta Analysis,SCZ,Wald ratio,1,-0.006,0.019,0.994,0.763,NA,NA,NA,0.54218258
ICAM3,Brain Meta Analysis,SCZ,Wald ratio,1,-0.007,0.024,0.993,0.764,NA,NA,NA,0.005351297
NCOA4,Brain Meta Analysis,SCZ,Wald ratio,1,0.005,0.016,1.005,0.764,NA,NA,NA,0.004680501
TMPRSS15,Brain Meta Analysis,SCZ,Wald ratio,1,-0.005,0.016,0.995,0.765,NA,NA,NA,0.005555699
ASAH2,Brain Meta Analysis,SCZ,Wald ratio,1,-0.007,0.023,0.993,0.765,NA,NA,NA,0.0045229
NID2,Brain Meta Analysis,SCZ,Wald ratio,1,0.006,0.019,1.006,0.765,NA,NA,NA,0.004522899
ADAMTS18,Brain Meta Analysis,SCZ,Wald ratio,1,0.004,0.014,1.004,0.766,NA,NA,NA,0.005398191
CBFA2T3,Brain Meta Analysis,SCZ,Wald ratio,1,0.006,0.02,1.006,0.766,NA,NA,NA,0.004882725
SUGCT,Brain Meta Analysis,SCZ,Inverse variance weighted,2,-0.005,0.018,0.995,0.767,NA,0.918697361,NA,0.006084301
CCNB1IP1,Brain Meta Analysis,SCZ,Wald ratio,1,-0.006,0.02,0.994,0.767,NA,NA,NA,0.008709277
DDIT4L,Brain Meta Analysis,SCZ,Wald ratio,1,-0.002,0.008,0.998,0.767,NA,NA,NA,0.004571
KIF16B,Brain Meta Analysis,SCZ,Wald ratio,1,0.007,0.024,1.007,0.767,NA,NA,NA,0.006473393
LRRC15,Brain Meta Analysis,SCZ,Wald ratio,1,-0.002,0.008,0.998,0.769,NA,NA,NA,0.004774568
BCO2,Brain Meta Analysis,SCZ,Wald ratio,1,-0.016,0.053,0.985,0.769,NA,NA,NA,0.004882743
USP42,Brain Meta Analysis,SCZ,Wald ratio,1,-0.005,0.018,0.995,0.769,NA,NA,NA,0.005648012
RNF144B,Brain Meta Analysis,SCZ,Wald ratio,1,0.002,0.008,1.002,0.769,NA,NA,NA,0.005648012
NOS1,Brain Meta Analysis,SCZ,Inverse variance weighted,2,-0.011,0.039,0.989,0.77,NA,0.001844276,NA,0.260172307
SEMA6A,Brain Meta Analysis,SCZ,MR Egger,3,0.013,0.034,1.013,0.77,0.950145667,0.886347628,0.711375024,0.01220394
CASZ1,Brain Meta Analysis,SCZ,Inverse variance weighted,2,-0.004,0.012,0.996,0.77,NA,0.137709298,NA,0.018338209
ZNF396,Brain Meta Analysis,SCZ,Wald ratio,1,0.007,0.024,1.007,0.77,NA,NA,NA,0.004956762
ECRG4,Brain Meta Analysis,SCZ,Wald ratio,1,-0.007,0.023,0.993,0.77,NA,NA,NA,0.004290929
SLC36A1,Brain Meta Analysis,SCZ,Wald ratio,1,-0.007,0.024,0.993,0.771,NA,NA,NA,0.005696431
TRAPPC8,Brain Meta Analysis,SCZ,Wald ratio,1,-0.002,0.008,0.998,0.771,NA,NA,NA,0.00482167
ST8SIA4,Brain Meta Analysis,SCZ,Wald ratio,1,-0.018,0.062,0.982,0.771,NA,NA,NA,0.014531419
GALNT7,Brain Meta Analysis,SCZ,Wald ratio,1,0.002,0.008,1.002,0.772,NA,NA,NA,0.004820581
ZNF326,Brain Meta Analysis,SCZ,Wald ratio,1,-0.007,0.025,0.993,0.772,NA,NA,NA,0.004600405
CHRNA4,Brain Meta Analysis,SCZ,Wald ratio,1,0.006,0.019,1.006,0.773,NA,NA,NA,0.009960457
ADAM29,Brain Meta Analysis,SCZ,Wald ratio,1,-0.01,0.034,0.99,0.774,NA,NA,NA,0.004482531
OR11G2,Brain Meta Analysis,SCZ,Wald ratio,1,0.007,0.023,1.007,0.774,NA,NA,NA,0.004508767
CORIN,Brain Meta Analysis,SCZ,Wald ratio,1,0.002,0.008,1.002,0.774,NA,NA,NA,0.007529238
FUT10,Brain Meta Analysis,SCZ,Wald ratio,1,-0.008,0.029,0.992,0.775,NA,NA,NA,0.011607262
H6PD,Brain Meta Analysis,SCZ,Wald ratio,1,0.008,0.029,1.008,0.775,NA,NA,NA,0.006148628
P2RY6,Brain Meta Analysis,SCZ,Wald ratio,1,-0.005,0.019,0.995,0.775,NA,NA,NA,0.006147321
GRTP1,Brain Meta Analysis,SCZ,Wald ratio,1,0.01,0.035,1.01,0.776,NA,NA,NA,0.004476222
UNC5B,Brain Meta Analysis,SCZ,Inverse variance weighted,2,0.004,0.013,1.004,0.776,NA,0.093829378,NA,0.006439255
C9orf153,Brain Meta Analysis,SCZ,Wald ratio,1,0.002,0.008,1.002,0.777,NA,NA,NA,0.004555099
GYPC,Brain Meta Analysis,SCZ,Wald ratio,1,0.006,0.022,1.006,0.778,NA,NA,NA,0.004757767
NTN4,Brain Meta Analysis,SCZ,Wald ratio,1,0.002,0.008,1.002,0.778,NA,NA,NA,0.005322705
CREG1,Brain Meta Analysis,SCZ,Wald ratio,1,-0.002,0.008,0.998,0.779,NA,NA,NA,0.008981367
SH3BP1,Brain Meta Analysis,SCZ,Wald ratio,1,-0.007,0.026,0.993,0.78,NA,NA,NA,0.00862697
INPP4B,Brain Meta Analysis,SCZ,Inverse variance weighted,2,0.002,0.008,1.002,0.78,NA,0.307018438,NA,0.004546032
MS4A10,Brain Meta Analysis,SCZ,Wald ratio,1,-0.01,0.034,0.99,0.78,NA,NA,NA,0.004406609
FLVCR1,Brain Meta Analysis,SCZ,Wald ratio,1,-0.007,0.025,0.993,0.78,NA,NA,NA,0.004191526
ZNF146,Brain Meta Analysis,SCZ,Wald ratio,1,0.002,0.008,1.002,0.78,NA,NA,NA,0.004805994
KLHL36,Brain Meta Analysis,SCZ,Wald ratio,1,-0.007,0.023,0.994,0.78,NA,NA,NA,0.005727475
NMNAT2,Brain Meta Analysis,SCZ,Wald ratio,1,0.009,0.034,1.01,0.78,NA,NA,NA,0.005717812
PIAS4,Brain Meta Analysis,SCZ,Wald ratio,1,-0.002,0.008,0.998,0.78,NA,NA,NA,0.007561523
CCKBR,Brain Meta Analysis,SCZ,Wald ratio,1,-0.004,0.014,0.996,0.781,NA,NA,NA,0.005368701
COLEC10,Brain Meta Analysis,SCZ,Wald ratio,1,-0.008,0.029,0.992,0.782,NA,NA,NA,0.014973533
CHL1,Brain Meta Analysis,SCZ,Wald ratio,1,0.008,0.028,1.008,0.782,NA,NA,NA,0.023445072
CPXM2,Brain Meta Analysis,SCZ,Inverse variance weighted,2,0.007,0.026,1.007,0.782,NA,0.093029543,NA,0.033355165
PUM1,Brain Meta Analysis,SCZ,Wald ratio,1,-0.005,0.017,0.995,0.782,NA,NA,NA,0.008138014
FRY,Brain Meta Analysis,SCZ,Wald ratio,1,0.002,0.008,1.002,0.783,NA,NA,NA,0.005415943
SEPTIN11,Brain Meta Analysis,SCZ,Wald ratio,1,-0.005,0.02,0.995,0.783,NA,NA,NA,0.00449342
SHANK1,Brain Meta Analysis,SCZ,Wald ratio,1,-0.01,0.036,0.99,0.783,NA,NA,NA,0.00451142
VAMP2,Brain Meta Analysis,SCZ,Wald ratio,1,-0.009,0.033,0.991,0.783,NA,NA,NA,0.00469252
ZDHHC21,Brain Meta Analysis,SCZ,Wald ratio,1,0.006,0.023,1.006,0.785,NA,NA,NA,0.005419275
GJA3,Brain Meta Analysis,SCZ,Wald ratio,1,-0.003,0.012,0.997,0.787,NA,NA,NA,0.005355824
RNASEH1,Brain Meta Analysis,SCZ,Wald ratio,1,-0.005,0.019,0.995,0.788,NA,NA,NA,0.007238163
NFATC2,Brain Meta Analysis,SCZ,Inverse variance weighted,2,0.002,0.007,1.002,0.788,NA,0.397270905,NA,0.004394531
GOLGA8B,Brain Meta Analysis,SCZ,Wald ratio,1,0.004,0.014,1.004,0.789,NA,NA,NA,0.004230313
LMCD1,Brain Meta Analysis,SCZ,Wald ratio,1,-0.002,0.007,0.998,0.789,NA,NA,NA,0.004432783
IRF8,Brain Meta Analysis,SCZ,Wald ratio,1,0.005,0.019,1.005,0.789,NA,NA,NA,0.004432774
RDX,Brain Meta Analysis,SCZ,Wald ratio,1,0.002,0.008,1.002,0.789,NA,NA,NA,0.005199896
DENND4C,Brain Meta Analysis,SCZ,Wald ratio,1,0.007,0.025,1.007,0.789,NA,NA,NA,0.005757538
PRR5L,Brain Meta Analysis,SCZ,Wald ratio,1,0.004,0.016,1.004,0.79,NA,NA,NA,0.00902973
OSBPL6,Brain Meta Analysis,SCZ,Wald ratio,1,-0.005,0.019,0.995,0.791,NA,NA,NA,0.005247327
NRP1,Brain Meta Analysis,SCZ,Wald ratio,1,0.004,0.014,1.004,0.791,NA,NA,NA,0.00773582
DCHS2,Brain Meta Analysis,SCZ,Wald ratio,1,-0.009,0.036,0.991,0.791,NA,NA,NA,0.004371851
TCF7,Brain Meta Analysis,SCZ,Inverse variance weighted,2,-0.003,0.013,0.997,0.791,NA,0.659547226,NA,0.010375531
PPFIBP1,Brain Meta Analysis,SCZ,Wald ratio,1,-0.002,0.008,0.998,0.792,NA,NA,NA,0.005246343
CCDC81,Brain Meta Analysis,SCZ,Wald ratio,1,-0.006,0.024,0.994,0.792,NA,NA,NA,0.004385568
CDK6,Brain Meta Analysis,SCZ,Wald ratio,1,-0.002,0.007,0.998,0.792,NA,NA,NA,0.004684167
ACSM2A,Brain Meta Analysis,SCZ,Wald ratio,1,-0.005,0.02,0.995,0.792,NA,NA,NA,0.005653733
FAM222A,Brain Meta Analysis,SCZ,Inverse variance weighted,2,0.009,0.033,1.009,0.792,NA,0.009160867,NA,0.063405493
FBXO25,Brain Meta Analysis,SCZ,Wald ratio,1,-0.006,0.023,0.994,0.792,NA,NA,NA,0.007458483
TSPAN11,Brain Meta Analysis,SCZ,Wald ratio,1,-0.004,0.015,0.996,0.793,NA,NA,NA,0.010838913
AFAP1L2,Brain Meta Analysis,SCZ,Inverse variance weighted,2,-0.002,0.007,0.998,0.793,NA,0.369655125,NA,0.009347642
TMC3,Brain Meta Analysis,SCZ,Inverse variance weighted,2,-0.004,0.014,0.996,0.794,NA,0.851665502,NA,0.007757467
PERM1,Brain Meta Analysis,SCZ,Wald ratio,1,0.007,0.027,1.007,0.796,NA,NA,NA,0.004821189
TNN,Brain Meta Analysis,SCZ,Wald ratio,1,-0.005,0.02,0.995,0.796,NA,NA,NA,0.005918904
CTTN,Brain Meta Analysis,SCZ,Wald ratio,1,-0.005,0.021,0.995,0.797,NA,NA,NA,0.005185545
CCN3,Brain Meta Analysis,SCZ,Wald ratio,1,0.008,0.031,1.008,0.797,NA,NA,NA,0.016006712
FAM234B,Brain Meta Analysis,SCZ,Wald ratio,1,0.005,0.019,1.005,0.797,NA,NA,NA,0.000233877
ST7,Brain Meta Analysis,SCZ,Inverse variance weighted,2,0.007,0.027,1.007,0.797,NA,0.109780628,NA,0.00474785
MAP3K5,Brain Meta Analysis,SCZ,Inverse variance weighted,2,-0.002,0.007,0.998,0.798,NA,0.783241468,NA,0.005794109
ANTXR2,Brain Meta Analysis,SCZ,Wald ratio,1,-0.002,0.008,0.998,0.799,NA,NA,NA,0.004622549
TRMT10C,Brain Meta Analysis,SCZ,Wald ratio,1,0.003,0.012,1.003,0.799,NA,NA,NA,0.00482623
ANO3,Brain Meta Analysis,SCZ,Inverse variance weighted,2,-0.004,0.014,0.996,0.799,NA,0.318768016,NA,0.006662223
TMEM127,Brain Meta Analysis,SCZ,Wald ratio,1,0.002,0.008,1.002,0.8,NA,NA,NA,0.004467085
EPHA4,Brain Meta Analysis,SCZ,Wald ratio,1,-0.005,0.021,0.995,0.801,NA,NA,NA,0.004466235
ABCG8,Brain Meta Analysis,SCZ,Wald ratio,1,-0.007,0.029,0.993,0.801,NA,NA,NA,0.004466396
TMEM18,Brain Meta Analysis,SCZ,Wald ratio,1,-0.006,0.025,0.994,0.801,NA,NA,NA,0.004691562
NT5C1B,Brain Meta Analysis,SCZ,Wald ratio,1,-0.009,0.038,0.991,0.802,NA,NA,NA,0.009910436
MED12L,Brain Meta Analysis,SCZ,Wald ratio,1,0.004,0.017,1.004,0.802,NA,NA,NA,0.00593851
ANKRD55,Brain Meta Analysis,SCZ,Wald ratio,1,-0.005,0.019,0.995,0.802,NA,NA,NA,0.004922339
IFT43,Brain Meta Analysis,SCZ,Wald ratio,1,0.004,0.018,1.004,0.802,NA,NA,NA,0.004514845
XPNPEP1,Brain Meta Analysis,SCZ,Wald ratio,1,-0.005,0.021,0.995,0.802,NA,NA,NA,0.004514845
RPP21,Brain Meta Analysis,SCZ,Wald ratio,1,-0.006,0.024,0.994,0.803,NA,NA,NA,0.00735298
PPFIBP2,Brain Meta Analysis,SCZ,Inverse variance weighted,2,0.003,0.014,1.003,0.803,NA,0.735415073,NA,0.004783962
AXIN1,Brain Meta Analysis,SCZ,Wald ratio,1,-0.005,0.022,0.995,0.804,NA,NA,NA,0.005367381
GPR85,Brain Meta Analysis,SCZ,Wald ratio,1,0.006,0.025,1.006,0.804,NA,NA,NA,0.004766419
ZNF37A,Brain Meta Analysis,SCZ,Wald ratio,1,0.006,0.024,1.006,0.805,NA,NA,NA,0.005132446
AHRR,Brain Meta Analysis,SCZ,Wald ratio,1,-0.006,0.024,0.994,0.805,NA,NA,NA,0.00450835
NTRK1,Brain Meta Analysis,SCZ,Wald ratio,1,-0.005,0.021,0.995,0.805,NA,NA,NA,0.012848921
PARP6,Brain Meta Analysis,SCZ,Wald ratio,1,0.005,0.019,1.005,0.806,NA,NA,NA,6.63E-05
SLC26A7,Brain Meta Analysis,SCZ,Wald ratio,1,0.004,0.017,1.004,0.807,NA,NA,NA,0.004609854
TACR1,Brain Meta Analysis,SCZ,Inverse variance weighted,2,0.002,0.009,1.002,0.807,NA,0.413161089,NA,0.006465899
CCN4,Brain Meta Analysis,SCZ,Wald ratio,1,0.005,0.021,1.005,0.807,NA,NA,NA,0.004406019
APLP1,Brain Meta Analysis,SCZ,Wald ratio,1,-0.006,0.023,0.994,0.807,NA,NA,NA,0.003454069
VSIR,Brain Meta Analysis,SCZ,Wald ratio,1,0.007,0.029,1.007,0.808,NA,NA,NA,0.008795714
CORO2B,Brain Meta Analysis,SCZ,Inverse variance weighted,2,-0.003,0.011,0.997,0.808,NA,0.897628701,NA,0.005174698
ASGR2,Brain Meta Analysis,SCZ,Wald ratio,1,0.004,0.015,1.004,0.808,NA,NA,NA,0.004862014
LSP1,Brain Meta Analysis,SCZ,Wald ratio,1,-0.007,0.029,0.993,0.809,NA,NA,NA,0.004658297
MDGA1,Brain Meta Analysis,SCZ,Wald ratio,1,0.005,0.023,1.005,0.809,NA,NA,NA,0.003715132
C5orf49,Brain Meta Analysis,SCZ,Wald ratio,1,-0.002,0.008,0.998,0.81,NA,NA,NA,0.005925051
MFSD4A,Brain Meta Analysis,SCZ,Wald ratio,1,0.008,0.033,1.008,0.81,NA,NA,NA,0.006567411
SLIT1,Brain Meta Analysis,SCZ,Inverse variance weighted,2,-0.002,0.007,0.998,0.811,NA,0.617054826,NA,0.006620378
HBEGF,Brain Meta Analysis,SCZ,Wald ratio,1,0.01,0.041,1.01,0.811,NA,NA,NA,0.008028153
TEAD3,Brain Meta Analysis,SCZ,Wald ratio,1,0.006,0.025,1.006,0.812,NA,NA,NA,0.004272305
CNTN1,Brain Meta Analysis,SCZ,Wald ratio,1,-0.003,0.012,0.997,0.812,NA,NA,NA,0.008335586
FIGLA,Brain Meta Analysis,SCZ,Wald ratio,1,0.006,0.025,1.006,0.812,NA,NA,NA,0.005123615
MYO3A,Brain Meta Analysis,SCZ,Wald ratio,1,0.005,0.02,1.005,0.813,NA,NA,NA,0.00581849
NDFIP1,Brain Meta Analysis,SCZ,Wald ratio,1,-0.002,0.008,0.998,0.813,NA,NA,NA,0.005412338
RBBP5,Brain Meta Analysis,SCZ,Wald ratio,1,-0.005,0.021,0.995,0.814,NA,NA,NA,0.009011612
LTBP2,Brain Meta Analysis,SCZ,Inverse variance weighted,2,0.004,0.017,1.004,0.814,NA,0.753182142,NA,0.013394993
GAP43,Brain Meta Analysis,SCZ,Inverse variance weighted,2,-0.003,0.015,0.997,0.814,NA,0.042044949,NA,0.043726047
ARHGEF10L,Brain Meta Analysis,SCZ,Inverse variance weighted,2,0.005,0.02,1.005,0.815,NA,0.192747949,NA,0.005048583
CCDC80,Brain Meta Analysis,SCZ,Wald ratio,1,-0.005,0.022,0.995,0.815,NA,NA,NA,0.00479907
JAG1,Brain Meta Analysis,SCZ,Wald ratio,1,0.006,0.024,1.006,0.815,NA,NA,NA,0.007172622
BDKRB1,Brain Meta Analysis,SCZ,Wald ratio,1,0.002,0.007,1.002,0.816,NA,NA,NA,0.004597754
EHF,Brain Meta Analysis,SCZ,Wald ratio,1,-0.002,0.008,0.998,0.816,NA,NA,NA,0.006115808
PROKR2,Brain Meta Analysis,SCZ,Wald ratio,1,-0.005,0.023,0.995,0.816,NA,NA,NA,0.004392325
SPINK5,Brain Meta Analysis,SCZ,Wald ratio,1,0.002,0.01,1.002,0.816,NA,NA,NA,0.004393937
B3GLCT,Brain Meta Analysis,SCZ,Wald ratio,1,-0.005,0.022,0.995,0.817,NA,NA,NA,0.005302711
KLHL14,Brain Meta Analysis,SCZ,Wald ratio,1,0.002,0.008,1.002,0.817,NA,NA,NA,0.004646267
NME7,Brain Meta Analysis,SCZ,Wald ratio,1,-0.005,0.022,0.995,0.817,NA,NA,NA,0.004639283
TPD52L1,Brain Meta Analysis,SCZ,Inverse variance weighted,2,-0.005,0.02,0.995,0.817,NA,0.338791052,NA,0.006637511
RHOT1,Brain Meta Analysis,SCZ,Wald ratio,1,0.006,0.024,1.006,0.818,NA,NA,NA,0.00644222
ETHE1,Brain Meta Analysis,SCZ,Wald ratio,1,0.005,0.02,1.005,0.818,NA,NA,NA,0.004645678
TMEM108,Brain Meta Analysis,SCZ,Inverse variance weighted,2,-0.003,0.013,0.997,0.818,NA,0.063416772,NA,0.015024961
HABP2,Brain Meta Analysis,SCZ,Wald ratio,1,0.006,0.024,1.006,0.818,NA,NA,NA,0.004442445
MYO10,Brain Meta Analysis,SCZ,Weighted median,3,0.002,0.008,1.002,0.818,0.212579991,0.455328444,0.928609516,0.005358676
GLIS3,Brain Meta Analysis,SCZ,Wald ratio,1,0.002,0.008,1.002,0.818,NA,NA,NA,0.004441978
PSMD14,Brain Meta Analysis,SCZ,Wald ratio,1,-0.004,0.017,0.996,0.819,NA,NA,NA,0.004694283
SCFD2,Brain Meta Analysis,SCZ,Wald ratio,1,0.011,0.05,1.011,0.819,NA,NA,NA,0.021642858
SORCS1,Brain Meta Analysis,SCZ,Inverse variance weighted,2,0.004,0.016,1.004,0.82,NA,0.026959218,NA,0.031602416
TOP2B,Brain Meta Analysis,SCZ,Wald ratio,1,0.005,0.023,1.005,0.82,NA,NA,NA,0.005805918
RETREG1,Brain Meta Analysis,SCZ,Wald ratio,1,0.008,0.037,1.008,0.82,NA,NA,NA,0.006318158
YAF2,Brain Meta Analysis,SCZ,Wald ratio,1,-0.004,0.019,0.996,0.822,NA,NA,NA,0.008111641
CLMP,Brain Meta Analysis,SCZ,Wald ratio,1,-0.004,0.017,0.996,0.822,NA,NA,NA,0.004538133
DIS3L2,Brain Meta Analysis,SCZ,Inverse variance weighted,2,0.002,0.008,1.002,0.823,NA,0.777704553,NA,0.005193177
FUT6,Brain Meta Analysis,SCZ,Wald ratio,1,-0.003,0.015,0.997,0.824,NA,NA,NA,0.005041958
TGM6,Brain Meta Analysis,SCZ,Wald ratio,1,0.002,0.008,1.002,0.824,NA,NA,NA,0.007305679
COL21A1,Brain Meta Analysis,SCZ,Wald ratio,1,0.005,0.021,1.005,0.825,NA,NA,NA,0.01024039
GTF2IRD1,Brain Meta Analysis,SCZ,Wald ratio,1,0.002,0.007,1.002,0.825,NA,NA,NA,0.004838458
SLA,Brain Meta Analysis,SCZ,Wald ratio,1,0.004,0.018,1.004,0.825,NA,NA,NA,0.00958612
LINGO2,Brain Meta Analysis,SCZ,Wald ratio,1,0.004,0.016,1.004,0.825,NA,NA,NA,0.004837965
DAD1,Brain Meta Analysis,SCZ,Wald ratio,1,-0.005,0.022,0.995,0.826,NA,NA,NA,0.010533236
B4GALNT3,Brain Meta Analysis,SCZ,Wald ratio,1,0.002,0.007,1.002,0.826,NA,NA,NA,0.004634821
ZNF300,Brain Meta Analysis,SCZ,Wald ratio,1,0.004,0.019,1.004,0.826,NA,NA,NA,0.004634817
PADI4,Brain Meta Analysis,SCZ,Wald ratio,1,0.005,0.025,1.005,0.826,NA,NA,NA,0.004448422
DTNA,Brain Meta Analysis,SCZ,Wald ratio,1,0.004,0.019,1.004,0.826,NA,NA,NA,0.00670017
ASPHD2,Brain Meta Analysis,SCZ,Wald ratio,1,0.006,0.026,1.006,0.827,NA,NA,NA,0.005405937
PHYH,Brain Meta Analysis,SCZ,Wald ratio,1,-0.005,0.022,0.995,0.827,NA,NA,NA,0.004426663
PAX8,Brain Meta Analysis,SCZ,Wald ratio,1,-0.004,0.017,0.996,0.827,NA,NA,NA,0.004886068
CAPSL,Brain Meta Analysis,SCZ,Wald ratio,1,0.002,0.008,1.002,0.827,NA,NA,NA,0.004430654
C3,Brain Meta Analysis,SCZ,Wald ratio,1,0.004,0.017,1.004,0.828,NA,NA,NA,0.006546697
SCG5,Brain Meta Analysis,SCZ,Wald ratio,1,-0.005,0.025,0.995,0.829,NA,NA,NA,0.012288353
KLK2,Brain Meta Analysis,SCZ,Wald ratio,1,0.004,0.017,1.004,0.829,NA,NA,NA,0.005186158
TMEM45B,Brain Meta Analysis,SCZ,Wald ratio,1,0.005,0.022,1.005,0.829,NA,NA,NA,0.005891284
DNAI3,Brain Meta Analysis,SCZ,Wald ratio,1,-0.002,0.009,0.998,0.829,NA,NA,NA,0.005891284
IL17B,Brain Meta Analysis,SCZ,Wald ratio,1,-0.005,0.022,0.995,0.829,NA,NA,NA,0.005864624
CACNG5,Brain Meta Analysis,SCZ,Wald ratio,1,0.005,0.023,1.005,0.829,NA,NA,NA,0.004478856
ZNF502,Brain Meta Analysis,SCZ,Wald ratio,1,-0.004,0.02,0.996,0.83,NA,NA,NA,0.005437421
POLD2,Brain Meta Analysis,SCZ,Wald ratio,1,0.005,0.024,1.005,0.83,NA,NA,NA,0.004922235
BABAM1,Brain Meta Analysis,SCZ,Wald ratio,1,0.005,0.025,1.005,0.831,NA,NA,NA,0.004957405
CMBL,Brain Meta Analysis,SCZ,Wald ratio,1,0.004,0.021,1.004,0.831,NA,NA,NA,0.004527126
AGGF1,Brain Meta Analysis,SCZ,Wald ratio,1,-0.003,0.015,0.997,0.832,NA,NA,NA,0.005030957
RAPGEF1,Brain Meta Analysis,SCZ,Wald ratio,1,-0.004,0.02,0.996,0.832,NA,NA,NA,0.007379807
LRRC27,Brain Meta Analysis,SCZ,Wald ratio,1,0.004,0.02,1.004,0.833,NA,NA,NA,0.005709376
LARS1,Brain Meta Analysis,SCZ,Wald ratio,1,0.002,0.011,1.002,0.833,NA,NA,NA,0.004827524
LYPD6B,Brain Meta Analysis,SCZ,Inverse variance weighted,2,0.001,0.006,1.001,0.834,NA,0.834780107,NA,0.004425925
DRC7,Brain Meta Analysis,SCZ,Wald ratio,1,0.002,0.008,1.002,0.834,NA,NA,NA,0.00628501
HPS3,Brain Meta Analysis,SCZ,Wald ratio,1,-0.005,0.023,0.995,0.835,NA,NA,NA,0.013192737
SMCO2,Brain Meta Analysis,SCZ,Wald ratio,1,0.009,0.042,1.009,0.835,NA,NA,NA,0.012279236
TRPM8,Brain Meta Analysis,SCZ,Wald ratio,1,0.004,0.021,1.004,0.835,NA,NA,NA,0.00537777
RAP1GAP2,Brain Meta Analysis,SCZ,Weighted median,6,0.003,0.013,1.003,0.836,0.002935744,0.006657034,0.978273496,0.005220771
ARHGEF18,Brain Meta Analysis,SCZ,Wald ratio,1,-0.005,0.026,0.995,0.836,NA,NA,NA,0.004672234
FBXO15,Brain Meta Analysis,SCZ,Wald ratio,1,0.004,0.019,1.004,0.836,NA,NA,NA,0.006381659
LATS2,Brain Meta Analysis,SCZ,Wald ratio,1,0.003,0.016,1.003,0.836,NA,NA,NA,0.004923978
VWC2,Brain Meta Analysis,SCZ,Wald ratio,1,-0.005,0.025,0.995,0.837,NA,NA,NA,0.004535301
LSM7,Brain Meta Analysis,SCZ,Wald ratio,1,0.005,0.025,1.005,0.837,NA,NA,NA,0.005182358
UPK3A,Brain Meta Analysis,SCZ,Wald ratio,1,0.006,0.028,1.006,0.837,NA,NA,NA,0.005175027
CMKLR1,Brain Meta Analysis,SCZ,Inverse variance weighted,2,-0.005,0.024,0.995,0.838,NA,0.099846556,NA,0.007270013
SRL,Brain Meta Analysis,SCZ,Wald ratio,1,-0.002,0.009,0.998,0.838,NA,NA,NA,0.005474965
MNX1,Brain Meta Analysis,SCZ,Wald ratio,1,-0.005,0.023,0.995,0.839,NA,NA,NA,0.006731769
MCF2L2,Brain Meta Analysis,SCZ,Wald ratio,1,0.003,0.015,1.003,0.84,NA,NA,NA,0.000110041
ADAMTS10,Brain Meta Analysis,SCZ,Wald ratio,1,-0.006,0.031,0.994,0.843,NA,NA,NA,0.004612035
TADA2A,Brain Meta Analysis,SCZ,Wald ratio,1,0.004,0.02,1.004,0.844,NA,NA,NA,0.006161401
MRGPRE,Brain Meta Analysis,SCZ,Wald ratio,1,0.003,0.017,1.003,0.844,NA,NA,NA,0.005416668
SLC9A3,Brain Meta Analysis,SCZ,Wald ratio,1,-0.004,0.022,0.996,0.845,NA,NA,NA,0.006531081
PI16,Brain Meta Analysis,SCZ,Wald ratio,1,-0.004,0.022,0.996,0.845,NA,NA,NA,0.004409819
SSR3,Brain Meta Analysis,SCZ,Wald ratio,1,-0.003,0.016,0.997,0.845,NA,NA,NA,0.004409819
ATXN1,Brain Meta Analysis,SCZ,Inverse variance weighted,2,0.009,0.044,1.009,0.845,NA,0.01005642,NA,0.021303032
COLGALT2,Brain Meta Analysis,SCZ,Inverse variance weighted,2,0.005,0.027,1.005,0.845,NA,0.012353162,NA,0.014582588
OAF,Brain Meta Analysis,SCZ,Wald ratio,1,-0.004,0.021,0.996,0.846,NA,NA,NA,0.008555984
MICU1,Brain Meta Analysis,SCZ,Wald ratio,1,0.001,0.007,1.001,0.846,NA,NA,NA,0.004710478
CAPN14,Brain Meta Analysis,SCZ,Wald ratio,1,0.001,0.007,1.001,0.847,NA,NA,NA,0.004458553
TBCA,Brain Meta Analysis,SCZ,Wald ratio,1,-0.001,0.007,0.999,0.847,NA,NA,NA,0.004458553
MIER1,Brain Meta Analysis,SCZ,Wald ratio,1,0.003,0.016,1.003,0.848,NA,NA,NA,0.005010558
RBMS2,Brain Meta Analysis,SCZ,Wald ratio,1,0.002,0.008,1.002,0.848,NA,NA,NA,0.004507016
SLC43A3,Brain Meta Analysis,SCZ,Wald ratio,1,0.004,0.019,1.004,0.848,NA,NA,NA,0.004507008
CNOT6,Brain Meta Analysis,SCZ,Wald ratio,1,0.005,0.024,1.005,0.848,NA,NA,NA,0.005284421
RASSF8,Brain Meta Analysis,SCZ,Wald ratio,1,0.003,0.015,1.003,0.849,NA,NA,NA,0.085798776
HIP1R,Brain Meta Analysis,SCZ,Wald ratio,1,-0.005,0.025,0.995,0.851,NA,NA,NA,0.000278375
AKAP12,Brain Meta Analysis,SCZ,Wald ratio,1,0.002,0.01,1.002,0.851,NA,NA,NA,0.007504646
ACAN,Brain Meta Analysis,SCZ,Wald ratio,1,0.004,0.022,1.004,0.851,NA,NA,NA,0.006690399
EBF4,Brain Meta Analysis,SCZ,Wald ratio,1,-0.003,0.015,0.997,0.851,NA,NA,NA,0.006207726
DACT2,Brain Meta Analysis,SCZ,Wald ratio,1,0.004,0.02,1.004,0.852,NA,NA,NA,0.005407018
ABCA10,Brain Meta Analysis,SCZ,Wald ratio,1,-0.004,0.022,0.996,0.852,NA,NA,NA,0.004603555
SGSM2,Brain Meta Analysis,SCZ,Inverse variance weighted,2,0.006,0.031,1.006,0.852,NA,0.055971297,NA,0.007191266
ASIC5,Brain Meta Analysis,SCZ,Wald ratio,1,-0.005,0.027,0.995,0.852,NA,NA,NA,0.005637583
PLPP3,Brain Meta Analysis,SCZ,Wald ratio,1,-0.001,0.008,0.999,0.852,NA,NA,NA,0.004351986
LRMDA,Brain Meta Analysis,SCZ,Inverse variance weighted,2,-0.005,0.026,0.995,0.853,NA,0.000423668,NA,0.488392227
TMEM225B,Brain Meta Analysis,SCZ,Wald ratio,1,0.005,0.025,1.005,0.853,NA,NA,NA,0.014431477
CACNA2D4,Brain Meta Analysis,SCZ,Wald ratio,1,-0.004,0.021,0.996,0.854,NA,NA,NA,0.055667538
DUOX1,Brain Meta Analysis,SCZ,Wald ratio,1,0.004,0.022,1.004,0.854,NA,NA,NA,0.000607994
FHL3,Brain Meta Analysis,SCZ,Inverse variance weighted,2,-0.003,0.016,0.997,0.854,NA,0.441303774,NA,0.004711451
ACACB,Brain Meta Analysis,SCZ,Wald ratio,1,0.004,0.021,1.004,0.854,NA,NA,NA,0.00929285
TMOD2,Brain Meta Analysis,SCZ,Wald ratio,1,0.004,0.02,1.004,0.854,NA,NA,NA,0.004400203
BNC2,Brain Meta Analysis,SCZ,Inverse variance weighted,2,0.003,0.017,1.003,0.855,NA,0.225371859,NA,0.012777007
UST,Brain Meta Analysis,SCZ,Inverse variance weighted,2,0.004,0.021,1.004,0.855,NA,0.136819809,NA,0.010423763
MARCHF8,Brain Meta Analysis,SCZ,Wald ratio,1,-0.003,0.014,0.997,0.856,NA,NA,NA,0.005001153
ITM2C,Brain Meta Analysis,SCZ,Wald ratio,1,0.004,0.023,1.004,0.856,NA,NA,NA,0.0044491
MYOF,Brain Meta Analysis,SCZ,Inverse variance weighted,2,0.002,0.009,1.002,0.856,NA,0.208500109,NA,0.006036202
BMP1,Brain Meta Analysis,SCZ,Wald ratio,1,0.004,0.025,1.004,0.857,NA,NA,NA,0.004732153
PLSCR1,Brain Meta Analysis,SCZ,Wald ratio,1,0.003,0.017,1.003,0.858,NA,NA,NA,0.005648907
FAM163A,Brain Meta Analysis,SCZ,Inverse variance weighted,2,0.001,0.007,1.001,0.859,NA,0.240792653,NA,0.006610557
TRIM6,Brain Meta Analysis,SCZ,Wald ratio,1,-0.004,0.024,0.996,0.859,NA,NA,NA,0.004546261
PTPN14,Brain Meta Analysis,SCZ,Inverse variance weighted,2,-0.002,0.011,0.998,0.859,NA,0.276007615,NA,0.006458892
CELA2B,Brain Meta Analysis,SCZ,Wald ratio,1,0.004,0.023,1.004,0.86,NA,NA,NA,0.005106842
CCDC3,Brain Meta Analysis,SCZ,Wald ratio,1,-0.002,0.011,0.998,0.86,NA,NA,NA,0.004594857
B3GALT5,Brain Meta Analysis,SCZ,Inverse variance weighted,2,0.003,0.015,1.003,0.861,NA,0.491893299,NA,0.006455107
STAU2,Brain Meta Analysis,SCZ,Wald ratio,1,0.006,0.035,1.006,0.861,NA,NA,NA,0.005189634
PLCXD2,Brain Meta Analysis,SCZ,Wald ratio,1,0.001,0.008,1.001,0.862,NA,NA,NA,0.004342713
CLIC5,Brain Meta Analysis,SCZ,Wald ratio,1,-0.004,0.02,0.996,0.862,NA,NA,NA,0.004643462
MAPK9,Brain Meta Analysis,SCZ,Wald ratio,1,0.001,0.007,1.001,0.862,NA,NA,NA,0.004643239
GALM,Brain Meta Analysis,SCZ,Wald ratio,1,0.006,0.032,1.006,0.863,NA,NA,NA,0.006689581
SEMA5B,Brain Meta Analysis,SCZ,Wald ratio,1,0.004,0.023,1.004,0.864,NA,NA,NA,0.006389869
LHX3,Brain Meta Analysis,SCZ,Wald ratio,1,-0.003,0.015,0.997,0.864,NA,NA,NA,0.005890594
MEF2B,Brain Meta Analysis,SCZ,Wald ratio,1,0.001,0.008,1.001,0.865,NA,NA,NA,0.00444024
STN1,Brain Meta Analysis,SCZ,Wald ratio,1,0.003,0.017,1.003,0.865,NA,NA,NA,0.00444024
VWF,Brain Meta Analysis,SCZ,Wald ratio,1,-0.003,0.019,0.997,0.865,NA,NA,NA,0.008677272
TSLP,Brain Meta Analysis,SCZ,Wald ratio,1,-0.004,0.024,0.996,0.865,NA,NA,NA,0.004656087
MYO1B,Brain Meta Analysis,SCZ,Wald ratio,1,0.001,0.008,1.001,0.868,NA,NA,NA,0.004537418
SHISA9,Brain Meta Analysis,SCZ,Inverse variance weighted,2,0.002,0.01,1.002,0.868,NA,0.81869512,NA,0.004731601
KL,Brain Meta Analysis,SCZ,Inverse variance weighted,2,-0.004,0.022,0.996,0.868,NA,0.475762119,NA,0.007369822
TMEM179,Brain Meta Analysis,SCZ,Wald ratio,1,-0.003,0.017,0.997,0.868,NA,NA,NA,0.007277123
TNS1,Brain Meta Analysis,SCZ,Wald ratio,1,0.002,0.013,1.002,0.869,NA,NA,NA,0.004586116
RARRES1,Brain Meta Analysis,SCZ,Wald ratio,1,0.004,0.023,1.004,0.87,NA,NA,NA,0.00579327
ADGRE2,Brain Meta Analysis,SCZ,Wald ratio,1,0.003,0.015,1.003,0.87,NA,NA,NA,0.005534549
NRN1,Brain Meta Analysis,SCZ,Wald ratio,1,0.001,0.007,1.001,0.87,NA,NA,NA,0.004635004
CYFIP1,Brain Meta Analysis,SCZ,Wald ratio,1,-0.004,0.025,0.996,0.87,NA,NA,NA,0.00485316
STX3,Brain Meta Analysis,SCZ,Wald ratio,1,0.007,0.042,1.007,0.871,NA,NA,NA,0.017442055
TP53INP1,Brain Meta Analysis,SCZ,Wald ratio,1,0.003,0.019,1.003,0.871,NA,NA,NA,0.004334278
EPB41L4A,Brain Meta Analysis,SCZ,Wald ratio,1,-0.004,0.022,0.996,0.871,NA,NA,NA,0.005882603
CPAMD8,Brain Meta Analysis,SCZ,Wald ratio,1,0.004,0.027,1.004,0.872,NA,NA,NA,0.004683531
AKAP6,Brain Meta Analysis,SCZ,Inverse variance weighted,2,-0.002,0.014,0.998,0.872,NA,0.656027006,NA,0.008069716
PAK5,Brain Meta Analysis,SCZ,Wald ratio,1,-0.004,0.023,0.996,0.872,NA,NA,NA,0.004364227
CCDC127,Brain Meta Analysis,SCZ,Wald ratio,1,-0.005,0.033,0.995,0.873,NA,NA,NA,0.005031993
ADORA1,Brain Meta Analysis,SCZ,Wald ratio,1,0.003,0.019,1.003,0.873,NA,NA,NA,0.005979304
LRRC38,Brain Meta Analysis,SCZ,Wald ratio,1,-0.005,0.03,0.995,0.874,NA,NA,NA,0.004431637
SLIT2,Brain Meta Analysis,SCZ,Wald ratio,1,0.001,0.008,1.001,0.874,NA,NA,NA,0.007565817
PHACTR3,Brain Meta Analysis,SCZ,Wald ratio,1,-0.004,0.024,0.996,0.874,NA,NA,NA,0.011580651
TRIO,Brain Meta Analysis,SCZ,Inverse variance weighted,2,0.002,0.013,1.002,0.875,NA,0.789556336,NA,0.006318945
PARN,Brain Meta Analysis,SCZ,Wald ratio,1,-0.004,0.025,0.996,0.875,NA,NA,NA,0.000993963
CTU1,Brain Meta Analysis,SCZ,Wald ratio,1,-0.003,0.019,0.997,0.875,NA,NA,NA,0.005129716
UBE2K,Brain Meta Analysis,SCZ,Wald ratio,1,-0.002,0.015,0.998,0.876,NA,NA,NA,0.006423681
TOX4,Brain Meta Analysis,SCZ,Wald ratio,1,-0.003,0.019,0.997,0.876,NA,NA,NA,0.004829872
MTMR10,Brain Meta Analysis,SCZ,Wald ratio,1,0.003,0.021,1.003,0.876,NA,NA,NA,0.004829543
NBEA,Brain Meta Analysis,SCZ,Inverse variance weighted,2,-0.003,0.017,0.997,0.876,NA,0.924833065,NA,0.004494596
RAB38,Brain Meta Analysis,SCZ,Wald ratio,1,-0.003,0.018,0.997,0.876,NA,NA,NA,0.004529374
GRM4,Brain Meta Analysis,SCZ,Inverse variance weighted,2,0.003,0.019,1.003,0.878,NA,0.264872504,NA,0.006513345
ELAC2,Brain Meta Analysis,SCZ,Wald ratio,1,0.003,0.019,1.003,0.879,NA,NA,NA,0.011085335
CNGA3,Brain Meta Analysis,SCZ,Wald ratio,1,-0.001,0.009,0.999,0.879,NA,NA,NA,0.004627107
EYA1,Brain Meta Analysis,SCZ,Wald ratio,1,0.004,0.025,1.004,0.879,NA,NA,NA,0.006270592
NECAB2,Brain Meta Analysis,SCZ,Wald ratio,1,0.007,0.047,1.007,0.879,NA,NA,NA,0.012047159
C10orf71,Brain Meta Analysis,SCZ,Wald ratio,1,-0.003,0.022,0.997,0.88,NA,NA,NA,0.008943545
PLXNB2,Brain Meta Analysis,SCZ,Wald ratio,1,0.007,0.049,1.007,0.88,NA,NA,NA,0.014983358
STXBP6,Brain Meta Analysis,SCZ,Inverse variance weighted,2,-0.005,0.03,0.995,0.88,NA,0.017921657,NA,0.021130676
PAX3,Brain Meta Analysis,SCZ,Inverse variance weighted,2,0.005,0.033,1.005,0.881,NA,0.030063964,NA,0.032671126
RAD54L,Brain Meta Analysis,SCZ,Wald ratio,1,0.004,0.029,1.004,0.882,NA,NA,NA,0.005021092
IFNA4,Brain Meta Analysis,SCZ,Wald ratio,1,-0.002,0.012,0.998,0.882,NA,NA,NA,0.004424283
KIN,Brain Meta Analysis,SCZ,Wald ratio,1,-0.002,0.014,0.998,0.883,NA,NA,NA,0.004424158
DMRTA1,Brain Meta Analysis,SCZ,Wald ratio,1,-0.003,0.02,0.997,0.883,NA,NA,NA,0.004773512
OR4D1,Brain Meta Analysis,SCZ,Wald ratio,1,0.005,0.035,1.005,0.883,NA,NA,NA,0.004772443
JAZF1,Brain Meta Analysis,SCZ,Inverse variance weighted,2,0.001,0.008,1.001,0.883,NA,0.922407736,NA,0.006291904
RET,Brain Meta Analysis,SCZ,Inverse variance weighted,2,0.004,0.029,1.004,0.884,NA,0.091565406,NA,0.011395275
CFAP161,Brain Meta Analysis,SCZ,Wald ratio,1,0.001,0.007,1.001,0.884,NA,NA,NA,0.004822321
KCNA10,Brain Meta Analysis,SCZ,Wald ratio,1,-0.006,0.039,0.994,0.884,NA,NA,NA,0.008133533
CACNA1H,Brain Meta Analysis,SCZ,Wald ratio,1,-0.004,0.026,0.996,0.885,NA,NA,NA,0.004178416
CSTF1,Brain Meta Analysis,SCZ,Wald ratio,1,-0.002,0.015,0.998,0.885,NA,NA,NA,0.004521896
KIAA1522,Brain Meta Analysis,SCZ,Wald ratio,1,0.003,0.021,1.003,0.885,NA,NA,NA,0.004521847
DNAJC6,Brain Meta Analysis,SCZ,Wald ratio,1,0.002,0.015,1.002,0.885,NA,NA,NA,0.004521896
IL6,Brain Meta Analysis,SCZ,Wald ratio,1,-0.003,0.021,0.997,0.885,NA,NA,NA,0.005590631
ZNF385D,Brain Meta Analysis,SCZ,Inverse variance weighted,2,0.005,0.033,1.005,0.886,NA,0.020881864,NA,0.06465852
RTN4RL1,Brain Meta Analysis,SCZ,Wald ratio,1,-0.004,0.025,0.996,0.886,NA,NA,NA,0.004334826
CNDP2,Brain Meta Analysis,SCZ,Wald ratio,1,0.003,0.021,1.003,0.886,NA,NA,NA,0.005268419
RBM38,Brain Meta Analysis,SCZ,Wald ratio,1,-0.001,0.007,0.999,0.886,NA,NA,NA,0.005964307
MAP2,Brain Meta Analysis,SCZ,Wald ratio,1,-0.003,0.024,0.997,0.887,NA,NA,NA,0.003003131
FAM110B,Brain Meta Analysis,SCZ,Inverse variance weighted,2,-0.002,0.016,0.998,0.887,NA,0.303577913,NA,0.00845953
SDHB,Brain Meta Analysis,SCZ,Wald ratio,1,-0.002,0.014,0.998,0.887,NA,NA,NA,0.005665464
DISP1,Brain Meta Analysis,SCZ,Wald ratio,1,0.001,0.008,1.001,0.888,NA,NA,NA,0.005317176
ADAMTS7,Brain Meta Analysis,SCZ,Wald ratio,1,-0.003,0.018,0.997,0.888,NA,NA,NA,0.004968626
ITGA9,Brain Meta Analysis,SCZ,Inverse variance weighted,2,0.001,0.008,1.001,0.888,NA,0.987686121,NA,0.004458834
NAA60,Brain Meta Analysis,SCZ,Wald ratio,1,-0.001,0.008,0.999,0.888,NA,NA,NA,0.006408688
DOCK2,Brain Meta Analysis,SCZ,Inverse variance weighted,2,0.002,0.012,1.002,0.889,NA,0.140174415,NA,0.005433722
ARL5C,Brain Meta Analysis,SCZ,Wald ratio,1,-0.003,0.025,0.997,0.889,NA,NA,NA,0.004581351
ZBTB44,Brain Meta Analysis,SCZ,Wald ratio,1,-0.001,0.008,0.999,0.89,NA,NA,NA,0.004717412
PDE6C,Brain Meta Analysis,SCZ,Wald ratio,1,-0.001,0.008,0.999,0.89,NA,NA,NA,0.004368135
NMRK1,Brain Meta Analysis,SCZ,Wald ratio,1,-0.002,0.016,0.998,0.89,NA,NA,NA,0.004368135
C12orf56,Brain Meta Analysis,SCZ,Wald ratio,1,-0.004,0.03,0.996,0.89,NA,NA,NA,0.004367842
PHETA1,Brain Meta Analysis,SCZ,Wald ratio,1,-0.002,0.016,0.998,0.891,NA,NA,NA,0.005115226
CTNNBL1,Brain Meta Analysis,SCZ,Wald ratio,1,-0.001,0.008,0.999,0.892,NA,NA,NA,0.005164048
ROBO2,Brain Meta Analysis,SCZ,Wald ratio,1,0.003,0.019,1.003,0.892,NA,NA,NA,0.005163916
EVA1C,Brain Meta Analysis,SCZ,Wald ratio,1,0.001,0.007,1.001,0.893,NA,NA,NA,0.00446603
ADPRH,Brain Meta Analysis,SCZ,Wald ratio,1,-0.001,0.007,0.999,0.893,NA,NA,NA,0.005212871
BNIP5,Brain Meta Analysis,SCZ,Wald ratio,1,0.005,0.034,1.005,0.893,NA,NA,NA,0.005903495
PABIR1,Brain Meta Analysis,SCZ,Wald ratio,1,0.005,0.038,1.005,0.893,NA,NA,NA,0.004759195
STK24,Brain Meta Analysis,SCZ,Wald ratio,1,0.001,0.008,1.001,0.894,NA,NA,NA,0.004514981
ST6GALNAC2,Brain Meta Analysis,SCZ,Wald ratio,1,-0.003,0.019,0.997,0.894,NA,NA,NA,0.007488758
GALNT1,Brain Meta Analysis,SCZ,Wald ratio,1,-0.003,0.025,0.997,0.894,NA,NA,NA,0.004998046
HNF1B,Brain Meta Analysis,SCZ,Wald ratio,1,0.002,0.016,1.002,0.895,NA,NA,NA,0.005310518
DIPK1C,Brain Meta Analysis,SCZ,Wald ratio,1,-0.002,0.018,0.998,0.895,NA,NA,NA,0.004564029
COL8A1,Brain Meta Analysis,SCZ,Wald ratio,1,-0.002,0.016,0.998,0.895,NA,NA,NA,0.004563934
SLC9A9,Brain Meta Analysis,SCZ,Inverse variance weighted,2,0.002,0.015,1.002,0.895,NA,0.911903317,NA,0.00453804
ARHGAP42,Brain Meta Analysis,SCZ,Inverse variance weighted,2,-0.002,0.015,0.998,0.895,NA,0.0608639,NA,0.006620502
NACC2,Brain Meta Analysis,SCZ,Inverse variance weighted,2,0.002,0.016,1.002,0.896,NA,0.239847421,NA,0.009488392
NOX5,Brain Meta Analysis,SCZ,Wald ratio,1,0.005,0.036,1.005,0.896,NA,NA,NA,0.010616034
ANGPT4,Brain Meta Analysis,SCZ,Inverse variance weighted,2,-0.002,0.015,0.998,0.897,NA,0.568687237,NA,0.005321385
CDRT4,Brain Meta Analysis,SCZ,Wald ratio,1,-0.002,0.013,0.998,0.897,NA,NA,NA,0.009592841
PITX1,Brain Meta Analysis,SCZ,Wald ratio,1,-0.002,0.016,0.998,0.897,NA,NA,NA,0.006942728
ZNF787,Brain Meta Analysis,SCZ,Inverse variance weighted,2,0.001,0.011,1.001,0.899,NA,0.294909147,NA,0.025413691
ERCC8,Brain Meta Analysis,SCZ,Wald ratio,1,0.003,0.023,1.003,0.9,NA,NA,NA,0.001696929
SFRP5,Brain Meta Analysis,SCZ,Wald ratio,1,-0.009,0.07,0.991,0.9,NA,NA,NA,0.014948591
PRKCH,Brain Meta Analysis,SCZ,Inverse variance weighted,2,0.001,0.008,1.001,0.901,NA,0.675350044,NA,0.011322608
RAPGEFL1,Brain Meta Analysis,SCZ,Inverse variance weighted,2,0.002,0.016,1.002,0.901,NA,0.623861243,NA,0.006594509
ACSBG1,Brain Meta Analysis,SCZ,Wald ratio,1,0.001,0.008,1.001,0.901,NA,NA,NA,0.006444399
QRFP,Brain Meta Analysis,SCZ,Wald ratio,1,0.003,0.028,1.003,0.902,NA,NA,NA,0.004459666
NDUFB7,Brain Meta Analysis,SCZ,Wald ratio,1,0.003,0.021,1.003,0.902,NA,NA,NA,0.004459603
FMNL2,Brain Meta Analysis,SCZ,Wald ratio,1,-0.004,0.03,0.996,0.902,NA,NA,NA,0.007282332
TTC7A,Brain Meta Analysis,SCZ,Wald ratio,1,0.002,0.018,1.002,0.903,NA,NA,NA,0.009652197
AK5,Brain Meta Analysis,SCZ,Inverse variance weighted,2,0.003,0.022,1.003,0.903,NA,0.111611043,NA,0.024146796
KASH5,Brain Meta Analysis,SCZ,Wald ratio,1,-0.001,0.007,0.999,0.904,NA,NA,NA,0.004955586
FIG4,Brain Meta Analysis,SCZ,Wald ratio,1,0.003,0.027,1.003,0.904,NA,NA,NA,0.004557724
PITPNM3,Brain Meta Analysis,SCZ,Wald ratio,1,0.002,0.015,1.002,0.904,NA,NA,NA,0.004557653
SPEG,Brain Meta Analysis,SCZ,Wald ratio,1,-0.005,0.041,0.995,0.904,NA,NA,NA,0.017434144
ERN1,Brain Meta Analysis,SCZ,Wald ratio,1,-0.003,0.024,0.997,0.904,NA,NA,NA,0.004906628
CCDC102B,Brain Meta Analysis,SCZ,Wald ratio,1,-0.004,0.036,0.996,0.905,NA,NA,NA,0.005755857
RMND1,Brain Meta Analysis,SCZ,Inverse variance weighted,2,0.002,0.014,1.002,0.905,NA,0.609884059,NA,0.005469718
SMIM7,Brain Meta Analysis,SCZ,Wald ratio,1,-0.004,0.03,0.996,0.905,NA,NA,NA,0.003719983
CAV3,Brain Meta Analysis,SCZ,Wald ratio,1,0.002,0.02,1.002,0.905,NA,NA,NA,0.005053551
LRRC28,Brain Meta Analysis,SCZ,Wald ratio,1,-0.001,0.008,0.999,0.906,NA,NA,NA,0.008799082
TRIOBP,Brain Meta Analysis,SCZ,Wald ratio,1,0.002,0.019,1.002,0.906,NA,NA,NA,0.004655767
ALDH18A1,Brain Meta Analysis,SCZ,Wald ratio,1,-0.003,0.029,0.997,0.906,NA,NA,NA,0.004655689
ARID3A,Brain Meta Analysis,SCZ,Wald ratio,1,-0.007,0.057,0.993,0.907,NA,NA,NA,0.024309296
B9D2,Brain Meta Analysis,SCZ,Wald ratio,1,0.003,0.029,1.003,0.907,NA,NA,NA,0.004704762
SDC2,Brain Meta Analysis,SCZ,Wald ratio,1,0.003,0.023,1.003,0.907,NA,NA,NA,0.004704798
KRT80,Brain Meta Analysis,SCZ,Wald ratio,1,0.002,0.014,1.002,0.907,NA,NA,NA,0.004704727
SERPINE2,Brain Meta Analysis,SCZ,Inverse variance weighted,2,-0.002,0.016,0.998,0.908,NA,0.636110416,NA,0.010038484
EXTL1,Brain Meta Analysis,SCZ,Wald ratio,1,0.002,0.019,1.002,0.909,NA,NA,NA,0.006978844
LPAR3,Brain Meta Analysis,SCZ,Wald ratio,1,-0.002,0.02,0.998,0.909,NA,NA,NA,0.005695158
ZFHX3,Brain Meta Analysis,SCZ,Inverse variance weighted,2,-0.001,0.012,0.999,0.909,NA,0.107306011,NA,0.014263126
GNAL,Brain Meta Analysis,SCZ,Inverse variance weighted,2,-0.003,0.029,0.997,0.909,NA,0.667007304,NA,0.008467279
MTUS2,Brain Meta Analysis,SCZ,Inverse variance weighted,2,-0.002,0.019,0.998,0.909,NA,0.240321685,NA,0.007002848
LRRC34,Brain Meta Analysis,SCZ,Wald ratio,1,0.001,0.008,1.001,0.909,NA,NA,NA,0.004404706
SLC27A6,Brain Meta Analysis,SCZ,Wald ratio,1,-0.001,0.008,0.999,0.91,NA,NA,NA,0.004453799
PNPLA7,Brain Meta Analysis,SCZ,Wald ratio,1,0.002,0.019,1.002,0.911,NA,NA,NA,0.004502889
PXK,Brain Meta Analysis,SCZ,Wald ratio,1,0.002,0.014,1.002,0.913,NA,NA,NA,0.007713131
VDAC2,Brain Meta Analysis,SCZ,Wald ratio,1,0.001,0.009,1.001,0.914,NA,NA,NA,0.009665437
ARMS2,Brain Meta Analysis,SCZ,Wald ratio,1,0.003,0.028,1.003,0.915,NA,NA,NA,0.006524968
APBA2,Brain Meta Analysis,SCZ,Wald ratio,1,0.002,0.023,1.002,0.915,NA,NA,NA,0.008836523
KHNYN,Brain Meta Analysis,SCZ,Inverse variance weighted,2,0.001,0.011,1.001,0.915,NA,0.113931641,NA,0.015033695
FLT1,Brain Meta Analysis,SCZ,Wald ratio,1,0.002,0.023,1.002,0.915,NA,NA,NA,0.008836335
DCDC2C,Brain Meta Analysis,SCZ,Inverse variance weighted,2,0.001,0.012,1.001,0.915,NA,0.314388932,NA,0.006435353
CLVS2,Brain Meta Analysis,SCZ,Wald ratio,1,-0.002,0.019,0.998,0.915,NA,NA,NA,0.004699187
ADCY10,Brain Meta Analysis,SCZ,Inverse variance weighted,2,-0.003,0.029,0.997,0.916,NA,0.048982294,NA,0.018240903
OSBPL1A,Brain Meta Analysis,SCZ,Wald ratio,1,0.001,0.011,1.001,0.916,NA,NA,NA,0.006579033
SLC35F3,Brain Meta Analysis,SCZ,Inverse variance weighted,2,-0.001,0.007,0.999,0.916,NA,0.851254618,NA,0.005629752
PLPP4,Brain Meta Analysis,SCZ,Wald ratio,1,-0.002,0.022,0.998,0.917,NA,NA,NA,0.006180361
MUC12,Brain Meta Analysis,SCZ,Wald ratio,1,0.002,0.024,1.002,0.917,NA,NA,NA,0.00426966
TAB2,Brain Meta Analysis,SCZ,Wald ratio,1,0.002,0.024,1.002,0.918,NA,NA,NA,0.005637512
OR10G3,Brain Meta Analysis,SCZ,Wald ratio,1,-0.003,0.027,0.997,0.919,NA,NA,NA,0.004399332
HDAC2,Brain Meta Analysis,SCZ,Wald ratio,1,-0.003,0.031,0.997,0.919,NA,NA,NA,0.004875488
DLX3,Brain Meta Analysis,SCZ,Wald ratio,1,-0.002,0.019,0.998,0.92,NA,NA,NA,0.007320549
PEBP4,Brain Meta Analysis,SCZ,Inverse variance weighted,2,0.001,0.008,1.001,0.92,NA,0.728492601,NA,0.00462377
ODF1,Brain Meta Analysis,SCZ,Wald ratio,1,-0.001,0.007,0.999,0.92,NA,NA,NA,0.004497598
RPS28,Brain Meta Analysis,SCZ,Wald ratio,1,-0.003,0.035,0.997,0.92,NA,NA,NA,0.00447819
HECW2,Brain Meta Analysis,SCZ,Wald ratio,1,-0.004,0.042,0.996,0.922,NA,NA,NA,0.007034324
RTN4IP1,Brain Meta Analysis,SCZ,Wald ratio,1,-0.003,0.026,0.997,0.922,NA,NA,NA,0.005110135
ARHGAP18,Brain Meta Analysis,SCZ,Wald ratio,1,-0.002,0.023,0.998,0.922,NA,NA,NA,0.005051273
C9orf72,Brain Meta Analysis,SCZ,Inverse variance weighted,2,0.002,0.023,1.002,0.923,NA,0.170429707,NA,0.006226769
SH3BP4,Brain Meta Analysis,SCZ,Wald ratio,1,0.001,0.014,1.001,0.923,NA,NA,NA,0.004645078
ANK1,Brain Meta Analysis,SCZ,Inverse variance weighted,2,-0.001,0.015,0.999,0.923,NA,0.900815016,NA,0.004829028
DMRT2,Brain Meta Analysis,SCZ,Wald ratio,1,0.002,0.025,1.002,0.923,NA,NA,NA,0.005010401
PITPNC1,Brain Meta Analysis,SCZ,Inverse variance weighted,2,0.002,0.019,1.002,0.923,NA,0.250096154,NA,0.006899344
FLI1,Brain Meta Analysis,SCZ,Wald ratio,1,0.002,0.024,1.002,0.924,NA,NA,NA,0.00461138
PKP4,Brain Meta Analysis,SCZ,Wald ratio,1,-0.001,0.008,0.999,0.926,NA,NA,NA,0.004296102
HTR2A,Brain Meta Analysis,SCZ,Wald ratio,1,-0.001,0.008,0.999,0.926,NA,NA,NA,0.004296073
LAMB1,Brain Meta Analysis,SCZ,Wald ratio,1,-0.002,0.018,0.998,0.927,NA,NA,NA,0.004345289
STX6,Brain Meta Analysis,SCZ,Wald ratio,1,0.002,0.021,1.002,0.928,NA,NA,NA,0.004394193
MITF,Brain Meta Analysis,SCZ,Wald ratio,1,0.001,0.008,1.001,0.928,NA,NA,NA,0.004394531
ATG12,Brain Meta Analysis,SCZ,Wald ratio,1,0.001,0.016,1.001,0.928,NA,NA,NA,0.004394502
TSC2,Brain Meta Analysis,SCZ,Inverse variance weighted,2,-0.002,0.026,0.998,0.928,NA,0.097968001,NA,0.008264254
TUBA8,Brain Meta Analysis,SCZ,Wald ratio,1,-0.002,0.021,0.998,0.928,NA,NA,NA,0.004443541
CAPN13,Brain Meta Analysis,SCZ,Wald ratio,1,0.001,0.007,1.001,0.93,NA,NA,NA,0.00454212
RASGEF1B,Brain Meta Analysis,SCZ,Wald ratio,1,0.002,0.021,1.002,0.93,NA,NA,NA,0.006264444
PIP4K2A,Brain Meta Analysis,SCZ,Wald ratio,1,0.002,0.024,1.002,0.93,NA,NA,NA,0.006271887
CD247,Brain Meta Analysis,SCZ,Inverse variance weighted,2,-0.001,0.007,0.999,0.931,NA,0.205857915,NA,0.005888371
GLP2R,Brain Meta Analysis,SCZ,Wald ratio,1,-0.002,0.018,0.998,0.931,NA,NA,NA,0.004640539
OSER1,Brain Meta Analysis,SCZ,Wald ratio,1,0.002,0.027,1.002,0.932,NA,NA,NA,0.004689688
APIP,Brain Meta Analysis,SCZ,Wald ratio,1,-0.002,0.021,0.998,0.933,NA,NA,NA,0.00473843
VDR,Brain Meta Analysis,SCZ,Wald ratio,1,0.002,0.026,1.002,0.933,NA,NA,NA,0.004841222
NOS3,Brain Meta Analysis,SCZ,Wald ratio,1,-0.002,0.018,0.998,0.934,NA,NA,NA,0.005430779
PMP22,Brain Meta Analysis,SCZ,Wald ratio,1,-0.002,0.026,0.998,0.935,NA,NA,NA,0.00429177
ADGRD2,Brain Meta Analysis,SCZ,Wald ratio,1,-0.001,0.007,0.999,0.936,NA,NA,NA,0.004341017
LIMCH1,Brain Meta Analysis,SCZ,Inverse variance weighted,2,-0.002,0.02,0.998,0.936,NA,0.365226711,NA,0.004717989
CLCN7,Brain Meta Analysis,SCZ,Wald ratio,1,0.002,0.024,1.002,0.937,NA,NA,NA,0.004364039
PPP1R7,Brain Meta Analysis,SCZ,Wald ratio,1,-0.002,0.029,0.998,0.937,NA,NA,NA,0.007593006
YEATS2,Brain Meta Analysis,SCZ,Wald ratio,1,0.002,0.021,1.002,0.938,NA,NA,NA,0.007985356
PTPRS,Brain Meta Analysis,SCZ,Inverse variance weighted,2,-0.001,0.007,0.999,0.938,NA,0.477021275,NA,0.007118031
ADA2,Brain Meta Analysis,SCZ,Wald ratio,1,0.001,0.016,1.001,0.938,NA,NA,NA,0.004488791
CTBS,Brain Meta Analysis,SCZ,Wald ratio,1,0.001,0.008,1.001,0.938,NA,NA,NA,0.005132217
DGKG,Brain Meta Analysis,SCZ,Inverse variance weighted,2,0.001,0.008,1.001,0.938,NA,0.277573186,NA,0.009525725
KCNQ3,Brain Meta Analysis,SCZ,Inverse variance weighted,2,0.003,0.044,1.003,0.939,NA,0.002536991,NA,0.055261916
AKAP13,Brain Meta Analysis,SCZ,Inverse variance weighted,2,-0.001,0.018,0.999,0.939,NA,0.621362393,NA,0.008333543
GNG7,Brain Meta Analysis,SCZ,Wald ratio,1,0.003,0.034,1.003,0.939,NA,NA,NA,0.00862218
ACTL8,Brain Meta Analysis,SCZ,Wald ratio,1,0.001,0.019,1.001,0.939,NA,NA,NA,0.004587296
GPRIN3,Brain Meta Analysis,SCZ,Inverse variance weighted,2,0.002,0.033,1.002,0.94,NA,0.013818475,NA,0.058320945
OPRD1,Brain Meta Analysis,SCZ,Inverse variance weighted,2,0.001,0.016,1.001,0.941,NA,0.445751614,NA,0.005436224
CEP83,Brain Meta Analysis,SCZ,Wald ratio,1,0.001,0.018,1.001,0.942,NA,NA,NA,0.006805499
TNFRSF13B,Brain Meta Analysis,SCZ,Wald ratio,1,0.001,0.014,1.001,0.942,NA,NA,NA,0.00680548
PEX14,Brain Meta Analysis,SCZ,Inverse variance weighted,2,-0.001,0.01,0.999,0.942,NA,0.157459547,NA,0.011255719
KCTD5,Brain Meta Analysis,SCZ,Wald ratio,1,-0.002,0.021,0.998,0.943,NA,NA,NA,0.005574183
HAP1,Brain Meta Analysis,SCZ,Wald ratio,1,-0.001,0.013,0.999,0.944,NA,NA,NA,0.004981037
GPR88,Brain Meta Analysis,SCZ,Wald ratio,1,-0.001,0.019,0.999,0.944,NA,NA,NA,0.004288007
THSD7A,Brain Meta Analysis,SCZ,Inverse variance weighted,2,0.001,0.02,1.001,0.945,NA,0.095301752,NA,0.008374815
HOXA3,Brain Meta Analysis,SCZ,Wald ratio,1,-0.002,0.025,0.998,0.945,NA,NA,NA,0.00213282
KDM4C,Brain Meta Analysis,SCZ,Inverse variance weighted,2,-0.001,0.013,0.999,0.945,NA,0.538643968,NA,0.005220772
CDHR1,Brain Meta Analysis,SCZ,Wald ratio,1,0.001,0.02,1.001,0.945,NA,NA,NA,0.004337317
CAB39,Brain Meta Analysis,SCZ,Wald ratio,1,0.002,0.033,1.002,0.945,NA,NA,NA,0.005078851
FHIP2B,Brain Meta Analysis,SCZ,Wald ratio,1,-0.002,0.025,0.998,0.946,NA,NA,NA,0.004289566
KLHL1,Brain Meta Analysis,SCZ,Wald ratio,1,-0.001,0.019,0.999,0.946,NA,NA,NA,0.004386621
ADRA1D,Brain Meta Analysis,SCZ,Wald ratio,1,-0.001,0.017,0.999,0.946,NA,NA,NA,0.004386623
DSC3,Brain Meta Analysis,SCZ,Wald ratio,1,0.001,0.021,1.001,0.946,NA,NA,NA,0.005128614
STARD4,Brain Meta Analysis,SCZ,Wald ratio,1,0.001,0.021,1.001,0.946,NA,NA,NA,0.006606537
SLC4A11,Brain Meta Analysis,SCZ,Wald ratio,1,0.002,0.024,1.002,0.946,NA,NA,NA,0.004326036
TTL,Brain Meta Analysis,SCZ,Wald ratio,1,0.001,0.02,1.001,0.946,NA,NA,NA,0.004435848
TUSC1,Brain Meta Analysis,SCZ,Wald ratio,1,0.001,0.015,1.001,0.946,NA,NA,NA,0.004435923
SAPCD2,Brain Meta Analysis,SCZ,Wald ratio,1,-0.002,0.023,0.998,0.946,NA,NA,NA,0.005105404
STOX1,Brain Meta Analysis,SCZ,Wald ratio,1,0.002,0.024,1.002,0.948,NA,NA,NA,0.01050152
GLIS1,Brain Meta Analysis,SCZ,Inverse variance weighted,2,0.001,0.014,1.001,0.949,NA,0.049959804,NA,0.037807725
GPR39,Brain Meta Analysis,SCZ,Inverse variance weighted,2,0.001,0.014,1.001,0.949,NA,0.324346016,NA,0.005097703
PIK3R6,Brain Meta Analysis,SCZ,Wald ratio,1,0.001,0.008,1.001,0.949,NA,NA,NA,0.004682337
TPD52,Brain Meta Analysis,SCZ,Wald ratio,1,-0.001,0.021,0.999,0.95,NA,NA,NA,0.002000708
ZNF257,Brain Meta Analysis,SCZ,Wald ratio,1,0.001,0.022,1.001,0.95,NA,NA,NA,0.004777751
AMPH,Brain Meta Analysis,SCZ,Wald ratio,1,0,0.007,1,0.951,NA,NA,NA,0.00640765
MTMR14,Brain Meta Analysis,SCZ,Wald ratio,1,0.001,0.023,1.001,0.951,NA,NA,NA,0.011891991
SMOC2,Brain Meta Analysis,SCZ,Wald ratio,1,-0.001,0.015,0.999,0.951,NA,NA,NA,0.004830123
RNF2,Brain Meta Analysis,SCZ,Wald ratio,1,-0.002,0.032,0.998,0.951,NA,NA,NA,0.006451828
GRIA1,Brain Meta Analysis,SCZ,Wald ratio,1,0.001,0.022,1.001,0.951,NA,NA,NA,0.004870675
USP7,Brain Meta Analysis,SCZ,Wald ratio,1,0.001,0.012,1.001,0.951,NA,NA,NA,0.004879357
NUDT9,Brain Meta Analysis,SCZ,Wald ratio,1,-0.001,0.02,0.999,0.952,NA,NA,NA,0.004928426
SPRED2,Brain Meta Analysis,SCZ,Wald ratio,1,0,0.008,1,0.953,NA,NA,NA,0.005027053
NT5C1A,Brain Meta Analysis,SCZ,Wald ratio,1,-0.001,0.024,0.999,0.953,NA,NA,NA,0.00648145
CPQ,Brain Meta Analysis,SCZ,Inverse variance weighted,2,-0.001,0.019,0.999,0.953,NA,0.004095835,NA,0.119212761
THUMPD3,Brain Meta Analysis,SCZ,Inverse variance weighted,2,-0.001,0.025,0.999,0.953,NA,0.088797871,NA,0.027884421
CLIP3,Brain Meta Analysis,SCZ,Wald ratio,1,-0.001,0.024,0.999,0.955,NA,NA,NA,0.004344593
DOCK6,Brain Meta Analysis,SCZ,Wald ratio,1,-0.002,0.031,0.998,0.955,NA,NA,NA,0.004381969
UCMA,Brain Meta Analysis,SCZ,Wald ratio,1,0.001,0.018,1.001,0.955,NA,NA,NA,0.007923769
TLL2,Brain Meta Analysis,SCZ,Inverse variance weighted,2,0,0.007,1,0.955,NA,0.667423134,NA,0.006999562
TMPRSS4,Brain Meta Analysis,SCZ,Wald ratio,1,-0.001,0.013,0.999,0.955,NA,NA,NA,0.004432866
FCAR,Brain Meta Analysis,SCZ,Wald ratio,1,0.001,0.024,1.001,0.956,NA,NA,NA,0.011504259
SHOX2,Brain Meta Analysis,SCZ,Wald ratio,1,-0.002,0.029,0.998,0.956,NA,NA,NA,0.006306439
GRB10,Brain Meta Analysis,SCZ,Wald ratio,1,0.001,0.016,1.001,0.956,NA,NA,NA,0.004531518
ADAMTSL3,Brain Meta Analysis,SCZ,Wald ratio,1,0,0.008,1,0.957,NA,NA,NA,0.005568071
IRS1,Brain Meta Analysis,SCZ,Wald ratio,1,0.002,0.033,1.002,0.957,NA,NA,NA,0.01306956
OSMR,Brain Meta Analysis,SCZ,Wald ratio,1,0,0.008,1,0.958,NA,NA,NA,0.004778036
ELOVL4,Brain Meta Analysis,SCZ,Wald ratio,1,-0.001,0.022,0.999,0.96,NA,NA,NA,0.00591187
COL25A1,Brain Meta Analysis,SCZ,Inverse variance weighted,2,-0.001,0.016,0.999,0.96,NA,0.178907099,NA,0.018776084
MRPL23,Brain Meta Analysis,SCZ,Wald ratio,1,-0.001,0.026,0.999,0.96,NA,NA,NA,0.005960937
FOXO1,Brain Meta Analysis,SCZ,Wald ratio,1,0,0.008,1,0.96,NA,NA,NA,0.00497512
BMF,Brain Meta Analysis,SCZ,Inverse variance weighted,2,0,0.008,1,0.961,NA,0.91270462,NA,0.00444374
NINJ2,Brain Meta Analysis,SCZ,Wald ratio,1,0,0.008,1,0.961,NA,NA,NA,0.00512285
DNASE1L3,Brain Meta Analysis,SCZ,Wald ratio,1,0,0.007,1,0.962,NA,NA,NA,0.00517208
CCDC40,Brain Meta Analysis,SCZ,Wald ratio,1,0.001,0.025,1.001,0.963,NA,NA,NA,0.004087893
ZNF549,Brain Meta Analysis,SCZ,Wald ratio,1,-0.001,0.023,0.999,0.963,NA,NA,NA,0.004319382
EPHA1,Brain Meta Analysis,SCZ,Wald ratio,1,0.002,0.041,1.002,0.963,NA,NA,NA,0.006483412
TFDP2,Brain Meta Analysis,SCZ,Wald ratio,1,0,0.008,1,0.964,NA,NA,NA,0.007626557
LTBP1,Brain Meta Analysis,SCZ,Wald ratio,1,0,0.008,1,0.964,NA,NA,NA,0.004381006
CELF1,Brain Meta Analysis,SCZ,Wald ratio,1,-0.001,0.018,0.999,0.964,NA,NA,NA,0.004381002
HIF3A,Brain Meta Analysis,SCZ,Inverse variance weighted,2,0.001,0.024,1.001,0.964,NA,0.080182405,NA,0.019742106
CRISPLD2,Brain Meta Analysis,SCZ,Wald ratio,1,-0.001,0.018,0.999,0.965,NA,NA,NA,0.004529077
ACTL9,Brain Meta Analysis,SCZ,Wald ratio,1,-0.001,0.026,0.999,0.966,NA,NA,NA,0.004627754
IL17RA,Brain Meta Analysis,SCZ,Wald ratio,1,-0.001,0.031,0.999,0.966,NA,NA,NA,0.004619876
RAB30,Brain Meta Analysis,SCZ,Wald ratio,1,0,0.008,1,0.966,NA,NA,NA,0.005811361
CA10,Brain Meta Analysis,SCZ,Wald ratio,1,0,0.007,1,0.966,NA,NA,NA,0.005860479
SLC18A1,Brain Meta Analysis,SCZ,Wald ratio,1,-0.001,0.02,0.999,0.969,NA,NA,NA,0.005169887
LMTK2,Brain Meta Analysis,SCZ,Wald ratio,1,0,0.008,1,0.969,NA,NA,NA,0.005169947
TMPRSS6,Brain Meta Analysis,SCZ,Wald ratio,1,0.001,0.028,1.001,0.97,NA,NA,NA,0.005218785
CFDP1,Brain Meta Analysis,SCZ,Wald ratio,1,0,0.008,1,0.97,NA,NA,NA,0.005219194
CRLS1,Brain Meta Analysis,SCZ,Wald ratio,1,0,0.008,1,0.97,NA,NA,NA,0.006596218
SAMD4A,Brain Meta Analysis,SCZ,Inverse variance weighted,2,0.001,0.021,1.001,0.971,NA,0.863164473,NA,0.004882633
SLC35B4,Brain Meta Analysis,SCZ,Wald ratio,1,0,0.008,1,0.972,NA,NA,NA,0.00428024
CCK,Brain Meta Analysis,SCZ,Wald ratio,1,-0.001,0.018,0.999,0.972,NA,NA,NA,0.004329643
STX8,Brain Meta Analysis,SCZ,Wald ratio,1,0.001,0.016,1.001,0.972,NA,NA,NA,0.004329643
LOXL2,Brain Meta Analysis,SCZ,Wald ratio,1,0.001,0.024,1.001,0.973,NA,NA,NA,0.004344825
LMO2,Brain Meta Analysis,SCZ,Wald ratio,1,0.001,0.026,1.001,0.973,NA,NA,NA,0.004379038
OPA3,Brain Meta Analysis,SCZ,Wald ratio,1,0.001,0.034,1.001,0.973,NA,NA,NA,0.004318111
AIPL1,Brain Meta Analysis,SCZ,Wald ratio,1,-0.002,0.047,0.998,0.974,NA,NA,NA,0.013351119
SCTR,Brain Meta Analysis,SCZ,Wald ratio,1,-0.001,0.016,0.999,0.974,NA,NA,NA,0.004625895
PPP6R2,Brain Meta Analysis,SCZ,Wald ratio,1,-0.001,0.023,0.999,0.974,NA,NA,NA,0.004620102
ERVK3-1,Brain Meta Analysis,SCZ,Wald ratio,1,-0.001,0.018,0.999,0.974,NA,NA,NA,0.007720287
NUAK1,Brain Meta Analysis,SCZ,Inverse variance weighted,2,0,0.015,1,0.975,NA,0.396091853,NA,0.002110042
MS4A15,Brain Meta Analysis,SCZ,Wald ratio,1,0,0.013,1,0.975,NA,NA,NA,0.006398504
GLB1L2,Brain Meta Analysis,SCZ,Wald ratio,1,0,0.013,1,0.976,NA,NA,NA,0.004872559
TOX3,Brain Meta Analysis,SCZ,Wald ratio,1,-0.001,0.023,0.999,0.976,NA,NA,NA,0.004853315
ESR1,Brain Meta Analysis,SCZ,Inverse variance weighted,2,-0.001,0.017,0.999,0.976,NA,0.895767368,NA,0.004380913
AATK,Brain Meta Analysis,SCZ,Wald ratio,1,-0.001,0.024,0.999,0.976,NA,NA,NA,0.006566064
PDE8B,Brain Meta Analysis,SCZ,Wald ratio,1,0.001,0.021,1.001,0.978,NA,NA,NA,0.005309323
EIPR1,Brain Meta Analysis,SCZ,Inverse variance weighted,2,-0.002,0.059,0.998,0.978,NA,0.000358228,NA,0.113493204
IL20RB,Brain Meta Analysis,SCZ,Wald ratio,1,0.001,0.022,1.001,0.978,NA,NA,NA,0.007154083
NKAIN1,Brain Meta Analysis,SCZ,Wald ratio,1,0.001,0.031,1.001,0.979,NA,NA,NA,0.005452861
SVIL,Brain Meta Analysis,SCZ,Inverse variance weighted,2,0.001,0.021,1.001,0.979,NA,0.224410667,NA,0.011394198
ERBIN,Brain Meta Analysis,SCZ,Wald ratio,1,0.001,0.039,1.001,0.98,NA,NA,NA,0.017089685
PDE3A,Brain Meta Analysis,SCZ,Inverse variance weighted,2,0,0.017,1,0.98,NA,0.528395729,NA,0.005295595
AFF4,Brain Meta Analysis,SCZ,Wald ratio,1,0.001,0.025,1.001,0.981,NA,NA,NA,0.004153209
SKI,Brain Meta Analysis,SCZ,Inverse variance weighted,2,0,0.01,1,0.982,NA,0.810653364,NA,0.009642796
SMC1B,Brain Meta Analysis,SCZ,Wald ratio,1,-0.001,0.023,0.999,0.982,NA,NA,NA,0.004323736
BTNL9,Brain Meta Analysis,SCZ,Wald ratio,1,0,0.017,1,0.982,NA,NA,NA,0.004328221
CCDC192,Brain Meta Analysis,SCZ,Wald ratio,1,0,0.012,1,0.982,NA,NA,NA,0.004427035
IRX4,Brain Meta Analysis,SCZ,Wald ratio,1,-0.001,0.023,0.999,0.982,NA,NA,NA,0.004472419
ASAP2,Brain Meta Analysis,SCZ,Wald ratio,1,0,0.02,1,0.982,NA,NA,NA,0.006735267
RUNX2,Brain Meta Analysis,SCZ,Wald ratio,1,0,0.016,1,0.982,NA,NA,NA,0.004525817
LSM6,Brain Meta Analysis,SCZ,Wald ratio,1,0,0.018,1,0.983,NA,NA,NA,0.004575196
TEAD1,Brain Meta Analysis,SCZ,Inverse variance weighted,2,0,0.008,1,0.983,NA,0.662230886,NA,0.004529526
RNF220,Brain Meta Analysis,SCZ,Wald ratio,1,0,0.023,1,0.985,NA,NA,NA,0.005364137
ADAM32,Brain Meta Analysis,SCZ,Inverse variance weighted,2,0,0.007,1,0.986,NA,0.397345871,NA,0.004527941
DGKB,Brain Meta Analysis,SCZ,Inverse variance weighted,2,0,0.013,1,0.986,NA,0.049989856,NA,0.005976936
KCNN3,Brain Meta Analysis,SCZ,Inverse variance weighted,2,-0.001,0.073,0.999,0.986,NA,2.20E-07,NA,0.966056316
LIPI,Brain Meta Analysis,SCZ,Wald ratio,1,0,0.009,1,0.988,NA,NA,NA,0.006347166
LRFN2,Brain Meta Analysis,SCZ,Inverse variance weighted,2,0,0.023,1,0.988,NA,6.05E-05,NA,0.203193
FBXL4,Brain Meta Analysis,SCZ,Wald ratio,1,0,0.022,1,0.988,NA,NA,NA,0.006292443
CFAP100,Brain Meta Analysis,SCZ,Inverse variance weighted,2,0,0.021,1,0.988,NA,0.004567152,NA,0.008885687
PLCG2,Brain Meta Analysis,SCZ,Inverse variance weighted,2,0,0.013,1,0.989,NA,0.676823881,NA,0.004682969
HHAT,Brain Meta Analysis,SCZ,Wald ratio,1,0,0.024,1,0.991,NA,NA,NA,0.004257847
LDHA,Brain Meta Analysis,SCZ,Wald ratio,1,0,0.008,1,0.991,NA,NA,NA,0.004327369
GRM6,Brain Meta Analysis,SCZ,Wald ratio,1,0,0.008,1,0.991,NA,NA,NA,0.00437679
TPRX1,Brain Meta Analysis,SCZ,Wald ratio,1,0,0.026,1,0.991,NA,NA,NA,0.004251766
BCL2L14,Brain Meta Analysis,SCZ,Wald ratio,1,0,0.026,1,0.991,NA,NA,NA,0.004525
ADAMTS12,Brain Meta Analysis,SCZ,Wald ratio,1,0,0.021,1,0.991,NA,NA,NA,0.004718535
RAB8A,Brain Meta Analysis,SCZ,Wald ratio,1,0,0.035,1,0.992,NA,NA,NA,0.004564701
ARHGAP17,Brain Meta Analysis,SCZ,Wald ratio,1,0,0.007,1,0.992,NA,NA,NA,0.004673142
RFX8,Brain Meta Analysis,SCZ,Wald ratio,1,0,0.016,1,0.992,NA,NA,NA,0.00477186
CLEC19A,Brain Meta Analysis,SCZ,Wald ratio,1,0,0.023,1,0.992,NA,NA,NA,0.004812567
ATP8B1,Brain Meta Analysis,SCZ,Wald ratio,1,0,0.032,1,0.992,NA,NA,NA,0.004816461
ITGAL,Brain Meta Analysis,SCZ,Wald ratio,1,0,0.02,1,0.992,NA,NA,NA,0.004919768
ZNF804B,Brain Meta Analysis,SCZ,Wald ratio,1,0,0.024,1,0.992,NA,NA,NA,0.004919873
TXLNB,Brain Meta Analysis,SCZ,Wald ratio,1,0,0.025,1,0.992,NA,NA,NA,0.004919874
ZC3H3,Brain Meta Analysis,SCZ,Wald ratio,1,0,0.025,1,0.992,NA,NA,NA,0.004838515
CES5A,Brain Meta Analysis,SCZ,Wald ratio,1,0,0.025,1,0.992,NA,NA,NA,0.004907092
BRD1,Brain Meta Analysis,SCZ,Wald ratio,1,0,0.046,1,0.994,NA,NA,NA,0.013721866
ZNF831,Brain Meta Analysis,SCZ,Wald ratio,1,0,0.02,1,0.995,NA,NA,NA,0.008203847
TCAP,Brain Meta Analysis,SCZ,Wald ratio,1,0,0.039,1,0.996,NA,NA,NA,0.008015139
LRRN1,Brain Meta Analysis,SCZ,Wald ratio,1,0,0.03,1,1,NA,NA,NA,0.007374622
AKAP1,Brain Meta Analysis,SCZ,Wald ratio,1,0,0.015,1,1,NA,NA,NA,0.006836573
SGCA,Brain Meta Analysis,SCZ,Wald ratio,1,0,0.027,1,1,NA,NA,NA,0.014732054
MFRP,Brain Meta Analysis,SCZ,Wald ratio,1,0,0.008,1,1,NA,NA,NA,0.004376509
UBE3C,Brain Meta Analysis,SCZ,Wald ratio,1,0,0.007,1,1,NA,NA,NA,0.004524731
HSF1,Brain Meta Analysis,SCZ,Wald ratio,1,0,0.023,1,1,NA,NA,NA,0.00431582
ABCG1,Brain Meta Analysis,SCZ,Wald ratio,1,0,0.033,1,1,NA,NA,NA,0.004520112
ZNF389,Fetal Brain,SCZ,Wald ratio,1,-0.934,0.114,0.393,1.90E-16,NA,NA,NA,1
ZSCAN16,Fetal Brain,SCZ,Wald ratio,1,-4.969,0.604,0.007,1.90E-16,NA,NA,NA,0.999999735
DGKZ,Fetal Brain,SCZ,Wald ratio,1,-0.991,0.137,0.371,5.30E-13,NA,NA,NA,0.999999999
MICB,Fetal Brain,SCZ,Wald ratio,1,-1.913,0.289,0.148,3.58E-11,NA,NA,NA,0.999999927
ITIH4,Fetal Brain,SCZ,Wald ratio,1,-0.777,0.118,0.46,4.45E-11,NA,NA,NA,0.999999922
BAT2,Fetal Brain,SCZ,Wald ratio,1,1.778,0.27,5.921,4.56E-11,NA,NA,NA,0.99999991
PLCL1,Fetal Brain,SCZ,Wald ratio,1,-10.925,1.798,0,1.23E-09,NA,NA,NA,0.999997821
ABCB9,Fetal Brain,SCZ,Wald ratio,1,-1.894,0.327,0.15,7.14E-09,NA,NA,NA,0.999988226
ARL6IP4,Fetal Brain,SCZ,Wald ratio,1,1.916,0.331,6.796,7.14E-09,NA,NA,NA,0.999987406
MAD1L1,Fetal Brain,SCZ,Wald ratio,1,1.355,0.252,3.877,7.84E-08,NA,NA,NA,0.999873842
ERBB4,Fetal Brain,SCZ,Wald ratio,1,0.57,0.11,1.769,2.17E-07,NA,NA,NA,0.999655724
TGM5,Fetal Brain,SCZ,Wald ratio,1,1.642,0.342,5.166,1.62E-06,NA,NA,NA,0.997768429
RASIP1,Fetal Brain,SCZ,Wald ratio,1,-0.514,0.107,0.598,1.71E-06,NA,NA,NA,0.997519321
CRELD2,Fetal Brain,SCZ,Wald ratio,1,0.714,0.15,2.042,1.81E-06,NA,NA,NA,0.997876505
ALG12,Fetal Brain,SCZ,Wald ratio,1,-1.043,0.219,0.352,1.81E-06,NA,NA,NA,0.997876505
WDR73,Fetal Brain,SCZ,Wald ratio,1,-6.227,1.348,0.002,3.83E-06,NA,NA,NA,0.994596067
PTPRF,Fetal Brain,SCZ,Wald ratio,1,-1.689,0.373,0.185,5.96E-06,NA,NA,NA,0.991951618
GABRA5,Fetal Brain,SCZ,Wald ratio,1,-1.1,0.246,0.333,8.04E-06,NA,NA,NA,0.991395148
NOD2,Fetal Brain,SCZ,Wald ratio,1,1.297,0.295,3.658,1.09E-05,NA,NA,NA,0.985583663
SMG6,Fetal Brain,SCZ,Wald ratio,1,2.366,0.557,10.657,2.14E-05,NA,NA,NA,0.975122587
CD302,Fetal Brain,SCZ,Wald ratio,1,-0.875,0.207,0.417,2.43E-05,NA,NA,NA,0.969024422
FPGS,Fetal Brain,SCZ,Wald ratio,1,0.569,0.135,1.767,2.43E-05,NA,NA,NA,0.971788354
PABPC1L,Fetal Brain,SCZ,Wald ratio,1,-3.101,0.735,0.045,2.48E-05,NA,NA,NA,0.971789876
CCDC117,Fetal Brain,SCZ,Wald ratio,1,5.108,1.218,165.306,2.75E-05,NA,NA,NA,0.967776847
ATXN7,Fetal Brain,SCZ,Wald ratio,1,-4.499,1.109,0.011,4.98E-05,NA,NA,NA,0.951289118
MARK3,Fetal Brain,SCZ,Wald ratio,1,-1.827,0.453,0.161,5.50E-05,NA,NA,NA,0.937175583
TMEM22,Fetal Brain,SCZ,Wald ratio,1,-0.684,0.172,0.505,6.94E-05,NA,NA,NA,0.925802022
PRKG1,Fetal Brain,SCZ,Inverse variance weighted,2,0.454,0.115,1.575,8.09E-05,NA,0.782520415,NA,0.369848507
MAP2K5,Fetal Brain,SCZ,Wald ratio,1,-1.005,0.256,0.366,8.71E-05,NA,NA,NA,0.908844958
HMOX2,Fetal Brain,SCZ,Wald ratio,1,-0.58,0.148,0.56,9.25E-05,NA,NA,NA,0.910794185
CORO7,Fetal Brain,SCZ,Wald ratio,1,0.568,0.145,1.765,9.25E-05,NA,NA,NA,0.910824735
SNX19,Fetal Brain,SCZ,Wald ratio,1,-0.48,0.126,0.619,0.000134,NA,NA,NA,0.075042921
UBXN2B,Fetal Brain,SCZ,Wald ratio,1,-0.782,0.205,0.457,0.000135,NA,NA,NA,0.869776334
ITPR3,Fetal Brain,SCZ,Wald ratio,1,3.09,0.818,21.983,0.000157,NA,NA,NA,0.870762099
TTC35,Fetal Brain,SCZ,Wald ratio,1,1.025,0.272,2.787,0.000165,NA,NA,NA,0.836622814
SESN1,Fetal Brain,SCZ,Wald ratio,1,-1.402,0.372,0.246,0.000167,NA,NA,NA,0.938689665
PMVK,Fetal Brain,SCZ,Wald ratio,1,5.069,1.349,159.01,0.000171,NA,NA,NA,0.833583942
SPATA18,Fetal Brain,SCZ,Wald ratio,1,1.534,0.411,4.638,0.000186,NA,NA,NA,0.861041279
DYNC1I2,Fetal Brain,SCZ,Wald ratio,1,-1.33,0.357,0.264,0.000192,NA,NA,NA,0.831790471
DOPEY1,Fetal Brain,SCZ,Wald ratio,1,-4.991,1.339,0.007,0.000193,NA,NA,NA,0.867211419
KIAA0892,Fetal Brain,SCZ,Wald ratio,1,11.321,3.036,82540.039,0.000193,NA,NA,NA,0.844771077
PIM3,Fetal Brain,SCZ,Wald ratio,1,-1.34,0.361,0.262,0.000205,NA,NA,NA,0.820139439
RPS19BP1,Fetal Brain,SCZ,Wald ratio,1,0.847,0.229,2.333,0.000214,NA,NA,NA,0.802035413
ARTN,Fetal Brain,SCZ,Wald ratio,1,1.537,0.417,4.648,0.000227,NA,NA,NA,0.817323802
EGFLAM,Fetal Brain,SCZ,Wald ratio,1,1.189,0.325,3.283,0.000256,NA,NA,NA,0.861515839
CSK,Fetal Brain,SCZ,Wald ratio,1,0.76,0.209,2.138,0.000282,NA,NA,NA,0.773442629
SCAMP2,Fetal Brain,SCZ,Wald ratio,1,0.723,0.199,2.061,0.000282,NA,NA,NA,0.773435491
LINGO1,Fetal Brain,SCZ,Wald ratio,1,0.805,0.223,2.236,0.000305,NA,NA,NA,0.750860957
ORC5L,Fetal Brain,SCZ,Wald ratio,1,-1.32,0.368,0.267,0.000336,NA,NA,NA,0.751178705
CYP2U1,Fetal Brain,SCZ,Wald ratio,1,0.846,0.24,2.331,0.00042,NA,NA,NA,0.693154861
POLS,Fetal Brain,SCZ,Wald ratio,1,2.27,0.646,9.678,0.000438,NA,NA,NA,0.680083854
CNIH3,Fetal Brain,SCZ,Wald ratio,1,1.167,0.337,3.211,0.00054,NA,NA,NA,0.63084658
DLG4,Fetal Brain,SCZ,Wald ratio,1,3.306,0.961,27.271,0.000581,NA,NA,NA,0.625094341
EFNA5,Fetal Brain,SCZ,Wald ratio,1,-0.989,0.288,0.372,0.000583,NA,NA,NA,0.689175167
PNMT,Fetal Brain,SCZ,Wald ratio,1,-1.298,0.378,0.273,0.000597,NA,NA,NA,0.616901501
STARD3,Fetal Brain,SCZ,Wald ratio,1,5.095,1.484,163.277,0.000597,NA,NA,NA,0.616901295
PPID,Fetal Brain,SCZ,Wald ratio,1,-12.578,3.682,0,0.000636,NA,NA,NA,0.625286532
DBC1,Fetal Brain,SCZ,Wald ratio,1,0.855,0.251,2.351,0.000658,NA,NA,NA,0.656468183
SETD6,Fetal Brain,SCZ,Wald ratio,1,1.371,0.405,3.938,0.000717,NA,NA,NA,0.709672007
CREM,Fetal Brain,SCZ,Wald ratio,1,1.734,0.516,5.662,0.000771,NA,NA,NA,0.612904905
MYH13,Fetal Brain,SCZ,Wald ratio,1,-0.46,0.137,0.631,0.000781,NA,NA,NA,0.55372937
CACNB3,Fetal Brain,SCZ,Wald ratio,1,0.377,0.113,1.457,0.000824,NA,NA,NA,0.598226616
DPP4,Fetal Brain,SCZ,Wald ratio,1,0.674,0.204,1.962,0.000927,NA,NA,NA,0.525007616
CTCF,Fetal Brain,SCZ,Wald ratio,1,7.885,2.385,2656.426,0.000947,NA,NA,NA,0.695400404
GLDN,Fetal Brain,SCZ,Wald ratio,1,0.611,0.186,1.843,0.000992,NA,NA,NA,0.540939382
DLL3,Fetal Brain,SCZ,Wald ratio,1,1.206,0.367,3.341,0.001,NA,NA,NA,0.524326394
BNIP1,Fetal Brain,SCZ,Wald ratio,1,-4.276,1.301,0.014,0.00102,NA,NA,NA,0.498139609
KLHDC8B,Fetal Brain,SCZ,Wald ratio,1,-8.499,2.601,0,0.00109,NA,NA,NA,0.480343483
AMT,Fetal Brain,SCZ,Wald ratio,1,1.094,0.335,2.987,0.00109,NA,NA,NA,0.479627483
WDR6,Fetal Brain,SCZ,Wald ratio,1,-1.291,0.395,0.275,0.00109,NA,NA,NA,0.480343494
CD46,Fetal Brain,SCZ,Wald ratio,1,0.722,0.222,2.059,0.00114,NA,NA,NA,0.460127406
KLF3,Fetal Brain,SCZ,Wald ratio,1,-1.911,0.591,0.148,0.00121,NA,NA,NA,0.494353713
SIRT5,Fetal Brain,SCZ,Wald ratio,1,-1.632,0.505,0.195,0.00122,NA,NA,NA,0.464499602
LOC440356,Fetal Brain,SCZ,Wald ratio,1,-0.698,0.217,0.497,0.00131,NA,NA,NA,0.510316551
GRPEL1,Fetal Brain,SCZ,Wald ratio,1,0.649,0.203,1.913,0.00142,NA,NA,NA,0.45666281
MIOS,Fetal Brain,SCZ,Wald ratio,1,0.774,0.243,2.169,0.00145,NA,NA,NA,0.406160333
FAM20C,Fetal Brain,SCZ,Wald ratio,1,-0.38,0.12,0.684,0.00149,NA,NA,NA,0.558899442
GRWD1,Fetal Brain,SCZ,Wald ratio,1,1.867,0.592,6.468,0.00161,NA,NA,NA,0.501091698
RPS11,Fetal Brain,SCZ,Wald ratio,1,-4.296,1.362,0.014,0.00161,NA,NA,NA,0.500840491
RPL13AP5,Fetal Brain,SCZ,Wald ratio,1,1.21,0.384,3.354,0.00161,NA,NA,NA,0.501091699
TNPO3,Fetal Brain,SCZ,Wald ratio,1,0.895,0.284,2.447,0.00161,NA,NA,NA,0.425163348
IRF5,Fetal Brain,SCZ,Wald ratio,1,0.796,0.252,2.217,0.00161,NA,NA,NA,0.425163339
TMBIM6,Fetal Brain,SCZ,Wald ratio,1,-1.433,0.454,0.239,0.00162,NA,NA,NA,0.50213884
BRSK2,Fetal Brain,SCZ,Wald ratio,1,-0.321,0.102,0.726,0.00162,NA,NA,NA,0.394921348
CEPT1,Fetal Brain,SCZ,Wald ratio,1,1.779,0.566,5.926,0.00166,NA,NA,NA,0.400582788
COQ3,Fetal Brain,SCZ,Wald ratio,1,-0.584,0.188,0.558,0.00184,NA,NA,NA,0.355157805
SLC35F1,Fetal Brain,SCZ,Wald ratio,1,-3.64,1.169,0.026,0.00185,NA,NA,NA,0.357001672
IL21,Fetal Brain,SCZ,Wald ratio,1,0.237,0.076,1.267,0.00189,NA,NA,NA,0.364806932
HAGHL,Fetal Brain,SCZ,Wald ratio,1,-1.303,0.424,0.272,0.00211,NA,NA,NA,0.374356853
ARID1B,Fetal Brain,SCZ,Wald ratio,1,-0.993,0.323,0.37,0.00214,NA,NA,NA,0.321350942
SNCA,Fetal Brain,SCZ,Inverse variance weighted,2,0.433,0.141,1.541,0.00217,NA,0.996527643,NA,0.019606168
MAP3K9,Fetal Brain,SCZ,Wald ratio,1,-4.264,1.394,0.014,0.00223,NA,NA,NA,0.315994486
ADHFE1,Fetal Brain,SCZ,Wald ratio,1,3.578,1.171,35.797,0.00224,NA,NA,NA,0.395115849
KIAA0319,Fetal Brain,SCZ,Wald ratio,1,0.517,0.17,1.677,0.00233,NA,NA,NA,0.314459932
C7orf46,Fetal Brain,SCZ,Wald ratio,1,0.814,0.269,2.256,0.00251,NA,NA,NA,0.291062638
KCNN3,Fetal Brain,SCZ,Wald ratio,1,-0.406,0.134,0.666,0.00251,NA,NA,NA,0.299835726
CIZ1,Fetal Brain,SCZ,Wald ratio,1,-0.465,0.154,0.628,0.00251,NA,NA,NA,0.299814841
GABRB3,Fetal Brain,SCZ,Inverse variance weighted,2,0.594,0.197,1.811,0.00254,NA,0.224025497,NA,0.0082997
PAPOLA,Fetal Brain,SCZ,Wald ratio,1,2.533,0.841,12.587,0.00261,NA,NA,NA,0.324419285
MGST3,Fetal Brain,SCZ,Wald ratio,1,0.312,0.104,1.367,0.0027,NA,NA,NA,0.277203148
C2orf84,Fetal Brain,SCZ,Wald ratio,1,-0.451,0.152,0.637,0.00299,NA,NA,NA,0.280304191
FAM69A,Fetal Brain,SCZ,Wald ratio,1,0.406,0.138,1.501,0.00324,NA,NA,NA,0.025756817
SNTG2,Fetal Brain,SCZ,Wald ratio,1,-0.873,0.297,0.418,0.00324,NA,NA,NA,0.251376739
DCHS1,Fetal Brain,SCZ,Wald ratio,1,-1.023,0.348,0.359,0.00326,NA,NA,NA,0.310563848
JAZF1,Fetal Brain,SCZ,Wald ratio,1,2.623,0.892,13.775,0.00327,NA,NA,NA,0.334497402
TRH,Fetal Brain,SCZ,Wald ratio,1,1.707,0.584,5.514,0.00348,NA,NA,NA,0.362946974
DDX25,Fetal Brain,SCZ,Wald ratio,1,1.705,0.586,5.503,0.00361,NA,NA,NA,0.233440471
RHBDD1,Fetal Brain,SCZ,Wald ratio,1,-2.899,1,0.055,0.00374,NA,NA,NA,0.246642003
PCBP3,Fetal Brain,SCZ,Wald ratio,1,-0.327,0.113,0.721,0.00377,NA,NA,NA,0.222737866
C18orf21,Fetal Brain,SCZ,Wald ratio,1,-4.929,1.709,0.007,0.00393,NA,NA,NA,0.245534366
HMGA2,Fetal Brain,SCZ,Wald ratio,1,0.556,0.194,1.744,0.00415,NA,NA,NA,0.307994046
PIK3C2B,Fetal Brain,SCZ,Wald ratio,1,-0.597,0.209,0.551,0.00435,NA,NA,NA,0.237233108
KLF17,Fetal Brain,SCZ,Wald ratio,1,-0.564,0.198,0.569,0.00439,NA,NA,NA,0.197744328
PQLC2,Fetal Brain,SCZ,Wald ratio,1,2.215,0.778,9.159,0.00442,NA,NA,NA,0.205719306
KIF17,Fetal Brain,SCZ,Wald ratio,1,-1.215,0.427,0.297,0.00448,NA,NA,NA,0.210750102
GPR78,Fetal Brain,SCZ,Wald ratio,1,0.258,0.091,1.295,0.00455,NA,NA,NA,0.213329047
TNFRSF11B,Fetal Brain,SCZ,Wald ratio,1,0.478,0.169,1.613,0.00468,NA,NA,NA,0.190441563
ALDH7A1,Fetal Brain,SCZ,Wald ratio,1,-0.651,0.231,0.522,0.00481,NA,NA,NA,0.272575508
TPP2,Fetal Brain,SCZ,Wald ratio,1,-3.806,1.356,0.022,0.005,NA,NA,NA,0.183193243
CNDP1,Fetal Brain,SCZ,Wald ratio,1,0.818,0.293,2.265,0.00522,NA,NA,NA,0.183652673
ZDHHC20,Fetal Brain,SCZ,Wald ratio,1,-1.086,0.39,0.338,0.00536,NA,NA,NA,0.195775943
GPN1,Fetal Brain,SCZ,Wald ratio,1,-0.346,0.124,0.708,0.00541,NA,NA,NA,0.171220474
SLC22A23,Fetal Brain,SCZ,Wald ratio,1,-0.378,0.136,0.685,0.00552,NA,NA,NA,0.229603367
IFNGR2,Fetal Brain,SCZ,Wald ratio,1,1.475,0.536,4.369,0.00589,NA,NA,NA,0.215328179
WDR45L,Fetal Brain,SCZ,Wald ratio,1,1.546,0.563,4.692,0.006,NA,NA,NA,0.203102246
SF3A2,Fetal Brain,SCZ,Wald ratio,1,-0.833,0.304,0.435,0.00616,NA,NA,NA,0.296340259
SERINC5,Fetal Brain,SCZ,Inverse variance weighted,2,0.268,0.098,1.308,0.00617,NA,0.918770101,NA,0.1422415
H2AFJ,Fetal Brain,SCZ,Wald ratio,1,0.486,0.177,1.625,0.00618,NA,NA,NA,0.18317017
GPR133,Fetal Brain,SCZ,Wald ratio,1,-0.261,0.096,0.77,0.00632,NA,NA,NA,0.155101778
PM20D1,Fetal Brain,SCZ,Wald ratio,1,0.097,0.035,1.102,0.0064,NA,NA,NA,0.152302551
SLC41A1,Fetal Brain,SCZ,Wald ratio,1,2.665,0.977,14.366,0.0064,NA,NA,NA,0.15230255
NEBL,Fetal Brain,SCZ,Wald ratio,1,1.471,0.546,4.354,0.00708,NA,NA,NA,0.140780544
TMEM233,Fetal Brain,SCZ,Wald ratio,1,0.949,0.356,2.584,0.00767,NA,NA,NA,0.131139575
FADS2,Fetal Brain,SCZ,Wald ratio,1,-1.875,0.705,0.153,0.00783,NA,NA,NA,0.134146872
COMMD8,Fetal Brain,SCZ,Wald ratio,1,0.564,0.212,1.757,0.00789,NA,NA,NA,0.143163403
CHD1L,Fetal Brain,SCZ,Wald ratio,1,-0.888,0.334,0.412,0.00791,NA,NA,NA,0.169658363
SCPEP1,Fetal Brain,SCZ,Wald ratio,1,-1.578,0.595,0.206,0.00803,NA,NA,NA,0.146058718
DUSP18,Fetal Brain,SCZ,Wald ratio,1,-5.67,2.142,0.003,0.00814,NA,NA,NA,0.136184955
SLC30A9,Fetal Brain,SCZ,Wald ratio,1,2.981,1.13,19.703,0.00836,NA,NA,NA,0.152476445
LSM5,Fetal Brain,SCZ,Wald ratio,1,0.751,0.287,2.118,0.00895,NA,NA,NA,0.117386388
ZNF12,Fetal Brain,SCZ,Wald ratio,1,-0.587,0.225,0.556,0.00916,NA,NA,NA,0.122086127
CCNT1,Fetal Brain,SCZ,Wald ratio,1,2.296,0.881,9.929,0.00921,NA,NA,NA,0.123763128
CD52,Fetal Brain,SCZ,Wald ratio,1,-0.354,0.136,0.702,0.00927,NA,NA,NA,0.141477991
DCHS2,Fetal Brain,SCZ,Wald ratio,1,-2.692,1.038,0.068,0.00949,NA,NA,NA,0.158170423
DFNB31,Fetal Brain,SCZ,Wald ratio,1,-0.768,0.296,0.464,0.00952,NA,NA,NA,0.109547941
UBXN11,Fetal Brain,SCZ,Inverse variance weighted,2,-0.386,0.15,0.679,0.00997,NA,0.692092399,NA,0.141477991
CACNA1C,Fetal Brain,SCZ,Wald ratio,1,-0.552,0.214,0.576,0.01,NA,NA,NA,0.158274206
SNRNP27,Fetal Brain,SCZ,Wald ratio,1,-1.893,0.735,0.151,0.0101,NA,NA,NA,0.120591182
C18orf22,Fetal Brain,SCZ,Wald ratio,1,-0.424,0.165,0.654,0.0102,NA,NA,NA,0.104037941
C10orf82,Fetal Brain,SCZ,Wald ratio,1,-0.305,0.119,0.737,0.0105,NA,NA,NA,0.103088814
SMYD2,Fetal Brain,SCZ,Wald ratio,1,0.361,0.142,1.435,0.0107,NA,NA,NA,0.100765685
C20orf95,Fetal Brain,SCZ,Wald ratio,1,-0.783,0.308,0.457,0.011,NA,NA,NA,0.105721602
METTL11A,Fetal Brain,SCZ,Wald ratio,1,0.435,0.173,1.544,0.0119,NA,NA,NA,0.094868735
NEIL2,Fetal Brain,SCZ,Wald ratio,1,-0.962,0.382,0.382,0.0119,NA,NA,NA,0.107500223
ZNF583,Fetal Brain,SCZ,Wald ratio,1,0.35,0.14,1.419,0.0122,NA,NA,NA,0.090604738
LRFN2,Fetal Brain,SCZ,Wald ratio,1,-0.51,0.203,0.601,0.0122,NA,NA,NA,0.090604738
SLC39A6,Fetal Brain,SCZ,Wald ratio,1,-1.832,0.733,0.16,0.0124,NA,NA,NA,0.092401527
FAM83B,Fetal Brain,SCZ,Wald ratio,1,0.725,0.29,2.065,0.0124,NA,NA,NA,0.092401527
KCNG2,Fetal Brain,SCZ,Wald ratio,1,-0.813,0.326,0.444,0.0128,NA,NA,NA,0.181725659
FREQ,Fetal Brain,SCZ,Wald ratio,1,0.524,0.211,1.689,0.0129,NA,NA,NA,0.118053484
DNAJC17,Fetal Brain,SCZ,Wald ratio,1,-0.175,0.07,0.84,0.013,NA,NA,NA,0.088037145
LOC100128640,Fetal Brain,SCZ,Wald ratio,1,1.671,0.673,5.316,0.0131,NA,NA,NA,0.085983672
EOMES,Fetal Brain,SCZ,Wald ratio,1,-1.543,0.623,0.214,0.0133,NA,NA,NA,0.101718213
IQCG,Fetal Brain,SCZ,Wald ratio,1,-0.868,0.351,0.42,0.0133,NA,NA,NA,0.102022485
XRRA1,Fetal Brain,SCZ,Wald ratio,1,3.603,1.455,36.714,0.0133,NA,NA,NA,0.083939168
SPCS2,Fetal Brain,SCZ,Wald ratio,1,0.367,0.148,1.444,0.0133,NA,NA,NA,0.083939168
C20orf96,Fetal Brain,SCZ,Wald ratio,1,0.286,0.116,1.331,0.0134,NA,NA,NA,0.093050802
FAM190B,Fetal Brain,SCZ,Wald ratio,1,0.694,0.281,2.002,0.0137,NA,NA,NA,0.081867759
ETV5,Fetal Brain,SCZ,Wald ratio,1,1.124,0.456,3.078,0.0137,NA,NA,NA,0.094572439
ZC3H12A,Fetal Brain,SCZ,Wald ratio,1,-0.803,0.328,0.448,0.0144,NA,NA,NA,0.093897949
MSI2,Fetal Brain,SCZ,Wald ratio,1,1.58,0.645,4.853,0.0144,NA,NA,NA,0.092466138
MAP3K8,Fetal Brain,SCZ,Wald ratio,1,0.29,0.119,1.337,0.0144,NA,NA,NA,0.085192677
DSTYK,Fetal Brain,SCZ,Wald ratio,1,-0.467,0.191,0.627,0.0146,NA,NA,NA,0.079506382
TNFRSF11A,Fetal Brain,SCZ,Wald ratio,1,0.544,0.223,1.723,0.0147,NA,NA,NA,0.086865785
CDCA8,Fetal Brain,SCZ,Wald ratio,1,3.406,1.4,30.133,0.015,NA,NA,NA,0.095716813
C1orf109,Fetal Brain,SCZ,Wald ratio,1,-0.164,0.067,0.849,0.015,NA,NA,NA,0.095716813
APCS,Fetal Brain,SCZ,Wald ratio,1,-0.841,0.346,0.431,0.0151,NA,NA,NA,0.090302108
GINS2,Fetal Brain,SCZ,Wald ratio,1,-0.281,0.116,0.755,0.0152,NA,NA,NA,0.083030829
CACNA2D3,Fetal Brain,SCZ,Wald ratio,1,0.622,0.256,1.862,0.0153,NA,NA,NA,0.097300249
B4GALNT2,Fetal Brain,SCZ,Wald ratio,1,-0.668,0.275,0.513,0.0153,NA,NA,NA,0.07556369
RBM19,Fetal Brain,SCZ,Wald ratio,1,-0.735,0.304,0.479,0.0156,NA,NA,NA,0.073832659
TIAM2,Fetal Brain,SCZ,Wald ratio,1,-0.374,0.155,0.688,0.0158,NA,NA,NA,0.077537785
NCF2,Fetal Brain,SCZ,Wald ratio,1,-0.47,0.195,0.625,0.016,NA,NA,NA,0.082913521
LOC550112,Fetal Brain,SCZ,Wald ratio,1,-2.474,1.027,0.084,0.016,NA,NA,NA,0.102403639
TRAPPC1,Fetal Brain,SCZ,Wald ratio,1,-3.653,1.517,0.026,0.0161,NA,NA,NA,0.071926007
SLC1A5,Fetal Brain,SCZ,Wald ratio,1,-0.222,0.092,0.801,0.0162,NA,NA,NA,0.073718725
C18orf18,Fetal Brain,SCZ,Wald ratio,1,2.093,0.871,8.109,0.0163,NA,NA,NA,0.071802224
TCTEX1D1,Fetal Brain,SCZ,Wald ratio,1,2.101,0.876,8.177,0.0164,NA,NA,NA,0.077139004
ACCS,Fetal Brain,SCZ,Wald ratio,1,1.425,0.594,4.158,0.0165,NA,NA,NA,0.079401393
RTN4,Fetal Brain,SCZ,Wald ratio,1,0.565,0.236,1.76,0.0168,NA,NA,NA,0.070079544
MYT1,Fetal Brain,SCZ,Wald ratio,1,0.607,0.254,1.835,0.0168,NA,NA,NA,0.152632551
GMEB2,Fetal Brain,SCZ,Wald ratio,1,0.782,0.328,2.186,0.0172,NA,NA,NA,0.070207275
GGTA1,Fetal Brain,SCZ,Wald ratio,1,-1.485,0.624,0.226,0.0173,NA,NA,NA,0.074003614
GJB6,Fetal Brain,SCZ,Wald ratio,1,-0.62,0.261,0.538,0.0174,NA,NA,NA,0.095672574
MTRR,Fetal Brain,SCZ,Wald ratio,1,0.22,0.093,1.246,0.0176,NA,NA,NA,0.070305704
NUDT19,Fetal Brain,SCZ,Inverse variance weighted,2,0.827,0.349,2.287,0.0178,NA,0.757741612,NA,0.037123745
B4GALT7,Fetal Brain,SCZ,Wald ratio,1,-2.953,1.246,0.052,0.0178,NA,NA,NA,0.068359416
AGA,Fetal Brain,SCZ,Wald ratio,1,-0.313,0.132,0.731,0.0179,NA,NA,NA,0.011116975
CDK5,Fetal Brain,SCZ,Wald ratio,1,-6.227,2.642,0.002,0.0184,NA,NA,NA,0.072557732
NDUFS5,Fetal Brain,SCZ,Wald ratio,1,-2.976,1.273,0.051,0.0194,NA,NA,NA,0.0824545
PVT1,Fetal Brain,SCZ,Wald ratio,1,0.863,0.37,2.37,0.0196,NA,NA,NA,0.061745017
ZNF516,Fetal Brain,SCZ,Wald ratio,1,-0.166,0.071,0.847,0.0198,NA,NA,NA,0.061839676
ISPD,Fetal Brain,SCZ,Wald ratio,1,1.687,0.725,5.405,0.0199,NA,NA,NA,0.088537066
CDKAL1,Fetal Brain,SCZ,Wald ratio,1,-0.337,0.145,0.714,0.02,NA,NA,NA,0.071676043
MLF1IP,Fetal Brain,SCZ,Wald ratio,1,-0.193,0.083,0.824,0.0202,NA,NA,NA,0.085161202
KCNJ12,Fetal Brain,SCZ,Wald ratio,1,2.242,0.967,9.408,0.0204,NA,NA,NA,0.064222245
LGALS3,Fetal Brain,SCZ,Wald ratio,1,0.137,0.059,1.147,0.0209,NA,NA,NA,0.05871556
LOC285074,Fetal Brain,SCZ,Wald ratio,1,5.114,2.215,166.369,0.0209,NA,NA,NA,0.080386809
PXDN,Fetal Brain,SCZ,Wald ratio,1,1.289,0.558,3.629,0.0209,NA,NA,NA,0.062873467
CACNA1H,Fetal Brain,SCZ,Wald ratio,1,-0.583,0.253,0.558,0.021,NA,NA,NA,0.078519971
CLIP2,Fetal Brain,SCZ,Wald ratio,1,6.059,2.627,427.923,0.0211,NA,NA,NA,0.065398849
PCSK1,Fetal Brain,SCZ,Wald ratio,1,1.046,0.455,2.847,0.0213,NA,NA,NA,0.075026817
TECPR2,Fetal Brain,SCZ,Wald ratio,1,-0.569,0.247,0.566,0.0214,NA,NA,NA,0.059283419
KDELC2,Fetal Brain,SCZ,Wald ratio,1,-2.768,1.204,0.063,0.0215,NA,NA,NA,0.057242353
SHISA3,Fetal Brain,SCZ,Wald ratio,1,0.8,0.35,2.225,0.0222,NA,NA,NA,0.055858473
LRRK1,Fetal Brain,SCZ,Inverse variance weighted,2,-0.241,0.106,0.786,0.0223,NA,0.385045156,NA,0.021609705
MYO10,Fetal Brain,SCZ,Inverse variance weighted,2,-0.441,0.193,0.644,0.0228,NA,0.784474223,NA,0.007073248
CSMD3,Fetal Brain,SCZ,Wald ratio,1,1.188,0.522,3.281,0.0229,NA,NA,NA,0.056710321
TMEM50A,Fetal Brain,SCZ,Wald ratio,1,-2.551,1.124,0.078,0.0232,NA,NA,NA,0.089340214
ACTN1,Fetal Brain,SCZ,Wald ratio,1,0.608,0.268,1.836,0.0233,NA,NA,NA,0.079699852
TRMT12,Fetal Brain,SCZ,Wald ratio,1,0.683,0.302,1.98,0.0239,NA,NA,NA,0.092504754
EVX1,Fetal Brain,SCZ,Wald ratio,1,0.676,0.299,1.965,0.024,NA,NA,NA,0.090952223
C10orf67,Fetal Brain,SCZ,Wald ratio,1,3.24,1.438,25.54,0.0243,NA,NA,NA,0.051888295
TRANK1,Fetal Brain,SCZ,Wald ratio,1,0.413,0.183,1.512,0.0243,NA,NA,NA,0.051888307
FLRT3,Fetal Brain,SCZ,Wald ratio,1,-0.46,0.204,0.631,0.0243,NA,NA,NA,0.062783079
GTF2A2,Fetal Brain,SCZ,Wald ratio,1,-0.261,0.116,0.77,0.0244,NA,NA,NA,0.054363802
ENDOD1,Fetal Brain,SCZ,Wald ratio,1,-3.265,1.451,0.038,0.0245,NA,NA,NA,0.123845462
CLSTN1,Fetal Brain,SCZ,Wald ratio,1,1.134,0.506,3.11,0.0251,NA,NA,NA,0.096853795
SMARCAD1,Fetal Brain,SCZ,Wald ratio,1,-0.439,0.197,0.645,0.0259,NA,NA,NA,0.027786661
DENND3,Fetal Brain,SCZ,Wald ratio,1,2.617,1.176,13.7,0.0261,NA,NA,NA,0.076743226
CWC22,Fetal Brain,SCZ,Wald ratio,1,1.401,0.63,4.059,0.0262,NA,NA,NA,0.052350146
AGXT2L2,Fetal Brain,SCZ,Wald ratio,1,0.295,0.133,1.342,0.0263,NA,NA,NA,0.077308802
SFRP2,Fetal Brain,SCZ,Wald ratio,1,0.468,0.212,1.597,0.027,NA,NA,NA,0.053693592
IFIT1,Fetal Brain,SCZ,Wald ratio,1,0.133,0.06,1.143,0.027,NA,NA,NA,0.058581053
ARF4,Fetal Brain,SCZ,Wald ratio,1,2.44,1.106,11.478,0.0273,NA,NA,NA,0.061595558
PRMT6,Fetal Brain,SCZ,Inverse variance weighted,2,0.366,0.166,1.441,0.0274,NA,0.67901385,NA,0.006840156
UHMK1,Fetal Brain,SCZ,Wald ratio,1,-0.28,0.127,0.756,0.0281,NA,NA,NA,0.045963258
HLA-F,Fetal Brain,SCZ,Inverse variance weighted,2,0.137,0.063,1.147,0.0291,NA,0.590015771,NA,0.035980238
PENK,Fetal Brain,SCZ,Wald ratio,1,0.504,0.232,1.656,0.0296,NA,NA,NA,0.043544066
PRPH2,Fetal Brain,SCZ,Wald ratio,1,-0.204,0.094,0.816,0.0296,NA,NA,NA,0.048774402
EGLN1,Fetal Brain,SCZ,Wald ratio,1,0.533,0.246,1.703,0.0303,NA,NA,NA,0.066438187
RASA3,Fetal Brain,SCZ,Inverse variance weighted,2,0.399,0.185,1.491,0.0306,NA,0.859952719,NA,0.068979377
HABP4,Fetal Brain,SCZ,Wald ratio,1,-2.912,1.353,0.054,0.0313,NA,NA,NA,0.052941096
ZNF440,Fetal Brain,SCZ,Wald ratio,1,0.307,0.143,1.36,0.0319,NA,NA,NA,0.042353323
NOC2L,Fetal Brain,SCZ,Wald ratio,1,-0.526,0.245,0.591,0.0321,NA,NA,NA,0.091850538
SNPH,Fetal Brain,SCZ,Wald ratio,1,0.216,0.101,1.241,0.0322,NA,NA,NA,0.043357919
NAT8L,Fetal Brain,SCZ,Wald ratio,1,1.686,0.787,5.4,0.0322,NA,NA,NA,0.06735375
LOC400696,Fetal Brain,SCZ,Wald ratio,1,-0.647,0.303,0.524,0.0331,NA,NA,NA,0.042371836
ANTXR2,Fetal Brain,SCZ,Wald ratio,1,-2.571,1.208,0.076,0.0333,NA,NA,NA,0.04607701
GLOD4,Fetal Brain,SCZ,Wald ratio,1,5.569,2.617,262.139,0.0333,NA,NA,NA,0.049463615
BNIP3L,Fetal Brain,SCZ,Wald ratio,1,-0.216,0.102,0.806,0.0334,NA,NA,NA,0.042978615
WDR17,Fetal Brain,SCZ,Wald ratio,1,2.783,1.311,16.167,0.0338,NA,NA,NA,0.040815285
LHPP,Fetal Brain,SCZ,Wald ratio,1,0.42,0.199,1.522,0.0346,NA,NA,NA,0.07774723
DRD3,Fetal Brain,SCZ,Wald ratio,1,-0.648,0.306,0.523,0.0346,NA,NA,NA,0.043013568
PLXDC2,Fetal Brain,SCZ,Weighted median,3,-0.448,0.213,0.639,0.035,0.820199956,0.346489261,0.386813115,0.005428786
PDXK,Fetal Brain,SCZ,Wald ratio,1,0.197,0.094,1.218,0.0351,NA,NA,NA,0.04494866
C7orf58,Fetal Brain,SCZ,Wald ratio,1,0.294,0.14,1.342,0.0353,NA,NA,NA,0.045598874
HEPHL1,Fetal Brain,SCZ,Wald ratio,1,0.371,0.177,1.45,0.0353,NA,NA,NA,0.049581995
LASS6,Fetal Brain,SCZ,Wald ratio,1,-0.392,0.187,0.676,0.0355,NA,NA,NA,0.042469819
RNF144A,Fetal Brain,SCZ,Wald ratio,1,-0.621,0.297,0.537,0.0366,NA,NA,NA,0.063153511
RRAS2,Fetal Brain,SCZ,Wald ratio,1,0.219,0.105,1.245,0.0367,NA,NA,NA,0.038166715
IFITM4P,Fetal Brain,SCZ,Wald ratio,1,0.403,0.194,1.497,0.0374,NA,NA,NA,0.035920848
NUP214,Fetal Brain,SCZ,Wald ratio,1,0.265,0.128,1.304,0.0375,NA,NA,NA,0.041457804
MKX,Fetal Brain,SCZ,Wald ratio,1,0.788,0.38,2.199,0.0382,NA,NA,NA,0.060237654
TLE2,Fetal Brain,SCZ,Wald ratio,1,0.472,0.228,1.604,0.0383,NA,NA,NA,0.039984892
ARHGEF10,Fetal Brain,SCZ,Wald ratio,1,-0.575,0.278,0.563,0.0384,NA,NA,NA,0.040625961
B4GALT6,Fetal Brain,SCZ,Wald ratio,1,-1.49,0.72,0.225,0.0386,NA,NA,NA,0.035470037
PLEKHA7,Fetal Brain,SCZ,Wald ratio,1,-0.682,0.33,0.506,0.0388,NA,NA,NA,0.036461261
EXOSC9,Fetal Brain,SCZ,Wald ratio,1,-0.28,0.136,0.756,0.0389,NA,NA,NA,0.036790165
SLC31A2,Fetal Brain,SCZ,Wald ratio,1,-0.474,0.23,0.623,0.0389,NA,NA,NA,0.043121625
DCPS,Fetal Brain,SCZ,Wald ratio,1,-0.385,0.187,0.68,0.0395,NA,NA,NA,0.047127768
TXNL1,Fetal Brain,SCZ,Wald ratio,1,0.304,0.148,1.355,0.0397,NA,NA,NA,0.035050494
ELL,Fetal Brain,SCZ,Wald ratio,1,-0.358,0.174,0.699,0.0398,NA,NA,NA,0.036064112
PLD1,Fetal Brain,SCZ,Wald ratio,1,-0.243,0.119,0.784,0.0401,NA,NA,NA,0.036996156
MTHFR,Fetal Brain,SCZ,Wald ratio,1,0.215,0.105,1.24,0.0409,NA,NA,NA,0.034910232
ATCAY,Fetal Brain,SCZ,Wald ratio,1,0.673,0.329,1.96,0.0409,NA,NA,NA,0.034910232
ESPL1,Fetal Brain,SCZ,Wald ratio,1,-0.333,0.163,0.717,0.0409,NA,NA,NA,0.035275196
MYO16,Fetal Brain,SCZ,Wald ratio,1,-0.27,0.132,0.763,0.041,NA,NA,NA,0.035229942
FER1L4,Fetal Brain,SCZ,Wald ratio,1,-0.46,0.226,0.631,0.0415,NA,NA,NA,0.048538915
SHISA4,Fetal Brain,SCZ,Wald ratio,1,-0.413,0.202,0.662,0.0416,NA,NA,NA,0.040232536
DSCR9,Fetal Brain,SCZ,Wald ratio,1,-0.208,0.102,0.812,0.0418,NA,NA,NA,0.0328319
ADAM3A,Fetal Brain,SCZ,Wald ratio,1,0.19,0.094,1.21,0.0419,NA,NA,NA,0.033171924
NUPL2,Fetal Brain,SCZ,Wald ratio,1,-0.707,0.348,0.493,0.042,NA,NA,NA,0.074654096
CHD7,Fetal Brain,SCZ,Wald ratio,1,-0.966,0.475,0.381,0.0422,NA,NA,NA,0.046822949
GABRG3,Fetal Brain,SCZ,Inverse variance weighted,2,0.321,0.158,1.379,0.0423,NA,0.652270728,NA,0.023614816
ARHGEF7,Fetal Brain,SCZ,Inverse variance weighted,2,0.555,0.273,1.741,0.0423,NA,0.961815955,NA,0.068993421
CDC42BPA,Fetal Brain,SCZ,Inverse variance weighted,2,0.342,0.168,1.407,0.0425,NA,0.853780725,NA,0.050946332
PLEKHA6,Fetal Brain,SCZ,Wald ratio,1,-0.526,0.26,0.591,0.0431,NA,NA,NA,0.033459486
CTDP1,Fetal Brain,SCZ,Wald ratio,1,-1.488,0.736,0.226,0.0432,NA,NA,NA,0.033772315
IRF2BP1,Fetal Brain,SCZ,Wald ratio,1,-0.854,0.423,0.426,0.0434,NA,NA,NA,0.069486295
PPP3CA,Fetal Brain,SCZ,Wald ratio,1,-1.097,0.543,0.334,0.0435,NA,NA,NA,0.037390913
NARFL,Fetal Brain,SCZ,Wald ratio,1,0.133,0.066,1.142,0.0435,NA,NA,NA,0.038800131
CASKIN1,Fetal Brain,SCZ,Wald ratio,1,-2.626,1.305,0.072,0.0441,NA,NA,NA,0.053983393
C15orf53,Fetal Brain,SCZ,Wald ratio,1,0.688,0.342,1.99,0.0443,NA,NA,NA,0.033767466
LPP,Fetal Brain,SCZ,Wald ratio,1,0.18,0.089,1.197,0.0443,NA,NA,NA,0.031670003
SLC47A1,Fetal Brain,SCZ,Wald ratio,1,0.506,0.252,1.659,0.0443,NA,NA,NA,0.033400603
USP22,Fetal Brain,SCZ,Wald ratio,1,2.693,1.34,14.77,0.0445,NA,NA,NA,0.036725931
POLR3H,Fetal Brain,SCZ,Wald ratio,1,-0.637,0.317,0.529,0.0445,NA,NA,NA,0.03881319
C6orf204,Fetal Brain,SCZ,Wald ratio,1,-0.224,0.112,0.799,0.0454,NA,NA,NA,0.031369451
ZAN,Fetal Brain,SCZ,Wald ratio,1,0.193,0.097,1.213,0.0455,NA,NA,NA,0.035783199
MOSPD3,Fetal Brain,SCZ,Wald ratio,1,-2.816,1.408,0.06,0.0455,NA,NA,NA,0.035780815
ESCO2,Fetal Brain,SCZ,Wald ratio,1,0.772,0.386,2.165,0.0455,NA,NA,NA,0.032387168
TRIM62,Fetal Brain,SCZ,Wald ratio,1,0.106,0.053,1.111,0.0466,NA,NA,NA,0.035057499
MYBPC2,Fetal Brain,SCZ,Wald ratio,1,0.332,0.168,1.394,0.0479,NA,NA,NA,0.030368839
PCDHGA4,Fetal Brain,SCZ,Wald ratio,1,0.341,0.173,1.406,0.0486,NA,NA,NA,0.047651405
ADAMTS7,Fetal Brain,SCZ,Wald ratio,1,0.357,0.181,1.428,0.0488,NA,NA,NA,0.033451515
CLPTM1,Fetal Brain,SCZ,Wald ratio,1,0.479,0.243,1.614,0.0489,NA,NA,NA,0.032432623
SLITRK6,Fetal Brain,SCZ,Wald ratio,1,0.9,0.457,2.46,0.0491,NA,NA,NA,0.068930488
PCCA,Fetal Brain,SCZ,Wald ratio,1,0.572,0.29,1.771,0.0491,NA,NA,NA,0.068954877
TMTC4,Fetal Brain,SCZ,Wald ratio,1,0.319,0.162,1.375,0.0491,NA,NA,NA,0.068992788
ZC3H13,Fetal Brain,SCZ,Wald ratio,1,0.833,0.423,2.3,0.0491,NA,NA,NA,0.06898652
COG3,Fetal Brain,SCZ,Wald ratio,1,0.456,0.232,1.578,0.0491,NA,NA,NA,0.068993395
IL17D,Fetal Brain,SCZ,Wald ratio,1,0.705,0.358,2.024,0.0491,NA,NA,NA,0.068933959
LMO7,Fetal Brain,SCZ,Wald ratio,1,0.402,0.204,1.494,0.0491,NA,NA,NA,0.068993407
IRS2,Fetal Brain,SCZ,Wald ratio,1,0.618,0.314,1.856,0.0491,NA,NA,NA,0.068908307
CDH7,Fetal Brain,SCZ,Wald ratio,1,0.597,0.304,1.817,0.0491,NA,NA,NA,0.031403142
GRIK2,Fetal Brain,SCZ,Wald ratio,1,1.085,0.551,2.958,0.0491,NA,NA,NA,0.031405306
LDB3,Fetal Brain,SCZ,Wald ratio,1,-0.492,0.25,0.612,0.0491,NA,NA,NA,0.031013837
LYSMD4,Fetal Brain,SCZ,Wald ratio,1,-0.34,0.173,0.712,0.0494,NA,NA,NA,0.045796573
BAIAP3,Fetal Brain,SCZ,Wald ratio,1,1.093,0.559,2.983,0.0504,NA,NA,NA,0.0301024
FLJ43860,Fetal Brain,SCZ,Wald ratio,1,-0.264,0.135,0.768,0.0506,NA,NA,NA,0.028410153
KIAA1033,Fetal Brain,SCZ,Wald ratio,1,1.068,0.547,2.909,0.051,NA,NA,NA,0.045860375
CDC16,Fetal Brain,SCZ,Wald ratio,1,0.705,0.361,2.024,0.0511,NA,NA,NA,0.009317976
EIF2C2,Fetal Brain,SCZ,Wald ratio,1,0.592,0.304,1.808,0.0514,NA,NA,NA,0.031185551
VAV2,Fetal Brain,SCZ,Wald ratio,1,1.847,0.949,6.339,0.0516,NA,NA,NA,0.041577101
TMX1,Fetal Brain,SCZ,Wald ratio,1,0.563,0.289,1.755,0.0516,NA,NA,NA,0.035309034
RET,Fetal Brain,SCZ,Wald ratio,1,-1.021,0.525,0.36,0.0519,NA,NA,NA,0.054191917
SETX,Fetal Brain,SCZ,Wald ratio,1,-1.028,0.53,0.358,0.0524,NA,NA,NA,0.041719954
CCDC85C,Fetal Brain,SCZ,Wald ratio,1,0.424,0.219,1.528,0.0534,NA,NA,NA,0.036400634
TMEM106B,Fetal Brain,SCZ,Wald ratio,1,-0.809,0.419,0.445,0.0535,NA,NA,NA,0.027185091
LTBP2,Fetal Brain,SCZ,Wald ratio,1,-0.545,0.282,0.58,0.0535,NA,NA,NA,0.027185124
QRFP,Fetal Brain,SCZ,Wald ratio,1,0.268,0.139,1.307,0.0535,NA,NA,NA,0.031346374
GNG7,Fetal Brain,SCZ,Wald ratio,1,0.319,0.165,1.376,0.0537,NA,NA,NA,0.030657642
C5orf35,Fetal Brain,SCZ,Wald ratio,1,0.373,0.194,1.452,0.0544,NA,NA,NA,0.035591072
PADI3,Fetal Brain,SCZ,Wald ratio,1,-0.211,0.11,0.81,0.0544,NA,NA,NA,0.035591074
LOC286238,Fetal Brain,SCZ,Wald ratio,1,0.336,0.175,1.399,0.0549,NA,NA,NA,0.033886437
LOC339788,Fetal Brain,SCZ,Wald ratio,1,-0.237,0.123,0.789,0.0549,NA,NA,NA,0.026597402
C20orf111,Fetal Brain,SCZ,Wald ratio,1,-1.779,0.928,0.169,0.0552,NA,NA,NA,0.036018564
MALL,Fetal Brain,SCZ,Inverse variance weighted,2,1.017,0.531,2.764,0.0554,NA,0.601049063,NA,0.022883964
KIF5C,Fetal Brain,SCZ,Wald ratio,1,-0.718,0.376,0.487,0.0559,NA,NA,NA,0.043161189
FAM160B1,Fetal Brain,SCZ,Wald ratio,1,-0.281,0.147,0.755,0.0561,NA,NA,NA,0.026747673
MCOLN2,Fetal Brain,SCZ,Wald ratio,1,0.245,0.128,1.278,0.0565,NA,NA,NA,0.025728311
BTBD11,Fetal Brain,SCZ,Wald ratio,1,3.148,1.651,23.289,0.0565,NA,NA,NA,0.034798045
HM13,Fetal Brain,SCZ,Wald ratio,1,1.164,0.611,3.201,0.0567,NA,NA,NA,0.033976449
NEURL1B,Fetal Brain,SCZ,Wald ratio,1,-0.206,0.108,0.814,0.0569,NA,NA,NA,0.033791721
LCLAT1,Fetal Brain,SCZ,Wald ratio,1,-0.248,0.13,0.78,0.0572,NA,NA,NA,0.009282453
NTM,Fetal Brain,SCZ,Wald ratio,1,0.268,0.141,1.307,0.0579,NA,NA,NA,0.028020298
MACF1,Fetal Brain,SCZ,Wald ratio,1,0.893,0.471,2.443,0.0581,NA,NA,NA,0.030457782
PHF1,Fetal Brain,SCZ,Wald ratio,1,0.784,0.414,2.191,0.0583,NA,NA,NA,0.027316076
CS,Fetal Brain,SCZ,Wald ratio,1,0.529,0.28,1.697,0.059,NA,NA,NA,0.047363111
FBXL7,Fetal Brain,SCZ,Wald ratio,1,1.152,0.611,3.163,0.0593,NA,NA,NA,0.04641812
EFCAB2,Fetal Brain,SCZ,Wald ratio,1,-0.381,0.202,0.683,0.0595,NA,NA,NA,0.032058005
HIVEP3,Fetal Brain,SCZ,Inverse variance weighted,2,0.197,0.105,1.218,0.0598,NA,0.361099464,NA,0.005708623
PKD2L2,Fetal Brain,SCZ,Wald ratio,1,-1.333,0.709,0.264,0.0599,NA,NA,NA,0.059142134
TMEM132A,Fetal Brain,SCZ,Wald ratio,1,-0.241,0.128,0.786,0.0609,NA,NA,NA,0.024754048
GAK,Fetal Brain,SCZ,Wald ratio,1,1.801,0.961,6.056,0.0609,NA,NA,NA,0.030919127
P2RX3,Fetal Brain,SCZ,Wald ratio,1,-0.465,0.248,0.628,0.061,NA,NA,NA,0.024452113
CTSG,Fetal Brain,SCZ,Wald ratio,1,-0.432,0.231,0.649,0.0616,NA,NA,NA,0.04724024
C17orf98,Fetal Brain,SCZ,Wald ratio,1,-0.351,0.188,0.704,0.0621,NA,NA,NA,0.034633912
DEM1,Fetal Brain,SCZ,Wald ratio,1,5.193,2.789,179.931,0.0626,NA,NA,NA,0.047852613
CHPF2,Fetal Brain,SCZ,Wald ratio,1,-1.171,0.629,0.31,0.0626,NA,NA,NA,0.023926424
MYCBPAP,Fetal Brain,SCZ,Wald ratio,1,-0.432,0.232,0.649,0.0626,NA,NA,NA,0.023926424
LOC285456,Fetal Brain,SCZ,Wald ratio,1,-0.755,0.406,0.47,0.0628,NA,NA,NA,0.023607196
PDE6B,Fetal Brain,SCZ,Wald ratio,1,-0.374,0.201,0.688,0.0629,NA,NA,NA,0.036575206
TDH,Fetal Brain,SCZ,Wald ratio,1,1.191,0.642,3.29,0.0635,NA,NA,NA,0.047101498
SPOPL,Fetal Brain,SCZ,Wald ratio,1,-0.549,0.297,0.577,0.0642,NA,NA,NA,0.030401796
RHEB,Fetal Brain,SCZ,Wald ratio,1,0.435,0.235,1.545,0.0644,NA,NA,NA,0.023123712
IFLTD1,Fetal Brain,SCZ,Wald ratio,1,-0.223,0.121,0.8,0.0655,NA,NA,NA,0.025120096
WDR1,Fetal Brain,SCZ,Wald ratio,1,-0.092,0.05,0.912,0.0657,NA,NA,NA,0.024802702
AXL,Fetal Brain,SCZ,Wald ratio,1,0.68,0.369,1.973,0.0659,NA,NA,NA,0.022969801
PLEKHG3,Fetal Brain,SCZ,Wald ratio,1,0.192,0.105,1.212,0.0677,NA,NA,NA,0.030856442
MYADML,Fetal Brain,SCZ,Wald ratio,1,0.042,0.023,1.043,0.068,NA,NA,NA,0.011056838
RRP1,Fetal Brain,SCZ,Wald ratio,1,-1.414,0.776,0.243,0.0683,NA,NA,NA,0.026028063
ECHDC3,Fetal Brain,SCZ,Wald ratio,1,-0.368,0.203,0.692,0.0691,NA,NA,NA,0.022339741
C1orf125,Fetal Brain,SCZ,Wald ratio,1,0.347,0.191,1.414,0.0694,NA,NA,NA,0.041225556
LOC732275,Fetal Brain,SCZ,Wald ratio,1,0.382,0.21,1.465,0.0697,NA,NA,NA,0.028248911
C21orf130,Fetal Brain,SCZ,Wald ratio,1,0.519,0.286,1.681,0.0697,NA,NA,NA,0.021702921
C3orf24,Fetal Brain,SCZ,Wald ratio,1,-0.261,0.144,0.77,0.0699,NA,NA,NA,0.029129153
C3orf10,Fetal Brain,SCZ,Wald ratio,1,-0.761,0.42,0.467,0.0699,NA,NA,NA,0.029129153
CALU,Fetal Brain,SCZ,Wald ratio,1,1.762,0.973,5.824,0.0702,NA,NA,NA,0.023747449
WRNIP1,Fetal Brain,SCZ,Wald ratio,1,-4.118,2.274,0.016,0.0702,NA,NA,NA,0.023713689
ASTL,Fetal Brain,SCZ,Wald ratio,1,-0.292,0.161,0.747,0.0705,NA,NA,NA,0.022249947
ZDHHC19,Fetal Brain,SCZ,Weighted median,3,0.323,0.179,1.381,0.0706,0.187127444,0.2807358,0.620567425,0.026944581
DNMT3B,Fetal Brain,SCZ,Wald ratio,1,0.174,0.096,1.19,0.0709,NA,NA,NA,0.021905615
RYR2,Fetal Brain,SCZ,Wald ratio,1,0.451,0.25,1.57,0.071,NA,NA,NA,0.040958249
TMEM229A,Fetal Brain,SCZ,Wald ratio,1,-0.432,0.24,0.65,0.0718,NA,NA,NA,0.030391479
CLIC6,Fetal Brain,SCZ,Wald ratio,1,-1.178,0.655,0.308,0.0719,NA,NA,NA,0.037094206
PGC,Fetal Brain,SCZ,Wald ratio,1,-0.458,0.254,0.633,0.0719,NA,NA,NA,0.02918927
SKI,Fetal Brain,SCZ,Wald ratio,1,0.672,0.374,1.959,0.0722,NA,NA,NA,0.028880974
CHORDC1,Fetal Brain,SCZ,Wald ratio,1,0.684,0.381,1.982,0.073,NA,NA,NA,0.022339996
CIT,Fetal Brain,SCZ,Wald ratio,1,0.884,0.494,2.421,0.0733,NA,NA,NA,0.056473815
LAP3,Fetal Brain,SCZ,Wald ratio,1,1.056,0.59,2.875,0.0737,NA,NA,NA,0.021588759
MED28,Fetal Brain,SCZ,Wald ratio,1,0.556,0.311,1.743,0.0737,NA,NA,NA,0.021708993
MDFI,Fetal Brain,SCZ,Wald ratio,1,-0.295,0.165,0.745,0.0741,NA,NA,NA,0.021372617
PPARGC1B,Fetal Brain,SCZ,Wald ratio,1,-0.703,0.394,0.495,0.0745,NA,NA,NA,0.021052101
LIAS,Fetal Brain,SCZ,Wald ratio,1,-0.391,0.219,0.677,0.0749,NA,NA,NA,0.040174343
MUCL1,Fetal Brain,SCZ,Wald ratio,1,-0.235,0.132,0.79,0.0751,NA,NA,NA,0.023678938
VGLL2,Fetal Brain,SCZ,Wald ratio,1,-1.028,0.578,0.358,0.0753,NA,NA,NA,0.026564666
DCAF10,Fetal Brain,SCZ,Inverse variance weighted,2,0.234,0.132,1.264,0.0759,NA,0.415990536,NA,0.036628461
GALNT2,Fetal Brain,SCZ,Wald ratio,1,0.274,0.155,1.316,0.076,NA,NA,NA,0.027953887
ANXA13,Fetal Brain,SCZ,Wald ratio,1,-0.139,0.078,0.87,0.0762,NA,NA,NA,0.022724862
STAC,Fetal Brain,SCZ,Wald ratio,1,0.923,0.521,2.517,0.0767,NA,NA,NA,0.042956074
NMUR1,Fetal Brain,SCZ,Wald ratio,1,0.216,0.122,1.242,0.0767,NA,NA,NA,0.020327414
PDE4D,Fetal Brain,SCZ,Wald ratio,1,0.511,0.289,1.668,0.0769,NA,NA,NA,0.024135676
HEY2,Fetal Brain,SCZ,Wald ratio,1,-0.558,0.315,0.573,0.0771,NA,NA,NA,0.020035851
TCERG1L,Fetal Brain,SCZ,Wald ratio,1,0.208,0.118,1.232,0.0781,NA,NA,NA,0.024047696
ELSPBP1,Fetal Brain,SCZ,Inverse variance weighted,2,0.176,0.1,1.192,0.0785,NA,0.515005903,NA,0.026953639
VANGL2,Fetal Brain,SCZ,Wald ratio,1,-0.506,0.288,0.603,0.0787,NA,NA,NA,0.020818011
CCDC144NL,Fetal Brain,SCZ,Wald ratio,1,-0.346,0.197,0.707,0.0787,NA,NA,NA,0.019921117
VSX2,Fetal Brain,SCZ,Wald ratio,1,1.572,0.894,4.816,0.0787,NA,NA,NA,0.019922112
ATPIF1,Fetal Brain,SCZ,Wald ratio,1,-2.29,1.303,0.101,0.0788,NA,NA,NA,0.021441793
DEGS2,Fetal Brain,SCZ,Inverse variance weighted,2,-0.702,0.399,0.496,0.079,NA,0.145823638,NA,0.205918184
GRAMD4,Fetal Brain,SCZ,Wald ratio,1,0.835,0.477,2.306,0.0796,NA,NA,NA,0.021931125
LOC100129716,Fetal Brain,SCZ,Wald ratio,1,0.257,0.147,1.294,0.0798,NA,NA,NA,0.026250629
SNX1,Fetal Brain,SCZ,Wald ratio,1,-0.284,0.162,0.753,0.0805,NA,NA,NA,0.026501933
PPP2R2C,Fetal Brain,SCZ,Wald ratio,1,0.328,0.188,1.388,0.0805,NA,NA,NA,0.021293419
POP5,Fetal Brain,SCZ,Wald ratio,1,-0.262,0.15,0.769,0.0807,NA,NA,NA,0.020408198
CBFA2T3,Fetal Brain,SCZ,Wald ratio,1,-0.391,0.224,0.676,0.0808,NA,NA,NA,0.027049249
ARL5B,Fetal Brain,SCZ,Wald ratio,1,-2.587,1.483,0.075,0.081,NA,NA,NA,0.052016164
CCDC66,Fetal Brain,SCZ,Wald ratio,1,0.107,0.061,1.113,0.081,NA,NA,NA,0.020120121
TIPRL,Fetal Brain,SCZ,Wald ratio,1,-0.526,0.302,0.591,0.0818,NA,NA,NA,0.023825724
WDR51A,Fetal Brain,SCZ,Wald ratio,1,-0.49,0.282,0.613,0.0819,NA,NA,NA,0.035640257
RRP12,Fetal Brain,SCZ,Wald ratio,1,-0.419,0.241,0.657,0.082,NA,NA,NA,0.020363855
FAM19A5,Fetal Brain,SCZ,Inverse variance weighted,2,0.234,0.135,1.264,0.0822,NA,0.368754159,NA,0.024645462
SLC35F3,Fetal Brain,SCZ,Wald ratio,1,1.095,0.631,2.989,0.0826,NA,NA,NA,0.019181038
SNRPN,Fetal Brain,SCZ,Wald ratio,1,0.234,0.135,1.264,0.0827,NA,NA,NA,0.019151101
BUB3,Fetal Brain,SCZ,Wald ratio,1,-0.493,0.285,0.611,0.0835,NA,NA,NA,0.028020078
RABEP1,Fetal Brain,SCZ,Wald ratio,1,0.405,0.234,1.5,0.0836,NA,NA,NA,0.019424372
C3orf23,Fetal Brain,SCZ,Wald ratio,1,0.582,0.337,1.789,0.084,NA,NA,NA,0.026864595
RGS17,Fetal Brain,SCZ,Wald ratio,1,-0.583,0.338,0.558,0.0847,NA,NA,NA,0.018769504
SNW1,Fetal Brain,SCZ,Wald ratio,1,0.958,0.557,2.607,0.0853,NA,NA,NA,0.018483715
SOX2OT,Fetal Brain,SCZ,Wald ratio,1,3.353,1.953,28.602,0.086,NA,NA,NA,0.031722253
INPP5F,Fetal Brain,SCZ,Wald ratio,1,-1.237,0.721,0.29,0.0863,NA,NA,NA,0.008357625
ST6GAL1,Fetal Brain,SCZ,Wald ratio,1,-0.151,0.088,0.859,0.0865,NA,NA,NA,0.019308007
HSBP1,Fetal Brain,SCZ,Wald ratio,1,-3.136,1.831,0.043,0.0868,NA,NA,NA,0.018439845
PDE9A,Fetal Brain,SCZ,Wald ratio,1,0.143,0.083,1.153,0.0868,NA,NA,NA,0.018432742
MAN2B2,Fetal Brain,SCZ,Wald ratio,1,1.422,0.83,4.143,0.0868,NA,NA,NA,0.037108785
FGF3,Fetal Brain,SCZ,Inverse variance weighted,2,-1.72,1.005,0.179,0.0869,NA,0.857862997,NA,0.014899356
CERK,Fetal Brain,SCZ,Wald ratio,1,0.168,0.098,1.183,0.0876,NA,NA,NA,0.018718248
LIME1,Fetal Brain,SCZ,Wald ratio,1,1.386,0.812,3.999,0.0878,NA,NA,NA,0.036822714
MESP1,Fetal Brain,SCZ,Wald ratio,1,-1.15,0.674,0.317,0.0879,NA,NA,NA,0.019279732
PCSK6,Fetal Brain,SCZ,Wald ratio,1,-0.627,0.368,0.534,0.0881,NA,NA,NA,0.019841158
GPR177,Fetal Brain,SCZ,Wald ratio,1,-0.317,0.187,0.728,0.089,NA,NA,NA,0.054835667
RXRA,Fetal Brain,SCZ,Wald ratio,1,-0.182,0.107,0.834,0.0894,NA,NA,NA,0.02380126
HBS1L,Fetal Brain,SCZ,Wald ratio,1,1.663,0.98,5.277,0.0896,NA,NA,NA,0.034951429
GNA12,Fetal Brain,SCZ,Wald ratio,1,-0.092,0.054,0.912,0.0897,NA,NA,NA,0.01836548
TRAF5,Fetal Brain,SCZ,Wald ratio,1,-0.542,0.32,0.582,0.09,NA,NA,NA,0.039085078
CBLN3,Fetal Brain,SCZ,Wald ratio,1,-0.429,0.254,0.651,0.0908,NA,NA,NA,0.019774808
LRRC8B,Fetal Brain,SCZ,Wald ratio,1,-0.14,0.083,0.869,0.0908,NA,NA,NA,0.019774818
ARPC5L,Fetal Brain,SCZ,Wald ratio,1,0.636,0.376,1.889,0.0911,NA,NA,NA,0.017749442
VASH1,Fetal Brain,SCZ,Inverse variance weighted,2,-0.145,0.086,0.865,0.0922,NA,0.72761359,NA,0.017101112
ZSCAN18,Fetal Brain,SCZ,Wald ratio,1,0.86,0.513,2.362,0.0939,NA,NA,NA,0.023100804
SH2B2,Fetal Brain,SCZ,Wald ratio,1,-0.412,0.246,0.662,0.0941,NA,NA,NA,0.019414166
TREH,Fetal Brain,SCZ,Wald ratio,1,0.559,0.335,1.749,0.0949,NA,NA,NA,0.020246877
CHPT1,Fetal Brain,SCZ,Wald ratio,1,0.497,0.298,1.644,0.0955,NA,NA,NA,0.017101112
VPS37C,Fetal Brain,SCZ,Wald ratio,1,-0.173,0.104,0.841,0.0955,NA,NA,NA,0.017099878
NFXL1,Fetal Brain,SCZ,Wald ratio,1,-1.099,0.659,0.333,0.0956,NA,NA,NA,0.030532568
CCDC68,Fetal Brain,SCZ,Wald ratio,1,0.372,0.224,1.451,0.0963,NA,NA,NA,0.017362445
MGAT4C,Fetal Brain,SCZ,Wald ratio,1,-0.825,0.496,0.438,0.0963,NA,NA,NA,0.033229016
MUC1,Fetal Brain,SCZ,Wald ratio,1,1.052,0.636,2.865,0.0977,NA,NA,NA,0.01788211
WFDC3,Fetal Brain,SCZ,Wald ratio,1,-0.237,0.143,0.789,0.0978,NA,NA,NA,0.017338954
PLCH2,Fetal Brain,SCZ,Wald ratio,1,0.781,0.472,2.183,0.0983,NA,NA,NA,0.02411182
PRRT1,Fetal Brain,SCZ,Wald ratio,1,-0.463,0.282,0.629,0.0999,NA,NA,NA,0.044567847
THY1,Fetal Brain,SCZ,Wald ratio,1,0.439,0.268,1.552,0.101,NA,NA,NA,0.017591318
LANCL2,Fetal Brain,SCZ,Wald ratio,1,-0.166,0.102,0.847,0.102,NA,NA,NA,0.017025512
CSDAP1,Fetal Brain,SCZ,Wald ratio,1,-0.278,0.17,0.758,0.103,NA,NA,NA,0.01615938
ZNF346,Fetal Brain,SCZ,Wald ratio,1,0.307,0.188,1.359,0.104,NA,NA,NA,0.015872277
UIMC1,Fetal Brain,SCZ,Wald ratio,1,-0.339,0.208,0.712,0.104,NA,NA,NA,0.015872275
ISCA1,Fetal Brain,SCZ,Wald ratio,1,0.631,0.388,1.88,0.104,NA,NA,NA,0.016727046
SNX16,Fetal Brain,SCZ,Wald ratio,1,-0.833,0.512,0.435,0.104,NA,NA,NA,0.018152288
YAF2,Fetal Brain,SCZ,Inverse variance weighted,2,0.172,0.106,1.187,0.104,NA,0.203065221,NA,0.068299443
TSPAN9,Fetal Brain,SCZ,Wald ratio,1,-0.188,0.115,0.829,0.104,NA,NA,NA,0.005177788
ADK,Fetal Brain,SCZ,Wald ratio,1,-1.211,0.745,0.298,0.104,NA,NA,NA,0.023241374
TSPAN15,Fetal Brain,SCZ,Inverse variance weighted,2,-0.513,0.316,0.599,0.105,NA,0.772694821,NA,0.011941356
INF2,Fetal Brain,SCZ,Wald ratio,1,-0.276,0.17,0.759,0.105,NA,NA,NA,0.017299039
COL18A1,Fetal Brain,SCZ,Wald ratio,1,0.306,0.189,1.358,0.106,NA,NA,NA,0.010045408
EPHX1,Fetal Brain,SCZ,Wald ratio,1,0.292,0.18,1.338,0.106,NA,NA,NA,0.015584818
HIF3A,Fetal Brain,SCZ,Wald ratio,1,-1.008,0.624,0.365,0.106,NA,NA,NA,0.03278917
FLJ22536,Fetal Brain,SCZ,Wald ratio,1,0.264,0.164,1.302,0.107,NA,NA,NA,0.015864823
C3orf64,Fetal Brain,SCZ,Wald ratio,1,-0.459,0.285,0.632,0.107,NA,NA,NA,0.020713894
UPP1,Fetal Brain,SCZ,Wald ratio,1,0.634,0.394,1.886,0.108,NA,NA,NA,0.015581995
APOL6,Fetal Brain,SCZ,Wald ratio,1,0.338,0.21,1.402,0.108,NA,NA,NA,0.015570643
SUMO3,Fetal Brain,SCZ,Wald ratio,1,-1.238,0.773,0.29,0.109,NA,NA,NA,0.015581964
OR6V1,Fetal Brain,SCZ,Wald ratio,1,-0.175,0.109,0.84,0.11,NA,NA,NA,0.022668477
PRRC1,Fetal Brain,SCZ,Wald ratio,1,-0.282,0.177,0.754,0.111,NA,NA,NA,0.016419223
C21orf56,Fetal Brain,SCZ,Wald ratio,1,-0.114,0.072,0.892,0.112,NA,NA,NA,0.01986453
SCARNA3,Fetal Brain,SCZ,Wald ratio,1,-0.538,0.338,0.584,0.112,NA,NA,NA,0.045390908
HCCA2,Fetal Brain,SCZ,Inverse variance weighted,2,0.899,0.566,2.457,0.112,NA,0.058890679,NA,0.017288333
TTLL13,Fetal Brain,SCZ,Inverse variance weighted,2,0.143,0.09,1.153,0.113,NA,0.566181924,NA,0.011551189
MANEA,Fetal Brain,SCZ,Wald ratio,1,0.681,0.43,1.976,0.113,NA,NA,NA,0.019795196
APOBEC3F,Fetal Brain,SCZ,Wald ratio,1,0.314,0.199,1.369,0.114,NA,NA,NA,0.014751018
ACOT11,Fetal Brain,SCZ,Wald ratio,1,0.21,0.133,1.233,0.115,NA,NA,NA,0.015632953
RBM5,Fetal Brain,SCZ,Wald ratio,1,-0.357,0.226,0.7,0.115,NA,NA,NA,0.014768497
RBM6,Fetal Brain,SCZ,Wald ratio,1,-0.42,0.267,0.657,0.115,NA,NA,NA,0.01476846
COIL,Fetal Brain,SCZ,Wald ratio,1,-0.671,0.427,0.511,0.115,NA,NA,NA,0.014748318
C1orf69,Fetal Brain,SCZ,Wald ratio,1,0.105,0.067,1.111,0.116,NA,NA,NA,0.015056123
LYRM4,Fetal Brain,SCZ,Wald ratio,1,-0.406,0.26,0.666,0.118,NA,NA,NA,0.014783519
ACOX3,Fetal Brain,SCZ,Wald ratio,1,0.403,0.26,1.496,0.121,NA,NA,NA,0.014242998
RPLP1,Fetal Brain,SCZ,Wald ratio,1,-0.712,0.459,0.491,0.121,NA,NA,NA,0.041305541
RPS6KB2,Fetal Brain,SCZ,Wald ratio,1,0.989,0.638,2.688,0.121,NA,NA,NA,0.02559906
CAMKK1,Fetal Brain,SCZ,Wald ratio,1,0.209,0.135,1.233,0.121,NA,NA,NA,0.015138402
SNX18,Fetal Brain,SCZ,Wald ratio,1,0.919,0.594,2.506,0.122,NA,NA,NA,0.015979626
GSTA4,Fetal Brain,SCZ,Wald ratio,1,-0.671,0.434,0.511,0.122,NA,NA,NA,0.016307505
PSMA4,Fetal Brain,SCZ,Wald ratio,1,1.262,0.819,3.533,0.124,NA,NA,NA,0.013999398
MAPK8,Fetal Brain,SCZ,Wald ratio,1,0.214,0.139,1.239,0.124,NA,NA,NA,0.013998305
AKT1,Fetal Brain,SCZ,Wald ratio,1,-0.494,0.321,0.61,0.124,NA,NA,NA,0.01603149
MIR548N,Fetal Brain,SCZ,Wald ratio,1,-1.748,1.135,0.174,0.124,NA,NA,NA,0.014303817
EIF4EBP1,Fetal Brain,SCZ,Wald ratio,1,0.692,0.452,1.997,0.126,NA,NA,NA,0.017170164
TMEM131,Fetal Brain,SCZ,Wald ratio,1,-0.349,0.228,0.705,0.126,NA,NA,NA,0.016069232
TMEM225,Fetal Brain,SCZ,Wald ratio,1,-0.955,0.625,0.385,0.127,NA,NA,NA,0.020150254
LOC151174,Fetal Brain,SCZ,Wald ratio,1,-0.796,0.523,0.451,0.128,NA,NA,NA,0.013761458
HES6,Fetal Brain,SCZ,Wald ratio,1,-0.932,0.612,0.394,0.128,NA,NA,NA,0.014384645
LOC643387,Fetal Brain,SCZ,Wald ratio,1,-0.422,0.277,0.656,0.128,NA,NA,NA,0.014384645
C2CD2L,Fetal Brain,SCZ,Wald ratio,1,-1.116,0.736,0.328,0.129,NA,NA,NA,0.01381691
TTC15,Fetal Brain,SCZ,Wald ratio,1,-0.368,0.243,0.692,0.13,NA,NA,NA,0.01647727
MRGPRX2,Fetal Brain,SCZ,Wald ratio,1,0.211,0.14,1.235,0.131,NA,NA,NA,0.013559466
CRMP1,Fetal Brain,SCZ,Wald ratio,1,1.372,0.908,3.941,0.131,NA,NA,NA,0.014140921
B3GNT3,Fetal Brain,SCZ,Wald ratio,1,-0.265,0.176,0.767,0.132,NA,NA,NA,0.015067931
TBC1D8,Fetal Brain,SCZ,Wald ratio,1,-4.399,2.925,0.012,0.133,NA,NA,NA,0.020038986
PDE4B,Fetal Brain,SCZ,Wald ratio,1,-0.191,0.127,0.826,0.133,NA,NA,NA,0.013933405
MACROD2,Fetal Brain,SCZ,Wald ratio,1,-0.253,0.169,0.776,0.134,NA,NA,NA,0.013623834
SPDYC,Fetal Brain,SCZ,Wald ratio,1,-0.321,0.215,0.725,0.135,NA,NA,NA,0.016913075
KCNK2,Fetal Brain,SCZ,Wald ratio,1,1.297,0.867,3.658,0.135,NA,NA,NA,0.015739267
C9orf78,Fetal Brain,SCZ,Wald ratio,1,0.724,0.484,2.063,0.135,NA,NA,NA,0.015151591
KCTD2,Fetal Brain,SCZ,Wald ratio,1,1.892,1.265,6.629,0.135,NA,NA,NA,0.014563427
WDR86,Fetal Brain,SCZ,Wald ratio,1,0.258,0.173,1.295,0.135,NA,NA,NA,0.013370205
SFMBT1,Fetal Brain,SCZ,Wald ratio,1,-0.951,0.64,0.386,0.137,NA,NA,NA,0.034153621
MGMT,Fetal Brain,SCZ,Wald ratio,1,-0.591,0.399,0.554,0.138,NA,NA,NA,0.0049231
WNT3A,Fetal Brain,SCZ,Wald ratio,1,2.915,1.965,18.451,0.138,NA,NA,NA,0.017661447
HS3ST3A1,Fetal Brain,SCZ,Wald ratio,1,0.149,0.101,1.161,0.139,NA,NA,NA,0.013789827
RNF144B,Fetal Brain,SCZ,Wald ratio,1,-0.66,0.447,0.517,0.14,NA,NA,NA,0.01530078
TNK2,Fetal Brain,SCZ,Wald ratio,1,0.626,0.425,1.87,0.141,NA,NA,NA,0.01593292
C20orf20,Fetal Brain,SCZ,Wald ratio,1,-1.908,1.296,0.148,0.141,NA,NA,NA,0.013232449
LOC100132111,Fetal Brain,SCZ,Wald ratio,1,0.168,0.114,1.183,0.141,NA,NA,NA,0.012634143
SERPINB6,Fetal Brain,SCZ,Wald ratio,1,-0.244,0.166,0.784,0.142,NA,NA,NA,0.016566073
ZFP62,Fetal Brain,SCZ,Wald ratio,1,-0.328,0.224,0.721,0.143,NA,NA,NA,0.014789184
USP6NL,Fetal Brain,SCZ,Wald ratio,1,-0.242,0.165,0.785,0.143,NA,NA,NA,0.025992247
VPS13D,Fetal Brain,SCZ,Wald ratio,1,0.85,0.581,2.339,0.143,NA,NA,NA,0.054278301
KIRREL3,Fetal Brain,SCZ,Weighted median,3,0.201,0.137,1.223,0.144,0.422765148,0.549607895,0.592525117,0.008685559
TBX2,Fetal Brain,SCZ,Wald ratio,1,2.772,1.896,15.993,0.144,NA,NA,NA,0.027747234
C3orf21,Fetal Brain,SCZ,Wald ratio,1,-0.135,0.092,0.874,0.144,NA,NA,NA,0.014853175
SFRS7,Fetal Brain,SCZ,Inverse variance weighted,2,0.757,0.518,2.132,0.144,NA,0.091718663,NA,0.006331902
CCBE1,Fetal Brain,SCZ,Wald ratio,1,-1.443,0.988,0.236,0.144,NA,NA,NA,0.01271783
C1orf105,Fetal Brain,SCZ,Wald ratio,1,0.257,0.176,1.293,0.144,NA,NA,NA,0.014244951
TMEM151B,Fetal Brain,SCZ,Wald ratio,1,-0.327,0.224,0.721,0.145,NA,NA,NA,0.015467505
DPPA3,Fetal Brain,SCZ,Wald ratio,1,-1.048,0.719,0.351,0.145,NA,NA,NA,0.014863604
C11orf36,Fetal Brain,SCZ,Wald ratio,1,0.279,0.192,1.322,0.147,NA,NA,NA,0.012825683
ITGA3,Fetal Brain,SCZ,Wald ratio,1,-0.771,0.532,0.463,0.147,NA,NA,NA,0.018004109
KIF16B,Fetal Brain,SCZ,Wald ratio,1,0.48,0.331,1.616,0.148,NA,NA,NA,0.012199197
POU6F2,Fetal Brain,SCZ,Wald ratio,1,0.122,0.084,1.13,0.148,NA,NA,NA,0.013452397
ZDHHC14,Fetal Brain,SCZ,Simple mode,3,-0.664,0.288,0.515,0.148,0.294175306,0.00227776,0.194447464,0.004570891
GATSL3,Fetal Brain,SCZ,Wald ratio,1,2.602,1.798,13.496,0.148,NA,NA,NA,0.013168724
RNF215,Fetal Brain,SCZ,Wald ratio,1,-0.134,0.092,0.875,0.148,NA,NA,NA,0.013168724
KCTD9,Fetal Brain,SCZ,Wald ratio,1,0.209,0.145,1.233,0.148,NA,NA,NA,0.012580877
NANOS3,Fetal Brain,SCZ,Wald ratio,1,-2.541,1.759,0.079,0.149,NA,NA,NA,0.020988592
GPSM2,Fetal Brain,SCZ,Wald ratio,1,-0.284,0.197,0.753,0.149,NA,NA,NA,0.027791413
PPPDE1,Fetal Brain,SCZ,Wald ratio,1,0.364,0.253,1.439,0.15,NA,NA,NA,0.014141739
MYOM2,Fetal Brain,SCZ,Wald ratio,1,0.157,0.109,1.171,0.15,NA,NA,NA,0.012916288
KCTD16,Fetal Brain,SCZ,Wald ratio,1,-0.325,0.226,0.723,0.151,NA,NA,NA,0.012024984
C8orf48,Fetal Brain,SCZ,Inverse variance weighted,2,0.296,0.206,1.344,0.152,NA,0.440966967,NA,0.007833926
PI4K2A,Fetal Brain,SCZ,Wald ratio,1,-0.534,0.373,0.586,0.152,NA,NA,NA,0.014243317
COL23A1,Fetal Brain,SCZ,Inverse variance weighted,2,0.147,0.103,1.159,0.152,NA,0.739038644,NA,0.006808768
RNU5E,Fetal Brain,SCZ,Wald ratio,1,-2.903,2.027,0.055,0.152,NA,NA,NA,0.012080589
RHOB,Fetal Brain,SCZ,Wald ratio,1,-0.532,0.372,0.587,0.152,NA,NA,NA,0.012080529
ENKUR,Fetal Brain,SCZ,Wald ratio,1,0.228,0.16,1.257,0.152,NA,NA,NA,0.013021829
HEBP2,Fetal Brain,SCZ,Wald ratio,1,0.611,0.427,1.842,0.153,NA,NA,NA,0.037118766
CLEC16A,Fetal Brain,SCZ,Wald ratio,1,0.753,0.529,2.123,0.154,NA,NA,NA,0.028493258
UBASH3A,Fetal Brain,SCZ,Wald ratio,1,-0.258,0.181,0.773,0.155,NA,NA,NA,0.01247042
ATP6V1A,Fetal Brain,SCZ,Wald ratio,1,-0.449,0.316,0.638,0.155,NA,NA,NA,0.012186994
CHGA,Fetal Brain,SCZ,Wald ratio,1,-0.235,0.165,0.791,0.155,NA,NA,NA,0.013769854
PPWD1,Fetal Brain,SCZ,Wald ratio,1,-2.19,1.54,0.112,0.155,NA,NA,NA,0.012179718
C5orf44,Fetal Brain,SCZ,Wald ratio,1,0.994,0.699,2.701,0.155,NA,NA,NA,0.01217773
TRIM23,Fetal Brain,SCZ,Wald ratio,1,1.675,1.178,5.341,0.155,NA,NA,NA,0.012179718
SLC30A7,Fetal Brain,SCZ,Wald ratio,1,-0.316,0.222,0.729,0.155,NA,NA,NA,0.012179718
TH,Fetal Brain,SCZ,Wald ratio,1,-0.128,0.09,0.88,0.156,NA,NA,NA,0.013179494
RHO,Fetal Brain,SCZ,Inverse variance weighted,2,-0.254,0.179,0.776,0.156,NA,0.835210146,NA,0.012695745
PNMA2,Fetal Brain,SCZ,Wald ratio,1,2.519,1.78,12.419,0.157,NA,NA,NA,0.012585941
C5orf38,Fetal Brain,SCZ,Wald ratio,1,-0.4,0.283,0.67,0.157,NA,NA,NA,0.012587692
MAGI2,Fetal Brain,SCZ,Wald ratio,1,-0.936,0.662,0.392,0.157,NA,NA,NA,0.021591218
STX4,Fetal Brain,SCZ,Wald ratio,1,2.611,1.848,13.617,0.158,NA,NA,NA,0.012874642
CYP11B1,Fetal Brain,SCZ,Inverse variance weighted,2,0.402,0.285,1.495,0.158,NA,0.246904014,NA,0.030665402
MX2,Fetal Brain,SCZ,Wald ratio,1,0.222,0.157,1.248,0.158,NA,NA,NA,0.012638634
AQP5,Fetal Brain,SCZ,Wald ratio,1,0.239,0.17,1.271,0.159,NA,NA,NA,0.013919497
GGA2,Fetal Brain,SCZ,Wald ratio,1,-3.27,2.323,0.038,0.159,NA,NA,NA,0.021557969
BBC3,Fetal Brain,SCZ,Wald ratio,1,0.518,0.368,1.678,0.16,NA,NA,NA,0.012669409
MANSC1,Fetal Brain,SCZ,Wald ratio,1,0.478,0.34,1.612,0.16,NA,NA,NA,0.016514047
GJB7,Fetal Brain,SCZ,Inverse variance weighted,2,0.405,0.289,1.499,0.161,NA,0.582347376,NA,0.011202653
RNF146,Fetal Brain,SCZ,Wald ratio,1,-1.629,1.164,0.196,0.161,NA,NA,NA,0.013102056
ABCC4,Fetal Brain,SCZ,Wald ratio,1,0.213,0.153,1.238,0.162,NA,NA,NA,0.011526066
IAH1,Fetal Brain,SCZ,Wald ratio,1,1.254,0.899,3.503,0.163,NA,NA,NA,0.048444684
LONRF2,Fetal Brain,SCZ,Wald ratio,1,0.569,0.408,1.766,0.163,NA,NA,NA,0.024536671
ZNF266,Fetal Brain,SCZ,Wald ratio,1,0.142,0.102,1.152,0.164,NA,NA,NA,0.020842608
DIP2C,Fetal Brain,SCZ,Wald ratio,1,0.297,0.214,1.346,0.164,NA,NA,NA,0.011276047
LOC728613,Fetal Brain,SCZ,Wald ratio,1,-0.515,0.371,0.597,0.165,NA,NA,NA,0.017425738
SYT1,Fetal Brain,SCZ,Wald ratio,1,-0.289,0.208,0.749,0.165,NA,NA,NA,0.027424613
HAUS8,Fetal Brain,SCZ,Wald ratio,1,-5.556,4.009,0.004,0.166,NA,NA,NA,0.010985901
ITLN1,Fetal Brain,SCZ,Wald ratio,1,0.309,0.224,1.362,0.167,NA,NA,NA,0.033596988
FLJ25758,Fetal Brain,SCZ,Wald ratio,1,0.281,0.203,1.324,0.167,NA,NA,NA,0.011391102
NID1,Fetal Brain,SCZ,Wald ratio,1,-0.351,0.254,0.704,0.168,NA,NA,NA,0.011109331
GMPR2,Fetal Brain,SCZ,Wald ratio,1,2.684,1.946,14.638,0.168,NA,NA,NA,0.011865248
TM9SF1,Fetal Brain,SCZ,Wald ratio,1,0.482,0.349,1.619,0.168,NA,NA,NA,0.012109472
LOC642597,Fetal Brain,SCZ,Wald ratio,1,-2.298,1.67,0.1,0.169,NA,NA,NA,0.014728302
GRIP1,Fetal Brain,SCZ,Wald ratio,1,0.434,0.316,1.543,0.169,NA,NA,NA,0.013150735
C9orf173,Fetal Brain,SCZ,Wald ratio,1,0.207,0.151,1.23,0.17,NA,NA,NA,0.014841907
C9orf167,Fetal Brain,SCZ,Wald ratio,1,0.271,0.197,1.311,0.17,NA,NA,NA,0.014841908
MAP3K1,Fetal Brain,SCZ,Wald ratio,1,-0.259,0.189,0.772,0.17,NA,NA,NA,0.024790285
WFS1,Fetal Brain,SCZ,Wald ratio,1,0.637,0.465,1.891,0.17,NA,NA,NA,0.011233594
GPR180,Fetal Brain,SCZ,Wald ratio,1,-1.5,1.094,0.223,0.17,NA,NA,NA,0.011232787
NPR3,Fetal Brain,SCZ,Wald ratio,1,-0.607,0.443,0.545,0.171,NA,NA,NA,0.011218752
C7orf72,Fetal Brain,SCZ,Wald ratio,1,-0.232,0.169,0.793,0.171,NA,NA,NA,0.011938753
HAS1,Fetal Brain,SCZ,Wald ratio,1,0.147,0.108,1.159,0.172,NA,NA,NA,0.012282432
HTR6,Fetal Brain,SCZ,Wald ratio,1,0.318,0.232,1.374,0.172,NA,NA,NA,0.011294481
NAALAD2,Fetal Brain,SCZ,Wald ratio,1,0.093,0.068,1.097,0.172,NA,NA,NA,0.01127974
MMADHC,Fetal Brain,SCZ,Wald ratio,1,-0.33,0.241,0.719,0.172,NA,NA,NA,0.018920711
IKZF5,Fetal Brain,SCZ,Wald ratio,1,-0.565,0.414,0.569,0.172,NA,NA,NA,0.011638813
DENND1A,Fetal Brain,SCZ,Wald ratio,1,0.832,0.61,2.297,0.173,NA,NA,NA,0.01268317
CD34,Fetal Brain,SCZ,Wald ratio,1,0.442,0.325,1.555,0.174,NA,NA,NA,0.021696131
DNM1,Fetal Brain,SCZ,Wald ratio,1,0.216,0.159,1.241,0.175,NA,NA,NA,0.012115045
SYDE1,Fetal Brain,SCZ,Wald ratio,1,-0.562,0.414,0.57,0.175,NA,NA,NA,0.012473406
TSSC4,Fetal Brain,SCZ,Wald ratio,1,2.185,1.61,8.887,0.175,NA,NA,NA,0.030485908
COL5A2,Fetal Brain,SCZ,Inverse variance weighted,2,-0.427,0.314,0.653,0.175,NA,0.27778999,NA,0.037453653
NPC2,Fetal Brain,SCZ,Wald ratio,1,-1.497,1.107,0.224,0.176,NA,NA,NA,0.010828047
LCN10,Fetal Brain,SCZ,Wald ratio,1,0.257,0.19,1.293,0.176,NA,NA,NA,0.014910599
EXO1,Fetal Brain,SCZ,Wald ratio,1,1.498,1.112,4.472,0.178,NA,NA,NA,0.011947391
SACS,Fetal Brain,SCZ,Wald ratio,1,0.437,0.325,1.548,0.178,NA,NA,NA,0.010466061
SIGLEC6,Fetal Brain,SCZ,Wald ratio,1,-0.224,0.167,0.799,0.179,NA,NA,NA,0.01060513
MAP2,Fetal Brain,SCZ,Wald ratio,1,3.478,2.587,32.406,0.179,NA,NA,NA,0.014055241
CCDC149,Fetal Brain,SCZ,Inverse variance weighted,2,-0.249,0.186,0.779,0.18,NA,0.584068989,NA,0.009820521
EPAS1,Fetal Brain,SCZ,Wald ratio,1,-0.396,0.296,0.673,0.181,NA,NA,NA,0.021001624
ZNF521,Fetal Brain,SCZ,Wald ratio,1,-1.07,0.799,0.343,0.181,NA,NA,NA,0.015927689
MATN4,Fetal Brain,SCZ,Wald ratio,1,-0.432,0.323,0.649,0.181,NA,NA,NA,0.011437817
RARS,Fetal Brain,SCZ,Wald ratio,1,-0.243,0.182,0.784,0.182,NA,NA,NA,0.010800106
ZNF333,Fetal Brain,SCZ,Wald ratio,1,-0.832,0.624,0.435,0.182,NA,NA,NA,0.010800103
OSGIN1,Fetal Brain,SCZ,Wald ratio,1,0.091,0.068,1.095,0.183,NA,NA,NA,0.011145684
MYH10,Fetal Brain,SCZ,Wald ratio,1,-0.458,0.344,0.633,0.183,NA,NA,NA,0.016463839
BNC2,Fetal Brain,SCZ,Wald ratio,1,-0.376,0.282,0.687,0.183,NA,NA,NA,0.017838226
PCK2,Fetal Brain,SCZ,Wald ratio,1,-0.194,0.146,0.824,0.184,NA,NA,NA,0.011219024
ELP3,Fetal Brain,SCZ,Wald ratio,1,0.325,0.245,1.384,0.185,NA,NA,NA,0.010935346
LPIN1,Fetal Brain,SCZ,Wald ratio,1,0.156,0.118,1.169,0.185,NA,NA,NA,0.010574987
FAM134B,Fetal Brain,SCZ,Wald ratio,1,-0.288,0.217,0.75,0.185,NA,NA,NA,0.010573796
EPB41L4B,Fetal Brain,SCZ,Wald ratio,1,0.144,0.109,1.155,0.185,NA,NA,NA,0.01092161
RGMA,Fetal Brain,SCZ,Wald ratio,1,1.787,1.349,5.97,0.185,NA,NA,NA,0.017688653
TRIB2,Fetal Brain,SCZ,Wald ratio,1,-0.732,0.554,0.481,0.187,NA,NA,NA,0.014608031
SNAR-I,Fetal Brain,SCZ,Wald ratio,1,0.727,0.551,2.068,0.187,NA,NA,NA,0.010704165
CARS2,Fetal Brain,SCZ,Wald ratio,1,0.655,0.499,1.925,0.189,NA,NA,NA,0.022278194
LOC116437,Fetal Brain,SCZ,Wald ratio,1,-0.449,0.342,0.638,0.19,NA,NA,NA,0.010141406
GIPC1,Fetal Brain,SCZ,Wald ratio,1,0.295,0.225,1.343,0.19,NA,NA,NA,0.011969848
LSAMP,Fetal Brain,SCZ,Wald ratio,1,-0.727,0.555,0.483,0.19,NA,NA,NA,0.022405389
JRK,Fetal Brain,SCZ,Wald ratio,1,0.079,0.06,1.082,0.191,NA,NA,NA,0.010916233
ME1,Fetal Brain,SCZ,Wald ratio,1,0.31,0.237,1.363,0.191,NA,NA,NA,0.027630954
CAMTA1,Fetal Brain,SCZ,Inverse variance weighted,4,-0.072,0.055,0.93,0.192,0.643485971,0.747228638,0.617673636,0.013186265
LOC100130872-SPON2,Fetal Brain,SCZ,Wald ratio,1,-0.355,0.272,0.701,0.192,NA,NA,NA,0.012082359
RGS1,Fetal Brain,SCZ,Wald ratio,1,0.405,0.311,1.499,0.193,NA,NA,NA,0.022787639
CARKD,Fetal Brain,SCZ,Wald ratio,1,-0.403,0.31,0.668,0.194,NA,NA,NA,0.011113712
KANK4,Fetal Brain,SCZ,Wald ratio,1,0.554,0.427,1.74,0.195,NA,NA,NA,0.010041358
ADRA1D,Fetal Brain,SCZ,Wald ratio,1,0.466,0.36,1.593,0.195,NA,NA,NA,0.025167846
CAMK1D,Fetal Brain,SCZ,Wald ratio,1,-0.7,0.542,0.497,0.197,NA,NA,NA,0.010876326
DNAH17,Fetal Brain,SCZ,Wald ratio,1,0.338,0.262,1.402,0.197,NA,NA,NA,0.012101384
RNH1,Fetal Brain,SCZ,Wald ratio,1,0.236,0.183,1.266,0.197,NA,NA,NA,0.010543295
PON1,Fetal Brain,SCZ,Wald ratio,1,0.132,0.102,1.141,0.198,NA,NA,NA,0.009843271
NARS,Fetal Brain,SCZ,Wald ratio,1,0.257,0.2,1.293,0.198,NA,NA,NA,0.00984301
SVIP,Fetal Brain,SCZ,Wald ratio,1,0.874,0.679,2.397,0.198,NA,NA,NA,0.009843271
ABCC8,Fetal Brain,SCZ,Wald ratio,1,0.355,0.276,1.426,0.199,NA,NA,NA,0.009914723
GRB10,Fetal Brain,SCZ,Wald ratio,1,0.687,0.535,1.987,0.199,NA,NA,NA,0.023561518
ST7,Fetal Brain,SCZ,Wald ratio,1,-0.482,0.376,0.618,0.2,NA,NA,NA,0.009987109
NDFIP1,Fetal Brain,SCZ,Wald ratio,1,-0.339,0.265,0.712,0.2,NA,NA,NA,0.009986933
LMOD3,Fetal Brain,SCZ,Wald ratio,1,0.444,0.347,1.559,0.201,NA,NA,NA,0.013136238
HAUS1,Fetal Brain,SCZ,Wald ratio,1,0.901,0.705,2.463,0.201,NA,NA,NA,0.021964275
PRHOXNB,Fetal Brain,SCZ,Wald ratio,1,-1.502,1.175,0.223,0.201,NA,NA,NA,0.012788998
ALLC,Fetal Brain,SCZ,Wald ratio,1,0.746,0.584,2.108,0.202,NA,NA,NA,0.011671787
ATXN1,Fetal Brain,SCZ,Wald ratio,1,0.265,0.208,1.303,0.202,NA,NA,NA,0.010124457
LAPTM5,Fetal Brain,SCZ,Wald ratio,1,0.213,0.167,1.237,0.203,NA,NA,NA,0.010967647
ENPP6,Fetal Brain,SCZ,Wald ratio,1,-0.067,0.053,0.935,0.203,NA,NA,NA,0.009764522
MBP,Fetal Brain,SCZ,Wald ratio,1,-0.124,0.098,0.883,0.204,NA,NA,NA,0.009845055
GLI2,Fetal Brain,SCZ,Wald ratio,1,0.195,0.154,1.216,0.206,NA,NA,NA,0.009557491
AATF,Fetal Brain,SCZ,Wald ratio,1,-3.042,2.409,0.048,0.207,NA,NA,NA,0.010822922
PLD6,Fetal Brain,SCZ,Wald ratio,1,1.282,1.016,3.606,0.207,NA,NA,NA,0.022025995
UTP23,Fetal Brain,SCZ,Wald ratio,1,0.25,0.198,1.283,0.207,NA,NA,NA,0.010058719
NT5M,Fetal Brain,SCZ,Wald ratio,1,-0.166,0.132,0.847,0.208,NA,NA,NA,0.012169635
PACRG,Fetal Brain,SCZ,Wald ratio,1,0.455,0.362,1.576,0.209,NA,NA,NA,0.011371285
NT5C3,Fetal Brain,SCZ,Wald ratio,1,0.754,0.601,2.126,0.209,NA,NA,NA,0.009763662
CH25H,Fetal Brain,SCZ,Wald ratio,1,0.61,0.486,1.84,0.21,NA,NA,NA,0.055867045
SS18L2,Fetal Brain,SCZ,Wald ratio,1,-2.801,2.234,0.061,0.21,NA,NA,NA,0.014822764
PRIMA1,Fetal Brain,SCZ,Wald ratio,1,0.207,0.165,1.23,0.21,NA,NA,NA,0.010700045
C9orf72,Fetal Brain,SCZ,Wald ratio,1,-0.428,0.342,0.652,0.21,NA,NA,NA,0.009421648
MDN1,Fetal Brain,SCZ,Wald ratio,1,-0.533,0.426,0.587,0.211,NA,NA,NA,0.005390327
ATP5SL,Fetal Brain,SCZ,Wald ratio,1,-2.321,1.856,0.098,0.211,NA,NA,NA,0.009465845
ARID3A,Fetal Brain,SCZ,Wald ratio,1,0.113,0.09,1.119,0.212,NA,NA,NA,0.010840357
MAGEF1,Fetal Brain,SCZ,Wald ratio,1,0.32,0.258,1.377,0.214,NA,NA,NA,0.01056647
TNFAIP8L1,Fetal Brain,SCZ,Wald ratio,1,-0.057,0.045,0.945,0.214,NA,NA,NA,0.009720246
RASGEF1C,Fetal Brain,SCZ,Wald ratio,1,0.341,0.275,1.406,0.214,NA,NA,NA,0.00929204
CASZ1,Fetal Brain,SCZ,Wald ratio,1,1.292,1.041,3.641,0.215,NA,NA,NA,0.025678428
STMN1,Fetal Brain,SCZ,Wald ratio,1,-0.92,0.743,0.399,0.215,NA,NA,NA,0.009364345
ADAM17,Fetal Brain,SCZ,Wald ratio,1,-0.554,0.448,0.574,0.216,NA,NA,NA,0.0115542
TMEM51,Fetal Brain,SCZ,Wald ratio,1,0.2,0.162,1.222,0.216,NA,NA,NA,0.011111546
KCNMA1,Fetal Brain,SCZ,Weighted mode,3,0.22,0.123,1.246,0.217,0.213767732,0.1147361,0.407647937,0.056134194
ZNF774,Fetal Brain,SCZ,Wald ratio,1,-0.255,0.206,0.775,0.217,NA,NA,NA,0.010364604
ASCL1,Fetal Brain,SCZ,Wald ratio,1,-0.248,0.201,0.78,0.217,NA,NA,NA,0.009932719
CAMK2A,Fetal Brain,SCZ,Wald ratio,1,-0.282,0.228,0.755,0.217,NA,NA,NA,0.009513539
NPTN,Fetal Brain,SCZ,Wald ratio,1,-0.483,0.392,0.617,0.218,NA,NA,NA,0.009090859
C2orf69,Fetal Brain,SCZ,Inverse variance weighted,2,-0.065,0.053,0.937,0.218,NA,0.089256108,NA,0.011992208
ACAT1,Fetal Brain,SCZ,Wald ratio,1,-2.141,1.741,0.118,0.219,NA,NA,NA,0.009156738
IL1RL2,Fetal Brain,SCZ,Wald ratio,1,0.325,0.265,1.384,0.219,NA,NA,NA,0.013257809
DKFZp686A1627,Fetal Brain,SCZ,Wald ratio,1,0.478,0.39,1.612,0.221,NA,NA,NA,0.019195606
TULP4,Fetal Brain,SCZ,Wald ratio,1,0.271,0.221,1.311,0.222,NA,NA,NA,0.014878374
TEKT2,Fetal Brain,SCZ,Inverse variance weighted,2,-1.18,0.968,0.307,0.223,NA,0.003878038,NA,0.9953943
SNED1,Fetal Brain,SCZ,Wald ratio,1,0.345,0.283,1.411,0.223,NA,NA,NA,0.022577932
TGM6,Fetal Brain,SCZ,Wald ratio,1,0.556,0.456,1.744,0.223,NA,NA,NA,0.010375174
FAM196A,Fetal Brain,SCZ,Wald ratio,1,-0.299,0.246,0.741,0.223,NA,NA,NA,0.012786636
EPHA2,Fetal Brain,SCZ,Wald ratio,1,-0.663,0.544,0.515,0.223,NA,NA,NA,0.022699276
DPP6,Fetal Brain,SCZ,Inverse variance weighted,2,-0.206,0.169,0.814,0.223,NA,0.780386741,NA,0.007304938
NKD2,Fetal Brain,SCZ,Wald ratio,1,-0.759,0.624,0.468,0.224,NA,NA,NA,0.015143882
ZFAND2A,Fetal Brain,SCZ,Wald ratio,1,0.358,0.295,1.43,0.225,NA,NA,NA,0.026025269
ZSCAN1,Fetal Brain,SCZ,Wald ratio,1,0.125,0.103,1.134,0.225,NA,NA,NA,0.010106957
NGLY1,Fetal Brain,SCZ,Wald ratio,1,0.805,0.664,2.237,0.225,NA,NA,NA,0.012019147
KLHDC7A,Fetal Brain,SCZ,Wald ratio,1,-0.227,0.188,0.797,0.226,NA,NA,NA,0.008839422
ZIC4,Fetal Brain,SCZ,Wald ratio,1,-0.283,0.234,0.753,0.227,NA,NA,NA,0.016974987
NME7,Fetal Brain,SCZ,Wald ratio,1,1.044,0.868,2.841,0.229,NA,NA,NA,0.023447767
KIF26B,Fetal Brain,SCZ,Wald ratio,1,1.529,1.272,4.615,0.229,NA,NA,NA,0.023361325
PAPOLB,Fetal Brain,SCZ,Wald ratio,1,-0.207,0.172,0.813,0.229,NA,NA,NA,0.009064989
LOC100286948,Fetal Brain,SCZ,Wald ratio,1,0.794,0.662,2.212,0.23,NA,NA,NA,0.010139088
LOC93622,Fetal Brain,SCZ,Wald ratio,1,0.152,0.126,1.164,0.23,NA,NA,NA,0.009135603
C7orf50,Fetal Brain,SCZ,Simple mode,3,2.259,1.325,9.572,0.23,0.916561997,0.142254975,0.298755855,0.006226574
HSF2BP,Fetal Brain,SCZ,Wald ratio,1,0.516,0.432,1.676,0.231,NA,NA,NA,0.017196505
FYCO1,Fetal Brain,SCZ,Wald ratio,1,-0.864,0.722,0.421,0.232,NA,NA,NA,0.010293626
TAGLN2,Fetal Brain,SCZ,Wald ratio,1,-1.304,1.091,0.271,0.232,NA,NA,NA,0.034839532
KARS,Fetal Brain,SCZ,Wald ratio,1,0.531,0.444,1.7,0.232,NA,NA,NA,0.020804881
PRDM15,Fetal Brain,SCZ,Wald ratio,1,-1.324,1.112,0.266,0.234,NA,NA,NA,0.010993089
MFAP3L,Fetal Brain,SCZ,Wald ratio,1,-2.455,2.063,0.086,0.234,NA,NA,NA,0.026394623
MPHOSPH6,Fetal Brain,SCZ,Wald ratio,1,0.593,0.499,1.81,0.235,NA,NA,NA,0.009015188
AGPAT4,Fetal Brain,SCZ,Wald ratio,1,-0.365,0.309,0.694,0.237,NA,NA,NA,0.017691541
PRR16,Fetal Brain,SCZ,Wald ratio,1,-0.42,0.355,0.657,0.237,NA,NA,NA,0.013024295
RIMS1,Fetal Brain,SCZ,Wald ratio,1,-0.737,0.624,0.479,0.238,NA,NA,NA,0.008830552
C15orf29,Fetal Brain,SCZ,Wald ratio,1,-0.284,0.24,0.753,0.238,NA,NA,NA,0.008830553
ADAM8,Fetal Brain,SCZ,Wald ratio,1,0.844,0.715,2.326,0.238,NA,NA,NA,0.022478864
TJP2,Fetal Brain,SCZ,Wald ratio,1,2.581,2.187,13.208,0.238,NA,NA,NA,0.009896133
LOC653653,Fetal Brain,SCZ,Wald ratio,1,0.251,0.214,1.286,0.239,NA,NA,NA,0.010553376
NTNG1,Fetal Brain,SCZ,Wald ratio,1,3.912,3.323,50.022,0.239,NA,NA,NA,0.009379301
RIPPLY2,Fetal Brain,SCZ,Wald ratio,1,-3.111,2.647,0.045,0.24,NA,NA,NA,0.021908038
MAML3,Fetal Brain,SCZ,Inverse variance weighted,2,-0.252,0.215,0.777,0.241,NA,0.681199039,NA,0.006141751
MGC23284,Fetal Brain,SCZ,Wald ratio,1,0.116,0.1,1.123,0.243,NA,NA,NA,0.009286232
CDC20B,Fetal Brain,SCZ,Wald ratio,1,-0.307,0.263,0.735,0.243,NA,NA,NA,0.009286232
BCL2L10,Fetal Brain,SCZ,Wald ratio,1,0.359,0.307,1.432,0.243,NA,NA,NA,0.011009485
DISP2,Fetal Brain,SCZ,Wald ratio,1,0.459,0.393,1.583,0.243,NA,NA,NA,0.011579638
TBL2,Fetal Brain,SCZ,Wald ratio,1,-0.313,0.269,0.731,0.243,NA,NA,NA,0.009362298
RFX6,Fetal Brain,SCZ,Wald ratio,1,1.259,1.081,3.522,0.244,NA,NA,NA,0.008861293
DAB2IP,Fetal Brain,SCZ,Wald ratio,1,-0.703,0.604,0.495,0.244,NA,NA,NA,0.022418196
ROR1,Fetal Brain,SCZ,Wald ratio,1,0.433,0.373,1.541,0.246,NA,NA,NA,0.008441699
ANKRD44,Fetal Brain,SCZ,Wald ratio,1,-0.449,0.387,0.639,0.246,NA,NA,NA,0.010220821
BRF1,Fetal Brain,SCZ,Wald ratio,1,-0.084,0.073,0.919,0.248,NA,NA,NA,0.009255835
SHANK2,Fetal Brain,SCZ,Wald ratio,1,0.309,0.268,1.362,0.249,NA,NA,NA,0.019043
RPF2,Fetal Brain,SCZ,Wald ratio,1,0.067,0.058,1.07,0.249,NA,NA,NA,0.010635263
C21orf49,Fetal Brain,SCZ,Wald ratio,1,0.116,0.101,1.123,0.249,NA,NA,NA,0.009405501
NDC80,Fetal Brain,SCZ,Wald ratio,1,-1.52,1.319,0.219,0.249,NA,NA,NA,0.010059612
SLC22A5,Fetal Brain,SCZ,Wald ratio,1,0.746,0.648,2.108,0.25,NA,NA,NA,0.008907655
EYA4,Fetal Brain,SCZ,Wald ratio,1,-0.149,0.129,0.862,0.25,NA,NA,NA,0.008332658
GRAMD3,Fetal Brain,SCZ,Wald ratio,1,0.373,0.325,1.452,0.251,NA,NA,NA,0.009041525
IQCB1,Fetal Brain,SCZ,Wald ratio,1,-0.065,0.057,0.937,0.252,NA,NA,NA,0.008487118
RHOC,Fetal Brain,SCZ,Wald ratio,1,-0.637,0.556,0.529,0.252,NA,NA,NA,0.009224926
VIM,Fetal Brain,SCZ,Wald ratio,1,0.333,0.292,1.395,0.254,NA,NA,NA,0.00938372
ZBTB40,Fetal Brain,SCZ,Wald ratio,1,-0.229,0.201,0.795,0.254,NA,NA,NA,0.009463151
TRIM13,Fetal Brain,SCZ,Wald ratio,1,0.262,0.23,1.3,0.255,NA,NA,NA,0.016921603
GPR98,Fetal Brain,SCZ,Inverse variance weighted,2,-0.762,0.671,0.467,0.256,NA,0.096112401,NA,0.007845346
NUFIP2,Fetal Brain,SCZ,Wald ratio,1,0.968,0.852,2.632,0.256,NA,NA,NA,0.012437778
TSHR,Fetal Brain,SCZ,Wald ratio,1,-0.383,0.338,0.682,0.256,NA,NA,NA,0.011802751
AKAP7,Fetal Brain,SCZ,Wald ratio,1,-0.085,0.075,0.919,0.257,NA,NA,NA,0.012529153
MGAT1,Fetal Brain,SCZ,Wald ratio,1,-0.478,0.421,0.62,0.257,NA,NA,NA,0.02321595
PARD3,Fetal Brain,SCZ,Inverse variance weighted,2,-0.277,0.245,0.758,0.258,NA,0.131673566,NA,0.004957316
LRRC58,Fetal Brain,SCZ,Wald ratio,1,-0.603,0.533,0.547,0.258,NA,NA,NA,0.01062624
ZNF784,Fetal Brain,SCZ,Wald ratio,1,-0.751,0.664,0.472,0.258,NA,NA,NA,0.010642953
NMNAT2,Fetal Brain,SCZ,Wald ratio,1,-1.93,1.709,0.145,0.259,NA,NA,NA,0.031379489
IGSF10,Fetal Brain,SCZ,Wald ratio,1,-0.277,0.246,0.758,0.259,NA,NA,NA,0.009509279
CORO1C,Fetal Brain,SCZ,Wald ratio,1,-0.889,0.789,0.411,0.26,NA,NA,NA,0.010943531
PRMT8,Fetal Brain,SCZ,Wald ratio,1,-0.658,0.584,0.518,0.26,NA,NA,NA,0.010966342
FBXO21,Fetal Brain,SCZ,Wald ratio,1,-0.885,0.785,0.413,0.26,NA,NA,NA,0.010924904
RBM47,Fetal Brain,SCZ,Wald ratio,1,-0.273,0.243,0.761,0.26,NA,NA,NA,0.009505349
UNC13A,Fetal Brain,SCZ,Inverse variance weighted,2,0.148,0.131,1.159,0.26,NA,0.762436176,NA,0.006673533
HOOK1,Fetal Brain,SCZ,Inverse variance weighted,2,-0.913,0.811,0.401,0.26,NA,0.87445138,NA,0.005645255
HHAT,Fetal Brain,SCZ,Wald ratio,1,-2.728,2.425,0.065,0.261,NA,NA,NA,0.009501015
C16orf79,Fetal Brain,SCZ,Wald ratio,1,-0.209,0.185,0.812,0.261,NA,NA,NA,0.008197637
AGPAT3,Fetal Brain,SCZ,Wald ratio,1,0.357,0.32,1.429,0.264,NA,NA,NA,0.008663655
SLC25A32,Fetal Brain,SCZ,Wald ratio,1,-0.132,0.118,0.876,0.264,NA,NA,NA,0.007941419
USO1,Fetal Brain,SCZ,Wald ratio,1,-0.291,0.261,0.747,0.264,NA,NA,NA,0.011832357
BRD3,Fetal Brain,SCZ,Wald ratio,1,0.622,0.557,1.862,0.264,NA,NA,NA,0.008755963
C1orf66,Fetal Brain,SCZ,Wald ratio,1,0.679,0.608,1.971,0.265,NA,NA,NA,0.009566991
PTPLB,Fetal Brain,SCZ,Wald ratio,1,0.563,0.507,1.757,0.267,NA,NA,NA,0.010770568
HMGB1L1,Fetal Brain,SCZ,Wald ratio,1,0.252,0.227,1.286,0.268,NA,NA,NA,0.008411466
KCNT1,Fetal Brain,SCZ,Wald ratio,1,-0.328,0.296,0.72,0.268,NA,NA,NA,0.019895212
SFRS6,Fetal Brain,SCZ,Wald ratio,1,-0.943,0.851,0.39,0.268,NA,NA,NA,0.009388059
HERPUD1,Fetal Brain,SCZ,Wald ratio,1,1.251,1.135,3.495,0.27,NA,NA,NA,0.007912283
C13orf33,Fetal Brain,SCZ,Wald ratio,1,0.262,0.237,1.299,0.27,NA,NA,NA,0.01139146
LOXL1,Fetal Brain,SCZ,Wald ratio,1,-0.137,0.124,0.872,0.271,NA,NA,NA,0.008077368
ADAMTS2,Fetal Brain,SCZ,Wald ratio,1,-0.113,0.103,0.893,0.271,NA,NA,NA,0.008968284
TNPO1,Fetal Brain,SCZ,Wald ratio,1,-0.847,0.77,0.429,0.271,NA,NA,NA,0.028328217
ARHGEF10L,Fetal Brain,SCZ,Wald ratio,1,-0.237,0.215,0.789,0.272,NA,NA,NA,0.010178387
TAC3,Fetal Brain,SCZ,Wald ratio,1,0.218,0.199,1.244,0.272,NA,NA,NA,0.013778804
VIPR2,Fetal Brain,SCZ,Wald ratio,1,0.553,0.505,1.739,0.273,NA,NA,NA,0.009280664
SRGAP3,Fetal Brain,SCZ,Weighted mode,4,0.206,0.154,1.228,0.274,0.002161737,0.003007234,0.655518772,0.01404358
TGOLN2,Fetal Brain,SCZ,Wald ratio,1,0.273,0.25,1.314,0.274,NA,NA,NA,0.007734778
PAN3,Fetal Brain,SCZ,Wald ratio,1,-0.29,0.265,0.748,0.274,NA,NA,NA,0.010573427
ZNF132,Fetal Brain,SCZ,Wald ratio,1,-0.061,0.056,0.941,0.275,NA,NA,NA,0.007734046
GUCY2E,Fetal Brain,SCZ,Wald ratio,1,-0.387,0.354,0.679,0.275,NA,NA,NA,0.020895367
PAPSS2,Fetal Brain,SCZ,Wald ratio,1,-0.096,0.088,0.908,0.276,NA,NA,NA,0.007893943
TNFAIP1,Fetal Brain,SCZ,Wald ratio,1,1.038,0.952,2.823,0.276,NA,NA,NA,0.018450002
PKP3,Fetal Brain,SCZ,Wald ratio,1,-0.068,0.062,0.934,0.276,NA,NA,NA,0.010003831
GJB5,Fetal Brain,SCZ,Wald ratio,1,-0.136,0.125,0.873,0.277,NA,NA,NA,0.00813632
FXYD6,Fetal Brain,SCZ,Inverse variance weighted,2,0.142,0.131,1.153,0.277,NA,0.534565204,NA,0.008598737
XRCC2,Fetal Brain,SCZ,Wald ratio,1,0.345,0.317,1.412,0.277,NA,NA,NA,0.017130652
ITGB2,Fetal Brain,SCZ,Wald ratio,1,0.14,0.129,1.151,0.277,NA,NA,NA,0.009353112
FAM83F,Fetal Brain,SCZ,Wald ratio,1,-0.142,0.131,0.867,0.278,NA,NA,NA,0.008373916
SLC37A2,Fetal Brain,SCZ,Wald ratio,1,0.236,0.218,1.266,0.279,NA,NA,NA,0.018968252
DLGAP2,Fetal Brain,SCZ,Wald ratio,1,0.228,0.211,1.256,0.28,NA,NA,NA,0.007725856
PSMC3,Fetal Brain,SCZ,Wald ratio,1,0.258,0.239,1.295,0.28,NA,NA,NA,0.007806832
TTC12,Fetal Brain,SCZ,Wald ratio,1,-0.142,0.132,0.867,0.281,NA,NA,NA,0.007885653
PAK4,Fetal Brain,SCZ,Wald ratio,1,0.22,0.204,1.246,0.281,NA,NA,NA,0.008043896
PPP1R3A,Fetal Brain,SCZ,Wald ratio,1,-0.512,0.476,0.599,0.282,NA,NA,NA,0.018089683
EI24,Fetal Brain,SCZ,Wald ratio,1,0.588,0.547,1.8,0.283,NA,NA,NA,0.008278039
NOLC1,Fetal Brain,SCZ,Wald ratio,1,-0.259,0.242,0.772,0.284,NA,NA,NA,0.015994907
ALS2CL,Fetal Brain,SCZ,Wald ratio,1,-1.319,1.232,0.267,0.285,NA,NA,NA,0.01481936
SSC5D,Fetal Brain,SCZ,Wald ratio,1,-0.185,0.173,0.832,0.285,NA,NA,NA,0.007631009
F7,Fetal Brain,SCZ,Wald ratio,1,0.426,0.399,1.531,0.286,NA,NA,NA,0.009151282
RD3,Fetal Brain,SCZ,Wald ratio,1,-0.169,0.159,0.845,0.287,NA,NA,NA,0.00810722
GRM7,Fetal Brain,SCZ,Wald ratio,1,-0.214,0.201,0.808,0.287,NA,NA,NA,0.008189308
IRX3,Fetal Brain,SCZ,Wald ratio,1,1.37,1.29,3.935,0.288,NA,NA,NA,0.008347799
SCML4,Fetal Brain,SCZ,Inverse variance weighted,2,0.911,0.86,2.488,0.289,NA,0.000374522,NA,0.999611293
DNAJB4,Fetal Brain,SCZ,Wald ratio,1,0.332,0.313,1.394,0.289,NA,NA,NA,0.008666413
C20orf94,Fetal Brain,SCZ,Wald ratio,1,-0.398,0.377,0.672,0.29,NA,NA,NA,0.007534105
SLC35F2,Fetal Brain,SCZ,Wald ratio,1,-0.577,0.545,0.562,0.29,NA,NA,NA,0.007534106
TOX,Fetal Brain,SCZ,Wald ratio,1,0.226,0.214,1.254,0.291,NA,NA,NA,0.007613681
API5,Fetal Brain,SCZ,Wald ratio,1,-1.099,1.04,0.333,0.291,NA,NA,NA,0.007613681
CCDC63,Fetal Brain,SCZ,Wald ratio,1,1.235,1.169,3.438,0.291,NA,NA,NA,0.007782011
A4GALT,Fetal Brain,SCZ,Wald ratio,1,-0.292,0.277,0.747,0.291,NA,NA,NA,0.007693231
NARG2,Fetal Brain,SCZ,Wald ratio,1,-0.155,0.147,0.857,0.292,NA,NA,NA,0.009550498
SHISA9,Fetal Brain,SCZ,Wald ratio,1,-0.554,0.53,0.574,0.296,NA,NA,NA,0.007447741
SNTB1,Fetal Brain,SCZ,Wald ratio,1,0.335,0.321,1.399,0.296,NA,NA,NA,0.007609987
STYX,Fetal Brain,SCZ,Wald ratio,1,-0.213,0.204,0.808,0.296,NA,NA,NA,0.007524978
SLC23A1,Fetal Brain,SCZ,Wald ratio,1,-0.185,0.177,0.831,0.296,NA,NA,NA,0.007772743
DNAJC18,Fetal Brain,SCZ,Wald ratio,1,-0.239,0.229,0.787,0.296,NA,NA,NA,0.0077721
CELSR1,Fetal Brain,SCZ,Wald ratio,1,-0.082,0.079,0.921,0.297,NA,NA,NA,0.007931931
ANKRD43,Fetal Brain,SCZ,Wald ratio,1,-0.726,0.7,0.484,0.299,NA,NA,NA,0.015232414
HMMR,Fetal Brain,SCZ,Wald ratio,1,-0.707,0.681,0.493,0.299,NA,NA,NA,0.015188232
C8orf73,Fetal Brain,SCZ,Wald ratio,1,0.722,0.695,2.058,0.299,NA,NA,NA,0.008876975
TPO,Fetal Brain,SCZ,Simple mode,4,-0.387,0.309,0.679,0.299,0.26008668,0.362650933,0.604093752,0.00537468
SLC16A9,Fetal Brain,SCZ,Wald ratio,1,0.133,0.129,1.143,0.299,NA,NA,NA,0.008973336
ZNF492,Fetal Brain,SCZ,Wald ratio,1,-0.142,0.137,0.868,0.299,NA,NA,NA,0.011294752
TAF3,Fetal Brain,SCZ,Wald ratio,1,-0.267,0.258,0.765,0.301,NA,NA,NA,0.007359237
EDN1,Fetal Brain,SCZ,Wald ratio,1,-0.172,0.166,0.842,0.301,NA,NA,NA,0.007522059
ZNF619,Fetal Brain,SCZ,Inverse variance weighted,2,-1.262,1.221,0.283,0.301,NA,0.986669356,NA,0.007431949
ZDHHC4,Fetal Brain,SCZ,Wald ratio,1,-0.413,0.401,0.661,0.302,NA,NA,NA,0.010574294
LOC221122,Fetal Brain,SCZ,Wald ratio,1,-0.199,0.193,0.82,0.302,NA,NA,NA,0.008001509
FAIM2,Fetal Brain,SCZ,Wald ratio,1,0.527,0.511,1.693,0.303,NA,NA,NA,0.008570329
RPL14,Fetal Brain,SCZ,Inverse variance weighted,2,0.18,0.175,1.197,0.303,NA,0.930792928,NA,0.007434664
STXBP6,Fetal Brain,SCZ,Wald ratio,1,0.932,0.907,2.541,0.304,NA,NA,NA,0.009043097
NEK11,Fetal Brain,SCZ,Wald ratio,1,0.269,0.262,1.309,0.304,NA,NA,NA,0.009203971
STXBP5,Fetal Brain,SCZ,Wald ratio,1,0.318,0.311,1.374,0.306,NA,NA,NA,0.007193438
C8orf41,Fetal Brain,SCZ,Wald ratio,1,-0.267,0.261,0.766,0.307,NA,NA,NA,0.007679968
ANO3,Fetal Brain,SCZ,Wald ratio,1,-0.165,0.161,0.848,0.307,NA,NA,NA,0.007591358
RSPO2,Fetal Brain,SCZ,Wald ratio,1,-0.505,0.494,0.604,0.307,NA,NA,NA,0.00759298
EEPD1,Fetal Brain,SCZ,Simple mode,3,-0.637,0.47,0.529,0.308,0.690418079,0.390154224,0.414387078,0.004467085
SLCO3A1,Fetal Brain,SCZ,Wald ratio,1,-0.492,0.482,0.612,0.308,NA,NA,NA,0.008723087
STAT5A,Fetal Brain,SCZ,Inverse variance weighted,2,0.337,0.331,1.401,0.309,NA,0.442858427,NA,0.015807039
BTBD1,Fetal Brain,SCZ,Wald ratio,1,-2.059,2.035,0.128,0.312,NA,NA,NA,0.007190369
FUT8,Fetal Brain,SCZ,Wald ratio,1,-2.687,2.657,0.068,0.312,NA,NA,NA,0.007510611
RNASET2,Fetal Brain,SCZ,Wald ratio,1,0.973,0.962,2.647,0.312,NA,NA,NA,0.007595599
ARSB,Fetal Brain,SCZ,Wald ratio,1,-0.348,0.344,0.706,0.312,NA,NA,NA,0.007677021
ABR,Fetal Brain,SCZ,Inverse variance weighted,2,0.196,0.193,1.216,0.312,NA,0.993909224,NA,0.005760037
ARNT2,Fetal Brain,SCZ,Wald ratio,1,-0.942,0.933,0.39,0.312,NA,NA,NA,0.015911713
C14orf182,Fetal Brain,SCZ,Wald ratio,1,0.279,0.277,1.322,0.313,NA,NA,NA,0.009041787
ST6GALNAC2,Fetal Brain,SCZ,Wald ratio,1,0.248,0.246,1.281,0.313,NA,NA,NA,0.008621134
PFKFB3,Fetal Brain,SCZ,Wald ratio,1,-5.618,5.574,0.004,0.314,NA,NA,NA,0.038015777
LOC441666,Fetal Brain,SCZ,Wald ratio,1,-0.234,0.233,0.791,0.314,NA,NA,NA,0.010078324
LOC84856,Fetal Brain,SCZ,Wald ratio,1,-0.233,0.231,0.792,0.314,NA,NA,NA,0.010078447
PLA2G1B,Fetal Brain,SCZ,Wald ratio,1,-0.098,0.097,0.907,0.314,NA,NA,NA,0.010477363
CD86,Fetal Brain,SCZ,Wald ratio,1,0.147,0.146,1.158,0.314,NA,NA,NA,0.012697734
IL17RD,Fetal Brain,SCZ,Wald ratio,1,0.099,0.098,1.104,0.314,NA,NA,NA,0.012691017
PLCH1,Fetal Brain,SCZ,Wald ratio,1,0.091,0.09,1.095,0.314,NA,NA,NA,0.012693674
EIF4G1,Fetal Brain,SCZ,Wald ratio,1,0.136,0.135,1.146,0.314,NA,NA,NA,0.012694579
TXNDC12,Fetal Brain,SCZ,Wald ratio,1,-0.525,0.525,0.592,0.317,NA,NA,NA,0.009172423
CNTN4,Fetal Brain,SCZ,Wald ratio,1,0.161,0.161,1.174,0.317,NA,NA,NA,0.009521661
CD8B,Fetal Brain,SCZ,Wald ratio,1,-0.368,0.368,0.692,0.317,NA,NA,NA,0.019649397
USP13,Fetal Brain,SCZ,Wald ratio,1,0.217,0.217,1.242,0.317,NA,NA,NA,0.007269296
MLLT11,Fetal Brain,SCZ,Wald ratio,1,-0.234,0.234,0.792,0.317,NA,NA,NA,0.008791228
HCN4,Fetal Brain,SCZ,Wald ratio,1,1.678,1.678,5.353,0.317,NA,NA,NA,0.015480476
CCDC73,Fetal Brain,SCZ,Wald ratio,1,-0.268,0.268,0.765,0.317,NA,NA,NA,0.007105671
AMZ2,Fetal Brain,SCZ,Wald ratio,1,-0.677,0.677,0.508,0.317,NA,NA,NA,0.008394781
ARHGAP8,Fetal Brain,SCZ,Wald ratio,1,-1.541,1.542,0.214,0.318,NA,NA,NA,0.00766914
SEMA3A,Fetal Brain,SCZ,Wald ratio,1,-0.268,0.27,0.765,0.321,NA,NA,NA,0.011034557
CLPB,Fetal Brain,SCZ,Wald ratio,1,0.245,0.248,1.278,0.322,NA,NA,NA,0.008880177
CCDC37,Fetal Brain,SCZ,Wald ratio,1,-0.185,0.187,0.831,0.322,NA,NA,NA,0.008481418
LPCAT1,Fetal Brain,SCZ,Wald ratio,1,-0.176,0.177,0.839,0.322,NA,NA,NA,0.008879233
TFAM,Fetal Brain,SCZ,Wald ratio,1,2.325,2.349,10.23,0.322,NA,NA,NA,0.008236133
RALYL,Fetal Brain,SCZ,Wald ratio,1,-0.608,0.615,0.544,0.322,NA,NA,NA,0.007837427
MBNL2,Fetal Brain,SCZ,Wald ratio,1,-0.262,0.265,0.77,0.322,NA,NA,NA,0.007676493
OR7D2,Fetal Brain,SCZ,Wald ratio,1,0.195,0.197,1.216,0.322,NA,NA,NA,0.007993867
SERPINH1,Fetal Brain,SCZ,Wald ratio,1,0.188,0.19,1.207,0.323,NA,NA,NA,0.007510039
COL6A2,Fetal Brain,SCZ,Wald ratio,1,0.319,0.322,1.375,0.323,NA,NA,NA,0.007430041
FREM1,Fetal Brain,SCZ,Wald ratio,1,0.661,0.668,1.936,0.323,NA,NA,NA,0.007342631
C8orf85,Fetal Brain,SCZ,Wald ratio,1,-0.188,0.19,0.829,0.323,NA,NA,NA,0.007109886
MTIF3,Fetal Brain,SCZ,Wald ratio,1,-0.072,0.073,0.931,0.323,NA,NA,NA,0.006943472
PVRL1,Fetal Brain,SCZ,Wald ratio,1,0.787,0.798,2.198,0.324,NA,NA,NA,0.01186952
SVIL,Fetal Brain,SCZ,Inverse variance weighted,2,-0.093,0.094,0.911,0.325,NA,0.709499182,NA,0.011577322
DLX4,Fetal Brain,SCZ,Wald ratio,1,0.245,0.249,1.277,0.326,NA,NA,NA,0.008723239
HEATR3,Fetal Brain,SCZ,Wald ratio,1,0.187,0.191,1.206,0.328,NA,NA,NA,0.007672249
P2RX1,Fetal Brain,SCZ,Wald ratio,1,-0.166,0.169,0.847,0.328,NA,NA,NA,0.007352506
TTLL7,Fetal Brain,SCZ,Wald ratio,1,0.389,0.397,1.475,0.328,NA,NA,NA,0.007240137
CHST6,Fetal Brain,SCZ,Wald ratio,1,-0.121,0.124,0.886,0.328,NA,NA,NA,0.007032265
RAB3IL1,Fetal Brain,SCZ,Wald ratio,1,-0.981,1.004,0.375,0.328,NA,NA,NA,0.006952129
LOXL2,Fetal Brain,SCZ,Wald ratio,1,-0.126,0.129,0.881,0.329,NA,NA,NA,0.00686466
BCCIP,Fetal Brain,SCZ,Inverse variance weighted,2,-0.457,0.47,0.633,0.331,NA,0.057067303,NA,0.124597778
MKRN1,Fetal Brain,SCZ,Wald ratio,1,-0.339,0.35,0.712,0.332,NA,NA,NA,0.010563387
ZFHX3,Fetal Brain,SCZ,Inverse variance weighted,2,0.134,0.138,1.143,0.333,NA,0.697462461,NA,0.006592388
WIT1,Fetal Brain,SCZ,Wald ratio,1,-0.416,0.431,0.659,0.334,NA,NA,NA,0.00711652
SLC6A18,Fetal Brain,SCZ,Wald ratio,1,-0.378,0.391,0.686,0.334,NA,NA,NA,0.007113258
TMEM120B,Fetal Brain,SCZ,Wald ratio,1,-0.148,0.154,0.862,0.334,NA,NA,NA,0.006956354
CARS,Fetal Brain,SCZ,Wald ratio,1,-0.614,0.635,0.541,0.334,NA,NA,NA,0.006956354
C4orf19,Fetal Brain,SCZ,Wald ratio,1,1.273,1.322,3.572,0.335,NA,NA,NA,0.008646001
SMOC2,Fetal Brain,SCZ,Simple mode,3,0.561,0.447,1.753,0.336,0.340907399,0.322965908,0.45201916,0.012544563
GRIK3,Fetal Brain,SCZ,Wald ratio,1,-0.309,0.323,0.734,0.339,NA,NA,NA,0.007041669
PIGQ,Fetal Brain,SCZ,Wald ratio,1,0.039,0.041,1.04,0.34,NA,NA,NA,0.008732944
FKBP5,Fetal Brain,SCZ,Wald ratio,1,0.203,0.213,1.225,0.34,NA,NA,NA,0.006801252
PNPLA6,Fetal Brain,SCZ,Wald ratio,1,0.969,1.015,2.634,0.34,NA,NA,NA,0.008454937
FAIM3,Fetal Brain,SCZ,Wald ratio,1,-0.131,0.138,0.877,0.34,NA,NA,NA,0.0067198
DPF3,Fetal Brain,SCZ,Wald ratio,1,0.186,0.196,1.205,0.342,NA,NA,NA,0.011062092
OPRD1,Fetal Brain,SCZ,Inverse variance weighted,2,-0.315,0.332,0.73,0.342,NA,0.817197117,NA,0.014155311
ABLIM2,Fetal Brain,SCZ,Wald ratio,1,0.276,0.29,1.317,0.343,NA,NA,NA,0.007608589
MMP17,Fetal Brain,SCZ,Wald ratio,1,-0.166,0.176,0.847,0.343,NA,NA,NA,0.007369157
CD209,Fetal Brain,SCZ,Wald ratio,1,-0.209,0.221,0.811,0.344,NA,NA,NA,0.007285008
SLC2A8,Fetal Brain,SCZ,Inverse variance weighted,2,0.583,0.616,1.791,0.345,NA,0.166948568,NA,0.004833676
TMEM120A,Fetal Brain,SCZ,Wald ratio,1,-0.852,0.902,0.427,0.345,NA,NA,NA,0.007045142
COL24A1,Fetal Brain,SCZ,Wald ratio,1,-0.635,0.673,0.53,0.346,NA,NA,NA,0.023635313
MYRIP,Fetal Brain,SCZ,Wald ratio,1,-0.387,0.411,0.679,0.346,NA,NA,NA,0.006721903
DHRS7,Fetal Brain,SCZ,Wald ratio,1,-0.365,0.388,0.694,0.347,NA,NA,NA,0.009069011
MTPAP,Fetal Brain,SCZ,Wald ratio,1,-0.86,0.915,0.423,0.347,NA,NA,NA,0.015075442
STK32C,Fetal Brain,SCZ,Wald ratio,1,-0.149,0.159,0.862,0.349,NA,NA,NA,0.007217953
HADHA,Fetal Brain,SCZ,Wald ratio,1,-0.201,0.215,0.818,0.351,NA,NA,NA,0.008030982
FAM59B,Fetal Brain,SCZ,Wald ratio,1,-0.179,0.192,0.836,0.351,NA,NA,NA,0.008030977
NEDD4,Fetal Brain,SCZ,Wald ratio,1,0.128,0.138,1.137,0.351,NA,NA,NA,0.008030982
EPS8L1,Fetal Brain,SCZ,Wald ratio,1,-0.251,0.269,0.778,0.351,NA,NA,NA,0.006731827
CST9L,Fetal Brain,SCZ,Wald ratio,1,-0.308,0.33,0.735,0.351,NA,NA,NA,0.006736616
CSNK1A1L,Fetal Brain,SCZ,Wald ratio,1,-0.584,0.628,0.557,0.352,NA,NA,NA,0.006629995
IL17RA,Fetal Brain,SCZ,Wald ratio,1,-0.803,0.862,0.448,0.352,NA,NA,NA,0.006574323
MED16,Fetal Brain,SCZ,Wald ratio,1,0.09,0.096,1.094,0.352,NA,NA,NA,0.007705844
SLCO5A1,Fetal Brain,SCZ,Wald ratio,1,-0.276,0.297,0.758,0.352,NA,NA,NA,0.011808863
PPIL3,Fetal Brain,SCZ,Wald ratio,1,0.837,0.901,2.309,0.353,NA,NA,NA,0.029351633
STT3B,Fetal Brain,SCZ,Wald ratio,1,2.46,2.653,11.705,0.354,NA,NA,NA,0.008359331
AKAP12,Fetal Brain,SCZ,Wald ratio,1,-0.255,0.276,0.775,0.356,NA,NA,NA,0.007860057
CTBP2,Fetal Brain,SCZ,Wald ratio,1,0.181,0.196,1.198,0.357,NA,NA,NA,0.006663926
AMZ1,Fetal Brain,SCZ,Wald ratio,1,-0.426,0.463,0.653,0.358,NA,NA,NA,0.012993886
OSBPL3,Fetal Brain,SCZ,Wald ratio,1,-0.177,0.193,0.838,0.358,NA,NA,NA,0.013000623
LGALS8,Fetal Brain,SCZ,Wald ratio,1,-0.185,0.202,0.831,0.36,NA,NA,NA,0.007075549
SPPL2B,Fetal Brain,SCZ,Wald ratio,1,-0.22,0.241,0.803,0.362,NA,NA,NA,0.006758851
TDG,Fetal Brain,SCZ,Wald ratio,1,-0.063,0.069,0.939,0.362,NA,NA,NA,0.006754034
USP30,Fetal Brain,SCZ,Wald ratio,1,1.379,1.516,3.97,0.363,NA,NA,NA,0.006597179
OR4D1,Fetal Brain,SCZ,Wald ratio,1,-0.295,0.324,0.745,0.363,NA,NA,NA,0.006594366
PCBD1,Fetal Brain,SCZ,Wald ratio,1,0.188,0.207,1.207,0.363,NA,NA,NA,0.006589991
POU2AF1,Fetal Brain,SCZ,Wald ratio,1,-0.206,0.227,0.814,0.364,NA,NA,NA,0.007330884
KDM4B,Fetal Brain,SCZ,Wald ratio,1,0.189,0.208,1.208,0.364,NA,NA,NA,0.006514671
LOC441601,Fetal Brain,SCZ,Inverse variance weighted,2,0.152,0.168,1.165,0.365,NA,0.037608445,NA,0.114156983
ZNF767,Fetal Brain,SCZ,Wald ratio,1,-0.144,0.16,0.866,0.367,NA,NA,NA,0.006772028
CCDC21,Fetal Brain,SCZ,Wald ratio,1,-1.84,2.048,0.159,0.369,NA,NA,NA,0.030785871
ZNF766,Fetal Brain,SCZ,Wald ratio,1,0.888,0.991,2.431,0.37,NA,NA,NA,0.006448938
COL13A1,Fetal Brain,SCZ,Wald ratio,1,-0.222,0.247,0.801,0.37,NA,NA,NA,0.00644907
ALOX12,Fetal Brain,SCZ,Wald ratio,1,-0.258,0.287,0.773,0.37,NA,NA,NA,0.006448539
EIF3B,Fetal Brain,SCZ,Wald ratio,1,-1.229,1.372,0.293,0.371,NA,NA,NA,0.007063479
FAT1,Fetal Brain,SCZ,Wald ratio,1,0.756,0.845,2.13,0.371,NA,NA,NA,0.016489762
S100A14,Fetal Brain,SCZ,Inverse variance weighted,2,0.294,0.329,1.341,0.371,NA,0.474370882,NA,0.007677021
SLIT3,Fetal Brain,SCZ,Wald ratio,1,-1.555,1.74,0.211,0.372,NA,NA,NA,0.010342805
ASTN2,Fetal Brain,SCZ,Inverse variance weighted,2,-0.089,0.099,0.915,0.372,NA,0.262325984,NA,0.012682821
MCM5,Fetal Brain,SCZ,Wald ratio,1,-0.348,0.389,0.706,0.372,NA,NA,NA,0.006866892
MAPKAP1,Fetal Brain,SCZ,Wald ratio,1,-0.101,0.113,0.904,0.373,NA,NA,NA,0.01402275
UCKL1AS,Fetal Brain,SCZ,Wald ratio,1,0.183,0.205,1.201,0.373,NA,NA,NA,0.008739624
C9orf68,Fetal Brain,SCZ,Wald ratio,1,-0.162,0.182,0.85,0.373,NA,NA,NA,0.006705657
EVPL,Fetal Brain,SCZ,Wald ratio,1,0.095,0.107,1.1,0.374,NA,NA,NA,0.006702079
TMEM190,Fetal Brain,SCZ,Wald ratio,1,-0.167,0.188,0.846,0.374,NA,NA,NA,0.006625057
G3BP1,Fetal Brain,SCZ,Wald ratio,1,1.243,1.398,3.464,0.374,NA,NA,NA,0.007277808
FLT4,Fetal Brain,SCZ,Wald ratio,1,-0.16,0.181,0.852,0.375,NA,NA,NA,0.007120847
TRIM14,Fetal Brain,SCZ,Wald ratio,1,0.13,0.147,1.139,0.376,NA,NA,NA,0.007694903
FBLN2,Fetal Brain,SCZ,Wald ratio,1,-0.088,0.1,0.916,0.379,NA,NA,NA,0.007215934
FOXK1,Fetal Brain,SCZ,Wald ratio,1,-0.191,0.218,0.826,0.38,NA,NA,NA,0.006558943
TSPAN14,Fetal Brain,SCZ,Inverse variance weighted,2,0.218,0.249,1.244,0.38,NA,0.720449909,NA,0.008342963
EPB41,Fetal Brain,SCZ,Wald ratio,1,-0.239,0.273,0.788,0.381,NA,NA,NA,0.009906597
PRKAG2,Fetal Brain,SCZ,Wald ratio,1,0.246,0.282,1.279,0.382,NA,NA,NA,0.007469768
BLCAP,Fetal Brain,SCZ,Wald ratio,1,-0.554,0.634,0.575,0.382,NA,NA,NA,0.007469768
MT1X,Fetal Brain,SCZ,Wald ratio,1,-0.332,0.38,0.717,0.382,NA,NA,NA,0.006320698
RAC1,Fetal Brain,SCZ,Wald ratio,1,-0.397,0.455,0.672,0.382,NA,NA,NA,0.006319288
C1orf77,Fetal Brain,SCZ,Inverse variance weighted,2,-0.148,0.17,0.863,0.386,NA,0.454838606,NA,0.007677021
ANO2,Fetal Brain,SCZ,Wald ratio,1,0.192,0.222,1.211,0.388,NA,NA,NA,0.007815214
TCL1B,Fetal Brain,SCZ,Wald ratio,1,-0.133,0.155,0.875,0.389,NA,NA,NA,0.006179655
FABP6,Fetal Brain,SCZ,Wald ratio,1,-0.135,0.157,0.874,0.39,NA,NA,NA,0.007171521
CXCL5,Fetal Brain,SCZ,Wald ratio,1,0.214,0.248,1.238,0.39,NA,NA,NA,0.009709163
IMMT,Fetal Brain,SCZ,Wald ratio,1,0.091,0.106,1.095,0.39,NA,NA,NA,0.006176442
TBC1D17,Fetal Brain,SCZ,Inverse variance weighted,2,-0.405,0.471,0.667,0.39,NA,0.110623935,NA,0.007353124
POLE4,Fetal Brain,SCZ,Wald ratio,1,0.547,0.636,1.728,0.39,NA,NA,NA,0.011639364
ZNF562,Fetal Brain,SCZ,Wald ratio,1,-0.543,0.631,0.581,0.39,NA,NA,NA,0.016039369
TMEM107,Fetal Brain,SCZ,Wald ratio,1,0.267,0.311,1.306,0.39,NA,NA,NA,0.006595504
C7orf40,Fetal Brain,SCZ,Wald ratio,1,0.334,0.389,1.396,0.391,NA,NA,NA,0.022001404
MYLK4,Fetal Brain,SCZ,Wald ratio,1,-0.18,0.211,0.835,0.392,NA,NA,NA,0.008412498
FGF1,Fetal Brain,SCZ,Wald ratio,1,-0.461,0.539,0.631,0.393,NA,NA,NA,0.007843634
URB1,Fetal Brain,SCZ,Wald ratio,1,-0.125,0.146,0.883,0.393,NA,NA,NA,0.010215115
WDR33,Fetal Brain,SCZ,Wald ratio,1,-0.185,0.217,0.831,0.394,NA,NA,NA,0.006275388
ANXA2,Fetal Brain,SCZ,Wald ratio,1,0.224,0.262,1.25,0.394,NA,NA,NA,0.007190272
NINJ1,Fetal Brain,SCZ,Wald ratio,1,-0.106,0.124,0.9,0.395,NA,NA,NA,0.008582338
HLA-A,Fetal Brain,SCZ,Wald ratio,1,0.113,0.133,1.119,0.396,NA,NA,NA,0.010313001
HCG2P7,Fetal Brain,SCZ,Wald ratio,1,-0.233,0.274,0.792,0.396,NA,NA,NA,0.010313001
HCG4P6,Fetal Brain,SCZ,Wald ratio,1,0.4,0.471,1.492,0.396,NA,NA,NA,0.010313001
CRISPLD1,Fetal Brain,SCZ,Wald ratio,1,-0.442,0.521,0.643,0.396,NA,NA,NA,0.007032777
ANO1,Fetal Brain,SCZ,Inverse variance weighted,2,0.142,0.167,1.152,0.396,NA,0.326667293,NA,0.010068539
NOL10,Fetal Brain,SCZ,Wald ratio,1,-0.191,0.227,0.826,0.398,NA,NA,NA,0.006869352
CN5H6.4,Fetal Brain,SCZ,Wald ratio,1,-0.448,0.531,0.639,0.399,NA,NA,NA,0.008945211
TRMU,Fetal Brain,SCZ,Wald ratio,1,-0.722,0.857,0.486,0.399,NA,NA,NA,0.008945211
ESPNL,Fetal Brain,SCZ,Wald ratio,1,0.131,0.155,1.14,0.399,NA,NA,NA,0.007624289
TSGA10,Fetal Brain,SCZ,Wald ratio,1,0.646,0.766,1.907,0.4,NA,NA,NA,0.006295164
LIPT1,Fetal Brain,SCZ,Wald ratio,1,0.307,0.365,1.36,0.4,NA,NA,NA,0.006295164
ELMOD1,Fetal Brain,SCZ,Wald ratio,1,-0.159,0.189,0.853,0.4,NA,NA,NA,0.00621797
TGFB2,Fetal Brain,SCZ,Wald ratio,1,0.089,0.105,1.093,0.4,NA,NA,NA,0.006218459
C20orf30,Fetal Brain,SCZ,Wald ratio,1,-0.391,0.47,0.677,0.406,NA,NA,NA,0.007056715
KLRG2,Fetal Brain,SCZ,Wald ratio,1,0.987,1.187,2.683,0.406,NA,NA,NA,0.0062363
CISD1,Fetal Brain,SCZ,Wald ratio,1,-0.881,1.061,0.414,0.406,NA,NA,NA,0.009877603
AGT,Fetal Brain,SCZ,Wald ratio,1,0.134,0.162,1.143,0.407,NA,NA,NA,0.006575385
DAXX,Fetal Brain,SCZ,Inverse variance weighted,2,0.71,0.856,2.033,0.407,NA,0.02378417,NA,0.014276436
ANKRD33B,Fetal Brain,SCZ,Wald ratio,1,0.289,0.348,1.335,0.407,NA,NA,NA,0.006915115
DPY19L4,Fetal Brain,SCZ,Wald ratio,1,-1.343,1.624,0.261,0.408,NA,NA,NA,0.01468602
SLC12A2,Fetal Brain,SCZ,Inverse variance weighted,2,0.151,0.183,1.163,0.408,NA,0.51777097,NA,0.023150976
SLC36A1,Fetal Brain,SCZ,Wald ratio,1,-0.397,0.483,0.672,0.411,NA,NA,NA,0.006261112
C9orf103,Fetal Brain,SCZ,Wald ratio,1,1.236,1.504,3.443,0.411,NA,NA,NA,0.006919303
ACP1,Fetal Brain,SCZ,Wald ratio,1,0.819,0.996,2.268,0.411,NA,NA,NA,0.006258139
NKAIN3,Fetal Brain,SCZ,Wald ratio,1,0.213,0.259,1.238,0.411,NA,NA,NA,0.006258139
GFRA2,Fetal Brain,SCZ,Wald ratio,1,-0.428,0.521,0.652,0.412,NA,NA,NA,0.006597767
ARRB2,Fetal Brain,SCZ,Wald ratio,1,0.136,0.165,1.145,0.412,NA,NA,NA,0.006597302
XAB2,Fetal Brain,SCZ,Wald ratio,1,-1.303,1.59,0.272,0.412,NA,NA,NA,0.007687978
MORN1,Fetal Brain,SCZ,Wald ratio,1,-0.079,0.096,0.924,0.412,NA,NA,NA,0.007687979
TMC7,Fetal Brain,SCZ,Wald ratio,1,-0.394,0.48,0.674,0.412,NA,NA,NA,0.011819208
NRG3,Fetal Brain,SCZ,Wald ratio,1,-1.045,1.278,0.352,0.413,NA,NA,NA,0.018882763
FANCF,Fetal Brain,SCZ,Wald ratio,1,0.384,0.47,1.468,0.414,NA,NA,NA,0.007947226
ZNF498,Fetal Brain,SCZ,Inverse variance weighted,2,0.665,0.814,1.945,0.414,NA,0.623831846,NA,0.014197631
FNDC3B,Fetal Brain,SCZ,Wald ratio,1,-0.155,0.19,0.856,0.415,NA,NA,NA,0.00636211
KIAA1967,Fetal Brain,SCZ,Wald ratio,1,-0.082,0.1,0.922,0.416,NA,NA,NA,0.006283762
COL25A1,Fetal Brain,SCZ,Wald ratio,1,-0.167,0.205,0.846,0.416,NA,NA,NA,0.005941209
GABRA4,Fetal Brain,SCZ,Wald ratio,1,0.38,0.468,1.463,0.416,NA,NA,NA,0.006280845
NOTCH4,Fetal Brain,SCZ,Wald ratio,1,-0.281,0.346,0.755,0.416,NA,NA,NA,0.006617333
MADCAM1,Fetal Brain,SCZ,Wald ratio,1,-0.207,0.256,0.813,0.418,NA,NA,NA,0.006873554
EFHA2,Fetal Brain,SCZ,Wald ratio,1,0.232,0.287,1.262,0.418,NA,NA,NA,0.010045547
ARHGEF19,Fetal Brain,SCZ,Wald ratio,1,0.233,0.289,1.263,0.419,NA,NA,NA,0.006799329
FAM149A,Fetal Brain,SCZ,Wald ratio,1,-0.298,0.37,0.742,0.421,NA,NA,NA,0.004563934
LARP4B,Fetal Brain,SCZ,Wald ratio,1,-0.348,0.434,0.706,0.423,NA,NA,NA,0.00791452
CCDC88C,Fetal Brain,SCZ,Inverse variance weighted,2,0.119,0.148,1.126,0.423,NA,0.341425184,NA,0.007843625
KIAA1191,Fetal Brain,SCZ,Inverse variance weighted,2,0.197,0.246,1.218,0.423,NA,0.007743949,NA,0.021301765
POLN,Fetal Brain,SCZ,Wald ratio,1,-0.244,0.305,0.784,0.424,NA,NA,NA,0.014048883
EFR3A,Fetal Brain,SCZ,Wald ratio,1,0.195,0.244,1.215,0.425,NA,NA,NA,0.00607279
RNF186,Fetal Brain,SCZ,Wald ratio,1,-0.248,0.311,0.781,0.425,NA,NA,NA,0.006063525
CGB1,Fetal Brain,SCZ,Wald ratio,1,-0.181,0.227,0.834,0.426,NA,NA,NA,0.007344166
TUFT1,Fetal Brain,SCZ,Wald ratio,1,-0.135,0.17,0.874,0.426,NA,NA,NA,0.006331501
PIK3CD,Fetal Brain,SCZ,Wald ratio,1,0.176,0.221,1.193,0.426,NA,NA,NA,0.005994196
CEND1,Fetal Brain,SCZ,Wald ratio,1,0.138,0.173,1.148,0.426,NA,NA,NA,0.008946039
LOC440925,Fetal Brain,SCZ,Wald ratio,1,0.286,0.36,1.331,0.426,NA,NA,NA,0.011843065
D4S234E,Fetal Brain,SCZ,Wald ratio,1,-0.088,0.111,0.916,0.426,NA,NA,NA,0.008272954
CAMSAP1,Fetal Brain,SCZ,Wald ratio,1,-0.199,0.251,0.819,0.426,NA,NA,NA,0.00827475
PSMG1,Fetal Brain,SCZ,Simple mode,4,-2.341,2.551,0.096,0.426,0.22575214,0.013461417,0.150400253,0.569146304
PGLYRP4,Fetal Brain,SCZ,Wald ratio,1,0.145,0.183,1.156,0.427,NA,NA,NA,0.0082716
DBX1,Fetal Brain,SCZ,Wald ratio,1,-0.457,0.574,0.633,0.427,NA,NA,NA,0.012439894
MORF4,Fetal Brain,SCZ,Wald ratio,1,-0.437,0.551,0.646,0.427,NA,NA,NA,0.005908652
CCDC102A,Fetal Brain,SCZ,Wald ratio,1,-0.113,0.143,0.893,0.428,NA,NA,NA,0.006249945
ECE2,Fetal Brain,SCZ,Wald ratio,1,-0.387,0.489,0.679,0.428,NA,NA,NA,0.009711303
ADARB2,Fetal Brain,SCZ,Inverse variance weighted,4,-0.043,0.055,0.958,0.429,0.263172362,0.294902509,0.471085355,0.021497914
ALG10B,Fetal Brain,SCZ,Inverse variance weighted,2,-0.206,0.261,0.813,0.429,NA,0.148289826,NA,0.005137018
SLC39A11,Fetal Brain,SCZ,Wald ratio,1,0.32,0.405,1.377,0.429,NA,NA,NA,0.005833262
CSTF3,Fetal Brain,SCZ,Wald ratio,1,0.349,0.443,1.417,0.431,NA,NA,NA,0.006353747
MAP3K14,Fetal Brain,SCZ,Wald ratio,1,0.998,1.27,2.712,0.432,NA,NA,NA,0.006615103
C19orf77,Fetal Brain,SCZ,Wald ratio,1,-0.054,0.069,0.947,0.433,NA,NA,NA,0.006275216
C19orf28,Fetal Brain,SCZ,Wald ratio,1,-0.287,0.366,0.751,0.433,NA,NA,NA,0.006275116
SUGT1P1,Fetal Brain,SCZ,Wald ratio,1,-0.543,0.694,0.581,0.434,NA,NA,NA,0.006795905
IFITM3,Fetal Brain,SCZ,Wald ratio,1,0.078,0.101,1.082,0.436,NA,NA,NA,0.006118277
WDR37,Fetal Brain,SCZ,Wald ratio,1,-0.67,0.859,0.512,0.436,NA,NA,NA,0.007908957
PTPRE,Fetal Brain,SCZ,Wald ratio,1,0.103,0.132,1.108,0.436,NA,NA,NA,0.006044345
IFITM1,Fetal Brain,SCZ,Wald ratio,1,0.201,0.259,1.223,0.437,NA,NA,NA,0.010185601
CENPN,Fetal Brain,SCZ,Wald ratio,1,0.113,0.145,1.119,0.438,NA,NA,NA,0.006563479
SEC14L1,Fetal Brain,SCZ,Wald ratio,1,-0.733,0.946,0.48,0.438,NA,NA,NA,0.007391722
TANC1,Fetal Brain,SCZ,Wald ratio,1,0.473,0.612,1.605,0.439,NA,NA,NA,0.00588837
CRYGD,Fetal Brain,SCZ,Wald ratio,1,-0.122,0.157,0.886,0.439,NA,NA,NA,0.00588837
ZBTB46,Fetal Brain,SCZ,Wald ratio,1,0.136,0.176,1.146,0.441,NA,NA,NA,0.006144474
RUNX3,Fetal Brain,SCZ,Inverse variance weighted,2,-0.119,0.154,0.888,0.441,NA,0.446074235,NA,0.005310558
DSCAM,Fetal Brain,SCZ,Wald ratio,1,0.235,0.305,1.265,0.441,NA,NA,NA,0.005810084
MYO15B,Fetal Brain,SCZ,Wald ratio,1,-0.208,0.271,0.812,0.443,NA,NA,NA,0.00599347
FAM172A,Fetal Brain,SCZ,Wald ratio,1,1.325,1.728,3.76,0.443,NA,NA,NA,0.02237062
TACC2,Fetal Brain,SCZ,Wald ratio,1,0.141,0.185,1.152,0.445,NA,NA,NA,0.008146262
SORCS2,Fetal Brain,SCZ,Inverse variance weighted,2,-0.072,0.094,0.931,0.445,NA,0.808388222,NA,0.011013646
ALG1,Fetal Brain,SCZ,Wald ratio,1,-0.502,0.657,0.606,0.445,NA,NA,NA,0.006176606
CES4,Fetal Brain,SCZ,Wald ratio,1,-0.054,0.07,0.948,0.445,NA,NA,NA,0.005912216
GAN,Fetal Brain,SCZ,Wald ratio,1,-1.116,1.468,0.327,0.447,NA,NA,NA,0.01389934
HIBADH,Fetal Brain,SCZ,Wald ratio,1,-0.739,0.975,0.478,0.449,NA,NA,NA,0.006540397
CHCHD2,Fetal Brain,SCZ,Wald ratio,1,-0.904,1.194,0.405,0.449,NA,NA,NA,0.007320549
MYO7B,Fetal Brain,SCZ,Wald ratio,1,-0.444,0.588,0.641,0.45,NA,NA,NA,0.011737913
LEPREL1,Fetal Brain,SCZ,Wald ratio,1,-0.222,0.296,0.801,0.453,NA,NA,NA,0.012467836
RPH3A,Fetal Brain,SCZ,Wald ratio,1,-0.232,0.311,0.793,0.455,NA,NA,NA,0.012573353
ADORA1,Fetal Brain,SCZ,Wald ratio,1,-0.222,0.297,0.801,0.455,NA,NA,NA,0.006489115
XPO7,Fetal Brain,SCZ,Wald ratio,1,-0.237,0.317,0.789,0.455,NA,NA,NA,0.005708623
MTMR9,Fetal Brain,SCZ,Wald ratio,1,-1.371,1.836,0.254,0.455,NA,NA,NA,0.005598963
TSPO,Fetal Brain,SCZ,Wald ratio,1,0.21,0.282,1.234,0.457,NA,NA,NA,0.006410931
NR3C1,Fetal Brain,SCZ,Wald ratio,1,1.028,1.382,2.795,0.457,NA,NA,NA,0.007892733
NAPRT1,Fetal Brain,SCZ,Wald ratio,1,0.218,0.294,1.244,0.458,NA,NA,NA,0.009354704
SMPDL3A,Fetal Brain,SCZ,Wald ratio,1,0.686,0.928,1.986,0.459,NA,NA,NA,0.00946803
TXNRD1,Fetal Brain,SCZ,Wald ratio,1,-0.224,0.303,0.799,0.46,NA,NA,NA,0.006000296
RB1CC1,Fetal Brain,SCZ,Wald ratio,1,-0.143,0.193,0.867,0.46,NA,NA,NA,0.006000296
KIAA1409,Fetal Brain,SCZ,Wald ratio,1,-0.438,0.594,0.645,0.461,NA,NA,NA,0.011966385
SMAD1,Fetal Brain,SCZ,Wald ratio,1,0.324,0.441,1.383,0.462,NA,NA,NA,0.011210916
IVNS1ABP,Fetal Brain,SCZ,Wald ratio,1,-0.38,0.519,0.684,0.464,NA,NA,NA,0.011737056
TMEM212,Fetal Brain,SCZ,Wald ratio,1,0.139,0.19,1.149,0.465,NA,NA,NA,0.006282315
ANK1,Fetal Brain,SCZ,Wald ratio,1,0.18,0.246,1.197,0.466,NA,NA,NA,0.006470366
MYO1C,Fetal Brain,SCZ,Wald ratio,1,0.084,0.115,1.087,0.467,NA,NA,NA,0.170536798
PRDM16,Fetal Brain,SCZ,MR Egger,5,-0.225,0.271,0.799,0.468,0.014657652,0.014518699,0.514964267,0.0084364
SCARF2,Fetal Brain,SCZ,Wald ratio,1,0.124,0.171,1.132,0.468,NA,NA,NA,0.006133384
AKT1S1,Fetal Brain,SCZ,Inverse variance weighted,2,-0.849,1.172,0.428,0.469,NA,0.088382065,NA,0.007353383
SLC35F5,Fetal Brain,SCZ,Wald ratio,1,-0.287,0.397,0.75,0.47,NA,NA,NA,0.006503617
BANP,Fetal Brain,SCZ,Wald ratio,1,-0.037,0.051,0.964,0.47,NA,NA,NA,0.00579754
CNGB3,Fetal Brain,SCZ,Wald ratio,1,-0.073,0.101,0.929,0.471,NA,NA,NA,0.006240039
CYB561,Fetal Brain,SCZ,Wald ratio,1,-0.181,0.251,0.834,0.471,NA,NA,NA,0.005537762
CTTN,Fetal Brain,SCZ,Wald ratio,1,-0.514,0.714,0.598,0.471,NA,NA,NA,0.006683894
RSU1,Fetal Brain,SCZ,Wald ratio,1,0.074,0.103,1.077,0.471,NA,NA,NA,0.005537043
ZNF234,Fetal Brain,SCZ,Wald ratio,1,-0.063,0.088,0.939,0.472,NA,NA,NA,0.005721635
LOC148709,Fetal Brain,SCZ,Wald ratio,1,0.531,0.739,1.701,0.472,NA,NA,NA,0.005721635
SARDH,Fetal Brain,SCZ,Wald ratio,1,-0.156,0.217,0.855,0.472,NA,NA,NA,0.005711471
TRDMT1,Fetal Brain,SCZ,Wald ratio,1,0.211,0.293,1.235,0.473,NA,NA,NA,0.010819622
SCAMP4,Fetal Brain,SCZ,Wald ratio,1,-0.104,0.146,0.901,0.473,NA,NA,NA,0.005906145
GCC2,Fetal Brain,SCZ,Wald ratio,1,0.158,0.22,1.171,0.474,NA,NA,NA,0.005644714
GFRAL,Fetal Brain,SCZ,Wald ratio,1,-0.141,0.197,0.869,0.476,NA,NA,NA,0.006458279
ODF4,Fetal Brain,SCZ,Wald ratio,1,0.102,0.144,1.108,0.476,NA,NA,NA,0.006011642
ONECUT1,Fetal Brain,SCZ,Wald ratio,1,-0.437,0.613,0.646,0.476,NA,NA,NA,0.007965629
SPTY2D1,Fetal Brain,SCZ,Wald ratio,1,0.493,0.692,1.637,0.477,NA,NA,NA,0.006198278
PELI1,Fetal Brain,SCZ,Wald ratio,1,-0.157,0.221,0.855,0.478,NA,NA,NA,0.005935631
MADD,Fetal Brain,SCZ,Wald ratio,1,-0.719,1.015,0.487,0.479,NA,NA,NA,0.006117684
RAET1K,Fetal Brain,SCZ,Wald ratio,1,-0.146,0.206,0.864,0.479,NA,NA,NA,0.005675697
ATP6V1G1,Fetal Brain,SCZ,Wald ratio,1,-0.173,0.245,0.841,0.479,NA,NA,NA,0.007188734
CUL1,Fetal Brain,SCZ,Wald ratio,1,0.104,0.147,1.109,0.48,NA,NA,NA,0.005860672
CMAS,Fetal Brain,SCZ,Wald ratio,1,-0.316,0.448,0.729,0.48,NA,NA,NA,0.005859667
MTHFS,Fetal Brain,SCZ,Inverse variance weighted,2,-0.073,0.104,0.929,0.481,NA,0.31848864,NA,0.006858015
ELMO1,Fetal Brain,SCZ,Wald ratio,1,-0.044,0.063,0.957,0.483,NA,NA,NA,0.005967255
RAMP3,Fetal Brain,SCZ,Wald ratio,1,-0.255,0.363,0.775,0.483,NA,NA,NA,0.005522702
ZNHIT6,Fetal Brain,SCZ,Wald ratio,1,-0.262,0.373,0.77,0.483,NA,NA,NA,0.012771675
C15orf23,Fetal Brain,SCZ,Wald ratio,1,-1.194,1.706,0.303,0.484,NA,NA,NA,0.005693516
MYL5,Fetal Brain,SCZ,Wald ratio,1,0.158,0.227,1.172,0.485,NA,NA,NA,0.019862748
YIPF1,Fetal Brain,SCZ,Inverse variance weighted,2,0.281,0.403,1.324,0.486,NA,0.800910297,NA,0.004494236
C12orf45,Fetal Brain,SCZ,Wald ratio,1,0.419,0.603,1.521,0.487,NA,NA,NA,0.006441624
KBTBD11,Fetal Brain,SCZ,Wald ratio,1,-0.078,0.112,0.925,0.489,NA,NA,NA,0.00574007
SUSD4,Fetal Brain,SCZ,Wald ratio,1,0.48,0.696,1.616,0.49,NA,NA,NA,0.00809197
KLK8,Fetal Brain,SCZ,Wald ratio,1,-0.182,0.264,0.833,0.49,NA,NA,NA,0.005480806
CLN6,Fetal Brain,SCZ,Wald ratio,1,0.428,0.621,1.534,0.491,NA,NA,NA,0.005479081
F2R,Fetal Brain,SCZ,Wald ratio,1,-0.113,0.165,0.893,0.492,NA,NA,NA,0.005405245
DOCK1,Fetal Brain,SCZ,Wald ratio,1,0.066,0.096,1.068,0.493,NA,NA,NA,0.005589174
LOC646999,Fetal Brain,SCZ,Wald ratio,1,0.176,0.256,1.192,0.493,NA,NA,NA,0.006570035
BSG,Fetal Brain,SCZ,Wald ratio,1,0.319,0.467,1.376,0.494,NA,NA,NA,0.00983506
C1GALT1,Fetal Brain,SCZ,Wald ratio,1,1.983,2.907,7.265,0.495,NA,NA,NA,0.00650387
VWC2,Fetal Brain,SCZ,Wald ratio,1,-0.86,1.263,0.423,0.496,NA,NA,NA,0.01850207
KLHL24,Fetal Brain,SCZ,Wald ratio,1,0.187,0.275,1.205,0.496,NA,NA,NA,0.007424603
DHX37,Fetal Brain,SCZ,Wald ratio,1,-0.075,0.11,0.928,0.496,NA,NA,NA,0.006064977
SMEK1,Fetal Brain,SCZ,Wald ratio,1,0.142,0.21,1.153,0.497,NA,NA,NA,0.00543844
PRKCZ,Fetal Brain,SCZ,Wald ratio,1,0.078,0.115,1.081,0.498,NA,NA,NA,0.007350297
PRRT3,Fetal Brain,SCZ,Wald ratio,1,0.379,0.56,1.461,0.498,NA,NA,NA,0.011852198
LRP12,Fetal Brain,SCZ,Inverse variance weighted,2,0.564,0.835,1.757,0.499,NA,0.681663823,NA,0.006029918
C4orf52,Fetal Brain,SCZ,Wald ratio,1,0.214,0.317,1.238,0.5,NA,NA,NA,0.005360537
DSCAML1,Fetal Brain,SCZ,Wald ratio,1,-0.476,0.706,0.621,0.501,NA,NA,NA,0.005914823
GRHL2,Fetal Brain,SCZ,Inverse variance weighted,2,0.168,0.25,1.183,0.502,NA,0.638579291,NA,0.010416527
LRRC34,Fetal Brain,SCZ,Wald ratio,1,-0.061,0.09,0.941,0.502,NA,NA,NA,0.00547211
MAP3K5,Fetal Brain,SCZ,Wald ratio,1,-0.484,0.721,0.617,0.502,NA,NA,NA,0.00547211
KANK2,Fetal Brain,SCZ,Wald ratio,1,-0.19,0.284,0.827,0.503,NA,NA,NA,0.005469963
SCN4B,Fetal Brain,SCZ,Wald ratio,1,1.521,2.27,4.578,0.503,NA,NA,NA,0.005469963
PRTN3,Fetal Brain,SCZ,Wald ratio,1,-0.156,0.233,0.856,0.503,NA,NA,NA,0.006023534
C1orf170,Fetal Brain,SCZ,Wald ratio,1,0.097,0.146,1.102,0.505,NA,NA,NA,0.005762567
SPTBN1,Fetal Brain,SCZ,Wald ratio,1,0.152,0.228,1.164,0.505,NA,NA,NA,0.006315748
POGK,Fetal Brain,SCZ,Wald ratio,1,-0.431,0.649,0.65,0.507,NA,NA,NA,0.006794807
FBXO2,Fetal Brain,SCZ,Wald ratio,1,-0.121,0.182,0.886,0.507,NA,NA,NA,0.006424485
LSM10,Fetal Brain,SCZ,Wald ratio,1,2.063,3.113,7.872,0.507,NA,NA,NA,0.005689028
PTPRN2,Fetal Brain,SCZ,MR Egger,7,-0.072,0.101,0.93,0.507,0.139987207,0.143916549,0.423443409,0.00807597
OBFC1,Fetal Brain,SCZ,Wald ratio,1,0.065,0.098,1.067,0.508,NA,NA,NA,0.005319108
LOC255167,Fetal Brain,SCZ,Wald ratio,1,0.107,0.162,1.113,0.509,NA,NA,NA,0.006536895
CYP1B1,Fetal Brain,SCZ,Wald ratio,1,-0.107,0.163,0.899,0.512,NA,NA,NA,0.005908453
CLTC,Fetal Brain,SCZ,Wald ratio,1,-0.641,0.978,0.527,0.512,NA,NA,NA,0.014094235
ANKRD26,Fetal Brain,SCZ,Wald ratio,1,0.231,0.352,1.26,0.512,NA,NA,NA,0.005538712
PHF10,Fetal Brain,SCZ,Wald ratio,1,0.098,0.15,1.103,0.512,NA,NA,NA,0.005538712
ZP2,Fetal Brain,SCZ,Wald ratio,1,-0.263,0.402,0.769,0.513,NA,NA,NA,0.005353746
SERTAD3,Fetal Brain,SCZ,Wald ratio,1,0.761,1.167,2.141,0.514,NA,NA,NA,0.005833373
SYK,Fetal Brain,SCZ,Wald ratio,1,-0.46,0.706,0.631,0.515,NA,NA,NA,0.005282149
FCRLA,Fetal Brain,SCZ,Wald ratio,1,-0.125,0.192,0.883,0.515,NA,NA,NA,0.005278719
SH3BGR,Fetal Brain,SCZ,Wald ratio,1,0.153,0.235,1.165,0.515,NA,NA,NA,0.00526777
TMEM17,Fetal Brain,SCZ,Wald ratio,1,-0.157,0.243,0.854,0.517,NA,NA,NA,0.005573714
UPK3B,Fetal Brain,SCZ,Wald ratio,1,-0.037,0.058,0.963,0.517,NA,NA,NA,0.005388809
ANKRD55,Fetal Brain,SCZ,Wald ratio,1,0.108,0.166,1.114,0.517,NA,NA,NA,0.005388692
SKIL,Fetal Brain,SCZ,Wald ratio,1,0.88,1.363,2.412,0.518,NA,NA,NA,0.007919146
DDX60L,Fetal Brain,SCZ,Wald ratio,1,-0.107,0.167,0.898,0.519,NA,NA,NA,0.005501428
SLC45A4,Fetal Brain,SCZ,Wald ratio,1,0.139,0.216,1.149,0.519,NA,NA,NA,0.008212253
TMPRSS13,Fetal Brain,SCZ,Wald ratio,1,0.103,0.161,1.109,0.519,NA,NA,NA,0.005317396
CSNK1G1,Fetal Brain,SCZ,Wald ratio,1,-0.491,0.763,0.612,0.52,NA,NA,NA,0.013995531
ATF4,Fetal Brain,SCZ,Wald ratio,1,-0.748,1.166,0.473,0.521,NA,NA,NA,0.011282297
NDUFA6,Fetal Brain,SCZ,Wald ratio,1,-0.58,0.905,0.56,0.521,NA,NA,NA,0.011269051
PTP4A3,Fetal Brain,SCZ,Wald ratio,1,0.175,0.273,1.191,0.521,NA,NA,NA,0.007116708
SPG7,Fetal Brain,SCZ,Inverse variance weighted,2,0.205,0.32,1.228,0.522,NA,0.085268038,NA,0.022436051
ZNF354A,Fetal Brain,SCZ,Wald ratio,1,0.662,1.036,1.939,0.523,NA,NA,NA,0.005903949
HPCAL4,Fetal Brain,SCZ,Wald ratio,1,-0.11,0.173,0.895,0.523,NA,NA,NA,0.006564178
TAS1R1,Fetal Brain,SCZ,Wald ratio,1,-0.14,0.22,0.869,0.524,NA,NA,NA,0.008175841
CSMD1,Fetal Brain,SCZ,Weighted median,3,0.089,0.14,1.093,0.525,0.790667926,0.83248375,0.68269058,0.006669141
AFAP1,Fetal Brain,SCZ,Wald ratio,1,0.77,1.214,2.16,0.526,NA,NA,NA,0.005644882
DDX11,Fetal Brain,SCZ,Wald ratio,1,-0.334,0.527,0.716,0.526,NA,NA,NA,0.008574452
HOXC4,Fetal Brain,SCZ,Wald ratio,1,-0.206,0.325,0.814,0.527,NA,NA,NA,0.005460136
CCDC42,Fetal Brain,SCZ,Wald ratio,1,0.176,0.278,1.192,0.528,NA,NA,NA,0.005275296
KIAA1026,Fetal Brain,SCZ,Wald ratio,1,-0.475,0.753,0.622,0.528,NA,NA,NA,0.006891271
LOC399959,Fetal Brain,SCZ,Wald ratio,1,-0.132,0.21,0.876,0.53,NA,NA,NA,0.005681015
TLR10,Fetal Brain,SCZ,Wald ratio,1,0.275,0.439,1.316,0.531,NA,NA,NA,0.006443657
WDR65,Fetal Brain,SCZ,Wald ratio,1,0.107,0.171,1.113,0.531,NA,NA,NA,0.005976523
RFX8,Fetal Brain,SCZ,Inverse variance weighted,2,-0.055,0.088,0.947,0.531,NA,0.219811403,NA,0.005920596
ANKRD57,Fetal Brain,SCZ,Wald ratio,1,0.162,0.259,1.176,0.533,NA,NA,NA,0.007515698
10-Sep,Fetal Brain,SCZ,Wald ratio,1,-0.149,0.238,0.862,0.533,NA,NA,NA,0.00751544
HP,Fetal Brain,SCZ,Wald ratio,1,-0.108,0.174,0.897,0.533,NA,NA,NA,0.005425495
DHODH,Fetal Brain,SCZ,Wald ratio,1,0.551,0.884,1.734,0.533,NA,NA,NA,0.005412054
TRPM2,Fetal Brain,SCZ,Wald ratio,1,-0.19,0.306,0.827,0.535,NA,NA,NA,0.006482904
BAIAP2,Fetal Brain,SCZ,Wald ratio,1,0.081,0.13,1.084,0.535,NA,NA,NA,0.020658921
VAPB,Fetal Brain,SCZ,Wald ratio,1,-0.217,0.35,0.805,0.536,NA,NA,NA,0.005829544
ERICH1,Fetal Brain,SCZ,Wald ratio,1,-0.124,0.2,0.883,0.536,NA,NA,NA,0.005825604
CLPTM1L,Fetal Brain,SCZ,Wald ratio,1,-0.377,0.615,0.686,0.539,NA,NA,NA,0.011955489
LUZP2,Fetal Brain,SCZ,Inverse variance weighted,2,0.569,0.929,1.766,0.54,NA,0.002081085,NA,0.006179653
FAM115A,Fetal Brain,SCZ,Wald ratio,1,0.214,0.35,1.239,0.541,NA,NA,NA,0.006159805
COL4A1,Fetal Brain,SCZ,Wald ratio,1,1.279,2.097,3.593,0.542,NA,NA,NA,0.005975658
AGAP1,Fetal Brain,SCZ,Wald ratio,1,0.097,0.16,1.102,0.542,NA,NA,NA,0.005197012
ESYT3,Fetal Brain,SCZ,Wald ratio,1,-0.159,0.261,0.853,0.544,NA,NA,NA,0.011283205
ZAR1L,Fetal Brain,SCZ,Wald ratio,1,-0.35,0.577,0.705,0.544,NA,NA,NA,0.006673003
PLEKHH2,Fetal Brain,SCZ,Wald ratio,1,0.367,0.604,1.443,0.544,NA,NA,NA,0.007260926
NRP2,Fetal Brain,SCZ,Wald ratio,1,0.394,0.652,1.483,0.546,NA,NA,NA,0.012751549
SGCZ,Fetal Brain,SCZ,Wald ratio,1,0.184,0.306,1.202,0.548,NA,NA,NA,0.011928872
ATG7,Fetal Brain,SCZ,Wald ratio,1,0.376,0.627,1.457,0.548,NA,NA,NA,0.005352906
DUSP3,Fetal Brain,SCZ,Wald ratio,1,-0.223,0.371,0.801,0.548,NA,NA,NA,0.009735512
ST8SIA4,Fetal Brain,SCZ,Inverse variance weighted,2,0.073,0.122,1.076,0.55,NA,0.711835996,NA,0.010381366
SPATA22,Fetal Brain,SCZ,Wald ratio,1,0.592,0.992,1.808,0.55,NA,NA,NA,0.005165984
SEPW1,Fetal Brain,SCZ,Wald ratio,1,-0.295,0.494,0.745,0.55,NA,NA,NA,0.005460417
YIPF4,Fetal Brain,SCZ,Wald ratio,1,-0.15,0.252,0.861,0.553,NA,NA,NA,0.025021034
C17orf48,Fetal Brain,SCZ,Wald ratio,1,0.076,0.128,1.078,0.554,NA,NA,NA,0.005206472
ZFYVE28,Fetal Brain,SCZ,Inverse variance weighted,2,-0.032,0.055,0.968,0.557,NA,0.79631113,NA,0.005349729
SDCCAG8,Fetal Brain,SCZ,Wald ratio,1,-0.184,0.315,0.832,0.559,NA,NA,NA,0.0062375
MYOM3,Fetal Brain,SCZ,Wald ratio,1,0.187,0.321,1.206,0.559,NA,NA,NA,0.005241168
SEMA6D,Fetal Brain,SCZ,Wald ratio,1,0.152,0.261,1.164,0.56,NA,NA,NA,0.009922511
KCNA5,Fetal Brain,SCZ,Wald ratio,1,-0.296,0.509,0.743,0.561,NA,NA,NA,0.005353346
ACAP2,Fetal Brain,SCZ,Wald ratio,1,-0.044,0.077,0.957,0.563,NA,NA,NA,0.005983119
CTR9,Fetal Brain,SCZ,Wald ratio,1,0.263,0.457,1.301,0.565,NA,NA,NA,0.005099375
POLG2,Fetal Brain,SCZ,Wald ratio,1,-0.294,0.511,0.746,0.565,NA,NA,NA,0.010107673
PSME3,Fetal Brain,SCZ,Wald ratio,1,-0.176,0.307,0.839,0.566,NA,NA,NA,0.005503063
KRTAP4-5,Fetal Brain,SCZ,Wald ratio,1,-0.128,0.223,0.88,0.566,NA,NA,NA,0.00520825
TSGA14,Fetal Brain,SCZ,Wald ratio,1,0.494,0.863,1.639,0.567,NA,NA,NA,0.005208846
ZNF718,Fetal Brain,SCZ,Wald ratio,1,-0.085,0.148,0.919,0.567,NA,NA,NA,0.005208846
RPP38,Fetal Brain,SCZ,Wald ratio,1,2.31,4.035,10.072,0.567,NA,NA,NA,0.010434914
BCL3,Fetal Brain,SCZ,Wald ratio,1,-0.294,0.515,0.745,0.568,NA,NA,NA,0.005318213
KCTD5,Fetal Brain,SCZ,Wald ratio,1,0.597,1.049,1.817,0.569,NA,NA,NA,0.005431049
RCVRN,Fetal Brain,SCZ,Wald ratio,1,-0.126,0.222,0.881,0.569,NA,NA,NA,0.005950035
ADH5,Fetal Brain,SCZ,Wald ratio,1,-0.388,0.683,0.678,0.57,NA,NA,NA,0.005136593
RSPO4,Fetal Brain,SCZ,Wald ratio,1,0.156,0.275,1.169,0.57,NA,NA,NA,0.009386604
PDGFRA,Fetal Brain,SCZ,Wald ratio,1,0.303,0.534,1.354,0.571,NA,NA,NA,0.006058449
MAPT,Fetal Brain,SCZ,Inverse variance weighted,2,-1.583,2.793,0.205,0.571,NA,4.06E-07,NA,0.00870269
PTPRQ,Fetal Brain,SCZ,Wald ratio,1,-0.133,0.235,0.876,0.572,NA,NA,NA,0.009825864
KIF1B,Fetal Brain,SCZ,Wald ratio,1,-0.317,0.562,0.728,0.572,NA,NA,NA,0.01111362
PAMR1,Fetal Brain,SCZ,Wald ratio,1,-0.057,0.101,0.945,0.572,NA,NA,NA,0.005878311
CDRT1,Fetal Brain,SCZ,Wald ratio,1,-0.077,0.136,0.926,0.573,NA,NA,NA,0.005064881
GSTM4,Fetal Brain,SCZ,Wald ratio,1,-0.188,0.334,0.828,0.573,NA,NA,NA,0.121980591
GNMT,Fetal Brain,SCZ,Wald ratio,1,0.073,0.13,1.076,0.573,NA,NA,NA,0.005064881
ATP11A,Fetal Brain,SCZ,MR Egger,3,2.608,3.294,13.579,0.574,0.005502546,0.002784216,0.60025133,0.006297381
SGEF,Fetal Brain,SCZ,Wald ratio,1,-0.351,0.626,0.704,0.575,NA,NA,NA,0.005806705
PRSSL1,Fetal Brain,SCZ,Wald ratio,1,0.072,0.129,1.074,0.577,NA,NA,NA,0.006026593
SNX29,Fetal Brain,SCZ,Wald ratio,1,-0.259,0.464,0.772,0.577,NA,NA,NA,0.013520182
SNX4,Fetal Brain,SCZ,Wald ratio,1,0.146,0.263,1.157,0.579,NA,NA,NA,0.005215793
PLAC9,Fetal Brain,SCZ,Wald ratio,1,0.032,0.058,1.033,0.58,NA,NA,NA,0.005327081
FRK,Fetal Brain,SCZ,Wald ratio,1,0.151,0.272,1.162,0.58,NA,NA,NA,0.008108381
MSC,Fetal Brain,SCZ,Wald ratio,1,-0.113,0.205,0.893,0.581,NA,NA,NA,0.00503292
ZIC2,Fetal Brain,SCZ,Wald ratio,1,0.191,0.35,1.211,0.585,NA,NA,NA,0.005702534
ACCN1,Fetal Brain,SCZ,Wald ratio,1,-0.183,0.335,0.833,0.586,NA,NA,NA,0.005072934
CD6,Fetal Brain,SCZ,Wald ratio,1,-0.062,0.113,0.94,0.586,NA,NA,NA,0.005072987
ACTR1B,Fetal Brain,SCZ,Wald ratio,1,-0.086,0.159,0.917,0.586,NA,NA,NA,0.005184414
GIMAP1,Fetal Brain,SCZ,Wald ratio,1,-0.167,0.307,0.846,0.587,NA,NA,NA,0.005293139
EHBP1,Fetal Brain,SCZ,Wald ratio,1,-0.321,0.59,0.725,0.587,NA,NA,NA,0.005295541
GPR111,Fetal Brain,SCZ,Wald ratio,1,-0.087,0.161,0.916,0.587,NA,NA,NA,0.005297354
TNRC18,Fetal Brain,SCZ,Inverse variance weighted,2,-0.267,0.493,0.766,0.588,NA,0.421641071,NA,0.010277526
SF3B14,Fetal Brain,SCZ,Wald ratio,1,0.127,0.234,1.135,0.589,NA,NA,NA,0.005629713
HAS2,Fetal Brain,SCZ,Wald ratio,1,0.184,0.34,1.202,0.589,NA,NA,NA,0.005002452
YPEL5,Fetal Brain,SCZ,Wald ratio,1,-0.205,0.379,0.815,0.589,NA,NA,NA,0.014006544
GTPBP3,Fetal Brain,SCZ,Wald ratio,1,0.882,1.635,2.416,0.59,NA,NA,NA,0.005106679
ZNF804A,Fetal Brain,SCZ,Wald ratio,1,0.253,0.47,1.288,0.59,NA,NA,NA,0.00510536
TMEM194B,Fetal Brain,SCZ,Inverse variance weighted,2,-0.602,1.116,0.548,0.59,NA,0.009729695,NA,0.2007378
MFSD6,Fetal Brain,SCZ,Inverse variance weighted,2,-0.508,0.943,0.602,0.59,NA,0.009716758,NA,0.200752299
SLC4A11,Fetal Brain,SCZ,Wald ratio,1,0.439,0.817,1.551,0.591,NA,NA,NA,0.006923788
SLMO2,Fetal Brain,SCZ,Wald ratio,1,-0.633,1.178,0.531,0.591,NA,NA,NA,0.013731373
ZSWIM2,Fetal Brain,SCZ,Wald ratio,1,-0.279,0.519,0.757,0.592,NA,NA,NA,0.007880748
GPR20,Fetal Brain,SCZ,Wald ratio,1,0.178,0.332,1.195,0.592,NA,NA,NA,0.006279363
MIF4GD,Fetal Brain,SCZ,Wald ratio,1,1.335,2.493,3.801,0.592,NA,NA,NA,0.007257656
C16orf68,Fetal Brain,SCZ,Wald ratio,1,-0.325,0.607,0.722,0.592,NA,NA,NA,0.00798978
TNIP3,Fetal Brain,SCZ,Wald ratio,1,0.256,0.479,1.292,0.593,NA,NA,NA,0.005784129
NAV2,Fetal Brain,SCZ,Wald ratio,1,0.125,0.234,1.133,0.593,NA,NA,NA,0.004931137
FRMD4A,Fetal Brain,SCZ,Inverse variance weighted,2,0.132,0.247,1.141,0.593,NA,0.117096327,NA,0.012080259
ADPRHL1,Fetal Brain,SCZ,Wald ratio,1,-0.183,0.343,0.833,0.594,NA,NA,NA,0.005154767
FLVCR2,Fetal Brain,SCZ,Wald ratio,1,0.06,0.113,1.062,0.594,NA,NA,NA,0.006117784
NCAPG2,Fetal Brain,SCZ,Wald ratio,1,-0.089,0.168,0.915,0.597,NA,NA,NA,0.004971877
PDE4C,Fetal Brain,SCZ,Wald ratio,1,-0.151,0.285,0.86,0.598,NA,NA,NA,0.005195525
PIWIL2,Fetal Brain,SCZ,Wald ratio,1,-0.119,0.226,0.888,0.598,NA,NA,NA,0.005194616
OR2L13,Fetal Brain,SCZ,Wald ratio,1,-0.05,0.095,0.951,0.598,NA,NA,NA,0.005306093
SLC10A7,Fetal Brain,SCZ,Wald ratio,1,-0.511,0.973,0.6,0.599,NA,NA,NA,0.005528913
RUFY1,Fetal Brain,SCZ,Wald ratio,1,0.185,0.353,1.204,0.599,NA,NA,NA,0.013240492
MAD2L2,Fetal Brain,SCZ,Wald ratio,1,-0.35,0.669,0.705,0.6,NA,NA,NA,0.011818646
RASGRF2,Fetal Brain,SCZ,Wald ratio,1,-0.205,0.393,0.814,0.602,NA,NA,NA,0.005124074
LEPR,Fetal Brain,SCZ,Wald ratio,1,0.318,0.611,1.375,0.602,NA,NA,NA,0.010702445
MATN2,Fetal Brain,SCZ,Wald ratio,1,0.059,0.113,1.061,0.603,NA,NA,NA,0.005906476
SLC2A1,Fetal Brain,SCZ,Wald ratio,1,-0.403,0.778,0.669,0.605,NA,NA,NA,0.004942072
PPP1R14A,Fetal Brain,SCZ,Wald ratio,1,-0.239,0.462,0.787,0.605,NA,NA,NA,0.004942072
ZNF331,Fetal Brain,SCZ,Wald ratio,1,-0.073,0.142,0.929,0.605,NA,NA,NA,0.006571978
RCAN3,Fetal Brain,SCZ,Wald ratio,1,0.135,0.261,1.144,0.606,NA,NA,NA,0.016127862
BDKRB2,Fetal Brain,SCZ,Wald ratio,1,0.123,0.239,1.13,0.608,NA,NA,NA,0.00672434
ABCC5,Fetal Brain,SCZ,Wald ratio,1,-0.194,0.38,0.823,0.609,NA,NA,NA,0.004328221
EHD3,Fetal Brain,SCZ,Wald ratio,1,0.093,0.183,1.098,0.609,NA,NA,NA,0.004983474
TRIM26,Fetal Brain,SCZ,Wald ratio,1,-0.231,0.452,0.794,0.61,NA,NA,NA,0.008052579
CDH1,Fetal Brain,SCZ,Wald ratio,1,0.577,1.13,1.78,0.61,NA,NA,NA,0.005542524
PTPN5,Fetal Brain,SCZ,Wald ratio,1,0.266,0.521,1.304,0.61,NA,NA,NA,0.013311017
DNTTIP2,Fetal Brain,SCZ,Wald ratio,1,-0.785,1.539,0.456,0.61,NA,NA,NA,0.005541087
CREB3L3,Fetal Brain,SCZ,Wald ratio,1,-0.129,0.252,0.879,0.61,NA,NA,NA,0.005981939
LOC651250,Fetal Brain,SCZ,Wald ratio,1,0.099,0.195,1.104,0.61,NA,NA,NA,0.005763512
ZNRF4,Fetal Brain,SCZ,Wald ratio,1,-0.16,0.315,0.852,0.611,NA,NA,NA,0.006543105
PARK2,Fetal Brain,SCZ,Inverse variance weighted,2,0.049,0.096,1.05,0.612,NA,0.81349868,NA,0.01365711
RAB11B,Fetal Brain,SCZ,Wald ratio,1,-0.693,1.371,0.5,0.613,NA,NA,NA,0.005360627
EIF2AK4,Fetal Brain,SCZ,Wald ratio,1,-0.033,0.065,0.968,0.613,NA,NA,NA,0.010290431
MTOR,Fetal Brain,SCZ,Wald ratio,1,-0.376,0.745,0.687,0.613,NA,NA,NA,0.005359767
ATP6V1B1,Fetal Brain,SCZ,Wald ratio,1,-0.051,0.1,0.951,0.614,NA,NA,NA,0.006473249
SNORD59A,Fetal Brain,SCZ,Wald ratio,1,-0.13,0.259,0.878,0.614,NA,NA,NA,0.01958994
C19orf57,Fetal Brain,SCZ,Wald ratio,1,0.469,0.936,1.598,0.617,NA,NA,NA,0.005960516
PREP,Fetal Brain,SCZ,Wald ratio,1,-0.104,0.208,0.901,0.617,NA,NA,NA,0.005514103
SGCD,Fetal Brain,SCZ,Wald ratio,1,0.093,0.186,1.098,0.617,NA,NA,NA,0.004843551
SLC25A1,Fetal Brain,SCZ,Wald ratio,1,0.043,0.085,1.044,0.617,NA,NA,NA,0.005066953
LARP1B,Fetal Brain,SCZ,Wald ratio,1,-0.105,0.21,0.9,0.617,NA,NA,NA,0.005054268
LYPD5,Fetal Brain,SCZ,Wald ratio,1,-0.089,0.178,0.915,0.617,NA,NA,NA,0.005066883
ZNF529,Fetal Brain,SCZ,Inverse variance weighted,2,0.125,0.252,1.133,0.62,NA,0.141992213,NA,0.007200339
HRNBP3,Fetal Brain,SCZ,Inverse variance weighted,2,-0.079,0.159,0.924,0.621,NA,0.10922757,NA,0.023684285
GSTT1,Fetal Brain,SCZ,Inverse variance weighted,2,-0.109,0.22,0.897,0.621,NA,0.243645551,NA,0.015650913
PPIF,Fetal Brain,SCZ,Wald ratio,1,-0.098,0.198,0.907,0.621,NA,NA,NA,0.004884699
ZNF260,Fetal Brain,SCZ,Inverse variance weighted,2,-0.951,1.926,0.386,0.621,NA,0.141585947,NA,0.007200338
DPF1,Fetal Brain,SCZ,Wald ratio,1,-0.534,1.083,0.586,0.622,NA,NA,NA,0.011094504
ZNF318,Fetal Brain,SCZ,Wald ratio,1,-0.238,0.484,0.788,0.623,NA,NA,NA,0.010272485
MMP25,Fetal Brain,SCZ,Wald ratio,1,1.028,2.095,2.794,0.624,NA,NA,NA,0.005709717
DKKL1,Fetal Brain,SCZ,Wald ratio,1,0.159,0.325,1.173,0.624,NA,NA,NA,0.005598081
WFDC1,Fetal Brain,SCZ,Wald ratio,1,0.17,0.347,1.185,0.624,NA,NA,NA,0.005708357
MIR516B2,Fetal Brain,SCZ,Wald ratio,1,-0.149,0.305,0.861,0.624,NA,NA,NA,0.00537468
MIR516B1,Fetal Brain,SCZ,Wald ratio,1,-0.132,0.27,0.876,0.624,NA,NA,NA,0.00537468
DOCK9,Fetal Brain,SCZ,Wald ratio,1,-0.122,0.249,0.885,0.625,NA,NA,NA,0.005250636
TRPV2,Fetal Brain,SCZ,Wald ratio,1,-0.026,0.054,0.974,0.625,NA,NA,NA,0.005262601
TRAPPC9,Fetal Brain,SCZ,Inverse variance weighted,2,-0.238,0.486,0.788,0.625,NA,0.005888559,NA,0.005207259
SYNJ2,Fetal Brain,SCZ,Wald ratio,1,0.084,0.173,1.088,0.625,NA,NA,NA,0.004922802
ZFPM1,Fetal Brain,SCZ,MR Egger,3,-8.194,12.288,0,0.626,0.413950363,0.573333767,0.625433437,0.005244493
DAAM2,Fetal Brain,SCZ,Wald ratio,1,0.087,0.179,1.091,0.626,NA,NA,NA,0.006309231
PRLHR,Fetal Brain,SCZ,Wald ratio,1,0.213,0.438,1.237,0.627,NA,NA,NA,0.009692562
VWA2,Fetal Brain,SCZ,Wald ratio,1,0.143,0.296,1.154,0.627,NA,NA,NA,0.009697541
FOXI2,Fetal Brain,SCZ,Wald ratio,1,0.383,0.788,1.466,0.627,NA,NA,NA,0.009690499
LRRC27,Fetal Brain,SCZ,Wald ratio,1,-0.04,0.082,0.961,0.628,NA,NA,NA,0.007459902
NRXN1,Fetal Brain,SCZ,Wald ratio,1,-0.032,0.066,0.969,0.628,NA,NA,NA,0.005305231
PRSS1,Fetal Brain,SCZ,Wald ratio,1,0.129,0.267,1.138,0.629,NA,NA,NA,0.004970184
FAM102A,Fetal Brain,SCZ,Wald ratio,1,-0.148,0.308,0.863,0.631,NA,NA,NA,0.006948224
PLXDC1,Fetal Brain,SCZ,Wald ratio,1,-0.082,0.171,0.921,0.631,NA,NA,NA,0.005570267
ODZ4,Fetal Brain,SCZ,Wald ratio,1,-0.056,0.118,0.945,0.632,NA,NA,NA,0.00493673
NCRNA00171,Fetal Brain,SCZ,Wald ratio,1,0.129,0.27,1.138,0.632,NA,NA,NA,0.0127363
HLA-L,Fetal Brain,SCZ,Wald ratio,1,0.15,0.313,1.162,0.632,NA,NA,NA,0.01273646
RNF39,Fetal Brain,SCZ,Wald ratio,1,0.108,0.227,1.115,0.632,NA,NA,NA,0.012736051
SLC25A37,Fetal Brain,SCZ,Wald ratio,1,0.168,0.351,1.183,0.632,NA,NA,NA,0.005124346
MT3,Fetal Brain,SCZ,Wald ratio,1,-0.524,1.096,0.592,0.632,NA,NA,NA,0.005124346
TRPV3,Fetal Brain,SCZ,Wald ratio,1,0.046,0.096,1.047,0.632,NA,NA,NA,0.005124177
MGC16384,Fetal Brain,SCZ,Wald ratio,1,0.122,0.255,1.13,0.633,NA,NA,NA,0.005012751
PHLDB3,Fetal Brain,SCZ,Wald ratio,1,0.893,1.886,2.443,0.636,NA,NA,NA,0.005278629
SRRM4,Fetal Brain,SCZ,Wald ratio,1,-0.083,0.176,0.92,0.636,NA,NA,NA,0.005162017
SYNPO2L,Fetal Brain,SCZ,Wald ratio,1,0.084,0.177,1.087,0.636,NA,NA,NA,0.005055484
KTELC1,Fetal Brain,SCZ,Wald ratio,1,0.049,0.105,1.051,0.637,NA,NA,NA,0.00740967
SPG20,Fetal Brain,SCZ,Wald ratio,1,0.161,0.341,1.175,0.637,NA,NA,NA,0.004381851
WDR8,Fetal Brain,SCZ,Inverse variance weighted,2,-0.182,0.386,0.833,0.637,NA,0.067131959,NA,0.010700534
KCNK15,Fetal Brain,SCZ,Wald ratio,1,0.189,0.4,1.208,0.637,NA,NA,NA,0.00483222
TTYH3,Fetal Brain,SCZ,Wald ratio,1,-1.022,2.173,0.36,0.638,NA,NA,NA,0.006586383
NCAPD2,Fetal Brain,SCZ,Wald ratio,1,0.057,0.123,1.059,0.639,NA,NA,NA,0.005321449
FAM89A,Fetal Brain,SCZ,Wald ratio,1,-0.137,0.292,0.872,0.639,NA,NA,NA,0.006254157
TMEM18,Fetal Brain,SCZ,Wald ratio,1,0.099,0.211,1.104,0.64,NA,NA,NA,0.005209738
GOLT1B,Fetal Brain,SCZ,Wald ratio,1,-0.469,1.003,0.626,0.64,NA,NA,NA,0.005922179
CCT4,Fetal Brain,SCZ,Wald ratio,1,-0.145,0.31,0.865,0.64,NA,NA,NA,0.005097535
ADCY9,Fetal Brain,SCZ,Wald ratio,1,-0.025,0.053,0.976,0.64,NA,NA,NA,0.005920897
C1orf223,Fetal Brain,SCZ,Wald ratio,1,0.238,0.511,1.268,0.642,NA,NA,NA,0.004746392
SFTA3,Fetal Brain,SCZ,Wald ratio,1,0.201,0.433,1.223,0.642,NA,NA,NA,0.008637397
UGT2B15,Fetal Brain,SCZ,Wald ratio,1,-0.034,0.072,0.967,0.642,NA,NA,NA,0.005476048
KLHL10,Fetal Brain,SCZ,Wald ratio,1,-0.299,0.643,0.742,0.642,NA,NA,NA,0.005475752
PITPNM3,Fetal Brain,SCZ,Wald ratio,1,-0.184,0.396,0.832,0.643,NA,NA,NA,0.006074934
LGR4,Fetal Brain,SCZ,Wald ratio,1,0.1,0.217,1.105,0.643,NA,NA,NA,0.010300016
GSTCD,Fetal Brain,SCZ,Wald ratio,1,-0.174,0.377,0.84,0.645,NA,NA,NA,0.005731723
ZNF174,Fetal Brain,SCZ,Wald ratio,1,-0.391,0.851,0.676,0.646,NA,NA,NA,0.004806704
NMNAT3,Fetal Brain,SCZ,Wald ratio,1,-0.106,0.231,0.899,0.646,NA,NA,NA,0.004805694
ADAMTS14,Fetal Brain,SCZ,Wald ratio,1,-0.311,0.679,0.732,0.647,NA,NA,NA,0.005296059
DKK2,Fetal Brain,SCZ,Inverse variance weighted,2,-0.105,0.234,0.9,0.653,NA,0.549570356,NA,0.010132281
UBE2B,Fetal Brain,SCZ,Wald ratio,1,-0.216,0.481,0.806,0.654,NA,NA,NA,0.008520455
ASCC3,Fetal Brain,SCZ,Wald ratio,1,0.408,0.912,1.504,0.654,NA,NA,NA,0.011399843
TMEM186,Fetal Brain,SCZ,Wald ratio,1,-0.058,0.129,0.944,0.654,NA,NA,NA,0.006845344
SYN3,Fetal Brain,SCZ,Wald ratio,1,-0.183,0.409,0.833,0.655,NA,NA,NA,0.005159923
THG1L,Fetal Brain,SCZ,Wald ratio,1,-0.164,0.368,0.849,0.655,NA,NA,NA,0.007111916
RAF1,Fetal Brain,SCZ,Wald ratio,1,-0.272,0.609,0.762,0.656,NA,NA,NA,0.005048583
RBM20,Fetal Brain,SCZ,Inverse variance weighted,2,0.045,0.101,1.046,0.658,NA,0.894656247,NA,0.004917512
MYL12B,Fetal Brain,SCZ,Wald ratio,1,-0.676,1.528,0.509,0.658,NA,NA,NA,0.005203664
RFC1,Fetal Brain,SCZ,Wald ratio,1,0.129,0.292,1.138,0.658,NA,NA,NA,0.004704616
MSMB,Fetal Brain,SCZ,Wald ratio,1,0.134,0.304,1.143,0.66,NA,NA,NA,0.006823535
RASGRF1,Fetal Brain,SCZ,Wald ratio,1,-0.027,0.06,0.974,0.66,NA,NA,NA,0.005469988
HSF4,Fetal Brain,SCZ,Wald ratio,1,1.125,2.557,3.079,0.66,NA,NA,NA,0.006287108
CAPZB,Fetal Brain,SCZ,Wald ratio,1,-0.155,0.353,0.857,0.661,NA,NA,NA,0.011088251
LRRC59,Fetal Brain,SCZ,Wald ratio,1,0.105,0.24,1.111,0.663,NA,NA,NA,0.004756592
IGDCC3,Fetal Brain,SCZ,Inverse variance weighted,2,-0.044,0.102,0.957,0.663,NA,0.582993434,NA,0.005073936
RBCK1,Fetal Brain,SCZ,Wald ratio,1,-0.151,0.346,0.86,0.663,NA,NA,NA,0.005135323
OR2W3,Fetal Brain,SCZ,Wald ratio,1,0.098,0.225,1.103,0.664,NA,NA,NA,0.005024741
TRIM39,Fetal Brain,SCZ,Wald ratio,1,-0.342,0.788,0.71,0.664,NA,NA,NA,0.00910076
ACTR3C,Fetal Brain,SCZ,Wald ratio,1,0.059,0.135,1.061,0.664,NA,NA,NA,0.005402219
SLC10A4,Fetal Brain,SCZ,Wald ratio,1,-0.592,1.364,0.553,0.664,NA,NA,NA,0.014203797
PLA2G4D,Fetal Brain,SCZ,Wald ratio,1,0.169,0.391,1.185,0.665,NA,NA,NA,0.006155926
EPC1,Fetal Brain,SCZ,Wald ratio,1,0.6,1.391,1.822,0.666,NA,NA,NA,0.006312441
UCHL3,Fetal Brain,SCZ,Wald ratio,1,0.066,0.153,1.068,0.667,NA,NA,NA,0.004690437
HS3ST2,Fetal Brain,SCZ,Wald ratio,1,0.119,0.278,1.127,0.667,NA,NA,NA,0.008932323
ABHD10,Fetal Brain,SCZ,Wald ratio,1,0.119,0.276,1.126,0.667,NA,NA,NA,0.005824046
EVC2,Fetal Brain,SCZ,Wald ratio,1,-0.315,0.732,0.73,0.667,NA,NA,NA,0.005067346
PPIE,Fetal Brain,SCZ,Wald ratio,1,0.039,0.092,1.04,0.67,NA,NA,NA,0.004844744
TNIP1,Fetal Brain,SCZ,Wald ratio,1,-0.13,0.306,0.878,0.67,NA,NA,NA,0.006231534
CIDEA,Fetal Brain,SCZ,Wald ratio,1,0.163,0.383,1.177,0.67,NA,NA,NA,0.004734621
HAUS6,Fetal Brain,SCZ,Wald ratio,1,0.034,0.079,1.034,0.671,NA,NA,NA,0.00752706
NUP107,Fetal Brain,SCZ,Wald ratio,1,0.223,0.527,1.25,0.672,NA,NA,NA,0.004984179
GFPT2,Fetal Brain,SCZ,Wald ratio,1,0.013,0.031,1.013,0.673,NA,NA,NA,0.004890275
GALR1,Fetal Brain,SCZ,Wald ratio,1,-0.173,0.409,0.841,0.673,NA,NA,NA,0.005911816
VDR,Fetal Brain,SCZ,Wald ratio,1,-0.101,0.241,0.904,0.675,NA,NA,NA,0.00466755
PCDHB19P,Fetal Brain,SCZ,Wald ratio,1,0.231,0.551,1.259,0.675,NA,NA,NA,0.018472323
GIPC3,Fetal Brain,SCZ,Wald ratio,1,-0.118,0.282,0.889,0.676,NA,NA,NA,0.008252088
PSMD7,Fetal Brain,SCZ,Wald ratio,1,0.146,0.348,1.157,0.676,NA,NA,NA,0.011779575
LGALS1,Fetal Brain,SCZ,Wald ratio,1,-0.077,0.183,0.926,0.676,NA,NA,NA,0.004931355
CAP1,Fetal Brain,SCZ,Wald ratio,1,-0.327,0.783,0.721,0.676,NA,NA,NA,0.004934642
PDXP,Fetal Brain,SCZ,Wald ratio,1,-0.065,0.155,0.937,0.676,NA,NA,NA,0.004934642
GREB1,Fetal Brain,SCZ,Wald ratio,1,0.027,0.065,1.027,0.676,NA,NA,NA,0.004934642
OR51I1,Fetal Brain,SCZ,Wald ratio,1,0.134,0.322,1.144,0.676,NA,NA,NA,0.006597952
GFER,Fetal Brain,SCZ,Wald ratio,1,-0.464,1.115,0.629,0.677,NA,NA,NA,0.00739457
SYNGR3,Fetal Brain,SCZ,Wald ratio,1,0.167,0.402,1.182,0.677,NA,NA,NA,0.007382081
C5orf62,Fetal Brain,SCZ,Wald ratio,1,0.162,0.391,1.176,0.678,NA,NA,NA,0.010452861
PCDHAC2,Fetal Brain,SCZ,Wald ratio,1,-0.461,1.11,0.631,0.678,NA,NA,NA,0.010434744
LOC391322,Fetal Brain,SCZ,Inverse variance weighted,2,0.058,0.141,1.06,0.679,NA,0.229477712,NA,0.015651188
SMYD3,Fetal Brain,SCZ,Wald ratio,1,-0.018,0.043,0.982,0.679,NA,NA,NA,0.004710489
RTDR1,Fetal Brain,SCZ,Wald ratio,1,0.103,0.249,1.108,0.679,NA,NA,NA,0.004710489
C2CD2,Fetal Brain,SCZ,Wald ratio,1,0.763,1.849,2.146,0.68,NA,NA,NA,0.005878642
C11orf17,Fetal Brain,SCZ,Wald ratio,1,0.61,1.483,1.841,0.681,NA,NA,NA,0.004859503
ST5,Fetal Brain,SCZ,Wald ratio,1,0.03,0.073,1.031,0.681,NA,NA,NA,0.023974724
TMC8,Fetal Brain,SCZ,Wald ratio,1,-0.15,0.366,0.86,0.681,NA,NA,NA,0.005134838
PGAP2,Fetal Brain,SCZ,Wald ratio,1,0.104,0.255,1.109,0.683,NA,NA,NA,0.005283051
LOC285780,Fetal Brain,SCZ,Wald ratio,1,0.121,0.298,1.129,0.684,NA,NA,NA,0.009479904
EIF4H,Fetal Brain,SCZ,Wald ratio,1,0.182,0.45,1.199,0.686,NA,NA,NA,0.005067209
AVP,Fetal Brain,SCZ,Wald ratio,1,0.288,0.714,1.334,0.686,NA,NA,NA,0.005601146
RPS6KA2,Fetal Brain,SCZ,Wald ratio,1,-0.088,0.219,0.916,0.687,NA,NA,NA,0.006133814
ZNF83,Fetal Brain,SCZ,Wald ratio,1,-0.09,0.224,0.914,0.689,NA,NA,NA,0.004845949
NSUN4,Fetal Brain,SCZ,Wald ratio,1,1.216,3.043,3.375,0.689,NA,NA,NA,0.005078603
FOXO1,Fetal Brain,SCZ,Wald ratio,1,0.42,1.057,1.522,0.691,NA,NA,NA,0.005000859
C11orf54,Fetal Brain,SCZ,Wald ratio,1,0.258,0.65,1.294,0.692,NA,NA,NA,0.013328508
KCNQ2,Fetal Brain,SCZ,Wald ratio,1,0.347,0.875,1.414,0.692,NA,NA,NA,0.014754234
NFATC1,Fetal Brain,SCZ,Inverse variance weighted,2,-0.269,0.679,0.764,0.692,NA,0.128838629,NA,0.007911276
WARS2,Fetal Brain,SCZ,Wald ratio,1,-0.081,0.204,0.922,0.692,NA,NA,NA,0.004623979
FLJ37453,Fetal Brain,SCZ,Wald ratio,1,-0.077,0.194,0.926,0.693,NA,NA,NA,0.008385771
KRT27,Fetal Brain,SCZ,Wald ratio,1,-0.048,0.122,0.953,0.693,NA,NA,NA,0.006112674
SLC9A10,Fetal Brain,SCZ,Wald ratio,1,0.047,0.119,1.048,0.693,NA,NA,NA,0.005313946
CYP26C1,Fetal Brain,SCZ,Inverse variance weighted,2,-0.168,0.426,0.845,0.694,NA,0.093467354,NA,0.028854155
MIR604,Fetal Brain,SCZ,Wald ratio,1,-0.062,0.158,0.94,0.694,NA,NA,NA,0.025394669
INPP1,Fetal Brain,SCZ,Wald ratio,1,0.108,0.275,1.114,0.694,NA,NA,NA,0.01145949
CAMK4,Fetal Brain,SCZ,Wald ratio,1,-0.135,0.343,0.874,0.694,NA,NA,NA,0.005993691
CNKSR3,Fetal Brain,SCZ,Wald ratio,1,0.515,1.323,1.674,0.697,NA,NA,NA,0.006046941
CALML3,Fetal Brain,SCZ,Wald ratio,1,0.145,0.374,1.156,0.698,NA,NA,NA,0.004807547
C1orf57,Fetal Brain,SCZ,Wald ratio,1,0.172,0.443,1.187,0.698,NA,NA,NA,0.005513918
BAZ1A,Fetal Brain,SCZ,Wald ratio,1,0.06,0.156,1.062,0.698,NA,NA,NA,0.005248173
EIF4A3,Fetal Brain,SCZ,Wald ratio,1,-0.109,0.282,0.896,0.698,NA,NA,NA,0.005248173
PRKCA,Fetal Brain,SCZ,Wald ratio,1,-0.121,0.312,0.886,0.698,NA,NA,NA,0.005247028
IDE,Fetal Brain,SCZ,Wald ratio,1,1.368,3.532,3.928,0.699,NA,NA,NA,0.013862004
CDYL2,Fetal Brain,SCZ,Wald ratio,1,-0.068,0.176,0.935,0.7,NA,NA,NA,0.005136787
RPSA,Fetal Brain,SCZ,Wald ratio,1,-0.548,1.423,0.578,0.7,NA,NA,NA,0.004870444
SLC25A38,Fetal Brain,SCZ,Wald ratio,1,-0.383,0.995,0.682,0.7,NA,NA,NA,0.004869432
FHAD1,Fetal Brain,SCZ,Wald ratio,1,0.091,0.236,1.095,0.701,NA,NA,NA,0.004868857
EIF4E,Fetal Brain,SCZ,Wald ratio,1,0.391,1.02,1.479,0.701,NA,NA,NA,0.008453379
CD55,Fetal Brain,SCZ,Wald ratio,1,0.052,0.136,1.053,0.702,NA,NA,NA,0.005025135
OMG,Fetal Brain,SCZ,Wald ratio,1,0.078,0.204,1.081,0.702,NA,NA,NA,0.005025135
THRA,Fetal Brain,SCZ,Wald ratio,1,-0.054,0.142,0.947,0.702,NA,NA,NA,0.004759537
RETNLB,Fetal Brain,SCZ,Wald ratio,1,0.177,0.463,1.193,0.703,NA,NA,NA,0.005870957
TGM2,Fetal Brain,SCZ,Wald ratio,1,0.041,0.108,1.042,0.703,NA,NA,NA,0.004757825
BMP1,Fetal Brain,SCZ,Wald ratio,1,0.076,0.199,1.079,0.703,NA,NA,NA,0.005180923
COL5A1,Fetal Brain,SCZ,Wald ratio,1,0.161,0.423,1.174,0.704,NA,NA,NA,0.004648622
PAOX,Fetal Brain,SCZ,Wald ratio,1,-0.118,0.315,0.888,0.707,NA,NA,NA,0.010663
TBC1D1,Fetal Brain,SCZ,Wald ratio,1,-0.035,0.093,0.966,0.707,NA,NA,NA,0.004694079
NUDT18,Fetal Brain,SCZ,Wald ratio,1,-0.085,0.226,0.919,0.708,NA,NA,NA,0.004692269
KIF26A,Fetal Brain,SCZ,Wald ratio,1,1.113,2.976,3.043,0.708,NA,NA,NA,0.00569557
SLC35B3,Fetal Brain,SCZ,Wald ratio,1,-0.129,0.347,0.879,0.709,NA,NA,NA,0.005851371
ZNF37A,Fetal Brain,SCZ,Wald ratio,1,0.071,0.191,1.074,0.709,NA,NA,NA,0.004583241
BCAT1,Fetal Brain,SCZ,Wald ratio,1,0.253,0.679,1.288,0.71,NA,NA,NA,0.009086883
PDIA6,Fetal Brain,SCZ,Wald ratio,1,-0.299,0.803,0.742,0.71,NA,NA,NA,0.006847947
ARPC4,Fetal Brain,SCZ,Wald ratio,1,0.11,0.295,1.116,0.711,NA,NA,NA,0.006162286
RDH8,Fetal Brain,SCZ,Wald ratio,1,0.107,0.29,1.113,0.711,NA,NA,NA,0.004895933
PASK,Fetal Brain,SCZ,Wald ratio,1,0.284,0.769,1.328,0.712,NA,NA,NA,0.005473723
MMP9,Fetal Brain,SCZ,Wald ratio,1,0.082,0.222,1.085,0.713,NA,NA,NA,0.004622975
KIAA0427,Fetal Brain,SCZ,Wald ratio,1,-0.209,0.576,0.811,0.717,NA,NA,NA,0.004657586
PLEKHO2,Fetal Brain,SCZ,Wald ratio,1,-0.12,0.332,0.887,0.719,NA,NA,NA,0.004720383
PLIN3,Fetal Brain,SCZ,Wald ratio,1,-0.02,0.057,0.98,0.72,NA,NA,NA,0.004718535
SRPRB,Fetal Brain,SCZ,Wald ratio,1,0.044,0.122,1.044,0.72,NA,NA,NA,0.004875048
BBS4,Fetal Brain,SCZ,Wald ratio,1,0.194,0.542,1.214,0.72,NA,NA,NA,0.004854806
COPS4,Fetal Brain,SCZ,Wald ratio,1,0.072,0.202,1.075,0.721,NA,NA,NA,0.005923332
CAGE1,Fetal Brain,SCZ,Wald ratio,1,0.029,0.083,1.03,0.721,NA,NA,NA,0.004609733
DYNC1LI1,Fetal Brain,SCZ,Wald ratio,1,0.446,1.254,1.563,0.722,NA,NA,NA,0.007850481
FGF2,Fetal Brain,SCZ,Wald ratio,1,-0.176,0.496,0.838,0.722,NA,NA,NA,0.00622717
HIAT1,Fetal Brain,SCZ,Wald ratio,1,1.162,3.269,3.195,0.722,NA,NA,NA,0.00636712
RBP7,Fetal Brain,SCZ,Wald ratio,1,0.219,0.616,1.245,0.722,NA,NA,NA,0.008159132
CYP20A1,Fetal Brain,SCZ,Wald ratio,1,0.278,0.787,1.32,0.724,NA,NA,NA,0.004655522
ATP6V0A2,Fetal Brain,SCZ,Wald ratio,1,-0.051,0.146,0.95,0.727,NA,NA,NA,0.004545101
TBPL1,Fetal Brain,SCZ,Wald ratio,1,0.177,0.508,1.193,0.728,NA,NA,NA,0.008293955
MRPS2,Fetal Brain,SCZ,Wald ratio,1,0.077,0.221,1.08,0.728,NA,NA,NA,0.004699981
ITPR1,Fetal Brain,SCZ,Inverse variance weighted,2,0.075,0.216,1.078,0.728,NA,0.721713268,NA,0.006493949
CBFB,Fetal Brain,SCZ,Wald ratio,1,-0.257,0.743,0.774,0.73,NA,NA,NA,0.017107913
MEFV,Fetal Brain,SCZ,Wald ratio,1,-0.035,0.101,0.966,0.73,NA,NA,NA,0.00459123
TTC23,Fetal Brain,SCZ,Wald ratio,1,-0.049,0.142,0.952,0.73,NA,NA,NA,0.008956986
EVI5L,Fetal Brain,SCZ,Wald ratio,1,0.083,0.243,1.086,0.733,NA,NA,NA,0.008584691
SUPT5H,Fetal Brain,SCZ,Wald ratio,1,0.288,0.843,1.333,0.733,NA,NA,NA,0.00476104
RPS16,Fetal Brain,SCZ,Wald ratio,1,-0.096,0.28,0.909,0.733,NA,NA,NA,0.004793756
SSR3,Fetal Brain,SCZ,Wald ratio,1,-0.069,0.204,0.933,0.734,NA,NA,NA,0.00462599
PWP1,Fetal Brain,SCZ,Wald ratio,1,0.046,0.137,1.048,0.734,NA,NA,NA,0.005575241
CRTAP,Fetal Brain,SCZ,Wald ratio,1,-0.059,0.175,0.942,0.734,NA,NA,NA,0.007858671
SP110,Fetal Brain,SCZ,Wald ratio,1,0.05,0.148,1.051,0.736,NA,NA,NA,0.004524878
ABLIM3,Fetal Brain,SCZ,Wald ratio,1,0.08,0.239,1.084,0.737,NA,NA,NA,0.005307755
FLJ16779,Fetal Brain,SCZ,Inverse variance weighted,2,-0.039,0.116,0.962,0.738,NA,0.733435098,NA,0.00702253
MS4A7,Fetal Brain,SCZ,Wald ratio,1,-0.107,0.319,0.899,0.739,NA,NA,NA,0.004730045
RNLS,Fetal Brain,SCZ,Wald ratio,1,0.129,0.386,1.137,0.739,NA,NA,NA,0.004573408
FLVCR1,Fetal Brain,SCZ,Wald ratio,1,0.179,0.536,1.196,0.739,NA,NA,NA,0.004573408
C6orf192,Fetal Brain,SCZ,Wald ratio,1,-0.079,0.235,0.925,0.739,NA,NA,NA,0.006912162
GAPDHS,Fetal Brain,SCZ,Wald ratio,1,0.054,0.162,1.056,0.739,NA,NA,NA,0.006601193
ARHGAP26,Fetal Brain,SCZ,Wald ratio,1,0.068,0.204,1.07,0.739,NA,NA,NA,0.005197714
SLC46A3,Fetal Brain,SCZ,Wald ratio,1,-0.663,2.014,0.515,0.742,NA,NA,NA,0.004774903
LYN,Fetal Brain,SCZ,Wald ratio,1,0.53,1.609,1.698,0.742,NA,NA,NA,0.004592553
ABCG8,Fetal Brain,SCZ,Wald ratio,1,0.162,0.492,1.175,0.743,NA,NA,NA,0.020615949
EHMT1,Fetal Brain,SCZ,Inverse variance weighted,2,-0.081,0.247,0.922,0.743,NA,0.093564204,NA,0.014025297
STX6,Fetal Brain,SCZ,Wald ratio,1,-0.163,0.499,0.85,0.744,NA,NA,NA,0.005446695
GNG12,Fetal Brain,SCZ,Wald ratio,1,-0.042,0.128,0.959,0.744,NA,NA,NA,0.005290454
SCN3B,Fetal Brain,SCZ,Wald ratio,1,-0.266,0.816,0.767,0.744,NA,NA,NA,0.007050331
HNRNPF,Fetal Brain,SCZ,Wald ratio,1,-0.116,0.358,0.89,0.745,NA,NA,NA,0.006118006
PTPRZ1,Fetal Brain,SCZ,Wald ratio,1,0.327,1.007,1.387,0.746,NA,NA,NA,0.006114495
OVCH2,Fetal Brain,SCZ,Wald ratio,1,0.086,0.265,1.09,0.746,NA,NA,NA,0.005487063
ROS1,Fetal Brain,SCZ,Wald ratio,1,-0.051,0.156,0.951,0.746,NA,NA,NA,0.005649238
OTUB2,Fetal Brain,SCZ,Wald ratio,1,-0.136,0.422,0.873,0.746,NA,NA,NA,0.005493115
WDR16,Fetal Brain,SCZ,Wald ratio,1,0.275,0.85,1.316,0.746,NA,NA,NA,0.005483905
C2orf63,Fetal Brain,SCZ,Wald ratio,1,-0.084,0.26,0.919,0.746,NA,NA,NA,0.005493115
OBSL1,Fetal Brain,SCZ,Wald ratio,1,-0.421,1.309,0.657,0.748,NA,NA,NA,0.004554944
CHPF,Fetal Brain,SCZ,Wald ratio,1,0.213,0.663,1.237,0.748,NA,NA,NA,0.004554944
TMEM198,Fetal Brain,SCZ,Wald ratio,1,-0.095,0.295,0.91,0.748,NA,NA,NA,0.004554944
SYTL2,Fetal Brain,SCZ,Wald ratio,1,0.091,0.285,1.095,0.749,NA,NA,NA,0.004916022
TACSTD2,Fetal Brain,SCZ,Wald ratio,1,0.108,0.339,1.114,0.75,NA,NA,NA,0.005070803
CD58,Fetal Brain,SCZ,Wald ratio,1,-0.1,0.312,0.905,0.75,NA,NA,NA,0.007188719
AEBP1,Fetal Brain,SCZ,Wald ratio,1,0.05,0.157,1.051,0.751,NA,NA,NA,0.005119058
NDRG4,Fetal Brain,SCZ,Wald ratio,1,0.047,0.15,1.049,0.751,NA,NA,NA,0.005119058
WWTR1,Fetal Brain,SCZ,Wald ratio,1,-0.088,0.277,0.916,0.752,NA,NA,NA,0.007079808
C11orf90,Fetal Brain,SCZ,Wald ratio,1,0.068,0.215,1.07,0.752,NA,NA,NA,0.004806176
LIPA,Fetal Brain,SCZ,Wald ratio,1,-0.204,0.651,0.816,0.755,NA,NA,NA,0.008455222
CACNA2D4,Fetal Brain,SCZ,Wald ratio,1,-0.022,0.071,0.978,0.755,NA,NA,NA,0.004696377
GATA6,Fetal Brain,SCZ,Wald ratio,1,-0.063,0.204,0.938,0.756,NA,NA,NA,0.004851544
SLC35B4,Fetal Brain,SCZ,Wald ratio,1,0.244,0.784,1.276,0.756,NA,NA,NA,0.004539771
SBNO2,Fetal Brain,SCZ,Wald ratio,1,-0.043,0.137,0.958,0.756,NA,NA,NA,0.004695113
GPA33,Fetal Brain,SCZ,Wald ratio,1,0.088,0.285,1.092,0.757,NA,NA,NA,0.004538598
HK2,Fetal Brain,SCZ,Wald ratio,1,0.091,0.295,1.096,0.757,NA,NA,NA,0.005056087
CLUL1,Fetal Brain,SCZ,Wald ratio,1,0.106,0.345,1.112,0.758,NA,NA,NA,0.004743194
METT5D1,Fetal Brain,SCZ,Wald ratio,1,-0.063,0.205,0.939,0.758,NA,NA,NA,0.004898338
PLEKHA5,Fetal Brain,SCZ,Wald ratio,1,0.15,0.49,1.162,0.76,NA,NA,NA,0.006286337
RCHY1,Fetal Brain,SCZ,Wald ratio,1,0.063,0.208,1.065,0.76,NA,NA,NA,0.005461905
KCNMB1,Fetal Brain,SCZ,Wald ratio,1,0.124,0.409,1.133,0.761,NA,NA,NA,0.004788816
AP1S3,Fetal Brain,SCZ,Wald ratio,1,0.227,0.749,1.255,0.761,NA,NA,NA,0.004633528
KLK7,Fetal Brain,SCZ,Wald ratio,1,-0.09,0.296,0.914,0.762,NA,NA,NA,0.004993385
NR5A1,Fetal Brain,SCZ,Wald ratio,1,-0.05,0.166,0.951,0.763,NA,NA,NA,0.004475881
CPEB2,Fetal Brain,SCZ,Wald ratio,1,-0.24,0.795,0.787,0.763,NA,NA,NA,0.004475881
GNAI1,Fetal Brain,SCZ,Wald ratio,1,0.944,3.132,2.57,0.763,NA,NA,NA,0.006010423
ROR2,Fetal Brain,SCZ,Wald ratio,1,0.032,0.106,1.032,0.764,NA,NA,NA,0.005196587
GPRC5A,Fetal Brain,SCZ,Wald ratio,1,0.095,0.318,1.1,0.765,NA,NA,NA,0.004523943
TRIO,Fetal Brain,SCZ,Wald ratio,1,-0.066,0.224,0.936,0.768,NA,NA,NA,0.006318946
LARS,Fetal Brain,SCZ,Wald ratio,1,0.049,0.167,1.051,0.768,NA,NA,NA,0.004930958
TCFL5,Fetal Brain,SCZ,Wald ratio,1,0.595,2.026,1.813,0.769,NA,NA,NA,0.008212679
COL9A3,Fetal Brain,SCZ,Wald ratio,1,-0.084,0.286,0.919,0.769,NA,NA,NA,0.008255265
SDC2,Fetal Brain,SCZ,Wald ratio,1,-0.133,0.455,0.875,0.769,NA,NA,NA,0.005134252
DNAH5,Fetal Brain,SCZ,Wald ratio,1,-0.069,0.234,0.934,0.77,NA,NA,NA,0.004615455
SOAT2,Fetal Brain,SCZ,Wald ratio,1,-0.057,0.194,0.945,0.77,NA,NA,NA,0.006722288
TWISTNB,Fetal Brain,SCZ,Wald ratio,1,-0.075,0.257,0.928,0.772,NA,NA,NA,0.006257173
PTCH2,Fetal Brain,SCZ,Wald ratio,1,-0.149,0.518,0.861,0.773,NA,NA,NA,0.008394632
TYW3,Fetal Brain,SCZ,Wald ratio,1,0.057,0.197,1.058,0.774,NA,NA,NA,0.004508767
CRYZ,Fetal Brain,SCZ,Wald ratio,1,0.107,0.371,1.113,0.774,NA,NA,NA,0.004508581
IFT140,Fetal Brain,SCZ,Wald ratio,1,-0.291,1.011,0.748,0.774,NA,NA,NA,0.009291518
INTS7,Fetal Brain,SCZ,Wald ratio,1,0.054,0.188,1.055,0.774,NA,NA,NA,0.004867739
DOCK5,Fetal Brain,SCZ,Wald ratio,1,-0.01,0.036,0.99,0.775,NA,NA,NA,0.004712449
DIRAS3,Fetal Brain,SCZ,Wald ratio,1,0.234,0.817,1.263,0.775,NA,NA,NA,0.014909652
COLQ,Fetal Brain,SCZ,Wald ratio,1,-0.027,0.095,0.973,0.775,NA,NA,NA,0.004711456
ZNF282,Fetal Brain,SCZ,Wald ratio,1,0.442,1.558,1.556,0.776,NA,NA,NA,0.005236063
NOP56,Fetal Brain,SCZ,Wald ratio,1,0.068,0.238,1.07,0.777,NA,NA,NA,0.005478703
TLR2,Fetal Brain,SCZ,Wald ratio,1,-0.126,0.447,0.881,0.778,NA,NA,NA,0.00837501
NKX3-2,Fetal Brain,SCZ,Wald ratio,1,-0.113,0.399,0.894,0.778,NA,NA,NA,0.008361094
C2orf54,Fetal Brain,SCZ,Wald ratio,1,0.061,0.216,1.063,0.779,NA,NA,NA,0.005525549
SLC7A5,Fetal Brain,SCZ,Wald ratio,1,-0.175,0.625,0.839,0.779,NA,NA,NA,0.00603481
CPNE4,Fetal Brain,SCZ,Wald ratio,1,-0.045,0.16,0.956,0.78,NA,NA,NA,0.004806963
FLJ39582,Fetal Brain,SCZ,Wald ratio,1,0.104,0.375,1.11,0.781,NA,NA,NA,0.005573026
TRMT11,Fetal Brain,SCZ,Wald ratio,1,0.18,0.648,1.197,0.781,NA,NA,NA,0.004649741
GOLM1,Fetal Brain,SCZ,Wald ratio,1,-0.053,0.191,0.948,0.782,NA,NA,NA,0.005212769
RAP1GAP2,Fetal Brain,SCZ,Inverse variance weighted,2,0.039,0.14,1.04,0.782,NA,0.013746059,NA,0.006767218
HIST1H3D,Fetal Brain,SCZ,Wald ratio,1,0.261,0.947,1.299,0.782,NA,NA,NA,0.006335538
LMAN2L,Fetal Brain,SCZ,Wald ratio,1,0.101,0.366,1.106,0.783,NA,NA,NA,0.010212015
SH3YL1,Fetal Brain,SCZ,Wald ratio,1,0.195,0.707,1.215,0.783,NA,NA,NA,0.010204227
ADD2,Fetal Brain,SCZ,Wald ratio,1,0.134,0.487,1.143,0.783,NA,NA,NA,0.005260244
MCF2L,Fetal Brain,SCZ,Inverse variance weighted,2,0.014,0.053,1.014,0.786,NA,0.867082309,NA,0.004446025
9-Sep,Fetal Brain,SCZ,Wald ratio,1,0.139,0.512,1.149,0.786,NA,NA,NA,0.010337858
ENTPD2,Fetal Brain,SCZ,Wald ratio,1,0.016,0.059,1.016,0.788,NA,NA,NA,0.005354746
TMEM189,Fetal Brain,SCZ,Wald ratio,1,-0.034,0.127,0.967,0.789,NA,NA,NA,0.004432058
KNDC1,Fetal Brain,SCZ,Wald ratio,1,0.04,0.151,1.041,0.79,NA,NA,NA,0.004635843
PEBP4,Fetal Brain,SCZ,Wald ratio,1,-0.071,0.267,0.931,0.79,NA,NA,NA,0.004840337
FEZ1,Fetal Brain,SCZ,Wald ratio,1,-0.212,0.8,0.809,0.79,NA,NA,NA,0.021920173
EEF1DP3,Fetal Brain,SCZ,Wald ratio,1,-0.342,1.3,0.711,0.793,NA,NA,NA,0.009879697
C2orf42,Fetal Brain,SCZ,Wald ratio,1,0.127,0.484,1.135,0.793,NA,NA,NA,0.011615003
FBXL18,Fetal Brain,SCZ,Wald ratio,1,0.054,0.208,1.056,0.794,NA,NA,NA,0.004527233
NPFFR1,Fetal Brain,SCZ,Wald ratio,1,0.054,0.209,1.056,0.794,NA,NA,NA,0.00843178
IKZF2,Fetal Brain,SCZ,Wald ratio,1,-0.035,0.134,0.966,0.796,NA,NA,NA,0.004575573
BARX1,Fetal Brain,SCZ,Wald ratio,1,0.29,1.121,1.336,0.796,NA,NA,NA,0.020301557
PPP1R15A,Fetal Brain,SCZ,Wald ratio,1,0.025,0.095,1.025,0.796,NA,NA,NA,0.004982972
SLC7A14,Fetal Brain,SCZ,Wald ratio,1,0.221,0.859,1.247,0.797,NA,NA,NA,0.008921977
CREB3L2,Fetal Brain,SCZ,Wald ratio,1,0.063,0.245,1.065,0.798,NA,NA,NA,0.004418725
SENP7,Fetal Brain,SCZ,Wald ratio,1,-0.429,1.683,0.651,0.799,NA,NA,NA,0.004803401
RG9MTD1,Fetal Brain,SCZ,Wald ratio,1,0.034,0.131,1.034,0.799,NA,NA,NA,0.00482623
ZNF264,Fetal Brain,SCZ,Wald ratio,1,0.072,0.285,1.075,0.8,NA,NA,NA,0.007662681
DKFZp434J0226,Fetal Brain,SCZ,Wald ratio,1,0.086,0.338,1.089,0.8,NA,NA,NA,0.004467083
NINJ2,Fetal Brain,SCZ,Wald ratio,1,-0.028,0.111,0.972,0.8,NA,NA,NA,0.004467085
IGFL2,Fetal Brain,SCZ,Wald ratio,1,-0.042,0.164,0.959,0.8,NA,NA,NA,0.004467085
PSMD13,Fetal Brain,SCZ,Wald ratio,1,-0.028,0.11,0.973,0.801,NA,NA,NA,0.005077408
GABRB2,Fetal Brain,SCZ,Inverse variance weighted,2,0.316,1.254,1.372,0.801,NA,0.00870812,NA,0.109565103
AKR1CL1,Fetal Brain,SCZ,Wald ratio,1,-0.051,0.204,0.95,0.802,NA,NA,NA,0.004505172
GNRH1,Fetal Brain,SCZ,Wald ratio,1,0.158,0.632,1.171,0.803,NA,NA,NA,0.004497968
GAS8,Fetal Brain,SCZ,Wald ratio,1,-0.131,0.524,0.877,0.803,NA,NA,NA,0.004514228
ENGASE,Fetal Brain,SCZ,Wald ratio,1,0.103,0.414,1.108,0.804,NA,NA,NA,0.005173556
TPM1,Fetal Brain,SCZ,Wald ratio,1,-0.035,0.142,0.966,0.807,NA,NA,NA,0.004610456
ARAP1,Fetal Brain,SCZ,Wald ratio,1,0.03,0.125,1.031,0.807,NA,NA,NA,0.006081187
USP44,Fetal Brain,SCZ,Wald ratio,1,-0.09,0.371,0.913,0.807,NA,NA,NA,0.004406019
KAT2B,Fetal Brain,SCZ,Wald ratio,1,0.053,0.218,1.055,0.808,NA,NA,NA,0.020458783
TUSC1,Fetal Brain,SCZ,Wald ratio,1,0.034,0.144,1.035,0.812,NA,NA,NA,0.004501801
CDA,Fetal Brain,SCZ,Wald ratio,1,-0.034,0.143,0.967,0.813,NA,NA,NA,0.00475408
OBFC2A,Fetal Brain,SCZ,Wald ratio,1,-0.25,1.062,0.778,0.814,NA,NA,NA,0.007938135
C11orf75,Fetal Brain,SCZ,Wald ratio,1,0.047,0.199,1.048,0.814,NA,NA,NA,0.007376374
THNSL2,Fetal Brain,SCZ,Wald ratio,1,0.067,0.284,1.069,0.815,NA,NA,NA,0.005004964
EPHA1,Fetal Brain,SCZ,Wald ratio,1,0.043,0.185,1.044,0.816,NA,NA,NA,0.008925171
MIER1,Fetal Brain,SCZ,Wald ratio,1,0.262,1.125,1.299,0.816,NA,NA,NA,0.005053498
RAET1G,Fetal Brain,SCZ,Wald ratio,1,-0.182,0.785,0.834,0.817,NA,NA,NA,0.006365903
PPP1R15B,Fetal Brain,SCZ,Inverse variance weighted,2,-0.088,0.384,0.915,0.818,NA,0.431078885,NA,0.020252004
EZR,Fetal Brain,SCZ,Inverse variance weighted,2,0.055,0.238,1.056,0.819,NA,0.033909807,NA,0.018772972
OPTN,Fetal Brain,SCZ,Wald ratio,1,0.227,0.998,1.255,0.82,NA,NA,NA,0.006712376
ACPL2,Fetal Brain,SCZ,Wald ratio,1,-0.32,1.411,0.726,0.82,NA,NA,NA,0.005603007
C15orf41,Fetal Brain,SCZ,Wald ratio,1,-0.131,0.583,0.877,0.822,NA,NA,NA,0.004530301
BZRAP1,Fetal Brain,SCZ,Wald ratio,1,-0.101,0.45,0.904,0.822,NA,NA,NA,0.014683553
PAQR6,Fetal Brain,SCZ,Wald ratio,1,0.02,0.091,1.02,0.827,NA,NA,NA,0.004431053
HTT,Fetal Brain,SCZ,Inverse variance weighted,2,-0.047,0.217,0.954,0.827,NA,0.675134099,NA,0.004778584
ASB1,Fetal Brain,SCZ,Wald ratio,1,-0.112,0.512,0.894,0.827,NA,NA,NA,0.004430654
SERPINB5,Fetal Brain,SCZ,Wald ratio,1,-0.042,0.195,0.959,0.828,NA,NA,NA,0.004682618
LOC645323,Fetal Brain,SCZ,Wald ratio,1,0.156,0.723,1.169,0.829,NA,NA,NA,0.010254488
AFF1,Fetal Brain,SCZ,Wald ratio,1,-0.043,0.201,0.958,0.829,NA,NA,NA,0.00774407
CNTD2,Fetal Brain,SCZ,Wald ratio,1,0.031,0.146,1.031,0.832,NA,NA,NA,0.004778872
FCGR3A,Fetal Brain,SCZ,Wald ratio,1,0.06,0.283,1.062,0.832,NA,NA,NA,0.004778891
C19orf47,Fetal Brain,SCZ,Wald ratio,1,-0.097,0.455,0.908,0.832,NA,NA,NA,0.004778891
CYP4V2,Fetal Brain,SCZ,Wald ratio,1,0.037,0.177,1.038,0.833,NA,NA,NA,0.004827524
PROKR2,Fetal Brain,SCZ,Wald ratio,1,0.055,0.261,1.056,0.834,NA,NA,NA,0.004371965
C10orf4,Fetal Brain,SCZ,Wald ratio,1,0.034,0.163,1.035,0.834,NA,NA,NA,0.004371965
TNS3,Fetal Brain,SCZ,Wald ratio,1,-0.062,0.295,0.94,0.834,NA,NA,NA,0.004623961
CDK13,Fetal Brain,SCZ,Wald ratio,1,-0.019,0.093,0.981,0.836,NA,NA,NA,0.004420274
ZNF610,Fetal Brain,SCZ,Wald ratio,1,0.057,0.277,1.059,0.836,NA,NA,NA,0.004672234
EBPL,Fetal Brain,SCZ,Wald ratio,1,-0.053,0.255,0.949,0.836,NA,NA,NA,0.004419698
DSCC1,Fetal Brain,SCZ,Wald ratio,1,-0.435,2.105,0.647,0.836,NA,NA,NA,0.005880028
GRID1,Fetal Brain,SCZ,Wald ratio,1,0.045,0.221,1.046,0.838,NA,NA,NA,0.007628848
LMF1,Fetal Brain,SCZ,Wald ratio,1,0.05,0.243,1.051,0.838,NA,NA,NA,0.009227189
HIF1AN,Fetal Brain,SCZ,Wald ratio,1,0.088,0.436,1.092,0.84,NA,NA,NA,0.005252792
PRELP,Fetal Brain,SCZ,Wald ratio,1,-0.058,0.286,0.944,0.84,NA,NA,NA,0.004516616
WWC1,Fetal Brain,SCZ,Wald ratio,1,0.093,0.462,1.098,0.84,NA,NA,NA,0.00593851
POU6F1,Fetal Brain,SCZ,Wald ratio,1,0.072,0.359,1.075,0.84,NA,NA,NA,0.005773589
ERGIC1,Fetal Brain,SCZ,Inverse variance weighted,2,-0.049,0.246,0.952,0.841,NA,0.086578648,NA,0.005459088
RFPL3,Fetal Brain,SCZ,Wald ratio,1,0.09,0.451,1.094,0.842,NA,NA,NA,0.012976291
LPHN3,Fetal Brain,SCZ,Wald ratio,1,0.056,0.282,1.058,0.842,NA,NA,NA,0.005557634
MCF2L2,Fetal Brain,SCZ,Wald ratio,1,0.103,0.517,1.108,0.843,NA,NA,NA,0.013069915
APOL4,Fetal Brain,SCZ,Wald ratio,1,-0.042,0.213,0.959,0.843,NA,NA,NA,0.004613683
MYOF,Fetal Brain,SCZ,Wald ratio,1,0.042,0.214,1.043,0.844,NA,NA,NA,0.005165361
LNX1,Fetal Brain,SCZ,Wald ratio,1,-0.029,0.149,0.971,0.845,NA,NA,NA,0.004661755
PLEKHM3,Fetal Brain,SCZ,Inverse variance weighted,2,0.035,0.178,1.035,0.846,NA,0.305313538,NA,0.006351375
TARS,Fetal Brain,SCZ,Wald ratio,1,-0.152,0.793,0.859,0.848,NA,NA,NA,0.005812378
INPP5B,Fetal Brain,SCZ,Wald ratio,1,-0.089,0.467,0.915,0.849,NA,NA,NA,0.004506738
VWDE,Fetal Brain,SCZ,Wald ratio,1,-0.028,0.149,0.972,0.849,NA,NA,NA,0.005561075
TRIM36,Fetal Brain,SCZ,Wald ratio,1,0.078,0.411,1.081,0.85,NA,NA,NA,0.00849554
ECE1,Fetal Brain,SCZ,Wald ratio,1,-0.291,1.544,0.747,0.85,NA,NA,NA,0.004553778
NEUROG1,Fetal Brain,SCZ,Wald ratio,1,0.127,0.675,1.136,0.851,NA,NA,NA,0.005074183
LOC100128675,Fetal Brain,SCZ,Wald ratio,1,0.041,0.221,1.042,0.852,NA,NA,NA,0.004603711
LSR,Fetal Brain,SCZ,Wald ratio,1,-0.214,1.162,0.807,0.854,NA,NA,NA,0.004595647
PRR4,Fetal Brain,SCZ,Wald ratio,1,-0.019,0.105,0.981,0.854,NA,NA,NA,0.004400537
FBXO30,Fetal Brain,SCZ,Wald ratio,1,-0.063,0.342,0.939,0.854,NA,NA,NA,0.004400537
C12orf59,Fetal Brain,SCZ,Wald ratio,1,0.032,0.176,1.033,0.854,NA,NA,NA,0.0044003
DHCR7,Fetal Brain,SCZ,Wald ratio,1,0.218,1.189,1.244,0.854,NA,NA,NA,0.009819886
PSMD5,Fetal Brain,SCZ,Wald ratio,1,0.024,0.134,1.025,0.856,NA,NA,NA,0.0044491
PDE11A,Fetal Brain,SCZ,Wald ratio,1,0.015,0.083,1.015,0.856,NA,NA,NA,0.005000858
TUSC4,Fetal Brain,SCZ,Wald ratio,1,-0.126,0.695,0.882,0.856,NA,NA,NA,0.022701219
KLHL29,Fetal Brain,SCZ,Wald ratio,1,-0.042,0.231,0.959,0.857,NA,NA,NA,0.004749258
RPTOR,Fetal Brain,SCZ,Inverse variance weighted,2,0.041,0.227,1.041,0.858,NA,0.86032961,NA,0.004479727
TSG101,Fetal Brain,SCZ,Wald ratio,1,-0.147,0.825,0.863,0.858,NA,NA,NA,0.005648548
8-Mar,Fetal Brain,SCZ,Wald ratio,1,0.019,0.107,1.019,0.859,NA,NA,NA,0.005097834
ALOX5,Fetal Brain,SCZ,Wald ratio,1,0.048,0.27,1.049,0.859,NA,NA,NA,0.005096053
TRIM37,Fetal Brain,SCZ,Wald ratio,1,-0.35,1.97,0.704,0.859,NA,NA,NA,0.005785781
LOC146336,Fetal Brain,SCZ,Wald ratio,1,0.041,0.229,1.041,0.859,NA,NA,NA,0.004841911
SCAMP5,Fetal Brain,SCZ,Wald ratio,1,-0.069,0.389,0.934,0.86,NA,NA,NA,0.005146335
EML3,Fetal Brain,SCZ,Wald ratio,1,0.007,0.038,1.007,0.86,NA,NA,NA,0.004594857
T,Fetal Brain,SCZ,Wald ratio,1,0.079,0.451,1.082,0.861,NA,NA,NA,0.004894893
ISM2,Fetal Brain,SCZ,Wald ratio,1,-0.309,1.762,0.734,0.861,NA,NA,NA,0.004860848
PIWIL1,Fetal Brain,SCZ,Wald ratio,1,-0.038,0.216,0.963,0.861,NA,NA,NA,0.009991906
TMEM129,Fetal Brain,SCZ,Wald ratio,1,0.35,2.008,1.42,0.861,NA,NA,NA,0.005494782
C9orf152,Fetal Brain,SCZ,Wald ratio,1,-0.116,0.669,0.891,0.863,NA,NA,NA,0.006981532
DLC1,Fetal Brain,SCZ,Wald ratio,1,-0.133,0.773,0.876,0.864,NA,NA,NA,0.004992026
C22orf40,Fetal Brain,SCZ,Inverse variance weighted,2,-0.032,0.19,0.968,0.865,NA,0.186130876,NA,0.008945211
ASAM,Fetal Brain,SCZ,Wald ratio,1,-0.044,0.26,0.957,0.866,NA,NA,NA,0.004488729
NARF,Fetal Brain,SCZ,Wald ratio,1,-0.014,0.087,0.986,0.868,NA,NA,NA,0.004537606
C21orf29,Fetal Brain,SCZ,Wald ratio,1,-0.067,0.402,0.935,0.868,NA,NA,NA,0.00572765
OSBPL9,Fetal Brain,SCZ,Wald ratio,1,-0.048,0.291,0.953,0.868,NA,NA,NA,0.006169024
COLEC11,Fetal Brain,SCZ,Wald ratio,1,-0.105,0.635,0.9,0.868,NA,NA,NA,0.009041209
TOP2B,Fetal Brain,SCZ,Wald ratio,1,0.166,1.007,1.181,0.869,NA,NA,NA,0.004886612
CTU1,Fetal Brain,SCZ,Wald ratio,1,-0.03,0.19,0.971,0.875,NA,NA,NA,0.005129716
CRBN,Fetal Brain,SCZ,Wald ratio,1,-0.207,1.366,0.813,0.879,NA,NA,NA,0.005623899
ESD,Fetal Brain,SCZ,Wald ratio,1,-0.038,0.249,0.963,0.88,NA,NA,NA,0.004326566
POLR2A,Fetal Brain,SCZ,Wald ratio,1,-0.057,0.382,0.944,0.881,NA,NA,NA,0.005024548
CCDC127,Fetal Brain,SCZ,Wald ratio,1,-0.043,0.287,0.958,0.881,NA,NA,NA,0.005024826
NBPF3,Fetal Brain,SCZ,Wald ratio,1,0.02,0.134,1.02,0.881,NA,NA,NA,0.004375422
ETS1,Fetal Brain,SCZ,Wald ratio,1,0.032,0.215,1.033,0.881,NA,NA,NA,0.004375422
ABCD3,Fetal Brain,SCZ,Wald ratio,1,0.078,0.524,1.081,0.881,NA,NA,NA,0.009012019
UBE2K,Fetal Brain,SCZ,Wald ratio,1,-0.035,0.232,0.966,0.882,NA,NA,NA,0.006403605
RIN3,Fetal Brain,SCZ,Wald ratio,1,-0.014,0.097,0.986,0.883,NA,NA,NA,0.004773512
STK17A,Fetal Brain,SCZ,Wald ratio,1,0.034,0.239,1.034,0.887,NA,NA,NA,0.005317335
BLVRA,Fetal Brain,SCZ,Wald ratio,1,0.065,0.462,1.068,0.887,NA,NA,NA,0.005310588
ZNF507,Fetal Brain,SCZ,Wald ratio,1,-0.047,0.334,0.954,0.887,NA,NA,NA,0.006012465
MAP2K4,Fetal Brain,SCZ,Wald ratio,1,0.017,0.121,1.017,0.889,NA,NA,NA,0.004668638
KIAA1239,Fetal Brain,SCZ,Wald ratio,1,0.028,0.204,1.029,0.889,NA,NA,NA,0.009311738
TSKU,Fetal Brain,SCZ,Wald ratio,1,-0.14,1.008,0.869,0.889,NA,NA,NA,0.005762673
IL6,Fetal Brain,SCZ,Wald ratio,1,-0.039,0.278,0.962,0.889,NA,NA,NA,0.009653266
CTNNBL1,Fetal Brain,SCZ,Wald ratio,1,-0.018,0.134,0.982,0.892,NA,NA,NA,0.005164048
ROBO2,Fetal Brain,SCZ,Wald ratio,1,0.044,0.32,1.044,0.892,NA,NA,NA,0.005163916
PDP2,Fetal Brain,SCZ,Wald ratio,1,0.12,0.892,1.127,0.893,NA,NA,NA,0.009632467
CLCN7,Fetal Brain,SCZ,Wald ratio,1,0.03,0.224,1.03,0.894,NA,NA,NA,0.004514981
TRIM2,Fetal Brain,SCZ,Wald ratio,1,-0.034,0.252,0.967,0.894,NA,NA,NA,0.004514251
C21orf33,Fetal Brain,SCZ,Wald ratio,1,0.157,1.178,1.169,0.894,NA,NA,NA,0.005658636
SLC1A2,Fetal Brain,SCZ,Wald ratio,1,0.12,0.922,1.128,0.896,NA,NA,NA,0.004612983
APLP2,Fetal Brain,SCZ,Wald ratio,1,0.104,0.8,1.11,0.896,NA,NA,NA,0.009544893
APBB2,Fetal Brain,SCZ,Wald ratio,1,0.028,0.22,1.028,0.898,NA,NA,NA,0.004710802
CCDC67,Fetal Brain,SCZ,Wald ratio,1,0.06,0.478,1.062,0.9,NA,NA,NA,0.004808806
SMC1B,Fetal Brain,SCZ,Wald ratio,1,-0.025,0.201,0.976,0.903,NA,NA,NA,0.004508695
FAM118A,Fetal Brain,SCZ,Wald ratio,1,0.018,0.147,1.018,0.903,NA,NA,NA,0.004508702
DEFB1,Fetal Brain,SCZ,Wald ratio,1,-0.028,0.231,0.973,0.905,NA,NA,NA,0.004605991
NAV1,Fetal Brain,SCZ,Wald ratio,1,0.112,0.941,1.119,0.905,NA,NA,NA,0.016357928
ACADM,Fetal Brain,SCZ,Inverse variance weighted,2,-0.017,0.146,0.983,0.906,NA,0.063211073,NA,0.006086488
AP2A2,Fetal Brain,SCZ,Wald ratio,1,0.018,0.156,1.019,0.906,NA,NA,NA,0.004655703
CCDC141,Fetal Brain,SCZ,Wald ratio,1,0.027,0.228,1.027,0.907,NA,NA,NA,0.004704727
GPR153,Fetal Brain,SCZ,Wald ratio,1,0.041,0.354,1.042,0.908,NA,NA,NA,0.00475382
RAB22A,Fetal Brain,SCZ,Wald ratio,1,0.023,0.203,1.023,0.91,NA,NA,NA,0.004453799
ZNF37B,Fetal Brain,SCZ,Inverse variance weighted,2,-0.033,0.293,0.968,0.911,NA,0.25596845,NA,0.004583241
ZXDC,Fetal Brain,SCZ,Inverse variance weighted,2,-0.136,1.246,0.873,0.913,NA,0.007432112,NA,0.151418317
ZFPM2,Fetal Brain,SCZ,Wald ratio,1,0.044,0.401,1.045,0.913,NA,NA,NA,0.005493858
PDGFB,Fetal Brain,SCZ,Wald ratio,1,0.013,0.117,1.013,0.913,NA,NA,NA,0.004601068
LOC100128071,Fetal Brain,SCZ,Wald ratio,1,-0.172,1.593,0.842,0.914,NA,NA,NA,0.008295049
ADAMTS16,Fetal Brain,SCZ,Wald ratio,1,-0.042,0.392,0.959,0.914,NA,NA,NA,0.005096644
SOX30,Fetal Brain,SCZ,Wald ratio,1,-0.028,0.256,0.973,0.914,NA,NA,NA,0.006037102
FCGBP,Fetal Brain,SCZ,Wald ratio,1,-0.011,0.1,0.989,0.915,NA,NA,NA,0.004699187
C14orf23,Fetal Brain,SCZ,Wald ratio,1,0.086,0.806,1.089,0.915,NA,NA,NA,0.00564078
PLK5P,Fetal Brain,SCZ,Wald ratio,1,0.008,0.074,1.008,0.916,NA,NA,NA,0.00474827
SEC23B,Fetal Brain,SCZ,Wald ratio,1,0.075,0.724,1.078,0.917,NA,NA,NA,0.005292933
WISP1,Fetal Brain,SCZ,Wald ratio,1,-0.038,0.366,0.963,0.918,NA,NA,NA,0.004350177
CNTNAP5,Fetal Brain,SCZ,Wald ratio,1,0.013,0.122,1.013,0.918,NA,NA,NA,0.004350022
MIER2,Fetal Brain,SCZ,Wald ratio,1,-0.006,0.057,0.994,0.919,NA,NA,NA,0.004448487
HSF1,Fetal Brain,SCZ,Wald ratio,1,-0.028,0.276,0.973,0.919,NA,NA,NA,0.004448446
LMNB2,Fetal Brain,SCZ,Wald ratio,1,-0.026,0.263,0.974,0.92,NA,NA,NA,0.00547775
NR5A2,Fetal Brain,SCZ,Wald ratio,1,-0.014,0.141,0.986,0.921,NA,NA,NA,0.004546788
PPP1R12A,Fetal Brain,SCZ,Wald ratio,1,-0.121,1.22,0.886,0.921,NA,NA,NA,0.008535766
PDHX,Fetal Brain,SCZ,Wald ratio,1,-0.059,0.607,0.943,0.922,NA,NA,NA,0.007654466
ELOF1,Fetal Brain,SCZ,Wald ratio,1,-0.174,1.788,0.841,0.923,NA,NA,NA,0.005137262
AARS,Fetal Brain,SCZ,Inverse variance weighted,2,-0.113,1.169,0.893,0.923,NA,0.000406972,NA,0.185886226
HSP90AB1,Fetal Brain,SCZ,Wald ratio,1,-0.046,0.478,0.955,0.924,NA,NA,NA,0.004694177
SSPN,Fetal Brain,SCZ,Wald ratio,1,0.253,2.667,1.288,0.924,NA,NA,NA,0.004741405
FBXO4,Fetal Brain,SCZ,Wald ratio,1,0.069,0.747,1.071,0.927,NA,NA,NA,0.00914942
SNX24,Fetal Brain,SCZ,Wald ratio,1,0.105,1.144,1.111,0.927,NA,NA,NA,0.009164109
SRD5A1,Fetal Brain,SCZ,Wald ratio,1,-0.061,0.667,0.94,0.927,NA,NA,NA,0.009146427
CYFIP1,Fetal Brain,SCZ,Wald ratio,1,0.037,0.408,1.038,0.928,NA,NA,NA,0.004939827
GRINA,Fetal Brain,SCZ,Wald ratio,1,-0.018,0.2,0.982,0.928,NA,NA,NA,0.004443712
PLEC1,Fetal Brain,SCZ,Wald ratio,1,0.016,0.179,1.016,0.928,NA,NA,NA,0.00443989
SGMS1,Fetal Brain,SCZ,Wald ratio,1,-0.061,0.699,0.941,0.931,NA,NA,NA,0.005180806
RNF25,Fetal Brain,SCZ,Wald ratio,1,-0.051,0.605,0.95,0.932,NA,NA,NA,0.012191439
MAP4K3,Fetal Brain,SCZ,Wald ratio,1,0.136,1.616,1.146,0.933,NA,NA,NA,0.00998352
KYNU,Fetal Brain,SCZ,Wald ratio,1,-0.024,0.289,0.976,0.934,NA,NA,NA,0.006608829
COG1,Fetal Brain,SCZ,Wald ratio,1,-0.008,0.094,0.992,0.935,NA,NA,NA,0.00429175
SLFN12,Fetal Brain,SCZ,Wald ratio,1,-0.01,0.12,0.99,0.935,NA,NA,NA,0.004291742
FAM104A,Fetal Brain,SCZ,Wald ratio,1,-0.055,0.679,0.946,0.935,NA,NA,NA,0.004290789
ADCY3,Fetal Brain,SCZ,Wald ratio,1,0.012,0.153,1.012,0.936,NA,NA,NA,0.004341037
VSTM2L,Fetal Brain,SCZ,Wald ratio,1,0.044,0.555,1.045,0.937,NA,NA,NA,0.004375622
BCAS1,Fetal Brain,SCZ,Wald ratio,1,-0.017,0.213,0.983,0.938,NA,NA,NA,0.007445194
IER2,Fetal Brain,SCZ,Wald ratio,1,0.039,0.505,1.04,0.939,NA,NA,NA,0.004538059
MRPS10,Fetal Brain,SCZ,Wald ratio,1,-0.022,0.286,0.978,0.939,NA,NA,NA,0.005230463
TMEM171,Fetal Brain,SCZ,Wald ratio,1,0.064,0.841,1.066,0.939,NA,NA,NA,0.004587302
ZNF702P,Fetal Brain,SCZ,Wald ratio,1,0.048,0.65,1.049,0.941,NA,NA,NA,0.014093254
GDF7,Fetal Brain,SCZ,Wald ratio,1,0.012,0.16,1.012,0.942,NA,NA,NA,0.00483344
OSMR,Fetal Brain,SCZ,Wald ratio,1,0.013,0.176,1.013,0.943,NA,NA,NA,0.004882633
AQP11,Fetal Brain,SCZ,Wald ratio,1,-0.149,2.098,0.862,0.943,NA,NA,NA,0.007000792
FMN1,Fetal Brain,SCZ,Wald ratio,1,-0.024,0.337,0.976,0.944,NA,NA,NA,0.004931368
KRTAP10-1,Fetal Brain,SCZ,Wald ratio,1,-0.018,0.251,0.982,0.944,NA,NA,NA,0.004931713
EEF1E1,Fetal Brain,SCZ,Wald ratio,1,0.021,0.296,1.021,0.944,NA,NA,NA,0.004931838
NEK9,Fetal Brain,SCZ,Wald ratio,1,-0.047,0.673,0.954,0.944,NA,NA,NA,0.004288007
SCUBE1,Fetal Brain,SCZ,Wald ratio,1,0.044,0.639,1.045,0.945,NA,NA,NA,0.00433733
PPAN-P2RY11,Fetal Brain,SCZ,Wald ratio,1,0.017,0.246,1.017,0.946,NA,NA,NA,0.004386635
YTHDC2,Fetal Brain,SCZ,Wald ratio,1,0.019,0.282,1.019,0.946,NA,NA,NA,0.005127249
C19orf48,Fetal Brain,SCZ,Wald ratio,1,-0.016,0.241,0.984,0.946,NA,NA,NA,0.004435935
BOD1L,Fetal Brain,SCZ,Wald ratio,1,0.044,0.66,1.045,0.947,NA,NA,NA,0.005208524
CCT2,Fetal Brain,SCZ,Wald ratio,1,0.029,0.43,1.029,0.947,NA,NA,NA,0.00448523
FOXRED2,Fetal Brain,SCZ,Wald ratio,1,-0.058,0.911,0.944,0.949,NA,NA,NA,0.005472675
ZNF395,Fetal Brain,SCZ,Wald ratio,1,-0.023,0.366,0.977,0.95,NA,NA,NA,0.007877369
C11orf41,Fetal Brain,SCZ,Wald ratio,1,0.014,0.221,1.014,0.951,NA,NA,NA,0.004830123
ABAT,Fetal Brain,SCZ,Wald ratio,1,-0.045,0.728,0.956,0.951,NA,NA,NA,0.009607049
TMPRSS6,Fetal Brain,SCZ,Wald ratio,1,0.005,0.093,1.005,0.954,NA,NA,NA,0.005223896
SYNE1,Fetal Brain,SCZ,Wald ratio,1,0.014,0.244,1.014,0.955,NA,NA,NA,0.006110732
SWAP70,Fetal Brain,SCZ,Wald ratio,1,-0.011,0.204,0.989,0.956,NA,NA,NA,0.050282352
VPREB1,Fetal Brain,SCZ,Inverse variance weighted,2,-0.021,0.379,0.979,0.956,NA,0.042204183,NA,0.008027207
C7orf49,Fetal Brain,SCZ,Wald ratio,1,-0.009,0.158,0.991,0.957,NA,NA,NA,0.005469763
DLX6AS,Fetal Brain,SCZ,Inverse variance weighted,2,0.014,0.253,1.014,0.957,NA,0.061865834,NA,0.005968319
GAS2,Fetal Brain,SCZ,Wald ratio,1,-0.019,0.359,0.981,0.958,NA,NA,NA,0.004728747
LACTB2,Fetal Brain,SCZ,Wald ratio,1,0.04,0.773,1.04,0.959,NA,NA,NA,0.005813682
TUBA4A,Fetal Brain,SCZ,Wald ratio,1,-0.034,0.699,0.967,0.962,NA,NA,NA,0.00718737
HDAC4,Fetal Brain,SCZ,Inverse variance weighted,2,0.005,0.103,1.005,0.962,NA,0.254030142,NA,0.006640881
GRAMD1A,Fetal Brain,SCZ,Wald ratio,1,-0.062,1.331,0.94,0.963,NA,NA,NA,0.009572457
RGPD8,Fetal Brain,SCZ,Wald ratio,1,-0.003,0.063,0.997,0.963,NA,NA,NA,0.004331634
OSBPL6,Fetal Brain,SCZ,Wald ratio,1,0.088,1.93,1.092,0.964,NA,NA,NA,0.004379471
PAFAH1B2,Fetal Brain,SCZ,Wald ratio,1,-0.029,0.64,0.971,0.964,NA,NA,NA,0.004381002
ANAPC4,Fetal Brain,SCZ,Wald ratio,1,0.012,0.272,1.012,0.964,NA,NA,NA,0.006596812
C14orf37,Fetal Brain,SCZ,Wald ratio,1,0.032,0.712,1.033,0.964,NA,NA,NA,0.004402926
SYCE1L,Fetal Brain,SCZ,Wald ratio,1,-0.05,1.147,0.951,0.965,NA,NA,NA,0.004529074
ACTL9,Fetal Brain,SCZ,Wald ratio,1,-0.018,0.418,0.982,0.966,NA,NA,NA,0.004627617
MTHFD1L,Fetal Brain,SCZ,Wald ratio,1,0.009,0.209,1.009,0.966,NA,NA,NA,0.004627746
HPCA,Fetal Brain,SCZ,Wald ratio,1,-0.011,0.259,0.989,0.966,NA,NA,NA,0.008106942
PARD6G,Fetal Brain,SCZ,Inverse variance weighted,2,-0.025,0.601,0.976,0.967,NA,0.08091594,NA,0.018068283
DNAJC15,Fetal Brain,SCZ,Wald ratio,1,0.005,0.129,1.005,0.968,NA,NA,NA,0.005022172
SLC18A1,Fetal Brain,SCZ,Wald ratio,1,-0.014,0.353,0.987,0.969,NA,NA,NA,0.00516995
CACNA1A,Fetal Brain,SCZ,Wald ratio,1,0.016,0.424,1.016,0.97,NA,NA,NA,0.006589619
B3GALTL,Fetal Brain,SCZ,Wald ratio,1,0.005,0.142,1.005,0.97,NA,NA,NA,0.005317653
TLR5,Fetal Brain,SCZ,Wald ratio,1,-0.06,1.696,0.942,0.972,NA,NA,NA,0.011108732
C4orf43,Fetal Brain,SCZ,Wald ratio,1,0.015,0.423,1.015,0.972,NA,NA,NA,0.007134454
CCK,Fetal Brain,SCZ,Wald ratio,1,-0.011,0.321,0.989,0.972,NA,NA,NA,0.004329643
UBE2T,Fetal Brain,SCZ,Wald ratio,1,-0.023,0.667,0.977,0.973,NA,NA,NA,0.010097909
SPOCK1,Fetal Brain,SCZ,Wald ratio,1,-0.009,0.266,0.991,0.973,NA,NA,NA,0.004379036
PAX8,Fetal Brain,SCZ,Wald ratio,1,0.006,0.164,1.006,0.973,NA,NA,NA,0.004428373
WDR66,Fetal Brain,SCZ,Wald ratio,1,0.006,0.188,1.006,0.973,NA,NA,NA,0.004477804
VPS28,Fetal Brain,SCZ,Wald ratio,1,-0.035,1.1,0.966,0.975,NA,NA,NA,0.00472309
SLC39A4,Fetal Brain,SCZ,Wald ratio,1,0.005,0.154,1.005,0.975,NA,NA,NA,0.004718317
HOXB13,Fetal Brain,SCZ,Wald ratio,1,-0.011,0.346,0.989,0.975,NA,NA,NA,0.006349464
SMCHD1,Fetal Brain,SCZ,Wald ratio,1,-0.019,0.719,0.981,0.979,NA,NA,NA,0.005595483
PCGF3,Fetal Brain,SCZ,Wald ratio,1,-0.002,0.078,0.998,0.98,NA,NA,NA,0.010000138
SEPSECS,Fetal Brain,SCZ,Wald ratio,1,0.003,0.121,1.003,0.981,NA,NA,NA,0.006397172
PFKP,Fetal Brain,SCZ,Wald ratio,1,0.005,0.21,1.005,0.982,NA,NA,NA,0.004327795
PRKD2,Fetal Brain,SCZ,Wald ratio,1,0.005,0.21,1.005,0.982,NA,NA,NA,0.004328221
PTDSS2,Fetal Brain,SCZ,Wald ratio,1,-0.017,0.74,0.983,0.982,NA,NA,NA,0.008692124
DPH3,Fetal Brain,SCZ,Wald ratio,1,-0.013,0.585,0.987,0.982,NA,NA,NA,0.004377632
NDUFA10,Fetal Brain,SCZ,Wald ratio,1,-0.004,0.2,0.996,0.982,NA,NA,NA,0.004427035
IRAK1BP1,Fetal Brain,SCZ,Wald ratio,1,-0.004,0.194,0.996,0.983,NA,NA,NA,0.004624565
HOXA9,Fetal Brain,SCZ,Wald ratio,1,0.012,0.556,1.012,0.983,NA,NA,NA,0.006982988
PPP2R1B,Fetal Brain,SCZ,Wald ratio,1,0.036,1.712,1.037,0.983,NA,NA,NA,0.00467305
PLSCR2,Fetal Brain,SCZ,Wald ratio,1,0.007,0.352,1.007,0.983,NA,NA,NA,0.004723284
KCNQ5,Fetal Brain,SCZ,Wald ratio,1,-0.016,0.774,0.984,0.983,NA,NA,NA,0.00477263
FAM82B,Fetal Brain,SCZ,Wald ratio,1,-0.031,1.515,0.969,0.984,NA,NA,NA,0.004776174
PIM1,Fetal Brain,SCZ,Wald ratio,1,-0.01,0.49,0.99,0.984,NA,NA,NA,0.004920621
BRPF1,Fetal Brain,SCZ,Wald ratio,1,0.042,2.17,1.043,0.985,NA,NA,NA,0.005117308
KIAA0368,Fetal Brain,SCZ,Wald ratio,1,-0.015,0.773,0.986,0.985,NA,NA,NA,0.007892525
GINS4,Fetal Brain,SCZ,Wald ratio,1,-0.019,1.148,0.981,0.987,NA,NA,NA,0.005954391
MIR1276,Fetal Brain,SCZ,Wald ratio,1,-0.008,0.459,0.992,0.987,NA,NA,NA,0.01750019
CAPN2,Fetal Brain,SCZ,Wald ratio,1,0.003,0.177,1.003,0.988,NA,NA,NA,0.009466746
CPT1A,Fetal Brain,SCZ,Wald ratio,1,-0.004,0.354,0.996,0.991,NA,NA,NA,0.0082984
FAT3,Fetal Brain,SCZ,Wald ratio,1,0.002,0.169,1.002,0.991,NA,NA,NA,0.004277859
RMRP,Fetal Brain,SCZ,Wald ratio,1,0.003,0.273,1.003,0.991,NA,NA,NA,0.004327369
KLHL6,Fetal Brain,SCZ,Wald ratio,1,0.002,0.152,1.002,0.991,NA,NA,NA,0.004327369
LSM6,Fetal Brain,SCZ,Wald ratio,1,-0.004,0.377,0.996,0.991,NA,NA,NA,0.004574391
ZNF697,Fetal Brain,SCZ,Wald ratio,1,0.002,0.269,1.002,0.994,NA,NA,NA,0.006493736
C22orf15,Fetal Brain,SCZ,Inverse variance weighted,2,-0.001,0.183,0.999,0.995,NA,0.490176358,NA,0.006476318
TP53I13,Fetal Brain,SCZ,Wald ratio,1,0.002,0.518,1.002,0.996,NA,NA,NA,0.010946982
SLC6A2,Fetal Brain,SCZ,Wald ratio,1,0,1.722,1,1,NA,NA,NA,0.004820952
ARPC2,Fetal Brain,SCZ,Wald ratio,1,0,0.848,1,1,NA,NA,NA,0.004277653
PNKD,Fetal Brain,SCZ,Wald ratio,1,0,2.777,1,1,NA,NA,NA,0.004274143
CAB39,Fetal Brain,SCZ,Wald ratio,1,0,0.324,1,1,NA,NA,NA,0.007569971
ANKRD56,Fetal Brain,SCZ,Wald ratio,1,0,0.191,1,1,NA,NA,NA,0.005411883
