Gene,Tissue,Psychiatric disorder,Method,Nsnp,Beta,SE,OR,P-value,Q_Pvalue(MREgger),Q_Pvalue(IVW),P-value(Intercept),PPH4
BDNF,Brain Cortex,ADHD,Wald ratio,1,-0.112,0.026,0.894,1.38E-05,NA,NA,NA,0.983784164
OGFOD2,Brain Cortex,ADHD,Wald ratio,1,-0.161,0.038,0.852,2.52E-05,NA,NA,NA,0.01008482
PRTFDC1,Brain Cortex,ADHD,Wald ratio,1,0.057,0.014,1.058,5.07E-05,NA,NA,NA,0.945418924
IGF1R,Brain Cortex,ADHD,Wald ratio,1,-0.108,0.027,0.898,5.79E-05,NA,NA,NA,0.005742152
SLC24A4,Brain Cortex,ADHD,Wald ratio,1,0.097,0.025,1.102,8.81E-05,NA,NA,NA,0.041751346
MED27,Brain Cortex,ADHD,Wald ratio,1,-0.1,0.026,0.905,9.70E-05,NA,NA,NA,0.008931888
TMEM132B,Brain Cortex,ADHD,Wald ratio,1,0.095,0.025,1.1,0.000141,NA,NA,NA,0.006309474
RFLNA,Brain Cortex,ADHD,Wald ratio,1,-0.057,0.016,0.945,0.000275,NA,NA,NA,0.010135831
ENSG00000257735,Brain Cortex,ADHD,Wald ratio,1,0.09,0.025,1.094,0.000316,NA,NA,NA,0.759864151
NR2E3,Brain Cortex,ADHD,Wald ratio,1,-0.446,0.125,0.64,0.000354,NA,NA,NA,0.010680209
DHCR7,Brain Cortex,ADHD,Wald ratio,1,0.105,0.03,1.111,0.00044,NA,NA,NA,0.701180074
CACNB2,Brain Cortex,ADHD,Wald ratio,1,0.066,0.019,1.068,0.000465,NA,NA,NA,0.674903588
SEMA6D,Brain Cortex,ADHD,Wald ratio,1,-0.058,0.017,0.944,0.000505,NA,NA,NA,0.700899246
SLC12A5,Brain Cortex,ADHD,Wald ratio,1,0.072,0.021,1.075,0.000517,NA,NA,NA,0.68300931
SECISBP2,Brain Cortex,ADHD,Wald ratio,1,0.214,0.062,1.238,0.000517,NA,NA,NA,0.025878349
NXPH4,Brain Cortex,ADHD,Wald ratio,1,-0.069,0.02,0.933,0.000611,NA,NA,NA,0.626431494
ENSG00000286608,Brain Cortex,ADHD,Wald ratio,1,-0.1,0.03,0.905,0.000988,NA,NA,NA,0.626644422
NOS1,Brain Cortex,ADHD,Inverse variance weighted,2,0.077,0.023,1.08,0.00109,NA,0.38758696,NA,0.335001031
ENSG00000264449,Brain Cortex,ADHD,Wald ratio,1,-0.116,0.035,0.891,0.00112,NA,NA,NA,0.499877266
SVIL-AS1,Brain Cortex,ADHD,Wald ratio,1,0.115,0.036,1.121,0.00139,NA,NA,NA,0.608868565
LINC02694,Brain Cortex,ADHD,Wald ratio,1,0.035,0.011,1.036,0.00176,NA,NA,NA,0.382298391
NCOR2,Brain Cortex,ADHD,Wald ratio,1,-0.273,0.089,0.761,0.00209,NA,NA,NA,0.584188048
FLJ12825,Brain Cortex,ADHD,Wald ratio,1,-0.053,0.017,0.949,0.00219,NA,NA,NA,0.340623158
MIR3667HG,Brain Cortex,ADHD,Wald ratio,1,0.055,0.018,1.057,0.00231,NA,NA,NA,0.007057833
NTN1,Brain Cortex,ADHD,Wald ratio,1,0.119,0.04,1.127,0.00264,NA,NA,NA,0.008373262
NANS,Brain Cortex,ADHD,Wald ratio,1,-0.035,0.012,0.966,0.00279,NA,NA,NA,0.305605767
SILC1,Brain Cortex,ADHD,Wald ratio,1,-0.095,0.032,0.91,0.00295,NA,NA,NA,0.314142265
PPME1,Brain Cortex,ADHD,Wald ratio,1,-0.342,0.116,0.711,0.00329,NA,NA,NA,0.552191783
FERMT3,Brain Cortex,ADHD,Wald ratio,1,-0.108,0.037,0.898,0.00332,NA,NA,NA,0.317209867
LDLRAD3,Brain Cortex,ADHD,Wald ratio,1,0.184,0.063,1.202,0.00334,NA,NA,NA,0.010213504
JMJD1C,Brain Cortex,ADHD,Wald ratio,1,-0.092,0.032,0.912,0.00375,NA,NA,NA,0.279007677
PRKCA,Brain Cortex,ADHD,Wald ratio,1,-0.059,0.021,0.943,0.00409,NA,NA,NA,0.061055697
BICRA,Brain Cortex,ADHD,Wald ratio,1,0.093,0.033,1.098,0.00417,NA,NA,NA,0.248888556
TMEM132D,Brain Cortex,ADHD,Wald ratio,1,0.036,0.013,1.037,0.00433,NA,NA,NA,0.21586303
ENSG00000270299,Brain Cortex,ADHD,Wald ratio,1,0.078,0.028,1.082,0.00483,NA,NA,NA,0.270505043
TMEM266,Brain Cortex,ADHD,Wald ratio,1,-0.129,0.046,0.879,0.00553,NA,NA,NA,0.272073774
PDZRN4,Brain Cortex,ADHD,Wald ratio,1,0.053,0.019,1.055,0.00575,NA,NA,NA,0.190232725
WDR72,Brain Cortex,ADHD,Wald ratio,1,0.12,0.043,1.127,0.00577,NA,NA,NA,0.211927316
POC1B-AS1,Brain Cortex,ADHD,Wald ratio,1,-0.071,0.026,0.931,0.00583,NA,NA,NA,0.196797553
ENSG00000236924,Brain Cortex,ADHD,Inverse variance weighted,2,0.079,0.029,1.082,0.00598,NA,0.470328026,NA,0.010016403
ALDH1A2,Brain Cortex,ADHD,Wald ratio,1,0.056,0.02,1.058,0.0061,NA,NA,NA,0.007884544
LINC01234,Brain Cortex,ADHD,Wald ratio,1,0.094,0.034,1.099,0.00621,NA,NA,NA,0.005634032
PSMB7,Brain Cortex,ADHD,Wald ratio,1,-0.041,0.015,0.96,0.00626,NA,NA,NA,0.163436613
STK32B,Brain Cortex,ADHD,Wald ratio,1,-0.075,0.027,0.928,0.00636,NA,NA,NA,0.057361388
NPAS3,Brain Cortex,ADHD,Wald ratio,1,-0.092,0.034,0.912,0.00704,NA,NA,NA,0.00730888
VEZT,Brain Cortex,ADHD,Wald ratio,1,-0.057,0.021,0.945,0.00719,NA,NA,NA,0.189105564
TOM1L2,Brain Cortex,ADHD,Wald ratio,1,-0.082,0.03,0.922,0.00737,NA,NA,NA,0.152072471
LINC02882,Brain Cortex,ADHD,Wald ratio,1,0.052,0.019,1.053,0.00743,NA,NA,NA,0.14232147
PRKD1,Brain Cortex,ADHD,Wald ratio,1,-0.089,0.033,0.914,0.00752,NA,NA,NA,0.154802836
ENSG00000289436,Brain Cortex,ADHD,Wald ratio,1,0.065,0.024,1.067,0.00757,NA,NA,NA,0.141427
ENSG00000228809,Brain Cortex,ADHD,Wald ratio,1,0.202,0.076,1.224,0.00777,NA,NA,NA,0.350092466
STYX,Brain Cortex,ADHD,Wald ratio,1,-0.043,0.016,0.958,0.00781,NA,NA,NA,0.141868789
CHST11,Brain Cortex,ADHD,Wald ratio,1,0.04,0.015,1.041,0.00792,NA,NA,NA,0.016280241
CAMK1D,Brain Cortex,ADHD,Wald ratio,1,-0.061,0.023,0.941,0.00831,NA,NA,NA,0.151415137
TEAD1,Brain Cortex,ADHD,Wald ratio,1,0.087,0.033,1.091,0.00849,NA,NA,NA,0.130718697
LINC01413,Brain Cortex,ADHD,Wald ratio,1,0.089,0.034,1.093,0.00865,NA,NA,NA,0.133457434
ZBTB4,Brain Cortex,ADHD,Wald ratio,1,0.041,0.016,1.042,0.00872,NA,NA,NA,0.149208283
RBFOX1,Brain Cortex,ADHD,Wald ratio,1,-0.042,0.016,0.959,0.00932,NA,NA,NA,0.013474231
IGHMBP2,Brain Cortex,ADHD,Wald ratio,1,-0.038,0.015,0.963,0.01,NA,NA,NA,0.119212761
CYP19A1,Brain Cortex,ADHD,Wald ratio,1,-0.041,0.016,0.959,0.0107,NA,NA,NA,0.109892534
CLPX,Brain Cortex,ADHD,Wald ratio,1,-0.043,0.017,0.957,0.011,NA,NA,NA,0.006318298
CCDC9B,Brain Cortex,ADHD,Wald ratio,1,-0.212,0.083,0.809,0.011,NA,NA,NA,0.211280321
SLC2A13,Brain Cortex,ADHD,Wald ratio,1,0.042,0.017,1.043,0.011,NA,NA,NA,0.005649091
B3GAT1,Brain Cortex,ADHD,Wald ratio,1,0.103,0.041,1.108,0.0113,NA,NA,NA,0.127753205
CELF2,Brain Cortex,ADHD,Wald ratio,1,-0.106,0.042,0.9,0.0121,NA,NA,NA,0.120941926
FRMD4A,Brain Cortex,ADHD,Wald ratio,1,0.053,0.021,1.055,0.0122,NA,NA,NA,0.006515099
ETV6,Brain Cortex,ADHD,Wald ratio,1,0.109,0.044,1.115,0.0124,NA,NA,NA,0.006528233
PDCD1LG2,Brain Cortex,ADHD,Wald ratio,1,0.033,0.013,1.034,0.0126,NA,NA,NA,0.102829881
ZMIZ1-AS1,Brain Cortex,ADHD,Wald ratio,1,-0.059,0.024,0.943,0.0129,NA,NA,NA,0.007237246
RPTOR,Brain Cortex,ADHD,Wald ratio,1,-0.035,0.014,0.966,0.013,NA,NA,NA,0.005755065
MPP7,Brain Cortex,ADHD,Wald ratio,1,-0.081,0.033,0.922,0.0134,NA,NA,NA,0.120778553
CAMSAP1-DT,Brain Cortex,ADHD,Wald ratio,1,0.06,0.025,1.062,0.015,NA,NA,NA,0.127584628
VASH1,Brain Cortex,ADHD,Wald ratio,1,-0.05,0.02,0.952,0.015,NA,NA,NA,0.083183397
DOCK1,Brain Cortex,ADHD,Wald ratio,1,0.048,0.02,1.05,0.0156,NA,NA,NA,0.006080859
ADAMTS17,Brain Cortex,ADHD,Wald ratio,1,-0.058,0.024,0.944,0.0157,NA,NA,NA,0.008432301
RRAS2,Brain Cortex,ADHD,Wald ratio,1,-0.026,0.011,0.974,0.016,NA,NA,NA,0.081064758
GNA14,Brain Cortex,ADHD,Wald ratio,1,0.035,0.015,1.036,0.0168,NA,NA,NA,0.005915966
VAC14,Brain Cortex,ADHD,Wald ratio,1,0.113,0.048,1.12,0.0171,NA,NA,NA,0.13348222
DLG2,Brain Cortex,ADHD,Wald ratio,1,0.061,0.026,1.062,0.0175,NA,NA,NA,0.085105709
KIRREL3,Brain Cortex,ADHD,Wald ratio,1,-0.072,0.03,0.931,0.0176,NA,NA,NA,0.07397809
ENSG00000287912,Brain Cortex,ADHD,Wald ratio,1,-0.05,0.021,0.952,0.018,NA,NA,NA,0.070441136
ADGRD1,Brain Cortex,ADHD,Wald ratio,1,-0.079,0.034,0.924,0.0196,NA,NA,NA,0.025282257
ZFHX3,Brain Cortex,ADHD,Wald ratio,1,-0.028,0.012,0.972,0.0204,NA,NA,NA,0.008253057
ENSG00000268566,Brain Cortex,ADHD,Wald ratio,1,0.074,0.032,1.077,0.021,NA,NA,NA,0.062862582
KAZN,Brain Cortex,ADHD,Wald ratio,1,0.069,0.03,1.071,0.021,NA,NA,NA,0.021202417
GFI1B,Brain Cortex,ADHD,Wald ratio,1,0.071,0.031,1.073,0.0213,NA,NA,NA,0.849966141
LINC00551,Brain Cortex,ADHD,Wald ratio,1,-0.073,0.032,0.93,0.0216,NA,NA,NA,0.006511241
PLEKHA7,Brain Cortex,ADHD,Wald ratio,1,-0.084,0.037,0.919,0.0217,NA,NA,NA,0.063559122
MPPED2-AS1,Brain Cortex,ADHD,Wald ratio,1,0.033,0.014,1.033,0.0222,NA,NA,NA,0.012103617
RPS29,Brain Cortex,ADHD,Wald ratio,1,-0.098,0.043,0.907,0.0227,NA,NA,NA,0.024663553
DAD1,Brain Cortex,ADHD,Wald ratio,1,0.07,0.031,1.073,0.0227,NA,NA,NA,0.005534436
ENSG00000230526,Brain Cortex,ADHD,Wald ratio,1,-0.092,0.041,0.912,0.0229,NA,NA,NA,0.109018389
COL27A1,Brain Cortex,ADHD,Wald ratio,1,-0.086,0.038,0.917,0.0231,NA,NA,NA,0.005180058
MGST1,Brain Cortex,ADHD,Wald ratio,1,0.048,0.021,1.049,0.0234,NA,NA,NA,0.00775729
SFSWAP,Brain Cortex,ADHD,Wald ratio,1,0.041,0.018,1.041,0.0248,NA,NA,NA,0.054821161
NTNG2,Brain Cortex,ADHD,Wald ratio,1,0.045,0.02,1.046,0.0249,NA,NA,NA,0.055069054
CLDN14,Brain Cortex,ADHD,Wald ratio,1,-0.06,0.027,0.941,0.0255,NA,NA,NA,0.055765365
BEND7,Brain Cortex,ADHD,Wald ratio,1,0.067,0.03,1.07,0.026,NA,NA,NA,0.005680649
MSI2,Brain Cortex,ADHD,Wald ratio,1,0.034,0.016,1.035,0.027,NA,NA,NA,0.005274317
CELF4,Brain Cortex,ADHD,Wald ratio,1,0.084,0.038,1.088,0.027,NA,NA,NA,0.010986902
LINC01169,Brain Cortex,ADHD,Wald ratio,1,0.078,0.036,1.082,0.0271,NA,NA,NA,0.005854541
MEG8,Brain Cortex,ADHD,Wald ratio,1,-0.152,0.069,0.859,0.0271,NA,NA,NA,0.006040126
PRRX2,Brain Cortex,ADHD,Wald ratio,1,0.061,0.028,1.063,0.0273,NA,NA,NA,0.00557872
CGNL1,Brain Cortex,ADHD,Wald ratio,1,0.081,0.037,1.085,0.0276,NA,NA,NA,0.052259266
SORCS2,Brain Cortex,ADHD,Wald ratio,1,0.067,0.031,1.07,0.0281,NA,NA,NA,0.054792673
RBM7,Brain Cortex,ADHD,Wald ratio,1,-0.11,0.05,0.896,0.0288,NA,NA,NA,0.017978051
HIKESHI,Brain Cortex,ADHD,Wald ratio,1,-0.058,0.027,0.944,0.0288,NA,NA,NA,0.049907065
TENM4,Brain Cortex,ADHD,Wald ratio,1,0.036,0.017,1.037,0.0293,NA,NA,NA,0.006490046
PPP1CC,Brain Cortex,ADHD,Wald ratio,1,0.044,0.02,1.045,0.0293,NA,NA,NA,0.005352788
USP20,Brain Cortex,ADHD,Inverse variance weighted,2,-0.068,0.031,0.934,0.0294,NA,0.586052504,NA,0.012589502
WDR37,Brain Cortex,ADHD,Wald ratio,1,0.061,0.028,1.062,0.0301,NA,NA,NA,0.071110763
DNM1,Brain Cortex,ADHD,Wald ratio,1,0.074,0.034,1.077,0.0306,NA,NA,NA,0.070124647
ORAI1,Brain Cortex,ADHD,Wald ratio,1,0.032,0.015,1.032,0.0308,NA,NA,NA,0.006601601
BNC2,Brain Cortex,ADHD,Wald ratio,1,0.075,0.035,1.078,0.031,NA,NA,NA,0.041025445
ENSG00000278595,Brain Cortex,ADHD,Wald ratio,1,0.075,0.035,1.077,0.0313,NA,NA,NA,0.072668186
CCDC171,Brain Cortex,ADHD,Wald ratio,1,0.027,0.012,1.027,0.0318,NA,NA,NA,0.045207882
KLHL29,Brain Cortex,ADHD,Wald ratio,1,0.025,0.012,1.025,0.0334,NA,NA,NA,0.005544754
ENSG00000255931,Brain Cortex,ADHD,Wald ratio,1,0.064,0.03,1.066,0.0349,NA,NA,NA,0.062431116
WFDC1,Brain Cortex,ADHD,Wald ratio,1,-0.074,0.035,0.929,0.0373,NA,NA,NA,0.04045924
ARHGAP12,Brain Cortex,ADHD,Wald ratio,1,0.031,0.015,1.031,0.038,NA,NA,NA,0.038258986
UBTD1,Brain Cortex,ADHD,Wald ratio,1,0.044,0.021,1.045,0.0388,NA,NA,NA,0.04292432
PYGB,Brain Cortex,ADHD,Wald ratio,1,-0.205,0.1,0.814,0.0394,NA,NA,NA,0.101081955
LINC01588,Brain Cortex,ADHD,Wald ratio,1,0.082,0.04,1.086,0.0398,NA,NA,NA,0.015780946
GABRB3,Brain Cortex,ADHD,Wald ratio,1,-0.056,0.027,0.945,0.0398,NA,NA,NA,0.020009809
ZMIZ1,Brain Cortex,ADHD,Wald ratio,1,0.076,0.037,1.079,0.0399,NA,NA,NA,0.00478988
BCL11B,Brain Cortex,ADHD,Wald ratio,1,-0.057,0.028,0.944,0.0401,NA,NA,NA,0.025963278
BACE2,Brain Cortex,ADHD,Wald ratio,1,0.024,0.012,1.024,0.0403,NA,NA,NA,0.038372928
ILF3,Brain Cortex,ADHD,Wald ratio,1,0.262,0.128,1.3,0.0406,NA,NA,NA,0.128665994
DHRS4-AS1,Brain Cortex,ADHD,Wald ratio,1,-0.218,0.107,0.804,0.0409,NA,NA,NA,0.048249837
RNLS,Brain Cortex,ADHD,Wald ratio,1,0.051,0.025,1.052,0.0412,NA,NA,NA,0.036944307
TJP1,Brain Cortex,ADHD,Wald ratio,1,0.032,0.016,1.032,0.0415,NA,NA,NA,0.049185564
ITIH5,Brain Cortex,ADHD,Wald ratio,1,-0.052,0.026,0.949,0.0425,NA,NA,NA,0.03884021
ENSG00000289541,Brain Cortex,ADHD,Wald ratio,1,0.21,0.104,1.233,0.0437,NA,NA,NA,0.006691803
ADGRL3,Brain Cortex,ADHD,Wald ratio,1,-0.082,0.04,0.922,0.0437,NA,NA,NA,0.043781979
PAOX,Brain Cortex,ADHD,Wald ratio,1,-0.213,0.106,0.808,0.044,NA,NA,NA,0.094404746
C10orf90,Brain Cortex,ADHD,Wald ratio,1,0.038,0.019,1.039,0.0444,NA,NA,NA,0.034392492
ENSG00000228566,Brain Cortex,ADHD,Wald ratio,1,-0.027,0.013,0.974,0.0445,NA,NA,NA,0.038128836
TEX10,Brain Cortex,ADHD,Wald ratio,1,0.031,0.015,1.031,0.0445,NA,NA,NA,0.038449028
MGMT,Brain Cortex,ADHD,Wald ratio,1,0.033,0.016,1.033,0.0446,NA,NA,NA,0.045731168
NXN,Brain Cortex,ADHD,Wald ratio,1,0.07,0.035,1.073,0.0455,NA,NA,NA,0.006843715
CDH4,Brain Cortex,ADHD,Wald ratio,1,0.046,0.023,1.047,0.0455,NA,NA,NA,0.021827117
ZBTB16,Brain Cortex,ADHD,Wald ratio,1,0.139,0.069,1.149,0.0455,NA,NA,NA,0.0432155
FGD4,Brain Cortex,ADHD,Wald ratio,1,0.048,0.024,1.05,0.0455,NA,NA,NA,0.010002411
DPH6-DT,Brain Cortex,ADHD,Wald ratio,1,0.044,0.022,1.045,0.0465,NA,NA,NA,0.038452612
SHISA6,Brain Cortex,ADHD,Wald ratio,1,0.026,0.013,1.026,0.0466,NA,NA,NA,0.034057789
ENSG00000280306,Brain Cortex,ADHD,Wald ratio,1,0.075,0.038,1.078,0.0473,NA,NA,NA,0.041104306
MAML2,Brain Cortex,ADHD,Wald ratio,1,-0.059,0.03,0.943,0.0477,NA,NA,NA,0.011938753
CRTC3-AS1,Brain Cortex,ADHD,Wald ratio,1,0.06,0.031,1.062,0.0489,NA,NA,NA,0.063319996
SNX19,Brain Cortex,ADHD,Wald ratio,1,-0.03,0.015,0.97,0.0492,NA,NA,NA,0.01127314
MGAT4C,Brain Cortex,ADHD,Wald ratio,1,-0.05,0.025,0.951,0.0497,NA,NA,NA,0.043156079
TSPAN9,Brain Cortex,ADHD,Wald ratio,1,-0.203,0.104,0.817,0.0507,NA,NA,NA,0.006753779
KCNQ1,Brain Cortex,ADHD,Wald ratio,1,0.072,0.037,1.075,0.0508,NA,NA,NA,0.046869512
FAM171A1,Brain Cortex,ADHD,Wald ratio,1,-0.073,0.038,0.929,0.0516,NA,NA,NA,0.041641671
STK38L,Brain Cortex,ADHD,Wald ratio,1,0.136,0.07,1.145,0.0516,NA,NA,NA,0.057385693
KCNK10,Brain Cortex,ADHD,Wald ratio,1,0.076,0.039,1.079,0.0518,NA,NA,NA,0.033985726
MICAL2,Brain Cortex,ADHD,Wald ratio,1,-0.036,0.018,0.965,0.0524,NA,NA,NA,0.006307075
KCNJ1,Brain Cortex,ADHD,Wald ratio,1,-0.064,0.033,0.938,0.0525,NA,NA,NA,0.004870544
JPH3,Brain Cortex,ADHD,Wald ratio,1,-0.058,0.03,0.944,0.0528,NA,NA,NA,0.005925129
ARHGEF7,Brain Cortex,ADHD,Wald ratio,1,0.173,0.089,1.189,0.053,NA,NA,NA,0.09958066
SNX15,Brain Cortex,ADHD,Wald ratio,1,0.124,0.064,1.132,0.0531,NA,NA,NA,0.017882707
PTPRQ,Brain Cortex,ADHD,Wald ratio,1,-0.045,0.023,0.956,0.0532,NA,NA,NA,0.041470595
FAT3,Brain Cortex,ADHD,Wald ratio,1,-0.033,0.017,0.967,0.0534,NA,NA,NA,0.032007225
NAV3,Brain Cortex,ADHD,Wald ratio,1,-0.1,0.052,0.905,0.0539,NA,NA,NA,0.008007999
CABIN1,Brain Cortex,ADHD,Wald ratio,1,0.192,0.1,1.212,0.0542,NA,NA,NA,0.088025307
RASGRP1,Brain Cortex,ADHD,Wald ratio,1,-0.081,0.042,0.922,0.0544,NA,NA,NA,0.035897492
DOCK9,Brain Cortex,ADHD,Wald ratio,1,-0.029,0.015,0.972,0.0545,NA,NA,NA,0.03896105
CKAP4,Brain Cortex,ADHD,Wald ratio,1,-0.096,0.05,0.908,0.0552,NA,NA,NA,0.052839214
DMBT1L1,Brain Cortex,ADHD,Wald ratio,1,0.167,0.087,1.182,0.0554,NA,NA,NA,0.101000693
LIPA,Brain Cortex,ADHD,Wald ratio,1,-0.076,0.039,0.927,0.0556,NA,NA,NA,0.027934449
PAQR5,Brain Cortex,ADHD,Wald ratio,1,-0.082,0.043,0.921,0.0566,NA,NA,NA,0.040280141
ENSG00000267188,Brain Cortex,ADHD,Wald ratio,1,0.071,0.037,1.073,0.0583,NA,NA,NA,0.042575166
B4GALNT3,Brain Cortex,ADHD,Wald ratio,1,-0.04,0.021,0.961,0.0591,NA,NA,NA,0.028136088
PRKG1,Brain Cortex,ADHD,Wald ratio,1,0.027,0.015,1.028,0.0593,NA,NA,NA,0.00688536
NTN4,Brain Cortex,ADHD,Wald ratio,1,0.039,0.021,1.04,0.0596,NA,NA,NA,0.031758255
CDH8,Brain Cortex,ADHD,Wald ratio,1,0.049,0.026,1.05,0.0597,NA,NA,NA,0.026806916
NTM,Brain Cortex,ADHD,Wald ratio,1,-0.053,0.028,0.949,0.06,NA,NA,NA,0.011255336
CLIP4,Brain Cortex,ADHD,Wald ratio,1,0.025,0.014,1.026,0.0609,NA,NA,NA,0.00523893
KYAT1,Brain Cortex,ADHD,Wald ratio,1,-0.067,0.036,0.935,0.0612,NA,NA,NA,0.030564993
SYNE2,Brain Cortex,ADHD,Wald ratio,1,0.027,0.015,1.028,0.0619,NA,NA,NA,0.007763815
EPB41L3,Brain Cortex,ADHD,Wald ratio,1,0.022,0.012,1.022,0.0624,NA,NA,NA,0.016870948
PIGN,Brain Cortex,ADHD,Wald ratio,1,-0.207,0.112,0.813,0.0632,NA,NA,NA,0.077513637
NRXN2,Brain Cortex,ADHD,Wald ratio,1,0.032,0.017,1.033,0.0633,NA,NA,NA,0.00740566
SCYL1,Brain Cortex,ADHD,Wald ratio,1,0.112,0.06,1.118,0.0636,NA,NA,NA,0.053483571
PITRM1,Brain Cortex,ADHD,Wald ratio,1,-0.05,0.027,0.951,0.0637,NA,NA,NA,0.025953454
GLYATL2,Brain Cortex,ADHD,Wald ratio,1,-0.208,0.112,0.812,0.0645,NA,NA,NA,0.004920621
ITGA7,Brain Cortex,ADHD,Wald ratio,1,0.051,0.027,1.052,0.0645,NA,NA,NA,0.031559454
ARNT2,Brain Cortex,ADHD,Wald ratio,1,-0.063,0.034,0.939,0.0646,NA,NA,NA,0.027958064
RTF1,Brain Cortex,ADHD,Wald ratio,1,-0.023,0.013,0.977,0.0648,NA,NA,NA,0.030935307
ENSG00000287514,Brain Cortex,ADHD,Wald ratio,1,0.064,0.035,1.066,0.0659,NA,NA,NA,0.010264544
GDA,Brain Cortex,ADHD,Wald ratio,1,0.064,0.035,1.066,0.0661,NA,NA,NA,0.030458317
SH2D4B,Brain Cortex,ADHD,Wald ratio,1,-0.076,0.041,0.927,0.0668,NA,NA,NA,0.030971335
BUB3,Brain Cortex,ADHD,Wald ratio,1,-0.036,0.019,0.965,0.0681,NA,NA,NA,0.035749978
WNT5B,Brain Cortex,ADHD,Wald ratio,1,0.062,0.034,1.064,0.0685,NA,NA,NA,0.008950223
OR51B5,Brain Cortex,ADHD,Wald ratio,1,0.023,0.012,1.023,0.0686,NA,NA,NA,0.024207438
LINC02410,Brain Cortex,ADHD,Wald ratio,1,-0.138,0.076,0.871,0.0686,NA,NA,NA,0.07444822
CORO2B,Brain Cortex,ADHD,Wald ratio,1,0.047,0.026,1.048,0.0692,NA,NA,NA,0.005682527
ADAMTS14,Brain Cortex,ADHD,Wald ratio,1,-0.027,0.015,0.974,0.0692,NA,NA,NA,0.026235791
NALF1,Brain Cortex,ADHD,Wald ratio,1,-0.056,0.031,0.945,0.0698,NA,NA,NA,0.005997668
LINC01029,Brain Cortex,ADHD,Wald ratio,1,-0.091,0.05,0.913,0.0717,NA,NA,NA,0.045286895
SCN4B,Brain Cortex,ADHD,Wald ratio,1,0.066,0.037,1.068,0.0724,NA,NA,NA,0.023885301
SYT1,Brain Cortex,ADHD,Wald ratio,1,0.058,0.032,1.059,0.0744,NA,NA,NA,0.026373582
FAM107B,Brain Cortex,ADHD,Wald ratio,1,0.051,0.029,1.053,0.0746,NA,NA,NA,0.021959436
GLCE,Brain Cortex,ADHD,Wald ratio,1,0.042,0.024,1.043,0.0748,NA,NA,NA,0.026023279
HS6ST3,Brain Cortex,ADHD,Wald ratio,1,-0.166,0.093,0.847,0.075,NA,NA,NA,0.020792003
ENSG00000288039,Brain Cortex,ADHD,Wald ratio,1,-0.034,0.019,0.967,0.0757,NA,NA,NA,0.024208288
ATP12A,Brain Cortex,ADHD,Wald ratio,1,0.051,0.029,1.052,0.0757,NA,NA,NA,0.043631697
STRN3,Brain Cortex,ADHD,Wald ratio,1,-0.038,0.021,0.963,0.076,NA,NA,NA,0.028825785
EXPH5,Brain Cortex,ADHD,Wald ratio,1,-0.071,0.04,0.932,0.0764,NA,NA,NA,0.026501166
DTX4,Brain Cortex,ADHD,Wald ratio,1,0.04,0.023,1.041,0.0767,NA,NA,NA,0.033876126
UNC79,Brain Cortex,ADHD,Wald ratio,1,-0.038,0.022,0.963,0.0771,NA,NA,NA,0.022962462
CHST15,Brain Cortex,ADHD,Wald ratio,1,-0.039,0.022,0.962,0.078,NA,NA,NA,0.007174816
PAUPAR,Brain Cortex,ADHD,Wald ratio,1,0.062,0.035,1.064,0.079,NA,NA,NA,0.026028421
DLX3,Brain Cortex,ADHD,Wald ratio,1,-0.051,0.029,0.95,0.079,NA,NA,NA,0.025151838
GATD1,Brain Cortex,ADHD,Wald ratio,1,-0.215,0.123,0.806,0.0791,NA,NA,NA,0.074601777
RSL24D1,Brain Cortex,ADHD,Wald ratio,1,-0.089,0.051,0.914,0.0792,NA,NA,NA,0.030265069
AP3M1,Brain Cortex,ADHD,Wald ratio,1,-0.033,0.019,0.968,0.0798,NA,NA,NA,0.031366443
ENSG00000259543,Brain Cortex,ADHD,Wald ratio,1,0.022,0.013,1.023,0.0801,NA,NA,NA,0.021615369
ANXA2,Brain Cortex,ADHD,Wald ratio,1,0.028,0.016,1.028,0.0802,NA,NA,NA,0.025072256
MTCL1,Brain Cortex,ADHD,Wald ratio,1,0.04,0.023,1.041,0.0804,NA,NA,NA,0.008070268
RORA,Brain Cortex,ADHD,Wald ratio,1,-0.057,0.032,0.945,0.0807,NA,NA,NA,0.01880035
CD44,Brain Cortex,ADHD,Wald ratio,1,-0.04,0.023,0.961,0.0807,NA,NA,NA,0.03544729
CACNA1C,Brain Cortex,ADHD,Wald ratio,1,0.035,0.02,1.036,0.0809,NA,NA,NA,0.011605728
RIMBP2,Brain Cortex,ADHD,Wald ratio,1,-0.052,0.03,0.95,0.0817,NA,NA,NA,0.029547996
MYO7A,Brain Cortex,ADHD,Wald ratio,1,-0.021,0.012,0.979,0.082,NA,NA,NA,0.010566208
PCDH9,Brain Cortex,ADHD,Wald ratio,1,-0.255,0.147,0.775,0.0826,NA,NA,NA,0.084288679
NDUFB6,Brain Cortex,ADHD,Wald ratio,1,-0.034,0.02,0.966,0.0833,NA,NA,NA,0.021166005
ATP8A2,Brain Cortex,ADHD,Wald ratio,1,0.025,0.014,1.025,0.0834,NA,NA,NA,0.018477981
JRKL,Brain Cortex,ADHD,Wald ratio,1,-0.035,0.021,0.965,0.0846,NA,NA,NA,0.021124098
SNHG14,Brain Cortex,ADHD,Wald ratio,1,0.104,0.061,1.11,0.0858,NA,NA,NA,0.007217953
LINC00485,Brain Cortex,ADHD,Wald ratio,1,0.059,0.034,1.061,0.0868,NA,NA,NA,0.019881905
KLF12,Brain Cortex,ADHD,Wald ratio,1,-0.088,0.051,0.916,0.087,NA,NA,NA,0.011367445
ENSG00000265378,Brain Cortex,ADHD,Wald ratio,1,0.069,0.04,1.071,0.0872,NA,NA,NA,0.007661328
ENSG00000257060,Brain Cortex,ADHD,Wald ratio,1,0.052,0.031,1.054,0.0884,NA,NA,NA,0.009032973
FEZ1,Brain Cortex,ADHD,Wald ratio,1,-0.038,0.022,0.963,0.0886,NA,NA,NA,0.012703393
CCDC6,Brain Cortex,ADHD,Inverse variance weighted,2,0.038,0.022,1.038,0.0894,NA,0.682999752,NA,0.011752843
SOX5,Brain Cortex,ADHD,Wald ratio,1,0.097,0.057,1.102,0.0895,NA,NA,NA,0.018824949
WWOX,Brain Cortex,ADHD,Wald ratio,1,-0.09,0.053,0.914,0.0907,NA,NA,NA,0.011290603
ENSG00000258077,Brain Cortex,ADHD,Wald ratio,1,-0.142,0.084,0.868,0.0909,NA,NA,NA,0.005065567
HS3ST2,Brain Cortex,ADHD,Wald ratio,1,0.044,0.026,1.045,0.0914,NA,NA,NA,0.037180089
ART1,Brain Cortex,ADHD,Wald ratio,1,0.076,0.045,1.079,0.0937,NA,NA,NA,0.027854292
LRRC4C,Brain Cortex,ADHD,Wald ratio,1,0.051,0.031,1.053,0.0941,NA,NA,NA,0.026461276
SUSD1,Brain Cortex,ADHD,Wald ratio,1,0.034,0.021,1.035,0.0942,NA,NA,NA,0.019977811
LINC01559,Brain Cortex,ADHD,Wald ratio,1,-0.032,0.019,0.969,0.0949,NA,NA,NA,0.021389055
DMAC2L,Brain Cortex,ADHD,Wald ratio,1,-0.027,0.016,0.973,0.095,NA,NA,NA,0.018519383
IQSEC3,Brain Cortex,ADHD,Wald ratio,1,0.067,0.04,1.069,0.0952,NA,NA,NA,0.029728116
CCDC186,Brain Cortex,ADHD,Wald ratio,1,-0.045,0.027,0.956,0.0956,NA,NA,NA,0.021086716
ST14,Brain Cortex,ADHD,Wald ratio,1,-0.047,0.028,0.954,0.0956,NA,NA,NA,0.005089374
SRRM4,Brain Cortex,ADHD,Wald ratio,1,-0.02,0.012,0.98,0.097,NA,NA,NA,0.019346584
ENSG00000285935,Brain Cortex,ADHD,Wald ratio,1,-0.037,0.023,0.963,0.0972,NA,NA,NA,0.005040603
KNDC1,Brain Cortex,ADHD,Wald ratio,1,-0.051,0.031,0.95,0.0981,NA,NA,NA,0.019911608
BRF1,Brain Cortex,ADHD,Wald ratio,1,0.053,0.032,1.055,0.0982,NA,NA,NA,0.020462926
ENSG00000287373,Brain Cortex,ADHD,Wald ratio,1,0.095,0.057,1.099,0.099,NA,NA,NA,0.029377718
SH3RF3,Brain Cortex,ADHD,Wald ratio,1,-0.066,0.04,0.936,0.1,NA,NA,NA,0.009926589
TGM5,Brain Cortex,ADHD,Wald ratio,1,0.044,0.027,1.045,0.1,NA,NA,NA,0.021581336
GPR107,Brain Cortex,ADHD,Wald ratio,1,0.106,0.064,1.112,0.1,NA,NA,NA,0.032043852
JAKMIP3,Brain Cortex,ADHD,Wald ratio,1,0.057,0.035,1.058,0.101,NA,NA,NA,0.021564373
MCFD2,Brain Cortex,ADHD,Wald ratio,1,-0.045,0.027,0.956,0.102,NA,NA,NA,0.022424685
SORCS1,Brain Cortex,ADHD,Wald ratio,1,0.076,0.046,1.079,0.102,NA,NA,NA,0.009348139
LINC02464,Brain Cortex,ADHD,Wald ratio,1,-0.151,0.093,0.86,0.103,NA,NA,NA,0.010802114
LINC01500,Brain Cortex,ADHD,Wald ratio,1,0.066,0.04,1.068,0.103,NA,NA,NA,0.005831767
DAPK1,Brain Cortex,ADHD,Wald ratio,1,-0.082,0.051,0.921,0.103,NA,NA,NA,0.015710694
LRRK1,Brain Cortex,ADHD,Wald ratio,1,-0.071,0.044,0.931,0.104,NA,NA,NA,0.021563915
LRMDA,Brain Cortex,ADHD,Wald ratio,1,0.052,0.032,1.053,0.104,NA,NA,NA,0.007810124
CEP152,Brain Cortex,ADHD,Wald ratio,1,-0.043,0.026,0.958,0.104,NA,NA,NA,0.01728975
WASHC4,Brain Cortex,ADHD,Wald ratio,1,-0.041,0.025,0.96,0.104,NA,NA,NA,0.01728975
ENSG00000256947,Brain Cortex,ADHD,Wald ratio,1,0.039,0.024,1.04,0.104,NA,NA,NA,0.017587333
MANCR,Brain Cortex,ADHD,Wald ratio,1,0.034,0.021,1.034,0.104,NA,NA,NA,0.021268466
ENSG00000260037,Brain Cortex,ADHD,Wald ratio,1,-0.027,0.017,0.973,0.106,NA,NA,NA,0.019583723
DNAI1,Brain Cortex,ADHD,Wald ratio,1,0.088,0.055,1.092,0.108,NA,NA,NA,0.030639568
ENSG00000258526,Brain Cortex,ADHD,Wald ratio,1,0.038,0.024,1.039,0.11,NA,NA,NA,0.005524556
ELAC2,Brain Cortex,ADHD,Wald ratio,1,0.042,0.026,1.042,0.11,NA,NA,NA,0.023790778
ADARB2,Brain Cortex,ADHD,Wald ratio,1,0.026,0.016,1.026,0.111,NA,NA,NA,0.016744387
ENSG00000255028,Brain Cortex,ADHD,Wald ratio,1,0.043,0.027,1.043,0.111,NA,NA,NA,0.017029884
PAK6,Brain Cortex,ADHD,Wald ratio,1,-0.033,0.021,0.968,0.113,NA,NA,NA,0.006565097
FRRS1L,Brain Cortex,ADHD,Wald ratio,1,0.028,0.018,1.028,0.113,NA,NA,NA,0.019620552
LINC02823,Brain Cortex,ADHD,Wald ratio,1,0.035,0.022,1.036,0.114,NA,NA,NA,0.017606188
RUBCNL,Brain Cortex,ADHD,Wald ratio,1,-0.027,0.017,0.973,0.114,NA,NA,NA,0.075698841
LINC00350,Brain Cortex,ADHD,Wald ratio,1,0.13,0.082,1.139,0.114,NA,NA,NA,0.014173567
EPHB2,Brain Cortex,ADHD,Wald ratio,1,0.051,0.032,1.052,0.117,NA,NA,NA,0.008930132
S1PR3,Brain Cortex,ADHD,Wald ratio,1,0.045,0.029,1.046,0.117,NA,NA,NA,0.016234263
USH1C,Brain Cortex,ADHD,Wald ratio,1,-0.029,0.019,0.971,0.117,NA,NA,NA,0.004788069
ENSG00000286344,Brain Cortex,ADHD,Wald ratio,1,-0.036,0.023,0.965,0.119,NA,NA,NA,0.022803271
ATP8B4,Brain Cortex,ADHD,Wald ratio,1,0.051,0.033,1.052,0.119,NA,NA,NA,0.017414451
GPATCH2L,Brain Cortex,ADHD,Wald ratio,1,0.026,0.017,1.026,0.12,NA,NA,NA,0.015955649
TSPAN18,Brain Cortex,ADHD,Wald ratio,1,0.027,0.018,1.028,0.12,NA,NA,NA,0.00490258
ZNF37A,Brain Cortex,ADHD,Wald ratio,1,-0.019,0.012,0.981,0.122,NA,NA,NA,0.014263126
ENOX1,Brain Cortex,ADHD,Wald ratio,1,0.043,0.028,1.044,0.122,NA,NA,NA,0.016002843
TMEM260,Brain Cortex,ADHD,Wald ratio,1,-0.039,0.025,0.962,0.123,NA,NA,NA,0.015165079
ACSL5,Brain Cortex,ADHD,Wald ratio,1,-0.054,0.035,0.948,0.123,NA,NA,NA,0.009585262
BEST1,Brain Cortex,ADHD,Wald ratio,1,-0.094,0.061,0.91,0.123,NA,NA,NA,0.028163016
ENSG00000291065,Brain Cortex,ADHD,Wald ratio,1,-0.069,0.045,0.933,0.124,NA,NA,NA,0.020638089
TBC1D2,Brain Cortex,ADHD,Wald ratio,1,0.035,0.023,1.036,0.124,NA,NA,NA,0.016616419
GTF3A,Brain Cortex,ADHD,Inverse variance weighted,2,-0.031,0.02,0.97,0.124,NA,0.678634046,NA,0.01223941
FXYD2,Brain Cortex,ADHD,Wald ratio,1,-0.027,0.018,0.973,0.125,NA,NA,NA,0.017492002
DLEU1,Brain Cortex,ADHD,Inverse variance weighted,2,-0.081,0.053,0.923,0.125,NA,0.523053255,NA,0.005839737
CNGB1,Brain Cortex,ADHD,Wald ratio,1,-0.122,0.08,0.885,0.125,NA,NA,NA,0.03337852
ENSG00000285082,Brain Cortex,ADHD,Wald ratio,1,-0.031,0.02,0.969,0.126,NA,NA,NA,0.02492068
ANO2,Brain Cortex,ADHD,Inverse variance weighted,2,-0.055,0.036,0.946,0.126,NA,0.894150819,NA,0.020300049
VSTM5,Brain Cortex,ADHD,Inverse variance weighted,2,-0.023,0.015,0.977,0.126,NA,0.948635814,NA,0.009942113
PTPN2,Brain Cortex,ADHD,Wald ratio,1,0.075,0.049,1.078,0.126,NA,NA,NA,0.021280438
CDH11,Brain Cortex,ADHD,Wald ratio,1,0.059,0.038,1.061,0.127,NA,NA,NA,0.01747977
SHANK2,Brain Cortex,ADHD,Wald ratio,1,-0.028,0.018,0.972,0.127,NA,NA,NA,0.017540345
DNHD1,Brain Cortex,ADHD,Wald ratio,1,0.017,0.011,1.018,0.127,NA,NA,NA,0.015236607
ENSG00000236935,Brain Cortex,ADHD,Wald ratio,1,-0.167,0.11,0.846,0.129,NA,NA,NA,0.043153159
ZNF423,Brain Cortex,ADHD,Wald ratio,1,0.026,0.017,1.026,0.129,NA,NA,NA,0.010693961
PLBD1,Brain Cortex,ADHD,Wald ratio,1,0.027,0.018,1.027,0.13,NA,NA,NA,0.01559903
ENSG00000259347,Brain Cortex,ADHD,Inverse variance weighted,2,0.039,0.026,1.04,0.131,NA,0.874221174,NA,0.009904928
MSRB3-AS1,Brain Cortex,ADHD,Wald ratio,1,0.065,0.043,1.067,0.131,NA,NA,NA,0.020851938
GAS7,Brain Cortex,ADHD,Wald ratio,1,0.046,0.031,1.047,0.131,NA,NA,NA,0.005698816
DOCK8-AS2,Brain Cortex,ADHD,Wald ratio,1,0.036,0.024,1.037,0.131,NA,NA,NA,0.01797456
ZRANB1,Brain Cortex,ADHD,Wald ratio,1,0.044,0.029,1.045,0.132,NA,NA,NA,0.015965588
HPSE2,Brain Cortex,ADHD,Wald ratio,1,-0.045,0.03,0.956,0.132,NA,NA,NA,0.010643566
ENSG00000239920,Brain Cortex,ADHD,Wald ratio,1,0.045,0.03,1.046,0.134,NA,NA,NA,0.015699115
GLDN,Brain Cortex,ADHD,Wald ratio,1,0.016,0.011,1.017,0.134,NA,NA,NA,0.01422039
ABLIM1,Brain Cortex,ADHD,Wald ratio,1,-0.03,0.02,0.97,0.134,NA,NA,NA,0.005355479
STN1,Brain Cortex,ADHD,Wald ratio,1,-0.016,0.011,0.984,0.135,NA,NA,NA,0.032865117
BDNF-AS,Brain Cortex,ADHD,Wald ratio,1,-0.024,0.016,0.976,0.136,NA,NA,NA,0.015475657
RNU1-47P,Brain Cortex,ADHD,Wald ratio,1,0.025,0.017,1.026,0.137,NA,NA,NA,0.017278263
RCCD1,Brain Cortex,ADHD,Wald ratio,1,-0.028,0.019,0.973,0.137,NA,NA,NA,0.027634513
ENSG00000258661,Brain Cortex,ADHD,Wald ratio,1,0.048,0.032,1.049,0.138,NA,NA,NA,0.014039282
ENSG00000255910,Brain Cortex,ADHD,Wald ratio,1,-0.027,0.019,0.973,0.138,NA,NA,NA,0.005197336
PTCH1,Brain Cortex,ADHD,Wald ratio,1,-0.075,0.051,0.928,0.138,NA,NA,NA,0.02140605
WDFY4,Brain Cortex,ADHD,Wald ratio,1,0.026,0.018,1.027,0.139,NA,NA,NA,0.007711721
MLLT3,Brain Cortex,ADHD,Wald ratio,1,0.052,0.035,1.053,0.139,NA,NA,NA,0.013452397
TRIM9,Brain Cortex,ADHD,Wald ratio,1,0.074,0.05,1.077,0.14,NA,NA,NA,0.010692963
LCMT2,Brain Cortex,ADHD,Wald ratio,1,-0.034,0.023,0.966,0.14,NA,NA,NA,0.005701137
PDE1B,Brain Cortex,ADHD,Wald ratio,1,-0.024,0.017,0.976,0.141,NA,NA,NA,0.015346699
SYNE3,Brain Cortex,ADHD,Wald ratio,1,0.047,0.032,1.049,0.142,NA,NA,NA,0.007566104
MYO16,Brain Cortex,ADHD,Wald ratio,1,0.059,0.04,1.061,0.142,NA,NA,NA,0.021000924
LINC01550,Brain Cortex,ADHD,Wald ratio,1,-0.077,0.053,0.926,0.142,NA,NA,NA,0.020422329
OPCML,Brain Cortex,ADHD,Wald ratio,1,-0.072,0.049,0.931,0.144,NA,NA,NA,0.007211899
MEIS2,Brain Cortex,ADHD,Wald ratio,1,-0.045,0.031,0.956,0.144,NA,NA,NA,0.006233543
TRPC2,Brain Cortex,ADHD,Wald ratio,1,0.038,0.026,1.039,0.145,NA,NA,NA,0.005467521
ANKFN1,Brain Cortex,ADHD,Wald ratio,1,0.021,0.014,1.021,0.145,NA,NA,NA,0.015482155
PALD1,Brain Cortex,ADHD,Wald ratio,1,0.021,0.014,1.021,0.146,NA,NA,NA,0.018235905
LINC02668,Brain Cortex,ADHD,Wald ratio,1,0.038,0.026,1.038,0.146,NA,NA,NA,0.015219913
RAB3IP,Brain Cortex,ADHD,Wald ratio,1,-0.065,0.044,0.938,0.146,NA,NA,NA,0.027357359
ZNRF4,Brain Cortex,ADHD,Wald ratio,1,-0.025,0.017,0.976,0.147,NA,NA,NA,0.01311835
ENSG00000283459,Brain Cortex,ADHD,Wald ratio,1,0.026,0.018,1.027,0.147,NA,NA,NA,0.015283817
TMEM150A,Brain Cortex,ADHD,Wald ratio,1,-0.036,0.025,0.965,0.147,NA,NA,NA,0.013756237
CYP2C23P,Brain Cortex,ADHD,Wald ratio,1,-0.049,0.034,0.952,0.148,NA,NA,NA,0.013465788
LINC00924,Brain Cortex,ADHD,Wald ratio,1,0.085,0.059,1.089,0.148,NA,NA,NA,0.03005256
PLXDC2,Brain Cortex,ADHD,Wald ratio,1,0.025,0.017,1.025,0.151,NA,NA,NA,0.007227844
RALGDS,Brain Cortex,ADHD,Wald ratio,1,-0.024,0.017,0.977,0.152,NA,NA,NA,0.014879146
SLC39A12,Brain Cortex,ADHD,Wald ratio,1,-0.174,0.122,0.84,0.153,NA,NA,NA,0.007159342
COL5A1,Brain Cortex,ADHD,Wald ratio,1,0.035,0.024,1.035,0.154,NA,NA,NA,0.013061063
CALHM1,Brain Cortex,ADHD,Wald ratio,1,0.115,0.081,1.122,0.154,NA,NA,NA,0.142614434
NR2F2-AS1,Brain Cortex,ADHD,Wald ratio,1,0.065,0.046,1.067,0.154,NA,NA,NA,0.017155501
TMOD2,Brain Cortex,ADHD,Wald ratio,1,0.046,0.032,1.047,0.155,NA,NA,NA,0.012823854
HPS1,Brain Cortex,ADHD,Wald ratio,1,-0.037,0.026,0.963,0.156,NA,NA,NA,0.004571
SPON1,Brain Cortex,ADHD,Wald ratio,1,-0.048,0.034,0.953,0.156,NA,NA,NA,0.014747787
SEMA7A,Brain Cortex,ADHD,Wald ratio,1,-0.016,0.011,0.984,0.157,NA,NA,NA,0.012587692
PPP2R2D,Brain Cortex,ADHD,Wald ratio,1,-0.021,0.015,0.979,0.158,NA,NA,NA,0.014206332
RMI2,Brain Cortex,ADHD,Wald ratio,1,-0.027,0.019,0.973,0.159,NA,NA,NA,0.013281964
RPH3AL,Brain Cortex,ADHD,Wald ratio,1,-0.031,0.022,0.97,0.159,NA,NA,NA,0.0072054
SLCO1A2,Brain Cortex,ADHD,Wald ratio,1,0.053,0.038,1.055,0.159,NA,NA,NA,0.018367528
GDPGP1,Brain Cortex,ADHD,Wald ratio,1,0.035,0.025,1.036,0.16,NA,NA,NA,0.013974048
NINJ2,Brain Cortex,ADHD,Wald ratio,1,-0.045,0.032,0.956,0.16,NA,NA,NA,0.008219477
GJD2-DT,Brain Cortex,ADHD,Wald ratio,1,-0.022,0.015,0.979,0.16,NA,NA,NA,0.012394931
NIN,Brain Cortex,ADHD,Wald ratio,1,-0.041,0.029,0.96,0.16,NA,NA,NA,0.006200927
USP2-AS1,Brain Cortex,ADHD,Wald ratio,1,-0.053,0.038,0.949,0.162,NA,NA,NA,0.019163114
PTPRE,Brain Cortex,ADHD,Wald ratio,1,0.051,0.037,1.052,0.164,NA,NA,NA,0.008640923
APBB2,Brain Cortex,ADHD,Wald ratio,1,-0.022,0.016,0.978,0.166,NA,NA,NA,0.005499713
HDAC7,Brain Cortex,ADHD,Wald ratio,1,-0.036,0.026,0.964,0.168,NA,NA,NA,0.006694437
COX10-DT,Brain Cortex,ADHD,Wald ratio,1,0.016,0.011,1.016,0.169,NA,NA,NA,0.020252221
SLCO3A1,Brain Cortex,ADHD,Wald ratio,1,0.05,0.036,1.051,0.17,NA,NA,NA,0.008360168
VAV2,Brain Cortex,ADHD,Wald ratio,1,-0.079,0.057,0.924,0.17,NA,NA,NA,0.012244494
TLN2,Brain Cortex,ADHD,Wald ratio,1,0.031,0.022,1.031,0.171,NA,NA,NA,0.012913749
C10orf143,Brain Cortex,ADHD,Wald ratio,1,-0.032,0.023,0.969,0.173,NA,NA,NA,0.013825573
SNPH,Brain Cortex,ADHD,Wald ratio,1,-0.016,0.012,0.984,0.174,NA,NA,NA,0.012409697
EDDM3B,Brain Cortex,ADHD,Wald ratio,1,0.039,0.029,1.04,0.174,NA,NA,NA,0.012760195
NCAPD3,Brain Cortex,ADHD,Wald ratio,1,0.034,0.025,1.035,0.175,NA,NA,NA,0.008536455
KLHL14,Brain Cortex,ADHD,Wald ratio,1,-0.046,0.034,0.955,0.175,NA,NA,NA,0.012461314
EVL,Brain Cortex,ADHD,Wald ratio,1,-0.059,0.044,0.942,0.177,NA,NA,NA,0.024551589
ENSG00000273259,Brain Cortex,ADHD,Wald ratio,1,0.036,0.026,1.036,0.177,NA,NA,NA,0.007354836
ENSG00000237612,Brain Cortex,ADHD,Wald ratio,1,0.031,0.023,1.032,0.177,NA,NA,NA,0.017695051
FOXN3,Brain Cortex,ADHD,Wald ratio,1,-0.03,0.022,0.97,0.179,NA,NA,NA,0.013488124
ENSG00000289571,Brain Cortex,ADHD,Wald ratio,1,-0.056,0.042,0.945,0.179,NA,NA,NA,0.013423097
RABGAP1,Brain Cortex,ADHD,Wald ratio,1,-0.091,0.068,0.913,0.18,NA,NA,NA,0.03227959
CNMD,Brain Cortex,ADHD,Wald ratio,1,0.105,0.078,1.11,0.181,NA,NA,NA,0.030166051
CCDC92,Brain Cortex,ADHD,Wald ratio,1,0.025,0.018,1.025,0.181,NA,NA,NA,0.011798475
ENSG00000257943,Brain Cortex,ADHD,Wald ratio,1,-0.019,0.014,0.982,0.182,NA,NA,NA,0.012918272
ENSG00000280367,Brain Cortex,ADHD,Wald ratio,1,0.035,0.026,1.035,0.183,NA,NA,NA,0.011852196
ENSG00000287251,Brain Cortex,ADHD,Wald ratio,1,0.036,0.027,1.036,0.183,NA,NA,NA,0.015422814
ACTA2,Brain Cortex,ADHD,Wald ratio,1,0.064,0.048,1.066,0.183,NA,NA,NA,0.007076259
COL4A1,Brain Cortex,ADHD,Wald ratio,1,-0.048,0.036,0.953,0.184,NA,NA,NA,0.006613798
ENSG00000259675,Brain Cortex,ADHD,Wald ratio,1,0.044,0.033,1.045,0.184,NA,NA,NA,0.011213066
COG6,Brain Cortex,ADHD,Wald ratio,1,-0.034,0.026,0.966,0.185,NA,NA,NA,0.01507703
ANO3,Brain Cortex,ADHD,Wald ratio,1,0.125,0.095,1.133,0.186,NA,NA,NA,0.029902161
CFI,Brain Cortex,ADHD,Wald ratio,1,-0.04,0.03,0.961,0.186,NA,NA,NA,0.00469924
TC2N,Brain Cortex,ADHD,Wald ratio,1,-0.022,0.017,0.978,0.187,NA,NA,NA,0.01106601
CPXM2,Brain Cortex,ADHD,Wald ratio,1,-0.046,0.035,0.955,0.188,NA,NA,NA,0.011855938
PHOX2A,Brain Cortex,ADHD,Wald ratio,1,0.053,0.04,1.054,0.189,NA,NA,NA,0.022218516
ENTREP2,Brain Cortex,ADHD,Wald ratio,1,0.027,0.021,1.027,0.19,NA,NA,NA,0.01930392
ENSG00000257407,Brain Cortex,ADHD,Wald ratio,1,0.023,0.018,1.024,0.191,NA,NA,NA,0.010903168
NAV2,Brain Cortex,ADHD,Wald ratio,1,-0.061,0.047,0.941,0.191,NA,NA,NA,0.005223392
SLC38A11,Brain Cortex,ADHD,Wald ratio,1,-0.053,0.041,0.948,0.191,NA,NA,NA,0.014274126
PLB1,Brain Cortex,ADHD,Wald ratio,1,0.02,0.016,1.02,0.192,NA,NA,NA,0.014335342
MYO1E,Brain Cortex,ADHD,Wald ratio,1,0.036,0.028,1.037,0.193,NA,NA,NA,0.009148115
ATP4A,Brain Cortex,ADHD,Wald ratio,1,0.026,0.02,1.027,0.194,NA,NA,NA,0.011460797
PKNOX2,Brain Cortex,ADHD,Wald ratio,1,-0.124,0.095,0.883,0.194,NA,NA,NA,0.010450135
CCDC60,Brain Cortex,ADHD,Wald ratio,1,0.067,0.052,1.069,0.196,NA,NA,NA,0.084042896
ASIC2,Brain Cortex,ADHD,Wald ratio,1,-0.036,0.028,0.964,0.196,NA,NA,NA,0.011255336
ENSG00000226197,Brain Cortex,ADHD,Wald ratio,1,-0.031,0.024,0.97,0.196,NA,NA,NA,0.011249778
ABLIM2,Brain Cortex,ADHD,Wald ratio,1,0.042,0.033,1.043,0.197,NA,NA,NA,0.005358372
ZNF516,Brain Cortex,ADHD,Wald ratio,1,0.014,0.01,1.014,0.197,NA,NA,NA,0.01089525
ENSG00000198106,Brain Cortex,ADHD,Wald ratio,1,-0.019,0.015,0.981,0.198,NA,NA,NA,0.014392935
TRIM5,Brain Cortex,ADHD,Wald ratio,1,0.023,0.018,1.023,0.198,NA,NA,NA,0.010611918
PRLHR,Brain Cortex,ADHD,Wald ratio,1,0.046,0.036,1.047,0.198,NA,NA,NA,0.012159015
CLNS1A,Brain Cortex,ADHD,Wald ratio,1,0.022,0.017,1.022,0.199,NA,NA,NA,0.012230561
PAPSS2,Brain Cortex,ADHD,Wald ratio,1,-0.036,0.028,0.965,0.199,NA,NA,NA,0.010680215
SLC35E3,Brain Cortex,ADHD,Wald ratio,1,-0.041,0.032,0.96,0.199,NA,NA,NA,0.005000859
BCL2L14,Brain Cortex,ADHD,Wald ratio,1,-0.04,0.031,0.96,0.2,NA,NA,NA,0.01110999
CELSR1,Brain Cortex,ADHD,Wald ratio,1,0.019,0.015,1.019,0.201,NA,NA,NA,0.010850499
DGLUCY,Brain Cortex,ADHD,Wald ratio,1,-0.027,0.021,0.974,0.203,NA,NA,NA,0.010549893
CCDC85C,Brain Cortex,ADHD,Wald ratio,1,0.051,0.04,1.053,0.203,NA,NA,NA,0.01660895
GATM,Brain Cortex,ADHD,Wald ratio,1,-0.034,0.027,0.967,0.204,NA,NA,NA,0.197906048
CUBN,Brain Cortex,ADHD,Wald ratio,1,-0.015,0.012,0.985,0.204,NA,NA,NA,0.011040449
EBNA1BP2,Brain Cortex,ADHD,Wald ratio,1,0.042,0.033,1.043,0.204,NA,NA,NA,0.009777394
XPO4,Brain Cortex,ADHD,Wald ratio,1,-0.035,0.028,0.966,0.205,NA,NA,NA,0.013495273
ABTB3,Brain Cortex,ADHD,Wald ratio,1,0.014,0.011,1.015,0.206,NA,NA,NA,0.008710854
TESC,Brain Cortex,ADHD,Wald ratio,1,-0.038,0.03,0.962,0.206,NA,NA,NA,0.010763419
DEF8,Brain Cortex,ADHD,Wald ratio,1,0.055,0.043,1.056,0.206,NA,NA,NA,0.01321937
ASTN2,Brain Cortex,ADHD,Wald ratio,1,-0.044,0.034,0.957,0.206,NA,NA,NA,0.012021279
TRDMT1,Brain Cortex,ADHD,Wald ratio,1,-0.033,0.026,0.968,0.207,NA,NA,NA,0.010833359
DPM2,Brain Cortex,ADHD,Wald ratio,1,-0.023,0.018,0.977,0.207,NA,NA,NA,0.015719634
IREB2,Brain Cortex,ADHD,Wald ratio,1,-0.015,0.012,0.985,0.207,NA,NA,NA,0.010483593
SYT16,Brain Cortex,ADHD,Wald ratio,1,-0.062,0.049,0.94,0.208,NA,NA,NA,0.022241104
GRK5,Brain Cortex,ADHD,Wald ratio,1,0.034,0.027,1.034,0.208,NA,NA,NA,0.016683247
LINC02636,Brain Cortex,ADHD,Wald ratio,1,0.024,0.019,1.024,0.21,NA,NA,NA,0.017243135
THSD4,Brain Cortex,ADHD,Inverse variance weighted,2,-0.015,0.012,0.985,0.21,NA,0.587754346,NA,0.004723137
CFAP46,Brain Cortex,ADHD,Wald ratio,1,-0.066,0.052,0.937,0.211,NA,NA,NA,0.016554257
QPRT,Brain Cortex,ADHD,Wald ratio,1,0.023,0.018,1.023,0.211,NA,NA,NA,0.010347483
LINC02743,Brain Cortex,ADHD,Wald ratio,1,0.021,0.016,1.021,0.211,NA,NA,NA,0.010770948
LINC01579,Brain Cortex,ADHD,Wald ratio,1,0.051,0.041,1.052,0.212,NA,NA,NA,0.006195614
LAMC2,Brain Cortex,ADHD,Wald ratio,1,-0.017,0.014,0.983,0.212,NA,NA,NA,0.009043995
EIF3F,Brain Cortex,ADHD,Wald ratio,1,-0.097,0.078,0.907,0.213,NA,NA,NA,0.031004249
ABHD17C,Brain Cortex,ADHD,Wald ratio,1,-0.054,0.044,0.947,0.213,NA,NA,NA,0.020980308
PKD1L2,Brain Cortex,ADHD,Wald ratio,1,-0.031,0.025,0.969,0.215,NA,NA,NA,0.018274166
TPCN1,Brain Cortex,ADHD,Wald ratio,1,0.031,0.025,1.032,0.215,NA,NA,NA,0.021256157
PLEKHB1,Brain Cortex,ADHD,Wald ratio,1,0.024,0.019,1.024,0.215,NA,NA,NA,0.010212164
ENSG00000285283,Brain Cortex,ADHD,Wald ratio,1,0.034,0.027,1.034,0.215,NA,NA,NA,0.014558069
B4GALT6,Brain Cortex,ADHD,Wald ratio,1,0.03,0.024,1.03,0.216,NA,NA,NA,0.010289366
IRAG1,Brain Cortex,ADHD,Wald ratio,1,-0.015,0.012,0.985,0.218,NA,NA,NA,0.010011852
TLL2,Brain Cortex,ADHD,Wald ratio,1,-0.042,0.034,0.959,0.219,NA,NA,NA,0.008350579
CDH24,Brain Cortex,ADHD,Wald ratio,1,0.036,0.029,1.037,0.221,NA,NA,NA,0.011653934
CD81,Brain Cortex,ADHD,Wald ratio,1,0.136,0.111,1.146,0.221,NA,NA,NA,0.008316611
MEDAG,Brain Cortex,ADHD,Wald ratio,1,-0.021,0.017,0.979,0.222,NA,NA,NA,0.014461046
MAP2K5,Brain Cortex,ADHD,Wald ratio,1,-0.016,0.013,0.984,0.222,NA,NA,NA,0.018061875
HSPA12A,Brain Cortex,ADHD,Wald ratio,1,0.033,0.027,1.034,0.223,NA,NA,NA,0.005667475
CD226,Brain Cortex,ADHD,Wald ratio,1,0.104,0.085,1.109,0.223,NA,NA,NA,0.030445206
PCDH8P1,Brain Cortex,ADHD,Wald ratio,1,0.017,0.014,1.017,0.224,NA,NA,NA,0.009530466
PCSK6,Brain Cortex,ADHD,Wald ratio,1,0.091,0.075,1.095,0.225,NA,NA,NA,0.012893231
ENSG00000291212,Brain Cortex,ADHD,Wald ratio,1,-0.014,0.011,0.986,0.226,NA,NA,NA,0.015546258
TMEM132C,Brain Cortex,ADHD,Wald ratio,1,0.037,0.031,1.038,0.226,NA,NA,NA,0.006489216
BANP,Brain Cortex,ADHD,Wald ratio,1,-0.03,0.025,0.971,0.227,NA,NA,NA,0.011254757
RASSF8,Brain Cortex,ADHD,Wald ratio,1,-0.04,0.033,0.961,0.227,NA,NA,NA,0.007334763
AIP,Brain Cortex,ADHD,Wald ratio,1,0.167,0.139,1.182,0.227,NA,NA,NA,0.016096401
RIN3,Brain Cortex,ADHD,Wald ratio,1,0.017,0.014,1.017,0.227,NA,NA,NA,0.005981374
CAPN1,Brain Cortex,ADHD,Wald ratio,1,-0.027,0.022,0.974,0.228,NA,NA,NA,0.009408557
LINC00943,Brain Cortex,ADHD,Wald ratio,1,-0.023,0.019,0.977,0.228,NA,NA,NA,0.011404194
RBFOX3,Brain Cortex,ADHD,Wald ratio,1,-0.038,0.031,0.963,0.229,NA,NA,NA,0.004771603
CEP83,Brain Cortex,ADHD,Wald ratio,1,0.051,0.042,1.052,0.23,NA,NA,NA,0.012069433
KCNMA1,Brain Cortex,ADHD,Wald ratio,1,-0.018,0.015,0.983,0.23,NA,NA,NA,0.09586136
DSCAML1,Brain Cortex,ADHD,Wald ratio,1,0.027,0.023,1.028,0.232,NA,NA,NA,0.06513097
HNRNPC,Brain Cortex,ADHD,Wald ratio,1,-0.035,0.029,0.966,0.232,NA,NA,NA,0.009867427
ITPK1,Brain Cortex,ADHD,Wald ratio,1,-0.037,0.031,0.964,0.233,NA,NA,NA,0.016490272
GLIS3,Brain Cortex,ADHD,Wald ratio,1,-0.022,0.018,0.979,0.233,NA,NA,NA,0.007120847
RASGRF1,Brain Cortex,ADHD,Wald ratio,1,-0.036,0.03,0.965,0.234,NA,NA,NA,0.011018315
LINC02621,Brain Cortex,ADHD,Wald ratio,1,0.035,0.029,1.035,0.235,NA,NA,NA,0.009600908
SMAD3,Brain Cortex,ADHD,Wald ratio,1,-0.087,0.073,0.917,0.235,NA,NA,NA,0.011445311
RNF165,Brain Cortex,ADHD,Wald ratio,1,0.036,0.03,1.037,0.236,NA,NA,NA,0.010742279
OTX2-AS1,Brain Cortex,ADHD,Wald ratio,1,0.028,0.024,1.029,0.236,NA,NA,NA,0.02541717
RYR1,Brain Cortex,ADHD,Wald ratio,1,-0.1,0.085,0.905,0.237,NA,NA,NA,0.029029666
HIF1A,Brain Cortex,ADHD,Wald ratio,1,-0.112,0.095,0.894,0.237,NA,NA,NA,0.028642607
NECTIN1,Brain Cortex,ADHD,Wald ratio,1,-0.036,0.03,0.965,0.238,NA,NA,NA,0.009327161
CLYBL,Brain Cortex,ADHD,Wald ratio,1,-0.028,0.024,0.973,0.238,NA,NA,NA,0.007676168
ARHGAP22,Brain Cortex,ADHD,Wald ratio,1,0.048,0.041,1.05,0.239,NA,NA,NA,0.006899555
ENSG00000287306,Brain Cortex,ADHD,Wald ratio,1,0.041,0.035,1.042,0.24,NA,NA,NA,0.009561259
AVEN,Brain Cortex,ADHD,Wald ratio,1,0.016,0.014,1.016,0.242,NA,NA,NA,0.008629656
TUSC1,Brain Cortex,ADHD,Wald ratio,1,-0.021,0.018,0.98,0.244,NA,NA,NA,0.028121587
ST20,Brain Cortex,ADHD,Wald ratio,1,0.017,0.015,1.018,0.244,NA,NA,NA,0.012308156
LINC00639,Brain Cortex,ADHD,Wald ratio,1,0.043,0.037,1.044,0.244,NA,NA,NA,0.010016042
KLHL5,Brain Cortex,ADHD,Wald ratio,1,0.035,0.03,1.035,0.245,NA,NA,NA,0.010140145
ENSG00000259275,Brain Cortex,ADHD,Wald ratio,1,-0.024,0.021,0.976,0.246,NA,NA,NA,0.009593279
LINC00934,Brain Cortex,ADHD,Wald ratio,1,-0.039,0.034,0.961,0.247,NA,NA,NA,0.009176638
BLZF2P,Brain Cortex,ADHD,Wald ratio,1,-0.028,0.024,0.972,0.247,NA,NA,NA,0.009829797
SIX1,Brain Cortex,ADHD,Wald ratio,1,-0.104,0.091,0.901,0.249,NA,NA,NA,0.026669605
TSPAN11,Brain Cortex,ADHD,Wald ratio,1,0.043,0.037,1.044,0.249,NA,NA,NA,0.009491489
SDK2,Brain Cortex,ADHD,Wald ratio,1,-0.031,0.027,0.97,0.249,NA,NA,NA,0.00949292
MICU2,Brain Cortex,ADHD,Wald ratio,1,-0.021,0.018,0.979,0.25,NA,NA,NA,0.008907655
IQCN,Brain Cortex,ADHD,Wald ratio,1,0.048,0.042,1.049,0.25,NA,NA,NA,0.013303258
RAB31,Brain Cortex,ADHD,Wald ratio,1,-0.037,0.032,0.963,0.251,NA,NA,NA,0.009646189
ESRRB,Brain Cortex,ADHD,Wald ratio,1,-0.035,0.031,0.966,0.251,NA,NA,NA,0.01893776
RTN4RL1,Brain Cortex,ADHD,Wald ratio,1,0.115,0.101,1.122,0.253,NA,NA,NA,0.01218043
CDKN2B-AS1,Brain Cortex,ADHD,Wald ratio,1,0.028,0.024,1.028,0.255,NA,NA,NA,0.008798722
PRKCH,Brain Cortex,ADHD,Wald ratio,1,-0.03,0.026,0.971,0.255,NA,NA,NA,0.009162325
RAD51B,Brain Cortex,ADHD,Wald ratio,1,0.015,0.013,1.015,0.255,NA,NA,NA,0.005666293
PDZD7,Brain Cortex,ADHD,Wald ratio,1,0.028,0.025,1.028,0.256,NA,NA,NA,0.009611357
EHD4,Brain Cortex,ADHD,Wald ratio,1,-0.04,0.035,0.961,0.256,NA,NA,NA,0.009038861
OR1L8,Brain Cortex,ADHD,Wald ratio,1,0.042,0.037,1.043,0.256,NA,NA,NA,0.015800308
PNPLA7,Brain Cortex,ADHD,Wald ratio,1,0.048,0.042,1.049,0.257,NA,NA,NA,0.01196057
RAB38,Brain Cortex,ADHD,Inverse variance weighted,2,-0.027,0.024,0.974,0.258,NA,0.381259744,NA,0.00791143
FAS,Brain Cortex,ADHD,Wald ratio,1,0.038,0.033,1.038,0.258,NA,NA,NA,0.008613977
PDZD8,Brain Cortex,ADHD,Wald ratio,1,-0.051,0.045,0.95,0.259,NA,NA,NA,0.011538803
ANO4,Brain Cortex,ADHD,Wald ratio,1,0.027,0.024,1.027,0.26,NA,NA,NA,0.009505349
TAF3,Brain Cortex,ADHD,Wald ratio,1,-0.019,0.017,0.981,0.26,NA,NA,NA,0.00885768
NDRG2,Brain Cortex,ADHD,Wald ratio,1,-0.036,0.032,0.964,0.26,NA,NA,NA,0.063542256
FBN1,Brain Cortex,ADHD,Wald ratio,1,-0.035,0.031,0.966,0.261,NA,NA,NA,0.008597478
LINC02749,Brain Cortex,ADHD,Wald ratio,1,0.015,0.013,1.015,0.262,NA,NA,NA,0.02374058
MIR4300HG,Brain Cortex,ADHD,Wald ratio,1,-0.028,0.025,0.972,0.264,NA,NA,NA,0.012362405
LINC02752,Brain Cortex,ADHD,Wald ratio,1,-0.018,0.016,0.982,0.265,NA,NA,NA,0.005304919
SLC29A3,Brain Cortex,ADHD,Wald ratio,1,-0.042,0.038,0.959,0.266,NA,NA,NA,0.005881783
UNG,Brain Cortex,ADHD,Wald ratio,1,0.077,0.069,1.08,0.266,NA,NA,NA,0.008961519
MOCOS,Brain Cortex,ADHD,Wald ratio,1,0.018,0.016,1.018,0.267,NA,NA,NA,0.015899912
VTI1A,Brain Cortex,ADHD,Wald ratio,1,0.041,0.037,1.042,0.268,NA,NA,NA,0.00930918
LINC02250,Brain Cortex,ADHD,Wald ratio,1,-0.035,0.031,0.966,0.269,NA,NA,NA,0.00865632
NRXN3,Brain Cortex,ADHD,Wald ratio,1,0.031,0.028,1.031,0.271,NA,NA,NA,0.006086328
C16orf95,Brain Cortex,ADHD,Wald ratio,1,0.014,0.013,1.014,0.271,NA,NA,NA,0.014414101
MYH6,Brain Cortex,ADHD,Wald ratio,1,-0.039,0.035,0.962,0.271,NA,NA,NA,0.021936206
CMIP,Brain Cortex,ADHD,Wald ratio,1,-0.034,0.031,0.966,0.272,NA,NA,NA,0.00521541
NRL,Brain Cortex,ADHD,Wald ratio,1,0.016,0.015,1.016,0.274,NA,NA,NA,0.009521376
ENSG00000287308,Brain Cortex,ADHD,Wald ratio,1,0.015,0.014,1.015,0.275,NA,NA,NA,0.009682956
LINC02731,Brain Cortex,ADHD,Wald ratio,1,-0.035,0.032,0.966,0.275,NA,NA,NA,0.006060857
INPP5A,Brain Cortex,ADHD,Wald ratio,1,-0.025,0.023,0.975,0.275,NA,NA,NA,0.010809824
LRRC27,Brain Cortex,ADHD,Wald ratio,1,0.183,0.169,1.201,0.278,NA,NA,NA,0.013867044
DOK6,Brain Cortex,ADHD,Wald ratio,1,0.044,0.04,1.045,0.281,NA,NA,NA,0.019724032
ENTPD1-AS1,Brain Cortex,ADHD,Inverse variance weighted,2,-0.033,0.03,0.968,0.281,NA,0.785587233,NA,0.011536117
NUAK1,Brain Cortex,ADHD,Wald ratio,1,-0.049,0.046,0.952,0.282,NA,NA,NA,0.011502134
ATP10A,Brain Cortex,ADHD,Wald ratio,1,0.02,0.018,1.02,0.283,NA,NA,NA,0.068338992
LINC01498,Brain Cortex,ADHD,Wald ratio,1,0.018,0.016,1.018,0.284,NA,NA,NA,0.024276196
DDX11-AS1,Brain Cortex,ADHD,Wald ratio,1,-0.052,0.049,0.949,0.284,NA,NA,NA,0.012372111
HACD3,Brain Cortex,ADHD,Wald ratio,1,-0.069,0.064,0.934,0.288,NA,NA,NA,0.017679769
USP30,Brain Cortex,ADHD,Wald ratio,1,0.016,0.015,1.016,0.288,NA,NA,NA,0.008432535
DNAJC17,Brain Cortex,ADHD,Wald ratio,1,-0.011,0.011,0.989,0.288,NA,NA,NA,0.008426977
ENSG00000286566,Brain Cortex,ADHD,Wald ratio,1,0.035,0.033,1.036,0.289,NA,NA,NA,0.008594581
HABP2,Brain Cortex,ADHD,Wald ratio,1,-0.034,0.033,0.966,0.291,NA,NA,NA,0.010833771
ENSG00000246225,Brain Cortex,ADHD,Wald ratio,1,-0.03,0.029,0.97,0.292,NA,NA,NA,0.007935329
HK1,Brain Cortex,ADHD,Wald ratio,1,0.094,0.09,1.099,0.293,NA,NA,NA,0.023032134
HERC1,Brain Cortex,ADHD,Wald ratio,1,0.025,0.024,1.025,0.293,NA,NA,NA,0.008584561
ZNF470,Brain Cortex,ADHD,Wald ratio,1,0.023,0.022,1.024,0.294,NA,NA,NA,0.008496176
ENSG00000286016,Brain Cortex,ADHD,Wald ratio,1,-0.04,0.038,0.961,0.294,NA,NA,NA,0.01026705
CLMP,Brain Cortex,ADHD,Wald ratio,1,0.039,0.037,1.039,0.294,NA,NA,NA,0.008663462
LDHA,Brain Cortex,ADHD,Wald ratio,1,0.017,0.016,1.017,0.294,NA,NA,NA,0.012020388
SLC35F4,Brain Cortex,ADHD,Wald ratio,1,-0.026,0.025,0.974,0.294,NA,NA,NA,0.011059787
GRIN3A,Brain Cortex,ADHD,Wald ratio,1,0.027,0.026,1.027,0.295,NA,NA,NA,0.017955953
FHAD1,Brain Cortex,ADHD,Wald ratio,1,0.037,0.035,1.038,0.296,NA,NA,NA,0.836959229
LINC00598,Brain Cortex,ADHD,Wald ratio,1,-0.031,0.029,0.97,0.297,NA,NA,NA,0.007329315
DIP2C,Brain Cortex,ADHD,Wald ratio,1,0.012,0.011,1.012,0.297,NA,NA,NA,0.008007095
FLRT2,Brain Cortex,ADHD,Wald ratio,1,0.069,0.066,1.071,0.297,NA,NA,NA,0.019938544
LINC00683,Brain Cortex,ADHD,Wald ratio,1,0.016,0.015,1.016,0.298,NA,NA,NA,0.008170504
CEP112,Brain Cortex,ADHD,Wald ratio,1,0.014,0.013,1.014,0.298,NA,NA,NA,0.008251734
SUFU,Brain Cortex,ADHD,Wald ratio,1,-0.016,0.016,0.984,0.298,NA,NA,NA,0.008249976
FAM216B,Brain Cortex,ADHD,Wald ratio,1,0.018,0.017,1.018,0.298,NA,NA,NA,0.008249976
EPC1,Brain Cortex,ADHD,Wald ratio,1,0.029,0.028,1.029,0.3,NA,NA,NA,0.009130771
SCARB1,Brain Cortex,ADHD,Wald ratio,1,-0.06,0.058,0.942,0.301,NA,NA,NA,0.014757587
RBM19,Brain Cortex,ADHD,Wald ratio,1,0.014,0.013,1.014,0.302,NA,NA,NA,0.007925275
CSTPP1,Brain Cortex,ADHD,Wald ratio,1,0.011,0.011,1.011,0.303,NA,NA,NA,0.008245385
ADPRHL1,Brain Cortex,ADHD,Wald ratio,1,0.116,0.113,1.123,0.303,NA,NA,NA,0.029265802
MYH11,Brain Cortex,ADHD,Wald ratio,1,0.036,0.035,1.037,0.303,NA,NA,NA,0.005859083
ZWILCH,Brain Cortex,ADHD,Wald ratio,1,0.046,0.045,1.047,0.307,NA,NA,NA,0.022126997
SMAD6,Brain Cortex,ADHD,Wald ratio,1,0.021,0.02,1.021,0.308,NA,NA,NA,0.008159599
CEP126,Brain Cortex,ADHD,Wald ratio,1,-0.047,0.046,0.954,0.309,NA,NA,NA,0.02726007
AFAP1L2,Brain Cortex,ADHD,Inverse variance weighted,2,-0.019,0.019,0.981,0.31,NA,0.848017505,NA,0.009593273
TUBGCP5,Brain Cortex,ADHD,Wald ratio,1,-0.042,0.042,0.959,0.31,NA,NA,NA,0.010723509
CLEC1B,Brain Cortex,ADHD,Wald ratio,1,-0.016,0.016,0.984,0.312,NA,NA,NA,0.007912858
TBC1D22A,Brain Cortex,ADHD,Inverse variance weighted,2,-0.038,0.038,0.962,0.312,NA,0.57065017,NA,0.0067853
ENSG00000255621,Brain Cortex,ADHD,Wald ratio,1,-0.021,0.02,0.98,0.313,NA,NA,NA,0.074154898
SPRING1,Brain Cortex,ADHD,Wald ratio,1,-0.021,0.021,0.979,0.313,NA,NA,NA,0.008879708
PNLIPRP1,Brain Cortex,ADHD,Wald ratio,1,0.047,0.046,1.048,0.313,NA,NA,NA,0.010239004
LINC02320,Brain Cortex,ADHD,Wald ratio,1,0.036,0.036,1.037,0.315,NA,NA,NA,0.015365719
KIAA1217,Brain Cortex,ADHD,Wald ratio,1,0.015,0.015,1.015,0.317,NA,NA,NA,0.005749881
LINC00539,Brain Cortex,ADHD,Wald ratio,1,-0.036,0.036,0.965,0.317,NA,NA,NA,0.011465037
ABTB2,Brain Cortex,ADHD,Wald ratio,1,-0.03,0.03,0.97,0.317,NA,NA,NA,0.009334024
ANK2,Brain Cortex,ADHD,Wald ratio,1,0.02,0.02,1.02,0.317,NA,NA,NA,0.007996418
GPC6,Brain Cortex,ADHD,Wald ratio,1,-0.024,0.024,0.977,0.317,NA,NA,NA,0.037789464
PTPRT,Brain Cortex,ADHD,Wald ratio,1,0.036,0.036,1.037,0.317,NA,NA,NA,0.007992637
ANKRD34C-AS1,Brain Cortex,ADHD,Wald ratio,1,0.012,0.012,1.012,0.317,NA,NA,NA,0.007509303
C10orf71,Brain Cortex,ADHD,Inverse variance weighted,2,-0.042,0.043,0.959,0.325,NA,0.632085162,NA,0.006012964
ATP2A2,Brain Cortex,ADHD,Wald ratio,1,-0.041,0.041,0.96,0.326,NA,NA,NA,0.013753928
RNF6,Brain Cortex,ADHD,Wald ratio,1,-0.022,0.023,0.978,0.326,NA,NA,NA,0.008881148
ENSG00000290807,Brain Cortex,ADHD,Wald ratio,1,0.013,0.013,1.013,0.326,NA,NA,NA,0.008564271
CACNG7,Brain Cortex,ADHD,Wald ratio,1,-0.036,0.037,0.965,0.327,NA,NA,NA,0.008158335
HSPA2,Brain Cortex,ADHD,Wald ratio,1,-0.017,0.018,0.983,0.327,NA,NA,NA,0.007996091
C10orf53,Brain Cortex,ADHD,Wald ratio,1,-0.021,0.021,0.98,0.328,NA,NA,NA,0.007434664
LINC02689,Brain Cortex,ADHD,Wald ratio,1,-0.046,0.047,0.955,0.328,NA,NA,NA,0.011038392
ASS1,Brain Cortex,ADHD,Wald ratio,1,-0.029,0.03,0.972,0.33,NA,NA,NA,0.009572349
ENSG00000275630,Brain Cortex,ADHD,Wald ratio,1,-0.026,0.027,0.974,0.332,NA,NA,NA,0.008162189
REEP3,Brain Cortex,ADHD,Wald ratio,1,0.024,0.025,1.024,0.332,NA,NA,NA,0.029092904
LINC02944,Brain Cortex,ADHD,Wald ratio,1,0.016,0.016,1.016,0.332,NA,NA,NA,0.00776352
ENSG00000249451,Brain Cortex,ADHD,Wald ratio,1,-0.028,0.029,0.972,0.333,NA,NA,NA,0.00759631
TJP2,Brain Cortex,ADHD,Wald ratio,1,0.014,0.015,1.014,0.333,NA,NA,NA,0.007438632
STX18-AS1,Brain Cortex,ADHD,Wald ratio,1,0.011,0.012,1.011,0.333,NA,NA,NA,0.007436502
LINC00511,Brain Cortex,ADHD,Wald ratio,1,0.013,0.014,1.013,0.333,NA,NA,NA,0.007356553
UMODL1,Brain Cortex,ADHD,Wald ratio,1,-0.025,0.026,0.975,0.334,NA,NA,NA,0.009366876
TTC12,Brain Cortex,ADHD,Wald ratio,1,0.021,0.022,1.022,0.334,NA,NA,NA,0.005680649
CCDC83,Brain Cortex,ADHD,Wald ratio,1,0.016,0.016,1.016,0.334,NA,NA,NA,0.865743972
FRY,Brain Cortex,ADHD,Wald ratio,1,0.061,0.063,1.062,0.335,NA,NA,NA,0.005227268
ENSG00000256237,Brain Cortex,ADHD,Wald ratio,1,0.025,0.026,1.025,0.335,NA,NA,NA,0.017234548
NCS1,Brain Cortex,ADHD,Wald ratio,1,0.018,0.018,1.018,0.336,NA,NA,NA,0.005158105
SYNM,Brain Cortex,ADHD,Wald ratio,1,0.034,0.035,1.035,0.337,NA,NA,NA,0.015301826
WDR95P,Brain Cortex,ADHD,Wald ratio,1,0.035,0.037,1.036,0.338,NA,NA,NA,0.011294176
DLGAP5,Brain Cortex,ADHD,Wald ratio,1,0.032,0.034,1.033,0.338,NA,NA,NA,0.007362129
PIP4K2C,Brain Cortex,ADHD,Wald ratio,1,0.079,0.083,1.082,0.34,NA,NA,NA,0.006000918
COX10,Brain Cortex,ADHD,Wald ratio,1,-0.045,0.048,0.956,0.341,NA,NA,NA,0.009936146
TTLL9,Brain Cortex,ADHD,Wald ratio,1,0.03,0.031,1.03,0.342,NA,NA,NA,0.010980174
CARS2,Brain Cortex,ADHD,Wald ratio,1,0.023,0.024,1.023,0.343,NA,NA,NA,0.007688343
ENSG00000288018,Brain Cortex,ADHD,Wald ratio,1,-0.028,0.03,0.972,0.343,NA,NA,NA,0.007369883
ENSG00000285939,Brain Cortex,ADHD,Wald ratio,1,-0.041,0.044,0.96,0.344,NA,NA,NA,0.010030417
KLHL42,Brain Cortex,ADHD,Wald ratio,1,0.021,0.022,1.021,0.345,NA,NA,NA,0.025205189
PLBD2,Brain Cortex,ADHD,Wald ratio,1,-0.05,0.053,0.952,0.345,NA,NA,NA,0.004677081
ZNF32-AS3,Brain Cortex,ADHD,Wald ratio,1,0.038,0.04,1.038,0.35,NA,NA,NA,0.008189904
CNTN5,Brain Cortex,ADHD,Wald ratio,1,-0.026,0.028,0.975,0.351,NA,NA,NA,0.012039368
ENSG00000288657,Brain Cortex,ADHD,Wald ratio,1,0.028,0.03,1.028,0.352,NA,NA,NA,0.011006712
IL16,Brain Cortex,ADHD,Wald ratio,1,0.012,0.013,1.012,0.353,NA,NA,NA,0.008603226
STX2,Brain Cortex,ADHD,Wald ratio,1,0.012,0.013,1.012,0.353,NA,NA,NA,0.104103552
FAM124A,Brain Cortex,ADHD,Wald ratio,1,0.041,0.044,1.042,0.354,NA,NA,NA,0.007871949
DAPK2,Brain Cortex,ADHD,Wald ratio,1,-0.012,0.013,0.988,0.355,NA,NA,NA,0.008120502
SMYD3,Brain Cortex,ADHD,Wald ratio,1,-0.029,0.031,0.971,0.355,NA,NA,NA,0.007451041
RGS3,Brain Cortex,ADHD,Wald ratio,1,0.035,0.038,1.036,0.357,NA,NA,NA,0.005494082
ACCS,Brain Cortex,ADHD,Wald ratio,1,-0.029,0.032,0.971,0.358,NA,NA,NA,0.011245089
WDR25,Brain Cortex,ADHD,Wald ratio,1,0.011,0.012,1.011,0.358,NA,NA,NA,0.007398924
GALNT8,Brain Cortex,ADHD,Wald ratio,1,0.024,0.026,1.024,0.359,NA,NA,NA,0.007237247
TET1,Brain Cortex,ADHD,Wald ratio,1,0.064,0.07,1.066,0.36,NA,NA,NA,0.014914157
ENSG00000279452,Brain Cortex,ADHD,Wald ratio,1,0.016,0.018,1.016,0.36,NA,NA,NA,0.008860116
PARD3,Brain Cortex,ADHD,Wald ratio,1,-0.025,0.028,0.975,0.361,NA,NA,NA,0.006752202
MUCL1,Brain Cortex,ADHD,Wald ratio,1,0.012,0.013,1.012,0.363,NA,NA,NA,0.008303587
PTCSC2,Brain Cortex,ADHD,Wald ratio,1,0.026,0.029,1.027,0.365,NA,NA,NA,0.00782692
ENSG00000287368,Brain Cortex,ADHD,Wald ratio,1,0.087,0.096,1.091,0.366,NA,NA,NA,0.011818386
DAB2IP,Brain Cortex,ADHD,Wald ratio,1,0.024,0.027,1.025,0.366,NA,NA,NA,0.007007492
ENSG00000273919,Brain Cortex,ADHD,Wald ratio,1,0.045,0.05,1.046,0.368,NA,NA,NA,0.011064584
COLEC11,Brain Cortex,ADHD,Wald ratio,1,-0.022,0.025,0.978,0.369,NA,NA,NA,0.009533798
FAM13C,Brain Cortex,ADHD,Wald ratio,1,-0.031,0.034,0.97,0.37,NA,NA,NA,0.010027357
TCERG1L,Brain Cortex,ADHD,Wald ratio,1,-0.035,0.039,0.966,0.37,NA,NA,NA,0.005806108
VPS26B,Brain Cortex,ADHD,Wald ratio,1,-0.067,0.075,0.935,0.373,NA,NA,NA,0.017324996
RHCG,Brain Cortex,ADHD,Wald ratio,1,0.017,0.019,1.017,0.374,NA,NA,NA,0.005401778
APTX,Brain Cortex,ADHD,Wald ratio,1,0.027,0.031,1.028,0.375,NA,NA,NA,0.009801255
PALM2AKAP2,Brain Cortex,ADHD,Wald ratio,1,0.032,0.036,1.032,0.375,NA,NA,NA,0.004827099
ZNF600,Brain Cortex,ADHD,Wald ratio,1,0.034,0.038,1.034,0.377,NA,NA,NA,0.010543101
LASTR,Brain Cortex,ADHD,Inverse variance weighted,2,-0.023,0.026,0.978,0.378,NA,0.961776537,NA,0.006024286
LINC00958,Brain Cortex,ADHD,Wald ratio,1,0.024,0.028,1.025,0.379,NA,NA,NA,0.008521325
SLIT1,Brain Cortex,ADHD,Wald ratio,1,0.017,0.019,1.017,0.379,NA,NA,NA,0.009737963
MYO5A,Brain Cortex,ADHD,Wald ratio,1,-0.031,0.036,0.969,0.38,NA,NA,NA,0.015226022
TRPM1,Brain Cortex,ADHD,Wald ratio,1,-0.026,0.029,0.975,0.381,NA,NA,NA,0.007057553
ENSG00000257283,Brain Cortex,ADHD,Wald ratio,1,-0.032,0.037,0.968,0.381,NA,NA,NA,0.008770962
SH3GL3,Brain Cortex,ADHD,Wald ratio,1,-0.075,0.086,0.927,0.381,NA,NA,NA,0.03064859
PRR5L,Brain Cortex,ADHD,Wald ratio,1,-0.015,0.017,0.986,0.381,NA,NA,NA,0.011063036
ENSG00000275443,Brain Cortex,ADHD,Wald ratio,1,0.032,0.036,1.032,0.383,NA,NA,NA,0.007390651
MYO3A,Brain Cortex,ADHD,Wald ratio,1,0.031,0.036,1.032,0.384,NA,NA,NA,0.008867566
HTR2A,Brain Cortex,ADHD,Wald ratio,1,0.035,0.04,1.036,0.386,NA,NA,NA,0.019494232
GCNT1,Brain Cortex,ADHD,Wald ratio,1,0.029,0.033,1.029,0.388,NA,NA,NA,0.00790507
CECR2,Brain Cortex,ADHD,Wald ratio,1,0.039,0.046,1.04,0.388,NA,NA,NA,0.021513637
SRGAP1,Brain Cortex,ADHD,Wald ratio,1,-0.016,0.018,0.984,0.389,NA,NA,NA,0.006752202
LINC00595,Brain Cortex,ADHD,Wald ratio,1,0.045,0.052,1.046,0.39,NA,NA,NA,0.01240543
RFC3,Brain Cortex,ADHD,Wald ratio,1,0.023,0.027,1.023,0.391,NA,NA,NA,0.01199204
LINC01440,Brain Cortex,ADHD,Wald ratio,1,-0.022,0.026,0.978,0.392,NA,NA,NA,0.010786496
RECQL,Brain Cortex,ADHD,Wald ratio,1,0.032,0.038,1.033,0.395,NA,NA,NA,0.009983986
FARP1,Brain Cortex,ADHD,Wald ratio,1,-0.019,0.023,0.981,0.395,NA,NA,NA,0.007186673
SEPTIN9,Brain Cortex,ADHD,Wald ratio,1,0.076,0.09,1.079,0.396,NA,NA,NA,0.010782721
CDH23,Brain Cortex,ADHD,Wald ratio,1,-0.012,0.014,0.988,0.396,NA,NA,NA,0.023433673
ALDH1A3,Brain Cortex,ADHD,Wald ratio,1,0.03,0.036,1.031,0.396,NA,NA,NA,0.007573055
NPFFR1,Brain Cortex,ADHD,Wald ratio,1,-0.029,0.034,0.972,0.398,NA,NA,NA,0.01343423
TTC7B,Brain Cortex,ADHD,Wald ratio,1,-0.015,0.017,0.985,0.398,NA,NA,NA,0.006869352
SORCS3,Brain Cortex,ADHD,Wald ratio,1,0.034,0.041,1.035,0.4,NA,NA,NA,0.009354314
BMF,Brain Cortex,ADHD,Wald ratio,1,-0.031,0.036,0.97,0.4,NA,NA,NA,0.018734024
ST8SIA6,Brain Cortex,ADHD,Wald ratio,1,-0.029,0.035,0.971,0.4,NA,NA,NA,0.007962047
USP35,Brain Cortex,ADHD,Wald ratio,1,0.015,0.018,1.015,0.403,NA,NA,NA,0.009041329
TVP23BP1,Brain Cortex,ADHD,Wald ratio,1,0.015,0.018,1.015,0.403,NA,NA,NA,0.006889738
IDNK,Brain Cortex,ADHD,Wald ratio,1,0.03,0.037,1.031,0.407,NA,NA,NA,0.006988955
LINC02418,Brain Cortex,ADHD,Wald ratio,1,-0.017,0.021,0.983,0.408,NA,NA,NA,0.006496399
JAK2,Brain Cortex,ADHD,Wald ratio,1,-0.014,0.018,0.986,0.409,NA,NA,NA,0.007925074
SELENOOLP,Brain Cortex,ADHD,Wald ratio,1,-0.028,0.034,0.972,0.41,NA,NA,NA,0.007508151
CCND2-AS1,Brain Cortex,ADHD,Wald ratio,1,0.032,0.039,1.033,0.411,NA,NA,NA,0.009341438
CFAP161,Brain Cortex,ADHD,Wald ratio,1,-0.015,0.018,0.985,0.411,NA,NA,NA,0.010016952
ENSG00000254695,Brain Cortex,ADHD,Wald ratio,1,0.013,0.016,1.013,0.413,NA,NA,NA,0.007273763
SOS2,Brain Cortex,ADHD,Wald ratio,1,-0.01,0.012,0.99,0.413,NA,NA,NA,0.008241828
FSIP1,Brain Cortex,ADHD,Wald ratio,1,0.025,0.03,1.025,0.414,NA,NA,NA,0.006440512
WSCD2,Brain Cortex,ADHD,Wald ratio,1,0.017,0.021,1.017,0.416,NA,NA,NA,0.007179783
TMEM117,Brain Cortex,ADHD,Wald ratio,1,-0.034,0.042,0.966,0.417,NA,NA,NA,0.010869579
MYH9,Brain Cortex,ADHD,Wald ratio,1,-0.054,0.067,0.947,0.418,NA,NA,NA,0.013906414
CENPJ,Brain Cortex,ADHD,Wald ratio,1,0.016,0.019,1.016,0.419,NA,NA,NA,0.006462376
DCDC1,Brain Cortex,ADHD,Wald ratio,1,-0.009,0.011,0.991,0.42,NA,NA,NA,0.006721595
VAPB,Brain Cortex,ADHD,Wald ratio,1,-0.036,0.045,0.965,0.421,NA,NA,NA,0.046132557
TMEM252,Brain Cortex,ADHD,Wald ratio,1,0.035,0.044,1.036,0.421,NA,NA,NA,0.011810616
XPA,Brain Cortex,ADHD,Wald ratio,1,-0.022,0.027,0.978,0.421,NA,NA,NA,0.006643547
CCDC3,Brain Cortex,ADHD,Wald ratio,1,-0.022,0.028,0.978,0.423,NA,NA,NA,0.013284356
NLRP1,Brain Cortex,ADHD,Wald ratio,1,0.031,0.039,1.032,0.423,NA,NA,NA,0.007238023
DNAH2,Brain Cortex,ADHD,Wald ratio,1,0.016,0.02,1.016,0.423,NA,NA,NA,0.017073185
TACC2,Brain Cortex,ADHD,Wald ratio,1,-0.013,0.016,0.988,0.424,NA,NA,NA,0.150671766
PGAM1P5,Brain Cortex,ADHD,Wald ratio,1,-0.028,0.035,0.972,0.424,NA,NA,NA,0.006486759
NALCN-AS1,Brain Cortex,ADHD,Wald ratio,1,-0.018,0.023,0.982,0.424,NA,NA,NA,0.006823547
PLEKHH1,Brain Cortex,ADHD,Wald ratio,1,-0.014,0.017,0.987,0.424,NA,NA,NA,0.008765458
FMN1,Brain Cortex,ADHD,Wald ratio,1,0.052,0.066,1.054,0.427,NA,NA,NA,0.004903917
TULP3,Brain Cortex,ADHD,Wald ratio,1,-0.026,0.033,0.974,0.427,NA,NA,NA,0.006589572
EML1,Brain Cortex,ADHD,Wald ratio,1,-0.069,0.088,0.933,0.428,NA,NA,NA,0.019469044
LINC03036,Brain Cortex,ADHD,Wald ratio,1,-0.022,0.028,0.978,0.429,NA,NA,NA,0.008374515
LGR5,Brain Cortex,ADHD,Wald ratio,1,-0.04,0.051,0.961,0.43,NA,NA,NA,0.009557044
SPTB,Brain Cortex,ADHD,Inverse variance weighted,2,-0.02,0.026,0.98,0.431,NA,0.353299576,NA,0.026865525
GABBR2,Brain Cortex,ADHD,Wald ratio,1,0.037,0.048,1.038,0.431,NA,NA,NA,0.021944227
CPEB1,Brain Cortex,ADHD,Wald ratio,1,0.031,0.039,1.031,0.431,NA,NA,NA,0.006953905
RNF212B,Brain Cortex,ADHD,Wald ratio,1,-0.018,0.022,0.983,0.433,NA,NA,NA,0.006875515
FAIM2,Brain Cortex,ADHD,Wald ratio,1,-0.073,0.094,0.929,0.435,NA,NA,NA,0.027595344
ENSG00000258760,Brain Cortex,ADHD,Wald ratio,1,-0.025,0.032,0.975,0.436,NA,NA,NA,0.011447858
PAEP,Brain Cortex,ADHD,Wald ratio,1,0.052,0.067,1.053,0.437,NA,NA,NA,0.008065419
HSPB7,Brain Cortex,ADHD,Wald ratio,1,-0.027,0.034,0.974,0.437,NA,NA,NA,0.035787971
ENSG00000289896,Brain Cortex,ADHD,Wald ratio,1,-0.012,0.016,0.988,0.438,NA,NA,NA,0.007420374
CNDP2,Brain Cortex,ADHD,Wald ratio,1,-0.015,0.02,0.985,0.442,NA,NA,NA,0.007188565
FHIP2A,Brain Cortex,ADHD,Wald ratio,1,-0.008,0.011,0.992,0.442,NA,NA,NA,0.00633127
LGALS12,Brain Cortex,ADHD,Wald ratio,1,0.033,0.043,1.033,0.443,NA,NA,NA,0.008223798
ENSG00000286549,Brain Cortex,ADHD,Wald ratio,1,-0.02,0.026,0.981,0.444,NA,NA,NA,0.007370005
FXN,Brain Cortex,ADHD,Wald ratio,1,0.081,0.106,1.084,0.446,NA,NA,NA,0.031810162
KIAA1549L,Brain Cortex,ADHD,Wald ratio,1,0.012,0.016,1.012,0.446,NA,NA,NA,0.005166634
ENSG00000276122,Brain Cortex,ADHD,Wald ratio,1,0.013,0.017,1.013,0.448,NA,NA,NA,0.006874856
PRKCQ-AS1,Brain Cortex,ADHD,Wald ratio,1,-0.013,0.017,0.987,0.448,NA,NA,NA,0.00765372
SNX29,Brain Cortex,ADHD,Wald ratio,1,-0.008,0.011,0.992,0.449,NA,NA,NA,0.029275112
IRAG2,Brain Cortex,ADHD,Wald ratio,1,0.04,0.052,1.04,0.449,NA,NA,NA,0.009714502
SLC15A4,Brain Cortex,ADHD,Wald ratio,1,-0.011,0.014,0.989,0.45,NA,NA,NA,0.011537174
HEATR5A,Brain Cortex,ADHD,Wald ratio,1,0.009,0.013,1.009,0.452,NA,NA,NA,0.026633388
DYRK2,Brain Cortex,ADHD,Wald ratio,1,-0.039,0.051,0.962,0.452,NA,NA,NA,0.011349926
PCDH15,Brain Cortex,ADHD,Wald ratio,1,0.025,0.033,1.025,0.452,NA,NA,NA,0.006122188
ENSG00000287271,Brain Cortex,ADHD,Wald ratio,1,-0.043,0.057,0.958,0.453,NA,NA,NA,0.015724414
RAPGEF1,Brain Cortex,ADHD,Wald ratio,1,0.022,0.029,1.022,0.453,NA,NA,NA,0.010195884
TBX3-AS1,Brain Cortex,ADHD,Wald ratio,1,0.046,0.061,1.047,0.455,NA,NA,NA,0.012179875
JAML,Brain Cortex,ADHD,Wald ratio,1,-0.01,0.014,0.99,0.456,NA,NA,NA,0.007449711
NR5A1,Brain Cortex,ADHD,Wald ratio,1,0.014,0.019,1.014,0.456,NA,NA,NA,0.007449659
MEGF11,Brain Cortex,ADHD,Wald ratio,1,0.047,0.063,1.048,0.457,NA,NA,NA,0.005402133
FAM81A,Brain Cortex,ADHD,Wald ratio,1,0.031,0.042,1.031,0.458,NA,NA,NA,0.007371891
ENSG00000286780,Brain Cortex,ADHD,Wald ratio,1,0.065,0.087,1.067,0.458,NA,NA,NA,0.023535734
AATF,Brain Cortex,ADHD,Wald ratio,1,0.048,0.065,1.049,0.46,NA,NA,NA,0.012123617
CDKN1B,Brain Cortex,ADHD,Wald ratio,1,0.018,0.024,1.018,0.461,NA,NA,NA,0.006443922
ENSG00000255663,Brain Cortex,ADHD,Wald ratio,1,-0.022,0.03,0.978,0.461,NA,NA,NA,0.010340322
CPMER,Brain Cortex,ADHD,Wald ratio,1,0.026,0.035,1.026,0.462,NA,NA,NA,0.00617971
MSRB2,Brain Cortex,ADHD,Wald ratio,1,-0.01,0.014,0.99,0.466,NA,NA,NA,0.006914613
CCDC88C,Brain Cortex,ADHD,Wald ratio,1,0.011,0.015,1.011,0.466,NA,NA,NA,0.005022172
FBXO21,Brain Cortex,ADHD,Wald ratio,1,-0.019,0.027,0.981,0.466,NA,NA,NA,0.005952679
DGCR2,Brain Cortex,ADHD,Wald ratio,1,-0.026,0.036,0.974,0.468,NA,NA,NA,0.010760746
TSPAN14,Brain Cortex,ADHD,Wald ratio,1,-0.014,0.019,0.986,0.468,NA,NA,NA,0.007278879
AEN,Brain Cortex,ADHD,Wald ratio,1,-0.025,0.035,0.975,0.469,NA,NA,NA,0.008990583
PHKB,Brain Cortex,ADHD,Wald ratio,1,-0.064,0.089,0.938,0.469,NA,NA,NA,0.017555053
ENSG00000237356,Brain Cortex,ADHD,Wald ratio,1,-0.022,0.031,0.978,0.469,NA,NA,NA,0.01160261
SPA17,Brain Cortex,ADHD,Wald ratio,1,-0.047,0.065,0.954,0.47,NA,NA,NA,0.005206287
COL15A1,Brain Cortex,ADHD,Wald ratio,1,-0.017,0.024,0.983,0.47,NA,NA,NA,0.00948079
PTHLH,Brain Cortex,ADHD,Wald ratio,1,0.027,0.037,1.027,0.47,NA,NA,NA,0.006500523
IGSF22,Brain Cortex,ADHD,Wald ratio,1,0.03,0.041,1.03,0.47,NA,NA,NA,0.00914598
ENSG00000285987,Brain Cortex,ADHD,Wald ratio,1,0.085,0.117,1.088,0.47,NA,NA,NA,0.021827939
MROH8,Brain Cortex,ADHD,Wald ratio,1,0.049,0.068,1.05,0.471,NA,NA,NA,0.019820527
KISS1,Brain Cortex,ADHD,Wald ratio,1,0.013,0.018,1.013,0.472,NA,NA,NA,0.201391692
SVIL,Brain Cortex,ADHD,Wald ratio,1,-0.011,0.015,0.99,0.472,NA,NA,NA,0.019702484
GLT8D2,Brain Cortex,ADHD,Wald ratio,1,0.027,0.038,1.028,0.473,NA,NA,NA,0.039425246
COL13A1,Brain Cortex,ADHD,Wald ratio,1,-0.031,0.043,0.969,0.473,NA,NA,NA,0.008222398
RET,Brain Cortex,ADHD,Wald ratio,1,0.041,0.057,1.042,0.474,NA,NA,NA,0.088351741
TUT7,Brain Cortex,ADHD,Wald ratio,1,-0.013,0.019,0.987,0.476,NA,NA,NA,0.006013864
GPRC5A,Brain Cortex,ADHD,Wald ratio,1,0.023,0.032,1.023,0.477,NA,NA,NA,0.006641109
SAMD4A,Brain Cortex,ADHD,Wald ratio,1,-0.015,0.021,0.985,0.477,NA,NA,NA,0.00663875
CSPG4,Brain Cortex,ADHD,Wald ratio,1,0.036,0.051,1.037,0.477,NA,NA,NA,0.009026046
RBP4,Brain Cortex,ADHD,Wald ratio,1,0.02,0.028,1.02,0.478,NA,NA,NA,0.008361521
SHROOM3,Brain Cortex,ADHD,Wald ratio,1,-0.028,0.039,0.973,0.478,NA,NA,NA,0.009467705
DOCK6,Brain Cortex,ADHD,Wald ratio,1,0.027,0.039,1.028,0.479,NA,NA,NA,0.010190739
CYFIP1,Brain Cortex,ADHD,Wald ratio,1,-0.012,0.017,0.988,0.479,NA,NA,NA,0.006118839
GLYAT,Brain Cortex,ADHD,Wald ratio,1,-0.032,0.045,0.969,0.481,NA,NA,NA,0.007737021
RAB27A,Brain Cortex,ADHD,Wald ratio,1,0.011,0.016,1.011,0.483,NA,NA,NA,0.005524212
KRT77,Brain Cortex,ADHD,Wald ratio,1,0.021,0.03,1.021,0.483,NA,NA,NA,0.006150498
SAXO1,Brain Cortex,ADHD,Wald ratio,1,-0.028,0.041,0.972,0.485,NA,NA,NA,0.005306093
GALNT18,Brain Cortex,ADHD,Wald ratio,1,0.012,0.017,1.012,0.487,NA,NA,NA,0.008242953
NCOA4,Brain Cortex,ADHD,Wald ratio,1,0.027,0.039,1.027,0.488,NA,NA,NA,0.008426071
SLC6A5,Brain Cortex,ADHD,Wald ratio,1,0.012,0.018,1.012,0.489,NA,NA,NA,0.006198527
SERPINH1,Brain Cortex,ADHD,Wald ratio,1,-0.025,0.036,0.976,0.49,NA,NA,NA,0.006478179
CTBP2,Brain Cortex,ADHD,Wald ratio,1,-0.029,0.043,0.971,0.492,NA,NA,NA,0.004814204
CASQ2,Brain Cortex,ADHD,Wald ratio,1,-0.021,0.03,0.979,0.492,NA,NA,NA,0.00621806
DNAJC12,Brain Cortex,ADHD,Wald ratio,1,-0.041,0.06,0.96,0.493,NA,NA,NA,0.014317822
MCTP2,Brain Cortex,ADHD,Wald ratio,1,0.025,0.037,1.026,0.494,NA,NA,NA,0.006326301
ARHGAP17,Brain Cortex,ADHD,Wald ratio,1,0.009,0.013,1.009,0.494,NA,NA,NA,0.006326762
RGMA,Brain Cortex,ADHD,Wald ratio,1,-0.012,0.018,0.988,0.496,NA,NA,NA,0.008631327
AGBL1,Brain Cortex,ADHD,Wald ratio,1,-0.009,0.014,0.991,0.498,NA,NA,NA,0.007916915
TRPM5,Brain Cortex,ADHD,Wald ratio,1,-0.039,0.058,0.962,0.5,NA,NA,NA,0.011343312
LINC02547,Brain Cortex,ADHD,Wald ratio,1,0.024,0.036,1.025,0.501,NA,NA,NA,0.006649105
OVCH1,Brain Cortex,ADHD,Wald ratio,1,0.012,0.017,1.012,0.503,NA,NA,NA,0.005839866
PREX1,Brain Cortex,ADHD,Wald ratio,1,-0.022,0.032,0.979,0.503,NA,NA,NA,0.006024459
TIGAR,Brain Cortex,ADHD,Wald ratio,1,-0.027,0.04,0.974,0.503,NA,NA,NA,0.005692532
LINC02420,Brain Cortex,ADHD,Inverse variance weighted,2,-0.022,0.032,0.979,0.504,NA,0.354151086,NA,0.01226434
GPR176,Brain Cortex,ADHD,Wald ratio,1,0.024,0.037,1.025,0.508,NA,NA,NA,0.008183988
OTUD7A,Brain Cortex,ADHD,Wald ratio,1,-0.02,0.03,0.98,0.509,NA,NA,NA,0.006717112
PIEZO2,Brain Cortex,ADHD,Wald ratio,1,-0.023,0.035,0.977,0.51,NA,NA,NA,0.005811966
PTPRR,Brain Cortex,ADHD,Wald ratio,1,0.028,0.042,1.028,0.511,NA,NA,NA,0.008947962
ATP11A,Brain Cortex,ADHD,Wald ratio,1,0.013,0.019,1.013,0.511,NA,NA,NA,0.004890742
STXBP2,Brain Cortex,ADHD,Wald ratio,1,0.019,0.029,1.019,0.511,NA,NA,NA,0.006458892
DCLRE1C,Brain Cortex,ADHD,Wald ratio,1,0.061,0.093,1.063,0.512,NA,NA,NA,0.016427384
U6,Brain Cortex,ADHD,Wald ratio,1,0.036,0.056,1.037,0.514,NA,NA,NA,0.009161679
ZFYVE26,Brain Cortex,ADHD,Wald ratio,1,0.013,0.019,1.013,0.514,NA,NA,NA,0.006018047
SHF,Brain Cortex,ADHD,Wald ratio,1,-0.018,0.028,0.982,0.514,NA,NA,NA,0.005312606
OAT,Brain Cortex,ADHD,Wald ratio,1,-0.04,0.062,0.96,0.515,NA,NA,NA,0.01028382
ENSG00000258811,Brain Cortex,ADHD,Wald ratio,1,0.02,0.031,1.02,0.515,NA,NA,NA,0.00770274
RASSF9,Brain Cortex,ADHD,Wald ratio,1,0.017,0.026,1.017,0.517,NA,NA,NA,0.007446671
CAPRIN2,Brain Cortex,ADHD,Wald ratio,1,0.009,0.014,1.009,0.518,NA,NA,NA,0.006053088
COLGALT2,Brain Cortex,ADHD,Wald ratio,1,0.019,0.029,1.019,0.52,NA,NA,NA,0.007189533
ENSG00000264825,Brain Cortex,ADHD,Wald ratio,1,-0.019,0.029,0.981,0.52,NA,NA,NA,0.00597859
SORBS2,Brain Cortex,ADHD,Wald ratio,1,-0.017,0.027,0.983,0.521,NA,NA,NA,0.527688907
ADGRE3,Brain Cortex,ADHD,Wald ratio,1,0.015,0.023,1.015,0.522,NA,NA,NA,0.006088117
MYOF,Brain Cortex,ADHD,Wald ratio,1,0.008,0.013,1.008,0.523,NA,NA,NA,0.011068109
ENSG00000250230,Brain Cortex,ADHD,Wald ratio,1,-0.036,0.057,0.965,0.524,NA,NA,NA,0.008353336
PLAAT3,Brain Cortex,ADHD,Wald ratio,1,-0.019,0.029,0.982,0.524,NA,NA,NA,0.007518085
GLT1D1,Brain Cortex,ADHD,Wald ratio,1,-0.025,0.039,0.976,0.525,NA,NA,NA,0.015185926
ENSG00000267284,Brain Cortex,ADHD,Wald ratio,1,0.01,0.016,1.01,0.528,NA,NA,NA,0.005755219
RRP1,Brain Cortex,ADHD,Wald ratio,1,-0.019,0.03,0.981,0.528,NA,NA,NA,0.006712793
ENSG00000259702,Brain Cortex,ADHD,Wald ratio,1,0.026,0.042,1.027,0.528,NA,NA,NA,0.011677925
DPF3,Brain Cortex,ADHD,Wald ratio,1,0.019,0.03,1.019,0.529,NA,NA,NA,0.005415942
POLE,Brain Cortex,ADHD,Wald ratio,1,-0.008,0.012,0.992,0.53,NA,NA,NA,0.006159371
GRIK4,Brain Cortex,ADHD,Wald ratio,1,0.018,0.028,1.018,0.531,NA,NA,NA,0.005041958
TCP11L1,Brain Cortex,ADHD,Wald ratio,1,-0.019,0.03,0.981,0.532,NA,NA,NA,0.005792974
CD6,Brain Cortex,ADHD,Wald ratio,1,0.018,0.029,1.018,0.534,NA,NA,NA,0.006908665
CXADR,Brain Cortex,ADHD,Wald ratio,1,-0.012,0.019,0.988,0.534,NA,NA,NA,0.006675119
PPP1R26,Brain Cortex,ADHD,Wald ratio,1,-0.01,0.016,0.99,0.535,NA,NA,NA,0.008210428
ADAMTS13,Brain Cortex,ADHD,Wald ratio,1,0.039,0.062,1.039,0.536,NA,NA,NA,0.010020611
PGAP4,Brain Cortex,ADHD,Wald ratio,1,0.018,0.029,1.018,0.537,NA,NA,NA,0.010133275
ABCC8,Brain Cortex,ADHD,Wald ratio,1,0.017,0.028,1.017,0.539,NA,NA,NA,0.008881148
ENSG00000287161,Brain Cortex,ADHD,Weighted median,3,0.018,0.03,1.019,0.541,0.172340516,0.271460128,0.640900307,0.038518633
CAND1,Brain Cortex,ADHD,Wald ratio,1,0.025,0.041,1.025,0.542,NA,NA,NA,0.011111507
LRRC4B,Brain Cortex,ADHD,Wald ratio,1,-0.017,0.029,0.983,0.543,NA,NA,NA,0.005793297
LINC01076,Brain Cortex,ADHD,Wald ratio,1,0.013,0.021,1.013,0.543,NA,NA,NA,0.007149089
AK4P3,Brain Cortex,ADHD,Wald ratio,1,0.013,0.021,1.013,0.543,NA,NA,NA,0.007735725
CTAGE11P,Brain Cortex,ADHD,Wald ratio,1,-0.009,0.014,0.991,0.544,NA,NA,NA,0.005609811
MMP20,Brain Cortex,ADHD,Wald ratio,1,-0.016,0.026,0.985,0.544,NA,NA,NA,0.013589639
PEBP1,Brain Cortex,ADHD,Wald ratio,1,0.015,0.024,1.015,0.545,NA,NA,NA,0.009867427
ENSG00000255959,Brain Cortex,ADHD,Wald ratio,1,-0.016,0.026,0.984,0.546,NA,NA,NA,0.005549544
EBF3,Brain Cortex,ADHD,Wald ratio,1,-0.022,0.037,0.978,0.548,NA,NA,NA,0.05628119
PPP2R5E,Brain Cortex,ADHD,Wald ratio,1,0.04,0.067,1.041,0.551,NA,NA,NA,0.017625677
CD9,Brain Cortex,ADHD,Wald ratio,1,0.01,0.016,1.01,0.551,NA,NA,NA,0.01178868
ABCD4,Brain Cortex,ADHD,Wald ratio,1,0.017,0.029,1.018,0.551,NA,NA,NA,0.012759545
TRIM25,Brain Cortex,ADHD,Wald ratio,1,-0.02,0.033,0.981,0.552,NA,NA,NA,0.008319221
RAPGEF3,Brain Cortex,ADHD,Inverse variance weighted,2,-0.016,0.027,0.984,0.552,NA,0.230568597,NA,0.004830122
DYNC2H1,Brain Cortex,ADHD,Wald ratio,1,-0.013,0.022,0.987,0.552,NA,NA,NA,0.69149401
TBC1D17,Brain Cortex,ADHD,Wald ratio,1,-0.014,0.023,0.986,0.552,NA,NA,NA,0.005685146
SIM2,Brain Cortex,ADHD,Wald ratio,1,0.011,0.018,1.011,0.554,NA,NA,NA,0.005795669
DIP2B,Brain Cortex,ADHD,Wald ratio,1,-0.007,0.012,0.993,0.554,NA,NA,NA,0.00579356
MEG3,Brain Cortex,ADHD,Wald ratio,1,0.069,0.117,1.071,0.556,NA,NA,NA,0.021162506
ARID5B,Brain Cortex,ADHD,Wald ratio,1,-0.011,0.019,0.989,0.558,NA,NA,NA,0.005540035
ENSG00000226334,Brain Cortex,ADHD,Wald ratio,1,0.02,0.034,1.02,0.558,NA,NA,NA,0.005057792
ABCA1,Brain Cortex,ADHD,Wald ratio,1,-0.009,0.015,0.991,0.558,NA,NA,NA,0.00784456
ENSG00000238280,Brain Cortex,ADHD,Wald ratio,1,-0.027,0.046,0.974,0.56,NA,NA,NA,0.008143682
CHRDL2,Brain Cortex,ADHD,Wald ratio,1,-0.016,0.027,0.984,0.562,NA,NA,NA,0.006880822
SMUG1,Brain Cortex,ADHD,Wald ratio,1,0.028,0.049,1.028,0.563,NA,NA,NA,0.008583224
TLR4,Brain Cortex,ADHD,Wald ratio,1,-0.052,0.09,0.95,0.564,NA,NA,NA,0.01456797
ADPGK-AS1,Brain Cortex,ADHD,Wald ratio,1,0.022,0.038,1.022,0.565,NA,NA,NA,0.006608025
C17orf50,Brain Cortex,ADHD,Wald ratio,1,-0.03,0.052,0.971,0.566,NA,NA,NA,0.01061542
DNMT3B,Brain Cortex,ADHD,Inverse variance weighted,2,-0.046,0.08,0.955,0.566,NA,0.16702205,NA,0.016545198
ENSG00000289384,Brain Cortex,ADHD,Wald ratio,1,0.013,0.022,1.013,0.567,NA,NA,NA,0.005722367
LINC02395,Brain Cortex,ADHD,Wald ratio,1,-0.007,0.013,0.993,0.567,NA,NA,NA,0.005639957
CD27,Brain Cortex,ADHD,Wald ratio,1,-0.02,0.036,0.98,0.569,NA,NA,NA,0.00554428
TPM4,Brain Cortex,ADHD,Wald ratio,1,-0.011,0.02,0.989,0.57,NA,NA,NA,0.006867787
HOMER2,Brain Cortex,ADHD,Wald ratio,1,-0.052,0.091,0.95,0.571,NA,NA,NA,0.012123391
ENSG00000225489,Brain Cortex,ADHD,Wald ratio,1,0.009,0.015,1.009,0.572,NA,NA,NA,0.006281512
RBBP6,Brain Cortex,ADHD,Wald ratio,1,0.02,0.036,1.021,0.573,NA,NA,NA,0.007198912
LETR1,Brain Cortex,ADHD,Wald ratio,1,0.024,0.043,1.025,0.574,NA,NA,NA,0.008334487
LINC02351,Brain Cortex,ADHD,Wald ratio,1,0.021,0.037,1.021,0.574,NA,NA,NA,0.006614775
UNC119B,Brain Cortex,ADHD,Wald ratio,1,0.019,0.034,1.019,0.577,NA,NA,NA,0.005623874
MIR3663HG,Brain Cortex,ADHD,Wald ratio,1,-0.022,0.04,0.978,0.577,NA,NA,NA,0.012814073
MCF2L,Brain Cortex,ADHD,Wald ratio,1,0.067,0.121,1.069,0.578,NA,NA,NA,0.006382639
DENND2B,Brain Cortex,ADHD,Wald ratio,1,-0.021,0.038,0.979,0.578,NA,NA,NA,0.0062504
ANKRD10,Brain Cortex,ADHD,Wald ratio,1,0.023,0.041,1.023,0.58,NA,NA,NA,0.006471534
OR5AU1,Brain Cortex,ADHD,Wald ratio,1,-0.019,0.034,0.981,0.581,NA,NA,NA,0.008233096
FSD1L,Brain Cortex,ADHD,Wald ratio,1,-0.009,0.016,0.991,0.583,NA,NA,NA,0.006400934
TLX1NB,Brain Cortex,ADHD,Wald ratio,1,-0.023,0.043,0.977,0.583,NA,NA,NA,0.005882311
ANK3,Brain Cortex,ADHD,Wald ratio,1,0.008,0.015,1.008,0.583,NA,NA,NA,0.009593279
PTPN5,Brain Cortex,ADHD,Wald ratio,1,0.006,0.012,1.006,0.584,NA,NA,NA,0.005994754
FAM174B,Brain Cortex,ADHD,Wald ratio,1,-0.027,0.05,0.973,0.585,NA,NA,NA,0.006540397
TECR,Brain Cortex,ADHD,Wald ratio,1,-0.014,0.026,0.986,0.587,NA,NA,NA,0.005297354
RCL1,Brain Cortex,ADHD,Wald ratio,1,-0.009,0.017,0.991,0.587,NA,NA,NA,0.015580419
HID1,Brain Cortex,ADHD,Wald ratio,1,0.028,0.052,1.028,0.588,NA,NA,NA,0.012867303
C1QL3,Brain Cortex,ADHD,Wald ratio,1,-0.012,0.023,0.988,0.591,NA,NA,NA,0.039495759
CDH13,Brain Cortex,ADHD,Wald ratio,1,-0.013,0.023,0.988,0.592,NA,NA,NA,0.00512232
ZNF710,Brain Cortex,ADHD,Wald ratio,1,-0.011,0.02,0.989,0.593,NA,NA,NA,0.005781357
MMP8,Brain Cortex,ADHD,Wald ratio,1,0.03,0.057,1.031,0.595,NA,NA,NA,0.010652815
TM2D3,Brain Cortex,ADHD,Wald ratio,1,0.017,0.033,1.017,0.598,NA,NA,NA,0.009461135
PAX5,Brain Cortex,ADHD,Wald ratio,1,-0.011,0.021,0.989,0.598,NA,NA,NA,0.00654277
ACACB,Brain Cortex,ADHD,Wald ratio,1,-0.024,0.046,0.976,0.598,NA,NA,NA,0.005337467
MYDGF,Brain Cortex,ADHD,Wald ratio,1,-0.065,0.124,0.937,0.601,NA,NA,NA,0.019880143
BMPR1A,Brain Cortex,ADHD,Wald ratio,1,0.047,0.09,1.048,0.603,NA,NA,NA,0.014184235
FRS2,Brain Cortex,ADHD,Wald ratio,1,0.014,0.028,1.014,0.606,NA,NA,NA,0.004978013
XPNPEP1,Brain Cortex,ADHD,Wald ratio,1,0.006,0.011,1.006,0.606,NA,NA,NA,0.005388277
LINC02718,Brain Cortex,ADHD,Wald ratio,1,-0.013,0.024,0.988,0.607,NA,NA,NA,0.007790217
ANKRD27,Brain Cortex,ADHD,Wald ratio,1,-0.021,0.041,0.979,0.608,NA,NA,NA,0.008343947
PRIMA1,Brain Cortex,ADHD,Wald ratio,1,0.027,0.053,1.027,0.608,NA,NA,NA,0.008563898
LINC02671,Brain Cortex,ADHD,Wald ratio,1,0.02,0.038,1.02,0.61,NA,NA,NA,0.006694358
SGPL1,Brain Cortex,ADHD,Wald ratio,1,0.007,0.013,1.007,0.61,NA,NA,NA,0.005652475
ABCC11,Brain Cortex,ADHD,Wald ratio,1,-0.019,0.037,0.981,0.611,NA,NA,NA,0.009813179
ENSG00000259084,Brain Cortex,ADHD,Wald ratio,1,-0.016,0.032,0.984,0.613,NA,NA,NA,0.005248244
B4GALT1,Brain Cortex,ADHD,Wald ratio,1,-0.007,0.014,0.993,0.614,NA,NA,NA,0.005694026
FAM53B,Brain Cortex,ADHD,Wald ratio,1,-0.01,0.019,0.99,0.617,NA,NA,NA,0.007345918
ARNT2-DT,Brain Cortex,ADHD,Wald ratio,1,0.029,0.059,1.03,0.617,NA,NA,NA,0.013405937
OSBPL5,Brain Cortex,ADHD,Wald ratio,1,-0.018,0.037,0.982,0.617,NA,NA,NA,0.008618046
SFTPD,Brain Cortex,ADHD,Wald ratio,1,0.008,0.017,1.009,0.617,NA,NA,NA,0.00540153
KRT7,Brain Cortex,ADHD,Wald ratio,1,-0.008,0.017,0.992,0.617,NA,NA,NA,0.006514853
LBHD2,Brain Cortex,ADHD,Wald ratio,1,0.043,0.087,1.044,0.618,NA,NA,NA,0.013874395
GPT2,Brain Cortex,ADHD,Wald ratio,1,-0.039,0.078,0.962,0.618,NA,NA,NA,0.012801209
TEKT1,Brain Cortex,ADHD,Wald ratio,1,-0.03,0.06,0.971,0.621,NA,NA,NA,0.011217505
ENSG00000255595,Brain Cortex,ADHD,Wald ratio,1,0.013,0.026,1.013,0.621,NA,NA,NA,0.006000164
NELL2,Brain Cortex,ADHD,Wald ratio,1,0.006,0.012,1.006,0.621,NA,NA,NA,0.00541349
SOX9-AS1,Brain Cortex,ADHD,Wald ratio,1,-0.009,0.019,0.991,0.621,NA,NA,NA,0.005220772
SLC7A7,Brain Cortex,ADHD,Inverse variance weighted,2,0.01,0.02,1.01,0.621,NA,0.978598727,NA,0.012935759
TDRD7,Brain Cortex,ADHD,Wald ratio,1,-0.045,0.09,0.956,0.621,NA,NA,NA,0.014380767
APBA2,Brain Cortex,ADHD,Wald ratio,1,0.029,0.059,1.03,0.621,NA,NA,NA,0.009578773
CDON,Brain Cortex,ADHD,Wald ratio,1,-0.008,0.017,0.992,0.627,NA,NA,NA,0.006306607
KRT80,Brain Cortex,ADHD,Wald ratio,1,-0.011,0.023,0.989,0.628,NA,NA,NA,0.005527843
ENSG00000282041,Brain Cortex,ADHD,Wald ratio,1,-0.031,0.064,0.969,0.63,NA,NA,NA,0.015089328
ZC3H14,Brain Cortex,ADHD,Wald ratio,1,0.014,0.029,1.014,0.63,NA,NA,NA,0.005905561
GRID1,Brain Cortex,ADHD,Wald ratio,1,-0.014,0.029,0.986,0.63,NA,NA,NA,0.007391098
ENSG00000257663,Brain Cortex,ADHD,Wald ratio,1,-0.021,0.045,0.979,0.631,NA,NA,NA,0.007168072
WTAPP1,Brain Cortex,ADHD,Wald ratio,1,0.011,0.024,1.012,0.632,NA,NA,NA,0.005458857
MTFMT,Brain Cortex,ADHD,Wald ratio,1,-0.005,0.011,0.995,0.632,NA,NA,NA,0.008097713
RB1,Brain Cortex,ADHD,Wald ratio,1,0.051,0.107,1.053,0.633,NA,NA,NA,0.019607013
WT1-AS,Brain Cortex,ADHD,Wald ratio,1,0.032,0.067,1.033,0.633,NA,NA,NA,0.005793762
ZNF304,Brain Cortex,ADHD,Wald ratio,1,0.011,0.022,1.011,0.634,NA,NA,NA,0.005835459
KLRD1,Brain Cortex,ADHD,Wald ratio,1,0.015,0.033,1.016,0.634,NA,NA,NA,0.008137309
CD4,Brain Cortex,ADHD,Wald ratio,1,0.013,0.027,1.013,0.635,NA,NA,NA,0.005612746
HAPSTR1,Brain Cortex,ADHD,Wald ratio,1,0.039,0.084,1.04,0.638,NA,NA,NA,0.016005468
MAML3,Brain Cortex,ADHD,Wald ratio,1,-0.016,0.035,0.984,0.641,NA,NA,NA,0.006521539
LMO1,Brain Cortex,ADHD,Wald ratio,1,-0.016,0.034,0.985,0.642,NA,NA,NA,0.00547604
ZCCHC24,Brain Cortex,ADHD,Wald ratio,1,0.02,0.043,1.02,0.642,NA,NA,NA,0.007006169
ENTREP1,Brain Cortex,ADHD,Wald ratio,1,0.008,0.018,1.008,0.643,NA,NA,NA,0.006186032
LINC02989,Brain Cortex,ADHD,Wald ratio,1,0.007,0.016,1.007,0.643,NA,NA,NA,0.005364353
TMTC1,Brain Cortex,ADHD,Wald ratio,1,0.008,0.017,1.008,0.643,NA,NA,NA,0.006426185
TECPR2,Brain Cortex,ADHD,Wald ratio,1,0.016,0.034,1.016,0.645,NA,NA,NA,0.010135981
KLHL26,Brain Cortex,ADHD,Wald ratio,1,-0.01,0.021,0.99,0.646,NA,NA,NA,0.005407524
TRPC4,Brain Cortex,ADHD,Wald ratio,1,-0.012,0.027,0.988,0.646,NA,NA,NA,0.014292398
LINC02641,Brain Cortex,ADHD,Wald ratio,1,-0.012,0.026,0.988,0.647,NA,NA,NA,0.008964922
SEMA4D,Brain Cortex,ADHD,Wald ratio,1,0.029,0.064,1.03,0.647,NA,NA,NA,0.005354746
KSR2,Brain Cortex,ADHD,Wald ratio,1,-0.016,0.035,0.984,0.647,NA,NA,NA,0.005183328
SHC4,Brain Cortex,ADHD,Wald ratio,1,0.009,0.02,1.009,0.648,NA,NA,NA,0.005784527
ZFHX2,Brain Cortex,ADHD,Wald ratio,1,0.012,0.026,1.012,0.648,NA,NA,NA,0.008876415
SLC1A2,Brain Cortex,ADHD,Wald ratio,1,-0.011,0.024,0.989,0.648,NA,NA,NA,0.005423934
ITGA8,Brain Cortex,ADHD,Wald ratio,1,0.034,0.075,1.035,0.648,NA,NA,NA,0.01218043
ENSG00000288015,Brain Cortex,ADHD,Wald ratio,1,-0.015,0.033,0.985,0.649,NA,NA,NA,0.005450766
ENSG00000255446,Brain Cortex,ADHD,Wald ratio,1,0.017,0.037,1.017,0.649,NA,NA,NA,0.006696925
ENSG00000287277,Brain Cortex,ADHD,Wald ratio,1,0.011,0.025,1.011,0.651,NA,NA,NA,0.005827771
CCDC144NL-AS1,Brain Cortex,ADHD,Wald ratio,1,-0.01,0.022,0.99,0.651,NA,NA,NA,0.005717099
TMC3,Brain Cortex,ADHD,Wald ratio,1,0.015,0.034,1.015,0.653,NA,NA,NA,0.007065579
RINL,Brain Cortex,ADHD,Wald ratio,1,-0.013,0.03,0.987,0.653,NA,NA,NA,0.043457842
CDYL2,Brain Cortex,ADHD,Wald ratio,1,-0.011,0.024,0.989,0.654,NA,NA,NA,0.005271413
BORCS5,Brain Cortex,ADHD,Wald ratio,1,0.018,0.04,1.018,0.654,NA,NA,NA,0.007817543
USP7,Brain Cortex,ADHD,Wald ratio,1,0.022,0.049,1.022,0.655,NA,NA,NA,0.011289672
MAP2K7,Brain Cortex,ADHD,Wald ratio,1,-0.017,0.038,0.983,0.655,NA,NA,NA,0.006136678
CRLS1,Brain Cortex,ADHD,Wald ratio,1,-0.01,0.022,0.99,0.656,NA,NA,NA,0.007485821
LINC02299,Brain Cortex,ADHD,Wald ratio,1,-0.01,0.022,0.99,0.657,NA,NA,NA,0.005804022
ADAM12,Brain Cortex,ADHD,Wald ratio,1,0.014,0.032,1.014,0.659,NA,NA,NA,0.005091516
ATXN10,Brain Cortex,ADHD,Wald ratio,1,-0.02,0.045,0.98,0.661,NA,NA,NA,0.008430051
PYGL,Brain Cortex,ADHD,Wald ratio,1,0.017,0.039,1.017,0.661,NA,NA,NA,0.005736292
TRIM6,Brain Cortex,ADHD,Wald ratio,1,0.012,0.027,1.012,0.662,NA,NA,NA,0.005246878
ZAR1L,Brain Cortex,ADHD,Wald ratio,1,-0.012,0.028,0.988,0.662,NA,NA,NA,0.006489086
MX2,Brain Cortex,ADHD,Wald ratio,1,-0.025,0.058,0.975,0.665,NA,NA,NA,0.017917703
N4BP2L2,Brain Cortex,ADHD,Wald ratio,1,-0.006,0.014,0.994,0.666,NA,NA,NA,0.005179313
ENSG00000273674,Brain Cortex,ADHD,Wald ratio,1,-0.005,0.012,0.995,0.667,NA,NA,NA,0.01983141
APIP,Brain Cortex,ADHD,Wald ratio,1,-0.009,0.02,0.991,0.668,NA,NA,NA,0.006089313
LINC02633,Brain Cortex,ADHD,Wald ratio,1,0.015,0.034,1.015,0.669,NA,NA,NA,0.005224039
GPRIN3,Brain Cortex,ADHD,Wald ratio,1,0.015,0.035,1.015,0.67,NA,NA,NA,0.007912042
LTO1,Brain Cortex,ADHD,Wald ratio,1,0.026,0.061,1.026,0.672,NA,NA,NA,0.046386115
PCAT19,Brain Cortex,ADHD,Wald ratio,1,0.013,0.031,1.013,0.672,NA,NA,NA,0.00741543
CAMK2D,Brain Cortex,ADHD,Wald ratio,1,-0.045,0.107,0.956,0.673,NA,NA,NA,0.041598352
LINC02652,Brain Cortex,ADHD,Wald ratio,1,-0.012,0.028,0.988,0.674,NA,NA,NA,0.006756668
FBRSL1,Brain Cortex,ADHD,Wald ratio,1,0.031,0.074,1.032,0.674,NA,NA,NA,0.011844439
ANHX,Brain Cortex,ADHD,Wald ratio,1,-0.014,0.034,0.986,0.674,NA,NA,NA,0.012578965
CERS3,Brain Cortex,ADHD,Wald ratio,1,-0.032,0.077,0.968,0.675,NA,NA,NA,0.007351968
KDM5A,Brain Cortex,ADHD,Wald ratio,1,-0.011,0.027,0.989,0.683,NA,NA,NA,0.005289627
PSEN1,Brain Cortex,ADHD,Wald ratio,1,0.039,0.095,1.039,0.685,NA,NA,NA,0.014042597
FTO,Brain Cortex,ADHD,Wald ratio,1,0.009,0.022,1.009,0.686,NA,NA,NA,0.00776352
TSPAN8,Brain Cortex,ADHD,Wald ratio,1,-0.008,0.019,0.992,0.687,NA,NA,NA,0.005224199
PAMR1,Brain Cortex,ADHD,Wald ratio,1,0.015,0.037,1.015,0.692,NA,NA,NA,0.015888549
PFKFB3,Brain Cortex,ADHD,Wald ratio,1,-0.013,0.032,0.987,0.693,NA,NA,NA,0.038035113
FANCC,Brain Cortex,ADHD,Wald ratio,1,-0.025,0.065,0.975,0.695,NA,NA,NA,0.01083152
SERP2,Brain Cortex,ADHD,Wald ratio,1,-0.01,0.025,0.99,0.698,NA,NA,NA,0.022783174
ANKAR,Brain Cortex,ADHD,Wald ratio,1,0.014,0.037,1.014,0.699,NA,NA,NA,0.005670457
OR5A2,Brain Cortex,ADHD,Wald ratio,1,-0.012,0.032,0.988,0.7,NA,NA,NA,0.00555985
STARD13,Brain Cortex,ADHD,Wald ratio,1,-0.014,0.035,0.987,0.701,NA,NA,NA,0.005025686
SLFN11,Brain Cortex,ADHD,Wald ratio,1,-0.009,0.024,0.991,0.702,NA,NA,NA,0.005025135
FAM234B,Brain Cortex,ADHD,Wald ratio,1,-0.006,0.015,0.994,0.703,NA,NA,NA,0.006978107
LHPP,Brain Cortex,ADHD,Wald ratio,1,0.014,0.038,1.015,0.705,NA,NA,NA,0.999999931
KNTC1,Brain Cortex,ADHD,Wald ratio,1,0.005,0.013,1.005,0.708,NA,NA,NA,0.005695636
ZBTB7C,Brain Cortex,ADHD,Wald ratio,1,0.015,0.039,1.015,0.71,NA,NA,NA,0.008092365
JAK1,Brain Cortex,ADHD,Wald ratio,1,-0.015,0.04,0.985,0.71,NA,NA,NA,0.006820367
TTC41P,Brain Cortex,ADHD,Wald ratio,1,-0.006,0.015,0.994,0.711,NA,NA,NA,0.004797795
MSMB,Brain Cortex,ADHD,Wald ratio,1,-0.012,0.032,0.988,0.711,NA,NA,NA,0.00472874
VPS37B,Brain Cortex,ADHD,Wald ratio,1,0.019,0.05,1.019,0.711,NA,NA,NA,0.007577473
VDR,Brain Cortex,ADHD,Wald ratio,1,-0.008,0.023,0.992,0.711,NA,NA,NA,0.007397972
SNRPN,Brain Cortex,ADHD,Wald ratio,1,-0.01,0.026,0.99,0.713,NA,NA,NA,0.027389027
AQP6,Brain Cortex,ADHD,Wald ratio,1,-0.025,0.068,0.975,0.716,NA,NA,NA,0.006616323
LINC01168,Brain Cortex,ADHD,Wald ratio,1,0.04,0.109,1.041,0.717,NA,NA,NA,0.015176386
ST3GAL4,Brain Cortex,ADHD,Inverse variance weighted,2,0.007,0.019,1.007,0.718,NA,0.707624302,NA,0.006475038
SMAD9,Brain Cortex,ADHD,Wald ratio,1,0.012,0.033,1.012,0.721,NA,NA,NA,0.005766646
LINC00458,Brain Cortex,ADHD,Wald ratio,1,-0.015,0.042,0.985,0.722,NA,NA,NA,0.006234071
MKX,Brain Cortex,ADHD,Inverse variance weighted,2,0.015,0.043,1.016,0.722,NA,0.243613587,NA,0.020650135
PDLIM5,Brain Cortex,ADHD,Wald ratio,1,0.014,0.039,1.014,0.722,NA,NA,NA,0.005657006
ZNF718,Brain Cortex,ADHD,Wald ratio,1,0.007,0.02,1.007,0.723,NA,NA,NA,0.00492094
COL4A2,Brain Cortex,ADHD,Wald ratio,1,0.014,0.039,1.014,0.726,NA,NA,NA,0.004624567
ENSG00000278954,Brain Cortex,ADHD,Wald ratio,1,0.008,0.024,1.008,0.729,NA,NA,NA,0.008186778
FPGS,Brain Cortex,ADHD,Wald ratio,1,-0.014,0.04,0.986,0.73,NA,NA,NA,0.005637989
ENSG00000227834,Brain Cortex,ADHD,Wald ratio,1,-0.01,0.029,0.99,0.731,NA,NA,NA,0.006417308
ENSG00000266765,Brain Cortex,ADHD,Wald ratio,1,0.013,0.039,1.013,0.733,NA,NA,NA,0.01083996
LINC02352,Brain Cortex,ADHD,Wald ratio,1,0.004,0.012,1.004,0.733,NA,NA,NA,0.005106821
RPS6KL1,Brain Cortex,ADHD,Wald ratio,1,0.004,0.013,1.004,0.733,NA,NA,NA,0.005106821
ZZEF1,Brain Cortex,ADHD,Wald ratio,1,0.004,0.013,1.005,0.734,NA,NA,NA,0.005105202
UBE3B,Brain Cortex,ADHD,Wald ratio,1,-0.01,0.03,0.99,0.735,NA,NA,NA,0.009860077
ADIRF,Brain Cortex,ADHD,Wald ratio,1,0.007,0.022,1.007,0.737,NA,NA,NA,0.016002843
TUB,Brain Cortex,ADHD,Wald ratio,1,0.016,0.047,1.016,0.737,NA,NA,NA,0.285609769
LINC02952,Brain Cortex,ADHD,Wald ratio,1,-0.004,0.013,0.996,0.739,NA,NA,NA,0.005409009
UBASH3A,Brain Cortex,ADHD,Wald ratio,1,0.005,0.014,1.005,0.739,NA,NA,NA,0.005043023
VASH1-DT,Brain Cortex,ADHD,Wald ratio,1,-0.004,0.013,0.996,0.739,NA,NA,NA,0.005511572
DOCK8,Brain Cortex,ADHD,Wald ratio,1,-0.004,0.012,0.996,0.742,NA,NA,NA,0.004931326
GOLM1,Brain Cortex,ADHD,Wald ratio,1,0.01,0.03,1.01,0.744,NA,NA,NA,0.00720541
CYRIA,Brain Cortex,ADHD,Wald ratio,1,-0.008,0.023,0.992,0.744,NA,NA,NA,0.078945417
ENSG00000287861,Brain Cortex,ADHD,Wald ratio,1,0.013,0.039,1.013,0.746,NA,NA,NA,0.009457489
GAPDH,Brain Cortex,ADHD,Wald ratio,1,-0.012,0.037,0.988,0.746,NA,NA,NA,0.005181339
TMC1,Brain Cortex,ADHD,Wald ratio,1,0.006,0.019,1.006,0.747,NA,NA,NA,0.006475435
ENSG00000237372,Brain Cortex,ADHD,Wald ratio,1,0.007,0.024,1.008,0.75,NA,NA,NA,0.005898118
ENSG00000285584,Brain Cortex,ADHD,Inverse variance weighted,2,0.016,0.051,1.016,0.752,NA,0.077480112,NA,0.238216768
CLDN10,Brain Cortex,ADHD,Wald ratio,1,0.022,0.069,1.022,0.752,NA,NA,NA,0.016946472
DSCAM,Brain Cortex,ADHD,Wald ratio,1,0.016,0.052,1.016,0.754,NA,NA,NA,0.009731686
ZDHHC7,Brain Cortex,ADHD,Wald ratio,1,0.007,0.023,1.007,0.755,NA,NA,NA,0.00552466
LINC02459,Brain Cortex,ADHD,Wald ratio,1,0.007,0.023,1.007,0.757,NA,NA,NA,0.004899681
GNAQ,Brain Cortex,ADHD,Wald ratio,1,0.007,0.023,1.007,0.759,NA,NA,NA,0.005413767
GRIP1,Brain Cortex,ADHD,Wald ratio,1,0.011,0.037,1.011,0.762,NA,NA,NA,0.005148808
LINC02685,Brain Cortex,ADHD,Wald ratio,1,0.004,0.014,1.004,0.762,NA,NA,NA,0.005508864
LINC02151,Brain Cortex,ADHD,Wald ratio,1,-0.008,0.027,0.992,0.763,NA,NA,NA,0.007082543
CARD10,Brain Cortex,ADHD,Wald ratio,1,-0.004,0.013,0.996,0.765,NA,NA,NA,0.010968695
ENSG00000287231,Brain Cortex,ADHD,Wald ratio,1,0.014,0.046,1.014,0.766,NA,NA,NA,0.007807027
LDB3,Brain Cortex,ADHD,Wald ratio,1,-0.006,0.019,0.994,0.766,NA,NA,NA,0.005398191
IL25,Brain Cortex,ADHD,Wald ratio,1,0.005,0.017,1.005,0.766,NA,NA,NA,0.005243509
HMCN2,Brain Cortex,ADHD,Wald ratio,1,0.006,0.021,1.006,0.767,NA,NA,NA,0.005757029
SS18L1,Brain Cortex,ADHD,Wald ratio,1,0.022,0.075,1.022,0.77,NA,NA,NA,0.014448813
LINC00927,Brain Cortex,ADHD,Wald ratio,1,0.009,0.03,1.009,0.771,NA,NA,NA,0.006338136
C11orf16,Brain Cortex,ADHD,Wald ratio,1,-0.006,0.022,0.994,0.773,NA,NA,NA,0.00816718
MED6,Brain Cortex,ADHD,Wald ratio,1,0.006,0.022,1.006,0.773,NA,NA,NA,0.006816688
WHAMM,Brain Cortex,ADHD,Wald ratio,1,0.01,0.038,1.011,0.78,NA,NA,NA,0.005727475
BCAS4,Brain Cortex,ADHD,Wald ratio,1,-0.012,0.042,0.989,0.781,NA,NA,NA,0.006490777
TMEM72-AS1,Brain Cortex,ADHD,Wald ratio,1,0.011,0.04,1.011,0.783,NA,NA,NA,0.005823153
LINGO1,Brain Cortex,ADHD,Wald ratio,1,-0.008,0.031,0.992,0.785,NA,NA,NA,0.009567025
CD82,Brain Cortex,ADHD,Wald ratio,1,0.011,0.041,1.011,0.788,NA,NA,NA,0.00688138
METTL17,Brain Cortex,ADHD,Wald ratio,1,-0.004,0.016,0.996,0.789,NA,NA,NA,0.010061526
TBC1D20,Brain Cortex,ADHD,Wald ratio,1,0.009,0.034,1.009,0.789,NA,NA,NA,0.005964921
ENSG00000258847,Brain Cortex,ADHD,Wald ratio,1,0.005,0.018,1.005,0.79,NA,NA,NA,0.006928488
ENSG00000263212,Brain Cortex,ADHD,Wald ratio,1,0.006,0.021,1.006,0.791,NA,NA,NA,0.006773528
C13orf42,Brain Cortex,ADHD,Wald ratio,1,-0.006,0.022,0.994,0.793,NA,NA,NA,0.00488701
RFX7,Brain Cortex,ADHD,Wald ratio,1,-0.008,0.029,0.992,0.796,NA,NA,NA,0.004710893
GLB1L2,Brain Cortex,ADHD,Wald ratio,1,0.005,0.018,1.005,0.799,NA,NA,NA,0.005640491
AKR1C2,Brain Cortex,ADHD,Wald ratio,1,0.005,0.021,1.005,0.8,NA,NA,NA,0.00645027
ZFHX2-AS1,Brain Cortex,ADHD,Wald ratio,1,-0.01,0.04,0.99,0.801,NA,NA,NA,0.007285176
GAS2,Brain Cortex,ADHD,Wald ratio,1,-0.008,0.032,0.992,0.802,NA,NA,NA,0.005532494
MFSD5,Brain Cortex,ADHD,Wald ratio,1,-0.003,0.013,0.997,0.804,NA,NA,NA,0.004766419
C9orf40,Brain Cortex,ADHD,Wald ratio,1,-0.008,0.033,0.992,0.806,NA,NA,NA,0.005881378
LINC02691,Brain Cortex,ADHD,Wald ratio,1,0.006,0.023,1.006,0.806,NA,NA,NA,0.013331689
CAMK2G,Brain Cortex,ADHD,Wald ratio,1,-0.003,0.014,0.997,0.806,NA,NA,NA,0.005424581
NRDE2,Brain Cortex,ADHD,Wald ratio,1,0.003,0.012,1.003,0.808,NA,NA,NA,0.005268233
ITGA3,Brain Cortex,ADHD,Wald ratio,1,0.005,0.022,1.005,0.809,NA,NA,NA,0.007590525
LINC02645,Brain Cortex,ADHD,Wald ratio,1,0.005,0.021,1.005,0.809,NA,NA,NA,0.005723078
ANKS1B,Brain Cortex,ADHD,Wald ratio,1,0.008,0.034,1.008,0.81,NA,NA,NA,0.005113361
ENSG00000255470,Brain Cortex,ADHD,Wald ratio,1,-0.003,0.012,0.997,0.81,NA,NA,NA,0.00490985
LINC01509,Brain Cortex,ADHD,Wald ratio,1,0.007,0.029,1.007,0.811,NA,NA,NA,0.005770775
PRSS23,Brain Cortex,ADHD,Wald ratio,1,-0.006,0.025,0.994,0.812,NA,NA,NA,0.005161198
ENSG00000258516,Brain Cortex,ADHD,Wald ratio,1,-0.012,0.051,0.988,0.813,NA,NA,NA,0.005365277
TMEM121B,Brain Cortex,ADHD,Wald ratio,1,0.007,0.029,1.007,0.814,NA,NA,NA,0.005411521
UFSP2,Brain Cortex,ADHD,Wald ratio,1,-0.006,0.024,0.994,0.815,NA,NA,NA,0.005460157
PRUNE2,Brain Cortex,ADHD,Wald ratio,1,-0.004,0.017,0.996,0.817,NA,NA,NA,0.004849953
EHMT1,Brain Cortex,ADHD,Wald ratio,1,-0.003,0.013,0.997,0.818,NA,NA,NA,0.005101425
PIP4K2A,Brain Cortex,ADHD,Wald ratio,1,-0.01,0.045,0.99,0.826,NA,NA,NA,0.011642634
IL10RB-DT,Brain Cortex,ADHD,Wald ratio,1,0.006,0.028,1.006,0.826,NA,NA,NA,0.006902164
TTC23,Brain Cortex,ADHD,Wald ratio,1,0.006,0.027,1.006,0.826,NA,NA,NA,0.005416084
NAALAD2,Brain Cortex,ADHD,Wald ratio,1,-0.008,0.034,0.993,0.827,NA,NA,NA,0.004886068
LMO7,Brain Cortex,ADHD,Wald ratio,1,0.005,0.023,1.005,0.83,NA,NA,NA,0.023588428
LINC02331,Brain Cortex,ADHD,Wald ratio,1,-0.007,0.032,0.993,0.831,NA,NA,NA,0.005485484
ZFAND4,Brain Cortex,ADHD,Wald ratio,1,0.014,0.068,1.014,0.833,NA,NA,NA,0.011480801
FCAR,Brain Cortex,ADHD,Wald ratio,1,0.007,0.035,1.007,0.833,NA,NA,NA,0.005079082
ANO1,Brain Cortex,ADHD,Inverse variance weighted,2,0.01,0.047,1.01,0.837,NA,0.072848627,NA,0.007284396
PGR,Brain Cortex,ADHD,Wald ratio,1,-0.008,0.041,0.992,0.841,NA,NA,NA,0.007024597
PAFAH1B2P2,Brain Cortex,ADHD,Wald ratio,1,0.011,0.055,1.011,0.841,NA,NA,NA,0.008020705
SLC46A2,Brain Cortex,ADHD,Inverse variance weighted,2,0.004,0.02,1.004,0.843,NA,0.812839526,NA,0.02496862
VPS37C,Brain Cortex,ADHD,Wald ratio,1,0.007,0.033,1.007,0.843,NA,NA,NA,0.004865108
ARMC3,Brain Cortex,ADHD,Wald ratio,1,0.023,0.115,1.023,0.844,NA,NA,NA,0.016792233
ENSG00000285367,Brain Cortex,ADHD,Wald ratio,1,0.004,0.021,1.004,0.845,NA,NA,NA,0.004913472
ENSG00000259162,Brain Cortex,ADHD,Wald ratio,1,0.008,0.041,1.008,0.845,NA,NA,NA,0.005715685
VWF,Brain Cortex,ADHD,Wald ratio,1,-0.003,0.017,0.997,0.849,NA,NA,NA,0.008306255
TGOLN2,Brain Cortex,ADHD,Wald ratio,1,0.005,0.024,1.005,0.85,NA,NA,NA,0.014422734
CDIN1,Brain Cortex,ADHD,Wald ratio,1,0.008,0.041,1.008,0.851,NA,NA,NA,0.008545627
ENSG00000196566,Brain Cortex,ADHD,Wald ratio,1,0.01,0.055,1.01,0.852,NA,NA,NA,0.009383209
PLA2G4E,Brain Cortex,ADHD,Inverse variance weighted,2,0.005,0.026,1.005,0.855,NA,0.516156381,NA,0.004935053
CELF1,Brain Cortex,ADHD,Wald ratio,1,0.006,0.033,1.006,0.857,NA,NA,NA,0.004749196
GOLGA2P5,Brain Cortex,ADHD,Wald ratio,1,0.026,0.147,1.027,0.857,NA,NA,NA,0.019296636
ENSG00000260364,Brain Cortex,ADHD,Wald ratio,1,-0.002,0.013,0.998,0.858,NA,NA,NA,0.004797795
LINC02703,Brain Cortex,ADHD,Wald ratio,1,0.006,0.032,1.006,0.859,NA,NA,NA,0.005097834
SORBS1,Brain Cortex,ADHD,Wald ratio,1,-0.003,0.015,0.997,0.859,NA,NA,NA,0.005397876
FBXO10,Brain Cortex,ADHD,Wald ratio,1,0.007,0.038,1.007,0.86,NA,NA,NA,0.005145842
MED15,Brain Cortex,ADHD,Wald ratio,1,-0.005,0.029,0.995,0.862,NA,NA,NA,0.004674849
MS4A14,Brain Cortex,ADHD,Wald ratio,1,-0.002,0.012,0.998,0.862,NA,NA,NA,0.004992274
RAB30,Brain Cortex,ADHD,Wald ratio,1,-0.003,0.016,0.997,0.862,NA,NA,NA,0.011294071
ENSG00000257252,Brain Cortex,ADHD,Wald ratio,1,-0.006,0.034,0.994,0.865,NA,NA,NA,0.007381271
PRDM11,Brain Cortex,ADHD,Wald ratio,1,-0.004,0.024,0.996,0.867,NA,NA,NA,0.005388936
CNTN1,Brain Cortex,ADHD,Wald ratio,1,-0.006,0.036,0.994,0.868,NA,NA,NA,0.004837754
GRIN2B,Brain Cortex,ADHD,Wald ratio,1,-0.002,0.012,0.998,0.869,NA,NA,NA,0.011352358
MIR9-3HG,Brain Cortex,ADHD,Wald ratio,1,-0.006,0.036,0.994,0.869,NA,NA,NA,0.010959621
TDRD3,Brain Cortex,ADHD,Wald ratio,1,0.005,0.03,1.005,0.87,NA,NA,NA,0.005235205
TANC2,Brain Cortex,ADHD,Wald ratio,1,0.012,0.074,1.012,0.87,NA,NA,NA,0.012459618
PCBP1-AS1,Brain Cortex,ADHD,Wald ratio,1,0.008,0.048,1.008,0.871,NA,NA,NA,0.011053212
ADSS1,Brain Cortex,ADHD,Wald ratio,1,0.007,0.045,1.007,0.871,NA,NA,NA,0.007124308
MMP26,Brain Cortex,ADHD,Wald ratio,1,0.008,0.05,1.008,0.875,NA,NA,NA,0.008255102
LPAR1,Brain Cortex,ADHD,Wald ratio,1,-0.004,0.026,0.996,0.875,NA,NA,NA,0.007958845
GSTO1,Brain Cortex,ADHD,Inverse variance weighted,2,0.006,0.039,1.006,0.878,NA,0.190932519,NA,0.0061323
ABI1,Brain Cortex,ADHD,Wald ratio,1,-0.007,0.048,0.993,0.878,NA,NA,NA,0.009429067
ARL14EP-DT,Brain Cortex,ADHD,Wald ratio,1,-0.003,0.017,0.997,0.878,NA,NA,NA,0.005575494
NRG3,Brain Cortex,ADHD,Wald ratio,1,-0.003,0.021,0.997,0.88,NA,NA,NA,0.004675904
CFAP251,Brain Cortex,ADHD,Wald ratio,1,0.002,0.011,1.002,0.882,NA,NA,NA,0.004724706
LOXL1,Brain Cortex,ADHD,Wald ratio,1,-0.004,0.03,0.996,0.882,NA,NA,NA,0.024427083
FLT1,Brain Cortex,ADHD,Wald ratio,1,-0.006,0.044,0.994,0.882,NA,NA,NA,0.010445827
PGAP2,Brain Cortex,ADHD,Wald ratio,1,0.004,0.028,1.004,0.883,NA,NA,NA,0.007799725
SGCG,Brain Cortex,ADHD,Wald ratio,1,-0.003,0.021,0.997,0.884,NA,NA,NA,0.034694338
RASSF3,Brain Cortex,ADHD,Wald ratio,1,0.003,0.021,1.003,0.884,NA,NA,NA,0.004822321
PPM1H,Brain Cortex,ADHD,Wald ratio,1,-0.009,0.064,0.991,0.885,NA,NA,NA,0.008164472
NCAM1,Brain Cortex,ADHD,Wald ratio,1,-0.004,0.026,0.996,0.885,NA,NA,NA,0.005142034
RBM20,Brain Cortex,ADHD,Wald ratio,1,-0.003,0.018,0.997,0.885,NA,NA,NA,0.004870254
KRT83,Brain Cortex,ADHD,Wald ratio,1,0.002,0.013,1.002,0.885,NA,NA,NA,0.011600557
VCL,Brain Cortex,ADHD,Wald ratio,1,0.013,0.088,1.013,0.886,NA,NA,NA,0.015094004
ART3,Brain Cortex,ADHD,Wald ratio,1,-0.003,0.022,0.997,0.886,NA,NA,NA,0.004570891
TIAM1,Brain Cortex,ADHD,Wald ratio,1,0.002,0.013,1.002,0.886,NA,NA,NA,0.004919808
ABL1,Brain Cortex,ADHD,Wald ratio,1,0.004,0.029,1.004,0.887,NA,NA,NA,0.007744214
ENSG00000259166,Brain Cortex,ADHD,Wald ratio,1,-0.003,0.019,0.997,0.89,NA,NA,NA,0.038620799
LINC02930,Brain Cortex,ADHD,Wald ratio,1,0.003,0.019,1.003,0.89,NA,NA,NA,0.004717528
ATF7IP,Brain Cortex,ADHD,Wald ratio,1,0.012,0.089,1.012,0.891,NA,NA,NA,0.018487512
ENSG00000254951,Brain Cortex,ADHD,Wald ratio,1,0.005,0.037,1.005,0.891,NA,NA,NA,0.004710893
PPFIBP1,Brain Cortex,ADHD,Wald ratio,1,0.003,0.021,1.003,0.896,NA,NA,NA,0.005756145
SLC25A25-AS1,Brain Cortex,ADHD,Wald ratio,1,-0.005,0.041,0.995,0.898,NA,NA,NA,0.006596382
MALRD1,Brain Cortex,ADHD,Wald ratio,1,0.003,0.027,1.003,0.898,NA,NA,NA,0.008773543
PRMT8,Brain Cortex,ADHD,Wald ratio,1,0.006,0.045,1.006,0.9,NA,NA,NA,0.009903883
PMAIP1,Brain Cortex,ADHD,Wald ratio,1,-0.005,0.039,0.995,0.901,NA,NA,NA,0.00560328
JKAMP,Brain Cortex,ADHD,Wald ratio,1,-0.023,0.187,0.977,0.901,NA,NA,NA,0.0248917
C11orf97,Brain Cortex,ADHD,Wald ratio,1,0.003,0.021,1.003,0.903,NA,NA,NA,0.012094931
CASC18,Brain Cortex,ADHD,Wald ratio,1,-0.003,0.022,0.997,0.903,NA,NA,NA,0.006541565
ENSG00000262039,Brain Cortex,ADHD,Wald ratio,1,-0.004,0.033,0.996,0.903,NA,NA,NA,0.004955673
ENSG00000286746,Brain Cortex,ADHD,Wald ratio,1,-0.003,0.021,0.997,0.904,NA,NA,NA,0.006590222
SARDH,Brain Cortex,ADHD,Wald ratio,1,-0.002,0.018,0.998,0.904,NA,NA,NA,0.006194704
RIOX1,Brain Cortex,ADHD,Wald ratio,1,0.013,0.114,1.013,0.911,NA,NA,NA,0.014894121
VPS4A,Brain Cortex,ADHD,Wald ratio,1,-0.003,0.026,0.997,0.912,NA,NA,NA,0.005445054
CARD14,Brain Cortex,ADHD,Wald ratio,1,0.002,0.018,1.002,0.912,NA,NA,NA,0.005445054
ADAMTSL1,Brain Cortex,ADHD,Wald ratio,1,0.002,0.02,1.002,0.913,NA,NA,NA,0.012410665
ZNF208,Brain Cortex,ADHD,Wald ratio,1,0.002,0.023,1.002,0.914,NA,NA,NA,0.006925215
ETS1,Brain Cortex,ADHD,Wald ratio,1,-0.005,0.047,0.995,0.914,NA,NA,NA,0.006481336
SLC38A4,Brain Cortex,ADHD,Wald ratio,1,-0.004,0.033,0.996,0.914,NA,NA,NA,0.073033142
PSAP,Brain Cortex,ADHD,Wald ratio,1,0.004,0.04,1.004,0.914,NA,NA,NA,0.006037068
OTUD3,Brain Cortex,ADHD,Wald ratio,1,-0.003,0.033,0.997,0.915,NA,NA,NA,0.004699207
NTF3,Brain Cortex,ADHD,Wald ratio,1,-0.002,0.021,0.998,0.915,NA,NA,NA,0.004699237
MTMR2,Brain Cortex,ADHD,Wald ratio,1,0.002,0.014,1.002,0.915,NA,NA,NA,0.00469924
LINC00378,Brain Cortex,ADHD,Wald ratio,1,-0.001,0.014,0.999,0.918,NA,NA,NA,0.005836407
NTRK3,Brain Cortex,ADHD,Wald ratio,1,-0.005,0.046,0.995,0.919,NA,NA,NA,0.007314444
ZNF295-AS1,Brain Cortex,ADHD,Wald ratio,1,-0.003,0.029,0.997,0.919,NA,NA,NA,0.004895554
ENSG00000283415,Brain Cortex,ADHD,Wald ratio,1,-0.002,0.023,0.998,0.92,NA,NA,NA,0.157782216
EFCAB11,Brain Cortex,ADHD,Wald ratio,1,0.004,0.042,1.004,0.92,NA,NA,NA,0.007950585
SPX,Brain Cortex,ADHD,Wald ratio,1,-0.003,0.029,0.997,0.924,NA,NA,NA,0.00729674
INSC,Brain Cortex,ADHD,Wald ratio,1,-0.002,0.024,0.998,0.926,NA,NA,NA,0.005337061
PPP4R4,Brain Cortex,ADHD,Wald ratio,1,-0.002,0.022,0.998,0.926,NA,NA,NA,0.00484158
LRP1,Brain Cortex,ADHD,Wald ratio,1,-0.004,0.04,0.996,0.926,NA,NA,NA,0.005385487
MSANTD4,Brain Cortex,ADHD,Wald ratio,1,-0.002,0.026,0.998,0.927,NA,NA,NA,0.005435127
ERC1,Brain Cortex,ADHD,Wald ratio,1,-0.001,0.013,0.999,0.927,NA,NA,NA,0.005435082
TMEM218,Brain Cortex,ADHD,Wald ratio,1,0.003,0.03,1.003,0.929,NA,NA,NA,0.005038093
ENSG00000234156,Brain Cortex,ADHD,Wald ratio,1,-0.001,0.012,0.999,0.929,NA,NA,NA,0.021078311
LARGE2,Brain Cortex,ADHD,Wald ratio,1,0.003,0.031,1.003,0.929,NA,NA,NA,0.008918763
DHRS4L2,Brain Cortex,ADHD,Wald ratio,1,-0.007,0.085,0.993,0.931,NA,NA,NA,0.01410287
ERCC6L2,Brain Cortex,ADHD,Wald ratio,1,0.001,0.016,1.001,0.931,NA,NA,NA,0.004640513
PDHX,Brain Cortex,ADHD,Wald ratio,1,-0.002,0.022,0.998,0.932,NA,NA,NA,0.007548378
CBR1-AS1,Brain Cortex,ADHD,Wald ratio,1,0.005,0.058,1.005,0.932,NA,NA,NA,0.01769759
POU2AF1,Brain Cortex,ADHD,Wald ratio,1,-0.002,0.021,0.998,0.932,NA,NA,NA,0.005283548
PIP5K1B,Brain Cortex,ADHD,Wald ratio,1,-0.004,0.049,0.996,0.933,NA,NA,NA,0.005038057
SMOC1,Brain Cortex,ADHD,Wald ratio,1,-0.002,0.026,0.998,0.933,NA,NA,NA,0.016471753
OBI1-AS1,Brain Cortex,ADHD,Wald ratio,1,0.002,0.021,1.002,0.934,NA,NA,NA,0.004787526
OR51D1,Brain Cortex,ADHD,Wald ratio,1,-0.003,0.031,0.997,0.935,NA,NA,NA,0.004886441
FBH1,Brain Cortex,ADHD,Wald ratio,1,-0.001,0.014,0.999,0.936,NA,NA,NA,0.004935582
FADS6,Brain Cortex,ADHD,Wald ratio,1,-0.004,0.056,0.996,0.937,NA,NA,NA,0.012384745
OPA3,Brain Cortex,ADHD,Wald ratio,1,0.003,0.043,1.003,0.94,NA,NA,NA,0.006610042
ICAM5,Brain Cortex,ADHD,Wald ratio,1,0.002,0.033,1.002,0.941,NA,NA,NA,0.004685774
NFIB,Brain Cortex,ADHD,Wald ratio,1,0.003,0.036,1.003,0.942,NA,NA,NA,0.004783755
DNAJC25-GNG10,Brain Cortex,ADHD,Wald ratio,1,-0.002,0.024,0.998,0.943,NA,NA,NA,0.00552513
ENSG00000283098,Brain Cortex,ADHD,Wald ratio,1,0.002,0.024,1.002,0.943,NA,NA,NA,0.004882633
LINC02156,Brain Cortex,ADHD,Wald ratio,1,-0.001,0.013,0.999,0.943,NA,NA,NA,0.008469903
CD274,Brain Cortex,ADHD,Wald ratio,1,-0.002,0.028,0.998,0.946,NA,NA,NA,0.005868607
SORD,Brain Cortex,ADHD,Wald ratio,1,0.002,0.026,1.002,0.946,NA,NA,NA,0.017618312
ZNF503-AS1,Brain Cortex,ADHD,Wald ratio,1,-0.004,0.053,0.996,0.947,NA,NA,NA,0.007390911
VLDLR-AS1,Brain Cortex,ADHD,Wald ratio,1,0.002,0.033,1.002,0.947,NA,NA,NA,0.00490985
ENSG00000258982,Brain Cortex,ADHD,Wald ratio,1,-0.001,0.016,0.999,0.95,NA,NA,NA,0.004731601
ARVCF,Brain Cortex,ADHD,Wald ratio,1,-0.002,0.03,0.998,0.951,NA,NA,NA,0.005669137
ENSG00000257948,Brain Cortex,ADHD,Wald ratio,1,-0.003,0.043,0.997,0.951,NA,NA,NA,0.005717689
LINC00368,Brain Cortex,ADHD,Wald ratio,1,0.001,0.019,1.001,0.952,NA,NA,NA,0.00581642
LINC00923,Brain Cortex,ADHD,Wald ratio,1,-0.002,0.026,0.998,0.953,NA,NA,NA,0.005076282
SERTAD4BP,Brain Cortex,ADHD,Wald ratio,1,-0.003,0.051,0.997,0.955,NA,NA,NA,0.007923768
C9orf152,Brain Cortex,ADHD,Wald ratio,1,-0.002,0.031,0.998,0.956,NA,NA,NA,0.007189917
AIF1L,Brain Cortex,ADHD,Wald ratio,1,-0.001,0.027,0.999,0.958,NA,NA,NA,0.007238023
AKNA,Brain Cortex,ADHD,Wald ratio,1,0.001,0.02,1.001,0.959,NA,NA,NA,0.005764575
NELL1,Brain Cortex,ADHD,Wald ratio,1,-0.001,0.02,0.999,0.959,NA,NA,NA,0.013769359
SH3PXD2A,Brain Cortex,ADHD,Wald ratio,1,0.002,0.041,1.002,0.96,NA,NA,NA,0.008798125
THEM7P,Brain Cortex,ADHD,Wald ratio,1,0.002,0.035,1.002,0.961,NA,NA,NA,0.006059082
STIM1,Brain Cortex,ADHD,Wald ratio,1,0.005,0.102,1.005,0.962,NA,NA,NA,0.01524321
STRA6LP,Brain Cortex,ADHD,Wald ratio,1,0.001,0.015,1.001,0.962,NA,NA,NA,0.005270524
ENSG00000259704,Brain Cortex,ADHD,Wald ratio,1,0.001,0.028,1.001,0.968,NA,NA,NA,0.007057497
ADGRG5,Brain Cortex,ADHD,Wald ratio,1,0.003,0.096,1.003,0.972,NA,NA,NA,0.014060865
MIA2,Brain Cortex,ADHD,Wald ratio,1,0.001,0.034,1.001,0.975,NA,NA,NA,0.004675244
FRMD6-AS2,Brain Cortex,ADHD,Wald ratio,1,0,0.013,1,0.975,NA,NA,NA,0.004675244
ENSG00000262801,Brain Cortex,ADHD,Wald ratio,1,-0.001,0.032,0.999,0.975,NA,NA,NA,0.004724576
BICD1,Brain Cortex,ADHD,Inverse variance weighted,2,0,0.014,1,0.975,NA,0.759304118,NA,0.005030957
CFAP54,Brain Cortex,ADHD,Wald ratio,1,-0.001,0.017,0.999,0.975,NA,NA,NA,0.004823241
CMKLR1,Brain Cortex,ADHD,Wald ratio,1,0.001,0.024,1.001,0.976,NA,NA,NA,0.00502046
ENSG00000286162,Brain Cortex,ADHD,Wald ratio,1,0.001,0.031,1.001,0.977,NA,NA,NA,0.030849943
HOXC10,Brain Cortex,ADHD,Wald ratio,1,-0.001,0.028,0.999,0.979,NA,NA,NA,0.00556213
HMGA2,Brain Cortex,ADHD,Wald ratio,1,0.001,0.032,1.001,0.98,NA,NA,NA,0.008060006
SCFD2,Brain Cortex,ADHD,Wald ratio,1,0.001,0.029,1.001,0.983,NA,NA,NA,0.004575196
PRPF6,Brain Cortex,ADHD,Wald ratio,1,0,0.025,1,0.985,NA,NA,NA,0.029220902
PDE3A,Brain Cortex,ADHD,Wald ratio,1,0,0.024,1,0.985,NA,NA,NA,0.005364137
GPHB5,Brain Cortex,ADHD,Wald ratio,1,0,0.02,1,0.986,NA,NA,NA,0.00556103
ENSG00000232528,Brain Cortex,ADHD,Wald ratio,1,0,0.028,1,0.989,NA,NA,NA,0.007130884
MYH14,Brain Cortex,ADHD,Wald ratio,1,0.001,0.119,1.001,0.99,NA,NA,NA,0.016112749
CERK,Brain Cortex,ADHD,Wald ratio,1,-0.001,0.111,0.999,0.992,NA,NA,NA,0.014757789
LRIG3,Brain Cortex,ADHD,Wald ratio,1,0,0.04,1,0.992,NA,NA,NA,0.010238765
CTXND1,Brain Cortex,ADHD,Wald ratio,1,0,0.034,1,0.992,NA,NA,NA,0.005166392
ENSG00000259200,Brain Cortex,ADHD,Wald ratio,1,0,0.039,1,1,NA,NA,NA,0.005658551
ADAMTS7,Brain Cortex,ADHD,Wald ratio,1,0,0.03,1,1,NA,NA,NA,0.005904426
NGFR,Brain Cortex,ADHD,Wald ratio,1,0,0.041,1,1,NA,NA,NA,0.006248247
LSM6,Brain Meta Analysis,ADHD,Wald ratio,1,-0.108,0.019,0.897,1.91E-08,NA,NA,NA,0.999971147
SZT2,Brain Meta Analysis,ADHD,Wald ratio,1,-0.12,0.023,0.887,1.99E-07,NA,NA,NA,0.999707742
SLC38A3,Brain Meta Analysis,ADHD,Wald ratio,1,0.074,0.015,1.077,3.75E-07,NA,NA,NA,0.999458143
PNPLA2,Brain Meta Analysis,ADHD,Wald ratio,1,-0.101,0.021,0.904,8.92E-07,NA,NA,NA,0.99897542
XRN2,Brain Meta Analysis,ADHD,Wald ratio,1,-0.037,0.008,0.964,1.06E-06,NA,NA,NA,0.998703161
WDR12,Brain Meta Analysis,ADHD,Wald ratio,1,-0.118,0.025,0.889,2.24E-06,NA,NA,NA,0.997812054
RAPGEF4,Brain Meta Analysis,ADHD,Wald ratio,1,0.095,0.021,1.1,8.69E-06,NA,NA,NA,0.989300814
TM6SF2,Brain Meta Analysis,ADHD,Wald ratio,1,-0.099,0.023,0.906,2.37E-05,NA,NA,NA,0.972890093
TRAF3,Brain Meta Analysis,ADHD,Wald ratio,1,-0.083,0.021,0.92,4.94E-05,NA,NA,NA,0.956104929
PCLO,Brain Meta Analysis,ADHD,Wald ratio,1,0.031,0.008,1.031,7.56E-05,NA,NA,NA,0.920826327
RSPH9,Brain Meta Analysis,ADHD,Wald ratio,1,-0.066,0.017,0.936,0.00011,NA,NA,NA,0.90179057
DENND1B,Brain Meta Analysis,ADHD,Wald ratio,1,-0.082,0.022,0.921,0.000152,NA,NA,NA,0.87798443
CPQ,Brain Meta Analysis,ADHD,Inverse variance weighted,2,0.026,0.007,1.027,0.000163,NA,0.684604827,NA,0.009771214
ANKRD7,Brain Meta Analysis,ADHD,Wald ratio,1,0.033,0.009,1.033,0.000267,NA,NA,NA,0.778432734
ANTXR2,Brain Meta Analysis,ADHD,Wald ratio,1,-0.032,0.009,0.969,0.00027,NA,NA,NA,0.785471222
CACNB2,Brain Meta Analysis,ADHD,Inverse variance weighted,3,0.044,0.012,1.045,0.000294,0.223065581,0.43559747,0.788042491,0.674903588
CUX1,Brain Meta Analysis,ADHD,Wald ratio,1,-0.058,0.016,0.943,0.000308,NA,NA,NA,0.797406038
RAPGEF1,Brain Meta Analysis,ADHD,Wald ratio,1,0.078,0.022,1.082,0.000333,NA,NA,NA,0.825359665
TANGO6,Brain Meta Analysis,ADHD,Wald ratio,1,-0.084,0.024,0.919,0.000376,NA,NA,NA,0.860431356
CBY1,Brain Meta Analysis,ADHD,Wald ratio,1,-0.11,0.031,0.896,0.000392,NA,NA,NA,0.72307115
NOP14,Brain Meta Analysis,ADHD,Wald ratio,1,0.031,0.009,1.032,0.000439,NA,NA,NA,0.693023747
GPR19,Brain Meta Analysis,ADHD,Wald ratio,1,0.078,0.022,1.081,0.000456,NA,NA,NA,0.705852229
VWA5B1,Brain Meta Analysis,ADHD,Wald ratio,1,0.027,0.008,1.027,0.00053,NA,NA,NA,0.693027647
SLC9B2,Brain Meta Analysis,ADHD,Wald ratio,1,-0.026,0.008,0.974,0.000579,NA,NA,NA,0.630860723
MICAL2,Brain Meta Analysis,ADHD,Weighted median,3,0.024,0.007,1.024,0.000589,0.436528516,0.737489532,0.961764739,0.009540144
ADGRB1,Brain Meta Analysis,ADHD,Wald ratio,1,0.065,0.019,1.067,0.000589,NA,NA,NA,0.692529439
KDF1,Brain Meta Analysis,ADHD,Wald ratio,1,0.087,0.025,1.091,0.000615,NA,NA,NA,0.646070647
OPRK1,Brain Meta Analysis,ADHD,Wald ratio,1,0.071,0.021,1.074,8.00E-04,NA,NA,NA,0.580809509
E2F7,Brain Meta Analysis,ADHD,Wald ratio,1,0.03,0.009,1.031,0.000925,NA,NA,NA,0.533334082
SMG6,Brain Meta Analysis,ADHD,Wald ratio,1,-0.117,0.035,0.89,0.000948,NA,NA,NA,0.636527859
SMAD6,Brain Meta Analysis,ADHD,Wald ratio,1,-0.028,0.009,0.972,0.000972,NA,NA,NA,0.582793581
FAM83B,Brain Meta Analysis,ADHD,Wald ratio,1,0.076,0.023,1.079,0.00104,NA,NA,NA,0.61688283
LHFPL3,Brain Meta Analysis,ADHD,Wald ratio,1,0.07,0.022,1.073,0.00119,NA,NA,NA,0.473352645
APBA1,Brain Meta Analysis,ADHD,Wald ratio,1,-0.049,0.015,0.952,0.00121,NA,NA,NA,0.463863827
RERE,Brain Meta Analysis,ADHD,Wald ratio,1,0.07,0.022,1.073,0.0013,NA,NA,NA,0.480672077
HEG1,Brain Meta Analysis,ADHD,Inverse variance weighted,3,-0.049,0.016,0.952,0.00144,0.463538298,0.654300359,0.676124073,0.01346047
DMRTA1,Brain Meta Analysis,ADHD,Wald ratio,1,-0.067,0.021,0.935,0.00149,NA,NA,NA,0.438277088
ALDH1A2,Brain Meta Analysis,ADHD,Wald ratio,1,0.07,0.022,1.073,0.00152,NA,NA,NA,0.414171768
CREB5,Brain Meta Analysis,ADHD,Weighted median,5,-0.021,0.007,0.979,0.00153,0.087365827,0.017934696,0.215254205,0.004993385
NTAN1,Brain Meta Analysis,ADHD,Wald ratio,1,-0.135,0.043,0.874,0.0017,NA,NA,NA,0.474522156
GLB1L3,Brain Meta Analysis,ADHD,Wald ratio,1,0.103,0.033,1.109,0.00184,NA,NA,NA,0.396281181
R3HDM2,Brain Meta Analysis,ADHD,Wald ratio,1,-0.071,0.023,0.932,0.00195,NA,NA,NA,0.400863178
GPC5,Brain Meta Analysis,ADHD,Wald ratio,1,-0.072,0.023,0.93,0.00204,NA,NA,NA,0.402800196
LPIN3,Brain Meta Analysis,ADHD,Wald ratio,1,-0.098,0.032,0.907,0.00211,NA,NA,NA,0.372882162
SLC22A23,Brain Meta Analysis,ADHD,Inverse variance weighted,2,-0.046,0.015,0.955,0.00215,NA,0.301745475,NA,0.009145477
ADGRA3,Brain Meta Analysis,ADHD,Wald ratio,1,0.049,0.016,1.05,0.00243,NA,NA,NA,0.315525199
ZNF37A,Brain Meta Analysis,ADHD,Wald ratio,1,0.078,0.026,1.082,0.00254,NA,NA,NA,0.336480456
HSF2BP,Brain Meta Analysis,ADHD,Wald ratio,1,-0.054,0.018,0.947,0.00261,NA,NA,NA,0.308124582
SNRPB2,Brain Meta Analysis,ADHD,Wald ratio,1,0.073,0.024,1.076,0.00277,NA,NA,NA,0.363974964
NANS,Brain Meta Analysis,ADHD,Wald ratio,1,-0.025,0.008,0.976,0.00279,NA,NA,NA,0.305605767
MEF2B,Brain Meta Analysis,ADHD,Wald ratio,1,0.027,0.009,1.027,0.0029,NA,NA,NA,0.283995839
PTPRD,Brain Meta Analysis,ADHD,Weighted median,3,0.053,0.018,1.055,0.003,0.001136323,0.002728893,0.791968943,0.06538926
STK32C,Brain Meta Analysis,ADHD,Wald ratio,1,0.072,0.025,1.075,0.00329,NA,NA,NA,0.266272904
SPCS2,Brain Meta Analysis,ADHD,Wald ratio,1,0.08,0.027,1.083,0.00332,NA,NA,NA,0.251885786
PPP6R2,Brain Meta Analysis,ADHD,Wald ratio,1,0.072,0.025,1.074,0.00338,NA,NA,NA,0.267721607
LPP,Brain Meta Analysis,ADHD,Inverse variance weighted,5,0.02,0.007,1.02,0.0035,0.604663489,0.758616324,0.877325182,0.027306495
EPSTI1,Brain Meta Analysis,ADHD,Wald ratio,1,0.057,0.02,1.058,0.00369,NA,NA,NA,0.237572517
JMJD1C,Brain Meta Analysis,ADHD,Wald ratio,1,-0.052,0.018,0.949,0.00375,NA,NA,NA,0.279007677
RANBP1,Brain Meta Analysis,ADHD,Wald ratio,1,0.08,0.028,1.083,0.00391,NA,NA,NA,0.340469994
MAML2,Brain Meta Analysis,ADHD,Inverse variance weighted,3,-0.02,0.007,0.98,0.004,0.731055596,0.416221716,0.422535609,0.047780165
SRRM4,Brain Meta Analysis,ADHD,Wald ratio,1,0.022,0.008,1.022,0.00406,NA,NA,NA,0.225966842
EFNA5,Brain Meta Analysis,ADHD,Wald ratio,1,0.025,0.009,1.025,0.00436,NA,NA,NA,0.02418264
SLC24A4,Brain Meta Analysis,ADHD,Inverse variance weighted,2,0.042,0.015,1.043,0.00444,NA,0.861736285,NA,0.012915691
DOCK1,Brain Meta Analysis,ADHD,Inverse variance weighted,3,-0.014,0.005,0.986,0.0046,0.888599094,0.410531866,0.411116853,0.006383111
NEK6,Brain Meta Analysis,ADHD,Wald ratio,1,-0.024,0.009,0.976,0.00473,NA,NA,NA,0.206011078
GLE1,Brain Meta Analysis,ADHD,Wald ratio,1,0.08,0.028,1.083,0.00493,NA,NA,NA,0.286997513
DGKB,Brain Meta Analysis,ADHD,Inverse variance weighted,2,-0.021,0.008,0.979,0.005,NA,0.982428727,NA,0.174564683
CAPN13,Brain Meta Analysis,ADHD,Wald ratio,1,0.021,0.008,1.022,0.00502,NA,NA,NA,0.199019026
GRM1,Brain Meta Analysis,ADHD,Wald ratio,1,-0.076,0.027,0.927,0.00511,NA,NA,NA,0.18807594
HTRA3,Brain Meta Analysis,ADHD,Wald ratio,1,0.059,0.021,1.061,0.00542,NA,NA,NA,0.211691203
ABLIM1,Brain Meta Analysis,ADHD,Inverse variance weighted,2,-0.016,0.006,0.984,0.00574,NA,0.486415201,NA,0.086814775
TSNARE1,Brain Meta Analysis,ADHD,Wald ratio,1,0.073,0.026,1.075,0.00582,NA,NA,NA,0.172011998
LHX6,Brain Meta Analysis,ADHD,Wald ratio,1,0.053,0.02,1.055,0.00621,NA,NA,NA,0.186732338
ITIH5,Brain Meta Analysis,ADHD,Wald ratio,1,0.074,0.027,1.077,0.0063,NA,NA,NA,0.158525508
TXK,Brain Meta Analysis,ADHD,Wald ratio,1,0.074,0.027,1.077,0.00637,NA,NA,NA,0.237192803
ANO1,Brain Meta Analysis,ADHD,Inverse variance weighted,2,-0.051,0.019,0.951,0.0064,NA,0.470653287,NA,0.110457815
SLC22A12,Brain Meta Analysis,ADHD,Wald ratio,1,0.021,0.008,1.021,0.00642,NA,NA,NA,0.171461117
EXOC3L2,Brain Meta Analysis,ADHD,Wald ratio,1,0.064,0.024,1.067,0.00675,NA,NA,NA,0.175651964
GNG4,Brain Meta Analysis,ADHD,Wald ratio,1,0.07,0.026,1.073,0.00677,NA,NA,NA,0.169783664
SRXN1,Brain Meta Analysis,ADHD,Wald ratio,1,0.061,0.023,1.063,0.00686,NA,NA,NA,0.23347706
KHDC1,Brain Meta Analysis,ADHD,Wald ratio,1,0.07,0.026,1.073,0.00693,NA,NA,NA,0.194800204
EXPH5,Brain Meta Analysis,ADHD,Wald ratio,1,-0.047,0.017,0.954,0.00713,NA,NA,NA,0.202830944
KPNA2,Brain Meta Analysis,ADHD,Wald ratio,1,0.065,0.024,1.068,0.00713,NA,NA,NA,0.17223258
PARN,Brain Meta Analysis,ADHD,Wald ratio,1,-0.069,0.026,0.933,0.00753,NA,NA,NA,0.033979361
TIMM44,Brain Meta Analysis,ADHD,Wald ratio,1,-0.03,0.011,0.971,0.0077,NA,NA,NA,0.286861719
ASF1A,Brain Meta Analysis,ADHD,Wald ratio,1,-0.046,0.017,0.955,0.00782,NA,NA,NA,0.137946838
PAM,Brain Meta Analysis,ADHD,Wald ratio,1,0.057,0.021,1.058,0.00786,NA,NA,NA,0.012487339
ANKK1,Brain Meta Analysis,ADHD,Wald ratio,1,-0.021,0.008,0.979,0.0079,NA,NA,NA,0.135642578
SYT7,Brain Meta Analysis,ADHD,Wald ratio,1,0.078,0.029,1.081,0.00792,NA,NA,NA,0.264374175
BLTP3A,Brain Meta Analysis,ADHD,Wald ratio,1,-0.023,0.009,0.977,0.00813,NA,NA,NA,0.139890842
ATP2C1,Brain Meta Analysis,ADHD,Wald ratio,1,-0.02,0.008,0.98,0.00849,NA,NA,NA,0.13071938
ENPP2,Brain Meta Analysis,ADHD,Wald ratio,1,0.061,0.023,1.063,0.00859,NA,NA,NA,0.183251411
DCUN1D2,Brain Meta Analysis,ADHD,Wald ratio,1,0.052,0.02,1.054,0.00867,NA,NA,NA,0.138881335
CACNA2D2,Brain Meta Analysis,ADHD,Wald ratio,1,0.061,0.023,1.063,0.00874,NA,NA,NA,0.17904852
TMEM182,Brain Meta Analysis,ADHD,Wald ratio,1,0.02,0.008,1.02,0.00886,NA,NA,NA,0.125306692
REEP5,Brain Meta Analysis,ADHD,Wald ratio,1,-0.024,0.009,0.977,0.00898,NA,NA,NA,0.128460203
ZNF8,Brain Meta Analysis,ADHD,Wald ratio,1,0.065,0.025,1.068,0.009,NA,NA,NA,0.127520436
SLC31A1,Brain Meta Analysis,ADHD,Wald ratio,1,-0.083,0.032,0.92,0.00916,NA,NA,NA,0.122083738
EPHA4,Brain Meta Analysis,ADHD,Wald ratio,1,0.058,0.022,1.06,0.00916,NA,NA,NA,0.122080713
LARGE1,Brain Meta Analysis,ADHD,Wald ratio,1,0.078,0.03,1.082,0.00961,NA,NA,NA,0.118618694
GLDC,Brain Meta Analysis,ADHD,Wald ratio,1,0.069,0.027,1.071,0.00971,NA,NA,NA,0.134448172
PACSIN2,Brain Meta Analysis,ADHD,Wald ratio,1,-0.023,0.009,0.978,0.00973,NA,NA,NA,0.116451956
DRICH1,Brain Meta Analysis,ADHD,Wald ratio,1,-0.071,0.027,0.931,0.00981,NA,NA,NA,0.188315814
MARCHF1,Brain Meta Analysis,ADHD,Wald ratio,1,-0.046,0.018,0.955,0.00995,NA,NA,NA,0.155333179
GALM,Brain Meta Analysis,ADHD,Wald ratio,1,0.093,0.036,1.097,0.00996,NA,NA,NA,0.168096356
HIVEP3,Brain Meta Analysis,ADHD,Inverse variance weighted,2,0.021,0.008,1.021,0.0101,NA,0.815656713,NA,0.00641488
NPLOC4,Brain Meta Analysis,ADHD,Wald ratio,1,-0.08,0.031,0.923,0.0101,NA,NA,NA,0.152704435
CAMSAP1,Brain Meta Analysis,ADHD,Wald ratio,1,0.097,0.038,1.102,0.0103,NA,NA,NA,0.152354007
KLHL36,Brain Meta Analysis,ADHD,Wald ratio,1,-0.064,0.025,0.938,0.0104,NA,NA,NA,0.135503934
RARS1,Brain Meta Analysis,ADHD,Wald ratio,1,-0.021,0.008,0.979,0.0104,NA,NA,NA,0.131940427
KHDRBS3,Brain Meta Analysis,ADHD,Wald ratio,1,-0.044,0.017,0.957,0.0105,NA,NA,NA,0.124714818
SLC2A13,Brain Meta Analysis,ADHD,Wald ratio,1,0.02,0.008,1.02,0.011,NA,NA,NA,0.1057216
VEZT,Brain Meta Analysis,ADHD,Wald ratio,1,-0.022,0.008,0.979,0.0111,NA,NA,NA,0.136728604
NTM,Brain Meta Analysis,ADHD,Inverse variance weighted,7,0.011,0.004,1.011,0.0114,0.467949509,0.5379025,0.529323749,0.007920185
SBF2,Brain Meta Analysis,ADHD,Wald ratio,1,-0.055,0.022,0.946,0.0114,NA,NA,NA,0.008213173
TOM1L2,Brain Meta Analysis,ADHD,Wald ratio,1,-0.02,0.008,0.981,0.0117,NA,NA,NA,0.104291245
PALM2AKAP2,Brain Meta Analysis,ADHD,Weighted median,4,0.02,0.008,1.02,0.0122,0.747119394,0.460074856,0.292696608,0.009642691
ERCC8,Brain Meta Analysis,ADHD,Wald ratio,1,0.065,0.026,1.067,0.0123,NA,NA,NA,0.039033029
CEP85L,Brain Meta Analysis,ADHD,Wald ratio,1,0.073,0.029,1.076,0.0124,NA,NA,NA,0.096032709
CACNA2D4,Brain Meta Analysis,ADHD,Wald ratio,1,0.055,0.022,1.057,0.0124,NA,NA,NA,0.006109333
PDCD1LG2,Brain Meta Analysis,ADHD,Wald ratio,1,0.021,0.009,1.022,0.0126,NA,NA,NA,0.102829881
BNC2,Brain Meta Analysis,ADHD,Inverse variance weighted,2,0.043,0.017,1.044,0.0127,NA,0.430658357,NA,0.039271965
CDHR2,Brain Meta Analysis,ADHD,Wald ratio,1,0.02,0.008,1.02,0.0129,NA,NA,NA,0.107682218
YIPF4,Brain Meta Analysis,ADHD,Wald ratio,1,-0.044,0.018,0.957,0.0131,NA,NA,NA,0.098653665
CCDC60,Brain Meta Analysis,ADHD,Wald ratio,1,0.067,0.027,1.069,0.0132,NA,NA,NA,0.091481345
SSBP4,Brain Meta Analysis,ADHD,Wald ratio,1,0.059,0.024,1.061,0.0132,NA,NA,NA,0.103911891
SLFN12,Brain Meta Analysis,ADHD,Wald ratio,1,-0.044,0.018,0.957,0.0134,NA,NA,NA,0.150870628
GNPNAT1,Brain Meta Analysis,ADHD,Wald ratio,1,-0.026,0.011,0.974,0.0136,NA,NA,NA,0.091099018
FUT2,Brain Meta Analysis,ADHD,Wald ratio,1,0.058,0.023,1.059,0.0137,NA,NA,NA,0.092807843
SH3RF3,Brain Meta Analysis,ADHD,Inverse variance weighted,2,-0.046,0.019,0.955,0.0138,NA,0.324838041,NA,0.004941542
GNAL,Brain Meta Analysis,ADHD,Inverse variance weighted,2,0.076,0.031,1.079,0.0139,NA,0.760407607,NA,0.017092531
MYH13,Brain Meta Analysis,ADHD,Wald ratio,1,0.021,0.009,1.021,0.0141,NA,NA,NA,0.088938636
POLD2,Brain Meta Analysis,ADHD,Wald ratio,1,0.063,0.026,1.065,0.0142,NA,NA,NA,0.094906602
SLFN14,Brain Meta Analysis,ADHD,Wald ratio,1,-0.063,0.026,0.939,0.0142,NA,NA,NA,0.084272838
PLEKHA7,Brain Meta Analysis,ADHD,Wald ratio,1,0.033,0.013,1.033,0.0145,NA,NA,NA,0.090599986
RAB11FIP2,Brain Meta Analysis,ADHD,Wald ratio,1,-0.134,0.055,0.874,0.0146,NA,NA,NA,0.141224902
HASPIN,Brain Meta Analysis,ADHD,Wald ratio,1,0.065,0.027,1.068,0.0147,NA,NA,NA,0.08055748
SLC1A5,Brain Meta Analysis,ADHD,Wald ratio,1,-0.049,0.02,0.952,0.0147,NA,NA,NA,0.086892722
TCAP,Brain Meta Analysis,ADHD,Wald ratio,1,0.092,0.038,1.096,0.0148,NA,NA,NA,0.128143802
PLXDC1,Brain Meta Analysis,ADHD,Wald ratio,1,-0.062,0.025,0.94,0.0149,NA,NA,NA,0.082760623
METTL4,Brain Meta Analysis,ADHD,Wald ratio,1,-0.023,0.009,0.978,0.015,NA,NA,NA,0.095716818
UTP20,Brain Meta Analysis,ADHD,Wald ratio,1,-0.019,0.008,0.981,0.0152,NA,NA,NA,0.082976756
STX6,Brain Meta Analysis,ADHD,Wald ratio,1,-0.055,0.023,0.947,0.0155,NA,NA,NA,0.081226033
MDM1,Brain Meta Analysis,ADHD,Wald ratio,1,0.065,0.027,1.068,0.0155,NA,NA,NA,0.089357668
LRRC34,Brain Meta Analysis,ADHD,Wald ratio,1,0.022,0.009,1.022,0.0157,NA,NA,NA,0.081090515
GLI3,Brain Meta Analysis,ADHD,Wald ratio,1,-0.088,0.036,0.916,0.0157,NA,NA,NA,0.083375239
MPDZ,Brain Meta Analysis,ADHD,Wald ratio,1,-0.022,0.009,0.978,0.0159,NA,NA,NA,0.084786089
PRKD1,Brain Meta Analysis,ADHD,Wald ratio,1,-0.059,0.025,0.943,0.0167,NA,NA,NA,0.170529127
DOCK9,Brain Meta Analysis,ADHD,Wald ratio,1,0.062,0.026,1.064,0.0167,NA,NA,NA,0.087491949
ATP11B,Brain Meta Analysis,ADHD,Wald ratio,1,0.053,0.022,1.055,0.0168,NA,NA,NA,0.111051493
TEX29,Brain Meta Analysis,ADHD,Wald ratio,1,0.069,0.029,1.072,0.0169,NA,NA,NA,0.075698838
KCNMB2,Brain Meta Analysis,ADHD,Wald ratio,1,-0.02,0.009,0.98,0.0171,NA,NA,NA,0.072050286
CCDC81,Brain Meta Analysis,ADHD,Wald ratio,1,-0.063,0.026,0.939,0.0172,NA,NA,NA,0.072408947
SPOCD1,Brain Meta Analysis,ADHD,Wald ratio,1,-0.069,0.029,0.934,0.0181,NA,NA,NA,0.074324453
CTBS,Brain Meta Analysis,ADHD,Wald ratio,1,0.02,0.009,1.02,0.0181,NA,NA,NA,0.08360197
UNC5B,Brain Meta Analysis,ADHD,Inverse variance weighted,2,0.02,0.008,1.02,0.0182,NA,0.617247684,NA,0.086642567
SLC25A21,Brain Meta Analysis,ADHD,Wald ratio,1,0.044,0.018,1.045,0.0184,NA,NA,NA,0.072557773
NSG1,Brain Meta Analysis,ADHD,Wald ratio,1,0.022,0.009,1.022,0.0191,NA,NA,NA,0.095027768
HS3ST5,Brain Meta Analysis,ADHD,Wald ratio,1,0.049,0.021,1.05,0.0193,NA,NA,NA,0.067328008
TTC29,Brain Meta Analysis,ADHD,Wald ratio,1,0.084,0.036,1.087,0.0194,NA,NA,NA,0.067475924
F13A1,Brain Meta Analysis,ADHD,Wald ratio,1,-0.043,0.018,0.958,0.0194,NA,NA,NA,0.075205605
TOX,Brain Meta Analysis,ADHD,Wald ratio,1,0.043,0.018,1.043,0.0198,NA,NA,NA,0.065761187
RAPGEF3,Brain Meta Analysis,ADHD,Wald ratio,1,0.052,0.022,1.053,0.02,NA,NA,NA,0.097519787
RASGEF1B,Brain Meta Analysis,ADHD,Wald ratio,1,0.052,0.022,1.054,0.02,NA,NA,NA,0.088519257
ANK2,Brain Meta Analysis,ADHD,Inverse variance weighted,2,0.036,0.015,1.036,0.0201,NA,0.632125955,NA,0.042960774
UNC5C,Brain Meta Analysis,ADHD,Wald ratio,1,0.048,0.021,1.049,0.0202,NA,NA,NA,0.092356308
VIRMA,Brain Meta Analysis,ADHD,Wald ratio,1,-0.067,0.029,0.935,0.021,NA,NA,NA,0.070777856
TTLL9,Brain Meta Analysis,ADHD,Wald ratio,1,0.06,0.026,1.062,0.021,NA,NA,NA,0.070325392
IL20RB,Brain Meta Analysis,ADHD,Wald ratio,1,-0.052,0.022,0.95,0.0211,NA,NA,NA,0.09443602
TRIOBP,Brain Meta Analysis,ADHD,Wald ratio,1,0.047,0.021,1.049,0.0212,NA,NA,NA,0.067122392
LAMB3,Brain Meta Analysis,ADHD,Inverse variance weighted,2,-0.019,0.008,0.982,0.0214,NA,0.334547093,NA,0.104677972
CCL19,Brain Meta Analysis,ADHD,Wald ratio,1,-0.017,0.008,0.983,0.0214,NA,NA,NA,0.086450843
PPP6C,Brain Meta Analysis,ADHD,Wald ratio,1,0.02,0.009,1.02,0.0214,NA,NA,NA,0.061205657
UPK3A,Brain Meta Analysis,ADHD,Wald ratio,1,-0.07,0.03,0.933,0.0215,NA,NA,NA,0.071222427
EPHA8,Brain Meta Analysis,ADHD,Wald ratio,1,0.065,0.028,1.067,0.0218,NA,NA,NA,0.067649513
GTF2IRD1,Brain Meta Analysis,ADHD,Wald ratio,1,0.02,0.009,1.02,0.0218,NA,NA,NA,0.069708166
PTPRS,Brain Meta Analysis,ADHD,Inverse variance weighted,2,0.017,0.007,1.017,0.0219,NA,0.705318844,NA,0.076430801
OR10G3,Brain Meta Analysis,ADHD,Wald ratio,1,-0.067,0.029,0.935,0.0219,NA,NA,NA,0.06178022
THRB,Brain Meta Analysis,ADHD,Wald ratio,1,-0.068,0.03,0.934,0.022,NA,NA,NA,0.081644591
ZNHIT3,Brain Meta Analysis,ADHD,Wald ratio,1,-0.02,0.009,0.98,0.0221,NA,NA,NA,0.061994306
MRTFA,Brain Meta Analysis,ADHD,Wald ratio,1,0.05,0.022,1.052,0.0224,NA,NA,NA,0.062402811
ALDH7A1,Brain Meta Analysis,ADHD,Wald ratio,1,0.052,0.023,1.054,0.0225,NA,NA,NA,0.101039175
TNK2,Brain Meta Analysis,ADHD,Wald ratio,1,0.049,0.021,1.05,0.0226,NA,NA,NA,0.074602311
PINX1,Brain Meta Analysis,ADHD,Wald ratio,1,0.05,0.022,1.051,0.0226,NA,NA,NA,0.070647382
FNIP2,Brain Meta Analysis,ADHD,Wald ratio,1,0.062,0.027,1.064,0.0226,NA,NA,NA,0.058498633
DAD1,Brain Meta Analysis,ADHD,Wald ratio,1,0.056,0.025,1.058,0.0227,NA,NA,NA,0.1303802
SNTB1,Brain Meta Analysis,ADHD,Weighted median,3,0.02,0.009,1.02,0.0228,0.068585167,0.16171814,0.806241067,0.034711748
CNTNAP4,Brain Meta Analysis,ADHD,Inverse variance weighted,2,0.017,0.008,1.017,0.0233,NA,0.436877106,NA,0.005560648
ZNF423,Brain Meta Analysis,ADHD,Weighted median,5,0.019,0.008,1.019,0.0233,0.541125912,0.571037277,0.445385211,0.01093726
LIPA,Brain Meta Analysis,ADHD,Inverse variance weighted,2,-0.046,0.02,0.955,0.0234,NA,0.712853353,NA,0.015852073
TRIO,Brain Meta Analysis,ADHD,Inverse variance weighted,2,-0.033,0.015,0.968,0.0239,NA,0.725172545,NA,0.018522661
DOK4,Brain Meta Analysis,ADHD,Wald ratio,1,-0.11,0.049,0.896,0.0241,NA,NA,NA,0.109477447
SLC35A3,Brain Meta Analysis,ADHD,Wald ratio,1,-0.041,0.018,0.96,0.0242,NA,NA,NA,0.124090767
RIMS1,Brain Meta Analysis,ADHD,Inverse variance weighted,2,-0.032,0.014,0.968,0.0243,NA,0.414504375,NA,0.009576724
FHIP2B,Brain Meta Analysis,ADHD,Wald ratio,1,-0.061,0.027,0.941,0.0244,NA,NA,NA,0.055359843
FAM234A,Brain Meta Analysis,ADHD,Wald ratio,1,0.082,0.037,1.086,0.0251,NA,NA,NA,0.09128319
MAGI2,Brain Meta Analysis,ADHD,Weighted median,5,0.018,0.008,1.018,0.0251,0.124866173,0.128237332,0.454293065,0.004845067
ARL8A,Brain Meta Analysis,ADHD,Wald ratio,1,-0.07,0.031,0.932,0.0252,NA,NA,NA,0.070778595
TSKU,Brain Meta Analysis,ADHD,Inverse variance weighted,2,-0.021,0.009,0.98,0.0257,NA,0.238618659,NA,0.05697504
CD160,Brain Meta Analysis,ADHD,Wald ratio,1,0.043,0.019,1.044,0.0261,NA,NA,NA,0.061412545
GRM4,Brain Meta Analysis,ADHD,Inverse variance weighted,2,-0.039,0.017,0.962,0.0262,NA,0.975921841,NA,0.016673642
DLGAP1,Brain Meta Analysis,ADHD,Wald ratio,1,0.038,0.017,1.039,0.0263,NA,NA,NA,0.05942609
ADGRL4,Brain Meta Analysis,ADHD,Wald ratio,1,-0.076,0.034,0.926,0.0263,NA,NA,NA,0.05942231
NRG4,Brain Meta Analysis,ADHD,Inverse variance weighted,2,0.016,0.007,1.016,0.0267,NA,0.286206586,NA,0.015058412
BMP1,Brain Meta Analysis,ADHD,Wald ratio,1,-0.074,0.033,0.929,0.0275,NA,NA,NA,0.066323586
IQCJ,Brain Meta Analysis,ADHD,Wald ratio,1,-0.048,0.022,0.953,0.0275,NA,NA,NA,0.057279925
ITGA9,Brain Meta Analysis,ADHD,Inverse variance weighted,2,-0.019,0.009,0.981,0.0275,NA,0.639205153,NA,0.005112546
SDC2,Brain Meta Analysis,ADHD,Wald ratio,1,-0.054,0.024,0.948,0.0278,NA,NA,NA,0.052829315
ELMO1,Brain Meta Analysis,ADHD,Inverse variance weighted,3,-0.039,0.018,0.962,0.0279,0.131836139,0.298914279,0.842715459,0.131831302
NREP,Brain Meta Analysis,ADHD,Wald ratio,1,-0.041,0.019,0.96,0.028,NA,NA,NA,0.072510727
C9,Brain Meta Analysis,ADHD,Wald ratio,1,-0.059,0.027,0.943,0.0285,NA,NA,NA,0.047897873
MLLT1,Brain Meta Analysis,ADHD,Wald ratio,1,-0.017,0.008,0.983,0.0288,NA,NA,NA,0.057546755
CNTN6,Brain Meta Analysis,ADHD,Inverse variance weighted,2,-0.05,0.023,0.952,0.0289,NA,0.838127213,NA,0.01837087
RBFOX1,Brain Meta Analysis,ADHD,Inverse variance weighted,9,0.01,0.005,1.01,0.029,0.584342267,0.659851921,0.623262996,0.007390758
SLC30A9,Brain Meta Analysis,ADHD,Wald ratio,1,0.052,0.024,1.054,0.0295,NA,NA,NA,0.111052181
SLC45A4,Brain Meta Analysis,ADHD,Inverse variance weighted,3,0.029,0.013,1.029,0.0295,0.542499772,0.822844982,0.912687518,0.007701188
IL1RL2,Brain Meta Analysis,ADHD,Wald ratio,1,-0.054,0.025,0.948,0.0297,NA,NA,NA,0.067384504
PTPRN2,Brain Meta Analysis,ADHD,Weighted median,10,0.026,0.012,1.026,0.0298,0.370913083,0.257660023,0.159985403,0.00513891
TG,Brain Meta Analysis,ADHD,Wald ratio,1,-0.039,0.018,0.962,0.0302,NA,NA,NA,0.00691629
MAK,Brain Meta Analysis,ADHD,Wald ratio,1,-0.06,0.028,0.942,0.0308,NA,NA,NA,0.058209441
NRDC,Brain Meta Analysis,ADHD,Wald ratio,1,-0.039,0.018,0.962,0.0309,NA,NA,NA,0.046175708
IQCE,Brain Meta Analysis,ADHD,Wald ratio,1,0.034,0.016,1.035,0.0311,NA,NA,NA,0.049588984
GCM1,Brain Meta Analysis,ADHD,Wald ratio,1,-0.021,0.01,0.98,0.0311,NA,NA,NA,0.049588984
EXTL1,Brain Meta Analysis,ADHD,Wald ratio,1,0.047,0.022,1.048,0.0312,NA,NA,NA,0.074930047
FAM172A,Brain Meta Analysis,ADHD,Wald ratio,1,-0.052,0.024,0.949,0.0314,NA,NA,NA,0.067267851
FAT3,Brain Meta Analysis,ADHD,Inverse variance weighted,2,-0.018,0.008,0.982,0.0315,NA,0.936979985,NA,0.011925527
EEFSEC,Brain Meta Analysis,ADHD,Wald ratio,1,0.016,0.008,1.017,0.0318,NA,NA,NA,0.045207882
CCDC149,Brain Meta Analysis,ADHD,Wald ratio,1,0.045,0.021,1.046,0.032,NA,NA,NA,0.045861388
PCDHGB7,Brain Meta Analysis,ADHD,Inverse variance weighted,2,0.044,0.021,1.045,0.032,NA,0.968043102,NA,0.002582552
PRKG2,Brain Meta Analysis,ADHD,Wald ratio,1,0.103,0.048,1.109,0.0321,NA,NA,NA,0.08069845
ITPR2,Brain Meta Analysis,ADHD,Inverse variance weighted,2,0.031,0.014,1.031,0.0323,NA,0.622548617,NA,0.008907655
CRISPLD2,Brain Meta Analysis,ADHD,Wald ratio,1,0.04,0.019,1.041,0.033,NA,NA,NA,0.045172261
AQP6,Brain Meta Analysis,ADHD,Wald ratio,1,-0.072,0.034,0.931,0.0333,NA,NA,NA,0.005662408
ZNF831,Brain Meta Analysis,ADHD,Wald ratio,1,-0.048,0.022,0.953,0.0338,NA,NA,NA,0.080547788
ARNT2,Brain Meta Analysis,ADHD,Wald ratio,1,0.045,0.021,1.046,0.034,NA,NA,NA,0.051945224
CACNA1E,Brain Meta Analysis,ADHD,Wald ratio,1,-0.049,0.023,0.952,0.0341,NA,NA,NA,0.041785093
TLK1,Brain Meta Analysis,ADHD,Wald ratio,1,-0.019,0.009,0.981,0.0348,NA,NA,NA,0.043662159
GABRA2,Brain Meta Analysis,ADHD,Wald ratio,1,0.046,0.022,1.047,0.0348,NA,NA,NA,0.04366214
BABAM1,Brain Meta Analysis,ADHD,Wald ratio,1,0.056,0.027,1.058,0.0349,NA,NA,NA,0.045333832
BANK1,Brain Meta Analysis,ADHD,Wald ratio,1,-0.049,0.023,0.953,0.0351,NA,NA,NA,0.041222227
ESRRB,Brain Meta Analysis,ADHD,Wald ratio,1,0.084,0.04,1.088,0.0353,NA,NA,NA,0.005830599
YWHAB,Brain Meta Analysis,ADHD,Wald ratio,1,0.048,0.023,1.049,0.0355,NA,NA,NA,0.046209519
NKX6-3,Brain Meta Analysis,ADHD,Wald ratio,1,0.045,0.021,1.046,0.0355,NA,NA,NA,0.103023141
MAML3,Brain Meta Analysis,ADHD,Weighted median,3,-0.013,0.006,0.987,0.0357,0.111143882,0.005994975,0.331856194,0.839842357
SERPINB10,Brain Meta Analysis,ADHD,Wald ratio,1,-0.182,0.087,0.834,0.0364,NA,NA,NA,0.139893318
RAPGEF5,Brain Meta Analysis,ADHD,Inverse variance weighted,2,0.046,0.022,1.047,0.0364,NA,0.462342115,NA,0.020760646
BARX2,Brain Meta Analysis,ADHD,Wald ratio,1,0.037,0.018,1.038,0.0365,NA,NA,NA,0.041951378
GRIA1,Brain Meta Analysis,ADHD,Wald ratio,1,-0.052,0.025,0.949,0.0365,NA,NA,NA,0.046244381
NPSR1,Brain Meta Analysis,ADHD,Wald ratio,1,-0.051,0.024,0.95,0.037,NA,NA,NA,0.03896621
LVRN,Brain Meta Analysis,ADHD,Wald ratio,1,-0.087,0.042,0.917,0.0372,NA,NA,NA,0.077980431
ATP2B4,Brain Meta Analysis,ADHD,Weighted median,3,-0.014,0.007,0.986,0.0384,0.265117202,0.455588021,0.696795769,0.006285721
ABCC3,Brain Meta Analysis,ADHD,Wald ratio,1,-0.042,0.02,0.959,0.0386,NA,NA,NA,0.041598352
RNF38,Brain Meta Analysis,ADHD,Wald ratio,1,0.042,0.02,1.043,0.0392,NA,NA,NA,0.044529675
SNX19,Brain Meta Analysis,ADHD,Wald ratio,1,-0.054,0.026,0.948,0.0395,NA,NA,NA,0.046768906
PHB1,Brain Meta Analysis,ADHD,Wald ratio,1,-0.079,0.039,0.924,0.0396,NA,NA,NA,0.045170596
MCPH1,Brain Meta Analysis,ADHD,Wald ratio,1,-0.05,0.024,0.951,0.0399,NA,NA,NA,0.049067745
WWTR1,Brain Meta Analysis,ADHD,Inverse variance weighted,2,0.036,0.018,1.037,0.04,NA,0.888133109,NA,0.021384007
TM9SF4,Brain Meta Analysis,ADHD,Wald ratio,1,-0.034,0.017,0.966,0.0403,NA,NA,NA,0.03873665
NEDD4,Brain Meta Analysis,ADHD,Wald ratio,1,-0.017,0.008,0.983,0.041,NA,NA,NA,0.044652768
ZIC4,Brain Meta Analysis,ADHD,Wald ratio,1,-0.057,0.028,0.944,0.0411,NA,NA,NA,0.03660746
CRIM1,Brain Meta Analysis,ADHD,Wald ratio,1,-0.041,0.02,0.96,0.0412,NA,NA,NA,0.036579667
NCK2,Brain Meta Analysis,ADHD,Wald ratio,1,-0.048,0.024,0.953,0.0422,NA,NA,NA,0.036538475
WASHC4,Brain Meta Analysis,ADHD,Wald ratio,1,0.016,0.008,1.016,0.0422,NA,NA,NA,0.036184053
ACOT11,Brain Meta Analysis,ADHD,Wald ratio,1,0.047,0.023,1.048,0.0423,NA,NA,NA,0.059559222
NCAPG2,Brain Meta Analysis,ADHD,Wald ratio,1,0.016,0.008,1.017,0.0425,NA,NA,NA,0.039531987
CMBL,Brain Meta Analysis,ADHD,Wald ratio,1,0.046,0.023,1.047,0.0433,NA,NA,NA,0.036170646
CCNJL,Brain Meta Analysis,ADHD,Wald ratio,1,-0.017,0.008,0.984,0.0434,NA,NA,NA,0.037487156
GABBR2,Brain Meta Analysis,ADHD,Inverse variance weighted,2,0.035,0.017,1.036,0.0438,NA,0.802815558,NA,0.013306834
VPS52,Brain Meta Analysis,ADHD,Wald ratio,1,0.043,0.021,1.044,0.0443,NA,NA,NA,0.033766383
CNGB1,Brain Meta Analysis,ADHD,Wald ratio,1,-0.048,0.024,0.953,0.0443,NA,NA,NA,0.03374784
BRINP1,Brain Meta Analysis,ADHD,Wald ratio,1,-0.052,0.026,0.95,0.0444,NA,NA,NA,0.0345667
TEX10,Brain Meta Analysis,ADHD,Wald ratio,1,0.06,0.03,1.062,0.0445,NA,NA,NA,0.037949205
PLEKHA2,Brain Meta Analysis,ADHD,Wald ratio,1,-0.044,0.022,0.957,0.0455,NA,NA,NA,0.035783196
ATP13A5,Brain Meta Analysis,ADHD,Wald ratio,1,-0.045,0.022,0.956,0.0455,NA,NA,NA,0.036092626
CUBN,Brain Meta Analysis,ADHD,Inverse variance weighted,3,-0.012,0.006,0.988,0.0458,0.098486582,0.234388217,0.84357998,0.01128383
ADAM32,Brain Meta Analysis,ADHD,Inverse variance weighted,2,-0.017,0.009,0.983,0.0461,NA,0.945117069,NA,0.029097402
SULT4A1,Brain Meta Analysis,ADHD,Wald ratio,1,0.015,0.008,1.015,0.0466,NA,NA,NA,0.035743513
PKP4,Brain Meta Analysis,ADHD,Wald ratio,1,-0.018,0.009,0.982,0.0466,NA,NA,NA,0.032733707
ATP12A,Brain Meta Analysis,ADHD,Wald ratio,1,0.032,0.016,1.033,0.0472,NA,NA,NA,0.063607937
P2RY6,Brain Meta Analysis,ADHD,Wald ratio,1,-0.04,0.02,0.961,0.0472,NA,NA,NA,0.042753313
ADAMTSL3,Brain Meta Analysis,ADHD,Wald ratio,1,0.016,0.008,1.017,0.0483,NA,NA,NA,0.040118634
SMC6,Brain Meta Analysis,ADHD,Wald ratio,1,0.052,0.026,1.053,0.0489,NA,NA,NA,0.039831142
FBXL18,Brain Meta Analysis,ADHD,Wald ratio,1,-0.054,0.027,0.948,0.049,NA,NA,NA,0.030867945
ANKS1A,Brain Meta Analysis,ADHD,Wald ratio,1,0.017,0.009,1.017,0.049,NA,NA,NA,0.032402277
AGPAT4,Brain Meta Analysis,ADHD,Inverse variance weighted,2,-0.05,0.025,0.952,0.049,NA,0.554149269,NA,0.018524999
MYO7A,Brain Meta Analysis,ADHD,Wald ratio,1,0.051,0.026,1.052,0.0491,NA,NA,NA,0.031184958
PLCE1,Brain Meta Analysis,ADHD,Wald ratio,1,-0.045,0.023,0.956,0.0491,NA,NA,NA,0.067207281
PAX8,Brain Meta Analysis,ADHD,Wald ratio,1,-0.037,0.019,0.964,0.0497,NA,NA,NA,0.034850663
PIP5K1C,Brain Meta Analysis,ADHD,Wald ratio,1,-0.049,0.025,0.953,0.0498,NA,NA,NA,0.034504794
IL23R,Brain Meta Analysis,ADHD,Wald ratio,1,0.015,0.008,1.015,0.0499,NA,NA,NA,0.033181522
TIGD5,Brain Meta Analysis,ADHD,Wald ratio,1,-0.058,0.03,0.944,0.05,NA,NA,NA,0.048035163
LMX1A,Brain Meta Analysis,ADHD,Inverse variance weighted,3,-0.016,0.008,0.984,0.0501,0.613308938,0.559142602,0.515473858,0.008847548
RAP1GAP,Brain Meta Analysis,ADHD,Wald ratio,1,0.036,0.018,1.037,0.0502,NA,NA,NA,0.031129477
CIZ1,Brain Meta Analysis,ADHD,Wald ratio,1,-0.019,0.01,0.981,0.0509,NA,NA,NA,0.033879017
GNB1L,Brain Meta Analysis,ADHD,Inverse variance weighted,2,0.031,0.016,1.032,0.0511,NA,0.993541299,NA,0.012466417
BEGAIN,Brain Meta Analysis,ADHD,Wald ratio,1,0.082,0.042,1.085,0.0513,NA,NA,NA,0.060143887
RFX7,Brain Meta Analysis,ADHD,Wald ratio,1,-0.036,0.018,0.965,0.0514,NA,NA,NA,0.030867849
STN1,Brain Meta Analysis,ADHD,Wald ratio,1,0.036,0.018,1.036,0.0515,NA,NA,NA,0.030505477
KCTD13,Brain Meta Analysis,ADHD,Wald ratio,1,-0.015,0.008,0.985,0.0515,NA,NA,NA,0.030492046
TMEM87B,Brain Meta Analysis,ADHD,Wald ratio,1,-0.04,0.021,0.96,0.0517,NA,NA,NA,0.035795078
BEND7,Brain Meta Analysis,ADHD,Wald ratio,1,-0.056,0.029,0.946,0.0517,NA,NA,NA,0.031340557
POP5,Brain Meta Analysis,ADHD,Wald ratio,1,0.026,0.013,1.026,0.0536,NA,NA,NA,0.039208764
NOL4,Brain Meta Analysis,ADHD,Wald ratio,1,0.015,0.008,1.015,0.0543,NA,NA,NA,0.028639636
LYRM9,Brain Meta Analysis,ADHD,Wald ratio,1,0.032,0.017,1.033,0.0543,NA,NA,NA,0.032463227
MUC5B,Brain Meta Analysis,ADHD,Wald ratio,1,0.069,0.036,1.071,0.0548,NA,NA,NA,0.037225874
GPC6,Brain Meta Analysis,ADHD,Inverse variance weighted,2,0.012,0.006,1.012,0.0548,NA,0.36517828,NA,0.009719491
PITPNM3,Brain Meta Analysis,ADHD,Wald ratio,1,-0.032,0.017,0.968,0.0548,NA,NA,NA,0.030461752
SCLT1,Brain Meta Analysis,ADHD,Wald ratio,1,-0.05,0.026,0.952,0.055,NA,NA,NA,0.029889058
ARHGEF17,Brain Meta Analysis,ADHD,Wald ratio,1,-0.059,0.031,0.943,0.055,NA,NA,NA,0.050559312
TOX3,Brain Meta Analysis,ADHD,Wald ratio,1,0.049,0.025,1.05,0.0552,NA,NA,NA,0.032775134
ACSM2A,Brain Meta Analysis,ADHD,Wald ratio,1,0.042,0.022,1.042,0.0552,NA,NA,NA,0.036323578
HMBOX1,Brain Meta Analysis,ADHD,Wald ratio,1,0.046,0.024,1.047,0.0553,NA,NA,NA,0.052376671
IGF2R,Brain Meta Analysis,ADHD,Wald ratio,1,-0.071,0.037,0.931,0.0554,NA,NA,NA,0.051808004
FGGY,Brain Meta Analysis,ADHD,Inverse variance weighted,2,-0.05,0.026,0.951,0.0559,NA,0.262318959,NA,0.008597973
MAP6,Brain Meta Analysis,ADHD,Wald ratio,1,0.015,0.008,1.015,0.056,NA,NA,NA,0.033344483
ADAMTS9,Brain Meta Analysis,ADHD,Inverse variance weighted,2,-0.03,0.016,0.97,0.0563,NA,0.361660144,NA,0.006398302
ZNF683,Brain Meta Analysis,ADHD,Wald ratio,1,-0.047,0.025,0.954,0.0563,NA,NA,NA,0.029489896
LETMD1,Brain Meta Analysis,ADHD,Wald ratio,1,-0.039,0.021,0.961,0.0566,NA,NA,NA,0.02854606
CLPTM1L,Brain Meta Analysis,ADHD,Wald ratio,1,-0.046,0.024,0.955,0.0575,NA,NA,NA,0.029002853
TSBP1,Brain Meta Analysis,ADHD,Wald ratio,1,-0.014,0.008,0.986,0.0581,NA,NA,NA,0.027664379
NTN4,Brain Meta Analysis,ADHD,Wald ratio,1,0.016,0.009,1.016,0.0583,NA,NA,NA,0.032290463
TTC7A,Brain Meta Analysis,ADHD,Wald ratio,1,0.038,0.02,1.038,0.0591,NA,NA,NA,0.014894766
RAB20,Brain Meta Analysis,ADHD,Wald ratio,1,0.04,0.021,1.041,0.0592,NA,NA,NA,0.030275176
IGFBP7,Brain Meta Analysis,ADHD,Wald ratio,1,0.03,0.016,1.03,0.0596,NA,NA,NA,0.027124056
MBNL2,Brain Meta Analysis,ADHD,Wald ratio,1,0.016,0.009,1.016,0.0596,NA,NA,NA,0.027124056
RGS17,Brain Meta Analysis,ADHD,Wald ratio,1,0.017,0.009,1.017,0.0597,NA,NA,NA,0.028967288
DACT2,Brain Meta Analysis,ADHD,Wald ratio,1,-0.041,0.022,0.96,0.0599,NA,NA,NA,0.033225101
PDZD2,Brain Meta Analysis,ADHD,Weighted median,3,-0.02,0.011,0.98,0.0601,0.047205855,0.083973332,0.70074483,0.028911254
VASH1,Brain Meta Analysis,ADHD,Wald ratio,1,-0.018,0.01,0.982,0.0602,NA,NA,NA,0.028260848
KNDC1,Brain Meta Analysis,ADHD,Wald ratio,1,-0.033,0.018,0.967,0.0605,NA,NA,NA,0.029769974
SYNPO2,Brain Meta Analysis,ADHD,Wald ratio,1,-0.048,0.026,0.953,0.0606,NA,NA,NA,0.029458287
LRRC8D,Brain Meta Analysis,ADHD,Wald ratio,1,0.038,0.02,1.038,0.0606,NA,NA,NA,0.017866319
C6orf132,Brain Meta Analysis,ADHD,Inverse variance weighted,2,0.025,0.014,1.026,0.0607,NA,0.861407681,NA,0.019483949
ITGB3,Brain Meta Analysis,ADHD,Inverse variance weighted,2,-0.016,0.008,0.984,0.0608,NA,0.352825283,NA,0.004734982
BMP7,Brain Meta Analysis,ADHD,Wald ratio,1,0.016,0.008,1.016,0.0613,NA,NA,NA,0.02594773
GRB10,Brain Meta Analysis,ADHD,Wald ratio,1,0.034,0.018,1.034,0.0614,NA,NA,NA,0.027794403
LRRC56,Brain Meta Analysis,ADHD,Wald ratio,1,-0.124,0.067,0.883,0.0615,NA,NA,NA,0.063922326
INPP4B,Brain Meta Analysis,ADHD,Inverse variance weighted,2,0.016,0.009,1.017,0.0618,NA,0.289986975,NA,0.011694463
ANK1,Brain Meta Analysis,ADHD,Inverse variance weighted,2,0.031,0.017,1.032,0.0618,NA,0.639277552,NA,0.02124174
EPB41L3,Brain Meta Analysis,ADHD,Wald ratio,1,0.016,0.009,1.016,0.0624,NA,NA,NA,0.026122217
TAFA2,Brain Meta Analysis,ADHD,Inverse variance weighted,2,0.038,0.02,1.039,0.0626,NA,0.705622445,NA,0.012414341
PLCXD2,Brain Meta Analysis,ADHD,Wald ratio,1,0.016,0.009,1.016,0.0629,NA,NA,NA,0.025441535
TRIM7,Brain Meta Analysis,ADHD,Wald ratio,1,-0.034,0.018,0.967,0.0632,NA,NA,NA,0.048043905
BNIP3L,Brain Meta Analysis,ADHD,Wald ratio,1,-0.015,0.008,0.985,0.0637,NA,NA,NA,0.027785549
C1QTNF9,Brain Meta Analysis,ADHD,Wald ratio,1,-0.049,0.026,0.952,0.0637,NA,NA,NA,0.027601898
LTBP3,Brain Meta Analysis,ADHD,Wald ratio,1,-0.049,0.027,0.952,0.0638,NA,NA,NA,0.033988854
MBLAC2,Brain Meta Analysis,ADHD,Wald ratio,1,-0.035,0.019,0.966,0.0639,NA,NA,NA,0.027437172
MRPL48,Brain Meta Analysis,ADHD,Wald ratio,1,-0.03,0.016,0.97,0.0641,NA,NA,NA,0.028934723
CACNG2,Brain Meta Analysis,ADHD,Wald ratio,1,0.063,0.034,1.065,0.0641,NA,NA,NA,0.028931709
AK4,Brain Meta Analysis,ADHD,Wald ratio,1,0.049,0.026,1.05,0.0644,NA,NA,NA,0.051070826
SLC35B4,Brain Meta Analysis,ADHD,Wald ratio,1,0.016,0.009,1.016,0.0644,NA,NA,NA,0.024940809
PCDHA1,Brain Meta Analysis,ADHD,Wald ratio,1,0.046,0.025,1.047,0.0646,NA,NA,NA,0.026364338
MALT1,Brain Meta Analysis,ADHD,Wald ratio,1,-0.014,0.008,0.986,0.0646,NA,NA,NA,0.026442183
FGF6,Brain Meta Analysis,ADHD,Wald ratio,1,-0.015,0.008,0.985,0.0648,NA,NA,NA,0.032704906
COP1,Brain Meta Analysis,ADHD,Wald ratio,1,-0.046,0.025,0.955,0.0651,NA,NA,NA,0.0448168
DHRS3,Brain Meta Analysis,ADHD,Wald ratio,1,-0.051,0.027,0.951,0.0651,NA,NA,NA,0.026814109
RAB27B,Brain Meta Analysis,ADHD,Wald ratio,1,-0.016,0.008,0.985,0.0652,NA,NA,NA,0.028777036
GABRG3,Brain Meta Analysis,ADHD,Wald ratio,1,-0.031,0.017,0.97,0.0655,NA,NA,NA,0.026651841
LIPI,Brain Meta Analysis,ADHD,Wald ratio,1,0.018,0.01,1.018,0.0656,NA,NA,NA,0.035841004
ADAMTS2,Brain Meta Analysis,ADHD,Inverse variance weighted,3,-0.014,0.008,0.986,0.0657,0.909516585,0.859846077,0.685938482,0.006511188
IPO11,Brain Meta Analysis,ADHD,Wald ratio,1,-0.014,0.008,0.986,0.0657,NA,NA,NA,0.024802704
PDE2A,Brain Meta Analysis,ADHD,Wald ratio,1,-0.047,0.026,0.954,0.0659,NA,NA,NA,0.042523934
HS3ST3A1,Brain Meta Analysis,ADHD,Wald ratio,1,-0.045,0.024,0.956,0.0667,NA,NA,NA,0.025017923
SGSM2,Brain Meta Analysis,ADHD,Inverse variance weighted,2,-0.033,0.018,0.968,0.0668,NA,0.760080428,NA,0.015910685
SBSPON,Brain Meta Analysis,ADHD,Wald ratio,1,0.047,0.026,1.048,0.0669,NA,NA,NA,0.061752883
TSPAN5,Brain Meta Analysis,ADHD,Wald ratio,1,0.041,0.022,1.042,0.0672,NA,NA,NA,0.025851169
ITSN1,Brain Meta Analysis,ADHD,Wald ratio,1,0.063,0.035,1.066,0.0673,NA,NA,NA,0.044116761
ILDR1,Brain Meta Analysis,ADHD,Wald ratio,1,0.068,0.037,1.071,0.0673,NA,NA,NA,0.024049719
TMEM245,Brain Meta Analysis,ADHD,Wald ratio,1,0.058,0.032,1.059,0.0674,NA,NA,NA,0.029990219
LEPR,Brain Meta Analysis,ADHD,Wald ratio,1,0.051,0.028,1.053,0.0675,NA,NA,NA,0.010666768
MAD1L1,Brain Meta Analysis,ADHD,Inverse variance weighted,2,-0.031,0.017,0.97,0.0676,NA,0.571933821,NA,0.018748144
TMPRSS4,Brain Meta Analysis,ADHD,Wald ratio,1,0.027,0.015,1.027,0.0678,NA,NA,NA,0.025191143
KCNQ1,Brain Meta Analysis,ADHD,Inverse variance weighted,5,0.024,0.013,1.024,0.0681,0.782062614,0.646008977,0.320080208,0.046869827
CAMK1D,Brain Meta Analysis,ADHD,Weighted median,3,-0.014,0.008,0.986,0.0686,0.005224542,0.020102887,0.973281408,0.013554679
SSBP2,Brain Meta Analysis,ADHD,Wald ratio,1,-0.038,0.021,0.963,0.0687,NA,NA,NA,0.041358089
GALNT16,Brain Meta Analysis,ADHD,Wald ratio,1,-0.046,0.025,0.955,0.0691,NA,NA,NA,0.027737711
VWC2,Brain Meta Analysis,ADHD,Wald ratio,1,-0.06,0.033,0.942,0.0691,NA,NA,NA,0.029016939
PIK3AP1,Brain Meta Analysis,ADHD,Wald ratio,1,-0.043,0.024,0.958,0.0694,NA,NA,NA,0.031166119
LAMB1,Brain Meta Analysis,ADHD,Wald ratio,1,0.035,0.019,1.035,0.0695,NA,NA,NA,0.023225765
DTNA,Brain Meta Analysis,ADHD,Wald ratio,1,0.037,0.02,1.038,0.0698,NA,NA,NA,0.034358095
LCT,Brain Meta Analysis,ADHD,Wald ratio,1,0.059,0.033,1.061,0.07,NA,NA,NA,0.032124019
GRK7,Brain Meta Analysis,ADHD,Wald ratio,1,-0.051,0.028,0.951,0.0705,NA,NA,NA,0.023457504
TSLP,Brain Meta Analysis,ADHD,Wald ratio,1,0.048,0.027,1.049,0.0707,NA,NA,NA,0.025337653
TUBB3,Brain Meta Analysis,ADHD,Wald ratio,1,0.048,0.027,1.049,0.0709,NA,NA,NA,0.023889162
B4GALNT3,Brain Meta Analysis,ADHD,Wald ratio,1,0.014,0.008,1.014,0.071,NA,NA,NA,0.024283225
ZCCHC24,Brain Meta Analysis,ADHD,Inverse variance weighted,2,-0.024,0.013,0.977,0.0711,NA,0.728508719,NA,0.017689512
CTIF,Brain Meta Analysis,ADHD,Weighted median,3,-0.015,0.008,0.985,0.0712,0.030751477,0.073808353,0.790225637,0.014899084
NKAIN2,Brain Meta Analysis,ADHD,Weighted median,4,-0.026,0.014,0.975,0.0717,0.000879926,0.002779727,0.959752956,0.010966609
ASAP2,Brain Meta Analysis,ADHD,Wald ratio,1,0.04,0.022,1.04,0.0723,NA,NA,NA,0.035457346
RAB39A,Brain Meta Analysis,ADHD,Wald ratio,1,-0.014,0.008,0.986,0.0724,NA,NA,NA,0.023888475
STUM,Brain Meta Analysis,ADHD,Wald ratio,1,0.031,0.017,1.032,0.0734,NA,NA,NA,0.033951176
CNTN1,Brain Meta Analysis,ADHD,Wald ratio,1,0.023,0.013,1.023,0.0736,NA,NA,NA,0.040907478
CLSTN2,Brain Meta Analysis,ADHD,Inverse variance weighted,2,-0.038,0.021,0.963,0.0738,NA,0.233934501,NA,0.096199926
JARID2,Brain Meta Analysis,ADHD,Wald ratio,1,-0.015,0.009,0.985,0.0739,NA,NA,NA,0.02582391
PSMD11,Brain Meta Analysis,ADHD,Wald ratio,1,0.048,0.027,1.049,0.0739,NA,NA,NA,0.022575175
LIMD1,Brain Meta Analysis,ADHD,Inverse variance weighted,2,0.032,0.018,1.032,0.0742,NA,0.802731425,NA,0.014155809
GAP43,Brain Meta Analysis,ADHD,Inverse variance weighted,2,-0.014,0.008,0.986,0.0742,NA,0.698499174,NA,0.010336495
IQUB,Brain Meta Analysis,ADHD,Wald ratio,1,0.041,0.023,1.042,0.0745,NA,NA,NA,0.057855823
RGS13,Brain Meta Analysis,ADHD,Wald ratio,1,-0.046,0.026,0.955,0.0748,NA,NA,NA,0.022749202
HIPK2,Brain Meta Analysis,ADHD,Wald ratio,1,-0.015,0.008,0.986,0.0751,NA,NA,NA,0.025722142
BRF1,Brain Meta Analysis,ADHD,Wald ratio,1,0.035,0.02,1.036,0.0753,NA,NA,NA,0.024541222
ZNF578,Brain Meta Analysis,ADHD,Wald ratio,1,0.034,0.019,1.034,0.0753,NA,NA,NA,0.036538892
ERICH1,Brain Meta Analysis,ADHD,Wald ratio,1,0.048,0.027,1.049,0.0757,NA,NA,NA,0.023400925
AP3M1,Brain Meta Analysis,ADHD,Wald ratio,1,-0.05,0.028,0.951,0.0762,NA,NA,NA,0.023686016
PARP11,Brain Meta Analysis,ADHD,Wald ratio,1,-0.046,0.026,0.955,0.0763,NA,NA,NA,0.033542045
SORBS2,Brain Meta Analysis,ADHD,Inverse variance weighted,2,-0.035,0.02,0.966,0.0768,NA,0.570022571,NA,0.008721968
CRTAP,Brain Meta Analysis,ADHD,Wald ratio,1,0.04,0.023,1.041,0.0772,NA,NA,NA,0.029453223
CCND2,Brain Meta Analysis,ADHD,Wald ratio,1,0.047,0.027,1.048,0.0775,NA,NA,NA,0.02118636
SEMA3A,Brain Meta Analysis,ADHD,Wald ratio,1,0.016,0.009,1.016,0.0775,NA,NA,NA,0.021753269
SUSD6,Brain Meta Analysis,ADHD,Inverse variance weighted,2,0.031,0.018,1.031,0.0777,NA,0.609897985,NA,0.014612815
CCDC33,Brain Meta Analysis,ADHD,Wald ratio,1,-0.026,0.015,0.974,0.0777,NA,NA,NA,0.039024261
RUBCNL,Brain Meta Analysis,ADHD,Wald ratio,1,-0.035,0.02,0.966,0.0783,NA,NA,NA,0.022889927
PSD3,Brain Meta Analysis,ADHD,Inverse variance weighted,2,-0.011,0.006,0.989,0.0784,NA,0.957637659,NA,0.024619299
CNDP1,Brain Meta Analysis,ADHD,Wald ratio,1,0.031,0.018,1.032,0.0788,NA,NA,NA,0.022560427
EIPR1,Brain Meta Analysis,ADHD,Inverse variance weighted,2,0.032,0.018,1.033,0.0799,NA,0.576873025,NA,0.017111401
B3GAT1,Brain Meta Analysis,ADHD,Wald ratio,1,0.037,0.021,1.038,0.0801,NA,NA,NA,0.025036015
DLG2,Brain Meta Analysis,ADHD,Inverse variance weighted,2,0.046,0.026,1.047,0.0803,NA,0.097532381,NA,0.009866019
DPYD,Brain Meta Analysis,ADHD,Wald ratio,1,-0.037,0.021,0.964,0.0805,NA,NA,NA,0.005163916
ELAPOR1,Brain Meta Analysis,ADHD,Wald ratio,1,0.046,0.027,1.047,0.0814,NA,NA,NA,0.035403233
TTC23L,Brain Meta Analysis,ADHD,Wald ratio,1,0.062,0.036,1.064,0.0815,NA,NA,NA,0.028120022
SEC11C,Brain Meta Analysis,ADHD,Wald ratio,1,-0.04,0.023,0.961,0.0818,NA,NA,NA,0.022108178
VPS41,Brain Meta Analysis,ADHD,Wald ratio,1,-0.045,0.026,0.956,0.0824,NA,NA,NA,0.020686507
ENTREP2,Brain Meta Analysis,ADHD,Inverse variance weighted,3,0.032,0.018,1.032,0.0825,0.984132,0.922771803,0.75752146,0.024353118
ELOVL4,Brain Meta Analysis,ADHD,Wald ratio,1,-0.041,0.024,0.96,0.0825,NA,NA,NA,0.02807143
AGO2,Brain Meta Analysis,ADHD,Wald ratio,1,0.047,0.027,1.048,0.083,NA,NA,NA,0.019814706
PLEKHA5,Brain Meta Analysis,ADHD,Wald ratio,1,-0.013,0.008,0.987,0.0835,NA,NA,NA,0.022594614
SHANK2,Brain Meta Analysis,ADHD,Inverse variance weighted,2,-0.03,0.017,0.97,0.0836,NA,0.462391801,NA,0.021739599
NPHP4,Brain Meta Analysis,ADHD,Wald ratio,1,0.044,0.026,1.045,0.0838,NA,NA,NA,0.020867768
PRR5L,Brain Meta Analysis,ADHD,Wald ratio,1,0.031,0.018,1.031,0.0844,NA,NA,NA,0.0088831
PSAPL1,Brain Meta Analysis,ADHD,Wald ratio,1,-0.042,0.024,0.959,0.0844,NA,NA,NA,0.026545327
PGBD5,Brain Meta Analysis,ADHD,Wald ratio,1,-0.016,0.009,0.984,0.0846,NA,NA,NA,0.021124098
SNN,Brain Meta Analysis,ADHD,Wald ratio,1,-0.033,0.019,0.968,0.0853,NA,NA,NA,0.019938117
TNPO3,Brain Meta Analysis,ADHD,Wald ratio,1,0.014,0.008,1.014,0.0856,NA,NA,NA,0.020510677
KCNK10,Brain Meta Analysis,ADHD,Inverse variance weighted,2,0.032,0.019,1.033,0.0857,NA,0.362630146,NA,0.00595326
ZSWIM4,Brain Meta Analysis,ADHD,Wald ratio,1,0.037,0.022,1.038,0.0859,NA,NA,NA,0.022509887
MEIS2,Brain Meta Analysis,ADHD,Wald ratio,1,-0.056,0.033,0.945,0.0869,NA,NA,NA,0.044282946
RGS8,Brain Meta Analysis,ADHD,Wald ratio,1,0.085,0.05,1.089,0.0873,NA,NA,NA,0.079465649
GMEB2,Brain Meta Analysis,ADHD,Wald ratio,1,0.056,0.033,1.057,0.0876,NA,NA,NA,0.025497613
TMEFF2,Brain Meta Analysis,ADHD,Inverse variance weighted,2,-0.027,0.016,0.973,0.0881,NA,0.270771483,NA,0.068199981
DOCK10,Brain Meta Analysis,ADHD,Wald ratio,1,0.016,0.009,1.016,0.0886,NA,NA,NA,0.020978157
ESR2,Brain Meta Analysis,ADHD,Wald ratio,1,0.014,0.008,1.014,0.0888,NA,NA,NA,0.019524613
TLE3,Brain Meta Analysis,ADHD,Wald ratio,1,0.029,0.017,1.029,0.0889,NA,NA,NA,0.020113296
CHST15,Brain Meta Analysis,ADHD,Wald ratio,1,0.051,0.03,1.052,0.0892,NA,NA,NA,0.019244382
LRRC69,Brain Meta Analysis,ADHD,Wald ratio,1,-0.058,0.034,0.944,0.0895,NA,NA,NA,0.043838954
CLEC3A,Brain Meta Analysis,ADHD,Wald ratio,1,0.025,0.015,1.025,0.0896,NA,NA,NA,0.019786652
SPRED3,Brain Meta Analysis,ADHD,Wald ratio,1,0.042,0.025,1.043,0.0896,NA,NA,NA,0.018802511
ABCB11,Brain Meta Analysis,ADHD,Wald ratio,1,-0.026,0.015,0.975,0.0899,NA,NA,NA,0.020930222
SLC4A4,Brain Meta Analysis,ADHD,Wald ratio,1,0.079,0.046,1.082,0.09,NA,NA,NA,0.04693562
RNF144A,Brain Meta Analysis,ADHD,Weighted median,3,-0.043,0.025,0.958,0.0903,0.026437966,0.062203934,0.781773922,0.019844523
ZNF257,Brain Meta Analysis,ADHD,Wald ratio,1,0.041,0.024,1.042,0.0907,NA,NA,NA,0.021760932
HSPA13,Brain Meta Analysis,ADHD,Wald ratio,1,-0.032,0.019,0.968,0.0907,NA,NA,NA,0.019201763
TXN2,Brain Meta Analysis,ADHD,Inverse variance weighted,2,0.028,0.017,1.028,0.0908,NA,0.535478083,NA,0.005432828
BUB3,Brain Meta Analysis,ADHD,Wald ratio,1,0.043,0.026,1.044,0.0913,NA,NA,NA,0.022239794
ATXN3,Brain Meta Analysis,ADHD,Wald ratio,1,-0.03,0.018,0.97,0.0913,NA,NA,NA,0.027650091
LUZP2,Brain Meta Analysis,ADHD,Inverse variance weighted,2,0.037,0.022,1.038,0.0915,NA,0.495107402,NA,0.007999653
CSMD1,Brain Meta Analysis,ADHD,Simple mode,11,0.019,0.01,1.019,0.0915,0.052610253,0.078379447,0.85839729,0.011708833
KIRREL3,Brain Meta Analysis,ADHD,Inverse variance weighted,2,0.01,0.006,1.01,0.0922,NA,0.715599673,NA,0.00816718
CYP4V2,Brain Meta Analysis,ADHD,Wald ratio,1,0.025,0.015,1.026,0.0932,NA,NA,NA,0.027602131
PHYKPL,Brain Meta Analysis,ADHD,Wald ratio,1,0.052,0.031,1.053,0.0932,NA,NA,NA,0.028427241
CADPS2,Brain Meta Analysis,ADHD,Inverse variance weighted,2,0.046,0.027,1.047,0.0935,NA,0.04448541,NA,0.010148043
MFGE8,Brain Meta Analysis,ADHD,Wald ratio,1,-0.052,0.031,0.95,0.0939,NA,NA,NA,0.044841488
AXIN1,Brain Meta Analysis,ADHD,Wald ratio,1,0.05,0.03,1.051,0.0946,NA,NA,NA,0.027782574
TCEA3,Brain Meta Analysis,ADHD,Wald ratio,1,0.054,0.032,1.055,0.0948,NA,NA,NA,0.047552494
ARHGAP15,Brain Meta Analysis,ADHD,Wald ratio,1,0.039,0.023,1.04,0.0949,NA,NA,NA,0.01910506
ABLIM2,Brain Meta Analysis,ADHD,Inverse variance weighted,4,0.01,0.006,1.01,0.095,0.751485189,0.559143878,0.346219712,0.024054504
PHACTR1,Brain Meta Analysis,ADHD,Inverse variance weighted,2,0.027,0.016,1.027,0.0954,NA,0.523456757,NA,0.005963218
SCARF2,Brain Meta Analysis,ADHD,Wald ratio,1,-0.016,0.009,0.985,0.0956,NA,NA,NA,0.02446059
TOP2B,Brain Meta Analysis,ADHD,Wald ratio,1,0.043,0.026,1.044,0.0956,NA,NA,NA,0.024457592
MGAT5B,Brain Meta Analysis,ADHD,Wald ratio,1,0.02,0.012,1.02,0.0956,NA,NA,NA,0.034314912
SLX9,Brain Meta Analysis,ADHD,Wald ratio,1,0.025,0.015,1.026,0.0961,NA,NA,NA,0.025846581
RUFY1,Brain Meta Analysis,ADHD,Wald ratio,1,-0.039,0.023,0.962,0.0962,NA,NA,NA,0.020219007
KCNG2,Brain Meta Analysis,ADHD,Wald ratio,1,-0.037,0.022,0.963,0.0964,NA,NA,NA,0.028885896
PRSS12,Brain Meta Analysis,ADHD,Wald ratio,1,0.034,0.02,1.034,0.0967,NA,NA,NA,0.023310028
BRINP2,Brain Meta Analysis,ADHD,Wald ratio,1,-0.017,0.01,0.983,0.0972,NA,NA,NA,0.024152381
HS3ST2,Brain Meta Analysis,ADHD,Inverse variance weighted,2,0.021,0.013,1.022,0.0974,NA,0.564386642,NA,0.037180089
SOCS6,Brain Meta Analysis,ADHD,Wald ratio,1,-0.046,0.028,0.955,0.0983,NA,NA,NA,0.025920438
TSC1,Brain Meta Analysis,ADHD,Wald ratio,1,0.012,0.008,1.013,0.0983,NA,NA,NA,0.028289845
RBMS2,Brain Meta Analysis,ADHD,Wald ratio,1,0.014,0.009,1.015,0.0983,NA,NA,NA,0.018203732
ODF1,Brain Meta Analysis,ADHD,Wald ratio,1,-0.013,0.008,0.987,0.099,NA,NA,NA,0.018477981
PDE6C,Brain Meta Analysis,ADHD,Wald ratio,1,-0.013,0.008,0.987,0.0992,NA,NA,NA,0.017899404
PLXNA2,Brain Meta Analysis,ADHD,Wald ratio,1,0.04,0.024,1.041,0.0992,NA,NA,NA,0.017899404
ITGB2,Brain Meta Analysis,ADHD,Wald ratio,1,-0.015,0.009,0.985,0.0993,NA,NA,NA,0.023560136
SLFN13,Brain Meta Analysis,ADHD,Wald ratio,1,-0.04,0.024,0.961,0.0995,NA,NA,NA,0.015923166
CACNG4,Brain Meta Analysis,ADHD,Wald ratio,1,0.05,0.03,1.051,0.1,NA,NA,NA,0.027505629
ADAR,Brain Meta Analysis,ADHD,Wald ratio,1,-0.014,0.008,0.986,0.1,NA,NA,NA,0.017597468
RARRES1,Brain Meta Analysis,ADHD,Wald ratio,1,-0.047,0.029,0.954,0.102,NA,NA,NA,0.026684752
ZRANB3,Brain Meta Analysis,ADHD,Wald ratio,1,0.105,0.064,1.111,0.102,NA,NA,NA,0.077234634
ARHGEF7,Brain Meta Analysis,ADHD,Wald ratio,1,-0.036,0.022,0.964,0.102,NA,NA,NA,0.018714735
CFAP77,Brain Meta Analysis,ADHD,Wald ratio,1,-0.041,0.025,0.96,0.103,NA,NA,NA,0.018148323
CCDC105,Brain Meta Analysis,ADHD,Wald ratio,1,0.043,0.026,1.044,0.103,NA,NA,NA,0.025205188
CELF2,Brain Meta Analysis,ADHD,Inverse variance weighted,2,0.018,0.011,1.018,0.103,NA,0.677969116,NA,0.009839843
DCDC1,Brain Meta Analysis,ADHD,Wald ratio,1,-0.014,0.008,0.986,0.103,NA,NA,NA,0.017884874
CMTM8,Brain Meta Analysis,ADHD,Wald ratio,1,0.049,0.03,1.05,0.104,NA,NA,NA,0.000826685
VSTM2B,Brain Meta Analysis,ADHD,Wald ratio,1,-0.055,0.034,0.946,0.104,NA,NA,NA,0.021001338
FGD4,Brain Meta Analysis,ADHD,Simple mode,3,-0.08,0.028,0.923,0.104,2.53E-05,0.000125979,0.930174946,0.076125866
SH3BGRL2,Brain Meta Analysis,ADHD,Wald ratio,1,-0.013,0.008,0.988,0.104,NA,NA,NA,0.017577576
CPED1,Brain Meta Analysis,ADHD,Wald ratio,1,0.043,0.026,1.044,0.104,NA,NA,NA,0.018349373
SLC18A1,Brain Meta Analysis,ADHD,Wald ratio,1,-0.034,0.021,0.966,0.105,NA,NA,NA,0.020142729
BMPR1B,Brain Meta Analysis,ADHD,Wald ratio,1,-0.036,0.022,0.964,0.105,NA,NA,NA,0.020972353
SLC15A4,Brain Meta Analysis,ADHD,Wald ratio,1,-0.014,0.009,0.986,0.106,NA,NA,NA,0.017570622
TECTA,Brain Meta Analysis,ADHD,Wald ratio,1,0.036,0.022,1.037,0.106,NA,NA,NA,0.020985757
CERS3,Brain Meta Analysis,ADHD,Wald ratio,1,-0.041,0.025,0.96,0.107,NA,NA,NA,0.022600096
SLIT2,Brain Meta Analysis,ADHD,Wald ratio,1,-0.018,0.011,0.982,0.107,NA,NA,NA,0.036245375
BEST3,Brain Meta Analysis,ADHD,Wald ratio,1,-0.027,0.017,0.973,0.108,NA,NA,NA,0.020422014
WDR86,Brain Meta Analysis,ADHD,Wald ratio,1,0.033,0.021,1.034,0.108,NA,NA,NA,0.017300296
PIK3CD,Brain Meta Analysis,ADHD,Inverse variance weighted,2,0.031,0.019,1.032,0.108,NA,0.600761396,NA,0.018552369
LTBP2,Brain Meta Analysis,ADHD,Inverse variance weighted,2,-0.031,0.019,0.969,0.108,NA,0.483274391,NA,0.048413406
TBC1D5,Brain Meta Analysis,ADHD,Wald ratio,1,-0.048,0.03,0.953,0.108,NA,NA,NA,0.016736035
TBC1D2,Brain Meta Analysis,ADHD,Wald ratio,1,0.027,0.017,1.028,0.108,NA,NA,NA,0.018435239
ADGB,Brain Meta Analysis,ADHD,Wald ratio,1,-0.045,0.028,0.956,0.109,NA,NA,NA,0.016162357
GRHL2,Brain Meta Analysis,ADHD,Wald ratio,1,-0.028,0.017,0.973,0.109,NA,NA,NA,0.040573951
KLF13,Brain Meta Analysis,ADHD,Inverse variance weighted,2,-0.016,0.01,0.984,0.109,NA,0.22903255,NA,0.009605827
ARHGAP18,Brain Meta Analysis,ADHD,Wald ratio,1,0.041,0.026,1.042,0.11,NA,NA,NA,0.019982813
SMAD7,Brain Meta Analysis,ADHD,Wald ratio,1,-0.015,0.009,0.985,0.11,NA,NA,NA,0.01788188
FAM124A,Brain Meta Analysis,ADHD,Wald ratio,1,0.013,0.008,1.013,0.11,NA,NA,NA,0.017866319
NRXN1,Brain Meta Analysis,ADHD,Weighted median,4,-0.025,0.016,0.975,0.11,0.064806597,0.11886907,0.744392969,0.015476634
ARMS2,Brain Meta Analysis,ADHD,Wald ratio,1,0.056,0.035,1.058,0.111,NA,NA,NA,0.027906057
NOS1AP,Brain Meta Analysis,ADHD,Wald ratio,1,-0.014,0.009,0.986,0.111,NA,NA,NA,0.016744394
PCDH15,Brain Meta Analysis,ADHD,Inverse variance weighted,2,-0.019,0.012,0.981,0.111,NA,0.794043813,NA,0.00966034
C4BPB,Brain Meta Analysis,ADHD,Wald ratio,1,0.041,0.025,1.041,0.111,NA,NA,NA,0.051243415
ABCB5,Brain Meta Analysis,ADHD,Wald ratio,1,0.013,0.008,1.013,0.112,NA,NA,NA,0.029311018
CACUL1,Brain Meta Analysis,ADHD,Wald ratio,1,0.071,0.044,1.073,0.112,NA,NA,NA,0.025143974
OR5H15,Brain Meta Analysis,ADHD,Wald ratio,1,0.025,0.016,1.025,0.112,NA,NA,NA,0.016445502
ARHGAP44,Brain Meta Analysis,ADHD,Wald ratio,1,0.025,0.016,1.025,0.112,NA,NA,NA,0.023259495
ADAMTS14,Brain Meta Analysis,ADHD,Wald ratio,1,0.039,0.024,1.04,0.113,NA,NA,NA,0.01899615
AARD,Brain Meta Analysis,ADHD,Wald ratio,1,-0.027,0.017,0.974,0.113,NA,NA,NA,0.018182326
ZNF318,Brain Meta Analysis,ADHD,Wald ratio,1,0.027,0.017,1.028,0.113,NA,NA,NA,0.026040567
NTN1,Brain Meta Analysis,ADHD,Weighted median,3,0.013,0.008,1.013,0.113,0.016539309,0.005515917,0.533390843,0.007423078
PTPN14,Brain Meta Analysis,ADHD,Inverse variance weighted,2,-0.03,0.019,0.97,0.114,NA,0.081590741,NA,0.439916407
WARS2,Brain Meta Analysis,ADHD,Wald ratio,1,0.034,0.021,1.034,0.114,NA,NA,NA,0.022430869
LNX1,Brain Meta Analysis,ADHD,Inverse variance weighted,2,0.019,0.012,1.02,0.115,NA,0.563111897,NA,0.007304868
CRTC1,Brain Meta Analysis,ADHD,Wald ratio,1,-0.033,0.021,0.968,0.115,NA,NA,NA,0.020195336
TRAPPC9,Brain Meta Analysis,ADHD,Inverse variance weighted,5,-0.014,0.009,0.986,0.115,0.443647437,0.518289264,0.508116897,0.007319776
AFF3,Brain Meta Analysis,ADHD,Wald ratio,1,-0.044,0.028,0.957,0.116,NA,NA,NA,0.017354429
UTRN,Brain Meta Analysis,ADHD,Wald ratio,1,0.03,0.019,1.03,0.116,NA,NA,NA,0.021898072
IVNS1ABP,Brain Meta Analysis,ADHD,Wald ratio,1,0.013,0.008,1.013,0.116,NA,NA,NA,0.016193208
MGAT5,Brain Meta Analysis,ADHD,Weighted median,3,-0.036,0.023,0.965,0.116,0.344936927,0.177784507,0.355483002,0.00073291
ROBO2,Brain Meta Analysis,ADHD,Wald ratio,1,-0.032,0.02,0.969,0.116,NA,NA,NA,0.018795669
RALB,Brain Meta Analysis,ADHD,Wald ratio,1,0.012,0.008,1.012,0.116,NA,NA,NA,0.024421376
TP53INP1,Brain Meta Analysis,ADHD,Wald ratio,1,0.032,0.021,1.033,0.116,NA,NA,NA,0.015644552
DNAAF9,Brain Meta Analysis,ADHD,Wald ratio,1,-0.043,0.028,0.958,0.116,NA,NA,NA,0.017928291
PIGG,Brain Meta Analysis,ADHD,Wald ratio,1,-0.088,0.056,0.916,0.117,NA,NA,NA,0.044473738
PRKN,Brain Meta Analysis,ADHD,Inverse variance weighted,3,-0.011,0.007,0.989,0.117,0.224090952,0.386500894,0.687186547,0.084998372
C2orf80,Brain Meta Analysis,ADHD,Wald ratio,1,0.051,0.033,1.053,0.117,NA,NA,NA,0.02135812
ZFHX3,Brain Meta Analysis,ADHD,Inverse variance weighted,2,-0.013,0.009,0.987,0.117,NA,0.413299851,NA,0.012639463
CPM,Brain Meta Analysis,ADHD,Wald ratio,1,-0.027,0.017,0.973,0.118,NA,NA,NA,0.021638895
NXPH2,Brain Meta Analysis,ADHD,Wald ratio,1,0.037,0.024,1.038,0.118,NA,NA,NA,0.015643107
CACNA1C,Brain Meta Analysis,ADHD,MR Egger,5,0.032,0.015,1.033,0.118,0.58765131,0.237036099,0.153887628,0.004882743
NMRK1,Brain Meta Analysis,ADHD,Wald ratio,1,-0.028,0.018,0.973,0.118,NA,NA,NA,0.015939562
PON1,Brain Meta Analysis,ADHD,Wald ratio,1,-0.024,0.015,0.976,0.118,NA,NA,NA,0.015939562
NEDD9,Brain Meta Analysis,ADHD,Wald ratio,1,-0.034,0.022,0.966,0.118,NA,NA,NA,0.018820978
C12orf42,Brain Meta Analysis,ADHD,Wald ratio,1,-0.025,0.016,0.975,0.119,NA,NA,NA,0.016534486
PCK1,Brain Meta Analysis,ADHD,Wald ratio,1,0.031,0.02,1.031,0.119,NA,NA,NA,0.017977942
FRAS1,Brain Meta Analysis,ADHD,Inverse variance weighted,3,0.009,0.006,1.009,0.119,0.430586215,0.628069564,0.677028843,0.005347725
SARAF,Brain Meta Analysis,ADHD,Wald ratio,1,0.012,0.008,1.012,0.119,NA,NA,NA,0.031590512
MCC,Brain Meta Analysis,ADHD,Wald ratio,1,-0.045,0.029,0.956,0.12,NA,NA,NA,0.015955649
RPTOR,Brain Meta Analysis,ADHD,Weighted median,4,-0.013,0.008,0.987,0.12,0.003924659,0.006538533,0.689689921,0.629042731
UST,Brain Meta Analysis,ADHD,Inverse variance weighted,2,0.024,0.016,1.024,0.12,NA,0.630381315,NA,0.018587258
CDH4,Brain Meta Analysis,ADHD,Inverse variance weighted,2,-0.028,0.018,0.973,0.12,NA,0.288541,NA,0.031501504
RASGRF2,Brain Meta Analysis,ADHD,Wald ratio,1,0.014,0.009,1.014,0.121,NA,NA,NA,0.017141656
NMNAT2,Brain Meta Analysis,ADHD,Wald ratio,1,0.06,0.039,1.062,0.121,NA,NA,NA,0.020548526
OPA3,Brain Meta Analysis,ADHD,Wald ratio,1,-0.058,0.038,0.943,0.121,NA,NA,NA,0.015604023
SPATA48,Brain Meta Analysis,ADHD,Wald ratio,1,0.036,0.023,1.037,0.121,NA,NA,NA,0.022828022
WNK2,Brain Meta Analysis,ADHD,Wald ratio,1,0.036,0.023,1.037,0.121,NA,NA,NA,0.021411753
GPANK1,Brain Meta Analysis,ADHD,Wald ratio,1,-0.023,0.015,0.977,0.122,NA,NA,NA,0.016863919
TRIM2,Brain Meta Analysis,ADHD,Wald ratio,1,-0.035,0.023,0.965,0.122,NA,NA,NA,0.015427893
NAV2,Brain Meta Analysis,ADHD,MR Egger,6,0.02,0.01,1.02,0.122,0.865980381,0.315634333,0.097748719,0.014889931
RPH3AL,Brain Meta Analysis,ADHD,Wald ratio,1,0.04,0.026,1.041,0.122,NA,NA,NA,0.016670623
KIF26A,Brain Meta Analysis,ADHD,Wald ratio,1,-0.034,0.022,0.966,0.122,NA,NA,NA,0.015710745
GALNT17,Brain Meta Analysis,ADHD,MR Egger,5,0.109,0.051,1.115,0.122,0.165772335,0.010071204,0.115532871,0.004649423
MSI2,Brain Meta Analysis,ADHD,Inverse variance weighted,5,0.015,0.01,1.016,0.123,0.92208885,0.584703755,0.222363208,0.006527651
AVP,Brain Meta Analysis,ADHD,Wald ratio,1,0.018,0.012,1.018,0.123,NA,NA,NA,0.016891745
MYOC,Brain Meta Analysis,ADHD,Wald ratio,1,0.027,0.018,1.028,0.123,NA,NA,NA,0.015448665
RAB40B,Brain Meta Analysis,ADHD,Wald ratio,1,-0.051,0.033,0.95,0.124,NA,NA,NA,0.022027902
CCDC102B,Brain Meta Analysis,ADHD,Wald ratio,1,0.061,0.04,1.063,0.124,NA,NA,NA,0.020049168
TENT5C,Brain Meta Analysis,ADHD,Wald ratio,1,0.017,0.011,1.018,0.124,NA,NA,NA,0.03653697
RASL12,Brain Meta Analysis,ADHD,Wald ratio,1,-0.035,0.022,0.966,0.124,NA,NA,NA,0.01980655
PDLIM5,Brain Meta Analysis,ADHD,Wald ratio,1,0.053,0.034,1.054,0.125,NA,NA,NA,0.015459878
GNAS,Brain Meta Analysis,ADHD,Weighted median,3,-0.027,0.017,0.974,0.125,0.985196197,0.116544892,0.286099679,0.015072429
C14orf119,Brain Meta Analysis,ADHD,Wald ratio,1,0.07,0.045,1.072,0.125,NA,NA,NA,0.043760449
SRGAP3,Brain Meta Analysis,ADHD,Weighted mode,3,0.043,0.017,1.044,0.125,0.204136446,0.139655027,0.442109929,0.005708608
UBE2L6,Brain Meta Analysis,ADHD,Wald ratio,1,-0.04,0.026,0.961,0.127,NA,NA,NA,0.013566068
ALAD,Brain Meta Analysis,ADHD,Wald ratio,1,-0.03,0.019,0.971,0.127,NA,NA,NA,0.020150254
HAUS6,Brain Meta Analysis,ADHD,Wald ratio,1,-0.013,0.009,0.987,0.127,NA,NA,NA,0.02101135
NPTX2,Brain Meta Analysis,ADHD,Wald ratio,1,0.022,0.014,1.022,0.127,NA,NA,NA,0.015539616
CCNK,Brain Meta Analysis,ADHD,Wald ratio,1,-0.044,0.029,0.957,0.128,NA,NA,NA,0.0140752
CTU1,Brain Meta Analysis,ADHD,Wald ratio,1,-0.033,0.022,0.967,0.128,NA,NA,NA,0.017868295
BACE2,Brain Meta Analysis,ADHD,Wald ratio,1,0.012,0.008,1.012,0.128,NA,NA,NA,0.015573532
GK2,Brain Meta Analysis,ADHD,Wald ratio,1,-0.026,0.017,0.974,0.129,NA,NA,NA,0.020501591
FXYD5,Brain Meta Analysis,ADHD,Wald ratio,1,0.025,0.017,1.026,0.129,NA,NA,NA,0.004487693
PDS5A,Brain Meta Analysis,ADHD,Wald ratio,1,0.012,0.008,1.012,0.129,NA,NA,NA,0.025030662
PMEPA1,Brain Meta Analysis,ADHD,Inverse variance weighted,2,-0.034,0.022,0.967,0.129,NA,0.579973875,NA,0.007592224
LIMA1,Brain Meta Analysis,ADHD,Wald ratio,1,-0.036,0.024,0.965,0.13,NA,NA,NA,0.01672991
PEX14,Brain Meta Analysis,ADHD,Inverse variance weighted,2,0.012,0.008,1.012,0.131,NA,0.291404573,NA,0.013240048
CNST,Brain Meta Analysis,ADHD,Wald ratio,1,-0.024,0.016,0.976,0.131,NA,NA,NA,0.027357136
ADAMTS19,Brain Meta Analysis,ADHD,Wald ratio,1,0.012,0.008,1.012,0.131,NA,NA,NA,0.020848912
AP4S1,Brain Meta Analysis,ADHD,Wald ratio,1,-0.013,0.009,0.987,0.131,NA,NA,NA,0.014446646
TRIM6,Brain Meta Analysis,ADHD,Wald ratio,1,0.039,0.026,1.04,0.131,NA,NA,NA,0.015036829
NID1,Brain Meta Analysis,ADHD,Wald ratio,1,0.063,0.042,1.065,0.132,NA,NA,NA,0.006802119
STRBP,Brain Meta Analysis,ADHD,Wald ratio,1,0.041,0.028,1.042,0.132,NA,NA,NA,0.023271216
CBLN2,Brain Meta Analysis,ADHD,Wald ratio,1,0.041,0.027,1.042,0.134,NA,NA,NA,0.017659183
TBC1D32,Brain Meta Analysis,ADHD,Wald ratio,1,0.068,0.045,1.07,0.134,NA,NA,NA,0.051281406
UNC5D,Brain Meta Analysis,ADHD,Wald ratio,1,0.057,0.038,1.059,0.134,NA,NA,NA,0.024643895
GPI,Brain Meta Analysis,ADHD,Wald ratio,1,-0.035,0.023,0.966,0.134,NA,NA,NA,0.017964928
ABCB4,Brain Meta Analysis,ADHD,Wald ratio,1,0.034,0.023,1.034,0.134,NA,NA,NA,0.018325977
ARHGEF38,Brain Meta Analysis,ADHD,Wald ratio,1,0.03,0.02,1.03,0.135,NA,NA,NA,0.017204206
FAM222A,Brain Meta Analysis,ADHD,Inverse variance weighted,2,0.023,0.015,1.023,0.135,NA,0.892582027,NA,0.023251504
CAB39,Brain Meta Analysis,ADHD,Wald ratio,1,0.055,0.037,1.056,0.136,NA,NA,NA,0.016650509
CTNNA2,Brain Meta Analysis,ADHD,Weighted median,4,0.009,0.006,1.009,0.136,0.442031931,0.596290753,0.664442153,0.011457945
MSRA,Brain Meta Analysis,ADHD,Wald ratio,1,-0.041,0.028,0.96,0.136,NA,NA,NA,0.013510955
MCF2L,Brain Meta Analysis,ADHD,Wald ratio,1,0.041,0.028,1.042,0.136,NA,NA,NA,0.021837927
CCN3,Brain Meta Analysis,ADHD,Wald ratio,1,-0.053,0.036,0.948,0.137,NA,NA,NA,0.04953513
RCCD1,Brain Meta Analysis,ADHD,Wald ratio,1,0.047,0.032,1.048,0.137,NA,NA,NA,0.016387811
ATP10A,Brain Meta Analysis,ADHD,MR Egger,4,-0.209,0.086,0.812,0.137,0.731283417,0.133056295,0.155591755,0.169242702
ADGRA1,Brain Meta Analysis,ADHD,Wald ratio,1,-0.033,0.022,0.967,0.138,NA,NA,NA,0.018772972
EXTL2,Brain Meta Analysis,ADHD,Wald ratio,1,-0.029,0.02,0.971,0.138,NA,NA,NA,0.0143261
P2RX6,Brain Meta Analysis,ADHD,Wald ratio,1,0.041,0.028,1.042,0.138,NA,NA,NA,0.025156117
DGKI,Brain Meta Analysis,ADHD,Inverse variance weighted,2,0.029,0.02,1.03,0.138,NA,0.494786482,NA,0.005452222
COL13A1,Brain Meta Analysis,ADHD,Simple mode,4,-0.061,0.031,0.941,0.139,0.362409411,0.00697496,0.087560117,0.005600148
DENND1A,Brain Meta Analysis,ADHD,Wald ratio,1,-0.054,0.037,0.947,0.139,NA,NA,NA,0.015899615
AMY2B,Brain Meta Analysis,ADHD,Wald ratio,1,-0.035,0.023,0.966,0.139,NA,NA,NA,0.029734188
EXOC2,Brain Meta Analysis,ADHD,Inverse variance weighted,4,-0.01,0.007,0.99,0.14,0.614318294,0.521864834,0.375741091,0.008102687
CMC1,Brain Meta Analysis,ADHD,Wald ratio,1,-0.038,0.026,0.962,0.14,NA,NA,NA,0.013679428
TNS3,Brain Meta Analysis,ADHD,Weighted median,4,-0.009,0.006,0.991,0.14,0.095174828,0.159906955,0.700414076,0.014698958
DPPA2,Brain Meta Analysis,ADHD,Wald ratio,1,0.04,0.027,1.04,0.141,NA,NA,NA,0.039025036
GPLD1,Brain Meta Analysis,ADHD,Wald ratio,1,0.022,0.015,1.022,0.141,NA,NA,NA,0.018601099
PRSS56,Brain Meta Analysis,ADHD,Wald ratio,1,-0.017,0.012,0.983,0.141,NA,NA,NA,0.020095903
PTGFRN,Brain Meta Analysis,ADHD,Wald ratio,1,-0.027,0.018,0.973,0.141,NA,NA,NA,0.020095903
CPLX1,Brain Meta Analysis,ADHD,Wald ratio,1,-0.035,0.024,0.965,0.141,NA,NA,NA,0.029956586
GABRB2,Brain Meta Analysis,ADHD,Wald ratio,1,-0.031,0.021,0.97,0.141,NA,NA,NA,0.014748756
SIPA1L2,Brain Meta Analysis,ADHD,Inverse variance weighted,2,0.012,0.008,1.013,0.142,NA,0.420679645,NA,0.005724252
LOXHD1,Brain Meta Analysis,ADHD,Wald ratio,1,0.026,0.018,1.026,0.143,NA,NA,NA,0.019887249
PDZD8,Brain Meta Analysis,ADHD,Wald ratio,1,0.03,0.02,1.03,0.143,NA,NA,NA,0.017809218
PLAAT1,Brain Meta Analysis,ADHD,Wald ratio,1,-0.05,0.034,0.951,0.144,NA,NA,NA,0.013315527
HOXA3,Brain Meta Analysis,ADHD,Wald ratio,1,-0.044,0.03,0.957,0.144,NA,NA,NA,0.007209593
USP42,Brain Meta Analysis,ADHD,Wald ratio,1,-0.029,0.02,0.971,0.144,NA,NA,NA,0.016942425
ANKRD55,Brain Meta Analysis,ADHD,Wald ratio,1,-0.03,0.021,0.97,0.144,NA,NA,NA,0.014853176
NRXN3,Brain Meta Analysis,ADHD,Inverse variance weighted,5,-0.01,0.007,0.99,0.145,0.66747267,0.674918738,0.445428049,0.029622911
HOXB8,Brain Meta Analysis,ADHD,Wald ratio,1,0.017,0.012,1.017,0.145,NA,NA,NA,0.023491936
EMCN,Brain Meta Analysis,ADHD,Wald ratio,1,0.04,0.027,1.041,0.145,NA,NA,NA,0.013357711
TLL1,Brain Meta Analysis,ADHD,Inverse variance weighted,2,-0.026,0.018,0.974,0.145,NA,0.951724357,NA,0.00667267
TRANK1,Brain Meta Analysis,ADHD,Wald ratio,1,0.011,0.008,1.011,0.146,NA,NA,NA,0.01523358
RAPGEF2,Brain Meta Analysis,ADHD,Wald ratio,1,0.011,0.008,1.011,0.146,NA,NA,NA,0.013421431
DYRK4,Brain Meta Analysis,ADHD,Inverse variance weighted,2,0.028,0.019,1.028,0.146,NA,0.532896981,NA,0.015475144
ANO3,Brain Meta Analysis,ADHD,Inverse variance weighted,2,-0.029,0.02,0.972,0.147,NA,0.196812532,NA,0.05119585
CTDSPL,Brain Meta Analysis,ADHD,Wald ratio,1,0.03,0.021,1.031,0.147,NA,NA,NA,0.015869162
TREML2,Brain Meta Analysis,ADHD,Wald ratio,1,0.037,0.025,1.038,0.147,NA,NA,NA,0.014185141
CDKN2AIP,Brain Meta Analysis,ADHD,Wald ratio,1,0.064,0.044,1.066,0.148,NA,NA,NA,0.039842013
MOCS1,Brain Meta Analysis,ADHD,Wald ratio,1,-0.039,0.027,0.961,0.148,NA,NA,NA,0.013168723
DCLK2,Brain Meta Analysis,ADHD,Wald ratio,1,0.042,0.029,1.042,0.148,NA,NA,NA,0.013158843
ZNF326,Brain Meta Analysis,ADHD,Wald ratio,1,-0.037,0.025,0.964,0.148,NA,NA,NA,0.01268737
TLL2,Brain Meta Analysis,ADHD,Inverse variance weighted,2,-0.012,0.009,0.988,0.149,NA,0.436864762,NA,0.015480887
FGD5,Brain Meta Analysis,ADHD,Wald ratio,1,0.037,0.026,1.038,0.15,NA,NA,NA,0.013158802
ANXA2,Brain Meta Analysis,ADHD,Inverse variance weighted,2,0.021,0.014,1.021,0.15,NA,0.522065214,NA,0.028605346
MASP1,Brain Meta Analysis,ADHD,Inverse variance weighted,2,0.025,0.017,1.025,0.151,NA,0.221592431,NA,0.072122
ANO2,Brain Meta Analysis,ADHD,Wald ratio,1,-0.042,0.029,0.959,0.151,NA,NA,NA,0.012968654
DNAI3,Brain Meta Analysis,ADHD,Wald ratio,1,-0.014,0.01,0.986,0.152,NA,NA,NA,0.017941581
SERPINF1,Brain Meta Analysis,ADHD,Wald ratio,1,0.04,0.028,1.04,0.152,NA,NA,NA,0.013671596
FCN1,Brain Meta Analysis,ADHD,Wald ratio,1,0.034,0.024,1.034,0.153,NA,NA,NA,0.015229541
DPYSL2,Brain Meta Analysis,ADHD,Wald ratio,1,-0.031,0.022,0.969,0.153,NA,NA,NA,0.02697086
PDGFD,Brain Meta Analysis,ADHD,Wald ratio,1,0.013,0.009,1.013,0.153,NA,NA,NA,0.020453912
PADI3,Brain Meta Analysis,ADHD,Wald ratio,1,-0.025,0.018,0.975,0.153,NA,NA,NA,0.014939513
CFAP299,Brain Meta Analysis,ADHD,Wald ratio,1,0.013,0.009,1.013,0.154,NA,NA,NA,0.014355176
INSYN2A,Brain Meta Analysis,ADHD,Inverse variance weighted,2,-0.024,0.017,0.976,0.154,NA,0.672474046,NA,0.010490753
ZNF146,Brain Meta Analysis,ADHD,Wald ratio,1,0.012,0.009,1.012,0.154,NA,NA,NA,0.01341575
KATNAL2,Brain Meta Analysis,ADHD,Wald ratio,1,-0.035,0.025,0.966,0.155,NA,NA,NA,0.032225765
THBS4,Brain Meta Analysis,ADHD,Wald ratio,1,-0.036,0.025,0.965,0.155,NA,NA,NA,0.013039006
ALPL,Brain Meta Analysis,ADHD,Wald ratio,1,0.013,0.009,1.013,0.155,NA,NA,NA,0.013129335
CRACR2A,Brain Meta Analysis,ADHD,Wald ratio,1,0.012,0.008,1.012,0.155,NA,NA,NA,0.017468399
DLGAP2,Brain Meta Analysis,ADHD,MR Egger,9,0.024,0.015,1.024,0.155,0.60984855,0.45934241,0.170933483,0.00943861
ANO4,Brain Meta Analysis,ADHD,Inverse variance weighted,2,0.01,0.007,1.01,0.155,NA,0.694488628,NA,0.00736287
CELA1,Brain Meta Analysis,ADHD,Wald ratio,1,-0.012,0.008,0.988,0.155,NA,NA,NA,0.013769853
CTNNBL1,Brain Meta Analysis,ADHD,Wald ratio,1,-0.012,0.008,0.988,0.156,NA,NA,NA,0.015030063
CYP27C1,Brain Meta Analysis,ADHD,Wald ratio,1,-0.011,0.008,0.989,0.156,NA,NA,NA,0.014108617
DEFA4,Brain Meta Analysis,ADHD,Wald ratio,1,-0.013,0.009,0.987,0.156,NA,NA,NA,0.013166731
ARL15,Brain Meta Analysis,ADHD,MR Egger,4,0.112,0.05,1.118,0.156,0.911932959,0.229727951,0.17927757,0.011963664
NCOA4,Brain Meta Analysis,ADHD,Wald ratio,1,-0.024,0.017,0.976,0.157,NA,NA,NA,0.012874537
NGF,Brain Meta Analysis,ADHD,Inverse variance weighted,2,0.011,0.007,1.011,0.157,NA,0.655535861,NA,0.010681644
SH3RF1,Brain Meta Analysis,ADHD,Wald ratio,1,-0.04,0.028,0.961,0.157,NA,NA,NA,0.030508947
MUC6,Brain Meta Analysis,ADHD,Wald ratio,1,-0.037,0.026,0.964,0.157,NA,NA,NA,0.017584009
MARCHF8,Brain Meta Analysis,ADHD,Wald ratio,1,-0.021,0.015,0.979,0.158,NA,NA,NA,0.01422107
ENPP6,Brain Meta Analysis,ADHD,Wald ratio,1,0.024,0.017,1.024,0.159,NA,NA,NA,0.013279752
PAQR8,Brain Meta Analysis,ADHD,Wald ratio,1,0.011,0.008,1.011,0.159,NA,NA,NA,0.013922024
ATXN1,Brain Meta Analysis,ADHD,Inverse variance weighted,2,0.027,0.019,1.027,0.159,NA,0.919297074,NA,0.007556207
CDK6,Brain Meta Analysis,ADHD,Wald ratio,1,-0.011,0.008,0.989,0.159,NA,NA,NA,0.012997229
TPRX1,Brain Meta Analysis,ADHD,Wald ratio,1,0.04,0.028,1.041,0.159,NA,NA,NA,0.012488237
CEP41,Brain Meta Analysis,ADHD,Wald ratio,1,0.025,0.018,1.026,0.159,NA,NA,NA,0.013637324
ICAM3,Brain Meta Analysis,ADHD,Wald ratio,1,-0.037,0.026,0.964,0.159,NA,NA,NA,0.014912219
IRAG1,Brain Meta Analysis,ADHD,Wald ratio,1,-0.013,0.009,0.988,0.16,NA,NA,NA,0.01269194
RNF220,Brain Meta Analysis,ADHD,Wald ratio,1,-0.035,0.025,0.966,0.16,NA,NA,NA,0.015256571
CEP164,Brain Meta Analysis,ADHD,Wald ratio,1,0.036,0.026,1.037,0.16,NA,NA,NA,0.014235243
NUP85,Brain Meta Analysis,ADHD,Wald ratio,1,0.03,0.021,1.03,0.161,NA,NA,NA,0.016228397
LRMDA,Brain Meta Analysis,ADHD,Inverse variance weighted,2,0.011,0.008,1.011,0.161,NA,0.958020397,NA,0.005731089
EFL1,Brain Meta Analysis,ADHD,Wald ratio,1,-0.038,0.027,0.962,0.161,NA,NA,NA,0.002031961
GLP2R,Brain Meta Analysis,ADHD,Wald ratio,1,0.028,0.02,1.028,0.161,NA,NA,NA,0.013102054
ATG5,Brain Meta Analysis,ADHD,Wald ratio,1,0.037,0.026,1.038,0.161,NA,NA,NA,0.021300923
CWC25,Brain Meta Analysis,ADHD,Wald ratio,1,0.081,0.058,1.084,0.162,NA,NA,NA,0.043767005
RELN,Brain Meta Analysis,ADHD,Inverse variance weighted,2,-0.016,0.012,0.984,0.162,NA,0.869100791,NA,0.008369428
DROSHA,Brain Meta Analysis,ADHD,Inverse variance weighted,2,0.038,0.027,1.039,0.163,NA,0.122610131,NA,0.022617438
BCL11B,Brain Meta Analysis,ADHD,Inverse variance weighted,2,-0.024,0.017,0.976,0.163,NA,0.183188802,NA,0.006684532
RNF150,Brain Meta Analysis,ADHD,Wald ratio,1,-0.019,0.013,0.981,0.163,NA,NA,NA,0.012871926
SASH1,Brain Meta Analysis,ADHD,Weighted median,3,-0.018,0.013,0.982,0.163,0.676891272,0.475917114,0.456988162,0.011889063
HTR2A,Brain Meta Analysis,ADHD,Wald ratio,1,0.015,0.01,1.015,0.164,NA,NA,NA,0.013853948
BTBD9,Brain Meta Analysis,ADHD,Inverse variance weighted,2,0.009,0.006,1.009,0.164,NA,0.768301508,NA,0.006457883
NEURL1,Brain Meta Analysis,ADHD,Wald ratio,1,0.027,0.02,1.028,0.164,NA,NA,NA,0.02518556
EXT1,Brain Meta Analysis,ADHD,Wald ratio,1,0.022,0.016,1.022,0.164,NA,NA,NA,0.014834418
AKR1E2,Brain Meta Analysis,ADHD,Wald ratio,1,-0.055,0.039,0.947,0.165,NA,NA,NA,0.018053324
KCNG1,Brain Meta Analysis,ADHD,Wald ratio,1,0.038,0.027,1.039,0.165,NA,NA,NA,0.012913748
AUTS2,Brain Meta Analysis,ADHD,Inverse variance weighted,2,-0.044,0.032,0.957,0.165,NA,0.091399666,NA,0.075791084
PPP3CC,Brain Meta Analysis,ADHD,Wald ratio,1,0.022,0.016,1.022,0.166,NA,NA,NA,0.011979005
PSME4,Brain Meta Analysis,ADHD,Wald ratio,1,0.032,0.023,1.032,0.166,NA,NA,NA,0.011977628
ELFN1,Brain Meta Analysis,ADHD,Wald ratio,1,-0.012,0.008,0.989,0.166,NA,NA,NA,0.020674305
YEATS2,Brain Meta Analysis,ADHD,Wald ratio,1,0.031,0.023,1.032,0.166,NA,NA,NA,0.021594401
QRICH2,Brain Meta Analysis,ADHD,Wald ratio,1,0.05,0.036,1.052,0.166,NA,NA,NA,0.012917452
RAD51B,Brain Meta Analysis,ADHD,Inverse variance weighted,2,0.011,0.008,1.011,0.166,NA,0.725411899,NA,0.009015217
ARL5C,Brain Meta Analysis,ADHD,Wald ratio,1,0.039,0.028,1.04,0.166,NA,NA,NA,0.013205617
PDIA6,Brain Meta Analysis,ADHD,Wald ratio,1,0.03,0.022,1.03,0.167,NA,NA,NA,0.012051115
NOS1,Brain Meta Analysis,ADHD,Inverse variance weighted,2,-0.019,0.014,0.981,0.167,NA,0.392903852,NA,0.007996064
ATG12,Brain Meta Analysis,ADHD,Wald ratio,1,0.024,0.018,1.025,0.167,NA,NA,NA,0.012394588
BDKRB1,Brain Meta Analysis,ADHD,Wald ratio,1,-0.011,0.008,0.989,0.167,NA,NA,NA,0.012393809
EVA1C,Brain Meta Analysis,ADHD,Wald ratio,1,-0.011,0.008,0.989,0.167,NA,NA,NA,0.012393809
SLC35F3,Brain Meta Analysis,ADHD,Inverse variance weighted,2,-0.01,0.007,0.99,0.167,NA,0.875005658,NA,0.00794583
GLI2,Brain Meta Analysis,ADHD,Weighted median,5,-0.018,0.013,0.982,0.167,0.895794678,0.96179982,0.932294207,0.006565311
GPX7,Brain Meta Analysis,ADHD,Wald ratio,1,0.021,0.015,1.021,0.168,NA,NA,NA,0.012109472
SLC13A5,Brain Meta Analysis,ADHD,Wald ratio,1,-0.028,0.02,0.972,0.168,NA,NA,NA,0.024637636
LRRC47,Brain Meta Analysis,ADHD,Wald ratio,1,-0.041,0.03,0.96,0.168,NA,NA,NA,0.015628257
GCNT2,Brain Meta Analysis,ADHD,Inverse variance weighted,2,-0.011,0.008,0.989,0.169,NA,0.731814672,NA,0.017093376
SDHB,Brain Meta Analysis,ADHD,Wald ratio,1,-0.02,0.015,0.98,0.169,NA,NA,NA,0.015480006
SNX29,Brain Meta Analysis,ADHD,MR Egger,6,-0.029,0.017,0.972,0.169,0.716001664,0.278430703,0.110101401,0.006275555
ABHD3,Brain Meta Analysis,ADHD,Wald ratio,1,0.012,0.009,1.012,0.17,NA,NA,NA,0.018738946
NR1I3,Brain Meta Analysis,ADHD,Wald ratio,1,0.045,0.033,1.046,0.17,NA,NA,NA,0.011875087
MTSS1,Brain Meta Analysis,ADHD,Inverse variance weighted,3,-0.01,0.007,0.99,0.17,0.894649833,0.495913293,0.448371259,0.005455389
ITGA2,Brain Meta Analysis,ADHD,Wald ratio,1,-0.031,0.022,0.97,0.17,NA,NA,NA,0.01186446
PDZRN3,Brain Meta Analysis,ADHD,Inverse variance weighted,2,0.009,0.006,1.009,0.17,NA,0.474457163,NA,0.014036693
MLLT3,Brain Meta Analysis,ADHD,Weighted median,3,0.02,0.015,1.02,0.17,0.168472846,0.213814255,0.573665587,0.013452397
MYH15,Brain Meta Analysis,ADHD,Wald ratio,1,-0.011,0.008,0.989,0.171,NA,NA,NA,0.012925319
CYP2E1,Brain Meta Analysis,ADHD,Wald ratio,1,0.045,0.033,1.046,0.171,NA,NA,NA,0.024302514
ZBTB16,Brain Meta Analysis,ADHD,Inverse variance weighted,3,0.011,0.008,1.011,0.172,0.482984804,0.710497547,0.737416518,0.010223788
COL4A2,Brain Meta Analysis,ADHD,Inverse variance weighted,3,-0.011,0.008,0.989,0.172,0.39520456,0.696491508,0.985336269,0.005072247
ABLIM3,Brain Meta Analysis,ADHD,Wald ratio,1,0.025,0.019,1.026,0.172,NA,NA,NA,0.011640978
HDAC4,Brain Meta Analysis,ADHD,Weighted median,3,-0.011,0.008,0.989,0.173,0.073166369,0.033040754,0.481367213,0.005960251
MTG2,Brain Meta Analysis,ADHD,Wald ratio,1,0.036,0.027,1.037,0.173,NA,NA,NA,0.012180564
GOPC,Brain Meta Analysis,ADHD,Wald ratio,1,-0.057,0.042,0.945,0.175,NA,NA,NA,0.023495899
MYO1B,Brain Meta Analysis,ADHD,Wald ratio,1,-0.012,0.009,0.988,0.175,NA,NA,NA,0.01211312
STAMBPL1,Brain Meta Analysis,ADHD,Wald ratio,1,0.03,0.022,1.03,0.175,NA,NA,NA,0.015839936
SVIL,Brain Meta Analysis,ADHD,Inverse variance weighted,2,0.035,0.026,1.036,0.175,NA,0.148380993,NA,0.124034783
PYROXD2,Brain Meta Analysis,ADHD,Wald ratio,1,-0.023,0.017,0.977,0.175,NA,NA,NA,0.012819898
EPHA10,Brain Meta Analysis,ADHD,Wald ratio,1,0.011,0.008,1.011,0.175,NA,NA,NA,0.01486262
CEP170,Brain Meta Analysis,ADHD,Wald ratio,1,-0.042,0.031,0.959,0.175,NA,NA,NA,0.013178276
IRF2,Brain Meta Analysis,ADHD,Weighted median,3,0.021,0.016,1.022,0.175,0.067572017,0.134831186,0.732595935,0.017822996
GNGT1,Brain Meta Analysis,ADHD,Wald ratio,1,-0.033,0.025,0.967,0.178,NA,NA,NA,0.013994914
STRADA,Brain Meta Analysis,ADHD,Wald ratio,1,-0.027,0.02,0.974,0.178,NA,NA,NA,0.01195673
PTGER4,Brain Meta Analysis,ADHD,Wald ratio,1,0.035,0.026,1.035,0.178,NA,NA,NA,0.011481691
GALR1,Brain Meta Analysis,ADHD,Wald ratio,1,0.025,0.019,1.026,0.178,NA,NA,NA,0.012300357
KLHDC8A,Brain Meta Analysis,ADHD,Wald ratio,1,-0.03,0.023,0.97,0.178,NA,NA,NA,0.012296671
TBC1D22A,Brain Meta Analysis,ADHD,Inverse variance weighted,2,-0.028,0.021,0.972,0.179,NA,0.902092924,NA,0.007049159
RPL13A,Brain Meta Analysis,ADHD,Wald ratio,1,0.028,0.021,1.029,0.179,NA,NA,NA,0.001589836
DISP3,Brain Meta Analysis,ADHD,Wald ratio,1,0.033,0.024,1.033,0.18,NA,NA,NA,0.015831741
FAM120A,Brain Meta Analysis,ADHD,Wald ratio,1,-0.029,0.022,0.971,0.181,NA,NA,NA,0.017304906
SMPDL3B,Brain Meta Analysis,ADHD,Wald ratio,1,0.012,0.009,1.012,0.181,NA,NA,NA,0.011798475
CHRM5,Brain Meta Analysis,ADHD,Wald ratio,1,0.012,0.009,1.012,0.181,NA,NA,NA,0.011798475
COL9A1,Brain Meta Analysis,ADHD,Wald ratio,1,-0.046,0.034,0.955,0.181,NA,NA,NA,0.005643558
SRBD1,Brain Meta Analysis,ADHD,Wald ratio,1,0.01,0.008,1.01,0.181,NA,NA,NA,0.011437973
ADCY3,Brain Meta Analysis,ADHD,Wald ratio,1,-0.034,0.026,0.966,0.181,NA,NA,NA,0.011707429
STAU2,Brain Meta Analysis,ADHD,Wald ratio,1,-0.052,0.039,0.95,0.182,NA,NA,NA,0.01360896
SLCO1A2,Brain Meta Analysis,ADHD,Wald ratio,1,0.024,0.018,1.025,0.182,NA,NA,NA,0.015713305
SLC12A7,Brain Meta Analysis,ADHD,Wald ratio,1,-0.03,0.022,0.971,0.183,NA,NA,NA,0.01290674
LDLRAD3,Brain Meta Analysis,ADHD,Weighted median,3,-0.018,0.014,0.982,0.183,0.004046847,0.007411424,0.740037472,0.026715225
NDRG1,Brain Meta Analysis,ADHD,Wald ratio,1,0.037,0.028,1.038,0.183,NA,NA,NA,0.013279752
PEPD,Brain Meta Analysis,ADHD,Wald ratio,1,-0.028,0.021,0.973,0.183,NA,NA,NA,0.012280359
CNTFR,Brain Meta Analysis,ADHD,Wald ratio,1,-0.052,0.039,0.95,0.184,NA,NA,NA,0.010911694
TMOD2,Brain Meta Analysis,ADHD,Wald ratio,1,0.028,0.021,1.028,0.184,NA,NA,NA,0.010857274
MBP,Brain Meta Analysis,ADHD,Inverse variance weighted,2,0.021,0.016,1.021,0.184,NA,0.537933436,NA,0.00680168
AGGF1,Brain Meta Analysis,ADHD,Wald ratio,1,-0.021,0.016,0.979,0.184,NA,NA,NA,0.012692666
HOMER1,Brain Meta Analysis,ADHD,Wald ratio,1,0.034,0.026,1.034,0.185,NA,NA,NA,0.011613244
SNCA,Brain Meta Analysis,ADHD,Wald ratio,1,-0.012,0.009,0.988,0.185,NA,NA,NA,0.010935346
POLR1A,Brain Meta Analysis,ADHD,Wald ratio,1,0.034,0.026,1.035,0.185,NA,NA,NA,0.013856511
PERM1,Brain Meta Analysis,ADHD,Wald ratio,1,0.045,0.034,1.046,0.185,NA,NA,NA,0.01369717
CERS6,Brain Meta Analysis,ADHD,Wald ratio,1,-0.018,0.014,0.982,0.185,NA,NA,NA,0.015986559
PDLIM2,Brain Meta Analysis,ADHD,Wald ratio,1,-0.037,0.028,0.964,0.186,NA,NA,NA,0.011650562
DIP2C,Brain Meta Analysis,ADHD,Wald ratio,1,-0.021,0.016,0.979,0.186,NA,NA,NA,0.011349078
CCDC85A,Brain Meta Analysis,ADHD,Inverse variance weighted,2,0.028,0.021,1.029,0.186,NA,0.245734585,NA,0.030425823
RASSF2,Brain Meta Analysis,ADHD,Wald ratio,1,-0.022,0.017,0.978,0.186,NA,NA,NA,0.011694463
PACRG,Brain Meta Analysis,ADHD,Inverse variance weighted,2,-0.011,0.008,0.989,0.186,NA,0.446177505,NA,0.007131345
FAT1,Brain Meta Analysis,ADHD,Inverse variance weighted,2,-0.012,0.009,0.988,0.186,NA,0.86283859,NA,0.005598698
CALR3,Brain Meta Analysis,ADHD,Wald ratio,1,-0.021,0.016,0.979,0.186,NA,NA,NA,0.020889894
ZNF148,Brain Meta Analysis,ADHD,Wald ratio,1,-0.011,0.008,0.989,0.186,NA,NA,NA,0.012828649
ADCY5,Brain Meta Analysis,ADHD,Wald ratio,1,0.023,0.017,1.023,0.187,NA,NA,NA,0.012897047
PBX1,Brain Meta Analysis,ADHD,Simple mode,4,-0.025,0.015,0.975,0.188,0.199494521,0.329918226,0.754739974,0.006743521
HTR5A,Brain Meta Analysis,ADHD,Wald ratio,1,0.029,0.022,1.029,0.188,NA,NA,NA,0.011831373
SLC13A3,Brain Meta Analysis,ADHD,Wald ratio,1,0.01,0.008,1.01,0.188,NA,NA,NA,0.011476535
TTC34,Brain Meta Analysis,ADHD,Wald ratio,1,-0.02,0.015,0.98,0.188,NA,NA,NA,0.010779582
TMEM51,Brain Meta Analysis,ADHD,Weighted median,3,0.008,0.006,1.008,0.189,0.424974953,0.084297247,0.285761789,0.039873489
FN1,Brain Meta Analysis,ADHD,Wald ratio,1,0.033,0.025,1.033,0.189,NA,NA,NA,0.012612331
LOXL2,Brain Meta Analysis,ADHD,Wald ratio,1,-0.036,0.028,0.964,0.19,NA,NA,NA,0.011873698
FTO,Brain Meta Analysis,ADHD,Inverse variance weighted,4,-0.011,0.008,0.989,0.19,0.377087206,0.579021163,0.906340794,0.005862004
STMN4,Brain Meta Analysis,ADHD,Wald ratio,1,-0.011,0.009,0.989,0.191,NA,NA,NA,0.010916233
C12orf56,Brain Meta Analysis,ADHD,Wald ratio,1,-0.042,0.032,0.959,0.191,NA,NA,NA,0.010915506
POMT2,Brain Meta Analysis,ADHD,Wald ratio,1,-0.027,0.021,0.974,0.191,NA,NA,NA,0.013508706
GAS7,Brain Meta Analysis,ADHD,MR Egger,5,-0.065,0.038,0.937,0.191,0.459998453,0.244927072,0.189631704,0.011913393
PARP14,Brain Meta Analysis,ADHD,Wald ratio,1,-0.015,0.011,0.985,0.192,NA,NA,NA,0.013930579
LSAMP,Brain Meta Analysis,ADHD,Weighted median,5,0.022,0.017,1.023,0.192,0.002791469,0.004651157,0.68502695,0.018284487
LCA5L,Brain Meta Analysis,ADHD,Wald ratio,1,0.02,0.015,1.02,0.192,NA,NA,NA,0.013227718
GMDS,Brain Meta Analysis,ADHD,Simple mode,6,0.027,0.018,1.027,0.192,0.030401232,0.050102233,0.72350004,0.045175676
C3orf20,Brain Meta Analysis,ADHD,Wald ratio,1,-0.047,0.036,0.954,0.192,NA,NA,NA,0.018339033
TMEM163,Brain Meta Analysis,ADHD,Wald ratio,1,0.01,0.008,1.01,0.192,NA,NA,NA,0.018337671
YPEL2,Brain Meta Analysis,ADHD,Wald ratio,1,0.031,0.024,1.032,0.193,NA,NA,NA,0.011394279
ZFHX4,Brain Meta Analysis,ADHD,Wald ratio,1,-0.037,0.028,0.964,0.193,NA,NA,NA,0.008599924
UTP23,Brain Meta Analysis,ADHD,Wald ratio,1,0.067,0.052,1.07,0.193,NA,NA,NA,0.025631953
RAB6B,Brain Meta Analysis,ADHD,Wald ratio,1,0.011,0.009,1.011,0.193,NA,NA,NA,0.011043269
SNRPA1,Brain Meta Analysis,ADHD,Wald ratio,1,0.038,0.029,1.038,0.193,NA,NA,NA,0.011711879
EPC2,Brain Meta Analysis,ADHD,Wald ratio,1,-0.023,0.018,0.977,0.194,NA,NA,NA,0.01634957
IMPDH1,Brain Meta Analysis,ADHD,Wald ratio,1,-0.037,0.028,0.964,0.195,NA,NA,NA,0.005602841
ZNF483,Brain Meta Analysis,ADHD,Wald ratio,1,0.045,0.035,1.046,0.195,NA,NA,NA,0.010829256
FNBP1,Brain Meta Analysis,ADHD,Wald ratio,1,0.12,0.093,1.127,0.195,NA,NA,NA,0.043032494
IL2RB,Brain Meta Analysis,ADHD,Wald ratio,1,0.023,0.018,1.024,0.196,NA,NA,NA,0.011255335
COPE,Brain Meta Analysis,ADHD,Wald ratio,1,0.032,0.025,1.033,0.196,NA,NA,NA,0.011251432
CGNL1,Brain Meta Analysis,ADHD,Inverse variance weighted,2,0.02,0.015,1.02,0.196,NA,0.264770095,NA,0.0295323
CLVS2,Brain Meta Analysis,ADHD,Wald ratio,1,-0.026,0.02,0.974,0.196,NA,NA,NA,0.011249778
C12orf43,Brain Meta Analysis,ADHD,Wald ratio,1,0.028,0.022,1.029,0.197,NA,NA,NA,0.01089525
FA2H,Brain Meta Analysis,ADHD,Wald ratio,1,-0.011,0.009,0.989,0.197,NA,NA,NA,0.011671608
GRK5,Brain Meta Analysis,ADHD,Inverse variance weighted,4,0.017,0.013,1.017,0.198,0.519409142,0.726712846,0.994022969,0.004833373
PSTPIP2,Brain Meta Analysis,ADHD,Wald ratio,1,0.023,0.018,1.023,0.198,NA,NA,NA,0.015225511
PTTG1IP,Brain Meta Analysis,ADHD,Wald ratio,1,-0.011,0.008,0.989,0.198,NA,NA,NA,0.017919707
MPHOSPH9,Brain Meta Analysis,ADHD,Wald ratio,1,0.028,0.022,1.029,0.199,NA,NA,NA,0.011037981
SLC2A5,Brain Meta Analysis,ADHD,Wald ratio,1,0.033,0.026,1.034,0.199,NA,NA,NA,0.013594194
AQP11,Brain Meta Analysis,ADHD,Wald ratio,1,0.011,0.008,1.011,0.199,NA,NA,NA,0.012230561
KIAA2012,Brain Meta Analysis,ADHD,Wald ratio,1,0.02,0.016,1.02,0.199,NA,NA,NA,0.01145505
BCL2L14,Brain Meta Analysis,ADHD,Wald ratio,1,-0.037,0.029,0.964,0.2,NA,NA,NA,0.011109984
NKX6-1,Brain Meta Analysis,ADHD,Wald ratio,1,0.033,0.026,1.034,0.2,NA,NA,NA,0.010963073
ARHGAP23,Brain Meta Analysis,ADHD,Wald ratio,1,-0.031,0.024,0.97,0.2,NA,NA,NA,0.011865405
NRGN,Brain Meta Analysis,ADHD,Wald ratio,1,-0.035,0.027,0.966,0.2,NA,NA,NA,0.010706882
EDN2,Brain Meta Analysis,ADHD,Wald ratio,1,0.051,0.04,1.052,0.2,NA,NA,NA,0.023237342
FH,Brain Meta Analysis,ADHD,Wald ratio,1,-0.031,0.024,0.97,0.2,NA,NA,NA,0.010741656
ST18,Brain Meta Analysis,ADHD,Wald ratio,1,-0.029,0.023,0.971,0.2,NA,NA,NA,0.011181854
ANGPT1,Brain Meta Analysis,ADHD,Wald ratio,1,-0.035,0.027,0.966,0.201,NA,NA,NA,0.011584107
OSBPL6,Brain Meta Analysis,ADHD,Wald ratio,1,0.026,0.02,1.026,0.201,NA,NA,NA,0.012371914
TEKT1,Brain Meta Analysis,ADHD,Wald ratio,1,-0.011,0.009,0.989,0.202,NA,NA,NA,0.010477331
ZNF354B,Brain Meta Analysis,ADHD,Wald ratio,1,-0.034,0.026,0.967,0.203,NA,NA,NA,0.010888101
RNF13,Brain Meta Analysis,ADHD,Wald ratio,1,-0.028,0.022,0.973,0.203,NA,NA,NA,0.011396763
GKAP1,Brain Meta Analysis,ADHD,Wald ratio,1,-0.011,0.009,0.989,0.204,NA,NA,NA,0.010610398
AFF4,Brain Meta Analysis,ADHD,Wald ratio,1,0.034,0.027,1.034,0.205,NA,NA,NA,0.00996501
GAB1,Brain Meta Analysis,ADHD,Wald ratio,1,-0.011,0.009,0.989,0.205,NA,NA,NA,0.010264544
RICTOR,Brain Meta Analysis,ADHD,Wald ratio,1,-0.049,0.039,0.952,0.205,NA,NA,NA,0.031086223
TAOK3,Brain Meta Analysis,ADHD,Wald ratio,1,0.025,0.02,1.025,0.205,NA,NA,NA,0.014325467
TPTE2,Brain Meta Analysis,ADHD,Wald ratio,1,-0.011,0.008,0.99,0.206,NA,NA,NA,0.01237269
ENAH,Brain Meta Analysis,ADHD,Wald ratio,1,0.018,0.014,1.018,0.206,NA,NA,NA,0.019957971
HS1BP3,Brain Meta Analysis,ADHD,Wald ratio,1,0.034,0.027,1.034,0.206,NA,NA,NA,0.011186578
RYR2,Brain Meta Analysis,ADHD,Weighted mode,3,-0.016,0.009,0.984,0.206,0.415471245,0.044889367,0.255679858,0.015648089
UBP1,Brain Meta Analysis,ADHD,Wald ratio,1,0.046,0.036,1.047,0.206,NA,NA,NA,0.012787348
SETD5,Brain Meta Analysis,ADHD,Wald ratio,1,0.03,0.024,1.031,0.206,NA,NA,NA,0.014360408
INSYN1,Brain Meta Analysis,ADHD,Wald ratio,1,0.042,0.034,1.043,0.207,NA,NA,NA,0.012441194
GPAT3,Brain Meta Analysis,ADHD,Wald ratio,1,-0.01,0.008,0.99,0.207,NA,NA,NA,0.010833359
ZDHHC2,Brain Meta Analysis,ADHD,Wald ratio,1,-0.026,0.021,0.974,0.207,NA,NA,NA,0.02008439
DISC1,Brain Meta Analysis,ADHD,Inverse variance weighted,2,-0.02,0.016,0.98,0.207,NA,0.27857522,NA,0.021554112
MBL2,Brain Meta Analysis,ADHD,Wald ratio,1,-0.011,0.009,0.989,0.207,NA,NA,NA,0.010483593
TBPL1,Brain Meta Analysis,ADHD,Wald ratio,1,-0.011,0.009,0.989,0.207,NA,NA,NA,0.010483593
TECPR2,Brain Meta Analysis,ADHD,Wald ratio,1,0.011,0.009,1.011,0.208,NA,NA,NA,0.01090348
COPA,Brain Meta Analysis,ADHD,Wald ratio,1,-0.039,0.031,0.962,0.208,NA,NA,NA,0.021767166
TXNRD1,Brain Meta Analysis,ADHD,Wald ratio,1,-0.011,0.009,0.989,0.208,NA,NA,NA,0.01175087
XPO7,Brain Meta Analysis,ADHD,Wald ratio,1,0.03,0.024,1.03,0.208,NA,NA,NA,0.010123024
SCFD1,Brain Meta Analysis,ADHD,Wald ratio,1,-0.025,0.02,0.975,0.209,NA,NA,NA,0.01223941
TAFA5,Brain Meta Analysis,ADHD,Wald ratio,1,-0.03,0.024,0.97,0.209,NA,NA,NA,0.016756245
FBXO32,Brain Meta Analysis,ADHD,Wald ratio,1,-0.032,0.025,0.969,0.209,NA,NA,NA,0.017162841
PDE4D,Brain Meta Analysis,ADHD,Inverse variance weighted,4,0.012,0.009,1.012,0.209,0.123906867,0.166837843,0.580446451,0.163051949
KCNIP4,Brain Meta Analysis,ADHD,Inverse variance weighted,4,-0.007,0.006,0.993,0.21,0.996709911,0.997736485,0.868038055,0.005379775
DNAJC6,Brain Meta Analysis,ADHD,Wald ratio,1,-0.02,0.016,0.98,0.211,NA,NA,NA,0.010347483
CLEC4F,Brain Meta Analysis,ADHD,Wald ratio,1,-0.042,0.034,0.959,0.212,NA,NA,NA,0.027626188
TNFSF4,Brain Meta Analysis,ADHD,Wald ratio,1,-0.01,0.008,0.99,0.213,NA,NA,NA,0.010914892
NUP214,Brain Meta Analysis,ADHD,Wald ratio,1,-0.011,0.009,0.989,0.213,NA,NA,NA,0.011753816
NINJ2,Brain Meta Analysis,ADHD,Wald ratio,1,-0.012,0.01,0.988,0.214,NA,NA,NA,0.013088812
AMPD3,Brain Meta Analysis,ADHD,Wald ratio,1,-0.03,0.024,0.971,0.214,NA,NA,NA,0.005665284
MRPL39,Brain Meta Analysis,ADHD,Wald ratio,1,0.023,0.019,1.024,0.214,NA,NA,NA,0.023593881
PLXDC2,Brain Meta Analysis,ADHD,Wald ratio,1,0.01,0.008,1.01,0.214,NA,NA,NA,0.009720246
PRKCA,Brain Meta Analysis,ADHD,Weighted median,8,-0.009,0.007,0.991,0.214,0.048187887,0.013515578,0.175680897,0.012614567
DYSF,Brain Meta Analysis,ADHD,Weighted median,3,0.01,0.008,1.011,0.215,0.072197205,0.153698731,0.758613002,0.012732004
STPG2,Brain Meta Analysis,ADHD,Wald ratio,1,0.01,0.008,1.01,0.215,NA,NA,NA,0.011064349
OR4D1,Brain Meta Analysis,ADHD,Wald ratio,1,-0.048,0.039,0.953,0.215,NA,NA,NA,0.011062219
SGCZ,Brain Meta Analysis,ADHD,Inverse variance weighted,3,-0.024,0.019,0.976,0.215,0.657798255,0.874032658,0.831933646,0.006466053
SPINK13,Brain Meta Analysis,ADHD,Wald ratio,1,0.059,0.047,1.061,0.215,NA,NA,NA,0.03403451
WDSUB1,Brain Meta Analysis,ADHD,Wald ratio,1,0.062,0.05,1.064,0.215,NA,NA,NA,0.022602106
LACTB,Brain Meta Analysis,ADHD,Wald ratio,1,0.024,0.02,1.024,0.216,NA,NA,NA,0.011554198
NHEJ1,Brain Meta Analysis,ADHD,Wald ratio,1,-0.031,0.025,0.969,0.216,NA,NA,NA,0.010670397
CNPY1,Brain Meta Analysis,ADHD,Wald ratio,1,0.027,0.022,1.027,0.216,NA,NA,NA,0.011127618
WWOX,Brain Meta Analysis,ADHD,MR Egger,5,-0.115,0.074,0.891,0.216,0.224104325,0.113489797,0.241388776,0.013376427
SLC36A3,Brain Meta Analysis,ADHD,Wald ratio,1,0.011,0.009,1.011,0.216,NA,NA,NA,0.009857345
PNPLA7,Brain Meta Analysis,ADHD,Wald ratio,1,-0.033,0.027,0.967,0.216,NA,NA,NA,0.013378569
PALD1,Brain Meta Analysis,ADHD,Wald ratio,1,0.01,0.008,1.01,0.217,NA,NA,NA,0.012124402
GPR85,Brain Meta Analysis,ADHD,Wald ratio,1,0.035,0.028,1.035,0.218,NA,NA,NA,0.01085838
CAMKK1,Brain Meta Analysis,ADHD,Wald ratio,1,0.025,0.02,1.025,0.218,NA,NA,NA,0.010008221
VWDE,Brain Meta Analysis,ADHD,Wald ratio,1,0.045,0.036,1.046,0.218,NA,NA,NA,0.009984388
TXLNB,Brain Meta Analysis,ADHD,Wald ratio,1,0.032,0.026,1.033,0.218,NA,NA,NA,0.010933772
PLXNA4,Brain Meta Analysis,ADHD,Inverse variance weighted,2,-0.009,0.007,0.991,0.219,NA,0.701297985,NA,0.004825025
MDGA2,Brain Meta Analysis,ADHD,Inverse variance weighted,2,0.022,0.018,1.022,0.219,NA,0.813930367,NA,0.010223046
WWP2,Brain Meta Analysis,ADHD,Wald ratio,1,0.032,0.026,1.032,0.219,NA,NA,NA,0.010822382
CCSER1,Brain Meta Analysis,ADHD,Wald ratio,1,0.019,0.015,1.019,0.22,NA,NA,NA,0.00965503
SCG5,Brain Meta Analysis,ADHD,Wald ratio,1,-0.03,0.025,0.97,0.22,NA,NA,NA,0.02500267
ESRRG,Brain Meta Analysis,ADHD,Inverse variance weighted,2,-0.014,0.011,0.986,0.22,NA,0.189084593,NA,0.03102804
CIDEA,Brain Meta Analysis,ADHD,Wald ratio,1,-0.025,0.02,0.975,0.22,NA,NA,NA,0.01333301
ATOH7,Brain Meta Analysis,ADHD,Wald ratio,1,0.011,0.009,1.011,0.22,NA,NA,NA,0.011073503
SESN1,Brain Meta Analysis,ADHD,Wald ratio,1,-0.037,0.03,0.964,0.221,NA,NA,NA,0.030671502
SNX32,Brain Meta Analysis,ADHD,Wald ratio,1,0.032,0.026,1.032,0.221,NA,NA,NA,0.001580651
UCK2,Brain Meta Analysis,ADHD,Wald ratio,1,0.011,0.009,1.011,0.221,NA,NA,NA,0.009803843
GRIN2A,Brain Meta Analysis,ADHD,Inverse variance weighted,2,0.031,0.025,1.031,0.222,NA,0.080380545,NA,0.152049417
THUMPD3,Brain Meta Analysis,ADHD,Inverse variance weighted,2,0.038,0.031,1.038,0.222,NA,0.057398358,NA,0.336293052
PLCL2,Brain Meta Analysis,ADHD,Wald ratio,1,0.032,0.026,1.033,0.223,NA,NA,NA,0.013622888
TC2N,Brain Meta Analysis,ADHD,Wald ratio,1,-0.02,0.016,0.98,0.223,NA,NA,NA,0.012714789
RUBCN,Brain Meta Analysis,ADHD,Wald ratio,1,-0.022,0.018,0.979,0.223,NA,NA,NA,0.016816523
MAST4,Brain Meta Analysis,ADHD,Weighted median,5,0.01,0.008,1.01,0.223,0.404478252,0.536285906,0.676260404,0.012525792
FOXN3,Brain Meta Analysis,ADHD,Inverse variance weighted,5,-0.009,0.007,0.991,0.223,0.965306315,0.991513458,0.974998776,0.005382199
LSMEM1,Brain Meta Analysis,ADHD,Wald ratio,1,-0.031,0.025,0.97,0.223,NA,NA,NA,0.00993389
MGAM2,Brain Meta Analysis,ADHD,Wald ratio,1,-0.022,0.018,0.978,0.223,NA,NA,NA,0.01369755
ROBO1,Brain Meta Analysis,ADHD,Inverse variance weighted,2,0.021,0.017,1.021,0.223,NA,0.448252472,NA,0.005358955
SPECC1,Brain Meta Analysis,ADHD,Wald ratio,1,0.026,0.022,1.027,0.224,NA,NA,NA,0.01675822
FBXL17,Brain Meta Analysis,ADHD,Inverse variance weighted,2,-0.02,0.016,0.981,0.224,NA,0.299225706,NA,0.004887806
TCP11L2,Brain Meta Analysis,ADHD,Wald ratio,1,0.025,0.021,1.026,0.224,NA,NA,NA,0.010032517
KLHL14,Brain Meta Analysis,ADHD,Wald ratio,1,-0.01,0.008,0.99,0.225,NA,NA,NA,0.009604149
RHOT1,Brain Meta Analysis,ADHD,Wald ratio,1,-0.035,0.029,0.966,0.225,NA,NA,NA,0.015528702
NRP2,Brain Meta Analysis,ADHD,Wald ratio,1,-0.011,0.009,0.989,0.225,NA,NA,NA,0.010603726
EBPL,Brain Meta Analysis,ADHD,Wald ratio,1,-0.032,0.026,0.969,0.225,NA,NA,NA,0.009593492
SSR1,Brain Meta Analysis,ADHD,Wald ratio,1,0.03,0.024,1.03,0.225,NA,NA,NA,0.009677851
ADAM7,Brain Meta Analysis,ADHD,Wald ratio,1,0.011,0.009,1.011,0.225,NA,NA,NA,0.010185462
TM4SF18,Brain Meta Analysis,ADHD,Wald ratio,1,0.027,0.022,1.027,0.226,NA,NA,NA,0.010180542
TOX4,Brain Meta Analysis,ADHD,Wald ratio,1,-0.029,0.024,0.971,0.226,NA,NA,NA,0.012589937
CD244,Brain Meta Analysis,ADHD,Wald ratio,1,-0.011,0.009,0.989,0.226,NA,NA,NA,0.009763964
CLYBL,Brain Meta Analysis,ADHD,Inverse variance weighted,3,-0.011,0.009,0.99,0.226,0.975224315,0.982461986,0.883213563,0.005917033
FGF14,Brain Meta Analysis,ADHD,Wald ratio,1,0.012,0.01,1.012,0.226,NA,NA,NA,0.01025422
FGR,Brain Meta Analysis,ADHD,Wald ratio,1,-0.087,0.072,0.917,0.227,NA,NA,NA,0.035823411
MFRP,Brain Meta Analysis,ADHD,Wald ratio,1,0.011,0.009,1.011,0.228,NA,NA,NA,0.009408557
DDX4,Brain Meta Analysis,ADHD,Wald ratio,1,0.03,0.025,1.031,0.228,NA,NA,NA,0.016984888
NAALADL2,Brain Meta Analysis,ADHD,Wald ratio,1,-0.012,0.01,0.988,0.228,NA,NA,NA,0.011899139
KCNMA1,Brain Meta Analysis,ADHD,Weighted median,6,-0.009,0.008,0.991,0.228,0.53247984,0.584673561,0.480083135,0.007007692
ELP2,Brain Meta Analysis,ADHD,Wald ratio,1,0.021,0.017,1.021,0.229,NA,NA,NA,0.009985986
NDFIP1,Brain Meta Analysis,ADHD,Wald ratio,1,0.01,0.009,1.011,0.229,NA,NA,NA,0.01147495
TCF7L2,Brain Meta Analysis,ADHD,Wald ratio,1,-0.031,0.026,0.969,0.229,NA,NA,NA,0.017831255
PLB1,Brain Meta Analysis,ADHD,Inverse variance weighted,2,0.009,0.008,1.009,0.229,NA,0.724807078,NA,0.013735619
STK35,Brain Meta Analysis,ADHD,Inverse variance weighted,2,-0.025,0.021,0.976,0.229,NA,0.365088762,NA,0.011600693
SHOX2,Brain Meta Analysis,ADHD,Wald ratio,1,0.04,0.033,1.041,0.23,NA,NA,NA,0.014507535
CAPSL,Brain Meta Analysis,ADHD,Wald ratio,1,0.011,0.009,1.011,0.23,NA,NA,NA,0.009643665
CFAP95,Brain Meta Analysis,ADHD,Wald ratio,1,0.031,0.026,1.032,0.23,NA,NA,NA,0.013340823
TENM2,Brain Meta Analysis,ADHD,Weighted median,4,0.021,0.018,1.022,0.23,0.179517745,0.292496027,0.720090456,0.006385274
RFX8,Brain Meta Analysis,ADHD,Wald ratio,1,-0.02,0.017,0.98,0.231,NA,NA,NA,0.010216404
EBF3,Brain Meta Analysis,ADHD,Inverse variance weighted,2,-0.035,0.029,0.966,0.231,NA,0.163994089,NA,0.006112674
MB21D2,Brain Meta Analysis,ADHD,Wald ratio,1,0.023,0.019,1.023,0.231,NA,NA,NA,0.009708891
TAB2,Brain Meta Analysis,ADHD,Wald ratio,1,0.029,0.024,1.029,0.231,NA,NA,NA,0.011463342
RNF165,Brain Meta Analysis,ADHD,Inverse variance weighted,2,0.018,0.015,1.019,0.231,NA,0.490242204,NA,0.010551851
ADGRL3,Brain Meta Analysis,ADHD,MR Egger,4,0.03,0.018,1.031,0.231,0.336212552,0.158621155,0.238623012,0.00943861
CD46,Brain Meta Analysis,ADHD,Wald ratio,1,0.01,0.008,1.01,0.232,NA,NA,NA,0.009290431
LPAR3,Brain Meta Analysis,ADHD,Wald ratio,1,0.026,0.022,1.026,0.232,NA,NA,NA,0.012350961
LTBP4,Brain Meta Analysis,ADHD,Wald ratio,1,0.026,0.022,1.026,0.233,NA,NA,NA,0.009863701
GLIS3,Brain Meta Analysis,ADHD,Wald ratio,1,-0.01,0.009,0.99,0.233,NA,NA,NA,0.009445569
XKR9,Brain Meta Analysis,ADHD,Wald ratio,1,0.027,0.023,1.027,0.234,NA,NA,NA,0.009438735
NRROS,Brain Meta Analysis,ADHD,Wald ratio,1,-0.03,0.025,0.97,0.234,NA,NA,NA,0.01048922
MYOCD,Brain Meta Analysis,ADHD,Wald ratio,1,-0.026,0.022,0.974,0.234,NA,NA,NA,0.010513914
CCDC91,Brain Meta Analysis,ADHD,Wald ratio,1,-0.028,0.023,0.973,0.235,NA,NA,NA,0.011162017
GRAMD2B,Brain Meta Analysis,ADHD,Wald ratio,1,-0.009,0.008,0.991,0.235,NA,NA,NA,0.010669077
ATP6V1A,Brain Meta Analysis,ADHD,Wald ratio,1,0.022,0.019,1.023,0.236,NA,NA,NA,0.009676039
FNDC1,Brain Meta Analysis,ADHD,Inverse variance weighted,2,-0.027,0.023,0.973,0.236,NA,0.173006524,NA,0.043011675
SLC28A1,Brain Meta Analysis,ADHD,Wald ratio,1,-0.026,0.022,0.974,0.236,NA,NA,NA,0.009666983
SACS,Brain Meta Analysis,ADHD,Inverse variance weighted,2,0.013,0.011,1.013,0.236,NA,0.342791231,NA,0.005102532
SEMA4D,Brain Meta Analysis,ADHD,Wald ratio,1,0.009,0.008,1.009,0.236,NA,NA,NA,0.00975123
MAD2L1,Brain Meta Analysis,ADHD,Wald ratio,1,-0.025,0.021,0.976,0.237,NA,NA,NA,0.009249084
CSMD2,Brain Meta Analysis,ADHD,Inverse variance weighted,3,0.021,0.018,1.021,0.237,0.740959419,0.147246945,0.304437187,0.004846589
C8orf34,Brain Meta Analysis,ADHD,Wald ratio,1,0.011,0.009,1.011,0.238,NA,NA,NA,0.009327162
MRO,Brain Meta Analysis,ADHD,Wald ratio,1,-0.061,0.052,0.941,0.238,NA,NA,NA,0.019850049
VSIG10L2,Brain Meta Analysis,ADHD,Wald ratio,1,0.02,0.017,1.02,0.238,NA,NA,NA,0.016256382
APBB2,Brain Meta Analysis,ADHD,Weighted median,4,-0.008,0.007,0.992,0.238,0.864344544,0.957370314,0.894633942,0.006382611
ENOPH1,Brain Meta Analysis,ADHD,Wald ratio,1,0.02,0.017,1.02,0.238,NA,NA,NA,0.015287721
MLXIPL,Brain Meta Analysis,ADHD,Wald ratio,1,0.03,0.026,1.031,0.239,NA,NA,NA,0.009758872
NUDT5,Brain Meta Analysis,ADHD,Wald ratio,1,0.011,0.009,1.011,0.239,NA,NA,NA,0.009483493
DGLUCY,Brain Meta Analysis,ADHD,Wald ratio,1,-0.022,0.019,0.978,0.24,NA,NA,NA,0.00897591
HPSE2,Brain Meta Analysis,ADHD,Wald ratio,1,-0.03,0.025,0.971,0.24,NA,NA,NA,0.010135281
COL5A1,Brain Meta Analysis,ADHD,Inverse variance weighted,2,0.011,0.009,1.011,0.24,NA,0.832100045,NA,0.005901872
NCAPH2,Brain Meta Analysis,ADHD,Wald ratio,1,0.029,0.025,1.029,0.24,NA,NA,NA,0.011240854
PDILT,Brain Meta Analysis,ADHD,Wald ratio,1,-0.01,0.008,0.99,0.241,NA,NA,NA,0.009134137
NUGGC,Brain Meta Analysis,ADHD,Wald ratio,1,-0.01,0.009,0.99,0.241,NA,NA,NA,0.009713077
ROR2,Brain Meta Analysis,ADHD,Wald ratio,1,0.031,0.027,1.032,0.242,NA,NA,NA,0.010854244
ETS1,Brain Meta Analysis,ADHD,Wald ratio,1,-0.026,0.023,0.974,0.242,NA,NA,NA,0.009210057
RAB8A,Brain Meta Analysis,ADHD,Wald ratio,1,-0.044,0.037,0.957,0.242,NA,NA,NA,0.009562838
JAKMIP1,Brain Meta Analysis,ADHD,MR Egger,3,-0.109,0.043,0.897,0.242,0.741137383,0.033784112,0.235240988,0.037065689
MTUS1,Brain Meta Analysis,ADHD,Inverse variance weighted,3,0.016,0.014,1.016,0.243,0.554044759,0.738648074,0.701929336,0.013711572
AJUBA,Brain Meta Analysis,ADHD,Wald ratio,1,0.017,0.014,1.017,0.243,NA,NA,NA,0.011087796
TUSC1,Brain Meta Analysis,ADHD,Wald ratio,1,-0.019,0.016,0.982,0.244,NA,NA,NA,0.009447111
DPP10,Brain Meta Analysis,ADHD,Weighted median,4,-0.009,0.008,0.991,0.244,0.000272447,0.00012466,0.547348568,0.007487686
CLCN6,Brain Meta Analysis,ADHD,Wald ratio,1,-0.009,0.007,0.991,0.244,NA,NA,NA,0.014092222
EPC1,Brain Meta Analysis,ADHD,Wald ratio,1,-0.044,0.038,0.957,0.244,NA,NA,NA,0.012945914
VAT1L,Brain Meta Analysis,ADHD,Weighted median,3,-0.025,0.021,0.976,0.245,0.815694324,0.866452218,0.714042687,0.00659008
CABLES2,Brain Meta Analysis,ADHD,Wald ratio,1,-0.022,0.019,0.978,0.245,NA,NA,NA,0.011242016
LAMA2,Brain Meta Analysis,ADHD,Weighted median,3,0.013,0.012,1.014,0.245,0.167950985,0.369728195,0.864469544,0.005056087
IFNGR2,Brain Meta Analysis,ADHD,Wald ratio,1,0.031,0.027,1.032,0.245,NA,NA,NA,0.01311185
ADAMTS17,Brain Meta Analysis,ADHD,Inverse variance weighted,2,-0.021,0.018,0.979,0.245,NA,0.195593334,NA,0.004886068
PHF21A,Brain Meta Analysis,ADHD,Wald ratio,1,0.027,0.023,1.027,0.245,NA,NA,NA,0.010162841
SIGLEC15,Brain Meta Analysis,ADHD,Wald ratio,1,0.023,0.02,1.023,0.246,NA,NA,NA,0.014315098
TAF1C,Brain Meta Analysis,ADHD,Inverse variance weighted,2,-0.01,0.009,0.99,0.246,NA,0.244799425,NA,0.007369883
CPZ,Brain Meta Analysis,ADHD,Wald ratio,1,-0.018,0.016,0.982,0.246,NA,NA,NA,0.012619478
SH3PXD2A,Brain Meta Analysis,ADHD,Inverse variance weighted,2,-0.008,0.007,0.992,0.246,NA,0.790446673,NA,0.008086809
CLIP3,Brain Meta Analysis,ADHD,Wald ratio,1,-0.03,0.026,0.97,0.246,NA,NA,NA,0.00901745
DCLK1,Brain Meta Analysis,ADHD,Inverse variance weighted,2,0.023,0.02,1.023,0.247,NA,0.808646169,NA,0.012215597
KLC1,Brain Meta Analysis,ADHD,Wald ratio,1,-0.031,0.026,0.97,0.247,NA,NA,NA,0.008869081
PLEKHG3,Brain Meta Analysis,ADHD,Wald ratio,1,0.037,0.032,1.038,0.247,NA,NA,NA,0.012766017
LPA,Brain Meta Analysis,ADHD,Wald ratio,1,0.036,0.031,1.037,0.247,NA,NA,NA,0.010403019
SOCS7,Brain Meta Analysis,ADHD,Wald ratio,1,0.024,0.02,1.024,0.247,NA,NA,NA,0.014613493
LEXM,Brain Meta Analysis,ADHD,Wald ratio,1,-0.021,0.018,0.98,0.248,NA,NA,NA,0.009255835
TTL,Brain Meta Analysis,ADHD,Wald ratio,1,0.025,0.022,1.025,0.248,NA,NA,NA,0.009252148
ZNF300,Brain Meta Analysis,ADHD,Wald ratio,1,-0.024,0.021,0.976,0.249,NA,NA,NA,0.009405493
LPIN1,Brain Meta Analysis,ADHD,Wald ratio,1,-0.01,0.009,0.99,0.249,NA,NA,NA,0.009405502
PKP1,Brain Meta Analysis,ADHD,Wald ratio,1,-0.035,0.03,0.966,0.249,NA,NA,NA,0.00883669
AKAP12,Brain Meta Analysis,ADHD,Wald ratio,1,-0.013,0.011,0.987,0.249,NA,NA,NA,0.016200671
SIRT5,Brain Meta Analysis,ADHD,Wald ratio,1,0.032,0.028,1.032,0.249,NA,NA,NA,0.008820013
RPRD1A,Brain Meta Analysis,ADHD,Wald ratio,1,-0.015,0.013,0.985,0.249,NA,NA,NA,0.011931957
MED1,Brain Meta Analysis,ADHD,Wald ratio,1,0.015,0.013,1.016,0.25,NA,NA,NA,0.010710584
FAM166C,Brain Meta Analysis,ADHD,Wald ratio,1,-0.025,0.021,0.976,0.25,NA,NA,NA,0.008907601
DCAKD,Brain Meta Analysis,ADHD,Wald ratio,1,-0.023,0.02,0.977,0.251,NA,NA,NA,0.008990577
ASS1,Brain Meta Analysis,ADHD,Wald ratio,1,0.02,0.018,1.021,0.251,NA,NA,NA,0.013379025
PYCR2,Brain Meta Analysis,ADHD,Wald ratio,1,0.016,0.014,1.016,0.251,NA,NA,NA,0.013459985
APOB,Brain Meta Analysis,ADHD,Wald ratio,1,-0.023,0.02,0.977,0.251,NA,NA,NA,0.009066232
GALNT18,Brain Meta Analysis,ADHD,Simple mode,3,-0.034,0.021,0.967,0.251,0.47626781,0.03624119,0.244414386,0.008218856
SLC25A10,Brain Meta Analysis,ADHD,Wald ratio,1,-0.028,0.024,0.972,0.251,NA,NA,NA,0.012887979
GLT1D1,Brain Meta Analysis,ADHD,Inverse variance weighted,2,0.015,0.013,1.015,0.252,NA,0.601760354,NA,0.007810987
XYLT1,Brain Meta Analysis,ADHD,Inverse variance weighted,2,-0.012,0.01,0.988,0.252,NA,0.191878179,NA,0.006898426
ZNF740,Brain Meta Analysis,ADHD,Wald ratio,1,-0.064,0.056,0.938,0.253,NA,NA,NA,0.030756792
KCNF1,Brain Meta Analysis,ADHD,Wald ratio,1,-0.025,0.022,0.976,0.253,NA,NA,NA,0.009304311
FUT6,Brain Meta Analysis,ADHD,Wald ratio,1,-0.025,0.021,0.976,0.253,NA,NA,NA,0.013195013
FGF12,Brain Meta Analysis,ADHD,Wald ratio,1,-0.039,0.034,0.962,0.254,NA,NA,NA,0.009462698
PROKR2,Brain Meta Analysis,ADHD,Wald ratio,1,0.028,0.024,1.028,0.254,NA,NA,NA,0.00880272
GDPD4,Brain Meta Analysis,ADHD,Wald ratio,1,0.078,0.068,1.081,0.254,NA,NA,NA,0.041216152
SPRR3,Brain Meta Analysis,ADHD,Wald ratio,1,-0.031,0.028,0.969,0.255,NA,NA,NA,0.008188084
FAM221A,Brain Meta Analysis,ADHD,Wald ratio,1,-0.027,0.024,0.973,0.255,NA,NA,NA,0.00888419
COL14A1,Brain Meta Analysis,ADHD,Wald ratio,1,-0.009,0.008,0.991,0.256,NA,NA,NA,0.008961519
THEGL,Brain Meta Analysis,ADHD,Wald ratio,1,0.033,0.029,1.033,0.256,NA,NA,NA,0.013727434
LINGO2,Brain Meta Analysis,ADHD,Wald ratio,1,-0.02,0.018,0.98,0.256,NA,NA,NA,0.009690875
CEBPE,Brain Meta Analysis,ADHD,Wald ratio,1,0.029,0.026,1.03,0.256,NA,NA,NA,0.010778638
RUNX3,Brain Meta Analysis,ADHD,Wald ratio,1,-0.035,0.031,0.965,0.256,NA,NA,NA,0.010144378
RIDA,Brain Meta Analysis,ADHD,Wald ratio,1,-0.011,0.01,0.989,0.256,NA,NA,NA,0.010423864
HACD3,Brain Meta Analysis,ADHD,Wald ratio,1,-0.029,0.026,0.971,0.257,NA,NA,NA,0.014803569
CNTN4,Brain Meta Analysis,ADHD,Simple mode,5,0.019,0.015,1.02,0.258,0.303392552,0.212180218,0.271281557,0.009445871
SYT9,Brain Meta Analysis,ADHD,Wald ratio,1,0.018,0.016,1.018,0.259,NA,NA,NA,0.009348349
MACIR,Brain Meta Analysis,ADHD,Wald ratio,1,0.01,0.009,1.01,0.259,NA,NA,NA,0.009436109
PDZRN4,Brain Meta Analysis,ADHD,Inverse variance weighted,3,-0.009,0.008,0.991,0.259,0.328547459,0.496727383,0.625544054,0.008907655
NCAPD3,Brain Meta Analysis,ADHD,Wald ratio,1,0.024,0.021,1.024,0.26,NA,NA,NA,0.008772038
LENG8,Brain Meta Analysis,ADHD,Wald ratio,1,0.029,0.026,1.03,0.26,NA,NA,NA,0.009486446
NUDT6,Brain Meta Analysis,ADHD,Wald ratio,1,0.027,0.024,1.027,0.26,NA,NA,NA,0.030684323
BICC1,Brain Meta Analysis,ADHD,Wald ratio,1,0.009,0.008,1.009,0.26,NA,NA,NA,0.00885768
RNF213,Brain Meta Analysis,ADHD,Wald ratio,1,0.031,0.027,1.031,0.26,NA,NA,NA,0.010319113
NCAPD2,Brain Meta Analysis,ADHD,Inverse variance weighted,2,0.008,0.007,1.008,0.26,NA,0.525685463,NA,0.004765769
FNDC7,Brain Meta Analysis,ADHD,Wald ratio,1,-0.026,0.023,0.974,0.26,NA,NA,NA,0.008851956
L3MBTL4,Brain Meta Analysis,ADHD,Wald ratio,1,-0.033,0.029,0.968,0.26,NA,NA,NA,0.00885195
MAN2A1,Brain Meta Analysis,ADHD,Wald ratio,1,-0.03,0.027,0.971,0.261,NA,NA,NA,0.008714352
RIMS2,Brain Meta Analysis,ADHD,Wald ratio,1,-0.023,0.02,0.978,0.261,NA,NA,NA,0.012652346
SLC12A8,Brain Meta Analysis,ADHD,Wald ratio,1,-0.031,0.028,0.969,0.261,NA,NA,NA,0.011285757
RPA3,Brain Meta Analysis,ADHD,Wald ratio,1,-0.029,0.026,0.972,0.261,NA,NA,NA,0.010555992
GALNT2,Brain Meta Analysis,ADHD,Simple mode,4,-0.034,0.025,0.966,0.262,0.312018221,0.186721669,0.28228204,0.00914019
MYO10,Brain Meta Analysis,ADHD,Inverse variance weighted,3,0.017,0.015,1.017,0.262,0.070131502,0.134135733,0.718054135,0.012652391
TRPV3,Brain Meta Analysis,ADHD,Inverse variance weighted,2,0.016,0.014,1.016,0.263,NA,0.092130541,NA,0.00664606
ST6GALNAC5,Brain Meta Analysis,ADHD,Wald ratio,1,0.031,0.028,1.031,0.263,NA,NA,NA,0.008598171
SLC35F1,Brain Meta Analysis,ADHD,Wald ratio,1,0.01,0.009,1.01,0.264,NA,NA,NA,0.008677956
BCL9,Brain Meta Analysis,ADHD,Wald ratio,1,-0.023,0.021,0.977,0.265,NA,NA,NA,0.00882838
NFIA,Brain Meta Analysis,ADHD,Wald ratio,1,0.022,0.02,1.022,0.265,NA,NA,NA,0.00882838
NT5M,Brain Meta Analysis,ADHD,Wald ratio,1,0.029,0.026,1.029,0.265,NA,NA,NA,0.010451757
RGS6,Brain Meta Analysis,ADHD,Inverse variance weighted,2,-0.015,0.014,0.985,0.266,NA,0.849086911,NA,0.006023535
LGR6,Brain Meta Analysis,ADHD,Wald ratio,1,-0.013,0.012,0.987,0.266,NA,NA,NA,0.011418916
OSBPL1A,Brain Meta Analysis,ADHD,Wald ratio,1,0.013,0.012,1.014,0.266,NA,NA,NA,0.013022527
VSTM5,Brain Meta Analysis,ADHD,Wald ratio,1,-0.027,0.024,0.973,0.267,NA,NA,NA,0.00905587
NXN,Brain Meta Analysis,ADHD,Simple mode,3,-0.045,0.03,0.956,0.267,0.405877464,0.161363483,0.335310545,0.006843715
NAA15,Brain Meta Analysis,ADHD,Wald ratio,1,-0.052,0.047,0.949,0.267,NA,NA,NA,0.021104734
ALK,Brain Meta Analysis,ADHD,Inverse variance weighted,4,-0.011,0.01,0.989,0.268,0.703351482,0.428564256,0.28721222,0.005728775
TRPM4,Brain Meta Analysis,ADHD,Wald ratio,1,0.024,0.022,1.025,0.268,NA,NA,NA,0.00938981
DAG1,Brain Meta Analysis,ADHD,Wald ratio,1,-0.017,0.015,0.983,0.268,NA,NA,NA,0.008223331
MGAT4D,Brain Meta Analysis,ADHD,Wald ratio,1,0.01,0.009,1.01,0.268,NA,NA,NA,0.013481122
FBLN5,Brain Meta Analysis,ADHD,Wald ratio,1,-0.025,0.023,0.975,0.269,NA,NA,NA,0.008734586
ANKDD1B,Brain Meta Analysis,ADHD,Wald ratio,1,-0.03,0.027,0.97,0.27,NA,NA,NA,0.004244804
MIA3,Brain Meta Analysis,ADHD,Wald ratio,1,0.009,0.008,1.009,0.27,NA,NA,NA,0.009623595
DNAH11,Brain Meta Analysis,ADHD,Inverse variance weighted,2,-0.009,0.008,0.991,0.27,NA,0.601023766,NA,0.00713811
KIF21B,Brain Meta Analysis,ADHD,Wald ratio,1,0.032,0.029,1.032,0.27,NA,NA,NA,0.009498315
KLHL29,Brain Meta Analysis,ADHD,Weighted mode,5,0.01,0.008,1.01,0.27,0.339028427,0.464162295,0.682246549,0.006397074
PKNOX2,Brain Meta Analysis,ADHD,MR Egger,3,-0.031,0.014,0.97,0.271,0.331716495,0.085620901,0.296015482,0.010856734
PDK2,Brain Meta Analysis,ADHD,Wald ratio,1,0.041,0.037,1.042,0.271,NA,NA,NA,0.010962575
CELA2B,Brain Meta Analysis,ADHD,Wald ratio,1,-0.027,0.025,0.973,0.271,NA,NA,NA,0.009781482
FRMD4A,Brain Meta Analysis,ADHD,Inverse variance weighted,6,0.005,0.004,1.005,0.271,0.330357722,0.375004111,0.466820564,0.024310986
PHF19,Brain Meta Analysis,ADHD,Wald ratio,1,0.009,0.008,1.009,0.271,NA,NA,NA,0.009048706
RARG,Brain Meta Analysis,ADHD,Wald ratio,1,-0.03,0.027,0.971,0.271,NA,NA,NA,0.006576031
C5orf49,Brain Meta Analysis,ADHD,Wald ratio,1,0.01,0.009,1.01,0.272,NA,NA,NA,0.011790726
ADCY2,Brain Meta Analysis,ADHD,Wald ratio,1,0.026,0.024,1.026,0.272,NA,NA,NA,0.007157151
PRAG1,Brain Meta Analysis,ADHD,Wald ratio,1,0.03,0.027,1.03,0.272,NA,NA,NA,0.008608698
TADA2A,Brain Meta Analysis,ADHD,Wald ratio,1,0.024,0.022,1.025,0.272,NA,NA,NA,0.011856362
ACKR3,Brain Meta Analysis,ADHD,Wald ratio,1,-0.029,0.026,0.972,0.272,NA,NA,NA,0.011647628
RAP1GAP2,Brain Meta Analysis,ADHD,Inverse variance weighted,6,-0.012,0.011,0.988,0.273,0.831259712,0.810189041,0.421815803,0.006532746
URAD,Brain Meta Analysis,ADHD,Wald ratio,1,-0.027,0.025,0.973,0.273,NA,NA,NA,0.008391868
ACTL9,Brain Meta Analysis,ADHD,Wald ratio,1,0.035,0.032,1.036,0.273,NA,NA,NA,0.010333975
CRTC3,Brain Meta Analysis,ADHD,Wald ratio,1,-0.023,0.021,0.978,0.274,NA,NA,NA,0.014086342
ZNF681,Brain Meta Analysis,ADHD,Wald ratio,1,-0.019,0.017,0.981,0.274,NA,NA,NA,0.015108264
TACR1,Brain Meta Analysis,ADHD,Wald ratio,1,0.011,0.01,1.011,0.274,NA,NA,NA,0.011533882
ABCC1,Brain Meta Analysis,ADHD,Inverse variance weighted,2,0.018,0.016,1.018,0.275,NA,0.60622354,NA,0.009067982
SPON1,Brain Meta Analysis,ADHD,Wald ratio,1,0.017,0.015,1.017,0.275,NA,NA,NA,0.010809824
RPS6KA2,Brain Meta Analysis,ADHD,Simple mode,3,-0.03,0.02,0.971,0.276,0.629021476,0.270680505,0.366112522,0.008115006
TARS3,Brain Meta Analysis,ADHD,Wald ratio,1,0.043,0.039,1.044,0.276,NA,NA,NA,0.008855827
FAM171B,Brain Meta Analysis,ADHD,Wald ratio,1,0.008,0.008,1.008,0.276,NA,NA,NA,0.008950223
ST6GAL1,Brain Meta Analysis,ADHD,Inverse variance weighted,2,-0.009,0.008,0.991,0.276,NA,0.420438542,NA,0.007386525
C14orf132,Brain Meta Analysis,ADHD,Wald ratio,1,0.01,0.009,1.01,0.276,NA,NA,NA,0.009111421
FBXO25,Brain Meta Analysis,ADHD,Wald ratio,1,0.028,0.026,1.028,0.276,NA,NA,NA,0.014396133
SCN5A,Brain Meta Analysis,ADHD,Wald ratio,1,-0.047,0.043,0.954,0.277,NA,NA,NA,0.012923299
ANTXR1,Brain Meta Analysis,ADHD,Inverse variance weighted,2,0.008,0.007,1.008,0.277,NA,0.719111356,NA,0.012214638
TSPAN18,Brain Meta Analysis,ADHD,Inverse variance weighted,2,0.007,0.007,1.007,0.278,NA,0.297109998,NA,0.005189929
PTK2B,Brain Meta Analysis,ADHD,Wald ratio,1,-0.009,0.009,0.991,0.278,NA,NA,NA,0.008378677
BEST1,Brain Meta Analysis,ADHD,Inverse variance weighted,2,-0.022,0.021,0.978,0.278,NA,0.612768344,NA,0.008795258
MKKS,Brain Meta Analysis,ADHD,Wald ratio,1,-0.017,0.016,0.983,0.278,NA,NA,NA,0.008459456
NAXD,Brain Meta Analysis,ADHD,Wald ratio,1,-0.03,0.027,0.971,0.278,NA,NA,NA,0.009509869
ZNF536,Brain Meta Analysis,ADHD,Wald ratio,1,0.025,0.023,1.025,0.278,NA,NA,NA,0.008540231
COL23A1,Brain Meta Analysis,ADHD,Simple mode,4,0.031,0.023,1.031,0.279,0.170582768,0.126782947,0.383400705,0.005178158
CPLX2,Brain Meta Analysis,ADHD,Wald ratio,1,-0.042,0.039,0.959,0.279,NA,NA,NA,0.010618035
ACAA2,Brain Meta Analysis,ADHD,Wald ratio,1,0.025,0.023,1.025,0.28,NA,NA,NA,0.008471962
ADORA1,Brain Meta Analysis,ADHD,Wald ratio,1,-0.023,0.021,0.977,0.28,NA,NA,NA,0.011906939
ASPHD2,Brain Meta Analysis,ADHD,Wald ratio,1,0.029,0.027,1.029,0.28,NA,NA,NA,0.009794706
TM4SF5,Brain Meta Analysis,ADHD,Wald ratio,1,0.03,0.028,1.031,0.28,NA,NA,NA,0.008480992
KCNIP1,Brain Meta Analysis,ADHD,Simple mode,3,0.021,0.014,1.021,0.28,0.009306511,0.0238161,0.800294506,0.014506892
SPRING1,Brain Meta Analysis,ADHD,Wald ratio,1,-0.011,0.01,0.989,0.281,NA,NA,NA,0.009015217
ZMIZ1,Brain Meta Analysis,ADHD,Weighted mode,4,0.026,0.02,1.026,0.281,0.001169015,0.003010555,0.826169981,0.014698958
BVES,Brain Meta Analysis,ADHD,Wald ratio,1,0.017,0.015,1.017,0.281,NA,NA,NA,0.021240636
ARAP1,Brain Meta Analysis,ADHD,Wald ratio,1,0.02,0.019,1.021,0.282,NA,NA,NA,0.009257415
PRKCH,Brain Meta Analysis,ADHD,Inverse variance weighted,2,0.01,0.009,1.01,0.282,NA,0.567525642,NA,0.016443607
ZNF827,Brain Meta Analysis,ADHD,Wald ratio,1,-0.01,0.009,0.99,0.283,NA,NA,NA,0.008281129
MAG,Brain Meta Analysis,ADHD,Wald ratio,1,-0.028,0.026,0.973,0.283,NA,NA,NA,0.009358072
TAF1B,Brain Meta Analysis,ADHD,Wald ratio,1,-0.034,0.032,0.967,0.283,NA,NA,NA,0.014880891
STK36,Brain Meta Analysis,ADHD,Wald ratio,1,-0.018,0.017,0.982,0.283,NA,NA,NA,0.00844487
KRT5,Brain Meta Analysis,ADHD,Wald ratio,1,0.026,0.024,1.026,0.283,NA,NA,NA,0.008440654
TTC4,Brain Meta Analysis,ADHD,Wald ratio,1,-0.019,0.018,0.981,0.283,NA,NA,NA,0.017708712
SULF2,Brain Meta Analysis,ADHD,Wald ratio,1,-0.019,0.018,0.981,0.283,NA,NA,NA,0.008439188
FTCDNL1,Brain Meta Analysis,ADHD,Wald ratio,1,-0.009,0.008,0.991,0.285,NA,NA,NA,0.008764227
ABCG1,Brain Meta Analysis,ADHD,Wald ratio,1,0.039,0.037,1.04,0.285,NA,NA,NA,0.008831024
SPTBN4,Brain Meta Analysis,ADHD,Wald ratio,1,-0.029,0.027,0.972,0.285,NA,NA,NA,0.008716883
USP20,Brain Meta Analysis,ADHD,Wald ratio,1,0.009,0.009,1.009,0.285,NA,NA,NA,0.010206645
COMT,Brain Meta Analysis,ADHD,Wald ratio,1,-0.032,0.03,0.968,0.286,NA,NA,NA,0.002314946
HSD17B12,Brain Meta Analysis,ADHD,Wald ratio,1,0.041,0.039,1.042,0.286,NA,NA,NA,0.008967795
SORCS3,Brain Meta Analysis,ADHD,Wald ratio,1,0.025,0.023,1.025,0.287,NA,NA,NA,0.008110124
RBBP5,Brain Meta Analysis,ADHD,Wald ratio,1,-0.024,0.022,0.977,0.287,NA,NA,NA,0.016099252
CLHC1,Brain Meta Analysis,ADHD,Wald ratio,1,0.009,0.009,1.009,0.287,NA,NA,NA,0.009561155
MFSD4A,Brain Meta Analysis,ADHD,Wald ratio,1,-0.038,0.036,0.963,0.288,NA,NA,NA,0.012170384
SYNRG,Brain Meta Analysis,ADHD,Wald ratio,1,0.029,0.027,1.029,0.288,NA,NA,NA,0.010572821
ASTN2,Brain Meta Analysis,ADHD,Inverse variance weighted,2,-0.019,0.018,0.981,0.288,NA,0.552207469,NA,0.010864406
CLCN7,Brain Meta Analysis,ADHD,Wald ratio,1,-0.027,0.026,0.973,0.288,NA,NA,NA,0.00821933
FARS2,Brain Meta Analysis,ADHD,Wald ratio,1,-0.028,0.027,0.972,0.288,NA,NA,NA,0.008115508
SEPTIN10,Brain Meta Analysis,ADHD,Wald ratio,1,0.019,0.018,1.019,0.288,NA,NA,NA,0.00835149
PLD5,Brain Meta Analysis,ADHD,Inverse variance weighted,2,0.014,0.013,1.014,0.288,NA,0.115831019,NA,0.037496186
ZSCAN10,Brain Meta Analysis,ADHD,Wald ratio,1,0.027,0.025,1.027,0.288,NA,NA,NA,0.008318313
CASQ2,Brain Meta Analysis,ADHD,Wald ratio,1,-0.024,0.023,0.976,0.288,NA,NA,NA,0.008429851
GRTP1,Brain Meta Analysis,ADHD,Wald ratio,1,-0.048,0.045,0.953,0.288,NA,NA,NA,0.009626309
TTC7B,Brain Meta Analysis,ADHD,Inverse variance weighted,2,-0.017,0.016,0.984,0.289,NA,0.308020688,NA,0.016311641
ARHGAP26,Brain Meta Analysis,ADHD,Simple mode,4,0.029,0.023,1.029,0.29,0.724622073,0.538175346,0.342342663,0.024778523
FOXN1,Brain Meta Analysis,ADHD,Wald ratio,1,-0.048,0.045,0.954,0.291,NA,NA,NA,0.017842741
RBMS3,Brain Meta Analysis,ADHD,Inverse variance weighted,2,-0.024,0.023,0.976,0.291,NA,0.26728108,NA,0.007870646
SLC7A1,Brain Meta Analysis,ADHD,Wald ratio,1,0.025,0.023,1.025,0.292,NA,NA,NA,0.013927799
DLGAP5,Brain Meta Analysis,ADHD,Wald ratio,1,-0.008,0.008,0.992,0.292,NA,NA,NA,0.008099503
MROH2B,Brain Meta Analysis,ADHD,Wald ratio,1,-0.037,0.035,0.964,0.293,NA,NA,NA,0.008226133
TTLL11,Brain Meta Analysis,ADHD,Inverse variance weighted,2,0.052,0.049,1.053,0.293,NA,0.038062233,NA,0.376635201
DMRT3,Brain Meta Analysis,ADHD,Wald ratio,1,0.026,0.025,1.027,0.293,NA,NA,NA,0.009972521
LRIG1,Brain Meta Analysis,ADHD,Wald ratio,1,0.009,0.009,1.009,0.294,NA,NA,NA,0.010265947
MTHFD1L,Brain Meta Analysis,ADHD,Weighted median,3,0.008,0.008,1.008,0.294,0.459928977,0.613475239,0.63010986,0.017605345
ADGRG5,Brain Meta Analysis,ADHD,Wald ratio,1,0.026,0.024,1.026,0.294,NA,NA,NA,0.008797987
CAPS2,Brain Meta Analysis,ADHD,Wald ratio,1,-0.03,0.029,0.971,0.295,NA,NA,NA,0.017573719
RIPK4,Brain Meta Analysis,ADHD,Wald ratio,1,-0.035,0.033,0.966,0.296,NA,NA,NA,0.009461705
MFAP3L,Brain Meta Analysis,ADHD,Wald ratio,1,-0.02,0.019,0.98,0.296,NA,NA,NA,0.009538904
HLA-DPB1,Brain Meta Analysis,ADHD,Wald ratio,1,-0.029,0.027,0.972,0.297,NA,NA,NA,0.009862358
TM4SF20,Brain Meta Analysis,ADHD,Wald ratio,1,-0.009,0.008,0.992,0.297,NA,NA,NA,0.010022966
SERPINE1,Brain Meta Analysis,ADHD,Wald ratio,1,0.038,0.037,1.039,0.297,NA,NA,NA,0.009642677
LRP1B,Brain Meta Analysis,ADHD,Wald ratio,1,0.008,0.008,1.008,0.297,NA,NA,NA,0.015942781
KIAA0513,Brain Meta Analysis,ADHD,Wald ratio,1,0.021,0.02,1.021,0.298,NA,NA,NA,0.008170478
CLIP4,Brain Meta Analysis,ADHD,Wald ratio,1,0.017,0.017,1.018,0.298,NA,NA,NA,0.010419313
TEX261,Brain Meta Analysis,ADHD,Wald ratio,1,-0.026,0.025,0.975,0.298,NA,NA,NA,0.010580763
TSHR,Brain Meta Analysis,ADHD,Inverse variance weighted,4,0.008,0.007,1.008,0.299,0.680552209,0.820910045,0.736676958,0.025524969
SLC37A3,Brain Meta Analysis,ADHD,Wald ratio,1,-0.032,0.031,0.968,0.299,NA,NA,NA,0.017564608
GREB1,Brain Meta Analysis,ADHD,Wald ratio,1,-0.021,0.02,0.98,0.299,NA,NA,NA,0.00897247
PRTG,Brain Meta Analysis,ADHD,Wald ratio,1,-0.016,0.016,0.984,0.302,NA,NA,NA,0.007845604
RBM19,Brain Meta Analysis,ADHD,Wald ratio,1,0.009,0.009,1.009,0.302,NA,NA,NA,0.007925275
CACNA2D3,Brain Meta Analysis,ADHD,MR Egger,3,0.052,0.027,1.054,0.302,0.808331613,0.113779375,0.286403524,0.026236337
JAKMIP3,Brain Meta Analysis,ADHD,Weighted median,3,-0.014,0.014,0.986,0.302,0.301805943,0.166666271,0.367290773,0.005067209
GLB1,Brain Meta Analysis,ADHD,Wald ratio,1,-0.008,0.008,0.992,0.303,NA,NA,NA,0.008728777
PLEKHG1,Brain Meta Analysis,ADHD,Wald ratio,1,-0.01,0.009,0.99,0.304,NA,NA,NA,0.008642889
SLC1A2,Brain Meta Analysis,ADHD,Inverse variance weighted,2,-0.007,0.007,0.993,0.304,NA,0.425297682,NA,0.007782239
TGM6,Brain Meta Analysis,ADHD,Wald ratio,1,0.009,0.009,1.009,0.305,NA,NA,NA,0.012792753
ANKLE2,Brain Meta Analysis,ADHD,Inverse variance weighted,2,-0.014,0.014,0.986,0.305,NA,0.615077472,NA,0.005656382
ISG20,Brain Meta Analysis,ADHD,Wald ratio,1,0.038,0.037,1.039,0.306,NA,NA,NA,0.010162035
EXOSC7,Brain Meta Analysis,ADHD,Wald ratio,1,-0.021,0.021,0.979,0.306,NA,NA,NA,0.022854272
CACHD1,Brain Meta Analysis,ADHD,Inverse variance weighted,3,-0.016,0.015,0.985,0.306,0.703747307,0.764535576,0.64374647,0.008228572
GRAMD1B,Brain Meta Analysis,ADHD,Inverse variance weighted,2,0.016,0.016,1.016,0.306,NA,0.986915509,NA,0.009802282
MTRR,Brain Meta Analysis,ADHD,Wald ratio,1,0.009,0.008,1.009,0.307,NA,NA,NA,0.01151857
ANKRD33B,Brain Meta Analysis,ADHD,Inverse variance weighted,2,0.008,0.008,1.008,0.307,NA,0.647420838,NA,0.005939774
C1orf21,Brain Meta Analysis,ADHD,Wald ratio,1,0.009,0.009,1.009,0.307,NA,NA,NA,0.008078281
PHF20L1,Brain Meta Analysis,ADHD,Wald ratio,1,-0.017,0.017,0.983,0.308,NA,NA,NA,0.008484701
KREMEN1,Brain Meta Analysis,ADHD,Wald ratio,1,0.017,0.017,1.017,0.308,NA,NA,NA,0.008565934
CFAP53,Brain Meta Analysis,ADHD,Wald ratio,1,0.02,0.019,1.02,0.308,NA,NA,NA,0.008565639
PRKCE,Brain Meta Analysis,ADHD,Weighted median,5,-0.007,0.007,0.993,0.308,0.027175223,0.043017034,0.667995996,0.014003627
MAPK8,Brain Meta Analysis,ADHD,Wald ratio,1,-0.008,0.008,0.992,0.308,NA,NA,NA,0.008398344
NAV1,Brain Meta Analysis,ADHD,MR Egger,3,0.133,0.07,1.142,0.308,0.896217449,0.193828581,0.321810009,0.00963398
DEAF1,Brain Meta Analysis,ADHD,Wald ratio,1,0.031,0.03,1.031,0.308,NA,NA,NA,0.011783996
HEBP1,Brain Meta Analysis,ADHD,Wald ratio,1,0.01,0.01,1.01,0.308,NA,NA,NA,0.009044512
USP14,Brain Meta Analysis,ADHD,Wald ratio,1,-0.017,0.017,0.983,0.309,NA,NA,NA,0.009206717
MTCL1,Brain Meta Analysis,ADHD,Simple mode,3,-0.019,0.014,0.982,0.309,0.042290405,0.005770063,0.435873386,0.068420406
CORO2B,Brain Meta Analysis,ADHD,Wald ratio,1,0.019,0.018,1.019,0.309,NA,NA,NA,0.009604124
GOLT1B,Brain Meta Analysis,ADHD,Wald ratio,1,0.011,0.01,1.011,0.309,NA,NA,NA,0.010164693
POU6F2,Brain Meta Analysis,ADHD,Weighted mode,4,0.009,0.007,1.009,0.31,0.250943827,0.268212954,0.454204306,0.005795768
ZNF415,Brain Meta Analysis,ADHD,Wald ratio,1,0.032,0.032,1.033,0.31,NA,NA,NA,0.010308616
TMEM117,Brain Meta Analysis,ADHD,Inverse variance weighted,2,-0.022,0.022,0.978,0.31,NA,0.496071022,NA,0.021958928
KLF7,Brain Meta Analysis,ADHD,Wald ratio,1,0.024,0.024,1.024,0.311,NA,NA,NA,0.011835744
DPF3,Brain Meta Analysis,ADHD,Inverse variance weighted,2,0.009,0.009,1.009,0.311,NA,0.771735973,NA,0.007365628
MAN2B2,Brain Meta Analysis,ADHD,Wald ratio,1,-0.036,0.035,0.965,0.312,NA,NA,NA,0.013806702
SYT16,Brain Meta Analysis,ADHD,Inverse variance weighted,2,-0.025,0.025,0.975,0.312,NA,0.411459458,NA,0.01748877
TENM4,Brain Meta Analysis,ADHD,Simple mode,4,0.019,0.016,1.02,0.312,0.740043154,0.520946205,0.327181978,0.004711097
RDH13,Brain Meta Analysis,ADHD,Wald ratio,1,0.027,0.027,1.028,0.312,NA,NA,NA,0.007580233
KIAA1217,Brain Meta Analysis,ADHD,Inverse variance weighted,3,0.007,0.007,1.007,0.312,0.674144906,0.871521584,0.806639102,0.007074601
CAPN14,Brain Meta Analysis,ADHD,Wald ratio,1,-0.008,0.008,0.992,0.312,NA,NA,NA,0.007837954
KCNA10,Brain Meta Analysis,ADHD,Wald ratio,1,0.045,0.044,1.046,0.312,NA,NA,NA,0.014939512
DKK3,Brain Meta Analysis,ADHD,Wald ratio,1,-0.028,0.028,0.972,0.312,NA,NA,NA,0.007848789
SLC15A3,Brain Meta Analysis,ADHD,Wald ratio,1,-0.023,0.023,0.977,0.312,NA,NA,NA,0.007830227
GALNT7,Brain Meta Analysis,ADHD,Wald ratio,1,-0.009,0.009,0.991,0.312,NA,NA,NA,0.008319474
ERBB4,Brain Meta Analysis,ADHD,Wald ratio,1,-0.017,0.017,0.983,0.312,NA,NA,NA,0.008075555
PDGFB,Brain Meta Analysis,ADHD,Wald ratio,1,-0.015,0.015,0.985,0.313,NA,NA,NA,0.008721883
DISP1,Brain Meta Analysis,ADHD,Wald ratio,1,-0.008,0.008,0.992,0.313,NA,NA,NA,0.009204192
ADAMTS18,Brain Meta Analysis,ADHD,Wald ratio,1,0.015,0.015,1.015,0.313,NA,NA,NA,0.00896004
SLC16A9,Brain Meta Analysis,ADHD,Wald ratio,1,-0.038,0.038,0.963,0.313,NA,NA,NA,0.009507023
LINS1,Brain Meta Analysis,ADHD,Wald ratio,1,-0.028,0.028,0.972,0.313,NA,NA,NA,0.008410373
DENND4C,Brain Meta Analysis,ADHD,Wald ratio,1,0.027,0.027,1.028,0.313,NA,NA,NA,0.010077834
SPOPL,Brain Meta Analysis,ADHD,Wald ratio,1,0.008,0.008,1.008,0.314,NA,NA,NA,0.010078447
IPCEF1,Brain Meta Analysis,ADHD,Wald ratio,1,-0.029,0.029,0.971,0.314,NA,NA,NA,0.010398595
HBEGF,Brain Meta Analysis,ADHD,Wald ratio,1,0.046,0.046,1.047,0.315,NA,NA,NA,0.014244817
ANKFN1,Brain Meta Analysis,ADHD,Inverse variance weighted,2,0.008,0.008,1.008,0.316,NA,0.14907868,NA,0.005450727
TMEM132C,Brain Meta Analysis,ADHD,Weighted mode,4,-0.018,0.015,0.982,0.316,0.033144015,0.006274875,0.330458303,0.255124828
KIF26B,Brain Meta Analysis,ADHD,Weighted mode,3,0.018,0.014,1.018,0.316,0.263889972,0.148367582,0.387603996,0.022581335
PLK3,Brain Meta Analysis,ADHD,Wald ratio,1,-0.025,0.025,0.975,0.317,NA,NA,NA,0.009821802
CENPK,Brain Meta Analysis,ADHD,Wald ratio,1,-0.02,0.02,0.98,0.317,NA,NA,NA,0.008641377
SH3RF2,Brain Meta Analysis,ADHD,Wald ratio,1,-0.008,0.008,0.992,0.317,NA,NA,NA,0.012702052
ALG3,Brain Meta Analysis,ADHD,Wald ratio,1,-0.038,0.038,0.963,0.317,NA,NA,NA,0.008627697
MDH1B,Brain Meta Analysis,ADHD,Wald ratio,1,-0.039,0.039,0.962,0.317,NA,NA,NA,0.009106694
PMP22,Brain Meta Analysis,ADHD,Wald ratio,1,0.028,0.028,1.028,0.317,NA,NA,NA,0.007509303
ADGRD1,Brain Meta Analysis,ADHD,MR Egger,3,0.352,0.192,1.422,0.318,0.249501611,0.053742673,0.315994063,0.023886053
SRGAP1,Brain Meta Analysis,ADHD,Inverse variance weighted,3,-0.007,0.007,0.993,0.319,0.925561072,0.991408051,0.941373601,0.005614101
SLC8A1,Brain Meta Analysis,ADHD,Inverse variance weighted,2,0.012,0.012,1.012,0.319,NA,0.54148754,NA,0.013168723
COG3,Brain Meta Analysis,ADHD,Wald ratio,1,0.02,0.02,1.02,0.32,NA,NA,NA,0.015207484
ERC2,Brain Meta Analysis,ADHD,Weighted median,3,-0.007,0.007,0.993,0.321,0.349841852,0.266132102,0.410034179,0.011265705
ECHDC3,Brain Meta Analysis,ADHD,Wald ratio,1,0.049,0.049,1.05,0.321,NA,NA,NA,0.028998951
BICD1,Brain Meta Analysis,ADHD,Inverse variance weighted,2,0.011,0.011,1.011,0.321,NA,0.183934564,NA,0.022331204
ENOX1,Brain Meta Analysis,ADHD,MR Egger,3,-0.17,0.094,0.844,0.321,0.845075145,0.162253124,0.30882833,0.007076218
CES5A,Brain Meta Analysis,ADHD,Wald ratio,1,0.026,0.027,1.027,0.322,NA,NA,NA,0.008511501
PRSS21,Brain Meta Analysis,ADHD,Wald ratio,1,-0.027,0.027,0.974,0.322,NA,NA,NA,0.008192746
CCN4,Brain Meta Analysis,ADHD,Wald ratio,1,-0.023,0.024,0.977,0.322,NA,NA,NA,0.007676493
SH3PXD2B,Brain Meta Analysis,ADHD,Wald ratio,1,0.009,0.009,1.009,0.323,NA,NA,NA,0.007831222
ELOVL7,Brain Meta Analysis,ADHD,Wald ratio,1,-0.024,0.025,0.976,0.323,NA,NA,NA,0.00757359
TSPEAR,Brain Meta Analysis,ADHD,Inverse variance weighted,2,0.008,0.008,1.008,0.324,NA,0.695328637,NA,0.00651437
UQCRC1,Brain Meta Analysis,ADHD,Wald ratio,1,-0.023,0.023,0.978,0.324,NA,NA,NA,0.006197729
UBASH3B,Brain Meta Analysis,ADHD,Wald ratio,1,0.026,0.027,1.027,0.324,NA,NA,NA,0.011514854
PRMT8,Brain Meta Analysis,ADHD,Wald ratio,1,0.025,0.025,1.025,0.325,NA,NA,NA,0.009780252
GAREM1,Brain Meta Analysis,ADHD,Wald ratio,1,0.019,0.019,1.019,0.325,NA,NA,NA,0.009918894
SPTB,Brain Meta Analysis,ADHD,Weighted median,3,-0.008,0.008,0.992,0.325,0.759484109,0.681570563,0.562624179,0.007903956
FARP2,Brain Meta Analysis,ADHD,Wald ratio,1,0.019,0.019,1.019,0.326,NA,NA,NA,0.009124301
SLC26A4,Brain Meta Analysis,ADHD,Wald ratio,1,-0.008,0.008,0.992,0.326,NA,NA,NA,0.008723239
ZC3H7A,Brain Meta Analysis,ADHD,Wald ratio,1,0.021,0.022,1.021,0.327,NA,NA,NA,0.012464679
PRRX1,Brain Meta Analysis,ADHD,Wald ratio,1,0.039,0.039,1.039,0.327,NA,NA,NA,0.027089479
CHI3L1,Brain Meta Analysis,ADHD,Wald ratio,1,-0.028,0.029,0.972,0.327,NA,NA,NA,0.007403421
IFNA4,Brain Meta Analysis,ADHD,Wald ratio,1,-0.013,0.014,0.987,0.327,NA,NA,NA,0.007760052
SLC6A1,Brain Meta Analysis,ADHD,Wald ratio,1,-0.023,0.024,0.977,0.328,NA,NA,NA,0.011166629
NIBAN1,Brain Meta Analysis,ADHD,Wald ratio,1,0.03,0.031,1.031,0.328,NA,NA,NA,0.007432335
RIN2,Brain Meta Analysis,ADHD,Weighted median,4,-0.014,0.014,0.986,0.329,0.006002496,0.005858407,0.574125457,0.021108339
C21orf91,Brain Meta Analysis,ADHD,Wald ratio,1,0.028,0.029,1.028,0.33,NA,NA,NA,0.008965426
NR3C2,Brain Meta Analysis,ADHD,Inverse variance weighted,2,0.014,0.015,1.014,0.331,NA,0.88649086,NA,0.006066479
HIVEP2,Brain Meta Analysis,ADHD,Weighted median,3,0.007,0.007,1.007,0.331,0.466957865,0.392749797,0.45358561,0.008551173
ZNF383,Brain Meta Analysis,ADHD,Wald ratio,1,-0.017,0.018,0.983,0.331,NA,NA,NA,0.011520449
BCAS3,Brain Meta Analysis,ADHD,Wald ratio,1,-0.023,0.024,0.977,0.331,NA,NA,NA,0.00861404
TUSC3,Brain Meta Analysis,ADHD,Wald ratio,1,0.007,0.008,1.007,0.331,NA,NA,NA,0.00840101
COIL,Brain Meta Analysis,ADHD,Wald ratio,1,0.017,0.017,1.017,0.332,NA,NA,NA,0.010406065
GRM5,Brain Meta Analysis,ADHD,Wald ratio,1,0.025,0.026,1.025,0.332,NA,NA,NA,0.010248605
SMARCA2,Brain Meta Analysis,ADHD,Wald ratio,1,0.022,0.022,1.022,0.333,NA,NA,NA,0.01223892
PIAS4,Brain Meta Analysis,ADHD,Wald ratio,1,0.009,0.009,1.009,0.334,NA,NA,NA,0.013815781
PLPPR5,Brain Meta Analysis,ADHD,Wald ratio,1,0.027,0.028,1.028,0.334,NA,NA,NA,0.013577151
P3H2,Brain Meta Analysis,ADHD,Wald ratio,1,-0.009,0.009,0.991,0.335,NA,NA,NA,0.008889867
CHD7,Brain Meta Analysis,ADHD,Wald ratio,1,0.011,0.011,1.011,0.335,NA,NA,NA,0.010808854
PLEKHH1,Brain Meta Analysis,ADHD,Wald ratio,1,-0.009,0.009,0.992,0.335,NA,NA,NA,0.008646001
OSMR,Brain Meta Analysis,ADHD,Wald ratio,1,-0.009,0.009,0.991,0.336,NA,NA,NA,0.008410444
CHST9,Brain Meta Analysis,ADHD,Wald ratio,1,0.034,0.036,1.035,0.336,NA,NA,NA,0.010085318
GRIK1,Brain Meta Analysis,ADHD,Wald ratio,1,0.016,0.017,1.016,0.336,NA,NA,NA,0.008167183
SRGAP2,Brain Meta Analysis,ADHD,Wald ratio,1,-0.054,0.056,0.948,0.337,NA,NA,NA,0.021030182
FHIT,Brain Meta Analysis,ADHD,MR Egger,4,0.043,0.034,1.044,0.337,0.636140244,0.518334479,0.363081012,0.024870111
SYNPR,Brain Meta Analysis,ADHD,MR Egger,3,0.239,0.14,1.27,0.338,0.554395932,0.194417564,0.336786843,0.018049056
CHRNA1,Brain Meta Analysis,ADHD,Wald ratio,1,0.026,0.027,1.026,0.338,NA,NA,NA,0.007494963
MPP4,Brain Meta Analysis,ADHD,Wald ratio,1,-0.032,0.034,0.968,0.338,NA,NA,NA,0.013142399
DLK1,Brain Meta Analysis,ADHD,Wald ratio,1,0.025,0.027,1.026,0.338,NA,NA,NA,0.01468633
ANKRD44,Brain Meta Analysis,ADHD,Simple mode,3,0.017,0.014,1.017,0.338,0.972777001,0.22061442,0.332349343,0.005376735
FAT2,Brain Meta Analysis,ADHD,Wald ratio,1,0.027,0.028,1.027,0.338,NA,NA,NA,0.007362129
STX3,Brain Meta Analysis,ADHD,Wald ratio,1,0.045,0.047,1.046,0.339,NA,NA,NA,0.029089336
ADARB2,Brain Meta Analysis,ADHD,Simple mode,6,0.019,0.018,1.02,0.339,0.54282021,0.65067442,0.656334709,0.005941126
SNRK,Brain Meta Analysis,ADHD,Wald ratio,1,0.023,0.024,1.023,0.339,NA,NA,NA,0.008813863
USP31,Brain Meta Analysis,ADHD,Wald ratio,1,0.007,0.008,1.008,0.341,NA,NA,NA,0.008253057
NUDT9,Brain Meta Analysis,ADHD,Wald ratio,1,0.02,0.021,1.021,0.341,NA,NA,NA,0.008092187
NKAIN1,Brain Meta Analysis,ADHD,Wald ratio,1,0.031,0.033,1.032,0.342,NA,NA,NA,0.00888854
SCGB2B2,Brain Meta Analysis,ADHD,Wald ratio,1,0.024,0.025,1.024,0.342,NA,NA,NA,0.007844018
NIPA2,Brain Meta Analysis,ADHD,Wald ratio,1,0.02,0.021,1.02,0.343,NA,NA,NA,0.012016841
ELFN2,Brain Meta Analysis,ADHD,Wald ratio,1,-0.008,0.009,0.992,0.343,NA,NA,NA,0.007448995
RET,Brain Meta Analysis,ADHD,Inverse variance weighted,2,0.018,0.019,1.018,0.343,NA,0.848952811,NA,0.007516325
ST3GAL1,Brain Meta Analysis,ADHD,Inverse variance weighted,2,-0.016,0.017,0.984,0.343,NA,0.71709303,NA,0.00822618
RBFOX3,Brain Meta Analysis,ADHD,MR Egger,5,-0.023,0.021,0.977,0.343,0.399656554,0.368938236,0.331495517,0.015698968
CLMP,Brain Meta Analysis,ADHD,Wald ratio,1,-0.017,0.018,0.983,0.343,NA,NA,NA,0.007369157
TFPI2,Brain Meta Analysis,ADHD,Wald ratio,1,0.034,0.036,1.034,0.344,NA,NA,NA,0.024612856
PAQR9,Brain Meta Analysis,ADHD,Wald ratio,1,0.056,0.059,1.057,0.344,NA,NA,NA,0.029461419
MYOM2,Brain Meta Analysis,ADHD,Inverse variance weighted,4,-0.01,0.01,0.99,0.345,0.993482797,0.968080762,0.670904927,0.019436345
CNTNAP5,Brain Meta Analysis,ADHD,Wald ratio,1,-0.024,0.025,0.976,0.345,NA,NA,NA,0.010445983
TNS2,Brain Meta Analysis,ADHD,Wald ratio,1,-0.017,0.018,0.983,0.345,NA,NA,NA,0.0081811
KDELR1,Brain Meta Analysis,ADHD,Wald ratio,1,0.024,0.025,1.024,0.346,NA,NA,NA,0.010828715
TMEM63C,Brain Meta Analysis,ADHD,Wald ratio,1,0.019,0.021,1.02,0.346,NA,NA,NA,0.008101576
ALCAM,Brain Meta Analysis,ADHD,Inverse variance weighted,2,0.021,0.023,1.021,0.346,NA,0.193272531,NA,0.0225404
CD48,Brain Meta Analysis,ADHD,Wald ratio,1,-0.031,0.033,0.97,0.346,NA,NA,NA,0.009232634
KDM5B,Brain Meta Analysis,ADHD,Wald ratio,1,0.025,0.027,1.025,0.347,NA,NA,NA,0.010962116
NCOR2,Brain Meta Analysis,ADHD,Inverse variance weighted,5,-0.008,0.009,0.992,0.348,0.282942635,0.43008143,0.913300024,0.005572001
USP22,Brain Meta Analysis,ADHD,Wald ratio,1,0.008,0.009,1.008,0.348,NA,NA,NA,0.008752293
ETV6,Brain Meta Analysis,ADHD,Wald ratio,1,0.019,0.02,1.019,0.348,NA,NA,NA,0.008752293
DOK6,Brain Meta Analysis,ADHD,Wald ratio,1,0.019,0.02,1.019,0.348,NA,NA,NA,0.007537064
ZNF516,Brain Meta Analysis,ADHD,MR Egger,3,-0.061,0.037,0.941,0.348,0.866682542,0.177841419,0.315359616,0.016089925
ATXN7L1,Brain Meta Analysis,ADHD,MR Egger,4,-0.022,0.018,0.978,0.349,0.201558354,0.082723738,0.278431881,0.083017777
BCL2,Brain Meta Analysis,ADHD,Wald ratio,1,-0.046,0.049,0.955,0.349,NA,NA,NA,0.012321543
WWC1,Brain Meta Analysis,ADHD,Inverse variance weighted,2,-0.007,0.008,0.993,0.35,NA,0.561930583,NA,0.007771294
ITPK1,Brain Meta Analysis,ADHD,Wald ratio,1,0.008,0.009,1.008,0.35,NA,NA,NA,0.014798004
RBPMS,Brain Meta Analysis,ADHD,Wald ratio,1,0.026,0.027,1.026,0.351,NA,NA,NA,0.007947309
NDST2,Brain Meta Analysis,ADHD,Wald ratio,1,-0.014,0.015,0.986,0.351,NA,NA,NA,0.007792635
GAB2,Brain Meta Analysis,ADHD,Wald ratio,1,0.007,0.008,1.007,0.352,NA,NA,NA,0.009968265
NCKAP1L,Brain Meta Analysis,ADHD,Wald ratio,1,-0.029,0.031,0.971,0.352,NA,NA,NA,0.008838414
ZFP62,Brain Meta Analysis,ADHD,Wald ratio,1,0.009,0.01,1.009,0.353,NA,NA,NA,0.008603472
CASS4,Brain Meta Analysis,ADHD,Wald ratio,1,-0.023,0.025,0.977,0.353,NA,NA,NA,0.013787915
EDN1,Brain Meta Analysis,ADHD,Wald ratio,1,-0.008,0.009,0.992,0.353,NA,NA,NA,0.007468925
ST14,Brain Meta Analysis,ADHD,Inverse variance weighted,2,-0.029,0.032,0.971,0.353,NA,0.220959005,NA,0.011986745
SLIT3,Brain Meta Analysis,ADHD,Simple mode,6,0.013,0.013,1.013,0.354,0.098139512,0.15996193,0.827010134,0.005577559
TOX2,Brain Meta Analysis,ADHD,Wald ratio,1,-0.056,0.06,0.946,0.354,NA,NA,NA,0.028664287
PPFIA4,Brain Meta Analysis,ADHD,Wald ratio,1,0.019,0.021,1.019,0.354,NA,NA,NA,0.007307573
CEP83,Brain Meta Analysis,ADHD,Wald ratio,1,0.018,0.02,1.018,0.354,NA,NA,NA,0.011409492
KCNQ5,Brain Meta Analysis,ADHD,Wald ratio,1,0.018,0.019,1.018,0.354,NA,NA,NA,0.007227844
CKLF,Brain Meta Analysis,ADHD,Wald ratio,1,0.022,0.024,1.022,0.355,NA,NA,NA,0.019824829
WFS1,Brain Meta Analysis,ADHD,Wald ratio,1,0.007,0.008,1.007,0.355,NA,NA,NA,0.007145085
PDCD6IP,Brain Meta Analysis,ADHD,Wald ratio,1,0.021,0.023,1.022,0.355,NA,NA,NA,0.008039456
RADIL,Brain Meta Analysis,ADHD,Inverse variance weighted,2,-0.022,0.023,0.979,0.355,NA,0.224390189,NA,0.02247224
SV2C,Brain Meta Analysis,ADHD,Inverse variance weighted,2,-0.007,0.007,0.993,0.357,NA,0.320373205,NA,0.007517867
EYA4,Brain Meta Analysis,ADHD,Wald ratio,1,0.027,0.03,1.028,0.357,NA,NA,NA,0.011422724
BRAF,Brain Meta Analysis,ADHD,Wald ratio,1,0.016,0.017,1.016,0.357,NA,NA,NA,0.017698682
SDCBP2,Brain Meta Analysis,ADHD,Inverse variance weighted,2,-0.013,0.014,0.987,0.358,NA,0.118003251,NA,0.035778526
ZNF665,Brain Meta Analysis,ADHD,Wald ratio,1,-0.016,0.018,0.984,0.359,NA,NA,NA,0.012622434
PIK3R2,Brain Meta Analysis,ADHD,Wald ratio,1,-0.082,0.089,0.921,0.36,NA,NA,NA,0.035821194
BTNL9,Brain Meta Analysis,ADHD,Wald ratio,1,0.017,0.019,1.017,0.36,NA,NA,NA,0.007079673
HTATIP2,Brain Meta Analysis,ADHD,Wald ratio,1,-0.011,0.012,0.989,0.36,NA,NA,NA,0.007079673
PI16,Brain Meta Analysis,ADHD,Wald ratio,1,-0.022,0.024,0.978,0.36,NA,NA,NA,0.007079673
ADGRG1,Brain Meta Analysis,ADHD,Wald ratio,1,-0.022,0.024,0.978,0.36,NA,NA,NA,0.008860116
EXOC6,Brain Meta Analysis,ADHD,Wald ratio,1,-0.014,0.016,0.986,0.361,NA,NA,NA,0.010474679
MMP7,Brain Meta Analysis,ADHD,Wald ratio,1,-0.007,0.008,0.993,0.361,NA,NA,NA,0.013740413
TRAF3IP2,Brain Meta Analysis,ADHD,Wald ratio,1,-0.008,0.009,0.992,0.361,NA,NA,NA,0.008625575
KLHDC4,Brain Meta Analysis,ADHD,Wald ratio,1,0.025,0.028,1.026,0.361,NA,NA,NA,0.009430387
HOXD4,Brain Meta Analysis,ADHD,Wald ratio,1,0.023,0.026,1.024,0.362,NA,NA,NA,0.009353111
HPS3,Brain Meta Analysis,ADHD,Wald ratio,1,0.025,0.027,1.025,0.362,NA,NA,NA,0.022345419
OPRD1,Brain Meta Analysis,ADHD,Inverse variance weighted,2,0.015,0.017,1.015,0.363,NA,0.298572181,NA,0.01209486
CD55,Brain Meta Analysis,ADHD,Wald ratio,1,0.016,0.018,1.016,0.363,NA,NA,NA,0.007489868
TFEB,Brain Meta Analysis,ADHD,Wald ratio,1,0.021,0.024,1.022,0.363,NA,NA,NA,0.01063923
NRBP2,Brain Meta Analysis,ADHD,Wald ratio,1,0.017,0.018,1.017,0.363,NA,NA,NA,0.007411059
KIAA0232,Brain Meta Analysis,ADHD,Wald ratio,1,-0.021,0.023,0.979,0.364,NA,NA,NA,0.007250903
DERA,Brain Meta Analysis,ADHD,Wald ratio,1,-0.021,0.023,0.979,0.364,NA,NA,NA,0.007248673
TMPRSS2,Brain Meta Analysis,ADHD,Wald ratio,1,0.02,0.022,1.02,0.365,NA,NA,NA,0.007973967
XPNPEP1,Brain Meta Analysis,ADHD,Wald ratio,1,0.021,0.023,1.021,0.365,NA,NA,NA,0.007171817
FIGLA,Brain Meta Analysis,ADHD,Wald ratio,1,0.024,0.027,1.025,0.365,NA,NA,NA,0.007923537
MCCC2,Brain Meta Analysis,ADHD,Wald ratio,1,0.013,0.014,1.013,0.365,NA,NA,NA,0.007168927
PID1,Brain Meta Analysis,ADHD,Wald ratio,1,-0.008,0.009,0.992,0.366,NA,NA,NA,0.007012671
DYRK1A,Brain Meta Analysis,ADHD,Wald ratio,1,-0.035,0.038,0.966,0.366,NA,NA,NA,0.006880351
PCCA,Brain Meta Analysis,ADHD,Wald ratio,1,0.008,0.008,1.008,0.366,NA,NA,NA,0.006933069
SPINK5,Brain Meta Analysis,ADHD,Wald ratio,1,0.01,0.011,1.01,0.366,NA,NA,NA,0.006933069
RALBP1,Brain Meta Analysis,ADHD,Wald ratio,1,-0.022,0.025,0.978,0.367,NA,NA,NA,0.007790438
IL16,Brain Meta Analysis,ADHD,Wald ratio,1,0.007,0.008,1.007,0.367,NA,NA,NA,0.008394322
LDLRAD4,Brain Meta Analysis,ADHD,Inverse variance weighted,2,0.016,0.018,1.016,0.367,NA,0.270324469,NA,0.004819722
NUP93,Brain Meta Analysis,ADHD,Wald ratio,1,-0.036,0.04,0.964,0.367,NA,NA,NA,0.018234758
CNTN5,Brain Meta Analysis,ADHD,Wald ratio,1,-0.023,0.025,0.978,0.368,NA,NA,NA,0.007504895
CBR1,Brain Meta Analysis,ADHD,Wald ratio,1,-0.022,0.025,0.978,0.368,NA,NA,NA,0.007071543
SEL1L,Brain Meta Analysis,ADHD,Wald ratio,1,0.013,0.014,1.013,0.368,NA,NA,NA,0.007503034
RAI14,Brain Meta Analysis,ADHD,Inverse variance weighted,2,-0.015,0.017,0.985,0.368,NA,0.668623959,NA,0.009281521
CMIP,Brain Meta Analysis,ADHD,Weighted median,3,-0.008,0.008,0.992,0.368,0.040966164,0.082564262,0.735798491,0.011205702
PPFIA2,Brain Meta Analysis,ADHD,Wald ratio,1,0.008,0.008,1.008,0.368,NA,NA,NA,0.008157136
NCF2,Brain Meta Analysis,ADHD,Wald ratio,1,-0.024,0.026,0.977,0.368,NA,NA,NA,0.007295813
KDM4C,Brain Meta Analysis,ADHD,Inverse variance weighted,2,-0.013,0.014,0.987,0.368,NA,0.666419928,NA,0.005227142
LYN,Brain Meta Analysis,ADHD,Inverse variance weighted,2,0.013,0.014,1.013,0.368,NA,0.432119377,NA,0.009438751
TMPRSS11E,Brain Meta Analysis,ADHD,Wald ratio,1,-0.01,0.011,0.99,0.369,NA,NA,NA,0.007343753
CDH23,Brain Meta Analysis,ADHD,Weighted median,3,0.006,0.007,1.006,0.369,0.127788721,0.298838318,0.871869828,0.006621451
STK38L,Brain Meta Analysis,ADHD,Wald ratio,1,0.023,0.026,1.024,0.369,NA,NA,NA,0.014386587
TBX4,Brain Meta Analysis,ADHD,Wald ratio,1,-0.013,0.014,0.987,0.369,NA,NA,NA,0.007995015
LAMP3,Brain Meta Analysis,ADHD,Wald ratio,1,0.02,0.022,1.02,0.371,NA,NA,NA,0.009857461
FUZ,Brain Meta Analysis,ADHD,Wald ratio,1,-0.028,0.031,0.973,0.371,NA,NA,NA,0.009864153
CFAP100,Brain Meta Analysis,ADHD,Inverse variance weighted,2,0.007,0.008,1.007,0.371,NA,0.341662714,NA,0.011772157
ACSBG1,Brain Meta Analysis,ADHD,Wald ratio,1,-0.009,0.01,0.991,0.371,NA,NA,NA,0.011076944
CMKLR1,Brain Meta Analysis,ADHD,Inverse variance weighted,2,-0.025,0.028,0.975,0.371,NA,0.074266023,NA,0.07567318
ZNF385D,Brain Meta Analysis,ADHD,Inverse variance weighted,2,0.02,0.023,1.021,0.372,NA,0.138262674,NA,0.008242318
CARD19,Brain Meta Analysis,ADHD,Weighted median,3,-0.012,0.014,0.988,0.372,0.352115541,0.57595954,0.711251308,0.019726434
CLNK,Brain Meta Analysis,ADHD,Wald ratio,1,0.008,0.009,1.008,0.372,NA,NA,NA,0.006940883
PPP2R2C,Brain Meta Analysis,ADHD,Wald ratio,1,-0.015,0.017,0.985,0.372,NA,NA,NA,0.009627865
SLCO3A1,Brain Meta Analysis,ADHD,Simple mode,3,-0.022,0.019,0.979,0.372,0.605964848,0.431156842,0.444864717,0.009462404
EOGT,Brain Meta Analysis,ADHD,Wald ratio,1,-0.014,0.016,0.986,0.372,NA,NA,NA,0.00889983
ALPK1,Brain Meta Analysis,ADHD,Wald ratio,1,0.024,0.026,1.024,0.373,NA,NA,NA,0.007215977
PITPNB,Brain Meta Analysis,ADHD,Wald ratio,1,0.022,0.024,1.022,0.373,NA,NA,NA,0.017014216
HS6ST3,Brain Meta Analysis,ADHD,Wald ratio,1,0.007,0.008,1.007,0.373,NA,NA,NA,0.00866581
ZBED8,Brain Meta Analysis,ADHD,Wald ratio,1,0.022,0.025,1.022,0.375,NA,NA,NA,0.00719738
FOXK1,Brain Meta Analysis,ADHD,Wald ratio,1,0.008,0.009,1.008,0.375,NA,NA,NA,0.00719738
FBXL4,Brain Meta Analysis,ADHD,Wald ratio,1,0.022,0.024,1.022,0.375,NA,NA,NA,0.01004841
TCF20,Brain Meta Analysis,ADHD,Wald ratio,1,0.01,0.011,1.01,0.376,NA,NA,NA,0.013898655
KIAA1671,Brain Meta Analysis,ADHD,Wald ratio,1,-0.016,0.018,0.984,0.376,NA,NA,NA,0.011345577
PARD3,Brain Meta Analysis,ADHD,Wald ratio,1,-0.008,0.009,0.992,0.376,NA,NA,NA,0.007614614
HOXB3,Brain Meta Analysis,ADHD,Wald ratio,1,-0.036,0.041,0.964,0.376,NA,NA,NA,0.015247616
IKBKE,Brain Meta Analysis,ADHD,Wald ratio,1,0.021,0.023,1.021,0.377,NA,NA,NA,0.006954991
DUXA,Brain Meta Analysis,ADHD,Wald ratio,1,-0.015,0.017,0.985,0.377,NA,NA,NA,0.007534326
NPAS3,Brain Meta Analysis,ADHD,Weighted mode,3,0.029,0.026,1.03,0.377,0.105108198,0.145169656,0.617519268,0.004874554
COL28A1,Brain Meta Analysis,ADHD,Wald ratio,1,0.019,0.021,1.019,0.378,NA,NA,NA,0.009168162
VAV2,Brain Meta Analysis,ADHD,Wald ratio,1,-0.028,0.032,0.972,0.379,NA,NA,NA,0.007944842
EIF4A2,Brain Meta Analysis,ADHD,Wald ratio,1,-0.014,0.016,0.986,0.38,NA,NA,NA,0.0072132
AACS,Brain Meta Analysis,ADHD,Wald ratio,1,-0.017,0.02,0.983,0.38,NA,NA,NA,0.007213199
CIITA,Brain Meta Analysis,ADHD,Wald ratio,1,-0.017,0.02,0.983,0.38,NA,NA,NA,0.00713675
CELF1,Brain Meta Analysis,ADHD,Wald ratio,1,0.015,0.017,1.015,0.38,NA,NA,NA,0.005980718
UMODL1,Brain Meta Analysis,ADHD,Wald ratio,1,0.014,0.016,1.015,0.381,NA,NA,NA,0.00763067
SH2D1B,Brain Meta Analysis,ADHD,Inverse variance weighted,2,0.012,0.013,1.012,0.381,NA,0.515338119,NA,0.008281129
SNX20,Brain Meta Analysis,ADHD,Wald ratio,1,-0.019,0.021,0.982,0.382,NA,NA,NA,0.006972398
LRRC1,Brain Meta Analysis,ADHD,Wald ratio,1,-0.008,0.009,0.992,0.383,NA,NA,NA,0.006892892
C2orf69,Brain Meta Analysis,ADHD,Wald ratio,1,-0.032,0.037,0.968,0.383,NA,NA,NA,0.015752748
LTBP1,Brain Meta Analysis,ADHD,Wald ratio,1,-0.007,0.008,0.993,0.383,NA,NA,NA,0.006818213
SCIN,Brain Meta Analysis,ADHD,Wald ratio,1,0.008,0.009,1.008,0.383,NA,NA,NA,0.006818213
RFX2,Brain Meta Analysis,ADHD,Wald ratio,1,0.023,0.027,1.024,0.383,NA,NA,NA,0.007390758
CAMTA1,Brain Meta Analysis,ADHD,Weighted median,4,0.007,0.008,1.007,0.383,0.740204214,0.8611713,0.73648658,0.006994532
SPATA6,Brain Meta Analysis,ADHD,Wald ratio,1,-0.04,0.046,0.96,0.383,NA,NA,NA,0.018180092
CORO7,Brain Meta Analysis,ADHD,Inverse variance weighted,2,-0.024,0.027,0.977,0.384,NA,0.113965915,NA,0.048205477
CTNND2,Brain Meta Analysis,ADHD,Inverse variance weighted,2,0.015,0.017,1.015,0.384,NA,0.326739567,NA,0.007682516
NDUFB7,Brain Meta Analysis,ADHD,Wald ratio,1,-0.02,0.023,0.98,0.385,NA,NA,NA,0.007149902
MYO9B,Brain Meta Analysis,ADHD,Inverse variance weighted,2,0.005,0.006,1.005,0.385,NA,0.637487222,NA,0.005085991
RCAN1,Brain Meta Analysis,ADHD,Wald ratio,1,-0.011,0.013,0.989,0.386,NA,NA,NA,0.007567668
LDAH,Brain Meta Analysis,ADHD,Wald ratio,1,-0.007,0.008,0.993,0.387,NA,NA,NA,0.008058565
SPOCK1,Brain Meta Analysis,ADHD,Inverse variance weighted,2,-0.007,0.008,0.993,0.387,NA,0.348781269,NA,0.007434664
PER3,Brain Meta Analysis,ADHD,Wald ratio,1,0.017,0.02,1.017,0.387,NA,NA,NA,0.00847519
TRPC7,Brain Meta Analysis,ADHD,Wald ratio,1,-0.032,0.037,0.969,0.387,NA,NA,NA,0.009532127
SLC25A40,Brain Meta Analysis,ADHD,Wald ratio,1,0.032,0.037,1.032,0.388,NA,NA,NA,0.020996312
NPFFR2,Brain Meta Analysis,ADHD,Wald ratio,1,-0.016,0.018,0.985,0.388,NA,NA,NA,0.007408198
PGPEP1L,Brain Meta Analysis,ADHD,Wald ratio,1,0.016,0.019,1.016,0.388,NA,NA,NA,0.00683573
SLC10A7,Brain Meta Analysis,ADHD,Wald ratio,1,-0.024,0.028,0.976,0.388,NA,NA,NA,0.007323657
HID1,Brain Meta Analysis,ADHD,Wald ratio,1,-0.017,0.019,0.984,0.388,NA,NA,NA,0.006831276
SMC1B,Brain Meta Analysis,ADHD,Wald ratio,1,0.021,0.025,1.021,0.388,NA,NA,NA,0.006824214
PRDM16,Brain Meta Analysis,ADHD,Weighted median,4,0.015,0.017,1.015,0.388,0.00052778,0.001660532,0.919974185,0.030562822
AGXT2,Brain Meta Analysis,ADHD,Wald ratio,1,-0.021,0.024,0.98,0.389,NA,NA,NA,0.006754169
MYT1L,Brain Meta Analysis,ADHD,Inverse variance weighted,2,-0.014,0.016,0.986,0.389,NA,0.781483568,NA,0.00211769
LHX9,Brain Meta Analysis,ADHD,Wald ratio,1,0.02,0.023,1.02,0.389,NA,NA,NA,0.006751206
NOTCH2,Brain Meta Analysis,ADHD,Wald ratio,1,-0.035,0.04,0.966,0.389,NA,NA,NA,0.010754321
ZNF653,Brain Meta Analysis,ADHD,Wald ratio,1,-0.013,0.015,0.987,0.389,NA,NA,NA,0.014776381
ATP8B1,Brain Meta Analysis,ADHD,Wald ratio,1,-0.031,0.036,0.97,0.389,NA,NA,NA,0.007733811
IGF1R,Brain Meta Analysis,ADHD,Wald ratio,1,-0.008,0.009,0.992,0.39,NA,NA,NA,0.00980063
OBI1,Brain Meta Analysis,ADHD,Inverse variance weighted,2,0.024,0.027,1.024,0.39,NA,0.150686941,NA,0.004771662
CSNK2A1,Brain Meta Analysis,ADHD,Wald ratio,1,0.039,0.045,1.039,0.39,NA,NA,NA,0.016835568
HECW1,Brain Meta Analysis,ADHD,MR Egger,3,-0.277,0.196,0.758,0.392,0.735439333,0.348387809,0.392224631,0.005847495
PDE4B,Brain Meta Analysis,ADHD,Inverse variance weighted,2,-0.021,0.025,0.979,0.392,NA,0.186343952,NA,0.019856246
IL21R,Brain Meta Analysis,ADHD,Wald ratio,1,-0.035,0.04,0.966,0.393,NA,NA,NA,0.010371516
VWC2L,Brain Meta Analysis,ADHD,Wald ratio,1,-0.033,0.038,0.968,0.393,NA,NA,NA,0.007812768
ZNF396,Brain Meta Analysis,ADHD,Wald ratio,1,0.024,0.028,1.024,0.393,NA,NA,NA,0.00773089
KIAA0040,Brain Meta Analysis,ADHD,Wald ratio,1,-0.02,0.024,0.98,0.394,NA,NA,NA,0.007757552
CLUAP1,Brain Meta Analysis,ADHD,Wald ratio,1,-0.024,0.028,0.976,0.394,NA,NA,NA,0.00749947
MYO18B,Brain Meta Analysis,ADHD,Wald ratio,1,0.016,0.019,1.016,0.394,NA,NA,NA,0.00908094
FAM13A,Brain Meta Analysis,ADHD,Wald ratio,1,-0.016,0.019,0.984,0.395,NA,NA,NA,0.011368897
EEPD1,Brain Meta Analysis,ADHD,MR Egger,3,-0.086,0.062,0.917,0.396,0.217857862,0.104967471,0.394173456,0.030616566
FBLN2,Brain Meta Analysis,ADHD,MR Egger,3,-0.351,0.252,0.704,0.396,0.148099371,0.042242633,0.389921993,0.019275818
ACCS,Brain Meta Analysis,ADHD,Wald ratio,1,0.016,0.018,1.016,0.396,NA,NA,NA,0.009826324
AKAP6,Brain Meta Analysis,ADHD,Inverse variance weighted,2,0.017,0.02,1.017,0.397,NA,0.194960787,NA,0.009487225
PRIMPOL,Brain Meta Analysis,ADHD,Wald ratio,1,-0.014,0.016,0.987,0.397,NA,NA,NA,0.010155919
PDCD10,Brain Meta Analysis,ADHD,Wald ratio,1,0.007,0.008,1.007,0.397,NA,NA,NA,0.007367148
AFDN,Brain Meta Analysis,ADHD,Wald ratio,1,-0.021,0.024,0.98,0.397,NA,NA,NA,0.009087408
GLIS1,Brain Meta Analysis,ADHD,Inverse variance weighted,2,-0.007,0.008,0.993,0.398,NA,0.563972366,NA,0.009612744
POU2F3,Brain Meta Analysis,ADHD,Wald ratio,1,0.007,0.008,1.007,0.399,NA,NA,NA,0.012124601
RIN3,Brain Meta Analysis,ADHD,MR Egger,3,-0.112,0.081,0.894,0.399,0.3142793,0.191421145,0.37333298,0.004894445
CD83,Brain Meta Analysis,ADHD,Wald ratio,1,-0.01,0.011,0.99,0.399,NA,NA,NA,0.008118587
ADRA1D,Brain Meta Analysis,ADHD,Wald ratio,1,-0.016,0.019,0.984,0.399,NA,NA,NA,0.006790596
CUEDC1,Brain Meta Analysis,ADHD,Wald ratio,1,0.02,0.024,1.02,0.399,NA,NA,NA,0.009806995
AMDHD1,Brain Meta Analysis,ADHD,Wald ratio,1,0.007,0.008,1.007,0.4,NA,NA,NA,0.007622636
KIN,Brain Meta Analysis,ADHD,Wald ratio,1,-0.013,0.016,0.987,0.4,NA,NA,NA,0.006711838
DNAH5,Brain Meta Analysis,ADHD,Inverse variance weighted,2,0.015,0.018,1.016,0.4,NA,0.965412494,NA,0.007234842
DAB1,Brain Meta Analysis,ADHD,Weighted median,3,-0.005,0.006,0.995,0.4,0.123782971,0.055853892,0.442735286,0.004979892
KCNJ9,Brain Meta Analysis,ADHD,Wald ratio,1,-0.021,0.025,0.979,0.401,NA,NA,NA,0.010995513
CCDC40,Brain Meta Analysis,ADHD,Wald ratio,1,-0.023,0.027,0.977,0.401,NA,NA,NA,0.006334054
UROC1,Brain Meta Analysis,ADHD,Wald ratio,1,-0.025,0.03,0.975,0.401,NA,NA,NA,0.014391195
WRNIP1,Brain Meta Analysis,ADHD,Wald ratio,1,-0.022,0.026,0.978,0.401,NA,NA,NA,0.009166946
PLAT,Brain Meta Analysis,ADHD,Wald ratio,1,-0.02,0.024,0.98,0.401,NA,NA,NA,0.006112943
ZHX2,Brain Meta Analysis,ADHD,Wald ratio,1,0.028,0.033,1.028,0.401,NA,NA,NA,0.006631856
ERN1,Brain Meta Analysis,ADHD,Wald ratio,1,-0.022,0.026,0.978,0.401,NA,NA,NA,0.007728939
NRCAM,Brain Meta Analysis,ADHD,Simple mode,3,0.024,0.023,1.024,0.402,0.964050271,0.216490658,0.330683109,0.014881488
LRRK1,Brain Meta Analysis,ADHD,Inverse variance weighted,2,0.015,0.018,1.015,0.402,NA,0.738149908,NA,0.005817607
SPARC,Brain Meta Analysis,ADHD,Wald ratio,1,0.018,0.022,1.019,0.402,NA,NA,NA,0.006554815
CAPN12,Brain Meta Analysis,ADHD,Wald ratio,1,-0.012,0.015,0.988,0.402,NA,NA,NA,0.007799708
TMEM225B,Brain Meta Analysis,ADHD,Wald ratio,1,0.026,0.031,1.026,0.402,NA,NA,NA,0.024090203
ATP10B,Brain Meta Analysis,ADHD,Inverse variance weighted,2,0.006,0.007,1.006,0.403,NA,0.737190701,NA,0.007399273
CNDP2,Brain Meta Analysis,ADHD,Wald ratio,1,-0.018,0.022,0.982,0.403,NA,NA,NA,0.007724126
C2orf76,Brain Meta Analysis,ADHD,Wald ratio,1,-0.007,0.008,0.993,0.403,NA,NA,NA,0.007043685
TRAM2,Brain Meta Analysis,ADHD,Wald ratio,1,-0.027,0.032,0.974,0.403,NA,NA,NA,0.013532134
SORCS2,Brain Meta Analysis,ADHD,Inverse variance weighted,10,0.004,0.005,1.004,0.403,0.238312302,0.24728003,0.398114312,0.006976707
BDH1,Brain Meta Analysis,ADHD,Wald ratio,1,-0.015,0.018,0.985,0.404,NA,NA,NA,0.006814406
SCD5,Brain Meta Analysis,ADHD,Inverse variance weighted,3,0.014,0.017,1.014,0.404,0.945121738,0.964637276,0.838445358,0.005804355
CELF4,Brain Meta Analysis,ADHD,MR Egger,3,0.019,0.014,1.019,0.404,0.693711672,0.249955613,0.352426537,0.006017366
C10orf71,Brain Meta Analysis,ADHD,Wald ratio,1,-0.02,0.024,0.98,0.405,NA,NA,NA,0.013672789
ADCY10,Brain Meta Analysis,ADHD,Inverse variance weighted,2,0.013,0.016,1.014,0.405,NA,0.791898288,NA,0.00606341
ASIC2,Brain Meta Analysis,ADHD,Wald ratio,1,0.007,0.008,1.007,0.405,NA,NA,NA,0.00790361
CACNA1A,Brain Meta Analysis,ADHD,MR Egger,3,-0.018,0.013,0.982,0.406,0.478244476,0.194398742,0.34429246,0.016413123
SLC1A7,Brain Meta Analysis,ADHD,Inverse variance weighted,2,-0.02,0.024,0.981,0.406,NA,0.993144071,NA,0.007419482
FFAR2,Brain Meta Analysis,ADHD,Wald ratio,1,-0.027,0.033,0.973,0.406,NA,NA,NA,0.009064052
SGIP1,Brain Meta Analysis,ADHD,Wald ratio,1,-0.029,0.035,0.971,0.406,NA,NA,NA,0.007407336
SLC9A9,Brain Meta Analysis,ADHD,Inverse variance weighted,2,-0.023,0.028,0.977,0.407,NA,0.105490264,NA,0.029447344
FOXP1,Brain Meta Analysis,ADHD,MR Egger,5,-0.045,0.047,0.956,0.408,0.029776082,0.007396811,0.286222175,0.003055985
AP3B2,Brain Meta Analysis,ADHD,Wald ratio,1,0.006,0.008,1.006,0.408,NA,NA,NA,0.007251717
BMP8A,Brain Meta Analysis,ADHD,Wald ratio,1,-0.007,0.008,0.993,0.409,NA,NA,NA,0.012611986
HTR1F,Brain Meta Analysis,ADHD,Wald ratio,1,-0.013,0.016,0.987,0.409,NA,NA,NA,0.0067564
VAPB,Brain Meta Analysis,ADHD,Wald ratio,1,-0.013,0.016,0.987,0.409,NA,NA,NA,0.012607533
TMOD1,Brain Meta Analysis,ADHD,Wald ratio,1,-0.016,0.02,0.984,0.41,NA,NA,NA,0.006754123
ADCY7,Brain Meta Analysis,ADHD,Wald ratio,1,0.018,0.022,1.019,0.41,NA,NA,NA,0.007920338
MARCHF4,Brain Meta Analysis,ADHD,Inverse variance weighted,2,0.007,0.008,1.007,0.41,NA,0.553999204,NA,0.005528913
SRD5A1,Brain Meta Analysis,ADHD,Wald ratio,1,0.019,0.023,1.019,0.411,NA,NA,NA,0.00667425
EGFR,Brain Meta Analysis,ADHD,Wald ratio,1,-0.02,0.025,0.98,0.411,NA,NA,NA,0.007695572
MYO3A,Brain Meta Analysis,ADHD,Wald ratio,1,0.018,0.021,1.018,0.412,NA,NA,NA,0.008515873
SLC6A18,Brain Meta Analysis,ADHD,Wald ratio,1,0.007,0.009,1.007,0.412,NA,NA,NA,0.006597302
NPY5R,Brain Meta Analysis,ADHD,Wald ratio,1,-0.029,0.035,0.972,0.412,NA,NA,NA,0.006935961
AHCTF1,Brain Meta Analysis,ADHD,Wald ratio,1,-0.024,0.029,0.976,0.412,NA,NA,NA,0.007685766
GALNT9,Brain Meta Analysis,ADHD,Inverse variance weighted,2,-0.019,0.024,0.981,0.413,NA,0.341849472,NA,0.013378391
GRIP1,Brain Meta Analysis,ADHD,Inverse variance weighted,2,-0.014,0.017,0.986,0.413,NA,0.958106509,NA,0.006701963
PRPF40A,Brain Meta Analysis,ADHD,Wald ratio,1,-0.023,0.028,0.977,0.413,NA,NA,NA,0.006854748
IQCJ-SCHIP1,Brain Meta Analysis,ADHD,MR Egger,3,0.188,0.143,1.206,0.414,0.446558914,0.332389758,0.423617541,0.007644581
IFITM10,Brain Meta Analysis,ADHD,Wald ratio,1,0.019,0.023,1.019,0.414,NA,NA,NA,0.009016512
TLN2,Brain Meta Analysis,ADHD,Weighted mode,5,-0.007,0.008,0.993,0.414,0.29414529,0.357532156,0.517352412,0.008199868
CCDC3,Brain Meta Analysis,ADHD,Wald ratio,1,-0.01,0.012,0.99,0.415,NA,NA,NA,0.006699607
ADAM12,Brain Meta Analysis,ADHD,Weighted median,3,0.005,0.007,1.005,0.416,0.215128375,0.34737492,0.649728729,0.004957332
SOBP,Brain Meta Analysis,ADHD,Wald ratio,1,0.055,0.068,1.056,0.416,NA,NA,NA,0.032346911
TMEM132D,Brain Meta Analysis,ADHD,Weighted median,3,0.005,0.006,1.005,0.417,0.006554843,0.002999823,0.587785673,0.031792742
FMN2,Brain Meta Analysis,ADHD,Inverse variance weighted,3,-0.011,0.013,0.99,0.419,0.740780386,0.923415737,0.86007403,0.007715136
FLCN,Brain Meta Analysis,ADHD,Wald ratio,1,-0.007,0.009,0.993,0.419,NA,NA,NA,0.006463611
MAGI1,Brain Meta Analysis,ADHD,Simple mode,4,0.023,0.025,1.023,0.419,0.008403204,0.012338947,0.650366839,0.011056441
SLIT1,Brain Meta Analysis,ADHD,Inverse variance weighted,2,0.006,0.008,1.006,0.419,NA,0.881174562,NA,0.006215763
PXDN,Brain Meta Analysis,ADHD,Inverse variance weighted,2,0.031,0.039,1.032,0.419,NA,0.045525615,NA,0.006000152
PLSCR1,Brain Meta Analysis,ADHD,Wald ratio,1,0.014,0.018,1.014,0.419,NA,NA,NA,0.00822373
SLCO2A1,Brain Meta Analysis,ADHD,Inverse variance weighted,2,-0.006,0.007,0.994,0.419,NA,0.611065608,NA,0.00814695
JAZF1,Brain Meta Analysis,ADHD,Inverse variance weighted,2,0.007,0.008,1.007,0.419,NA,0.612253267,NA,0.006629983
ITGA6,Brain Meta Analysis,ADHD,Inverse variance weighted,2,-0.019,0.024,0.981,0.419,NA,0.797413999,NA,0.012707217
TCERG1L,Brain Meta Analysis,ADHD,Inverse variance weighted,3,0.008,0.01,1.008,0.419,0.606383616,0.738530615,0.663641202,0.010483306
RIOX2,Brain Meta Analysis,ADHD,Wald ratio,1,-0.015,0.019,0.985,0.42,NA,NA,NA,0.006385417
SLC39A11,Brain Meta Analysis,ADHD,MR Egger,3,0.029,0.023,1.03,0.42,0.350038802,0.239826899,0.393156922,0.010195884
COQ7,Brain Meta Analysis,ADHD,Wald ratio,1,0.02,0.025,1.02,0.421,NA,NA,NA,0.008072048
ADAM15,Brain Meta Analysis,ADHD,Wald ratio,1,0.017,0.021,1.017,0.421,NA,NA,NA,0.009818298
TULP4,Brain Meta Analysis,ADHD,Wald ratio,1,0.015,0.018,1.015,0.421,NA,NA,NA,0.010818173
CBR4,Brain Meta Analysis,ADHD,Wald ratio,1,-0.017,0.021,0.983,0.421,NA,NA,NA,0.01048351
TMEM252,Brain Meta Analysis,ADHD,Wald ratio,1,0.017,0.021,1.017,0.421,NA,NA,NA,0.011810364
MANSC4,Brain Meta Analysis,ADHD,Wald ratio,1,0.017,0.022,1.017,0.422,NA,NA,NA,0.007654715
EGFLAM,Brain Meta Analysis,ADHD,Inverse variance weighted,2,0.013,0.017,1.013,0.422,NA,0.584589016,NA,0.005005472
MYZAP,Brain Meta Analysis,ADHD,Wald ratio,1,0.022,0.027,1.022,0.423,NA,NA,NA,0.00665981
HOXD9,Brain Meta Analysis,ADHD,Wald ratio,1,0.087,0.109,1.091,0.423,NA,NA,NA,0.032231995
SH3BP1,Brain Meta Analysis,ADHD,Wald ratio,1,0.027,0.034,1.028,0.423,NA,NA,NA,0.014851475
C18orf63,Brain Meta Analysis,ADHD,Wald ratio,1,0.027,0.033,1.027,0.424,NA,NA,NA,0.008921269
EPHA5,Brain Meta Analysis,ADHD,Wald ratio,1,-0.007,0.008,0.993,0.425,NA,NA,NA,0.007086117
PRND,Brain Meta Analysis,ADHD,Wald ratio,1,-0.022,0.028,0.978,0.425,NA,NA,NA,0.006746965
ABCA13,Brain Meta Analysis,ADHD,Wald ratio,1,0.028,0.035,1.028,0.425,NA,NA,NA,0.004987281
CSGALNACT1,Brain Meta Analysis,ADHD,Inverse variance weighted,4,-0.006,0.007,0.994,0.425,0.423097282,0.572605376,0.650256261,0.002014201
ADCY9,Brain Meta Analysis,ADHD,Wald ratio,1,-0.019,0.023,0.981,0.425,NA,NA,NA,0.008017549
DOCK5,Brain Meta Analysis,ADHD,Inverse variance weighted,2,-0.006,0.008,0.994,0.426,NA,0.708342602,NA,0.006181397
MYOM1,Brain Meta Analysis,ADHD,Wald ratio,1,-0.031,0.038,0.97,0.426,NA,NA,NA,0.009878627
XKR4,Brain Meta Analysis,ADHD,Wald ratio,1,0.006,0.008,1.007,0.426,NA,NA,NA,0.006328687
KRBOX5,Brain Meta Analysis,ADHD,Wald ratio,1,0.013,0.017,1.013,0.427,NA,NA,NA,0.006928857
FIG4,Brain Meta Analysis,ADHD,Wald ratio,1,-0.023,0.029,0.978,0.427,NA,NA,NA,0.006589949
ZNF500,Brain Meta Analysis,ADHD,Wald ratio,1,-0.025,0.031,0.976,0.428,NA,NA,NA,0.007183432
C17orf99,Brain Meta Analysis,ADHD,Wald ratio,1,-0.016,0.021,0.984,0.429,NA,NA,NA,0.010963624
CWC27,Brain Meta Analysis,ADHD,Wald ratio,1,-0.007,0.009,0.993,0.429,NA,NA,NA,0.008374515
ROR1,Brain Meta Analysis,ADHD,Wald ratio,1,0.024,0.031,1.025,0.429,NA,NA,NA,0.00677172
LSM7,Brain Meta Analysis,ADHD,Wald ratio,1,0.026,0.033,1.026,0.43,NA,NA,NA,0.008884411
MXRA7,Brain Meta Analysis,ADHD,Wald ratio,1,0.007,0.008,1.007,0.43,NA,NA,NA,0.006434306
ZNF57,Brain Meta Analysis,ADHD,Wald ratio,1,-0.021,0.026,0.979,0.43,NA,NA,NA,0.006321386
COG5,Brain Meta Analysis,ADHD,Wald ratio,1,-0.006,0.008,0.994,0.43,NA,NA,NA,0.008296391
FUT9,Brain Meta Analysis,ADHD,MR Egger,3,-0.076,0.061,0.927,0.431,0.208510661,0.11395832,0.412402871,0.00580968
LIN7B,Brain Meta Analysis,ADHD,Wald ratio,1,0.007,0.009,1.007,0.432,NA,NA,NA,0.006614729
JPH3,Brain Meta Analysis,ADHD,Wald ratio,1,-0.007,0.009,0.993,0.432,NA,NA,NA,0.00754764
EDNRB,Brain Meta Analysis,ADHD,Wald ratio,1,-0.019,0.024,0.982,0.432,NA,NA,NA,0.006274963
HK1,Brain Meta Analysis,ADHD,Inverse variance weighted,2,0.013,0.017,1.013,0.432,NA,0.670726726,NA,0.006262146
TCF7,Brain Meta Analysis,ADHD,Inverse variance weighted,2,0.012,0.015,1.012,0.433,NA,0.829369632,NA,0.011847083
FAM110B,Brain Meta Analysis,ADHD,Inverse variance weighted,2,0.014,0.018,1.014,0.433,NA,0.900770999,NA,0.01015114
BAG1,Brain Meta Analysis,ADHD,Wald ratio,1,0.031,0.04,1.032,0.434,NA,NA,NA,0.00772342
WBP2NL,Brain Meta Analysis,ADHD,Wald ratio,1,0.006,0.007,1.006,0.434,NA,NA,NA,0.007131462
RHCG,Brain Meta Analysis,ADHD,Wald ratio,1,-0.023,0.029,0.977,0.434,NA,NA,NA,0.007393931
TRMT10C,Brain Meta Analysis,ADHD,Wald ratio,1,0.01,0.013,1.01,0.434,NA,NA,NA,0.006795905
NRIP1,Brain Meta Analysis,ADHD,Wald ratio,1,0.016,0.021,1.016,0.434,NA,NA,NA,0.011016929
TMEM196,Brain Meta Analysis,ADHD,Wald ratio,1,0.016,0.021,1.017,0.435,NA,NA,NA,0.008581054
SPRED2,Brain Meta Analysis,ADHD,Wald ratio,1,-0.007,0.009,0.993,0.435,NA,NA,NA,0.007651402
PLD1,Brain Meta Analysis,ADHD,Wald ratio,1,-0.019,0.024,0.981,0.435,NA,NA,NA,0.006710687
MYO16,Brain Meta Analysis,ADHD,Inverse variance weighted,2,-0.005,0.006,0.995,0.436,NA,0.591107737,NA,0.005157413
HMCN2,Brain Meta Analysis,ADHD,Wald ratio,1,0.015,0.02,1.015,0.436,NA,NA,NA,0.007310375
CORO1C,Brain Meta Analysis,ADHD,Wald ratio,1,0.021,0.026,1.021,0.436,NA,NA,NA,0.006313308
AP1S3,Brain Meta Analysis,ADHD,Wald ratio,1,0.022,0.028,1.022,0.436,NA,NA,NA,0.006979601
NME7,Brain Meta Analysis,ADHD,Wald ratio,1,0.019,0.024,1.019,0.438,NA,NA,NA,0.006553631
RAB5A,Brain Meta Analysis,ADHD,Wald ratio,1,0.019,0.024,1.019,0.438,NA,NA,NA,0.00655725
CD247,Brain Meta Analysis,ADHD,Inverse variance weighted,2,0.014,0.018,1.014,0.438,NA,0.004214684,NA,0.746216388
FAM120B,Brain Meta Analysis,ADHD,Wald ratio,1,0.017,0.022,1.017,0.439,NA,NA,NA,0.011667969
RNPEP,Brain Meta Analysis,ADHD,Wald ratio,1,0.007,0.009,1.007,0.439,NA,NA,NA,0.00648605
SYTL2,Brain Meta Analysis,ADHD,Wald ratio,1,-0.016,0.021,0.984,0.439,NA,NA,NA,0.007343258
TMEM132B,Brain Meta Analysis,ADHD,Inverse variance weighted,2,0.02,0.026,1.02,0.44,NA,0.000591761,NA,0.006525219
DAAM2,Brain Meta Analysis,ADHD,Inverse variance weighted,2,0.017,0.022,1.017,0.441,NA,0.881889684,NA,0.006815601
STXBP2,Brain Meta Analysis,ADHD,Wald ratio,1,-0.023,0.029,0.978,0.441,NA,NA,NA,0.006774858
ADAMTSL1,Brain Meta Analysis,ADHD,Inverse variance weighted,2,-0.021,0.027,0.979,0.441,NA,0.888493035,NA,0.0098118
KCNN3,Brain Meta Analysis,ADHD,Inverse variance weighted,2,-0.012,0.015,0.988,0.441,NA,0.720924011,NA,0.004870992
PROKR1,Brain Meta Analysis,ADHD,Wald ratio,1,-0.013,0.017,0.987,0.441,NA,NA,NA,0.000190637
FHIP2A,Brain Meta Analysis,ADHD,Wald ratio,1,-0.006,0.008,0.994,0.442,NA,NA,NA,0.00633127
CEMIP,Brain Meta Analysis,ADHD,Wald ratio,1,0.018,0.024,1.018,0.442,NA,NA,NA,0.008038485
LGALS12,Brain Meta Analysis,ADHD,Wald ratio,1,0.025,0.033,1.025,0.443,NA,NA,NA,0.008183197
CHST8,Brain Meta Analysis,ADHD,Inverse variance weighted,3,0.02,0.026,1.02,0.444,0.02657829,0.045202689,0.700160734,0.005889061
TBPL2,Brain Meta Analysis,ADHD,Wald ratio,1,0.016,0.021,1.017,0.444,NA,NA,NA,0.007627506
SLC7A7,Brain Meta Analysis,ADHD,Wald ratio,1,-0.014,0.019,0.986,0.446,NA,NA,NA,0.006171786
LRP2BP,Brain Meta Analysis,ADHD,Wald ratio,1,-0.007,0.009,0.993,0.446,NA,NA,NA,0.006694512
CDRT4,Brain Meta Analysis,ADHD,Wald ratio,1,0.011,0.015,1.012,0.446,NA,NA,NA,0.014226278
KSR1,Brain Meta Analysis,ADHD,Wald ratio,1,0.007,0.009,1.007,0.447,NA,NA,NA,0.007211232
PAPPA,Brain Meta Analysis,ADHD,Wald ratio,1,0.021,0.028,1.021,0.447,NA,NA,NA,0.006389542
PTPRR,Brain Meta Analysis,ADHD,Wald ratio,1,0.016,0.021,1.016,0.447,NA,NA,NA,0.006355177
SLC26A7,Brain Meta Analysis,ADHD,Wald ratio,1,-0.014,0.018,0.986,0.447,NA,NA,NA,0.006616323
OAF,Brain Meta Analysis,ADHD,Wald ratio,1,-0.023,0.03,0.978,0.448,NA,NA,NA,0.01532367
GNAO1,Brain Meta Analysis,ADHD,Wald ratio,1,-0.027,0.036,0.973,0.448,NA,NA,NA,0.006253969
MYOF,Brain Meta Analysis,ADHD,Inverse variance weighted,2,-0.008,0.01,0.992,0.448,NA,0.212122638,NA,0.015092768
RNF2,Brain Meta Analysis,ADHD,Wald ratio,1,0.026,0.034,1.026,0.449,NA,NA,NA,0.009197293
TMTC4,Brain Meta Analysis,ADHD,Wald ratio,1,0.022,0.029,1.022,0.449,NA,NA,NA,0.006404248
LRFN2,Brain Meta Analysis,ADHD,Inverse variance weighted,2,-0.007,0.009,0.993,0.449,NA,0.123900905,NA,0.00474232
CCNB1,Brain Meta Analysis,ADHD,Wald ratio,1,0.011,0.015,1.011,0.45,NA,NA,NA,0.005680238
PDZD7,Brain Meta Analysis,ADHD,Wald ratio,1,0.013,0.018,1.013,0.45,NA,NA,NA,0.006721857
SEMA5A,Brain Meta Analysis,ADHD,Inverse variance weighted,3,0.005,0.007,1.005,0.451,0.332182173,0.557151199,0.715604477,0.004849953
COL27A1,Brain Meta Analysis,ADHD,Weighted mode,3,-0.009,0.009,0.992,0.451,0.793098986,0.602463923,0.50905955,0.009401015
B4GALT5,Brain Meta Analysis,ADHD,Wald ratio,1,0.019,0.026,1.02,0.452,NA,NA,NA,0.007896837
ICOSLG,Brain Meta Analysis,ADHD,Wald ratio,1,0.015,0.02,1.015,0.452,NA,NA,NA,0.008974181
FSTL4,Brain Meta Analysis,ADHD,Wald ratio,1,-0.022,0.03,0.978,0.452,NA,NA,NA,0.007403857
PDE11A,Brain Meta Analysis,ADHD,Wald ratio,1,0.017,0.023,1.018,0.453,NA,NA,NA,0.009926051
RAB21,Brain Meta Analysis,ADHD,Wald ratio,1,0.006,0.008,1.006,0.453,NA,NA,NA,0.008639085
NR3C1,Brain Meta Analysis,ADHD,Wald ratio,1,0.007,0.009,1.007,0.455,NA,NA,NA,0.006232553
C7orf33,Brain Meta Analysis,ADHD,Wald ratio,1,-0.018,0.024,0.982,0.455,NA,NA,NA,0.006232553
USP13,Brain Meta Analysis,ADHD,Wald ratio,1,0.007,0.009,1.007,0.455,NA,NA,NA,0.006491661
MKNK1,Brain Meta Analysis,ADHD,Wald ratio,1,-0.02,0.026,0.98,0.456,NA,NA,NA,0.007102481
KLKB1,Brain Meta Analysis,ADHD,Wald ratio,1,0.02,0.027,1.02,0.456,NA,NA,NA,0.004902356
CTTN,Brain Meta Analysis,ADHD,Wald ratio,1,0.017,0.023,1.017,0.456,NA,NA,NA,0.007189419
AQR,Brain Meta Analysis,ADHD,Inverse variance weighted,2,-0.012,0.017,0.988,0.456,NA,0.430014308,NA,0.019584363
TPO,Brain Meta Analysis,ADHD,Wald ratio,1,-0.018,0.024,0.982,0.457,NA,NA,NA,0.014611011
CAVIN2,Brain Meta Analysis,ADHD,Wald ratio,1,0.007,0.01,1.007,0.457,NA,NA,NA,0.006411637
PRKAG2,Brain Meta Analysis,ADHD,Simple mode,4,0.017,0.02,1.017,0.457,0.400712987,0.553969516,0.660341241,0.009040976
SHISA6,Brain Meta Analysis,ADHD,Inverse variance weighted,3,-0.011,0.014,0.989,0.457,0.139156326,0.191360483,0.604601067,0.034057785
C10orf143,Brain Meta Analysis,ADHD,Wald ratio,1,0.012,0.016,1.012,0.458,NA,NA,NA,0.006595323
MICAL3,Brain Meta Analysis,ADHD,Simple mode,3,0.012,0.014,1.013,0.458,0.842844351,0.843846994,0.680876961,0.005390854
PPARA,Brain Meta Analysis,ADHD,Wald ratio,1,0.023,0.031,1.023,0.459,NA,NA,NA,0.015237216
C9orf153,Brain Meta Analysis,ADHD,Wald ratio,1,-0.007,0.009,0.994,0.46,NA,NA,NA,0.006256846
PRKCZ,Brain Meta Analysis,ADHD,Wald ratio,1,0.018,0.024,1.018,0.46,NA,NA,NA,0.00843969
EIF3D,Brain Meta Analysis,ADHD,Wald ratio,1,-0.03,0.04,0.971,0.46,NA,NA,NA,0.007134102
GHRL,Brain Meta Analysis,ADHD,Wald ratio,1,0.007,0.009,1.007,0.461,NA,NA,NA,0.006184323
NTRK2,Brain Meta Analysis,ADHD,Wald ratio,1,0.015,0.02,1.015,0.461,NA,NA,NA,0.006184322
VN1R2,Brain Meta Analysis,ADHD,Wald ratio,1,-0.016,0.022,0.984,0.461,NA,NA,NA,0.007406033
TMEM18,Brain Meta Analysis,ADHD,Wald ratio,1,-0.022,0.029,0.979,0.461,NA,NA,NA,0.006844446
SOSTDC1,Brain Meta Analysis,ADHD,Wald ratio,1,-0.019,0.025,0.982,0.462,NA,NA,NA,0.008899144
NFASC,Brain Meta Analysis,ADHD,Wald ratio,1,0.015,0.021,1.016,0.463,NA,NA,NA,0.096050226
DLC1,Brain Meta Analysis,ADHD,Wald ratio,1,-0.016,0.022,0.984,0.464,NA,NA,NA,0.006290846
JAK2,Brain Meta Analysis,ADHD,Wald ratio,1,-0.007,0.009,0.993,0.464,NA,NA,NA,0.007507913
TENT4A,Brain Meta Analysis,ADHD,Wald ratio,1,-0.017,0.024,0.983,0.465,NA,NA,NA,0.006286365
PTPRQ,Brain Meta Analysis,ADHD,Inverse variance weighted,2,0.007,0.01,1.007,0.465,NA,0.759799936,NA,0.011966354
HAPSTR1,Brain Meta Analysis,ADHD,Wald ratio,1,-0.013,0.017,0.987,0.465,NA,NA,NA,0.00576836
RAB31,Brain Meta Analysis,ADHD,Wald ratio,1,0.011,0.015,1.011,0.466,NA,NA,NA,0.006213982
MYO5A,Brain Meta Analysis,ADHD,Wald ratio,1,0.015,0.02,1.015,0.466,NA,NA,NA,0.009964336
MPV17,Brain Meta Analysis,ADHD,Wald ratio,1,-0.006,0.008,0.994,0.466,NA,NA,NA,0.006915004
ABTB3,Brain Meta Analysis,ADHD,Inverse variance weighted,2,0.013,0.018,1.013,0.466,NA,0.212393475,NA,0.006211581
CLCA2,Brain Meta Analysis,ADHD,Inverse variance weighted,2,-0.02,0.028,0.98,0.467,NA,0.443997704,NA,0.008635297
GNB4,Brain Meta Analysis,ADHD,Wald ratio,1,0.019,0.027,1.019,0.467,NA,NA,NA,0.006393365
ACTL8,Brain Meta Analysis,ADHD,Wald ratio,1,-0.017,0.024,0.983,0.468,NA,NA,NA,0.007278869
AKNAD1,Brain Meta Analysis,ADHD,Wald ratio,1,0.015,0.021,1.015,0.468,NA,NA,NA,0.006577376
TNIK,Brain Meta Analysis,ADHD,MR Egger,3,-0.02,0.018,0.98,0.469,0.361660432,0.379145943,0.48374949,0.008540231
FNDC3B,Brain Meta Analysis,ADHD,Wald ratio,1,0.013,0.017,1.013,0.469,NA,NA,NA,0.006762334
PAPSS1,Brain Meta Analysis,ADHD,Wald ratio,1,0.008,0.011,1.008,0.469,NA,NA,NA,0.006413696
SLC40A1,Brain Meta Analysis,ADHD,Wald ratio,1,-0.006,0.009,0.994,0.469,NA,NA,NA,0.006761299
PRKCB,Brain Meta Analysis,ADHD,Inverse variance weighted,2,0.004,0.006,1.004,0.469,NA,0.950119114,NA,0.006491393
NEDD4L,Brain Meta Analysis,ADHD,Simple mode,3,0.011,0.012,1.011,0.471,0.295582477,0.557579227,0.837722098,0.007201574
ELMOD1,Brain Meta Analysis,ADHD,Wald ratio,1,-0.01,0.013,0.99,0.471,NA,NA,NA,0.011400725
CASZ1,Brain Meta Analysis,ADHD,Wald ratio,1,-0.007,0.01,0.993,0.471,NA,NA,NA,0.013091397
CSF2RB,Brain Meta Analysis,ADHD,Wald ratio,1,-0.007,0.01,0.993,0.471,NA,NA,NA,0.006427473
PPFIBP2,Brain Meta Analysis,ADHD,Inverse variance weighted,2,0.013,0.019,1.013,0.473,NA,0.215171908,NA,0.015621361
CARD14,Brain Meta Analysis,ADHD,Wald ratio,1,-0.022,0.03,0.978,0.473,NA,NA,NA,0.006582104
VNN1,Brain Meta Analysis,ADHD,Wald ratio,1,0.017,0.023,1.017,0.474,NA,NA,NA,0.006347002
GNG7,Brain Meta Analysis,ADHD,Wald ratio,1,0.032,0.044,1.032,0.474,NA,NA,NA,0.007607362
CDH7,Brain Meta Analysis,ADHD,Wald ratio,1,-0.028,0.04,0.972,0.474,NA,NA,NA,0.006403826
CLEC1A,Brain Meta Analysis,ADHD,Wald ratio,1,0.006,0.008,1.006,0.475,NA,NA,NA,0.006274902
RNFT2,Brain Meta Analysis,ADHD,Wald ratio,1,-0.043,0.06,0.958,0.475,NA,NA,NA,0.02107876
SERINC5,Brain Meta Analysis,ADHD,Wald ratio,1,-0.006,0.009,0.994,0.476,NA,NA,NA,0.006013864
AOX1,Brain Meta Analysis,ADHD,Wald ratio,1,-0.01,0.014,0.99,0.476,NA,NA,NA,0.006011653
HAP1,Brain Meta Analysis,ADHD,Wald ratio,1,0.012,0.017,1.012,0.476,NA,NA,NA,0.008407558
DENND1C,Brain Meta Analysis,ADHD,Wald ratio,1,-0.017,0.024,0.983,0.477,NA,NA,NA,0.006198278
FEM1C,Brain Meta Analysis,ADHD,Wald ratio,1,0.019,0.027,1.02,0.477,NA,NA,NA,0.007082028
ASGR2,Brain Meta Analysis,ADHD,Wald ratio,1,0.012,0.017,1.012,0.478,NA,NA,NA,0.006822807
PTPRA,Brain Meta Analysis,ADHD,Wald ratio,1,0.024,0.034,1.025,0.478,NA,NA,NA,0.014069417
MPRIP,Brain Meta Analysis,ADHD,Wald ratio,1,-0.02,0.029,0.98,0.478,NA,NA,NA,0.014071841
ME1,Brain Meta Analysis,ADHD,Wald ratio,1,0.006,0.009,1.006,0.478,NA,NA,NA,0.006565311
ARHGAP17,Brain Meta Analysis,ADHD,Wald ratio,1,0.006,0.008,1.006,0.479,NA,NA,NA,0.006562308
KANK1,Brain Meta Analysis,ADHD,Inverse variance weighted,2,0.019,0.028,1.02,0.48,NA,0.229452803,NA,0.005972218
SH3D19,Brain Meta Analysis,ADHD,Wald ratio,1,-0.017,0.024,0.983,0.48,NA,NA,NA,0.00693078
KCNC1,Brain Meta Analysis,ADHD,Wald ratio,1,-0.007,0.01,0.993,0.48,NA,NA,NA,0.006930467
GRAP2,Brain Meta Analysis,ADHD,Wald ratio,1,-0.02,0.029,0.98,0.481,NA,NA,NA,0.006043061
HIF3A,Brain Meta Analysis,ADHD,Inverse variance weighted,2,-0.011,0.015,0.989,0.482,NA,0.828284357,NA,0.008574988
VAC14,Brain Meta Analysis,ADHD,Wald ratio,1,-0.006,0.009,0.994,0.482,NA,NA,NA,0.007037856
CD9,Brain Meta Analysis,ADHD,Wald ratio,1,-0.017,0.024,0.983,0.483,NA,NA,NA,0.005964931
GAR1,Brain Meta Analysis,ADHD,Wald ratio,1,0.007,0.009,1.007,0.483,NA,NA,NA,0.007405874
PKHD1,Brain Meta Analysis,ADHD,Wald ratio,1,-0.019,0.027,0.982,0.483,NA,NA,NA,0.006017949
ADAM29,Brain Meta Analysis,ADHD,Wald ratio,1,-0.025,0.036,0.975,0.485,NA,NA,NA,0.005858255
RGS7,Brain Meta Analysis,ADHD,Wald ratio,1,-0.022,0.031,0.979,0.485,NA,NA,NA,0.00607709
GULP1,Brain Meta Analysis,ADHD,Wald ratio,1,0.015,0.022,1.015,0.487,NA,NA,NA,0.005816242
TACC2,Brain Meta Analysis,ADHD,MR Egger,3,0.073,0.07,1.076,0.488,0.1740112,0.109682792,0.44761091,0.005131323
CMTM7,Brain Meta Analysis,ADHD,Wald ratio,1,-0.02,0.029,0.98,0.489,NA,NA,NA,0.005924807
IGF1,Brain Meta Analysis,ADHD,Wald ratio,1,-0.017,0.025,0.983,0.489,NA,NA,NA,0.001376679
HERC4,Brain Meta Analysis,ADHD,Wald ratio,1,-0.019,0.027,0.981,0.49,NA,NA,NA,0.007454274
NUP62,Brain Meta Analysis,ADHD,Wald ratio,1,-0.006,0.009,0.994,0.49,NA,NA,NA,0.006918355
TUB,Brain Meta Analysis,ADHD,Wald ratio,1,0.034,0.05,1.035,0.49,NA,NA,NA,0.013551711
AJAP1,Brain Meta Analysis,ADHD,Inverse variance weighted,2,0.01,0.014,1.01,0.49,NA,0.797602357,NA,0.007528761
ULBP1,Brain Meta Analysis,ADHD,Wald ratio,1,0.045,0.065,1.046,0.49,NA,NA,NA,0.017763993
CAMK4,Brain Meta Analysis,ADHD,Wald ratio,1,0.013,0.019,1.013,0.491,NA,NA,NA,0.007653483
ADCY8,Brain Meta Analysis,ADHD,Wald ratio,1,-0.027,0.039,0.974,0.491,NA,NA,NA,0.011610908
PCDHB11,Brain Meta Analysis,ADHD,Wald ratio,1,-0.029,0.042,0.971,0.492,NA,NA,NA,0.024904266
FLI1,Brain Meta Analysis,ADHD,Wald ratio,1,-0.018,0.026,0.982,0.492,NA,NA,NA,0.006289795
SMPD3,Brain Meta Analysis,ADHD,Wald ratio,1,0.016,0.024,1.016,0.492,NA,NA,NA,0.007392073
CHST11,Brain Meta Analysis,ADHD,MR Egger,3,0.343,0.335,1.409,0.493,0.062015687,0.030065897,0.498026869,0.008748192
COL22A1,Brain Meta Analysis,ADHD,Wald ratio,1,-0.026,0.038,0.974,0.493,NA,NA,NA,0.010783422
MAST3,Brain Meta Analysis,ADHD,Wald ratio,1,0.019,0.028,1.019,0.493,NA,NA,NA,0.008929072
CSMD3,Brain Meta Analysis,ADHD,Inverse variance weighted,2,-0.005,0.007,0.995,0.493,NA,0.902280001,NA,0.007589639
SKI,Brain Meta Analysis,ADHD,Wald ratio,1,-0.022,0.032,0.978,0.494,NA,NA,NA,0.017160327
KLHL1,Brain Meta Analysis,ADHD,Wald ratio,1,-0.014,0.02,0.986,0.494,NA,NA,NA,0.005956627
GPR161,Brain Meta Analysis,ADHD,Wald ratio,1,0.005,0.008,1.005,0.494,NA,NA,NA,0.006142229
FUT10,Brain Meta Analysis,ADHD,Wald ratio,1,-0.021,0.031,0.979,0.496,NA,NA,NA,0.015232696
CHN2,Brain Meta Analysis,ADHD,Inverse variance weighted,3,-0.007,0.01,0.993,0.496,0.752232296,0.886156865,0.770536595,0.006600602
PDGFRB,Brain Meta Analysis,ADHD,Wald ratio,1,0.016,0.023,1.016,0.496,NA,NA,NA,0.005880362
NASP,Brain Meta Analysis,ADHD,Wald ratio,1,0.006,0.009,1.006,0.497,NA,NA,NA,0.006431754
AFAP1,Brain Meta Analysis,ADHD,Inverse variance weighted,2,-0.02,0.029,0.98,0.497,NA,0.153875496,NA,0.000703283
MND1,Brain Meta Analysis,ADHD,Wald ratio,1,0.022,0.032,1.022,0.497,NA,NA,NA,0.00698405
TMEM14A,Brain Meta Analysis,ADHD,Wald ratio,1,0.015,0.022,1.015,0.499,NA,NA,NA,0.006173401
SDK1,Brain Meta Analysis,ADHD,MR Egger,4,-0.016,0.019,0.985,0.499,0.149793248,0.178415844,0.523691034,0.00634323
MFSD1,Brain Meta Analysis,ADHD,Wald ratio,1,0.012,0.018,1.012,0.499,NA,NA,NA,0.00844662
ATP1B1,Brain Meta Analysis,ADHD,Wald ratio,1,0.018,0.026,1.018,0.499,NA,NA,NA,0.00671776
ZNF385B,Brain Meta Analysis,ADHD,Weighted mode,3,0.015,0.019,1.016,0.499,0.144670405,0.325676493,0.853882739,0.005764976
STAC,Brain Meta Analysis,ADHD,Wald ratio,1,0.016,0.024,1.017,0.499,NA,NA,NA,0.00671338
FOXM1,Brain Meta Analysis,ADHD,Wald ratio,1,-0.021,0.031,0.979,0.499,NA,NA,NA,0.011236216
COL5A3,Brain Meta Analysis,ADHD,Wald ratio,1,0.016,0.023,1.016,0.499,NA,NA,NA,0.007093028
TCFL5,Brain Meta Analysis,ADHD,Wald ratio,1,-0.017,0.025,0.983,0.5,NA,NA,NA,0.008739586
COL8A1,Brain Meta Analysis,ADHD,Wald ratio,1,0.012,0.018,1.012,0.501,NA,NA,NA,0.006284484
B3GNTL1,Brain Meta Analysis,ADHD,Inverse variance weighted,2,0.005,0.007,1.005,0.501,NA,0.893222889,NA,0.005881783
ERCC6,Brain Meta Analysis,ADHD,Wald ratio,1,0.015,0.022,1.015,0.501,NA,NA,NA,0.0090909
SYNDIG1,Brain Meta Analysis,ADHD,Wald ratio,1,-0.012,0.018,0.988,0.501,NA,NA,NA,0.006833347
UBAC2,Brain Meta Analysis,ADHD,Wald ratio,1,0.005,0.008,1.005,0.501,NA,NA,NA,0.007752446
PRKG1,Brain Meta Analysis,ADHD,Weighted mode,3,0.007,0.008,1.007,0.501,0.020528882,0.060060865,0.862471627,0.00661567
LMO7,Brain Meta Analysis,ADHD,Inverse variance weighted,2,-0.006,0.008,0.994,0.502,NA,0.186370114,NA,0.015673885
AIPL1,Brain Meta Analysis,ADHD,Wald ratio,1,0.036,0.054,1.037,0.502,NA,NA,NA,0.019068861
STOX1,Brain Meta Analysis,ADHD,Wald ratio,1,0.018,0.026,1.018,0.502,NA,NA,NA,0.014589181
HSPG2,Brain Meta Analysis,ADHD,Inverse variance weighted,2,-0.009,0.014,0.991,0.502,NA,0.922338478,NA,0.006724922
FBN3,Brain Meta Analysis,ADHD,Inverse variance weighted,2,0.005,0.008,1.005,0.503,NA,0.993745397,NA,0.00726416
PELI3,Brain Meta Analysis,ADHD,Wald ratio,1,0.013,0.019,1.013,0.503,NA,NA,NA,0.006573826
KIAA1549L,Brain Meta Analysis,ADHD,Wald ratio,1,0.012,0.018,1.012,0.505,NA,NA,NA,0.004726405
EVC,Brain Meta Analysis,ADHD,Wald ratio,1,-0.015,0.022,0.985,0.505,NA,NA,NA,0.006869276
SEMA3D,Brain Meta Analysis,ADHD,Wald ratio,1,0.005,0.008,1.005,0.505,NA,NA,NA,0.005949101
LEP,Brain Meta Analysis,ADHD,Wald ratio,1,-0.012,0.018,0.988,0.505,NA,NA,NA,0.005579463
STK10,Brain Meta Analysis,ADHD,MR Egger,3,0.016,0.016,1.016,0.505,0.497836182,0.47030362,0.49235571,0.006692526
KCNJ4,Brain Meta Analysis,ADHD,Wald ratio,1,-0.006,0.009,0.994,0.507,NA,NA,NA,0.006057609
SLC20A1,Brain Meta Analysis,ADHD,Wald ratio,1,-0.017,0.025,0.983,0.507,NA,NA,NA,0.006607844
MACROD1,Brain Meta Analysis,ADHD,Inverse variance weighted,2,-0.009,0.013,0.991,0.508,NA,0.366265348,NA,0.01636184
ZNF618,Brain Meta Analysis,ADHD,Wald ratio,1,-0.008,0.013,0.992,0.509,NA,NA,NA,0.006717112
CPSF6,Brain Meta Analysis,ADHD,Wald ratio,1,0.011,0.016,1.011,0.509,NA,NA,NA,0.006533266
PCNX2,Brain Meta Analysis,ADHD,Wald ratio,1,-0.019,0.028,0.982,0.51,NA,NA,NA,0.008756656
TNFRSF10C,Brain Meta Analysis,ADHD,Wald ratio,1,0.005,0.008,1.005,0.51,NA,NA,NA,0.007377334
GADL1,Brain Meta Analysis,ADHD,Inverse variance weighted,3,0.01,0.016,1.01,0.511,0.494187644,0.769950924,0.852757771,0.006153231
NOL10,Brain Meta Analysis,ADHD,Wald ratio,1,0.012,0.018,1.012,0.511,NA,NA,NA,0.00646194
COL26A1,Brain Meta Analysis,ADHD,Wald ratio,1,-0.021,0.032,0.979,0.511,NA,NA,NA,0.011044273
PRICKLE2,Brain Meta Analysis,ADHD,Inverse variance weighted,2,-0.004,0.007,0.996,0.511,NA,0.554663162,NA,0.010078424
MIER1,Brain Meta Analysis,ADHD,Wald ratio,1,0.012,0.018,1.012,0.511,NA,NA,NA,0.006642219
TRAK1,Brain Meta Analysis,ADHD,Wald ratio,1,0.005,0.007,1.005,0.511,NA,NA,NA,0.006642219
DOP1A,Brain Meta Analysis,ADHD,Wald ratio,1,-0.005,0.008,0.995,0.511,NA,NA,NA,0.008217146
ZNF439,Brain Meta Analysis,ADHD,Wald ratio,1,0.013,0.019,1.013,0.512,NA,NA,NA,0.005908453
RAMP1,Brain Meta Analysis,ADHD,Wald ratio,1,0.016,0.024,1.016,0.512,NA,NA,NA,0.005906598
VEGFA,Brain Meta Analysis,ADHD,Wald ratio,1,0.014,0.022,1.014,0.512,NA,NA,NA,0.005908453
ECH1,Brain Meta Analysis,ADHD,Wald ratio,1,-0.017,0.026,0.983,0.512,NA,NA,NA,0.005871463
ERGIC1,Brain Meta Analysis,ADHD,Inverse variance weighted,2,0.005,0.008,1.005,0.512,NA,0.358581587,NA,0.007772957
SPSB4,Brain Meta Analysis,ADHD,Wald ratio,1,0.018,0.028,1.018,0.513,NA,NA,NA,0.005740757
DLEC1,Brain Meta Analysis,ADHD,Wald ratio,1,-0.012,0.018,0.988,0.514,NA,NA,NA,0.006018047
UBR2,Brain Meta Analysis,ADHD,Wald ratio,1,0.005,0.008,1.005,0.514,NA,NA,NA,0.005833373
HS3ST4,Brain Meta Analysis,ADHD,Weighted median,3,-0.005,0.008,0.995,0.514,0.768864688,0.850020558,0.710714784,0.005378568
ZNF71,Brain Meta Analysis,ADHD,Wald ratio,1,-0.01,0.015,0.99,0.514,NA,NA,NA,0.007045106
MYO3B,Brain Meta Analysis,ADHD,MR Egger,5,-0.045,0.061,0.956,0.516,0.426322672,0.504450117,0.513707654,0.006298806
GNB1,Brain Meta Analysis,ADHD,Wald ratio,1,0.011,0.017,1.011,0.516,NA,NA,NA,0.005943336
TBX10,Brain Meta Analysis,ADHD,Wald ratio,1,0.015,0.023,1.015,0.516,NA,NA,NA,0.005942521
GRIK4,Brain Meta Analysis,ADHD,Weighted median,3,-0.005,0.007,0.995,0.517,0.10168857,0.257711915,0.929664836,0.029059547
UGT2A1,Brain Meta Analysis,ADHD,Wald ratio,1,-0.027,0.042,0.973,0.517,NA,NA,NA,0.013782242
SBK1,Brain Meta Analysis,ADHD,Wald ratio,1,-0.01,0.015,0.99,0.518,NA,NA,NA,0.005869088
DDIT4L,Brain Meta Analysis,ADHD,Wald ratio,1,0.006,0.009,1.006,0.518,NA,NA,NA,0.005869088
CAPZB,Brain Meta Analysis,ADHD,Wald ratio,1,-0.009,0.014,0.991,0.518,NA,NA,NA,0.005868477
AP3S2,Brain Meta Analysis,ADHD,Wald ratio,1,0.017,0.027,1.017,0.52,NA,NA,NA,0.006147169
PITRM1,Brain Meta Analysis,ADHD,Wald ratio,1,-0.014,0.021,0.986,0.52,NA,NA,NA,0.00616288
TRDN,Brain Meta Analysis,ADHD,Wald ratio,1,-0.019,0.03,0.981,0.52,NA,NA,NA,0.006824832
PYGL,Brain Meta Analysis,ADHD,Wald ratio,1,0.013,0.02,1.013,0.52,NA,NA,NA,0.00597859
DNAH10,Brain Meta Analysis,ADHD,Wald ratio,1,-0.012,0.019,0.988,0.52,NA,NA,NA,0.00597859
OCA2,Brain Meta Analysis,ADHD,Weighted median,4,0.008,0.012,1.008,0.521,0.414448932,0.56059927,0.64110981,0.004899681
THSD4,Brain Meta Analysis,ADHD,Simple mode,3,-0.009,0.011,0.992,0.521,0.828918915,0.804185053,0.644922839,0.00652925
OAS3,Brain Meta Analysis,ADHD,Wald ratio,1,0.006,0.009,1.006,0.522,NA,NA,NA,0.006088117
ANKEF1,Brain Meta Analysis,ADHD,Wald ratio,1,-0.019,0.029,0.982,0.523,NA,NA,NA,0.005904549
LMCD1,Brain Meta Analysis,ADHD,Wald ratio,1,0.005,0.008,1.005,0.523,NA,NA,NA,0.005720849
CYP2U1,Brain Meta Analysis,ADHD,Wald ratio,1,-0.006,0.009,0.994,0.523,NA,NA,NA,0.005719308
WNT5B,Brain Meta Analysis,ADHD,Wald ratio,1,-0.014,0.021,0.986,0.523,NA,NA,NA,0.016689063
DSC3,Brain Meta Analysis,ADHD,Wald ratio,1,-0.014,0.023,0.986,0.524,NA,NA,NA,0.006860278
CHRNA2,Brain Meta Analysis,ADHD,Wald ratio,1,0.036,0.057,1.037,0.524,NA,NA,NA,0.01733569
ZNF274,Brain Meta Analysis,ADHD,Wald ratio,1,0.017,0.026,1.017,0.524,NA,NA,NA,0.000185276
VAMP2,Brain Meta Analysis,ADHD,Wald ratio,1,-0.023,0.036,0.977,0.525,NA,NA,NA,0.00600707
PTER,Brain Meta Analysis,ADHD,Wald ratio,1,-0.01,0.016,0.99,0.525,NA,NA,NA,0.007810987
CFAP46,Brain Meta Analysis,ADHD,Wald ratio,1,-0.016,0.026,0.984,0.525,NA,NA,NA,0.008324895
MCHR2,Brain Meta Analysis,ADHD,Wald ratio,1,0.02,0.032,1.02,0.525,NA,NA,NA,0.005829442
CNEP1R1,Brain Meta Analysis,ADHD,Wald ratio,1,0.005,0.008,1.005,0.525,NA,NA,NA,0.006490451
CTPS1,Brain Meta Analysis,ADHD,Wald ratio,1,0.005,0.008,1.005,0.526,NA,NA,NA,0.006966961
SLA,Brain Meta Analysis,ADHD,Wald ratio,1,-0.012,0.019,0.988,0.526,NA,NA,NA,0.011810465
REXO4,Brain Meta Analysis,ADHD,Wald ratio,1,0.012,0.019,1.012,0.526,NA,NA,NA,0.011646152
CMYA5,Brain Meta Analysis,ADHD,Wald ratio,1,-0.014,0.022,0.986,0.526,NA,NA,NA,0.008571253
GALNTL6,Brain Meta Analysis,ADHD,Wald ratio,1,-0.006,0.01,0.994,0.526,NA,NA,NA,0.009048991
RECQL,Brain Meta Analysis,ADHD,Wald ratio,1,-0.015,0.024,0.985,0.527,NA,NA,NA,0.005898229
DCBLD1,Brain Meta Analysis,ADHD,Wald ratio,1,0.017,0.027,1.017,0.527,NA,NA,NA,0.006155871
SEPTIN9,Brain Meta Analysis,ADHD,Inverse variance weighted,2,0.013,0.021,1.013,0.527,NA,0.731004169,NA,0.006791822
DNAI2,Brain Meta Analysis,ADHD,Wald ratio,1,-0.006,0.01,0.994,0.527,NA,NA,NA,0.0064168
MUC12,Brain Meta Analysis,ADHD,Wald ratio,1,0.016,0.026,1.017,0.528,NA,NA,NA,0.005713319
ADAMTS12,Brain Meta Analysis,ADHD,Wald ratio,1,-0.014,0.023,0.986,0.529,NA,NA,NA,0.056711697
TRIM38,Brain Meta Analysis,ADHD,Wald ratio,1,0.011,0.018,1.012,0.529,NA,NA,NA,0.005866625
NIPSNAP3A,Brain Meta Analysis,ADHD,Wald ratio,1,-0.019,0.03,0.981,0.53,NA,NA,NA,0.005865529
NEURL1B,Brain Meta Analysis,ADHD,Wald ratio,1,0.008,0.013,1.008,0.53,NA,NA,NA,0.0072964
STON1,Brain Meta Analysis,ADHD,Wald ratio,1,0.018,0.028,1.018,0.53,NA,NA,NA,0.005682969
OSER1,Brain Meta Analysis,ADHD,Wald ratio,1,0.018,0.029,1.019,0.53,NA,NA,NA,0.006159924
NRG3,Brain Meta Analysis,ADHD,Wald ratio,1,0.02,0.032,1.02,0.531,NA,NA,NA,0.00693195
ZNF175,Brain Meta Analysis,ADHD,Wald ratio,1,0.006,0.009,1.006,0.531,NA,NA,NA,0.005976524
TCP11L1,Brain Meta Analysis,ADHD,Wald ratio,1,-0.017,0.028,0.983,0.532,NA,NA,NA,0.005493352
BRD1,Brain Meta Analysis,ADHD,Wald ratio,1,0.03,0.049,1.031,0.533,NA,NA,NA,0.017516116
CD109,Brain Meta Analysis,ADHD,Wald ratio,1,0.018,0.029,1.018,0.533,NA,NA,NA,0.008463668
YTHDC2,Brain Meta Analysis,ADHD,Wald ratio,1,-0.01,0.015,0.99,0.533,NA,NA,NA,0.007515698
FADS2,Brain Meta Analysis,ADHD,Wald ratio,1,-0.015,0.025,0.985,0.533,NA,NA,NA,0.006356736
RGCC,Brain Meta Analysis,ADHD,Wald ratio,1,-0.02,0.032,0.98,0.534,NA,NA,NA,0.013637606
CDYL2,Brain Meta Analysis,ADHD,Inverse variance weighted,2,-0.009,0.014,0.991,0.534,NA,0.935038681,NA,0.005488114
MGST2,Brain Meta Analysis,ADHD,Inverse variance weighted,2,0.005,0.009,1.005,0.535,NA,0.673145667,NA,0.006276464
NPS,Brain Meta Analysis,ADHD,Wald ratio,1,-0.037,0.059,0.964,0.535,NA,NA,NA,0.014070801
ATP11A,Brain Meta Analysis,ADHD,Wald ratio,1,-0.012,0.02,0.988,0.536,NA,NA,NA,0.006307074
AIFM3,Brain Meta Analysis,ADHD,Wald ratio,1,-0.018,0.029,0.982,0.536,NA,NA,NA,0.006292991
BRCA2,Brain Meta Analysis,ADHD,Wald ratio,1,-0.013,0.022,0.987,0.536,NA,NA,NA,0.007077912
NEK3,Brain Meta Analysis,ADHD,Wald ratio,1,0.01,0.016,1.01,0.536,NA,NA,NA,0.00582807
SLC6A13,Brain Meta Analysis,ADHD,Wald ratio,1,0.017,0.027,1.017,0.537,NA,NA,NA,0.005321014
PHLDB2,Brain Meta Analysis,ADHD,Wald ratio,1,-0.006,0.009,0.994,0.537,NA,NA,NA,0.007187446
CDKL1,Brain Meta Analysis,ADHD,Wald ratio,1,0.017,0.027,1.017,0.538,NA,NA,NA,0.006120977
RAB27A,Brain Meta Analysis,ADHD,Wald ratio,1,0.006,0.009,1.006,0.538,NA,NA,NA,0.005939672
TFF2,Brain Meta Analysis,ADHD,Wald ratio,1,0.017,0.027,1.017,0.538,NA,NA,NA,0.006368803
ABCC8,Brain Meta Analysis,ADHD,Wald ratio,1,0.013,0.022,1.013,0.539,NA,NA,NA,0.006526048
EZR,Brain Meta Analysis,ADHD,Wald ratio,1,-0.006,0.009,0.994,0.539,NA,NA,NA,0.005754301
PLPP4,Brain Meta Analysis,ADHD,Wald ratio,1,0.015,0.025,1.016,0.539,NA,NA,NA,0.008349281
SESN3,Brain Meta Analysis,ADHD,Wald ratio,1,0.005,0.008,1.005,0.539,NA,NA,NA,0.006049798
TNFRSF1A,Brain Meta Analysis,ADHD,Wald ratio,1,0.014,0.024,1.015,0.539,NA,NA,NA,0.006049025
FAM135B,Brain Meta Analysis,ADHD,MR Egger,3,0.056,0.064,1.058,0.54,0.340951713,0.452227412,0.560936425,0.005165711
OTOG,Brain Meta Analysis,ADHD,Wald ratio,1,0.013,0.021,1.013,0.541,NA,NA,NA,0.005682953
TMEM178B,Brain Meta Analysis,ADHD,Inverse variance weighted,2,0.013,0.021,1.013,0.542,NA,0.504096661,NA,0.008107641
WFDC11,Brain Meta Analysis,ADHD,Wald ratio,1,0.005,0.008,1.005,0.542,NA,NA,NA,0.007333794
SEL1L3,Brain Meta Analysis,ADHD,Wald ratio,1,-0.018,0.03,0.982,0.542,NA,NA,NA,0.007332445
RAD54L,Brain Meta Analysis,ADHD,Wald ratio,1,-0.02,0.033,0.98,0.543,NA,NA,NA,0.006873832
E2F3,Brain Meta Analysis,ADHD,Wald ratio,1,-0.016,0.027,0.984,0.543,NA,NA,NA,0.005299276
TMC3,Brain Meta Analysis,ADHD,Inverse variance weighted,2,-0.009,0.015,0.991,0.543,NA,0.852187306,NA,0.008668914
JCAD,Brain Meta Analysis,ADHD,Inverse variance weighted,2,0.021,0.035,1.022,0.544,NA,0.012799552,NA,0.005990811
UNC45A,Brain Meta Analysis,ADHD,Wald ratio,1,0.015,0.025,1.015,0.544,NA,NA,NA,0.008901342
RPS6KL1,Brain Meta Analysis,ADHD,Wald ratio,1,-0.006,0.01,0.994,0.545,NA,NA,NA,0.006491487
FSTL5,Brain Meta Analysis,ADHD,Wald ratio,1,-0.013,0.021,0.987,0.545,NA,NA,NA,0.006491487
MGLL,Brain Meta Analysis,ADHD,Wald ratio,1,0.03,0.05,1.031,0.545,NA,NA,NA,0.009660332
TXNDC5,Brain Meta Analysis,ADHD,Wald ratio,1,-0.011,0.018,0.989,0.546,NA,NA,NA,0.005717989
ZNF525,Brain Meta Analysis,ADHD,Wald ratio,1,0.023,0.038,1.023,0.546,NA,NA,NA,0.005579672
LRRC27,Brain Meta Analysis,ADHD,Wald ratio,1,-0.018,0.029,0.983,0.546,NA,NA,NA,0.009858351
PRPF3,Brain Meta Analysis,ADHD,Wald ratio,1,-0.005,0.008,0.995,0.547,NA,NA,NA,0.008354464
SMYD3,Brain Meta Analysis,ADHD,Inverse variance weighted,2,0.013,0.021,1.013,0.547,NA,0.242198699,NA,0.005903633
MDN1,Brain Meta Analysis,ADHD,Wald ratio,1,0.008,0.014,1.008,0.547,NA,NA,NA,0.006667763
SERPINE2,Brain Meta Analysis,ADHD,Inverse variance weighted,2,-0.011,0.019,0.989,0.547,NA,0.382534357,NA,0.012475009
FARSA,Brain Meta Analysis,ADHD,Wald ratio,1,-0.011,0.018,0.989,0.547,NA,NA,NA,0.007577732
KCP,Brain Meta Analysis,ADHD,Wald ratio,1,-0.013,0.022,0.987,0.548,NA,NA,NA,0.010125519
EML1,Brain Meta Analysis,ADHD,Wald ratio,1,-0.009,0.015,0.991,0.548,NA,NA,NA,0.005941126
FMO2,Brain Meta Analysis,ADHD,Inverse variance weighted,2,-0.013,0.022,0.987,0.549,NA,0.344752338,NA,0.006408284
ANKRD49,Brain Meta Analysis,ADHD,Wald ratio,1,0.009,0.014,1.009,0.549,NA,NA,NA,0.005939712
KCNAB2,Brain Meta Analysis,ADHD,Inverse variance weighted,2,0.016,0.026,1.016,0.549,NA,0.278310019,NA,0.017092567
TNN,Brain Meta Analysis,ADHD,Wald ratio,1,-0.012,0.021,0.988,0.549,NA,NA,NA,0.014912219
ALKAL2,Brain Meta Analysis,ADHD,Wald ratio,1,0.017,0.029,1.017,0.55,NA,NA,NA,0.00658384
GABRB3,Brain Meta Analysis,ADHD,Wald ratio,1,0.011,0.018,1.011,0.55,NA,NA,NA,0.006051537
KCNH1,Brain Meta Analysis,ADHD,Inverse variance weighted,2,0.009,0.015,1.009,0.55,NA,0.264827619,NA,0.006843402
BNIP2,Brain Meta Analysis,ADHD,Wald ratio,1,-0.005,0.008,0.995,0.551,NA,NA,NA,0.00616193
GJA3,Brain Meta Analysis,ADHD,Wald ratio,1,0.008,0.013,1.008,0.551,NA,NA,NA,0.006747918
ARSB,Brain Meta Analysis,ADHD,Inverse variance weighted,2,0.004,0.007,1.004,0.551,NA,0.85200908,NA,0.006754127
CIT,Brain Meta Analysis,ADHD,Wald ratio,1,0.005,0.009,1.005,0.552,NA,NA,NA,0.005571478
RORA,Brain Meta Analysis,ADHD,MR Egger,5,0.083,0.124,1.086,0.552,0.527079091,0.607781482,0.536905464,0.005360627
CCDC127,Brain Meta Analysis,ADHD,Wald ratio,1,-0.021,0.036,0.979,0.552,NA,NA,NA,0.006565818
PNPLA6,Brain Meta Analysis,ADHD,Wald ratio,1,-0.014,0.023,0.986,0.552,NA,NA,NA,0.005685146
CAND1,Brain Meta Analysis,ADHD,Wald ratio,1,0.01,0.016,1.01,0.553,NA,NA,NA,0.011253324
DCTN5,Brain Meta Analysis,ADHD,Wald ratio,1,0.025,0.041,1.025,0.553,NA,NA,NA,0.019983768
PRMT3,Brain Meta Analysis,ADHD,Wald ratio,1,-0.016,0.027,0.984,0.553,NA,NA,NA,0.009809839
GPRIN3,Brain Meta Analysis,ADHD,Inverse variance weighted,2,0.009,0.015,1.009,0.553,NA,0.961814295,NA,0.008162136
PTPRE,Brain Meta Analysis,ADHD,Wald ratio,1,-0.005,0.009,0.995,0.554,NA,NA,NA,0.005795768
SIM2,Brain Meta Analysis,ADHD,Wald ratio,1,0.006,0.009,1.006,0.554,NA,NA,NA,0.005795768
GOLM1,Brain Meta Analysis,ADHD,Wald ratio,1,0.009,0.016,1.009,0.554,NA,NA,NA,0.00864882
NFATC1,Brain Meta Analysis,ADHD,Inverse variance weighted,2,0.004,0.007,1.004,0.554,NA,0.72240378,NA,0.019820799
EREG,Brain Meta Analysis,ADHD,Wald ratio,1,0.019,0.032,1.019,0.555,NA,NA,NA,0.007190859
FAM163A,Brain Meta Analysis,ADHD,Inverse variance weighted,2,-0.008,0.014,0.992,0.555,NA,0.027741619,NA,0.081261449
SLC6A5,Brain Meta Analysis,ADHD,Wald ratio,1,0.005,0.009,1.005,0.555,NA,NA,NA,0.005612533
RUNX2,Brain Meta Analysis,ADHD,Wald ratio,1,0.011,0.019,1.011,0.556,NA,NA,NA,0.006310296
SMOC2,Brain Meta Analysis,ADHD,Wald ratio,1,-0.01,0.017,0.99,0.556,NA,NA,NA,0.006310189
SMAD9,Brain Meta Analysis,ADHD,Wald ratio,1,0.015,0.025,1.015,0.557,NA,NA,NA,0.006420711
WDR25,Brain Meta Analysis,ADHD,Inverse variance weighted,2,0.012,0.021,1.012,0.558,NA,0.575307119,NA,0.01604802
ARID5B,Brain Meta Analysis,ADHD,Wald ratio,1,-0.015,0.026,0.985,0.558,NA,NA,NA,0.005500835
SSH2,Brain Meta Analysis,ADHD,Wald ratio,1,0.014,0.024,1.014,0.558,NA,NA,NA,0.005820198
HAS1,Brain Meta Analysis,ADHD,Wald ratio,1,-0.015,0.025,0.985,0.559,NA,NA,NA,0.006238036
LARP7,Brain Meta Analysis,ADHD,Wald ratio,1,-0.009,0.015,0.991,0.559,NA,NA,NA,0.005536699
COL20A1,Brain Meta Analysis,ADHD,Wald ratio,1,-0.018,0.03,0.983,0.559,NA,NA,NA,0.015977823
CREB3L2,Brain Meta Analysis,ADHD,Inverse variance weighted,2,0.006,0.011,1.006,0.559,NA,0.209014857,NA,0.02775
SCTR,Brain Meta Analysis,ADHD,Wald ratio,1,0.01,0.017,1.01,0.559,NA,NA,NA,0.005944615
PHYH,Brain Meta Analysis,ADHD,Wald ratio,1,0.014,0.025,1.015,0.559,NA,NA,NA,0.005645252
FFAR4,Brain Meta Analysis,ADHD,Wald ratio,1,0.005,0.009,1.005,0.56,NA,NA,NA,0.009814512
LBH,Brain Meta Analysis,ADHD,Wald ratio,1,0.009,0.016,1.009,0.56,NA,NA,NA,0.005356098
B4GALNT1,Brain Meta Analysis,ADHD,Wald ratio,1,0.012,0.021,1.012,0.56,NA,NA,NA,0.006053309
PAQR6,Brain Meta Analysis,ADHD,Wald ratio,1,0.021,0.036,1.021,0.56,NA,NA,NA,0.007837772
KCNH7,Brain Meta Analysis,ADHD,Wald ratio,1,-0.013,0.022,0.987,0.561,NA,NA,NA,0.006864185
ZNF695,Brain Meta Analysis,ADHD,Wald ratio,1,-0.017,0.029,0.983,0.561,NA,NA,NA,0.007558248
DNAH17,Brain Meta Analysis,ADHD,Inverse variance weighted,2,0.004,0.007,1.004,0.561,NA,0.576544706,NA,0.006982697
PON3,Brain Meta Analysis,ADHD,Wald ratio,1,0.013,0.022,1.013,0.561,NA,NA,NA,0.005467225
ITGB5,Brain Meta Analysis,ADHD,Wald ratio,1,0.012,0.02,1.012,0.562,NA,NA,NA,0.007265036
BEND3,Brain Meta Analysis,ADHD,Wald ratio,1,0.008,0.013,1.008,0.562,NA,NA,NA,0.00726504
BTC,Brain Meta Analysis,ADHD,Wald ratio,1,-0.015,0.026,0.985,0.563,NA,NA,NA,0.008451398
MRC2,Brain Meta Analysis,ADHD,Wald ratio,1,-0.028,0.049,0.972,0.563,NA,NA,NA,0.013577779
PALLD,Brain Meta Analysis,ADHD,Simple mode,3,-0.006,0.009,0.994,0.563,0.043552717,0.130429237,0.998258725,0.007226056
TIMMDC1,Brain Meta Analysis,ADHD,Wald ratio,1,0.025,0.044,1.026,0.564,NA,NA,NA,0.01743157
KCNQ3,Brain Meta Analysis,ADHD,Inverse variance weighted,2,0.012,0.021,1.012,0.564,NA,0.180785036,NA,0.00616193
CCM2,Brain Meta Analysis,ADHD,Wald ratio,1,0.023,0.04,1.023,0.564,NA,NA,NA,0.014674777
ACAN,Brain Meta Analysis,ADHD,Wald ratio,1,-0.015,0.027,0.985,0.565,NA,NA,NA,0.009178275
USP16,Brain Meta Analysis,ADHD,Inverse variance weighted,2,0.014,0.025,1.014,0.565,NA,0.283648759,NA,0.009123123
MAPK9,Brain Meta Analysis,ADHD,Wald ratio,1,-0.005,0.008,0.995,0.565,NA,NA,NA,0.005797761
UTP18,Brain Meta Analysis,ADHD,Wald ratio,1,-0.01,0.018,0.99,0.565,NA,NA,NA,0.00550612
KLHL33,Brain Meta Analysis,ADHD,Wald ratio,1,0.015,0.027,1.016,0.566,NA,NA,NA,0.006958936
KASH5,Brain Meta Analysis,ADHD,Wald ratio,1,-0.005,0.008,0.995,0.566,NA,NA,NA,0.00631513
TENM3,Brain Meta Analysis,ADHD,Wald ratio,1,-0.009,0.016,0.991,0.566,NA,NA,NA,0.019264115
BACH2,Brain Meta Analysis,ADHD,Wald ratio,1,-0.011,0.019,0.989,0.566,NA,NA,NA,0.005908969
SERTM1,Brain Meta Analysis,ADHD,Wald ratio,1,-0.015,0.026,0.985,0.567,NA,NA,NA,0.006828908
SLTM,Brain Meta Analysis,ADHD,Wald ratio,1,-0.018,0.032,0.982,0.567,NA,NA,NA,0.011225576
TRIM22,Brain Meta Analysis,ADHD,Wald ratio,1,-0.005,0.009,0.995,0.567,NA,NA,NA,0.005728272
TMPRSS15,Brain Meta Analysis,ADHD,Wald ratio,1,0.01,0.018,1.01,0.568,NA,NA,NA,0.006941347
CELSR1,Brain Meta Analysis,ADHD,Wald ratio,1,-0.006,0.01,0.994,0.568,NA,NA,NA,0.006941347
APBA2,Brain Meta Analysis,ADHD,Wald ratio,1,0.015,0.026,1.015,0.568,NA,NA,NA,0.011837437
SMCO2,Brain Meta Analysis,ADHD,Wald ratio,1,-0.025,0.043,0.976,0.568,NA,NA,NA,0.01440696
DSCAML1,Brain Meta Analysis,ADHD,Weighted mode,4,0.005,0.008,1.005,0.569,0.211859163,0.349591515,0.764422212,0.004506561
ADAMTS5,Brain Meta Analysis,ADHD,Wald ratio,1,-0.014,0.025,0.986,0.569,NA,NA,NA,0.007452767
NCOA1,Brain Meta Analysis,ADHD,Wald ratio,1,-0.011,0.019,0.989,0.569,NA,NA,NA,0.005431049
PHETA1,Brain Meta Analysis,ADHD,Wald ratio,1,-0.01,0.017,0.99,0.57,NA,NA,NA,0.006353512
MATN4,Brain Meta Analysis,ADHD,Wald ratio,1,0.014,0.024,1.014,0.571,NA,NA,NA,0.006752644
STK24,Brain Meta Analysis,ADHD,Wald ratio,1,-0.005,0.008,0.995,0.571,NA,NA,NA,0.005653193
LYSMD4,Brain Meta Analysis,ADHD,Wald ratio,1,0.005,0.009,1.005,0.571,NA,NA,NA,0.006575279
CTBP2,Brain Meta Analysis,ADHD,Wald ratio,1,0.014,0.025,1.014,0.571,NA,NA,NA,0.006142053
GFOD1,Brain Meta Analysis,ADHD,Wald ratio,1,0.005,0.009,1.005,0.571,NA,NA,NA,0.006754491
FAM234B,Brain Meta Analysis,ADHD,Wald ratio,1,-0.011,0.019,0.989,0.571,NA,NA,NA,0.000269613
KCNS3,Brain Meta Analysis,ADHD,Inverse variance weighted,2,-0.011,0.019,0.989,0.572,NA,0.747062725,NA,0.011438833
CLIC6,Brain Meta Analysis,ADHD,Wald ratio,1,0.015,0.026,1.015,0.572,NA,NA,NA,0.005959168
RASSF8,Brain Meta Analysis,ADHD,Wald ratio,1,0.009,0.016,1.009,0.572,NA,NA,NA,0.009748335
SMARCE1,Brain Meta Analysis,ADHD,Wald ratio,1,0.009,0.016,1.009,0.572,NA,NA,NA,0.005878311
USP49,Brain Meta Analysis,ADHD,Wald ratio,1,-0.014,0.025,0.986,0.573,NA,NA,NA,0.005459183
FLT1,Brain Meta Analysis,ADHD,Wald ratio,1,0.017,0.031,1.018,0.573,NA,NA,NA,0.013802355
CNGA3,Brain Meta Analysis,ADHD,Wald ratio,1,-0.005,0.009,0.995,0.573,NA,NA,NA,0.005875866
CAV3,Brain Meta Analysis,ADHD,Wald ratio,1,0.012,0.021,1.012,0.573,NA,NA,NA,0.006392597
PROZ,Brain Meta Analysis,ADHD,Wald ratio,1,0.011,0.019,1.011,0.573,NA,NA,NA,0.007824054
NKX1-2,Brain Meta Analysis,ADHD,Wald ratio,1,-0.014,0.025,0.986,0.573,NA,NA,NA,0.007777507
HUNK,Brain Meta Analysis,ADHD,Wald ratio,1,0.005,0.009,1.005,0.573,NA,NA,NA,0.005584374
PHYHIP,Brain Meta Analysis,ADHD,Wald ratio,1,-0.011,0.02,0.989,0.574,NA,NA,NA,0.005987155
DNASE1L3,Brain Meta Analysis,ADHD,Wald ratio,1,0.004,0.008,1.004,0.575,NA,NA,NA,0.006614465
ZDHHC14,Brain Meta Analysis,ADHD,Weighted mode,4,-0.005,0.009,0.995,0.575,0.022805992,0.055790993,0.966746511,0.031738781
AGPAT5,Brain Meta Analysis,ADHD,Wald ratio,1,0.004,0.008,1.004,0.575,NA,NA,NA,0.005692532
ZBTB38,Brain Meta Analysis,ADHD,Inverse variance weighted,2,0.013,0.022,1.013,0.576,NA,0.099521299,NA,0.010079418
LRRC4C,Brain Meta Analysis,ADHD,Weighted mode,3,-0.013,0.019,0.987,0.576,0.026370549,0.084917661,0.993040053,0.007007515
TUFT1,Brain Meta Analysis,ADHD,Wald ratio,1,0.01,0.018,1.01,0.577,NA,NA,NA,0.006028631
GABRR1,Brain Meta Analysis,ADHD,Wald ratio,1,0.011,0.02,1.011,0.578,NA,NA,NA,0.007682198
LYPD6,Brain Meta Analysis,ADHD,Wald ratio,1,0.014,0.026,1.015,0.578,NA,NA,NA,0.006620385
RASGEF1C,Brain Meta Analysis,ADHD,Weighted median,3,0.005,0.008,1.005,0.578,0.557297008,0.721998488,0.677865649,0.004988936
MALRD1,Brain Meta Analysis,ADHD,Wald ratio,1,-0.01,0.017,0.99,0.579,NA,NA,NA,0.006360337
ZBTB46,Brain Meta Analysis,ADHD,Wald ratio,1,-0.011,0.02,0.989,0.58,NA,NA,NA,0.008122236
PWP2,Brain Meta Analysis,ADHD,Wald ratio,1,-0.017,0.03,0.984,0.58,NA,NA,NA,0.007057054
DPP4,Brain Meta Analysis,ADHD,Wald ratio,1,0.005,0.009,1.005,0.581,NA,NA,NA,0.005552106
ZC3H14,Brain Meta Analysis,ADHD,Wald ratio,1,0.013,0.023,1.013,0.581,NA,NA,NA,0.006691046
SPP1,Brain Meta Analysis,ADHD,Wald ratio,1,-0.011,0.02,0.989,0.581,NA,NA,NA,0.005549544
DPYS,Brain Meta Analysis,ADHD,Wald ratio,1,0.017,0.031,1.017,0.581,NA,NA,NA,0.006175808
PIK3C2G,Brain Meta Analysis,ADHD,Wald ratio,1,-0.014,0.025,0.986,0.581,NA,NA,NA,0.007826086
GSE1,Brain Meta Analysis,ADHD,Wald ratio,1,0.013,0.024,1.013,0.582,NA,NA,NA,0.006804795
ORC5,Brain Meta Analysis,ADHD,Wald ratio,1,0.005,0.009,1.005,0.583,NA,NA,NA,0.006400934
PPP3CA,Brain Meta Analysis,ADHD,Wald ratio,1,0.01,0.018,1.01,0.584,NA,NA,NA,0.007135764
ABCB1,Brain Meta Analysis,ADHD,Wald ratio,1,0.009,0.017,1.009,0.584,NA,NA,NA,0.005366996
FARP1,Brain Meta Analysis,ADHD,MR Egger,7,0.005,0.009,1.005,0.584,0.870390896,0.869902644,0.458703079,0.005321945
PTPN5,Brain Meta Analysis,ADHD,Wald ratio,1,0.005,0.008,1.005,0.584,NA,NA,NA,0.005994754
CARMIL1,Brain Meta Analysis,ADHD,Inverse variance weighted,2,-0.004,0.008,0.996,0.584,NA,0.680620066,NA,0.005435875
DOCK4,Brain Meta Analysis,ADHD,Inverse variance weighted,2,-0.005,0.008,0.995,0.584,NA,0.399769191,NA,0.005138013
DGKE,Brain Meta Analysis,ADHD,Wald ratio,1,-0.01,0.019,0.99,0.585,NA,NA,NA,0.007980721
AKAP10,Brain Meta Analysis,ADHD,Wald ratio,1,0.012,0.022,1.012,0.585,NA,NA,NA,0.008091244
LCOR,Brain Meta Analysis,ADHD,Wald ratio,1,0.015,0.027,1.015,0.586,NA,NA,NA,0.0037209
ZNF107,Brain Meta Analysis,ADHD,Wald ratio,1,0.024,0.044,1.024,0.586,NA,NA,NA,0.009554298
ARPP21,Brain Meta Analysis,ADHD,Inverse variance weighted,2,0.004,0.008,1.005,0.586,NA,0.445421208,NA,0.006378075
TAF8,Brain Meta Analysis,ADHD,Wald ratio,1,-0.004,0.008,0.996,0.587,NA,NA,NA,0.008531138
LCP2,Brain Meta Analysis,ADHD,Wald ratio,1,-0.012,0.023,0.988,0.587,NA,NA,NA,0.00592297
DDC,Brain Meta Analysis,ADHD,Inverse variance weighted,2,-0.009,0.017,0.991,0.587,NA,0.696842107,NA,0.006682174
PPP1R7,Brain Meta Analysis,ADHD,Wald ratio,1,0.019,0.035,1.019,0.587,NA,NA,NA,0.010603465
ADGRB3,Brain Meta Analysis,ADHD,Wald ratio,1,0.005,0.009,1.005,0.588,NA,NA,NA,0.005407147
GSTA4,Brain Meta Analysis,ADHD,Wald ratio,1,-0.014,0.025,0.986,0.588,NA,NA,NA,0.00824119
CLRN2,Brain Meta Analysis,ADHD,Wald ratio,1,-0.023,0.043,0.977,0.588,NA,NA,NA,0.014046333
TCF7L1,Brain Meta Analysis,ADHD,Wald ratio,1,0.014,0.025,1.014,0.588,NA,NA,NA,0.005464569
SQOR,Brain Meta Analysis,ADHD,Wald ratio,1,-0.005,0.009,0.995,0.588,NA,NA,NA,0.008351892
TMEM209,Brain Meta Analysis,ADHD,Wald ratio,1,-0.007,0.013,0.993,0.589,NA,NA,NA,0.010534141
SSRP1,Brain Meta Analysis,ADHD,Wald ratio,1,0.01,0.018,1.01,0.589,NA,NA,NA,0.007217511
PCYOX1L,Brain Meta Analysis,ADHD,Wald ratio,1,-0.025,0.047,0.975,0.59,NA,NA,NA,0.012754662
BRI3BP,Brain Meta Analysis,ADHD,Wald ratio,1,0.006,0.01,1.006,0.591,NA,NA,NA,0.005963638
PCSK2,Brain Meta Analysis,ADHD,Wald ratio,1,0.009,0.017,1.009,0.591,NA,NA,NA,0.005337688
HRH2,Brain Meta Analysis,ADHD,Wald ratio,1,-0.015,0.029,0.985,0.591,NA,NA,NA,0.006738895
BCO2,Brain Meta Analysis,ADHD,Wald ratio,1,0.035,0.066,1.036,0.591,NA,NA,NA,0.006359972
C1QL3,Brain Meta Analysis,ADHD,Wald ratio,1,-0.006,0.011,0.994,0.591,NA,NA,NA,0.009959434
LPO,Brain Meta Analysis,ADHD,Wald ratio,1,0.014,0.026,1.014,0.591,NA,NA,NA,0.009648431
ADAMTS16,Brain Meta Analysis,ADHD,Weighted mode,4,0.005,0.009,1.005,0.591,0.396808221,0.574293372,0.742258133,0.011913195
TMEM127,Brain Meta Analysis,ADHD,Wald ratio,1,-0.005,0.009,0.995,0.592,NA,NA,NA,0.005447522
NRF1,Brain Meta Analysis,ADHD,Wald ratio,1,-0.006,0.011,0.994,0.592,NA,NA,NA,0.005560991
TMEM217,Brain Meta Analysis,ADHD,Wald ratio,1,0.014,0.027,1.014,0.592,NA,NA,NA,0.005873002
NXNL1,Brain Meta Analysis,ADHD,Wald ratio,1,-0.013,0.024,0.987,0.593,NA,NA,NA,0.005704067
SLC9A3,Brain Meta Analysis,ADHD,Wald ratio,1,-0.015,0.028,0.985,0.593,NA,NA,NA,0.009151322
ASB1,Brain Meta Analysis,ADHD,Wald ratio,1,-0.009,0.017,0.991,0.594,NA,NA,NA,0.005892604
MKX,Brain Meta Analysis,ADHD,Wald ratio,1,0.004,0.008,1.004,0.594,NA,NA,NA,0.008652488
ADAMTS7,Brain Meta Analysis,ADHD,Wald ratio,1,0.01,0.019,1.01,0.594,NA,NA,NA,0.00600408
CCDC88C,Brain Meta Analysis,ADHD,Inverse variance weighted,2,-0.013,0.024,0.987,0.594,NA,0.227409479,NA,0.008455387
RCL1,Brain Meta Analysis,ADHD,Wald ratio,1,0.01,0.018,1.01,0.595,NA,NA,NA,0.005378245
DIP2A,Brain Meta Analysis,ADHD,Wald ratio,1,-0.011,0.02,0.989,0.595,NA,NA,NA,0.008869638
NID2,Brain Meta Analysis,ADHD,Wald ratio,1,0.011,0.02,1.011,0.595,NA,NA,NA,0.005376734
GRM6,Brain Meta Analysis,ADHD,Wald ratio,1,0.005,0.009,1.005,0.595,NA,NA,NA,0.005489925
TSPAN11,Brain Meta Analysis,ADHD,Wald ratio,1,-0.009,0.018,0.991,0.595,NA,NA,NA,0.014271219
FAM167A,Brain Meta Analysis,ADHD,Wald ratio,1,-0.009,0.018,0.991,0.596,NA,NA,NA,0.005710738
CECR2,Brain Meta Analysis,ADHD,Simple mode,3,0.015,0.024,1.015,0.597,0.163433198,0.378480206,0.985457613,0.006687842
AZIN2,Brain Meta Analysis,ADHD,Wald ratio,1,-0.026,0.048,0.975,0.597,NA,NA,NA,0.017105805
GOLGA8B,Brain Meta Analysis,ADHD,Wald ratio,1,0.008,0.015,1.008,0.598,NA,NA,NA,0.005065079
PIGF,Brain Meta Analysis,ADHD,Wald ratio,1,0.009,0.017,1.009,0.598,NA,NA,NA,0.008401676
GPR158,Brain Meta Analysis,ADHD,Wald ratio,1,-0.01,0.019,0.99,0.598,NA,NA,NA,0.005306093
DHX16,Brain Meta Analysis,ADHD,Wald ratio,1,0.03,0.057,1.03,0.599,NA,NA,NA,0.02732399
AHR,Brain Meta Analysis,ADHD,Wald ratio,1,-0.013,0.024,0.987,0.599,NA,NA,NA,0.005525507
ZBTB20,Brain Meta Analysis,ADHD,Inverse variance weighted,2,0.014,0.026,1.014,0.599,NA,0.201768761,NA,0.005542915
CD44,Brain Meta Analysis,ADHD,Wald ratio,1,-0.011,0.02,0.99,0.599,NA,NA,NA,0.005528899
MACROH2A2,Brain Meta Analysis,ADHD,Wald ratio,1,-0.01,0.02,0.99,0.6,NA,NA,NA,0.011601538
KDM4B,Brain Meta Analysis,ADHD,Wald ratio,1,-0.01,0.018,0.99,0.601,NA,NA,NA,0.006199182
USP7,Brain Meta Analysis,ADHD,Wald ratio,1,0.007,0.013,1.007,0.601,NA,NA,NA,0.006199182
LHX1,Brain Meta Analysis,ADHD,Wald ratio,1,-0.015,0.029,0.985,0.601,NA,NA,NA,0.013484888
CDH13,Brain Meta Analysis,ADHD,Inverse variance weighted,6,-0.004,0.007,0.996,0.601,0.085573896,0.12778924,0.68302993,0.017335238
ZDHHC21,Brain Meta Analysis,ADHD,Wald ratio,1,-0.013,0.025,0.987,0.602,NA,NA,NA,0.006478537
BFSP2,Brain Meta Analysis,ADHD,Inverse variance weighted,2,-0.006,0.012,0.994,0.603,NA,0.224291239,NA,0.009435503
MACROD2,Brain Meta Analysis,ADHD,MR Egger,4,0.011,0.018,1.011,0.603,0.887593175,0.788987315,0.462583547,0.004882633
SYN3,Brain Meta Analysis,ADHD,Inverse variance weighted,2,0.004,0.008,1.004,0.604,NA,0.385281161,NA,0.005230487
PTCH1,Brain Meta Analysis,ADHD,Wald ratio,1,-0.011,0.022,0.989,0.604,NA,NA,NA,0.006239925
BPHL,Brain Meta Analysis,ADHD,Wald ratio,1,-0.01,0.02,0.99,0.604,NA,NA,NA,0.006351193
TBC1D8,Brain Meta Analysis,ADHD,Wald ratio,1,-0.015,0.029,0.985,0.606,NA,NA,NA,0.006047442
LRRC38,Brain Meta Analysis,ADHD,Wald ratio,1,0.017,0.033,1.017,0.606,NA,NA,NA,0.005387875
CSNK1A1L,Brain Meta Analysis,ADHD,Wald ratio,1,-0.005,0.009,0.995,0.609,NA,NA,NA,0.005319058
FLVCR1,Brain Meta Analysis,ADHD,Wald ratio,1,0.014,0.028,1.014,0.61,NA,NA,NA,0.005013083
CMAS,Brain Meta Analysis,ADHD,Wald ratio,1,-0.012,0.024,0.988,0.61,NA,NA,NA,0.005542522
CFAP107,Brain Meta Analysis,ADHD,Wald ratio,1,0.024,0.048,1.025,0.61,NA,NA,NA,0.019129126
PIGN,Brain Meta Analysis,ADHD,Wald ratio,1,0.008,0.016,1.008,0.61,NA,NA,NA,0.006100351
PDPN,Brain Meta Analysis,ADHD,Wald ratio,1,-0.016,0.031,0.984,0.61,NA,NA,NA,0.005652465
TBXAS1,Brain Meta Analysis,ADHD,Wald ratio,1,-0.004,0.008,0.996,0.61,NA,NA,NA,0.006211485
TGFBRAP1,Brain Meta Analysis,ADHD,Wald ratio,1,0.004,0.008,1.004,0.61,NA,NA,NA,0.006211485
CEP55,Brain Meta Analysis,ADHD,Wald ratio,1,-0.014,0.027,0.987,0.611,NA,NA,NA,0.00632252
FMN1,Brain Meta Analysis,ADHD,Inverse variance weighted,3,-0.004,0.009,0.996,0.611,0.157578539,0.272197401,0.679667111,0.004900687
MED27,Brain Meta Analysis,ADHD,Wald ratio,1,-0.004,0.007,0.996,0.611,NA,NA,NA,0.006431793
PAK5,Brain Meta Analysis,ADHD,Wald ratio,1,-0.013,0.026,0.987,0.613,NA,NA,NA,0.005448707
SSR3,Brain Meta Analysis,ADHD,Wald ratio,1,-0.009,0.018,0.991,0.613,NA,NA,NA,0.005359767
OR11G2,Brain Meta Analysis,ADHD,Wald ratio,1,-0.015,0.029,0.985,0.614,NA,NA,NA,0.006141823
ABI3BP,Brain Meta Analysis,ADHD,Wald ratio,1,-0.011,0.023,0.989,0.614,NA,NA,NA,0.005693413
TMEM9B,Brain Meta Analysis,ADHD,Wald ratio,1,-0.012,0.024,0.988,0.614,NA,NA,NA,0.00591132
ANKH,Brain Meta Analysis,ADHD,Wald ratio,1,-0.013,0.026,0.987,0.614,NA,NA,NA,0.006027847
EVI5L,Brain Meta Analysis,ADHD,Wald ratio,1,-0.016,0.031,0.984,0.614,NA,NA,NA,0.006139049
ZMAT4,Brain Meta Analysis,ADHD,Wald ratio,1,0.012,0.024,1.012,0.614,NA,NA,NA,0.007341223
PXK,Brain Meta Analysis,ADHD,Wald ratio,1,0.008,0.016,1.008,0.615,NA,NA,NA,0.009566901
ACOT7,Brain Meta Analysis,ADHD,Wald ratio,1,-0.011,0.022,0.989,0.616,NA,NA,NA,0.016342219
ZNF236,Brain Meta Analysis,ADHD,Wald ratio,1,-0.01,0.021,0.99,0.617,NA,NA,NA,0.005960543
MAPKAPK2,Brain Meta Analysis,ADHD,Wald ratio,1,0.007,0.014,1.007,0.617,NA,NA,NA,0.006516622
FOXF1,Brain Meta Analysis,ADHD,Wald ratio,1,0.009,0.018,1.009,0.617,NA,NA,NA,0.006627576
PDZK1IP1,Brain Meta Analysis,ADHD,Wald ratio,1,0.01,0.02,1.01,0.617,NA,NA,NA,0.006960125
ADGRD2,Brain Meta Analysis,ADHD,Wald ratio,1,-0.004,0.008,0.996,0.617,NA,NA,NA,0.005290028
GALNT1,Brain Meta Analysis,ADHD,Wald ratio,1,0.014,0.027,1.014,0.617,NA,NA,NA,0.006050055
SPTBN1,Brain Meta Analysis,ADHD,Wald ratio,1,0.004,0.009,1.004,0.617,NA,NA,NA,0.005958315
NUMA1,Brain Meta Analysis,ADHD,Wald ratio,1,0.011,0.021,1.011,0.619,NA,NA,NA,0.010209573
MCF2L2,Brain Meta Analysis,ADHD,Wald ratio,1,-0.011,0.022,0.989,0.62,NA,NA,NA,0.000177597
RGS1,Brain Meta Analysis,ADHD,Wald ratio,1,-0.005,0.01,0.995,0.62,NA,NA,NA,0.006669285
LARP4B,Brain Meta Analysis,ADHD,Wald ratio,1,0.012,0.024,1.012,0.62,NA,NA,NA,0.006342499
KIF13A,Brain Meta Analysis,ADHD,Wald ratio,1,-0.018,0.037,0.982,0.62,NA,NA,NA,0.006772314
AXL,Brain Meta Analysis,ADHD,Wald ratio,1,-0.005,0.009,0.995,0.621,NA,NA,NA,0.005444306
FBXO5,Brain Meta Analysis,ADHD,Wald ratio,1,-0.008,0.017,0.992,0.621,NA,NA,NA,0.005888923
MICU1,Brain Meta Analysis,ADHD,Wald ratio,1,-0.004,0.008,0.996,0.621,NA,NA,NA,0.005666293
C9orf40,Brain Meta Analysis,ADHD,Wald ratio,1,0.011,0.022,1.011,0.621,NA,NA,NA,0.005554904
RNF185,Brain Meta Analysis,ADHD,Wald ratio,1,-0.013,0.026,0.987,0.621,NA,NA,NA,0.005177344
UMAD1,Brain Meta Analysis,ADHD,Wald ratio,1,0.01,0.021,1.01,0.621,NA,NA,NA,0.009792238
SLC22A24,Brain Meta Analysis,ADHD,Wald ratio,1,-0.023,0.046,0.978,0.622,NA,NA,NA,0.008066191
DNMT3A,Brain Meta Analysis,ADHD,Wald ratio,1,0.014,0.029,1.014,0.622,NA,NA,NA,0.006198234
NCEH1,Brain Meta Analysis,ADHD,Wald ratio,1,0.014,0.029,1.014,0.623,NA,NA,NA,0.006378231
MTMR7,Brain Meta Analysis,ADHD,Wald ratio,1,-0.004,0.008,0.996,0.623,NA,NA,NA,0.006709718
ATP5IF1,Brain Meta Analysis,ADHD,Wald ratio,1,-0.014,0.029,0.986,0.624,NA,NA,NA,0.005709717
RNF222,Brain Meta Analysis,ADHD,Wald ratio,1,-0.013,0.027,0.987,0.624,NA,NA,NA,0.005532662
MS4A4A,Brain Meta Analysis,ADHD,Wald ratio,1,0.013,0.027,1.014,0.624,NA,NA,NA,0.00559699
ABCC11,Brain Meta Analysis,ADHD,Wald ratio,1,-0.013,0.026,0.987,0.627,NA,NA,NA,0.00970512
LRRN2,Brain Meta Analysis,ADHD,Wald ratio,1,0.017,0.035,1.017,0.627,NA,NA,NA,0.015008739
MRPL52,Brain Meta Analysis,ADHD,Wald ratio,1,-0.019,0.039,0.981,0.627,NA,NA,NA,0.005492843
RIC8B,Brain Meta Analysis,ADHD,Wald ratio,1,-0.014,0.028,0.986,0.628,NA,NA,NA,0.006201302
RUNX1,Brain Meta Analysis,ADHD,Wald ratio,1,0.011,0.023,1.011,0.628,NA,NA,NA,0.005556513
RTN4IP1,Brain Meta Analysis,ADHD,Wald ratio,1,-0.015,0.031,0.985,0.629,NA,NA,NA,0.006847468
GPR39,Brain Meta Analysis,ADHD,Inverse variance weighted,2,0.008,0.017,1.008,0.629,NA,0.274819187,NA,0.007670119
MAML1,Brain Meta Analysis,ADHD,Wald ratio,1,-0.008,0.016,0.992,0.629,NA,NA,NA,0.008055531
FAM53B,Brain Meta Analysis,ADHD,Wald ratio,1,-0.012,0.025,0.988,0.629,NA,NA,NA,0.006238834
VDAC2,Brain Meta Analysis,ADHD,Wald ratio,1,-0.005,0.011,0.995,0.63,NA,NA,NA,0.01243812
OTOF,Brain Meta Analysis,ADHD,Inverse variance weighted,2,0.01,0.022,1.011,0.63,NA,0.682064913,NA,0.005616601
ZNF549,Brain Meta Analysis,ADHD,Wald ratio,1,-0.014,0.029,0.986,0.63,NA,NA,NA,0.00599845
HHLA1,Brain Meta Analysis,ADHD,Wald ratio,1,-0.007,0.014,0.993,0.631,NA,NA,NA,0.005459411
SLC22A15,Brain Meta Analysis,ADHD,Wald ratio,1,0.01,0.02,1.01,0.631,NA,NA,NA,0.005459411
AGAP1,Brain Meta Analysis,ADHD,Inverse variance weighted,2,-0.02,0.042,0.98,0.631,NA,4.71E-05,NA,0.205745582
METAP1D,Brain Meta Analysis,ADHD,Inverse variance weighted,2,-0.01,0.022,0.99,0.632,NA,0.673272708,NA,0.006159638
GPNMB,Brain Meta Analysis,ADHD,Wald ratio,1,-0.014,0.029,0.986,0.632,NA,NA,NA,0.005347398
DSCAM,Brain Meta Analysis,ADHD,Simple mode,3,0.009,0.017,1.009,0.632,0.045239619,0.066772194,0.659914735,0.062951256
GRIK2,Brain Meta Analysis,ADHD,Wald ratio,1,0.009,0.019,1.009,0.632,NA,NA,NA,0.006282526
DNAJB5,Brain Meta Analysis,ADHD,Wald ratio,1,-0.019,0.039,0.981,0.633,NA,NA,NA,0.00844114
KTN1,Brain Meta Analysis,ADHD,Wald ratio,1,-0.011,0.023,0.989,0.633,NA,NA,NA,0.008225473
MYO1E,Brain Meta Analysis,ADHD,Inverse variance weighted,3,-0.007,0.014,0.993,0.633,0.782470998,0.757086546,0.614177178,0.00601983
AKAP7,Brain Meta Analysis,ADHD,Wald ratio,1,0.004,0.008,1.004,0.633,NA,NA,NA,0.007211491
DHX8,Brain Meta Analysis,ADHD,Wald ratio,1,0.012,0.026,1.012,0.634,NA,NA,NA,0.005872891
LMO2,Brain Meta Analysis,ADHD,Wald ratio,1,-0.014,0.029,0.987,0.635,NA,NA,NA,0.005390036
ADAMTS1,Brain Meta Analysis,ADHD,Wald ratio,1,-0.009,0.018,0.991,0.635,NA,NA,NA,0.006325024
GRK1,Brain Meta Analysis,ADHD,Wald ratio,1,0.008,0.017,1.008,0.636,NA,NA,NA,0.005278564
ACTL6B,Brain Meta Analysis,ADHD,Wald ratio,1,-0.01,0.022,0.99,0.636,NA,NA,NA,0.006322415
TANC2,Brain Meta Analysis,ADHD,Wald ratio,1,0.011,0.024,1.011,0.636,NA,NA,NA,0.00516215
CLUH,Brain Meta Analysis,ADHD,Wald ratio,1,0.016,0.034,1.016,0.637,NA,NA,NA,0.006823168
TTLL7,Brain Meta Analysis,ADHD,Wald ratio,1,-0.011,0.024,0.989,0.637,NA,NA,NA,0.005869661
SLC39A12,Brain Meta Analysis,ADHD,Wald ratio,1,0.012,0.026,1.012,0.638,NA,NA,NA,0.00658976
SLC2A1,Brain Meta Analysis,ADHD,Wald ratio,1,0.013,0.027,1.013,0.638,NA,NA,NA,0.006698691
TNFAIP6,Brain Meta Analysis,ADHD,Wald ratio,1,-0.016,0.034,0.984,0.638,NA,NA,NA,0.007406655
CLIC5,Brain Meta Analysis,ADHD,Wald ratio,1,-0.01,0.022,0.99,0.638,NA,NA,NA,0.005544754
CDK5RAP2,Brain Meta Analysis,ADHD,Inverse variance weighted,2,-0.004,0.008,0.996,0.639,NA,0.293390701,NA,0.008378788
UXS1,Brain Meta Analysis,ADHD,Wald ratio,1,-0.013,0.027,0.988,0.639,NA,NA,NA,0.009949064
OLFML2B,Brain Meta Analysis,ADHD,Inverse variance weighted,2,0.008,0.018,1.008,0.639,NA,0.728340193,NA,0.005399815
ANKFY1,Brain Meta Analysis,ADHD,Wald ratio,1,0.011,0.024,1.011,0.639,NA,NA,NA,0.005317619
HRH4,Brain Meta Analysis,ADHD,Wald ratio,1,0.01,0.021,1.01,0.639,NA,NA,NA,0.005321385
ZFP42,Brain Meta Analysis,ADHD,Wald ratio,1,0.01,0.022,1.01,0.64,NA,NA,NA,0.005920896
CEP68,Brain Meta Analysis,ADHD,Wald ratio,1,-0.014,0.03,0.986,0.641,NA,NA,NA,0.004986782
COLEC11,Brain Meta Analysis,ADHD,Inverse variance weighted,2,0.009,0.019,1.009,0.641,NA,0.947226737,NA,0.016891683
SPSB1,Brain Meta Analysis,ADHD,Wald ratio,1,-0.004,0.008,0.996,0.641,NA,NA,NA,0.005698417
SH3BP4,Brain Meta Analysis,ADHD,Wald ratio,1,-0.007,0.016,0.993,0.641,NA,NA,NA,0.005698417
CARD11,Brain Meta Analysis,ADHD,Weighted mode,3,0.006,0.011,1.006,0.642,0.841285074,0.921584299,0.785082236,0.00682395
PIGS,Brain Meta Analysis,ADHD,Wald ratio,1,-0.011,0.023,0.99,0.643,NA,NA,NA,0.006186032
TEAD3,Brain Meta Analysis,ADHD,Wald ratio,1,0.013,0.027,1.013,0.643,NA,NA,NA,0.004985278
PPP1R14C,Brain Meta Analysis,ADHD,Wald ratio,1,0.012,0.026,1.012,0.643,NA,NA,NA,0.005179032
HIP1,Brain Meta Analysis,ADHD,Wald ratio,1,0.008,0.017,1.008,0.643,NA,NA,NA,0.005252746
EDIL3,Brain Meta Analysis,ADHD,Wald ratio,1,-0.019,0.041,0.981,0.644,NA,NA,NA,0.008087281
NXPH1,Brain Meta Analysis,ADHD,Wald ratio,1,0.012,0.026,1.012,0.646,NA,NA,NA,0.005518821
ECRG4,Brain Meta Analysis,ADHD,Wald ratio,1,-0.012,0.025,0.988,0.646,NA,NA,NA,0.004947222
AKR1D1,Brain Meta Analysis,ADHD,Wald ratio,1,-0.012,0.026,0.988,0.646,NA,NA,NA,0.007313611
CCND1,Brain Meta Analysis,ADHD,Wald ratio,1,0.01,0.023,1.011,0.647,NA,NA,NA,0.011186887
C17orf113,Brain Meta Analysis,ADHD,Wald ratio,1,0.012,0.027,1.013,0.647,NA,NA,NA,0.001286537
RCAN2,Brain Meta Analysis,ADHD,Wald ratio,1,-0.011,0.025,0.989,0.647,NA,NA,NA,0.005171135
GMFB,Brain Meta Analysis,ADHD,Wald ratio,1,-0.004,0.009,0.996,0.647,NA,NA,NA,0.005785286
GRM3,Brain Meta Analysis,ADHD,Wald ratio,1,0.012,0.027,1.013,0.648,NA,NA,NA,0.007097765
C1orf94,Brain Meta Analysis,ADHD,Wald ratio,1,0.012,0.026,1.012,0.648,NA,NA,NA,0.006980964
NUDT1,Brain Meta Analysis,ADHD,Wald ratio,1,-0.043,0.095,0.958,0.648,NA,NA,NA,0.025080188
EPHB1,Brain Meta Analysis,ADHD,Inverse variance weighted,3,0.007,0.015,1.007,0.649,0.907104831,0.739574904,0.583084969,0.006711835
PEBP4,Brain Meta Analysis,ADHD,Inverse variance weighted,2,0.004,0.008,1.004,0.649,NA,0.429491877,NA,0.006133757
SEMA6A,Brain Meta Analysis,ADHD,MR Egger,3,0.023,0.037,1.023,0.649,0.75921011,0.776724923,0.63693537,0.012779429
ROS1,Brain Meta Analysis,ADHD,Wald ratio,1,-0.008,0.017,0.992,0.649,NA,NA,NA,0.004850026
SNED1,Brain Meta Analysis,ADHD,Wald ratio,1,-0.011,0.024,0.989,0.65,NA,NA,NA,0.005338853
ATP6V0A4,Brain Meta Analysis,ADHD,Wald ratio,1,0.014,0.032,1.015,0.651,NA,NA,NA,0.005828439
ST8SIA4,Brain Meta Analysis,ADHD,Wald ratio,1,-0.027,0.06,0.973,0.651,NA,NA,NA,0.015058596
ARHGAP24,Brain Meta Analysis,ADHD,Inverse variance weighted,2,0.004,0.009,1.004,0.651,NA,0.223335557,NA,0.00683573
ZNF678,Brain Meta Analysis,ADHD,Wald ratio,1,-0.015,0.034,0.985,0.651,NA,NA,NA,0.007092617
DNAAF3,Brain Meta Analysis,ADHD,Wald ratio,1,-0.011,0.025,0.989,0.651,NA,NA,NA,0.00570298
ARHGEF16,Brain Meta Analysis,ADHD,Wald ratio,1,-0.015,0.034,0.985,0.652,NA,NA,NA,0.012236551
DESI1,Brain Meta Analysis,ADHD,Wald ratio,1,-0.013,0.028,0.987,0.652,NA,NA,NA,0.005330663
ST7,Brain Meta Analysis,ADHD,Inverse variance weighted,2,0.008,0.018,1.008,0.652,NA,0.876191716,NA,0.005060676
KIF6,Brain Meta Analysis,ADHD,Inverse variance weighted,2,0.007,0.015,1.007,0.654,NA,0.775896139,NA,0.01127768
WDR17,Brain Meta Analysis,ADHD,Wald ratio,1,-0.005,0.011,0.995,0.654,NA,NA,NA,0.005271413
TPD52,Brain Meta Analysis,ADHD,Wald ratio,1,-0.012,0.027,0.988,0.654,NA,NA,NA,0.002747266
ACTR1B,Brain Meta Analysis,ADHD,Wald ratio,1,0.012,0.027,1.012,0.654,NA,NA,NA,0.005243859
OPCML,Brain Meta Analysis,ADHD,MR Egger,7,0.013,0.027,1.013,0.654,0.857215292,0.880777641,0.533454576,0.014162015
LCLAT1,Brain Meta Analysis,ADHD,Wald ratio,1,0.004,0.008,1.004,0.655,NA,NA,NA,0.005160017
NEB,Brain Meta Analysis,ADHD,Wald ratio,1,-0.012,0.026,0.988,0.656,NA,NA,NA,0.010919719
ENPP1,Brain Meta Analysis,ADHD,Wald ratio,1,0.013,0.029,1.013,0.656,NA,NA,NA,0.006230105
NRN1,Brain Meta Analysis,ADHD,Wald ratio,1,0.004,0.008,1.004,0.656,NA,NA,NA,0.005537643
KRT80,Brain Meta Analysis,ADHD,Wald ratio,1,0.007,0.015,1.007,0.656,NA,NA,NA,0.005537583
ACOX3,Brain Meta Analysis,ADHD,Wald ratio,1,0.011,0.026,1.012,0.656,NA,NA,NA,0.005462217
NT5C1B,Brain Meta Analysis,ADHD,Wald ratio,1,-0.018,0.04,0.982,0.657,NA,NA,NA,0.011221198
ARHGEF18,Brain Meta Analysis,ADHD,Wald ratio,1,0.014,0.032,1.014,0.658,NA,NA,NA,0.006291095
AGBL4,Brain Meta Analysis,ADHD,Wald ratio,1,0.004,0.009,1.004,0.658,NA,NA,NA,0.005692382
SPATS2L,Brain Meta Analysis,ADHD,Wald ratio,1,0.006,0.014,1.006,0.658,NA,NA,NA,0.005203664
NDUFS7,Brain Meta Analysis,ADHD,Wald ratio,1,0.014,0.031,1.014,0.659,NA,NA,NA,0.007042918
KLK15,Brain Meta Analysis,ADHD,Wald ratio,1,-0.009,0.021,0.991,0.659,NA,NA,NA,0.008797447
CSTF1,Brain Meta Analysis,ADHD,Wald ratio,1,-0.008,0.017,0.992,0.659,NA,NA,NA,0.005581205
RGS3,Brain Meta Analysis,ADHD,Wald ratio,1,0.01,0.022,1.01,0.659,NA,NA,NA,0.006446897
SMC5,Brain Meta Analysis,ADHD,Wald ratio,1,0.012,0.027,1.012,0.66,NA,NA,NA,0.011219279
ZNF497,Brain Meta Analysis,ADHD,Wald ratio,1,0.013,0.029,1.013,0.66,NA,NA,NA,0.006331163
OR2V2,Brain Meta Analysis,ADHD,Wald ratio,1,-0.032,0.074,0.968,0.661,NA,NA,NA,0.016509667
TTC6,Brain Meta Analysis,ADHD,Wald ratio,1,-0.014,0.031,0.986,0.662,NA,NA,NA,0.005246217
RECK,Brain Meta Analysis,ADHD,Wald ratio,1,0.017,0.039,1.017,0.663,NA,NA,NA,0.013692874
TSPAN33,Brain Meta Analysis,ADHD,Wald ratio,1,-0.013,0.031,0.987,0.664,NA,NA,NA,0.006643794
SNX21,Brain Meta Analysis,ADHD,Wald ratio,1,-0.008,0.018,0.992,0.664,NA,NA,NA,0.005402575
RETREG1,Brain Meta Analysis,ADHD,Wald ratio,1,-0.017,0.038,0.983,0.665,NA,NA,NA,0.006961856
PRCC,Brain Meta Analysis,ADHD,Wald ratio,1,0.007,0.016,1.007,0.665,NA,NA,NA,0.011588939
LRRN1,Brain Meta Analysis,ADHD,Wald ratio,1,-0.015,0.035,0.985,0.665,NA,NA,NA,0.009261563
HPGD,Brain Meta Analysis,ADHD,Wald ratio,1,0.014,0.033,1.014,0.666,NA,NA,NA,0.006797719
CCDC57,Brain Meta Analysis,ADHD,Wald ratio,1,0.008,0.018,1.008,0.666,NA,NA,NA,0.005934761
RNASE4,Brain Meta Analysis,ADHD,Wald ratio,1,-0.011,0.026,0.989,0.666,NA,NA,NA,0.00588805
PCSK6,Brain Meta Analysis,ADHD,Inverse variance weighted,6,-0.002,0.005,0.998,0.667,0.717264571,0.794990512,0.627251848,0.004700997
TNKS1BP1,Brain Meta Analysis,ADHD,Wald ratio,1,-0.033,0.078,0.967,0.667,NA,NA,NA,0.023115841
CDH5,Brain Meta Analysis,ADHD,Wald ratio,1,-0.009,0.02,0.991,0.667,NA,NA,NA,0.005446181
UBE3C,Brain Meta Analysis,ADHD,Wald ratio,1,-0.004,0.008,0.996,0.667,NA,NA,NA,0.005446182
KIF17,Brain Meta Analysis,ADHD,Wald ratio,1,0.012,0.028,1.012,0.667,NA,NA,NA,0.005067816
GATA4,Brain Meta Analysis,ADHD,Wald ratio,1,0.011,0.027,1.011,0.668,NA,NA,NA,0.0050076
ACSF3,Brain Meta Analysis,ADHD,Wald ratio,1,-0.016,0.039,0.984,0.668,NA,NA,NA,0.006457419
CORIN,Brain Meta Analysis,ADHD,Wald ratio,1,0.003,0.008,1.003,0.669,NA,NA,NA,0.007857001
ELAVL4,Brain Meta Analysis,ADHD,Wald ratio,1,0.012,0.028,1.012,0.669,NA,NA,NA,0.015091847
IER3IP1,Brain Meta Analysis,ADHD,Wald ratio,1,0.004,0.008,1.004,0.67,NA,NA,NA,0.010243303
PAX3,Brain Meta Analysis,ADHD,Inverse variance weighted,2,0.008,0.018,1.008,0.67,NA,0.27356577,NA,0.007261353
PLEKHA6,Brain Meta Analysis,ADHD,Wald ratio,1,-0.004,0.009,0.996,0.67,NA,NA,NA,0.005112875
IRF8,Brain Meta Analysis,ADHD,Wald ratio,1,-0.009,0.021,0.991,0.67,NA,NA,NA,0.005112865
AGTRAP,Brain Meta Analysis,ADHD,Wald ratio,1,-0.016,0.038,0.984,0.671,NA,NA,NA,0.006973902
MRPS2,Brain Meta Analysis,ADHD,Wald ratio,1,0.005,0.012,1.005,0.671,NA,NA,NA,0.006885474
SLC34A2,Brain Meta Analysis,ADHD,Wald ratio,1,0.014,0.033,1.014,0.672,NA,NA,NA,0.007136425
CYB5R3,Brain Meta Analysis,ADHD,Wald ratio,1,0.013,0.03,1.013,0.672,NA,NA,NA,0.005268303
NTF3,Brain Meta Analysis,ADHD,Wald ratio,1,-0.019,0.045,0.981,0.672,NA,NA,NA,0.007721464
NALF1,Brain Meta Analysis,ADHD,Simple mode,3,-0.006,0.011,0.994,0.673,0.466531672,0.732129486,0.811162857,0.005620236
TRIM31,Brain Meta Analysis,ADHD,Wald ratio,1,0.01,0.024,1.01,0.673,NA,NA,NA,0.005251619
FBP1,Brain Meta Analysis,ADHD,Wald ratio,1,0.01,0.023,1.01,0.673,NA,NA,NA,0.006911765
ERG,Brain Meta Analysis,ADHD,Wald ratio,1,0.004,0.009,1.004,0.674,NA,NA,NA,0.005157119
HPCAL1,Brain Meta Analysis,ADHD,Inverse variance weighted,2,-0.013,0.031,0.987,0.674,NA,0.087605218,NA,0.005571477
WDR53,Brain Meta Analysis,ADHD,Wald ratio,1,0.01,0.023,1.01,0.674,NA,NA,NA,0.005155693
CARD10,Brain Meta Analysis,ADHD,Wald ratio,1,0.003,0.008,1.003,0.674,NA,NA,NA,0.005800983
HMGA2,Brain Meta Analysis,ADHD,Wald ratio,1,-0.007,0.017,0.993,0.674,NA,NA,NA,0.008471481
RBM38,Brain Meta Analysis,ADHD,Wald ratio,1,-0.003,0.008,0.997,0.674,NA,NA,NA,0.007086039
NT5C1A,Brain Meta Analysis,ADHD,Wald ratio,1,0.012,0.028,1.012,0.675,NA,NA,NA,0.008382642
AMACR,Brain Meta Analysis,ADHD,Wald ratio,1,0.01,0.023,1.01,0.675,NA,NA,NA,0.005045279
ATP6V0A1,Brain Meta Analysis,ADHD,Wald ratio,1,0.003,0.008,1.003,0.675,NA,NA,NA,0.006066919
PCM1,Brain Meta Analysis,ADHD,Wald ratio,1,0.01,0.024,1.01,0.675,NA,NA,NA,0.006088436
FRMD6,Brain Meta Analysis,ADHD,Wald ratio,1,0.004,0.009,1.004,0.675,NA,NA,NA,0.005044813
MYO7B,Brain Meta Analysis,ADHD,Wald ratio,1,0.019,0.045,1.019,0.675,NA,NA,NA,0.002138831
HTT,Brain Meta Analysis,ADHD,Wald ratio,1,-0.004,0.009,0.996,0.675,NA,NA,NA,0.006708489
CBY2,Brain Meta Analysis,ADHD,Wald ratio,1,0.01,0.025,1.01,0.676,NA,NA,NA,0.00724034
APBB1IP,Brain Meta Analysis,ADHD,Wald ratio,1,0.009,0.022,1.009,0.676,NA,NA,NA,0.005311878
TTYH3,Brain Meta Analysis,ADHD,Wald ratio,1,0.003,0.008,1.003,0.676,NA,NA,NA,0.007878092
LPAR1,Brain Meta Analysis,ADHD,Wald ratio,1,-0.012,0.028,0.988,0.677,NA,NA,NA,0.005200578
FLT3,Brain Meta Analysis,ADHD,Wald ratio,1,-0.009,0.022,0.991,0.677,NA,NA,NA,0.006111626
PDE9A,Brain Meta Analysis,ADHD,Inverse variance weighted,2,0.004,0.009,1.004,0.678,NA,0.397763983,NA,0.014393245
ANKRD6,Brain Meta Analysis,ADHD,Wald ratio,1,0.007,0.017,1.007,0.678,NA,NA,NA,0.006752623
TAF4,Brain Meta Analysis,ADHD,Wald ratio,1,-0.007,0.018,0.993,0.678,NA,NA,NA,0.006377688
EPB41L4A,Brain Meta Analysis,ADHD,Wald ratio,1,-0.009,0.023,0.991,0.678,NA,NA,NA,0.006643483
NPAS2,Brain Meta Analysis,ADHD,MR Egger,3,0.015,0.027,1.015,0.678,0.347881592,0.571181237,0.710561025,0.004928641
PDGFRL,Brain Meta Analysis,ADHD,Wald ratio,1,0.007,0.016,1.007,0.678,NA,NA,NA,0.005089244
ST6GAL2,Brain Meta Analysis,ADHD,Wald ratio,1,-0.011,0.026,0.989,0.678,NA,NA,NA,0.0050223
NECTIN4,Brain Meta Analysis,ADHD,Wald ratio,1,-0.008,0.019,0.992,0.68,NA,NA,NA,0.008602924
IQGAP3,Brain Meta Analysis,ADHD,Wald ratio,1,0.011,0.026,1.011,0.681,NA,NA,NA,0.0101074
PANX1,Brain Meta Analysis,ADHD,Wald ratio,1,0.008,0.02,1.008,0.682,NA,NA,NA,0.005133783
RABL3,Brain Meta Analysis,ADHD,Wald ratio,1,0.003,0.008,1.003,0.682,NA,NA,NA,0.005401508
CUEDC2,Brain Meta Analysis,ADHD,Wald ratio,1,-0.018,0.045,0.982,0.682,NA,NA,NA,0.010024572
CLEC19A,Brain Meta Analysis,ADHD,Wald ratio,1,-0.01,0.024,0.99,0.682,NA,NA,NA,0.005657434
TBX19,Brain Meta Analysis,ADHD,Wald ratio,1,-0.013,0.033,0.987,0.682,NA,NA,NA,0.01147815
MS4A10,Brain Meta Analysis,ADHD,Wald ratio,1,-0.015,0.037,0.985,0.683,NA,NA,NA,0.004977072
RNF144B,Brain Meta Analysis,ADHD,Wald ratio,1,-0.004,0.009,0.997,0.683,NA,NA,NA,0.006465478
TEAD1,Brain Meta Analysis,ADHD,Inverse variance weighted,2,0.008,0.02,1.008,0.683,NA,0.015455317,NA,0.004827312
CFAP161,Brain Meta Analysis,ADHD,Wald ratio,1,-0.003,0.008,0.997,0.684,NA,NA,NA,0.005823278
MED12L,Brain Meta Analysis,ADHD,Wald ratio,1,-0.007,0.018,0.993,0.685,NA,NA,NA,0.006620369
TRIML1,Brain Meta Analysis,ADHD,Wald ratio,1,-0.016,0.041,0.984,0.686,NA,NA,NA,0.015154222
IFFO2,Brain Meta Analysis,ADHD,Wald ratio,1,0.003,0.009,1.003,0.686,NA,NA,NA,0.005067209
HHAT,Brain Meta Analysis,ADHD,Wald ratio,1,-0.01,0.026,0.99,0.686,NA,NA,NA,0.00498586
OXR1,Brain Meta Analysis,ADHD,Inverse variance weighted,2,0.003,0.008,1.003,0.686,NA,0.284166427,NA,0.004741816
PDE8B,Brain Meta Analysis,ADHD,Wald ratio,1,-0.01,0.024,0.991,0.687,NA,NA,NA,0.006391392
LY86,Brain Meta Analysis,ADHD,Wald ratio,1,0.008,0.02,1.008,0.687,NA,NA,NA,0.009230055
PLXNC1,Brain Meta Analysis,ADHD,Wald ratio,1,0.01,0.025,1.01,0.687,NA,NA,NA,0.006100473
UBE3B,Brain Meta Analysis,ADHD,Inverse variance weighted,2,0.005,0.014,1.005,0.688,NA,0.950279884,NA,0.009859399
YES1,Brain Meta Analysis,ADHD,Wald ratio,1,-0.008,0.019,0.992,0.688,NA,NA,NA,0.00522317
SEPTIN11,Brain Meta Analysis,ADHD,Wald ratio,1,-0.009,0.022,0.991,0.689,NA,NA,NA,0.00511321
GRAMD4,Brain Meta Analysis,ADHD,Wald ratio,1,0.011,0.028,1.011,0.691,NA,NA,NA,0.005534911
ZEB2,Brain Meta Analysis,ADHD,Wald ratio,1,0.01,0.024,1.01,0.691,NA,NA,NA,0.005268009
SLC27A6,Brain Meta Analysis,ADHD,Wald ratio,1,0.003,0.009,1.003,0.692,NA,NA,NA,0.005158105
CAND2,Brain Meta Analysis,ADHD,Wald ratio,1,-0.004,0.009,0.996,0.693,NA,NA,NA,0.009328667
CCDC80,Brain Meta Analysis,ADHD,Wald ratio,1,0.01,0.025,1.01,0.693,NA,NA,NA,0.005843518
SH2D4B,Brain Meta Analysis,ADHD,MR Egger,4,0.047,0.102,1.048,0.694,0.564233396,0.717486173,0.695346898,0.007375276
LRRC2,Brain Meta Analysis,ADHD,Wald ratio,1,0.01,0.026,1.01,0.695,NA,NA,NA,0.006954814
RHBDD1,Brain Meta Analysis,ADHD,Wald ratio,1,0.012,0.032,1.013,0.695,NA,NA,NA,0.006954814
SALL1,Brain Meta Analysis,ADHD,Wald ratio,1,-0.007,0.018,0.993,0.695,NA,NA,NA,0.004936208
TRPM8,Brain Meta Analysis,ADHD,Wald ratio,1,0.009,0.022,1.009,0.696,NA,NA,NA,0.006156581
PPARGC1A,Brain Meta Analysis,ADHD,Wald ratio,1,-0.008,0.019,0.992,0.696,NA,NA,NA,0.008583921
SEMA6D,Brain Meta Analysis,ADHD,Inverse variance weighted,2,0.005,0.013,1.005,0.696,NA,0.098583581,NA,0.010029688
DCDC2C,Brain Meta Analysis,ADHD,Inverse variance weighted,2,-0.005,0.013,0.995,0.697,NA,0.459961384,NA,0.005041278
FMNL2,Brain Meta Analysis,ADHD,Wald ratio,1,-0.012,0.031,0.988,0.697,NA,NA,NA,0.008211342
SERPINB6,Brain Meta Analysis,ADHD,Wald ratio,1,-0.009,0.022,0.991,0.697,NA,NA,NA,0.006046941
ABCG8,Brain Meta Analysis,ADHD,Wald ratio,1,0.012,0.032,1.012,0.697,NA,NA,NA,0.005090844
SARDH,Brain Meta Analysis,ADHD,Wald ratio,1,-0.01,0.026,0.99,0.697,NA,NA,NA,0.006998299
RASGRF1,Brain Meta Analysis,ADHD,Inverse variance weighted,2,0.004,0.011,1.004,0.698,NA,0.126881479,NA,0.009744733
TLR2,Brain Meta Analysis,ADHD,Wald ratio,1,-0.011,0.027,0.989,0.698,NA,NA,NA,0.004810741
DGKD,Brain Meta Analysis,ADHD,Wald ratio,1,-0.008,0.021,0.992,0.698,NA,NA,NA,0.004981341
CTNS,Brain Meta Analysis,ADHD,Wald ratio,1,-0.011,0.028,0.989,0.698,NA,NA,NA,0.005247028
FAM83A,Brain Meta Analysis,ADHD,Wald ratio,1,-0.007,0.018,0.993,0.699,NA,NA,NA,0.006357994
MKRN1,Brain Meta Analysis,ADHD,Wald ratio,1,-0.009,0.025,0.991,0.699,NA,NA,NA,0.007954973
ZBTB44,Brain Meta Analysis,ADHD,Wald ratio,1,-0.003,0.009,0.997,0.699,NA,NA,NA,0.005404049
EHD3,Brain Meta Analysis,ADHD,Wald ratio,1,0.003,0.009,1.003,0.699,NA,NA,NA,0.005404049
IRX4,Brain Meta Analysis,ADHD,Wald ratio,1,0.01,0.025,1.01,0.7,NA,NA,NA,0.005398231
DNAAF8,Brain Meta Analysis,ADHD,Wald ratio,1,-0.011,0.028,0.989,0.7,NA,NA,NA,0.004902854
APIP,Brain Meta Analysis,ADHD,Wald ratio,1,-0.009,0.023,0.991,0.7,NA,NA,NA,0.005559313
RIPPLY3,Brain Meta Analysis,ADHD,Wald ratio,1,0.01,0.027,1.01,0.701,NA,NA,NA,0.005904365
RPL18A,Brain Meta Analysis,ADHD,Wald ratio,1,-0.009,0.023,0.991,0.701,NA,NA,NA,0.010213141
OR2C3,Brain Meta Analysis,ADHD,Wald ratio,1,0.015,0.039,1.015,0.701,NA,NA,NA,0.006397474
SLFN11,Brain Meta Analysis,ADHD,Wald ratio,1,-0.01,0.026,0.99,0.702,NA,NA,NA,0.00496809
DLG4,Brain Meta Analysis,ADHD,Wald ratio,1,0.007,0.017,1.007,0.702,NA,NA,NA,0.005449227
ALDH18A1,Brain Meta Analysis,ADHD,Wald ratio,1,-0.012,0.032,0.988,0.702,NA,NA,NA,0.005448157
TDRD9,Brain Meta Analysis,ADHD,Wald ratio,1,-0.006,0.015,0.994,0.703,NA,NA,NA,0.005182615
MTUS2,Brain Meta Analysis,ADHD,Inverse variance weighted,2,0.014,0.036,1.014,0.703,NA,0.038227716,NA,0.007406473
NOX5,Brain Meta Analysis,ADHD,Wald ratio,1,-0.014,0.036,0.986,0.704,NA,NA,NA,0.011505618
C1orf100,Brain Meta Analysis,ADHD,Wald ratio,1,-0.003,0.008,0.997,0.704,NA,NA,NA,0.006026479
ANTXRL,Brain Meta Analysis,ADHD,Wald ratio,1,-0.016,0.042,0.984,0.704,NA,NA,NA,0.016068476
RBCK1,Brain Meta Analysis,ADHD,Wald ratio,1,0.011,0.028,1.011,0.704,NA,NA,NA,0.005760768
INSR,Brain Meta Analysis,ADHD,Wald ratio,1,0.007,0.019,1.007,0.704,NA,NA,NA,0.005760127
PLEK2,Brain Meta Analysis,ADHD,Wald ratio,1,0.016,0.043,1.016,0.704,NA,NA,NA,0.014761205
EIF3G,Brain Meta Analysis,ADHD,Wald ratio,1,0.009,0.025,1.009,0.704,NA,NA,NA,0.005071879
CCNY,Brain Meta Analysis,ADHD,Wald ratio,1,-0.003,0.008,0.997,0.705,NA,NA,NA,0.005493524
ZCWPW1,Brain Meta Analysis,ADHD,Wald ratio,1,0.008,0.02,1.008,0.705,NA,NA,NA,0.006337705
SH2B2,Brain Meta Analysis,ADHD,Wald ratio,1,-0.009,0.023,0.991,0.705,NA,NA,NA,0.006337655
SYT6,Brain Meta Analysis,ADHD,Inverse variance weighted,2,0.006,0.016,1.006,0.705,NA,0.199063228,NA,0.006454333
SULT2B1,Brain Meta Analysis,ADHD,Inverse variance weighted,2,0.01,0.027,1.01,0.705,NA,0.119184691,NA,0.004871299
TGFB2,Brain Meta Analysis,ADHD,Inverse variance weighted,2,-0.005,0.012,0.995,0.706,NA,0.141330392,NA,0.004675242
B3GALT5,Brain Meta Analysis,ADHD,Inverse variance weighted,2,0.006,0.016,1.006,0.706,NA,0.405558284,NA,0.006085883
LCTL,Brain Meta Analysis,ADHD,Wald ratio,1,-0.008,0.021,0.992,0.707,NA,NA,NA,0.005806034
EHF,Brain Meta Analysis,ADHD,Wald ratio,1,0.003,0.009,1.003,0.707,NA,NA,NA,0.007069154
ZBTB49,Brain Meta Analysis,ADHD,Wald ratio,1,-0.007,0.018,0.993,0.707,NA,NA,NA,0.006648593
SLC9A2,Brain Meta Analysis,ADHD,Wald ratio,1,-0.005,0.013,0.995,0.707,NA,NA,NA,0.005117276
HSF1,Brain Meta Analysis,ADHD,Wald ratio,1,-0.013,0.034,0.987,0.708,NA,NA,NA,0.006786236
ZDHHC20,Brain Meta Analysis,ADHD,Wald ratio,1,-0.003,0.008,0.997,0.708,NA,NA,NA,0.006382854
LAPTM4B,Brain Meta Analysis,ADHD,Wald ratio,1,-0.011,0.031,0.989,0.708,NA,NA,NA,0.005538858
KNG1,Brain Meta Analysis,ADHD,Wald ratio,1,0.003,0.009,1.003,0.708,NA,NA,NA,0.005115879
PLCG2,Brain Meta Analysis,ADHD,Inverse variance weighted,2,0.009,0.025,1.009,0.708,NA,0.098914871,NA,0.005155735
ASAH2,Brain Meta Analysis,ADHD,Wald ratio,1,-0.009,0.025,0.991,0.709,NA,NA,NA,0.005006607
INPP5D,Brain Meta Analysis,ADHD,Wald ratio,1,0.013,0.034,1.013,0.709,NA,NA,NA,0.005850416
ATP9A,Brain Meta Analysis,ADHD,Wald ratio,1,0.007,0.019,1.007,0.71,NA,NA,NA,0.005005081
IKZF1,Brain Meta Analysis,ADHD,Wald ratio,1,-0.009,0.024,0.991,0.71,NA,NA,NA,0.005162754
DIDO1,Brain Meta Analysis,ADHD,Wald ratio,1,-0.003,0.009,0.997,0.71,NA,NA,NA,0.005162754
FOXP4,Brain Meta Analysis,ADHD,Wald ratio,1,0.003,0.009,1.003,0.711,NA,NA,NA,0.006162286
NHLRC1,Brain Meta Analysis,ADHD,Wald ratio,1,0.008,0.022,1.008,0.711,NA,NA,NA,0.006182476
TMEM63B,Brain Meta Analysis,ADHD,Wald ratio,1,-0.006,0.018,0.994,0.711,NA,NA,NA,0.007733838
EBF4,Brain Meta Analysis,ADHD,Wald ratio,1,-0.006,0.017,0.994,0.712,NA,NA,NA,0.007314442
DLX3,Brain Meta Analysis,ADHD,Wald ratio,1,-0.007,0.019,0.993,0.712,NA,NA,NA,0.037479705
ARHGAP22,Brain Meta Analysis,ADHD,Inverse variance weighted,2,-0.009,0.025,0.991,0.712,NA,0.102995923,NA,0.006188395
TIAM1,Brain Meta Analysis,ADHD,Wald ratio,1,0.003,0.008,1.003,0.712,NA,NA,NA,0.005052162
GALK2,Brain Meta Analysis,ADHD,Wald ratio,1,0.009,0.024,1.009,0.713,NA,NA,NA,0.005050655
C9orf72,Brain Meta Analysis,ADHD,Inverse variance weighted,2,-0.007,0.019,0.993,0.713,NA,0.837098064,NA,0.00460002
CDKAL1,Brain Meta Analysis,ADHD,Wald ratio,1,0.009,0.025,1.009,0.714,NA,NA,NA,0.005356413
BAALC,Brain Meta Analysis,ADHD,Wald ratio,1,0.009,0.024,1.009,0.714,NA,NA,NA,0.006455524
C2orf88,Brain Meta Analysis,ADHD,Wald ratio,1,-0.018,0.049,0.982,0.715,NA,NA,NA,0.01119809
TBC1D9,Brain Meta Analysis,ADHD,Wald ratio,1,0.006,0.017,1.006,0.715,NA,NA,NA,0.005520357
CCSER2,Brain Meta Analysis,ADHD,Wald ratio,1,-0.003,0.009,0.997,0.715,NA,NA,NA,0.006097884
EIF4H,Brain Meta Analysis,ADHD,Wald ratio,1,0.004,0.011,1.004,0.715,NA,NA,NA,0.005519287
GNLY,Brain Meta Analysis,ADHD,Wald ratio,1,-0.003,0.009,0.997,0.715,NA,NA,NA,0.005097796
TOP1MT,Brain Meta Analysis,ADHD,Wald ratio,1,0.009,0.024,1.009,0.715,NA,NA,NA,0.005094937
LPCAT1,Brain Meta Analysis,ADHD,Inverse variance weighted,2,0.011,0.031,1.011,0.715,NA,0.018185629,NA,0.018247625
LRIT3,Brain Meta Analysis,ADHD,Wald ratio,1,-0.015,0.041,0.985,0.715,NA,NA,NA,0.016050642
OSTF1,Brain Meta Analysis,ADHD,Wald ratio,1,-0.009,0.024,0.991,0.715,NA,NA,NA,0.007822014
SHISA9,Brain Meta Analysis,ADHD,Inverse variance weighted,2,0.014,0.04,1.015,0.716,NA,0.001354444,NA,0.014892871
NOTCH3,Brain Meta Analysis,ADHD,Wald ratio,1,0.014,0.039,1.014,0.716,NA,NA,NA,0.007714085
RARRES2,Brain Meta Analysis,ADHD,Wald ratio,1,0.009,0.026,1.009,0.717,NA,NA,NA,0.005389978
SPC25,Brain Meta Analysis,ADHD,Wald ratio,1,-0.007,0.02,0.993,0.717,NA,NA,NA,0.005410003
KIF3C,Brain Meta Analysis,ADHD,Wald ratio,1,0.008,0.023,1.008,0.718,NA,NA,NA,0.008749111
IL17RA,Brain Meta Analysis,ADHD,Wald ratio,1,0.015,0.041,1.015,0.718,NA,NA,NA,0.006443304
FAM102A,Brain Meta Analysis,ADHD,Inverse variance weighted,2,-0.014,0.038,0.986,0.719,NA,0.066947918,NA,0.090959196
SGCD,Brain Meta Analysis,ADHD,Wald ratio,1,0.009,0.024,1.009,0.719,NA,NA,NA,0.006583878
GSAP,Brain Meta Analysis,ADHD,Wald ratio,1,-0.003,0.009,0.997,0.719,NA,NA,NA,0.005298313
SEC22C,Brain Meta Analysis,ADHD,Wald ratio,1,-0.007,0.019,0.993,0.719,NA,NA,NA,0.005298313
TSR1,Brain Meta Analysis,ADHD,Wald ratio,1,-0.007,0.019,0.993,0.719,NA,NA,NA,0.005298313
ANKMY2,Brain Meta Analysis,ADHD,Inverse variance weighted,2,-0.005,0.015,0.995,0.719,NA,0.072603275,NA,0.005782612
SGCA,Brain Meta Analysis,ADHD,Wald ratio,1,0.01,0.029,1.01,0.719,NA,NA,NA,0.017207365
ADPRH,Brain Meta Analysis,ADHD,Wald ratio,1,0.003,0.008,1.003,0.72,NA,NA,NA,0.006344518
SYNE2,Brain Meta Analysis,ADHD,Wald ratio,1,0.008,0.023,1.008,0.721,NA,NA,NA,0.006645939
VAX2,Brain Meta Analysis,ADHD,Wald ratio,1,0.006,0.017,1.006,0.723,NA,NA,NA,0.005656383
APOLD1,Brain Meta Analysis,ADHD,Wald ratio,1,0.013,0.037,1.013,0.723,NA,NA,NA,0.006840523
CDCP1,Brain Meta Analysis,ADHD,Wald ratio,1,-0.009,0.026,0.991,0.724,NA,NA,NA,0.00536992
MYCBPAP,Brain Meta Analysis,ADHD,Wald ratio,1,0.01,0.028,1.01,0.724,NA,NA,NA,0.005361303
ANKRD60,Brain Meta Analysis,ADHD,Wald ratio,1,0.003,0.009,1.003,0.725,NA,NA,NA,0.005858203
KIAA0930,Brain Meta Analysis,ADHD,Inverse variance weighted,2,-0.004,0.011,0.996,0.726,NA,0.160073399,NA,0.009431636
IL36B,Brain Meta Analysis,ADHD,Wald ratio,1,-0.009,0.027,0.991,0.726,NA,NA,NA,0.004865398
UNC80,Brain Meta Analysis,ADHD,Inverse variance weighted,2,-0.006,0.017,0.994,0.726,NA,0.323941624,NA,0.012145525
PCYOX1,Brain Meta Analysis,ADHD,Wald ratio,1,-0.012,0.033,0.988,0.726,NA,NA,NA,0.007128439
MINDY4,Brain Meta Analysis,ADHD,Wald ratio,1,0.006,0.017,1.006,0.727,NA,NA,NA,0.007677304
GFM2,Brain Meta Analysis,ADHD,Wald ratio,1,0.003,0.009,1.003,0.727,NA,NA,NA,0.006636816
SRD5A2,Brain Meta Analysis,ADHD,Wald ratio,1,-0.014,0.041,0.986,0.728,NA,NA,NA,0.02291258
RHBDL3,Brain Meta Analysis,ADHD,Wald ratio,1,0.008,0.023,1.008,0.728,NA,NA,NA,0.006059955
CNTNAP2,Brain Meta Analysis,ADHD,Inverse variance weighted,3,0.006,0.016,1.006,0.728,0.169985495,0.28967138,0.674001535,0.005346222
ROPN1B,Brain Meta Analysis,ADHD,Wald ratio,1,0.007,0.022,1.008,0.728,NA,NA,NA,0.005170843
TRPS1,Brain Meta Analysis,ADHD,Wald ratio,1,-0.003,0.008,0.997,0.729,NA,NA,NA,0.005012937
ATXN10,Brain Meta Analysis,ADHD,Wald ratio,1,-0.009,0.026,0.991,0.729,NA,NA,NA,0.006422465
MRPL37,Brain Meta Analysis,ADHD,Wald ratio,1,-0.006,0.017,0.994,0.729,NA,NA,NA,0.006993319
PRX,Brain Meta Analysis,ADHD,Wald ratio,1,-0.008,0.024,0.992,0.73,NA,NA,NA,0.008339411
NWD2,Brain Meta Analysis,ADHD,Wald ratio,1,-0.003,0.009,0.997,0.73,NA,NA,NA,0.005637989
JAG1,Brain Meta Analysis,ADHD,Wald ratio,1,0.008,0.024,1.008,0.73,NA,NA,NA,0.007456801
CYB5A,Brain Meta Analysis,ADHD,Wald ratio,1,0.009,0.025,1.009,0.731,NA,NA,NA,0.006417298
CCNB1IP1,Brain Meta Analysis,ADHD,Wald ratio,1,-0.008,0.022,0.992,0.731,NA,NA,NA,0.00986818
TAF4B,Brain Meta Analysis,ADHD,Wald ratio,1,-0.006,0.019,0.994,0.731,NA,NA,NA,0.00490258
INTU,Brain Meta Analysis,ADHD,Wald ratio,1,0.005,0.015,1.005,0.731,NA,NA,NA,0.00490258
PPM1H,Brain Meta Analysis,ADHD,Inverse variance weighted,3,0.005,0.014,1.005,0.732,0.586745285,0.814047743,0.791005941,0.007469369
TESC,Brain Meta Analysis,ADHD,Wald ratio,1,0.003,0.008,1.003,0.732,NA,NA,NA,0.007504374
TRPM6,Brain Meta Analysis,ADHD,Wald ratio,1,0.009,0.026,1.009,0.732,NA,NA,NA,0.005996818
BMPER,Brain Meta Analysis,ADHD,Wald ratio,1,-0.003,0.008,0.997,0.732,NA,NA,NA,0.005995964
SCARB1,Brain Meta Analysis,ADHD,Inverse variance weighted,2,0.003,0.009,1.003,0.732,NA,0.266648591,NA,0.006563479
CPA2,Brain Meta Analysis,ADHD,Wald ratio,1,-0.016,0.046,0.984,0.733,NA,NA,NA,0.010441179
TPRG1,Brain Meta Analysis,ADHD,Wald ratio,1,0.013,0.037,1.013,0.733,NA,NA,NA,0.004762266
PRDM10,Brain Meta Analysis,ADHD,Wald ratio,1,0.01,0.029,1.01,0.734,NA,NA,NA,0.001421115
WDR88,Brain Meta Analysis,ADHD,Wald ratio,1,0.003,0.008,1.003,0.734,NA,NA,NA,0.005263051
THSD7B,Brain Meta Analysis,ADHD,Wald ratio,1,0.006,0.019,1.006,0.734,NA,NA,NA,0.004948766
KCNG4,Brain Meta Analysis,ADHD,Wald ratio,1,0.012,0.035,1.012,0.734,NA,NA,NA,0.005103112
ESPL1,Brain Meta Analysis,ADHD,Wald ratio,1,0.006,0.018,1.006,0.734,NA,NA,NA,0.005261553
FAM107B,Brain Meta Analysis,ADHD,Wald ratio,1,-0.011,0.032,0.989,0.734,NA,NA,NA,0.016440764
RIMBP2,Brain Meta Analysis,ADHD,Inverse variance weighted,4,0.003,0.01,1.003,0.735,0.072305678,0.12182981,0.693450586,0.007269313
GALNT10,Brain Meta Analysis,ADHD,Inverse variance weighted,2,0.006,0.019,1.006,0.735,NA,0.48131587,NA,0.007489318
STON2,Brain Meta Analysis,ADHD,Wald ratio,1,0.005,0.016,1.005,0.736,NA,NA,NA,0.007595147
SNX10,Brain Meta Analysis,ADHD,Wald ratio,1,0.01,0.029,1.01,0.736,NA,NA,NA,0.004996725
AK8,Brain Meta Analysis,ADHD,Wald ratio,1,-0.01,0.03,0.99,0.736,NA,NA,NA,0.005153027
SLC4A11,Brain Meta Analysis,ADHD,Wald ratio,1,0.009,0.027,1.009,0.736,NA,NA,NA,0.005025466
KANK4,Brain Meta Analysis,ADHD,Wald ratio,1,-0.007,0.021,0.993,0.736,NA,NA,NA,0.005309228
GDF10,Brain Meta Analysis,ADHD,Wald ratio,1,-0.006,0.019,0.994,0.737,NA,NA,NA,0.006088903
SLAIN1,Brain Meta Analysis,ADHD,Wald ratio,1,-0.003,0.009,0.997,0.737,NA,NA,NA,0.006399552
OSBPL10,Brain Meta Analysis,ADHD,Inverse variance weighted,2,0.004,0.012,1.004,0.737,NA,0.11765615,NA,0.008489807
IGSF21,Brain Meta Analysis,ADHD,Inverse variance weighted,2,-0.006,0.019,0.994,0.738,NA,0.462932635,NA,0.006465202
LRRFIP1,Brain Meta Analysis,ADHD,Inverse variance weighted,2,0.005,0.014,1.005,0.738,NA,0.318053086,NA,0.006613087
GLRX3,Brain Meta Analysis,ADHD,Wald ratio,1,0.011,0.034,1.012,0.738,NA,NA,NA,0.004883498
INSYN2B,Brain Meta Analysis,ADHD,Wald ratio,1,0.006,0.018,1.006,0.739,NA,NA,NA,0.005199296
BMF,Brain Meta Analysis,ADHD,Inverse variance weighted,2,-0.004,0.013,0.996,0.739,NA,0.11981161,NA,0.008568141
FOXK2,Brain Meta Analysis,ADHD,Wald ratio,1,0.011,0.032,1.011,0.739,NA,NA,NA,0.008460303
PSMD14,Brain Meta Analysis,ADHD,Wald ratio,1,-0.006,0.019,0.994,0.739,NA,NA,NA,0.005354014
ASAP1,Brain Meta Analysis,ADHD,Wald ratio,1,-0.009,0.028,0.991,0.739,NA,NA,NA,0.005197714
EYA1,Brain Meta Analysis,ADHD,Wald ratio,1,0.009,0.027,1.009,0.741,NA,NA,NA,0.007113323
DYNC2H1,Brain Meta Analysis,ADHD,Wald ratio,1,-0.007,0.02,0.993,0.741,NA,NA,NA,0.005089374
COL6A6,Brain Meta Analysis,ADHD,Wald ratio,1,0.012,0.036,1.012,0.742,NA,NA,NA,0.008858272
SEMA5B,Brain Meta Analysis,ADHD,Wald ratio,1,-0.009,0.026,0.991,0.742,NA,NA,NA,0.007585923
NECAB2,Brain Meta Analysis,ADHD,Wald ratio,1,0.018,0.054,1.018,0.742,NA,NA,NA,0.014252541
KPNA3,Brain Meta Analysis,ADHD,Wald ratio,1,-0.005,0.017,0.995,0.743,NA,NA,NA,0.005604168
AGBL1,Brain Meta Analysis,ADHD,Wald ratio,1,-0.003,0.009,0.997,0.745,NA,NA,NA,0.004977782
TGFBR3,Brain Meta Analysis,ADHD,Wald ratio,1,0.006,0.019,1.006,0.745,NA,NA,NA,0.006026738
COLGALT2,Brain Meta Analysis,ADHD,Inverse variance weighted,2,-0.004,0.011,0.996,0.746,NA,0.311977307,NA,0.006565311
AGPAT3,Brain Meta Analysis,ADHD,Wald ratio,1,0.003,0.009,1.003,0.747,NA,NA,NA,0.005336904
LSM3,Brain Meta Analysis,ADHD,Wald ratio,1,-0.006,0.018,0.994,0.747,NA,NA,NA,0.004867931
UBXN1,Brain Meta Analysis,ADHD,Wald ratio,1,0.007,0.021,1.007,0.747,NA,NA,NA,0.006008635
BIVM,Brain Meta Analysis,ADHD,Wald ratio,1,-0.003,0.009,0.997,0.748,NA,NA,NA,0.006007584
TPD52L1,Brain Meta Analysis,ADHD,Inverse variance weighted,2,0.009,0.029,1.009,0.748,NA,0.192835001,NA,0.011052781
DRAXIN,Brain Meta Analysis,ADHD,Wald ratio,1,-0.003,0.008,0.997,0.749,NA,NA,NA,0.008271158
DCTD,Brain Meta Analysis,ADHD,Wald ratio,1,0.003,0.009,1.003,0.749,NA,NA,NA,0.005072457
SNX9,Brain Meta Analysis,ADHD,Wald ratio,1,-0.007,0.021,0.993,0.749,NA,NA,NA,0.006210585
XRCC3,Brain Meta Analysis,ADHD,Wald ratio,1,-0.017,0.052,0.984,0.75,NA,NA,NA,0.015143889
KLF11,Brain Meta Analysis,ADHD,Wald ratio,1,-0.006,0.02,0.994,0.75,NA,NA,NA,0.006053966
KDM2B,Brain Meta Analysis,ADHD,Wald ratio,1,0.006,0.018,1.006,0.75,NA,NA,NA,0.05035315
PGPEP1,Brain Meta Analysis,ADHD,Wald ratio,1,0.003,0.01,1.003,0.75,NA,NA,NA,0.005898118
HDAC2,Brain Meta Analysis,ADHD,Wald ratio,1,0.011,0.034,1.011,0.751,NA,NA,NA,0.005718694
DPP6,Brain Meta Analysis,ADHD,Inverse variance weighted,2,0.006,0.018,1.006,0.752,NA,0.730316839,NA,0.0097005
VPS53,Brain Meta Analysis,ADHD,Wald ratio,1,0.02,0.063,1.02,0.752,NA,NA,NA,0.026184591
ZFYVE28,Brain Meta Analysis,ADHD,Inverse variance weighted,2,-0.007,0.023,0.993,0.752,NA,0.125136872,NA,0.009481449
ITGA11,Brain Meta Analysis,ADHD,Inverse variance weighted,2,-0.006,0.018,0.994,0.752,NA,0.751865066,NA,0.004919318
SLC7A2,Brain Meta Analysis,ADHD,Wald ratio,1,0.003,0.009,1.003,0.753,NA,NA,NA,0.004961185
AIMP2,Brain Meta Analysis,ADHD,Wald ratio,1,-0.006,0.019,0.994,0.753,NA,NA,NA,0.005788676
KATNIP,Brain Meta Analysis,ADHD,Wald ratio,1,-0.008,0.024,0.992,0.754,NA,NA,NA,0.007124669
DIPK1C,Brain Meta Analysis,ADHD,Wald ratio,1,-0.006,0.021,0.994,0.754,NA,NA,NA,0.005320361
MAPK4,Brain Meta Analysis,ADHD,Wald ratio,1,0.008,0.026,1.008,0.754,NA,NA,NA,0.005009348
FBXO15,Brain Meta Analysis,ADHD,Wald ratio,1,0.006,0.021,1.007,0.755,NA,NA,NA,0.007327509
KIAA0825,Brain Meta Analysis,ADHD,Wald ratio,1,0.003,0.01,1.003,0.755,NA,NA,NA,0.005007891
MORF4L1,Brain Meta Analysis,ADHD,Wald ratio,1,0.007,0.024,1.007,0.755,NA,NA,NA,0.007172685
KHNYN,Brain Meta Analysis,ADHD,Inverse variance weighted,2,-0.002,0.007,0.998,0.755,NA,0.853615122,NA,0.005424246
DMRT2,Brain Meta Analysis,ADHD,Wald ratio,1,0.008,0.026,1.008,0.755,NA,NA,NA,0.005482901
ZNF608,Brain Meta Analysis,ADHD,Inverse variance weighted,2,0.004,0.013,1.004,0.755,NA,0.824114449,NA,0.005548483
SELP,Brain Meta Analysis,ADHD,Wald ratio,1,-0.003,0.008,0.997,0.756,NA,NA,NA,0.004851544
SNTG1,Brain Meta Analysis,ADHD,Wald ratio,1,0.006,0.021,1.007,0.756,NA,NA,NA,0.007017306
INTS7,Brain Meta Analysis,ADHD,Wald ratio,1,0.006,0.021,1.006,0.756,NA,NA,NA,0.011439197
SAPCD2,Brain Meta Analysis,ADHD,Wald ratio,1,-0.009,0.03,0.991,0.756,NA,NA,NA,0.006766251
ZC3HAV1,Brain Meta Analysis,ADHD,Wald ratio,1,0.002,0.008,1.002,0.757,NA,NA,NA,0.004899681
WDFY2,Brain Meta Analysis,ADHD,Wald ratio,1,0.006,0.021,1.006,0.757,NA,NA,NA,0.007064058
ADPRM,Brain Meta Analysis,ADHD,Wald ratio,1,-0.007,0.023,0.993,0.757,NA,NA,NA,0.005054542
PTPRG,Brain Meta Analysis,ADHD,MR Egger,5,0.008,0.024,1.008,0.758,0.218269457,0.335908564,0.792081176,0.005829544
GNPTAB,Brain Meta Analysis,ADHD,Wald ratio,1,-0.003,0.009,0.997,0.758,NA,NA,NA,0.004898338
CDHR1,Brain Meta Analysis,ADHD,Wald ratio,1,0.007,0.021,1.007,0.758,NA,NA,NA,0.004898338
HABP2,Brain Meta Analysis,ADHD,Wald ratio,1,-0.008,0.026,0.992,0.758,NA,NA,NA,0.004898338
ITPR1,Brain Meta Analysis,ADHD,Inverse variance weighted,2,0.008,0.025,1.008,0.758,NA,0.437262761,NA,0.008011853
TEKT5,Brain Meta Analysis,ADHD,Wald ratio,1,-0.007,0.022,0.993,0.759,NA,NA,NA,0.008594464
FRY,Brain Meta Analysis,ADHD,Wald ratio,1,0.003,0.009,1.003,0.759,NA,NA,NA,0.005929724
GNAQ,Brain Meta Analysis,ADHD,Wald ratio,1,0.006,0.019,1.006,0.759,NA,NA,NA,0.005413767
TGM2,Brain Meta Analysis,ADHD,Wald ratio,1,-0.008,0.025,0.992,0.759,NA,NA,NA,0.005253387
ARHGAP39,Brain Meta Analysis,ADHD,Wald ratio,1,0.014,0.047,1.015,0.76,NA,NA,NA,0.017906793
LHPP,Brain Meta Analysis,ADHD,Inverse variance weighted,2,0.006,0.02,1.006,0.761,NA,0.441362758,NA,0.008217101
IPO13,Brain Meta Analysis,ADHD,Wald ratio,1,0.01,0.032,1.01,0.761,NA,NA,NA,0.001859619
AKAP13,Brain Meta Analysis,ADHD,Inverse variance weighted,2,-0.006,0.019,0.994,0.762,NA,0.484456053,NA,0.010861409
ARHGAP25,Brain Meta Analysis,ADHD,Inverse variance weighted,2,0.002,0.008,1.002,0.762,NA,0.975029056,NA,0.006378912
PLA2G4E,Brain Meta Analysis,ADHD,Wald ratio,1,-0.006,0.02,0.994,0.762,NA,NA,NA,0.005663377
CRLS1,Brain Meta Analysis,ADHD,Wald ratio,1,-0.003,0.008,0.998,0.763,NA,NA,NA,0.007203073
KLHDC7A,Brain Meta Analysis,ADHD,Wald ratio,1,-0.006,0.021,0.994,0.763,NA,NA,NA,0.004836981
PITPNC1,Brain Meta Analysis,ADHD,Inverse variance weighted,2,0.021,0.071,1.022,0.764,NA,8.65E-05,NA,0.015085877
PRKAR1B,Brain Meta Analysis,ADHD,Wald ratio,1,0.007,0.022,1.007,0.764,NA,NA,NA,0.004835678
MYH9,Brain Meta Analysis,ADHD,Wald ratio,1,0.008,0.025,1.008,0.764,NA,NA,NA,0.005706748
HIF1A,Brain Meta Analysis,ADHD,Wald ratio,1,0.008,0.026,1.008,0.764,NA,NA,NA,0.008270449
SLC27A4,Brain Meta Analysis,ADHD,Wald ratio,1,0.006,0.02,1.006,0.764,NA,NA,NA,0.013121496
GARIN1B,Brain Meta Analysis,ADHD,Wald ratio,1,-0.006,0.02,0.994,0.765,NA,NA,NA,0.005555699
DSP,Brain Meta Analysis,ADHD,Wald ratio,1,-0.005,0.018,0.995,0.765,NA,NA,NA,0.005040307
MYH2,Brain Meta Analysis,ADHD,Wald ratio,1,-0.007,0.025,0.993,0.765,NA,NA,NA,0.005040307
C12orf75,Brain Meta Analysis,ADHD,Wald ratio,1,0.006,0.019,1.006,0.766,NA,NA,NA,0.004882743
DYNC1I1,Brain Meta Analysis,ADHD,Wald ratio,1,0.007,0.023,1.007,0.767,NA,NA,NA,0.006116636
HILPDA,Brain Meta Analysis,ADHD,Wald ratio,1,-0.007,0.023,0.993,0.767,NA,NA,NA,0.005600739
SCARA5,Brain Meta Analysis,ADHD,Wald ratio,1,-0.009,0.031,0.991,0.767,NA,NA,NA,0.005087265
PPP2R2B,Brain Meta Analysis,ADHD,Wald ratio,1,0.005,0.017,1.005,0.767,NA,NA,NA,0.005446583
PRRG4,Brain Meta Analysis,ADHD,Wald ratio,1,0.002,0.008,1.002,0.768,NA,NA,NA,0.006831551
WHRN,Brain Meta Analysis,ADHD,Inverse variance weighted,2,-0.002,0.008,0.998,0.768,NA,0.421435431,NA,0.005685146
THAP4,Brain Meta Analysis,ADHD,Wald ratio,1,0.004,0.014,1.004,0.768,NA,NA,NA,0.005445124
NDUFC2,Brain Meta Analysis,ADHD,Wald ratio,1,-0.002,0.008,0.998,0.769,NA,NA,NA,0.004774568
KALRN,Brain Meta Analysis,ADHD,Inverse variance weighted,2,0.004,0.013,1.004,0.77,NA,0.911342929,NA,0.005743413
SIRPA,Brain Meta Analysis,ADHD,Wald ratio,1,-0.007,0.024,0.993,0.771,NA,NA,NA,0.011553212
USP12,Brain Meta Analysis,ADHD,Wald ratio,1,0.007,0.025,1.007,0.771,NA,NA,NA,0.0076375
GPR88,Brain Meta Analysis,ADHD,Wald ratio,1,-0.006,0.02,0.994,0.772,NA,NA,NA,0.004820581
MYH3,Brain Meta Analysis,ADHD,Wald ratio,1,0.003,0.01,1.003,0.773,NA,NA,NA,0.009256632
KL,Brain Meta Analysis,ADHD,Inverse variance weighted,2,0.015,0.05,1.015,0.773,NA,0.035051683,NA,0.012763798
CNOT6,Brain Meta Analysis,ADHD,Wald ratio,1,-0.007,0.026,0.993,0.773,NA,NA,NA,0.005797846
NUDT2,Brain Meta Analysis,ADHD,Wald ratio,1,0.006,0.021,1.006,0.774,NA,NA,NA,0.006100292
ARID1B,Brain Meta Analysis,ADHD,Wald ratio,1,-0.007,0.026,0.993,0.774,NA,NA,NA,0.004856533
LIPC,Brain Meta Analysis,ADHD,Inverse variance weighted,2,-0.003,0.01,0.997,0.774,NA,0.24520796,NA,0.007846648
THSD7A,Brain Meta Analysis,ADHD,Inverse variance weighted,2,0.004,0.013,1.004,0.775,NA,0.843751693,NA,0.00532704
SH3TC1,Brain Meta Analysis,ADHD,Wald ratio,1,-0.003,0.01,0.997,0.776,NA,NA,NA,0.006351016
DIS3L2,Brain Meta Analysis,ADHD,Inverse variance weighted,2,0.002,0.009,1.002,0.776,NA,0.737636969,NA,0.006212406
IL5RA,Brain Meta Analysis,ADHD,Wald ratio,1,0.004,0.015,1.004,0.776,NA,NA,NA,0.005633224
DIAPH3,Brain Meta Analysis,ADHD,Wald ratio,1,0.007,0.026,1.007,0.777,NA,NA,NA,0.004914938
NALCN,Brain Meta Analysis,ADHD,Inverse variance weighted,2,-0.002,0.007,0.998,0.777,NA,0.507485038,NA,0.00575154
UBE2K,Brain Meta Analysis,ADHD,Wald ratio,1,0.006,0.02,1.006,0.777,NA,NA,NA,0.008533864
TAPT1,Brain Meta Analysis,ADHD,Wald ratio,1,-0.004,0.015,0.996,0.778,NA,NA,NA,0.004963228
PUM2,Brain Meta Analysis,ADHD,Wald ratio,1,0.009,0.032,1.009,0.778,NA,NA,NA,0.009287521
CD82,Brain Meta Analysis,ADHD,Wald ratio,1,0.007,0.026,1.007,0.779,NA,NA,NA,0.006926403
RAB38,Brain Meta Analysis,ADHD,Wald ratio,1,-0.006,0.021,0.994,0.779,NA,NA,NA,0.005321491
ADA2,Brain Meta Analysis,ADHD,Wald ratio,1,0.005,0.017,1.005,0.779,NA,NA,NA,0.004962176
DKK1,Brain Meta Analysis,ADHD,Wald ratio,1,-0.007,0.026,0.993,0.779,NA,NA,NA,0.004962176
C5orf46,Brain Meta Analysis,ADHD,Wald ratio,1,-0.005,0.016,0.995,0.779,NA,NA,NA,0.008780698
INAVA,Brain Meta Analysis,ADHD,Wald ratio,1,-0.002,0.008,0.998,0.779,NA,NA,NA,0.006444969
NOS3,Brain Meta Analysis,ADHD,Wald ratio,1,-0.007,0.024,0.993,0.78,NA,NA,NA,0.007360561
HAS2,Brain Meta Analysis,ADHD,Wald ratio,1,0.007,0.026,1.007,0.78,NA,NA,NA,0.004769236
PDE3A,Brain Meta Analysis,ADHD,Inverse variance weighted,2,0.005,0.019,1.005,0.78,NA,0.700322895,NA,0.005500183
SUCLG2,Brain Meta Analysis,ADHD,Wald ratio,1,0.005,0.018,1.005,0.78,NA,NA,NA,0.005010492
BRINP3,Brain Meta Analysis,ADHD,Wald ratio,1,-0.006,0.023,0.994,0.781,NA,NA,NA,0.006134272
CRY1,Brain Meta Analysis,ADHD,Wald ratio,1,0.008,0.028,1.008,0.781,NA,NA,NA,0.006650156
LANCL1,Brain Meta Analysis,ADHD,Wald ratio,1,-0.006,0.022,0.994,0.782,NA,NA,NA,0.004854281
ADPRHL1,Brain Meta Analysis,ADHD,Wald ratio,1,0.008,0.029,1.008,0.782,NA,NA,NA,0.00499663
KIF1A,Brain Meta Analysis,ADHD,Wald ratio,1,0.01,0.035,1.01,0.782,NA,NA,NA,0.007112408
RPP21,Brain Meta Analysis,ADHD,Wald ratio,1,-0.007,0.025,0.993,0.783,NA,NA,NA,0.007579597
HAPLN1,Brain Meta Analysis,ADHD,Wald ratio,1,-0.006,0.021,0.994,0.783,NA,NA,NA,0.005620236
PLIN3,Brain Meta Analysis,ADHD,Wald ratio,1,-0.003,0.01,0.997,0.783,NA,NA,NA,0.005261164
HERC1,Brain Meta Analysis,ADHD,Wald ratio,1,0.006,0.021,1.006,0.784,NA,NA,NA,0.009320131
CDH2,Brain Meta Analysis,ADHD,Wald ratio,1,0.002,0.007,1.002,0.784,NA,NA,NA,0.006383818
CHPF,Brain Meta Analysis,ADHD,Wald ratio,1,-0.009,0.032,0.991,0.784,NA,NA,NA,0.004901455
LUC7L3,Brain Meta Analysis,ADHD,Wald ratio,1,-0.005,0.02,0.995,0.784,NA,NA,NA,0.005464392
ST6GALNAC2,Brain Meta Analysis,ADHD,Wald ratio,1,0.006,0.021,1.006,0.784,NA,NA,NA,0.008613217
SCN10A,Brain Meta Analysis,ADHD,Wald ratio,1,-0.005,0.02,0.995,0.784,NA,NA,NA,0.008564095
COL21A1,Brain Meta Analysis,ADHD,Wald ratio,1,-0.007,0.024,0.993,0.784,NA,NA,NA,0.01191336
PIWIL1,Brain Meta Analysis,ADHD,Wald ratio,1,-0.006,0.022,0.994,0.785,NA,NA,NA,0.004900635
ETV1,Brain Meta Analysis,ADHD,Inverse variance weighted,2,-0.008,0.03,0.992,0.785,NA,0.263421131,NA,0.007564088
TTLL12,Brain Meta Analysis,ADHD,Wald ratio,1,0.002,0.008,1.002,0.785,NA,NA,NA,0.005105127
ESR1,Brain Meta Analysis,ADHD,Inverse variance weighted,2,-0.005,0.019,0.995,0.785,NA,0.643878433,NA,0.005347286
IL17B,Brain Meta Analysis,ADHD,Wald ratio,1,-0.006,0.024,0.994,0.786,NA,NA,NA,0.006400682
FGF5,Brain Meta Analysis,ADHD,Wald ratio,1,0.018,0.067,1.018,0.786,NA,NA,NA,0.017638605
CLIP2,Brain Meta Analysis,ADHD,Wald ratio,1,0.006,0.022,1.006,0.787,NA,NA,NA,0.005510256
ELAC2,Brain Meta Analysis,ADHD,Wald ratio,1,0.006,0.021,1.006,0.787,NA,NA,NA,0.012398792
TMC1,Brain Meta Analysis,ADHD,Wald ratio,1,-0.009,0.032,0.991,0.787,NA,NA,NA,0.006834292
IL6,Brain Meta Analysis,ADHD,Wald ratio,1,-0.007,0.026,0.993,0.788,NA,NA,NA,0.006893592
CYTH4,Brain Meta Analysis,ADHD,Wald ratio,1,-0.007,0.028,0.993,0.788,NA,NA,NA,0.004996447
EPHA1,Brain Meta Analysis,ADHD,Wald ratio,1,-0.013,0.048,0.987,0.789,NA,NA,NA,0.007822358
MAGEF1,Brain Meta Analysis,ADHD,Wald ratio,1,-0.005,0.019,0.995,0.789,NA,NA,NA,0.0054032
ARAP2,Brain Meta Analysis,ADHD,Wald ratio,1,0.009,0.032,1.009,0.789,NA,NA,NA,0.00519381
CA10,Brain Meta Analysis,ADHD,Wald ratio,1,-0.002,0.007,0.998,0.79,NA,NA,NA,0.006370094
FOXO1,Brain Meta Analysis,ADHD,Wald ratio,1,0.002,0.008,1.002,0.79,NA,NA,NA,0.005606356
TPM1,Brain Meta Analysis,ADHD,Wald ratio,1,0.008,0.029,1.008,0.79,NA,NA,NA,0.007130443
ANKRD11,Brain Meta Analysis,ADHD,Wald ratio,1,0.002,0.009,1.002,0.791,NA,NA,NA,0.005043904
ZNF337,Brain Meta Analysis,ADHD,Wald ratio,1,-0.006,0.024,0.994,0.791,NA,NA,NA,0.004865427
EBF1,Brain Meta Analysis,ADHD,Inverse variance weighted,2,0.004,0.014,1.004,0.791,NA,0.093964346,NA,0.006668996
DLX2,Brain Meta Analysis,ADHD,Wald ratio,1,-0.006,0.024,0.994,0.791,NA,NA,NA,0.005042988
PUS7L,Brain Meta Analysis,ADHD,Wald ratio,1,-0.013,0.05,0.987,0.791,NA,NA,NA,0.007733753
BCAT1,Brain Meta Analysis,ADHD,Wald ratio,1,0.003,0.013,1.003,0.792,NA,NA,NA,0.006619619
PCDH9,Brain Meta Analysis,ADHD,Wald ratio,1,-0.008,0.03,0.992,0.792,NA,NA,NA,0.464257589
SLC26A9,Brain Meta Analysis,ADHD,Wald ratio,1,0.01,0.039,1.01,0.792,NA,NA,NA,0.011050823
PARP15,Brain Meta Analysis,ADHD,Inverse variance weighted,2,0.01,0.036,1.01,0.793,NA,0.02628612,NA,0.031248326
CREB3L1,Brain Meta Analysis,ADHD,Wald ratio,1,-0.008,0.029,0.992,0.793,NA,NA,NA,0.007965818
MYF5,Brain Meta Analysis,ADHD,Wald ratio,1,-0.007,0.026,0.993,0.794,NA,NA,NA,0.004935396
NELL1,Brain Meta Analysis,ADHD,Inverse variance weighted,2,0.003,0.013,1.003,0.795,NA,0.734005734,NA,0.008998917
SULF1,Brain Meta Analysis,ADHD,Wald ratio,1,-0.002,0.009,0.998,0.795,NA,NA,NA,0.00513891
AK5,Brain Meta Analysis,ADHD,Inverse variance weighted,2,-0.011,0.043,0.989,0.795,NA,0.003662586,NA,0.056491318
TNFRSF11A,Brain Meta Analysis,ADHD,Wald ratio,1,-0.006,0.024,0.994,0.795,NA,NA,NA,0.005336283
OPN5,Brain Meta Analysis,ADHD,Wald ratio,1,-0.006,0.022,0.994,0.796,NA,NA,NA,0.010628719
PPCDC,Brain Meta Analysis,ADHD,Wald ratio,1,-0.011,0.044,0.989,0.796,NA,NA,NA,0.010825483
AFAP1L2,Brain Meta Analysis,ADHD,Inverse variance weighted,2,-0.002,0.007,0.998,0.796,NA,0.321588162,NA,0.010900172
PTGR3,Brain Meta Analysis,ADHD,Wald ratio,1,0.002,0.008,1.002,0.797,NA,NA,NA,0.004778585
KLHL23,Brain Meta Analysis,ADHD,Wald ratio,1,0.006,0.022,1.006,0.797,NA,NA,NA,0.0059989
CCDC68,Brain Meta Analysis,ADHD,Wald ratio,1,0.006,0.022,1.006,0.798,NA,NA,NA,0.005995888
ARHGEF10L,Brain Meta Analysis,ADHD,Wald ratio,1,0.007,0.029,1.008,0.798,NA,NA,NA,0.006200319
DRC7,Brain Meta Analysis,ADHD,Wald ratio,1,-0.003,0.012,0.997,0.798,NA,NA,NA,0.008773543
GLB1L2,Brain Meta Analysis,ADHD,Wald ratio,1,0.004,0.015,1.004,0.799,NA,NA,NA,0.005640491
MTMR14,Brain Meta Analysis,ADHD,Wald ratio,1,-0.008,0.032,0.992,0.799,NA,NA,NA,0.016905361
EIF2AK4,Brain Meta Analysis,ADHD,Inverse variance weighted,2,0.004,0.014,1.004,0.8,NA,0.561805688,NA,0.017980078
TTC22,Brain Meta Analysis,ADHD,Wald ratio,1,0.007,0.028,1.007,0.8,NA,NA,NA,0.008867408
TBX15,Brain Meta Analysis,ADHD,Wald ratio,1,0.004,0.015,1.004,0.8,NA,NA,NA,0.005078211
RAPGEFL1,Brain Meta Analysis,ADHD,Inverse variance weighted,2,0.008,0.031,1.008,0.8,NA,0.067236935,NA,0.006964009
RDX,Brain Meta Analysis,ADHD,Wald ratio,1,0.002,0.009,1.002,0.801,NA,NA,NA,0.005688024
ADHFE1,Brain Meta Analysis,ADHD,Wald ratio,1,-0.005,0.02,0.995,0.801,NA,NA,NA,0.010065214
NKX2-6,Brain Meta Analysis,ADHD,Wald ratio,1,0.007,0.028,1.007,0.801,NA,NA,NA,0.004639022
NPR2,Brain Meta Analysis,ADHD,Wald ratio,1,0.002,0.008,1.002,0.801,NA,NA,NA,0.004873904
TRPC4,Brain Meta Analysis,ADHD,Inverse variance weighted,2,0.003,0.01,1.003,0.801,NA,0.480510983,NA,0.005193387
TMEM45B,Brain Meta Analysis,ADHD,Wald ratio,1,0.006,0.024,1.006,0.801,NA,NA,NA,0.00649767
EFCAB8,Brain Meta Analysis,ADHD,Wald ratio,1,0.007,0.027,1.007,0.801,NA,NA,NA,0.006577286
TGFBR2,Brain Meta Analysis,ADHD,Wald ratio,1,-0.01,0.038,0.991,0.802,NA,NA,NA,0.00593777
KBTBD7,Brain Meta Analysis,ADHD,Wald ratio,1,0.002,0.008,1.002,0.803,NA,NA,NA,0.006747381
SLC51A,Brain Meta Analysis,ADHD,Wald ratio,1,-0.006,0.024,0.994,0.803,NA,NA,NA,0.005937444
ADRB2,Brain Meta Analysis,ADHD,Wald ratio,1,-0.002,0.009,0.998,0.804,NA,NA,NA,0.004970061
EPS15L1,Brain Meta Analysis,ADHD,Wald ratio,1,-0.006,0.024,0.994,0.804,NA,NA,NA,0.015585398
SERBP1,Brain Meta Analysis,ADHD,Wald ratio,1,0.004,0.018,1.004,0.805,NA,NA,NA,0.005172772
KMO,Brain Meta Analysis,ADHD,Wald ratio,1,-0.002,0.009,0.998,0.805,NA,NA,NA,0.009055
OGFOD3,Brain Meta Analysis,ADHD,Wald ratio,1,0.007,0.027,1.007,0.806,NA,NA,NA,0.004938685
EMB,Brain Meta Analysis,ADHD,Wald ratio,1,-0.003,0.012,0.997,0.806,NA,NA,NA,0.005017809
DIPK2A,Brain Meta Analysis,ADHD,Wald ratio,1,0.004,0.018,1.004,0.807,NA,NA,NA,0.011580199
MDGA1,Brain Meta Analysis,ADHD,Wald ratio,1,-0.006,0.026,0.994,0.807,NA,NA,NA,0.00418637
NMU,Brain Meta Analysis,ADHD,Wald ratio,1,-0.005,0.02,0.995,0.808,NA,NA,NA,0.006282735
ADGRE2,Brain Meta Analysis,ADHD,Wald ratio,1,0.004,0.017,1.004,0.808,NA,NA,NA,0.006080139
CLASP1,Brain Meta Analysis,ADHD,Wald ratio,1,-0.007,0.027,0.993,0.808,NA,NA,NA,0.009395751
MTMR10,Brain Meta Analysis,ADHD,Wald ratio,1,0.006,0.023,1.006,0.808,NA,NA,NA,0.005471265
HMGXB3,Brain Meta Analysis,ADHD,Wald ratio,1,0.005,0.021,1.005,0.809,NA,NA,NA,0.006331394
SOGA1,Brain Meta Analysis,ADHD,Wald ratio,1,-0.002,0.008,0.998,0.809,NA,NA,NA,0.004657709
LRPPRC,Brain Meta Analysis,ADHD,Wald ratio,1,0.006,0.027,1.006,0.812,NA,NA,NA,0.005161198
SIK3,Brain Meta Analysis,ADHD,Wald ratio,1,-0.002,0.009,0.998,0.813,NA,NA,NA,0.004957074
LAMP5,Brain Meta Analysis,ADHD,Wald ratio,1,-0.007,0.028,0.993,0.813,NA,NA,NA,0.007286861
ELOVL6,Brain Meta Analysis,ADHD,Wald ratio,1,0.002,0.01,1.002,0.813,NA,NA,NA,0.00818204
VIPR2,Brain Meta Analysis,ADHD,Inverse variance weighted,2,-0.005,0.02,0.995,0.813,NA,0.242967025,NA,0.010048034
SDK2,Brain Meta Analysis,ADHD,Inverse variance weighted,2,0.002,0.007,1.002,0.814,NA,0.954714172,NA,0.004732249
NT5E,Brain Meta Analysis,ADHD,Wald ratio,1,-0.002,0.008,0.998,0.815,NA,NA,NA,0.005004964
EPDR1,Brain Meta Analysis,ADHD,Wald ratio,1,0.006,0.027,1.006,0.815,NA,NA,NA,0.004546919
WDR33,Brain Meta Analysis,ADHD,Wald ratio,1,-0.015,0.063,0.985,0.815,NA,NA,NA,0.015882167
RAB30,Brain Meta Analysis,ADHD,Wald ratio,1,-0.002,0.009,0.998,0.815,NA,NA,NA,0.006520715
GRIK3,Brain Meta Analysis,ADHD,Wald ratio,1,0.002,0.009,1.002,0.815,NA,NA,NA,0.005460157
CRYL1,Brain Meta Analysis,ADHD,Inverse variance weighted,3,0.002,0.009,1.002,0.815,0.262355374,0.521052939,0.877709122,0.006631345
RDH8,Brain Meta Analysis,ADHD,Wald ratio,1,-0.006,0.027,0.994,0.815,NA,NA,NA,0.006318342
SYCP2L,Brain Meta Analysis,ADHD,Wald ratio,1,-0.008,0.036,0.992,0.815,NA,NA,NA,0.005444293
NRP1,Brain Meta Analysis,ADHD,Wald ratio,1,0.003,0.015,1.003,0.816,NA,NA,NA,0.00807574
PCED1B,Brain Meta Analysis,ADHD,Wald ratio,1,-0.002,0.009,0.998,0.816,NA,NA,NA,0.005053498
SLC26A3,Brain Meta Analysis,ADHD,Wald ratio,1,-0.004,0.018,0.996,0.817,NA,NA,NA,0.004849953
GOLGA3,Brain Meta Analysis,ADHD,Wald ratio,1,-0.015,0.066,0.985,0.817,NA,NA,NA,0.021064642
METTL25B,Brain Meta Analysis,ADHD,Wald ratio,1,0.006,0.025,1.006,0.817,NA,NA,NA,0.005938734
AKAP1,Brain Meta Analysis,ADHD,Wald ratio,1,0.004,0.015,1.004,0.817,NA,NA,NA,0.007471123
GFRA1,Brain Meta Analysis,ADHD,Inverse variance weighted,2,-0.01,0.045,0.99,0.818,NA,0.048038848,NA,0.034533189
GFRA4,Brain Meta Analysis,ADHD,Wald ratio,1,0.004,0.018,1.004,0.818,NA,NA,NA,0.007720913
GNB3,Brain Meta Analysis,ADHD,Wald ratio,1,-0.007,0.032,0.993,0.818,NA,NA,NA,0.005513784
FAM13C,Brain Meta Analysis,ADHD,Inverse variance weighted,2,0.003,0.012,1.003,0.819,NA,0.115823765,NA,0.00885481
RNASEH2B,Brain Meta Analysis,ADHD,Wald ratio,1,-0.008,0.034,0.992,0.82,NA,NA,NA,0.006259887
MAP3K8,Brain Meta Analysis,ADHD,Wald ratio,1,0.006,0.026,1.006,0.82,NA,NA,NA,0.00499597
DNAAF11,Brain Meta Analysis,ADHD,Wald ratio,1,0.007,0.029,1.007,0.82,NA,NA,NA,0.008913266
ENTREP1,Brain Meta Analysis,ADHD,Wald ratio,1,-0.002,0.008,0.998,0.821,NA,NA,NA,0.005854541
CKMT2,Brain Meta Analysis,ADHD,Wald ratio,1,-0.007,0.03,0.993,0.822,NA,NA,NA,0.00581268
VAV3,Brain Meta Analysis,ADHD,Inverse variance weighted,2,-0.006,0.028,0.994,0.822,NA,0.123135009,NA,0.032579237
TMTC1,Brain Meta Analysis,ADHD,Wald ratio,1,-0.002,0.008,0.998,0.822,NA,NA,NA,0.004993927
TAP2,Brain Meta Analysis,ADHD,Wald ratio,1,0.005,0.02,1.005,0.823,NA,NA,NA,0.009255101
SUGCT,Brain Meta Analysis,ADHD,Inverse variance weighted,2,0.006,0.027,1.006,0.823,NA,0.192528881,NA,0.007884554
ACACA,Brain Meta Analysis,ADHD,Wald ratio,1,-0.002,0.009,0.998,0.823,NA,NA,NA,0.005901635
SHC4,Brain Meta Analysis,ADHD,Inverse variance weighted,2,-0.003,0.014,0.997,0.823,NA,0.058337203,NA,0.039330584
MMP2,Brain Meta Analysis,ADHD,Wald ratio,1,0.002,0.009,1.002,0.823,NA,NA,NA,0.004790379
PRKCD,Brain Meta Analysis,ADHD,Wald ratio,1,-0.007,0.031,0.993,0.823,NA,NA,NA,0.005679752
DEF8,Brain Meta Analysis,ADHD,Wald ratio,1,-0.011,0.047,0.989,0.823,NA,NA,NA,0.011913285
PRAM1,Brain Meta Analysis,ADHD,Wald ratio,1,0.005,0.022,1.005,0.823,NA,NA,NA,0.006605566
IQSEC1,Brain Meta Analysis,ADHD,Inverse variance weighted,2,0.01,0.045,1.01,0.824,NA,0.003106557,NA,0.016907217
HSD17B4,Brain Meta Analysis,ADHD,Wald ratio,1,-0.005,0.022,0.995,0.824,NA,NA,NA,0.005041958
DLGAP4,Brain Meta Analysis,ADHD,Wald ratio,1,-0.006,0.026,0.994,0.824,NA,NA,NA,0.008655063
DNMT3B,Brain Meta Analysis,ADHD,Wald ratio,1,0.006,0.027,1.006,0.824,NA,NA,NA,0.01321329
NGEF,Brain Meta Analysis,ADHD,Wald ratio,1,-0.004,0.019,0.996,0.825,NA,NA,NA,0.004838458
ODC1,Brain Meta Analysis,ADHD,Wald ratio,1,0.005,0.025,1.005,0.826,NA,NA,NA,0.007587508
FGF2,Brain Meta Analysis,ADHD,Wald ratio,1,-0.013,0.059,0.987,0.826,NA,NA,NA,0.016525569
EHMT1,Brain Meta Analysis,ADHD,Wald ratio,1,0.004,0.016,1.004,0.826,NA,NA,NA,0.00508947
TRERF1,Brain Meta Analysis,ADHD,MR Egger,3,-0.007,0.024,0.993,0.827,0.805753705,0.939032097,0.840679962,0.009769797
SPNS2,Brain Meta Analysis,ADHD,Wald ratio,1,-0.006,0.027,0.994,0.827,NA,NA,NA,0.006045559
SRP72,Brain Meta Analysis,ADHD,Wald ratio,1,0.005,0.024,1.005,0.827,NA,NA,NA,0.002913659
ARL14EPL,Brain Meta Analysis,ADHD,Wald ratio,1,-0.008,0.035,0.992,0.827,NA,NA,NA,0.004877218
NKAPD1,Brain Meta Analysis,ADHD,Wald ratio,1,-0.002,0.009,0.998,0.827,NA,NA,NA,0.005138075
MED9,Brain Meta Analysis,ADHD,Wald ratio,1,-0.006,0.029,0.994,0.828,NA,NA,NA,0.000243094
ZNF804B,Brain Meta Analysis,ADHD,Wald ratio,1,-0.006,0.026,0.994,0.828,NA,NA,NA,0.005389371
CAMK2A,Brain Meta Analysis,ADHD,Wald ratio,1,-0.004,0.019,0.996,0.828,NA,NA,NA,0.004934672
TBL1XR1,Brain Meta Analysis,ADHD,Wald ratio,1,0.006,0.028,1.006,0.829,NA,NA,NA,0.009091251
IQGAP2,Brain Meta Analysis,ADHD,MR Egger,4,-0.004,0.015,0.996,0.829,0.738159582,0.877174479,0.808790162,0.006789208
LDHA,Brain Meta Analysis,ADHD,Wald ratio,1,-0.002,0.009,0.998,0.83,NA,NA,NA,0.004730701
UBTD2,Brain Meta Analysis,ADHD,Wald ratio,1,0.006,0.027,1.006,0.831,NA,NA,NA,0.004615101
CACNB4,Brain Meta Analysis,ADHD,Wald ratio,1,0.002,0.008,1.002,0.832,NA,NA,NA,0.004778891
MAP3K5,Brain Meta Analysis,ADHD,Inverse variance weighted,2,-0.004,0.018,0.996,0.832,NA,0.018887608,NA,0.092203787
PTRH2,Brain Meta Analysis,ADHD,Wald ratio,1,0.002,0.008,1.002,0.832,NA,NA,NA,0.006689386
SYT1,Brain Meta Analysis,ADHD,Wald ratio,1,0.007,0.034,1.007,0.833,NA,NA,NA,0.005281747
TNRC6C,Brain Meta Analysis,ADHD,Wald ratio,1,-0.005,0.024,0.995,0.833,NA,NA,NA,0.007188659
RBM47,Brain Meta Analysis,ADHD,Inverse variance weighted,2,-0.003,0.015,0.997,0.834,NA,0.96750695,NA,0.004766412
RPLP1,Brain Meta Analysis,ADHD,Wald ratio,1,-0.005,0.022,0.995,0.834,NA,NA,NA,0.000839143
LDB2,Brain Meta Analysis,ADHD,Inverse variance weighted,2,-0.005,0.024,0.995,0.834,NA,0.153804241,NA,0.0054703
CACNG5,Brain Meta Analysis,ADHD,Wald ratio,1,-0.005,0.026,0.995,0.835,NA,NA,NA,0.004875743
ZNF862,Brain Meta Analysis,ADHD,Inverse variance weighted,2,-0.003,0.014,0.997,0.835,NA,0.80643347,NA,0.004576538
ARHGAP10,Brain Meta Analysis,ADHD,Inverse variance weighted,2,-0.004,0.018,0.996,0.836,NA,0.900993831,NA,0.00936896
SLC24A3,Brain Meta Analysis,ADHD,Wald ratio,1,-0.008,0.038,0.992,0.837,NA,NA,NA,0.00514723
SYNE1,Brain Meta Analysis,ADHD,Inverse variance weighted,2,0.003,0.016,1.003,0.837,NA,0.231184436,NA,0.00736287
FSIP1,Brain Meta Analysis,ADHD,Wald ratio,1,0.005,0.023,1.005,0.838,NA,NA,NA,0.004719733
MROH2A,Brain Meta Analysis,ADHD,Wald ratio,1,0.004,0.02,1.004,0.838,NA,NA,NA,0.005223702
EMP2,Brain Meta Analysis,ADHD,Inverse variance weighted,2,0.004,0.022,1.004,0.838,NA,0.140543111,NA,0.007705844
CCKBR,Brain Meta Analysis,ADHD,Wald ratio,1,-0.003,0.015,0.997,0.839,NA,NA,NA,0.005725449
COBL,Brain Meta Analysis,ADHD,Wald ratio,1,-0.002,0.009,0.998,0.84,NA,NA,NA,0.004768828
LCK,Brain Meta Analysis,ADHD,Inverse variance weighted,2,-0.004,0.018,0.996,0.84,NA,0.960637905,NA,0.015076002
CAPN2,Brain Meta Analysis,ADHD,Inverse variance weighted,2,0.003,0.016,1.003,0.84,NA,0.669892986,NA,0.010607824
CHST5,Brain Meta Analysis,ADHD,Wald ratio,1,-0.005,0.026,0.995,0.84,NA,NA,NA,0.005013644
PIP4K2A,Brain Meta Analysis,ADHD,Wald ratio,1,-0.006,0.027,0.995,0.841,NA,NA,NA,0.007274033
IRS1,Brain Meta Analysis,ADHD,Wald ratio,1,0.009,0.042,1.009,0.841,NA,NA,NA,0.007087528
TRMU,Brain Meta Analysis,ADHD,Wald ratio,1,0.004,0.022,1.004,0.841,NA,NA,NA,0.00628444
DOCK6,Brain Meta Analysis,ADHD,Wald ratio,1,0.008,0.039,1.008,0.841,NA,NA,NA,0.005569352
LYPD6B,Brain Meta Analysis,ADHD,Inverse variance weighted,2,-0.001,0.006,0.999,0.841,NA,0.291065433,NA,0.007021456
USP53,Brain Meta Analysis,ADHD,Wald ratio,1,0.002,0.009,1.002,0.842,NA,NA,NA,0.00456498
NCOA7,Brain Meta Analysis,ADHD,Wald ratio,1,-0.003,0.016,0.997,0.842,NA,NA,NA,0.004816784
APLP2,Brain Meta Analysis,ADHD,Wald ratio,1,0.007,0.033,1.007,0.842,NA,NA,NA,0.007571016
KLK2,Brain Meta Analysis,ADHD,Wald ratio,1,0.004,0.018,1.004,0.843,NA,NA,NA,0.005619535
NCKAP5,Brain Meta Analysis,ADHD,Inverse variance weighted,2,-0.006,0.033,0.994,0.843,NA,0.042476158,NA,0.018519175
ARHGEF4,Brain Meta Analysis,ADHD,Wald ratio,1,-0.004,0.02,0.996,0.843,NA,NA,NA,0.005116623
RPS6KA4,Brain Meta Analysis,ADHD,Wald ratio,1,-0.004,0.019,0.996,0.843,NA,NA,NA,0.004865121
ATP8A2,Brain Meta Analysis,ADHD,Inverse variance weighted,2,0.001,0.007,1.001,0.845,NA,0.240798338,NA,0.00602015
EXT2,Brain Meta Analysis,ADHD,Wald ratio,1,0.004,0.021,1.004,0.845,NA,NA,NA,0.004410104
COL25A1,Brain Meta Analysis,ADHD,Inverse variance weighted,2,-0.005,0.024,0.995,0.845,NA,0.070268626,NA,0.031630918
ARPC2,Brain Meta Analysis,ADHD,Wald ratio,1,0.004,0.018,1.004,0.845,NA,NA,NA,0.004409819
PERP,Brain Meta Analysis,ADHD,Wald ratio,1,0.005,0.025,1.005,0.846,NA,NA,NA,0.00701547
SSC5D,Brain Meta Analysis,ADHD,Wald ratio,1,0.004,0.022,1.004,0.846,NA,NA,NA,0.005213672
OR51A7,Brain Meta Analysis,ADHD,Wald ratio,1,0.006,0.032,1.006,0.846,NA,NA,NA,0.008248214
OR6M1,Brain Meta Analysis,ADHD,Wald ratio,1,-0.002,0.01,0.998,0.846,NA,NA,NA,0.006515704
MYBPC1,Brain Meta Analysis,ADHD,Wald ratio,1,-0.004,0.022,0.996,0.846,NA,NA,NA,0.004710411
SHROOM3,Brain Meta Analysis,ADHD,Wald ratio,1,-0.006,0.03,0.994,0.846,NA,NA,NA,0.004710465
TOM1L1,Brain Meta Analysis,ADHD,Wald ratio,1,-0.003,0.013,0.997,0.846,NA,NA,NA,0.007562078
FAM47E,Brain Meta Analysis,ADHD,Wald ratio,1,-0.005,0.028,0.995,0.848,NA,NA,NA,0.004758584
GPR180,Brain Meta Analysis,ADHD,Wald ratio,1,-0.006,0.033,0.994,0.848,NA,NA,NA,0.004752015
CCDC6,Brain Meta Analysis,ADHD,Inverse variance weighted,2,-0.005,0.025,0.995,0.849,NA,0.132802634,NA,0.012769211
GAB4,Brain Meta Analysis,ADHD,Wald ratio,1,0.002,0.008,1.002,0.849,NA,NA,NA,0.00530995
VWF,Brain Meta Analysis,ADHD,Wald ratio,1,0.004,0.021,1.004,0.849,NA,NA,NA,0.009649056
DNAH7,Brain Meta Analysis,ADHD,Wald ratio,1,0.005,0.028,1.005,0.85,NA,NA,NA,0.004807016
EFCAB2,Brain Meta Analysis,ADHD,Wald ratio,1,-0.001,0.008,0.999,0.85,NA,NA,NA,0.004807017
PLIN5,Brain Meta Analysis,ADHD,Wald ratio,1,0.007,0.038,1.007,0.851,NA,NA,NA,0.010366317
SFRP1,Brain Meta Analysis,ADHD,Wald ratio,1,0.004,0.021,1.004,0.851,NA,NA,NA,0.004855767
LONRF1,Brain Meta Analysis,ADHD,Wald ratio,1,0.009,0.046,1.009,0.852,NA,NA,NA,0.011245647
CIB2,Brain Meta Analysis,ADHD,Wald ratio,1,-0.005,0.027,0.995,0.852,NA,NA,NA,0.005155735
EFNB2,Brain Meta Analysis,ADHD,Wald ratio,1,-0.005,0.028,0.995,0.853,NA,NA,NA,0.004713217
ELOVL5,Brain Meta Analysis,ADHD,Wald ratio,1,0.003,0.017,1.003,0.853,NA,NA,NA,0.009724943
ERC1,Brain Meta Analysis,ADHD,Wald ratio,1,0.002,0.009,1.002,0.853,NA,NA,NA,0.005455389
DCP1A,Brain Meta Analysis,ADHD,Wald ratio,1,-0.003,0.016,0.997,0.853,NA,NA,NA,0.006255448
ANKRD66,Brain Meta Analysis,ADHD,Wald ratio,1,-0.002,0.008,0.998,0.853,NA,NA,NA,0.006005448
CADPS,Brain Meta Analysis,ADHD,Inverse variance weighted,3,-0.003,0.015,0.997,0.853,0.904715742,0.986342076,0.927247064,0.014563384
PPIL2,Brain Meta Analysis,ADHD,Wald ratio,1,0.003,0.016,1.003,0.853,NA,NA,NA,0.006554349
SAMD4A,Brain Meta Analysis,ADHD,Inverse variance weighted,2,-0.004,0.024,0.996,0.855,NA,0.769602694,NA,0.005852845
MICU3,Brain Meta Analysis,ADHD,Wald ratio,1,-0.007,0.041,0.993,0.855,NA,NA,NA,0.008239474
SMG9,Brain Meta Analysis,ADHD,Wald ratio,1,-0.002,0.009,0.998,0.856,NA,NA,NA,0.005000858
CRADD,Brain Meta Analysis,ADHD,Wald ratio,1,-0.001,0.008,0.999,0.856,NA,NA,NA,0.005000858
RPP38,Brain Meta Analysis,ADHD,Wald ratio,1,-0.006,0.034,0.994,0.856,NA,NA,NA,0.014229305
SLC41A1,Brain Meta Analysis,ADHD,Wald ratio,1,-0.005,0.027,0.995,0.856,NA,NA,NA,0.005294256
SLC18A2,Brain Meta Analysis,ADHD,Wald ratio,1,-0.004,0.022,0.996,0.856,NA,NA,NA,0.005300996
CAMK2D,Brain Meta Analysis,ADHD,Wald ratio,1,0.006,0.034,1.006,0.856,NA,NA,NA,0.00470693
CDC7,Brain Meta Analysis,ADHD,Wald ratio,1,-0.002,0.009,0.998,0.857,NA,NA,NA,0.004749258
MAP1B,Brain Meta Analysis,ADHD,Wald ratio,1,-0.005,0.027,0.995,0.857,NA,NA,NA,0.005049342
TRAPPC8,Brain Meta Analysis,ADHD,Wald ratio,1,0.002,0.009,1.002,0.857,NA,NA,NA,0.005049342
IFRD1,Brain Meta Analysis,ADHD,Wald ratio,1,0.006,0.033,1.006,0.858,NA,NA,NA,0.007042613
SMOC1,Brain Meta Analysis,ADHD,Wald ratio,1,-0.003,0.02,0.997,0.859,NA,NA,NA,0.005948049
THBS2,Brain Meta Analysis,ADHD,Wald ratio,1,0.001,0.008,1.001,0.859,NA,NA,NA,0.005097834
POMGNT2,Brain Meta Analysis,ADHD,Wald ratio,1,-0.005,0.029,0.995,0.859,NA,NA,NA,0.005696562
TBC1D1,Brain Meta Analysis,ADHD,Inverse variance weighted,2,-0.007,0.039,0.993,0.86,NA,0.044336739,NA,0.008961012
TIAM2,Brain Meta Analysis,ADHD,Inverse variance weighted,2,0.003,0.015,1.003,0.86,NA,0.081106559,NA,0.004779321
KLHL26,Brain Meta Analysis,ADHD,Wald ratio,1,0.005,0.026,1.005,0.86,NA,NA,NA,0.005136934
RTN1,Brain Meta Analysis,ADHD,Wald ratio,1,-0.002,0.009,0.998,0.86,NA,NA,NA,0.004594857
GNG12,Brain Meta Analysis,ADHD,Inverse variance weighted,2,-0.003,0.019,0.997,0.862,NA,0.533541715,NA,0.007076659
STPG4,Brain Meta Analysis,ADHD,Wald ratio,1,0.006,0.036,1.006,0.862,NA,NA,NA,0.006092332
MDFI,Brain Meta Analysis,ADHD,Wald ratio,1,-0.001,0.008,0.999,0.862,NA,NA,NA,0.004943707
CRPPA,Brain Meta Analysis,ADHD,Wald ratio,1,0.006,0.036,1.006,0.862,NA,NA,NA,0.004937373
SHMT1,Brain Meta Analysis,ADHD,Wald ratio,1,0.005,0.027,1.005,0.862,NA,NA,NA,0.004641239
STXBP6,Brain Meta Analysis,ADHD,Inverse variance weighted,2,-0.002,0.014,0.998,0.863,NA,0.94115309,NA,0.004371415
CCDC61,Brain Meta Analysis,ADHD,Wald ratio,1,0.005,0.03,1.005,0.863,NA,NA,NA,0.006689535
CYRIA,Brain Meta Analysis,ADHD,Inverse variance weighted,2,0.001,0.008,1.001,0.863,NA,0.639937775,NA,0.00475375
VDAC1,Brain Meta Analysis,ADHD,Wald ratio,1,-0.002,0.009,0.998,0.863,NA,NA,NA,0.007285533
ANXA6,Brain Meta Analysis,ADHD,Inverse variance weighted,2,-0.003,0.02,0.997,0.863,NA,0.894749558,NA,0.005987588
SLC22A3,Brain Meta Analysis,ADHD,Wald ratio,1,0.003,0.02,1.003,0.864,NA,NA,NA,0.004691856
SH2D3A,Brain Meta Analysis,ADHD,Wald ratio,1,0.006,0.034,1.006,0.864,NA,NA,NA,0.006737833
DNAJC10,Brain Meta Analysis,ADHD,Wald ratio,1,0.003,0.019,1.003,0.865,NA,NA,NA,0.004740481
PFDN4,Brain Meta Analysis,ADHD,Wald ratio,1,0.004,0.023,1.004,0.865,NA,NA,NA,0.00474035
ETHE1,Brain Meta Analysis,ADHD,Wald ratio,1,0.004,0.022,1.004,0.865,NA,NA,NA,0.005040523
AEN,Brain Meta Analysis,ADHD,Wald ratio,1,0.007,0.042,1.007,0.866,NA,NA,NA,0.014055853
RGMA,Brain Meta Analysis,ADHD,Wald ratio,1,0.007,0.039,1.007,0.866,NA,NA,NA,0.004618724
ZNF787,Brain Meta Analysis,ADHD,Wald ratio,1,0.013,0.078,1.013,0.866,NA,NA,NA,0.01826407
PRDM11,Brain Meta Analysis,ADHD,Wald ratio,1,-0.004,0.024,0.996,0.867,NA,NA,NA,0.005388936
EIF3H,Brain Meta Analysis,ADHD,Wald ratio,1,-0.001,0.009,0.999,0.867,NA,NA,NA,0.007180737
SPOCK3,Brain Meta Analysis,ADHD,Wald ratio,1,-0.005,0.03,0.995,0.867,NA,NA,NA,0.008383942
GSG1L,Brain Meta Analysis,ADHD,Inverse variance weighted,2,0.004,0.021,1.004,0.868,NA,0.171766847,NA,0.011988872
OR10H1,Brain Meta Analysis,ADHD,Wald ratio,1,-0.001,0.009,0.999,0.868,NA,NA,NA,0.004837754
AHRR,Brain Meta Analysis,ADHD,Wald ratio,1,-0.004,0.026,0.996,0.869,NA,NA,NA,0.004828927
MS4A14,Brain Meta Analysis,ADHD,Wald ratio,1,-0.001,0.009,0.999,0.87,NA,NA,NA,0.004935262
AMPH,Brain Meta Analysis,ADHD,Wald ratio,1,0.001,0.007,1.001,0.87,NA,NA,NA,0.006778227
KIAA1522,Brain Meta Analysis,ADHD,Wald ratio,1,0.004,0.022,1.004,0.87,NA,NA,NA,0.004935001
SUSD4,Brain Meta Analysis,ADHD,Wald ratio,1,-0.004,0.027,0.996,0.871,NA,NA,NA,0.004307946
PLSCR2,Brain Meta Analysis,ADHD,Wald ratio,1,-0.003,0.017,0.997,0.871,NA,NA,NA,0.004634821
SRL,Brain Meta Analysis,ADHD,Wald ratio,1,-0.001,0.009,0.999,0.871,NA,NA,NA,0.005882603
CPNE2,Brain Meta Analysis,ADHD,Inverse variance weighted,2,0.001,0.008,1.001,0.871,NA,0.760527107,NA,0.005371668
PHOX2B,Brain Meta Analysis,ADHD,Wald ratio,1,-0.004,0.025,0.996,0.872,NA,NA,NA,0.004983918
NTNG1,Brain Meta Analysis,ADHD,Wald ratio,1,0.008,0.05,1.008,0.872,NA,NA,NA,0.009627287
FLNB,Brain Meta Analysis,ADHD,Wald ratio,1,0.008,0.052,1.008,0.872,NA,NA,NA,0.014358204
LOXL1,Brain Meta Analysis,ADHD,Wald ratio,1,0.001,0.009,1.001,0.873,NA,NA,NA,0.00503258
DAW1,Brain Meta Analysis,ADHD,Wald ratio,1,0.001,0.009,1.001,0.873,NA,NA,NA,0.004732429
COQ3,Brain Meta Analysis,ADHD,Wald ratio,1,0.003,0.022,1.003,0.873,NA,NA,NA,0.004732429
GRHL1,Brain Meta Analysis,ADHD,Wald ratio,1,0.005,0.032,1.005,0.873,NA,NA,NA,0.004732067
ONECUT1,Brain Meta Analysis,ADHD,Inverse variance weighted,2,0.01,0.061,1.01,0.874,NA,0.000865393,NA,0.023184024
ABCA4,Brain Meta Analysis,ADHD,Inverse variance weighted,2,0.002,0.014,1.002,0.874,NA,0.910422888,NA,0.004772629
CYP2B6,Brain Meta Analysis,ADHD,Wald ratio,1,0.002,0.015,1.002,0.874,NA,NA,NA,0.006326488
CCK,Brain Meta Analysis,ADHD,Wald ratio,1,-0.003,0.02,0.997,0.874,NA,NA,NA,0.00478115
COQ8B,Brain Meta Analysis,ADHD,Wald ratio,1,0.003,0.016,1.003,0.875,NA,NA,NA,0.004780973
TNR,Brain Meta Analysis,ADHD,Inverse variance weighted,2,-0.003,0.016,0.997,0.875,NA,0.00286548,NA,0.101897442
CFAP206,Brain Meta Analysis,ADHD,Wald ratio,1,-0.004,0.024,0.996,0.875,NA,NA,NA,0.015076014
CABP5,Brain Meta Analysis,ADHD,Wald ratio,1,-0.005,0.03,0.995,0.875,NA,NA,NA,0.005129713
ANGPT4,Brain Meta Analysis,ADHD,Inverse variance weighted,2,-0.005,0.029,0.995,0.876,NA,0.085251018,NA,0.01269014
PELI2,Brain Meta Analysis,ADHD,Inverse variance weighted,2,-0.006,0.036,0.994,0.877,NA,0.011621364,NA,0.013204786
ITM2C,Brain Meta Analysis,ADHD,Wald ratio,1,0.004,0.025,1.004,0.877,NA,NA,NA,0.004878608
ZNF684,Brain Meta Analysis,ADHD,Wald ratio,1,0.004,0.026,1.004,0.877,NA,NA,NA,0.005973088
NRG1,Brain Meta Analysis,ADHD,Wald ratio,1,-0.005,0.03,0.995,0.877,NA,NA,NA,0.150782106
SFRP5,Brain Meta Analysis,ADHD,Wald ratio,1,-0.012,0.082,0.988,0.879,NA,NA,NA,0.01741912
SYCE3,Brain Meta Analysis,ADHD,Wald ratio,1,0.004,0.026,1.004,0.879,NA,NA,NA,0.000443845
ARHGEF10,Brain Meta Analysis,ADHD,Weighted mode,4,-0.004,0.023,0.996,0.88,0.92532242,0.982841928,0.925904357,0.011122558
KCND3,Brain Meta Analysis,ADHD,Wald ratio,1,0.001,0.009,1.001,0.88,NA,NA,NA,0.007606791
TSHZ2,Brain Meta Analysis,ADHD,Wald ratio,1,-0.003,0.017,0.997,0.88,NA,NA,NA,0.004975913
ITGA1,Brain Meta Analysis,ADHD,Inverse variance weighted,2,-0.003,0.023,0.997,0.88,NA,0.07486882,NA,0.005235139
MUC13,Brain Meta Analysis,ADHD,Wald ratio,1,-0.001,0.008,0.999,0.88,NA,NA,NA,0.005324632
SLC19A3,Brain Meta Analysis,ADHD,Wald ratio,1,-0.001,0.008,0.999,0.88,NA,NA,NA,0.005672743
DCC,Brain Meta Analysis,ADHD,Wald ratio,1,-0.004,0.028,0.996,0.88,NA,NA,NA,0.007655029
VPS13B,Brain Meta Analysis,ADHD,Inverse variance weighted,2,0.002,0.014,1.002,0.881,NA,0.82567543,NA,0.006140145
IL17RB,Brain Meta Analysis,ADHD,Wald ratio,1,-0.002,0.016,0.998,0.881,NA,NA,NA,0.005024826
NFATC2,Brain Meta Analysis,ADHD,Inverse variance weighted,2,0.002,0.011,1.002,0.881,NA,0.168541784,NA,0.005096307
THOC7,Brain Meta Analysis,ADHD,Wald ratio,1,0.003,0.019,1.003,0.881,NA,NA,NA,0.00602016
GRM7,Brain Meta Analysis,ADHD,Inverse variance weighted,2,-0.007,0.047,0.993,0.881,NA,0.007305134,NA,0.067052988
TNIP1,Brain Meta Analysis,ADHD,Wald ratio,1,0.004,0.026,1.004,0.881,NA,NA,NA,0.006714315
RAMP3,Brain Meta Analysis,ADHD,Wald ratio,1,0.004,0.026,1.004,0.882,NA,NA,NA,0.010690921
HNF1B,Brain Meta Analysis,ADHD,Wald ratio,1,-0.003,0.018,0.997,0.882,NA,NA,NA,0.005721155
GCH1,Brain Meta Analysis,ADHD,Wald ratio,1,0.002,0.01,1.002,0.882,NA,NA,NA,0.007406277
TFCP2L1,Brain Meta Analysis,ADHD,Wald ratio,1,0.003,0.017,1.003,0.882,NA,NA,NA,0.006068727
ZNF710,Brain Meta Analysis,ADHD,Wald ratio,1,0.002,0.014,1.002,0.882,NA,NA,NA,0.004945182
PLPP3,Brain Meta Analysis,ADHD,Wald ratio,1,-0.001,0.009,0.999,0.883,NA,NA,NA,0.004773512
TNFRSF13B,Brain Meta Analysis,ADHD,Wald ratio,1,0.002,0.016,1.002,0.883,NA,NA,NA,0.007799341
TPST2,Brain Meta Analysis,ADHD,Wald ratio,1,-0.004,0.027,0.996,0.883,NA,NA,NA,0.004596528
HECW2,Brain Meta Analysis,ADHD,Wald ratio,1,-0.007,0.048,0.993,0.884,NA,NA,NA,0.008155209
ABTB2,Brain Meta Analysis,ADHD,Inverse variance weighted,2,-0.001,0.006,0.999,0.884,NA,0.641312505,NA,0.005645872
SNX30,Brain Meta Analysis,ADHD,Wald ratio,1,0.001,0.008,1.001,0.884,NA,NA,NA,0.005171071
SVOP,Brain Meta Analysis,ADHD,Wald ratio,1,-0.001,0.008,0.999,0.884,NA,NA,NA,0.004822179
PCSK5,Brain Meta Analysis,ADHD,Wald ratio,1,-0.003,0.021,0.997,0.884,NA,NA,NA,0.005519386
HLA-DMB,Brain Meta Analysis,ADHD,Wald ratio,1,-0.004,0.026,0.996,0.885,NA,NA,NA,0.004870992
MGST3,Brain Meta Analysis,ADHD,Wald ratio,1,-0.001,0.009,0.999,0.885,NA,NA,NA,0.004870992
MYO9A,Brain Meta Analysis,ADHD,Wald ratio,1,0.001,0.008,1.001,0.885,NA,NA,NA,0.005915883
RRM2,Brain Meta Analysis,ADHD,Wald ratio,1,-0.004,0.025,0.996,0.885,NA,NA,NA,0.00966031
GASK1B,Brain Meta Analysis,ADHD,Wald ratio,1,-0.004,0.028,0.996,0.886,NA,NA,NA,0.006956195
PDE7B,Brain Meta Analysis,ADHD,Inverse variance weighted,2,0.004,0.031,1.004,0.887,NA,0.100834925,NA,0.009645982
RNASEH1,Brain Meta Analysis,ADHD,Wald ratio,1,0.003,0.021,1.003,0.887,NA,NA,NA,0.007743976
MARCHF10,Brain Meta Analysis,ADHD,Inverse variance weighted,2,0.001,0.01,1.001,0.888,NA,0.574207786,NA,0.005091843
ACACB,Brain Meta Analysis,ADHD,Wald ratio,1,-0.003,0.024,0.997,0.889,NA,NA,NA,0.010545217
NR5A2,Brain Meta Analysis,ADHD,Inverse variance weighted,2,-0.009,0.068,0.991,0.89,NA,0.002591412,NA,0.027694482
STYK1,Brain Meta Analysis,ADHD,Wald ratio,1,0.001,0.008,1.001,0.89,NA,NA,NA,0.005414694
STX8,Brain Meta Analysis,ADHD,Wald ratio,1,0.002,0.017,1.002,0.89,NA,NA,NA,0.004717528
C1orf105,Brain Meta Analysis,ADHD,Wald ratio,1,0.002,0.016,1.002,0.89,NA,NA,NA,0.004717412
NADK2,Brain Meta Analysis,ADHD,Wald ratio,1,0.003,0.022,1.003,0.89,NA,NA,NA,0.004717057
SLC9A3R1,Brain Meta Analysis,ADHD,Wald ratio,1,-0.001,0.01,0.999,0.89,NA,NA,NA,0.005811367
ARG2,Brain Meta Analysis,ADHD,Wald ratio,1,-0.001,0.009,0.999,0.89,NA,NA,NA,0.005463607
SLC25A13,Brain Meta Analysis,ADHD,Wald ratio,1,0.001,0.008,1.001,0.891,NA,NA,NA,0.005115226
GUCY1A1,Brain Meta Analysis,ADHD,Inverse variance weighted,2,-0.002,0.011,0.998,0.891,NA,0.316700005,NA,0.007914606
RPS11,Brain Meta Analysis,ADHD,Wald ratio,1,0.002,0.015,1.002,0.891,NA,NA,NA,0.007547515
NUAK1,Brain Meta Analysis,ADHD,Inverse variance weighted,2,-0.002,0.017,0.998,0.891,NA,0.698034865,NA,0.002275939
NAA60,Brain Meta Analysis,ADHD,Wald ratio,1,0.001,0.008,1.001,0.892,NA,NA,NA,0.006651691
KRT83,Brain Meta Analysis,ADHD,Wald ratio,1,-0.004,0.027,0.996,0.892,NA,NA,NA,0.004698523
MCOLN2,Brain Meta Analysis,ADHD,Wald ratio,1,0.001,0.009,1.001,0.893,NA,NA,NA,0.005560971
XKR7,Brain Meta Analysis,ADHD,Wald ratio,1,-0.004,0.032,0.996,0.893,NA,NA,NA,0.005212729
DTNBP1,Brain Meta Analysis,ADHD,Wald ratio,1,0.004,0.03,1.004,0.894,NA,NA,NA,0.004359824
VSNL1,Brain Meta Analysis,ADHD,Wald ratio,1,-0.004,0.028,0.996,0.894,NA,NA,NA,0.010377009
DUSP28,Brain Meta Analysis,ADHD,Wald ratio,1,-0.003,0.022,0.997,0.894,NA,NA,NA,0.006006132
TLE1,Brain Meta Analysis,ADHD,Inverse variance weighted,2,0.002,0.017,1.002,0.894,NA,0.894443916,NA,0.005252567
GALNS,Brain Meta Analysis,ADHD,Wald ratio,1,0.007,0.054,1.007,0.895,NA,NA,NA,0.01975855
PRIMA1,Brain Meta Analysis,ADHD,Wald ratio,1,0.003,0.02,1.003,0.895,NA,NA,NA,0.007585536
ERAP1,Brain Meta Analysis,ADHD,Wald ratio,1,0.001,0.009,1.001,0.896,NA,NA,NA,0.005359341
PPFIBP1,Brain Meta Analysis,ADHD,Wald ratio,1,0.001,0.009,1.001,0.896,NA,NA,NA,0.005756145
ACVRL1,Brain Meta Analysis,ADHD,Wald ratio,1,0.004,0.028,1.004,0.896,NA,NA,NA,0.006152358
POLN,Brain Meta Analysis,ADHD,Wald ratio,1,-0.003,0.023,0.997,0.896,NA,NA,NA,0.008811475
MCTP2,Brain Meta Analysis,ADHD,Wald ratio,1,0.004,0.028,1.004,0.896,NA,NA,NA,0.005010852
STK32B,Brain Meta Analysis,ADHD,Inverse variance weighted,2,0.003,0.025,1.003,0.897,NA,0.010855634,NA,0.13797949
BTBD1,Brain Meta Analysis,ADHD,Wald ratio,1,-0.001,0.008,0.999,0.897,NA,NA,NA,0.004661845
ICA1,Brain Meta Analysis,ADHD,Inverse variance weighted,2,0.003,0.027,1.003,0.898,NA,0.143117179,NA,0.008402458
SLC25A24,Brain Meta Analysis,ADHD,Wald ratio,1,0.003,0.022,1.003,0.898,NA,NA,NA,0.004876158
IKZF4,Brain Meta Analysis,ADHD,Wald ratio,1,0.002,0.019,1.002,0.898,NA,NA,NA,0.008172201
COL1A2,Brain Meta Analysis,ADHD,Wald ratio,1,0.003,0.023,1.003,0.898,NA,NA,NA,0.005853506
MINAR2,Brain Meta Analysis,ADHD,Wald ratio,1,-0.005,0.036,0.995,0.898,NA,NA,NA,0.006856958
ST3GAL4,Brain Meta Analysis,ADHD,Wald ratio,1,-0.003,0.023,0.997,0.898,NA,NA,NA,0.004710277
PARVB,Brain Meta Analysis,ADHD,Wald ratio,1,0.004,0.033,1.004,0.899,NA,NA,NA,0.008206025
GALNT14,Brain Meta Analysis,ADHD,Inverse variance weighted,2,0.003,0.02,1.003,0.899,NA,0.838392132,NA,0.009747291
CAMTA2,Brain Meta Analysis,ADHD,Wald ratio,1,0.002,0.02,1.002,0.899,NA,NA,NA,0.00669192
SOX5,Brain Meta Analysis,ADHD,Wald ratio,1,0.003,0.024,1.003,0.899,NA,NA,NA,0.002249443
IQSEC3,Brain Meta Analysis,ADHD,Inverse variance weighted,2,0.005,0.038,1.005,0.9,NA,0.040646903,NA,0.011541728
MITF,Brain Meta Analysis,ADHD,Wald ratio,1,0.001,0.009,1.001,0.901,NA,NA,NA,0.004857762
TERT,Brain Meta Analysis,ADHD,Wald ratio,1,-0.003,0.022,0.997,0.902,NA,NA,NA,0.004857673
PTHLH,Brain Meta Analysis,ADHD,Wald ratio,1,0.005,0.038,1.005,0.902,NA,NA,NA,0.006881769
TFDP2,Brain Meta Analysis,ADHD,Wald ratio,1,-0.001,0.009,0.999,0.902,NA,NA,NA,0.008117724
KCNQ4,Brain Meta Analysis,ADHD,Wald ratio,1,-0.003,0.026,0.997,0.902,NA,NA,NA,0.005177511
SMARCAL1,Brain Meta Analysis,ADHD,Wald ratio,1,0.001,0.008,1.001,0.903,NA,NA,NA,0.006936707
LATS2,Brain Meta Analysis,ADHD,Wald ratio,1,-0.002,0.018,0.998,0.903,NA,NA,NA,0.005352962
TNS1,Brain Meta Analysis,ADHD,Wald ratio,1,-0.002,0.014,0.998,0.904,NA,NA,NA,0.005004627
CAMK2B,Brain Meta Analysis,ADHD,Inverse variance weighted,2,0.001,0.008,1.001,0.905,NA,0.669432726,NA,0.006739336
ADRA1A,Brain Meta Analysis,ADHD,Wald ratio,1,-0.002,0.014,0.998,0.905,NA,NA,NA,0.004606678
ERBIN,Brain Meta Analysis,ADHD,Wald ratio,1,-0.006,0.047,0.994,0.905,NA,NA,NA,0.020633835
CRYBG1,Brain Meta Analysis,ADHD,Inverse variance weighted,2,-0.002,0.016,0.998,0.905,NA,0.298157693,NA,0.010591566
OTULINL,Brain Meta Analysis,ADHD,Wald ratio,1,0.003,0.026,1.003,0.905,NA,NA,NA,0.014014324
GDAP1,Brain Meta Analysis,ADHD,Wald ratio,1,-0.002,0.021,0.998,0.906,NA,NA,NA,0.004655774
PIEZO2,Brain Meta Analysis,ADHD,Inverse variance weighted,2,-0.002,0.015,0.998,0.906,NA,0.394023711,NA,0.007937457
PPL,Brain Meta Analysis,ADHD,Wald ratio,1,0.001,0.008,1.001,0.907,NA,NA,NA,0.005548581
SMIM3,Brain Meta Analysis,ADHD,Wald ratio,1,0.004,0.031,1.004,0.907,NA,NA,NA,0.012620897
ALOX5AP,Brain Meta Analysis,ADHD,Wald ratio,1,-0.002,0.021,0.998,0.907,NA,NA,NA,0.005151482
TBP,Brain Meta Analysis,ADHD,Wald ratio,1,-0.001,0.009,0.999,0.907,NA,NA,NA,0.005151482
CA3,Brain Meta Analysis,ADHD,Wald ratio,1,-0.004,0.038,0.996,0.908,NA,NA,NA,0.004585477
C5orf24,Brain Meta Analysis,ADHD,Wald ratio,1,-0.006,0.055,0.994,0.908,NA,NA,NA,0.025127124
CTTNBP2,Brain Meta Analysis,ADHD,Wald ratio,1,-0.002,0.014,0.998,0.909,NA,NA,NA,0.004802772
SLC12A1,Brain Meta Analysis,ADHD,Wald ratio,1,0.004,0.032,1.004,0.909,NA,NA,NA,0.006979459
MYO15B,Brain Meta Analysis,ADHD,Wald ratio,1,0.001,0.01,1.001,0.91,NA,NA,NA,0.005298238
DNTTIP2,Brain Meta Analysis,ADHD,Wald ratio,1,0.001,0.009,1.001,0.912,NA,NA,NA,0.004949828
EYS,Brain Meta Analysis,ADHD,Wald ratio,1,-0.001,0.008,0.999,0.912,NA,NA,NA,0.004949828
DOCK2,Brain Meta Analysis,ADHD,Inverse variance weighted,2,0.001,0.009,1.001,0.912,NA,0.612066736,NA,0.005209039
MSANTD4,Brain Meta Analysis,ADHD,Wald ratio,1,-0.002,0.021,0.998,0.912,NA,NA,NA,0.005445132
SLC22A1,Brain Meta Analysis,ADHD,Wald ratio,1,0.003,0.025,1.003,0.913,NA,NA,NA,0.009521227
ANGPTL5,Brain Meta Analysis,ADHD,Wald ratio,1,-0.004,0.036,0.996,0.913,NA,NA,NA,0.01488299
LRP6,Brain Meta Analysis,ADHD,Wald ratio,1,-0.003,0.025,0.997,0.914,NA,NA,NA,0.00382434
SYNJ2,Brain Meta Analysis,ADHD,Inverse variance weighted,2,0.001,0.008,1.001,0.914,NA,0.723870396,NA,0.004625895
CATSPERB,Brain Meta Analysis,ADHD,Wald ratio,1,0.001,0.009,1.001,0.914,NA,NA,NA,0.005096929
AOAH,Brain Meta Analysis,ADHD,Wald ratio,1,-0.003,0.024,0.997,0.914,NA,NA,NA,0.005096929
ABAT,Brain Meta Analysis,ADHD,Inverse variance weighted,2,0.001,0.009,1.001,0.914,NA,0.766525585,NA,0.020799302
VSIR,Brain Meta Analysis,ADHD,Wald ratio,1,-0.004,0.035,0.996,0.915,NA,NA,NA,0.010198814
RMND1,Brain Meta Analysis,ADHD,Inverse variance weighted,2,0.002,0.018,1.002,0.915,NA,0.265957464,NA,0.007501721
KYAT3,Brain Meta Analysis,ADHD,Wald ratio,1,0.002,0.02,1.002,0.915,NA,NA,NA,0.007465341
OSBPL3,Brain Meta Analysis,ADHD,Inverse variance weighted,2,0.003,0.028,1.003,0.916,NA,0.166578482,NA,0.009897309
KAZN,Brain Meta Analysis,ADHD,Inverse variance weighted,2,-0.001,0.009,0.999,0.916,NA,0.226672153,NA,0.009832727
ADAM19,Brain Meta Analysis,ADHD,Wald ratio,1,-0.002,0.015,0.998,0.916,NA,NA,NA,0.00474827
CRMP1,Brain Meta Analysis,ADHD,Wald ratio,1,0.001,0.009,1.001,0.917,NA,NA,NA,0.004797351
ARHGAP31,Brain Meta Analysis,ADHD,Wald ratio,1,0.003,0.027,1.003,0.917,NA,NA,NA,0.00602181
CYFIP1,Brain Meta Analysis,ADHD,Wald ratio,1,0.003,0.032,1.003,0.917,NA,NA,NA,0.006129188
SMIM14,Brain Meta Analysis,ADHD,Wald ratio,1,-0.003,0.025,0.997,0.918,NA,NA,NA,0.005650267
GIPR,Brain Meta Analysis,ADHD,Wald ratio,1,0.003,0.031,1.003,0.918,NA,NA,NA,0.005836389
TMPRSS6,Brain Meta Analysis,ADHD,Wald ratio,1,-0.003,0.032,0.997,0.918,NA,NA,NA,0.00583595
SMIM7,Brain Meta Analysis,ADHD,Wald ratio,1,0.003,0.029,1.003,0.919,NA,NA,NA,0.003672278
STARD4,Brain Meta Analysis,ADHD,Wald ratio,1,-0.002,0.021,0.998,0.919,NA,NA,NA,0.006871484
BNIP5,Brain Meta Analysis,ADHD,Wald ratio,1,-0.004,0.037,0.996,0.92,NA,NA,NA,0.006369269
CTXND1,Brain Meta Analysis,ADHD,Wald ratio,1,0.003,0.027,1.003,0.92,NA,NA,NA,0.005859371
LRRC28,Brain Meta Analysis,ADHD,Wald ratio,1,-0.001,0.009,0.999,0.922,NA,NA,NA,0.010044725
SMIM35,Brain Meta Analysis,ADHD,Wald ratio,1,0.005,0.055,1.005,0.923,NA,NA,NA,0.014437268
VTI1A,Brain Meta Analysis,ADHD,Wald ratio,1,0.005,0.052,1.005,0.923,NA,NA,NA,0.013642613
TMEM132E,Brain Meta Analysis,ADHD,Wald ratio,1,0.001,0.014,1.001,0.923,NA,NA,NA,0.005684758
CACNA1B,Brain Meta Analysis,ADHD,Wald ratio,1,0.005,0.048,1.005,0.924,NA,NA,NA,0.006186809
DCHS2,Brain Meta Analysis,ADHD,Wald ratio,1,0.004,0.039,1.004,0.924,NA,NA,NA,0.004580533
TFB1M,Brain Meta Analysis,ADHD,Wald ratio,1,0.001,0.009,1.001,0.924,NA,NA,NA,0.004694179
DNER,Brain Meta Analysis,ADHD,Inverse variance weighted,2,-0.002,0.016,0.998,0.924,NA,0.590113206,NA,0.004999309
USP18,Brain Meta Analysis,ADHD,Wald ratio,1,0.001,0.008,1.001,0.924,NA,NA,NA,0.006817915
GRID1,Brain Meta Analysis,ADHD,Inverse variance weighted,2,0.002,0.026,1.002,0.924,NA,0.069244454,NA,0.024697531
F5,Brain Meta Analysis,ADHD,Wald ratio,1,-0.002,0.022,0.998,0.925,NA,NA,NA,0.006324994
TAC3,Brain Meta Analysis,ADHD,Wald ratio,1,-0.003,0.029,0.997,0.925,NA,NA,NA,0.007942427
SLC36A1,Brain Meta Analysis,ADHD,Wald ratio,1,-0.002,0.026,0.998,0.926,NA,NA,NA,0.005880502
PAX5,Brain Meta Analysis,ADHD,Inverse variance weighted,2,-0.002,0.021,0.998,0.926,NA,0.834361208,NA,0.012124995
IRX1,Brain Meta Analysis,ADHD,Wald ratio,1,-0.002,0.024,0.998,0.926,NA,NA,NA,0.007765016
VCAN,Brain Meta Analysis,ADHD,Inverse variance weighted,2,0.002,0.018,1.002,0.926,NA,0.290080941,NA,0.008330406
CPVL,Brain Meta Analysis,ADHD,Wald ratio,1,0.002,0.023,1.002,0.926,NA,NA,NA,0.004841617
EPS8L3,Brain Meta Analysis,ADHD,Wald ratio,1,0.002,0.021,1.002,0.926,NA,NA,NA,0.004841614
PPP4R4,Brain Meta Analysis,ADHD,Wald ratio,1,-0.002,0.02,0.998,0.926,NA,NA,NA,0.00484158
LITAFD,Brain Meta Analysis,ADHD,Wald ratio,1,-0.002,0.02,0.998,0.927,NA,NA,NA,0.004890742
RNF217,Brain Meta Analysis,ADHD,Wald ratio,1,-0.001,0.009,0.999,0.927,NA,NA,NA,0.004890742
ATG10,Brain Meta Analysis,ADHD,Wald ratio,1,0.001,0.008,1.001,0.927,NA,NA,NA,0.005435082
MAPKBP1,Brain Meta Analysis,ADHD,Wald ratio,1,0.002,0.018,1.002,0.928,NA,NA,NA,0.004939827
PSKH1,Brain Meta Analysis,ADHD,Wald ratio,1,0.001,0.014,1.001,0.928,NA,NA,NA,0.000725919
CUL1,Brain Meta Analysis,ADHD,Wald ratio,1,0.002,0.019,1.002,0.929,NA,NA,NA,0.005038093
TTYH2,Brain Meta Analysis,ADHD,Wald ratio,1,-0.005,0.051,0.995,0.929,NA,NA,NA,0.014522378
CDH11,Brain Meta Analysis,ADHD,Wald ratio,1,-0.002,0.017,0.998,0.929,NA,NA,NA,0.008382183
PITX1,Brain Meta Analysis,ADHD,Wald ratio,1,0.002,0.018,1.002,0.929,NA,NA,NA,0.007844272
SKIC3,Brain Meta Analysis,ADHD,Wald ratio,1,0.002,0.02,1.002,0.93,NA,NA,NA,0.007892829
CFDP1,Brain Meta Analysis,ADHD,Wald ratio,1,-0.001,0.009,0.999,0.93,NA,NA,NA,0.006222992
HIP1R,Brain Meta Analysis,ADHD,Wald ratio,1,0.002,0.025,1.002,0.93,NA,NA,NA,0.000264658
B3GALT1,Brain Meta Analysis,ADHD,Wald ratio,1,-0.001,0.016,0.999,0.93,NA,NA,NA,0.005680201
HFM1,Brain Meta Analysis,ADHD,Wald ratio,1,0.002,0.019,1.002,0.93,NA,NA,NA,0.005136303
SMIM31,Brain Meta Analysis,ADHD,Wald ratio,1,-0.004,0.051,0.996,0.931,NA,NA,NA,0.009807355
LRRC20,Brain Meta Analysis,ADHD,Wald ratio,1,0.001,0.009,1.001,0.931,NA,NA,NA,0.004591319
WFDC1,Brain Meta Analysis,ADHD,Wald ratio,1,-0.002,0.028,0.998,0.931,NA,NA,NA,0.004604028
SORBS1,Brain Meta Analysis,ADHD,Inverse variance weighted,2,-0.001,0.009,0.999,0.932,NA,0.252703344,NA,0.010888845
COL4A3,Brain Meta Analysis,ADHD,Wald ratio,1,-0.003,0.031,0.997,0.932,NA,NA,NA,0.007008438
ZNF560,Brain Meta Analysis,ADHD,Wald ratio,1,0.001,0.015,1.001,0.933,NA,NA,NA,0.008232448
AVPI1,Brain Meta Analysis,ADHD,Wald ratio,1,-0.002,0.02,0.998,0.933,NA,NA,NA,0.005332631
EPB41L4B,Brain Meta Analysis,ADHD,Inverse variance weighted,2,0.001,0.007,1.001,0.933,NA,0.308592324,NA,0.004667307
DST,Brain Meta Analysis,ADHD,Inverse variance weighted,2,0.004,0.043,1.004,0.933,NA,0.061380557,NA,0.008596147
MLC1,Brain Meta Analysis,ADHD,Inverse variance weighted,2,0.001,0.011,1.001,0.935,NA,0.863608186,NA,0.007407959
ANKRD46,Brain Meta Analysis,ADHD,Wald ratio,1,0.002,0.029,1.002,0.935,NA,NA,NA,0.004886415
CD2AP,Brain Meta Analysis,ADHD,Wald ratio,1,0.002,0.021,1.002,0.935,NA,NA,NA,0.00671162
CDIN1,Brain Meta Analysis,ADHD,Inverse variance weighted,2,-0.001,0.012,0.999,0.936,NA,0.736046585,NA,0.006924976
ARL8B,Brain Meta Analysis,ADHD,Wald ratio,1,0.001,0.018,1.001,0.937,NA,NA,NA,0.005033923
CARD8,Brain Meta Analysis,ADHD,Wald ratio,1,-0.002,0.028,0.998,0.937,NA,NA,NA,0.004613967
MED15,Brain Meta Analysis,ADHD,Wald ratio,1,0.002,0.026,1.002,0.937,NA,NA,NA,0.007593006
GYPC,Brain Meta Analysis,ADHD,Wald ratio,1,-0.002,0.024,0.998,0.937,NA,NA,NA,0.005082072
PLCZ1,Brain Meta Analysis,ADHD,Inverse variance weighted,2,0.002,0.026,1.002,0.938,NA,0.058321205,NA,0.031445857
SLC43A3,Brain Meta Analysis,ADHD,Wald ratio,1,-0.002,0.02,0.998,0.939,NA,NA,NA,0.004587275
MARCHF2,Brain Meta Analysis,ADHD,Wald ratio,1,0.001,0.017,1.001,0.94,NA,NA,NA,0.005279614
KRAS,Brain Meta Analysis,ADHD,Wald ratio,1,0.001,0.013,1.001,0.94,NA,NA,NA,0.004636522
MCUB,Brain Meta Analysis,ADHD,Wald ratio,1,-0.001,0.012,0.999,0.941,NA,NA,NA,0.004685774
AFF1,Brain Meta Analysis,ADHD,Wald ratio,1,0.001,0.008,1.001,0.941,NA,NA,NA,0.004685755
IFT43,Brain Meta Analysis,ADHD,Wald ratio,1,-0.001,0.019,0.999,0.941,NA,NA,NA,0.004685755
TMEM222,Brain Meta Analysis,ADHD,Wald ratio,1,0.001,0.009,1.001,0.941,NA,NA,NA,0.004685755
GSTO2,Brain Meta Analysis,ADHD,Wald ratio,1,-0.003,0.039,0.997,0.941,NA,NA,NA,0.01818877
MAP2,Brain Meta Analysis,ADHD,Wald ratio,1,0.002,0.028,1.002,0.941,NA,NA,NA,0.003400979
APLP1,Brain Meta Analysis,ADHD,Wald ratio,1,-0.002,0.025,0.998,0.941,NA,NA,NA,0.003640729
PHACTR3,Brain Meta Analysis,ADHD,Wald ratio,1,0.002,0.023,1.002,0.941,NA,NA,NA,0.011373526
DCDC2,Brain Meta Analysis,ADHD,Wald ratio,1,0.001,0.008,1.001,0.942,NA,NA,NA,0.004784223
LRP1,Brain Meta Analysis,ADHD,Wald ratio,1,-0.001,0.019,0.999,0.942,NA,NA,NA,0.004784206
KRT72,Brain Meta Analysis,ADHD,Wald ratio,1,0.002,0.021,1.002,0.942,NA,NA,NA,0.007488019
KIF16B,Brain Meta Analysis,ADHD,Wald ratio,1,-0.002,0.027,0.998,0.942,NA,NA,NA,0.00685432
SERPINA5,Brain Meta Analysis,ADHD,Wald ratio,1,0.002,0.03,1.002,0.942,NA,NA,NA,0.00483311
ERMARD,Brain Meta Analysis,ADHD,Wald ratio,1,0.002,0.027,1.002,0.943,NA,NA,NA,0.00626406
NDST1,Brain Meta Analysis,ADHD,Wald ratio,1,-0.001,0.009,0.999,0.943,NA,NA,NA,0.004882651
CD274,Brain Meta Analysis,ADHD,Wald ratio,1,-0.002,0.023,0.998,0.943,NA,NA,NA,0.005574219
CPXM2,Brain Meta Analysis,ADHD,Inverse variance weighted,2,0.001,0.017,1.001,0.943,NA,0.997069231,NA,0.008614218
GNAT2,Brain Meta Analysis,ADHD,Wald ratio,1,-0.001,0.021,0.999,0.944,NA,NA,NA,0.006361882
HHLA2,Brain Meta Analysis,ADHD,Wald ratio,1,-0.001,0.009,0.999,0.944,NA,NA,NA,0.008467483
WSCD2,Brain Meta Analysis,ADHD,Wald ratio,1,-0.002,0.022,0.998,0.944,NA,NA,NA,0.005989219
ATPSCKMT,Brain Meta Analysis,ADHD,Wald ratio,1,0.004,0.052,1.004,0.944,NA,NA,NA,0.01192459
QSOX1,Brain Meta Analysis,ADHD,Wald ratio,1,-0.001,0.01,0.999,0.944,NA,NA,NA,0.007098433
EXOC4,Brain Meta Analysis,ADHD,Wald ratio,1,-0.001,0.02,0.999,0.945,NA,NA,NA,0.00714719
PADI4,Brain Meta Analysis,ADHD,Wald ratio,1,-0.002,0.028,0.998,0.946,NA,NA,NA,0.004922926
BRME1,Brain Meta Analysis,ADHD,Wald ratio,1,-0.002,0.025,0.998,0.946,NA,NA,NA,0.005868629
MGMT,Brain Meta Analysis,ADHD,Inverse variance weighted,2,-0.001,0.019,0.999,0.946,NA,0.012410134,NA,0.016904294
NCS1,Brain Meta Analysis,ADHD,Wald ratio,1,0.002,0.025,1.002,0.946,NA,NA,NA,0.010261003
NTRK3,Brain Meta Analysis,ADHD,Wald ratio,1,-0.002,0.031,0.998,0.947,NA,NA,NA,0.008270043
CREG1,Brain Meta Analysis,ADHD,Wald ratio,1,-0.001,0.009,0.999,0.948,NA,NA,NA,0.009048779
TMEM131L,Brain Meta Analysis,ADHD,Wald ratio,1,-0.001,0.008,0.999,0.948,NA,NA,NA,0.004583789
BTBD16,Brain Meta Analysis,ADHD,Wald ratio,1,0.001,0.009,1.001,0.949,NA,NA,NA,0.004633078
SLC35F4,Brain Meta Analysis,ADHD,Wald ratio,1,0.001,0.02,1.001,0.949,NA,NA,NA,0.004682348
RPS15A,Brain Meta Analysis,ADHD,Wald ratio,1,0.002,0.028,1.002,0.949,NA,NA,NA,0.008561181
BCL11A,Brain Meta Analysis,ADHD,Wald ratio,1,-0.002,0.033,0.998,0.949,NA,NA,NA,0.027361952
ADGRL2,Brain Meta Analysis,ADHD,Wald ratio,1,-0.001,0.018,0.999,0.95,NA,NA,NA,0.004731613
PFKP,Brain Meta Analysis,ADHD,Wald ratio,1,-0.001,0.02,0.999,0.95,NA,NA,NA,0.00478086
THEMIS2,Brain Meta Analysis,ADHD,Wald ratio,1,-0.001,0.019,0.999,0.95,NA,NA,NA,0.00478086
KCNJ16,Brain Meta Analysis,ADHD,Inverse variance weighted,2,0,0.008,1,0.95,NA,0.41348967,NA,0.010530741
ABCA10,Brain Meta Analysis,ADHD,Wald ratio,1,0.001,0.024,1.001,0.951,NA,NA,NA,0.004879202
SORCS1,Brain Meta Analysis,ADHD,Inverse variance weighted,2,-0.001,0.014,0.999,0.951,NA,0.066764235,NA,0.023811946
DGKG,Brain Meta Analysis,ADHD,Inverse variance weighted,2,-0.001,0.009,0.999,0.952,NA,0.306629531,NA,0.069525206
UBQLN3,Brain Meta Analysis,ADHD,Wald ratio,1,0.001,0.019,1.001,0.953,NA,NA,NA,0.005027064
ZNF502,Brain Meta Analysis,ADHD,Wald ratio,1,0.001,0.022,1.001,0.953,NA,NA,NA,0.00586548
C10orf90,Brain Meta Analysis,ADHD,Inverse variance weighted,2,0.001,0.018,1.001,0.953,NA,0.892701473,NA,0.014709106
MSRB3,Brain Meta Analysis,ADHD,Wald ratio,1,0,0.008,1,0.954,NA,NA,NA,0.005125483
ALPK2,Brain Meta Analysis,ADHD,Wald ratio,1,0.002,0.031,1.002,0.955,NA,NA,NA,0.005273083
CDON,Brain Meta Analysis,ADHD,Wald ratio,1,0,0.008,1,0.955,NA,NA,NA,0.005273076
SH2D4A,Brain Meta Analysis,ADHD,Wald ratio,1,-0.001,0.025,0.999,0.955,NA,NA,NA,0.006159777
BLTP3B,Brain Meta Analysis,ADHD,Wald ratio,1,0.001,0.016,1.001,0.955,NA,NA,NA,0.009722241
PIGK,Brain Meta Analysis,ADHD,Wald ratio,1,-0.001,0.024,0.999,0.956,NA,NA,NA,0.008118367
ARMC2,Brain Meta Analysis,ADHD,Wald ratio,1,0,0.008,1,0.957,NA,NA,NA,0.005568071
ANKRD27,Brain Meta Analysis,ADHD,Wald ratio,1,0.001,0.02,1.001,0.957,NA,NA,NA,0.005568062
NKX2-5,Brain Meta Analysis,ADHD,Wald ratio,1,0.001,0.021,1.001,0.957,NA,NA,NA,0.005568062
B3GLCT,Brain Meta Analysis,ADHD,Wald ratio,1,0.001,0.024,1.001,0.958,NA,NA,NA,0.005615007
NACC2,Brain Meta Analysis,ADHD,Wald ratio,1,-0.001,0.027,0.999,0.958,NA,NA,NA,0.006649592
CACNA1S,Brain Meta Analysis,ADHD,Wald ratio,1,-0.002,0.03,0.998,0.958,NA,NA,NA,0.004778028
TBCA,Brain Meta Analysis,ADHD,Wald ratio,1,0,0.008,1,0.959,NA,NA,NA,0.004827312
TRMT11,Brain Meta Analysis,ADHD,Wald ratio,1,0,0.009,1,0.959,NA,NA,NA,0.004827312
MRGPRE,Brain Meta Analysis,ADHD,Wald ratio,1,0.001,0.022,1.001,0.959,NA,NA,NA,0.006747453
AGL,Brain Meta Analysis,ADHD,Wald ratio,1,0,0.008,1,0.96,NA,NA,NA,0.00492586
YAF2,Brain Meta Analysis,ADHD,Wald ratio,1,0.001,0.021,1.001,0.96,NA,NA,NA,0.008846539
PPP1R3G,Brain Meta Analysis,ADHD,Wald ratio,1,0.001,0.027,1.001,0.961,NA,NA,NA,0.005720854
PARD3B,Brain Meta Analysis,ADHD,Wald ratio,1,0.001,0.023,1.001,0.961,NA,NA,NA,0.006709718
SMAD1,Brain Meta Analysis,ADHD,Wald ratio,1,-0.003,0.062,0.997,0.961,NA,NA,NA,0.015103027
LIMCH1,Brain Meta Analysis,ADHD,Inverse variance weighted,2,-0.001,0.022,0.999,0.962,NA,0.477299199,NA,0.005113378
AATF,Brain Meta Analysis,ADHD,Wald ratio,1,-0.001,0.02,0.999,0.962,NA,NA,NA,0.011202439
PRUNE2,Brain Meta Analysis,ADHD,Inverse variance weighted,2,0,0.008,1,0.962,NA,0.350744162,NA,0.004802005
S100B,Brain Meta Analysis,ADHD,Wald ratio,1,-0.001,0.023,0.999,0.964,NA,NA,NA,0.007618786
RMDN2,Brain Meta Analysis,ADHD,Wald ratio,1,0.001,0.025,1.001,0.964,NA,NA,NA,0.00556565
TMEM108,Brain Meta Analysis,ADHD,Inverse variance weighted,2,0,0.007,1,0.965,NA,0.324855202,NA,0.006994694
MNX1,Brain Meta Analysis,ADHD,Wald ratio,1,0.001,0.031,1.001,0.965,NA,NA,NA,0.008626958
LRRC59,Brain Meta Analysis,ADHD,Wald ratio,1,-0.001,0.023,0.999,0.965,NA,NA,NA,0.004525845
ANKS1B,Brain Meta Analysis,ADHD,Inverse variance weighted,2,-0.001,0.013,0.999,0.965,NA,0.932862834,NA,0.00527959
ZFAT,Brain Meta Analysis,ADHD,Inverse variance weighted,2,0.001,0.013,1.001,0.965,NA,0.353510417,NA,0.005361631
SLC12A4,Brain Meta Analysis,ADHD,Wald ratio,1,0.001,0.024,1.001,0.965,NA,NA,NA,0.006842959
METTL24,Brain Meta Analysis,ADHD,Wald ratio,1,0.001,0.026,1.001,0.966,NA,NA,NA,0.008016221
HEXB,Brain Meta Analysis,ADHD,Wald ratio,1,0,0.008,1,0.966,NA,NA,NA,0.004677084
PCDH7,Brain Meta Analysis,ADHD,Wald ratio,1,0.001,0.03,1.001,0.966,NA,NA,NA,0.004677069
WDR7,Brain Meta Analysis,ADHD,Wald ratio,1,-0.001,0.017,0.999,0.966,NA,NA,NA,0.004677081
LARS1,Brain Meta Analysis,ADHD,Wald ratio,1,0.001,0.014,1.001,0.966,NA,NA,NA,0.005860484
RHBDL2,Brain Meta Analysis,ADHD,Wald ratio,1,0,0.009,1,0.966,NA,NA,NA,0.004726405
PTPRN,Brain Meta Analysis,ADHD,Wald ratio,1,0.001,0.022,1.001,0.967,NA,NA,NA,0.008308018
SLX4IP,Brain Meta Analysis,ADHD,Wald ratio,1,0.001,0.018,1.001,0.967,NA,NA,NA,0.005958695
WLS,Brain Meta Analysis,ADHD,Wald ratio,1,0.001,0.024,1.001,0.967,NA,NA,NA,0.004775719
TMPRSS13,Brain Meta Analysis,ADHD,Wald ratio,1,0.001,0.021,1.001,0.967,NA,NA,NA,0.004775715
SPIDR,Brain Meta Analysis,ADHD,Wald ratio,1,0,0.008,1,0.967,NA,NA,NA,0.004775715
FBXO11,Brain Meta Analysis,ADHD,Wald ratio,1,0,0.008,1,0.967,NA,NA,NA,0.004825021
TSPAN9,Brain Meta Analysis,ADHD,Wald ratio,1,-0.001,0.024,0.999,0.968,NA,NA,NA,0.004916721
ASIC5,Brain Meta Analysis,ADHD,Wald ratio,1,-0.001,0.03,0.999,0.968,NA,NA,NA,0.006200512
ACOXL,Brain Meta Analysis,ADHD,Inverse variance weighted,2,0,0.007,1,0.969,NA,0.956030471,NA,0.004876592
PDE1B,Brain Meta Analysis,ADHD,Inverse variance weighted,2,0,0.009,1,0.969,NA,0.160831002,NA,0.008167183
GAS2,Brain Meta Analysis,ADHD,Wald ratio,1,-0.001,0.026,0.999,0.969,NA,NA,NA,0.005084138
COLEC10,Brain Meta Analysis,ADHD,Wald ratio,1,-0.001,0.033,0.999,0.969,NA,NA,NA,0.016494759
NT5C3B,Brain Meta Analysis,ADHD,Wald ratio,1,0.001,0.024,1.001,0.97,NA,NA,NA,0.005188744
KEAP1,Brain Meta Analysis,ADHD,Wald ratio,1,-0.001,0.02,0.999,0.97,NA,NA,NA,0.007867229
CBLB,Brain Meta Analysis,ADHD,Wald ratio,1,-0.001,0.014,0.999,0.971,NA,NA,NA,0.005465286
SMURF1,Brain Meta Analysis,ADHD,Wald ratio,1,0,0.009,1,0.972,NA,NA,NA,0.005612844
UBE2E2,Brain Meta Analysis,ADHD,Wald ratio,1,-0.001,0.028,0.999,0.972,NA,NA,NA,0.005065982
TRMT9B,Brain Meta Analysis,ADHD,Inverse variance weighted,2,-0.001,0.016,0.999,0.974,NA,0.045302294,NA,0.010211036
UBE2H,Brain Meta Analysis,ADHD,Wald ratio,1,0.001,0.022,1.001,0.974,NA,NA,NA,0.007707407
C7orf31,Brain Meta Analysis,ADHD,Wald ratio,1,0.001,0.022,1.001,0.975,NA,NA,NA,0.004675242
ZNF292,Brain Meta Analysis,ADHD,Wald ratio,1,0.001,0.025,1.001,0.975,NA,NA,NA,0.004716907
H6PD,Brain Meta Analysis,ADHD,Wald ratio,1,-0.001,0.031,0.999,0.975,NA,NA,NA,0.006349464
ZBTB7C,Brain Meta Analysis,ADHD,Wald ratio,1,-0.001,0.021,0.999,0.975,NA,NA,NA,0.008092365
SSPN,Brain Meta Analysis,ADHD,Inverse variance weighted,2,0.001,0.02,1.001,0.975,NA,0.333417553,NA,0.008286686
XXYLT1,Brain Meta Analysis,ADHD,Inverse variance weighted,2,0.001,0.016,1.001,0.975,NA,0.787358466,NA,0.005928697
FAM89A,Brain Meta Analysis,ADHD,Wald ratio,1,-0.001,0.029,0.999,0.975,NA,NA,NA,0.00482324
FARSB,Brain Meta Analysis,ADHD,Wald ratio,1,0,0.015,1,0.975,NA,NA,NA,0.004823241
CA12,Brain Meta Analysis,ADHD,Wald ratio,1,0.001,0.029,1.001,0.976,NA,NA,NA,0.000228175
LZTS1,Brain Meta Analysis,ADHD,Inverse variance weighted,2,-0.001,0.019,0.999,0.976,NA,0.798243855,NA,0.004551061
DAPK1,Brain Meta Analysis,ADHD,Inverse variance weighted,2,0.001,0.022,1.001,0.976,NA,0.090200969,NA,0.021140537
PIK3R6,Brain Meta Analysis,ADHD,Wald ratio,1,0,0.009,1,0.976,NA,NA,NA,0.00502046
CDK18,Brain Meta Analysis,ADHD,Wald ratio,1,0,0.009,1,0.977,NA,NA,NA,0.006888353
TP63,Brain Meta Analysis,ADHD,Wald ratio,1,0,0.013,1,0.977,NA,NA,NA,0.009441384
TMCC3,Brain Meta Analysis,ADHD,Wald ratio,1,-0.001,0.03,0.999,0.978,NA,NA,NA,0.005414469
UCMA,Brain Meta Analysis,ADHD,Wald ratio,1,-0.001,0.021,0.999,0.978,NA,NA,NA,0.008984495
XKR6,Brain Meta Analysis,ADHD,Wald ratio,1,-0.001,0.024,0.999,0.979,NA,NA,NA,0.005558917
PREX1,Brain Meta Analysis,ADHD,Inverse variance weighted,2,0,0.016,1,0.979,NA,0.773480657,NA,0.006080859
KCNK2,Brain Meta Analysis,ADHD,Wald ratio,1,0,0.013,1,0.979,NA,NA,NA,0.005660498
DNAL1,Brain Meta Analysis,ADHD,Wald ratio,1,0,0.008,1,0.98,NA,NA,NA,0.008060006
COL4A1,Brain Meta Analysis,ADHD,Inverse variance weighted,2,0,0.008,1,0.981,NA,0.766385004,NA,0.005684758
FHL3,Brain Meta Analysis,ADHD,Inverse variance weighted,2,0,0.017,1,0.982,NA,0.559390274,NA,0.005344096
SDCCAG8,Brain Meta Analysis,ADHD,Wald ratio,1,0,0.022,1,0.982,NA,NA,NA,0.006051835
CHSY1,Brain Meta Analysis,ADHD,Wald ratio,1,0,0.023,1,0.983,NA,NA,NA,0.004673929
KIAA1549,Brain Meta Analysis,ADHD,Wald ratio,1,0,0.014,1,0.983,NA,NA,NA,0.004723285
DENND2A,Brain Meta Analysis,ADHD,Inverse variance weighted,2,0,0.009,1,0.983,NA,0.65037025,NA,0.019334571
TYRP1,Brain Meta Analysis,ADHD,Wald ratio,1,-0.001,0.03,0.999,0.984,NA,NA,NA,0.004871291
CACNA1D,Brain Meta Analysis,ADHD,Wald ratio,1,0,0.024,1,0.984,NA,NA,NA,0.004969271
ASB18,Brain Meta Analysis,ADHD,Wald ratio,1,0,0.024,1,0.984,NA,NA,NA,0.005067148
MMP20,Brain Meta Analysis,ADHD,Wald ratio,1,0.001,0.027,1.001,0.985,NA,NA,NA,0.005117824
PLEKHO2,Brain Meta Analysis,ADHD,Wald ratio,1,0.001,0.033,1.001,0.985,NA,NA,NA,0.006881208
DUOX1,Brain Meta Analysis,ADHD,Wald ratio,1,0,0.024,1,0.985,NA,NA,NA,0.000647848
RAB35,Brain Meta Analysis,ADHD,Wald ratio,1,0,0.02,1,0.985,NA,NA,NA,0.007912804
GRIN2B,Brain Meta Analysis,ADHD,Inverse variance weighted,2,0,0.008,1,0.985,NA,0.488702062,NA,0.011968352
PTPRM,Brain Meta Analysis,ADHD,Wald ratio,1,-0.001,0.032,0.999,0.985,NA,NA,NA,0.008661261
FCHO1,Brain Meta Analysis,ADHD,Wald ratio,1,0,0.023,1,0.985,NA,NA,NA,0.005462598
ZNF521,Brain Meta Analysis,ADHD,Wald ratio,1,0,0.016,1,0.986,NA,NA,NA,0.005266727
SMAD3,Brain Meta Analysis,ADHD,Inverse variance weighted,2,-0.001,0.051,0.999,0.987,NA,0.056849369,NA,0.037468754
ARHGAP42,Brain Meta Analysis,ADHD,Inverse variance weighted,2,0,0.013,1,0.987,NA,0.134201726,NA,0.005601548
PAH,Brain Meta Analysis,ADHD,Wald ratio,1,0,0.008,1,0.987,NA,NA,NA,0.006199945
GRM8,Brain Meta Analysis,ADHD,Wald ratio,1,0,0.019,1,0.988,NA,NA,NA,0.009634776
OR11A1,Brain Meta Analysis,ADHD,Wald ratio,1,-0.001,0.044,0.999,0.989,NA,NA,NA,0.01367653
ECT2L,Brain Meta Analysis,ADHD,Wald ratio,1,0,0.024,1,0.991,NA,NA,NA,0.008274351
MRPL10,Brain Meta Analysis,ADHD,Wald ratio,1,0,0.025,1,0.991,NA,NA,NA,0.00462377
NDE1,Brain Meta Analysis,ADHD,Wald ratio,1,0,0.021,1,0.991,NA,NA,NA,0.004623735
CXCL9,Brain Meta Analysis,ADHD,Wald ratio,1,0,0.008,1,0.992,NA,NA,NA,0.004673142
SLC26A11,Brain Meta Analysis,ADHD,Wald ratio,1,0,0.02,1,0.992,NA,NA,NA,0.004771856
TAFA1,Brain Meta Analysis,ADHD,Wald ratio,1,0,0.032,1,0.992,NA,NA,NA,0.004771782
SNX5,Brain Meta Analysis,ADHD,Wald ratio,1,0,0.01,1,0.992,NA,NA,NA,0.004870544
NHSL1,Brain Meta Analysis,ADHD,Wald ratio,1,0,0.017,1,0.992,NA,NA,NA,0.004919874
ARF1,Brain Meta Analysis,ADHD,Wald ratio,1,0,0.019,1,0.992,NA,NA,NA,0.004919874
COTL1,Brain Meta Analysis,ADHD,Wald ratio,1,0,0.03,1,0.992,NA,NA,NA,0.004969194
LAP3,Brain Meta Analysis,ADHD,Wald ratio,1,0,0.02,1,0.992,NA,NA,NA,0.005018507
SPINK8,Brain Meta Analysis,ADHD,Wald ratio,1,0,0.018,1,0.992,NA,NA,NA,0.005018507
RTN4RL1,Brain Meta Analysis,ADHD,Wald ratio,1,0,0.028,1,0.992,NA,NA,NA,0.004806206
B9D2,Brain Meta Analysis,ADHD,Wald ratio,1,0,0.032,1,0.992,NA,NA,NA,0.005166354
PAK6,Brain Meta Analysis,ADHD,Wald ratio,1,0,0.022,1,0.992,NA,NA,NA,0.005166392
NBEA,Brain Meta Analysis,ADHD,Inverse variance weighted,2,0,0.023,1,0.992,NA,0.208616364,NA,0.006663697
LMTK2,Brain Meta Analysis,ADHD,Wald ratio,1,0,0.008,1,0.993,NA,NA,NA,0.005412696
EPHB2,Brain Meta Analysis,ADHD,Inverse variance weighted,2,0,0.016,1,0.993,NA,0.0947891,NA,0.007635159
MYH11,Brain Meta Analysis,ADHD,Wald ratio,1,0,0.009,1,0.993,NA,NA,NA,0.005904633
TRABD2B,Brain Meta Analysis,ADHD,Wald ratio,1,0,0.023,1,0.994,NA,NA,NA,0.006160744
GALC,Brain Meta Analysis,ADHD,Wald ratio,1,0,0.008,1,0.994,NA,NA,NA,0.0064447
TPH2,Brain Meta Analysis,ADHD,Wald ratio,1,0,0.008,1,0.994,NA,NA,NA,0.01688529
CDC42EP3,Brain Meta Analysis,ADHD,Inverse variance weighted,2,0,0.013,1,0.994,NA,0.637755908,NA,0.005437336
MVB12A,Brain Meta Analysis,ADHD,Wald ratio,1,0,0.022,1,0.994,NA,NA,NA,0.006734549
KISS1,Brain Meta Analysis,ADHD,Wald ratio,1,0,0.027,1,0.995,NA,NA,NA,0.008203847
RGL1,Brain Meta Analysis,ADHD,Wald ratio,1,0,0.032,1,0.995,NA,NA,NA,0.008495721
SPICE1,Brain Meta Analysis,ADHD,Wald ratio,1,0,0.075,1,0.995,NA,NA,NA,0.016228365
CFAP298,Brain Meta Analysis,ADHD,Wald ratio,1,0,0.044,1,0.996,NA,NA,NA,0.009407965
WDR89,Brain Meta Analysis,ADHD,Wald ratio,1,0,0.047,1,0.996,NA,NA,NA,0.018689227
ZNF649,Brain Meta Analysis,ADHD,Wald ratio,1,0,0.044,1,1,NA,NA,NA,0.006665045
SLCO5A1,Brain Meta Analysis,ADHD,Wald ratio,1,0,0.016,1,1,NA,NA,NA,0.00839833
BAG3,Brain Meta Analysis,ADHD,Wald ratio,1,0,0.043,1,1,NA,NA,NA,0.008219628
GJB4,Brain Meta Analysis,ADHD,Wald ratio,1,0,0.013,1,1,NA,NA,NA,0.004870292
MIA2,Brain Meta Analysis,ADHD,Wald ratio,1,0,0.009,1,1,NA,NA,NA,0.004672879
VDR,Brain Meta Analysis,ADHD,Wald ratio,1,0,0.029,1,1,NA,NA,NA,0.005360609
PTPRF,Fetal Brain,ADHD,Wald ratio,1,-2.44,0.398,0.087,8.98E-10,NA,NA,NA,0.999998446
LSM6,Fetal Brain,ADHD,Wald ratio,1,2.321,0.41,10.186,1.51E-08,NA,NA,NA,0.999976988
ARTN,Fetal Brain,ADHD,Wald ratio,1,-1.816,0.344,0.163,1.33E-07,NA,NA,NA,0.99982913
MAD1L1,Fetal Brain,ADHD,Wald ratio,1,1.231,0.272,3.423,6.15E-06,NA,NA,NA,0.992287627
ANTXR2,Fetal Brain,ADHD,Wald ratio,1,1.037,0.232,2.82,8.12E-06,NA,NA,NA,0.989660258
DCHS1,Fetal Brain,ADHD,Wald ratio,1,-1.552,0.371,0.212,2.84E-05,NA,NA,NA,0.975350344
ABCB9,Fetal Brain,ADHD,Wald ratio,1,1.469,0.359,4.345,4.19E-05,NA,NA,NA,0.956891136
ARL6IP4,Fetal Brain,ADHD,Wald ratio,1,-1.486,0.363,0.226,4.19E-05,NA,NA,NA,0.956856925
LMF1,Fetal Brain,ADHD,Wald ratio,1,-1.208,0.316,0.299,0.000132,NA,NA,NA,0.05228629
KIF16B,Fetal Brain,ADHD,Wald ratio,1,1.375,0.362,3.956,0.000144,NA,NA,NA,0.864406873
EPS8L1,Fetal Brain,ADHD,Wald ratio,1,1.102,0.303,3.009,0.000276,NA,NA,NA,0.783565727
PACRG,Fetal Brain,ADHD,Wald ratio,1,1.411,0.393,4.098,0.000334,NA,NA,NA,0.776007187
WDR37,Fetal Brain,ADHD,Wald ratio,1,3.392,0.946,29.732,0.000338,NA,NA,NA,0.795659877
ATP6V0A2,Fetal Brain,ADHD,Wald ratio,1,0.549,0.159,1.731,0.000567,NA,NA,NA,0.637757583
RBM5,Fetal Brain,ADHD,Wald ratio,1,0.82,0.242,2.27,0.000707,NA,NA,NA,0.586953032
RBM6,Fetal Brain,ADHD,Wald ratio,1,0.966,0.285,2.628,0.000707,NA,NA,NA,0.586952411
KLHDC8B,Fetal Brain,ADHD,Wald ratio,1,-9.539,2.833,0,0.000759,NA,NA,NA,0.583227006
WDR6,Fetal Brain,ADHD,Wald ratio,1,-1.448,0.43,0.235,0.000759,NA,NA,NA,0.583227016
AMT,Fetal Brain,ADHD,Wald ratio,1,1.228,0.365,3.415,0.000759,NA,NA,NA,0.582529229
ARPC5L,Fetal Brain,ADHD,Wald ratio,1,-1.341,0.407,0.262,0.000976,NA,NA,NA,0.515767173
COL5A2,Fetal Brain,ADHD,Inverse variance weighted,2,1.088,0.333,2.968,0.00107,NA,0.64807257,NA,0.017171237
IL21,Fetal Brain,ADHD,Wald ratio,1,-0.264,0.081,0.768,0.00111,NA,NA,NA,0.499607853
KCTD16,Fetal Brain,ADHD,Wald ratio,1,-0.788,0.247,0.455,0.00142,NA,NA,NA,0.431856014
GRAMD4,Fetal Brain,ADHD,Wald ratio,1,-1.661,0.526,0.19,0.00158,NA,NA,NA,0.436271358
PELI1,Fetal Brain,ADHD,Wald ratio,1,0.756,0.243,2.13,0.00182,NA,NA,NA,0.393538014
C3orf24,Fetal Brain,ADHD,Wald ratio,1,0.475,0.153,1.608,0.00185,NA,NA,NA,0.4354209
C3orf10,Fetal Brain,ADHD,Wald ratio,1,1.385,0.445,3.996,0.00185,NA,NA,NA,0.4354209
CACNA2D4,Fetal Brain,ADHD,Wald ratio,1,-0.237,0.077,0.789,0.00206,NA,NA,NA,0.358383042
SLC22A23,Fetal Brain,ADHD,Wald ratio,1,-0.449,0.148,0.638,0.00234,NA,NA,NA,0.41157534
PAX8,Fetal Brain,ADHD,Wald ratio,1,-0.547,0.18,0.579,0.00244,NA,NA,NA,0.323647248
PRRT1,Fetal Brain,ADHD,Wald ratio,1,-0.975,0.326,0.377,0.00279,NA,NA,NA,0.530901298
PAPSS2,Fetal Brain,ADHD,Wald ratio,1,-0.278,0.094,0.758,0.00321,NA,NA,NA,0.263280936
ERICH1,Fetal Brain,ADHD,Wald ratio,1,-0.626,0.213,0.535,0.00326,NA,NA,NA,0.278139276
ZNF354A,Fetal Brain,ADHD,Wald ratio,1,-3.237,1.122,0.039,0.00391,NA,NA,NA,0.249803093
FAM82B,Fetal Brain,ADHD,Wald ratio,1,-4.763,1.655,0.009,0.00401,NA,NA,NA,0.245469715
CIZ1,Fetal Brain,ADHD,Wald ratio,1,-0.292,0.102,0.747,0.00417,NA,NA,NA,0.223502719
HAUS8,Fetal Brain,ADHD,Wald ratio,1,-12.527,4.373,0,0.00418,NA,NA,NA,0.217776946
LCLAT1,Fetal Brain,ADHD,Wald ratio,1,-0.398,0.14,0.671,0.00453,NA,NA,NA,0.007205522
ONECUT1,Fetal Brain,ADHD,Wald ratio,1,1.879,0.662,6.546,0.00455,NA,NA,NA,0.27023263
FUT8,Fetal Brain,ADHD,Wald ratio,1,8.146,2.891,3449.829,0.00483,NA,NA,NA,0.205954342
ST7,Fetal Brain,ADHD,Wald ratio,1,1.107,0.393,3.025,0.00484,NA,NA,NA,0.196060314
STYX,Fetal Brain,ADHD,Wald ratio,1,-0.622,0.222,0.537,0.00507,NA,NA,NA,0.194335479
CWC22,Fetal Brain,ADHD,Wald ratio,1,-2.158,0.771,0.116,0.00512,NA,NA,NA,0.221944443
PLCL1,Fetal Brain,ADHD,Wald ratio,1,-5.316,1.935,0.005,0.00601,NA,NA,NA,0.1757522
CDC20B,Fetal Brain,ADHD,Wald ratio,1,-0.781,0.285,0.458,0.00619,NA,NA,NA,0.177642222
LOC651250,Fetal Brain,ADHD,Wald ratio,1,0.581,0.214,1.789,0.00664,NA,NA,NA,0.180391383
NAPRT1,Fetal Brain,ADHD,Wald ratio,1,-0.845,0.312,0.429,0.00681,NA,NA,NA,0.224977216
C18orf22,Fetal Brain,ADHD,Wald ratio,1,0.487,0.18,1.628,0.00689,NA,NA,NA,0.152047038
HTR6,Fetal Brain,ADHD,Wald ratio,1,0.697,0.258,2.008,0.00693,NA,NA,NA,0.159349037
FANCF,Fetal Brain,ADHD,Wald ratio,1,-1.421,0.527,0.241,0.00699,NA,NA,NA,0.194250135
SPCS2,Fetal Brain,ADHD,Wald ratio,1,0.436,0.162,1.547,0.00712,NA,NA,NA,0.026138591
XRRA1,Fetal Brain,ADHD,Wald ratio,1,4.28,1.59,72.265,0.00712,NA,NA,NA,0.026138591
LOC100130872-SPON2,Fetal Brain,ADHD,Wald ratio,1,0.796,0.298,2.216,0.0076,NA,NA,NA,0.166478557
GUCY2E,Fetal Brain,ADHD,Wald ratio,1,0.927,0.354,2.526,0.00893,NA,NA,NA,0.25650562
YIPF4,Fetal Brain,ADHD,Wald ratio,1,-0.73,0.279,0.482,0.00896,NA,NA,NA,0.030008363
CERK,Fetal Brain,ADHD,Wald ratio,1,0.334,0.128,1.397,0.00899,NA,NA,NA,0.147979851
HIVEP3,Fetal Brain,ADHD,Inverse variance weighted,2,0.296,0.113,1.344,0.00906,NA,0.395710883,NA,0.010836824
DISP2,Fetal Brain,ADHD,Wald ratio,1,1.067,0.41,2.906,0.0092,NA,NA,NA,0.153617777
KLF17,Fetal Brain,ADHD,Wald ratio,1,-0.559,0.216,0.572,0.00973,NA,NA,NA,0.116433703
PDE9A,Fetal Brain,ADHD,Wald ratio,1,-0.234,0.091,0.791,0.00992,NA,NA,NA,0.115742496
GNA12,Fetal Brain,ADHD,Wald ratio,1,0.15,0.058,1.162,0.0104,NA,NA,NA,0.112709916
AATF,Fetal Brain,ADHD,Wald ratio,1,-6.279,2.458,0.002,0.0106,NA,NA,NA,0.115552713
GPSM2,Fetal Brain,ADHD,Wald ratio,1,0.539,0.211,1.714,0.0106,NA,NA,NA,0.21541481
HIAT1,Fetal Brain,ADHD,Wald ratio,1,8.969,3.513,7858.996,0.0107,NA,NA,NA,0.142423935
POLR2A,Fetal Brain,ADHD,Wald ratio,1,-1.043,0.409,0.352,0.0107,NA,NA,NA,0.120597529
C8orf85,Fetal Brain,ADHD,Wald ratio,1,-0.53,0.209,0.588,0.0112,NA,NA,NA,0.107130974
ELL,Fetal Brain,ADHD,Wald ratio,1,0.49,0.193,1.633,0.0112,NA,NA,NA,0.110630329
MADD,Fetal Brain,ADHD,Wald ratio,1,-2.782,1.1,0.062,0.0114,NA,NA,NA,0.11189819
PLSCR2,Fetal Brain,ADHD,Wald ratio,1,-0.974,0.385,0.378,0.0114,NA,NA,NA,0.111919966
CCDC42,Fetal Brain,ADHD,Wald ratio,1,0.749,0.298,2.114,0.0119,NA,NA,NA,0.098599172
OR4D1,Fetal Brain,ADHD,Wald ratio,1,-0.888,0.354,0.412,0.0121,NA,NA,NA,0.100006221
IFIT1,Fetal Brain,ADHD,Wald ratio,1,0.158,0.063,1.171,0.0121,NA,NA,NA,0.115757076
SEC23B,Fetal Brain,ADHD,Wald ratio,1,-1.967,0.792,0.14,0.013,NA,NA,NA,0.111095324
AMZ2,Fetal Brain,ADHD,Wald ratio,1,1.854,0.75,6.388,0.0134,NA,NA,NA,0.107321942
AEBP1,Fetal Brain,ADHD,Wald ratio,1,0.421,0.17,1.523,0.0134,NA,NA,NA,0.10017299
CCDC117,Fetal Brain,ADHD,Wald ratio,1,3.235,1.31,25.412,0.0135,NA,NA,NA,0.094826377
SNAR-I,Fetal Brain,ADHD,Wald ratio,1,-1.448,0.588,0.235,0.0137,NA,NA,NA,0.09105694
C6orf204,Fetal Brain,ADHD,Wald ratio,1,0.298,0.121,1.347,0.0138,NA,NA,NA,0.089190548
CYP20A1,Fetal Brain,ADHD,Wald ratio,1,2.093,0.85,8.106,0.0138,NA,NA,NA,0.089187835
NUDT18,Fetal Brain,ADHD,Wald ratio,1,0.606,0.247,1.833,0.014,NA,NA,NA,0.089016321
LOC440356,Fetal Brain,ADHD,Wald ratio,1,-0.586,0.239,0.557,0.0141,NA,NA,NA,0.118416911
MYH13,Fetal Brain,ADHD,Wald ratio,1,0.366,0.149,1.442,0.0141,NA,NA,NA,0.08893864
SMAD1,Fetal Brain,ADHD,Wald ratio,1,1.199,0.489,3.316,0.0143,NA,NA,NA,0.158447169
PLEKHA7,Fetal Brain,ADHD,Wald ratio,1,-0.906,0.37,0.404,0.0145,NA,NA,NA,0.090599966
CAMSAP1,Fetal Brain,ADHD,Wald ratio,1,0.73,0.3,2.074,0.015,NA,NA,NA,0.121145627
RRAS2,Fetal Brain,ADHD,Wald ratio,1,-0.278,0.114,0.758,0.0152,NA,NA,NA,0.08490046
EFR3A,Fetal Brain,ADHD,Wald ratio,1,-0.638,0.263,0.528,0.0152,NA,NA,NA,0.083030661
IMMT,Fetal Brain,ADHD,Wald ratio,1,-0.28,0.115,0.756,0.0153,NA,NA,NA,0.081162421
RAC1,Fetal Brain,ADHD,Wald ratio,1,-1.192,0.492,0.304,0.0153,NA,NA,NA,0.081158052
VASH1,Fetal Brain,ADHD,Inverse variance weighted,2,-0.228,0.094,0.797,0.0154,NA,0.795493445,NA,0.083183391
PSMD5,Fetal Brain,ADHD,Wald ratio,1,0.351,0.145,1.421,0.0155,NA,NA,NA,0.081215841
PRR4,Fetal Brain,ADHD,Wald ratio,1,0.271,0.113,1.311,0.0167,NA,NA,NA,0.075740823
GPRC5A,Fetal Brain,ADHD,Wald ratio,1,-0.831,0.348,0.436,0.0169,NA,NA,NA,0.075698837
PCSK1,Fetal Brain,ADHD,Wald ratio,1,1.168,0.49,3.215,0.0171,NA,NA,NA,0.095554964
FBXO30,Fetal Brain,ADHD,Wald ratio,1,-0.865,0.366,0.421,0.018,NA,NA,NA,0.070441141
TMEM22,Fetal Brain,ADHD,Wald ratio,1,-2.887,1.225,0.056,0.0184,NA,NA,NA,0.074442859
NRXN1,Fetal Brain,ADHD,Wald ratio,1,0.167,0.072,1.182,0.0193,NA,NA,NA,0.073061421
TOX,Fetal Brain,ADHD,Wald ratio,1,0.532,0.229,1.703,0.0198,NA,NA,NA,0.065761182
SFRS7,Fetal Brain,ADHD,Inverse variance weighted,2,-0.793,0.342,0.452,0.0205,NA,0.653518892,NA,0.005459193
D4S234E,Fetal Brain,ADHD,Wald ratio,1,0.29,0.125,1.336,0.0208,NA,NA,NA,0.089548368
SKIL,Fetal Brain,ADHD,Wald ratio,1,3.608,1.562,36.886,0.0209,NA,NA,NA,0.095244054
CRYGD,Fetal Brain,ADHD,Wald ratio,1,0.391,0.17,1.479,0.0212,NA,NA,NA,0.062975081
TANC1,Fetal Brain,ADHD,Wald ratio,1,-1.524,0.661,0.218,0.0212,NA,NA,NA,0.062975081
TSG101,Fetal Brain,ADHD,Wald ratio,1,-2.07,0.899,0.126,0.0213,NA,NA,NA,0.078830653
POLG2,Fetal Brain,ADHD,Wald ratio,1,1.33,0.581,3.782,0.0221,NA,NA,NA,0.116271915
BNIP1,Fetal Brain,ADHD,Wald ratio,1,3.203,1.402,24.614,0.0223,NA,NA,NA,0.062150576
TGM5,Fetal Brain,ADHD,Wald ratio,1,0.839,0.368,2.315,0.0226,NA,NA,NA,0.062545645
CDK5,Fetal Brain,ADHD,Wald ratio,1,-6.253,2.749,0.002,0.0229,NA,NA,NA,0.062967991
FOXO1,Fetal Brain,ADHD,Wald ratio,1,-2.591,1.148,0.075,0.024,NA,NA,NA,0.06016848
HEPHL1,Fetal Brain,ADHD,Wald ratio,1,-0.436,0.193,0.647,0.0242,NA,NA,NA,0.07319989
ANKRD44,Fetal Brain,ADHD,Wald ratio,1,0.945,0.42,2.572,0.0243,NA,NA,NA,0.06694825
ARF4,Fetal Brain,ADHD,Wald ratio,1,2.678,1.191,14.561,0.0246,NA,NA,NA,0.071757933
SHISA9,Fetal Brain,ADHD,Wald ratio,1,1.285,0.573,3.614,0.0248,NA,NA,NA,0.054757473
SNORD59A,Fetal Brain,ADHD,Wald ratio,1,-0.591,0.264,0.554,0.0251,NA,NA,NA,0.169574914
CS,Fetal Brain,ADHD,Wald ratio,1,0.709,0.318,2.031,0.0259,NA,NA,NA,0.100994835
SMOC2,Fetal Brain,ADHD,Inverse variance weighted,3,0.518,0.233,1.678,0.0263,0.841179674,0.888817742,0.734925463,0.009670661
DPH3,Fetal Brain,ADHD,Wald ratio,1,-1.403,0.632,0.246,0.0264,NA,NA,NA,0.052614861
ECE2,Fetal Brain,ADHD,Wald ratio,1,-1.175,0.53,0.309,0.0266,NA,NA,NA,0.082254911
KLHL6,Fetal Brain,ADHD,Wald ratio,1,-0.363,0.164,0.696,0.0269,NA,NA,NA,0.051301667
API5,Fetal Brain,ADHD,Wald ratio,1,2.506,1.134,12.252,0.0272,NA,NA,NA,0.051818887
C11orf36,Fetal Brain,ADHD,Wald ratio,1,-0.499,0.226,0.607,0.0274,NA,NA,NA,0.0569226
IKZF2,Fetal Brain,ADHD,Wald ratio,1,-0.339,0.155,0.713,0.0289,NA,NA,NA,0.052641103
B4GALT6,Fetal Brain,ADHD,Wald ratio,1,-1.714,0.786,0.18,0.0293,NA,NA,NA,0.048281555
ENKUR,Fetal Brain,ADHD,Wald ratio,1,-0.376,0.173,0.687,0.0297,NA,NA,NA,0.051557533
RALYL,Fetal Brain,ADHD,Wald ratio,1,1.444,0.665,4.239,0.0299,NA,NA,NA,0.05214052
TM9SF1,Fetal Brain,ADHD,Wald ratio,1,-0.798,0.368,0.45,0.03,NA,NA,NA,0.049729073
GMPR2,Fetal Brain,ADHD,Wald ratio,1,-4.445,2.048,0.012,0.03,NA,NA,NA,0.04876355
SYNPO2L,Fetal Brain,ADHD,Wald ratio,1,-0.448,0.206,0.639,0.03,NA,NA,NA,0.052476536
DOCK1,Fetal Brain,ADHD,Wald ratio,1,-0.222,0.102,0.801,0.0301,NA,NA,NA,0.047207907
ANO2,Fetal Brain,ADHD,Wald ratio,1,0.542,0.251,1.719,0.0306,NA,NA,NA,0.059259068
RSPO4,Fetal Brain,ADHD,Wald ratio,1,0.692,0.321,1.999,0.0309,NA,NA,NA,0.086498345
HMMR,Fetal Brain,ADHD,Wald ratio,1,4.458,2.073,86.316,0.0315,NA,NA,NA,0.043851378
SPOCK1,Fetal Brain,ADHD,Wald ratio,1,0.626,0.293,1.87,0.0328,NA,NA,NA,0.044900979
TRH,Fetal Brain,ADHD,Wald ratio,1,1.388,0.652,4.008,0.0331,NA,NA,NA,0.079968486
HNRNPF,Fetal Brain,ADHD,Wald ratio,1,0.89,0.419,2.436,0.0337,NA,NA,NA,0.060618832
C14orf37,Fetal Brain,ADHD,Wald ratio,1,-1.665,0.784,0.189,0.0338,NA,NA,NA,0.044002824
SGCZ,Fetal Brain,ADHD,Wald ratio,1,-0.71,0.336,0.492,0.0347,NA,NA,NA,0.091190201
OSBPL9,Fetal Brain,ADHD,Wald ratio,1,0.684,0.325,1.982,0.0353,NA,NA,NA,0.008521688
PABPC1L,Fetal Brain,ADHD,Wald ratio,1,1.706,0.811,5.507,0.0355,NA,NA,NA,0.046209228
IRF5,Fetal Brain,ADHD,Wald ratio,1,0.573,0.274,1.773,0.0368,NA,NA,NA,0.047252276
TNPO3,Fetal Brain,ADHD,Wald ratio,1,0.644,0.308,1.904,0.0368,NA,NA,NA,0.047252277
SNX29,Fetal Brain,ADHD,Wald ratio,1,1.146,0.551,3.147,0.0374,NA,NA,NA,0.104283214
CCDC66,Fetal Brain,ADHD,Wald ratio,1,-0.139,0.067,0.87,0.0374,NA,NA,NA,0.040769073
TRPM2,Fetal Brain,ADHD,Wald ratio,1,0.801,0.385,2.227,0.0375,NA,NA,NA,0.055222158
IFITM1,Fetal Brain,ADHD,Wald ratio,1,-0.594,0.288,0.552,0.039,NA,NA,NA,0.065592844
TRANK1,Fetal Brain,ADHD,Wald ratio,1,-0.407,0.198,0.666,0.04,NA,NA,NA,0.03705479
PAK4,Fetal Brain,ADHD,Wald ratio,1,-0.455,0.222,0.634,0.0403,NA,NA,NA,0.038736653
BCAS1,Fetal Brain,ADHD,Wald ratio,1,-0.398,0.194,0.672,0.0404,NA,NA,NA,0.025933844
TSGA14,Fetal Brain,ADHD,Wald ratio,1,1.901,0.931,6.691,0.0412,NA,NA,NA,0.036913186
VANGL2,Fetal Brain,ADHD,Wald ratio,1,0.633,0.31,1.882,0.0413,NA,NA,NA,0.037596505
TRPV3,Fetal Brain,ADHD,Wald ratio,1,0.214,0.105,1.239,0.0414,NA,NA,NA,0.038612957
ZC3H12A,Fetal Brain,ADHD,Wald ratio,1,-0.743,0.365,0.475,0.0419,NA,NA,NA,0.043790651
TDG,Fetal Brain,ADHD,Wald ratio,1,-0.152,0.075,0.859,0.0423,NA,NA,NA,0.036868672
RAF1,Fetal Brain,ADHD,Wald ratio,1,1.331,0.655,3.784,0.0423,NA,NA,NA,0.037203956
C18orf18,Fetal Brain,ADHD,Wald ratio,1,-1.923,0.951,0.146,0.0432,NA,NA,NA,0.035159354
HMOX2,Fetal Brain,ADHD,Wald ratio,1,0.335,0.166,1.398,0.0436,NA,NA,NA,0.040824942
CORO7,Fetal Brain,ADHD,Wald ratio,1,-0.328,0.163,0.72,0.0436,NA,NA,NA,0.040839523
HP,Fetal Brain,ADHD,Wald ratio,1,0.381,0.19,1.464,0.0444,NA,NA,NA,0.035450671
DHODH,Fetal Brain,ADHD,Wald ratio,1,-1.936,0.963,0.144,0.0444,NA,NA,NA,0.035365486
EHBP1,Fetal Brain,ADHD,Wald ratio,1,1.277,0.635,3.585,0.0444,NA,NA,NA,0.035760823
UTP23,Fetal Brain,ADHD,Wald ratio,1,-0.428,0.213,0.652,0.0445,NA,NA,NA,0.035744548
KCNJ12,Fetal Brain,ADHD,Wald ratio,1,-2.181,1.09,0.113,0.0455,NA,NA,NA,0.037457377
H2AFJ,Fetal Brain,ADHD,Wald ratio,1,0.398,0.199,1.488,0.0455,NA,NA,NA,0.04205454
PDE4B,Fetal Brain,ADHD,Wald ratio,1,0.273,0.137,1.314,0.0466,NA,NA,NA,0.034422576
NEDD4,Fetal Brain,ADHD,Wald ratio,1,-0.304,0.153,0.738,0.0474,NA,NA,NA,0.039761653
C15orf53,Fetal Brain,ADHD,Wald ratio,1,-0.721,0.364,0.486,0.0477,NA,NA,NA,0.033750969
RAMP3,Fetal Brain,ADHD,Wald ratio,1,0.794,0.401,2.211,0.0478,NA,NA,NA,0.032715285
PHF1,Fetal Brain,ADHD,Wald ratio,1,0.925,0.472,2.523,0.0497,NA,NA,NA,0.035149124
TMEM120B,Fetal Brain,ADHD,Wald ratio,1,0.325,0.166,1.384,0.0502,NA,NA,NA,0.03112948
TMBIM6,Fetal Brain,ADHD,Wald ratio,1,-1.02,0.521,0.361,0.0503,NA,NA,NA,0.05226026
DNMT3B,Fetal Brain,ADHD,Wald ratio,1,0.201,0.103,1.223,0.0503,NA,NA,NA,0.030766151
B4GALNT2,Fetal Brain,ADHD,Wald ratio,1,0.57,0.291,1.768,0.0504,NA,NA,NA,0.0301024
NDC80,Fetal Brain,ADHD,Wald ratio,1,-2.801,1.432,0.061,0.0505,NA,NA,NA,0.036899895
RFX8,Fetal Brain,ADHD,Wald ratio,1,-0.149,0.076,0.862,0.0514,NA,NA,NA,0.031185551
C9orf103,Fetal Brain,ADHD,Wald ratio,1,-3.097,1.593,0.045,0.0519,NA,NA,NA,0.03351447
GPR177,Fetal Brain,ADHD,Wald ratio,1,-0.378,0.195,0.685,0.0521,NA,NA,NA,0.084904849
EIF2C2,Fetal Brain,ADHD,Wald ratio,1,0.627,0.323,1.871,0.0522,NA,NA,NA,0.032605517
POP5,Fetal Brain,ADHD,Wald ratio,1,-0.305,0.158,0.737,0.054,NA,NA,NA,0.029663718
TMC7,Fetal Brain,ADHD,Wald ratio,1,-1.075,0.561,0.341,0.0554,NA,NA,NA,0.057910338
SDC2,Fetal Brain,ADHD,Wald ratio,1,0.914,0.478,2.494,0.0557,NA,NA,NA,0.031231442
DGKZ,Fetal Brain,ADHD,Wald ratio,1,-0.281,0.147,0.755,0.056,NA,NA,NA,0.036463417
NRG3,Fetal Brain,ADHD,Wald ratio,1,-3.049,1.597,0.047,0.0563,NA,NA,NA,0.091673622
KIAA0427,Fetal Brain,ADHD,Wald ratio,1,-1.186,0.622,0.305,0.0567,NA,NA,NA,0.028127072
RASIP1,Fetal Brain,ADHD,Wald ratio,1,0.218,0.115,1.244,0.0569,NA,NA,NA,0.027856705
IRAK1BP1,Fetal Brain,ADHD,Wald ratio,1,-0.452,0.237,0.636,0.0569,NA,NA,NA,0.033489261
SH3BGR,Fetal Brain,ADHD,Wald ratio,1,-0.484,0.254,0.616,0.057,NA,NA,NA,0.02748241
SLFN12,Fetal Brain,ADHD,Wald ratio,1,-0.268,0.141,0.765,0.0572,NA,NA,NA,0.029697959
HMGB1L1,Fetal Brain,ADHD,Wald ratio,1,0.464,0.244,1.591,0.0575,NA,NA,NA,0.029014647
SLC1A5,Fetal Brain,ADHD,Wald ratio,1,-0.193,0.102,0.824,0.0578,NA,NA,NA,0.028645972
C21orf29,Fetal Brain,ADHD,Wald ratio,1,0.819,0.434,2.267,0.0593,NA,NA,NA,0.034786103
IDE,Fetal Brain,ADHD,Wald ratio,1,7.807,4.143,2457.206,0.0595,NA,NA,NA,0.079533915
ADD2,Fetal Brain,ADHD,Wald ratio,1,-0.974,0.521,0.377,0.0613,NA,NA,NA,0.030250249
PDIA6,Fetal Brain,ADHD,Wald ratio,1,1.624,0.871,5.074,0.0623,NA,NA,NA,0.037855805
CCDC88C,Fetal Brain,ADHD,Inverse variance weighted,2,-0.303,0.163,0.739,0.0626,NA,0.643695347,NA,0.019031867
C21orf49,Fetal Brain,ADHD,Wald ratio,1,0.206,0.111,1.229,0.0628,NA,NA,NA,0.029410638
BNIP3L,Fetal Brain,ADHD,Wald ratio,1,-0.206,0.111,0.814,0.0637,NA,NA,NA,0.027785551
CELSR1,Fetal Brain,ADHD,Wald ratio,1,0.161,0.087,1.174,0.0639,NA,NA,NA,0.027437172
LOXL2,Fetal Brain,ADHD,Wald ratio,1,-0.259,0.14,0.772,0.0644,NA,NA,NA,0.024940808
NPR3,Fetal Brain,ADHD,Wald ratio,1,0.901,0.488,2.461,0.0647,NA,NA,NA,0.026143257
RAB22A,Fetal Brain,ADHD,Wald ratio,1,-0.411,0.224,0.663,0.0663,NA,NA,NA,0.025642957
SLC2A8,Fetal Brain,ADHD,Inverse variance weighted,2,0.906,0.494,2.475,0.0664,NA,0.35558486,NA,0.029655458
PLA2G1B,Fetal Brain,ADHD,Wald ratio,1,0.207,0.113,1.23,0.0669,NA,NA,NA,0.03793679
PAOX,Fetal Brain,ADHD,Wald ratio,1,-0.827,0.452,0.437,0.0671,NA,NA,NA,0.068977609
EI24,Fetal Brain,ADHD,Wald ratio,1,1.065,0.582,2.902,0.0672,NA,NA,NA,0.0258465
TBC1D1,Fetal Brain,ADHD,Wald ratio,1,0.181,0.099,1.198,0.0673,NA,NA,NA,0.024327892
RNF144A,Fetal Brain,ADHD,Wald ratio,1,-0.617,0.337,0.539,0.0674,NA,NA,NA,0.04380849
UPK3B,Fetal Brain,ADHD,Wald ratio,1,0.116,0.064,1.123,0.068,NA,NA,NA,0.024878245
SEMA6D,Fetal Brain,ADHD,Wald ratio,1,-0.497,0.273,0.608,0.0687,NA,NA,NA,0.04385096
CLEC16A,Fetal Brain,ADHD,Wald ratio,1,0.908,0.499,2.481,0.0689,NA,NA,NA,0.049755367
ZNF37A,Fetal Brain,ADHD,Wald ratio,1,0.375,0.206,1.455,0.0692,NA,NA,NA,0.023542883
EFNA5,Fetal Brain,ADHD,Wald ratio,1,-0.55,0.304,0.577,0.0706,NA,NA,NA,0.031897041
ABCC5,Fetal Brain,ADHD,Wald ratio,1,-0.902,0.499,0.406,0.0708,NA,NA,NA,0.005572605
ABCC8,Fetal Brain,ADHD,Wald ratio,1,-0.543,0.301,0.581,0.0715,NA,NA,NA,0.023651344
CAMK1D,Fetal Brain,ADHD,Wald ratio,1,-1.078,0.598,0.34,0.0715,NA,NA,NA,0.025979055
EPC1,Fetal Brain,ADHD,Wald ratio,1,-2.723,1.511,0.066,0.0716,NA,NA,NA,0.030688782
ANKRD56,Fetal Brain,ADHD,Wald ratio,1,0.376,0.209,1.456,0.0721,NA,NA,NA,0.028886756
FAM89A,Fetal Brain,ADHD,Wald ratio,1,0.552,0.307,1.737,0.0722,NA,NA,NA,0.028880487
RHEB,Fetal Brain,ADHD,Wald ratio,1,0.457,0.254,1.579,0.0725,NA,NA,NA,0.022682412
POLR3H,Fetal Brain,ADHD,Wald ratio,1,0.295,0.165,1.344,0.0737,NA,NA,NA,0.029323438
POLE4,Fetal Brain,ADHD,Wald ratio,1,-1.184,0.664,0.306,0.0745,NA,NA,NA,0.039616502
BCL2L10,Fetal Brain,ADHD,Wald ratio,1,-0.615,0.345,0.541,0.0751,NA,NA,NA,0.029772488
BRF1,Fetal Brain,ADHD,Wald ratio,1,-0.14,0.079,0.869,0.0753,NA,NA,NA,0.024541223
CYP1B1,Fetal Brain,ADHD,Wald ratio,1,-0.325,0.183,0.722,0.0754,NA,NA,NA,0.025420848
C2orf54,Fetal Brain,ADHD,Wald ratio,1,0.137,0.077,1.147,0.0761,NA,NA,NA,0.026806672
SLC1A2,Fetal Brain,ADHD,Wald ratio,1,1.884,1.063,6.58,0.0762,NA,NA,NA,0.024751653
DEM1,Fetal Brain,ADHD,Wald ratio,1,-5.116,2.897,0.006,0.0774,NA,NA,NA,0.042029182
ADK,Fetal Brain,ADHD,Wald ratio,1,-1.45,0.821,0.235,0.0774,NA,NA,NA,0.032110623
CACNA1C,Fetal Brain,ADHD,Wald ratio,1,0.43,0.244,1.538,0.0775,NA,NA,NA,0.035708805
C10orf4,Fetal Brain,ADHD,Wald ratio,1,-0.311,0.177,0.732,0.0777,NA,NA,NA,0.021466303
IER2,Fetal Brain,ADHD,Wald ratio,1,1.117,0.633,3.054,0.0779,NA,NA,NA,0.026097331
CENPN,Fetal Brain,ADHD,Wald ratio,1,0.279,0.159,1.322,0.0789,NA,NA,NA,0.024301774
PRSS1,Fetal Brain,ADHD,Wald ratio,1,-0.504,0.288,0.604,0.0801,NA,NA,NA,0.021615368
RSPO2,Fetal Brain,ADHD,Wald ratio,1,-0.917,0.526,0.4,0.0815,NA,NA,NA,0.021532732
GNRH1,Fetal Brain,ADHD,Wald ratio,1,-1.2,0.69,0.301,0.082,NA,NA,NA,0.021153654
LOC732275,Fetal Brain,ADHD,Wald ratio,1,0.395,0.227,1.484,0.0822,NA,NA,NA,0.026673322
C9orf68,Fetal Brain,ADHD,Wald ratio,1,0.361,0.208,1.434,0.0835,NA,NA,NA,0.022594386
HIF1AN,Fetal Brain,ADHD,Wald ratio,1,0.8,0.465,2.226,0.0853,NA,NA,NA,0.023589973
ZNF804A,Fetal Brain,ADHD,Wald ratio,1,0.871,0.507,2.389,0.0856,NA,NA,NA,0.020479323
SETX,Fetal Brain,ADHD,Wald ratio,1,-0.965,0.562,0.381,0.0857,NA,NA,NA,0.029845954
RNASET2,Fetal Brain,ADHD,Wald ratio,1,1.81,1.057,6.109,0.0868,NA,NA,NA,0.02131879
PPP2R1B,Fetal Brain,ADHD,Wald ratio,1,-3.259,1.912,0.038,0.0883,NA,NA,NA,0.021834974
PXDN,Fetal Brain,ADHD,Wald ratio,1,1.027,0.606,2.794,0.0899,NA,NA,NA,0.020928684
TNRC18,Fetal Brain,ADHD,Inverse variance weighted,2,0.968,0.571,2.632,0.0899,NA,0.673069719,NA,0.040851527
DENND1A,Fetal Brain,ADHD,Wald ratio,1,-1.125,0.664,0.325,0.0903,NA,NA,NA,0.022625604
MAP3K9,Fetal Brain,ADHD,Wald ratio,1,-2.549,1.507,0.078,0.0907,NA,NA,NA,0.019201764
LYPD5,Fetal Brain,ADHD,Wald ratio,1,-0.324,0.192,0.723,0.0908,NA,NA,NA,0.019777833
DPY19L4,Fetal Brain,ADHD,Wald ratio,1,-2.883,1.707,0.056,0.0913,NA,NA,NA,0.043665692
HS3ST2,Fetal Brain,ADHD,Wald ratio,1,0.537,0.318,1.711,0.0914,NA,NA,NA,0.03718007
UPP1,Fetal Brain,ADHD,Wald ratio,1,0.711,0.421,2.036,0.0915,NA,NA,NA,0.018876621
STARD3,Fetal Brain,ADHD,Wald ratio,1,2.804,1.666,16.515,0.0923,NA,NA,NA,0.020313392
PNMT,Fetal Brain,ADHD,Wald ratio,1,-0.714,0.424,0.49,0.0923,NA,NA,NA,0.020313409
LAPTM5,Fetal Brain,ADHD,Wald ratio,1,0.304,0.181,1.356,0.0925,NA,NA,NA,0.021436498
BUB3,Fetal Brain,ADHD,Wald ratio,1,-0.509,0.303,0.601,0.0928,NA,NA,NA,0.02731771
SUMO3,Fetal Brain,ADHD,Wald ratio,1,1.431,0.852,4.185,0.0928,NA,NA,NA,0.01943605
ITPR1,Fetal Brain,ADHD,Inverse variance weighted,2,0.394,0.235,1.482,0.0932,NA,0.419720225,NA,0.034513669
FOXRED2,Fetal Brain,ADHD,Wald ratio,1,-1.64,0.977,0.194,0.0933,NA,NA,NA,0.023401707
CCDC67,Fetal Brain,ADHD,Wald ratio,1,-0.876,0.523,0.416,0.0936,NA,NA,NA,0.020850644
ANXA2,Fetal Brain,ADHD,Wald ratio,1,0.483,0.288,1.621,0.0939,NA,NA,NA,0.021957057
MYBPC2,Fetal Brain,ADHD,Wald ratio,1,-0.315,0.189,0.73,0.0949,NA,NA,NA,0.019673174
APLP2,Fetal Brain,ADHD,Wald ratio,1,-1.434,0.863,0.238,0.0965,NA,NA,NA,0.038799739
NT5C3,Fetal Brain,ADHD,Wald ratio,1,1.075,0.648,2.929,0.097,NA,NA,NA,0.018772369
OMG,Fetal Brain,ADHD,Wald ratio,1,0.372,0.224,1.45,0.097,NA,NA,NA,0.019911172
C19orf48,Fetal Brain,ADHD,Wald ratio,1,-0.449,0.27,0.638,0.097,NA,NA,NA,0.019346584
CD34,Fetal Brain,ADHD,Wald ratio,1,0.626,0.378,1.87,0.0975,NA,NA,NA,0.038505605
LOC400696,Fetal Brain,ADHD,Wald ratio,1,-0.541,0.327,0.582,0.0975,NA,NA,NA,0.019073376
SNED1,Fetal Brain,ADHD,Wald ratio,1,0.585,0.354,1.796,0.0977,NA,NA,NA,0.050354596
RGMA,Fetal Brain,ADHD,Wald ratio,1,-3.332,2.019,0.036,0.0989,NA,NA,NA,0.04129697
LARP1B,Fetal Brain,ADHD,Wald ratio,1,0.384,0.233,1.468,0.099,NA,NA,NA,0.01898406
COL23A1,Fetal Brain,ADHD,Inverse variance weighted,2,-0.184,0.111,0.832,0.0992,NA,0.446393797,NA,0.006831276
WDR8,Fetal Brain,ADHD,Inverse variance weighted,2,0.487,0.296,1.628,0.0992,NA,0.956441772,NA,0.025803295
ITGB2,Fetal Brain,ADHD,Wald ratio,1,-0.253,0.154,0.776,0.0993,NA,NA,NA,0.023560135
BCAT1,Fetal Brain,ADHD,Wald ratio,1,1.256,0.766,3.512,0.101,NA,NA,NA,0.035219715
C20orf96,Fetal Brain,ADHD,Wald ratio,1,0.248,0.151,1.281,0.101,NA,NA,NA,0.023525462
ALOX5,Fetal Brain,ADHD,Wald ratio,1,0.481,0.294,1.618,0.102,NA,NA,NA,0.020422242
OSBPL6,Fetal Brain,ADHD,Wald ratio,1,3.399,2.083,29.925,0.103,NA,NA,NA,0.017581906
ELMO1,Fetal Brain,ADHD,Wald ratio,1,-0.113,0.069,0.893,0.103,NA,NA,NA,0.019007943
MUC1,Fetal Brain,ADHD,Wald ratio,1,1.134,0.697,3.109,0.104,NA,NA,NA,0.018690461
HOXC4,Fetal Brain,ADHD,Wald ratio,1,0.563,0.346,1.756,0.104,NA,NA,NA,0.017577575
STAC,Fetal Brain,ADHD,Wald ratio,1,-0.917,0.565,0.4,0.105,NA,NA,NA,0.036516898
SLC18A1,Fetal Brain,ADHD,Wald ratio,1,-0.611,0.377,0.543,0.105,NA,NA,NA,0.020142972
DPF1,Fetal Brain,ADHD,Wald ratio,1,2.857,1.763,17.406,0.105,NA,NA,NA,0.054553645
ACP1,Fetal Brain,ADHD,Wald ratio,1,-1.738,1.074,0.176,0.106,NA,NA,NA,0.017570622
NKX3-2,Fetal Brain,ADHD,Wald ratio,1,-0.759,0.47,0.468,0.106,NA,NA,NA,0.033538445
TLR2,Fetal Brain,ADHD,Wald ratio,1,-0.851,0.527,0.427,0.106,NA,NA,NA,0.033592847
CSMD1,Fetal Brain,ADHD,Weighted median,3,0.244,0.152,1.277,0.107,0.267859917,0.270860852,0.480863732,0.012721825
WDR86,Fetal Brain,ADHD,Wald ratio,1,-0.303,0.188,0.739,0.108,NA,NA,NA,0.017300297
FLT4,Fetal Brain,ADHD,Wald ratio,1,-0.321,0.199,0.726,0.108,NA,NA,NA,0.019009875
STXBP5,Fetal Brain,ADHD,Wald ratio,1,0.545,0.34,1.725,0.108,NA,NA,NA,0.016713626
FLJ43860,Fetal Brain,ADHD,Wald ratio,1,0.236,0.148,1.267,0.11,NA,NA,NA,0.01674161
MBNL2,Fetal Brain,ADHD,Wald ratio,1,-0.454,0.284,0.635,0.11,NA,NA,NA,0.01788188
CACNB3,Fetal Brain,ADHD,Wald ratio,1,-0.203,0.128,0.816,0.111,NA,NA,NA,0.022126553
COL25A1,Fetal Brain,ADHD,Wald ratio,1,-0.354,0.222,0.702,0.112,NA,NA,NA,0.016167093
MIR548N,Fetal Brain,ADHD,Wald ratio,1,-1.94,1.225,0.144,0.113,NA,NA,NA,0.016481881
TNFRSF11A,Fetal Brain,ADHD,Wald ratio,1,0.378,0.239,1.459,0.114,NA,NA,NA,0.017908334
PCDHGA4,Fetal Brain,ADHD,Wald ratio,1,-0.299,0.189,0.742,0.114,NA,NA,NA,0.026614631
SLC45A4,Fetal Brain,ADHD,Wald ratio,1,0.479,0.303,1.614,0.114,NA,NA,NA,0.031494331
ENPP6,Fetal Brain,ADHD,Wald ratio,1,-0.089,0.056,0.915,0.115,NA,NA,NA,0.015913227
ROBO2,Fetal Brain,ADHD,Wald ratio,1,-0.548,0.348,0.578,0.116,NA,NA,NA,0.018795668
DSCR9,Fetal Brain,ADHD,Wald ratio,1,0.174,0.111,1.19,0.116,NA,NA,NA,0.015644553
SEPSECS,Fetal Brain,ADHD,Wald ratio,1,-0.206,0.132,0.813,0.117,NA,NA,NA,0.023327541
POU6F1,Fetal Brain,ADHD,Wald ratio,1,-0.602,0.384,0.548,0.117,NA,NA,NA,0.020229164
ESCO2,Fetal Brain,ADHD,Wald ratio,1,0.658,0.42,1.93,0.117,NA,NA,NA,0.016511241
KLF3,Fetal Brain,ADHD,Wald ratio,1,1.02,0.652,2.773,0.118,NA,NA,NA,0.019338878
ERBB4,Fetal Brain,ADHD,Wald ratio,1,-0.186,0.119,0.83,0.118,NA,NA,NA,0.015658229
URB1,Fetal Brain,ADHD,Wald ratio,1,0.254,0.162,1.289,0.118,NA,NA,NA,0.02613235
PFKP,Fetal Brain,ADHD,Wald ratio,1,-0.362,0.231,0.696,0.118,NA,NA,NA,0.015950716
ELMOD1,Fetal Brain,ADHD,Wald ratio,1,-0.322,0.206,0.725,0.118,NA,NA,NA,0.01593832
MT1X,Fetal Brain,ADHD,Wald ratio,1,0.669,0.429,1.952,0.119,NA,NA,NA,0.01623049
LRP12,Fetal Brain,ADHD,Inverse variance weighted,2,-2.074,1.331,0.126,0.119,NA,0.159471888,NA,0.008430487
TMEM51,Fetal Brain,ADHD,Wald ratio,1,-0.95,0.611,0.387,0.12,NA,NA,NA,0.017693194
RGPD8,Fetal Brain,ADHD,Wald ratio,1,0.108,0.07,1.114,0.121,NA,NA,NA,0.015691424
TARS,Fetal Brain,ADHD,Wald ratio,1,-1.337,0.862,0.263,0.121,NA,NA,NA,0.020275693
POU6F2,Fetal Brain,ADHD,Wald ratio,1,0.137,0.089,1.147,0.122,NA,NA,NA,0.016307505
CNIH3,Fetal Brain,ADHD,Wald ratio,1,0.562,0.364,1.754,0.123,NA,NA,NA,0.01516126
KCNT1,Fetal Brain,ADHD,Wald ratio,1,0.54,0.35,1.716,0.123,NA,NA,NA,0.040355551
LSM5,Fetal Brain,ADHD,Wald ratio,1,0.493,0.32,1.637,0.123,NA,NA,NA,0.015751262
SRRM4,Fetal Brain,ADHD,Wald ratio,1,-0.286,0.185,0.751,0.123,NA,NA,NA,0.015736596
C4orf43,Fetal Brain,ADHD,Wald ratio,1,0.72,0.467,2.054,0.123,NA,NA,NA,0.025129523
NCAPG2,Fetal Brain,ADHD,Wald ratio,1,0.282,0.184,1.326,0.124,NA,NA,NA,0.015187285
ZNF12,Fetal Brain,ADHD,Wald ratio,1,-0.379,0.247,0.685,0.125,NA,NA,NA,0.016366475
CD6,Fetal Brain,ADHD,Wald ratio,1,0.186,0.121,1.204,0.125,NA,NA,NA,0.01492066
C6orf192,Fetal Brain,ADHD,Wald ratio,1,0.391,0.255,1.478,0.126,NA,NA,NA,0.022386198
FKBP5,Fetal Brain,ADHD,Wald ratio,1,-0.355,0.232,0.701,0.127,NA,NA,NA,0.01495193
PCBP3,Fetal Brain,ADHD,Wald ratio,1,0.188,0.123,1.207,0.127,NA,NA,NA,0.01495193
CTU1,Fetal Brain,ADHD,Wald ratio,1,-0.325,0.214,0.722,0.128,NA,NA,NA,0.017868294
CACNA2D3,Fetal Brain,ADHD,Wald ratio,1,-0.403,0.265,0.668,0.128,NA,NA,NA,0.018466401
DPF3,Fetal Brain,ADHD,Wald ratio,1,-0.296,0.194,0.744,0.128,NA,NA,NA,0.021890212
CLPB,Fetal Brain,ADHD,Wald ratio,1,0.41,0.27,1.507,0.129,NA,NA,NA,0.018499071
ALDH7A1,Fetal Brain,ADHD,Wald ratio,1,0.377,0.248,1.457,0.129,NA,NA,NA,0.023648099
TBL2,Fetal Brain,ADHD,Wald ratio,1,-0.437,0.288,0.646,0.13,NA,NA,NA,0.015882844
SACS,Fetal Brain,ADHD,Wald ratio,1,0.518,0.342,1.678,0.13,NA,NA,NA,0.009187481
OBFC1,Fetal Brain,ADHD,Wald ratio,1,-0.159,0.106,0.853,0.132,NA,NA,NA,0.014187732
NAV2,Fetal Brain,ADHD,Wald ratio,1,0.381,0.253,1.463,0.132,NA,NA,NA,0.014178676
ODF4,Fetal Brain,ADHD,Wald ratio,1,0.234,0.156,1.264,0.134,NA,NA,NA,0.015407196
CNGB3,Fetal Brain,ADHD,Wald ratio,1,0.163,0.109,1.177,0.134,NA,NA,NA,0.015699115
HAUS6,Fetal Brain,ADHD,Wald ratio,1,-0.128,0.086,0.879,0.134,NA,NA,NA,0.022382835
SLC30A7,Fetal Brain,ADHD,Wald ratio,1,-0.358,0.24,0.699,0.135,NA,NA,NA,0.01456258
CYFIP1,Fetal Brain,ADHD,Wald ratio,1,0.766,0.515,2.151,0.137,NA,NA,NA,0.018436198
RASGRF2,Fetal Brain,ADHD,Wald ratio,1,0.656,0.441,1.927,0.137,NA,NA,NA,0.014930236
TPP2,Fetal Brain,ADHD,Wald ratio,1,-2.173,1.464,0.114,0.138,NA,NA,NA,0.014039283
PNMA2,Fetal Brain,ADHD,Wald ratio,1,2.917,1.97,18.485,0.139,NA,NA,NA,0.015260755
LINGO1,Fetal Brain,ADHD,Wald ratio,1,-0.389,0.262,0.678,0.139,NA,NA,NA,0.01554757
C3orf23,Fetal Brain,ADHD,Wald ratio,1,0.522,0.353,1.686,0.139,NA,NA,NA,0.019097664
ZNF234,Fetal Brain,ADHD,Wald ratio,1,-0.14,0.095,0.869,0.139,NA,NA,NA,0.014080498
SLC39A6,Fetal Brain,ADHD,Wald ratio,1,-1.189,0.806,0.305,0.14,NA,NA,NA,0.014423263
RTDR1,Fetal Brain,ADHD,Wald ratio,1,-0.401,0.272,0.67,0.141,NA,NA,NA,0.013828833
SCPEP1,Fetal Brain,ADHD,Wald ratio,1,0.936,0.636,2.55,0.141,NA,NA,NA,0.015933723
ZFAND2A,Fetal Brain,ADHD,Wald ratio,1,0.446,0.304,1.562,0.142,NA,NA,NA,0.037012022
ACAP2,Fetal Brain,ADHD,Wald ratio,1,-0.123,0.084,0.884,0.143,NA,NA,NA,0.016028537
ZNF766,Fetal Brain,ADHD,Wald ratio,1,1.549,1.059,4.708,0.144,NA,NA,NA,0.013324791
SYTL2,Fetal Brain,ADHD,Wald ratio,1,0.451,0.309,1.571,0.144,NA,NA,NA,0.014549102
COL13A1,Fetal Brain,ADHD,Wald ratio,1,-0.406,0.278,0.666,0.144,NA,NA,NA,0.013961402
DLL3,Fetal Brain,ADHD,Wald ratio,1,0.583,0.4,1.791,0.145,NA,NA,NA,0.015467237
ATP6V1B1,Fetal Brain,ADHD,Wald ratio,1,0.167,0.114,1.181,0.145,NA,NA,NA,0.018479235
POGK,Fetal Brain,ADHD,Wald ratio,1,-0.997,0.685,0.369,0.145,NA,NA,NA,0.016394068
RARS,Fetal Brain,ADHD,Wald ratio,1,-0.253,0.174,0.776,0.146,NA,NA,NA,0.012175553
SMARCAD1,Fetal Brain,ADHD,Wald ratio,1,-0.309,0.213,0.734,0.146,NA,NA,NA,0.018692066
MAP4K3,Fetal Brain,ADHD,Wald ratio,1,2.392,1.648,10.935,0.147,NA,NA,NA,0.028239153
EIF3B,Fetal Brain,ADHD,Wald ratio,1,2.173,1.501,8.787,0.148,NA,NA,NA,0.014615666
C10orf67,Fetal Brain,ADHD,Wald ratio,1,2.297,1.587,9.946,0.148,NA,NA,NA,0.013452394
RYR2,Fetal Brain,ADHD,Wald ratio,1,0.534,0.369,1.705,0.148,NA,NA,NA,0.033671371
DPPA3,Fetal Brain,ADHD,Wald ratio,1,1.075,0.746,2.93,0.15,NA,NA,NA,0.01505294
KDM4B,Fetal Brain,ADHD,Wald ratio,1,0.337,0.234,1.401,0.15,NA,NA,NA,0.020260222
GRM7,Fetal Brain,ADHD,Wald ratio,1,0.365,0.254,1.441,0.151,NA,NA,NA,0.01633623
TRIO,Fetal Brain,ADHD,Wald ratio,1,0.359,0.25,1.432,0.152,NA,NA,NA,0.018522664
GAS8,Fetal Brain,ADHD,Wald ratio,1,-0.828,0.578,0.437,0.152,NA,NA,NA,0.013318374
TMX1,Fetal Brain,ADHD,Wald ratio,1,0.459,0.32,1.582,0.152,NA,NA,NA,0.016743664
COL5A1,Fetal Brain,ADHD,Wald ratio,1,0.666,0.467,1.946,0.154,NA,NA,NA,0.013061063
OBFC2A,Fetal Brain,ADHD,Wald ratio,1,1.698,1.19,5.462,0.154,NA,NA,NA,0.02336243
MORF4,Fetal Brain,ADHD,Wald ratio,1,0.849,0.595,2.337,0.154,NA,NA,NA,0.01275953
SLC30A9,Fetal Brain,ADHD,Wald ratio,1,1.811,1.27,6.115,0.154,NA,NA,NA,0.017069107
SMPDL3A,Fetal Brain,ADHD,Wald ratio,1,-1.411,0.991,0.244,0.155,NA,NA,NA,0.020840635
C15orf41,Fetal Brain,ADHD,Wald ratio,1,-0.904,0.635,0.405,0.155,NA,NA,NA,0.013106873
PGLYRP4,Fetal Brain,ADHD,Wald ratio,1,0.283,0.199,1.327,0.155,NA,NA,NA,0.017804005
CTNNBL1,Fetal Brain,ADHD,Wald ratio,1,-0.207,0.146,0.813,0.156,NA,NA,NA,0.015030064
KDELC2,Fetal Brain,ADHD,Wald ratio,1,-1.827,1.287,0.161,0.156,NA,NA,NA,0.012525791
GPR133,Fetal Brain,ADHD,Wald ratio,1,0.149,0.105,1.161,0.156,NA,NA,NA,0.013166732
PTPRZ1,Fetal Brain,ADHD,Wald ratio,1,-1.55,1.094,0.212,0.156,NA,NA,NA,0.01692834
MTHFD1L,Fetal Brain,ADHD,Wald ratio,1,-0.33,0.233,0.719,0.158,NA,NA,NA,0.013863342
RCVRN,Fetal Brain,ADHD,Wald ratio,1,-0.335,0.237,0.715,0.158,NA,NA,NA,0.014508423
C8orf48,Fetal Brain,ADHD,Inverse variance weighted,2,-0.549,0.39,0.577,0.158,NA,0.083842852,NA,0.017043983
ITPR3,Fetal Brain,ADHD,Wald ratio,1,1.245,0.885,3.473,0.16,NA,NA,NA,0.015537822
STX6,Fetal Brain,ADHD,Wald ratio,1,0.753,0.537,2.122,0.161,NA,NA,NA,0.01466378
NUP214,Fetal Brain,ADHD,Wald ratio,1,-0.196,0.14,0.822,0.161,NA,NA,NA,0.01438086
LYRM4,Fetal Brain,ADHD,Wald ratio,1,-0.392,0.281,0.676,0.163,NA,NA,NA,0.012512114
CAMTA1,Fetal Brain,ADHD,MR Egger,4,-0.262,0.121,0.769,0.163,0.951610581,0.257672965,0.185702178,0.005444306
KLHDC7A,Fetal Brain,ADHD,Wald ratio,1,-0.286,0.205,0.751,0.164,NA,NA,NA,0.012212147
FAM196A,Fetal Brain,ADHD,Wald ratio,1,-0.372,0.267,0.689,0.164,NA,NA,NA,0.017361334
VIM,Fetal Brain,ADHD,Wald ratio,1,-0.43,0.309,0.65,0.164,NA,NA,NA,0.013566784
KCNMB1,Fetal Brain,ADHD,Wald ratio,1,0.636,0.458,1.89,0.165,NA,NA,NA,0.013265422
SGCD,Fetal Brain,ADHD,Wald ratio,1,-0.279,0.201,0.756,0.165,NA,NA,NA,0.011990289
CCDC63,Fetal Brain,ADHD,Wald ratio,1,1.781,1.286,5.933,0.166,NA,NA,NA,0.01269282
ZFHX3,Fetal Brain,ADHD,Wald ratio,1,-0.215,0.156,0.806,0.167,NA,NA,NA,0.013036963
NAV1,Fetal Brain,ADHD,Wald ratio,1,-1.665,1.205,0.189,0.167,NA,NA,NA,0.049662056
DAXX,Fetal Brain,ADHD,Inverse variance weighted,2,-1.064,0.771,0.345,0.168,NA,0.06830224,NA,0.014462037
GSTM4,Fetal Brain,ADHD,Wald ratio,1,0.503,0.365,1.654,0.168,NA,NA,NA,0.023888475
CAMK2A,Fetal Brain,ADHD,Wald ratio,1,0.335,0.243,1.398,0.169,NA,NA,NA,0.012166852
SUSD4,Fetal Brain,ADHD,Wald ratio,1,1.327,0.966,3.771,0.169,NA,NA,NA,0.022250062
C1orf109,Fetal Brain,ADHD,Wald ratio,1,0.098,0.072,1.104,0.17,NA,NA,NA,0.014841908
CDCA8,Fetal Brain,ADHD,Wald ratio,1,-2.043,1.488,0.13,0.17,NA,NA,NA,0.014841908
ARHGEF10,Fetal Brain,ADHD,Wald ratio,1,-0.422,0.308,0.655,0.171,NA,NA,NA,0.013923286
PWP1,Fetal Brain,ADHD,Wald ratio,1,0.196,0.143,1.217,0.171,NA,NA,NA,0.013921296
LSAMP,Fetal Brain,ADHD,Wald ratio,1,-0.857,0.626,0.424,0.171,NA,NA,NA,0.027094826
ADCY3,Fetal Brain,ADHD,Wald ratio,1,0.23,0.168,1.258,0.173,NA,NA,NA,0.011984992
RPS16,Fetal Brain,ADHD,Wald ratio,1,0.428,0.314,1.535,0.173,NA,NA,NA,0.012700196
SUPT5H,Fetal Brain,ADHD,Wald ratio,1,-1.288,0.945,0.276,0.173,NA,NA,NA,0.012614204
SNPH,Fetal Brain,ADHD,Wald ratio,1,-0.149,0.11,0.862,0.174,NA,NA,NA,0.012409713
LDB3,Fetal Brain,ADHD,Wald ratio,1,0.365,0.269,1.441,0.174,NA,NA,NA,0.012390368
COLEC11,Fetal Brain,ADHD,Wald ratio,1,-1.129,0.831,0.323,0.174,NA,NA,NA,0.028373299
KLK8,Fetal Brain,ADHD,Wald ratio,1,0.392,0.288,1.48,0.174,NA,NA,NA,0.011768827
HS3ST3A1,Fetal Brain,ADHD,Wald ratio,1,-0.147,0.108,0.863,0.175,NA,NA,NA,0.012473984
SLC35B4,Fetal Brain,ADHD,Wald ratio,1,1.135,0.838,3.112,0.176,NA,NA,NA,0.01147215
GSTCD,Fetal Brain,ADHD,Wald ratio,1,0.569,0.42,1.766,0.176,NA,NA,NA,0.014201187
MCF2L,Fetal Brain,ADHD,Wald ratio,1,-0.16,0.118,0.852,0.177,NA,NA,NA,0.011537173
CRYZ,Fetal Brain,ADHD,Wald ratio,1,-0.366,0.271,0.694,0.177,NA,NA,NA,0.011527777
TYW3,Fetal Brain,ADHD,Wald ratio,1,-0.288,0.213,0.75,0.177,NA,NA,NA,0.011535074
EIF4E,Fetal Brain,ADHD,Wald ratio,1,-1.514,1.123,0.22,0.177,NA,NA,NA,0.021036918
MYO10,Fetal Brain,ADHD,Inverse variance weighted,2,0.279,0.207,1.322,0.177,NA,0.851246838,NA,0.005974502
KIAA1967,Fetal Brain,ADHD,Wald ratio,1,-0.156,0.116,0.856,0.179,NA,NA,NA,0.012720564
FAT3,Fetal Brain,ADHD,Wald ratio,1,-0.239,0.179,0.787,0.18,NA,NA,NA,0.011013705
EEF1DP3,Fetal Brain,ADHD,Wald ratio,1,1.984,1.481,7.272,0.18,NA,NA,NA,0.025925702
PAPOLA,Fetal Brain,ADHD,Wald ratio,1,1.202,0.898,3.327,0.18,NA,NA,NA,0.013489264
CHORDC1,Fetal Brain,ADHD,Wald ratio,1,0.543,0.406,1.721,0.181,NA,NA,NA,0.01178516
CDK13,Fetal Brain,ADHD,Wald ratio,1,0.136,0.102,1.146,0.182,NA,NA,NA,0.011500984
SARDH,Fetal Brain,ADHD,Wald ratio,1,0.315,0.237,1.37,0.183,NA,NA,NA,0.011554828
PRR16,Fetal Brain,ADHD,Wald ratio,1,0.555,0.417,1.741,0.184,NA,NA,NA,0.018249713
SNX18,Fetal Brain,ADHD,Wald ratio,1,-0.853,0.642,0.426,0.184,NA,NA,NA,0.012662652
TSPAN14,Fetal Brain,ADHD,Inverse variance weighted,2,0.331,0.25,1.393,0.186,NA,0.71315051,NA,0.013501023
ZDHHC4,Fetal Brain,ADHD,Wald ratio,1,0.572,0.432,1.772,0.186,NA,NA,NA,0.015959877
ZNF521,Fetal Brain,ADHD,Wald ratio,1,1.16,0.878,3.19,0.186,NA,NA,NA,0.017058673
ZDHHC20,Fetal Brain,ADHD,Wald ratio,1,-0.55,0.417,0.577,0.187,NA,NA,NA,0.012817407
P2RX1,Fetal Brain,ADHD,Wald ratio,1,-0.236,0.179,0.79,0.187,NA,NA,NA,0.011411653
G3BP1,Fetal Brain,ADHD,Wald ratio,1,-1.991,1.511,0.137,0.188,NA,NA,NA,0.012538807
RPS6KB2,Fetal Brain,ADHD,Wald ratio,1,-0.929,0.706,0.395,0.188,NA,NA,NA,0.020359005
C11orf75,Fetal Brain,ADHD,Wald ratio,1,-0.287,0.218,0.751,0.189,NA,NA,NA,0.018349739
SRGAP3,Fetal Brain,ADHD,Inverse variance weighted,4,-0.226,0.172,0.797,0.189,0.163122872,0.219877785,0.577106711,0.025785273
EHD3,Fetal Brain,ADHD,Wald ratio,1,-0.261,0.199,0.77,0.189,NA,NA,NA,0.011194518
C20orf95,Fetal Brain,ADHD,Wald ratio,1,-0.432,0.331,0.649,0.191,NA,NA,NA,0.01167911
ZNF395,Fetal Brain,ADHD,Wald ratio,1,0.52,0.398,1.682,0.191,NA,NA,NA,0.019707264
MYO16,Fetal Brain,ADHD,Wald ratio,1,-0.186,0.142,0.83,0.192,NA,NA,NA,0.011328016
PLA2G4D,Fetal Brain,ADHD,Wald ratio,1,-0.488,0.374,0.614,0.192,NA,NA,NA,0.012452607
ATP6V1G1,Fetal Brain,ADHD,Wald ratio,1,-0.344,0.264,0.709,0.192,NA,NA,NA,0.0139957
SGMS1,Fetal Brain,ADHD,Wald ratio,1,0.954,0.732,2.596,0.193,NA,NA,NA,0.012510499
ELOF1,Fetal Brain,ADHD,Wald ratio,1,-2.553,1.962,0.078,0.193,NA,NA,NA,0.012935352
MAP2K5,Fetal Brain,ADHD,Wald ratio,1,-0.362,0.278,0.696,0.194,NA,NA,NA,0.011459444
STMN1,Fetal Brain,ADHD,Wald ratio,1,1.063,0.819,2.896,0.194,NA,NA,NA,0.011113712
CD302,Fetal Brain,ADHD,Wald ratio,1,0.294,0.227,1.342,0.194,NA,NA,NA,0.010768089
TAS1R1,Fetal Brain,ADHD,Wald ratio,1,-0.324,0.251,0.723,0.196,NA,NA,NA,0.017302404
ZNF516,Fetal Brain,ADHD,Wald ratio,1,0.1,0.078,1.106,0.197,NA,NA,NA,0.010895251
LGALS8,Fetal Brain,ADHD,Wald ratio,1,-0.324,0.251,0.723,0.197,NA,NA,NA,0.013220773
SLC47A1,Fetal Brain,ADHD,Wald ratio,1,-0.342,0.265,0.71,0.197,NA,NA,NA,0.01097201
PITPNM3,Fetal Brain,ADHD,Wald ratio,1,-0.533,0.414,0.587,0.198,NA,NA,NA,0.012934797
TUSC1,Fetal Brain,ADHD,Wald ratio,1,-0.2,0.156,0.819,0.199,NA,NA,NA,0.010692737
LRRC34,Fetal Brain,ADHD,Wald ratio,1,0.125,0.098,1.134,0.199,NA,NA,NA,0.010692812
APOBEC3F,Fetal Brain,ADHD,Wald ratio,1,-0.323,0.252,0.724,0.199,NA,NA,NA,0.012236254
SLC7A14,Fetal Brain,ADHD,Wald ratio,1,1.301,1.016,3.673,0.201,NA,NA,NA,0.022620261
PLXDC2,Fetal Brain,ADHD,Weighted median,3,0.303,0.237,1.354,0.202,0.27986368,0.503918734,0.748559995,0.005735145
C7orf58,Fetal Brain,ADHD,Wald ratio,1,0.19,0.149,1.21,0.202,NA,NA,NA,0.012440029
SERPINB6,Fetal Brain,ADHD,Wald ratio,1,-0.214,0.167,0.808,0.202,NA,NA,NA,0.01286233
EEPD1,Fetal Brain,ADHD,Simple mode,3,1.158,0.62,3.182,0.203,0.442348419,0.2687419,0.389019616,0.01075039
ZNF37B,Fetal Brain,ADHD,Inverse variance weighted,2,0.403,0.317,1.496,0.204,NA,0.251648704,NA,0.023542883
AGXT2L2,Fetal Brain,ADHD,Wald ratio,1,0.178,0.14,1.194,0.204,NA,NA,NA,0.016613405
LASS6,Fetal Brain,ADHD,Wald ratio,1,-0.261,0.206,0.77,0.204,NA,NA,NA,0.011889063
RET,Fetal Brain,ADHD,Wald ratio,1,-0.721,0.57,0.486,0.206,NA,NA,NA,0.020642396
RHOC,Fetal Brain,ADHD,Wald ratio,1,0.745,0.591,2.107,0.207,NA,NA,NA,0.011247665
THY1,Fetal Brain,ADHD,Wald ratio,1,0.362,0.288,1.437,0.209,NA,NA,NA,0.010975501
MYOF,Fetal Brain,ADHD,Wald ratio,1,0.297,0.237,1.346,0.209,NA,NA,NA,0.012241595
AARS,Fetal Brain,ADHD,Inverse variance weighted,2,-0.455,0.363,0.634,0.21,NA,0.97672349,NA,0.007120592
PAFAH1B2,Fetal Brain,ADHD,Wald ratio,1,-0.996,0.8,0.37,0.213,NA,NA,NA,0.011753816
ZNF174,Fetal Brain,ADHD,Wald ratio,1,-1.144,0.919,0.318,0.213,NA,NA,NA,0.010068539
LONRF2,Fetal Brain,ADHD,Wald ratio,1,-0.567,0.457,0.567,0.215,NA,NA,NA,0.022457691
XPO7,Fetal Brain,ADHD,Wald ratio,1,-0.419,0.339,0.657,0.216,NA,NA,NA,0.009867392
PARD6G,Fetal Brain,ADHD,Wald ratio,1,-0.799,0.648,0.45,0.217,NA,NA,NA,0.016508488
ELP3,Fetal Brain,ADHD,Wald ratio,1,-0.328,0.266,0.721,0.219,NA,NA,NA,0.010513645
USP22,Fetal Brain,ADHD,Wald ratio,1,-1.76,1.432,0.172,0.219,NA,NA,NA,0.011414207
GLDN,Fetal Brain,ADHD,Inverse variance weighted,2,0.091,0.074,1.095,0.219,NA,0.374765654,NA,0.005890606
SESN1,Fetal Brain,ADHD,Wald ratio,1,-0.46,0.376,0.631,0.221,NA,NA,NA,0.030671502
C1orf125,Fetal Brain,ADHD,Wald ratio,1,0.261,0.214,1.299,0.221,NA,NA,NA,0.019276163
RPH3A,Fetal Brain,ADHD,Wald ratio,1,-0.431,0.352,0.65,0.221,NA,NA,NA,0.02236879
WWTR1,Fetal Brain,ADHD,Wald ratio,1,-0.382,0.312,0.683,0.222,NA,NA,NA,0.015780172
GREB1,Fetal Brain,ADHD,Wald ratio,1,-0.087,0.071,0.917,0.222,NA,NA,NA,0.010387459
SCAMP5,Fetal Brain,ADHD,Wald ratio,1,0.542,0.446,1.719,0.225,NA,NA,NA,0.012021148
SMYD2,Fetal Brain,ADHD,Wald ratio,1,-0.186,0.153,0.831,0.225,NA,NA,NA,0.009688115
EPAS1,Fetal Brain,ADHD,Wald ratio,1,-0.394,0.326,0.674,0.226,NA,NA,NA,0.019645888
TMEM151B,Fetal Brain,ADHD,Wald ratio,1,0.298,0.247,1.348,0.227,NA,NA,NA,0.012249502
FAM102A,Fetal Brain,ADHD,Wald ratio,1,-0.428,0.354,0.652,0.227,NA,NA,NA,0.01462665
LRRK1,Fetal Brain,ADHD,Inverse variance weighted,2,-0.136,0.113,0.872,0.227,NA,0.451240275,NA,0.009690228
RIN3,Fetal Brain,ADHD,Wald ratio,1,0.149,0.123,1.161,0.227,NA,NA,NA,0.012322384
C7orf50,Fetal Brain,ADHD,Weighted median,3,0.056,0.046,1.057,0.228,0.359169019,0.330956756,0.450017232,0.01302539
IL1RL2,Fetal Brain,ADHD,Wald ratio,1,0.356,0.296,1.428,0.229,NA,NA,NA,0.014355975
LOC646999,Fetal Brain,ADHD,Wald ratio,1,0.325,0.271,1.383,0.231,NA,NA,NA,0.011184295
ANKRD43,Fetal Brain,ADHD,Wald ratio,1,-0.865,0.723,0.421,0.231,NA,NA,NA,0.018679635
ARSB,Fetal Brain,ADHD,Wald ratio,1,0.451,0.377,1.57,0.232,NA,NA,NA,0.010283142
YAF2,Fetal Brain,ADHD,Inverse variance weighted,2,0.115,0.097,1.122,0.233,NA,0.273080303,NA,0.019524613
C11orf90,Fetal Brain,ADHD,Wald ratio,1,-0.276,0.232,0.759,0.233,NA,NA,NA,0.009942155
SWAP70,Fetal Brain,ADHD,Wald ratio,1,0.267,0.224,1.306,0.233,NA,NA,NA,0.009942153
TTC35,Fetal Brain,ADHD,Wald ratio,1,0.354,0.297,1.425,0.233,NA,NA,NA,0.009445569
TPO,Fetal Brain,ADHD,Weighted median,4,-0.201,0.169,0.818,0.234,0.10153834,0.194297117,0.830404738,0.018219214
MATN4,Fetal Brain,ADHD,Wald ratio,1,-0.425,0.357,0.653,0.234,NA,NA,NA,0.010511896
PLEKHG3,Fetal Brain,ADHD,Wald ratio,1,-0.136,0.115,0.873,0.234,NA,NA,NA,0.013146572
BDKRB2,Fetal Brain,ADHD,Wald ratio,1,0.291,0.245,1.338,0.234,NA,NA,NA,0.012162129
CYP2U1,Fetal Brain,ADHD,Wald ratio,1,-0.306,0.258,0.737,0.236,NA,NA,NA,0.00975123
C3orf64,Fetal Brain,ADHD,Wald ratio,1,-0.365,0.309,0.694,0.237,NA,NA,NA,0.012459833
STT3B,Fetal Brain,ADHD,Wald ratio,1,3.304,2.797,27.233,0.237,NA,NA,NA,0.011471132
MDN1,Fetal Brain,ADHD,Wald ratio,1,0.529,0.448,1.697,0.238,NA,NA,NA,0.007173415
ZDHHC19,Fetal Brain,ADHD,Weighted median,3,0.222,0.188,1.249,0.238,0.94673246,0.124528043,0.290142946,0.062616188
CAB39,Fetal Brain,ADHD,Wald ratio,1,0.417,0.353,1.517,0.238,NA,NA,NA,0.016339623
ROR2,Fetal Brain,ADHD,Wald ratio,1,-0.132,0.112,0.876,0.238,NA,NA,NA,0.010478258
TRIM36,Fetal Brain,ADHD,Wald ratio,1,0.537,0.457,1.711,0.24,NA,NA,NA,0.018222888
MACF1,Fetal Brain,ADHD,Wald ratio,1,-0.579,0.494,0.56,0.241,NA,NA,NA,0.010778973
TRIM37,Fetal Brain,ADHD,Wald ratio,1,2.687,2.294,14.69,0.241,NA,NA,NA,0.008167037
PARD3,Fetal Brain,ADHD,Inverse variance weighted,2,0.206,0.176,1.229,0.243,NA,0.727422239,NA,0.007410363
SLC10A7,Fetal Brain,ADHD,Wald ratio,1,-1.213,1.043,0.297,0.245,NA,NA,NA,0.010092324
ZNF702P,Fetal Brain,ADHD,Wald ratio,1,-0.77,0.666,0.463,0.247,NA,NA,NA,0.00552866
C1orf77,Fetal Brain,ADHD,Wald ratio,1,-0.195,0.169,0.823,0.248,NA,NA,NA,0.008681168
S100A14,Fetal Brain,ADHD,Wald ratio,1,0.442,0.382,1.555,0.248,NA,NA,NA,0.00867975
ACOT11,Fetal Brain,ADHD,Wald ratio,1,-0.163,0.142,0.849,0.249,NA,NA,NA,0.009413911
RNF144B,Fetal Brain,ADHD,Wald ratio,1,0.549,0.477,1.732,0.249,NA,NA,NA,0.010718297
ARAP1,Fetal Brain,ADHD,Wald ratio,1,0.144,0.125,1.155,0.25,NA,NA,NA,0.011368959
PGC,Fetal Brain,ADHD,Wald ratio,1,0.324,0.282,1.383,0.25,NA,NA,NA,0.012656015
HIF3A,Fetal Brain,ADHD,Wald ratio,1,-0.233,0.203,0.792,0.251,NA,NA,NA,0.014583077
NARF,Fetal Brain,ADHD,Wald ratio,1,0.141,0.123,1.152,0.251,NA,NA,NA,0.012169101
RAB3IL1,Fetal Brain,ADHD,Wald ratio,1,-1.257,1.096,0.284,0.251,NA,NA,NA,0.009067525
SLC35F5,Fetal Brain,ADHD,Wald ratio,1,-0.492,0.429,0.612,0.251,NA,NA,NA,0.010375821
NTM,Fetal Brain,ADHD,Wald ratio,1,-0.174,0.151,0.841,0.252,NA,NA,NA,0.009799502
TWISTNB,Fetal Brain,ADHD,Wald ratio,1,0.319,0.279,1.376,0.252,NA,NA,NA,0.01240095
KIAA0892,Fetal Brain,ADHD,Wald ratio,1,3.86,3.377,47.458,0.253,NA,NA,NA,0.011205873
PVRL1,Fetal Brain,ADHD,Wald ratio,1,-0.948,0.83,0.387,0.253,NA,NA,NA,0.014512675
PPARGC1B,Fetal Brain,ADHD,Wald ratio,1,-0.475,0.416,0.622,0.254,NA,NA,NA,0.008806878
ISPD,Fetal Brain,ADHD,Wald ratio,1,0.835,0.736,2.305,0.256,NA,NA,NA,0.012443085
CHGA,Fetal Brain,ADHD,Wald ratio,1,0.206,0.181,1.228,0.257,NA,NA,NA,0.01050196
TRAPPC9,Fetal Brain,ADHD,Inverse variance weighted,2,-0.224,0.197,0.799,0.257,NA,0.295844109,NA,0.016498403
DOCK5,Fetal Brain,ADHD,Wald ratio,1,-0.044,0.039,0.957,0.257,NA,NA,NA,0.009196954
SYNE1,Fetal Brain,ADHD,Wald ratio,1,-0.293,0.26,0.746,0.259,NA,NA,NA,0.012187824
RNLS,Fetal Brain,ADHD,Wald ratio,1,-0.466,0.412,0.628,0.259,NA,NA,NA,0.008702322
RTN4,Fetal Brain,ADHD,Wald ratio,1,0.285,0.253,1.33,0.259,NA,NA,NA,0.008701438
SLC35F3,Fetal Brain,ADHD,Wald ratio,1,-0.769,0.681,0.464,0.259,NA,NA,NA,0.008779997
CST9L,Fetal Brain,ADHD,Wald ratio,1,0.405,0.36,1.5,0.261,NA,NA,NA,0.00893537
MATN2,Fetal Brain,ADHD,Wald ratio,1,-0.137,0.122,0.872,0.261,NA,NA,NA,0.010397975
LEPR,Fetal Brain,ADHD,Wald ratio,1,1.042,0.926,2.835,0.261,NA,NA,NA,0.025807832
PTPRE,Fetal Brain,ADHD,Wald ratio,1,-0.16,0.142,0.852,0.261,NA,NA,NA,0.009011958
RASGRF1,Fetal Brain,ADHD,Wald ratio,1,0.071,0.063,1.074,0.261,NA,NA,NA,0.009744734
CCDC149,Fetal Brain,ADHD,Inverse variance weighted,2,0.227,0.202,1.255,0.261,NA,0.765433999,NA,0.00565606
PKD2L2,Fetal Brain,ADHD,Wald ratio,1,1.134,1.011,3.108,0.262,NA,NA,NA,0.027842685
PDGFB,Fetal Brain,ADHD,Wald ratio,1,-0.141,0.126,0.869,0.262,NA,NA,NA,0.009168469
USP6NL,Fetal Brain,ADHD,Wald ratio,1,0.194,0.173,1.214,0.263,NA,NA,NA,0.017630457
CNTNAP5,Fetal Brain,ADHD,Wald ratio,1,-0.147,0.132,0.863,0.264,NA,NA,NA,0.008677649
SCUBE1,Fetal Brain,ADHD,Wald ratio,1,0.911,0.815,2.486,0.264,NA,NA,NA,0.010213439
DOCK9,Fetal Brain,ADHD,Wald ratio,1,-0.304,0.272,0.738,0.264,NA,NA,NA,0.009459418
PLCH2,Fetal Brain,ADHD,Wald ratio,1,-0.576,0.517,0.562,0.265,NA,NA,NA,0.012699599
SLIT3,Fetal Brain,ADHD,Wald ratio,1,-2.16,1.937,0.115,0.265,NA,NA,NA,0.014289515
SLC25A38,Fetal Brain,ADHD,Wald ratio,1,-1.181,1.061,0.307,0.265,NA,NA,NA,0.008910132
RPSA,Fetal Brain,ADHD,Wald ratio,1,0.44,0.395,1.552,0.265,NA,NA,NA,0.008911461
FHAD1,Fetal Brain,ADHD,Wald ratio,1,-0.283,0.254,0.754,0.266,NA,NA,NA,0.008989975
NKD2,Fetal Brain,ADHD,Wald ratio,1,0.813,0.733,2.255,0.267,NA,NA,NA,0.015685593
ATP6V1A,Fetal Brain,ADHD,Wald ratio,1,0.564,0.51,1.758,0.269,NA,NA,NA,0.008653063
COMMD8,Fetal Brain,ADHD,Wald ratio,1,-0.255,0.231,0.775,0.271,NA,NA,NA,0.009780977
SYCE1L,Fetal Brain,ADHD,Wald ratio,1,1.361,1.235,3.901,0.271,NA,NA,NA,0.008887864
PRMT8,Fetal Brain,ADHD,Wald ratio,1,-0.717,0.653,0.488,0.272,NA,NA,NA,0.011864774
FBXO21,Fetal Brain,ADHD,Wald ratio,1,-0.965,0.879,0.381,0.272,NA,NA,NA,0.011819982
CORO1C,Fetal Brain,ADHD,Wald ratio,1,-0.969,0.882,0.379,0.272,NA,NA,NA,0.011840116
C1GALT1,Fetal Brain,ADHD,Wald ratio,1,3.436,3.13,31.078,0.272,NA,NA,NA,0.01008734
TRDMT1,Fetal Brain,ADHD,Wald ratio,1,-0.354,0.323,0.702,0.273,NA,NA,NA,0.016606722
VSTM2L,Fetal Brain,ADHD,Wald ratio,1,0.649,0.593,1.915,0.273,NA,NA,NA,0.008448199
ACTL9,Fetal Brain,ADHD,Wald ratio,1,0.233,0.213,1.262,0.273,NA,NA,NA,0.010333939
RASGEF1C,Fetal Brain,ADHD,Wald ratio,1,0.328,0.3,1.388,0.274,NA,NA,NA,0.008549063
ZFPM2,Fetal Brain,ADHD,Wald ratio,1,-0.467,0.426,0.627,0.274,NA,NA,NA,0.010492972
PCK2,Fetal Brain,ADHD,Wald ratio,1,0.18,0.164,1.197,0.274,NA,NA,NA,0.009521376
FLJ37453,Fetal Brain,ADHD,Wald ratio,1,-0.216,0.198,0.806,0.274,NA,NA,NA,0.014238972
C17orf98,Fetal Brain,ADHD,Wald ratio,1,0.212,0.194,1.236,0.275,NA,NA,NA,0.011690716
COLQ,Fetal Brain,ADHD,Wald ratio,1,0.112,0.103,1.118,0.275,NA,NA,NA,0.008789009
FAM83F,Fetal Brain,ADHD,Wald ratio,1,-0.151,0.138,0.86,0.275,NA,NA,NA,0.008871918
RRP12,Fetal Brain,ADHD,Wald ratio,1,0.286,0.262,1.331,0.276,NA,NA,NA,0.008950206
SUGT1P1,Fetal Brain,ADHD,Wald ratio,1,0.804,0.742,2.234,0.279,NA,NA,NA,0.009585262
ME1,Fetal Brain,ADHD,Wald ratio,1,-0.294,0.272,0.746,0.28,NA,NA,NA,0.024219831
TRAF5,Fetal Brain,ADHD,Wald ratio,1,-0.396,0.367,0.673,0.28,NA,NA,NA,0.019557113
ZNHIT6,Fetal Brain,ADHD,Wald ratio,1,-0.474,0.439,0.622,0.28,NA,NA,NA,0.020710337
NMNAT2,Fetal Brain,ADHD,Wald ratio,1,-1.969,1.824,0.14,0.28,NA,NA,NA,0.031596127
SSC5D,Fetal Brain,ADHD,Wald ratio,1,-0.2,0.186,0.818,0.283,NA,NA,NA,0.008283009
IFNGR2,Fetal Brain,ADHD,Wald ratio,1,0.625,0.582,1.868,0.283,NA,NA,NA,0.011972769
SCN4B,Fetal Brain,ADHD,Wald ratio,1,2.684,2.502,14.642,0.283,NA,NA,NA,0.008525788
WFDC3,Fetal Brain,ADHD,Wald ratio,1,-0.167,0.156,0.846,0.284,NA,NA,NA,0.00860637
PPP1R12A,Fetal Brain,ADHD,Wald ratio,1,-1.383,1.291,0.251,0.284,NA,NA,NA,0.01575834
SFTA3,Fetal Brain,ADHD,Wald ratio,1,-0.502,0.468,0.606,0.284,NA,NA,NA,0.014743309
ADAMTS16,Fetal Brain,ADHD,Wald ratio,1,-0.465,0.434,0.628,0.284,NA,NA,NA,0.009887128
KIAA1033,Fetal Brain,ADHD,Wald ratio,1,0.63,0.589,1.878,0.284,NA,NA,NA,0.013556291
SLC22A5,Fetal Brain,ADHD,Wald ratio,1,-0.753,0.704,0.471,0.285,NA,NA,NA,0.008843124
KIRREL3,Fetal Brain,ADHD,Weighted median,3,-0.168,0.157,0.846,0.285,0.212162326,0.295368039,0.589140799,0.01059502
GSTT1,Fetal Brain,ADHD,Inverse variance weighted,2,0.289,0.271,1.335,0.286,NA,0.261208247,NA,0.027388012
IKZF5,Fetal Brain,ADHD,Wald ratio,1,-0.489,0.458,0.613,0.286,NA,NA,NA,0.009000849
DKK2,Fetal Brain,ADHD,Inverse variance weighted,2,0.276,0.259,1.318,0.287,NA,0.873290904,NA,0.011145243
XRCC2,Fetal Brain,ADHD,Wald ratio,1,0.319,0.3,1.376,0.288,NA,NA,NA,0.008270435
ZIC4,Fetal Brain,ADHD,Wald ratio,1,-0.271,0.255,0.763,0.289,NA,NA,NA,0.015644943
ABR,Fetal Brain,ADHD,Wald ratio,1,-0.542,0.511,0.582,0.289,NA,NA,NA,0.010081718
TIPRL,Fetal Brain,ADHD,Wald ratio,1,-0.356,0.336,0.701,0.29,NA,NA,NA,0.010356103
NFATC1,Fetal Brain,ADHD,Wald ratio,1,0.56,0.53,1.751,0.291,NA,NA,NA,0.015022726
WFDC1,Fetal Brain,ADHD,Wald ratio,1,0.388,0.367,1.474,0.291,NA,NA,NA,0.009314052
NDUFA10,Fetal Brain,ADHD,Wald ratio,1,-0.261,0.247,0.77,0.292,NA,NA,NA,0.009466829
SVIP,Fetal Brain,ADHD,Wald ratio,1,0.757,0.718,2.131,0.292,NA,NA,NA,0.007935329
C2CD2L,Fetal Brain,ADHD,Wald ratio,1,-0.826,0.785,0.438,0.293,NA,NA,NA,0.00817889
NEBL,Fetal Brain,ADHD,Wald ratio,1,0.627,0.596,1.872,0.293,NA,NA,NA,0.008255032
OR2W3,Fetal Brain,ADHD,Wald ratio,1,0.259,0.247,1.296,0.294,NA,NA,NA,0.008663461
PDGFRA,Fetal Brain,ADHD,Wald ratio,1,-0.601,0.575,0.548,0.296,NA,NA,NA,0.009540517
OR51I1,Fetal Brain,ADHD,Wald ratio,1,-0.374,0.359,0.688,0.296,NA,NA,NA,0.011537681
LYSMD4,Fetal Brain,ADHD,Wald ratio,1,-0.204,0.195,0.816,0.296,NA,NA,NA,0.013438939
KIAA0368,Fetal Brain,ADHD,Wald ratio,1,-0.807,0.773,0.446,0.297,NA,NA,NA,0.013481533
OSGIN1,Fetal Brain,ADHD,Wald ratio,1,0.088,0.084,1.092,0.297,NA,NA,NA,0.009781627
TGOLN2,Fetal Brain,ADHD,Wald ratio,1,-0.282,0.27,0.754,0.297,NA,NA,NA,0.007924341
LOC339788,Fetal Brain,ADHD,Wald ratio,1,0.139,0.133,1.149,0.297,NA,NA,NA,0.008011484
EIF4A3,Fetal Brain,ADHD,Wald ratio,1,-0.359,0.345,0.698,0.298,NA,NA,NA,0.010180266
CDC16,Fetal Brain,ADHD,Wald ratio,1,0.4,0.385,1.492,0.299,NA,NA,NA,0.007914484
THG1L,Fetal Brain,ADHD,Wald ratio,1,0.404,0.39,1.498,0.3,NA,NA,NA,0.011610912
CLIC6,Fetal Brain,ADHD,Wald ratio,1,0.752,0.727,2.121,0.301,NA,NA,NA,0.014324942
FER1L4,Fetal Brain,ADHD,Wald ratio,1,0.262,0.254,1.3,0.301,NA,NA,NA,0.01216071
YTHDC2,Fetal Brain,ADHD,Wald ratio,1,-0.34,0.329,0.712,0.302,NA,NA,NA,0.010086879
EPHX1,Fetal Brain,ADHD,Wald ratio,1,0.201,0.195,1.223,0.302,NA,NA,NA,0.007845605
C7orf46,Fetal Brain,ADHD,Wald ratio,1,-0.301,0.291,0.74,0.302,NA,NA,NA,0.007845605
GOLT1B,Fetal Brain,ADHD,Wald ratio,1,1.19,1.153,3.288,0.302,NA,NA,NA,0.010330895
RBM19,Fetal Brain,ADHD,Wald ratio,1,0.343,0.332,1.409,0.302,NA,NA,NA,0.007925275
TNIP1,Fetal Brain,ADHD,Wald ratio,1,0.34,0.33,1.405,0.302,NA,NA,NA,0.010386604
PMVK,Fetal Brain,ADHD,Wald ratio,1,-1.535,1.488,0.215,0.302,NA,NA,NA,0.008084529
MAP3K5,Fetal Brain,ADHD,Wald ratio,1,0.811,0.787,2.25,0.302,NA,NA,NA,0.008082816
PIWIL2,Fetal Brain,ADHD,Wald ratio,1,-0.256,0.249,0.774,0.303,NA,NA,NA,0.008402676
CSK,Fetal Brain,ADHD,Wald ratio,1,0.238,0.231,1.269,0.304,NA,NA,NA,0.008808105
SCAMP2,Fetal Brain,ADHD,Wald ratio,1,0.226,0.22,1.254,0.304,NA,NA,NA,0.008807751
UBE2K,Fetal Brain,ADHD,Wald ratio,1,0.263,0.256,1.301,0.304,NA,NA,NA,0.011742832
UHMK1,Fetal Brain,ADHD,Wald ratio,1,0.164,0.16,1.178,0.304,NA,NA,NA,0.009125105
CTTN,Fetal Brain,ADHD,Wald ratio,1,0.803,0.782,2.232,0.305,NA,NA,NA,0.009528098
FCGBP,Fetal Brain,ADHD,Wald ratio,1,0.135,0.132,1.144,0.306,NA,NA,NA,0.010326915
RBP7,Fetal Brain,ADHD,Wald ratio,1,0.68,0.664,1.974,0.306,NA,NA,NA,0.013812956
RGS17,Fetal Brain,ADHD,Wald ratio,1,0.373,0.366,1.452,0.307,NA,NA,NA,0.007826688
WDR65,Fetal Brain,ADHD,Wald ratio,1,0.185,0.182,1.203,0.308,NA,NA,NA,0.0087245
SNCA,Fetal Brain,ADHD,Inverse variance weighted,2,-0.158,0.155,0.854,0.308,NA,0.871196782,NA,0.022058435
GPR20,Fetal Brain,ADHD,Wald ratio,1,-0.374,0.368,0.688,0.309,NA,NA,NA,0.01005647
PPP1R15B,Fetal Brain,ADHD,Inverse variance weighted,2,-0.453,0.446,0.636,0.31,NA,0.934440744,NA,0.02994773
KIF5C,Fetal Brain,ADHD,Wald ratio,1,0.394,0.389,1.483,0.311,NA,NA,NA,0.012462939
PSMG1,Fetal Brain,ADHD,Weighted median,3,-1.142,1.127,0.319,0.311,0.300010438,0.501488739,0.687795987,0.005781091
NMUR1,Fetal Brain,ADHD,Wald ratio,1,-0.134,0.132,0.875,0.312,NA,NA,NA,0.007758143
ADH5,Fetal Brain,ADHD,Wald ratio,1,-0.746,0.738,0.474,0.312,NA,NA,NA,0.007837648
COL6A2,Fetal Brain,ADHD,Wald ratio,1,0.361,0.357,1.434,0.313,NA,NA,NA,0.008395706
ACTR3C,Fetal Brain,ADHD,Wald ratio,1,-0.149,0.148,0.861,0.313,NA,NA,NA,0.008880687
SLC16A9,Fetal Brain,ADHD,Wald ratio,1,-0.142,0.141,0.868,0.313,NA,NA,NA,0.00952265
SPOPL,Fetal Brain,ADHD,Wald ratio,1,0.323,0.32,1.381,0.314,NA,NA,NA,0.01007712
PTPRN2,Fetal Brain,ADHD,MR Egger,7,-0.154,0.138,0.857,0.314,0.044150582,0.016490572,0.235400602,0.009024248
TTLL13,Fetal Brain,ADHD,Inverse variance weighted,2,-0.095,0.094,0.91,0.315,NA,0.392817645,NA,0.01433092
MYCBPAP,Fetal Brain,ADHD,Wald ratio,1,-0.253,0.253,0.776,0.317,NA,NA,NA,0.007757013
DENND3,Fetal Brain,ADHD,Wald ratio,1,-1.309,1.309,0.27,0.317,NA,NA,NA,0.012779003
LMO7,Fetal Brain,ADHD,Wald ratio,1,0.228,0.228,1.256,0.317,NA,NA,NA,0.019590535
IRS2,Fetal Brain,ADHD,Wald ratio,1,0.351,0.351,1.421,0.317,NA,NA,NA,0.019565092
IL17D,Fetal Brain,ADHD,Wald ratio,1,0.401,0.401,1.493,0.317,NA,NA,NA,0.019572761
COG3,Fetal Brain,ADHD,Wald ratio,1,0.259,0.259,1.296,0.317,NA,NA,NA,0.019590531
PCCA,Fetal Brain,ADHD,Wald ratio,1,0.325,0.325,1.384,0.317,NA,NA,NA,0.019579015
TMTC4,Fetal Brain,ADHD,Wald ratio,1,0.181,0.181,1.198,0.317,NA,NA,NA,0.01959035
SLITRK6,Fetal Brain,ADHD,Wald ratio,1,0.512,0.511,1.668,0.317,NA,NA,NA,0.019571723
ZC3H13,Fetal Brain,ADHD,Wald ratio,1,0.473,0.473,1.605,0.317,NA,NA,NA,0.019588476
ARRB2,Fetal Brain,ADHD,Wald ratio,1,-0.209,0.209,0.812,0.317,NA,NA,NA,0.009762057
CD55,Fetal Brain,ADHD,Wald ratio,1,0.143,0.143,1.154,0.317,NA,NA,NA,0.008074547
NPFFR1,Fetal Brain,ADHD,Wald ratio,1,0.239,0.239,1.27,0.317,NA,NA,NA,0.015205017
SLC31A2,Fetal Brain,ADHD,Wald ratio,1,0.23,0.23,1.258,0.317,NA,NA,NA,0.00877774
SPATA18,Fetal Brain,ADHD,Wald ratio,1,0.435,0.435,1.545,0.317,NA,NA,NA,0.010154802
ZNF333,Fetal Brain,ADHD,Wald ratio,1,-0.679,0.679,0.507,0.317,NA,NA,NA,0.007993217
EDN1,Fetal Brain,ADHD,Wald ratio,1,-0.183,0.183,0.833,0.317,NA,NA,NA,0.007993212
RUFY1,Fetal Brain,ADHD,Wald ratio,1,-0.392,0.393,0.676,0.319,NA,NA,NA,0.020782573
OSBPL3,Fetal Brain,ADHD,Wald ratio,1,0.21,0.212,1.234,0.32,NA,NA,NA,0.015270281
AMZ1,Fetal Brain,ADHD,Wald ratio,1,0.505,0.508,1.658,0.32,NA,NA,NA,0.015262387
MYL5,Fetal Brain,ADHD,Wald ratio,1,0.252,0.254,1.286,0.321,NA,NA,NA,0.027863465
GALR1,Fetal Brain,ADHD,Wald ratio,1,0.439,0.443,1.551,0.322,NA,NA,NA,0.009519461
ATXN1,Fetal Brain,ADHD,Wald ratio,1,-0.217,0.219,0.805,0.322,NA,NA,NA,0.007757194
MMP9,Fetal Brain,ADHD,Wald ratio,1,0.24,0.243,1.272,0.322,NA,NA,NA,0.007669881
SIRT5,Fetal Brain,ADHD,Wald ratio,1,0.526,0.531,1.692,0.322,NA,NA,NA,0.00799387
PLEKHA6,Fetal Brain,ADHD,Wald ratio,1,0.28,0.283,1.323,0.322,NA,NA,NA,0.007912555
SMEK1,Fetal Brain,ADHD,Wald ratio,1,0.224,0.227,1.252,0.323,NA,NA,NA,0.007589975
NRP2,Fetal Brain,ADHD,Inverse variance weighted,2,-0.211,0.213,0.81,0.323,NA,0.509453574,NA,0.008935591
CHD7,Fetal Brain,ADHD,Wald ratio,1,0.521,0.528,1.683,0.324,NA,NA,NA,0.011200847
PRMT6,Fetal Brain,ADHD,Inverse variance weighted,2,-0.474,0.48,0.623,0.324,NA,0.0062397,NA,0.854182228
PADI3,Fetal Brain,ADHD,Wald ratio,1,-0.11,0.111,0.896,0.325,NA,NA,NA,0.009523753
C19orf47,Fetal Brain,ADHD,Wald ratio,1,0.48,0.489,1.615,0.327,NA,NA,NA,0.008077348
CNTD2,Fetal Brain,ADHD,Wald ratio,1,-0.154,0.157,0.858,0.327,NA,NA,NA,0.008077315
C12orf59,Fetal Brain,ADHD,Wald ratio,1,-0.186,0.19,0.831,0.328,NA,NA,NA,0.007516034
ARHGEF7,Fetal Brain,ADHD,Inverse variance weighted,2,0.299,0.305,1.348,0.328,NA,0.834959918,NA,0.019590539
RASA3,Fetal Brain,ADHD,Inverse variance weighted,2,0.209,0.214,1.233,0.329,NA,0.782788559,NA,0.01958634
ARHGEF19,Fetal Brain,ADHD,Wald ratio,1,-0.309,0.318,0.734,0.331,NA,NA,NA,0.008640845
CAP1,Fetal Brain,ADHD,Wald ratio,1,-0.818,0.843,0.441,0.332,NA,NA,NA,0.00776352
LSM10,Fetal Brain,ADHD,Wald ratio,1,3.281,3.383,26.597,0.332,NA,NA,NA,0.007918585
ITIH4,Fetal Brain,ADHD,Wald ratio,1,-0.123,0.127,0.885,0.335,NA,NA,NA,0.008651725
PPP3CA,Fetal Brain,ADHD,Wald ratio,1,-0.565,0.586,0.568,0.335,NA,NA,NA,0.008636144
SERTAD3,Fetal Brain,ADHD,Wald ratio,1,1.241,1.29,3.458,0.336,NA,NA,NA,0.008248283
FREQ,Fetal Brain,ADHD,Wald ratio,1,0.211,0.219,1.235,0.336,NA,NA,NA,0.010015755
CREM,Fetal Brain,ADHD,Wald ratio,1,-0.552,0.575,0.576,0.337,NA,NA,NA,0.009852128
DNAJC17,Fetal Brain,ADHD,Wald ratio,1,-0.073,0.077,0.929,0.338,NA,NA,NA,0.007601744
MRGPRX2,Fetal Brain,ADHD,Wald ratio,1,0.146,0.153,1.157,0.338,NA,NA,NA,0.007521902
SLC35F1,Fetal Brain,ADHD,Wald ratio,1,1.209,1.262,3.349,0.338,NA,NA,NA,0.00744203
PVT1,Fetal Brain,ADHD,Wald ratio,1,-0.378,0.395,0.685,0.339,NA,NA,NA,0.007279916
CNKSR3,Fetal Brain,ADHD,Wald ratio,1,1.475,1.546,4.372,0.34,NA,NA,NA,0.010258616
TLR5,Fetal Brain,ADHD,Wald ratio,1,-1.681,1.763,0.186,0.341,NA,NA,NA,0.017934354
ATG7,Fetal Brain,ADHD,Wald ratio,1,0.662,0.696,1.938,0.342,NA,NA,NA,0.007775556
LOC93622,Fetal Brain,ADHD,Wald ratio,1,0.134,0.141,1.143,0.342,NA,NA,NA,0.007775556
WDR45L,Fetal Brain,ADHD,Wald ratio,1,-0.614,0.648,0.541,0.343,NA,NA,NA,0.010551896
TMEM132A,Fetal Brain,ADHD,Wald ratio,1,-0.133,0.14,0.876,0.343,NA,NA,NA,0.007451041
CHPF2,Fetal Brain,ADHD,Wald ratio,1,-0.658,0.694,0.518,0.343,NA,NA,NA,0.007448995
VSX2,Fetal Brain,ADHD,Wald ratio,1,0.925,0.976,2.522,0.343,NA,NA,NA,0.007369863
LGALS3,Fetal Brain,ADHD,Wald ratio,1,-0.061,0.065,0.94,0.343,NA,NA,NA,0.007369157
RDH8,Fetal Brain,ADHD,Wald ratio,1,-0.28,0.296,0.756,0.344,NA,NA,NA,0.007288714
PROKR2,Fetal Brain,ADHD,Wald ratio,1,-0.267,0.282,0.766,0.344,NA,NA,NA,0.007209395
PDE4D,Fetal Brain,ADHD,Wald ratio,1,-0.342,0.361,0.711,0.344,NA,NA,NA,0.010024154
TRIM62,Fetal Brain,ADHD,Wald ratio,1,-0.053,0.056,0.948,0.345,NA,NA,NA,0.008262037
CDH1,Fetal Brain,ADHD,Wald ratio,1,-1.165,1.234,0.312,0.345,NA,NA,NA,0.00826059
EGFLAM,Fetal Brain,ADHD,Wald ratio,1,0.331,0.351,1.392,0.346,NA,NA,NA,0.013444576
IGDCC3,Fetal Brain,ADHD,Wald ratio,1,-0.096,0.102,0.909,0.346,NA,NA,NA,0.00664626
FBXL7,Fetal Brain,ADHD,Wald ratio,1,0.629,0.669,1.875,0.347,NA,NA,NA,0.013924175
ZSWIM2,Fetal Brain,ADHD,Wald ratio,1,0.523,0.557,1.687,0.348,NA,NA,NA,0.011310865
GRIK3,Fetal Brain,ADHD,Wald ratio,1,0.323,0.345,1.382,0.348,NA,NA,NA,0.007377683
CD8B,Fetal Brain,ADHD,Wald ratio,1,-0.353,0.377,0.703,0.349,NA,NA,NA,0.018945232
VAV2,Fetal Brain,ADHD,Wald ratio,1,0.956,1.02,2.6,0.349,NA,NA,NA,0.01081984
TMEM225,Fetal Brain,ADHD,Wald ratio,1,0.63,0.674,1.877,0.35,NA,NA,NA,0.010597333
GSTA4,Fetal Brain,ADHD,Wald ratio,1,-0.486,0.52,0.615,0.35,NA,NA,NA,0.009241526
C7orf49,Fetal Brain,ADHD,Wald ratio,1,-0.158,0.17,0.854,0.351,NA,NA,NA,0.008998997
PRDM16,Fetal Brain,ADHD,Inverse variance weighted,4,-0.098,0.105,0.907,0.352,0.145629498,0.277737407,0.998842932,0.013408552
ZFP62,Fetal Brain,ADHD,Wald ratio,1,0.228,0.245,1.256,0.353,NA,NA,NA,0.008603472
GABRG3,Fetal Brain,ADHD,Inverse variance weighted,2,-0.269,0.29,0.764,0.353,NA,0.103656212,NA,0.040545173
C15orf23,Fetal Brain,ADHD,Wald ratio,1,1.706,1.838,5.504,0.354,NA,NA,NA,0.007368839
CHPT1,Fetal Brain,ADHD,Wald ratio,1,0.305,0.329,1.357,0.354,NA,NA,NA,0.00730702
FLJ16779,Fetal Brain,ADHD,Wald ratio,1,-0.144,0.156,0.866,0.355,NA,NA,NA,0.012129462
WFS1,Fetal Brain,ADHD,Wald ratio,1,0.454,0.491,1.575,0.355,NA,NA,NA,0.007144936
SMYD3,Fetal Brain,ADHD,Wald ratio,1,-0.043,0.047,0.958,0.355,NA,NA,NA,0.007145085
LOC391322,Fetal Brain,ADHD,Inverse variance weighted,2,-0.169,0.183,0.844,0.355,NA,0.227318844,NA,0.027388488
HPCAL4,Fetal Brain,ADHD,Wald ratio,1,0.173,0.187,1.189,0.356,NA,NA,NA,0.008848763
EEF1E1,Fetal Brain,ADHD,Wald ratio,1,-0.296,0.323,0.744,0.359,NA,NA,NA,0.008130302
EML3,Fetal Brain,ADHD,Wald ratio,1,0.036,0.04,1.037,0.359,NA,NA,NA,0.007237247
IFITM4P,Fetal Brain,ADHD,Wald ratio,1,-0.194,0.212,0.824,0.36,NA,NA,NA,0.007067637
MYRIP,Fetal Brain,ADHD,Wald ratio,1,0.406,0.444,1.501,0.36,NA,NA,NA,0.007075142
CN5H6.4,Fetal Brain,ADHD,Wald ratio,1,0.527,0.577,1.694,0.361,NA,NA,NA,0.010314637
TRMU,Fetal Brain,ADHD,Wald ratio,1,0.85,0.931,2.34,0.361,NA,NA,NA,0.010314637
KIAA1026,Fetal Brain,ADHD,Wald ratio,1,-0.753,0.825,0.471,0.362,NA,NA,NA,0.00935204
ARL5B,Fetal Brain,ADHD,Wald ratio,1,1.44,1.579,4.222,0.362,NA,NA,NA,0.019241455
LEPREL1,Fetal Brain,ADHD,Wald ratio,1,-0.251,0.276,0.778,0.363,NA,NA,NA,0.013269177
PRKG1,Fetal Brain,ADHD,Inverse variance weighted,2,-0.114,0.126,0.892,0.364,NA,0.538103919,NA,0.007169121
MPHOSPH6,Fetal Brain,ADHD,Wald ratio,1,-0.488,0.538,0.614,0.364,NA,NA,NA,0.007251324
PPP1R3A,Fetal Brain,ADHD,Wald ratio,1,0.505,0.558,1.658,0.365,NA,NA,NA,0.017880199
TSPO,Fetal Brain,ADHD,Wald ratio,1,0.276,0.305,1.318,0.365,NA,NA,NA,0.007900087
DCHS2,Fetal Brain,ADHD,Wald ratio,1,-0.967,1.069,0.38,0.366,NA,NA,NA,0.010108998
SP110,Fetal Brain,ADHD,Wald ratio,1,-0.146,0.161,0.864,0.366,NA,NA,NA,0.007009324
SCARF2,Fetal Brain,ADHD,Wald ratio,1,-0.169,0.187,0.845,0.366,NA,NA,NA,0.007746591
TAF3,Fetal Brain,ADHD,Wald ratio,1,-0.252,0.279,0.777,0.366,NA,NA,NA,0.007007492
F2R,Fetal Brain,ADHD,Wald ratio,1,-0.161,0.179,0.851,0.366,NA,NA,NA,0.006933069
HEY2,Fetal Brain,ADHD,Wald ratio,1,-0.308,0.341,0.735,0.367,NA,NA,NA,0.006926772
RNF39,Fetal Brain,ADHD,Wald ratio,1,-0.217,0.24,0.805,0.367,NA,NA,NA,0.017906807
NCRNA00171,Fetal Brain,ADHD,Wald ratio,1,-0.259,0.287,0.772,0.367,NA,NA,NA,0.017907155
HLA-L,Fetal Brain,ADHD,Wald ratio,1,-0.3,0.332,0.741,0.367,NA,NA,NA,0.01790738
HM13,Fetal Brain,ADHD,Wald ratio,1,-0.579,0.642,0.56,0.367,NA,NA,NA,0.008998382
C4orf19,Fetal Brain,ADHD,Wald ratio,1,-1.322,1.466,0.267,0.367,NA,NA,NA,0.009045454
TMEM17,Fetal Brain,ADHD,Wald ratio,1,-0.243,0.269,0.784,0.368,NA,NA,NA,0.007504896
UGT2B15,Fetal Brain,ADHD,Wald ratio,1,-0.065,0.072,0.937,0.369,NA,NA,NA,0.007343753
MAPK8,Fetal Brain,ADHD,Wald ratio,1,-0.136,0.152,0.873,0.371,NA,NA,NA,0.007026537
C20orf94,Fetal Brain,ADHD,Wald ratio,1,0.363,0.407,1.438,0.372,NA,NA,NA,0.006940882
MMP25,Fetal Brain,ADHD,Wald ratio,1,1.992,2.239,7.329,0.374,NA,NA,NA,0.008009524
CARKD,Fetal Brain,ADHD,Wald ratio,1,0.304,0.342,1.355,0.374,NA,NA,NA,0.00785526
FGF1,Fetal Brain,ADHD,Wald ratio,1,-0.505,0.568,0.604,0.374,NA,NA,NA,0.008505784
CLCN7,Fetal Brain,ADHD,Wald ratio,1,0.216,0.244,1.242,0.375,NA,NA,NA,0.007200164
DSTYK,Fetal Brain,ADHD,Wald ratio,1,-0.187,0.211,0.829,0.375,NA,NA,NA,0.007120847
LRFN2,Fetal Brain,ADHD,Wald ratio,1,-0.201,0.227,0.818,0.375,NA,NA,NA,0.007116953
TLR10,Fetal Brain,ADHD,Wald ratio,1,-0.41,0.463,0.664,0.376,NA,NA,NA,0.008251209
TTC12,Fetal Brain,ADHD,Wald ratio,1,-0.125,0.141,0.883,0.376,NA,NA,NA,0.006962169
LACTB2,Fetal Brain,ADHD,Wald ratio,1,0.747,0.846,2.111,0.377,NA,NA,NA,0.009329863
PPPDE1,Fetal Brain,ADHD,Wald ratio,1,-0.238,0.27,0.788,0.378,NA,NA,NA,0.007949712
ADAMTS2,Fetal Brain,ADHD,Wald ratio,1,0.099,0.112,1.104,0.379,NA,NA,NA,0.007870889
UBXN11,Fetal Brain,ADHD,Wald ratio,1,0.469,0.534,1.598,0.38,NA,NA,NA,0.019620747
SEC14L1,Fetal Brain,ADHD,Wald ratio,1,0.895,1.023,2.448,0.381,NA,NA,NA,0.0086639
C21orf130,Fetal Brain,ADHD,Wald ratio,1,-0.277,0.316,0.758,0.382,NA,NA,NA,0.006898478
KIF17,Fetal Brain,ADHD,Wald ratio,1,0.405,0.463,1.499,0.382,NA,NA,NA,0.007470394
CCDC141,Fetal Brain,ADHD,Wald ratio,1,-0.219,0.25,0.804,0.382,NA,NA,NA,0.007470394
NOTCH4,Fetal Brain,ADHD,Wald ratio,1,0.325,0.371,1.383,0.382,NA,NA,NA,0.007466196
NOD2,Fetal Brain,ADHD,Wald ratio,1,-0.275,0.315,0.76,0.383,NA,NA,NA,0.006818213
UCHL3,Fetal Brain,ADHD,Wald ratio,1,-0.158,0.181,0.854,0.383,NA,NA,NA,0.007390263
PLXDC1,Fetal Brain,ADHD,Wald ratio,1,0.164,0.188,1.179,0.383,NA,NA,NA,0.007961344
TSHR,Fetal Brain,ADHD,Wald ratio,1,0.327,0.375,1.386,0.384,NA,NA,NA,0.010083345
OTUB2,Fetal Brain,ADHD,Wald ratio,1,0.406,0.466,1.5,0.384,NA,NA,NA,0.008376741
ADARB2,Fetal Brain,ADHD,Weighted median,4,-0.051,0.059,0.95,0.385,0.610269074,0.741590758,0.660830922,0.005251539
CCT2,Fetal Brain,ADHD,Wald ratio,1,-0.411,0.474,0.663,0.385,NA,NA,NA,0.007153657
LMNB2,Fetal Brain,ADHD,Wald ratio,1,-0.283,0.326,0.754,0.386,NA,NA,NA,0.009751937
IFT140,Fetal Brain,ADHD,Wald ratio,1,-1.011,1.167,0.364,0.386,NA,NA,NA,0.01482138
ATP11A,Fetal Brain,ADHD,Inverse variance weighted,3,0.234,0.27,1.263,0.386,0.91538544,0.513369739,0.455688794,0.013219954
GFRAL,Fetal Brain,ADHD,Wald ratio,1,0.186,0.215,1.204,0.388,NA,NA,NA,0.00790507
TRIB2,Fetal Brain,ADHD,Wald ratio,1,-0.523,0.607,0.593,0.389,NA,NA,NA,0.009765166
PIWIL1,Fetal Brain,ADHD,Wald ratio,1,0.2,0.232,1.221,0.39,NA,NA,NA,0.015162848
MIF4GD,Fetal Brain,ADHD,Wald ratio,1,2.413,2.807,11.173,0.39,NA,NA,NA,0.010196759
STK17A,Fetal Brain,ADHD,Wald ratio,1,-0.219,0.255,0.804,0.391,NA,NA,NA,0.008080212
BLVRA,Fetal Brain,ADHD,Wald ratio,1,-0.423,0.493,0.655,0.391,NA,NA,NA,0.008069988
ADAMTS7,Fetal Brain,ADHD,Wald ratio,1,-0.172,0.201,0.842,0.392,NA,NA,NA,0.007918773
MANSC1,Fetal Brain,ADHD,Wald ratio,1,0.321,0.375,1.379,0.392,NA,NA,NA,0.009886147
C2orf63,Fetal Brain,ADHD,Wald ratio,1,-0.246,0.288,0.782,0.393,NA,NA,NA,0.008254597
WDR33,Fetal Brain,ADHD,Wald ratio,1,-0.2,0.234,0.819,0.394,NA,NA,NA,0.00677431
LOC100286948,Fetal Brain,ADHD,Wald ratio,1,-0.602,0.708,0.548,0.395,NA,NA,NA,0.00760281
TMEM107,Fetal Brain,ADHD,Wald ratio,1,0.287,0.338,1.333,0.396,NA,NA,NA,0.007106901
ANK1,Fetal Brain,ADHD,Wald ratio,1,0.246,0.29,1.279,0.396,NA,NA,NA,0.008015937
GFPT2,Fetal Brain,ADHD,Wald ratio,1,0.029,0.034,1.029,0.396,NA,NA,NA,0.007032777
ST6GAL1,Fetal Brain,ADHD,Wald ratio,1,-0.082,0.096,0.922,0.396,NA,NA,NA,0.007032777
CD58,Fetal Brain,ADHD,Wald ratio,1,0.289,0.342,1.336,0.397,NA,NA,NA,0.01064536
MLF1IP,Fetal Brain,ADHD,Wald ratio,1,0.08,0.094,1.083,0.397,NA,NA,NA,0.010155919
C22orf15,Fetal Brain,ADHD,Wald ratio,1,0.265,0.313,1.303,0.398,NA,NA,NA,0.010413424
OSMR,Fetal Brain,ADHD,Wald ratio,1,-0.166,0.196,0.847,0.399,NA,NA,NA,0.007703801
CCNT1,Fetal Brain,ADHD,Wald ratio,1,-0.79,0.937,0.454,0.399,NA,NA,NA,0.00720995
TTYH3,Fetal Brain,ADHD,Wald ratio,1,2.063,2.447,7.869,0.399,NA,NA,NA,0.009430405
ZDHHC14,Fetal Brain,ADHD,MR Egger,3,-0.257,0.186,0.774,0.399,0.880908177,0.502041378,0.451752112,0.009463076
AGPAT4,Fetal Brain,ADHD,Wald ratio,1,-0.292,0.346,0.747,0.4,NA,NA,NA,0.014129419
EVC2,Fetal Brain,ADHD,Wald ratio,1,0.669,0.795,1.953,0.4,NA,NA,NA,0.007130685
ACOX3,Fetal Brain,ADHD,Wald ratio,1,0.239,0.283,1.269,0.4,NA,NA,NA,0.006711838
ZNF774,Fetal Brain,ADHD,Wald ratio,1,-0.189,0.225,0.827,0.4,NA,NA,NA,0.007544789
CXCL5,Fetal Brain,ADHD,Wald ratio,1,-0.212,0.252,0.809,0.4,NA,NA,NA,0.009690503
A4GALT,Fetal Brain,ADHD,Wald ratio,1,-0.261,0.311,0.77,0.401,NA,NA,NA,0.007052739
RRP1,Fetal Brain,ADHD,Wald ratio,1,0.715,0.852,2.045,0.401,NA,NA,NA,0.007882862
HSF2BP,Fetal Brain,ADHD,Wald ratio,1,-0.464,0.556,0.629,0.404,NA,NA,NA,0.015345894
TMEM212,Fetal Brain,ADHD,Wald ratio,1,-0.174,0.209,0.84,0.406,NA,NA,NA,0.007481764
PDE11A,Fetal Brain,ADHD,Wald ratio,1,-0.075,0.09,0.928,0.406,NA,NA,NA,0.007486125
TEKT2,Fetal Brain,ADHD,Inverse variance weighted,2,-0.562,0.675,0.57,0.406,NA,0.07071494,NA,0.094264023
MSMB,Fetal Brain,ADHD,Wald ratio,1,-0.312,0.375,0.732,0.406,NA,NA,NA,0.010707767
CDA,Fetal Brain,ADHD,Wald ratio,1,0.127,0.154,1.136,0.407,NA,NA,NA,0.006989394
ANO1,Fetal Brain,ADHD,Wald ratio,1,0.169,0.204,1.184,0.408,NA,NA,NA,0.007664416
ANKRD55,Fetal Brain,ADHD,Wald ratio,1,-0.151,0.183,0.86,0.41,NA,NA,NA,0.006753977
LOC151174,Fetal Brain,ADHD,Wald ratio,1,0.469,0.571,1.599,0.411,NA,NA,NA,0.006663062
MTPAP,Fetal Brain,ADHD,Wald ratio,1,0.81,0.984,2.248,0.411,NA,NA,NA,0.014622742
HPCA,Fetal Brain,ADHD,Wald ratio,1,-0.212,0.257,0.809,0.411,NA,NA,NA,0.011226101
PAQR6,Fetal Brain,ADHD,Wald ratio,1,0.082,0.1,1.085,0.412,NA,NA,NA,0.006597776
GPR111,Fetal Brain,ADHD,Wald ratio,1,0.143,0.175,1.154,0.412,NA,NA,NA,0.006933002
KAT2B,Fetal Brain,ADHD,Wald ratio,1,0.194,0.237,1.214,0.413,NA,NA,NA,0.033391243
TECPR2,Fetal Brain,ADHD,Wald ratio,1,-0.223,0.272,0.8,0.413,NA,NA,NA,0.006857897
CEPT1,Fetal Brain,ADHD,Wald ratio,1,0.501,0.613,1.65,0.414,NA,NA,NA,0.007191301
HLA-F,Fetal Brain,ADHD,Inverse variance weighted,2,-0.056,0.069,0.945,0.414,NA,0.469437263,NA,0.007079673
CISD1,Fetal Brain,ADHD,Wald ratio,1,-0.926,1.135,0.396,0.415,NA,NA,NA,0.010431686
PLEKHH2,Fetal Brain,ADHD,Wald ratio,1,0.525,0.644,1.691,0.415,NA,NA,NA,0.008952352
TMEM131,Fetal Brain,ADHD,Wald ratio,1,0.197,0.242,1.218,0.415,NA,NA,NA,0.007441305
TFAM,Fetal Brain,ADHD,Wald ratio,1,2.118,2.602,8.313,0.416,NA,NA,NA,0.007786904
PCSK6,Fetal Brain,ADHD,Wald ratio,1,0.321,0.395,1.379,0.416,NA,NA,NA,0.007033891
LMOD3,Fetal Brain,ADHD,Wald ratio,1,-0.318,0.391,0.728,0.417,NA,NA,NA,0.009127706
DBX1,Fetal Brain,ADHD,Wald ratio,1,0.655,0.807,1.926,0.417,NA,NA,NA,0.017509678
DHCR7,Fetal Brain,ADHD,Wald ratio,1,0.965,1.189,2.624,0.417,NA,NA,NA,0.013328705
TBPL1,Fetal Brain,ADHD,Wald ratio,1,-0.453,0.559,0.636,0.418,NA,NA,NA,0.011863741
ANKRD57,Fetal Brain,ADHD,Wald ratio,1,-0.22,0.272,0.803,0.419,NA,NA,NA,0.008971337
IVNS1ABP,Fetal Brain,ADHD,Wald ratio,1,0.431,0.533,1.539,0.419,NA,NA,NA,0.012765471
FOXK1,Fetal Brain,ADHD,Wald ratio,1,0.194,0.24,1.214,0.419,NA,NA,NA,0.006801854
TGM6,Fetal Brain,ADHD,Wald ratio,1,-0.401,0.497,0.67,0.42,NA,NA,NA,0.007473327
MSC,Fetal Brain,ADHD,Wald ratio,1,-0.177,0.219,0.838,0.42,NA,NA,NA,0.006385417
KCNN3,Fetal Brain,ADHD,Wald ratio,1,-0.117,0.145,0.89,0.421,NA,NA,NA,0.006643547
NUP107,Fetal Brain,ADHD,Wald ratio,1,-0.464,0.578,0.629,0.423,NA,NA,NA,0.006878965
PLD1,Fetal Brain,ADHD,Wald ratio,1,-0.101,0.126,0.904,0.424,NA,NA,NA,0.00682571
ADAM3A,Fetal Brain,ADHD,Wald ratio,1,-0.082,0.102,0.922,0.424,NA,NA,NA,0.006486279
PSMD13,Fetal Brain,ADHD,Wald ratio,1,-0.097,0.121,0.908,0.425,NA,NA,NA,0.007421801
DLGAP2,Fetal Brain,ADHD,Wald ratio,1,-0.182,0.228,0.834,0.425,NA,NA,NA,0.006409474
KARS,Fetal Brain,ADHD,Wald ratio,1,-0.381,0.478,0.683,0.425,NA,NA,NA,0.015198326
ADCY9,Fetal Brain,ADHD,Wald ratio,1,0.047,0.059,1.048,0.425,NA,NA,NA,0.008017549
INPP5B,Fetal Brain,ADHD,Wald ratio,1,-0.409,0.514,0.664,0.426,NA,NA,NA,0.006667802
VPS37C,Fetal Brain,ADHD,Wald ratio,1,0.088,0.111,1.092,0.426,NA,NA,NA,0.006328687
SLC12A2,Fetal Brain,ADHD,Inverse variance weighted,2,0.154,0.194,1.166,0.427,NA,0.837912849,NA,0.017321298
HAUS1,Fetal Brain,ADHD,Wald ratio,1,-0.628,0.793,0.534,0.428,NA,NA,NA,0.01507347
LOC116437,Fetal Brain,ADHD,Wald ratio,1,0.299,0.378,1.348,0.429,NA,NA,NA,0.006510923
SPTY2D1,Fetal Brain,ADHD,Wald ratio,1,-0.585,0.742,0.557,0.431,NA,NA,NA,0.007028507
GINS4,Fetal Brain,ADHD,Wald ratio,1,-0.995,1.263,0.37,0.431,NA,NA,NA,0.008888405
C7orf72,Fetal Brain,ADHD,Wald ratio,1,-0.144,0.184,0.866,0.431,NA,NA,NA,0.006953905
LANCL2,Fetal Brain,ADHD,Wald ratio,1,0.086,0.109,1.09,0.432,NA,NA,NA,0.006615103
EVX1,Fetal Brain,ADHD,Wald ratio,1,0.253,0.322,1.287,0.432,NA,NA,NA,0.011496529
TMEM106B,Fetal Brain,ADHD,Wald ratio,1,-0.351,0.448,0.704,0.433,NA,NA,NA,0.006275208
ZSCAN16,Fetal Brain,ADHD,Wald ratio,1,-0.5,0.638,0.606,0.433,NA,NA,NA,0.007469704
ZNF389,Fetal Brain,ADHD,Wald ratio,1,-0.094,0.12,0.91,0.433,NA,NA,NA,0.007471669
SENP7,Fetal Brain,ADHD,Wald ratio,1,-1.414,1.809,0.243,0.434,NA,NA,NA,0.006763823
RG9MTD1,Fetal Brain,ADHD,Wald ratio,1,0.11,0.141,1.117,0.434,NA,NA,NA,0.006795905
ZNF260,Fetal Brain,ADHD,Inverse variance weighted,2,1.11,1.421,3.036,0.435,NA,0.756721499,NA,0.006366055
LARP4B,Fetal Brain,ADHD,Wald ratio,1,0.359,0.46,1.432,0.435,NA,NA,NA,0.008247406
ZNF529,Fetal Brain,ADHD,Inverse variance weighted,2,-0.145,0.186,0.865,0.435,NA,0.755072047,NA,0.006366057
STX4,Fetal Brain,ADHD,Wald ratio,1,-1.602,2.058,0.202,0.436,NA,NA,NA,0.007202931
C14orf23,Fetal Brain,ADHD,Wald ratio,1,-0.7,0.899,0.497,0.437,NA,NA,NA,0.008427331
MIR1276,Fetal Brain,ADHD,Wald ratio,1,0.445,0.574,1.56,0.438,NA,NA,NA,0.028548517
TNS3,Fetal Brain,ADHD,Wald ratio,1,-0.289,0.373,0.749,0.439,NA,NA,NA,0.007677481
TJP2,Fetal Brain,ADHD,Wald ratio,1,1.793,2.318,6.005,0.439,NA,NA,NA,0.007076204
NKAIN3,Fetal Brain,ADHD,Wald ratio,1,0.216,0.28,1.241,0.44,NA,NA,NA,0.006484128
SEMA3A,Fetal Brain,ADHD,Wald ratio,1,-0.308,0.398,0.735,0.44,NA,NA,NA,0.013318595
SNX19,Fetal Brain,ADHD,Wald ratio,1,-0.103,0.134,0.902,0.442,NA,NA,NA,0.00633127
HOXB13,Fetal Brain,ADHD,Wald ratio,1,0.287,0.373,1.332,0.443,NA,NA,NA,0.009146181
GRINA,Fetal Brain,ADHD,Wald ratio,1,-0.171,0.223,0.843,0.443,NA,NA,NA,0.006590149
PLEC1,Fetal Brain,ADHD,Wald ratio,1,0.153,0.199,1.165,0.443,NA,NA,NA,0.006584493
FLJ39582,Fetal Brain,ADHD,Wald ratio,1,0.361,0.473,1.435,0.444,NA,NA,NA,0.008996545
MGAT1,Fetal Brain,ADHD,Wald ratio,1,0.352,0.461,1.422,0.445,NA,NA,NA,0.018034583
RNH1,Fetal Brain,ADHD,Wald ratio,1,-0.157,0.206,0.854,0.446,NA,NA,NA,0.006954642
C10orf82,Fetal Brain,ADHD,Wald ratio,1,-0.102,0.134,0.903,0.449,NA,NA,NA,0.006540397
CCDC144NL,Fetal Brain,ADHD,Wald ratio,1,-0.163,0.215,0.85,0.449,NA,NA,NA,0.006276992
LSR,Fetal Brain,ADHD,Wald ratio,1,0.985,1.3,2.677,0.449,NA,NA,NA,0.006717029
MUCL1,Fetal Brain,ADHD,Wald ratio,1,0.11,0.145,1.116,0.45,NA,NA,NA,0.007243316
ABAT,Fetal Brain,ADHD,Wald ratio,1,-0.575,0.762,0.563,0.45,NA,NA,NA,0.013245434
CDH7,Fetal Brain,ADHD,Wald ratio,1,-0.249,0.329,0.78,0.45,NA,NA,NA,0.006721732
ARPC4,Fetal Brain,ADHD,Wald ratio,1,-0.234,0.311,0.791,0.451,NA,NA,NA,0.008016576
GJB6,Fetal Brain,ADHD,Wald ratio,1,-0.207,0.275,0.813,0.451,NA,NA,NA,0.008784251
SNX1,Fetal Brain,ADHD,Wald ratio,1,0.141,0.187,1.151,0.452,NA,NA,NA,0.008973778
MMADHC,Fetal Brain,ADHD,Wald ratio,1,0.202,0.27,1.224,0.454,NA,NA,NA,0.011126054
AKR1CL1,Fetal Brain,ADHD,Wald ratio,1,0.165,0.22,1.179,0.455,NA,NA,NA,0.006219223
FLJ22536,Fetal Brain,ADHD,Wald ratio,1,0.132,0.177,1.141,0.455,NA,NA,NA,0.006227887
VWDE,Fetal Brain,ADHD,Wald ratio,1,0.119,0.16,1.127,0.456,NA,NA,NA,0.007709883
SYNJ2,Fetal Brain,ADHD,Wald ratio,1,-0.143,0.193,0.866,0.457,NA,NA,NA,0.006405158
BRD3,Fetal Brain,ADHD,Wald ratio,1,0.457,0.616,1.58,0.458,NA,NA,NA,0.006855817
GGTA1,Fetal Brain,ADHD,Wald ratio,1,0.493,0.664,1.637,0.458,NA,NA,NA,0.006595323
POLN,Fetal Brain,ADHD,Wald ratio,1,0.277,0.373,1.319,0.458,NA,NA,NA,0.016371345
DHRS7,Fetal Brain,ADHD,Wald ratio,1,0.319,0.431,1.376,0.459,NA,NA,NA,0.008512764
WDR1,Fetal Brain,ADHD,Wald ratio,1,-0.041,0.055,0.96,0.461,NA,NA,NA,0.006701717
SLC35B3,Fetal Brain,ADHD,Wald ratio,1,-0.284,0.385,0.753,0.461,NA,NA,NA,0.007921158
CARS,Fetal Brain,ADHD,Wald ratio,1,0.506,0.686,1.658,0.461,NA,NA,NA,0.006184323
ESYT3,Fetal Brain,ADHD,Wald ratio,1,0.209,0.285,1.233,0.462,NA,NA,NA,0.013339356
ADAM17,Fetal Brain,ADHD,Wald ratio,1,0.353,0.481,1.423,0.462,NA,NA,NA,0.00758479
PQLC2,Fetal Brain,ADHD,Wald ratio,1,-0.633,0.864,0.531,0.464,NA,NA,NA,0.006549895
MRPS10,Fetal Brain,ADHD,Wald ratio,1,0.224,0.306,1.251,0.464,NA,NA,NA,0.007252403
ASCL1,Fetal Brain,ADHD,Wald ratio,1,-0.152,0.207,0.859,0.465,NA,NA,NA,0.006286365
TOP2B,Fetal Brain,ADHD,Wald ratio,1,-0.82,1.121,0.44,0.465,NA,NA,NA,0.006990808
SOX2OT,Fetal Brain,ADHD,Wald ratio,1,-1.606,2.197,0.201,0.465,NA,NA,NA,0.010968845
C14orf182,Fetal Brain,ADHD,Wald ratio,1,0.219,0.299,1.245,0.465,NA,NA,NA,0.007690969
FCRLA,Fetal Brain,ADHD,Wald ratio,1,0.152,0.208,1.164,0.465,NA,NA,NA,0.006026898
SERPINH1,Fetal Brain,ADHD,Wald ratio,1,0.153,0.211,1.166,0.466,NA,NA,NA,0.006656037
BCL3,Fetal Brain,ADHD,Wald ratio,1,-0.425,0.583,0.654,0.466,NA,NA,NA,0.006653851
ABCD3,Fetal Brain,ADHD,Wald ratio,1,0.388,0.533,1.474,0.466,NA,NA,NA,0.011751257
NUDT19,Fetal Brain,ADHD,Inverse variance weighted,2,-0.277,0.381,0.758,0.467,NA,0.381442967,NA,0.009928881
GIMAP1,Fetal Brain,ADHD,Wald ratio,1,0.23,0.317,1.259,0.468,NA,NA,NA,0.006128509
NCAPD2,Fetal Brain,ADHD,Wald ratio,1,-0.095,0.13,0.91,0.468,NA,NA,NA,0.006579806
BBS4,Fetal Brain,ADHD,Wald ratio,1,0.436,0.601,1.546,0.468,NA,NA,NA,0.006550112
FAM160B1,Fetal Brain,ADHD,Wald ratio,1,-0.112,0.155,0.894,0.47,NA,NA,NA,0.006057045
APOL6,Fetal Brain,ADHD,Wald ratio,1,0.169,0.234,1.184,0.47,NA,NA,NA,0.006244183
PRKCZ,Fetal Brain,ADHD,Wald ratio,1,0.091,0.126,1.095,0.471,NA,NA,NA,0.008267316
CLPTM1,Fetal Brain,ADHD,Wald ratio,1,-0.193,0.268,0.824,0.472,NA,NA,NA,0.006868773
LRRC8B,Fetal Brain,ADHD,Wald ratio,1,0.063,0.088,1.065,0.472,NA,NA,NA,0.006610217
LUZP2,Fetal Brain,ADHD,Inverse variance weighted,2,-0.234,0.326,0.791,0.473,NA,0.475968423,NA,0.00692677
C11orf41,Fetal Brain,ADHD,Wald ratio,1,-0.173,0.241,0.841,0.473,NA,NA,NA,0.006792841
AKAP12,Fetal Brain,ADHD,Wald ratio,1,0.215,0.3,1.24,0.474,NA,NA,NA,0.007218039
RNF186,Fetal Brain,ADHD,Wald ratio,1,-0.237,0.332,0.789,0.474,NA,NA,NA,0.006086451
FAM115A,Fetal Brain,ADHD,Wald ratio,1,-0.265,0.371,0.767,0.474,NA,NA,NA,0.006975341
HK2,Fetal Brain,ADHD,Wald ratio,1,-0.228,0.319,0.796,0.475,NA,NA,NA,0.006716953
IRF2BP1,Fetal Brain,ADHD,Wald ratio,1,0.329,0.461,1.39,0.475,NA,NA,NA,0.013689739
NDUFS5,Fetal Brain,ADHD,Wald ratio,1,-1.176,1.65,0.309,0.476,NA,NA,NA,0.009721402
TMEM190,Fetal Brain,ADHD,Wald ratio,1,-0.144,0.203,0.866,0.477,NA,NA,NA,0.006198195
ZBTB40,Fetal Brain,ADHD,Wald ratio,1,-0.153,0.215,0.859,0.478,NA,NA,NA,0.006822806
MGC16384,Fetal Brain,ADHD,Wald ratio,1,0.199,0.281,1.22,0.48,NA,NA,NA,0.006302101
DUSP3,Fetal Brain,ADHD,Wald ratio,1,-0.292,0.414,0.747,0.48,NA,NA,NA,0.011594889
GCC2,Fetal Brain,ADHD,Wald ratio,1,0.168,0.238,1.183,0.48,NA,NA,NA,0.006045186
LOC286238,Fetal Brain,ADHD,Wald ratio,1,0.137,0.195,1.147,0.481,NA,NA,NA,0.007921556
ADORA1,Fetal Brain,ADHD,Wald ratio,1,-0.234,0.333,0.791,0.482,NA,NA,NA,0.007038226
NUFIP2,Fetal Brain,ADHD,Wald ratio,1,-0.666,0.948,0.514,0.482,NA,NA,NA,0.009333518
ASTN2,Fetal Brain,ADHD,Inverse variance weighted,2,-0.069,0.099,0.933,0.482,NA,0.902034266,NA,0.015158631
CACNA1A,Fetal Brain,ADHD,Wald ratio,1,0.383,0.545,1.466,0.483,NA,NA,NA,0.010749141
POLS,Fetal Brain,ADHD,Wald ratio,1,-0.493,0.704,0.611,0.483,NA,NA,NA,0.006153358
ALS2CL,Fetal Brain,ADHD,Wald ratio,1,-0.952,1.362,0.386,0.485,NA,NA,NA,0.011839962
PRRT3,Fetal Brain,ADHD,Wald ratio,1,0.414,0.595,1.513,0.486,NA,NA,NA,0.012732581
LTBP2,Fetal Brain,ADHD,Wald ratio,1,0.214,0.308,1.239,0.487,NA,NA,NA,0.005999368
KIF1B,Fetal Brain,ADHD,Wald ratio,1,0.419,0.605,1.521,0.489,NA,NA,NA,0.012930678
ESD,Fetal Brain,ADHD,Wald ratio,1,-0.188,0.272,0.829,0.489,NA,NA,NA,0.005924808
MTHFR,Fetal Brain,ADHD,Wald ratio,1,-0.078,0.113,0.925,0.49,NA,NA,NA,0.006107333
AFAP1,Fetal Brain,ADHD,Wald ratio,1,-0.9,1.306,0.406,0.49,NA,NA,NA,0.006290695
CAMK4,Fetal Brain,ADHD,Wald ratio,1,0.257,0.373,1.293,0.491,NA,NA,NA,0.007642879
CPEB2,Fetal Brain,ADHD,Wald ratio,1,0.573,0.832,1.773,0.491,NA,NA,NA,0.005663982
PAMR1,Fetal Brain,ADHD,Wald ratio,1,0.073,0.106,1.076,0.491,NA,NA,NA,0.006658377
OR7D2,Fetal Brain,ADHD,Wald ratio,1,0.153,0.223,1.166,0.492,NA,NA,NA,0.007026662
PARK2,Fetal Brain,ADHD,Inverse variance weighted,2,0.092,0.133,1.096,0.492,NA,0.193116969,NA,0.005446583
ABLIM2,Fetal Brain,ADHD,Wald ratio,1,-0.219,0.32,0.803,0.493,NA,NA,NA,0.006766871
TTLL7,Fetal Brain,ADHD,Wald ratio,1,-0.293,0.428,0.746,0.494,NA,NA,NA,0.006114872
DNAJB4,Fetal Brain,ADHD,Wald ratio,1,-0.232,0.342,0.793,0.497,NA,NA,NA,0.006802119
SYK,Fetal Brain,ADHD,Wald ratio,1,-0.517,0.764,0.596,0.498,NA,NA,NA,0.005806197
ZP2,Fetal Brain,ADHD,Wald ratio,1,-0.3,0.443,0.741,0.498,NA,NA,NA,0.005990811
ABCC4,Fetal Brain,ADHD,Wald ratio,1,0.113,0.167,1.119,0.498,NA,NA,NA,0.005989869
KYNU,Fetal Brain,ADHD,Wald ratio,1,-0.209,0.308,0.812,0.499,NA,NA,NA,0.008806737
ERGIC1,Fetal Brain,ADHD,Wald ratio,1,-0.2,0.296,0.818,0.499,NA,NA,NA,0.006727278
ELSPBP1,Fetal Brain,ADHD,Wald ratio,1,-0.278,0.412,0.757,0.499,NA,NA,NA,0.021343887
SLC2A1,Fetal Brain,ADHD,Wald ratio,1,0.573,0.85,1.773,0.5,NA,NA,NA,0.00591523
C8orf73,Fetal Brain,ADHD,Wald ratio,1,0.49,0.728,1.633,0.501,NA,NA,NA,0.00682296
KIAA1409,Fetal Brain,ADHD,Wald ratio,1,-0.399,0.594,0.671,0.502,NA,NA,NA,0.011442863
RIMS1,Fetal Brain,ADHD,Wald ratio,1,-0.456,0.68,0.634,0.503,NA,NA,NA,0.006023534
ADHFE1,Fetal Brain,ADHD,Wald ratio,1,0.908,1.358,2.48,0.504,NA,NA,NA,0.008949478
KCNMA1,Fetal Brain,ADHD,Weighted median,3,0.074,0.11,1.076,0.504,0.581862658,0.744413028,0.686860391,0.012547097
DHX37,Fetal Brain,ADHD,Wald ratio,1,0.08,0.119,1.083,0.505,NA,NA,NA,0.006502734
TLE2,Fetal Brain,ADHD,Wald ratio,1,0.158,0.237,1.171,0.505,NA,NA,NA,0.006318302
ZBTB46,Fetal Brain,ADHD,Wald ratio,1,0.127,0.19,1.135,0.505,NA,NA,NA,0.00613354
AP1S3,Fetal Brain,ADHD,Wald ratio,1,0.538,0.808,1.713,0.505,NA,NA,NA,0.005949088
C13orf33,Fetal Brain,ADHD,Wald ratio,1,-0.179,0.27,0.836,0.506,NA,NA,NA,0.008806432
PI4K2A,Fetal Brain,ADHD,Wald ratio,1,0.269,0.405,1.308,0.507,NA,NA,NA,0.006976209
EVPL,Fetal Brain,ADHD,Wald ratio,1,0.076,0.115,1.079,0.507,NA,NA,NA,0.006057609
GMEB2,Fetal Brain,ADHD,Wald ratio,1,0.273,0.413,1.314,0.509,NA,NA,NA,0.006903102
SLC41A1,Fetal Brain,ADHD,Wald ratio,1,0.688,1.044,1.991,0.51,NA,NA,NA,0.005798654
PM20D1,Fetal Brain,ADHD,Wald ratio,1,0.027,0.041,1.027,0.51,NA,NA,NA,0.005798654
NOL10,Fetal Brain,ADHD,Wald ratio,1,0.161,0.245,1.175,0.511,NA,NA,NA,0.00646194
DOPEY1,Fetal Brain,ADHD,Wald ratio,1,-0.913,1.39,0.401,0.511,NA,NA,NA,0.008217146
FREM1,Fetal Brain,ADHD,Wald ratio,1,0.462,0.705,1.588,0.512,NA,NA,NA,0.005902463
MTIF3,Fetal Brain,ADHD,Wald ratio,1,0.052,0.079,1.053,0.512,NA,NA,NA,0.005724691
TACC2,Fetal Brain,ADHD,Wald ratio,1,-0.135,0.207,0.873,0.514,NA,NA,NA,0.008434287
DBC1,Fetal Brain,ADHD,Wald ratio,1,-0.183,0.281,0.833,0.515,NA,NA,NA,0.008070782
WDR51A,Fetal Brain,ADHD,Wald ratio,1,-0.27,0.415,0.764,0.515,NA,NA,NA,0.014638878
DNAH17,Fetal Brain,ADHD,Wald ratio,1,0.189,0.292,1.208,0.518,NA,NA,NA,0.007264147
SERPINB5,Fetal Brain,ADHD,Wald ratio,1,0.135,0.21,1.145,0.518,NA,NA,NA,0.00605226
HCN4,Fetal Brain,ADHD,Wald ratio,1,1.208,1.869,3.347,0.518,NA,NA,NA,0.012940361
MYOM3,Fetal Brain,ADHD,Wald ratio,1,0.224,0.346,1.251,0.518,NA,NA,NA,0.005867729
KRT27,Fetal Brain,ADHD,Wald ratio,1,0.083,0.129,1.087,0.519,NA,NA,NA,0.007373291
CHCHD2,Fetal Brain,ADHD,Wald ratio,1,0.796,1.237,2.216,0.52,NA,NA,NA,0.007005658
NOP56,Fetal Brain,ADHD,Wald ratio,1,0.162,0.252,1.176,0.521,NA,NA,NA,0.006821668
NID1,Fetal Brain,ADHD,Wald ratio,1,0.178,0.278,1.195,0.521,NA,NA,NA,0.005794925
ABHD10,Fetal Brain,ADHD,Wald ratio,1,-0.198,0.309,0.82,0.521,NA,NA,NA,0.007299318
TRIM39,Fetal Brain,ADHD,Wald ratio,1,0.535,0.835,1.708,0.522,NA,NA,NA,0.01074113
AQP11,Fetal Brain,ADHD,Wald ratio,1,1.458,2.277,4.297,0.522,NA,NA,NA,0.009265803
DPP4,Fetal Brain,ADHD,Wald ratio,1,0.136,0.212,1.145,0.523,NA,NA,NA,0.005903949
TULP4,Fetal Brain,ADHD,Wald ratio,1,0.161,0.254,1.175,0.524,NA,NA,NA,0.009955427
HEATR3,Fetal Brain,ADHD,Wald ratio,1,0.135,0.213,1.145,0.525,NA,NA,NA,0.006490451
SFRP2,Fetal Brain,ADHD,Wald ratio,1,0.141,0.222,1.152,0.526,NA,NA,NA,0.006308584
CCBE1,Fetal Brain,ADHD,Wald ratio,1,-0.667,1.055,0.513,0.528,NA,NA,NA,0.005756737
B3GALTL,Fetal Brain,ADHD,Wald ratio,1,0.099,0.158,1.105,0.528,NA,NA,NA,0.007188
TSSC4,Fetal Brain,ADHD,Wald ratio,1,1.105,1.754,3.019,0.529,NA,NA,NA,0.01652558
NEURL1B,Fetal Brain,ADHD,Wald ratio,1,0.072,0.114,1.074,0.53,NA,NA,NA,0.0072964
LRRC58,Fetal Brain,ADHD,Wald ratio,1,-0.36,0.579,0.698,0.535,NA,NA,NA,0.00741825
SRPRB,Fetal Brain,ADHD,Wald ratio,1,-0.082,0.132,0.921,0.535,NA,NA,NA,0.006013004
ZXDC,Fetal Brain,ADHD,Inverse variance weighted,2,-0.431,0.695,0.65,0.536,NA,0.170726086,NA,0.034679543
LIPA,Fetal Brain,ADHD,Wald ratio,1,0.479,0.775,1.615,0.536,NA,NA,NA,0.011535378
TMEM171,Fetal Brain,ADHD,Wald ratio,1,-0.576,0.933,0.562,0.537,NA,NA,NA,0.006123022
NEK9,Fetal Brain,ADHD,Wald ratio,1,-0.454,0.736,0.635,0.537,NA,NA,NA,0.00564596
JAZF1,Fetal Brain,ADHD,Wald ratio,1,-0.623,1.01,0.536,0.537,NA,NA,NA,0.009192311
SHISA3,Fetal Brain,ADHD,Wald ratio,1,-0.233,0.378,0.792,0.537,NA,NA,NA,0.00564271
COL4A1,Fetal Brain,ADHD,Wald ratio,1,1.406,2.286,4.078,0.539,NA,NA,NA,0.006527831
USO1,Fetal Brain,ADHD,Wald ratio,1,0.18,0.293,1.197,0.539,NA,NA,NA,0.008645977
PEBP4,Fetal Brain,ADHD,Wald ratio,1,-0.176,0.287,0.839,0.539,NA,NA,NA,0.006049229
SDCCAG8,Fetal Brain,ADHD,Wald ratio,1,-0.202,0.329,0.817,0.54,NA,NA,NA,0.006638195
FAM83B,Fetal Brain,ADHD,Wald ratio,1,0.193,0.316,1.213,0.54,NA,NA,NA,0.005866435
SHISA4,Fetal Brain,ADHD,Wald ratio,1,-0.13,0.212,0.878,0.54,NA,NA,NA,0.006635936
FAT1,Fetal Brain,ADHD,Wald ratio,1,0.786,1.284,2.194,0.54,NA,NA,NA,0.021294256
COL24A1,Fetal Brain,ADHD,Wald ratio,1,-0.523,0.856,0.593,0.541,NA,NA,NA,0.023122871
CLN6,Fetal Brain,ADHD,Wald ratio,1,-0.414,0.678,0.661,0.541,NA,NA,NA,0.005682953
AGT,Fetal Brain,ADHD,Wald ratio,1,0.105,0.172,1.111,0.542,NA,NA,NA,0.005976667
ESPNL,Fetal Brain,ADHD,Wald ratio,1,0.103,0.169,1.109,0.542,NA,NA,NA,0.007038843
BAIAP2,Fetal Brain,ADHD,Wald ratio,1,0.117,0.192,1.124,0.543,NA,NA,NA,0.00879185
HCCA2,Fetal Brain,ADHD,Wald ratio,1,-0.229,0.377,0.795,0.543,NA,NA,NA,0.006086386
MIER1,Fetal Brain,ADHD,Wald ratio,1,0.193,0.318,1.213,0.545,NA,NA,NA,0.006196992
ZIC2,Fetal Brain,ADHD,Wald ratio,1,0.233,0.385,1.263,0.545,NA,NA,NA,0.006490308
ZNF718,Fetal Brain,ADHD,Wald ratio,1,0.11,0.181,1.116,0.545,NA,NA,NA,0.006491487
LGR4,Fetal Brain,ADHD,Wald ratio,1,0.136,0.225,1.146,0.545,NA,NA,NA,0.01149991
ARPC2,Fetal Brain,ADHD,Wald ratio,1,0.542,0.897,1.719,0.546,NA,NA,NA,0.005422727
PNKD,Fetal Brain,ADHD,Wald ratio,1,1.774,2.938,5.897,0.546,NA,NA,NA,0.005418282
ANKRD33B,Fetal Brain,ADHD,Wald ratio,1,0.225,0.373,1.253,0.546,NA,NA,NA,0.006307645
TRIM14,Fetal Brain,ADHD,Wald ratio,1,-0.098,0.163,0.907,0.546,NA,NA,NA,0.0068929
GLOD4,Fetal Brain,ADHD,Wald ratio,1,-1.679,2.785,0.186,0.546,NA,NA,NA,0.0068929
CLPTM1L,Fetal Brain,ADHD,Wald ratio,1,0.402,0.667,1.495,0.547,NA,NA,NA,0.012850214
TRAPPC1,Fetal Brain,ADHD,Wald ratio,1,-0.952,1.588,0.386,0.549,NA,NA,NA,0.005349661
HIBADH,Fetal Brain,ADHD,Wald ratio,1,0.66,1.103,1.935,0.55,NA,NA,NA,0.006639513
FRMD4A,Fetal Brain,ADHD,Inverse variance weighted,2,-0.104,0.173,0.902,0.551,NA,0.309451971,NA,0.008199868
SYDE1,Fetal Brain,ADHD,Wald ratio,1,0.267,0.447,1.305,0.551,NA,NA,NA,0.006454806
CYB561,Fetal Brain,ADHD,Wald ratio,1,-0.164,0.275,0.849,0.551,NA,NA,NA,0.005574506
HCG2P7,Fetal Brain,ADHD,Wald ratio,1,-0.173,0.291,0.841,0.553,NA,NA,NA,0.009122254
HCG4P6,Fetal Brain,ADHD,Wald ratio,1,0.297,0.5,1.346,0.553,NA,NA,NA,0.009122254
HLA-A,Fetal Brain,ADHD,Wald ratio,1,0.084,0.141,1.087,0.553,NA,NA,NA,0.009122254
TSPAN9,Fetal Brain,ADHD,Wald ratio,1,-0.075,0.126,0.928,0.553,NA,NA,NA,0.015721335
GALNT2,Fetal Brain,ADHD,Wald ratio,1,-0.099,0.168,0.906,0.554,NA,NA,NA,0.007665181
PPID,Fetal Brain,ADHD,Wald ratio,1,-0.607,1.025,0.545,0.554,NA,NA,NA,0.00549549
HHAT,Fetal Brain,ADHD,Wald ratio,1,-1.538,2.611,0.215,0.556,NA,NA,NA,0.006488785
FABP6,Fetal Brain,ADHD,Wald ratio,1,0.097,0.166,1.102,0.559,NA,NA,NA,0.006237504
SNRPN,Fetal Brain,ADHD,Wald ratio,1,-0.085,0.146,0.918,0.559,NA,NA,NA,0.005536699
HABP4,Fetal Brain,ADHD,Wald ratio,1,-0.84,1.438,0.432,0.559,NA,NA,NA,0.006934009
CCDC127,Fetal Brain,ADHD,Wald ratio,1,-0.189,0.324,0.827,0.559,NA,NA,NA,0.006642667
LOC653653,Fetal Brain,ADHD,Wald ratio,1,0.134,0.23,1.143,0.56,NA,NA,NA,0.006751784
LRRC27,Fetal Brain,ADHD,Wald ratio,1,0.054,0.094,1.056,0.561,NA,NA,NA,0.008944301
PLAC9,Fetal Brain,ADHD,Wald ratio,1,0.038,0.066,1.039,0.561,NA,NA,NA,0.006165877
SS18L2,Fetal Brain,ADHD,Wald ratio,1,-1.343,2.315,0.261,0.562,NA,NA,NA,0.008360404
MAPT,Fetal Brain,ADHD,Inverse variance weighted,2,0.591,1.02,1.807,0.562,NA,0.089171787,NA,0.005345418
CTCF,Fetal Brain,ADHD,Wald ratio,1,1.563,2.698,4.774,0.562,NA,NA,NA,0.01347214
GRID1,Fetal Brain,ADHD,Wald ratio,1,-0.151,0.261,0.86,0.563,NA,NA,NA,0.01035935
ST8SIA4,Fetal Brain,ADHD,Inverse variance weighted,2,-0.078,0.134,0.925,0.563,NA,0.869213539,NA,0.0124201
AKT1S1,Fetal Brain,ADHD,Inverse variance weighted,2,-0.431,0.745,0.65,0.563,NA,0.314201396,NA,0.00608773
SGEF,Fetal Brain,ADHD,Wald ratio,1,0.394,0.682,1.483,0.563,NA,NA,NA,0.006386916
SNRNP27,Fetal Brain,ADHD,Wald ratio,1,-0.539,0.932,0.584,0.563,NA,NA,NA,0.00747948
NR3C1,Fetal Brain,ADHD,Wald ratio,1,0.845,1.462,2.327,0.563,NA,NA,NA,0.00748612
EZR,Fetal Brain,ADHD,Inverse variance weighted,2,0.094,0.163,1.099,0.564,NA,0.173619137,NA,0.022485166
BTBD11,Fetal Brain,ADHD,Wald ratio,1,-1.063,1.847,0.345,0.565,NA,NA,NA,0.007707516
MANEA,Fetal Brain,ADHD,Wald ratio,1,0.275,0.478,1.317,0.565,NA,NA,NA,0.032599185
HERPUD1,Fetal Brain,ADHD,Wald ratio,1,0.705,1.226,2.024,0.565,NA,NA,NA,0.005506121
ZNF266,Fetal Brain,ADHD,Wald ratio,1,-0.061,0.107,0.941,0.567,NA,NA,NA,0.009927122
ZNF318,Fetal Brain,ADHD,Wald ratio,1,-0.283,0.497,0.754,0.57,NA,NA,NA,0.010972957
PRLHR,Fetal Brain,ADHD,Wald ratio,1,0.283,0.498,1.327,0.57,NA,NA,NA,0.011470281
FOXI2,Fetal Brain,ADHD,Wald ratio,1,0.509,0.896,1.664,0.57,NA,NA,NA,0.011467844
VWA2,Fetal Brain,ADHD,Wald ratio,1,0.191,0.336,1.21,0.57,NA,NA,NA,0.011476163
GPR98,Fetal Brain,ADHD,Inverse variance weighted,2,0.249,0.438,1.282,0.57,NA,0.521423863,NA,0.010493986
DSCC1,Fetal Brain,ADHD,Wald ratio,1,1.288,2.269,3.625,0.57,NA,NA,NA,0.007270306
BNC2,Fetal Brain,ADHD,Wald ratio,1,0.174,0.306,1.19,0.571,NA,NA,NA,0.0094978
DFNB31,Fetal Brain,ADHD,Wald ratio,1,-0.179,0.317,0.836,0.572,NA,NA,NA,0.005361461
GAN,Fetal Brain,ADHD,Wald ratio,1,-0.868,1.537,0.42,0.572,NA,NA,NA,0.01280766
ABLIM3,Fetal Brain,ADHD,Wald ratio,1,0.144,0.255,1.155,0.572,NA,NA,NA,0.006281512
SERINC5,Fetal Brain,ADHD,Inverse variance weighted,2,-0.06,0.106,0.942,0.572,NA,0.481750021,NA,0.005924808
WDR73,Fetal Brain,ADHD,Wald ratio,1,-0.822,1.456,0.44,0.573,NA,NA,NA,0.005472934
SLC25A1,Fetal Brain,ADHD,Wald ratio,1,0.051,0.091,1.052,0.573,NA,NA,NA,0.005584375
CTDP1,Fetal Brain,ADHD,Wald ratio,1,0.469,0.833,1.598,0.574,NA,NA,NA,0.005987155
MGMT,Fetal Brain,ADHD,Wald ratio,1,0.238,0.424,1.269,0.575,NA,NA,NA,0.004963483
SLC4A11,Fetal Brain,ADHD,Wald ratio,1,-0.587,1.053,0.556,0.577,NA,NA,NA,0.008993625
C9orf72,Fetal Brain,ADHD,Wald ratio,1,0.208,0.373,1.231,0.577,NA,NA,NA,0.005509799
MX2,Fetal Brain,ADHD,Wald ratio,1,-0.098,0.175,0.907,0.578,NA,NA,NA,0.006139536
WARS2,Fetal Brain,ADHD,Wald ratio,1,-0.121,0.218,0.886,0.58,NA,NA,NA,0.005327081
FAIM3,Fetal Brain,ADHD,Wald ratio,1,0.083,0.151,1.087,0.58,NA,NA,NA,0.005438248
GAK,Fetal Brain,ADHD,Wald ratio,1,-0.64,1.16,0.527,0.581,NA,NA,NA,0.007718842
FXYD6,Fetal Brain,ADHD,Inverse variance weighted,2,0.089,0.161,1.093,0.581,NA,0.810150341,NA,0.004836574
KCNK15,Fetal Brain,ADHD,Wald ratio,1,-0.235,0.428,0.791,0.583,NA,NA,NA,0.005368877
DEGS2,Fetal Brain,ADHD,Inverse variance weighted,2,0.188,0.344,1.207,0.584,NA,0.261010085,NA,0.005664375
PRIMA1,Fetal Brain,ADHD,Wald ratio,1,0.105,0.192,1.111,0.584,NA,NA,NA,0.006622497
SFMBT1,Fetal Brain,ADHD,Wald ratio,1,-0.37,0.677,0.691,0.584,NA,NA,NA,0.014349035
ZNF583,Fetal Brain,ADHD,Wald ratio,1,-0.083,0.153,0.92,0.584,NA,NA,NA,0.005478277
PPIE,Fetal Brain,ADHD,Wald ratio,1,0.055,0.1,1.056,0.585,NA,NA,NA,0.005592045
COG1,Fetal Brain,ADHD,Wald ratio,1,-0.055,0.101,0.947,0.587,NA,NA,NA,0.005295801
FAM104A,Fetal Brain,ADHD,Wald ratio,1,-0.395,0.727,0.674,0.587,NA,NA,NA,0.005294616
TCTEX1D1,Fetal Brain,ADHD,Wald ratio,1,-0.535,0.986,0.586,0.588,NA,NA,NA,0.006123021
OPTN,Fetal Brain,ADHD,Wald ratio,1,0.847,1.565,2.332,0.588,NA,NA,NA,0.011760153
DEFB1,Fetal Brain,ADHD,Wald ratio,1,0.136,0.251,1.145,0.589,NA,NA,NA,0.005742894
ZNF83,Fetal Brain,ADHD,Wald ratio,1,-0.132,0.244,0.876,0.589,NA,NA,NA,0.005629385
ENDOD1,Fetal Brain,ADHD,Wald ratio,1,-0.824,1.525,0.439,0.589,NA,NA,NA,0.0139272
DIRAS3,Fetal Brain,ADHD,Wald ratio,1,0.517,0.959,1.676,0.59,NA,NA,NA,0.019196252
PTPLB,Fetal Brain,ADHD,Wald ratio,1,0.288,0.537,1.334,0.592,NA,NA,NA,0.007145066
C15orf29,Fetal Brain,ADHD,Wald ratio,1,0.143,0.267,1.154,0.592,NA,NA,NA,0.005672584
MBP,Fetal Brain,ADHD,Wald ratio,1,0.057,0.106,1.059,0.592,NA,NA,NA,0.005558845
GRIP1,Fetal Brain,ADHD,Wald ratio,1,-0.182,0.34,0.834,0.592,NA,NA,NA,0.006409103
KLHL29,Fetal Brain,ADHD,Wald ratio,1,0.135,0.253,1.145,0.594,NA,NA,NA,0.005892604
SLC9A10,Fetal Brain,ADHD,Wald ratio,1,-0.052,0.098,0.949,0.594,NA,NA,NA,0.006004082
ZFYVE28,Fetal Brain,ADHD,Inverse variance weighted,2,0.031,0.059,1.032,0.594,NA,0.493637075,NA,0.006463611
ATPIF1,Fetal Brain,ADHD,Wald ratio,1,0.713,1.344,2.041,0.595,NA,NA,NA,0.005537439
LYN,Fetal Brain,ADHD,Wald ratio,1,0.932,1.755,2.54,0.595,NA,NA,NA,0.005457435
SNTB1,Fetal Brain,ADHD,Wald ratio,1,-0.184,0.346,0.832,0.595,NA,NA,NA,0.005487802
TUFT1,Fetal Brain,ADHD,Wald ratio,1,-0.1,0.19,0.904,0.597,NA,NA,NA,0.005936153
ENGASE,Fetal Brain,ADHD,Wald ratio,1,0.246,0.467,1.279,0.599,NA,NA,NA,0.006490204
PPP2R2C,Fetal Brain,ADHD,Wald ratio,1,0.107,0.203,1.112,0.6,NA,NA,NA,0.005859474
ZNF619,Fetal Brain,ADHD,Inverse variance weighted,2,-1.52,2.902,0.219,0.601,NA,0.032053103,NA,0.005367937
AGPAT3,Fetal Brain,ADHD,Wald ratio,1,0.187,0.357,1.205,0.601,NA,NA,NA,0.005963935
ACPL2,Fetal Brain,ADHD,Wald ratio,1,0.77,1.475,2.159,0.602,NA,NA,NA,0.006531011
CD52,Fetal Brain,ADHD,Wald ratio,1,0.076,0.146,1.079,0.603,NA,NA,NA,0.006864645
MCM5,Fetal Brain,ADHD,Wald ratio,1,-0.218,0.419,0.804,0.603,NA,NA,NA,0.005683318
DYNC1I2,Fetal Brain,ADHD,Wald ratio,1,-0.201,0.386,0.818,0.603,NA,NA,NA,0.005906476
LOC728613,Fetal Brain,ADHD,Wald ratio,1,0.215,0.414,1.24,0.603,NA,NA,NA,0.008592236
MYOM2,Fetal Brain,ADHD,Wald ratio,1,-0.063,0.122,0.939,0.604,NA,NA,NA,0.005903798
HDAC4,Fetal Brain,ADHD,Inverse variance weighted,2,0.05,0.098,1.052,0.607,NA,0.49011345,NA,0.048022882
CRMP1,Fetal Brain,ADHD,Wald ratio,1,-0.523,1.017,0.593,0.607,NA,NA,NA,0.005833734
ANO3,Fetal Brain,ADHD,Wald ratio,1,-0.096,0.186,0.909,0.607,NA,NA,NA,0.005943632
C12orf45,Fetal Brain,ADHD,Wald ratio,1,0.343,0.668,1.408,0.608,NA,NA,NA,0.006390489
EFCAB2,Fetal Brain,ADHD,Wald ratio,1,0.115,0.224,1.121,0.609,NA,NA,NA,0.007057496
UBE2B,Fetal Brain,ADHD,Wald ratio,1,0.284,0.555,1.328,0.609,NA,NA,NA,0.010101342
CSNK1A1L,Fetal Brain,ADHD,Wald ratio,1,-0.346,0.678,0.707,0.609,NA,NA,NA,0.005298668
NPTN,Fetal Brain,ADHD,Wald ratio,1,0.223,0.437,1.25,0.61,NA,NA,NA,0.005430812
LPP,Fetal Brain,ADHD,Wald ratio,1,0.049,0.097,1.051,0.61,NA,NA,NA,0.005318186
WDR17,Fetal Brain,ADHD,Wald ratio,1,-0.714,1.399,0.49,0.61,NA,NA,NA,0.005429663
HRNBP3,Fetal Brain,ADHD,Inverse variance weighted,2,0.063,0.124,1.065,0.611,NA,0.660595024,NA,0.010971625
NINJ1,Fetal Brain,ADHD,Wald ratio,1,0.071,0.14,1.073,0.612,NA,NA,NA,0.007643231
HTT,Fetal Brain,ADHD,Inverse variance weighted,2,0.119,0.236,1.127,0.612,NA,0.750944145,NA,0.005784136
WISP1,Fetal Brain,ADHD,Wald ratio,1,-0.202,0.4,0.817,0.613,NA,NA,NA,0.005360627
TCL1B,Fetal Brain,ADHD,Wald ratio,1,-0.085,0.167,0.919,0.613,NA,NA,NA,0.005248251
MLLT11,Fetal Brain,ADHD,Wald ratio,1,0.123,0.244,1.131,0.614,NA,NA,NA,0.006359412
CCDC37,Fetal Brain,ADHD,Wald ratio,1,-0.099,0.197,0.905,0.614,NA,NA,NA,0.006250513
TRIM26,Fetal Brain,ADHD,Wald ratio,1,0.243,0.483,1.275,0.615,NA,NA,NA,0.008574789
MFAP3L,Fetal Brain,ADHD,Wald ratio,1,-1.197,2.387,0.302,0.616,NA,NA,NA,0.017339203
SLC6A2,Fetal Brain,ADHD,Wald ratio,1,0.942,1.882,2.564,0.617,NA,NA,NA,0.005960569
NGLY1,Fetal Brain,ADHD,Wald ratio,1,-0.374,0.749,0.688,0.617,NA,NA,NA,0.007403765
RFC1,Fetal Brain,ADHD,Wald ratio,1,0.16,0.319,1.173,0.617,NA,NA,NA,0.005279444
MT3,Fetal Brain,ADHD,Wald ratio,1,-0.607,1.215,0.545,0.617,NA,NA,NA,0.005735747
PGAP2,Fetal Brain,ADHD,Wald ratio,1,0.145,0.291,1.156,0.617,NA,NA,NA,0.006284341
CTBP2,Fetal Brain,ADHD,Wald ratio,1,0.109,0.221,1.116,0.62,NA,NA,NA,0.005554197
RABEP1,Fetal Brain,ADHD,Wald ratio,1,0.126,0.255,1.135,0.621,NA,NA,NA,0.005443468
PIK3C2B,Fetal Brain,ADHD,Wald ratio,1,-0.111,0.225,0.895,0.623,NA,NA,NA,0.006489247
SLMO2,Fetal Brain,ADHD,Wald ratio,1,-0.642,1.309,0.526,0.624,NA,NA,NA,0.014849672
SPG20,Fetal Brain,ADHD,Wald ratio,1,-0.18,0.367,0.836,0.624,NA,NA,NA,0.004961881
PPIF,Fetal Brain,ADHD,Wald ratio,1,0.104,0.213,1.11,0.625,NA,NA,NA,0.005261972
TMEM189,Fetal Brain,ADHD,Wald ratio,1,-0.068,0.139,0.934,0.625,NA,NA,NA,0.005262601
C20orf111,Fetal Brain,ADHD,Wald ratio,1,0.503,1.028,1.653,0.625,NA,NA,NA,0.007417955
DDX11,Fetal Brain,ADHD,Wald ratio,1,-0.286,0.586,0.752,0.626,NA,NA,NA,0.008784173
EPB41,Fetal Brain,ADHD,Wald ratio,1,0.149,0.306,1.161,0.626,NA,NA,NA,0.008558596
ZNF697,Fetal Brain,ADHD,Wald ratio,1,-0.142,0.292,0.868,0.627,NA,NA,NA,0.007902973
IRX3,Fetal Brain,ADHD,Wald ratio,1,-0.686,1.41,0.504,0.627,NA,NA,NA,0.005863487
SEPW1,Fetal Brain,ADHD,Wald ratio,1,0.263,0.542,1.301,0.628,NA,NA,NA,0.005639234
ORC5L,Fetal Brain,ADHD,Wald ratio,1,0.19,0.394,1.209,0.631,NA,NA,NA,0.005904213
CNTN4,Fetal Brain,ADHD,Wald ratio,1,-0.082,0.172,0.921,0.631,NA,NA,NA,0.006947168
RAET1K,Fetal Brain,ADHD,Wald ratio,1,-0.109,0.227,0.897,0.631,NA,NA,NA,0.005459111
CREB3L2,Fetal Brain,ADHD,Wald ratio,1,-0.128,0.268,0.88,0.632,NA,NA,NA,0.005235962
SPPL2B,Fetal Brain,ADHD,Wald ratio,1,-0.147,0.308,0.863,0.633,NA,NA,NA,0.006391122
EIF2AK4,Fetal Brain,ADHD,Wald ratio,1,0.036,0.076,1.037,0.633,NA,NA,NA,0.011872801
HES6,Fetal Brain,ADHD,Wald ratio,1,-0.313,0.659,0.731,0.635,NA,NA,NA,0.005501462
LOC643387,Fetal Brain,ADHD,Wald ratio,1,-0.142,0.299,0.868,0.635,NA,NA,NA,0.005501462
ALLC,Fetal Brain,ADHD,Wald ratio,1,0.306,0.645,1.358,0.635,NA,NA,NA,0.006436192
SLCO3A1,Fetal Brain,ADHD,Wald ratio,1,0.248,0.524,1.282,0.635,NA,NA,NA,0.006323998
PDP2,Fetal Brain,ADHD,Wald ratio,1,0.46,0.97,1.584,0.636,NA,NA,NA,0.011570686
EYA4,Fetal Brain,ADHD,Wald ratio,1,-0.067,0.141,0.935,0.636,NA,NA,NA,0.005278629
FGF2,Fetal Brain,ADHD,Wald ratio,1,0.252,0.533,1.287,0.637,NA,NA,NA,0.007025054
ASCC3,Fetal Brain,ADHD,Wald ratio,1,-0.525,1.112,0.591,0.637,NA,NA,NA,0.013972402
YPEL5,Fetal Brain,ADHD,Wald ratio,1,-0.2,0.425,0.819,0.638,NA,NA,NA,0.015115887
MAP2K4,Fetal Brain,ADHD,Wald ratio,1,0.062,0.132,1.064,0.638,NA,NA,NA,0.005656336
BLCAP,Fetal Brain,ADHD,Wald ratio,1,0.326,0.695,1.386,0.639,NA,NA,NA,0.006256345
VIPR2,Fetal Brain,ADHD,Wald ratio,1,0.259,0.554,1.296,0.639,NA,NA,NA,0.006253055
ZNF132,Fetal Brain,ADHD,Wald ratio,1,-0.029,0.061,0.972,0.64,NA,NA,NA,0.005209903
ZSCAN18,Fetal Brain,ADHD,Wald ratio,1,0.267,0.574,1.307,0.642,NA,NA,NA,0.007228059
RFX6,Fetal Brain,ADHD,Wald ratio,1,0.559,1.2,1.748,0.642,NA,NA,NA,0.005587641
TNIP3,Fetal Brain,ADHD,Wald ratio,1,0.242,0.522,1.274,0.643,NA,NA,NA,0.006076462
CDKAL1,Fetal Brain,ADHD,Wald ratio,1,0.071,0.153,1.074,0.643,NA,NA,NA,0.006069695
MAGEF1,Fetal Brain,ADHD,Wald ratio,1,-0.128,0.276,0.88,0.644,NA,NA,NA,0.00585203
ZNF784,Fetal Brain,ADHD,Wald ratio,1,0.343,0.745,1.41,0.645,NA,NA,NA,0.007041568
MCF2L2,Fetal Brain,ADHD,Wald ratio,1,-0.352,0.764,0.704,0.646,NA,NA,NA,0.020602981
LOC441601,Fetal Brain,ADHD,Wald ratio,1,-0.052,0.113,0.949,0.646,NA,NA,NA,0.006119455
NR5A1,Fetal Brain,ADHD,Wald ratio,1,-0.083,0.181,0.92,0.647,NA,NA,NA,0.005184613
TBC1D17,Fetal Brain,ADHD,Inverse variance weighted,2,-0.153,0.335,0.858,0.648,NA,0.290276557,NA,0.006087515
TXNDC12,Fetal Brain,ADHD,Wald ratio,1,-0.251,0.553,0.778,0.65,NA,NA,NA,0.006517421
PRHOXNB,Fetal Brain,ADHD,Wald ratio,1,-0.582,1.287,0.559,0.651,NA,NA,NA,0.006912418
CHD1L,Fetal Brain,ADHD,Wald ratio,1,-0.167,0.37,0.846,0.651,NA,NA,NA,0.007400213
MAML3,Fetal Brain,ADHD,Inverse variance weighted,2,0.203,0.449,1.225,0.651,NA,0.052034875,NA,0.009512035
MAP3K1,Fetal Brain,ADHD,Wald ratio,1,-0.092,0.204,0.912,0.651,NA,NA,NA,0.011790045
FCGR3A,Fetal Brain,ADHD,Wald ratio,1,-0.136,0.301,0.873,0.653,NA,NA,NA,0.005494143
NFXL1,Fetal Brain,ADHD,Wald ratio,1,-0.369,0.821,0.691,0.653,NA,NA,NA,0.010769146
ASAM,Fetal Brain,ADHD,Wald ratio,1,-0.128,0.286,0.879,0.653,NA,NA,NA,0.005382768
CIT,Fetal Brain,ADHD,Wald ratio,1,0.268,0.597,1.307,0.654,NA,NA,NA,0.01612729
FGF3,Fetal Brain,ADHD,Inverse variance weighted,2,-0.481,1.076,0.618,0.655,NA,0.771111846,NA,0.010869739
ZNF440,Fetal Brain,ADHD,Wald ratio,1,0.079,0.177,1.082,0.656,NA,NA,NA,0.006025668
SHANK2,Fetal Brain,ADHD,Wald ratio,1,-0.129,0.289,0.879,0.656,NA,NA,NA,0.011808783
FBXO2,Fetal Brain,ADHD,Wald ratio,1,0.089,0.201,1.093,0.657,NA,NA,NA,0.00629254
DNM1,Fetal Brain,ADHD,Wald ratio,1,-0.076,0.172,0.927,0.657,NA,NA,NA,0.005802465
GTPBP3,Fetal Brain,ADHD,Wald ratio,1,-0.79,1.782,0.454,0.657,NA,NA,NA,0.00530716
TSGA10,Fetal Brain,ADHD,Wald ratio,1,-0.37,0.835,0.691,0.657,NA,NA,NA,0.00531501
LIPT1,Fetal Brain,ADHD,Wald ratio,1,-0.176,0.398,0.838,0.657,NA,NA,NA,0.00531501
SLC36A1,Fetal Brain,ADHD,Wald ratio,1,0.231,0.52,1.259,0.658,NA,NA,NA,0.005314646
APBB2,Fetal Brain,ADHD,Wald ratio,1,0.108,0.243,1.114,0.658,NA,NA,NA,0.005692383
IL17RA,Fetal Brain,ADHD,Wald ratio,1,0.421,0.953,1.524,0.658,NA,NA,NA,0.005203664
CD46,Fetal Brain,ADHD,Wald ratio,1,-0.105,0.237,0.901,0.659,NA,NA,NA,0.005089057
MYADML,Fetal Brain,ADHD,Wald ratio,1,0.012,0.026,1.012,0.661,NA,NA,NA,0.013722429
FADS2,Fetal Brain,ADHD,Wald ratio,1,-0.333,0.759,0.717,0.661,NA,NA,NA,0.005358373
CES4,Fetal Brain,ADHD,Wald ratio,1,-0.033,0.076,0.967,0.662,NA,NA,NA,0.005247438
DDX25,Fetal Brain,ADHD,Wald ratio,1,-0.277,0.632,0.758,0.662,NA,NA,NA,0.005247438
ODZ4,Fetal Brain,ADHD,Wald ratio,1,0.056,0.129,1.058,0.662,NA,NA,NA,0.005218482
DYNC1LI1,Fetal Brain,ADHD,Wald ratio,1,0.597,1.372,1.817,0.663,NA,NA,NA,0.008845715
HAS1,Fetal Brain,ADHD,Wald ratio,1,-0.052,0.119,0.95,0.663,NA,NA,NA,0.005890907
UIMC1,Fetal Brain,ADHD,Wald ratio,1,0.097,0.223,1.102,0.664,NA,NA,NA,0.005023797
ZNF346,Fetal Brain,ADHD,Wald ratio,1,-0.088,0.201,0.916,0.664,NA,NA,NA,0.005023798
RD3,Fetal Brain,ADHD,Wald ratio,1,0.073,0.169,1.076,0.664,NA,NA,NA,0.00540028
THNSL2,Fetal Brain,ADHD,Wald ratio,1,-0.131,0.302,0.878,0.665,NA,NA,NA,0.005668854
MTMR9,Fetal Brain,ADHD,Wald ratio,1,0.865,2.005,2.375,0.666,NA,NA,NA,0.005079769
MYO1C,Fetal Brain,ADHD,Wald ratio,1,-0.055,0.128,0.946,0.666,NA,NA,NA,0.019571953
SNW1,Fetal Brain,ADHD,Wald ratio,1,0.259,0.602,1.295,0.667,NA,NA,NA,0.005067788
WIT1,Fetal Brain,ADHD,Wald ratio,1,-0.201,0.469,0.818,0.668,NA,NA,NA,0.005335345
ACCS,Fetal Brain,ADHD,Wald ratio,1,-0.273,0.637,0.761,0.668,NA,NA,NA,0.005712755
CCDC102A,Fetal Brain,ADHD,Wald ratio,1,-0.065,0.152,0.937,0.668,NA,NA,NA,0.005334801
SYN3,Fetal Brain,ADHD,Wald ratio,1,-0.187,0.439,0.829,0.67,NA,NA,NA,0.005490502
HIST1H3D,Fetal Brain,ADHD,Wald ratio,1,0.438,1.031,1.55,0.671,NA,NA,NA,0.007261069
MRPS2,Fetal Brain,ADHD,Wald ratio,1,0.134,0.316,1.143,0.671,NA,NA,NA,0.006885473
RAB11B,Fetal Brain,ADHD,Wald ratio,1,-0.649,1.53,0.522,0.671,NA,NA,NA,0.005756876
GATSL3,Fetal Brain,ADHD,Wald ratio,1,0.823,1.951,2.276,0.673,NA,NA,NA,0.005534436
RNF215,Fetal Brain,ADHD,Wald ratio,1,-0.042,0.1,0.959,0.673,NA,NA,NA,0.005534436
CDRT1,Fetal Brain,ADHD,Wald ratio,1,-0.063,0.149,0.939,0.674,NA,NA,NA,0.005157119
CRELD2,Fetal Brain,ADHD,Wald ratio,1,0.08,0.19,1.084,0.674,NA,NA,NA,0.007569723
ALG12,Fetal Brain,ADHD,Wald ratio,1,-0.117,0.278,0.889,0.674,NA,NA,NA,0.007569723
FLRT3,Fetal Brain,ADHD,Wald ratio,1,0.095,0.227,1.1,0.675,NA,NA,NA,0.006443236
VDR,Fetal Brain,ADHD,Wald ratio,1,-0.109,0.261,0.896,0.675,NA,NA,NA,0.005045886
RBM20,Fetal Brain,ADHD,Inverse variance weighted,2,-0.045,0.108,0.956,0.675,NA,0.494774543,NA,0.004921606
RIPPLY2,Fetal Brain,ADHD,Wald ratio,1,-1.265,3.018,0.282,0.675,NA,NA,NA,0.013860382
DNTTIP2,Fetal Brain,ADHD,Wald ratio,1,-0.691,1.649,0.501,0.675,NA,NA,NA,0.005690032
ZNF282,Fetal Brain,ADHD,Wald ratio,1,-0.733,1.757,0.48,0.676,NA,NA,NA,0.00617748
PHF10,Fetal Brain,ADHD,Wald ratio,1,-0.078,0.189,0.925,0.678,NA,NA,NA,0.00611116
TXNRD1,Fetal Brain,ADHD,Wald ratio,1,-0.138,0.333,0.871,0.678,NA,NA,NA,0.005467521
TPM1,Fetal Brain,ADHD,Wald ratio,1,0.065,0.156,1.067,0.679,NA,NA,NA,0.005357006
DLC1,Fetal Brain,ADHD,Wald ratio,1,-0.351,0.851,0.704,0.68,NA,NA,NA,0.0058896
PIM1,Fetal Brain,ADHD,Wald ratio,1,-0.223,0.539,0.8,0.68,NA,NA,NA,0.0058896
DCPS,Fetal Brain,ADHD,Wald ratio,1,-0.084,0.204,0.919,0.68,NA,NA,NA,0.007061739
ARHGEF10L,Fetal Brain,ADHD,Wald ratio,1,-0.093,0.227,0.911,0.681,NA,NA,NA,0.006421097
FLVCR1,Fetal Brain,ADHD,Wald ratio,1,-0.24,0.585,0.786,0.681,NA,NA,NA,0.005134839
UBASH3A,Fetal Brain,ADHD,Wald ratio,1,0.081,0.197,1.084,0.682,NA,NA,NA,0.005401508
CARS2,Fetal Brain,ADHD,Wald ratio,1,0.23,0.563,1.259,0.682,NA,NA,NA,0.01173694
GRAMD1A,Fetal Brain,ADHD,Wald ratio,1,-0.556,1.358,0.574,0.683,NA,NA,NA,0.010589039
TRIM13,Fetal Brain,ADHD,Wald ratio,1,0.103,0.252,1.108,0.684,NA,NA,NA,0.010632189
C22orf40,Fetal Brain,ADHD,Inverse variance weighted,2,0.122,0.301,1.13,0.685,NA,0.055653346,NA,0.010314637
PRELP,Fetal Brain,ADHD,Wald ratio,1,-0.129,0.318,0.879,0.686,NA,NA,NA,0.005335166
MYH10,Fetal Brain,ADHD,Wald ratio,1,-0.151,0.373,0.86,0.686,NA,NA,NA,0.00809836
IL17RD,Fetal Brain,ADHD,Wald ratio,1,0.043,0.107,1.044,0.687,NA,NA,NA,0.009034226
EIF4G1,Fetal Brain,ADHD,Wald ratio,1,0.059,0.147,1.061,0.687,NA,NA,NA,0.009036771
CD86,Fetal Brain,ADHD,Wald ratio,1,0.064,0.158,1.066,0.687,NA,NA,NA,0.009039026
PLCH1,Fetal Brain,ADHD,Wald ratio,1,0.039,0.098,1.04,0.687,NA,NA,NA,0.009036125
MAP3K14,Fetal Brain,ADHD,Wald ratio,1,-0.557,1.386,0.573,0.688,NA,NA,NA,0.005756813
ZNRF4,Fetal Brain,ADHD,Wald ratio,1,-0.141,0.353,0.868,0.689,NA,NA,NA,0.006975921
KLHL24,Fetal Brain,ADHD,Wald ratio,1,0.125,0.314,1.133,0.692,NA,NA,NA,0.007283334
TRPV2,Fetal Brain,ADHD,Wald ratio,1,0.023,0.058,1.023,0.692,NA,NA,NA,0.005423934
RPL14,Fetal Brain,ADHD,Inverse variance weighted,2,0.173,0.438,1.189,0.693,NA,0.024392337,NA,0.005369902
COIL,Fetal Brain,ADHD,Wald ratio,1,-0.182,0.461,0.834,0.694,NA,NA,NA,0.005047165
TNFRSF11B,Fetal Brain,ADHD,Wald ratio,1,0.068,0.173,1.07,0.694,NA,NA,NA,0.004778941
LOC100129716,Fetal Brain,ADHD,Wald ratio,1,-0.063,0.159,0.939,0.694,NA,NA,NA,0.006798706
RHBDD1,Fetal Brain,ADHD,Wald ratio,1,0.515,1.313,1.674,0.695,NA,NA,NA,0.006954814
HEBP2,Fetal Brain,ADHD,Wald ratio,1,-0.232,0.59,0.793,0.695,NA,NA,NA,0.02043938
MYL12B,Fetal Brain,ADHD,Wald ratio,1,0.643,1.641,1.902,0.695,NA,NA,NA,0.005468883
EPB41L4B,Fetal Brain,ADHD,Wald ratio,1,-0.04,0.103,0.961,0.696,NA,NA,NA,0.004667307
CRBN,Fetal Brain,ADHD,Wald ratio,1,-0.561,1.439,0.571,0.697,NA,NA,NA,0.006312822
VGLL2,Fetal Brain,ADHD,Wald ratio,1,-0.251,0.645,0.778,0.697,NA,NA,NA,0.006733327
PRRC1,Fetal Brain,ADHD,Wald ratio,1,-0.075,0.194,0.927,0.698,NA,NA,NA,0.005507433
APOL4,Fetal Brain,ADHD,Wald ratio,1,0.094,0.241,1.098,0.698,NA,NA,NA,0.005514743
EHMT1,Fetal Brain,ADHD,Wald ratio,1,0.062,0.161,1.064,0.698,NA,NA,NA,0.010911593
MAPKAP1,Fetal Brain,ADHD,Wald ratio,1,0.047,0.121,1.048,0.698,NA,NA,NA,0.010909605
ROR1,Fetal Brain,ADHD,Wald ratio,1,0.154,0.398,1.167,0.698,NA,NA,NA,0.004981299
TUBA4A,Fetal Brain,ADHD,Wald ratio,1,-0.313,0.81,0.731,0.699,NA,NA,NA,0.008935544
QRFP,Fetal Brain,ADHD,Wald ratio,1,0.077,0.199,1.08,0.7,NA,NA,NA,0.007726805
RHOB,Fetal Brain,ADHD,Wald ratio,1,-0.161,0.418,0.852,0.701,NA,NA,NA,0.005293312
KCNA5,Fetal Brain,ADHD,Wald ratio,1,0.213,0.554,1.237,0.701,NA,NA,NA,0.005292207
FRK,Fetal Brain,ADHD,Wald ratio,1,-0.135,0.353,0.874,0.702,NA,NA,NA,0.00968668
RPP38,Fetal Brain,ADHD,Wald ratio,1,1.613,4.282,5.019,0.706,NA,NA,NA,0.010096033
MKRN1,Fetal Brain,ADHD,Wald ratio,1,0.151,0.402,1.163,0.707,NA,NA,NA,0.008170147
SPTBN1,Fetal Brain,ADHD,Wald ratio,1,0.092,0.243,1.096,0.707,NA,NA,NA,0.005806033
FBLN2,Fetal Brain,ADHD,Wald ratio,1,0.049,0.129,1.05,0.708,NA,NA,NA,0.006803905
ZAR1L,Fetal Brain,ADHD,Wald ratio,1,-0.216,0.577,0.805,0.708,NA,NA,NA,0.005961682
MKX,Fetal Brain,ADHD,Wald ratio,1,-0.15,0.403,0.861,0.709,NA,NA,NA,0.008524302
MCOLN2,Fetal Brain,ADHD,Wald ratio,1,0.052,0.14,1.054,0.709,NA,NA,NA,0.005006607
AGAP1,Fetal Brain,ADHD,Wald ratio,1,0.064,0.173,1.066,0.71,NA,NA,NA,0.004997976
IGFL2,Fetal Brain,ADHD,Wald ratio,1,-0.066,0.178,0.936,0.71,NA,NA,NA,0.005005081
DKFZp434J0226,Fetal Brain,ADHD,Wald ratio,1,0.136,0.366,1.146,0.71,NA,NA,NA,0.00500508
PRPH2,Fetal Brain,ADHD,Wald ratio,1,-0.038,0.101,0.963,0.71,NA,NA,NA,0.005585225
C20orf20,Fetal Brain,ADHD,Wald ratio,1,-0.612,1.652,0.542,0.711,NA,NA,NA,0.006162581
RPS11,Fetal Brain,ADHD,Wald ratio,1,-0.572,1.543,0.565,0.711,NA,NA,NA,0.00856066
GRWD1,Fetal Brain,ADHD,Wald ratio,1,0.248,0.671,1.282,0.711,NA,NA,NA,0.008569184
RPL13AP5,Fetal Brain,ADHD,Wald ratio,1,0.161,0.435,1.175,0.711,NA,NA,NA,0.008569184
BZRAP1,Fetal Brain,ADHD,Wald ratio,1,0.195,0.526,1.215,0.711,NA,NA,NA,0.017741496
USP44,Fetal Brain,ADHD,Wald ratio,1,-0.147,0.397,0.863,0.711,NA,NA,NA,0.004895933
ESPL1,Fetal Brain,ADHD,Wald ratio,1,-0.064,0.176,0.938,0.714,NA,NA,NA,0.005206946
DLX6AS,Fetal Brain,ADHD,Inverse variance weighted,2,-0.143,0.389,0.867,0.714,NA,0.029009931,NA,0.030052686
LOC285780,Fetal Brain,ADHD,Wald ratio,1,-0.111,0.303,0.895,0.714,NA,NA,NA,0.009491261
ATXN7,Fetal Brain,ADHD,Wald ratio,1,0.456,1.244,1.578,0.714,NA,NA,NA,0.006363318
EIF4H,Fetal Brain,ADHD,Wald ratio,1,0.182,0.498,1.199,0.715,NA,NA,NA,0.005519287
INTS7,Fetal Brain,ADHD,Wald ratio,1,0.072,0.198,1.075,0.716,NA,NA,NA,0.005253941
PDE4C,Fetal Brain,ADHD,Wald ratio,1,-0.113,0.31,0.893,0.716,NA,NA,NA,0.005252593
WRNIP1,Fetal Brain,ADHD,Wald ratio,1,0.885,2.442,2.423,0.717,NA,NA,NA,0.005395321
WDR66,Fetal Brain,ADHD,Wald ratio,1,-0.073,0.202,0.93,0.718,NA,NA,NA,0.005143505
TMEM129,Fetal Brain,ADHD,Wald ratio,1,1.124,3.114,3.076,0.718,NA,NA,NA,0.008902353
FAM69A,Fetal Brain,ADHD,Wald ratio,1,0.053,0.147,1.054,0.72,NA,NA,NA,0.009375833
SLC6A18,Fetal Brain,ADHD,Wald ratio,1,-0.152,0.425,0.859,0.721,NA,NA,NA,0.005187833
SH2B2,Fetal Brain,ADHD,Wald ratio,1,-0.096,0.269,0.909,0.722,NA,NA,NA,0.005656713
SMCHD1,Fetal Brain,ADHD,Wald ratio,1,0.28,0.79,1.323,0.723,NA,NA,NA,0.006526983
SIGLEC6,Fetal Brain,ADHD,Wald ratio,1,0.063,0.178,1.065,0.723,NA,NA,NA,0.00492094
SPATA22,Fetal Brain,ADHD,Wald ratio,1,-0.399,1.129,0.671,0.724,NA,NA,NA,0.005233701
FMN1,Fetal Brain,ADHD,Wald ratio,1,-0.129,0.368,0.879,0.725,NA,NA,NA,0.005701645
AQP5,Fetal Brain,ADHD,Wald ratio,1,0.063,0.18,1.065,0.725,NA,NA,NA,0.005857889
AXL,Fetal Brain,ADHD,Wald ratio,1,-0.144,0.412,0.866,0.726,NA,NA,NA,0.005123312
DRD3,Fetal Brain,ADHD,Wald ratio,1,-0.117,0.335,0.89,0.727,NA,NA,NA,0.005591881
NCF2,Fetal Brain,ADHD,Wald ratio,1,0.076,0.218,1.079,0.728,NA,NA,NA,0.005904069
FAM134B,Fetal Brain,ADHD,Wald ratio,1,0.081,0.232,1.084,0.728,NA,NA,NA,0.005014594
SLC37A2,Fetal Brain,ADHD,Wald ratio,1,0.087,0.251,1.091,0.729,NA,NA,NA,0.013038988
FAM118A,Fetal Brain,ADHD,Wald ratio,1,0.056,0.161,1.057,0.729,NA,NA,NA,0.005169329
SMC1B,Fetal Brain,ADHD,Wald ratio,1,-0.076,0.218,0.927,0.729,NA,NA,NA,0.005169321
SMG6,Fetal Brain,ADHD,Wald ratio,1,-0.203,0.586,0.816,0.729,NA,NA,NA,0.005325613
LCN10,Fetal Brain,ADHD,Wald ratio,1,0.072,0.207,1.074,0.729,NA,NA,NA,0.006993319
FPGS,Fetal Brain,ADHD,Wald ratio,1,0.052,0.152,1.054,0.73,NA,NA,NA,0.005637989
PSMD7,Fetal Brain,ADHD,Wald ratio,1,-0.188,0.548,0.828,0.731,NA,NA,NA,0.017734056
CALU,Fetal Brain,ADHD,Wald ratio,1,0.369,1.076,1.446,0.731,NA,NA,NA,0.005523379
MOSPD3,Fetal Brain,ADHD,Wald ratio,1,-0.516,1.505,0.597,0.732,NA,NA,NA,0.005684746
ZAN,Fetal Brain,ADHD,Wald ratio,1,0.035,0.103,1.036,0.732,NA,NA,NA,0.005685136
MAN2B2,Fetal Brain,ADHD,Wald ratio,1,-0.326,0.954,0.722,0.733,NA,NA,NA,0.010825417
PLEKHO2,Fetal Brain,ADHD,Wald ratio,1,-0.127,0.373,0.881,0.734,NA,NA,NA,0.005263051
MGST3,Fetal Brain,ADHD,Wald ratio,1,0.039,0.114,1.039,0.734,NA,NA,NA,0.004948766
NARS,Fetal Brain,ADHD,Wald ratio,1,0.073,0.216,1.076,0.734,NA,NA,NA,0.004948634
LIAS,Fetal Brain,ADHD,Wald ratio,1,0.078,0.231,1.081,0.735,NA,NA,NA,0.009553568
CTR9,Fetal Brain,ADHD,Wald ratio,1,-0.169,0.5,0.845,0.736,NA,NA,NA,0.004996732
ARID1B,Fetal Brain,ADHD,Wald ratio,1,0.135,0.402,1.145,0.737,NA,NA,NA,0.005620131
SPDYC,Fetal Brain,ADHD,Wald ratio,1,0.084,0.249,1.087,0.737,NA,NA,NA,0.006866184
LOC440925,Fetal Brain,ADHD,Wald ratio,1,-0.129,0.384,0.879,0.738,NA,NA,NA,0.009785299
GAPDHS,Fetal Brain,ADHD,Wald ratio,1,-0.059,0.178,0.943,0.739,NA,NA,NA,0.007222319
C11orf17,Fetal Brain,ADHD,Wald ratio,1,0.528,1.598,1.696,0.741,NA,NA,NA,0.005080587
ST5,Fetal Brain,ADHD,Wald ratio,1,0.026,0.079,1.026,0.741,NA,NA,NA,0.005089374
RCHY1,Fetal Brain,ADHD,Wald ratio,1,-0.077,0.233,0.926,0.741,NA,NA,NA,0.006180173
NPC2,Fetal Brain,ADHD,Wald ratio,1,0.391,1.183,1.478,0.741,NA,NA,NA,0.004932977
C9orf78,Fetal Brain,ADHD,Wald ratio,1,0.177,0.537,1.194,0.741,NA,NA,NA,0.005868618
CGB1,Fetal Brain,ADHD,Wald ratio,1,-0.097,0.295,0.908,0.743,NA,NA,NA,0.007314272
NME7,Fetal Brain,ADHD,Wald ratio,1,-0.3,0.916,0.741,0.743,NA,NA,NA,0.012908689
KIF26B,Fetal Brain,ADHD,Wald ratio,1,-0.44,1.341,0.644,0.743,NA,NA,NA,0.012860589
TGM2,Fetal Brain,ADHD,Wald ratio,1,-0.039,0.119,0.962,0.744,NA,NA,NA,0.005135782
T,Fetal Brain,ADHD,Wald ratio,1,-0.158,0.488,0.854,0.746,NA,NA,NA,0.005493114
C8orf41,Fetal Brain,ADHD,Wald ratio,1,-0.094,0.29,0.911,0.747,NA,NA,NA,0.005336904
KANK2,Fetal Brain,ADHD,Wald ratio,1,0.113,0.351,1.12,0.748,NA,NA,NA,0.005696961
BAT2,Fetal Brain,ADHD,Wald ratio,1,-0.094,0.294,0.91,0.75,NA,NA,NA,0.005070863
CLSTN1,Fetal Brain,ADHD,Wald ratio,1,0.173,0.543,1.188,0.751,NA,NA,NA,0.009932904
GIPC1,Fetal Brain,ADHD,Wald ratio,1,-0.077,0.243,0.926,0.752,NA,NA,NA,0.005789939
FAM172A,Fetal Brain,ADHD,Wald ratio,1,-0.64,2.034,0.527,0.753,NA,NA,NA,0.020677435
GABRB2,Fetal Brain,ADHD,Inverse variance weighted,2,-0.192,0.61,0.826,0.754,NA,0.254229236,NA,0.007470398
WDR16,Fetal Brain,ADHD,Wald ratio,1,-0.284,0.907,0.753,0.754,NA,NA,NA,0.005826712
MIR604,Fetal Brain,ADHD,Wald ratio,1,0.053,0.169,1.054,0.755,NA,NA,NA,0.021200692
NARG2,Fetal Brain,ADHD,Wald ratio,1,-0.05,0.161,0.951,0.755,NA,NA,NA,0.006350035
LNX1,Fetal Brain,ADHD,Wald ratio,1,0.05,0.162,1.052,0.756,NA,NA,NA,0.005212412
NMNAT3,Fetal Brain,ADHD,Wald ratio,1,-0.077,0.249,0.926,0.757,NA,NA,NA,0.004899681
CYP11B1,Fetal Brain,ADHD,Inverse variance weighted,2,0.083,0.269,1.087,0.757,NA,0.465942308,NA,0.004710478
ISM2,Fetal Brain,ADHD,Wald ratio,1,-0.6,1.944,0.549,0.757,NA,NA,NA,0.005532607
ACADM,Fetal Brain,ADHD,Inverse variance weighted,2,-0.057,0.186,0.944,0.758,NA,0.025101836,NA,0.005794109
ETS1,Fetal Brain,ADHD,Wald ratio,1,-0.072,0.233,0.931,0.758,NA,NA,NA,0.004898338
MSI2,Fetal Brain,ADHD,Wald ratio,1,-0.226,0.733,0.798,0.758,NA,NA,NA,0.006085415
SNX4,Fetal Brain,ADHD,Wald ratio,1,-0.088,0.286,0.916,0.759,NA,NA,NA,0.005102875
LOC285074,Fetal Brain,ADHD,Wald ratio,1,-0.684,2.233,0.505,0.759,NA,NA,NA,0.006442235
ANKRD26,Fetal Brain,ADHD,Wald ratio,1,-0.117,0.383,0.889,0.76,NA,NA,NA,0.005101451
NR5A2,Fetal Brain,ADHD,Wald ratio,1,0.047,0.152,1.048,0.76,NA,NA,NA,0.005101451
TMEM194B,Fetal Brain,ADHD,Inverse variance weighted,2,0.384,1.267,1.468,0.762,NA,0.006235678,NA,0.099862938
MFSD6,Fetal Brain,ADHD,Inverse variance weighted,2,0.324,1.07,1.382,0.762,NA,0.006230515,NA,0.09987106
LOC221122,Fetal Brain,ADHD,Wald ratio,1,0.065,0.215,1.067,0.762,NA,NA,NA,0.005508864
PIK3CD,Fetal Brain,ADHD,Wald ratio,1,-0.073,0.242,0.93,0.763,NA,NA,NA,0.004992073
CSNK1G1,Fetal Brain,ADHD,Wald ratio,1,-0.246,0.815,0.782,0.763,NA,NA,NA,0.012753241
ANAPC4,Fetal Brain,ADHD,Wald ratio,1,-0.088,0.293,0.916,0.764,NA,NA,NA,0.007403171
ZNF767,Fetal Brain,ADHD,Wald ratio,1,-0.056,0.188,0.945,0.765,NA,NA,NA,0.005554196
RNU5E,Fetal Brain,ADHD,Wald ratio,1,-0.062,0.207,0.94,0.765,NA,NA,NA,0.004883618
C21orf33,Fetal Brain,ADHD,Wald ratio,1,0.438,1.47,1.549,0.766,NA,NA,NA,0.007296138
CMAS,Fetal Brain,ADHD,Wald ratio,1,-0.146,0.491,0.864,0.767,NA,NA,NA,0.005242132
CCDC68,Fetal Brain,ADHD,Wald ratio,1,-0.07,0.239,0.932,0.768,NA,NA,NA,0.004930958
KTELC1,Fetal Brain,ADHD,Wald ratio,1,-0.034,0.115,0.967,0.768,NA,NA,NA,0.026284368
GPA33,Fetal Brain,ADHD,Wald ratio,1,0.088,0.302,1.092,0.769,NA,NA,NA,0.004773466
HAGHL,Fetal Brain,ADHD,Wald ratio,1,-0.133,0.455,0.875,0.77,NA,NA,NA,0.006003372
SF3B14,Fetal Brain,ADHD,Wald ratio,1,0.074,0.254,1.077,0.77,NA,NA,NA,0.005492095
EGLN1,Fetal Brain,ADHD,Wald ratio,1,0.084,0.287,1.087,0.77,NA,NA,NA,0.008301392
ITLN1,Fetal Brain,ADHD,Wald ratio,1,0.077,0.268,1.08,0.773,NA,NA,NA,0.016623914
DKKL1,Fetal Brain,ADHD,Wald ratio,1,0.117,0.406,1.124,0.774,NA,NA,NA,0.006458404
PTPRQ,Fetal Brain,ADHD,Wald ratio,1,-0.076,0.266,0.927,0.774,NA,NA,NA,0.009855187
RGS1,Fetal Brain,ADHD,Wald ratio,1,-0.09,0.316,0.914,0.775,NA,NA,NA,0.010557134
IL6,Fetal Brain,ADHD,Wald ratio,1,-0.096,0.337,0.908,0.776,NA,NA,NA,0.012000736
C5orf35,Fetal Brain,ADHD,Wald ratio,1,0.061,0.217,1.063,0.777,NA,NA,NA,0.006755318
BRPF1,Fetal Brain,ADHD,Wald ratio,1,0.654,2.318,1.924,0.778,NA,NA,NA,0.005681147
TRMT11,Fetal Brain,ADHD,Wald ratio,1,0.173,0.612,1.188,0.778,NA,NA,NA,0.004398672
KRTAP4-5,Fetal Brain,ADHD,Wald ratio,1,0.067,0.24,1.07,0.779,NA,NA,NA,0.004959702
CDYL2,Fetal Brain,ADHD,Wald ratio,1,0.053,0.19,1.055,0.78,NA,NA,NA,0.005369286
PHLDB3,Fetal Brain,ADHD,Wald ratio,1,0.577,2.065,1.78,0.78,NA,NA,NA,0.005369902
HAS2,Fetal Brain,ADHD,Wald ratio,1,-0.102,0.364,0.903,0.78,NA,NA,NA,0.004805994
HSF4,Fetal Brain,ADHD,Wald ratio,1,0.793,2.843,2.209,0.78,NA,NA,NA,0.006594803
ADPRHL1,Fetal Brain,ADHD,Wald ratio,1,0.106,0.384,1.112,0.782,NA,NA,NA,0.005212769
ADRA1D,Fetal Brain,ADHD,Wald ratio,1,0.098,0.355,1.103,0.782,NA,NA,NA,0.011427549
SSR3,Fetal Brain,ADHD,Wald ratio,1,-0.06,0.218,0.942,0.782,NA,NA,NA,0.004843025
PCGF3,Fetal Brain,ADHD,Wald ratio,1,-0.021,0.076,0.979,0.782,NA,NA,NA,0.010177389
PLIN3,Fetal Brain,ADHD,Wald ratio,1,-0.018,0.065,0.982,0.783,NA,NA,NA,0.005261164
DNAJC15,Fetal Brain,ADHD,Wald ratio,1,-0.038,0.139,0.963,0.783,NA,NA,NA,0.005618969
MEFV,Fetal Brain,ADHD,Wald ratio,1,-0.03,0.11,0.97,0.784,NA,NA,NA,0.004901634
NUPL2,Fetal Brain,ADHD,Wald ratio,1,0.106,0.387,1.112,0.784,NA,NA,NA,0.011913788
KCNG2,Fetal Brain,ADHD,Wald ratio,1,-0.104,0.38,0.902,0.785,NA,NA,NA,0.012295069
SOX30,Fetal Brain,ADHD,Wald ratio,1,-0.08,0.301,0.923,0.789,NA,NA,NA,0.007285115
TSKU,Fetal Brain,ADHD,Wald ratio,1,0.289,1.087,1.335,0.79,NA,NA,NA,0.006368861
GINS2,Fetal Brain,ADHD,Wald ratio,1,-0.034,0.128,0.967,0.791,NA,NA,NA,0.005450605
BMP1,Fetal Brain,ADHD,Wald ratio,1,0.057,0.217,1.059,0.791,NA,NA,NA,0.005450168
SVIL,Fetal Brain,ADHD,Inverse variance weighted,2,0.067,0.255,1.07,0.792,NA,0.011881087,NA,0.116325289
MYLK4,Fetal Brain,ADHD,Wald ratio,1,-0.061,0.23,0.941,0.792,NA,NA,NA,0.006619597
ANXA13,Fetal Brain,ADHD,Wald ratio,1,-0.023,0.086,0.978,0.792,NA,NA,NA,0.005449549
SRD5A1,Fetal Brain,ADHD,Wald ratio,1,-0.209,0.794,0.811,0.792,NA,NA,NA,0.011166801
SNX24,Fetal Brain,ADHD,Wald ratio,1,0.358,1.36,1.431,0.792,NA,NA,NA,0.011188344
FBXO4,Fetal Brain,ADHD,Wald ratio,1,0.234,0.889,1.264,0.792,NA,NA,NA,0.011170447
PON1,Fetal Brain,ADHD,Wald ratio,1,-0.029,0.112,0.971,0.793,NA,NA,NA,0.00488701
NEK11,Fetal Brain,ADHD,Wald ratio,1,0.074,0.281,1.077,0.793,NA,NA,NA,0.006058048
KCTD2,Fetal Brain,ADHD,Wald ratio,1,0.379,1.448,1.46,0.794,NA,NA,NA,0.005701137
OBSL1,Fetal Brain,ADHD,Wald ratio,1,0.377,1.444,1.457,0.794,NA,NA,NA,0.004935396
CHPF,Fetal Brain,ADHD,Wald ratio,1,-0.191,0.731,0.826,0.794,NA,NA,NA,0.004935396
TMEM198,Fetal Brain,ADHD,Wald ratio,1,0.085,0.325,1.088,0.794,NA,NA,NA,0.004935396
OPRD1,Fetal Brain,ADHD,Inverse variance weighted,2,-0.106,0.408,0.899,0.795,NA,0.446349303,NA,0.022221707
NT5M,Fetal Brain,ADHD,Wald ratio,1,0.038,0.145,1.038,0.795,NA,NA,NA,0.006308185
TIAM2,Fetal Brain,ADHD,Wald ratio,1,-0.044,0.17,0.957,0.797,NA,NA,NA,0.005186456
CSDAP1,Fetal Brain,ADHD,Wald ratio,1,0.047,0.182,1.048,0.797,NA,NA,NA,0.004778583
SOAT2,Fetal Brain,ADHD,Wald ratio,1,-0.055,0.215,0.946,0.797,NA,NA,NA,0.007366082
AFF1,Fetal Brain,ADHD,Wald ratio,1,0.057,0.221,1.058,0.798,NA,NA,NA,0.008571968
SLC39A11,Fetal Brain,ADHD,Wald ratio,1,0.113,0.442,1.119,0.799,NA,NA,NA,0.00482623
PPAN-P2RY11,Fetal Brain,ADHD,Wald ratio,1,0.067,0.265,1.069,0.8,NA,NA,NA,0.004874645
LPIN1,Fetal Brain,ADHD,Wald ratio,1,-0.033,0.131,0.967,0.8,NA,NA,NA,0.005078211
KCTD9,Fetal Brain,ADHD,Wald ratio,1,-0.04,0.159,0.961,0.801,NA,NA,NA,0.005077408
HSP90AB1,Fetal Brain,ADHD,Wald ratio,1,0.127,0.509,1.136,0.802,NA,NA,NA,0.005125869
GGA2,Fetal Brain,ADHD,Wald ratio,1,-0.646,2.603,0.524,0.804,NA,NA,NA,0.006188787
OVCH2,Fetal Brain,ADHD,Wald ratio,1,0.07,0.285,1.073,0.805,NA,NA,NA,0.005774312
ISCA1,Fetal Brain,ADHD,Wald ratio,1,0.102,0.414,1.108,0.805,NA,NA,NA,0.004969336
C17orf48,Fetal Brain,ADHD,Wald ratio,1,-0.035,0.144,0.966,0.809,NA,NA,NA,0.005064872
SLC46A3,Fetal Brain,ADHD,Wald ratio,1,-0.531,2.191,0.588,0.809,NA,NA,NA,0.005064872
INPP5F,Fetal Brain,ADHD,Wald ratio,1,-0.188,0.787,0.828,0.811,NA,NA,NA,0.06088154
PCBD1,Fetal Brain,ADHD,Wald ratio,1,0.054,0.226,1.055,0.811,NA,NA,NA,0.004905861
CEND1,Fetal Brain,ADHD,Wald ratio,1,0.046,0.193,1.047,0.812,NA,NA,NA,0.007482933
DDX60L,Fetal Brain,ADHD,Wald ratio,1,0.043,0.18,1.044,0.812,NA,NA,NA,0.00495771
SFRS6,Fetal Brain,ADHD,Wald ratio,1,-0.239,1.009,0.787,0.812,NA,NA,NA,0.006221869
KCNK2,Fetal Brain,ADHD,Wald ratio,1,0.223,0.942,1.25,0.813,NA,NA,NA,0.00581849
NINJ2,Fetal Brain,ADHD,Wald ratio,1,-0.033,0.14,0.967,0.813,NA,NA,NA,0.00561549
STXBP6,Fetal Brain,ADHD,Wald ratio,1,0.227,0.958,1.254,0.813,NA,NA,NA,0.005815806
RSU1,Fetal Brain,ADHD,Wald ratio,1,-0.026,0.111,0.974,0.813,NA,NA,NA,0.004753499
CCT4,Fetal Brain,ADHD,Wald ratio,1,0.081,0.344,1.084,0.814,NA,NA,NA,0.005208179
ACTR1B,Fetal Brain,ADHD,Wald ratio,1,0.041,0.173,1.041,0.814,NA,NA,NA,0.005005593
CAGE1,Fetal Brain,ADHD,Wald ratio,1,0.101,0.432,1.106,0.815,NA,NA,NA,0.004788056
UBXN2B,Fetal Brain,ADHD,Wald ratio,1,-0.051,0.218,0.951,0.816,NA,NA,NA,0.005053424
C2orf69,Fetal Brain,ADHD,Inverse variance weighted,2,0.014,0.06,1.014,0.818,NA,0.071199643,NA,0.032294974
LHPP,Fetal Brain,ADHD,Wald ratio,1,-0.051,0.221,0.951,0.819,NA,NA,NA,0.010403835
TRIM23,Fetal Brain,ADHD,Wald ratio,1,-0.301,1.322,0.74,0.82,NA,NA,NA,0.005149371
PPWD1,Fetal Brain,ADHD,Wald ratio,1,0.394,1.728,1.483,0.82,NA,NA,NA,0.005149371
C5orf44,Fetal Brain,ADHD,Wald ratio,1,-0.179,0.784,0.836,0.82,NA,NA,NA,0.005148524
SCML4,Fetal Brain,ADHD,Inverse variance weighted,2,-0.059,0.261,0.943,0.821,NA,0.56094991,NA,0.005337688
DAAM2,Fetal Brain,ADHD,Wald ratio,1,-0.043,0.19,0.958,0.822,NA,NA,NA,0.006105127
FBXL18,Fetal Brain,ADHD,Wald ratio,1,-0.052,0.232,0.949,0.822,NA,NA,NA,0.004993926
CYP4V2,Fetal Brain,ADHD,Wald ratio,1,0.045,0.199,1.046,0.822,NA,NA,NA,0.00544854
MTOR,Fetal Brain,ADHD,Wald ratio,1,-0.18,0.807,0.835,0.824,NA,NA,NA,0.005244723
PRDM15,Fetal Brain,ADHD,Wald ratio,1,-0.273,1.233,0.761,0.825,NA,NA,NA,0.006192097
YIPF1,Fetal Brain,ADHD,Wald ratio,1,0.146,0.66,1.157,0.825,NA,NA,NA,0.004838458
TRMT12,Fetal Brain,ADHD,Wald ratio,1,0.038,0.175,1.039,0.826,NA,NA,NA,0.009196665
MS4A7,Fetal Brain,ADHD,Wald ratio,1,-0.075,0.34,0.928,0.827,NA,NA,NA,0.004886556
SCN3B,Fetal Brain,ADHD,Wald ratio,1,0.188,0.858,1.206,0.827,NA,NA,NA,0.00720041
CPNE4,Fetal Brain,ADHD,Wald ratio,1,-0.038,0.174,0.963,0.827,NA,NA,NA,0.005138074
ACTN1,Fetal Brain,ADHD,Wald ratio,1,0.066,0.304,1.068,0.828,NA,NA,NA,0.007697596
POU2AF1,Fetal Brain,ADHD,Wald ratio,1,-0.028,0.131,0.972,0.828,NA,NA,NA,0.005388793
C1orf69,Fetal Brain,ADHD,Wald ratio,1,0.016,0.073,1.016,0.829,NA,NA,NA,0.00493419
C18orf21,Fetal Brain,ADHD,Wald ratio,1,-0.398,1.842,0.672,0.829,NA,NA,NA,0.005639817
LMAN2L,Fetal Brain,ADHD,Wald ratio,1,0.086,0.398,1.09,0.829,NA,NA,NA,0.010951959
SH3YL1,Fetal Brain,ADHD,Wald ratio,1,0.166,0.77,1.181,0.829,NA,NA,NA,0.010943613
ASB1,Fetal Brain,ADHD,Wald ratio,1,-0.118,0.547,0.889,0.83,NA,NA,NA,0.004730701
PCDHB19P,Fetal Brain,ADHD,Wald ratio,1,0.093,0.432,1.097,0.83,NA,NA,NA,0.013741068
USP13,Fetal Brain,ADHD,Wald ratio,1,0.051,0.238,1.052,0.83,NA,NA,NA,0.004982318
VAPB,Fetal Brain,ADHD,Wald ratio,1,0.079,0.372,1.083,0.831,NA,NA,NA,0.005234257
RNF146,Fetal Brain,ADHD,Wald ratio,1,0.268,1.257,1.307,0.831,NA,NA,NA,0.005485484
WNT3A,Fetal Brain,ADHD,Wald ratio,1,-0.468,2.207,0.626,0.832,NA,NA,NA,0.006850192
P2RX3,Fetal Brain,ADHD,Wald ratio,1,0.057,0.274,1.059,0.835,NA,NA,NA,0.004875191
TMEM186,Fetal Brain,ADHD,Wald ratio,1,-0.03,0.144,0.971,0.836,NA,NA,NA,0.007083506
ROS1,Fetal Brain,ADHD,Wald ratio,1,-0.035,0.168,0.966,0.836,NA,NA,NA,0.005880627
KIAA0319,Fetal Brain,ADHD,Wald ratio,1,0.038,0.183,1.038,0.837,NA,NA,NA,0.004923562
TAC3,Fetal Brain,ADHD,Wald ratio,1,0.043,0.207,1.043,0.837,NA,NA,NA,0.008078579
C1orf105,Fetal Brain,ADHD,Wald ratio,1,0.039,0.188,1.04,0.837,NA,NA,NA,0.005426798
ZNF264,Fetal Brain,ADHD,Wald ratio,1,-0.066,0.325,0.936,0.838,NA,NA,NA,0.008622524
KLRG2,Fetal Brain,ADHD,Wald ratio,1,0.267,1.307,1.306,0.838,NA,NA,NA,0.004972227
LOC399959,Fetal Brain,ADHD,Wald ratio,1,-0.052,0.253,0.95,0.839,NA,NA,NA,0.00572599
MAGI2,Fetal Brain,ADHD,Wald ratio,1,-0.174,0.852,0.841,0.839,NA,NA,NA,0.010592537
LPHN3,Fetal Brain,ADHD,Wald ratio,1,-0.062,0.303,0.94,0.839,NA,NA,NA,0.005962607
MTRR,Fetal Brain,ADHD,Wald ratio,1,0.02,0.101,1.021,0.84,NA,NA,NA,0.005020491
BOD1L,Fetal Brain,ADHD,Wald ratio,1,0.145,0.717,1.156,0.84,NA,NA,NA,0.005753776
DPP6,Fetal Brain,ADHD,Inverse variance weighted,2,0.074,0.37,1.077,0.841,NA,0.044050349,NA,0.039050782
MYO15B,Fetal Brain,ADHD,Wald ratio,1,-0.06,0.301,0.941,0.841,NA,NA,NA,0.005068769
GNMT,Fetal Brain,ADHD,Wald ratio,1,-0.028,0.142,0.972,0.841,NA,NA,NA,0.004817147
SLC35F2,Fetal Brain,ADHD,Wald ratio,1,-0.119,0.602,0.888,0.843,NA,NA,NA,0.004865121
C7orf40,Fetal Brain,ADHD,Wald ratio,1,0.078,0.396,1.081,0.843,NA,NA,NA,0.016037002
ZSCAN1,Fetal Brain,ADHD,Wald ratio,1,-0.021,0.107,0.979,0.844,NA,NA,NA,0.005165361
CSTF3,Fetal Brain,ADHD,Wald ratio,1,-0.094,0.481,0.91,0.845,NA,NA,NA,0.005164966
GABRA4,Fetal Brain,ADHD,Wald ratio,1,-0.098,0.499,0.907,0.845,NA,NA,NA,0.004913472
TCERG1L,Fetal Brain,ADHD,Wald ratio,1,0.024,0.122,1.024,0.846,NA,NA,NA,0.005464504
MIR516B1,Fetal Brain,ADHD,Wald ratio,1,0.056,0.289,1.058,0.846,NA,NA,NA,0.005213284
MIR516B2,Fetal Brain,ADHD,Wald ratio,1,0.063,0.327,1.065,0.846,NA,NA,NA,0.005213284
DSCAML1,Fetal Brain,ADHD,Wald ratio,1,-0.163,0.847,0.849,0.847,NA,NA,NA,0.005763717
PDE6B,Fetal Brain,ADHD,Wald ratio,1,0.043,0.223,1.044,0.847,NA,NA,NA,0.00760995
BCCIP,Fetal Brain,ADHD,Inverse variance weighted,2,-0.1,0.521,0.905,0.848,NA,0.04876418,NA,0.015903
CRTAP,Fetal Brain,ADHD,Wald ratio,1,0.036,0.188,1.037,0.848,NA,NA,NA,0.008155168
TMEM233,Fetal Brain,ADHD,Wald ratio,1,-0.07,0.364,0.933,0.849,NA,NA,NA,0.004505337
GJB7,Fetal Brain,ADHD,Inverse variance weighted,2,0.06,0.317,1.062,0.849,NA,0.847117891,NA,0.006714087
LOC148709,Fetal Brain,ADHD,Wald ratio,1,-0.141,0.747,0.868,0.85,NA,NA,NA,0.004555219
GATA6,Fetal Brain,ADHD,Wald ratio,1,-0.044,0.232,0.957,0.85,NA,NA,NA,0.005358297
LOC645323,Fetal Brain,ADHD,Wald ratio,1,0.145,0.772,1.156,0.851,NA,NA,NA,0.010882899
GNG12,Fetal Brain,ADHD,Wald ratio,1,-0.025,0.136,0.975,0.852,NA,NA,NA,0.005407028
HBS1L,Fetal Brain,ADHD,Wald ratio,1,0.196,1.053,1.217,0.852,NA,NA,NA,0.009381754
WWC1,Fetal Brain,ADHD,Wald ratio,1,0.099,0.539,1.104,0.854,NA,NA,NA,0.008207529
EFHA2,Fetal Brain,ADHD,Wald ratio,1,-0.058,0.32,0.943,0.855,NA,NA,NA,0.008234813
SNTG2,Fetal Brain,ADHD,Wald ratio,1,0.057,0.31,1.058,0.855,NA,NA,NA,0.004700732
CCDC85C,Fetal Brain,ADHD,Wald ratio,1,0.047,0.256,1.048,0.856,NA,NA,NA,0.006938731
IFLTD1,Fetal Brain,ADHD,Wald ratio,1,-0.024,0.134,0.976,0.857,NA,NA,NA,0.005300666
GRHL2,Fetal Brain,ADHD,Inverse variance weighted,2,0.092,0.511,1.096,0.857,NA,0.068520681,NA,0.022938631
SLCO5A1,Fetal Brain,ADHD,Wald ratio,1,0.057,0.318,1.059,0.858,NA,NA,NA,0.008384156
NOLC1,Fetal Brain,ADHD,Wald ratio,1,-0.051,0.285,0.95,0.858,NA,NA,NA,0.010888884
AGA,Fetal Brain,ADHD,Wald ratio,1,0.026,0.146,1.026,0.859,NA,NA,NA,0.007352462
USP30,Fetal Brain,ADHD,Wald ratio,1,0.293,1.654,1.341,0.859,NA,NA,NA,0.004846597
CAPN2,Fetal Brain,ADHD,Wald ratio,1,-0.035,0.201,0.966,0.862,NA,NA,NA,0.01087982
MDFI,Fetal Brain,ADHD,Wald ratio,1,-0.032,0.182,0.969,0.862,NA,NA,NA,0.004943707
GPR180,Fetal Brain,ADHD,Wald ratio,1,0.209,1.205,1.232,0.862,NA,NA,NA,0.004942996
ARHGAP26,Fetal Brain,ADHD,Wald ratio,1,0.039,0.227,1.04,0.863,NA,NA,NA,0.005543244
DCAF10,Fetal Brain,ADHD,Inverse variance weighted,2,-0.025,0.143,0.976,0.863,NA,0.907854072,NA,0.00627474
COQ3,Fetal Brain,ADHD,Wald ratio,1,0.035,0.2,1.035,0.863,NA,NA,NA,0.004692077
FAM149A,Fetal Brain,ADHD,Wald ratio,1,0.068,0.396,1.07,0.864,NA,NA,NA,0.006563479
MAP2,Fetal Brain,ADHD,Wald ratio,1,0.49,2.854,1.632,0.864,NA,NA,NA,0.006439545
CLIP2,Fetal Brain,ADHD,Wald ratio,1,-0.469,2.783,0.626,0.866,NA,NA,NA,0.00526535
MTHFS,Fetal Brain,ADHD,Inverse variance weighted,2,0.032,0.189,1.032,0.867,NA,0.085412094,NA,0.006809824
METT5D1,Fetal Brain,ADHD,Wald ratio,1,-0.037,0.222,0.964,0.868,NA,NA,NA,0.005137775
CRISPLD1,Fetal Brain,ADHD,Wald ratio,1,-0.095,0.568,0.91,0.868,NA,NA,NA,0.005437473
CD209,Fetal Brain,ADHD,Wald ratio,1,0.052,0.315,1.053,0.869,NA,NA,NA,0.006725958
COL9A3,Fetal Brain,ADHD,Wald ratio,1,0.053,0.327,1.055,0.87,NA,NA,NA,0.00914932
TCFL5,Fetal Brain,ADHD,Wald ratio,1,-0.379,2.317,0.684,0.87,NA,NA,NA,0.009102164
CBLN3,Fetal Brain,ADHD,Wald ratio,1,-0.045,0.272,0.956,0.87,NA,NA,NA,0.005235202
KIAA1191,Fetal Brain,ADHD,Inverse variance weighted,2,0.016,0.101,1.017,0.87,NA,0.311073347,NA,0.010080466
ST6GALNAC2,Fetal Brain,ADHD,Wald ratio,1,-0.047,0.288,0.954,0.871,NA,NA,NA,0.006170393
AKAP7,Fetal Brain,ADHD,Wald ratio,1,-0.013,0.082,0.987,0.871,NA,NA,NA,0.007421238
CCK,Fetal Brain,ADHD,Wald ratio,1,-0.055,0.351,0.946,0.874,NA,NA,NA,0.00478115
TNFAIP1,Fetal Brain,ADHD,Wald ratio,1,-0.163,1.038,0.85,0.875,NA,NA,NA,0.011383009
NEIL2,Fetal Brain,ADHD,Wald ratio,1,-0.063,0.405,0.939,0.876,NA,NA,NA,0.005478028
DSCAM,Fetal Brain,ADHD,Wald ratio,1,-0.049,0.316,0.952,0.876,NA,NA,NA,0.004529374
TBX2,Fetal Brain,ADHD,Wald ratio,1,0.304,1.962,1.356,0.877,NA,NA,NA,0.010261895
EPHA1,Fetal Brain,ADHD,Wald ratio,1,-0.034,0.219,0.967,0.878,NA,NA,NA,0.010357257
C16orf68,Fetal Brain,ADHD,Wald ratio,1,0.1,0.659,1.105,0.88,NA,NA,NA,0.007606383
RPS19BP1,Fetal Brain,ADHD,Wald ratio,1,-0.037,0.245,0.964,0.88,NA,NA,NA,0.004675757
TMEM120A,Fetal Brain,ADHD,Wald ratio,1,-0.149,0.991,0.862,0.881,NA,NA,NA,0.005024826
CLTC,Fetal Brain,ADHD,Wald ratio,1,-0.155,1.038,0.856,0.881,NA,NA,NA,0.007567921
TREH,Fetal Brain,ADHD,Wald ratio,1,0.055,0.371,1.057,0.882,NA,NA,NA,0.005721087
LOXL1,Fetal Brain,ADHD,Wald ratio,1,0.021,0.141,1.021,0.882,NA,NA,NA,0.005073572
GRB10,Fetal Brain,ADHD,Wald ratio,1,-0.092,0.62,0.912,0.882,NA,NA,NA,0.0123353
LIME1,Fetal Brain,ADHD,Wald ratio,1,-0.152,1.036,0.859,0.883,NA,NA,NA,0.011461088
IQCG,Fetal Brain,ADHD,Wald ratio,1,0.056,0.38,1.057,0.883,NA,NA,NA,0.005818521
EOMES,Fetal Brain,ADHD,Wald ratio,1,0.099,0.676,1.104,0.883,NA,NA,NA,0.005799317
C3orf21,Fetal Brain,ADHD,Wald ratio,1,0.014,0.097,1.014,0.883,NA,NA,NA,0.005470509
C19orf57,Fetal Brain,ADHD,Wald ratio,1,0.15,1.034,1.162,0.884,NA,NA,NA,0.005867202
STAT5A,Fetal Brain,ADHD,Inverse variance weighted,2,0.095,0.655,1.099,0.885,NA,0.070542973,NA,0.054692203
TACSTD2,Fetal Brain,ADHD,Wald ratio,1,0.052,0.363,1.054,0.885,NA,NA,NA,0.005219602
DLX4,Fetal Brain,ADHD,Wald ratio,1,-0.037,0.256,0.964,0.886,NA,NA,NA,0.005616771
DKFZp686A1627,Fetal Brain,ADHD,Wald ratio,1,-0.061,0.428,0.941,0.887,NA,NA,NA,0.010193204
SLC25A37,Fetal Brain,ADHD,Wald ratio,1,-0.054,0.382,0.948,0.889,NA,NA,NA,0.005017584
ACAT1,Fetal Brain,ADHD,Wald ratio,1,-0.26,1.861,0.771,0.889,NA,NA,NA,0.004668647
C1orf223,Fetal Brain,ADHD,Wald ratio,1,-0.077,0.553,0.926,0.889,NA,NA,NA,0.004652725
ARNT2,Fetal Brain,ADHD,Wald ratio,1,-0.142,1.018,0.868,0.889,NA,NA,NA,0.010624798
HOOK1,Fetal Brain,ADHD,Inverse variance weighted,2,0.303,2.172,1.353,0.889,NA,0.019418431,NA,0.06296287
RUNX3,Fetal Brain,ADHD,Inverse variance weighted,2,-0.023,0.167,0.977,0.89,NA,0.737710572,NA,0.004861082
TDH,Fetal Brain,ADHD,Inverse variance weighted,2,-0.074,0.54,0.928,0.891,NA,0.505946404,NA,0.010823518
NAT8L,Fetal Brain,ADHD,Wald ratio,1,0.128,0.931,1.136,0.891,NA,NA,NA,0.008721882
PLEKHM3,Fetal Brain,ADHD,Inverse variance weighted,2,0.029,0.21,1.029,0.891,NA,0.487499041,NA,0.00708618
HSBP1,Fetal Brain,ADHD,Wald ratio,1,-0.274,2.021,0.76,0.892,NA,NA,NA,0.004815298
NDFIP1,Fetal Brain,ADHD,Wald ratio,1,-0.039,0.289,0.962,0.893,NA,NA,NA,0.004864035
RBCK1,Fetal Brain,ADHD,Wald ratio,1,0.052,0.391,1.053,0.895,NA,NA,NA,0.005310358
ZNF498,Fetal Brain,ADHD,Inverse variance weighted,2,-0.132,1,0.877,0.895,NA,0.276238274,NA,0.024020613
LPCAT1,Fetal Brain,ADHD,Wald ratio,1,0.026,0.2,1.026,0.897,NA,NA,NA,0.006200875
HOXA9,Fetal Brain,ADHD,Wald ratio,1,0.083,0.647,1.086,0.898,NA,NA,NA,0.008169854
PSMA4,Fetal Brain,ADHD,Wald ratio,1,0.113,0.885,1.12,0.898,NA,NA,NA,0.004710802
SLC25A32,Fetal Brain,ADHD,Wald ratio,1,-0.017,0.131,0.984,0.9,NA,NA,NA,0.004759759
OR6V1,Fetal Brain,ADHD,Wald ratio,1,0.016,0.128,1.016,0.9,NA,NA,NA,0.007574465
ECHDC3,Fetal Brain,ADHD,Wald ratio,1,0.028,0.223,1.028,0.902,NA,NA,NA,0.004853738
PRKCA,Fetal Brain,ADHD,Wald ratio,1,-0.041,0.338,0.959,0.902,NA,NA,NA,0.00530418
INPP1,Fetal Brain,ADHD,Wald ratio,1,0.037,0.3,1.038,0.902,NA,NA,NA,0.01166819
RPS6KA2,Fetal Brain,ADHD,Wald ratio,1,0.029,0.236,1.029,0.903,NA,NA,NA,0.006146105
FLVCR2,Fetal Brain,ADHD,Wald ratio,1,0.015,0.123,1.015,0.905,NA,NA,NA,0.005847379
RMRP,Fetal Brain,ADHD,Wald ratio,1,0.035,0.295,1.035,0.907,NA,NA,NA,0.004704798
PCDHAC2,Fetal Brain,ADHD,Wald ratio,1,-0.17,1.457,0.843,0.907,NA,NA,NA,0.012592202
C5orf62,Fetal Brain,ADHD,Wald ratio,1,0.06,0.514,1.062,0.907,NA,NA,NA,0.012614017
RPLP1,Fetal Brain,ADHD,Wald ratio,1,-0.064,0.545,0.938,0.907,NA,NA,NA,0.01550978
LOC100132111,Fetal Brain,ADHD,Wald ratio,1,0.014,0.125,1.015,0.908,NA,NA,NA,0.00475375
NAALAD2,Fetal Brain,ADHD,Wald ratio,1,-0.008,0.072,0.992,0.909,NA,NA,NA,0.004802772
TTC15,Fetal Brain,ADHD,Wald ratio,1,-0.03,0.259,0.971,0.909,NA,NA,NA,0.005695191
MARK3,Fetal Brain,ADHD,Wald ratio,1,0.056,0.499,1.058,0.911,NA,NA,NA,0.004900878
LOC255167,Fetal Brain,ADHD,Wald ratio,1,0.02,0.178,1.02,0.911,NA,NA,NA,0.005792916
C1orf57,Fetal Brain,ADHD,Wald ratio,1,0.056,0.498,1.057,0.911,NA,NA,NA,0.005792916
PREP,Fetal Brain,ADHD,Wald ratio,1,0.025,0.229,1.026,0.912,NA,NA,NA,0.005396118
IGSF10,Fetal Brain,ADHD,Wald ratio,1,-0.029,0.262,0.972,0.912,NA,NA,NA,0.005442685
LOC100128675,Fetal Brain,ADHD,Wald ratio,1,0.029,0.27,1.03,0.914,NA,NA,NA,0.005542915
PDHX,Fetal Brain,ADHD,Wald ratio,1,0.178,1.669,1.195,0.915,NA,NA,NA,0.008396534
ATP5SL,Fetal Brain,ADHD,Wald ratio,1,0.211,1.983,1.235,0.915,NA,NA,NA,0.004684165
GAS2,Fetal Brain,ADHD,Wald ratio,1,0.041,0.396,1.042,0.917,NA,NA,NA,0.005243874
DLG4,Fetal Brain,ADHD,Wald ratio,1,-0.106,1.014,0.9,0.917,NA,NA,NA,0.004797184
VPREB1,Fetal Brain,ADHD,Wald ratio,1,0.028,0.267,1.028,0.918,NA,NA,NA,0.005787503
FYCO1,Fetal Brain,ADHD,Wald ratio,1,-0.078,0.758,0.925,0.918,NA,NA,NA,0.005341906
IQCB1,Fetal Brain,ADHD,Wald ratio,1,0.006,0.062,1.006,0.919,NA,NA,NA,0.004895554
ZNF492,Fetal Brain,ADHD,Wald ratio,1,0.018,0.18,1.019,0.919,NA,NA,NA,0.008783146
C1orf66,Fetal Brain,ADHD,Wald ratio,1,-0.064,0.638,0.938,0.92,NA,NA,NA,0.005439896
GRPEL1,Fetal Brain,ADHD,Wald ratio,1,0.023,0.23,1.024,0.92,NA,NA,NA,0.005934275
PASK,Fetal Brain,ADHD,Wald ratio,1,-0.082,0.822,0.921,0.92,NA,NA,NA,0.00548882
RHO,Fetal Brain,ADHD,Inverse variance weighted,2,0.02,0.196,1.02,0.921,NA,0.414145239,NA,0.009037604
TBC1D8,Fetal Brain,ADHD,Wald ratio,1,0.33,3.321,1.391,0.921,NA,NA,NA,0.00750878
RPF2,Fetal Brain,ADHD,Wald ratio,1,-0.006,0.064,0.994,0.921,NA,NA,NA,0.006032049
ZNF507,Fetal Brain,ADHD,Wald ratio,1,-0.036,0.37,0.965,0.922,NA,NA,NA,0.006622263
GDF7,Fetal Brain,ADHD,Wald ratio,1,0.017,0.17,1.017,0.923,NA,NA,NA,0.005140876
B4GALT7,Fetal Brain,ADHD,Wald ratio,1,0.126,1.316,1.134,0.924,NA,NA,NA,0.004694218
CAPZB,Fetal Brain,ADHD,Wald ratio,1,-0.038,0.396,0.963,0.924,NA,NA,NA,0.011341891
MAP3K8,Fetal Brain,ADHD,Wald ratio,1,0.013,0.134,1.013,0.925,NA,NA,NA,0.005288021
EPHA2,Fetal Brain,ADHD,Wald ratio,1,-0.058,0.619,0.944,0.925,NA,NA,NA,0.012577444
FAIM2,Fetal Brain,ADHD,Wald ratio,1,-0.05,0.536,0.951,0.926,NA,NA,NA,0.005337015
PTDSS2,Fetal Brain,ADHD,Wald ratio,1,-0.08,0.866,0.923,0.926,NA,NA,NA,0.010184268
MGAT4C,Fetal Brain,ADHD,Wald ratio,1,0.048,0.522,1.049,0.926,NA,NA,NA,0.00911623
MED28,Fetal Brain,ADHD,Wald ratio,1,0.031,0.345,1.032,0.928,NA,NA,NA,0.00498898
CUL1,Fetal Brain,ADHD,Wald ratio,1,0.014,0.16,1.014,0.928,NA,NA,NA,0.00498898
LAP3,Fetal Brain,ADHD,Wald ratio,1,0.059,0.656,1.061,0.928,NA,NA,NA,0.004960879
NSUN4,Fetal Brain,ADHD,Wald ratio,1,-0.288,3.204,0.75,0.928,NA,NA,NA,0.004956326
RCAN3,Fetal Brain,ADHD,Wald ratio,1,-0.026,0.292,0.974,0.929,NA,NA,NA,0.015839738
MYT1,Fetal Brain,ADHD,Wald ratio,1,-0.024,0.267,0.977,0.93,NA,NA,NA,0.011141692
DNAJC18,Fetal Brain,ADHD,Wald ratio,1,-0.023,0.259,0.978,0.93,NA,NA,NA,0.005135843
SLC23A1,Fetal Brain,ADHD,Wald ratio,1,-0.018,0.201,0.983,0.93,NA,NA,NA,0.005136268
PTCH2,Fetal Brain,ADHD,Wald ratio,1,-0.051,0.585,0.95,0.931,NA,NA,NA,0.009111984
MICB,Fetal Brain,ADHD,Wald ratio,1,0.027,0.309,1.027,0.931,NA,NA,NA,0.004640539
PNPLA6,Fetal Brain,ADHD,Wald ratio,1,0.102,1.201,1.108,0.932,NA,NA,NA,0.006386299
ALOX12,Fetal Brain,ADHD,Wald ratio,1,0.026,0.311,1.027,0.932,NA,NA,NA,0.00468973
GLI2,Fetal Brain,ADHD,Wald ratio,1,-0.014,0.167,0.986,0.932,NA,NA,NA,0.004689722
TGFB2,Fetal Brain,ADHD,Wald ratio,1,0.01,0.113,1.01,0.932,NA,NA,NA,0.004689703
PSMC3,Fetal Brain,ADHD,Wald ratio,1,0.022,0.261,1.022,0.934,NA,NA,NA,0.004788095
CHST6,Fetal Brain,ADHD,Wald ratio,1,0.011,0.135,1.011,0.934,NA,NA,NA,0.004788095
PPP1R14A,Fetal Brain,ADHD,Wald ratio,1,-0.043,0.51,0.958,0.934,NA,NA,NA,0.004788069
ETV5,Fetal Brain,ADHD,Wald ratio,1,-0.041,0.488,0.96,0.934,NA,NA,NA,0.005381708
DIP2C,Fetal Brain,ADHD,Wald ratio,1,0.022,0.268,1.022,0.934,NA,NA,NA,0.00543078
BANP,Fetal Brain,ADHD,Wald ratio,1,0.005,0.056,1.005,0.936,NA,NA,NA,0.004935607
PLD6,Fetal Brain,ADHD,Wald ratio,1,0.084,1.046,1.087,0.936,NA,NA,NA,0.010459169
SETD6,Fetal Brain,ADHD,Wald ratio,1,0.044,0.548,1.045,0.936,NA,NA,NA,0.011138362
C2orf42,Fetal Brain,ADHD,Wald ratio,1,0.042,0.532,1.043,0.937,NA,NA,NA,0.012368201
PAN3,Fetal Brain,ADHD,Wald ratio,1,-0.022,0.288,0.978,0.938,NA,NA,NA,0.006365613
CNDP1,Fetal Brain,ADHD,Wald ratio,1,0.025,0.328,1.026,0.938,NA,NA,NA,0.005123795
NBPF3,Fetal Brain,ADHD,Wald ratio,1,0.011,0.14,1.011,0.939,NA,NA,NA,0.004538059
GRIK2,Fetal Brain,ADHD,Wald ratio,1,-0.041,0.557,0.96,0.941,NA,NA,NA,0.004734983
PRKD2,Fetal Brain,ADHD,Wald ratio,1,0.017,0.232,1.017,0.942,NA,NA,NA,0.004784206
PRSSL1,Fetal Brain,ADHD,Wald ratio,1,-0.011,0.155,0.989,0.943,NA,NA,NA,0.006215072
MACROD2,Fetal Brain,ADHD,Wald ratio,1,-0.013,0.184,0.987,0.943,NA,NA,NA,0.004882624
MESP1,Fetal Brain,ADHD,Wald ratio,1,0.051,0.718,1.053,0.943,NA,NA,NA,0.004882633
TNK2,Fetal Brain,ADHD,Wald ratio,1,0.035,0.491,1.035,0.943,NA,NA,NA,0.00631269
EXOSC9,Fetal Brain,ADHD,Wald ratio,1,-0.01,0.148,0.99,0.944,NA,NA,NA,0.004931855
RB1CC1,Fetal Brain,ADHD,Wald ratio,1,0.015,0.208,1.015,0.944,NA,NA,NA,0.004931838
TP53I13,Fetal Brain,ADHD,Wald ratio,1,0.039,0.562,1.04,0.944,NA,NA,NA,0.011884297
KANK4,Fetal Brain,ADHD,Wald ratio,1,-0.034,0.486,0.967,0.944,NA,NA,NA,0.004971121
ADAMTS14,Fetal Brain,ADHD,Wald ratio,1,-0.05,0.715,0.952,0.945,NA,NA,NA,0.00503023
RPTOR,Fetal Brain,ADHD,Inverse variance weighted,2,-0.028,0.406,0.972,0.945,NA,0.097629544,NA,0.013555451
COPS4,Fetal Brain,ADHD,Wald ratio,1,0.016,0.237,1.016,0.945,NA,NA,NA,0.006508716
CALML3,Fetal Brain,ADHD,Wald ratio,1,0.029,0.424,1.03,0.945,NA,NA,NA,0.0050625
RAET1G,Fetal Brain,ADHD,Wald ratio,1,-0.056,0.847,0.945,0.947,NA,NA,NA,0.006704195
SSPN,Fetal Brain,ADHD,Wald ratio,1,-0.168,2.611,0.845,0.949,NA,NA,NA,0.004631161
LOC550112,Fetal Brain,ADHD,Wald ratio,1,0.073,1.156,1.076,0.95,NA,NA,NA,0.00709516
LARS,Fetal Brain,ADHD,Wald ratio,1,-0.012,0.202,0.988,0.951,NA,NA,NA,0.005718234
C2orf84,Fetal Brain,ADHD,Wald ratio,1,-0.009,0.158,0.991,0.952,NA,NA,NA,0.004977839
TMPRSS6,Fetal Brain,ADHD,Wald ratio,1,-0.006,0.103,0.994,0.952,NA,NA,NA,0.005816406
ZNF610,Fetal Brain,ADHD,Wald ratio,1,-0.018,0.305,0.982,0.953,NA,NA,NA,0.005027053
NEUROG1,Fetal Brain,ADHD,Wald ratio,1,-0.04,0.702,0.961,0.954,NA,NA,NA,0.005189984
GABRB3,Fetal Brain,ADHD,Inverse variance weighted,2,-0.015,0.269,0.985,0.955,NA,0.122109212,NA,0.011051656
MIER2,Fetal Brain,ADHD,Wald ratio,1,0.004,0.081,1.004,0.956,NA,NA,NA,0.006306796
BTBD1,Fetal Brain,ADHD,Wald ratio,1,-0.117,2.176,0.89,0.957,NA,NA,NA,0.004630143
TSPAN15,Fetal Brain,ADHD,Inverse variance weighted,2,-0.037,0.69,0.964,0.957,NA,0.042482584,NA,0.010346413
PAPOLB,Fetal Brain,ADHD,Wald ratio,1,-0.01,0.182,0.99,0.958,NA,NA,NA,0.004679446
EIF4EBP1,Fetal Brain,ADHD,Wald ratio,1,0.025,0.468,1.025,0.958,NA,NA,NA,0.005595936
TMPRSS13,Fetal Brain,ADHD,Wald ratio,1,0.014,0.266,1.014,0.958,NA,NA,NA,0.004777588
DNAH5,Fetal Brain,ADHD,Wald ratio,1,-0.013,0.255,0.987,0.959,NA,NA,NA,0.00482455
TRIM2,Fetal Brain,ADHD,Wald ratio,1,-0.014,0.275,0.986,0.959,NA,NA,NA,0.004875798
GABRA5,Fetal Brain,ADHD,Wald ratio,1,-0.013,0.256,0.987,0.959,NA,NA,NA,0.007775095
UNC13A,Fetal Brain,ADHD,Wald ratio,1,-0.009,0.181,0.991,0.959,NA,NA,NA,0.00586278
TMEM18,Fetal Brain,ADHD,Wald ratio,1,0.011,0.223,1.011,0.96,NA,NA,NA,0.00492586
CREB3L3,Fetal Brain,ADHD,Wald ratio,1,0.017,0.331,1.017,0.96,NA,NA,NA,0.00688611
TTC23,Fetal Brain,ADHD,Wald ratio,1,-0.01,0.209,0.99,0.962,NA,NA,NA,0.00937913
BAZ1A,Fetal Brain,ADHD,Wald ratio,1,0.008,0.168,1.008,0.962,NA,NA,NA,0.005270518
NTNG1,Fetal Brain,ADHD,Wald ratio,1,-0.173,3.704,0.841,0.963,NA,NA,NA,0.005261036
RBM47,Fetal Brain,ADHD,Wald ratio,1,-0.012,0.266,0.988,0.964,NA,NA,NA,0.00556565
CYP26C1,Fetal Brain,ADHD,Inverse variance weighted,2,0.015,0.339,1.015,0.965,NA,0.21873464,NA,0.01047443
LOC100128640,Fetal Brain,ADHD,Wald ratio,1,-0.031,0.704,0.97,0.965,NA,NA,NA,0.004529052
LRRC59,Fetal Brain,ADHD,Wald ratio,1,-0.011,0.251,0.989,0.965,NA,NA,NA,0.004529074
CCDC73,Fetal Brain,ADHD,Wald ratio,1,0.012,0.284,1.012,0.965,NA,NA,NA,0.004578417
C4orf52,Fetal Brain,ADHD,Wald ratio,1,0.015,0.347,1.015,0.966,NA,NA,NA,0.004677084
TXNL1,Fetal Brain,ADHD,Wald ratio,1,-0.007,0.158,0.993,0.966,NA,NA,NA,0.004677073
THRA,Fetal Brain,ADHD,Wald ratio,1,0.006,0.152,1.006,0.966,NA,NA,NA,0.004726405
MIOS,Fetal Brain,ADHD,Wald ratio,1,0.011,0.265,1.011,0.966,NA,NA,NA,0.004719874
CSMD3,Fetal Brain,ADHD,Wald ratio,1,0.023,0.551,1.023,0.967,NA,NA,NA,0.004774273
METTL11A,Fetal Brain,ADHD,Wald ratio,1,-0.01,0.243,0.99,0.968,NA,NA,NA,0.006204073
OR2L13,Fetal Brain,ADHD,Wald ratio,1,0.004,0.105,1.004,0.969,NA,NA,NA,0.005071439
DUSP18,Fetal Brain,ADHD,Wald ratio,1,0.089,2.299,1.093,0.969,NA,NA,NA,0.005118263
FAM59B,Fetal Brain,ADHD,Wald ratio,1,-0.007,0.21,0.993,0.972,NA,NA,NA,0.00571117
HADHA,Fetal Brain,ADHD,Wald ratio,1,-0.028,0.819,0.972,0.972,NA,NA,NA,0.005690185
ITGA3,Fetal Brain,ADHD,Wald ratio,1,0.021,0.602,1.021,0.973,NA,NA,NA,0.007232187
FAM190B,Fetal Brain,ADHD,Wald ratio,1,0.01,0.298,1.01,0.974,NA,NA,NA,0.004522689
PENK,Fetal Brain,ADHD,Wald ratio,1,-0.008,0.253,0.992,0.975,NA,NA,NA,0.004674833
ALG10B,Fetal Brain,ADHD,Inverse variance weighted,2,-0.006,0.188,0.994,0.976,NA,0.996407159,NA,0.004427035
TMEM229A,Fetal Brain,ADHD,Wald ratio,1,-0.008,0.259,0.992,0.976,NA,NA,NA,0.006692526
KCNQ5,Fetal Brain,ADHD,Wald ratio,1,0.024,0.831,1.025,0.977,NA,NA,NA,0.005119021
KCNQ2,Fetal Brain,ADHD,Wald ratio,1,0.028,0.99,1.029,0.977,NA,NA,NA,0.015419254
LOC285456,Fetal Brain,ADHD,Wald ratio,1,-0.014,0.51,0.986,0.978,NA,NA,NA,0.005365277
CH25H,Fetal Brain,ADHD,Wald ratio,1,-0.015,0.555,0.986,0.979,NA,NA,NA,0.031405306
HMGA2,Fetal Brain,ADHD,Wald ratio,1,0.005,0.211,1.005,0.98,NA,NA,NA,0.008059697
RAP1GAP2,Fetal Brain,ADHD,Inverse variance weighted,2,-0.001,0.065,0.999,0.983,NA,0.640874328,NA,0.005161197
CIDEA,Fetal Brain,ADHD,Wald ratio,1,-0.009,0.423,0.991,0.983,NA,NA,NA,0.004772631
CASZ1,Fetal Brain,ADHD,Wald ratio,1,-0.021,1.071,0.979,0.984,NA,NA,NA,0.012530456
SNX16,Fetal Brain,ADHD,Wald ratio,1,0.01,0.548,1.01,0.985,NA,NA,NA,0.005265637
KLHL10,Fetal Brain,ADHD,Wald ratio,1,-0.013,0.689,0.987,0.985,NA,NA,NA,0.005265637
PPP1R15A,Fetal Brain,ADHD,Wald ratio,1,0.002,0.105,1.002,0.985,NA,NA,NA,0.005314892
EBPL,Fetal Brain,ADHD,Wald ratio,1,-0.006,0.313,0.994,0.985,NA,NA,NA,0.005314606
TNPO1,Fetal Brain,ADHD,Wald ratio,1,0.014,0.784,1.014,0.986,NA,NA,NA,0.016185907
APCS,Fetal Brain,ADHD,Wald ratio,1,0.007,0.379,1.007,0.986,NA,NA,NA,0.005705856
PLEKHA5,Fetal Brain,ADHD,Wald ratio,1,0.008,0.543,1.008,0.988,NA,NA,NA,0.006639983
KIAA1239,Fetal Brain,ADHD,Wald ratio,1,-0.003,0.225,0.997,0.988,NA,NA,NA,0.010142936
C9orf152,Fetal Brain,ADHD,Wald ratio,1,0.01,0.698,1.01,0.989,NA,NA,NA,0.007173171
MALL,Fetal Brain,ADHD,Inverse variance weighted,2,0.007,0.581,1.007,0.99,NA,0.949505978,NA,0.004975119
GPN1,Fetal Brain,ADHD,Wald ratio,1,0.001,0.127,1.001,0.991,NA,NA,NA,0.004426202
CTSG,Fetal Brain,ADHD,Wald ratio,1,0.003,0.234,1.003,0.991,NA,NA,NA,0.008783295
ACCN1,Fetal Brain,ADHD,Wald ratio,1,0.004,0.362,1.004,0.992,NA,NA,NA,0.004722456
GJB5,Fetal Brain,ADHD,Wald ratio,1,-0.001,0.133,0.999,0.992,NA,NA,NA,0.004821206
SPG7,Fetal Brain,ADHD,Inverse variance weighted,2,0.002,0.23,1.002,0.992,NA,0.287116351,NA,0.005193563
VWC2,Fetal Brain,ADHD,Wald ratio,1,-0.012,1.359,0.988,0.993,NA,NA,NA,0.015880162
B3GNT3,Fetal Brain,ADHD,Wald ratio,1,0.002,0.235,1.002,0.994,NA,NA,NA,0.00654277
SORCS2,Fetal Brain,ADHD,Wald ratio,1,-0.001,0.119,0.999,0.996,NA,NA,NA,0.008884269
CDC42BPA,Fetal Brain,ADHD,Inverse variance weighted,2,0.001,0.578,1.001,0.998,NA,0.001352185,NA,0.040811987
ASTL,Fetal Brain,ADHD,Wald ratio,1,0,0.168,1,1,NA,NA,NA,0.004623505
RETNLB,Fetal Brain,ADHD,Wald ratio,1,0,0.484,1,1,NA,NA,NA,0.005707497
SLC10A4,Fetal Brain,ADHD,Wald ratio,1,0,1.364,1,1,NA,NA,NA,0.01296394
