Psychiatric disorder,Risk phenotype,Method,Beta,Standard error,P-value,OR,OR_lci95,OR_uci95,Q Pvalue(MREgger),Q Pvalue(IVW),Intercept PValue
ALZ,Alzheimer's disease or family history of Alzheimer's disease ,Weighted median,1.004995979,0.034890771,1.91E-182,2.73E+00,2.55E+00,2.93E+00,1.20E-01,1.09E-03,0.000224109
DEP,Neuroticism score ,Inverse variance weighted,0.264647952,0.014304531,2.03E-76,1.30E+00,1.27E+00,1.34E+00,1.55E-10,6.41E-11,0.134958317
ADHD,Educational attainment,Inverse variance weighted,0.70985886,0.038434657,3.65E-76,2.03E+00,1.89E+00,2.19E+00,7.40E-79,6.12E-79,0.267199899
DEP,Neuroticism score ,Weighted median,0.246649815,0.015409041,1.15E-57,1.28E+00,1.24E+00,1.32E+00,1.55E-10,6.41E-11,0.134958317
DEP,Unable to work because of sickness or disability,Inverse variance weighted,-1.760872757,0.111488798,3.41E-56,1.72E-01,1.38E-01,2.14E-01,8.40E-02,8.69E-02,0.9157505
ADHD,Body mass index (BMI) ,Inverse variance weighted,0.560470038,0.04288177,4.88E-39,1.75E+00,1.61E+00,1.91E+00,9.30E-35,1.63E-37,0.000585481
ADHD,Educational attainment,Weighted median,0.643208277,0.053614507,3.69E-33,1.90E+00,1.71E+00,2.11E+00,7.40E-79,6.12E-79,0.267199899
ADHD,Qualifications: College or University degree ,Inverse variance weighted,-1.673530603,0.141402639,2.57E-32,1.88E-01,1.42E-01,2.47E-01,1.18E-25,1.37E-25,0.526042364
ADHD,smoking initiation ,Weighted median,0.878225418,0.078838935,8.06E-29,2.41E+00,2.06E+00,2.81E+00,3.61E-20,6.44E-21,0.153206716
ADHD,smoking initiation ,Inverse variance weighted,0.88437031,0.080454793,4.17E-28,2.42E+00,2.07E+00,2.84E+00,3.61E-20,6.44E-21,0.153206716
ALZ,Alzheimer's disease or family history of Alzheimer's disease ,MR Egger,1.085469661,0.032688268,6.15E-27,2.96E+00,2.78E+00,3.16E+00,1.20E-01,1.09E-03,0.000224109
DEP,Unable to work because of sickness or disability,Weighted median,-1.505130118,0.142365566,4.01E-26,2.22E-01,1.68E-01,2.93E-01,8.40E-02,8.69E-02,0.9157505
ALZ,Alzheimer's disease or family history of Alzheimer's disease ,Weighted mode,1.024978269,0.034438766,6.21E-26,2.79E+00,2.61E+00,2.98E+00,1.20E-01,1.09E-03,0.000224109
ADHD,Unable to work because of sickness or disability,Inverse variance weighted,-2.540584244,0.254579635,1.87E-23,7.88E-02,4.79E-02,1.30E-01,4.62E-43,5.56E-43,0.728913603
ED,Educational attainment,Inverse variance weighted,0.528804076,0.054139739,1.55E-22,1.70E+00,1.53E+00,1.89E+00,4.18E-02,4.05E-02,0.177159832
PTSD,Neuroticism score ,Inverse variance weighted,0.295704629,0.030795125,7.82E-22,1.34E+00,1.27E+00,1.43E+00,1.78E-29,3.12E-29,0.849084363
ADHD,Qualifications: College or University degree ,Weighted median,-1.550204638,0.165383365,7.02E-21,2.12E-01,1.53E-01,2.93E-01,1.18E-25,1.37E-25,0.526042364
ADHD,Age at first birth ,Inverse variance weighted,-0.397642833,0.042764667,1.43E-20,6.72E-01,6.18E-01,7.31E-01,5.82E-09,2.33E-09,0.22057734
ADHD,Age at first birth ,Weighted median,-0.369299385,0.043462322,1.95E-17,6.91E-01,6.35E-01,7.53E-01,5.82E-09,2.33E-09,0.22057734
PTSD,Unable to work because of sickness or disability,Inverse variance weighted,-2.708305848,0.319347204,2.24E-17,6.66E-02,3.56E-02,1.25E-01,2.55E-04,2.53E-04,0.299104165
ADHD,Body mass index (BMI) ,Weighted median,0.466332669,0.054989813,2.25E-17,1.59E+00,1.43E+00,1.78E+00,9.30E-35,1.63E-37,0.000585481
ALZ,Alzheimer's disease or family history of Alzheimer's disease ,Simple mode,1.040565954,0.073666253,8.68E-16,2.83E+00,2.45E+00,3.27E+00,1.20E-01,1.09E-03,0.000224109
DEP,Age at first birth ,Inverse variance weighted,-0.133659743,0.017472103,2.01E-14,8.75E-01,8.45E-01,9.05E-01,3.41E-04,1.34E-04,0.098355856
ED,Educational attainment,Weighted median,0.562202977,0.073919708,2.84E-14,1.75E+00,1.52E+00,2.03E+00,4.18E-02,4.05E-02,0.177159832
ADHD,Educational attainment,MR Egger,0.6263789,0.084464907,1.87E-13,1.87E+00,1.59E+00,2.21E+00,7.40E-79,6.12E-79,0.267199899
DEP,Unable to work because of sickness or disability,MR Egger,-1.640314772,0.2280327,8.89E-13,1.94E-01,1.24E-01,3.03E-01,8.40E-02,8.69E-02,0.9157505
DEP,Educational attainment,Inverse variance weighted,0.126187215,0.017844222,1.53E-12,1.13E+00,1.10E+00,1.17E+00,4.18E-02,4.05E-02,0.177159832
ED,Body mass index (BMI) ,Inverse variance weighted,0.41515011,0.06126054,1.23E-11,1.51E+00,1.34E+00,1.71E+00,2.57E-14,3.16E-14,0.736769716
ASD,Educational attainment,Inverse variance weighted,-0.316284959,0.047120673,1.92E-11,7.29E-01,6.65E-01,7.99E-01,7.40E-79,6.12E-79,0.267199899
ADHD,Unable to work because of sickness or disability,Weighted median,-2.206862275,0.33046058,2.42E-11,1.10E-01,5.76E-02,2.10E-01,4.62E-43,5.56E-43,0.728913603
ADHD,Maternal smoking around birth ,Weighted median,4.133287067,0.625581821,3.92E-11,6.24E+01,1.83E+01,2.13E+02,4.56E-04,1.01E-04,0.17534613
ANX,Neuroticism score ,Inverse variance weighted,0.405397589,0.06138043,3.98E-11,1.50E+00,1.33E+00,1.69E+00,1.16E-01,8.85E-02,0.078855935
ADHD,Intelligence ,Inverse variance weighted,-0.436509546,0.066230865,4.38E-11,6.46E-01,5.68E-01,7.36E-01,8.19E-17,1.09E-16,0.643105235
DEP,Age at first birth ,Weighted median,-0.122404454,0.018802816,7.52E-11,8.85E-01,8.53E-01,9.18E-01,3.41E-04,1.34E-04,0.098355856
ADHD,Maternal smoking around birth ,Weighted median,4.133287067,0.648607998,1.86E-10,6.24E+01,1.75E+01,2.22E+02,4.56E-04,1.01E-04,0.17534613
BP,Unable to work because of sickness or disability,Inverse variance weighted,-1.41307828,0.224176089,2.91E-10,2.43E-01,1.57E-01,3.78E-01,8.40E-02,8.69E-02,0.9157505
SCZ,Unable to work because of sickness or disability,Inverse variance weighted,-1.521682391,0.242260172,3.36E-10,2.18E-01,1.36E-01,3.51E-01,2.55E-04,2.53E-04,0.299104165
DEP,Living alone,Inverse variance weighted,-1.765769368,0.284029255,5.07E-10,1.71E-01,9.80E-02,2.98E-01,3.88E-01,3.94E-01,0.750780149
DEP,smoking initiation ,Weighted median,0.217766772,0.035127982,5.67E-10,1.24E+00,1.16E+00,1.33E+00,8.00E-04,7.40E-04,0.310689123
SCZ,Neuroticism score ,Weighted median,0.187552006,0.030941634,1.35E-09,1.21E+00,1.14E+00,1.28E+00,1.78E-29,3.12E-29,0.849084363
PTSD,Body mass index (BMI) ,Inverse variance weighted,0.286110447,0.047373549,1.55E-09,1.33E+00,1.21E+00,1.46E+00,6.63E-60,1.01E-59,0.813425492
DEP,Sleeplessness / insomnia ,Inverse variance weighted,0.861964027,0.142919631,1.63E-09,2.37E+00,1.79E+00,3.13E+00,1.65E-10,2.97E-10,0.924188828
PTSD,Neuroticism score ,Weighted median,0.257990067,0.04363558,3.37E-09,1.29E+00,1.19E+00,1.41E+00,1.78E-29,3.12E-29,0.849084363
SCZ,Neuroticism score ,Inverse variance weighted,0.241992615,0.041520674,5.60E-09,1.27E+00,1.17E+00,1.38E+00,1.78E-29,3.12E-29,0.849084363
DEP,Educational attainment,Weighted median,0.134056054,0.023003026,5.62E-09,1.14E+00,1.09E+00,1.20E+00,4.18E-02,4.05E-02,0.177159832
ASD,Qualifications: College or University degree ,Inverse variance weighted,1.038886628,0.181300242,1.00E-08,2.83E+00,1.98E+00,4.03E+00,2.99E-01,3.11E-01,0.634434752
ADHD,Maternal smoking around birth ,Inverse variance weighted,3.700919295,0.650649552,1.29E-08,4.05E+01,1.13E+01,1.45E+02,4.56E-04,1.01E-04,0.17534613
ADHD,Maternal smoking around birth ,Inverse variance weighted,3.700919295,0.650649552,1.29E-08,4.05E+01,1.13E+01,1.45E+02,4.56E-04,1.01E-04,0.17534613
ADHD,Neuroticism score ,Weighted median,0.172131177,0.030512294,1.69E-08,1.19E+00,1.12E+00,1.26E+00,1.82E-12,2.46E-12,0.677211234
ADHD,Neuroticism score ,Inverse variance weighted,0.157640447,0.028180838,2.22E-08,1.17E+00,1.11E+00,1.24E+00,1.82E-12,2.46E-12,0.677211234
DEP,Neuroticism score ,Simple mode,0.267897321,0.04644075,7.58E-08,1.31E+00,1.19E+00,1.43E+00,1.55E-10,6.41E-11,0.134958317
ASD,Educational attainment,MR Egger,-0.546519726,0.102680165,1.14E-07,5.79E-01,4.73E-01,7.08E-01,7.40E-79,6.12E-79,0.267199899
ANX,Neuroticism score ,Weighted median,0.435282635,0.084907235,2.95E-07,1.55E+00,1.31E+00,1.83E+00,1.16E-01,8.85E-02,0.078855935
DEP,"Illness, injury, bereavement, stress in last 2 years: Financial difficulties ",Inverse variance weighted,2.58540254,0.505273151,3.11E-07,1.33E+01,4.93E+00,3.57E+01,3.55E-01,4.44E-01,0.731465866
DEP,"Illness, injury, bereavement, stress in last 2 years: Financial difficulties ",Inverse variance weighted,2.58540254,0.505273151,3.11E-07,1.33E+01,4.93E+00,3.57E+01,3.55E-01,4.44E-01,0.731465866
PTSD,Trauma exposure ,Inverse variance weighted,0.470251172,0.092358835,3.55E-07,1.60E+00,1.34E+00,1.92E+00,1.20E-02,1.69E-02,0.618837049
DEP,Body mass index (BMI) ,Inverse variance weighted,0.113789783,0.022437905,3.95E-07,1.12E+00,1.07E+00,1.17E+00,2.57E-14,3.16E-14,0.736769716
DEP,smoking initiation ,Inverse variance weighted,0.205419801,0.040671203,4.40E-07,1.23E+00,1.13E+00,1.33E+00,8.00E-04,7.40E-04,0.310689123
ED,Neuroticism score ,Inverse variance weighted,-0.197898882,0.039198657,4.45E-07,8.20E-01,7.60E-01,8.86E-01,1.55E-10,6.41E-11,0.134958317
ADHD,Intelligence ,Weighted median,-0.370839021,0.073605986,4.70E-07,6.90E-01,5.97E-01,7.97E-01,8.19E-17,1.09E-16,0.643105235
ED,Qualifications: College or University degree ,Inverse variance weighted,-0.952341241,0.190414902,5.69E-07,3.86E-01,2.66E-01,5.60E-01,7.01E-11,6.87E-12,0.008009552
ADHD,smoking initiation ,Weighted mode,0.907973655,0.168053184,6.43E-07,2.48E+00,1.78E+00,3.45E+00,3.61E-20,6.44E-21,0.153206716
BP,Neuroticism score ,Inverse variance weighted,0.165561443,0.033670638,8.78E-07,1.18E+00,1.10E+00,1.26E+00,1.16E-01,8.85E-02,0.078855935
BP,Educational attainment,Inverse variance weighted,-0.189314569,0.038880206,1.12E-06,8.28E-01,7.67E-01,8.93E-01,4.18E-02,4.05E-02,0.177159832
DEP,Qualifications: College or University degree ,Weighted median,-0.38043029,0.078656091,1.32E-06,6.84E-01,5.86E-01,7.98E-01,2.99E-01,3.11E-01,0.634434752
SCZ,Primary sclerosing cholangitis ,Weighted mode,-0.139203801,0.01872074,2.09E-06,8.70E-01,8.39E-01,9.03E-01,5.23E-04,1.42E-04,0.183882486
BP,Qualifications: College or University degree ,Weighted median,0.79445717,0.168095556,2.29E-06,2.21E+00,1.59E+00,3.08E+00,2.99E-01,3.11E-01,0.634434752
DEP,"Illness, injury, bereavement, stress in last 2 years: Financial difficulties ",Weighted median,2.743730084,0.580862374,2.32E-06,1.55E+01,4.98E+00,4.85E+01,3.55E-01,4.44E-01,0.731465866
ASD,Intelligence ,Inverse variance weighted,0.425276887,0.090101274,2.36E-06,1.53E+00,1.28E+00,1.83E+00,4.32E-01,4.45E-01,0.508952987
BP,Qualifications: College or University degree ,Inverse variance weighted,0.758831637,0.161134708,2.49E-06,2.14E+00,1.56E+00,2.93E+00,2.99E-01,3.11E-01,0.634434752
DEP,"Illness, injury, bereavement, stress in last 2 years: Financial difficulties ",Weighted median,2.743730084,0.593663349,3.81E-06,1.55E+01,4.86E+00,4.98E+01,3.55E-01,4.44E-01,0.731465866
DEP,Body mass index (BMI) ,Weighted median,0.121844326,0.026898372,5.90E-06,1.13E+00,1.07E+00,1.19E+00,2.57E-14,3.16E-14,0.736769716
BP,Neuroticism score ,Weighted median,0.143180459,0.031838045,6.89E-06,1.15E+00,1.08E+00,1.23E+00,1.16E-01,8.85E-02,0.078855935
SCZ,smoking initiation ,Weighted median,0.355981868,0.079645447,7.84E-06,1.43E+00,1.22E+00,1.67E+00,2.26E-27,4.38E-27,0.991805771
DEP,Neuroticism score ,Weighted mode,0.259455103,0.055372212,8.11E-06,1.30E+00,1.16E+00,1.44E+00,1.55E-10,6.41E-11,0.134958317
ADHD,Unable to work because of sickness or disability,MR Egger,-2.37637544,0.537835141,1.06E-05,9.29E-02,3.24E-02,2.67E-01,4.62E-43,5.56E-43,0.728913603
PTSD,Age at first birth ,Inverse variance weighted,-0.162746127,0.037111418,1.16E-05,8.50E-01,7.90E-01,9.14E-01,3.09E-13,1.34E-13,0.278809734
PTSD,Unable to work because of sickness or disability,MR Egger,-2.872639073,0.65827211,1.34E-05,5.65E-02,1.56E-02,2.05E-01,2.55E-04,2.53E-04,0.299104165
ADHD,smoking initiation ,Simple mode,0.928661275,0.200669873,1.39E-05,2.53E+00,1.71E+00,3.75E+00,3.61E-20,6.44E-21,0.153206716
DEP,Sleeplessness / insomnia ,Weighted median,0.565936082,0.130223806,1.39E-05,1.76E+00,1.36E+00,2.27E+00,1.65E-10,2.97E-10,0.924188828
SCZ,smoking initiation ,Inverse variance weighted,0.415380607,0.097867466,2.19E-05,1.51E+00,1.25E+00,1.84E+00,2.26E-27,4.38E-27,0.991805771
DEP,Iron intake,Inverse variance weighted,-1.635453517,0.386599382,2.33E-05,1.95E-01,9.13E-02,4.16E-01,4.26E-01,4.23E-01,0.225977787
ADHD,Qualifications: College or University degree ,Simple mode,-2.558755681,0.596663533,2.61E-05,7.74E-02,2.40E-02,2.49E-01,1.18E-25,1.37E-25,0.526042364
BP,Primary sclerosing cholangitis ,Weighted median,-0.073463254,0.017474018,2.62E-05,9.29E-01,8.98E-01,9.62E-01,3.17E-01,3.92E-01,0.843794435
PTSD,Educational attainment,Inverse variance weighted,0.195990546,0.047306441,3.43E-05,1.22E+00,1.11E+00,1.33E+00,2.71E-14,1.31E-14,0.011722259
ASD,Educational attainment,Weighted median,-0.300713301,0.073012346,3.81E-05,7.40E-01,6.42E-01,8.54E-01,7.40E-79,6.12E-79,0.267199899
ADHD,Current employment status: Retired,Inverse variance weighted,0.39211432,0.095399301,3.95E-05,1.48E+00,1.23E+00,1.78E+00,6.63E-12,6.82E-12,0.41326421
ED,Intelligence ,Inverse variance weighted,-0.402500943,0.098057776,4.05E-05,6.69E-01,5.52E-01,8.10E-01,1.44E-11,1.54E-11,0.454530892
OCD,Educational attainment,Inverse variance weighted,0.382120301,0.093955449,4.76E-05,1.47E+00,1.22E+00,1.76E+00,2.71E-14,1.31E-14,0.011722259
ADHD,Trauma exposure ,Inverse variance weighted,0.455230734,0.113245705,5.82E-05,1.58E+00,1.26E+00,1.97E+00,4.00E-01,7.40E-03,0.045065228
ED,Qualifications: College or University degree ,Weighted median,-0.958032824,0.238306789,5.82E-05,3.84E-01,2.40E-01,6.12E-01,7.01E-11,6.87E-12,0.008009552
ASD,Qualifications: College or University degree ,MR Egger,2.927654413,0.728752346,7.85E-05,1.87E+01,4.48E+00,7.79E+01,2.99E-01,3.11E-01,0.634434752
DEP,Trauma exposure ,Inverse variance weighted,0.146453647,0.037102779,7.91E-05,1.16E+00,1.08E+00,1.25E+00,7.16E-01,7.78E-01,0.565530554
PTSD,Unable to work because of sickness or disability,Weighted median,-1.868480078,0.476082048,8.68E-05,1.54E-01,6.07E-02,3.92E-01,2.55E-04,2.53E-04,0.299104165
ED,Body mass index (BMI) ,Weighted median,0.312045284,0.079906604,9.42E-05,1.37E+00,1.17E+00,1.60E+00,2.57E-14,3.16E-14,0.736769716
BP,Primary sclerosing cholangitis ,Weighted mode,-0.084725192,0.016103707,9.59E-05,9.19E-01,8.90E-01,9.48E-01,3.17E-01,3.92E-01,0.843794435
BP,smoking initiation ,Inverse variance weighted,0.325981402,0.083892349,1.02E-04,1.39E+00,1.18E+00,1.63E+00,4.01E-01,4.31E-01,0.98282675
DEP,Qualifications: College or University degree ,Inverse variance weighted,-0.318563457,0.08217244,1.06E-04,7.27E-01,6.19E-01,8.54E-01,2.99E-01,3.11E-01,0.634434752
OCD,Qualifications: College or University degree ,Inverse variance weighted,-1.283519719,0.332493572,1.13E-04,2.77E-01,1.44E-01,5.32E-01,7.01E-11,6.87E-12,0.008009552
PTSD,Body mass index (BMI) ,Weighted median,0.304560915,0.079283405,1.22E-04,1.36E+00,1.16E+00,1.58E+00,6.63E-60,1.01E-59,0.813425492
ANX,Educational attainment,Inverse variance weighted,0.350313768,0.09133663,1.25E-04,1.42E+00,1.19E+00,1.70E+00,7.40E-79,6.12E-79,0.267199899
ADHD,"Illness, injury, bereavement, stress in last 2 years: Financial difficulties ",Weighted median,5.301686096,1.382947516,1.26E-04,2.01E+02,1.33E+01,3.02E+03,7.31E-04,7.84E-04,0.543584028
ADHD,"Illness, injury, bereavement, stress in last 2 years: Financial difficulties ",Weighted median,5.301686096,1.384372681,1.28E-04,2.01E+02,1.33E+01,3.03E+03,7.31E-04,7.84E-04,0.543584028
ADHD,Qualifications: College or University degree ,Weighted mode,-2.120988396,0.551133788,1.53E-04,1.20E-01,4.07E-02,3.53E-01,1.18E-25,1.37E-25,0.526042364
SCZ,Unable to work because of sickness or disability,MR Egger,-1.85549442,0.498067428,2.00E-04,1.56E-01,5.89E-02,4.15E-01,2.55E-04,2.53E-04,0.299104165
ASD,Intelligence ,Weighted median,0.398112545,0.10801971,2.28E-04,1.49E+00,1.20E+00,1.84E+00,4.32E-01,4.45E-01,0.508952987
ED,Intelligence ,Weighted median,-0.378462957,0.104280528,2.84E-04,6.85E-01,5.58E-01,8.40E-01,1.44E-11,1.54E-11,0.454530892
PTSD,Trauma exposure ,Weighted median,0.462220446,0.128067787,3.07E-04,1.59E+00,1.24E+00,2.04E+00,1.20E-02,1.69E-02,0.618837049
ED,Educational attainment,MR Egger,0.423928531,0.119177152,3.86E-04,1.53E+00,1.21E+00,1.93E+00,4.18E-02,4.05E-02,0.177159832
DEP,Age at first birth ,Weighted mode,-0.130073159,0.034233909,3.88E-04,8.78E-01,8.21E-01,9.39E-01,3.41E-04,1.34E-04,0.098355856
ANX,Extraversion,Inverse variance weighted,0.012720866,0.00358708,3.91E-04,1.01E+00,1.01E+00,1.02E+00,3.79E-20,3.65E-20,0.300348565
BP,Unable to work because of sickness or disability,Weighted median,-1.084765374,0.30682689,4.07E-04,3.38E-01,1.85E-01,6.17E-01,8.40E-02,8.69E-02,0.9157505
BP,smoking initiation ,Weighted median,0.299511391,0.085022059,4.27E-04,1.35E+00,1.14E+00,1.59E+00,4.01E-01,4.31E-01,0.98282675
BP,Extraversion,Inverse variance weighted,0.004651447,0.001324464,4.45E-04,1.00E+00,1.00E+00,1.01E+00,2.10E-01,2.11E-01,0.406035228
SCZ,Type 1 diabetes ,Weighted mode,-0.025580442,0.006695323,4.66E-04,9.75E-01,9.62E-01,9.88E-01,2.89E-07,1.77E-07,0.2824836
DEP,Living alone,Weighted median,-1.292538887,0.369738907,4.73E-04,2.75E-01,1.33E-01,5.67E-01,3.88E-01,3.94E-01,0.750780149
SCZ,Trauma exposure ,Inverse variance weighted,0.445141668,0.12761522,4.86E-04,1.56E+00,1.22E+00,2.00E+00,1.20E-02,1.69E-02,0.618837049
OCD,Educational attainment,MR Egger,0.711011246,0.20384049,4.98E-04,2.04E+00,1.37E+00,3.04E+00,2.71E-14,1.31E-14,0.011722259
ED,Qualifications: College or University degree ,MR Egger,-2.756652453,0.780659293,5.10E-04,6.35E-02,1.37E-02,2.93E-01,7.01E-11,6.87E-12,0.008009552
PTSD,"Illness, injury, bereavement, stress in last 2 years: Financial difficulties ",Inverse variance weighted,4.639183464,1.335837332,5.15E-04,1.03E+02,7.55E+00,1.42E+03,5.73E-01,1.51E-01,0.040689839
PTSD,"Illness, injury, bereavement, stress in last 2 years: Financial difficulties ",Inverse variance weighted,4.639183464,1.335837332,5.15E-04,1.03E+02,7.55E+00,1.42E+03,5.73E-01,1.51E-01,0.040689839
ADHD,Age at first birth ,Weighted mode,-0.34700996,0.092653256,5.43E-04,7.07E-01,5.89E-01,8.48E-01,5.82E-09,2.33E-09,0.22057734
PTSD,smoking initiation ,Inverse variance weighted,0.280198566,0.081145541,5.54E-04,1.32E+00,1.13E+00,1.55E+00,2.26E-27,4.38E-27,0.991805771
DEP,Maternal smoking around birth ,Inverse variance weighted,0.966011824,0.280767316,5.80E-04,2.63E+00,1.52E+00,4.56E+00,1.26E-03,2.10E-03,0.872675286
DEP,Maternal smoking around birth ,Inverse variance weighted,0.966011824,0.280767316,5.80E-04,2.63E+00,1.52E+00,4.56E+00,1.26E-03,2.10E-03,0.872675286
BP,Unable to work because of sickness or disability,MR Egger,-1.587432069,0.460784646,5.82E-04,2.04E-01,8.29E-02,5.04E-01,8.40E-02,8.69E-02,0.9157505
DEP,Maternal smoking around birth ,Weighted median,0.888924548,0.258911303,5.96E-04,2.43E+00,1.46E+00,4.04E+00,1.26E-03,2.10E-03,0.872675286
ADHD,smoking initiation ,MR Egger,1.464997703,0.410510616,6.10E-04,4.33E+00,1.94E+00,9.68E+00,3.61E-20,6.44E-21,0.153206716
ADHD,Age at first birth ,Simple mode,-0.374603357,0.101459529,6.35E-04,6.88E-01,5.64E-01,8.39E-01,5.82E-09,2.33E-09,0.22057734
ADHD,Behauvioural and emotional disorders with onset usually occuring in childhood and adolescence,Inverse variance weighted,-0.014908867,0.004410022,7.23E-04,9.85E-01,9.77E-01,9.94E-01,5.57E-09,1.67E-09,0.000624709
SCZ,"Diagnoses - secondary ICD10: M06.99 Rheumatoid arthritis, unspecified (Site unspecified) ",Weighted median,15.78586545,4.67163508,7.27E-04,7.17E+06,7.57E+02,6.80E+10,1.49E-01,6.18E-02,0.419052098
SCZ,Unable to work because of sickness or disability,Weighted median,-0.935252256,0.276932496,7.32E-04,3.92E-01,2.28E-01,6.75E-01,2.55E-04,2.53E-04,0.299104165
DEP,Maternal smoking around birth ,Weighted median,0.888924548,0.263464909,7.41E-04,2.43E+00,1.45E+00,4.08E+00,1.26E-03,2.10E-03,0.872675286
PTSD,Current employment status: Unemployed,Inverse variance weighted,-1.725595509,0.511473781,7.41E-04,1.78E-01,6.53E-02,4.85E-01,1.18E-03,1.22E-03,0.485133606
PTSD,Current employment status: Unemployed,Inverse variance weighted,-1.725595509,0.511473781,7.41E-04,1.78E-01,6.53E-02,4.85E-01,1.18E-03,1.22E-03,0.485133606
OCD,Educational attainment,Weighted median,0.489780537,0.145389146,7.55E-04,1.63E+00,1.23E+00,2.17E+00,2.71E-14,1.31E-14,0.011722259
ED,Primary sclerosing cholangitis ,Weighted median,0.060815838,0.018177017,8.21E-04,1.06E+00,1.03E+00,1.10E+00,4.36E-01,3.44E-01,0.145430993
DEP,Neuroticism score ,MR Egger,0.257509114,0.075206139,8.73E-04,1.29E+00,1.12E+00,1.50E+00,1.55E-10,6.41E-11,0.134958317
SCZ,Primary sclerosing cholangitis ,MR Egger,-0.13365005,0.031793181,8.84E-04,8.75E-01,8.22E-01,9.31E-01,5.23E-04,1.42E-04,0.183882486
DEP,smoking initiation ,Simple mode,0.284206423,0.082346361,8.84E-04,1.33E+00,1.13E+00,1.56E+00,8.00E-04,7.40E-04,0.310689123
ADHD,Body mass index (BMI) ,Weighted mode,0.376187024,0.113393538,9.87E-04,1.46E+00,1.17E+00,1.82E+00,9.30E-35,1.63E-37,0.000585481
SCZ,Intelligence ,Inverse variance weighted,-0.331396232,0.101814075,1.13E-03,7.18E-01,5.88E-01,8.76E-01,6.21E-49,1.56E-49,0.232036593
PTSD,Body mass index (BMI) ,MR Egger,0.41891698,0.128480753,1.20E-03,1.52E+00,1.18E+00,1.96E+00,6.63E-60,1.01E-59,0.813425492
SCZ,Living alone,Inverse variance weighted,-1.997675222,0.619393789,1.26E-03,1.36E-01,4.03E-02,4.57E-01,6.13E-04,5.91E-04,0.212492766
ALZ,Qualifications: College or University degree ,Inverse variance weighted,-0.395428245,0.12271948,1.27E-03,6.73E-01,5.29E-01,8.57E-01,3.94E-01,4.59E-01,0.61001471
BP,Autoimmune diseases ,Inverse variance weighted,-0.074281946,0.023118861,1.31E-03,9.28E-01,8.87E-01,9.71E-01,9.36E-01,9.11E-01,0.166070761
ADHD,Type 2 diabetes ,Inverse variance weighted,0.064350026,0.020118931,1.38E-03,1.07E+00,1.03E+00,1.11E+00,2.95E-10,2.10E-11,0.021489974
SCZ,Trauma exposure ,Weighted median,0.290949054,0.090973179,1.38E-03,1.34E+00,1.12E+00,1.60E+00,1.20E-02,1.69E-02,0.618837049
PTSD,"Illness, injury, bereavement, stress in last 2 years: Financial difficulties ",Weighted median,5.831073584,1.851237691,1.63E-03,3.41E+02,9.05E+00,1.28E+04,5.73E-01,1.51E-01,0.040689839
ALZ,Intelligence ,Inverse variance weighted,-0.197138395,0.062734629,1.68E-03,8.21E-01,7.26E-01,9.29E-01,3.88E-09,4.32E-09,0.491761243
ED,Intelligence ,MR Egger,-1.459499094,0.457892285,1.77E-03,2.32E-01,9.47E-02,5.70E-01,1.44E-11,1.54E-11,0.454530892
PTSD,"Illness, injury, bereavement, stress in last 2 years: Financial difficulties ",Weighted median,5.831073584,1.867016971,1.79E-03,3.41E+02,8.77E+00,1.32E+04,5.73E-01,1.51E-01,0.040689839
DEP,Extraversion,Inverse variance weighted,0.001935982,0.000621638,1.84E-03,1.00E+00,1.00E+00,1.00E+00,2.10E-01,2.11E-01,0.406035228
ASD,Qualifications: College or University degree ,Weighted median,0.687856626,0.220944543,1.85E-03,1.99E+00,1.29E+00,3.07E+00,2.99E-01,3.11E-01,0.634434752
ADHD,Maternal smoking around birth ,Simple mode,4.71817689,1.239962883,1.93E-03,1.12E+02,9.85E+00,1.27E+03,4.56E-04,1.01E-04,0.17534613
BP,Autoimmune diseases ,Weighted mode,-0.074267556,0.022415921,1.93E-03,9.28E-01,8.89E-01,9.70E-01,9.36E-01,9.11E-01,0.166070761
SCZ,Age-related hearing impairment (MTAG) ,Inverse variance weighted,-0.45753057,0.1480024,1.99E-03,6.33E-01,4.73E-01,8.46E-01,7.86E-03,9.80E-03,0.618456104
BP,Autoimmune diseases ,Weighted median,-0.078374642,0.025419637,2.05E-03,9.25E-01,8.80E-01,9.72E-01,9.36E-01,9.11E-01,0.166070761
PTSD,Qualifications: College or University degree ,Inverse variance weighted,-0.497935662,0.1625319,2.19E-03,6.08E-01,4.42E-01,8.36E-01,7.01E-11,6.87E-12,0.008009552
SCZ,Neuroticism score ,Weighted mode,0.200681051,0.064601505,2.39E-03,1.22E+00,1.08E+00,1.39E+00,1.78E-29,3.12E-29,0.849084363
ED,Unable to work because of sickness or disability,MR Egger,2.400081135,0.792918817,2.51E-03,1.10E+01,2.33E+00,5.22E+01,8.40E-02,8.69E-02,0.9157505
SCZ,Current employment status: Unemployed,Inverse variance weighted,-1.132158377,0.376759805,2.66E-03,3.22E-01,1.54E-01,6.75E-01,1.18E-03,1.22E-03,0.485133606
SCZ,Current employment status: Unemployed,Inverse variance weighted,-1.132158377,0.376759805,2.66E-03,3.22E-01,1.54E-01,6.75E-01,1.18E-03,1.22E-03,0.485133606
ED,"Diagnoses - main ICD10: J45.9 Asthma, unspecified ",Inverse variance weighted,36.89348857,12.38710219,2.90E-03,1.05E+16,3.01E+05,3.69E+26,6.86E-01,8.29E-01,0.950948447
ED,Caffeine,MR Egger,3.218938317,1.081721672,2.97E-03,2.50E+01,3.00E+00,2.08E+02,1.66E-01,1.66E-01,0.347532961
SCZ,Neuroticism score ,Simple mode,0.219078962,0.072468134,3.09E-03,1.24E+00,1.08E+00,1.43E+00,1.78E-29,3.12E-29,0.849084363
ADHD,Maternal smoking around birth ,Simple mode,4.71817689,1.326540398,3.16E-03,1.12E+02,8.32E+00,1.51E+03,4.56E-04,1.01E-04,0.17534613
DEP,Trauma exposure ,Weighted median,0.118502141,0.040297317,3.27E-03,1.13E+00,1.04E+00,1.22E+00,7.16E-01,7.78E-01,0.565530554
DEP,Iron intake,Weighted median,-1.433637482,0.489177882,3.38E-03,2.38E-01,9.14E-02,6.22E-01,4.26E-01,4.23E-01,0.225977787
SCZ,Type 1 diabetes ,Weighted median,-0.024611867,0.008432648,3.52E-03,9.76E-01,9.60E-01,9.92E-01,2.89E-07,1.77E-07,0.2824836
BP,Type 1 diabetes ,Weighted mode,-0.01956661,0.00630109,3.53E-03,9.81E-01,9.69E-01,9.93E-01,8.90E-01,9.15E-01,0.917708647
DEP,Age at first birth ,Simple mode,-0.135183864,0.044291713,3.60E-03,8.74E-01,8.01E-01,9.53E-01,3.41E-04,1.34E-04,0.098355856
ANX,Educational attainment,MR Egger,0.598820775,0.205463164,3.61E-03,1.82E+00,1.22E+00,2.72E+00,7.40E-79,6.12E-79,0.267199899
DEP,smoking initiation ,Weighted mode,0.252107891,0.085093241,3.99E-03,1.29E+00,1.09E+00,1.52E+00,8.00E-04,7.40E-04,0.310689123
ANX,Neuroticism score ,MR Egger,1.005725553,0.343850489,4.19E-03,2.73E+00,1.39E+00,5.36E+00,1.16E-01,8.85E-02,0.078855935
ADHD,Sleeplessness / insomnia ,Weighted median,0.777127585,0.271738265,4.24E-03,2.18E+00,1.28E+00,3.71E+00,7.23E-19,7.99E-19,0.546926226
ED,Neuroticism score ,Weighted median,-0.127329844,0.044695342,4.39E-03,8.80E-01,8.07E-01,9.61E-01,1.55E-10,6.41E-11,0.134958317
BP,Type 1 diabetes ,Simple mode,0.0765711,0.025463364,4.60E-03,1.08E+00,1.03E+00,1.13E+00,8.90E-01,9.15E-01,0.917708647
SCZ,Body mass index (BMI) ,Inverse variance weighted,-0.153360538,0.054221259,4.68E-03,8.58E-01,7.71E-01,9.54E-01,6.63E-60,1.01E-59,0.813425492
ANX,Qualifications: College or University degree ,Inverse variance weighted,-0.793002119,0.284602156,5.33E-03,4.52E-01,2.59E-01,7.90E-01,1.18E-25,1.37E-25,0.526042364
BP,Primary sclerosing cholangitis ,Inverse variance weighted,-0.04258545,0.015332912,5.48E-03,9.58E-01,9.30E-01,9.88E-01,3.17E-01,3.92E-01,0.843794435
PTSD,smoking initiation ,Weighted median,0.302333039,0.109234614,5.64E-03,1.35E+00,1.09E+00,1.68E+00,2.26E-27,4.38E-27,0.991805771
ANX,Unable to work because of sickness or disability,Inverse variance weighted,-1.957492534,0.707491694,5.66E-03,1.41E-01,3.53E-02,5.65E-01,4.62E-43,5.56E-43,0.728913603
BP,"Non-cancer illness code, self-reported: psoriasis ",Weighted median,2.095294906,0.758988054,5.77E-03,8.13E+00,1.84E+00,3.60E+01,9.52E-01,9.05E-01,0.168371825
DEP,Childhood obesity ,Weighted median,0.038064446,0.01401128,6.59E-03,1.04E+00,1.01E+00,1.07E+00,5.83E-01,4.44E-01,0.274383991
ED,Primary sclerosing cholangitis ,Weighted mode,0.052874368,0.016382401,6.61E-03,1.05E+00,1.02E+00,1.09E+00,4.36E-01,3.44E-01,0.145430993
DEP,Current employment status: Unemployed,Inverse variance weighted,-0.483594908,0.178252016,6.67E-03,6.17E-01,4.35E-01,8.74E-01,2.09E-02,2.17E-02,0.852825766
DEP,Current employment status: Unemployed,Inverse variance weighted,-0.483594908,0.178252016,6.67E-03,6.17E-01,4.35E-01,8.74E-01,2.09E-02,2.17E-02,0.852825766
DEP,Educational attainment,MR Egger,0.105538501,0.038877962,6.69E-03,1.11E+00,1.03E+00,1.20E+00,4.18E-02,4.05E-02,0.177159832
PTSD,Educational attainment,Weighted median,0.199023283,0.073685349,6.91E-03,1.22E+00,1.06E+00,1.41E+00,2.71E-14,1.31E-14,0.011722259
ED,Fresh fruit intake ,Inverse variance weighted,-0.934394654,0.348086163,7.27E-03,3.93E-01,1.99E-01,7.77E-01,8.33E-09,1.14E-08,0.641094878
SCZ,Primary sclerosing cholangitis ,Weighted median,-0.047592396,0.017761946,7.37E-03,9.54E-01,9.21E-01,9.87E-01,5.23E-04,1.42E-04,0.183882486
SCZ,Type 1 diabetes ,MR Egger,-0.030257039,0.010687131,7.37E-03,9.70E-01,9.50E-01,9.91E-01,2.89E-07,1.77E-07,0.2824836
OCD,Nitrogen dioxide air pollution; 2010 ,Weighted median,-2.835111241,1.064511282,7.74E-03,5.87E-02,7.29E-03,4.73E-01,1.60E-01,1.05E-01,0.241107647
ADHD,Birth weight ,Weighted median,-0.179830051,0.067681144,7.88E-03,8.35E-01,7.32E-01,9.54E-01,1.00E-03,1.16E-03,0.633601676
DEP,"Illness, injury, bereavement, stress in last 2 years: Death of a spouse or partner",Inverse variance weighted,-0.493825343,0.186326825,8.04E-03,6.10E-01,4.24E-01,8.79E-01,9.96E-02,1.01E-01,0.485657442
SCZ,Extraversion,Inverse variance weighted,0.003556006,0.001343001,8.10E-03,1.00E+00,1.00E+00,1.01E+00,6.71E-04,6.86E-04,0.443857218
SCZ,Primary sclerosing cholangitis ,Inverse variance weighted,-0.05645839,0.021332023,8.13E-03,9.45E-01,9.06E-01,9.85E-01,5.23E-04,1.42E-04,0.183882486
DEP,Qualifications: College or University degree ,Simple mode,-0.751257137,0.282423114,8.35E-03,4.72E-01,2.71E-01,8.21E-01,2.99E-01,3.11E-01,0.634434752
ADHD,Current employment status: Unemployed,Inverse variance weighted,-1.055920305,0.400626799,8.40E-03,3.48E-01,1.59E-01,7.63E-01,1.31E-27,1.37E-27,0.437673351
ADHD,Current employment status: Unemployed,Inverse variance weighted,-1.055920305,0.400626799,8.40E-03,3.48E-01,1.59E-01,7.63E-01,1.31E-27,1.37E-27,0.437673351
ADHD,Trauma exposure ,Weighted median,0.281931146,0.107047678,8.45E-03,1.33E+00,1.07E+00,1.64E+00,4.00E-01,7.40E-03,0.045065228
OCD,Unable to work because of sickness or disability,Inverse variance weighted,-1.623440707,0.618023388,8.62E-03,1.97E-01,5.87E-02,6.62E-01,2.55E-04,2.53E-04,0.299104165
ANX,Educational attainment,Weighted median,0.378752927,0.145331796,9.16E-03,1.46E+00,1.10E+00,1.94E+00,7.40E-79,6.12E-79,0.267199899
ED,Caffeine,Inverse variance weighted,1.351532487,0.51922289,9.24E-03,3.86E+00,1.40E+00,1.07E+01,1.66E-01,1.66E-01,0.347532961
ADHD,Maternal smoking around birth ,Weighted mode,4.533604252,1.509138049,9.47E-03,9.31E+01,4.83E+00,1.79E+03,4.56E-04,1.01E-04,0.17534613
SCZ,Age at first birth ,MR Egger,0.605213736,0.224161653,9.81E-03,1.83E+00,1.18E+00,2.84E+00,3.09E-13,1.34E-13,0.278809734
DEP,Qualifications: College or University degree ,Weighted mode,-0.689458969,0.266250683,1.02E-02,5.02E-01,2.98E-01,8.46E-01,2.99E-01,3.11E-01,0.634434752
BP,Maternal smoking around birth ,Weighted median,1.760189489,0.685495487,1.02E-02,5.81E+00,1.52E+00,2.23E+01,6.71E-02,9.29E-02,0.956658032
BP,"Illness, injury, bereavement, stress in last 2 years: Financial difficulties ",Inverse variance weighted,2.580068021,1.008827037,1.05E-02,1.32E+01,1.83E+00,9.53E+01,6.13E-01,6.55E-01,0.48418943
BP,"Illness, injury, bereavement, stress in last 2 years: Financial difficulties ",Inverse variance weighted,2.580068021,1.008827037,1.05E-02,1.32E+01,1.83E+00,9.53E+01,6.13E-01,6.55E-01,0.48418943
PTSD,Body mass index (BMI) ,Simple mode,0.601124038,0.23422759,1.06E-02,1.82E+00,1.15E+00,2.89E+00,6.63E-60,1.01E-59,0.813425492
PTSD,Behauvioural and emotional disorders with onset usually occuring in childhood and adolescence,Inverse variance weighted,-0.013448247,0.005276916,1.08E-02,9.87E-01,9.76E-01,9.97E-01,1.65E-01,1.56E-01,0.070420239
ADHD,Maternal smoking around birth ,Weighted mode,4.533604252,1.546232751,1.09E-02,9.31E+01,4.50E+00,1.93E+03,4.56E-04,1.01E-04,0.17534613
ASD,Trauma exposure ,Inverse variance weighted,0.21898553,0.086505643,1.14E-02,1.24E+00,1.05E+00,1.47E+00,8.43E-01,8.67E-01,0.555428028
BP,"Non-cancer illness code, self-reported: psoriasis ",Weighted mode,2.166948459,0.775555778,1.20E-02,8.73E+00,1.91E+00,3.99E+01,9.52E-01,9.05E-01,0.168371825
SCZ,Intelligence ,Weighted median,-0.201378509,0.080402104,1.23E-02,8.18E-01,6.98E-01,9.57E-01,6.21E-49,1.56E-49,0.232036593
ED,Serum 25-Hydroxyvitamin D levels ,Simple mode,0.612854356,0.241531451,1.28E-02,1.85E+00,1.15E+00,2.96E+00,4.60E-05,9.74E-06,0.021248455
BP,Maternal smoking around birth ,Weighted median,1.760189489,0.707351824,1.28E-02,5.81E+00,1.45E+00,2.33E+01,6.71E-02,9.29E-02,0.956658032
ADHD,Childhood obesity ,Weighted median,0.089812092,0.036181762,1.31E-02,1.09E+00,1.02E+00,1.17E+00,8.89E-02,8.42E-03,0.167232227
ED,Trauma exposure ,Inverse variance weighted,-0.332862855,0.134264448,1.32E-02,7.17E-01,5.51E-01,9.33E-01,7.16E-01,7.78E-01,0.565530554
BP,Age-related hearing impairment (MTAG) ,Inverse variance weighted,-0.391253673,0.158854325,1.38E-02,6.76E-01,4.95E-01,9.23E-01,5.47E-01,6.00E-01,0.791362667
SCZ,Body mass index (BMI) ,MR Egger,0.356287699,0.1452158,1.45E-02,1.43E+00,1.07E+00,1.90E+00,6.63E-60,1.01E-59,0.813425492
DEP,"Illness, injury, bereavement, stress in last 2 years: Financial difficulties ",Simple mode,3.154233261,1.047560815,1.47E-02,2.34E+01,3.01E+00,1.83E+02,3.55E-01,4.44E-01,0.731465866
ANX,Neuroticism score ,Weighted mode,0.514149651,0.208037769,1.50E-02,1.67E+00,1.11E+00,2.51E+00,1.16E-01,8.85E-02,0.078855935
DEP,"Illness, injury, bereavement, stress in last 2 years: Financial difficulties ",Weighted mode,2.995467916,0.998846248,1.50E-02,2.00E+01,2.82E+00,1.42E+02,3.55E-01,4.44E-01,0.731465866
PTSD,Age at first birth ,Weighted median,-0.126826325,0.052145285,1.50E-02,8.81E-01,7.95E-01,9.76E-01,3.09E-13,1.34E-13,0.278809734
DEP,Body mass index (BMI) ,Weighted mode,0.115176244,0.047360996,1.54E-02,1.12E+00,1.02E+00,1.23E+00,2.57E-14,3.16E-14,0.736769716
BP,Primary sclerosing cholangitis ,MR Egger,-0.07388935,0.026878696,1.57E-02,9.29E-01,8.81E-01,9.79E-01,3.17E-01,3.92E-01,0.843794435
OCD,Qualifications: College or University degree ,Weighted median,-1.060645264,0.441460957,1.63E-02,3.46E-01,1.46E-01,8.23E-01,7.01E-11,6.87E-12,0.008009552
ADHD,Tea intake ,Simple mode,-0.745683341,0.297873277,1.67E-02,4.74E-01,2.65E-01,8.51E-01,9.24E-09,1.34E-08,0.66879725
SCZ,Autoimmune diseases ,Weighted mode,-0.106397397,0.042700955,1.69E-02,8.99E-01,8.27E-01,9.78E-01,2.74E-05,3.77E-05,0.700159744
ADHD,"Illness, injury, bereavement, stress in last 2 years: Financial difficulties ",Weighted mode,5.517869009,1.691746172,1.72E-02,2.49E+02,9.04E+00,6.86E+03,7.31E-04,7.84E-04,0.543584028
SCZ,Qualifications: College or University degree ,MR Egger,1.965294655,0.821502044,1.75E-02,7.14E+00,1.43E+00,3.57E+01,3.43E-52,4.00E-52,0.530344877
ADHD,Childhood obesity ,Inverse variance weighted,0.103752901,0.04381164,1.79E-02,1.11E+00,1.02E+00,1.21E+00,8.89E-02,8.42E-03,0.167232227
ASD,Serum 25-Hydroxyvitamin D levels ,Simple mode,0.474783183,0.197761308,1.80E-02,1.61E+00,1.09E+00,2.37E+00,1.06E-01,1.16E-01,0.636334511
DEP,Extraversion,Weighted median,0.002001647,0.000846588,1.81E-02,1.00E+00,1.00E+00,1.00E+00,2.10E-01,2.11E-01,0.406035228
ANX,smoking initiation ,Inverse variance weighted,0.313404853,0.132822477,1.83E-02,1.37E+00,1.05E+00,1.77E+00,4.01E-01,4.31E-01,0.98282675
PTSD,Congenital cytomegalovirus infection,Inverse variance weighted,-0.172507605,0.073589297,1.91E-02,8.42E-01,7.29E-01,9.72E-01,8.28E-01,8.99E-01,0.740545056
ALZ,Intelligence ,Weighted median,-0.174785748,0.074953718,1.97E-02,8.40E-01,7.25E-01,9.73E-01,3.88E-09,4.32E-09,0.491761243
DEP,"Illness, injury, bereavement, stress in last 2 years: Financial difficulties ",Simple mode,3.154233261,1.12146664,2.03E-02,2.34E+01,2.60E+00,2.11E+02,3.55E-01,4.44E-01,0.731465866
ASD,Trauma exposure ,Weighted median,0.231775898,0.10042856,2.10E-02,1.26E+00,1.04E+00,1.54E+00,8.43E-01,8.67E-01,0.555428028
ED,Primary sclerosing cholangitis ,Simple mode,0.080848484,0.030883881,2.13E-02,1.08E+00,1.02E+00,1.15E+00,4.36E-01,3.44E-01,0.145430993
ASD,Fresh fruit intake ,Weighted median,0.891343198,0.387741455,2.15E-02,2.44E+00,1.14E+00,5.21E+00,4.30E-01,4.17E-01,0.253656155
SCZ,Type 1 diabetes ,Inverse variance weighted,-0.016427658,0.007154638,2.17E-02,9.84E-01,9.70E-01,9.98E-01,2.89E-07,1.77E-07,0.2824836
ADHD,Current employment status: Retired,Weighted median,0.310997568,0.135676665,2.19E-02,1.36E+00,1.05E+00,1.78E+00,6.63E-12,6.82E-12,0.41326421
ED,Trauma exposure ,Weighted median,-0.301321427,0.131870239,2.23E-02,7.40E-01,5.71E-01,9.58E-01,7.16E-01,7.78E-01,0.565530554
SCZ,"Illness, injury, bereavement, stress in last 2 years: Death of a spouse or partner",MR Egger,-1.922687521,0.841720288,2.25E-02,1.46E-01,2.81E-02,7.61E-01,1.16E-08,1.08E-08,0.194371799
ADHD,Neuroticism score ,Weighted mode,0.192224895,0.08306414,2.25E-02,1.21E+00,1.03E+00,1.43E+00,1.82E-12,2.46E-12,0.677211234
ADHD,Sleeplessness / insomnia ,Inverse variance weighted,0.747404001,0.327808753,2.26E-02,2.11E+00,1.11E+00,4.01E+00,7.23E-19,7.99E-19,0.546926226
OCD,Nitrogen dioxide air pollution; 2010 ,Inverse variance weighted,-1.998192904,0.879030078,2.30E-02,1.36E-01,2.42E-02,7.59E-01,1.60E-01,1.05E-01,0.241107647
ASD,Neuroticism score ,Inverse variance weighted,0.090737394,0.040008793,2.33E-02,1.09E+00,1.01E+00,1.18E+00,1.16E-01,8.85E-02,0.078855935
ADHD,"Illness, injury, bereavement, stress in last 2 years: Financial difficulties ",Weighted mode,5.517869009,1.826760133,2.34E-02,2.49E+02,6.94E+00,8.94E+03,7.31E-04,7.84E-04,0.543584028
DEP,"Illness, injury, bereavement, stress in last 2 years: Financial difficulties ",Weighted mode,2.995467916,1.100508735,2.35E-02,2.00E+01,2.31E+00,1.73E+02,3.55E-01,4.44E-01,0.731465866
SCZ,Mineral and other dietary supplements: Zinc ,Inverse variance weighted,4.775730099,2.110094536,2.36E-02,1.19E+02,1.90E+00,7.42E+03,2.58E-01,5.17E-01,0.886047001
PTSD,Body mass index (BMI) ,Weighted mode,0.320537554,0.141160271,2.37E-02,1.38E+00,1.04E+00,1.82E+00,6.63E-60,1.01E-59,0.813425492
ANX,Age at first birth ,Inverse variance weighted,-0.160636001,0.071197089,2.41E-02,8.52E-01,7.41E-01,9.79E-01,2.94E-01,3.06E-01,0.438959952
ALZ,Educational attainment,Weighted median,0.115460937,0.051285546,2.44E-02,1.12E+00,1.02E+00,1.24E+00,3.94E-01,4.59E-01,0.673752198
BP,"Non-cancer illness code, self-reported: psoriasis ",Inverse variance weighted,1.953882,0.868748161,2.45E-02,7.06E+00,1.29E+00,3.87E+01,9.52E-01,9.05E-01,0.168371825
ED,Gestational diabetes (for exclusion) ,Inverse variance weighted,0.116097791,0.051642795,2.46E-02,1.12E+00,1.01E+00,1.24E+00,8.65E-01,9.15E-01,0.662995418
ED,Gestational diabetes (for exclusion) ,Inverse variance weighted,0.116097791,0.051642795,2.46E-02,1.12E+00,1.01E+00,1.24E+00,8.65E-01,9.15E-01,0.662995418
DEP,Alzheimer's disease or family history of Alzheimer's disease ,Weighted mode,-0.021323825,0.009077089,2.48E-02,9.79E-01,9.62E-01,9.96E-01,2.36E-01,2.37E-01,0.351905335
BP,Sleeplessness / insomnia ,Inverse variance weighted,0.633631422,0.282272596,2.48E-02,1.88E+00,1.08E+00,3.28E+00,4.11E-01,4.31E-01,0.461291419
DEP,Maternal smoking around birth ,Weighted mode,0.921274454,0.366754739,2.60E-02,2.51E+00,1.22E+00,5.16E+00,1.26E-03,2.10E-03,0.872675286
ADHD,"Illness, injury, bereavement, stress in last 2 years: Financial difficulties ",Simple mode,5.446636623,1.855052737,2.61E-02,2.32E+02,6.11E+00,8.80E+03,7.31E-04,7.84E-04,0.543584028
ADHD,Qualifications: College or University degree ,MR Egger,-1.3115369,0.587392074,2.65E-02,2.69E-01,8.52E-02,8.52E-01,1.18E-25,1.37E-25,0.526042364
PTSD,Unspecified maternal hypertension,MR Egger,-0.004791475,0.002164495,2.69E-02,9.95E-01,9.91E-01,9.99E-01,2.71E-01,2.72E-01,0.371759617
SCZ,Trauma exposure ,Weighted mode,0.286641738,0.084149883,2.71E-02,1.33E+00,1.13E+00,1.57E+00,1.20E-02,1.69E-02,0.618837049
SCZ,Nitrogen dioxide air pollution; 2010 ,Weighted median,0.797205978,0.36181223,2.76E-02,2.22E+00,1.09E+00,4.51E+00,3.06E-03,6.01E-03,0.906361827
DEP,Living alone,MR Egger,-1.450632416,0.65844639,2.77E-02,2.34E-01,6.45E-02,8.52E-01,3.88E-01,3.94E-01,0.750780149
ADHD,"Illness, injury, bereavement, stress in last 2 years: Financial difficulties ",Simple mode,5.446636623,1.904065436,2.88E-02,2.32E+02,5.55E+00,9.69E+03,7.31E-04,7.84E-04,0.543584028
PTSD,Mumps,Weighted median,0.007528878,0.00344397,2.88E-02,1.01E+00,1.00E+00,1.01E+00,1.53E-02,1.48E-02,0.172959629
ANX,Intelligence ,Inverse variance weighted,-0.287310056,0.131446489,2.88E-02,7.50E-01,5.80E-01,9.71E-01,4.32E-01,4.45E-01,0.508952987
ASD,Serum 25-Hydroxyvitamin D levels ,MR Egger,0.25769829,0.116530662,2.90E-02,1.29E+00,1.03E+00,1.63E+00,1.06E-01,1.16E-01,0.636334511
DEP,Iron intake,MR Egger,-1.943641858,0.895014812,3.00E-02,1.43E-01,2.48E-02,8.27E-01,4.26E-01,4.23E-01,0.225977787
ASD,Alzheimer's disease or family history of Alzheimer's disease ,Inverse variance weighted,0.053198572,0.024653427,3.09E-02,1.05E+00,1.00E+00,1.11E+00,1.20E-02,1.54E-02,0.736557952
DEP,Tea intake ,Weighted mode,0.16229606,0.072551032,3.11E-02,1.18E+00,1.02E+00,1.36E+00,1.11E-01,1.27E-01,0.630058391
PTSD,"Illness, injury, bereavement, stress in last 2 years: Death of a spouse or partner",MR Egger,-2.473635385,1.147309387,3.12E-02,8.43E-02,8.89E-03,7.99E-01,1.16E-08,1.08E-08,0.194371799
OCD,Qualifications: College or University degree ,Simple mode,-3.306683819,1.528919418,3.17E-02,3.66E-02,1.83E-03,7.33E-01,7.01E-11,6.87E-12,0.008009552
ED,Mineral and other dietary supplements: Zinc ,Inverse variance weighted,-7.171271764,3.342694889,3.19E-02,7.68E-04,1.10E-06,5.38E-01,3.91E-02,8.97E-02,0.77722608
SCZ,"Illness, injury, bereavement, stress in last 2 years: Death of a spouse or partner",Inverse variance weighted,-0.849650875,0.396141819,3.20E-02,4.28E-01,1.97E-01,9.29E-01,1.16E-08,1.08E-08,0.194371799
BP,"Diagnoses - secondary ICD10: E03.9 Hypothyroidism, unspecified ",Inverse variance weighted,-2.208520433,1.0315086,3.23E-02,1.10E-01,1.45E-02,8.30E-01,8.01E-01,8.15E-01,0.468424168
ALZ,Educational attainment,Inverse variance weighted,0.070400247,0.032904815,3.24E-02,1.07E+00,1.01E+00,1.14E+00,3.94E-01,4.59E-01,0.673752198
ANX,"Illness, injury, bereavement, stress in last 2 years: Death of a spouse or partner",Inverse variance weighted,-2.316760871,1.083331713,3.25E-02,9.86E-02,1.18E-02,8.24E-01,3.62E-27,4.32E-27,0.964007176
DEP,Diagnoses - secondary ICD10: I10 Essential (primary) hypertension ,Inverse variance weighted,0.380127071,0.177853542,3.26E-02,1.46E+00,1.03E+00,2.07E+00,3.02E-02,3.57E-02,0.763537701
ADHD,Trauma exposure ,MR Egger,3.861028549,1.027733278,3.30E-02,4.75E+01,6.34E+00,3.56E+02,4.00E-01,7.40E-03,0.045065228
DEP,Maternal smoking around birth ,Simple mode,0.970674561,0.407818192,3.33E-02,2.64E+00,1.19E+00,5.87E+00,1.26E-03,2.10E-03,0.872675286
DEP,Alzheimer's disease or family history of Alzheimer's disease ,MR Egger,-0.027405081,0.012338769,3.33E-02,9.73E-01,9.50E-01,9.97E-01,2.36E-01,2.37E-01,0.351905335
SCZ,"Illness, injury, bereavement, stress in last 2 years: Death of a spouse or partner",Weighted median,-1.016936305,0.478787668,3.37E-02,3.62E-01,1.42E-01,9.24E-01,1.16E-08,1.08E-08,0.194371799
ED,Type 2 diabetes ,Weighted median,0.078518955,0.036971633,3.37E-02,1.08E+00,1.01E+00,1.16E+00,1.63E-01,1.80E-01,0.96794149
OCD,Heart rate ,MR Egger,-0.158370622,0.066739567,3.37E-02,8.54E-01,7.49E-01,9.73E-01,6.88E-01,6.94E-01,0.381703376
ADHD,Diagnoses - secondary ICD10: I10 Essential (primary) hypertension ,Inverse variance weighted,0.738510701,0.348655282,3.42E-02,2.09E+00,1.06E+00,4.14E+00,3.69E-05,1.64E-05,0.122165029
ALZ,Tea intake ,Weighted mode,0.324161781,0.147594415,3.42E-02,1.38E+00,1.04E+00,1.85E+00,1.49E-01,8.22E-02,0.058657196
SCZ,"Diagnoses - main ICD10: J45.9 Asthma, unspecified ",Inverse variance weighted,-36.15581713,17.10745551,3.46E-02,1.98E-16,5.44E-31,7.24E-02,1.22E-03,2.50E-03,0.790492349
DEP,Maternal smoking around birth ,Simple mode,0.970674561,0.414457792,3.58E-02,2.64E+00,1.17E+00,5.95E+00,1.26E-03,2.10E-03,0.872675286
PTSD,Trauma exposure ,Weighted mode,0.476679134,0.153415065,3.60E-02,1.61E+00,1.19E+00,2.18E+00,1.20E-02,1.69E-02,0.618837049
PTSD,Living alone,Inverse variance weighted,-1.66612606,0.795157542,3.61E-02,1.89E-01,3.98E-02,8.98E-01,6.13E-04,5.91E-04,0.212492766
ADHD,"Illness, injury, bereavement, stress in last 2 years: Financial difficulties ",Inverse variance weighted,3.78351215,1.805860938,3.62E-02,4.40E+01,1.28E+00,1.51E+03,7.31E-04,7.84E-04,0.543584028
ADHD,"Illness, injury, bereavement, stress in last 2 years: Financial difficulties ",Inverse variance weighted,3.78351215,1.805860938,3.62E-02,4.40E+01,1.28E+00,1.51E+03,7.31E-04,7.84E-04,0.543584028
ED,Type 1 diabetes ,Simple mode,0.078603122,0.035637277,3.68E-02,1.08E+00,1.01E+00,1.16E+00,9.77E-01,9.82E-01,0.667597956
PTSD,Unspecified maternal hypertension,Inverse variance weighted,-0.002661905,0.001277883,3.72E-02,9.97E-01,9.95E-01,1.00E+00,2.71E-01,2.72E-01,0.371759617
BP,Autoimmune diseases ,MR Egger,-0.087078454,0.040424958,3.73E-02,9.17E-01,8.47E-01,9.92E-01,9.36E-01,9.11E-01,0.166070761
ANX,Age-related hearing impairment (MTAG) ,Inverse variance weighted,-0.784336664,0.376722941,3.73E-02,4.56E-01,2.18E-01,9.55E-01,5.47E-01,6.00E-01,0.791362667
ASD,Tea intake ,Inverse variance weighted,-0.312388483,0.150539044,3.80E-02,7.32E-01,5.45E-01,9.83E-01,3.20E-02,3.75E-02,0.591047064
OCD,Neuroticism score ,MR Egger,-0.645335892,0.307351072,3.83E-02,5.24E-01,2.87E-01,9.58E-01,1.55E-10,6.41E-11,0.134958317
ADHD,"Illness, injury, bereavement, stress in last 2 years: Death of a spouse or partner",Inverse variance weighted,-0.879283093,0.424727165,3.84E-02,4.15E-01,1.81E-01,9.54E-01,3.62E-27,4.32E-27,0.964007176
BP,"Illness, injury, bereavement, stress in last 2 years: Financial difficulties ",Weighted median,2.410368983,1.165375232,3.86E-02,1.11E+01,1.13E+00,1.09E+02,6.13E-01,6.55E-01,0.48418943
ANX,Age-related hearing impairment (MTAG) ,Weighted median,-1.080117246,0.52276014,3.88E-02,3.40E-01,1.22E-01,9.46E-01,5.47E-01,6.00E-01,0.791362667
PTSD,Sleeplessness / insomnia ,Inverse variance weighted,0.49180692,0.238085343,3.89E-02,1.64E+00,1.03E+00,2.61E+00,1.01E-12,1.94E-12,0.955004357
SCZ,smoking initiation ,Simple mode,0.52021289,0.248673316,3.95E-02,1.68E+00,1.03E+00,2.74E+00,2.26E-27,4.38E-27,0.991805771
ADHD,Body mass index (BMI) ,Simple mode,0.405524127,0.196789545,3.99E-02,1.50E+00,1.02E+00,2.21E+00,9.30E-35,1.63E-37,0.000585481
SCZ,Sleeplessness / insomnia ,Weighted median,-0.507571995,0.247095605,4.00E-02,6.02E-01,3.71E-01,9.77E-01,1.01E-12,1.94E-12,0.955004357
PTSD,College completion ,Inverse variance weighted,0.28739795,0.140230866,4.04E-02,1.33E+00,1.01E+00,1.75E+00,6.04E-01,8.71E-01,0.943669546
ED,Iron intake,MR Egger,5.904592503,2.880567719,4.06E-02,3.67E+02,1.30E+00,1.04E+05,4.26E-01,4.23E-01,0.225977787
ALZ,Tea intake ,MR Egger,0.51833807,0.244235354,4.06E-02,1.68E+00,1.04E+00,2.71E+00,1.49E-01,8.22E-02,0.058657196
BP,"Non-cancer illness code, self-reported: psoriasis ",Simple mode,6.311747506,2.861794863,4.07E-02,5.51E+02,2.02E+00,1.50E+05,9.52E-01,9.05E-01,0.168371825
PTSD,Trauma exposure ,Simple mode,0.467139455,0.157129332,4.10E-02,1.60E+00,1.17E+00,2.17E+00,1.20E-02,1.69E-02,0.618837049
OCD,Primary sclerosing cholangitis ,Weighted median,-0.070889802,0.0346945,4.10E-02,9.32E-01,8.70E-01,9.97E-01,4.36E-01,3.44E-01,0.145430993
ADHD,Neuroticism score ,Simple mode,0.174894463,0.084765629,4.14E-02,1.19E+00,1.01E+00,1.41E+00,1.82E-12,2.46E-12,0.677211234
BP,"Illness, injury, bereavement, stress in last 2 years: Financial difficulties ",Weighted median,2.410368983,1.186014501,4.21E-02,1.11E+01,1.09E+00,1.14E+02,6.13E-01,6.55E-01,0.48418943
PTSD,Neuroticism score ,MR Egger,0.313204499,0.15239341,4.22E-02,1.37E+00,1.01E+00,1.84E+00,1.78E-29,3.12E-29,0.849084363
ED,Primary biliary cirrhosis ,Weighted mode,-0.045513684,0.021144827,4.31E-02,9.56E-01,9.17E-01,9.96E-01,7.11E-03,9.34E-03,0.653885458
ED,Serum 25-Hydroxyvitamin D levels ,Weighted mode,0.202875786,0.099464994,4.42E-02,1.22E+00,1.01E+00,1.49E+00,4.60E-05,9.74E-06,0.021248455
OCD,Intelligence ,Inverse variance weighted,-0.303663725,0.151084738,4.44E-02,7.38E-01,5.49E-01,9.92E-01,1.44E-11,1.54E-11,0.454530892
DEP,Diabetes mellitus ,Weighted mode,-0.032799754,0.016071757,4.65E-02,9.68E-01,9.38E-01,9.99E-01,5.60E-01,5.56E-01,0.300889221
ALZ,Qualifications: College or University degree ,Weighted median,-0.308510083,0.156053651,4.80E-02,7.35E-01,5.41E-01,9.97E-01,3.94E-01,4.59E-01,0.61001471
DEP,Alzheimer's disease or family history of Alzheimer's disease ,Weighted median,-0.020872168,0.010563468,4.82E-02,9.79E-01,9.59E-01,1.00E+00,2.36E-01,2.37E-01,0.351905335
SCZ,Sleeplessness / insomnia ,Weighted mode,-0.616990836,0.303835028,4.93E-02,5.40E-01,2.97E-01,9.79E-01,1.01E-12,1.94E-12,0.955004357
SCZ,"Diagnoses - secondary ICD10: E03.9 Hypothyroidism, unspecified ",Simple mode,-4.464855155,2.192650212,4.93E-02,1.15E-02,1.57E-04,8.46E-01,3.33E-07,3.55E-07,0.477148258
DEP,Maternal smoking around birth ,Weighted mode,0.921274454,0.425140276,4.94E-02,2.51E+00,1.09E+00,5.78E+00,1.26E-03,2.10E-03,0.872675286
ED,Type 2 diabetes ,Inverse variance weighted,0.047541443,0.024248231,4.99E-02,1.05E+00,1.00E+00,1.10E+00,1.63E-01,1.80E-01,0.96794149
PTSD,Caffeine,Inverse variance weighted,-0.881988138,0.450676729,5.03E-02,4.14E-01,1.71E-01,1.00E+00,3.31E-07,3.44E-07,0.479720895
PTSD,Extraversion,Weighted median,-0.005556424,0.002843125,5.07E-02,9.94E-01,9.89E-01,1.00E+00,6.71E-04,6.86E-04,0.443857218
ALZ,Childhood obesity ,Inverse variance weighted,-0.048670479,0.024948115,5.11E-02,9.52E-01,9.07E-01,1.00E+00,6.45E-01,7.97E-01,0.948885633
BP,Maternal smoking around birth ,Weighted mode,3.137250822,1.480769104,5.12E-02,2.30E+01,1.26E+00,4.20E+02,6.71E-02,9.29E-02,0.956658032
ED,"Illness, injury, bereavement, stress in last 2 years: Financial difficulties ",Inverse variance weighted,-4.125267409,2.129782839,5.28E-02,1.62E-02,2.49E-04,1.05E+00,3.55E-01,4.44E-01,0.731465866
ED,"Illness, injury, bereavement, stress in last 2 years: Financial difficulties ",Inverse variance weighted,-4.125267409,2.129782839,5.28E-02,1.62E-02,2.49E-04,1.05E+00,3.55E-01,4.44E-01,0.731465866
BP,"Diagnoses - secondary ICD10: E03.9 Hypothyroidism, unspecified ",Weighted median,-1.978556128,1.023403991,5.32E-02,1.38E-01,1.86E-02,1.03E+00,8.01E-01,8.15E-01,0.468424168
ALZ,"Diagnoses - main ICD10: J45.9 Asthma, unspecified ",Weighted median,-20.96557918,10.8871,5.41E-02,7.85E-10,4.24E-19,1.45E+00,3.63E-01,7.16E-02,0.156832002
OCD,Type 2 diabetes ,Inverse variance weighted,0.076568127,0.039845608,5.47E-02,1.08E+00,9.98E-01,1.17E+00,1.63E-01,1.80E-01,0.96794149
ANX,"Illness, injury, bereavement, stress in last 2 years: Financial difficulties ",Weighted median,5.915089407,3.07913885,5.47E-02,3.71E+02,8.87E-01,1.55E+05,6.13E-01,6.55E-01,0.48418943
SCZ,smoking initiation ,Weighted mode,0.508433346,0.261634949,5.53E-02,1.66E+00,9.96E-01,2.78E+00,2.26E-27,4.38E-27,0.991805771
ASD,Neuroticism score ,MR Egger,0.382578375,0.197877586,5.57E-02,1.47E+00,9.95E-01,2.16E+00,1.16E-01,8.85E-02,0.078855935
BP,Trauma exposure ,Inverse variance weighted,0.196475235,0.102762133,5.59E-02,1.22E+00,9.95E-01,1.49E+00,8.43E-01,8.67E-01,0.555428028
PTSD,"Illness, injury, bereavement, stress in last 2 years: Financial difficulties ",Simple mode,7.177870764,3.215942333,5.61E-02,1.31E+03,2.40E+00,7.16E+05,5.73E-01,1.51E-01,0.040689839
BP,Maternal smoking around birth ,Weighted mode,3.137250822,1.517447831,5.64E-02,2.30E+01,1.18E+00,4.51E+02,6.71E-02,9.29E-02,0.956658032
DEP,Childhood obesity ,Weighted mode,0.04309313,0.016218909,5.66E-02,1.04E+00,1.01E+00,1.08E+00,5.83E-01,4.44E-01,0.274383991
ED,Primary biliary cirrhosis ,Weighted median,-0.031754607,0.016656307,5.66E-02,9.69E-01,9.38E-01,1.00E+00,7.11E-03,9.34E-03,0.653885458
PTSD,Mineral and other dietary supplements: Zinc ,Weighted median,-10.06011262,5.277574517,5.66E-02,4.28E-05,1.38E-09,1.33E+00,2.58E-01,5.17E-01,0.886047001
SCZ,Fresh fruit intake ,MR Egger,2.232944375,1.14624504,5.69E-02,9.33E+00,9.86E-01,8.82E+01,8.09E-21,7.99E-21,0.497506373
SCZ,"Diagnoses - secondary ICD10: M06.99 Rheumatoid arthritis, unspecified (Site unspecified) ",Weighted mode,19.74699589,5.005011942,5.86E-02,3.77E+08,2.07E+04,6.86E+12,1.49E-01,6.18E-02,0.419052098
PTSD,Current employment status: Unemployed,Weighted median,-1.410396078,0.748476792,5.95E-02,2.44E-01,5.63E-02,1.06E+00,1.18E-03,1.22E-03,0.485133606
ED,Gestational diabetes (for exclusion) ,Weighted median,0.111795583,0.059379169,5.97E-02,1.12E+00,9.95E-01,1.26E+00,8.65E-01,9.15E-01,0.662995418
ASD,Chickenpox,Weighted median,-3.159964623,1.680040901,6.00E-02,4.24E-02,1.58E-03,1.14E+00,7.34E-27,8.28E-27,0.600212941
ALZ,Iron intake,MR Egger,3.303872274,1.755954979,6.01E-02,2.72E+01,8.71E-01,8.50E+02,3.94E-01,4.59E-01,0.053714618
SCZ,Current employment status: Unemployed,MR Egger,-1.507197084,0.803068035,6.07E-02,2.22E-01,4.59E-02,1.07E+00,1.18E-03,1.22E-03,0.485133606
SCZ,Current employment status: Unemployed,MR Egger,-1.507197084,0.803068035,6.07E-02,2.22E-01,4.59E-02,1.07E+00,1.18E-03,1.22E-03,0.485133606
ANX,Fresh fruit intake ,Inverse variance weighted,0.892078542,0.476376513,6.11E-02,2.44E+00,9.59E-01,6.21E+00,4.30E-01,4.17E-01,0.253656155
OCD,"Non-cancer illness code, self-reported: psoriasis ",Inverse variance weighted,9.101379665,4.86066005,6.11E-02,8.97E+03,6.53E-01,1.23E+08,1.37E-02,1.99E-02,0.881156109
ED,Serum 25-Hydroxyvitamin D levels ,Inverse variance weighted,0.172790763,0.092336231,6.13E-02,1.19E+00,9.92E-01,1.42E+00,4.60E-05,9.74E-06,0.021248455
DEP,Childhood obesity ,Simple mode,0.042746065,0.016695328,6.26E-02,1.04E+00,1.01E+00,1.08E+00,5.83E-01,4.44E-01,0.274383991
DEP,Current employment status: Retired,Inverse variance weighted,0.066107452,0.035532377,6.28E-02,1.07E+00,9.96E-01,1.15E+00,1.57E-01,1.63E-01,0.964580618
ASD,Birth weight ,Weighted median,0.174796289,0.093992425,6.29E-02,1.19E+00,9.91E-01,1.43E+00,3.36E-01,3.10E-01,0.144352315
PTSD,"Illness, injury, bereavement, stress in last 2 years: Financial difficulties ",Simple mode,7.177870764,3.327797233,6.31E-02,1.31E+03,1.93E+00,8.91E+05,5.73E-01,1.51E-01,0.040689839
BP,Educational attainment,MR Egger,-0.156990522,0.084470142,6.32E-02,8.55E-01,7.24E-01,1.01E+00,4.18E-02,4.05E-02,0.177159832
BP,Behauvioural and emotional disorders with onset usually occuring in childhood and adolescence,Inverse variance weighted,-0.006907263,0.003725342,6.37E-02,9.93E-01,9.86E-01,1.00E+00,2.99E-01,3.02E-01,0.414593205
BP,smoking initiation ,Weighted mode,0.603953185,0.321963199,6.42E-02,1.83E+00,9.73E-01,3.44E+00,4.01E-01,4.31E-01,0.98282675
DEP,Serum 25-Hydroxyvitamin D levels ,Simple mode,0.104477201,0.055903204,6.42E-02,1.11E+00,9.95E-01,1.24E+00,4.60E-05,9.74E-06,0.021248455
PTSD,Primary sclerosing cholangitis ,Weighted mode,-0.045833104,0.02319473,6.46E-02,9.55E-01,9.13E-01,1.00E+00,5.23E-04,1.42E-04,0.183882486
PTSD,Current employment status: Unemployed,Weighted median,-1.410396078,0.763437903,6.47E-02,2.44E-01,5.47E-02,1.09E+00,1.18E-03,1.22E-03,0.485133606
BP,Maternal smoking around birth ,Simple mode,3.333951638,1.673591686,6.49E-02,2.80E+01,1.06E+00,7.46E+02,6.71E-02,9.29E-02,0.956658032
DEP,Tea intake ,Weighted median,0.128104073,0.069579655,6.56E-02,1.14E+00,9.92E-01,1.30E+00,1.11E-01,1.27E-01,0.630058391
ED,Diagnoses - main ICD10: I25.1 Atherosclerotic heart disease ,Weighted median,-3.071066499,1.668170463,6.56E-02,4.64E-02,1.76E-03,1.22E+00,7.34E-03,8.56E-03,0.527309938
ANX,Sleeplessness / insomnia ,Inverse variance weighted,0.853942362,0.46420588,6.58E-02,2.35E+00,9.46E-01,5.83E+00,4.11E-01,4.31E-01,0.461291419
ANX,"Illness, injury, bereavement, stress in last 2 years: Financial difficulties ",Weighted median,5.915089407,3.222819434,6.64E-02,3.71E+02,6.69E-01,2.05E+05,6.13E-01,6.55E-01,0.48418943
ED,Unable to work because of sickness or disability,Inverse variance weighted,0.681186368,0.371316975,6.66E-02,1.98E+00,9.54E-01,4.09E+00,8.40E-02,8.69E-02,0.9157505
PTSD,"Illness, injury, bereavement, stress in last 2 years: Financial difficulties ",Weighted mode,7.226464494,3.413293816,6.71E-02,1.38E+03,1.71E+00,1.11E+06,5.73E-01,1.51E-01,0.040689839
SCZ,Caffeine,Inverse variance weighted,-0.607592279,0.331973357,6.72E-02,5.45E-01,2.84E-01,1.04E+00,3.31E-07,3.44E-07,0.479720895
BP,Operative procedures,Inverse variance weighted,-1.548340472,0.845992637,6.72E-02,2.13E-01,4.05E-02,1.12E+00,1.32E-01,1.36E-01,0.949318884
OCD,Diagnoses - secondary ICD10: I10 Essential (primary) hypertension ,Weighted median,2.069684886,1.134194684,6.80E-02,7.92E+00,8.58E-01,7.32E+01,3.02E-02,3.57E-02,0.763537701
ADHD,Intelligence ,Simple mode,-0.416129074,0.22714717,6.91E-02,6.60E-01,4.23E-01,1.03E+00,8.19E-17,1.09E-16,0.643105235
BP,Tea intake ,Weighted mode,0.315131645,0.168946255,6.99E-02,1.37E+00,9.84E-01,1.91E+00,3.20E-02,3.75E-02,0.591047064
DEP,Primary sclerosing cholangitis ,Weighted median,-0.013734657,0.007587157,7.03E-02,9.86E-01,9.72E-01,1.00E+00,4.36E-01,3.44E-01,0.145430993
OCD,Primary sclerosing cholangitis ,Weighted mode,-0.075675619,0.038415642,7.05E-02,9.27E-01,8.60E-01,1.00E+00,4.36E-01,3.44E-01,0.145430993
SCZ,Diagnoses - secondary ICD10: I10 Essential (primary) hypertension ,Simple mode,-1.694455385,0.922420292,7.07E-02,1.84E-01,3.01E-02,1.12E+00,3.20E-10,5.07E-10,0.929020551
ALZ,Unspecified maternal hypertension,Inverse variance weighted,-0.001606571,0.00089213,7.17E-02,9.98E-01,9.97E-01,1.00E+00,3.94E-01,4.59E-01,0.780722514
OCD,Maternal smoking around birth ,MR Egger,11.65778357,5.966274834,7.26E-02,1.16E+05,9.65E-01,1.39E+10,1.26E-03,2.10E-03,0.872675286
OCD,Maternal smoking around birth ,MR Egger,11.65778357,5.966274834,7.26E-02,1.16E+05,9.65E-01,1.39E+10,1.26E-03,2.10E-03,0.872675286
ADHD,Birth weight ,Inverse variance weighted,-0.0889759,0.049638106,7.31E-02,9.15E-01,8.30E-01,1.01E+00,1.00E-03,1.16E-03,0.633601676
BP,Age at first birth ,Inverse variance weighted,-0.081612495,0.045588031,7.34E-02,9.22E-01,8.43E-01,1.01E+00,2.94E-01,3.06E-01,0.438959952
ED,Gestational diabetes (for exclusion) ,Weighted median,0.111795583,0.062477739,7.36E-02,1.12E+00,9.89E-01,1.26E+00,8.65E-01,9.15E-01,0.662995418
ED,Mumps,Inverse variance weighted,0.004799665,0.002684494,7.38E-02,1.00E+00,1.00E+00,1.01E+00,2.24E-01,2.26E-01,0.379057929
DEP,Body mass index (BMI) ,Simple mode,0.154525752,0.086456145,7.46E-02,1.17E+00,9.85E-01,1.38E+00,2.57E-14,3.16E-14,0.736769716
OCD,Diagnoses - secondary ICD10: I10 Essential (primary) hypertension ,Inverse variance weighted,1.427504739,0.80151354,7.49E-02,4.17E+00,8.66E-01,2.01E+01,3.02E-02,3.57E-02,0.763537701
OCD,Childhood obesity ,Inverse variance weighted,0.146147873,0.082207161,7.54E-02,1.16E+00,9.85E-01,1.36E+00,5.83E-01,4.44E-01,0.274383991
ANX,"Illness, injury, bereavement, stress in last 2 years: Financial difficulties ",Inverse variance weighted,4.321564178,2.432690528,7.57E-02,7.53E+01,6.40E-01,8.86E+03,6.13E-01,6.55E-01,0.48418943
ANX,"Illness, injury, bereavement, stress in last 2 years: Financial difficulties ",Inverse variance weighted,4.321564178,2.432690528,7.57E-02,7.53E+01,6.40E-01,8.86E+03,6.13E-01,6.55E-01,0.48418943
SCZ,Trauma exposure ,Simple mode,0.25417434,0.107020621,7.64E-02,1.29E+00,1.05E+00,1.59E+00,1.20E-02,1.69E-02,0.618837049
SCZ,Current employment status: Unemployed,Weighted median,-0.819022793,0.46227816,7.64E-02,4.41E-01,1.78E-01,1.09E+00,1.18E-03,1.22E-03,0.485133606
BP,Qualifications: College or University degree ,MR Egger,1.15374959,0.648850684,7.66E-02,3.17E+00,8.89E-01,1.13E+01,2.99E-01,3.11E-01,0.634434752
SCZ,"Diagnoses - main ICD10: J45.9 Asthma, unspecified ",Weighted median,-14.42577171,8.159416236,7.71E-02,5.43E-07,6.16E-14,4.79E+00,1.22E-03,2.50E-03,0.790492349
BP,Age-related hearing impairment (MTAG) ,Weighted median,-0.324041206,0.183900808,7.81E-02,7.23E-01,5.04E-01,1.04E+00,5.47E-01,6.00E-01,0.791362667
PTSD,"Illness, injury, bereavement, stress in last 2 years: Financial difficulties ",Weighted mode,7.226464494,3.580237549,7.82E-02,1.38E+03,1.23E+00,1.53E+06,5.73E-01,1.51E-01,0.040689839
BP,Type 1 diabetes ,MR Egger,-0.022814726,0.012635844,7.89E-02,9.77E-01,9.54E-01,1.00E+00,8.90E-01,9.15E-01,0.917708647
PTSD,Diagnoses - secondary ICD10: I10 Essential (primary) hypertension ,Inverse variance weighted,0.731231782,0.416491693,7.91E-02,2.08E+00,9.18E-01,4.70E+00,3.20E-10,5.07E-10,0.929020551
SCZ,"Diagnoses - secondary ICD10: M06.99 Rheumatoid arthritis, unspecified (Site unspecified) ",Simple mode,27.85606559,8.434386012,8.07E-02,1.25E+12,8.28E+04,1.89E+19,1.49E-01,6.18E-02,0.419052098
ASD,Intelligence ,MR Egger,0.729449607,0.415520159,8.13E-02,2.07E+00,9.19E-01,4.68E+00,4.32E-01,4.45E-01,0.508952987
OCD,Intelligence ,MR Egger,-1.243077332,0.708319829,8.14E-02,2.88E-01,7.20E-02,1.16E+00,1.44E-11,1.54E-11,0.454530892
SCZ,Current employment status: Unemployed,Weighted median,-0.819022793,0.470403152,8.17E-02,4.41E-01,1.75E-01,1.11E+00,1.18E-03,1.22E-03,0.485133606
ADHD,College completion ,Inverse variance weighted,-0.159289812,0.091806825,8.27E-02,8.53E-01,7.12E-01,1.02E+00,6.37E-01,7.26E-01,0.634476409
ALZ,Behauvioural and emotional disorders with onset usually occuring in childhood and adolescence,Weighted median,0.009847719,0.005679625,8.29E-02,1.01E+00,9.99E-01,1.02E+00,3.94E-01,4.59E-01,0.269511965
ED,Age-related hearing impairment (MTAG) ,Weighted median,0.456427474,0.263519521,8.33E-02,1.58E+00,9.42E-01,2.65E+00,6.59E-02,7.95E-02,0.672216691
PTSD,"Diagnoses - secondary ICD10: E03.9 Hypothyroidism, unspecified ",MR Egger,-4.447277788,2.494374094,8.35E-02,1.17E-02,8.82E-05,1.56E+00,3.33E-07,3.55E-07,0.477148258
ANX,Neuroticism score ,Simple mode,0.40272692,0.231613209,8.48E-02,1.50E+00,9.50E-01,2.36E+00,1.16E-01,8.85E-02,0.078855935
SCZ,Fresh fruit intake ,Weighted mode,0.632526756,0.361421582,8.60E-02,1.88E+00,9.27E-01,3.82E+00,8.09E-21,7.99E-21,0.497506373
ANX,Body mass index (BMI) ,Weighted median,0.297481084,0.173420062,8.63E-02,1.35E+00,9.58E-01,1.89E+00,4.09E-01,4.21E-01,0.751756581
ED,Fresh fruit intake ,Weighted median,-0.770911225,0.449827933,8.66E-02,4.63E-01,1.92E-01,1.12E+00,8.33E-09,1.14E-08,0.641094878
BP,Maternal smoking around birth ,Simple mode,3.333951638,1.819487619,8.68E-02,2.80E+01,7.93E-01,9.92E+02,6.71E-02,9.29E-02,0.956658032
ADHD,Tea intake ,Inverse variance weighted,-0.26135984,0.152735801,8.70E-02,7.70E-01,5.71E-01,1.04E+00,9.24E-09,1.34E-08,0.66879725
OCD,Nitrogen dioxide air pollution; 2010 ,Simple mode,-3.660374879,1.847756797,8.81E-02,2.57E-02,6.88E-04,9.62E-01,1.60E-01,1.05E-01,0.241107647
SCZ,Caffeine,Weighted median,-0.691549927,0.405966025,8.85E-02,5.01E-01,2.26E-01,1.11E+00,3.31E-07,3.44E-07,0.479720895
ED,"Non-cancer illness code, self-reported: diabetes ",Weighted mode,1.998720934,1.148897606,8.86E-02,7.38E+00,7.76E-01,7.01E+01,8.17E-01,8.27E-01,0.459888989
BP,Fresh fruit intake ,Inverse variance weighted,0.53617205,0.315551551,8.93E-02,1.71E+00,9.21E-01,3.17E+00,4.30E-01,4.17E-01,0.253656155
ANX,Rubella vaccination,Inverse variance weighted,-0.01400075,0.008240594,8.93E-02,9.86E-01,9.70E-01,1.00E+00,3.15E-10,3.11E-10,0.317387409
BP,Tea intake ,Weighted median,0.246684334,0.145226235,8.94E-02,1.28E+00,9.63E-01,1.70E+00,3.20E-02,3.75E-02,0.591047064
SCZ,Age-related hearing impairment (MTAG) ,Weighted median,-0.307741606,0.181232046,8.95E-02,7.35E-01,5.15E-01,1.05E+00,7.86E-03,9.80E-03,0.618456104
SCZ,Qualifications: College or University degree ,Weighted median,0.258727647,0.15245105,8.97E-02,1.30E+00,9.61E-01,1.75E+00,3.43E-52,4.00E-52,0.530344877
OCD,Childhood obesity ,Weighted median,0.15308781,0.090220881,8.97E-02,1.17E+00,9.77E-01,1.39E+00,5.83E-01,4.44E-01,0.274383991
BP,"Non-cancer illness code, self-reported: psoriasis ",MR Egger,1.98921509,1.111823429,9.14E-02,7.31E+00,8.27E-01,6.46E+01,9.52E-01,9.05E-01,0.168371825
OCD,Nitrogen dioxide air pollution; 2010 ,Weighted mode,-3.553915148,1.82339266,9.23E-02,2.86E-02,8.03E-04,1.02E+00,1.60E-01,1.05E-01,0.241107647
SCZ,"Non-cancer illness code, self-reported: diabetes ",Inverse variance weighted,-0.955678963,0.569775206,9.35E-02,3.85E-01,1.26E-01,1.17E+00,4.96E-12,7.92E-12,0.810494062
ALZ,Diagnoses - secondary ICD10: I10 Essential (primary) hypertension ,Weighted mode,-1.270838894,0.747120691,9.35E-02,2.81E-01,6.49E-02,1.21E+00,9.66E-02,1.06E-01,0.569460016
SCZ,Caffeine,MR Egger,-1.148562848,0.686472405,9.45E-02,3.17E-01,8.26E-02,1.22E+00,3.31E-07,3.44E-07,0.479720895
ASD,Trauma exposure ,Simple mode,0.31124227,0.14293069,9.50E-02,1.37E+00,1.03E+00,1.81E+00,8.43E-01,8.67E-01,0.555428028
SCZ,Mumps,MR Egger,0.003998879,0.002400536,9.59E-02,1.00E+00,9.99E-01,1.01E+00,1.53E-02,1.48E-02,0.172959629
ED,"Illness, injury, bereavement, stress in last 2 years: Death of a spouse or partner",Weighted median,1.463663389,0.879696088,9.61E-02,4.32E+00,7.71E-01,2.42E+01,9.96E-02,1.01E-01,0.485657442
ASD,Childhood obesity ,Inverse variance weighted,0.058130086,0.034946361,9.62E-02,1.06E+00,9.90E-01,1.13E+00,1.25E-01,2.14E-01,0.857272036
ADHD,Body mass index (BMI) ,MR Egger,0.19092298,0.11475018,9.69E-02,1.21E+00,9.67E-01,1.52E+00,9.30E-35,1.63E-37,0.000585481
DEP,Type 2 diabetes ,MR Egger,-0.033934403,0.020365593,9.85E-02,9.67E-01,9.29E-01,1.01E+00,1.63E-01,1.80E-01,0.96794149
ALZ,"Diagnoses - main ICD10: J45.9 Asthma, unspecified ",Inverse variance weighted,-22.80782979,13.81534799,9.88E-02,1.24E-10,2.16E-22,7.15E+01,3.63E-01,7.16E-02,0.156832002
BP,Educational attainment,Weighted median,-0.085766644,0.051980034,9.89E-02,9.18E-01,8.29E-01,1.02E+00,4.18E-02,4.05E-02,0.177159832
ASD,Tea intake ,Weighted median,-0.347559925,0.210777955,9.92E-02,7.06E-01,4.67E-01,1.07E+00,3.20E-02,3.75E-02,0.591047064
BP,College completion ,Weighted median,0.200390436,0.121527646,9.92E-02,1.22E+00,9.63E-01,1.55E+00,2.99E-02,5.22E-02,0.703106532
ED,Type 1 diabetes ,Weighted median,0.019542664,0.011853084,9.92E-02,1.02E+00,9.96E-01,1.04E+00,9.77E-01,9.82E-01,0.667597956
OCD,Type 2 diabetes ,MR Egger,-0.145989706,0.088021735,1.00E-01,8.64E-01,7.27E-01,1.03E+00,1.63E-01,1.80E-01,0.96794149
ANX,Living alone,Weighted median,3.827017278,2.330986355,1.01E-01,4.59E+01,4.76E-01,4.43E+03,2.91E-16,3.32E-16,0.857891204
ALZ,Behauvioural and emotional disorders with onset usually occuring in childhood and adolescence,Inverse variance weighted,0.005887231,0.003586373,1.01E-01,1.01E+00,9.99E-01,1.01E+00,3.94E-01,4.59E-01,0.269511965
BP,Heart rate ,Inverse variance weighted,0.019873567,0.012107625,1.01E-01,1.02E+00,9.96E-01,1.04E+00,2.36E-01,2.98E-01,0.944759356
PTSD,smoking initiation ,Simple mode,0.501090226,0.302035516,1.01E-01,1.65E+00,9.13E-01,2.98E+00,2.26E-27,4.38E-27,0.991805771
ASD,Tea intake ,Weighted mode,-0.561261753,0.333865088,1.01E-01,5.70E-01,2.97E-01,1.10E+00,3.20E-02,3.75E-02,0.591047064
ANX,Viral infection,Inverse variance weighted,-5.488782421,3.348780486,1.01E-01,4.13E-03,5.83E-06,2.93E+00,3.36E-23,4.02E-23,0.999304449
ASD,Nitrogen dioxide air pollution; 2010 ,Inverse variance weighted,0.889957492,0.543103378,1.01E-01,2.44E+00,8.40E-01,7.06E+00,6.78E-03,5.57E-03,0.439793617
DEP,"Non-cancer illness code, self-reported: diabetes ",MR Egger,-0.769086828,0.463582286,1.03E-01,4.63E-01,1.87E-01,1.15E+00,8.17E-01,8.27E-01,0.459888989
ADHD,Congenital cytomegalovirus infection,Inverse variance weighted,-0.317882918,0.194914856,1.03E-01,7.28E-01,4.97E-01,1.07E+00,2.33E-01,2.66E-01,0.523192313
DEP,Age-related hearing impairment (MTAG) ,Inverse variance weighted,-0.150999368,0.092700172,1.03E-01,8.60E-01,7.17E-01,1.03E+00,6.59E-02,7.95E-02,0.672216691
ED,Age-related hearing impairment (MTAG) ,Simple mode,0.891582257,0.527603147,1.03E-01,2.44E+00,8.67E-01,6.86E+00,6.59E-02,7.95E-02,0.672216691
ASD,Birth weight ,Inverse variance weighted,0.103690576,0.063832268,1.04E-01,1.11E+00,9.79E-01,1.26E+00,3.36E-01,3.10E-01,0.144352315
ALZ,College completion ,Inverse variance weighted,-0.175227297,0.107975282,1.05E-01,8.39E-01,6.79E-01,1.04E+00,3.94E-01,4.59E-01,0.350028286
ANX,"Illness, injury, bereavement, stress in last 2 years: Death of a spouse or partner",MR Egger,-3.738306617,2.308499472,1.06E-01,2.38E-02,2.58E-04,2.20E+00,3.62E-27,4.32E-27,0.964007176
SCZ,Nitrogen dioxide air pollution; 2010 ,Weighted mode,0.861412975,0.463978145,1.06E-01,2.37E+00,9.53E-01,5.88E+00,3.06E-03,6.01E-03,0.906361827
ED,Serum 25-Hydroxyvitamin D levels ,MR Egger,0.252142791,0.15445789,1.06E-01,1.29E+00,9.51E-01,1.74E+00,4.60E-05,9.74E-06,0.021248455
BP,"Non-cancer illness code, self-reported: diabetes ",Simple mode,-2.470955488,1.506456044,1.06E-01,8.45E-02,4.41E-03,1.62E+00,1.15E-01,1.31E-01,0.739258283
PTSD,College completion ,Weighted median,0.276187944,0.170935091,1.06E-01,1.32E+00,9.43E-01,1.84E+00,6.04E-01,8.71E-01,0.943669546
DEP,Serum 25-Hydroxyvitamin D levels ,Weighted mode,0.043138679,0.026544863,1.07E-01,1.04E+00,9.91E-01,1.10E+00,4.60E-05,9.74E-06,0.021248455
SCZ,Fresh fruit intake ,Weighted median,0.409502846,0.254191786,1.07E-01,1.51E+00,9.15E-01,2.48E+00,8.09E-21,7.99E-21,0.497506373
BP,"Illness, injury, bereavement, stress in last 2 years: Financial difficulties ",Simple mode,3.593620595,1.983617748,1.08E-01,3.64E+01,7.45E-01,1.77E+03,6.13E-01,6.55E-01,0.48418943
ED,Birth weight ,Weighted median,-0.165343561,0.102800443,1.08E-01,8.48E-01,6.93E-01,1.04E+00,1.16E-01,1.27E-01,0.831139804
ANX,"Non-cancer illness code, self-reported: psoriasis ",MR Egger,11.74215131,6.906463541,1.08E-01,1.26E+05,1.66E-01,9.52E+10,9.52E-01,9.05E-01,0.168371825
ANX,Fresh fruit intake ,MR Egger,2.775882093,1.698963101,1.09E-01,1.61E+01,5.75E-01,4.48E+02,4.30E-01,4.17E-01,0.253656155
ALZ,Tea intake ,Weighted median,0.238297185,0.149685939,1.11E-01,1.27E+00,9.46E-01,1.70E+00,1.49E-01,8.22E-02,0.058657196
PTSD,Qualifications: College or University degree ,Weighted median,-0.343427151,0.215803328,1.12E-01,7.09E-01,4.65E-01,1.08E+00,7.01E-11,6.87E-12,0.008009552
SCZ,Chickenpox,Inverse variance weighted,1.480720921,0.930583409,1.12E-01,4.40E+00,7.09E-01,2.72E+01,9.62E-05,9.84E-05,0.428201041
ASD,Intelligence ,Weighted mode,0.499100516,0.311760933,1.12E-01,1.65E+00,8.94E-01,3.03E+00,4.32E-01,4.45E-01,0.508952987
ADHD,Sleeplessness / insomnia ,Weighted mode,0.579189748,0.355468848,1.12E-01,1.78E+00,8.89E-01,3.58E+00,7.23E-19,7.99E-19,0.546926226
OCD,Primary sclerosing cholangitis ,Inverse variance weighted,-0.04730289,0.029754616,1.12E-01,9.54E-01,9.00E-01,1.01E+00,4.36E-01,3.44E-01,0.145430993
ADHD,Serum 25-Hydroxyvitamin D levels ,Weighted median,0.124515612,0.078343348,1.12E-01,1.13E+00,9.71E-01,1.32E+00,1.02E-06,6.55E-07,0.186242575
ED,Mineral and other dietary supplements: Zinc ,Weighted median,-6.711878335,4.22321684,1.12E-01,1.22E-03,3.09E-07,4.79E+00,3.91E-02,8.97E-02,0.77722608
ASD,Operative procedures,Inverse variance weighted,-1.808580005,1.13861349,1.12E-01,1.64E-01,1.76E-02,1.53E+00,8.10E-36,8.16E-36,0.376680089
BP,Qualifications: College or University degree ,Simple mode,1.161261851,0.728536562,1.12E-01,3.19E+00,7.66E-01,1.33E+01,2.99E-01,3.11E-01,0.634434752
OCD,"Illness, injury, bereavement, stress in last 2 years: Death of a spouse or partner",MR Egger,3.502639704,2.209995955,1.13E-01,3.32E+01,4.37E-01,2.53E+03,1.16E-08,1.08E-08,0.194371799
SCZ,Childhood obesity ,MR Egger,0.362517696,0.164058943,1.14E-01,1.44E+00,1.04E+00,1.98E+00,8.25E-01,9.21E-01,0.889812322
ASD,Trauma exposure ,Weighted mode,0.277010331,0.137796983,1.15E-01,1.32E+00,1.01E+00,1.73E+00,8.43E-01,8.67E-01,0.555428028
PTSD,Unspecified maternal hypertension,Weighted median,-0.003265594,0.002078429,1.16E-01,9.97E-01,9.93E-01,1.00E+00,2.71E-01,2.72E-01,0.371759617
DEP,Trauma exposure ,Weighted mode,0.103331453,0.051707984,1.16E-01,1.11E+00,1.00E+00,1.23E+00,7.16E-01,7.78E-01,0.565530554
SCZ,Tea intake ,Weighted median,0.203461929,0.129601605,1.16E-01,1.23E+00,9.51E-01,1.58E+00,3.34E-05,3.53E-05,0.452765438
SCZ,Nitrogen dioxide air pollution; 2010 ,Simple mode,0.883113217,0.493159023,1.16E-01,2.42E+00,9.20E-01,6.36E+00,3.06E-03,6.01E-03,0.906361827
ADHD,Childhood obesity ,MR Egger,0.585638841,0.267858513,1.17E-01,1.80E+00,1.06E+00,3.04E+00,8.89E-02,8.42E-03,0.167232227
ADHD,Serum 25-Hydroxyvitamin D levels ,MR Egger,0.149043761,0.094260852,1.17E-01,1.16E+00,9.65E-01,1.40E+00,1.02E-06,6.55E-07,0.186242575
DEP,Trauma exposure ,MR Egger,1.007406793,0.461733094,1.17E-01,2.74E+00,1.11E+00,6.77E+00,7.16E-01,7.78E-01,0.565530554
ED,Heart rate ,Weighted median,-0.017789424,0.011378499,1.18E-01,9.82E-01,9.61E-01,1.00E+00,6.88E-01,6.94E-01,0.381703376
ALZ,"Diagnoses - secondary ICD10: E03.9 Hypothyroidism, unspecified ",Inverse variance weighted,1.324205861,0.84896249,1.19E-01,3.76E+00,7.12E-01,1.98E+01,7.76E-02,9.65E-02,0.942781114
ED,smoking initiation ,MR Egger,-0.871757744,0.552655835,1.19E-01,4.18E-01,1.42E-01,1.24E+00,8.00E-04,7.40E-04,0.310689123
PTSD,Educational attainment,MR Egger,0.160122483,0.102864049,1.20E-01,1.17E+00,9.59E-01,1.44E+00,2.71E-14,1.31E-14,0.011722259
PTSD,smoking initiation ,Weighted mode,0.490678218,0.312101519,1.20E-01,1.63E+00,8.86E-01,3.01E+00,2.26E-27,4.38E-27,0.991805771
ANX,"Illness, injury, bereavement, stress in last 2 years: Financial difficulties ",Weighted mode,8.265964788,4.749457679,1.20E-01,3.89E+03,3.52E-01,4.29E+07,6.13E-01,6.55E-01,0.48418943
PTSD,Maternal smoking around birth ,Inverse variance weighted,1.022509593,0.658089051,1.20E-01,2.78E+00,7.65E-01,1.01E+01,5.93E-10,1.27E-09,0.833390174
PTSD,Maternal smoking around birth ,Inverse variance weighted,1.022509593,0.658089051,1.20E-01,2.78E+00,7.65E-01,1.01E+01,5.93E-10,1.27E-09,0.833390174
ANX,Autoimmune diseases ,Simple mode,0.254840019,0.160408481,1.21E-01,1.29E+00,9.42E-01,1.77E+00,9.36E-01,9.11E-01,0.166070761
OCD,Body mass index (BMI) ,MR Egger,-0.438820443,0.282661071,1.21E-01,6.45E-01,3.71E-01,1.12E+00,2.57E-14,3.16E-14,0.736769716
BP,Trauma exposure ,Weighted median,0.139735673,0.090281183,1.22E-01,1.15E+00,9.63E-01,1.37E+00,8.43E-01,8.67E-01,0.555428028
ADHD,Diagnoses - main ICD10: I25.1 Atherosclerotic heart disease ,MR Egger,-4.461486508,2.78582195,1.22E-01,1.15E-02,4.91E-05,2.71E+00,2.28E-05,3.00E-06,0.1023198
ADHD,Intelligence ,Weighted mode,-0.342631978,0.220688075,1.23E-01,7.10E-01,4.61E-01,1.09E+00,8.19E-17,1.09E-16,0.643105235
ANX,Operative procedures,Inverse variance weighted,-3.332596533,2.161907235,1.23E-01,3.57E-02,5.16E-04,2.47E+00,8.10E-36,8.16E-36,0.376680089
BP,Mineral and other dietary supplements: Zinc ,Inverse variance weighted,3.538583808,2.29566577,1.23E-01,3.44E+01,3.83E-01,3.10E+03,8.67E-01,9.76E-01,0.910201837
ALZ,Type 2 diabetes ,Inverse variance weighted,0.026864972,0.017496578,1.25E-01,1.03E+00,9.93E-01,1.06E+00,1.68E-03,2.05E-03,0.941907728
DEP,Heart rate ,Weighted median,-0.006463582,0.004220539,1.26E-01,9.94E-01,9.85E-01,1.00E+00,6.88E-01,6.94E-01,0.381703376
DEP,"Diagnoses - secondary ICD10: E03.9 Hypothyroidism, unspecified ",MR Egger,-1.607873531,1.021702526,1.26E-01,2.00E-01,2.70E-02,1.48E+00,1.50E-01,1.78E-01,0.835795114
OCD,Serum 25-Hydroxyvitamin D levels ,MR Egger,-0.340008476,0.220588927,1.26E-01,7.12E-01,4.62E-01,1.10E+00,4.60E-05,9.74E-06,0.021248455
PTSD,Current employment status: Retired,Weighted median,0.279518507,0.183518692,1.28E-01,1.32E+00,9.23E-01,1.89E+00,1.19E-02,1.22E-02,0.628714826
ADHD,Trauma exposure ,Weighted mode,0.243957885,0.127394486,1.28E-01,1.28E+00,9.94E-01,1.64E+00,4.00E-01,7.40E-03,0.045065228
OCD,Serum 25-Hydroxyvitamin D levels ,Inverse variance weighted,-0.216041012,0.142104956,1.28E-01,8.06E-01,6.10E-01,1.06E+00,4.60E-05,9.74E-06,0.021248455
SCZ,Diagnoses - secondary ICD10: I10 Essential (primary) hypertension ,Inverse variance weighted,-0.712706616,0.468964209,1.29E-01,4.90E-01,1.96E-01,1.23E+00,3.20E-10,5.07E-10,0.929020551
ADHD,Operative procedures,Inverse variance weighted,-1.358004846,0.89357644,1.29E-01,2.57E-01,4.46E-02,1.48E+00,8.10E-36,8.16E-36,0.376680089
ADHD,Tea intake ,Weighted mode,-0.246589813,0.158760603,1.29E-01,7.81E-01,5.72E-01,1.07E+00,9.24E-09,1.34E-08,0.66879725
ED,Tea intake ,Inverse variance weighted,0.290562017,0.191243874,1.29E-01,1.34E+00,9.19E-01,1.95E+00,1.11E-01,1.27E-01,0.630058391
ASD,Mineral and other dietary supplements: Zinc ,Inverse variance weighted,8.13341062,5.353638367,1.29E-01,3.41E+03,9.44E-02,1.23E+08,8.67E-01,9.76E-01,0.910201837
ADHD,Childhood obesity ,Weighted mode,0.089444432,0.046840105,1.29E-01,1.09E+00,9.98E-01,1.20E+00,8.89E-02,8.42E-03,0.167232227
OCD,Trauma exposure ,Inverse variance weighted,-0.283663373,0.186859255,1.29E-01,7.53E-01,5.22E-01,1.09E+00,7.16E-01,7.78E-01,0.565530554
DEP,Primary sclerosing cholangitis ,Inverse variance weighted,-0.009494543,0.006257689,1.29E-01,9.91E-01,9.78E-01,1.00E+00,4.36E-01,3.44E-01,0.145430993
ED,Age-related hearing impairment (MTAG) ,Inverse variance weighted,0.340323087,0.224395552,1.29E-01,1.41E+00,9.05E-01,2.18E+00,6.59E-02,7.95E-02,0.672216691
ANX,Heart rate ,Inverse variance weighted,-0.029207846,0.019260975,1.29E-01,9.71E-01,9.35E-01,1.01E+00,2.36E-01,2.98E-01,0.944759356
SCZ,Mineral and other dietary supplements: Zinc ,Weighted median,3.846519567,2.536892636,1.29E-01,4.68E+01,3.24E-01,6.76E+03,2.58E-01,5.17E-01,0.886047001
ADHD,Rubella vaccination,MR Egger,0.004894065,0.003227507,1.30E-01,1.00E+00,9.99E-01,1.01E+00,3.15E-10,3.11E-10,0.317387409
ALZ,Chickenpox,Inverse variance weighted,1.265492345,0.835251965,1.30E-01,3.54E+00,6.90E-01,1.82E+01,3.94E-01,4.59E-01,0.666006776
ADHD,"Non-cancer illness code, self-reported: diabetes ",Inverse variance weighted,0.851339667,0.562068892,1.30E-01,2.34E+00,7.79E-01,7.05E+00,1.35E-06,5.14E-07,0.138920073
SCZ,Congenital cytomegalovirus infection,Inverse variance weighted,-0.100540546,0.066396167,1.30E-01,9.04E-01,7.94E-01,1.03E+00,8.28E-01,8.99E-01,0.740545056
OCD,"Illness, injury, bereavement, stress in last 2 years: Financial difficulties ",MR Egger,18.24640985,10.10200334,1.31E-01,8.40E+07,2.12E-01,3.34E+16,3.55E-01,4.44E-01,0.731465866
OCD,"Illness, injury, bereavement, stress in last 2 years: Financial difficulties ",MR Egger,18.24640985,10.10200334,1.31E-01,8.40E+07,2.12E-01,3.34E+16,3.55E-01,4.44E-01,0.731465866
BP,"Illness, injury, bereavement, stress in last 2 years: Financial difficulties ",Simple mode,3.593620595,2.136130507,1.31E-01,3.64E+01,5.53E-01,2.39E+03,6.13E-01,6.55E-01,0.48418943
ASD,Iron intake,MR Egger,3.852467907,2.551545321,1.31E-01,4.71E+01,3.17E-01,7.00E+03,4.16E-26,3.96E-26,0.299589161
ADHD,Neuroticism score ,MR Egger,0.215692921,0.141933729,1.31E-01,1.24E+00,9.39E-01,1.64E+00,1.82E-12,2.46E-12,0.677211234
ED,Diagnoses - main ICD10: I25.1 Atherosclerotic heart disease ,Weighted mode,-3.184608015,2.041853178,1.32E-01,4.14E-02,7.57E-04,2.26E+00,7.34E-03,8.56E-03,0.527309938
ED,Age-related hearing impairment (MTAG) ,Weighted mode,0.733837886,0.47136611,1.32E-01,2.08E+00,8.27E-01,5.25E+00,6.59E-02,7.95E-02,0.672216691
DEP,Type 2 diabetes ,Weighted mode,-0.018208176,0.012006403,1.32E-01,9.82E-01,9.59E-01,1.01E+00,1.63E-01,1.80E-01,0.96794149
ADHD,Mumps,Inverse variance weighted,-0.002572418,0.0017113,1.33E-01,9.97E-01,9.94E-01,1.00E+00,9.37E-07,6.22E-07,0.021361089
ED,Fresh fruit intake ,Simple mode,-1.376361237,0.900860431,1.34E-01,2.52E-01,4.32E-02,1.48E+00,8.33E-09,1.14E-08,0.641094878
BP,Qualifications: College or University degree ,Weighted mode,0.973149145,0.647369741,1.34E-01,2.65E+00,7.44E-01,9.41E+00,2.99E-01,3.11E-01,0.634434752
ANX,Age-related hearing impairment (MTAG) ,Weighted mode,-1.447190982,0.937178535,1.35E-01,2.35E-01,3.75E-02,1.48E+00,5.47E-01,6.00E-01,0.791362667
BP,Type 1 diabetes ,Inverse variance weighted,-0.012454409,0.008348224,1.36E-01,9.88E-01,9.72E-01,1.00E+00,8.90E-01,9.15E-01,0.917708647
ED,Type 1 diabetes ,Weighted mode,0.018460994,0.011990139,1.36E-01,1.02E+00,9.95E-01,1.04E+00,9.77E-01,9.82E-01,0.667597956
ANX,"Illness, injury, bereavement, stress in last 2 years: Financial difficulties ",Weighted mode,8.265964788,4.997240968,1.37E-01,3.89E+03,2.17E-01,6.98E+07,6.13E-01,6.55E-01,0.48418943
SCZ,Heart rate ,MR Egger,-0.068141168,0.042994943,1.37E-01,9.34E-01,8.59E-01,1.02E+00,1.20E-06,6.19E-07,0.36460977
SCZ,Qualifications: College or University degree ,Inverse variance weighted,0.304793314,0.205130678,1.37E-01,1.36E+00,9.07E-01,2.03E+00,3.43E-52,4.00E-52,0.530344877
SCZ,Living alone,MR Egger,-2.118231408,1.425550904,1.37E-01,1.20E-01,7.36E-03,1.97E+00,6.13E-04,5.91E-04,0.212492766
DEP,Behauvioural and emotional disorders with onset usually occuring in childhood and adolescence,Inverse variance weighted,-0.002299441,0.001552487,1.39E-01,9.98E-01,9.95E-01,1.00E+00,2.99E-01,3.02E-01,0.414593205
ANX,Unable to work because of sickness or disability,Weighted median,-1.601960304,1.0821149,1.39E-01,2.02E-01,2.42E-02,1.68E+00,4.62E-43,5.56E-43,0.728913603
ALZ,Diagnoses - secondary ICD10: I10 Essential (primary) hypertension ,Weighted median,-0.542511413,0.366860243,1.39E-01,5.81E-01,2.83E-01,1.19E+00,9.66E-02,1.06E-01,0.569460016
ANX,Body mass index (BMI) ,Weighted mode,0.40064916,0.270505849,1.39E-01,1.49E+00,8.78E-01,2.54E+00,4.09E-01,4.21E-01,0.751756581
ANX,"Illness, injury, bereavement, stress in last 2 years: Financial difficulties ",Simple mode,8.709213156,5.316743557,1.40E-01,6.06E+03,1.81E-01,2.03E+08,6.13E-01,6.55E-01,0.48418943
ALZ,Diagnoses - secondary ICD10: I10 Essential (primary) hypertension ,Simple mode,-1.362104242,0.912943425,1.40E-01,2.56E-01,4.28E-02,1.53E+00,9.66E-02,1.06E-01,0.569460016
ED,Primary biliary cirrhosis ,MR Egger,-0.049451589,0.032241307,1.41E-01,9.52E-01,8.93E-01,1.01E+00,7.11E-03,9.34E-03,0.653885458
ED,Unable to work because of sickness or disability,Weighted median,0.757698028,0.517804001,1.43E-01,2.13E+00,7.73E-01,5.89E+00,8.40E-02,8.69E-02,0.9157505
PTSD,Intelligence ,MR Egger,-0.587474697,0.400851084,1.45E-01,5.56E-01,2.53E-01,1.22E+00,6.21E-49,1.56E-49,0.232036593
BP,College completion ,Inverse variance weighted,0.18737031,0.128653654,1.45E-01,1.21E+00,9.37E-01,1.55E+00,2.99E-02,5.22E-02,0.703106532
PTSD,"Diagnoses - main ICD10: J45.9 Asthma, unspecified ",MR Egger,50.82998693,28.15502719,1.45E-01,1.19E+22,1.29E-02,1.10E+46,1.22E-03,2.50E-03,0.790492349
ANX,"Illness, injury, bereavement, stress in last 2 years: Financial difficulties ",Simple mode,8.709213156,5.399145427,1.45E-01,6.06E+03,1.54E-01,2.39E+08,6.13E-01,6.55E-01,0.48418943
BP,Gestational diabetes (for exclusion) ,MR Egger,0.115862643,0.05923145,1.45E-01,1.12E+00,1.00E+00,1.26E+00,4.16E-01,2.85E-01,0.236593224
BP,Gestational diabetes (for exclusion) ,MR Egger,0.115862643,0.05923145,1.45E-01,1.12E+00,1.00E+00,1.26E+00,4.16E-01,2.85E-01,0.236593224
OCD,Birth weight ,Inverse variance weighted,-0.200708841,0.137881208,1.45E-01,8.18E-01,6.24E-01,1.07E+00,1.16E-01,1.27E-01,0.831139804
ED,Chickenpox,MR Egger,-4.735913026,3.253552387,1.46E-01,8.77E-03,1.49E-05,5.16E+00,4.33E-01,4.39E-01,0.869913031
DEP,Trauma exposure ,Simple mode,0.109172856,0.060567103,1.46E-01,1.12E+00,9.91E-01,1.26E+00,7.16E-01,7.78E-01,0.565530554
ANX,Serum 25-Hydroxyvitamin D levels ,Inverse variance weighted,-0.200814052,0.138139569,1.46E-01,8.18E-01,6.24E-01,1.07E+00,1.06E-01,1.16E-01,0.636334511
DEP,Ever taken cannabis ,Inverse variance weighted,-0.010018363,0.006892393,1.46E-01,9.90E-01,9.77E-01,1.00E+00,5.95E-01,7.18E-01,0.945702243
ASD,Unable to work because of sickness or disability,MR Egger,-0.919628945,0.633332635,1.47E-01,3.99E-01,1.15E-01,1.38E+00,4.62E-43,5.56E-43,0.728913603
ALZ,Primary biliary cirrhosis ,MR Egger,-0.043271713,0.028481224,1.47E-01,9.58E-01,9.06E-01,1.01E+00,1.48E-01,1.32E-01,0.279804801
ADHD,Operative procedures,MR Egger,-3.033424136,2.094846019,1.48E-01,4.82E-02,7.93E-04,2.92E+00,8.10E-36,8.16E-36,0.376680089
PTSD,Allergic rhinitis ,Weighted median,0.148657036,0.102738002,1.48E-01,1.16E+00,9.49E-01,1.42E+00,2.56E-01,4.86E-01,0.786689129
SCZ,Intelligence ,Simple mode,-0.649797295,0.446998915,1.48E-01,5.22E-01,2.17E-01,1.25E+00,6.21E-49,1.56E-49,0.232036593
BP,"Diagnoses - secondary ICD10: E03.9 Hypothyroidism, unspecified ",MR Egger,-4.006521347,2.708337762,1.48E-01,1.82E-02,9.01E-05,3.68E+00,8.01E-01,8.15E-01,0.468424168
ANX,Birth weight ,MR Egger,0.64782199,0.445964269,1.49E-01,1.91E+00,7.98E-01,4.58E+00,3.36E-01,3.10E-01,0.144352315
PTSD,Primary sclerosing cholangitis ,Weighted median,-0.026977672,0.0187233,1.50E-01,9.73E-01,9.38E-01,1.01E+00,5.23E-04,1.42E-04,0.183882486
OCD,Intelligence ,Weighted median,-0.26744408,0.185702067,1.50E-01,7.65E-01,5.32E-01,1.10E+00,1.44E-11,1.54E-11,0.454530892
ED,Tea intake ,Weighted median,0.29402805,0.204384955,1.50E-01,1.34E+00,8.99E-01,2.00E+00,1.11E-01,1.27E-01,0.630058391
SCZ,Diagnoses - secondary ICD10: I10 Essential (primary) hypertension ,Weighted median,-0.547624705,0.381256064,1.51E-01,5.78E-01,2.74E-01,1.22E+00,3.20E-10,5.07E-10,0.929020551
BP,"Illness, injury, bereavement, stress in last 2 years: Financial difficulties ",MR Egger,-5.148401494,3.193262482,1.51E-01,5.81E-03,1.11E-05,3.04E+00,6.13E-01,6.55E-01,0.48418943
BP,"Illness, injury, bereavement, stress in last 2 years: Financial difficulties ",MR Egger,-5.148401494,3.193262482,1.51E-01,5.81E-03,1.11E-05,3.04E+00,6.13E-01,6.55E-01,0.48418943
ED,Autoimmune diseases ,Inverse variance weighted,0.042915147,0.029890055,1.51E-01,1.04E+00,9.84E-01,1.11E+00,3.84E-01,4.13E-01,0.598546243
ALZ,Unable to work because of sickness or disability,MR Egger,-0.658234612,0.459156272,1.52E-01,5.18E-01,2.11E-01,1.27E+00,3.94E-01,4.59E-01,0.185533544
PTSD,Allergic rhinitis ,Inverse variance weighted,0.161916851,0.113156335,1.52E-01,1.18E+00,9.42E-01,1.47E+00,2.56E-01,4.86E-01,0.786689129
ASD,Nitrogen dioxide air pollution; 2010 ,MR Egger,3.965841807,2.421034262,1.53E-01,5.28E+01,4.59E-01,6.07E+03,6.78E-03,5.57E-03,0.439793617
OCD,Fresh fruit intake ,Simple mode,2.359111556,1.623955687,1.53E-01,1.06E+01,4.39E-01,2.55E+02,8.33E-09,1.14E-08,0.641094878
PTSD,Living alone,MR Egger,-2.611979923,1.830366286,1.54E-01,7.34E-02,2.03E-03,2.65E+00,6.13E-04,5.91E-04,0.212492766
ED,Trauma exposure ,Weighted mode,-0.299659598,0.157857527,1.54E-01,7.41E-01,5.44E-01,1.01E+00,7.16E-01,7.78E-01,0.565530554
ANX,"Non-cancer illness code, self-reported: psoriasis ",Weighted median,7.520747571,5.276434778,1.54E-01,1.85E+03,5.95E-02,5.72E+07,9.52E-01,9.05E-01,0.168371825
BP,Trauma exposure ,Simple mode,0.249303592,0.142183687,1.54E-01,1.28E+00,9.71E-01,1.70E+00,8.43E-01,8.67E-01,0.555428028
ASD,Diabetes mellitus ,Inverse variance weighted,0.033542907,0.02357509,1.55E-01,1.03E+00,9.87E-01,1.08E+00,2.98E-01,2.88E-01,0.274908982
ADHD,Childhood obesity ,Simple mode,0.092559457,0.052877528,1.55E-01,1.10E+00,9.89E-01,1.22E+00,8.89E-02,8.42E-03,0.167232227
BP,Intelligence ,Weighted mode,-0.284088227,0.19887082,1.55E-01,7.53E-01,5.10E-01,1.11E+00,4.32E-01,4.45E-01,0.508952987
ALZ,"Diagnoses - secondary ICD10: E03.9 Hypothyroidism, unspecified ",Weighted median,1.572422083,1.1066197,1.55E-01,4.82E+00,5.51E-01,4.22E+01,7.76E-02,9.65E-02,0.942781114
DEP,Alzheimer's disease or family history of Alzheimer's disease ,Inverse variance weighted,-0.010658057,0.007512409,1.56E-01,9.89E-01,9.75E-01,1.00E+00,2.36E-01,2.37E-01,0.351905335
ED,Primary biliary cirrhosis ,Inverse variance weighted,-0.018792944,0.013280023,1.57E-01,9.81E-01,9.56E-01,1.01E+00,7.11E-03,9.34E-03,0.653885458
DEP,Chickenpox,Weighted median,0.790395913,0.559478199,1.58E-01,2.20E+00,7.36E-01,6.60E+00,4.33E-01,4.39E-01,0.869913031
ADHD,Trauma exposure ,Simple mode,0.237550451,0.137000847,1.58E-01,1.27E+00,9.70E-01,1.66E+00,4.00E-01,7.40E-03,0.045065228
BP,Rubella vaccination,Inverse variance weighted,-0.002220996,0.001574991,1.58E-01,9.98E-01,9.95E-01,1.00E+00,5.09E-01,5.12E-01,0.390441143
ANX,Age at first birth ,Weighted median,-0.143572559,0.101923959,1.59E-01,8.66E-01,7.09E-01,1.06E+00,2.94E-01,3.06E-01,0.438959952
ED,Primary biliary cirrhosis ,Simple mode,-0.043739911,0.030003116,1.60E-01,9.57E-01,9.03E-01,1.02E+00,7.11E-03,9.34E-03,0.653885458
OCD,Unable to work because of sickness or disability,Weighted median,-1.275609091,0.907867097,1.60E-01,2.79E-01,4.71E-02,1.66E+00,2.55E-04,2.53E-04,0.299104165
ADHD,"Non-cancer illness code, self-reported: diabetes ",Simple mode,1.82889257,1.286387698,1.61E-01,6.23E+00,5.00E-01,7.75E+01,1.35E-06,5.14E-07,0.138920073
BP,smoking initiation ,Simple mode,0.420986702,0.297624329,1.61E-01,1.52E+00,8.50E-01,2.73E+00,4.01E-01,4.31E-01,0.98282675
ALZ,"Non-cancer illness code, self-reported: psoriasis ",Inverse variance weighted,2.280071014,1.627837242,1.61E-01,9.78E+00,4.02E-01,2.38E+02,4.06E-01,3.97E-01,0.307881094
BP,Neuroticism score ,Simple mode,0.128350148,0.091105174,1.62E-01,1.14E+00,9.51E-01,1.36E+00,1.16E-01,8.85E-02,0.078855935
DEP,Autoimmune diseases ,Inverse variance weighted,0.016369196,0.01169926,1.62E-01,1.02E+00,9.93E-01,1.04E+00,3.84E-01,4.13E-01,0.598546243
ALZ,Autoimmune diseases ,Weighted median,0.048603274,0.034774453,1.62E-01,1.05E+00,9.81E-01,1.12E+00,1.10E-02,1.18E-02,0.443144672
ADHD,Type 2 diabetes ,Weighted median,0.032544064,0.023285357,1.62E-01,1.03E+00,9.87E-01,1.08E+00,2.95E-10,2.10E-11,0.021489974
OCD,Extraversion,MR Egger,0.009582512,0.006855799,1.62E-01,1.01E+00,9.96E-01,1.02E+00,6.71E-04,6.86E-04,0.443857218
DEP,Sleeplessness / insomnia ,Weighted mode,0.238214357,0.167400318,1.63E-01,1.27E+00,9.14E-01,1.76E+00,1.65E-10,2.97E-10,0.924188828
ASD,Behauvioural and emotional disorders with onset usually occuring in childhood and adolescence,Weighted median,-0.011430087,0.008204471,1.64E-01,9.89E-01,9.73E-01,1.00E+00,5.57E-09,1.67E-09,0.000624709
PTSD,"Diagnoses - main ICD10: J45.9 Asthma, unspecified ",Weighted median,13.88189701,9.967445132,1.64E-01,1.07E+06,3.50E-03,3.26E+14,1.22E-03,2.50E-03,0.790492349
ASD,"Non-cancer illness code, self-reported: psoriasis ",Simple mode,-6.547838609,4.510866145,1.64E-01,1.43E-03,2.07E-07,9.91E+00,9.52E-01,9.05E-01,0.168371825
PTSD,"Diagnoses - secondary ICD10: M06.99 Rheumatoid arthritis, unspecified (Site unspecified) ",Inverse variance weighted,10.15503158,7.300519377,1.64E-01,2.57E+04,1.57E-02,4.21E+10,1.49E-01,6.18E-02,0.419052098
ALZ,Birth weight ,Inverse variance weighted,-0.069892837,0.050256935,1.64E-01,9.32E-01,8.45E-01,1.03E+00,1.47E-03,1.71E-03,0.700392849
ADHD,College completion ,Weighted median,-0.147697893,0.106377971,1.65E-01,8.63E-01,7.00E-01,1.06E+00,6.37E-01,7.26E-01,0.634476409
SCZ,Type 2 diabetes ,Simple mode,-0.080325869,0.057488159,1.65E-01,9.23E-01,8.24E-01,1.03E+00,1.58E-15,2.37E-15,0.803993711
ED,Fresh fruit intake ,Weighted mode,-0.926742552,0.657136622,1.65E-01,3.96E-01,1.09E-01,1.44E+00,8.33E-09,1.14E-08,0.641094878
PTSD,Rubella vaccination,MR Egger,-0.005232287,0.003776834,1.66E-01,9.95E-01,9.87E-01,1.00E+00,1.70E-02,1.73E-02,0.444404848
ASD,Behauvioural and emotional disorders with onset usually occuring in childhood and adolescence,Inverse variance weighted,-0.007408977,0.005351412,1.66E-01,9.93E-01,9.82E-01,1.00E+00,5.57E-09,1.67E-09,0.000624709
PTSD,Current employment status: Retired,Inverse variance weighted,0.166175104,0.120060877,1.66E-01,1.18E+00,9.33E-01,1.49E+00,1.19E-02,1.22E-02,0.628714826
ASD,Childhood obesity ,Weighted median,0.062899568,0.045483644,1.67E-01,1.06E+00,9.74E-01,1.16E+00,1.25E-01,2.14E-01,0.857272036
DEP,"Illness, injury, bereavement, stress in last 2 years: Death of a spouse or partner",Weighted median,-0.342295867,0.24763446,1.67E-01,7.10E-01,4.37E-01,1.15E+00,9.96E-02,1.01E-01,0.485657442
BP,Neuroticism score ,Weighted mode,0.117622421,0.084778199,1.68E-01,1.12E+00,9.53E-01,1.33E+00,1.16E-01,8.85E-02,0.078855935
SCZ,Gestational diabetes (for exclusion) ,Weighted median,-0.031185069,0.022705351,1.70E-01,9.69E-01,9.27E-01,1.01E+00,4.04E-01,3.28E-02,0.070558576
ALZ,Operative procedures,MR Egger,-2.561913619,1.865214609,1.70E-01,7.72E-02,1.99E-03,2.99E+00,3.94E-01,4.59E-01,0.270313021
ASD,Current employment status: Retired,Weighted median,0.246340912,0.179914879,1.71E-01,1.28E+00,8.99E-01,1.82E+00,6.63E-12,6.82E-12,0.41326421
ASD,Age at first birth ,MR Egger,0.245872242,0.177372312,1.72E-01,1.28E+00,9.03E-01,1.81E+00,2.94E-01,3.06E-01,0.438959952
BP,"Illness, injury, bereavement, stress in last 2 years: Financial difficulties ",Weighted mode,3.064874929,2.042215245,1.72E-01,2.14E+01,3.91E-01,1.17E+03,6.13E-01,6.55E-01,0.48418943
DEP,Caffeine,Inverse variance weighted,-0.205229404,0.150354313,1.72E-01,8.14E-01,6.07E-01,1.09E+00,1.66E-01,1.66E-01,0.347532961
BP,Diabetes mellitus ,Simple mode,-0.061585386,0.044564718,1.73E-01,9.40E-01,8.62E-01,1.03E+00,2.98E-01,2.88E-01,0.274908982
ASD,Body mass index (BMI) ,Weighted median,0.10903115,0.080160643,1.74E-01,1.12E+00,9.53E-01,1.30E+00,4.09E-01,4.21E-01,0.751756581
ALZ,"Non-cancer illness code, self-reported: psoriasis ",Weighted median,3.128660937,2.301316569,1.74E-01,2.28E+01,2.51E-01,2.08E+03,4.06E-01,3.97E-01,0.307881094
DEP,Heart rate ,Weighted mode,-0.007108405,0.004963903,1.74E-01,9.93E-01,9.83E-01,1.00E+00,6.88E-01,6.94E-01,0.381703376
ED,Nitrogen dioxide air pollution; 2010 ,Weighted mode,-1.312457427,0.870732319,1.75E-01,2.69E-01,4.88E-02,1.48E+00,1.60E-01,1.05E-01,0.241107647
OCD,Maternal smoking around birth ,Inverse variance weighted,1.639153204,1.210247234,1.76E-01,5.15E+00,4.80E-01,5.52E+01,1.26E-03,2.10E-03,0.872675286
OCD,Maternal smoking around birth ,Inverse variance weighted,1.639153204,1.210247234,1.76E-01,5.15E+00,4.80E-01,5.52E+01,1.26E-03,2.10E-03,0.872675286
OCD,Type 1 diabetes ,Weighted median,-0.060209276,0.044482405,1.76E-01,9.42E-01,8.63E-01,1.03E+00,9.77E-01,9.82E-01,0.667597956
PTSD,Autoimmune diseases ,Weighted mode,-0.050081005,0.036480601,1.76E-01,9.51E-01,8.86E-01,1.02E+00,2.74E-05,3.77E-05,0.700159744
BP,Serum 25-Hydroxyvitamin D levels ,Simple mode,-0.183012021,0.134504291,1.76E-01,8.33E-01,6.40E-01,1.08E+00,1.06E-01,1.16E-01,0.636334511
BP,"Illness, injury, bereavement, stress in last 2 years: Death of a spouse or partner",MR Egger,-1.136743515,0.841588443,1.77E-01,3.21E-01,6.17E-02,1.67E+00,9.96E-02,1.01E-01,0.485657442
PTSD,Congenital cytomegalovirus infection,Simple mode,-0.219992332,0.155321786,1.77E-01,8.03E-01,5.92E-01,1.09E+00,8.28E-01,8.99E-01,0.740545056
ANX,Serum 25-Hydroxyvitamin D levels ,Weighted median,-0.278498822,0.206540199,1.78E-01,7.57E-01,5.05E-01,1.13E+00,1.06E-01,1.16E-01,0.636334511
SCZ,"Diagnoses - main ICD10: J45.9 Asthma, unspecified ",Weighted mode,-11.57170208,7.381925283,1.78E-01,9.43E-06,4.91E-12,1.81E+01,1.22E-03,2.50E-03,0.790492349
PTSD,Congenital cytomegalovirus infection,Weighted mode,-0.170059293,0.120312577,1.78E-01,8.44E-01,6.66E-01,1.07E+00,8.28E-01,8.99E-01,0.740545056
ASD,Fresh fruit intake ,Inverse variance weighted,0.496206575,0.36980604,1.80E-01,1.64E+00,7.96E-01,3.39E+00,4.30E-01,4.17E-01,0.253656155
DEP,Extraversion,MR Egger,0.001667738,0.001242958,1.80E-01,1.00E+00,9.99E-01,1.00E+00,2.10E-01,2.11E-01,0.406035228
DEP,Heart rate ,MR Egger,-0.025041521,0.017729586,1.81E-01,9.75E-01,9.42E-01,1.01E+00,6.88E-01,6.94E-01,0.381703376
BP,"Illness, injury, bereavement, stress in last 2 years: Financial difficulties ",Weighted mode,3.064874929,2.093683659,1.81E-01,2.14E+01,3.54E-01,1.30E+03,6.13E-01,6.55E-01,0.48418943
ANX,smoking initiation ,Weighted median,0.244788518,0.183203715,1.81E-01,1.28E+00,8.92E-01,1.83E+00,4.01E-01,4.31E-01,0.98282675
SCZ,Unspecified maternal hypertension,Inverse variance weighted,-0.001196826,0.000896143,1.82E-01,9.99E-01,9.97E-01,1.00E+00,2.71E-01,2.72E-01,0.371759617
ALZ,Intelligence ,MR Egger,-0.39690574,0.296549861,1.83E-01,6.72E-01,3.76E-01,1.20E+00,3.88E-09,4.32E-09,0.491761243
ED,Tea intake ,Weighted mode,0.305822222,0.224864499,1.84E-01,1.36E+00,8.74E-01,2.11E+00,1.11E-01,1.27E-01,0.630058391
OCD,Type 1 diabetes ,MR Egger,-0.102224965,0.07454396,1.84E-01,9.03E-01,7.80E-01,1.04E+00,9.77E-01,9.82E-01,0.667597956
ALZ,"Diagnoses - main ICD10: J45.9 Asthma, unspecified ",MR Egger,211.3834072,105.985655,1.84E-01,6.35E+91,3.85E+01,1.05E+182,3.63E-01,7.16E-02,0.156832002
SCZ,Gestational diabetes (for exclusion) ,Weighted median,-0.031185069,0.023508236,1.85E-01,9.69E-01,9.26E-01,1.02E+00,4.04E-01,3.28E-02,0.070558576
ED,Unspecified maternal hypertension,Weighted median,-0.003483796,0.002626573,1.85E-01,9.97E-01,9.91E-01,1.00E+00,1.28E-01,1.33E-01,0.809668802
ED,Age at first birth ,Weighted mode,-0.204938872,0.152735642,1.85E-01,8.15E-01,6.04E-01,1.10E+00,3.41E-04,1.34E-04,0.098355856
ALZ,"Non-cancer illness code, self-reported: psoriasis ",Simple mode,6.071356094,4.363040605,1.86E-01,4.33E+02,8.37E-02,2.24E+06,4.06E-01,3.97E-01,0.307881094
ED,Body mass index (BMI) ,Simple mode,0.39773529,0.300828809,1.87E-01,1.49E+00,8.25E-01,2.68E+00,2.57E-14,3.16E-14,0.736769716
DEP,Sleeplessness / insomnia ,Simple mode,0.438317392,0.327626032,1.89E-01,1.55E+00,8.16E-01,2.95E+00,1.65E-10,2.97E-10,0.924188828
ASD,Tea intake ,MR Egger,-0.464012536,0.347259886,1.90E-01,6.29E-01,3.18E-01,1.24E+00,3.20E-02,3.75E-02,0.591047064
ASD,Maternal smoking around birth ,Simple mode,2.200561009,1.601399118,1.91E-01,9.03E+00,3.91E-01,2.08E+02,6.71E-02,9.29E-02,0.956658032
ASD,"Diagnoses - secondary ICD10: E03.9 Hypothyroidism, unspecified ",Weighted median,-1.782991521,1.364381528,1.91E-01,1.68E-01,1.16E-02,2.44E+00,8.01E-01,8.15E-01,0.468424168
OCD,Heart rate ,Simple mode,-0.05413833,0.03944278,1.91E-01,9.47E-01,8.77E-01,1.02E+00,6.88E-01,6.94E-01,0.381703376
PTSD,"Diagnoses - secondary ICD10: E03.9 Hypothyroidism, unspecified ",Weighted median,-1.774809687,1.363982133,1.93E-01,1.70E-01,1.17E-02,2.46E+00,3.33E-07,3.55E-07,0.477148258
SCZ,Extraversion,Weighted median,0.00216422,0.001664131,1.93E-01,1.00E+00,9.99E-01,1.01E+00,6.71E-04,6.86E-04,0.443857218
ED,Type 2 diabetes ,Weighted mode,0.059431815,0.045466405,1.94E-01,1.06E+00,9.71E-01,1.16E+00,1.63E-01,1.80E-01,0.96794149
ED,Diabetes mellitus ,Inverse variance weighted,0.034273252,0.026390138,1.94E-01,1.03E+00,9.83E-01,1.09E+00,5.60E-01,5.56E-01,0.300889221
ALZ,Primary biliary cirrhosis ,Weighted median,-0.016574581,0.012763999,1.94E-01,9.84E-01,9.59E-01,1.01E+00,1.48E-01,1.32E-01,0.279804801
ALZ,Primary biliary cirrhosis ,Inverse variance weighted,-0.013711706,0.010561031,1.94E-01,9.86E-01,9.66E-01,1.01E+00,1.48E-01,1.32E-01,0.279804801
DEP,Mumps,Weighted median,-0.001247999,0.000961394,1.94E-01,9.99E-01,9.97E-01,1.00E+00,2.24E-01,2.26E-01,0.379057929
ALZ,"Diagnoses - main ICD10: J45.9 Asthma, unspecified ",Weighted mode,-19.38005966,11.6619801,1.95E-01,3.83E-09,4.53E-19,3.24E+01,3.63E-01,7.16E-02,0.156832002
ADHD,Birth weight ,Weighted mode,-0.194250861,0.149301316,1.96E-01,8.23E-01,6.15E-01,1.10E+00,1.00E-03,1.16E-03,0.633601676
PTSD,Congenital cytomegalovirus infection,Weighted median,-0.16049614,0.124041336,1.96E-01,8.52E-01,6.68E-01,1.09E+00,8.28E-01,8.99E-01,0.740545056
ED,Heart rate ,Inverse variance weighted,-0.011273634,0.008721366,1.96E-01,9.89E-01,9.72E-01,1.01E+00,6.88E-01,6.94E-01,0.381703376
ED,Nitrogen dioxide air pollution; 2010 ,Simple mode,-1.377717756,0.964982152,1.96E-01,2.52E-01,3.80E-02,1.67E+00,1.60E-01,1.05E-01,0.241107647
ANX,Fresh fruit intake ,Weighted median,0.950794289,0.736451954,1.97E-01,2.59E+00,6.11E-01,1.10E+01,4.30E-01,4.17E-01,0.253656155
ANX,Intelligence ,Weighted median,-0.245746674,0.190477684,1.97E-01,7.82E-01,5.38E-01,1.14E+00,4.32E-01,4.45E-01,0.508952987
ED,Autoimmune diseases ,Weighted median,0.045318631,0.035175217,1.98E-01,1.05E+00,9.77E-01,1.12E+00,3.84E-01,4.13E-01,0.598546243
SCZ,Gestational diabetes (for exclusion) ,Weighted mode,-0.036969816,0.023960766,1.98E-01,9.64E-01,9.19E-01,1.01E+00,4.04E-01,3.28E-02,0.070558576
PTSD,Caffeine,Weighted median,-0.850184585,0.660206598,1.98E-01,4.27E-01,1.17E-01,1.56E+00,3.31E-07,3.44E-07,0.479720895
ED,Diabetes mellitus ,Weighted mode,0.049735264,0.038057578,1.98E-01,1.05E+00,9.75E-01,1.13E+00,5.60E-01,5.56E-01,0.300889221
ADHD,Current employment status: Retired,MR Egger,0.252049256,0.195949213,1.99E-01,1.29E+00,8.76E-01,1.89E+00,6.63E-12,6.82E-12,0.41326421
OCD,Fresh fruit intake ,MR Egger,2.332905844,1.788048705,1.99E-01,1.03E+01,3.10E-01,3.43E+02,8.33E-09,1.14E-08,0.641094878
BP,Living alone,Inverse variance weighted,-0.777059828,0.605053623,1.99E-01,4.60E-01,1.40E-01,1.51E+00,3.88E-01,3.94E-01,0.750780149
ED,Alzheimer's disease or family history of Alzheimer's disease ,Inverse variance weighted,-0.039489133,0.030793736,2.00E-01,9.61E-01,9.05E-01,1.02E+00,2.36E-01,2.37E-01,0.351905335
BP,Type 1 diabetes ,Weighted median,-0.011847766,0.009246143,2.00E-01,9.88E-01,9.70E-01,1.01E+00,8.90E-01,9.15E-01,0.917708647
ALZ,Childhood obesity ,Weighted median,-0.037608791,0.029372681,2.00E-01,9.63E-01,9.09E-01,1.02E+00,6.45E-01,7.97E-01,0.948885633
ALZ,Qualifications: College or University degree ,MR Egger,-0.643663696,0.501351441,2.00E-01,5.25E-01,1.97E-01,1.40E+00,3.94E-01,4.59E-01,0.61001471
ADHD,Serum 25-Hydroxyvitamin D levels ,Weighted mode,0.103836906,0.080696601,2.01E-01,1.11E+00,9.47E-01,1.30E+00,1.02E-06,6.55E-07,0.186242575
DEP,Gestational diabetes (for exclusion) ,Weighted mode,0.023641219,0.012607726,2.02E-01,1.02E+00,9.99E-01,1.05E+00,8.65E-01,9.15E-01,0.662995418
ED,Primary sclerosing cholangitis ,Inverse variance weighted,0.030506335,0.023913296,2.02E-01,1.03E+00,9.84E-01,1.08E+00,4.36E-01,3.44E-01,0.145430993
DEP,Ever taken cannabis ,Simple mode,-0.016913423,0.012016777,2.02E-01,9.83E-01,9.60E-01,1.01E+00,5.95E-01,7.18E-01,0.945702243
ALZ,Autoimmune diseases ,Weighted mode,0.053384822,0.04128968,2.03E-01,1.05E+00,9.73E-01,1.14E+00,1.10E-02,1.18E-02,0.443144672
SCZ,Gestational diabetes (for exclusion) ,Weighted mode,-0.036969816,0.024339241,2.03E-01,9.64E-01,9.19E-01,1.01E+00,4.04E-01,3.28E-02,0.070558576
ANX,Unable to work because of sickness or disability,MR Egger,-2.117030358,1.665652887,2.04E-01,1.20E-01,4.60E-03,3.15E+00,4.62E-43,5.56E-43,0.728913603
SCZ,Tea intake ,Simple mode,0.30274655,0.234461492,2.04E-01,1.35E+00,8.55E-01,2.14E+00,3.34E-05,3.53E-05,0.452765438
OCD,Behauvioural and emotional disorders with onset usually occuring in childhood and adolescence,MR Egger,0.020489015,0.016173407,2.05E-01,1.02E+00,9.89E-01,1.05E+00,1.65E-01,1.56E-01,0.070420239
ASD,Maternal smoking around birth ,Simple mode,2.200561009,1.656908236,2.05E-01,9.03E+00,3.51E-01,2.32E+02,6.71E-02,9.29E-02,0.956658032
PTSD,Allergic rhinitis ,Simple mode,0.2983253,0.161182341,2.05E-01,1.35E+00,9.83E-01,1.85E+00,2.56E-01,4.86E-01,0.786689129
OCD,"Non-cancer illness code, self-reported: psoriasis ",Weighted median,8.541283349,6.750616491,2.06E-01,5.12E+03,9.19E-03,2.86E+09,1.37E-02,1.99E-02,0.881156109
PTSD,Nitrogen dioxide air pollution; 2010 ,Weighted median,-0.745307236,0.589163898,2.06E-01,4.75E-01,1.50E-01,1.51E+00,3.06E-03,6.01E-03,0.906361827
ADHD,Heart rate ,Weighted median,-0.010829124,0.008569981,2.06E-01,9.89E-01,9.73E-01,1.01E+00,5.44E-02,7.69E-02,0.912617194
ANX,Diabetes mellitus ,MR Egger,0.16625236,0.129670785,2.06E-01,1.18E+00,9.16E-01,1.52E+00,2.98E-01,2.88E-01,0.274908982
PTSD,Mineral and other dietary supplements: Zinc ,Weighted mode,-10.79390708,5.860016735,2.07E-01,2.05E-05,2.11E-10,2.00E+00,2.58E-01,5.17E-01,0.886047001
SCZ,Childhood obesity ,Inverse variance weighted,0.032687609,0.02595641,2.08E-01,1.03E+00,9.82E-01,1.09E+00,8.25E-01,9.21E-01,0.889812322
OCD,Extraversion,Weighted median,0.00700971,0.005568842,2.08E-01,1.01E+00,9.96E-01,1.02E+00,6.71E-04,6.86E-04,0.443857218
SCZ,Viral infection,MR Egger,4.33286008,3.440880331,2.08E-01,7.62E+01,8.97E-02,6.47E+04,4.70E-07,5.05E-07,0.656918281
ADHD,Sleeplessness / insomnia ,MR Egger,1.364389267,1.067095332,2.09E-01,3.91E+00,4.83E-01,3.17E+01,7.23E-19,7.99E-19,0.546926226
ALZ,Allergic rhinitis ,Inverse variance weighted,0.072196347,0.057529409,2.09E-01,1.07E+00,9.60E-01,1.20E+00,2.03E-01,4.44E-01,0.964356086
BP,Behauvioural and emotional disorders with onset usually occuring in childhood and adolescence,MR Egger,-0.007977002,0.006366985,2.10E-01,9.92E-01,9.80E-01,1.00E+00,2.99E-01,3.02E-01,0.414593205
ANX,Current employment status: Unemployed,Inverse variance weighted,-1.291663776,1.034696912,2.12E-01,2.75E-01,3.62E-02,2.09E+00,1.31E-27,1.37E-27,0.437673351
ANX,Current employment status: Unemployed,Inverse variance weighted,-1.291663776,1.034696912,2.12E-01,2.75E-01,3.62E-02,2.09E+00,1.31E-27,1.37E-27,0.437673351
ANX,Serum 25-Hydroxyvitamin D levels ,MR Egger,-0.287325126,0.229136259,2.13E-01,7.50E-01,4.79E-01,1.18E+00,1.06E-01,1.16E-01,0.636334511
DEP,Gestational diabetes (for exclusion) ,Weighted mode,0.023641219,0.013110417,2.13E-01,1.02E+00,9.98E-01,1.05E+00,8.65E-01,9.15E-01,0.662995418
BP,Heart rate ,Weighted median,0.011000794,0.008859236,2.14E-01,1.01E+00,9.94E-01,1.03E+00,2.36E-01,2.98E-01,0.944759356
ED,Birth weight ,MR Egger,-0.336585654,0.269744366,2.15E-01,7.14E-01,4.21E-01,1.21E+00,1.16E-01,1.27E-01,0.831139804
PTSD,Mineral and other dietary supplements: Zinc ,Simple mode,-10.79390708,6.020265327,2.15E-01,2.05E-05,1.54E-10,2.73E+00,2.58E-01,5.17E-01,0.886047001
OCD,Fresh fruit intake ,Weighted mode,1.415358767,1.125694627,2.15E-01,4.12E+00,4.53E-01,3.74E+01,8.33E-09,1.14E-08,0.641094878
ED,"Non-cancer illness code, self-reported: diabetes ",Weighted median,1.141614185,0.921987556,2.16E-01,3.13E+00,5.14E-01,1.91E+01,8.17E-01,8.27E-01,0.459888989
ANX,Body mass index (BMI) ,Inverse variance weighted,0.108753306,0.087884448,2.16E-01,1.11E+00,9.38E-01,1.32E+00,4.09E-01,4.21E-01,0.751756581
DEP,Diabetes mellitus ,Weighted median,-0.015911362,0.012889161,2.17E-01,9.84E-01,9.60E-01,1.01E+00,5.60E-01,5.56E-01,0.300889221
DEP,Type 1 diabetes ,MR Egger,0.012771015,0.010122716,2.17E-01,1.01E+00,9.93E-01,1.03E+00,9.77E-01,9.82E-01,0.667597956
ADHD,Alzheimer's disease or family history of Alzheimer's disease ,Inverse variance weighted,0.02017687,0.016435232,2.20E-01,1.02E+00,9.88E-01,1.05E+00,8.07E-01,8.39E-01,0.801720621
PTSD,Nitrogen dioxide air pollution; 2010 ,Simple mode,-1.276745357,0.948386787,2.20E-01,2.79E-01,4.35E-02,1.79E+00,3.06E-03,6.01E-03,0.906361827
ED,smoking initiation ,Simple mode,0.468847403,0.379368886,2.21E-01,1.60E+00,7.60E-01,3.36E+00,8.00E-04,7.40E-04,0.310689123
SCZ,"Non-cancer illness code, self-reported: diabetes ",MR Egger,-1.740281182,1.407579227,2.21E-01,1.75E-01,1.11E-02,2.77E+00,4.96E-12,7.92E-12,0.810494062
BP,Age-related hearing impairment (MTAG) ,Simple mode,-0.411617692,0.32898977,2.21E-01,6.63E-01,3.48E-01,1.26E+00,5.47E-01,6.00E-01,0.791362667
ED,Birth weight ,Inverse variance weighted,-0.1096753,0.089869228,2.22E-01,8.96E-01,7.51E-01,1.07E+00,1.16E-01,1.27E-01,0.831139804
ED,Qualifications: College or University degree ,Simple mode,-1.036732063,0.847854878,2.23E-01,3.55E-01,6.73E-02,1.87E+00,7.01E-11,6.87E-12,0.008009552
ALZ,Congenital cytomegalovirus infection,Inverse variance weighted,-0.089110026,0.073189869,2.23E-01,9.15E-01,7.93E-01,1.06E+00,3.94E-01,4.59E-01,0.845263594
PTSD,Congenital cytomegalovirus infection,MR Egger,-0.134287357,0.10557475,2.24E-01,8.74E-01,7.11E-01,1.08E+00,8.28E-01,8.99E-01,0.740545056
ADHD,Fresh fruit intake ,Weighted median,-0.353946176,0.29140156,2.25E-01,7.02E-01,3.96E-01,1.24E+00,3.22E-13,5.83E-13,0.955496332
ADHD,Ever taken cannabis ,Simple mode,-0.052096261,0.03763934,2.25E-01,9.49E-01,8.82E-01,1.02E+00,1.40E-01,1.91E-01,0.620876264
DEP,Diagnoses - secondary ICD10: I10 Essential (primary) hypertension ,MR Egger,-0.79078872,0.645679232,2.25E-01,4.53E-01,1.28E-01,1.61E+00,3.02E-02,3.57E-02,0.763537701
PTSD,Type 1 diabetes ,Inverse variance weighted,-0.010346822,0.0085318,2.25E-01,9.90E-01,9.73E-01,1.01E+00,2.89E-07,1.77E-07,0.2824836
ANX,"Non-cancer illness code, self-reported: psoriasis ",Weighted mode,7.096346205,5.648740377,2.26E-01,1.21E+03,1.88E-02,7.77E+07,9.52E-01,9.05E-01,0.168371825
DEP,Chickenpox,Inverse variance weighted,0.513246173,0.424021595,2.26E-01,1.67E+00,7.28E-01,3.84E+00,4.33E-01,4.39E-01,0.869913031
SCZ,Congenital cytomegalovirus infection,Simple mode,-0.154389646,0.121984998,2.26E-01,8.57E-01,6.75E-01,1.09E+00,8.28E-01,8.99E-01,0.740545056
SCZ,Living alone,Weighted median,-0.863659471,0.713816775,2.26E-01,4.22E-01,1.04E-01,1.71E+00,6.13E-04,5.91E-04,0.212492766
ANX,Gestational diabetes (for exclusion) ,MR Egger,-0.277444654,0.182945472,2.27E-01,7.58E-01,5.29E-01,1.08E+00,4.16E-01,2.85E-01,0.236593224
ANX,Gestational diabetes (for exclusion) ,MR Egger,-0.277444654,0.182945472,2.27E-01,7.58E-01,5.29E-01,1.08E+00,4.16E-01,2.85E-01,0.236593224
PTSD,"Diagnoses - secondary ICD10: E03.9 Hypothyroidism, unspecified ",Weighted mode,-2.080776523,1.691225368,2.27E-01,1.25E-01,4.54E-03,3.44E+00,3.33E-07,3.55E-07,0.477148258
ASD,Living alone,Inverse variance weighted,-0.942868095,0.780533883,2.27E-01,3.90E-01,8.44E-02,1.80E+00,2.91E-16,3.32E-16,0.857891204
DEP,Current employment status: Unemployed,Weighted median,-0.27389109,0.226757577,2.27E-01,7.60E-01,4.88E-01,1.19E+00,2.09E-02,2.17E-02,0.852825766
BP,Current employment status: Unemployed,MR Egger,-0.979279289,0.811801243,2.28E-01,3.76E-01,7.65E-02,1.84E+00,2.09E-02,2.17E-02,0.852825766
BP,Current employment status: Unemployed,MR Egger,-0.979279289,0.811801243,2.28E-01,3.76E-01,7.65E-02,1.84E+00,2.09E-02,2.17E-02,0.852825766
BP,Age at first birth ,Weighted median,-0.04987439,0.041359564,2.28E-01,9.51E-01,8.77E-01,1.03E+00,2.94E-01,3.06E-01,0.438959952
SCZ,Autoimmune diseases ,Inverse variance weighted,-0.031125649,0.025814424,2.28E-01,9.69E-01,9.22E-01,1.02E+00,2.74E-05,3.77E-05,0.700159744
ANX,Tea intake ,Simple mode,-1.059906763,0.864847545,2.28E-01,3.46E-01,6.36E-02,1.89E+00,3.20E-02,3.75E-02,0.591047064
BP,Intelligence ,MR Egger,0.474149164,0.392015147,2.28E-01,1.61E+00,7.45E-01,3.46E+00,4.32E-01,4.45E-01,0.508952987
ANX,Caffeine,MR Egger,-2.348544887,1.950156311,2.29E-01,9.55E-02,2.09E-03,4.37E+00,9.17E-15,7.36E-15,0.123982374
ANX,Qualifications: College or University degree ,Weighted median,-0.50470589,0.41991374,2.29E-01,6.04E-01,2.65E-01,1.37E+00,1.18E-25,1.37E-25,0.526042364
ADHD,Rubella vaccination,Inverse variance weighted,0.002287663,0.001904053,2.30E-01,1.00E+00,9.99E-01,1.01E+00,3.15E-10,3.11E-10,0.317387409
ADHD,Iron intake,Inverse variance weighted,-1.007348428,0.838705809,2.30E-01,3.65E-01,7.06E-02,1.89E+00,4.16E-26,3.96E-26,0.299589161
ALZ,Diagnoses - secondary ICD10: I10 Essential (primary) hypertension ,Inverse variance weighted,-0.344247762,0.286878165,2.30E-01,7.09E-01,4.04E-01,1.24E+00,9.66E-02,1.06E-01,0.569460016
ED,Sleeplessness / insomnia ,Weighted median,0.499329505,0.41679167,2.31E-01,1.65E+00,7.28E-01,3.73E+00,1.65E-10,2.97E-10,0.924188828
SCZ,Primary biliary cirrhosis ,Inverse variance weighted,0.014291748,0.011931031,2.31E-01,1.01E+00,9.91E-01,1.04E+00,4.61E-05,7.85E-05,0.924368959
OCD,smoking initiation ,Weighted median,0.255410198,0.213288206,2.31E-01,1.29E+00,8.50E-01,1.96E+00,8.00E-04,7.40E-04,0.310689123
DEP,College completion ,Inverse variance weighted,-0.049435521,0.041333609,2.32E-01,9.52E-01,8.78E-01,1.03E+00,2.99E-02,5.22E-02,0.703106532
ALZ,"Non-cancer illness code, self-reported: psoriasis ",Weighted mode,4.546343853,3.636605233,2.32E-01,9.43E+01,7.57E-02,1.17E+05,4.06E-01,3.97E-01,0.307881094
PTSD,Tea intake ,Weighted median,0.259447541,0.217159906,2.32E-01,1.30E+00,8.47E-01,1.98E+00,3.34E-05,3.53E-05,0.452765438
DEP,Behauvioural and emotional disorders with onset usually occuring in childhood and adolescence,MR Egger,0.002972962,0.002488507,2.32E-01,1.00E+00,9.98E-01,1.01E+00,2.99E-01,3.02E-01,0.414593205
ED,Serum 25-Hydroxyvitamin D levels ,Weighted median,0.136764441,0.114788942,2.33E-01,1.15E+00,9.16E-01,1.44E+00,4.60E-05,9.74E-06,0.021248455
PTSD,Neuroticism score ,Weighted mode,0.149760621,0.125083124,2.34E-01,1.16E+00,9.09E-01,1.48E+00,1.78E-29,3.12E-29,0.849084363
SCZ,Congenital cytomegalovirus infection,Weighted median,-0.091487167,0.076988131,2.35E-01,9.13E-01,7.85E-01,1.06E+00,8.28E-01,8.99E-01,0.740545056
SCZ,Tea intake ,Inverse variance weighted,0.200465667,0.168829618,2.35E-01,1.22E+00,8.78E-01,1.70E+00,3.34E-05,3.53E-05,0.452765438
ED,Autoimmune diseases ,Weighted mode,0.040571371,0.033686085,2.36E-01,1.04E+00,9.75E-01,1.11E+00,3.84E-01,4.13E-01,0.598546243
ANX,Age at first birth ,Simple mode,-0.295280457,0.246145082,2.36E-01,7.44E-01,4.59E-01,1.21E+00,2.94E-01,3.06E-01,0.438959952
ED,Viral infection,Inverse variance weighted,-2.294295244,1.935162633,2.36E-01,1.01E-01,2.27E-03,4.48E+00,1.78E-01,1.81E-01,0.513512517
ANX,Heart rate ,Simple mode,-0.056325501,0.045537025,2.36E-01,9.45E-01,8.65E-01,1.03E+00,2.36E-01,2.98E-01,0.944759356
ASD,Autoimmune diseases ,Simple mode,-0.089756761,0.074830432,2.36E-01,9.14E-01,7.89E-01,1.06E+00,9.36E-01,9.11E-01,0.166070761
PTSD,Autoimmune diseases ,Weighted median,-0.044142108,0.037311639,2.37E-01,9.57E-01,8.89E-01,1.03E+00,2.74E-05,3.77E-05,0.700159744
ANX,Sleeplessness / insomnia ,MR Egger,2.12057148,1.764287211,2.37E-01,8.34E+00,2.63E-01,2.65E+02,4.11E-01,4.31E-01,0.461291419
PTSD,Alzheimer's disease or family history of Alzheimer's disease ,Simple mode,-0.083064994,0.069098168,2.37E-01,9.20E-01,8.04E-01,1.05E+00,3.67E-06,4.60E-06,0.570012981
ADHD,Living alone,Weighted median,-0.97316389,0.823428712,2.37E-01,3.78E-01,7.52E-02,1.90E+00,2.91E-16,3.32E-16,0.857891204
BP,Current employment status: Unemployed,Inverse variance weighted,-0.450377561,0.381097799,2.37E-01,6.37E-01,3.02E-01,1.35E+00,2.09E-02,2.17E-02,0.852825766
BP,Current employment status: Unemployed,Inverse variance weighted,-0.450377561,0.381097799,2.37E-01,6.37E-01,3.02E-01,1.35E+00,2.09E-02,2.17E-02,0.852825766
ASD,Nitrogen dioxide air pollution; 2010 ,Weighted median,0.664963131,0.563319144,2.38E-01,1.94E+00,6.45E-01,5.87E+00,6.78E-03,5.57E-03,0.439793617
OCD,Primary sclerosing cholangitis ,Simple mode,-0.088444226,0.071503811,2.38E-01,9.15E-01,7.96E-01,1.05E+00,4.36E-01,3.44E-01,0.145430993
ED,Primary sclerosing cholangitis ,MR Egger,0.045663188,0.036859575,2.39E-01,1.05E+00,9.74E-01,1.13E+00,4.36E-01,3.44E-01,0.145430993
ALZ,Allergic rhinitis ,Simple mode,0.143510683,0.086663305,2.40E-01,1.15E+00,9.74E-01,1.37E+00,2.03E-01,4.44E-01,0.964356086
ANX,Alzheimer's disease or family history of Alzheimer's disease ,Simple mode,-0.212965513,0.178104477,2.41E-01,8.08E-01,5.70E-01,1.15E+00,1.20E-02,1.54E-02,0.736557952
ED,Age at first birth ,Weighted median,-0.062714251,0.053472359,2.41E-01,9.39E-01,8.46E-01,1.04E+00,3.41E-04,1.34E-04,0.098355856
ASD,Primary sclerosing cholangitis ,MR Egger,-0.027764148,0.022714083,2.42E-01,9.73E-01,9.30E-01,1.02E+00,3.17E-01,3.92E-01,0.843794435
ANX,Maternal smoking around birth ,Inverse variance weighted,1.542093552,1.31754541,2.42E-01,4.67E+00,3.53E-01,6.18E+01,6.71E-02,9.29E-02,0.956658032
ANX,Maternal smoking around birth ,Inverse variance weighted,1.542093552,1.31754541,2.42E-01,4.67E+00,3.53E-01,6.18E+01,6.71E-02,9.29E-02,0.956658032
SCZ,Current employment status: Retired,Inverse variance weighted,-0.095394584,0.081540309,2.42E-01,9.09E-01,7.75E-01,1.07E+00,1.19E-02,1.22E-02,0.628714826
ANX,Iron intake,MR Egger,5.592477437,4.779464866,2.42E-01,2.68E+02,2.29E-02,3.14E+06,4.16E-26,3.96E-26,0.299589161
ADHD,Primary sclerosing cholangitis ,Simple mode,-0.026713002,0.021894403,2.43E-01,9.74E-01,9.33E-01,1.02E+00,8.43E-02,4.36E-02,0.148416734
ASD,Fresh fruit intake ,Simple mode,1.208653479,1.024591516,2.44E-01,3.35E+00,4.50E-01,2.49E+01,4.30E-01,4.17E-01,0.253656155
SCZ,Autoimmune diseases ,Simple mode,-0.0885572,0.074900713,2.44E-01,9.15E-01,7.90E-01,1.06E+00,2.74E-05,3.77E-05,0.700159744
SCZ,Operative procedures,Inverse variance weighted,-1.023674058,0.87900847,2.44E-01,3.59E-01,6.42E-02,2.01E+00,1.90E-08,2.06E-08,0.716297006
ED,Gestational diabetes (for exclusion) ,Weighted mode,0.112783475,0.069128352,2.44E-01,1.12E+00,9.78E-01,1.28E+00,8.65E-01,9.15E-01,0.662995418
ADHD,Age at first birth ,MR Egger,-0.196985788,0.166806338,2.44E-01,8.21E-01,5.92E-01,1.14E+00,5.82E-09,2.33E-09,0.22057734
SCZ,Heart rate ,Simple mode,0.015854115,0.013056956,2.45E-01,1.02E+00,9.90E-01,1.04E+00,1.20E-06,6.19E-07,0.36460977
BP,Sleeplessness / insomnia ,Weighted median,0.292880789,0.252147114,2.45E-01,1.34E+00,8.18E-01,2.20E+00,4.11E-01,4.31E-01,0.461291419
PTSD,Mineral and other dietary supplements: Zinc ,MR Egger,25.75726896,10.4891228,2.46E-01,1.54E+11,1.81E+02,1.30E+20,2.58E-01,5.17E-01,0.886047001
ED,Diabetes mellitus ,Simple mode,-0.1062097,0.090324622,2.46E-01,8.99E-01,7.53E-01,1.07E+00,5.60E-01,5.56E-01,0.300889221
ALZ,Type 1 diabetes ,Weighted median,-0.016500107,0.014235319,2.46E-01,9.84E-01,9.57E-01,1.01E+00,1.73E-01,1.09E-01,0.081797268
ED,Tea intake ,MR Egger,0.50430781,0.426923371,2.47E-01,1.66E+00,7.17E-01,3.82E+00,1.11E-01,1.27E-01,0.630058391
OCD,smoking initiation ,Inverse variance weighted,0.212586169,0.183647296,2.47E-01,1.24E+00,8.63E-01,1.77E+00,8.00E-04,7.40E-04,0.310689123
DEP,Age-related hearing impairment (MTAG) ,Weighted median,-0.098779545,0.08548817,2.48E-01,9.06E-01,7.66E-01,1.07E+00,6.59E-02,7.95E-02,0.672216691
ED,Qualifications: College or University degree ,Weighted mode,-0.957767612,0.827045599,2.48E-01,3.84E-01,7.59E-02,1.94E+00,7.01E-11,6.87E-12,0.008009552
BP,Trauma exposure ,Weighted mode,0.135203986,0.100110594,2.48E-01,1.14E+00,9.41E-01,1.39E+00,8.43E-01,8.67E-01,0.555428028
OCD,Type 1 diabetes ,Inverse variance weighted,-0.035804418,0.031027112,2.49E-01,9.65E-01,9.08E-01,1.03E+00,9.77E-01,9.82E-01,0.667597956
ADHD,Primary sclerosing cholangitis ,Inverse variance weighted,-0.013217289,0.011468839,2.49E-01,9.87E-01,9.65E-01,1.01E+00,8.43E-02,4.36E-02,0.148416734
ED,Allergic rhinitis ,Wald ratio,-0.237202588,0.20603272,2.50E-01,7.89E-01,5.27E-01,1.18E+00,6.48E-01,8.73E-01,0.844709241
DEP,Current employment status: Unemployed,Weighted median,-0.27389109,0.237903921,2.50E-01,7.60E-01,4.77E-01,1.21E+00,2.09E-02,2.17E-02,0.852825766
DEP,Unspecified maternal hypertension,Inverse variance weighted,-0.00043384,0.000377778,2.51E-01,1.00E+00,9.99E-01,1.00E+00,1.28E-01,1.33E-01,0.809668802
ASD,Body mass index (BMI) ,Simple mode,0.292266945,0.254405265,2.51E-01,1.34E+00,8.14E-01,2.21E+00,4.09E-01,4.21E-01,0.751756581
SCZ,"Diagnoses - main ICD10: J45.9 Asthma, unspecified ",Simple mode,-14.47038155,11.17166164,2.52E-01,5.20E-07,1.61E-16,1.68E+03,1.22E-03,2.50E-03,0.790492349
SCZ,Sleeplessness / insomnia ,Simple mode,-0.506913304,0.435685839,2.52E-01,6.02E-01,2.56E-01,1.41E+00,1.01E-12,1.94E-12,0.955004357
ED,Age at first birth ,Simple mode,-0.162114337,0.139951312,2.52E-01,8.50E-01,6.46E-01,1.12E+00,3.41E-04,1.34E-04,0.098355856
ASD,Birth weight ,Weighted mode,0.207304726,0.180253735,2.52E-01,1.23E+00,8.64E-01,1.75E+00,3.36E-01,3.10E-01,0.144352315
SCZ,Heart rate ,Weighted median,0.009924448,0.00870097,2.54E-01,1.01E+00,9.93E-01,1.03E+00,1.20E-06,6.19E-07,0.36460977
OCD,Diagnoses - main ICD10: I25.1 Atherosclerotic heart disease ,MR Egger,7.49130952,6.406373556,2.54E-01,1.79E+03,6.31E-03,5.09E+08,7.34E-03,8.56E-03,0.527309938
PTSD,Neuroticism score ,Simple mode,0.149760621,0.130714224,2.54E-01,1.16E+00,8.99E-01,1.50E+00,1.78E-29,3.12E-29,0.849084363
BP,Tea intake ,MR Egger,0.361544882,0.312294164,2.54E-01,1.44E+00,7.78E-01,2.65E+00,3.20E-02,3.75E-02,0.591047064
ANX,Age-related hearing impairment (MTAG) ,Simple mode,-1.242162661,1.064994848,2.54E-01,2.89E-01,3.58E-02,2.33E+00,5.47E-01,6.00E-01,0.791362667
BP,"Non-cancer illness code, self-reported: diabetes ",Inverse variance weighted,-0.689664448,0.606967499,2.56E-01,5.02E-01,1.53E-01,1.65E+00,1.15E-01,1.31E-01,0.739258283
DEP,Current employment status: Unemployed,MR Egger,-0.431446727,0.380022006,2.56E-01,6.50E-01,3.08E-01,1.37E+00,2.09E-02,2.17E-02,0.852825766
DEP,Current employment status: Unemployed,MR Egger,-0.431446727,0.380022006,2.56E-01,6.50E-01,3.08E-01,1.37E+00,2.09E-02,2.17E-02,0.852825766
ADHD,Tea intake ,Weighted median,-0.167377716,0.147475002,2.56E-01,8.46E-01,6.34E-01,1.13E+00,9.24E-09,1.34E-08,0.66879725
ED,Childhood obesity ,Weighted median,-0.050826899,0.044784025,2.56E-01,9.50E-01,8.71E-01,1.04E+00,5.83E-01,4.44E-01,0.274383991
OCD,Body mass index (BMI) ,Simple mode,-0.556919728,0.49319707,2.60E-01,5.73E-01,2.18E-01,1.51E+00,2.57E-14,3.16E-14,0.736769716
ED,"Non-cancer illness code, self-reported: diabetes ",MR Egger,1.600733952,1.402849386,2.60E-01,4.96E+00,3.17E-01,7.75E+01,8.17E-01,8.27E-01,0.459888989
OCD,Mineral and other dietary supplements: Zinc ,Inverse variance weighted,7.986317924,7.088729802,2.60E-01,2.94E+03,2.72E-03,3.18E+09,3.91E-02,8.97E-02,0.77722608
ED,Gestational diabetes (for exclusion) ,Weighted mode,0.112783475,0.072484122,2.60E-01,1.12E+00,9.71E-01,1.29E+00,8.65E-01,9.15E-01,0.662995418
ASD,Unable to work because of sickness or disability,Inverse variance weighted,-0.343056636,0.30487086,2.60E-01,7.10E-01,3.90E-01,1.29E+00,4.62E-43,5.56E-43,0.728913603
PTSD,Nitrogen dioxide air pollution; 2010 ,Weighted mode,-1.120320903,0.916899996,2.61E-01,3.26E-01,5.41E-02,1.97E+00,3.06E-03,6.01E-03,0.906361827
ALZ,Primary sclerosing cholangitis ,MR Egger,-0.138600619,0.117170541,2.62E-01,8.71E-01,6.92E-01,1.10E+00,1.12E-06,2.74E-07,0.292191565
BP,Fresh fruit intake ,MR Egger,1.273454692,1.124647445,2.63E-01,3.57E+00,3.94E-01,3.24E+01,4.30E-01,4.17E-01,0.253656155
DEP,Type 1 diabetes ,Inverse variance weighted,-0.006221476,0.005558059,2.63E-01,9.94E-01,9.83E-01,1.00E+00,9.77E-01,9.82E-01,0.667597956
ALZ,Age at first birth ,MR Egger,0.145917965,0.129117553,2.63E-01,1.16E+00,8.98E-01,1.49E+00,2.37E-02,2.09E-02,0.250744821
ADHD,Tea intake ,MR Egger,-0.396457027,0.349258547,2.64E-01,6.73E-01,3.39E-01,1.33E+00,9.24E-09,1.34E-08,0.66879725
ADHD,Current employment status: Unemployed,Weighted median,-0.564626555,0.505337892,2.64E-01,5.69E-01,2.11E-01,1.53E+00,1.31E-27,1.37E-27,0.437673351
BP,"Diagnoses - secondary ICD10: E03.9 Hypothyroidism, unspecified ",Weighted mode,-1.584357007,1.395254342,2.64E-01,2.05E-01,1.33E-02,3.16E+00,8.01E-01,8.15E-01,0.468424168
SCZ,Primary biliary cirrhosis ,MR Egger,-0.030477697,0.026523386,2.64E-01,9.70E-01,9.21E-01,1.02E+00,4.61E-05,7.85E-05,0.924368959
DEP,Tea intake ,Simple mode,0.149963459,0.132366411,2.64E-01,1.16E+00,8.96E-01,1.51E+00,1.11E-01,1.27E-01,0.630058391
OCD,Current employment status: Unemployed,Inverse variance weighted,1.106855011,0.99133452,2.64E-01,3.02E+00,4.33E-01,2.11E+01,1.18E-03,1.22E-03,0.485133606
OCD,Current employment status: Unemployed,Inverse variance weighted,1.106855011,0.99133452,2.64E-01,3.02E+00,4.33E-01,2.11E+01,1.18E-03,1.22E-03,0.485133606
ED,Gestational diabetes (for exclusion) ,Simple mode,0.116829861,0.07613734,2.65E-01,1.12E+00,9.68E-01,1.30E+00,8.65E-01,9.15E-01,0.662995418
BP,Maternal smoking around birth ,Inverse variance weighted,0.883660007,0.79231325,2.65E-01,2.42E+00,5.12E-01,1.14E+01,6.71E-02,9.29E-02,0.956658032
BP,Maternal smoking around birth ,Inverse variance weighted,0.883660007,0.79231325,2.65E-01,2.42E+00,5.12E-01,1.14E+01,6.71E-02,9.29E-02,0.956658032
ASD,Chickenpox,Inverse variance weighted,-1.307398459,1.173519746,2.65E-01,2.71E-01,2.71E-02,2.70E+00,7.34E-27,8.28E-27,0.600212941
PTSD,Viral infection,Inverse variance weighted,-1.963299089,1.764145062,2.66E-01,1.40E-01,4.42E-03,4.46E+00,4.70E-07,5.05E-07,0.656918281
SCZ,Diabetes mellitus ,Weighted mode,0.041083766,0.036501566,2.66E-01,1.04E+00,9.70E-01,1.12E+00,1.22E-02,1.56E-02,0.98389506
ANX,Qualifications: College or University degree ,MR Egger,-1.355596686,1.215559249,2.66E-01,2.58E-01,2.38E-02,2.79E+00,1.18E-25,1.37E-25,0.526042364
BP,Birth weight ,Weighted median,-0.06997592,0.062972521,2.66E-01,9.32E-01,8.24E-01,1.05E+00,3.36E-01,3.10E-01,0.144352315
PTSD,Diagnoses - main ICD10: I25.1 Atherosclerotic heart disease ,Simple mode,-3.348780944,2.952169473,2.67E-01,3.51E-02,1.08E-04,1.14E+01,2.15E-03,1.93E-03,0.354157699
OCD,Diagnoses - secondary ICD10: I10 Essential (primary) hypertension ,Weighted mode,2.301383299,2.050216287,2.67E-01,9.99E+00,1.80E-01,5.55E+02,3.02E-02,3.57E-02,0.763537701
ANX,Autoimmune diseases ,MR Egger,-0.168419052,0.149321071,2.67E-01,8.45E-01,6.31E-01,1.13E+00,9.36E-01,9.11E-01,0.166070761
BP,College completion ,MR Egger,2.169919352,0.969709446,2.68E-01,8.76E+00,1.31E+00,5.86E+01,2.99E-02,5.22E-02,0.703106532
SCZ,Current employment status: Retired,Weighted median,-0.121182961,0.109320002,2.68E-01,8.86E-01,7.15E-01,1.10E+00,1.19E-02,1.22E-02,0.628714826
ED,"Diagnoses - secondary ICD10: E03.9 Hypothyroidism, unspecified ",Simple mode,3.570159915,3.162898816,2.68E-01,3.55E+01,7.21E-02,1.75E+04,1.50E-01,1.78E-01,0.835795114
SCZ,Behauvioural and emotional disorders with onset usually occuring in childhood and adolescence,Weighted median,-0.005758519,0.005199835,2.68E-01,9.94E-01,9.84E-01,1.00E+00,1.65E-01,1.56E-01,0.070420239
ED,Gestational diabetes (for exclusion) ,Simple mode,0.116829861,0.0772304,2.70E-01,1.12E+00,9.66E-01,1.31E+00,8.65E-01,9.15E-01,0.662995418
ADHD,"Illness, injury, bereavement, stress in last 2 years: Death of a spouse or partner",Weighted median,-0.605948762,0.549339434,2.70E-01,5.46E-01,1.86E-01,1.60E+00,3.62E-27,4.32E-27,0.964007176
PTSD,Fresh fruit intake ,MR Egger,1.02970097,0.924504241,2.71E-01,2.80E+00,4.57E-01,1.71E+01,8.09E-21,7.99E-21,0.497506373
SCZ,Maternal smoking around birth ,Inverse variance weighted,1.158451736,1.052426924,2.71E-01,3.18E+00,4.05E-01,2.51E+01,5.93E-10,1.27E-09,0.833390174
SCZ,Maternal smoking around birth ,Inverse variance weighted,1.158451736,1.052426924,2.71E-01,3.18E+00,4.05E-01,2.51E+01,5.93E-10,1.27E-09,0.833390174
BP,Tea intake ,Inverse variance weighted,0.147939108,0.134474737,2.71E-01,1.16E+00,8.91E-01,1.51E+00,3.20E-02,3.75E-02,0.591047064
ANX,Sleeplessness / insomnia ,Weighted median,0.705789914,0.641729469,2.71E-01,2.03E+00,5.76E-01,7.12E+00,4.11E-01,4.31E-01,0.461291419
ADHD,Operative procedures,Weighted median,-1.230634686,1.119089974,2.71E-01,2.92E-01,3.26E-02,2.62E+00,8.10E-36,8.16E-36,0.376680089
DEP,Ever taken cannabis ,Weighted median,-0.008778702,0.007987504,2.72E-01,9.91E-01,9.76E-01,1.01E+00,5.95E-01,7.18E-01,0.945702243
BP,Mineral and other dietary supplements: Zinc ,Weighted median,3.272671547,2.981823201,2.72E-01,2.64E+01,7.64E-02,9.11E+03,8.67E-01,9.76E-01,0.910201837
DEP,Primary biliary cirrhosis ,Weighted median,-0.006506245,0.005941266,2.73E-01,9.94E-01,9.82E-01,1.01E+00,7.11E-03,9.34E-03,0.653885458
ASD,Viral infection,Weighted median,2.715628565,2.481233311,2.74E-01,1.51E+01,1.17E-01,1.96E+03,3.36E-23,4.02E-23,0.999304449
ASD,Childhood obesity ,Simple mode,0.086664471,0.068384195,2.74E-01,1.09E+00,9.54E-01,1.25E+00,1.25E-01,2.14E-01,0.857272036
BP,Intelligence ,Simple mode,-0.284088227,0.258607262,2.74E-01,7.53E-01,4.53E-01,1.25E+00,4.32E-01,4.45E-01,0.508952987
ED,Diagnoses - main ICD10: I25.1 Atherosclerotic heart disease ,Simple mode,-3.375740893,3.01826798,2.74E-01,3.42E-02,9.22E-05,1.27E+01,7.34E-03,8.56E-03,0.527309938
ASD,Mumps,Weighted median,-0.003668951,0.003358463,2.75E-01,9.96E-01,9.90E-01,1.00E+00,9.37E-07,6.22E-07,0.021361089
DEP,Birth weight ,Simple mode,-0.091740068,0.083694955,2.75E-01,9.12E-01,7.74E-01,1.07E+00,1.16E-01,1.27E-01,0.831139804
BP,Diabetes mellitus ,Weighted median,-0.026047737,0.023866819,2.75E-01,9.74E-01,9.30E-01,1.02E+00,2.98E-01,2.88E-01,0.274908982
ANX,"Non-cancer illness code, self-reported: diabetes ",Weighted median,2.137139521,1.963070598,2.76E-01,8.48E+00,1.81E-01,3.97E+02,1.15E-01,1.31E-01,0.739258283
PTSD,Type 1 diabetes ,Weighted median,-0.011409879,0.010482514,2.76E-01,9.89E-01,9.69E-01,1.01E+00,2.89E-07,1.77E-07,0.2824836
DEP,Chickenpox,MR Egger,1.097735767,1.008392958,2.76E-01,3.00E+00,4.15E-01,2.16E+01,4.33E-01,4.39E-01,0.869913031
ALZ,College completion ,Weighted median,-0.130428185,0.119870114,2.77E-01,8.78E-01,6.94E-01,1.11E+00,3.94E-01,4.59E-01,0.350028286
ADHD,Unspecified maternal hypertension,Weighted median,-0.00171859,0.001582413,2.77E-01,9.98E-01,9.95E-01,1.00E+00,1.20E-09,9.55E-10,0.089885104
PTSD,"Diagnoses - main ICD10: J45.9 Asthma, unspecified ",Simple mode,18.20212268,14.95735796,2.78E-01,8.04E+07,1.49E-05,4.34E+20,1.22E-03,2.50E-03,0.790492349
ASD,smoking initiation ,MR Egger,0.466462318,0.427134088,2.78E-01,1.59E+00,6.90E-01,3.68E+00,4.01E-01,4.31E-01,0.98282675
ADHD,"Non-cancer illness code, self-reported: psoriasis ",Weighted median,0.769269605,0.710721961,2.79E-01,2.16E+00,5.36E-01,8.69E+00,6.04E-02,6.70E-02,0.473949627
PTSD,Mumps,MR Egger,0.003667503,0.003397255,2.80E-01,1.00E+00,9.97E-01,1.01E+00,1.53E-02,1.48E-02,0.172959629
BP,Diabetes mellitus ,Weighted mode,-0.026147099,0.023974526,2.81E-01,9.74E-01,9.29E-01,1.02E+00,2.98E-01,2.88E-01,0.274908982
ED,Birth weight ,Simple mode,-0.320143399,0.295435291,2.81E-01,7.26E-01,4.07E-01,1.30E+00,1.16E-01,1.27E-01,0.831139804
ANX,Heart rate ,Weighted median,-0.026850164,0.024909585,2.81E-01,9.74E-01,9.27E-01,1.02E+00,2.36E-01,2.98E-01,0.944759356
PTSD,Sleeplessness / insomnia ,Weighted median,0.375538461,0.348874128,2.82E-01,1.46E+00,7.35E-01,2.88E+00,1.01E-12,1.94E-12,0.955004357
ALZ,Neuroticism score ,MR Egger,-0.154904636,0.143303607,2.82E-01,8.56E-01,6.47E-01,1.13E+00,2.23E-09,1.77E-09,0.286766747
ANX,Type 2 diabetes ,Weighted median,0.081622182,0.07588378,2.82E-01,1.09E+00,9.35E-01,1.26E+00,6.07E-02,6.65E-02,0.613324742
ASD,Mumps,MR Egger,0.003836857,0.003572043,2.83E-01,1.00E+00,9.97E-01,1.01E+00,9.37E-07,6.22E-07,0.021361089
PTSD,smoking initiation ,MR Egger,0.44752163,0.414138739,2.83E-01,1.56E+00,6.95E-01,3.52E+00,2.26E-27,4.38E-27,0.991805771
BP,Heart rate ,Weighted mode,0.012104247,0.010843632,2.83E-01,1.01E+00,9.91E-01,1.03E+00,2.36E-01,2.98E-01,0.944759356
OCD,Type 1 diabetes ,Simple mode,-0.081200863,0.073885688,2.83E-01,9.22E-01,7.98E-01,1.07E+00,9.77E-01,9.82E-01,0.667597956
PTSD,Age at first birth ,Simple mode,-0.132111856,0.121967367,2.84E-01,8.76E-01,6.90E-01,1.11E+00,3.09E-13,1.34E-13,0.278809734
OCD,Chickenpox,Inverse variance weighted,2.529044696,2.358464838,2.84E-01,1.25E+01,1.23E-01,1.28E+03,9.62E-05,9.84E-05,0.428201041
PTSD,Behauvioural and emotional disorders with onset usually occuring in childhood and adolescence,Weighted median,-0.008610347,0.008040727,2.84E-01,9.91E-01,9.76E-01,1.01E+00,1.65E-01,1.56E-01,0.070420239
DEP,Ever taken cannabis ,Weighted mode,-0.012413525,0.010713187,2.85E-01,9.88E-01,9.67E-01,1.01E+00,5.95E-01,7.18E-01,0.945702243
ED,Caffeine,Weighted median,0.796397341,0.74475488,2.85E-01,2.22E+00,5.15E-01,9.55E+00,1.66E-01,1.66E-01,0.347532961
ALZ,Type 1 diabetes ,MR Egger,-0.020353519,0.018757649,2.86E-01,9.80E-01,9.44E-01,1.02E+00,1.73E-01,1.09E-01,0.081797268
ALZ,"Illness, injury, bereavement, stress in last 2 years: Death of a spouse or partner",MR Egger,-0.831063027,0.779480382,2.86E-01,4.36E-01,9.45E-02,2.01E+00,3.94E-01,4.59E-01,0.393306978
ASD,Maternal smoking around birth ,Weighted median,0.896608621,0.842453719,2.87E-01,2.45E+00,4.70E-01,1.28E+01,6.71E-02,9.29E-02,0.956658032
PTSD,Type 1 diabetes ,Weighted mode,-0.010624838,0.009852563,2.87E-01,9.89E-01,9.71E-01,1.01E+00,2.89E-07,1.77E-07,0.2824836
OCD,Current employment status: Unemployed,MR Egger,2.226370161,2.093358672,2.88E-01,9.27E+00,1.53E-01,5.61E+02,1.18E-03,1.22E-03,0.485133606
OCD,Current employment status: Unemployed,MR Egger,2.226370161,2.093358672,2.88E-01,9.27E+00,1.53E-01,5.61E+02,1.18E-03,1.22E-03,0.485133606
ANX,"Non-cancer illness code, self-reported: diabetes ",Inverse variance weighted,1.341142365,1.262639383,2.88E-01,3.82E+00,3.22E-01,4.54E+01,1.15E-01,1.31E-01,0.739258283
ED,Alzheimer's disease or family history of Alzheimer's disease ,MR Egger,0.053075221,0.049061519,2.89E-01,1.05E+00,9.58E-01,1.16E+00,2.36E-01,2.37E-01,0.351905335
PTSD,Allergic rhinitis ,MR Egger,1.310005463,0.638622451,2.89E-01,3.71E+00,1.06E+00,1.30E+01,2.56E-01,4.86E-01,0.786689129
ALZ,"Non-cancer illness code, self-reported: diabetes ",Inverse variance weighted,0.587670299,0.554675807,2.89E-01,1.80E+00,6.07E-01,5.34E+00,3.07E-05,3.74E-05,0.583597277
ASD,"Diagnoses - secondary ICD10: E03.9 Hypothyroidism, unspecified ",Weighted mode,-1.893386637,1.761639238,2.90E-01,1.51E-01,4.77E-03,4.76E+00,8.01E-01,8.15E-01,0.468424168
PTSD,Living alone,Weighted median,-1.234372034,1.166312344,2.90E-01,2.91E-01,2.96E-02,2.86E+00,6.13E-04,5.91E-04,0.212492766
PTSD,Maternal smoking around birth ,Weighted median,0.832470929,0.786731724,2.90E-01,2.30E+00,4.92E-01,1.07E+01,5.93E-10,1.27E-09,0.833390174
PTSD,Current employment status: Unemployed,MR Egger,-1.147850583,1.088044216,2.92E-01,3.17E-01,3.76E-02,2.68E+00,1.18E-03,1.22E-03,0.485133606
PTSD,Current employment status: Unemployed,MR Egger,-1.147850583,1.088044216,2.92E-01,3.17E-01,3.76E-02,2.68E+00,1.18E-03,1.22E-03,0.485133606
BP,Extraversion,MR Egger,0.002807364,0.002661136,2.92E-01,1.00E+00,9.98E-01,1.01E+00,2.10E-01,2.11E-01,0.406035228
DEP,Viral infection,MR Egger,-1.64385847,1.558727987,2.92E-01,1.93E-01,9.10E-03,4.10E+00,1.78E-01,1.81E-01,0.513512517
ANX,Mumps,Weighted median,-0.012379348,0.011764756,2.93E-01,9.88E-01,9.65E-01,1.01E+00,9.37E-07,6.22E-07,0.021361089
BP,Diagnoses - secondary ICD10: I10 Essential (primary) hypertension ,Inverse variance weighted,-0.402857601,0.383190016,2.93E-01,6.68E-01,3.15E-01,1.42E+00,3.84E-01,4.14E-01,0.736685574
PTSD,Iron intake,MR Egger,2.738222684,2.607073477,2.94E-01,1.55E+01,9.33E-02,2.56E+03,6.04E-08,4.96E-08,0.089450444
ADHD,Current employment status: Unemployed,Weighted median,-0.564626555,0.5379019,2.94E-01,5.69E-01,1.98E-01,1.63E+00,1.31E-27,1.37E-27,0.437673351
ASD,Extraversion,Weighted median,-0.002762303,0.002634053,2.94E-01,9.97E-01,9.92E-01,1.00E+00,3.79E-20,3.65E-20,0.300348565
BP,College completion ,Simple mode,0.254935525,0.181521762,2.95E-01,1.29E+00,9.04E-01,1.84E+00,2.99E-02,5.22E-02,0.703106532
ALZ,"Illness, injury, bereavement, stress in last 2 years: Financial difficulties ",Weighted median,-1.296746878,1.241583746,2.96E-01,2.73E-01,2.40E-02,3.12E+00,1.90E-01,2.58E-01,0.772673041
ALZ,"Illness, injury, bereavement, stress in last 2 years: Financial difficulties ",Weighted median,-1.296746878,1.243238395,2.97E-01,2.73E-01,2.39E-02,3.13E+00,1.90E-01,2.58E-01,0.772673041
BP,Age-related hearing impairment (MTAG) ,Weighted mode,-0.338844564,0.319077614,2.97E-01,7.13E-01,3.81E-01,1.33E+00,5.47E-01,6.00E-01,0.791362667
ADHD,"Non-cancer illness code, self-reported: psoriasis ",Weighted mode,0.788252136,0.733982044,2.98E-01,2.20E+00,5.22E-01,9.27E+00,6.04E-02,6.70E-02,0.473949627
ALZ,Allergic rhinitis ,Weighted median,0.070206694,0.067682758,3.00E-01,1.07E+00,9.39E-01,1.22E+00,2.03E-01,4.44E-01,0.964356086
SCZ,Heart rate ,Weighted mode,0.013417044,0.012460026,3.00E-01,1.01E+00,9.89E-01,1.04E+00,1.20E-06,6.19E-07,0.36460977
ALZ,Operation code: caesarean section / caesarian section ,Inverse variance weighted,-1.774523139,1.712225091,3.00E-01,1.70E-01,5.91E-03,4.86E+00,8.04E-01,4.64E-01,0.438824537
ED,Mineral and other dietary supplements: Zinc ,Simple mode,-7.019704168,5.066513319,3.00E-01,8.94E-04,4.35E-08,1.84E+01,3.91E-02,8.97E-02,0.77722608
ANX,Primary biliary cirrhosis ,Simple mode,-0.07326742,0.068775356,3.01E-01,9.29E-01,8.12E-01,1.06E+00,1.27E-01,1.49E-01,0.571743678
BP,Autoimmune diseases ,Simple mode,-0.05023333,0.047955253,3.01E-01,9.51E-01,8.66E-01,1.04E+00,9.36E-01,9.11E-01,0.166070761
ED,Childhood obesity ,Inverse variance weighted,-0.036012795,0.03482048,3.01E-01,9.65E-01,9.01E-01,1.03E+00,5.83E-01,4.44E-01,0.274383991
SCZ,Viral infection,Weighted median,-1.677547933,1.623559838,3.01E-01,1.87E-01,7.75E-03,4.50E+00,4.70E-07,5.05E-07,0.656918281
ASD,Age-related hearing impairment (MTAG) ,Weighted median,-0.282584597,0.273542681,3.02E-01,7.54E-01,4.41E-01,1.29E+00,5.47E-01,6.00E-01,0.791362667
ANX,Diabetes mellitus ,Weighted median,0.091276247,0.088387227,3.02E-01,1.10E+00,9.21E-01,1.30E+00,2.98E-01,2.88E-01,0.274908982
ANX,Childhood obesity ,Weighted median,0.093567607,0.090665497,3.02E-01,1.10E+00,9.19E-01,1.31E+00,1.25E-01,2.14E-01,0.857272036
PTSD,"Diagnoses - main ICD10: J45.9 Asthma, unspecified ",Weighted mode,12.38085697,10.77964516,3.03E-01,2.38E+05,1.59E-04,3.57E+14,1.22E-03,2.50E-03,0.790492349
ALZ,Unable to work because of sickness or disability,Weighted median,-0.326348105,0.31724004,3.04E-01,7.22E-01,3.87E-01,1.34E+00,3.94E-01,4.59E-01,0.185533544
ED,Birth weight ,Weighted mode,-0.304565499,0.295215681,3.04E-01,7.37E-01,4.13E-01,1.32E+00,1.16E-01,1.27E-01,0.831139804
ANX,Diabetes mellitus ,Weighted mode,0.094345108,0.090916084,3.05E-01,1.10E+00,9.20E-01,1.31E+00,2.98E-01,2.88E-01,0.274908982
ADHD,Birth weight ,MR Egger,-0.158907972,0.154589602,3.06E-01,8.53E-01,6.30E-01,1.15E+00,1.00E-03,1.16E-03,0.633601676
ADHD,Mumps,MR Egger,0.003050394,0.002979503,3.06E-01,1.00E+00,9.97E-01,1.01E+00,9.37E-07,6.22E-07,0.021361089
ED,Maternal smoking around birth ,Inverse variance weighted,-0.654702356,0.639981271,3.06E-01,5.20E-01,1.48E-01,1.82E+00,1.26E-03,2.10E-03,0.872675286
ED,Maternal smoking around birth ,Inverse variance weighted,-0.654702356,0.639981271,3.06E-01,5.20E-01,1.48E-01,1.82E+00,1.26E-03,2.10E-03,0.872675286
PTSD,Maternal smoking around birth ,Weighted median,0.832470929,0.814587027,3.07E-01,2.30E+00,4.66E-01,1.13E+01,5.93E-10,1.27E-09,0.833390174
DEP,Behauvioural and emotional disorders with onset usually occuring in childhood and adolescence,Weighted median,-0.002331895,0.002283663,3.07E-01,9.98E-01,9.93E-01,1.00E+00,2.99E-01,3.02E-01,0.414593205
DEP,Primary biliary cirrhosis ,Weighted mode,-0.009964408,0.009508598,3.09E-01,9.90E-01,9.72E-01,1.01E+00,7.11E-03,9.34E-03,0.653885458
BP,Gestational diabetes (for exclusion) ,Inverse variance weighted,-0.035842678,0.035201513,3.09E-01,9.65E-01,9.00E-01,1.03E+00,4.16E-01,2.85E-01,0.236593224
BP,Gestational diabetes (for exclusion) ,Inverse variance weighted,-0.035842678,0.035201513,3.09E-01,9.65E-01,9.00E-01,1.03E+00,4.16E-01,2.85E-01,0.236593224
ASD,"Illness, injury, bereavement, stress in last 2 years: Death of a spouse or partner",MR Egger,-1.193813485,1.174899492,3.10E-01,3.03E-01,3.03E-02,3.03E+00,3.62E-27,4.32E-27,0.964007176
DEP,Age-related hearing impairment (MTAG) ,Simple mode,-0.170520373,0.164756104,3.10E-01,8.43E-01,6.11E-01,1.16E+00,6.59E-02,7.95E-02,0.672216691
DEP,Type 1 diabetes ,Weighted median,0.005807467,0.00572704,3.11E-01,1.01E+00,9.95E-01,1.02E+00,9.77E-01,9.82E-01,0.667597956
PTSD,Viral infection,MR Egger,-4.30839269,4.253716792,3.11E-01,1.35E-02,3.22E-06,5.62E+01,4.70E-07,5.05E-07,0.656918281
SCZ,Qualifications: College or University degree ,Simple mode,0.673498174,0.663859113,3.11E-01,1.96E+00,5.34E-01,7.20E+00,3.43E-52,4.00E-52,0.530344877
SCZ,"Diagnoses - secondary ICD10: M06.99 Rheumatoid arthritis, unspecified (Site unspecified) ",Inverse variance weighted,13.83732906,13.67557492,3.12E-01,1.02E+06,2.34E-06,4.47E+17,1.49E-01,6.18E-02,0.419052098
ADHD,"Illness, injury, bereavement, stress in last 2 years: Death of a spouse or partner",MR Egger,-0.915325211,0.904566848,3.12E-01,4.00E-01,6.80E-02,2.36E+00,3.62E-27,4.32E-27,0.964007176
ASD,Maternal smoking around birth ,Weighted median,0.896608621,0.886422847,3.12E-01,2.45E+00,4.31E-01,1.39E+01,6.71E-02,9.29E-02,0.956658032
OCD,Childhood obesity ,Simple mode,0.156236184,0.135414329,3.13E-01,1.17E+00,8.97E-01,1.52E+00,5.83E-01,4.44E-01,0.274383991
ANX,Type 2 diabetes ,Weighted mode,0.079112661,0.078105272,3.13E-01,1.08E+00,9.29E-01,1.26E+00,6.07E-02,6.65E-02,0.613324742
PTSD,Birth weight ,Inverse variance weighted,-0.063784438,0.063432721,3.15E-01,9.38E-01,8.29E-01,1.06E+00,2.92E-10,4.08E-10,0.920003688
PTSD,"Non-cancer illness code, self-reported: psoriasis ",Weighted mode,1.191441871,1.152965514,3.15E-01,3.29E+00,3.44E-01,3.15E+01,2.85E-02,4.02E-02,0.958005122
OCD,Living alone,Weighted median,2.36189627,2.352979468,3.15E-01,1.06E+01,1.05E-01,1.07E+03,6.13E-04,5.91E-04,0.212492766
BP,College completion ,Weighted mode,0.270696377,0.204440637,3.17E-01,1.31E+00,8.78E-01,1.96E+00,2.99E-02,5.22E-02,0.703106532
ADHD,Type 2 diabetes ,Simple mode,0.065477151,0.065106278,3.17E-01,1.07E+00,9.40E-01,1.21E+00,2.95E-10,2.10E-11,0.021489974
ANX,Tea intake ,Inverse variance weighted,0.338688505,0.338477925,3.17E-01,1.40E+00,7.23E-01,2.72E+00,3.20E-02,3.75E-02,0.591047064
DEP,Diagnoses - main ICD10: I25.1 Atherosclerotic heart disease ,Weighted mode,0.684493943,0.671319737,3.17E-01,1.98E+00,5.32E-01,7.39E+00,7.34E-03,8.56E-03,0.527309938
ADHD,Ever taken cannabis ,Inverse variance weighted,-0.018348555,0.018350649,3.17E-01,9.82E-01,9.47E-01,1.02E+00,1.40E-01,1.91E-01,0.620876264
ALZ,smoking initiation ,Weighted median,-0.070229462,0.070317217,3.18E-01,9.32E-01,8.12E-01,1.07E+00,3.65E-03,4.20E-03,0.596309197
ED,Tea intake ,Simple mode,0.397404627,0.391749379,3.18E-01,1.49E+00,6.90E-01,3.21E+00,1.11E-01,1.27E-01,0.630058391
ADHD,Unspecified maternal hypertension,Inverse variance weighted,-0.001090198,0.0010931,3.19E-01,9.99E-01,9.97E-01,1.00E+00,1.20E-09,9.55E-10,0.089885104
ASD,Primary sclerosing cholangitis ,Weighted mode,-0.017753127,0.017226452,3.19E-01,9.82E-01,9.50E-01,1.02E+00,3.17E-01,3.92E-01,0.843794435
ADHD,Caffeine,MR Egger,0.694833082,0.698163466,3.20E-01,2.00E+00,5.10E-01,7.87E+00,9.17E-15,7.36E-15,0.123982374
ADHD,Birth weight ,Simple mode,-0.184765962,0.185082758,3.20E-01,8.31E-01,5.78E-01,1.19E+00,1.00E-03,1.16E-03,0.633601676
DEP,"Diagnoses - secondary ICD10: E03.9 Hypothyroidism, unspecified ",Inverse variance weighted,0.427670803,0.431484502,3.22E-01,1.53E+00,6.58E-01,3.57E+00,1.50E-01,1.78E-01,0.835795114
BP,Childhood obesity ,Weighted median,-0.028039485,0.028299561,3.22E-01,9.72E-01,9.20E-01,1.03E+00,1.25E-01,2.14E-01,0.857272036
PTSD,"Non-cancer illness code, self-reported: psoriasis ",Weighted median,1.122966603,1.133718347,3.22E-01,3.07E+00,3.33E-01,2.84E+01,2.85E-02,4.02E-02,0.958005122
SCZ,Heart rate ,Inverse variance weighted,0.01173106,0.011863649,3.23E-01,1.01E+00,9.89E-01,1.04E+00,1.20E-06,6.19E-07,0.36460977
ED,smoking initiation ,Weighted mode,-0.363472949,0.365044059,3.23E-01,6.95E-01,3.40E-01,1.42E+00,8.00E-04,7.40E-04,0.310689123
PTSD,Maternal smoking around birth ,Weighted mode,1.349563622,1.321450571,3.23E-01,3.86E+00,2.89E-01,5.14E+01,5.93E-10,1.27E-09,0.833390174
OCD,Childhood obesity ,Weighted mode,0.136344868,0.121172758,3.23E-01,1.15E+00,9.04E-01,1.45E+00,5.83E-01,4.44E-01,0.274383991
ANX,Current employment status: Retired,Inverse variance weighted,-0.356572495,0.361161758,3.23E-01,7.00E-01,3.45E-01,1.42E+00,6.63E-12,6.82E-12,0.41326421
SCZ,Tea intake ,Weighted mode,0.135095938,0.135159421,3.24E-01,1.14E+00,8.78E-01,1.49E+00,3.34E-05,3.53E-05,0.452765438
DEP,Current employment status: Retired,Weighted median,0.050694507,0.05145373,3.25E-01,1.05E+00,9.51E-01,1.16E+00,1.57E-01,1.63E-01,0.964580618
OCD,Unable to work because of sickness or disability,MR Egger,-1.261905619,1.281231416,3.25E-01,2.83E-01,2.30E-02,3.49E+00,2.55E-04,2.53E-04,0.299104165
DEP,Age-related hearing impairment (MTAG) ,MR Egger,-0.397545809,0.396145854,3.25E-01,6.72E-01,3.09E-01,1.46E+00,6.59E-02,7.95E-02,0.672216691
ALZ,smoking initiation ,Inverse variance weighted,-0.054785468,0.055763524,3.26E-01,9.47E-01,8.49E-01,1.06E+00,3.65E-03,4.20E-03,0.596309197
ED,Heart rate ,Weighted mode,-0.017651949,0.017339159,3.26E-01,9.83E-01,9.50E-01,1.02E+00,6.88E-01,6.94E-01,0.381703376
ADHD,Intelligence ,MR Egger,-0.298690632,0.304128529,3.28E-01,7.42E-01,4.09E-01,1.35E+00,8.19E-17,1.09E-16,0.643105235
SCZ,"Non-cancer illness code, self-reported: psoriasis ",Simple mode,2.694438062,2.678306842,3.28E-01,1.48E+01,7.77E-02,2.82E+03,2.85E-02,4.02E-02,0.958005122
DEP,Diabetes mellitus ,Inverse variance weighted,-0.008871106,0.009085135,3.29E-01,9.91E-01,9.74E-01,1.01E+00,5.60E-01,5.56E-01,0.300889221
BP,Heart rate ,Simple mode,0.012104247,0.011970802,3.29E-01,1.01E+00,9.89E-01,1.04E+00,2.36E-01,2.98E-01,0.944759356
OCD,Extraversion,Inverse variance weighted,0.00332014,0.003402843,3.29E-01,1.00E+00,9.97E-01,1.01E+00,6.71E-04,6.86E-04,0.443857218
ASD,Age at first birth ,Inverse variance weighted,-0.043427413,0.044518317,3.29E-01,9.58E-01,8.77E-01,1.04E+00,2.94E-01,3.06E-01,0.438959952
SCZ,Rubella vaccination,Weighted median,-0.002182097,0.002238874,3.30E-01,9.98E-01,9.93E-01,1.00E+00,1.70E-02,1.73E-02,0.444404848
ANX,Extraversion,MR Egger,0.007268071,0.007477656,3.31E-01,1.01E+00,9.93E-01,1.02E+00,3.79E-20,3.65E-20,0.300348565
ALZ,Fresh fruit intake ,Weighted mode,-0.386012193,0.393900256,3.32E-01,6.80E-01,3.14E-01,1.47E+00,5.53E-05,7.29E-05,0.686175326
SCZ,Diabetes mellitus ,MR Egger,0.043886282,0.044771141,3.32E-01,1.04E+00,9.57E-01,1.14E+00,1.22E-02,1.56E-02,0.98389506
OCD,Type 1 diabetes ,Weighted mode,-0.058983144,0.059545797,3.32E-01,9.43E-01,8.39E-01,1.06E+00,9.77E-01,9.82E-01,0.667597956
ASD,Maternal smoking around birth ,Weighted mode,1.480618946,1.475233917,3.33E-01,4.40E+00,2.44E-01,7.92E+01,6.71E-02,9.29E-02,0.956658032
SCZ,Operation code: caesarean section / caesarian section ,Weighted median,1.611767636,1.665141441,3.33E-01,5.01E+00,1.92E-01,1.31E+02,6.42E-01,3.60E-01,0.405554352
ANX,Type 2 diabetes ,Inverse variance weighted,0.04291288,0.044338299,3.33E-01,1.04E+00,9.57E-01,1.14E+00,6.07E-02,6.65E-02,0.613324742
PTSD,Maternal smoking around birth ,Simple mode,1.44710258,1.44817014,3.34E-01,4.25E+00,2.49E-01,7.26E+01,5.93E-10,1.27E-09,0.833390174
SCZ,Mineral and other dietary supplements: Zinc ,Simple mode,3.786008502,3.012194548,3.36E-01,4.41E+01,1.20E-01,1.62E+04,2.58E-01,5.17E-01,0.886047001
ANX,Rubella vaccination,Weighted median,-0.012547134,0.013053686,3.36E-01,9.88E-01,9.63E-01,1.01E+00,3.15E-10,3.11E-10,0.317387409
PTSD,Nitrogen dioxide air pollution; 2010 ,Inverse variance weighted,-0.570644981,0.594202853,3.37E-01,5.65E-01,1.76E-01,1.81E+00,3.06E-03,6.01E-03,0.906361827
ED,"Non-cancer illness code, self-reported: diabetes ",Inverse variance weighted,0.567675559,0.591857205,3.37E-01,1.76E+00,5.53E-01,5.63E+00,8.17E-01,8.27E-01,0.459888989
ANX,Mineral and other dietary supplements: Zinc ,Weighted median,9.216077239,9.619010472,3.38E-01,1.01E+04,6.53E-05,1.55E+12,8.67E-01,9.76E-01,0.910201837
ANX,Mineral and other dietary supplements: Zinc ,Inverse variance weighted,7.871468674,8.238870066,3.39E-01,2.62E+03,2.54E-04,2.70E+10,8.67E-01,9.76E-01,0.910201837
DEP,"Non-cancer illness code, self-reported: psoriasis ",Inverse variance weighted,-0.654002327,0.684925441,3.40E-01,5.20E-01,1.36E-01,1.99E+00,1.37E-02,1.99E-02,0.881156109
BP,Current employment status: Retired,Inverse variance weighted,0.079399114,0.083195328,3.40E-01,1.08E+00,9.20E-01,1.27E+00,1.57E-01,1.63E-01,0.964580618
PTSD,"Non-cancer illness code, self-reported: psoriasis ",MR Egger,1.258095269,1.281566843,3.40E-01,3.52E+00,2.85E-01,4.34E+01,2.85E-02,4.02E-02,0.958005122
ED,Sleeplessness / insomnia ,Weighted mode,0.581386113,0.59985262,3.40E-01,1.79E+00,5.52E-01,5.80E+00,1.65E-10,2.97E-10,0.924188828
OCD,Fresh fruit intake ,Inverse variance weighted,0.473093658,0.496795951,3.41E-01,1.60E+00,6.06E-01,4.25E+00,8.33E-09,1.14E-08,0.641094878
PTSD,Maternal smoking around birth ,Weighted mode,1.349563622,1.372307713,3.41E-01,3.86E+00,2.62E-01,5.68E+01,5.93E-10,1.27E-09,0.833390174
PTSD,Type 2 diabetes ,Inverse variance weighted,0.020610145,0.021680301,3.42E-01,1.02E+00,9.78E-01,1.07E+00,1.58E-15,2.37E-15,0.803993711
ASD,Maternal smoking around birth ,Weighted mode,1.480618946,1.505819213,3.42E-01,4.40E+00,2.30E-01,8.41E+01,6.71E-02,9.29E-02,0.956658032
OCD,Diagnoses - secondary ICD10: I10 Essential (primary) hypertension ,MR Egger,2.902372296,3.02731253,3.42E-01,1.82E+01,4.83E-02,6.88E+03,3.02E-02,3.57E-02,0.763537701
SCZ,Mineral and other dietary supplements: Zinc ,Weighted mode,3.793879291,3.074714511,3.43E-01,4.44E+01,1.07E-01,1.84E+04,2.58E-01,5.17E-01,0.886047001
ED,Age at first birth ,MR Egger,-0.211728176,0.221223581,3.43E-01,8.09E-01,5.24E-01,1.25E+00,3.41E-04,1.34E-04,0.098355856
ADHD,Heart rate ,Weighted mode,-0.011140031,0.011367304,3.44E-01,9.89E-01,9.67E-01,1.01E+00,5.44E-02,7.69E-02,0.912617194
ASD,Birth weight ,Simple mode,0.219164548,0.230810386,3.44E-01,1.25E+00,7.92E-01,1.96E+00,3.36E-01,3.10E-01,0.144352315
OCD,Body mass index (BMI) ,Inverse variance weighted,0.101355192,0.107158549,3.44E-01,1.11E+00,8.97E-01,1.37E+00,2.57E-14,3.16E-14,0.736769716
PTSD,Maternal smoking around birth ,Simple mode,1.44710258,1.482079969,3.44E-01,4.25E+00,2.33E-01,7.76E+01,5.93E-10,1.27E-09,0.833390174
ASD,Age-related hearing impairment (MTAG) ,Inverse variance weighted,-0.194512011,0.206435917,3.46E-01,8.23E-01,5.49E-01,1.23E+00,5.47E-01,6.00E-01,0.791362667
ANX,Operative procedures,Weighted median,-2.931986141,3.115582909,3.47E-01,5.33E-02,1.19E-04,2.39E+01,8.10E-36,8.16E-36,0.376680089
OCD,Chickenpox,Weighted median,3.144857146,3.344190441,3.47E-01,2.32E+01,3.30E-02,1.63E+04,9.62E-05,9.84E-05,0.428201041
OCD,Diagnoses - secondary ICD10: I10 Essential (primary) hypertension ,Simple mode,2.213501669,2.335829655,3.48E-01,9.15E+00,9.40E-02,8.90E+02,3.02E-02,3.57E-02,0.763537701
SCZ,Operative procedures,Weighted median,-0.9695121,1.033707795,3.48E-01,3.79E-01,5.00E-02,2.88E+00,1.90E-08,2.06E-08,0.716297006
DEP,Viral infection,Inverse variance weighted,-0.605818654,0.646040126,3.48E-01,5.46E-01,1.54E-01,1.94E+00,1.78E-01,1.81E-01,0.513512517
ASD,Body mass index (BMI) ,Weighted mode,0.125710135,0.133938153,3.48E-01,1.13E+00,8.72E-01,1.47E+00,4.09E-01,4.21E-01,0.751756581
ASD,Childhood obesity ,MR Egger,-0.294648812,0.266718495,3.50E-01,7.45E-01,4.42E-01,1.26E+00,1.25E-01,2.14E-01,0.857272036
SCZ,Primary biliary cirrhosis ,Weighted mode,-0.014482254,0.015150447,3.50E-01,9.86E-01,9.57E-01,1.02E+00,4.61E-05,7.85E-05,0.924368959
ASD,Diagnoses - main ICD10: I25.1 Atherosclerotic heart disease ,Simple mode,-3.57244362,3.756554962,3.50E-01,2.81E-02,1.78E-05,4.43E+01,8.84E-01,8.85E-01,0.371424741
OCD,Ever taken cannabis ,Weighted median,0.064497859,0.069135436,3.51E-01,1.07E+00,9.31E-01,1.22E+00,5.95E-01,7.18E-01,0.945702243
BP,Unspecified maternal hypertension,Weighted median,-0.001340737,0.001438209,3.51E-01,9.99E-01,9.96E-01,1.00E+00,1.28E-01,1.33E-01,0.809668802
PTSD,College completion ,Weighted mode,0.254581241,0.211473615,3.52E-01,1.29E+00,8.52E-01,1.95E+00,6.04E-01,8.71E-01,0.943669546
ADHD,Diagnoses - secondary ICD10: I10 Essential (primary) hypertension ,MR Egger,-1.210635208,1.290898172,3.52E-01,2.98E-01,2.37E-02,3.74E+00,3.69E-05,1.64E-05,0.122165029
SCZ,Behauvioural and emotional disorders with onset usually occuring in childhood and adolescence,Inverse variance weighted,-0.003497001,0.003756951,3.52E-01,9.97E-01,9.89E-01,1.00E+00,1.65E-01,1.56E-01,0.070420239
PTSD,Current employment status: Retired,MR Egger,0.220924472,0.237330263,3.52E-01,1.25E+00,7.83E-01,1.99E+00,1.19E-02,1.22E-02,0.628714826
BP,"Diagnoses - secondary ICD10: E03.9 Hypothyroidism, unspecified ",Simple mode,-1.829446949,1.940084748,3.52E-01,1.61E-01,3.58E-03,7.19E+00,8.01E-01,8.15E-01,0.468424168
ED,Childhood obesity ,Simple mode,-0.064760237,0.061604105,3.52E-01,9.37E-01,8.31E-01,1.06E+00,5.83E-01,4.44E-01,0.274383991
ED,Diagnoses - main ICD10: I25.1 Atherosclerotic heart disease ,Inverse variance weighted,-1.274198369,1.370529032,3.53E-01,2.80E-01,1.91E-02,4.10E+00,7.34E-03,8.56E-03,0.527309938
ADHD,Heart rate ,Simple mode,-0.01275672,0.013279843,3.53E-01,9.87E-01,9.62E-01,1.01E+00,5.44E-02,7.69E-02,0.912617194
SCZ,Primary biliary cirrhosis ,Simple mode,-0.016918266,0.01782978,3.53E-01,9.83E-01,9.49E-01,1.02E+00,4.61E-05,7.85E-05,0.924368959
ADHD,Gestational diabetes (for exclusion) ,Weighted mode,0.031479191,0.028785667,3.54E-01,1.03E+00,9.75E-01,1.09E+00,6.28E-01,7.17E-01,0.582055872
OCD,Current employment status: Retired,Inverse variance weighted,-0.206652323,0.223125835,3.54E-01,8.13E-01,5.25E-01,1.26E+00,1.19E-02,1.22E-02,0.628714826
SCZ,"Diagnoses - secondary ICD10: E03.9 Hypothyroidism, unspecified ",Inverse variance weighted,-0.815310374,0.880457237,3.54E-01,4.43E-01,7.88E-02,2.49E+00,3.33E-07,3.55E-07,0.477148258
BP,Chickenpox,MR Egger,1.930783341,2.084834656,3.55E-01,6.89E+00,1.16E-01,4.10E+02,4.33E-01,4.39E-01,0.869913031
ALZ,"Non-cancer illness code, self-reported: diabetes ",MR Egger,1.275731751,1.367363475,3.55E-01,3.58E+00,2.46E-01,5.22E+01,3.07E-05,3.74E-05,0.583597277
DEP,Primary biliary cirrhosis ,Inverse variance weighted,-0.006222264,0.006722802,3.55E-01,9.94E-01,9.81E-01,1.01E+00,7.11E-03,9.34E-03,0.653885458
BP,Operative procedures,Weighted median,-0.97408746,1.053805836,3.55E-01,3.78E-01,4.79E-02,2.98E+00,1.32E-01,1.36E-01,0.949318884
PTSD,Primary sclerosing cholangitis ,Simple mode,-0.038602319,0.040631525,3.55E-01,9.62E-01,8.88E-01,1.04E+00,5.23E-04,1.42E-04,0.183882486
DEP,Fresh fruit intake ,MR Egger,0.51705839,0.554123689,3.55E-01,1.68E+00,5.66E-01,4.97E+00,8.33E-09,1.14E-08,0.641094878
ALZ,"Illness, injury, bereavement, stress in last 2 years: Serious illness, injury or assault to yourself ",Weighted median,1.957003617,2.12100199,3.56E-01,7.08E+00,1.11E-01,4.52E+02,6.83E-01,2.87E-01,0.36914415
OCD,Nitrogen dioxide air pollution; 2010 ,MR Egger,-4.073031921,4.076744673,3.56E-01,1.70E-02,5.77E-06,5.03E+01,1.60E-01,1.05E-01,0.241107647
SCZ,Ever taken cannabis ,Weighted mode,-0.03276116,0.033181757,3.56E-01,9.68E-01,9.07E-01,1.03E+00,1.18E-01,1.36E-01,0.490034171
OCD,Operative procedures,Inverse variance weighted,-2.052673339,2.229590382,3.57E-01,1.28E-01,1.62E-03,1.01E+01,1.90E-08,2.06E-08,0.716297006
DEP,Fresh fruit intake ,Inverse variance weighted,-0.138956751,0.151191769,3.58E-01,8.70E-01,6.47E-01,1.17E+00,8.33E-09,1.14E-08,0.641094878
DEP,Fresh fruit intake ,Simple mode,0.340623911,0.367731118,3.59E-01,1.41E+00,6.84E-01,2.89E+00,8.33E-09,1.14E-08,0.641094878
ALZ,Current employment status: Unemployed,MR Egger,0.696608848,0.759179365,3.59E-01,2.01E+00,4.53E-01,8.89E+00,3.94E-01,4.59E-01,0.440608342
ALZ,Current employment status: Unemployed,MR Egger,0.696608848,0.759179365,3.59E-01,2.01E+00,4.53E-01,8.89E+00,3.94E-01,4.59E-01,0.440608342
PTSD,Iron intake,Inverse variance weighted,1.025571463,1.118157096,3.59E-01,2.79E+00,3.12E-01,2.50E+01,6.04E-08,4.96E-08,0.089450444
OCD,Diagnoses - main ICD10: I25.1 Atherosclerotic heart disease ,Weighted median,2.936046282,3.211084656,3.61E-01,1.88E+01,3.48E-02,1.02E+04,7.34E-03,8.56E-03,0.527309938
ASD,Serum 25-Hydroxyvitamin D levels ,Weighted mode,0.081873278,0.089261097,3.61E-01,1.09E+00,9.11E-01,1.29E+00,1.06E-01,1.16E-01,0.636334511
OCD,Birth weight ,Weighted median,-0.183645047,0.201929223,3.63E-01,8.32E-01,5.60E-01,1.24E+00,1.16E-01,1.27E-01,0.831139804
ADHD,Heart rate ,Inverse variance weighted,-0.006967515,0.007661263,3.63E-01,9.93E-01,9.78E-01,1.01E+00,5.44E-02,7.69E-02,0.912617194
ALZ,Current employment status: Retired,MR Egger,-0.138378776,0.152177351,3.63E-01,8.71E-01,6.46E-01,1.17E+00,3.94E-01,4.59E-01,0.304526965
PTSD,Serum 25-Hydroxyvitamin D levels ,Inverse variance weighted,-0.061036971,0.067144593,3.63E-01,9.41E-01,8.25E-01,1.07E+00,6.95E-10,1.00E-09,0.905174633
PTSD,Intelligence ,Simple mode,0.308637012,0.338737835,3.64E-01,1.36E+00,7.01E-01,2.64E+00,6.21E-49,1.56E-49,0.232036593
DEP,smoking initiation ,MR Egger,0.188480417,0.206636588,3.64E-01,1.21E+00,8.05E-01,1.81E+00,8.00E-04,7.40E-04,0.310689123
ADHD,Nitrogen dioxide air pollution; 2010 ,MR Egger,1.982139521,2.020701425,3.65E-01,7.26E+00,1.38E-01,3.81E+02,1.11E-02,7.92E-03,0.374272917
OCD,Age at first birth ,Inverse variance weighted,-0.072532684,0.080279434,3.66E-01,9.30E-01,7.95E-01,1.09E+00,3.41E-04,1.34E-04,0.098355856
ED,Maternal smoking around birth ,Weighted median,-0.681033876,0.754880815,3.67E-01,5.06E-01,1.15E-01,2.22E+00,1.26E-03,2.10E-03,0.872675286
ED,Neuroticism score ,Weighted mode,-0.094076521,0.103960416,3.68E-01,9.10E-01,7.42E-01,1.12E+00,1.55E-10,6.41E-11,0.134958317
DEP,Intelligence ,Inverse variance weighted,0.031570945,0.035051288,3.68E-01,1.03E+00,9.64E-01,1.11E+00,1.44E-11,1.54E-11,0.454530892
ANX,"Non-cancer illness code, self-reported: psoriasis ",Inverse variance weighted,3.388412151,3.764986434,3.68E-01,2.96E+01,1.85E-02,4.75E+04,9.52E-01,9.05E-01,0.168371825
ALZ,Mumps,MR Egger,-0.002034464,0.002264583,3.69E-01,9.98E-01,9.94E-01,1.00E+00,3.94E-01,4.59E-01,0.145831678
ADHD,Gestational diabetes (for exclusion) ,Weighted mode,0.031479191,0.02990331,3.70E-01,1.03E+00,9.73E-01,1.09E+00,6.28E-01,7.17E-01,0.582055872
OCD,Rubella vaccination,MR Egger,-0.006148844,0.006860718,3.70E-01,9.94E-01,9.81E-01,1.01E+00,1.70E-02,1.73E-02,0.444404848
ADHD,Unspecified maternal hypertension,MR Egger,0.001819682,0.002033122,3.71E-01,1.00E+00,9.98E-01,1.01E+00,1.20E-09,9.55E-10,0.089885104
ALZ,Extraversion,Weighted median,0.001650485,0.001845778,3.71E-01,1.00E+00,9.98E-01,1.01E+00,3.94E-01,4.59E-01,0.582683346
DEP,Serum 25-Hydroxyvitamin D levels ,MR Egger,0.037814831,0.042131468,3.71E-01,1.04E+00,9.56E-01,1.13E+00,4.60E-05,9.74E-06,0.021248455
ALZ,Tea intake ,Simple mode,0.24504342,0.27129557,3.72E-01,1.28E+00,7.51E-01,2.17E+00,1.49E-01,8.22E-02,0.058657196
SCZ,Diagnoses - secondary ICD10: I10 Essential (primary) hypertension ,MR Egger,1.563902694,1.740235181,3.72E-01,4.78E+00,1.58E-01,1.45E+02,3.20E-10,5.07E-10,0.929020551
SCZ,Operation code: caesarean section / caesarian section ,Inverse variance weighted,1.221894814,1.369025085,3.72E-01,3.39E+00,2.32E-01,4.97E+01,6.42E-01,3.60E-01,0.405554352
ALZ,Age-related hearing impairment (MTAG) ,Simple mode,-0.345401012,0.380840616,3.72E-01,7.08E-01,3.36E-01,1.49E+00,6.32E-01,6.63E-01,0.546827286
ASD,Current employment status: Retired,Inverse variance weighted,0.105868345,0.118703774,3.72E-01,1.11E+00,8.81E-01,1.40E+00,6.63E-12,6.82E-12,0.41326421
BP,Extraversion,Weighted median,0.001588376,0.00178153,3.73E-01,1.00E+00,9.98E-01,1.01E+00,2.10E-01,2.11E-01,0.406035228
ED,"Non-cancer illness code, self-reported: psoriasis ",Simple mode,3.868964226,4.218172476,3.73E-01,4.79E+01,1.23E-02,1.87E+05,1.37E-02,1.99E-02,0.881156109
ALZ,Nitrogen dioxide air pollution; 2010 ,Inverse variance weighted,0.262275297,0.294220119,3.73E-01,1.30E+00,7.30E-01,2.31E+00,6.64E-01,7.57E-01,0.757904622
ANX,"Non-cancer illness code, self-reported: diabetes ",Weighted mode,1.883193842,2.112508535,3.77E-01,6.57E+00,1.05E-01,4.13E+02,1.15E-01,1.31E-01,0.739258283
ADHD,Behauvioural and emotional disorders with onset usually occuring in childhood and adolescence,MR Egger,0.006824809,0.007715859,3.77E-01,1.01E+00,9.92E-01,1.02E+00,5.57E-09,1.67E-09,0.000624709
ALZ,Operative procedures,Inverse variance weighted,-0.69907142,0.790670852,3.77E-01,4.97E-01,1.06E-01,2.34E+00,3.94E-01,4.59E-01,0.270313021
SCZ,Ever taken cannabis ,Weighted median,-0.016946116,0.019189898,3.77E-01,9.83E-01,9.47E-01,1.02E+00,1.18E-01,1.36E-01,0.490034171
ED,Sleeplessness / insomnia ,Inverse variance weighted,0.293841315,0.332964358,3.78E-01,1.34E+00,6.99E-01,2.58E+00,1.65E-10,2.97E-10,0.924188828
ED,Childhood obesity ,Weighted mode,-0.064760237,0.065348709,3.78E-01,9.37E-01,8.25E-01,1.07E+00,5.83E-01,4.44E-01,0.274383991
OCD,Age-related hearing impairment (MTAG) ,MR Egger,1.316040017,1.466980153,3.78E-01,3.73E+00,2.10E-01,6.61E+01,6.59E-02,7.95E-02,0.672216691
ASD,Body mass index (BMI) ,Inverse variance weighted,0.047452024,0.053959723,3.79E-01,1.05E+00,9.43E-01,1.17E+00,4.09E-01,4.21E-01,0.751756581
OCD,Gestational diabetes (for exclusion) ,Inverse variance weighted,0.085269529,0.096977841,3.79E-01,1.09E+00,9.00E-01,1.32E+00,8.65E-01,9.15E-01,0.662995418
OCD,Gestational diabetes (for exclusion) ,Inverse variance weighted,0.085269529,0.096977841,3.79E-01,1.09E+00,9.00E-01,1.32E+00,8.65E-01,9.15E-01,0.662995418
ANX,Fresh fruit intake ,Weighted mode,1.241915369,1.400761629,3.79E-01,3.46E+00,2.22E-01,5.39E+01,4.30E-01,4.17E-01,0.253656155
ALZ,Congenital cytomegalovirus infection,MR Egger,-0.107145563,0.118119541,3.80E-01,8.98E-01,7.13E-01,1.13E+00,3.94E-01,4.59E-01,0.845263594
DEP,Age at first birth ,MR Egger,-0.069578343,0.078510583,3.80E-01,9.33E-01,8.00E-01,1.09E+00,3.41E-04,1.34E-04,0.098355856
ANX,Extraversion,Weighted median,0.004766153,0.005428929,3.80E-01,1.00E+00,9.94E-01,1.02E+00,3.79E-20,3.65E-20,0.300348565
SCZ,Nitrogen dioxide air pollution; 2010 ,MR Egger,-4.033738667,4.274912621,3.82E-01,1.77E-02,4.07E-06,7.71E+01,3.06E-03,6.01E-03,0.906361827
PTSD,Viral infection,Weighted median,-2.280654951,2.609000828,3.82E-01,1.02E-01,6.15E-04,1.70E+01,4.70E-07,5.05E-07,0.656918281
ED,College completion ,MR Egger,3.130918906,2.142515832,3.82E-01,2.29E+01,3.44E-01,1.53E+03,6.04E-01,8.71E-01,0.943669546
OCD,Diabetes mellitus ,Simple mode,0.135104177,0.153228254,3.83E-01,1.14E+00,8.48E-01,1.55E+00,5.60E-01,5.56E-01,0.300889221
ALZ,College completion ,MR Egger,1.489678327,1.024637506,3.84E-01,4.44E+00,5.95E-01,3.30E+01,3.94E-01,4.59E-01,0.350028286
ASD,Operative procedures,Weighted median,-1.397690546,1.605682902,3.84E-01,2.47E-01,1.06E-02,5.75E+00,8.10E-36,8.16E-36,0.376680089
ED,Maternal smoking around birth ,Weighted median,-0.681033876,0.783057961,3.84E-01,5.06E-01,1.09E-01,2.35E+00,1.26E-03,2.10E-03,0.872675286
PTSD,Autoimmune diseases ,MR Egger,-0.036193553,0.0412794,3.85E-01,9.64E-01,8.89E-01,1.05E+00,2.74E-05,3.77E-05,0.700159744
ED,Behauvioural and emotional disorders with onset usually occuring in childhood and adolescence,Inverse variance weighted,0.006073571,0.006994517,3.85E-01,1.01E+00,9.92E-01,1.02E+00,2.99E-01,3.02E-01,0.414593205
ANX,Current employment status: Retired,Weighted median,-0.457646205,0.527740664,3.86E-01,6.33E-01,2.25E-01,1.78E+00,6.63E-12,6.82E-12,0.41326421
ASD,Diagnoses - secondary ICD10: I10 Essential (primary) hypertension ,Weighted median,-0.480961101,0.554666668,3.86E-01,6.18E-01,2.08E-01,1.83E+00,3.84E-01,4.14E-01,0.736685574
OCD,Fresh fruit intake ,Weighted median,0.62529197,0.721151212,3.86E-01,1.87E+00,4.55E-01,7.68E+00,8.33E-09,1.14E-08,0.641094878
ALZ,Trauma exposure ,MR Egger,0.994176953,0.984449998,3.87E-01,2.70E+00,3.92E-01,1.86E+01,6.30E-01,5.90E-01,0.375452224
DEP,Nitrogen dioxide air pollution; 2010 ,MR Egger,-1.335570763,1.409717921,3.87E-01,2.63E-01,1.66E-02,4.17E+00,1.60E-01,1.05E-01,0.241107647
ANX,Congenital cytomegalovirus infection,Inverse variance weighted,0.416884082,0.482743323,3.88E-01,1.52E+00,5.89E-01,3.91E+00,2.33E-01,2.66E-01,0.523192313
ED,Childhood obesity ,MR Egger,0.258169928,0.256349084,3.88E-01,1.29E+00,7.83E-01,2.14E+00,5.83E-01,4.44E-01,0.274383991
ADHD,Extraversion,Inverse variance weighted,0.001158056,0.001344738,3.89E-01,1.00E+00,9.99E-01,1.00E+00,3.79E-20,3.65E-20,0.300348565
ANX,Childhood obesity ,Weighted mode,0.117948445,0.122330326,3.90E-01,1.13E+00,8.85E-01,1.43E+00,1.25E-01,2.14E-01,0.857272036
ADHD,Serum 25-Hydroxyvitamin D levels ,Inverse variance weighted,0.049737861,0.057810772,3.90E-01,1.05E+00,9.38E-01,1.18E+00,1.02E-06,6.55E-07,0.186242575
ALZ,Nitrogen dioxide air pollution; 2010 ,Weighted mode,0.595314434,0.650097853,3.90E-01,1.81E+00,5.07E-01,6.49E+00,6.64E-01,7.57E-01,0.757904622
BP,Alzheimer's disease or family history of Alzheimer's disease ,Weighted median,0.022144535,0.025782731,3.90E-01,1.02E+00,9.72E-01,1.08E+00,1.20E-02,1.54E-02,0.736557952
ANX,Diagnoses - secondary ICD10: I10 Essential (primary) hypertension ,Weighted median,0.967686728,1.127054738,3.91E-01,2.63E+00,2.89E-01,2.40E+01,3.84E-01,4.14E-01,0.736685574
ED,Mineral and other dietary supplements: Zinc ,Weighted mode,-5.813912099,5.361100825,3.91E-01,2.99E-03,8.16E-08,1.09E+02,3.91E-02,8.97E-02,0.77722608
ALZ,Nitrogen dioxide air pollution; 2010 ,Simple mode,0.548488543,0.600790553,3.92E-01,1.73E+00,5.33E-01,5.62E+00,6.64E-01,7.57E-01,0.757904622
ANX,Primary biliary cirrhosis ,Inverse variance weighted,-0.027124409,0.031663485,3.92E-01,9.73E-01,9.15E-01,1.04E+00,1.27E-01,1.49E-01,0.571743678
PTSD,"Non-cancer illness code, self-reported: psoriasis ",Inverse variance weighted,0.885129612,1.034197273,3.92E-01,2.42E+00,3.19E-01,1.84E+01,2.85E-02,4.02E-02,0.958005122
SCZ,Iron intake,Weighted median,-0.85575864,1.00054723,3.92E-01,4.25E-01,5.98E-02,3.02E+00,6.04E-08,4.96E-08,0.089450444
ED,Neuroticism score ,Simple mode,-0.100148851,0.116817084,3.93E-01,9.05E-01,7.20E-01,1.14E+00,1.55E-10,6.41E-11,0.134958317
ED,Extraversion,MR Egger,0.003566959,0.004180497,3.94E-01,1.00E+00,9.95E-01,1.01E+00,2.10E-01,2.11E-01,0.406035228
ED,Current employment status: Retired,Inverse variance weighted,-0.128225085,0.150430149,3.94E-01,8.80E-01,6.55E-01,1.18E+00,1.57E-01,1.63E-01,0.964580618
SCZ,Diabetes mellitus ,Inverse variance weighted,0.019694549,0.023107589,3.94E-01,1.02E+00,9.75E-01,1.07E+00,1.22E-02,1.56E-02,0.98389506
ASD,Rubella vaccination,MR Egger,-0.00332685,0.00390375,3.94E-01,9.97E-01,9.89E-01,1.00E+00,3.15E-10,3.11E-10,0.317387409
SCZ,Body mass index (BMI) ,Weighted mode,0.080187479,0.09416743,3.95E-01,1.08E+00,9.01E-01,1.30E+00,6.63E-60,1.01E-59,0.813425492
ALZ,Autoimmune diseases ,MR Egger,0.053136426,0.061814792,3.95E-01,1.05E+00,9.34E-01,1.19E+00,1.10E-02,1.18E-02,0.443144672
ANX,Trauma exposure ,Weighted median,0.179360407,0.211142755,3.96E-01,1.20E+00,7.91E-01,1.81E+00,8.43E-01,8.67E-01,0.555428028
ASD,Unspecified maternal hypertension,Weighted median,-0.001728173,0.002038287,3.97E-01,9.98E-01,9.94E-01,1.00E+00,1.20E-09,9.55E-10,0.089885104
ASD,Diagnoses - secondary ICD10: I10 Essential (primary) hypertension ,Inverse variance weighted,-0.355866212,0.420420669,3.97E-01,7.01E-01,3.07E-01,1.60E+00,3.84E-01,4.14E-01,0.736685574
SCZ,Birth weight ,MR Egger,0.172549242,0.203289589,3.97E-01,1.19E+00,7.98E-01,1.77E+00,2.92E-10,4.08E-10,0.920003688
ADHD,"Non-cancer illness code, self-reported: psoriasis ",Simple mode,2.977341749,3.431776975,3.98E-01,1.96E+01,2.35E-02,1.64E+04,6.04E-02,6.70E-02,0.473949627
OCD,Operative procedures,Weighted median,-2.767833227,3.274764752,3.98E-01,6.28E-02,1.02E-04,3.85E+01,1.90E-08,2.06E-08,0.716297006
ADHD,Diabetes mellitus ,Simple mode,-0.046142656,0.054170446,3.99E-01,9.55E-01,8.59E-01,1.06E+00,3.41E-03,3.96E-03,0.548392213
BP,Childhood obesity ,Simple mode,-0.03539992,0.037505646,3.99E-01,9.65E-01,8.97E-01,1.04E+00,1.25E-01,2.14E-01,0.857272036
SCZ,Maternal smoking around birth ,Weighted median,0.470353735,0.558372315,4.00E-01,1.60E+00,5.36E-01,4.78E+00,5.93E-10,1.27E-09,0.833390174
BP,Birth weight ,Weighted mode,-0.104248348,0.12353554,4.00E-01,9.01E-01,7.07E-01,1.15E+00,3.36E-01,3.10E-01,0.144352315
PTSD,College completion ,Simple mode,0.225111792,0.213188351,4.02E-01,1.25E+00,8.25E-01,1.90E+00,6.04E-01,8.71E-01,0.943669546
OCD,Tea intake ,Inverse variance weighted,-0.278349359,0.333928193,4.05E-01,7.57E-01,3.93E-01,1.46E+00,1.11E-01,1.27E-01,0.630058391
SCZ,Type 2 diabetes ,Inverse variance weighted,-0.019555582,0.02346696,4.05E-01,9.81E-01,9.37E-01,1.03E+00,1.58E-15,2.37E-15,0.803993711
ASD,Intelligence ,Simple mode,0.274800808,0.32931227,4.05E-01,1.32E+00,6.90E-01,2.51E+00,4.32E-01,4.45E-01,0.508952987
SCZ,Educational attainment,MR Egger,0.074253436,0.089256334,4.06E-01,1.08E+00,9.04E-01,1.28E+00,2.71E-14,1.31E-14,0.011722259
DEP,Gestational diabetes (for exclusion) ,Simple mode,-0.041342641,0.039561184,4.06E-01,9.60E-01,8.88E-01,1.04E+00,8.65E-01,9.15E-01,0.662995418
ALZ,Birth weight ,MR Egger,-0.123660436,0.148274551,4.06E-01,8.84E-01,6.61E-01,1.18E+00,1.47E-03,1.71E-03,0.700392849
BP,Iron intake,Weighted median,0.888505623,1.070410683,4.07E-01,2.43E+00,2.98E-01,1.98E+01,4.26E-01,4.23E-01,0.225977787
OCD,Primary sclerosing cholangitis ,MR Egger,-0.039463886,0.045904012,4.07E-01,9.61E-01,8.79E-01,1.05E+00,4.36E-01,3.44E-01,0.145430993
ASD,Unspecified maternal hypertension,MR Egger,-0.001904343,0.002296167,4.07E-01,9.98E-01,9.94E-01,1.00E+00,1.20E-09,9.55E-10,0.089885104
ADHD,Congenital cytomegalovirus infection,Weighted mode,-0.22487289,0.215971537,4.07E-01,7.99E-01,5.23E-01,1.22E+00,2.33E-01,2.66E-01,0.523192313
ALZ,Unspecified maternal hypertension,MR Egger,-0.001262523,0.001524246,4.08E-01,9.99E-01,9.96E-01,1.00E+00,3.94E-01,4.59E-01,0.780722514
ALZ,"Illness, injury, bereavement, stress in last 2 years: Financial difficulties ",Weighted mode,-1.796305419,2.055333564,4.08E-01,1.66E-01,2.95E-03,9.32E+00,1.90E-01,2.58E-01,0.772673041
ANX,Primary biliary cirrhosis ,Weighted median,-0.03370998,0.040805447,4.09E-01,9.67E-01,8.93E-01,1.05E+00,1.27E-01,1.49E-01,0.571743678
SCZ,Allergic rhinitis ,MR Egger,1.002649787,0.752376787,4.10E-01,2.73E+00,6.24E-01,1.19E+01,2.56E-01,4.86E-01,0.786689129
DEP,Primary sclerosing cholangitis ,Weighted mode,-0.01033693,0.012141808,4.10E-01,9.90E-01,9.66E-01,1.01E+00,4.36E-01,3.44E-01,0.145430993
ANX,Mumps,MR Egger,-0.015132168,0.018386109,4.11E-01,9.85E-01,9.50E-01,1.02E+00,9.37E-07,6.22E-07,0.021361089
ASD,Neuroticism score ,Weighted median,0.036125772,0.044015908,4.12E-01,1.04E+00,9.51E-01,1.13E+00,1.16E-01,8.85E-02,0.078855935
DEP,College completion ,Weighted median,-0.04234386,0.051610077,4.12E-01,9.59E-01,8.66E-01,1.06E+00,2.99E-02,5.22E-02,0.703106532
PTSD,Type 1 diabetes ,MR Egger,-0.01078976,0.013016906,4.12E-01,9.89E-01,9.64E-01,1.01E+00,2.89E-07,1.77E-07,0.2824836
ED,Intelligence ,Weighted mode,-0.237770402,0.289237919,4.12E-01,7.88E-01,4.47E-01,1.39E+00,1.44E-11,1.54E-11,0.454530892
ED,Nitrogen dioxide air pollution; 2010 ,Weighted median,-0.556007924,0.679497515,4.13E-01,5.73E-01,1.51E-01,2.17E+00,1.60E-01,1.05E-01,0.241107647
ASD,Iron intake,Weighted median,1.280822332,1.565583486,4.13E-01,3.60E+00,1.67E-01,7.74E+01,4.16E-26,3.96E-26,0.299589161
SCZ,Operation code: caesarean section / caesarian section ,MR Egger,9.650987174,7.326087525,4.13E-01,1.55E+04,9.02E-03,2.68E+10,6.42E-01,3.60E-01,0.405554352
PTSD,Serum 25-Hydroxyvitamin D levels ,Weighted median,-0.090991102,0.111645434,4.15E-01,9.13E-01,7.34E-01,1.14E+00,6.95E-10,1.00E-09,0.905174633
SCZ,Intelligence ,Weighted mode,0.340292879,0.416811305,4.16E-01,1.41E+00,6.21E-01,3.18E+00,6.21E-49,1.56E-49,0.232036593
ALZ,"Illness, injury, bereavement, stress in last 2 years: Financial difficulties ",Weighted mode,-1.796305419,2.092941826,4.16E-01,1.66E-01,2.74E-03,1.00E+01,1.90E-01,2.58E-01,0.772673041
BP,"Illness, injury, bereavement, stress in last 2 years: Death of a spouse or partner",Inverse variance weighted,-0.322446494,0.396217505,4.16E-01,7.24E-01,3.33E-01,1.57E+00,9.96E-02,1.01E-01,0.485657442
BP,Childhood obesity ,Weighted mode,-0.03470997,0.038287313,4.16E-01,9.66E-01,8.96E-01,1.04E+00,1.25E-01,2.14E-01,0.857272036
ANX,Behauvioural and emotional disorders with onset usually occuring in childhood and adolescence,Weighted mode,-0.067225978,0.082637111,4.16E-01,9.35E-01,7.95E-01,1.10E+00,5.57E-09,1.67E-09,0.000624709
ALZ,Tea intake ,Inverse variance weighted,0.091103194,0.112084698,4.16E-01,1.10E+00,8.79E-01,1.36E+00,1.49E-01,8.22E-02,0.058657196
ASD,Gestational diabetes (for exclusion) ,Inverse variance weighted,-0.025945842,0.031939727,4.17E-01,9.74E-01,9.15E-01,1.04E+00,4.16E-01,2.85E-01,0.236593224
ASD,Gestational diabetes (for exclusion) ,Inverse variance weighted,-0.025945842,0.031939727,4.17E-01,9.74E-01,9.15E-01,1.04E+00,4.16E-01,2.85E-01,0.236593224
ASD,Fresh fruit intake ,MR Egger,1.105465437,1.351406856,4.17E-01,3.02E+00,2.14E-01,4.27E+01,4.30E-01,4.17E-01,0.253656155
ADHD,Age-related hearing impairment (MTAG) ,Weighted median,-0.153271186,0.189056271,4.18E-01,8.58E-01,5.92E-01,1.24E+00,7.12E-03,9.58E-03,0.709368425
ED,Type 1 diabetes ,MR Egger,0.015144682,0.018358758,4.18E-01,1.02E+00,9.79E-01,1.05E+00,9.77E-01,9.82E-01,0.667597956
DEP,Current employment status: Retired,MR Egger,0.055188681,0.068156736,4.18E-01,1.06E+00,9.25E-01,1.21E+00,1.57E-01,1.63E-01,0.964580618
PTSD,Sleeplessness / insomnia ,MR Egger,-0.633520525,0.774254593,4.18E-01,5.31E-01,1.16E-01,2.42E+00,1.01E-12,1.94E-12,0.955004357
ED,Type 1 diabetes ,Inverse variance weighted,0.009823551,0.012170649,4.20E-01,1.01E+00,9.86E-01,1.03E+00,9.77E-01,9.82E-01,0.667597956
DEP,Primary sclerosing cholangitis ,Simple mode,-0.010959432,0.013151327,4.20E-01,9.89E-01,9.64E-01,1.01E+00,4.36E-01,3.44E-01,0.145430993
PTSD,Extraversion,MR Egger,-0.002866704,0.003552419,4.20E-01,9.97E-01,9.90E-01,1.00E+00,6.71E-04,6.86E-04,0.443857218
DEP,Qualifications: College or University degree ,MR Egger,-0.272965293,0.338123047,4.20E-01,7.61E-01,3.92E-01,1.48E+00,2.99E-01,3.11E-01,0.634434752
SCZ,Maternal smoking around birth ,Weighted median,0.470353735,0.5839161,4.21E-01,1.60E+00,5.10E-01,5.03E+00,5.93E-10,1.27E-09,0.833390174
ALZ,Type 1 diabetes ,Inverse variance weighted,0.008216333,0.010212637,4.21E-01,1.01E+00,9.88E-01,1.03E+00,1.73E-01,1.09E-01,0.081797268
SCZ,Operation code: caesarean section / caesarian section ,Weighted mode,2.074669282,2.073918809,4.23E-01,7.96E+00,1.37E-01,4.64E+02,6.42E-01,3.60E-01,0.405554352
BP,Neuroticism score ,MR Egger,0.134314131,0.167288571,4.24E-01,1.14E+00,8.24E-01,1.59E+00,1.16E-01,8.85E-02,0.078855935
ADHD,Gestational diabetes (for exclusion) ,Weighted median,0.020713189,0.025894557,4.24E-01,1.02E+00,9.70E-01,1.07E+00,6.28E-01,7.17E-01,0.582055872
OCD,"Non-cancer illness code, self-reported: psoriasis ",Weighted mode,8.193308654,9.931587176,4.24E-01,3.62E+03,1.27E-05,1.03E+12,1.37E-02,1.99E-02,0.881156109
SCZ,Diagnoses - main ICD10: I25.1 Atherosclerotic heart disease ,Inverse variance weighted,-0.926508961,1.160680773,4.25E-01,3.96E-01,4.07E-02,3.85E+00,2.15E-03,1.93E-03,0.354157699
ANX,Caffeine,Inverse variance weighted,-0.730321416,0.914930144,4.25E-01,4.82E-01,8.02E-02,2.89E+00,9.17E-15,7.36E-15,0.123982374
PTSD,Age at first birth ,MR Egger,-0.126735898,0.157701239,4.25E-01,8.81E-01,6.47E-01,1.20E+00,3.09E-13,1.34E-13,0.278809734
ALZ,Type 1 diabetes ,Simple mode,0.02559515,0.03176172,4.26E-01,1.03E+00,9.64E-01,1.09E+00,1.73E-01,1.09E-01,0.081797268
ANX,Childhood obesity ,Simple mode,0.121574343,0.137288994,4.26E-01,1.13E+00,8.63E-01,1.48E+00,1.25E-01,2.14E-01,0.857272036
ADHD,Gestational diabetes (for exclusion) ,Weighted median,0.020713189,0.026027201,4.26E-01,1.02E+00,9.70E-01,1.07E+00,6.28E-01,7.17E-01,0.582055872
SCZ,Behauvioural and emotional disorders with onset usually occuring in childhood and adolescence,MR Egger,-0.005067746,0.006368564,4.26E-01,9.95E-01,9.83E-01,1.01E+00,1.65E-01,1.56E-01,0.070420239
ADHD,Living alone,Inverse variance weighted,-0.470721359,0.593602208,4.28E-01,6.25E-01,1.95E-01,2.00E+00,2.91E-16,3.32E-16,0.857891204
PTSD,Trauma exposure ,MR Egger,1.417144416,1.550812735,4.28E-01,4.13E+00,1.97E-01,8.62E+01,1.20E-02,1.69E-02,0.618837049
ALZ,"Diagnoses - secondary ICD10: E03.9 Hypothyroidism, unspecified ",Weighted mode,1.243506002,1.550981015,4.29E-01,3.47E+00,1.66E-01,7.25E+01,7.76E-02,9.65E-02,0.942781114
ALZ,Maternal smoking around birth ,Simple mode,-0.667141284,0.821057325,4.29E-01,5.13E-01,1.03E-01,2.57E+00,3.94E-01,4.59E-01,0.731119401
ALZ,"Illness, injury, bereavement, stress in last 2 years: Serious illness, injury or assault to yourself ",Simple mode,2.58036261,2.624982045,4.29E-01,1.32E+01,7.69E-02,2.26E+03,6.83E-01,2.87E-01,0.36914415
ED,Diagnoses - secondary ICD10: I10 Essential (primary) hypertension ,Inverse variance weighted,0.426071543,0.539154924,4.29E-01,1.53E+00,5.32E-01,4.41E+00,3.02E-02,3.57E-02,0.763537701
PTSD,Extraversion,Inverse variance weighted,-0.001397927,0.001769351,4.29E-01,9.99E-01,9.95E-01,1.00E+00,6.71E-04,6.86E-04,0.443857218
DEP,Caffeine,Weighted median,-0.162149286,0.205312648,4.30E-01,8.50E-01,5.69E-01,1.27E+00,1.66E-01,1.66E-01,0.347532961
PTSD,Mumps,Inverse variance weighted,0.001627451,0.002065597,4.31E-01,1.00E+00,9.98E-01,1.01E+00,1.53E-02,1.48E-02,0.172959629
ASD,Fresh fruit intake ,Weighted mode,0.50680427,0.639732843,4.32E-01,1.66E+00,4.74E-01,5.82E+00,4.30E-01,4.17E-01,0.253656155
DEP,Mineral and other dietary supplements: Zinc ,Weighted mode,-1.418073057,1.457019061,4.33E-01,2.42E-01,1.39E-02,4.21E+00,3.91E-02,8.97E-02,0.77722608
ASD,"Illness, injury, bereavement, stress in last 2 years: Financial difficulties ",Inverse variance weighted,0.954411105,1.21868622,4.34E-01,2.60E+00,2.38E-01,2.83E+01,6.13E-01,6.55E-01,0.48418943
ASD,"Illness, injury, bereavement, stress in last 2 years: Financial difficulties ",Inverse variance weighted,0.954411105,1.21868622,4.34E-01,2.60E+00,2.38E-01,2.83E+01,6.13E-01,6.55E-01,0.48418943
DEP,Heart rate ,Simple mode,-0.005335612,0.006628904,4.34E-01,9.95E-01,9.82E-01,1.01E+00,6.88E-01,6.94E-01,0.381703376
PTSD,Ever taken cannabis ,MR Egger,0.090353027,0.108136575,4.35E-01,1.09E+00,8.86E-01,1.35E+00,1.18E-01,1.36E-01,0.490034171
ANX,Nitrogen dioxide air pollution; 2010 ,MR Egger,-10.86384575,12.86187998,4.37E-01,1.91E-05,2.16E-16,1.70E+06,6.78E-03,5.57E-03,0.439793617
ALZ,Maternal smoking around birth ,Weighted mode,-0.606762932,0.762656741,4.39E-01,5.45E-01,1.22E-01,2.43E+00,3.94E-01,4.59E-01,0.731119401
ED,Diabetes mellitus ,MR Egger,0.039127059,0.050065071,4.39E-01,1.04E+00,9.43E-01,1.15E+00,5.60E-01,5.56E-01,0.300889221
SCZ,"Illness, injury, bereavement, stress in last 2 years: Financial difficulties ",MR Egger,-4.355202129,5.309130418,4.39E-01,1.28E-02,3.88E-07,4.24E+02,5.73E-01,1.51E-01,0.040689839
SCZ,"Illness, injury, bereavement, stress in last 2 years: Financial difficulties ",MR Egger,-4.355202129,5.309130418,4.39E-01,1.28E-02,3.88E-07,4.24E+02,5.73E-01,1.51E-01,0.040689839
ED,Neuroticism score ,MR Egger,-0.151015566,0.194515439,4.39E-01,8.60E-01,5.87E-01,1.26E+00,1.55E-10,6.41E-11,0.134958317
ED,Unspecified maternal hypertension,Inverse variance weighted,-0.001314897,0.001700719,4.39E-01,9.99E-01,9.95E-01,1.00E+00,1.28E-01,1.33E-01,0.809668802
ANX,Trauma exposure ,Weighted mode,0.206733407,0.241126691,4.40E-01,1.23E+00,7.67E-01,1.97E+00,8.43E-01,8.67E-01,0.555428028
ADHD,Behauvioural and emotional disorders with onset usually occuring in childhood and adolescence,Weighted median,-0.004609845,0.005971747,4.40E-01,9.95E-01,9.84E-01,1.01E+00,5.57E-09,1.67E-09,0.000624709
PTSD,Childhood obesity ,Inverse variance weighted,0.028910637,0.037479881,4.40E-01,1.03E+00,9.56E-01,1.11E+00,8.25E-01,9.21E-01,0.889812322
ANX,Serum 25-Hydroxyvitamin D levels ,Weighted mode,-0.162715548,0.210202459,4.41E-01,8.50E-01,5.63E-01,1.28E+00,1.06E-01,1.16E-01,0.636334511
SCZ,Primary sclerosing cholangitis ,Simple mode,-0.024964119,0.031531459,4.41E-01,9.75E-01,9.17E-01,1.04E+00,5.23E-04,1.42E-04,0.183882486
ALZ,Caffeine,Inverse variance weighted,-0.247000389,0.320551472,4.41E-01,7.81E-01,4.17E-01,1.46E+00,3.94E-01,4.59E-01,0.906984231
ANX,Trauma exposure ,Simple mode,0.203822113,0.23860942,4.41E-01,1.23E+00,7.68E-01,1.96E+00,8.43E-01,8.67E-01,0.555428028
OCD,Autoimmune diseases ,Inverse variance weighted,0.051162234,0.066449021,4.41E-01,1.05E+00,9.24E-01,1.20E+00,3.84E-01,4.13E-01,0.598546243
PTSD,Type 2 diabetes ,MR Egger,-0.038059933,0.049260388,4.41E-01,9.63E-01,8.74E-01,1.06E+00,1.58E-15,2.37E-15,0.803993711
ANX,Behauvioural and emotional disorders with onset usually occuring in childhood and adolescence,Simple mode,-0.067225978,0.087395627,4.42E-01,9.35E-01,7.88E-01,1.11E+00,5.57E-09,1.67E-09,0.000624709
ADHD,Type 2 diabetes ,Weighted mode,0.022322166,0.0290277,4.44E-01,1.02E+00,9.66E-01,1.08E+00,2.95E-10,2.10E-11,0.021489974
PTSD,Birth weight ,Weighted mode,0.151531215,0.197709089,4.45E-01,1.16E+00,7.90E-01,1.71E+00,2.92E-10,4.08E-10,0.920003688
DEP,Gestational diabetes (for exclusion) ,Simple mode,-0.041342641,0.043808823,4.45E-01,9.60E-01,8.81E-01,1.05E+00,8.65E-01,9.15E-01,0.662995418
OCD,Alzheimer's disease or family history of Alzheimer's disease ,Inverse variance weighted,0.037546704,0.04918934,4.45E-01,1.04E+00,9.43E-01,1.14E+00,2.36E-01,2.37E-01,0.351905335
BP,Caffeine,MR Egger,-0.515823261,0.675671639,4.45E-01,5.97E-01,1.59E-01,2.24E+00,1.66E-01,1.66E-01,0.347532961
OCD,Diabetes mellitus ,Inverse variance weighted,0.042402975,0.055593476,4.46E-01,1.04E+00,9.36E-01,1.16E+00,5.60E-01,5.56E-01,0.300889221
BP,smoking initiation ,MR Egger,0.330340201,0.431473319,4.46E-01,1.39E+00,5.97E-01,3.24E+00,4.01E-01,4.31E-01,0.98282675
ALZ,Allergic rhinitis ,Weighted mode,0.077554143,0.082643776,4.47E-01,1.08E+00,9.19E-01,1.27E+00,2.03E-01,4.44E-01,0.964356086
ADHD,"Non-cancer illness code, self-reported: diabetes ",MR Egger,-1.064389323,1.391984856,4.48E-01,3.45E-01,2.25E-02,5.28E+00,1.35E-06,5.14E-07,0.138920073
ALZ,Birth weight ,Simple mode,0.147351864,0.193894475,4.49E-01,1.16E+00,7.92E-01,1.69E+00,1.47E-03,1.71E-03,0.700392849
SCZ,Intelligence ,MR Egger,-0.359600431,0.473915767,4.49E-01,6.98E-01,2.76E-01,1.77E+00,6.21E-49,1.56E-49,0.232036593
ALZ,"Illness, injury, bereavement, stress in last 2 years: Serious illness, injury or assault to yourself ",Weighted mode,2.503653731,2.685369593,4.50E-01,1.22E+01,6.33E-02,2.36E+03,6.83E-01,2.87E-01,0.36914415
ED,"Diagnoses - secondary ICD10: E03.9 Hypothyroidism, unspecified ",Weighted mode,2.25153375,2.952870927,4.52E-01,9.50E+00,2.91E-02,3.10E+03,1.50E-01,1.78E-01,0.835795114
DEP,Mineral and other dietary supplements: Zinc ,Simple mode,-1.451535285,1.566196646,4.52E-01,2.34E-01,1.09E-02,5.04E+00,3.91E-02,8.97E-02,0.77722608
ED,Operative procedures,MR Egger,-2.203041591,2.931380643,4.52E-01,1.10E-01,3.53E-04,3.46E+01,1.32E-01,1.36E-01,0.949318884
ALZ,Viral infection,Weighted median,1.362898769,1.815837087,4.53E-01,3.91E+00,1.11E-01,1.37E+02,3.94E-01,4.59E-01,0.744986651
SCZ,"Non-cancer illness code, self-reported: diabetes ",Weighted median,-0.492452249,0.656473298,4.53E-01,6.11E-01,1.69E-01,2.21E+00,4.96E-12,7.92E-12,0.810494062
SCZ,Congenital cytomegalovirus infection,MR Egger,-0.086880182,0.112480626,4.54E-01,9.17E-01,7.35E-01,1.14E+00,8.28E-01,8.99E-01,0.740545056
ADHD,College completion ,Weighted mode,-0.117083331,0.127116212,4.54E-01,8.90E-01,6.93E-01,1.14E+00,6.37E-01,7.26E-01,0.634476409
ALZ,Primary biliary cirrhosis ,Weighted mode,-0.01495687,0.019556074,4.54E-01,9.85E-01,9.48E-01,1.02E+00,1.48E-01,1.32E-01,0.279804801
ED,Ever taken cannabis ,Weighted median,-0.023479677,0.031385618,4.54E-01,9.77E-01,9.19E-01,1.04E+00,5.95E-01,7.18E-01,0.945702243
OCD,Trauma exposure ,MR Egger,2.410520612,2.618640881,4.54E-01,1.11E+01,6.57E-02,1.89E+03,7.16E-01,7.78E-01,0.565530554
ED,Age-related hearing impairment (MTAG) ,MR Egger,0.831354733,1.096272349,4.56E-01,2.30E+00,2.68E-01,1.97E+01,6.59E-02,7.95E-02,0.672216691
ALZ,Chickenpox,Weighted median,0.889199793,1.192015625,4.56E-01,2.43E+00,2.35E-01,2.52E+01,3.94E-01,4.59E-01,0.666006776
ADHD,Caffeine,Inverse variance weighted,-0.248930577,0.333912994,4.56E-01,7.80E-01,4.05E-01,1.50E+00,9.17E-15,7.36E-15,0.123982374
ALZ,Nitrogen dioxide air pollution; 2010 ,Weighted median,0.281890403,0.378367156,4.56E-01,1.33E+00,6.31E-01,2.78E+00,6.64E-01,7.57E-01,0.757904622
ALZ,smoking initiation ,Weighted mode,-0.11448556,0.153007346,4.56E-01,8.92E-01,6.61E-01,1.20E+00,3.65E-03,4.20E-03,0.596309197
ANX,"Diagnoses - secondary ICD10: E03.9 Hypothyroidism, unspecified ",MR Egger,-4.175667202,5.548969565,4.57E-01,1.54E-02,2.91E-07,8.13E+02,8.01E-01,8.15E-01,0.468424168
ASD,Rubella vaccination,Weighted median,-0.002832807,0.003812383,4.57E-01,9.97E-01,9.90E-01,1.00E+00,3.15E-10,3.11E-10,0.317387409
BP,Serum 25-Hydroxyvitamin D levels ,Weighted median,-0.052003723,0.070071915,4.58E-01,9.49E-01,8.28E-01,1.09E+00,1.06E-01,1.16E-01,0.636334511
OCD,Ever taken cannabis ,Simple mode,0.095636053,0.112628993,4.58E-01,1.10E+00,8.82E-01,1.37E+00,5.95E-01,7.18E-01,0.945702243
OCD,Congenital cytomegalovirus infection,Weighted mode,-0.143347432,0.186496481,4.58E-01,8.66E-01,6.01E-01,1.25E+00,8.28E-01,8.99E-01,0.740545056
BP,Primary biliary cirrhosis ,Inverse variance weighted,0.008938417,0.012076375,4.59E-01,1.01E+00,9.85E-01,1.03E+00,1.27E-01,1.49E-01,0.571743678
BP,Mineral and other dietary supplements: Zinc ,Simple mode,2.992330723,3.292814033,4.59E-01,1.99E+01,3.14E-02,1.27E+04,8.67E-01,9.76E-01,0.910201837
ALZ,"Illness, injury, bereavement, stress in last 2 years: Financial difficulties ",Simple mode,-1.599681137,2.059717723,4.60E-01,2.02E-01,3.56E-03,1.14E+01,1.90E-01,2.58E-01,0.772673041
ED,College completion ,Inverse variance weighted,-0.189012602,0.2560203,4.60E-01,8.28E-01,5.01E-01,1.37E+00,6.04E-01,8.71E-01,0.943669546
ALZ,"Illness, injury, bereavement, stress in last 2 years: Serious illness, injury or assault to yourself ",MR Egger,-4.8212711,4.260677999,4.61E-01,8.06E-03,1.90E-06,3.41E+01,6.83E-01,2.87E-01,0.36914415
ANX,Current employment status: Unemployed,MR Egger,-1.663525722,2.255668325,4.61E-01,1.89E-01,2.28E-03,1.58E+01,1.31E-27,1.37E-27,0.437673351
ANX,Current employment status: Unemployed,MR Egger,-1.663525722,2.255668325,4.61E-01,1.89E-01,2.28E-03,1.58E+01,1.31E-27,1.37E-27,0.437673351
ANX,Body mass index (BMI) ,MR Egger,0.181407459,0.245816362,4.61E-01,1.20E+00,7.41E-01,1.94E+00,4.09E-01,4.21E-01,0.751756581
DEP,Operative procedures,Inverse variance weighted,0.286252974,0.388799061,4.62E-01,1.33E+00,6.21E-01,2.85E+00,1.32E-01,1.36E-01,0.949318884
SCZ,Gestational diabetes (for exclusion) ,Simple mode,-0.029443943,0.036199967,4.62E-01,9.71E-01,9.04E-01,1.04E+00,4.04E-01,3.28E-02,0.070558576
OCD,Qualifications: College or University degree ,MR Egger,-1.01124431,1.373145847,4.62E-01,3.64E-01,2.47E-02,5.37E+00,7.01E-11,6.87E-12,0.008009552
BP,Diagnoses - main ICD10: I25.1 Atherosclerotic heart disease ,MR Egger,1.832835067,2.455564922,4.62E-01,6.25E+00,5.08E-02,7.70E+02,8.84E-01,8.85E-01,0.371424741
BP,Childhood obesity ,Inverse variance weighted,-0.017313132,0.023576293,4.63E-01,9.83E-01,9.38E-01,1.03E+00,1.25E-01,2.14E-01,0.857272036
PTSD,Operation code: caesarean section / caesarian section ,Inverse variance weighted,-2.066129492,2.821274444,4.64E-01,1.27E-01,5.03E-04,3.19E+01,6.42E-01,3.60E-01,0.405554352
ED,Living alone,MR Egger,1.557255798,2.126584271,4.64E-01,4.75E+00,7.35E-02,3.07E+02,3.88E-01,3.94E-01,0.750780149
ANX,Alzheimer's disease or family history of Alzheimer's disease ,Weighted mode,-0.065081212,0.088237192,4.66E-01,9.37E-01,7.88E-01,1.11E+00,1.20E-02,1.54E-02,0.736557952
ANX,Behauvioural and emotional disorders with onset usually occuring in childhood and adolescence,MR Egger,0.035511103,0.04871084,4.66E-01,1.04E+00,9.42E-01,1.14E+00,5.57E-09,1.67E-09,0.000624709
DEP,Mineral and other dietary supplements: Zinc ,Weighted median,-1.039186343,1.432446074,4.68E-01,3.54E-01,2.13E-02,5.86E+00,3.91E-02,8.97E-02,0.77722608
BP,Diabetes mellitus ,Inverse variance weighted,-0.01423979,0.019640116,4.68E-01,9.86E-01,9.49E-01,1.02E+00,2.98E-01,2.88E-01,0.274908982
PTSD,Ever taken cannabis ,Inverse variance weighted,0.016416716,0.022679624,4.69E-01,1.02E+00,9.72E-01,1.06E+00,1.18E-01,1.36E-01,0.490034171
DEP,Allergic rhinitis ,Simple mode,-0.029507704,0.033347571,4.70E-01,9.71E-01,9.09E-01,1.04E+00,6.48E-01,8.73E-01,0.844709241
OCD,Birth weight ,Weighted mode,-0.25294365,0.348600466,4.70E-01,7.77E-01,3.92E-01,1.54E+00,1.16E-01,1.27E-01,0.831139804
OCD,Unspecified maternal hypertension,Inverse variance weighted,-0.001773274,0.002453428,4.70E-01,9.98E-01,9.93E-01,1.00E+00,2.71E-01,2.72E-01,0.371759617
PTSD,Allergic rhinitis ,Weighted mode,0.099665102,0.11274804,4.70E-01,1.10E+00,8.86E-01,1.38E+00,2.56E-01,4.86E-01,0.786689129
BP,Diagnoses - secondary ICD10: I10 Essential (primary) hypertension ,Weighted median,-0.286831025,0.397829317,4.71E-01,7.51E-01,3.44E-01,1.64E+00,3.84E-01,4.14E-01,0.736685574
ANX,Primary sclerosing cholangitis ,Weighted mode,-0.05910636,0.079422815,4.71E-01,9.43E-01,8.07E-01,1.10E+00,3.17E-01,3.92E-01,0.843794435
ALZ,Congenital cytomegalovirus infection,Simple mode,0.109920866,0.148874391,4.72E-01,1.12E+00,8.34E-01,1.49E+00,3.94E-01,4.59E-01,0.845263594
OCD,Diagnoses - main ICD10: I25.1 Atherosclerotic heart disease ,Inverse variance weighted,1.81479666,2.525044087,4.72E-01,6.14E+00,4.35E-02,8.66E+02,7.34E-03,8.56E-03,0.527309938
SCZ,Type 2 diabetes ,Weighted median,-0.019271127,0.026855609,4.73E-01,9.81E-01,9.31E-01,1.03E+00,1.58E-15,2.37E-15,0.803993711
PTSD,"Diagnoses - secondary ICD10: E03.9 Hypothyroidism, unspecified ",Simple mode,-1.815506068,2.505128721,4.73E-01,1.63E-01,1.20E-03,2.21E+01,3.33E-07,3.55E-07,0.477148258
ASD,Primary sclerosing cholangitis ,Weighted median,-0.012371472,0.017291731,4.74E-01,9.88E-01,9.55E-01,1.02E+00,3.17E-01,3.92E-01,0.843794435
OCD,Ever taken cannabis ,Inverse variance weighted,0.05315402,0.074322682,4.74E-01,1.05E+00,9.12E-01,1.22E+00,5.95E-01,7.18E-01,0.945702243
OCD,"Illness, injury, bereavement, stress in last 2 years: Financial difficulties ",Simple mode,4.167286934,5.475469835,4.75E-01,6.45E+01,1.41E-03,2.96E+06,3.55E-01,4.44E-01,0.731465866
SCZ,Gestational diabetes (for exclusion) ,Simple mode,-0.029443943,0.03760582,4.77E-01,9.71E-01,9.02E-01,1.05E+00,4.04E-01,3.28E-02,0.070558576
BP,Tea intake ,Simple mode,0.262471787,0.366441033,4.78E-01,1.30E+00,6.34E-01,2.67E+00,3.20E-02,3.75E-02,0.591047064
PTSD,Autoimmune diseases ,Inverse variance weighted,-0.016960945,0.023931101,4.78E-01,9.83E-01,9.38E-01,1.03E+00,2.74E-05,3.77E-05,0.700159744
PTSD,Gestational diabetes (for exclusion) ,Inverse variance weighted,0.024174186,0.034145478,4.79E-01,1.02E+00,9.58E-01,1.10E+00,4.04E-01,3.28E-02,0.070558576
PTSD,Gestational diabetes (for exclusion) ,Inverse variance weighted,0.024174186,0.034145478,4.79E-01,1.02E+00,9.58E-01,1.10E+00,4.04E-01,3.28E-02,0.070558576
OCD,Neuroticism score ,Weighted mode,-0.154294018,0.217248637,4.79E-01,8.57E-01,5.60E-01,1.31E+00,1.55E-10,6.41E-11,0.134958317
ASD,Primary biliary cirrhosis ,Weighted mode,-0.014820727,0.020579715,4.79E-01,9.85E-01,9.46E-01,1.03E+00,1.27E-01,1.49E-01,0.571743678
ASD,Primary sclerosing cholangitis ,Simple mode,-0.020369899,0.02808437,4.79E-01,9.80E-01,9.27E-01,1.04E+00,3.17E-01,3.92E-01,0.843794435
ALZ,smoking initiation ,MR Egger,-0.206376698,0.290533065,4.79E-01,8.14E-01,4.60E-01,1.44E+00,3.65E-03,4.20E-03,0.596309197
DEP,Diagnoses - secondary ICD10: I10 Essential (primary) hypertension ,Simple mode,-0.304224932,0.428021842,4.80E-01,7.38E-01,3.19E-01,1.71E+00,3.02E-02,3.57E-02,0.763537701
ASD,Trauma exposure ,MR Egger,1.097798893,1.367750586,4.81E-01,3.00E+00,2.05E-01,4.38E+01,8.43E-01,8.67E-01,0.555428028
DEP,Serum 25-Hydroxyvitamin D levels ,Weighted median,0.020433274,0.028989065,4.81E-01,1.02E+00,9.64E-01,1.08E+00,4.60E-05,9.74E-06,0.021248455
ADHD,"Diagnoses - secondary ICD10: E03.9 Hypothyroidism, unspecified ",MR Egger,1.492042357,2.09576641,4.82E-01,4.45E+00,7.31E-02,2.70E+02,1.75E-02,1.68E-02,0.349102587
PTSD,Primary biliary cirrhosis ,Weighted median,0.011701347,0.016645147,4.82E-01,1.01E+00,9.79E-01,1.05E+00,4.61E-05,7.85E-05,0.924368959
ED,Autoimmune diseases ,Simple mode,0.059385834,0.083671178,4.82E-01,1.06E+00,9.01E-01,1.25E+00,3.84E-01,4.13E-01,0.598546243
ASD,Heart rate ,MR Egger,-0.025791491,0.035654414,4.82E-01,9.75E-01,9.09E-01,1.05E+00,2.36E-01,2.98E-01,0.944759356
ED,Current employment status: Unemployed,Weighted median,0.595792625,0.850392172,4.84E-01,1.81E+00,3.43E-01,9.61E+00,2.09E-02,2.17E-02,0.852825766
ADHD,"Non-cancer illness code, self-reported: psoriasis ",MR Egger,0.744139649,1.039810264,4.85E-01,2.10E+00,2.74E-01,1.62E+01,6.04E-02,6.70E-02,0.473949627
PTSD,Operative procedures,Weighted median,-1.109787994,1.587659909,4.85E-01,3.30E-01,1.47E-02,7.40E+00,1.90E-08,2.06E-08,0.716297006
DEP,Childhood obesity ,Inverse variance weighted,0.015972756,0.02285959,4.85E-01,1.02E+00,9.72E-01,1.06E+00,5.83E-01,4.44E-01,0.274383991
OCD,Unspecified maternal hypertension,MR Egger,-0.002900678,0.00416075,4.86E-01,9.97E-01,9.89E-01,1.01E+00,2.71E-01,2.72E-01,0.371759617
BP,"Illness, injury, bereavement, stress in last 2 years: Death of a spouse or partner",Weighted median,-0.360906048,0.518400412,4.86E-01,6.97E-01,2.52E-01,1.93E+00,9.96E-02,1.01E-01,0.485657442
ALZ,Childhood obesity ,Weighted mode,-0.032028638,0.041832906,4.87E-01,9.68E-01,8.92E-01,1.05E+00,6.45E-01,7.97E-01,0.948885633
SCZ,Operation code: caesarean section / caesarian section ,Simple mode,1.789224403,2.117761966,4.87E-01,5.98E+00,9.43E-02,3.80E+02,6.42E-01,3.60E-01,0.405554352
ANX,Diagnoses - secondary ICD10: I10 Essential (primary) hypertension ,Inverse variance weighted,0.535318576,0.771408324,4.88E-01,1.71E+00,3.77E-01,7.75E+00,3.84E-01,4.14E-01,0.736685574
ALZ,Childhood obesity ,Simple mode,-0.031183524,0.040877213,4.88E-01,9.69E-01,8.95E-01,1.05E+00,6.45E-01,7.97E-01,0.948885633
ADHD,Primary biliary cirrhosis ,Weighted mode,0.011006376,0.015601309,4.88E-01,1.01E+00,9.81E-01,1.04E+00,2.08E-04,3.20E-04,0.776661996
ALZ,"Illness, injury, bereavement, stress in last 2 years: Financial difficulties ",Simple mode,-1.599681137,2.208052448,4.89E-01,2.02E-01,2.67E-03,1.53E+01,1.90E-01,2.58E-01,0.772673041
BP,Age at first birth ,Weighted mode,-0.060204124,0.086389458,4.89E-01,9.42E-01,7.95E-01,1.12E+00,2.94E-01,3.06E-01,0.438959952
SCZ,Ever taken cannabis ,Inverse variance weighted,-0.010125677,0.014660924,4.90E-01,9.90E-01,9.62E-01,1.02E+00,1.18E-01,1.36E-01,0.490034171
DEP,"Non-cancer illness code, self-reported: diabetes ",Weighted mode,-0.257360065,0.370434756,4.90E-01,7.73E-01,3.74E-01,1.60E+00,8.17E-01,8.27E-01,0.459888989
DEP,Nitrogen dioxide air pollution; 2010 ,Inverse variance weighted,-0.227326649,0.329365185,4.90E-01,7.97E-01,4.18E-01,1.52E+00,1.60E-01,1.05E-01,0.241107647
ALZ,Fresh fruit intake ,Simple mode,-0.386012193,0.556091547,4.91E-01,6.80E-01,2.29E-01,2.02E+00,5.53E-05,7.29E-05,0.686175326
ANX,Mineral and other dietary supplements: Zinc ,Simple mode,9.591250482,11.49023283,4.92E-01,1.46E+04,2.43E-06,8.83E+13,8.67E-01,9.76E-01,0.910201837
DEP,Primary biliary cirrhosis ,Simple mode,-0.007467389,0.010689216,4.94E-01,9.93E-01,9.72E-01,1.01E+00,7.11E-03,9.34E-03,0.653885458
ED,Rubella vaccination,MR Egger,0.0035167,0.005140177,4.94E-01,1.00E+00,9.93E-01,1.01E+00,5.09E-01,5.12E-01,0.390441143
ALZ,Birth weight ,Weighted mode,0.115927514,0.169051116,4.94E-01,1.12E+00,8.06E-01,1.56E+00,1.47E-03,1.71E-03,0.700392849
OCD,Intelligence ,Simple mode,-0.349015925,0.50939153,4.94E-01,7.05E-01,2.60E-01,1.91E+00,1.44E-11,1.54E-11,0.454530892
ALZ,Iron intake,Weighted median,0.718981542,1.054660416,4.95E-01,2.05E+00,2.60E-01,1.62E+01,3.94E-01,4.59E-01,0.053714618
ED,Extraversion,Weighted median,0.00194269,0.002850044,4.95E-01,1.00E+00,9.96E-01,1.01E+00,2.10E-01,2.11E-01,0.406035228
OCD,Ever taken cannabis ,Weighted mode,0.069704405,0.090325854,4.97E-01,1.07E+00,8.98E-01,1.28E+00,5.95E-01,7.18E-01,0.945702243
SCZ,Alzheimer's disease or family history of Alzheimer's disease ,Simple mode,-0.029836557,0.043429954,4.97E-01,9.71E-01,8.91E-01,1.06E+00,3.67E-06,4.60E-06,0.570012981
BP,Body mass index (BMI) ,Inverse variance weighted,-0.031059305,0.045783216,4.98E-01,9.69E-01,8.86E-01,1.06E+00,4.09E-01,4.21E-01,0.751756581
BP,"Non-cancer illness code, self-reported: diabetes ",MR Egger,-1.018076105,1.494546556,4.98E-01,3.61E-01,1.93E-02,6.76E+00,1.15E-01,1.31E-01,0.739258283
ADHD,Primary biliary cirrhosis ,Weighted median,0.007130634,0.010534375,4.98E-01,1.01E+00,9.87E-01,1.03E+00,2.08E-04,3.20E-04,0.776661996
ED,Age at first birth ,Inverse variance weighted,-0.036196419,0.053489666,4.99E-01,9.64E-01,8.68E-01,1.07E+00,3.41E-04,1.34E-04,0.098355856
SCZ,Ever taken cannabis ,MR Egger,-0.049597748,0.068936295,4.99E-01,9.52E-01,8.31E-01,1.09E+00,1.18E-01,1.36E-01,0.490034171
OCD,Diagnoses - main ICD10: I25.1 Atherosclerotic heart disease ,Weighted mode,2.436495644,3.550479427,4.99E-01,1.14E+01,1.09E-02,1.20E+04,7.34E-03,8.56E-03,0.527309938
OCD,Mineral and other dietary supplements: Zinc ,Weighted median,6.00619407,8.89042849,4.99E-01,4.06E+02,1.10E-05,1.50E+10,3.91E-02,8.97E-02,0.77722608
ANX,Unspecified maternal hypertension,Weighted median,-0.004338781,0.006442164,5.01E-01,9.96E-01,9.83E-01,1.01E+00,1.20E-09,9.55E-10,0.089885104
OCD,Birth weight ,MR Egger,-0.288310297,0.426946171,5.01E-01,7.50E-01,3.25E-01,1.73E+00,1.16E-01,1.27E-01,0.831139804
ED,Diagnoses - main ICD10: I25.1 Atherosclerotic heart disease ,MR Egger,-2.333950044,3.413859841,5.01E-01,9.69E-02,1.20E-04,7.80E+01,7.34E-03,8.56E-03,0.527309938
BP,Mineral and other dietary supplements: Zinc ,Weighted mode,2.870447729,3.539090005,5.02E-01,1.76E+01,1.71E-02,1.82E+04,8.67E-01,9.76E-01,0.910201837
ED,Iron intake,Inverse variance weighted,-0.8390045,1.252486142,5.03E-01,4.32E-01,3.71E-02,5.03E+00,4.26E-01,4.23E-01,0.225977787
ADHD,Gestational diabetes (for exclusion) ,MR Egger,0.049013983,0.060504094,5.03E-01,1.05E+00,9.33E-01,1.18E+00,6.28E-01,7.17E-01,0.582055872
ADHD,Gestational diabetes (for exclusion) ,MR Egger,0.049013983,0.060504094,5.03E-01,1.05E+00,9.33E-01,1.18E+00,6.28E-01,7.17E-01,0.582055872
ALZ,Mineral and other dietary supplements: Zinc ,Weighted median,-2.026820964,3.032110166,5.04E-01,1.32E-01,3.46E-04,5.02E+01,4.09E-01,7.09E-01,0.954863439
ED,Current employment status: Unemployed,Weighted median,0.595792625,0.89178187,5.04E-01,1.81E+00,3.16E-01,1.04E+01,2.09E-02,2.17E-02,0.852825766
OCD,Alzheimer's disease or family history of Alzheimer's disease ,MR Egger,0.056949755,0.084198954,5.04E-01,1.06E+00,8.98E-01,1.25E+00,2.36E-01,2.37E-01,0.351905335
ED,"Illness, injury, bereavement, stress in last 2 years: Financial difficulties ",Weighted median,-1.547114931,2.316842142,5.04E-01,2.13E-01,2.27E-03,2.00E+01,3.55E-01,4.44E-01,0.731465866
PTSD,Iron intake,Weighted median,1.130218668,1.695745677,5.05E-01,3.10E+00,1.12E-01,8.60E+01,6.04E-08,4.96E-08,0.089450444
SCZ,"Diagnoses - main ICD10: J45.9 Asthma, unspecified ",MR Egger,43.10494826,59.03751214,5.06E-01,5.25E+18,2.93E-32,9.42E+68,1.22E-03,2.50E-03,0.790492349
ALZ,"Illness, injury, bereavement, stress in last 2 years: Death of a spouse or partner",Inverse variance weighted,-0.244120574,0.367446409,5.06E-01,7.83E-01,3.81E-01,1.61E+00,3.94E-01,4.59E-01,0.393306978
ANX,Nitrogen dioxide air pollution; 2010 ,Weighted median,-1.005920036,1.51422159,5.06E-01,3.66E-01,1.88E-02,7.11E+00,6.78E-03,5.57E-03,0.439793617
ANX,Age at first birth ,Weighted mode,-0.126231806,0.188734968,5.07E-01,8.81E-01,6.09E-01,1.28E+00,2.94E-01,3.06E-01,0.438959952
BP,Diagnoses - main ICD10: I25.1 Atherosclerotic heart disease ,Weighted median,0.703557033,1.059280105,5.07E-01,2.02E+00,2.53E-01,1.61E+01,8.84E-01,8.85E-01,0.371424741
ASD,Behauvioural and emotional disorders with onset usually occuring in childhood and adolescence,MR Egger,0.006091911,0.009178191,5.07E-01,1.01E+00,9.88E-01,1.02E+00,5.57E-09,1.67E-09,0.000624709
ALZ,Extraversion,MR Egger,0.001629456,0.002455248,5.07E-01,1.00E+00,9.97E-01,1.01E+00,3.94E-01,4.59E-01,0.582683346
ASD,Mineral and other dietary supplements: Zinc ,Weighted median,3.177350626,4.791639822,5.07E-01,2.40E+01,2.00E-03,2.87E+05,8.67E-01,9.76E-01,0.910201837
ED,"Non-cancer illness code, self-reported: psoriasis ",Inverse variance weighted,0.714346754,1.078031526,5.08E-01,2.04E+00,2.47E-01,1.69E+01,1.37E-02,1.99E-02,0.881156109
ADHD,Chickenpox,Weighted median,-0.826952368,1.249380447,5.08E-01,4.37E-01,3.78E-02,5.06E+00,7.34E-27,8.28E-27,0.600212941
PTSD,"Diagnoses - secondary ICD10: E03.9 Hypothyroidism, unspecified ",Inverse variance weighted,-0.636422629,0.963907069,5.09E-01,5.29E-01,8.00E-02,3.50E+00,3.33E-07,3.55E-07,0.477148258
ANX,Chickenpox,Inverse variance weighted,-1.486727369,2.255108867,5.10E-01,2.26E-01,2.72E-03,1.88E+01,7.34E-27,8.28E-27,0.600212941
ED,"Illness, injury, bereavement, stress in last 2 years: Financial difficulties ",Weighted median,-1.547114931,2.347843475,5.10E-01,2.13E-01,2.14E-03,2.12E+01,3.55E-01,4.44E-01,0.731465866
DEP,Diagnoses - main ICD10: I25.1 Atherosclerotic heart disease ,Inverse variance weighted,0.248723334,0.377519381,5.10E-01,1.28E+00,6.12E-01,2.69E+00,7.34E-03,8.56E-03,0.527309938
ADHD,Type 2 diabetes ,MR Egger,-0.029657973,0.044884214,5.10E-01,9.71E-01,8.89E-01,1.06E+00,2.95E-10,2.10E-11,0.021489974
ADHD,College completion ,Simple mode,-0.103006069,0.129985368,5.11E-01,9.02E-01,6.99E-01,1.16E+00,6.37E-01,7.26E-01,0.634476409
ADHD,Fresh fruit intake ,Inverse variance weighted,-0.185320868,0.282108318,5.11E-01,8.31E-01,4.78E-01,1.44E+00,3.22E-13,5.83E-13,0.955496332
BP,Primary sclerosing cholangitis ,Simple mode,0.018368437,0.02732308,5.12E-01,1.02E+00,9.65E-01,1.07E+00,3.17E-01,3.92E-01,0.843794435
SCZ,Ever taken cannabis ,Simple mode,-0.022381796,0.032376129,5.12E-01,9.78E-01,9.18E-01,1.04E+00,1.18E-01,1.36E-01,0.490034171
ALZ,Operation code: caesarean section / caesarian section ,MR Egger,7.703996635,7.997323213,5.12E-01,2.22E+03,3.45E-04,1.42E+10,8.04E-01,4.64E-01,0.438824537
DEP,"Non-cancer illness code, self-reported: diabetes ",Inverse variance weighted,-0.127568104,0.194544675,5.12E-01,8.80E-01,6.01E-01,1.29E+00,8.17E-01,8.27E-01,0.459888989
ANX,Diabetes mellitus ,Inverse variance weighted,0.037799436,0.057655502,5.12E-01,1.04E+00,9.28E-01,1.16E+00,2.98E-01,2.88E-01,0.274908982
ANX,Type 2 diabetes ,Simple mode,0.106674824,0.162245789,5.12E-01,1.11E+00,8.10E-01,1.53E+00,6.07E-02,6.65E-02,0.613324742
ED,Current employment status: Unemployed,MR Egger,0.846616197,1.292890151,5.13E-01,2.33E+00,1.85E-01,2.94E+01,2.09E-02,2.17E-02,0.852825766
ED,Current employment status: Unemployed,MR Egger,0.846616197,1.292890151,5.13E-01,2.33E+00,1.85E-01,2.94E+01,2.09E-02,2.17E-02,0.852825766
ADHD,Autoimmune diseases ,Simple mode,0.029327806,0.044432238,5.13E-01,1.03E+00,9.44E-01,1.12E+00,8.49E-02,1.02E-01,0.841474556
ED,"Diagnoses - secondary ICD10: E03.9 Hypothyroidism, unspecified ",Inverse variance weighted,0.746564162,1.141839745,5.13E-01,2.11E+00,2.25E-01,1.98E+01,1.50E-01,1.78E-01,0.835795114
PTSD,Serum 25-Hydroxyvitamin D levels ,Weighted mode,-0.067763484,0.103492463,5.14E-01,9.34E-01,7.63E-01,1.14E+00,6.95E-10,1.00E-09,0.905174633
DEP,Intelligence ,Weighted mode,0.062647393,0.096163516,5.16E-01,1.06E+00,8.82E-01,1.29E+00,1.44E-11,1.54E-11,0.454530892
ALZ,Mineral and other dietary supplements: Zinc ,Weighted mode,-2.633873454,3.371961758,5.17E-01,7.18E-02,9.68E-05,5.33E+01,4.09E-01,7.09E-01,0.954863439
BP,Age at first birth ,MR Egger,0.127980648,0.196478793,5.18E-01,1.14E+00,7.73E-01,1.67E+00,2.94E-01,3.06E-01,0.438959952
ASD,Serum 25-Hydroxyvitamin D levels ,Inverse variance weighted,0.049152551,0.076351522,5.20E-01,1.05E+00,9.04E-01,1.22E+00,1.06E-01,1.16E-01,0.636334511
ADHD,Caffeine,Weighted median,-0.295304824,0.458850861,5.20E-01,7.44E-01,3.03E-01,1.83E+00,9.17E-15,7.36E-15,0.123982374
PTSD,Behauvioural and emotional disorders with onset usually occuring in childhood and adolescence,MR Egger,0.005624139,0.008745651,5.20E-01,1.01E+00,9.89E-01,1.02E+00,1.65E-01,1.56E-01,0.070420239
OCD,"Illness, injury, bereavement, stress in last 2 years: Financial difficulties ",Simple mode,4.167286934,6.113488105,5.21E-01,6.45E+01,4.04E-04,1.03E+07,3.55E-01,4.44E-01,0.731465866
BP,"Non-cancer illness code, self-reported: diabetes ",Weighted mode,-0.502486948,0.783051617,5.23E-01,6.05E-01,1.30E-01,2.81E+00,1.15E-01,1.31E-01,0.739258283
SCZ,Qualifications: College or University degree ,Weighted mode,0.459270155,0.718952267,5.24E-01,1.58E+00,3.87E-01,6.48E+00,3.43E-52,4.00E-52,0.530344877
DEP,"Diagnoses - secondary ICD10: E03.9 Hypothyroidism, unspecified ",Simple mode,0.684457212,1.061484485,5.24E-01,1.98E+00,2.48E-01,1.59E+01,1.50E-01,1.78E-01,0.835795114
ASD,Body mass index (BMI) ,MR Egger,0.093250181,0.146484016,5.25E-01,1.10E+00,8.24E-01,1.46E+00,4.09E-01,4.21E-01,0.751756581
ANX,Nitrogen dioxide air pollution; 2010 ,Simple mode,-2.044004799,3.030568592,5.25E-01,1.30E-01,3.41E-04,4.92E+01,6.78E-03,5.57E-03,0.439793617
ANX,Heart rate ,Weighted mode,-0.02424352,0.03721255,5.25E-01,9.76E-01,9.07E-01,1.05E+00,2.36E-01,2.98E-01,0.944759356
OCD,Trauma exposure ,Weighted median,-0.146189049,0.230205217,5.25E-01,8.64E-01,5.50E-01,1.36E+00,7.16E-01,7.78E-01,0.565530554
BP,Diagnoses - secondary ICD10: I10 Essential (primary) hypertension ,Weighted mode,0.627181056,0.983182035,5.26E-01,1.87E+00,2.73E-01,1.29E+01,3.84E-01,4.14E-01,0.736685574
ALZ,Maternal smoking around birth ,Inverse variance weighted,0.239197356,0.376988516,5.26E-01,1.27E+00,6.07E-01,2.66E+00,3.94E-01,4.59E-01,0.731119401
ALZ,Mineral and other dietary supplements: Zinc ,Simple mode,-2.657651838,3.48884614,5.26E-01,7.01E-02,7.52E-05,6.54E+01,4.09E-01,7.09E-01,0.954863439
ADHD,Mineral and other dietary supplements: Zinc ,Inverse variance weighted,2.383913458,3.763523189,5.26E-01,1.08E+01,6.79E-03,1.73E+04,2.39E-02,7.39E-02,0.907485115
BP,Gestational diabetes (for exclusion) ,Weighted median,-0.015575829,0.024631303,5.27E-01,9.85E-01,9.38E-01,1.03E+00,4.16E-01,2.85E-01,0.236593224
PTSD,Heart rate ,Inverse variance weighted,0.006040272,0.009565386,5.28E-01,1.01E+00,9.87E-01,1.03E+00,1.20E-06,6.19E-07,0.36460977
PTSD,Primary sclerosing cholangitis ,MR Egger,-0.014384821,0.022385471,5.30E-01,9.86E-01,9.43E-01,1.03E+00,5.23E-04,1.42E-04,0.183882486
OCD,Age-related hearing impairment (MTAG) ,Inverse variance weighted,-0.213603046,0.339845454,5.30E-01,8.08E-01,4.15E-01,1.57E+00,6.59E-02,7.95E-02,0.672216691
OCD,"Illness, injury, bereavement, stress in last 2 years: Financial difficulties ",Weighted mode,3.788898257,5.682726672,5.30E-01,4.42E+01,6.43E-04,3.04E+06,3.55E-01,4.44E-01,0.731465866
ALZ,Maternal smoking around birth ,Weighted median,-0.330252327,0.526299418,5.30E-01,7.19E-01,2.56E-01,2.02E+00,3.94E-01,4.59E-01,0.731119401
ALZ,Type 1 diabetes ,Weighted mode,-0.009958144,0.015717246,5.30E-01,9.90E-01,9.60E-01,1.02E+00,1.73E-01,1.09E-01,0.081797268
DEP,Allergic rhinitis ,Weighted mode,-0.02601831,0.034613934,5.31E-01,9.74E-01,9.10E-01,1.04E+00,6.48E-01,8.73E-01,0.844709241
ADHD,Congenital cytomegalovirus infection,Simple mode,-0.208015293,0.276809266,5.31E-01,8.12E-01,4.72E-01,1.40E+00,2.33E-01,2.66E-01,0.523192313
BP,Age at first birth ,Simple mode,-0.060204124,0.095341575,5.31E-01,9.42E-01,7.81E-01,1.14E+00,2.94E-01,3.06E-01,0.438959952
OCD,"Illness, injury, bereavement, stress in last 2 years: Financial difficulties ",Weighted mode,3.788898257,5.703663993,5.31E-01,4.42E+01,6.17E-04,3.17E+06,3.55E-01,4.44E-01,0.731465866
SCZ,Primary biliary cirrhosis ,Weighted median,-0.00703148,0.011236676,5.31E-01,9.93E-01,9.71E-01,1.02E+00,4.61E-05,7.85E-05,0.924368959
SCZ,Age-related hearing impairment (MTAG) ,MR Egger,-0.392887389,0.620221317,5.32E-01,6.75E-01,2.00E-01,2.28E+00,7.86E-03,9.80E-03,0.618456104
BP,Gestational diabetes (for exclusion) ,Weighted median,-0.015575829,0.024955198,5.33E-01,9.85E-01,9.38E-01,1.03E+00,4.16E-01,2.85E-01,0.236593224
ANX,Diagnoses - secondary ICD10: I10 Essential (primary) hypertension ,Simple mode,1.573422845,2.508603645,5.33E-01,4.82E+00,3.53E-02,6.59E+02,3.84E-01,4.14E-01,0.736685574
BP,Sleeplessness / insomnia ,MR Egger,0.58344599,0.928588756,5.34E-01,1.79E+00,2.90E-01,1.11E+01,4.11E-01,4.31E-01,0.461291419
DEP,Type 1 diabetes ,Weighted mode,0.003911863,0.0062225,5.34E-01,1.00E+00,9.92E-01,1.02E+00,9.77E-01,9.82E-01,0.667597956
ANX,Age-related hearing impairment (MTAG) ,MR Egger,-1.349119499,2.144612324,5.35E-01,2.59E-01,3.88E-03,1.74E+01,5.47E-01,6.00E-01,0.791362667
ASD,Age-related hearing impairment (MTAG) ,Simple mode,-0.430786597,0.686995351,5.36E-01,6.50E-01,1.69E-01,2.50E+00,5.47E-01,6.00E-01,0.791362667
ED,Diabetes mellitus ,Weighted median,0.023957415,0.038667735,5.36E-01,1.02E+00,9.49E-01,1.10E+00,5.60E-01,5.56E-01,0.300889221
OCD,Heart rate ,Weighted mode,-0.020391417,0.032236358,5.37E-01,9.80E-01,9.20E-01,1.04E+00,6.88E-01,6.94E-01,0.381703376
ANX,Diagnoses - main ICD10: I25.1 Atherosclerotic heart disease ,MR Egger,3.69897864,5.91674265,5.37E-01,4.04E+01,3.72E-04,4.39E+06,8.84E-01,8.85E-01,0.371424741
PTSD,Intelligence ,Weighted mode,-0.171381089,0.277677285,5.38E-01,8.43E-01,4.89E-01,1.45E+00,6.21E-49,1.56E-49,0.232036593
ASD,Age at first birth ,Weighted median,-0.030686895,0.050004391,5.39E-01,9.70E-01,8.79E-01,1.07E+00,2.94E-01,3.06E-01,0.438959952
ADHD,Type 1 diabetes ,Weighted mode,0.003632601,0.005857912,5.39E-01,1.00E+00,9.92E-01,1.02E+00,3.02E-02,3.24E-02,0.44792816
ASD,"Non-cancer illness code, self-reported: psoriasis ",Inverse variance weighted,-0.810966468,1.322634652,5.40E-01,4.44E-01,3.33E-02,5.94E+00,9.52E-01,9.05E-01,0.168371825
ALZ,Educational attainment,MR Egger,0.043696838,0.071450336,5.41E-01,1.04E+00,9.08E-01,1.20E+00,3.94E-01,4.59E-01,0.673752198
OCD,Maternal smoking around birth ,Weighted median,0.882249739,1.443440662,5.41E-01,2.42E+00,1.43E-01,4.09E+01,1.26E-03,2.10E-03,0.872675286
ALZ,Type 2 diabetes ,MR Egger,0.024272193,0.039611518,5.41E-01,1.02E+00,9.48E-01,1.11E+00,1.68E-03,2.05E-03,0.941907728
OCD,Autoimmune diseases ,MR Egger,-0.090605374,0.14693013,5.42E-01,9.13E-01,6.85E-01,1.22E+00,3.84E-01,4.13E-01,0.598546243
DEP,Autoimmune diseases ,Simple mode,0.015616518,0.025402473,5.42E-01,1.02E+00,9.66E-01,1.07E+00,3.84E-01,4.13E-01,0.598546243
DEP,Caffeine,MR Egger,-0.189291682,0.310813826,5.43E-01,8.28E-01,4.50E-01,1.52E+00,1.66E-01,1.66E-01,0.347532961
OCD,Diagnoses - main ICD10: I25.1 Atherosclerotic heart disease ,Simple mode,3.222169922,5.219333288,5.43E-01,2.51E+01,9.05E-04,6.95E+05,7.34E-03,8.56E-03,0.527309938
PTSD,Primary biliary cirrhosis ,Simple mode,0.018940165,0.030653155,5.43E-01,1.02E+00,9.60E-01,1.08E+00,4.61E-05,7.85E-05,0.924368959
ALZ,Intelligence ,Simple mode,-0.124655042,0.204629655,5.43E-01,8.83E-01,5.91E-01,1.32E+00,3.88E-09,4.32E-09,0.491761243
ASD,Age-related hearing impairment (MTAG) ,Weighted mode,-0.458947687,0.751317597,5.46E-01,6.32E-01,1.45E-01,2.76E+00,5.47E-01,6.00E-01,0.791362667
ASD,Heart rate ,Inverse variance weighted,0.005442404,0.009016376,5.46E-01,1.01E+00,9.88E-01,1.02E+00,2.36E-01,2.98E-01,0.944759356
BP,Diagnoses - secondary ICD10: I10 Essential (primary) hypertension ,Simple mode,0.536106709,0.885150703,5.47E-01,1.71E+00,3.02E-01,9.69E+00,3.84E-01,4.14E-01,0.736685574
SCZ,Sleeplessness / insomnia ,MR Egger,0.779985445,1.282692612,5.47E-01,2.18E+00,1.77E-01,2.70E+01,1.01E-12,1.94E-12,0.955004357
ED,Viral infection,Weighted median,-1.571237081,2.610297574,5.47E-01,2.08E-01,1.25E-03,3.46E+01,1.78E-01,1.81E-01,0.513512517
ASD,Living alone,MR Egger,1.085100353,1.803623916,5.48E-01,2.96E+00,8.63E-02,1.02E+02,2.91E-16,3.32E-16,0.857891204
DEP,Diagnoses - secondary ICD10: I10 Essential (primary) hypertension ,Weighted mode,-0.184754155,0.305608574,5.48E-01,8.31E-01,4.57E-01,1.51E+00,3.02E-02,3.57E-02,0.763537701
SCZ,Age at first birth ,Weighted mode,0.04871589,0.080424959,5.48E-01,1.05E+00,8.97E-01,1.23E+00,3.09E-13,1.34E-13,0.278809734
PTSD,Nitrogen dioxide air pollution; 2010 ,MR Egger,-1.803895222,2.835579614,5.48E-01,1.65E-01,6.35E-04,4.27E+01,3.06E-03,6.01E-03,0.906361827
ASD,Primary biliary cirrhosis ,Inverse variance weighted,0.00897696,0.014951298,5.48E-01,1.01E+00,9.80E-01,1.04E+00,1.27E-01,1.49E-01,0.571743678
BP,Alzheimer's disease or family history of Alzheimer's disease ,Inverse variance weighted,0.014641471,0.024514179,5.50E-01,1.01E+00,9.67E-01,1.06E+00,1.20E-02,1.54E-02,0.736557952
ANX,Operative procedures,MR Egger,-3.039643587,5.09043875,5.50E-01,4.79E-02,2.22E-06,1.03E+03,8.10E-36,8.16E-36,0.376680089
OCD,Diabetes mellitus ,MR Egger,-0.072191122,0.120054105,5.51E-01,9.30E-01,7.35E-01,1.18E+00,5.60E-01,5.56E-01,0.300889221
ADHD,Sleeplessness / insomnia ,Simple mode,0.3101362,0.515432397,5.51E-01,1.36E+00,4.97E-01,3.74E+00,7.23E-19,7.99E-19,0.546926226
ADHD,Diabetes mellitus ,Weighted mode,-0.016950513,0.028263874,5.52E-01,9.83E-01,9.30E-01,1.04E+00,3.41E-03,3.96E-03,0.548392213
BP,Behauvioural and emotional disorders with onset usually occuring in childhood and adolescence,Weighted median,0.003314338,0.005572548,5.52E-01,1.00E+00,9.92E-01,1.01E+00,2.99E-01,3.02E-01,0.414593205
ANX,Primary biliary cirrhosis ,Weighted mode,-0.04017042,0.06635773,5.52E-01,9.61E-01,8.43E-01,1.09E+00,1.27E-01,1.49E-01,0.571743678
OCD,Maternal smoking around birth ,Weighted median,0.882249739,1.485750497,5.53E-01,2.42E+00,1.31E-01,4.44E+01,1.26E-03,2.10E-03,0.872675286
ANX,Nitrogen dioxide air pollution; 2010 ,Weighted mode,-1.777837929,2.827900284,5.53E-01,1.69E-01,6.62E-04,4.32E+01,6.78E-03,5.57E-03,0.439793617
SCZ,"Diagnoses - secondary ICD10: E03.9 Hypothyroidism, unspecified ",Weighted mode,0.882129028,1.474466734,5.54E-01,2.42E+00,1.34E-01,4.35E+01,3.33E-07,3.55E-07,0.477148258
ANX,"Illness, injury, bereavement, stress in last 2 years: Death of a spouse or partner",Weighted median,-0.944220764,1.59485809,5.54E-01,3.89E-01,1.71E-02,8.86E+00,3.62E-27,4.32E-27,0.964007176
DEP,Gestational diabetes (for exclusion) ,MR Egger,0.061477268,0.0729045,5.54E-01,1.06E+00,9.22E-01,1.23E+00,8.65E-01,9.15E-01,0.662995418
DEP,Gestational diabetes (for exclusion) ,MR Egger,0.061477268,0.0729045,5.54E-01,1.06E+00,9.22E-01,1.23E+00,8.65E-01,9.15E-01,0.662995418
ADHD,Ever taken cannabis ,MR Egger,-0.105765446,0.164530897,5.55E-01,9.00E-01,6.52E-01,1.24E+00,1.40E-01,1.91E-01,0.620876264
OCD,Gestational diabetes (for exclusion) ,Weighted median,0.066128041,0.112247707,5.56E-01,1.07E+00,8.57E-01,1.33E+00,8.65E-01,9.15E-01,0.662995418
ASD,Current employment status: Unemployed,Weighted median,-0.431194835,0.733434597,5.57E-01,6.50E-01,1.54E-01,2.74E+00,1.31E-27,1.37E-27,0.437673351
ANX,Gestational diabetes (for exclusion) ,Weighted mode,-0.056089144,0.087790782,5.58E-01,9.45E-01,7.96E-01,1.12E+00,4.16E-01,2.85E-01,0.236593224
ED,"Illness, injury, bereavement, stress in last 2 years: Death of a spouse or partner",Inverse variance weighted,0.355312852,0.606691694,5.58E-01,1.43E+00,4.34E-01,4.69E+00,9.96E-02,1.01E-01,0.485657442
SCZ,Allergic rhinitis ,Weighted median,-0.033004733,0.056386274,5.58E-01,9.68E-01,8.66E-01,1.08E+00,2.56E-01,4.86E-01,0.786689129
DEP,Primary sclerosing cholangitis ,MR Egger,-0.011929161,0.019838158,5.59E-01,9.88E-01,9.50E-01,1.03E+00,4.36E-01,3.44E-01,0.145430993
ANX,Gestational diabetes (for exclusion) ,Weighted mode,-0.056089144,0.088140921,5.59E-01,9.45E-01,7.95E-01,1.12E+00,4.16E-01,2.85E-01,0.236593224
ANX,Current employment status: Unemployed,Weighted median,-0.890224016,1.527045494,5.60E-01,4.11E-01,2.06E-02,8.19E+00,1.31E-27,1.37E-27,0.437673351
PTSD,Diagnoses - main ICD10: I25.1 Atherosclerotic heart disease ,Inverse variance weighted,-0.631734177,1.085603988,5.61E-01,5.32E-01,6.33E-02,4.46E+00,2.15E-03,1.93E-03,0.354157699
ASD,Current employment status: Unemployed,Weighted median,-0.431194835,0.741519905,5.61E-01,6.50E-01,1.52E-01,2.78E+00,1.31E-27,1.37E-27,0.437673351
PTSD,Rubella vaccination,Inverse variance weighted,-0.001344035,0.002315621,5.62E-01,9.99E-01,9.94E-01,1.00E+00,1.70E-02,1.73E-02,0.444404848
ALZ,Intelligence ,Weighted mode,-0.124655042,0.214285659,5.62E-01,8.83E-01,5.80E-01,1.34E+00,3.88E-09,4.32E-09,0.491761243
OCD,Gestational diabetes (for exclusion) ,Weighted median,0.066128041,0.114128078,5.62E-01,1.07E+00,8.54E-01,1.34E+00,8.65E-01,9.15E-01,0.662995418
DEP,Intelligence ,Simple mode,0.068426386,0.117905103,5.63E-01,1.07E+00,8.50E-01,1.35E+00,1.44E-11,1.54E-11,0.454530892
ALZ,Living alone,MR Egger,-0.734457185,1.268424458,5.63E-01,4.80E-01,3.99E-02,5.76E+00,3.94E-01,4.59E-01,0.408728167
PTSD,Qualifications: College or University degree ,MR Egger,0.381457732,0.658003411,5.63E-01,1.46E+00,4.03E-01,5.32E+00,7.01E-11,6.87E-12,0.008009552
PTSD,Primary biliary cirrhosis ,Weighted mode,0.014882214,0.025304831,5.63E-01,1.01E+00,9.66E-01,1.07E+00,4.61E-05,7.85E-05,0.924368959
SCZ,Fresh fruit intake ,Inverse variance weighted,0.189543057,0.3281954,5.64E-01,1.21E+00,6.35E-01,2.30E+00,8.09E-21,7.99E-21,0.497506373
BP,Birth weight ,Simple mode,-0.104248348,0.180521544,5.65E-01,9.01E-01,6.33E-01,1.28E+00,3.36E-01,3.10E-01,0.144352315
ASD,"Non-cancer illness code, self-reported: diabetes ",Simple mode,-0.926125989,1.598767455,5.65E-01,3.96E-01,1.73E-02,9.09E+00,1.15E-01,1.31E-01,0.739258283
BP,Diagnoses - main ICD10: I25.1 Atherosclerotic heart disease ,Weighted mode,0.733625809,1.258130488,5.65E-01,2.08E+00,1.77E-01,2.45E+01,8.84E-01,8.85E-01,0.371424741
ADHD,Primary sclerosing cholangitis ,MR Egger,0.011464041,0.019440951,5.66E-01,1.01E+00,9.74E-01,1.05E+00,8.43E-02,4.36E-02,0.148416734
DEP,College completion ,MR Egger,-0.367428549,0.452057505,5.66E-01,6.93E-01,2.86E-01,1.68E+00,2.99E-02,5.22E-02,0.703106532
ALZ,"Illness, injury, bereavement, stress in last 2 years: Serious illness, injury or assault to yourself ",Inverse variance weighted,1.115697193,1.946613167,5.67E-01,3.05E+00,6.72E-02,1.39E+02,6.83E-01,2.87E-01,0.36914415
ANX,Current employment status: Unemployed,Weighted median,-0.890224016,1.558694212,5.68E-01,4.11E-01,1.93E-02,8.71E+00,1.31E-27,1.37E-27,0.437673351
ASD,smoking initiation ,Weighted median,0.058864835,0.103124378,5.68E-01,1.06E+00,8.67E-01,1.30E+00,4.01E-01,4.31E-01,0.98282675
PTSD,Tea intake ,MR Egger,0.216578483,0.376280537,5.68E-01,1.24E+00,5.94E-01,2.60E+00,3.34E-05,3.53E-05,0.452765438
ALZ,Neuroticism score ,Weighted mode,0.04246234,0.074408777,5.69E-01,1.04E+00,9.02E-01,1.21E+00,2.23E-09,1.77E-09,0.286766747
SCZ,Allergic rhinitis ,Simple mode,-0.038083319,0.05645088,5.69E-01,9.63E-01,8.62E-01,1.08E+00,2.56E-01,4.86E-01,0.786689129
PTSD,Primary sclerosing cholangitis ,Inverse variance weighted,-0.0079961,0.014078601,5.70E-01,9.92E-01,9.65E-01,1.02E+00,5.23E-04,1.42E-04,0.183882486
ANX,Diagnoses - main ICD10: I25.1 Atherosclerotic heart disease ,Inverse variance weighted,-1.277544089,2.2517194,5.70E-01,2.79E-01,3.38E-03,2.30E+01,8.84E-01,8.85E-01,0.371424741
ALZ,Unable to work because of sickness or disability,Inverse variance weighted,-0.125077281,0.22083163,5.71E-01,8.82E-01,5.72E-01,1.36E+00,3.94E-01,4.59E-01,0.185533544
ED,Diagnoses - secondary ICD10: I10 Essential (primary) hypertension ,Weighted median,0.379818562,0.670916594,5.71E-01,1.46E+00,3.93E-01,5.45E+00,3.02E-02,3.57E-02,0.763537701
ASD,"Non-cancer illness code, self-reported: psoriasis ",Weighted mode,-0.644280505,1.117385496,5.71E-01,5.25E-01,5.88E-02,4.69E+00,9.52E-01,9.05E-01,0.168371825
ED,Operative procedures,Inverse variance weighted,-0.712582646,1.259573929,5.72E-01,4.90E-01,4.15E-02,5.79E+00,1.32E-01,1.36E-01,0.949318884
PTSD,Primary biliary cirrhosis ,Inverse variance weighted,0.006725453,0.01189124,5.72E-01,1.01E+00,9.84E-01,1.03E+00,4.61E-05,7.85E-05,0.924368959
DEP,Age-related hearing impairment (MTAG) ,Weighted mode,-0.079710573,0.139486669,5.72E-01,9.23E-01,7.03E-01,1.21E+00,6.59E-02,7.95E-02,0.672216691
OCD,Trauma exposure ,Simple mode,-0.186683427,0.295728925,5.73E-01,8.30E-01,4.65E-01,1.48E+00,7.16E-01,7.78E-01,0.565530554
ALZ,Trauma exposure ,Simple mode,-0.06263418,0.1021166,5.73E-01,9.39E-01,7.69E-01,1.15E+00,6.30E-01,5.90E-01,0.375452224
SCZ,College completion ,Weighted median,0.072045585,0.127804992,5.73E-01,1.07E+00,8.37E-01,1.38E+00,9.41E-01,1.21E-01,0.288552349
OCD,Trauma exposure ,Weighted mode,-0.152543323,0.241993289,5.73E-01,8.59E-01,5.34E-01,1.38E+00,7.16E-01,7.78E-01,0.565530554
ADHD,Diagnoses - main ICD10: I25.1 Atherosclerotic heart disease ,Weighted mode,-0.710826849,1.246802998,5.74E-01,4.91E-01,4.27E-02,5.66E+00,2.28E-05,3.00E-06,0.1023198
ASD,"Non-cancer illness code, self-reported: psoriasis ",Weighted median,-0.607816807,1.081148335,5.74E-01,5.45E-01,6.54E-02,4.53E+00,9.52E-01,9.05E-01,0.168371825
ANX,Trauma exposure ,MR Egger,-1.791986916,2.854706423,5.75E-01,1.67E-01,6.19E-04,4.48E+01,8.43E-01,8.67E-01,0.555428028
BP,Serum 25-Hydroxyvitamin D levels ,Inverse variance weighted,0.033191686,0.059230502,5.75E-01,1.03E+00,9.20E-01,1.16E+00,1.06E-01,1.16E-01,0.636334511
ASD,"Non-cancer illness code, self-reported: psoriasis ",MR Egger,-0.962667281,1.687859145,5.76E-01,3.82E-01,1.40E-02,1.04E+01,9.52E-01,9.05E-01,0.168371825
ALZ,"Illness, injury, bereavement, stress in last 2 years: Financial difficulties ",Inverse variance weighted,-0.555856746,0.998013293,5.78E-01,5.74E-01,8.11E-02,4.06E+00,1.90E-01,2.58E-01,0.772673041
ALZ,"Illness, injury, bereavement, stress in last 2 years: Financial difficulties ",Inverse variance weighted,-0.555856746,0.998013293,5.78E-01,5.74E-01,8.11E-02,4.06E+00,1.90E-01,2.58E-01,0.772673041
ADHD,Type 1 diabetes ,MR Egger,0.005519258,0.009810845,5.78E-01,1.01E+00,9.86E-01,1.03E+00,3.02E-02,3.24E-02,0.44792816
ANX,College completion ,Inverse variance weighted,-0.246187054,0.442949642,5.78E-01,7.82E-01,3.28E-01,1.86E+00,6.37E-01,7.26E-01,0.634476409
OCD,Diabetes mellitus ,Weighted mode,0.054867448,0.098185134,5.79E-01,1.06E+00,8.71E-01,1.28E+00,5.60E-01,5.56E-01,0.300889221
OCD,smoking initiation ,Weighted mode,0.248460715,0.445945367,5.79E-01,1.28E+00,5.35E-01,3.07E+00,8.00E-04,7.40E-04,0.310689123
DEP,Mumps,Inverse variance weighted,-0.000329689,0.000595306,5.80E-01,1.00E+00,9.99E-01,1.00E+00,2.24E-01,2.26E-01,0.379057929
OCD,Birth weight ,Simple mode,-0.25294365,0.45550673,5.80E-01,7.77E-01,3.18E-01,1.90E+00,1.16E-01,1.27E-01,0.831139804
DEP,"Diagnoses - main ICD10: J45.9 Asthma, unspecified ",Wald ratio,2.734688898,4.943476084,5.80E-01,1.54E+01,9.54E-04,2.49E+05,6.86E-01,8.29E-01,0.950948447
DEP,Birth weight ,Inverse variance weighted,0.015941205,0.02882795,5.80E-01,1.02E+00,9.60E-01,1.08E+00,1.16E-01,1.27E-01,0.831139804
ED,Autoimmune diseases ,MR Egger,0.029037644,0.05211959,5.81E-01,1.03E+00,9.29E-01,1.14E+00,3.84E-01,4.13E-01,0.598546243
OCD,Current employment status: Retired,Weighted median,0.188623821,0.341546913,5.81E-01,1.21E+00,6.18E-01,2.36E+00,1.19E-02,1.22E-02,0.628714826
ASD,Alzheimer's disease or family history of Alzheimer's disease ,Weighted median,0.018467912,0.03347106,5.81E-01,1.02E+00,9.54E-01,1.09E+00,1.20E-02,1.54E-02,0.736557952
SCZ,Allergic rhinitis ,Weighted mode,-0.03532943,0.054197283,5.81E-01,9.65E-01,8.68E-01,1.07E+00,2.56E-01,4.86E-01,0.786689129
ALZ,Age at first birth ,Weighted median,-0.02035199,0.036962575,5.82E-01,9.80E-01,9.11E-01,1.05E+00,2.37E-02,2.09E-02,0.250744821
ED,Ever taken cannabis ,Weighted mode,-0.023013709,0.037512534,5.83E-01,9.77E-01,9.08E-01,1.05E+00,5.95E-01,7.18E-01,0.945702243
SCZ,Alzheimer's disease or family history of Alzheimer's disease ,MR Egger,-0.023281517,0.042053531,5.83E-01,9.77E-01,9.00E-01,1.06E+00,3.67E-06,4.60E-06,0.570012981
ADHD,Gestational diabetes (for exclusion) ,Inverse variance weighted,0.012609011,0.023016875,5.84E-01,1.01E+00,9.68E-01,1.06E+00,6.28E-01,7.17E-01,0.582055872
ADHD,Gestational diabetes (for exclusion) ,Inverse variance weighted,0.012609011,0.023016875,5.84E-01,1.01E+00,9.68E-01,1.06E+00,6.28E-01,7.17E-01,0.582055872
PTSD,Rubella vaccination,Weighted median,-0.001980264,0.003626165,5.85E-01,9.98E-01,9.91E-01,1.01E+00,1.70E-02,1.73E-02,0.444404848
ED,Unspecified maternal hypertension,MR Egger,0.00173591,0.003181149,5.85E-01,1.00E+00,9.96E-01,1.01E+00,1.28E-01,1.33E-01,0.809668802
BP,Sleeplessness / insomnia ,Weighted mode,0.194401673,0.35403646,5.86E-01,1.21E+00,6.07E-01,2.43E+00,4.11E-01,4.31E-01,0.461291419
ASD,Caffeine,MR Egger,0.509045198,0.935133874,5.86E-01,1.66E+00,2.66E-01,1.04E+01,9.17E-15,7.36E-15,0.123982374
ADHD,Iron intake,Weighted median,-0.619550999,1.148617769,5.90E-01,5.38E-01,5.67E-02,5.11E+00,4.16E-26,3.96E-26,0.299589161
BP,Caffeine,Weighted median,0.221660241,0.411502847,5.90E-01,1.25E+00,5.57E-01,2.80E+00,1.66E-01,1.66E-01,0.347532961
OCD,Type 2 diabetes ,Weighted median,0.038388828,0.071292048,5.90E-01,1.04E+00,9.04E-01,1.19E+00,1.63E-01,1.80E-01,0.96794149
ADHD,Current employment status: Unemployed,MR Egger,-0.463228577,0.862220874,5.91E-01,6.29E-01,1.16E-01,3.41E+00,1.31E-27,1.37E-27,0.437673351
ADHD,Current employment status: Unemployed,MR Egger,-0.463228577,0.862220874,5.91E-01,6.29E-01,1.16E-01,3.41E+00,1.31E-27,1.37E-27,0.437673351
ED,Sleeplessness / insomnia ,Simple mode,0.439395914,0.80935472,5.91E-01,1.55E+00,3.18E-01,7.58E+00,1.65E-10,2.97E-10,0.924188828
ASD,Current employment status: Unemployed,MR Egger,-0.569682534,1.062085795,5.92E-01,5.66E-01,7.06E-02,4.54E+00,1.31E-27,1.37E-27,0.437673351
ASD,Current employment status: Unemployed,MR Egger,-0.569682534,1.062085795,5.92E-01,5.66E-01,7.06E-02,4.54E+00,1.31E-27,1.37E-27,0.437673351
PTSD,Alzheimer's disease or family history of Alzheimer's disease ,Weighted median,0.019615192,0.036594775,5.92E-01,1.02E+00,9.49E-01,1.10E+00,3.67E-06,4.60E-06,0.570012981
DEP,Alzheimer's disease or family history of Alzheimer's disease ,Simple mode,-0.010540601,0.019587459,5.94E-01,9.90E-01,9.52E-01,1.03E+00,2.36E-01,2.37E-01,0.351905335
BP,Serum 25-Hydroxyvitamin D levels ,Weighted mode,-0.031378294,0.058746561,5.94E-01,9.69E-01,8.64E-01,1.09E+00,1.06E-01,1.16E-01,0.636334511
ANX,Diagnoses - secondary ICD10: I10 Essential (primary) hypertension ,Weighted mode,1.202784106,2.248640269,5.95E-01,3.33E+00,4.06E-02,2.73E+02,3.84E-01,4.14E-01,0.736685574
OCD,Iron intake,Inverse variance weighted,1.170772036,2.204123998,5.95E-01,3.22E+00,4.29E-02,2.42E+02,6.04E-08,4.96E-08,0.089450444
DEP,"Diagnoses - secondary ICD10: E03.9 Hypothyroidism, unspecified ",Weighted mode,-0.380215427,0.709324909,5.96E-01,6.84E-01,1.70E-01,2.75E+00,1.50E-01,1.78E-01,0.835795114
ED,Sleeplessness / insomnia ,MR Egger,0.575381942,1.072781314,5.96E-01,1.78E+00,2.17E-01,1.46E+01,1.65E-10,2.97E-10,0.924188828
ALZ,Gestational diabetes (for exclusion) ,Weighted median,-0.014330721,0.027067709,5.97E-01,9.86E-01,9.35E-01,1.04E+00,2.46E-02,2.43E-02,0.538637902
DEP,Ever taken cannabis ,MR Egger,0.017827549,0.031910502,5.97E-01,1.02E+00,9.56E-01,1.08E+00,5.95E-01,7.18E-01,0.945702243
SCZ,Current employment status: Retired,MR Egger,-0.085629298,0.162216803,5.98E-01,9.18E-01,6.68E-01,1.26E+00,1.19E-02,1.22E-02,0.628714826
ADHD,"Non-cancer illness code, self-reported: diabetes ",Weighted mode,0.420889284,0.792982084,5.98E-01,1.52E+00,3.22E-01,7.21E+00,1.35E-06,5.14E-07,0.138920073
BP,Body mass index (BMI) ,Weighted mode,-0.050885284,0.096490199,5.98E-01,9.50E-01,7.87E-01,1.15E+00,4.09E-01,4.21E-01,0.751756581
OCD,College completion ,Weighted mode,0.244226823,0.39395921,5.99E-01,1.28E+00,5.90E-01,2.76E+00,6.04E-01,8.71E-01,0.943669546
ANX,Maternal smoking around birth ,Weighted mode,-1.433042264,2.66682483,5.99E-01,2.39E-01,1.28E-03,4.44E+01,6.71E-02,9.29E-02,0.956658032
ED,Ever taken cannabis ,Inverse variance weighted,-0.014396144,0.027415851,6.00E-01,9.86E-01,9.34E-01,1.04E+00,5.95E-01,7.18E-01,0.945702243
ANX,Trauma exposure ,Inverse variance weighted,0.09340552,0.177979787,6.00E-01,1.10E+00,7.75E-01,1.56E+00,8.43E-01,8.67E-01,0.555428028
SCZ,Educational attainment,Weighted median,0.025292154,0.048250012,6.00E-01,1.03E+00,9.33E-01,1.13E+00,2.71E-14,1.31E-14,0.011722259
SCZ,College completion ,Inverse variance weighted,0.116217372,0.221828876,6.00E-01,1.12E+00,7.27E-01,1.73E+00,9.41E-01,1.21E-01,0.288552349
ALZ,Congenital cytomegalovirus infection,Weighted mode,0.054426134,0.101909189,6.01E-01,1.06E+00,8.65E-01,1.29E+00,3.94E-01,4.59E-01,0.845263594
BP,Gestational diabetes (for exclusion) ,Weighted mode,-0.014782702,0.026083667,6.01E-01,9.85E-01,9.36E-01,1.04E+00,4.16E-01,2.85E-01,0.236593224
ALZ,Mineral and other dietary supplements: Zinc ,Inverse variance weighted,-1.268123434,2.435184015,6.03E-01,2.81E-01,2.38E-03,3.33E+01,4.09E-01,7.09E-01,0.954863439
PTSD,Autoimmune diseases ,Simple mode,-0.035139551,0.067075197,6.03E-01,9.65E-01,8.47E-01,1.10E+00,2.74E-05,3.77E-05,0.700159744
OCD,Primary biliary cirrhosis ,Simple mode,-0.033447632,0.063153536,6.03E-01,9.67E-01,8.55E-01,1.09E+00,7.11E-03,9.34E-03,0.653885458
BP,Gestational diabetes (for exclusion) ,Weighted mode,-0.014782702,0.026215544,6.03E-01,9.85E-01,9.36E-01,1.04E+00,4.16E-01,2.85E-01,0.236593224
ANX,Living alone,Inverse variance weighted,0.797175942,1.540390215,6.05E-01,2.22E+00,1.08E-01,4.54E+01,2.91E-16,3.32E-16,0.857891204
ALZ,College completion ,Simple mode,-0.100643942,0.165573021,6.05E-01,9.04E-01,6.54E-01,1.25E+00,3.94E-01,4.59E-01,0.350028286
ADHD,Alzheimer's disease or family history of Alzheimer's disease ,MR Egger,0.014480571,0.02785507,6.07E-01,1.01E+00,9.61E-01,1.07E+00,8.07E-01,8.39E-01,0.801720621
ASD,Extraversion,MR Egger,0.001824713,0.003549635,6.07E-01,1.00E+00,9.95E-01,1.01E+00,3.79E-20,3.65E-20,0.300348565
ASD,"Diagnoses - secondary ICD10: E03.9 Hypothyroidism, unspecified ",Simple mode,-1.256586126,2.427488034,6.08E-01,2.85E-01,2.44E-03,3.32E+01,8.01E-01,8.15E-01,0.468424168
SCZ,Body mass index (BMI) ,Simple mode,0.103663291,0.202245352,6.09E-01,1.11E+00,7.46E-01,1.65E+00,6.63E-60,1.01E-59,0.813425492
ANX,Caffeine,Weighted median,-0.704265714,1.375802496,6.09E-01,4.94E-01,3.33E-02,7.33E+00,9.17E-15,7.36E-15,0.123982374
ASD,Alzheimer's disease or family history of Alzheimer's disease ,MR Egger,0.021490579,0.041692565,6.10E-01,1.02E+00,9.42E-01,1.11E+00,1.20E-02,1.54E-02,0.736557952
ANX,Mineral and other dietary supplements: Zinc ,Weighted mode,6.017557627,10.03373991,6.10E-01,4.11E+02,1.18E-06,1.43E+11,8.67E-01,9.76E-01,0.910201837
OCD,Chickenpox,MR Egger,2.870650886,5.624936195,6.10E-01,1.76E+01,2.88E-04,1.08E+06,9.62E-05,9.84E-05,0.428201041
ANX,Living alone,MR Egger,1.816514747,3.559652603,6.10E-01,6.15E+00,5.74E-03,6.59E+03,2.91E-16,3.32E-16,0.857891204
ASD,"Non-cancer illness code, self-reported: diabetes ",Weighted mode,-0.556282748,1.085752629,6.10E-01,5.73E-01,6.83E-02,4.82E+00,1.15E-01,1.31E-01,0.739258283
SCZ,Gestational diabetes (for exclusion) ,MR Egger,-0.058601493,0.103388963,6.10E-01,9.43E-01,7.70E-01,1.15E+00,4.04E-01,3.28E-02,0.070558576
SCZ,Gestational diabetes (for exclusion) ,MR Egger,-0.058601493,0.103388963,6.10E-01,9.43E-01,7.70E-01,1.15E+00,4.04E-01,3.28E-02,0.070558576
OCD,Heart rate ,Inverse variance weighted,-0.00886992,0.017414108,6.11E-01,9.91E-01,9.58E-01,1.03E+00,6.88E-01,6.94E-01,0.381703376
ADHD,Age-related hearing impairment (MTAG) ,Weighted mode,-0.150047061,0.290765206,6.11E-01,8.61E-01,4.87E-01,1.52E+00,7.12E-03,9.58E-03,0.709368425
ALZ,"Illness, injury, bereavement, stress in last 2 years: Death of a spouse or partner",Weighted median,-0.269147479,0.528777733,6.11E-01,7.64E-01,2.71E-01,2.15E+00,3.94E-01,4.59E-01,0.393306978
SCZ,Age at first birth ,Inverse variance weighted,-0.027350077,0.053925705,6.12E-01,9.73E-01,8.75E-01,1.08E+00,3.09E-13,1.34E-13,0.278809734
BP,Living alone,Weighted median,-0.394936031,0.779548968,6.12E-01,6.74E-01,1.46E-01,3.10E+00,3.88E-01,3.94E-01,0.750780149
ADHD,Alzheimer's disease or family history of Alzheimer's disease ,Weighted mode,0.012583781,0.02463429,6.13E-01,1.01E+00,9.65E-01,1.06E+00,8.07E-01,8.39E-01,0.801720621
ADHD,Living alone,MR Egger,-0.691679148,1.369246428,6.14E-01,5.01E-01,3.42E-02,7.33E+00,2.91E-16,3.32E-16,0.857891204
ALZ,Current employment status: Unemployed,Inverse variance weighted,0.178825124,0.354535304,6.14E-01,1.20E+00,5.97E-01,2.40E+00,3.94E-01,4.59E-01,0.440608342
ALZ,Current employment status: Unemployed,Inverse variance weighted,0.178825124,0.354535304,6.14E-01,1.20E+00,5.97E-01,2.40E+00,3.94E-01,4.59E-01,0.440608342
DEP,Mineral and other dietary supplements: Zinc ,Inverse variance weighted,1.507718859,2.993239574,6.14E-01,4.52E+00,1.28E-02,1.59E+03,3.91E-02,8.97E-02,0.77722608
PTSD,Fresh fruit intake ,Simple mode,-0.422036252,0.835769216,6.16E-01,6.56E-01,1.27E-01,3.37E+00,8.09E-21,7.99E-21,0.497506373
ASD,Diagnoses - secondary ICD10: I10 Essential (primary) hypertension ,Weighted mode,-0.541539034,1.074001728,6.16E-01,5.82E-01,7.09E-02,4.78E+00,3.84E-01,4.14E-01,0.736685574
DEP,Type 2 diabetes ,Inverse variance weighted,0.004589051,0.009168841,6.17E-01,1.00E+00,9.87E-01,1.02E+00,1.63E-01,1.80E-01,0.96794149
PTSD,Intelligence ,Weighted median,-0.055036247,0.109981758,6.17E-01,9.46E-01,7.63E-01,1.17E+00,6.21E-49,1.56E-49,0.232036593
OCD,Neuroticism score ,Inverse variance weighted,0.029322678,0.058614186,6.17E-01,1.03E+00,9.18E-01,1.16E+00,1.55E-10,6.41E-11,0.134958317
ED,Current employment status: Retired,Weighted median,-0.110838332,0.222186435,6.18E-01,8.95E-01,5.79E-01,1.38E+00,1.57E-01,1.63E-01,0.964580618
ED,Living alone,Inverse variance weighted,0.457634526,0.918810223,6.18E-01,1.58E+00,2.61E-01,9.57E+00,3.88E-01,3.94E-01,0.750780149
ASD,Viral infection,Inverse variance weighted,0.873842566,1.75451882,6.18E-01,2.40E+00,7.69E-02,7.46E+01,3.36E-23,4.02E-23,0.999304449
OCD,Living alone,Inverse variance weighted,0.800863632,1.607997331,6.18E-01,2.23E+00,9.53E-02,5.21E+01,6.13E-04,5.91E-04,0.212492766
ANX,"Non-cancer illness code, self-reported: diabetes ",Simple mode,2.039822971,4.084236281,6.19E-01,7.69E+00,2.57E-03,2.30E+04,1.15E-01,1.31E-01,0.739258283
OCD,Rubella vaccination,Inverse variance weighted,0.002124962,0.004281115,6.20E-01,1.00E+00,9.94E-01,1.01E+00,1.70E-02,1.73E-02,0.444404848
SCZ,College completion ,MR Egger,1.967720463,2.893321139,6.20E-01,7.15E+00,2.46E-02,2.08E+03,9.41E-01,1.21E-01,0.288552349
ALZ,"Diagnoses - secondary ICD10: E03.9 Hypothyroidism, unspecified ",MR Egger,1.167406278,2.332298678,6.20E-01,3.21E+00,3.32E-02,3.11E+02,7.76E-02,9.65E-02,0.942781114
ED,Maternal smoking around birth ,MR Egger,1.748386976,3.447846483,6.21E-01,5.75E+00,6.67E-03,4.95E+03,1.26E-03,2.10E-03,0.872675286
ED,Maternal smoking around birth ,MR Egger,1.748386976,3.447846483,6.21E-01,5.75E+00,6.67E-03,4.95E+03,1.26E-03,2.10E-03,0.872675286
OCD,Body mass index (BMI) ,Weighted mode,0.131256198,0.265040822,6.21E-01,1.14E+00,6.78E-01,1.92E+00,2.57E-14,3.16E-14,0.736769716
ED,Mumps,Weighted median,-0.002163219,0.00437432,6.21E-01,9.98E-01,9.89E-01,1.01E+00,2.24E-01,2.26E-01,0.379057929
ALZ,Unspecified maternal hypertension,Weighted median,-0.000699492,0.001417132,6.22E-01,9.99E-01,9.97E-01,1.00E+00,3.94E-01,4.59E-01,0.780722514
ASD,"Non-cancer illness code, self-reported: diabetes ",MR Egger,-0.693073641,1.398272432,6.22E-01,5.00E-01,3.23E-02,7.75E+00,1.15E-01,1.31E-01,0.739258283
ADHD,Age-related hearing impairment (MTAG) ,Simple mode,-0.163915538,0.328272711,6.22E-01,8.49E-01,4.46E-01,1.62E+00,7.12E-03,9.58E-03,0.709368425
ALZ,Operation code: caesarean section / caesarian section ,Weighted median,-0.973580783,1.979338449,6.23E-01,3.78E-01,7.80E-03,1.83E+01,8.04E-01,4.64E-01,0.438824537
OCD,Body mass index (BMI) ,Weighted median,0.083584109,0.169987128,6.23E-01,1.09E+00,7.79E-01,1.52E+00,2.57E-14,3.16E-14,0.736769716
ED,Heart rate ,MR Egger,-0.017436736,0.034621163,6.23E-01,9.83E-01,9.18E-01,1.05E+00,6.88E-01,6.94E-01,0.381703376
ANX,Maternal smoking around birth ,Weighted mode,-1.433042264,2.857580071,6.23E-01,2.39E-01,8.81E-04,6.46E+01,6.71E-02,9.29E-02,0.956658032
ALZ,Age-related hearing impairment (MTAG) ,MR Egger,0.292791293,0.59064172,6.24E-01,1.34E+00,4.21E-01,4.27E+00,6.32E-01,6.63E-01,0.546827286
SCZ,Trauma exposure ,MR Egger,-1.151946537,2.117345954,6.24E-01,3.16E-01,4.98E-03,2.00E+01,1.20E-02,1.69E-02,0.618837049
ED,Alzheimer's disease or family history of Alzheimer's disease ,Simple mode,-0.034050309,0.068804272,6.24E-01,9.67E-01,8.45E-01,1.11E+00,2.36E-01,2.37E-01,0.351905335
DEP,Birth weight ,Weighted mode,-0.030794301,0.062762318,6.24E-01,9.70E-01,8.57E-01,1.10E+00,1.16E-01,1.27E-01,0.831139804
OCD,Current employment status: Unemployed,Weighted median,0.717103075,1.467268222,6.25E-01,2.05E+00,1.15E-01,3.63E+01,1.18E-03,1.22E-03,0.485133606
BP,Current employment status: Retired,MR Egger,-0.081200315,0.166295604,6.25E-01,9.22E-01,6.66E-01,1.28E+00,1.57E-01,1.63E-01,0.964580618
ALZ,Gestational diabetes (for exclusion) ,MR Egger,0.06896349,0.121012658,6.26E-01,1.07E+00,8.45E-01,1.36E+00,2.46E-02,2.43E-02,0.538637902
ANX,Fresh fruit intake ,Simple mode,0.834073861,1.706121031,6.27E-01,2.30E+00,8.13E-02,6.52E+01,4.30E-01,4.17E-01,0.253656155
DEP,Diabetes mellitus ,MR Egger,-0.009865258,0.020224791,6.28E-01,9.90E-01,9.52E-01,1.03E+00,5.60E-01,5.56E-01,0.300889221
ALZ,Ever taken cannabis ,Weighted mode,0.012687889,0.025059914,6.28E-01,1.01E+00,9.64E-01,1.06E+00,8.31E-01,9.00E-01,0.932388195
BP,Viral infection,MR Egger,-1.55777877,3.216455427,6.28E-01,2.11E-01,3.85E-04,1.15E+02,1.78E-01,1.81E-01,0.513512517
ALZ,smoking initiation ,Simple mode,-0.091593138,0.18855994,6.28E-01,9.12E-01,6.31E-01,1.32E+00,3.65E-03,4.20E-03,0.596309197
BP,Heart rate ,MR Egger,-0.023801311,0.048051708,6.29E-01,9.76E-01,8.89E-01,1.07E+00,2.36E-01,2.98E-01,0.944759356
ED,Operative procedures,Weighted median,-0.823894799,1.706744578,6.29E-01,4.39E-01,1.55E-02,1.24E+01,1.32E-01,1.36E-01,0.949318884
SCZ,Autoimmune diseases ,Weighted median,-0.015720593,0.032624405,6.30E-01,9.84E-01,9.23E-01,1.05E+00,2.74E-05,3.77E-05,0.700159744
SCZ,Body mass index (BMI) ,Weighted median,-0.030496205,0.063326125,6.30E-01,9.70E-01,8.57E-01,1.10E+00,6.63E-60,1.01E-59,0.813425492
BP,Gestational diabetes (for exclusion) ,Simple mode,-0.016453575,0.031620568,6.30E-01,9.84E-01,9.25E-01,1.05E+00,4.16E-01,2.85E-01,0.236593224
OCD,Gestational diabetes (for exclusion) ,MR Egger,0.23672202,0.362318386,6.32E-01,1.27E+00,6.23E-01,2.58E+00,8.65E-01,9.15E-01,0.662995418
OCD,Gestational diabetes (for exclusion) ,MR Egger,0.23672202,0.362318386,6.32E-01,1.27E+00,6.23E-01,2.58E+00,8.65E-01,9.15E-01,0.662995418
ED,"Non-cancer illness code, self-reported: diabetes ",Simple mode,-1.071519009,2.220948512,6.32E-01,3.42E-01,4.41E-03,2.66E+01,8.17E-01,8.27E-01,0.459888989
ED,Extraversion,Inverse variance weighted,-0.000990515,0.002070555,6.32E-01,9.99E-01,9.95E-01,1.00E+00,2.10E-01,2.11E-01,0.406035228
DEP,Tea intake ,Inverse variance weighted,0.028806903,0.060234469,6.32E-01,1.03E+00,9.15E-01,1.16E+00,1.11E-01,1.27E-01,0.630058391
ANX,"Non-cancer illness code, self-reported: psoriasis ",Simple mode,3.840798413,7.888119838,6.33E-01,4.66E+01,8.99E-06,2.41E+08,9.52E-01,9.05E-01,0.168371825
ED,Ever taken cannabis ,Simple mode,-0.021217096,0.04001453,6.33E-01,9.79E-01,9.05E-01,1.06E+00,5.95E-01,7.18E-01,0.945702243
OCD,Congenital cytomegalovirus infection,Weighted median,-0.144888232,0.303803093,6.33E-01,8.65E-01,4.77E-01,1.57E+00,8.28E-01,8.99E-01,0.740545056
BP,Sleeplessness / insomnia ,Simple mode,0.250868023,0.522437665,6.34E-01,1.29E+00,4.62E-01,3.58E+00,4.11E-01,4.31E-01,0.461291419
ANX,smoking initiation ,MR Egger,0.327934563,0.686094675,6.34E-01,1.39E+00,3.62E-01,5.33E+00,4.01E-01,4.31E-01,0.98282675
OCD,College completion ,Weighted median,0.148490613,0.311894684,6.34E-01,1.16E+00,6.30E-01,2.14E+00,6.04E-01,8.71E-01,0.943669546
OCD,Current employment status: Unemployed,Weighted median,0.717103075,1.507738378,6.34E-01,2.05E+00,1.07E-01,3.93E+01,1.18E-03,1.22E-03,0.485133606
ED,Type 2 diabetes ,MR Egger,0.026154792,0.054862124,6.35E-01,1.03E+00,9.22E-01,1.14E+00,1.63E-01,1.80E-01,0.96794149
PTSD,Heart rate ,Simple mode,-0.01068843,0.022025962,6.35E-01,9.89E-01,9.48E-01,1.03E+00,1.20E-06,6.19E-07,0.36460977
BP,Gestational diabetes (for exclusion) ,Simple mode,-0.016453575,0.032078703,6.35E-01,9.84E-01,9.24E-01,1.05E+00,4.16E-01,2.85E-01,0.236593224
OCD,Primary biliary cirrhosis ,Weighted median,-0.015848422,0.033411826,6.35E-01,9.84E-01,9.22E-01,1.05E+00,7.11E-03,9.34E-03,0.653885458
BP,Mumps,Inverse variance weighted,0.000678781,0.001431023,6.35E-01,1.00E+00,9.98E-01,1.00E+00,2.24E-01,2.26E-01,0.379057929
ALZ,Caffeine,MR Egger,-0.314940819,0.663942618,6.35E-01,7.30E-01,1.99E-01,2.68E+00,3.94E-01,4.59E-01,0.906984231
ANX,College completion ,Weighted median,-0.162009738,0.341964689,6.36E-01,8.50E-01,4.35E-01,1.66E+00,6.37E-01,7.26E-01,0.634476409
ANX,"Illness, injury, bereavement, stress in last 2 years: Financial difficulties ",MR Egger,-9.02174028,18.22944832,6.36E-01,1.21E-04,3.67E-20,3.97E+11,6.13E-01,6.55E-01,0.48418943
ANX,"Illness, injury, bereavement, stress in last 2 years: Financial difficulties ",MR Egger,-9.02174028,18.22944832,6.36E-01,1.21E-04,3.67E-20,3.97E+11,6.13E-01,6.55E-01,0.48418943
BP,Intelligence ,Weighted median,-0.035614016,0.075214045,6.36E-01,9.65E-01,8.33E-01,1.12E+00,4.32E-01,4.45E-01,0.508952987
OCD,Intelligence ,Weighted mode,-0.237336901,0.50029244,6.36E-01,7.89E-01,2.96E-01,2.10E+00,1.44E-11,1.54E-11,0.454530892
ALZ,Neuroticism score ,Simple mode,0.04246234,0.089654096,6.37E-01,1.04E+00,8.75E-01,1.24E+00,2.23E-09,1.77E-09,0.286766747
PTSD,Tea intake ,Inverse variance weighted,0.076725242,0.16249079,6.37E-01,1.08E+00,7.85E-01,1.48E+00,3.34E-05,3.53E-05,0.452765438
BP,Mineral and other dietary supplements: Zinc ,MR Egger,4.813136728,7.507404248,6.37E-01,1.23E+02,5.01E-05,3.03E+08,8.67E-01,9.76E-01,0.910201837
ASD,"Non-cancer illness code, self-reported: diabetes ",Inverse variance weighted,0.261773127,0.55532132,6.37E-01,1.30E+00,4.38E-01,3.86E+00,1.15E-01,1.31E-01,0.739258283
ASD,smoking initiation ,Inverse variance weighted,0.038940044,0.082611769,6.37E-01,1.04E+00,8.84E-01,1.22E+00,4.01E-01,4.31E-01,0.98282675
BP,"Non-cancer illness code, self-reported: diabetes ",Weighted median,-0.340543287,0.723270945,6.38E-01,7.11E-01,1.72E-01,2.94E+00,1.15E-01,1.31E-01,0.739258283
ADHD,Alzheimer's disease or family history of Alzheimer's disease ,Weighted median,0.011202242,0.02382374,6.38E-01,1.01E+00,9.65E-01,1.06E+00,8.07E-01,8.39E-01,0.801720621
OCD,Primary biliary cirrhosis ,Weighted mode,-0.026940558,0.056350947,6.38E-01,9.73E-01,8.72E-01,1.09E+00,7.11E-03,9.34E-03,0.653885458
PTSD,"Diagnoses - main ICD10: J45.9 Asthma, unspecified ",Inverse variance weighted,4.987694536,10.62843815,6.39E-01,1.47E+02,1.32E-07,1.63E+11,1.22E-03,2.50E-03,0.790492349
PTSD,Age at first birth ,Weighted mode,-0.050708932,0.107680723,6.40E-01,9.51E-01,7.70E-01,1.17E+00,3.09E-13,1.34E-13,0.278809734
ALZ,Sleeplessness / insomnia ,MR Egger,0.283783917,0.601417371,6.40E-01,1.33E+00,4.09E-01,4.32E+00,1.89E-01,2.16E-01,0.708408987
ADHD,Extraversion,MR Egger,-0.001260732,0.002694289,6.40E-01,9.99E-01,9.93E-01,1.00E+00,3.79E-20,3.65E-20,0.300348565
ANX,Viral infection,Weighted median,-2.368249372,5.062924452,6.40E-01,9.36E-02,4.59E-06,1.91E+03,3.36E-23,4.02E-23,0.999304449
ANX,smoking initiation ,Weighted mode,0.188995058,0.402619494,6.40E-01,1.21E+00,5.49E-01,2.66E+00,4.01E-01,4.31E-01,0.98282675
ED,Current employment status: Retired,MR Egger,0.15073709,0.324120571,6.42E-01,1.16E+00,6.16E-01,2.19E+00,1.57E-01,1.63E-01,0.964580618
ANX,Intelligence ,Weighted mode,-0.182008132,0.393941612,6.45E-01,8.34E-01,3.85E-01,1.80E+00,4.32E-01,4.45E-01,0.508952987
ALZ,Mumps,Weighted median,-0.001077006,0.002336773,6.45E-01,9.99E-01,9.94E-01,1.00E+00,3.94E-01,4.59E-01,0.145831678
ASD,Maternal smoking around birth ,Inverse variance weighted,0.397278937,0.862642955,6.45E-01,1.49E+00,2.74E-01,8.07E+00,6.71E-02,9.29E-02,0.956658032
ASD,Maternal smoking around birth ,Inverse variance weighted,0.397278937,0.862642955,6.45E-01,1.49E+00,2.74E-01,8.07E+00,6.71E-02,9.29E-02,0.956658032
OCD,"Illness, injury, bereavement, stress in last 2 years: Death of a spouse or partner",Inverse variance weighted,0.479405548,1.041217558,6.45E-01,1.62E+00,2.10E-01,1.24E+01,1.16E-08,1.08E-08,0.194371799
ALZ,"Non-cancer illness code, self-reported: psoriasis ",MR Egger,-2.079716906,4.41612345,6.45E-01,1.25E-01,2.18E-05,7.18E+02,4.06E-01,3.97E-01,0.307881094
ADHD,Viral infection,Weighted median,0.761502185,1.656674684,6.46E-01,2.14E+00,8.33E-02,5.51E+01,3.36E-23,4.02E-23,0.999304449
OCD,"Non-cancer illness code, self-reported: diabetes ",Weighted median,0.899157983,1.958790209,6.46E-01,2.46E+00,5.29E-02,1.14E+02,8.17E-01,8.27E-01,0.459888989
ED,Type 2 diabetes ,Simple mode,-0.034912461,0.075978056,6.47E-01,9.66E-01,8.32E-01,1.12E+00,1.63E-01,1.80E-01,0.96794149
ASD,Congenital cytomegalovirus infection,Weighted median,0.100025485,0.218351285,6.47E-01,1.11E+00,7.20E-01,1.70E+00,2.33E-01,2.66E-01,0.523192313
BP,Nitrogen dioxide air pollution; 2010 ,Simple mode,0.410081651,0.858884482,6.48E-01,1.51E+00,2.80E-01,8.11E+00,6.78E-03,5.57E-03,0.439793617
ED,Fresh fruit intake ,MR Egger,-0.583683219,1.271297086,6.48E-01,5.58E-01,4.62E-02,6.74E+00,8.33E-09,1.14E-08,0.641094878
PTSD,"Non-cancer illness code, self-reported: diabetes ",Weighted mode,-0.503299722,1.102784977,6.50E-01,6.05E-01,6.96E-02,5.25E+00,4.96E-12,7.92E-12,0.810494062
ASD,Type 2 diabetes ,Weighted mode,-0.017973426,0.03955794,6.50E-01,9.82E-01,9.09E-01,1.06E+00,6.07E-02,6.65E-02,0.613324742
DEP,Rubella vaccination,Inverse variance weighted,-0.000295291,0.000652055,6.51E-01,1.00E+00,9.98E-01,1.00E+00,5.09E-01,5.12E-01,0.390441143
ALZ,Age-related hearing impairment (MTAG) ,Inverse variance weighted,-0.058761613,0.130160894,6.52E-01,9.43E-01,7.31E-01,1.22E+00,6.32E-01,6.63E-01,0.546827286
SCZ,Mineral and other dietary supplements: Zinc ,MR Egger,3.668352093,6.038038411,6.52E-01,3.92E+01,2.84E-04,5.41E+06,2.58E-01,5.17E-01,0.886047001
ASD,Mineral and other dietary supplements: Zinc ,Simple mode,2.878354969,5.499552818,6.53E-01,1.78E+01,3.70E-04,8.54E+05,8.67E-01,9.76E-01,0.910201837
ALZ,Congenital cytomegalovirus infection,Weighted median,0.043998543,0.098584475,6.55E-01,1.04E+00,8.61E-01,1.27E+00,3.94E-01,4.59E-01,0.845263594
ASD,Type 2 diabetes ,Simple mode,-0.030925265,0.069193929,6.56E-01,9.70E-01,8.47E-01,1.11E+00,6.07E-02,6.65E-02,0.613324742
ASD,Mineral and other dietary supplements: Zinc ,Weighted mode,2.878354969,5.565397139,6.57E-01,1.78E+01,3.26E-04,9.71E+05,8.67E-01,9.76E-01,0.910201837
OCD,Unspecified maternal hypertension,Weighted median,-0.001843927,0.004157951,6.57E-01,9.98E-01,9.90E-01,1.01E+00,2.71E-01,2.72E-01,0.371759617
BP,Chickenpox,Weighted median,0.506512068,1.143153583,6.58E-01,1.66E+00,1.77E-01,1.56E+01,4.33E-01,4.39E-01,0.869913031
PTSD,"Non-cancer illness code, self-reported: diabetes ",MR Egger,-0.658459279,1.479446208,6.58E-01,5.18E-01,2.85E-02,9.41E+00,4.96E-12,7.92E-12,0.810494062
ALZ,Primary sclerosing cholangitis ,Inverse variance weighted,-0.013181848,0.029895957,6.59E-01,9.87E-01,9.31E-01,1.05E+00,1.12E-06,2.74E-07,0.292191565
OCD,Diabetes mellitus ,Weighted median,0.04116207,0.093392542,6.59E-01,1.04E+00,8.68E-01,1.25E+00,5.60E-01,5.56E-01,0.300889221
SCZ,"Diagnoses - secondary ICD10: E03.9 Hypothyroidism, unspecified ",MR Egger,-1.046780247,2.354452091,6.59E-01,3.51E-01,3.48E-03,3.54E+01,3.33E-07,3.55E-07,0.477148258
ADHD,Age-related hearing impairment (MTAG) ,MR Egger,-0.479619577,1.080536922,6.61E-01,6.19E-01,7.45E-02,5.15E+00,7.12E-03,9.58E-03,0.709368425
ALZ,Age-related hearing impairment (MTAG) ,Weighted median,-0.083224296,0.190163772,6.62E-01,9.20E-01,6.34E-01,1.34E+00,6.32E-01,6.63E-01,0.546827286
ADHD,Chickenpox,Inverse variance weighted,0.404521143,0.924593786,6.62E-01,1.50E+00,2.45E-01,9.18E+00,7.34E-27,8.28E-27,0.600212941
ASD,Diagnoses - main ICD10: I25.1 Atherosclerotic heart disease ,MR Egger,1.508553842,3.408837741,6.62E-01,4.52E+00,5.67E-03,3.60E+03,8.84E-01,8.85E-01,0.371424741
DEP,Intelligence ,MR Egger,0.070549034,0.161185373,6.62E-01,1.07E+00,7.82E-01,1.47E+00,1.44E-11,1.54E-11,0.454530892
OCD,College completion ,Simple mode,0.214697121,0.424729305,6.63E-01,1.24E+00,5.39E-01,2.85E+00,6.04E-01,8.71E-01,0.943669546
OCD,Age at first birth ,Weighted mode,0.084695085,0.193575013,6.64E-01,1.09E+00,7.45E-01,1.59E+00,3.41E-04,1.34E-04,0.098355856
ANX,Serum 25-Hydroxyvitamin D levels ,Simple mode,-0.206429061,0.473199811,6.64E-01,8.13E-01,3.22E-01,2.06E+00,1.06E-01,1.16E-01,0.636334511
ALZ,Sleeplessness / insomnia ,Weighted median,0.102718561,0.236475361,6.64E-01,1.11E+00,6.97E-01,1.76E+00,1.89E-01,2.16E-01,0.708408987
ADHD,Diagnoses - secondary ICD10: I10 Essential (primary) hypertension ,Simple mode,-0.393433265,0.906627683,6.66E-01,6.75E-01,1.14E-01,3.99E+00,3.69E-05,1.64E-05,0.122165029
ED,Body mass index (BMI) ,Weighted mode,0.066213393,0.154326379,6.68E-01,1.07E+00,7.90E-01,1.45E+00,2.57E-14,3.16E-14,0.736769716
ASD,Type 1 diabetes ,MR Egger,-0.004772847,0.011043719,6.68E-01,9.95E-01,9.74E-01,1.02E+00,8.90E-01,9.15E-01,0.917708647
ADHD,Age-related hearing impairment (MTAG) ,Inverse variance weighted,-0.077640936,0.181147117,6.68E-01,9.25E-01,6.49E-01,1.32E+00,7.12E-03,9.58E-03,0.709368425
DEP,Birth weight ,Weighted median,-0.013967671,0.032609877,6.68E-01,9.86E-01,9.25E-01,1.05E+00,1.16E-01,1.27E-01,0.831139804
ANX,Heart rate ,MR Egger,-0.034608315,0.079019303,6.69E-01,9.66E-01,8.27E-01,1.13E+00,2.36E-01,2.98E-01,0.944759356
ADHD,Gestational diabetes (for exclusion) ,Simple mode,-0.018806698,0.039862738,6.69E-01,9.81E-01,9.08E-01,1.06E+00,6.28E-01,7.17E-01,0.582055872
ANX,Chickenpox,MR Egger,-2.279766642,5.34139426,6.70E-01,1.02E-01,2.91E-06,3.60E+03,7.34E-27,8.28E-27,0.600212941
ALZ,College completion ,Weighted mode,-0.080841356,0.163938602,6.71E-01,9.22E-01,6.69E-01,1.27E+00,3.94E-01,4.59E-01,0.350028286
SCZ,Congenital cytomegalovirus infection,Weighted mode,-0.040919475,0.094670939,6.72E-01,9.60E-01,7.97E-01,1.16E+00,8.28E-01,8.99E-01,0.740545056
ANX,Primary sclerosing cholangitis ,Weighted median,-0.021844816,0.051670806,6.72E-01,9.78E-01,8.84E-01,1.08E+00,3.17E-01,3.92E-01,0.843794435
ALZ,Trauma exposure ,Inverse variance weighted,-0.026013569,0.061543943,6.73E-01,9.74E-01,8.64E-01,1.10E+00,6.30E-01,5.90E-01,0.375452224
ALZ,Trauma exposure ,Weighted mode,-0.042011789,0.092384472,6.73E-01,9.59E-01,8.00E-01,1.15E+00,6.30E-01,5.90E-01,0.375452224
PTSD,Tea intake ,Simple mode,-0.192456231,0.453177124,6.73E-01,8.25E-01,3.39E-01,2.01E+00,3.34E-05,3.53E-05,0.452765438
SCZ,Type 2 diabetes ,Weighted mode,-0.010925878,0.025887682,6.74E-01,9.89E-01,9.40E-01,1.04E+00,1.58E-15,2.37E-15,0.803993711
ADHD,"Diagnoses - secondary ICD10: E03.9 Hypothyroidism, unspecified ",Inverse variance weighted,-0.342479177,0.814412659,6.74E-01,7.10E-01,1.44E-01,3.50E+00,1.75E-02,1.68E-02,0.349102587
ANX,College completion ,Simple mode,-0.255669197,0.524650141,6.74E-01,7.74E-01,2.77E-01,2.17E+00,6.37E-01,7.26E-01,0.634476409
DEP,"Non-cancer illness code, self-reported: diabetes ",Simple mode,0.293566304,0.695040882,6.74E-01,1.34E+00,3.43E-01,5.24E+00,8.17E-01,8.27E-01,0.459888989
SCZ,Extraversion,MR Egger,-0.001129488,0.002698184,6.76E-01,9.99E-01,9.94E-01,1.00E+00,6.71E-04,6.86E-04,0.443857218
DEP,Diagnoses - main ICD10: I25.1 Atherosclerotic heart disease ,Weighted median,0.196206395,0.46940541,6.76E-01,1.22E+00,4.85E-01,3.05E+00,7.34E-03,8.56E-03,0.527309938
SCZ,Diagnoses - main ICD10: I25.1 Atherosclerotic heart disease ,Simple mode,0.693324704,1.644895467,6.77E-01,2.00E+00,7.96E-02,5.03E+01,2.15E-03,1.93E-03,0.354157699
ADHD,Iron intake,MR Egger,0.809449065,1.941379157,6.77E-01,2.25E+00,5.00E-02,1.01E+02,4.16E-26,3.96E-26,0.299589161
OCD,Caffeine,Inverse variance weighted,-0.349007685,0.837493311,6.77E-01,7.05E-01,1.37E-01,3.64E+00,3.31E-07,3.44E-07,0.479720895
PTSD,Gestational diabetes (for exclusion) ,Weighted median,0.016097547,0.038632462,6.77E-01,1.02E+00,9.42E-01,1.10E+00,4.04E-01,3.28E-02,0.070558576
ASD,Congenital cytomegalovirus infection,Weighted mode,0.099929088,0.226907795,6.78E-01,1.11E+00,7.08E-01,1.72E+00,2.33E-01,2.66E-01,0.523192313
SCZ,Iron intake,MR Egger,0.801361871,1.930454845,6.78E-01,2.23E+00,5.07E-02,9.80E+01,6.04E-08,4.96E-08,0.089450444
SCZ,Serum 25-Hydroxyvitamin D levels ,Weighted median,0.026244322,0.063265047,6.78E-01,1.03E+00,9.07E-01,1.16E+00,6.95E-10,1.00E-09,0.905174633
SCZ,Rubella vaccination,MR Egger,-0.001064516,0.002575326,6.79E-01,9.99E-01,9.94E-01,1.00E+00,1.70E-02,1.73E-02,0.444404848
ALZ,Ever taken cannabis ,Weighted median,0.00899721,0.021770398,6.79E-01,1.01E+00,9.67E-01,1.05E+00,8.31E-01,9.00E-01,0.932388195
ADHD,Rubella vaccination,Weighted median,0.001188333,0.002878426,6.80E-01,1.00E+00,9.96E-01,1.01E+00,3.15E-10,3.11E-10,0.317387409
PTSD,Diabetes mellitus ,Weighted median,-0.015020017,0.036449888,6.80E-01,9.85E-01,9.17E-01,1.06E+00,1.22E-02,1.56E-02,0.98389506
ALZ,Primary biliary cirrhosis ,Simple mode,-0.010058903,0.024039919,6.81E-01,9.90E-01,9.44E-01,1.04E+00,1.48E-01,1.32E-01,0.279804801
ALZ,Caffeine,Weighted median,-0.181428938,0.442379626,6.82E-01,8.34E-01,3.50E-01,1.99E+00,3.94E-01,4.59E-01,0.906984231
SCZ,Unspecified maternal hypertension,Weighted median,-0.00053401,0.001303511,6.82E-01,9.99E-01,9.97E-01,1.00E+00,2.71E-01,2.72E-01,0.371759617
ALZ,Mumps,Inverse variance weighted,0.000568601,0.001388043,6.82E-01,1.00E+00,9.98E-01,1.00E+00,3.94E-01,4.59E-01,0.145831678
ADHD,Gestational diabetes (for exclusion) ,Simple mode,-0.018806698,0.041675112,6.82E-01,9.81E-01,9.04E-01,1.06E+00,6.28E-01,7.17E-01,0.582055872
BP,Nitrogen dioxide air pollution; 2010 ,Inverse variance weighted,-0.19389435,0.474278117,6.83E-01,8.24E-01,3.25E-01,2.09E+00,6.78E-03,5.57E-03,0.439793617
OCD,Viral infection,Weighted median,-2.018538193,4.961222035,6.84E-01,1.33E-01,7.95E-06,2.22E+03,4.70E-07,5.05E-07,0.656918281
PTSD,Gestational diabetes (for exclusion) ,Weighted median,0.016097547,0.039572523,6.84E-01,1.02E+00,9.40E-01,1.10E+00,4.04E-01,3.28E-02,0.070558576
PTSD,Birth weight ,Simple mode,0.101359349,0.248993732,6.85E-01,1.11E+00,6.79E-01,1.80E+00,2.92E-10,4.08E-10,0.920003688
ANX,Behauvioural and emotional disorders with onset usually occuring in childhood and adolescence,Weighted median,-0.010726051,0.026490377,6.86E-01,9.89E-01,9.39E-01,1.04E+00,5.57E-09,1.67E-09,0.000624709
SCZ,Age at first birth ,Simple mode,0.03547431,0.087088398,6.86E-01,1.04E+00,8.74E-01,1.23E+00,3.09E-13,1.34E-13,0.278809734
ALZ,Rubella vaccination,Inverse variance weighted,0.000617655,0.001530734,6.87E-01,1.00E+00,9.98E-01,1.00E+00,3.94E-01,4.59E-01,0.991281933
PTSD,"Illness, injury, bereavement, stress in last 2 years: Financial difficulties ",MR Egger,-2.14515923,5.101909655,6.87E-01,1.17E-01,5.32E-06,2.58E+03,5.73E-01,1.51E-01,0.040689839
PTSD,"Illness, injury, bereavement, stress in last 2 years: Financial difficulties ",MR Egger,-2.14515923,5.101909655,6.87E-01,1.17E-01,5.32E-06,2.58E+03,5.73E-01,1.51E-01,0.040689839
OCD,Rubella vaccination,Weighted median,0.002845117,0.007074253,6.88E-01,1.00E+00,9.89E-01,1.02E+00,1.70E-02,1.73E-02,0.444404848
ADHD,Diabetes mellitus ,MR Egger,-0.016620604,0.041080003,6.88E-01,9.84E-01,9.07E-01,1.07E+00,3.41E-03,3.96E-03,0.548392213
ASD,Primary biliary cirrhosis ,Simple mode,-0.012642493,0.031032945,6.88E-01,9.87E-01,9.29E-01,1.05E+00,1.27E-01,1.49E-01,0.571743678
BP,Trauma exposure ,MR Egger,-0.7867049,1.781678782,6.89E-01,4.55E-01,1.39E-02,1.50E+01,8.43E-01,8.67E-01,0.555428028
SCZ,Birth weight ,Weighted mode,0.071993691,0.179404204,6.89E-01,1.07E+00,7.56E-01,1.53E+00,2.92E-10,4.08E-10,0.920003688
ASD,Rubella vaccination,Inverse variance weighted,-0.000928204,0.002324809,6.90E-01,9.99E-01,9.95E-01,1.00E+00,3.15E-10,3.11E-10,0.317387409
PTSD,"Non-cancer illness code, self-reported: diabetes ",Weighted median,-0.412408011,1.033564043,6.90E-01,6.62E-01,8.73E-02,5.02E+00,4.96E-12,7.92E-12,0.810494062
OCD,Heart rate ,Weighted median,-0.009098947,0.02286139,6.91E-01,9.91E-01,9.48E-01,1.04E+00,6.88E-01,6.94E-01,0.381703376
SCZ,Birth weight ,Weighted median,0.025752446,0.064929855,6.92E-01,1.03E+00,9.03E-01,1.17E+00,2.92E-10,4.08E-10,0.920003688
DEP,Type 1 diabetes ,Simple mode,0.004463024,0.011146614,6.92E-01,1.00E+00,9.83E-01,1.03E+00,9.77E-01,9.82E-01,0.667597956
ASD,Unable to work because of sickness or disability,Weighted median,-0.175601073,0.442836238,6.92E-01,8.39E-01,3.52E-01,2.00E+00,4.62E-43,5.56E-43,0.728913603
BP,Mumps,Weighted median,0.000931681,0.002355534,6.92E-01,1.00E+00,9.96E-01,1.01E+00,2.24E-01,2.26E-01,0.379057929
DEP,Diagnoses - main ICD10: I25.1 Atherosclerotic heart disease ,MR Egger,0.370708736,0.926668155,6.93E-01,1.45E+00,2.36E-01,8.91E+00,7.34E-03,8.56E-03,0.527309938
ALZ,Gestational diabetes (for exclusion) ,Weighted mode,-0.012354724,0.028375162,6.93E-01,9.88E-01,9.34E-01,1.04E+00,2.46E-02,2.43E-02,0.538637902
ANX,Gestational diabetes (for exclusion) ,Weighted median,-0.031000067,0.078589216,6.93E-01,9.69E-01,8.31E-01,1.13E+00,4.16E-01,2.85E-01,0.236593224
DEP,Fresh fruit intake ,Weighted median,-0.056439754,0.143225909,6.94E-01,9.45E-01,7.14E-01,1.25E+00,8.33E-09,1.14E-08,0.641094878
ALZ,Heart rate ,Weighted median,-0.003540303,0.009000207,6.94E-01,9.96E-01,9.79E-01,1.01E+00,2.96E-01,3.66E-01,0.960257877
DEP,"Non-cancer illness code, self-reported: psoriasis ",MR Egger,-0.719133398,1.789586728,6.94E-01,4.87E-01,1.46E-02,1.63E+01,1.37E-02,1.99E-02,0.881156109
ASD,Autoimmune diseases ,Inverse variance weighted,-0.008792237,0.02253182,6.96E-01,9.91E-01,9.48E-01,1.04E+00,9.36E-01,9.11E-01,0.166070761
DEP,Body mass index (BMI) ,MR Egger,0.023533224,0.060541686,6.98E-01,1.02E+00,9.09E-01,1.15E+00,2.57E-14,3.16E-14,0.736769716
ADHD,Fresh fruit intake ,Weighted mode,-0.173332949,0.444024397,6.98E-01,8.41E-01,3.52E-01,2.01E+00,3.22E-13,5.83E-13,0.955496332
DEP,Allergic rhinitis ,Weighted median,-0.011162303,0.028776766,6.98E-01,9.89E-01,9.35E-01,1.05E+00,6.48E-01,8.73E-01,0.844709241
ANX,Current employment status: Retired,MR Egger,-0.399381815,1.029258697,6.98E-01,6.71E-01,8.92E-02,5.04E+00,6.63E-12,6.82E-12,0.41326421
BP,Primary biliary cirrhosis ,MR Egger,0.01148247,0.029212102,6.98E-01,1.01E+00,9.55E-01,1.07E+00,1.27E-01,1.49E-01,0.571743678
PTSD,Primary biliary cirrhosis ,MR Egger,0.011283021,0.028797488,6.99E-01,1.01E+00,9.56E-01,1.07E+00,4.61E-05,7.85E-05,0.924368959
ED,Trauma exposure ,Simple mode,-0.089186613,0.210003064,7.00E-01,9.15E-01,6.06E-01,1.38E+00,7.16E-01,7.78E-01,0.565530554
ALZ,Sleeplessness / insomnia ,Inverse variance weighted,0.067099587,0.174517686,7.01E-01,1.07E+00,7.60E-01,1.51E+00,1.89E-01,2.16E-01,0.708408987
ANX,Gestational diabetes (for exclusion) ,Weighted median,-0.031000067,0.08066323,7.01E-01,9.69E-01,8.28E-01,1.14E+00,4.16E-01,2.85E-01,0.236593224
ED,Heart rate ,Simple mode,-0.008112508,0.020687634,7.01E-01,9.92E-01,9.53E-01,1.03E+00,6.88E-01,6.94E-01,0.381703376
OCD,Autoimmune diseases ,Weighted mode,-0.049326793,0.127393592,7.01E-01,9.52E-01,7.42E-01,1.22E+00,3.84E-01,4.13E-01,0.598546243
PTSD,Gestational diabetes (for exclusion) ,Weighted mode,0.017174685,0.041677388,7.01E-01,1.02E+00,9.38E-01,1.10E+00,4.04E-01,3.28E-02,0.070558576
BP,Rubella vaccination,Weighted median,-0.000898693,0.002347082,7.02E-01,9.99E-01,9.95E-01,1.00E+00,5.09E-01,5.12E-01,0.390441143
ADHD,Nitrogen dioxide air pollution; 2010 ,Weighted median,-0.151079479,0.396327522,7.03E-01,8.60E-01,3.95E-01,1.87E+00,1.11E-02,7.92E-03,0.374272917
ALZ,Living alone,Inverse variance weighted,0.209628113,0.550908789,7.04E-01,1.23E+00,4.19E-01,3.63E+00,3.94E-01,4.59E-01,0.408728167
ED,Trauma exposure ,MR Egger,-1.000681818,2.286801398,7.04E-01,3.68E-01,4.16E-03,3.25E+01,7.16E-01,7.78E-01,0.565530554
ASD,College completion ,Inverse variance weighted,0.049939155,0.131642487,7.04E-01,1.05E+00,8.12E-01,1.36E+00,2.99E-02,5.22E-02,0.703106532
BP,Primary biliary cirrhosis ,Weighted mode,-0.006136146,0.01602118,7.06E-01,9.94E-01,9.63E-01,1.03E+00,1.27E-01,1.49E-01,0.571743678
PTSD,Mineral and other dietary supplements: Zinc ,Inverse variance weighted,-2.873101332,7.625767947,7.06E-01,5.65E-02,1.82E-08,1.75E+05,2.58E-01,5.17E-01,0.886047001
DEP,Rubella vaccination,Weighted median,0.000367965,0.000978013,7.07E-01,1.00E+00,9.98E-01,1.00E+00,5.09E-01,5.12E-01,0.390441143
ALZ,Extraversion,Inverse variance weighted,0.000459394,0.001222619,7.07E-01,1.00E+00,9.98E-01,1.00E+00,3.94E-01,4.59E-01,0.582683346
ED,Rubella vaccination,Weighted median,0.001788583,0.004771077,7.08E-01,1.00E+00,9.92E-01,1.01E+00,5.09E-01,5.12E-01,0.390441143
SCZ,"Illness, injury, bereavement, stress in last 2 years: Financial difficulties ",Inverse variance weighted,0.524859832,1.400324777,7.08E-01,1.69E+00,1.09E-01,2.63E+01,5.73E-01,1.51E-01,0.040689839
SCZ,"Illness, injury, bereavement, stress in last 2 years: Financial difficulties ",Inverse variance weighted,0.524859832,1.400324777,7.08E-01,1.69E+00,1.09E-01,2.63E+01,5.73E-01,1.51E-01,0.040689839
ALZ,Autoimmune diseases ,Inverse variance weighted,0.010229729,0.027299408,7.08E-01,1.01E+00,9.58E-01,1.07E+00,1.10E-02,1.18E-02,0.443144672
PTSD,Serum 25-Hydroxyvitamin D levels ,Simple mode,0.080585568,0.21473272,7.08E-01,1.08E+00,7.12E-01,1.65E+00,6.95E-10,1.00E-09,0.905174633
DEP,"Non-cancer illness code, self-reported: psoriasis ",Weighted median,-0.348860244,0.933045374,7.08E-01,7.05E-01,1.13E-01,4.39E+00,1.37E-02,1.99E-02,0.881156109
ALZ,Trauma exposure ,Weighted median,-0.028268289,0.076070843,7.10E-01,9.72E-01,8.37E-01,1.13E+00,6.30E-01,5.90E-01,0.375452224
DEP,Type 2 diabetes ,Simple mode,0.010983496,0.029504727,7.10E-01,1.01E+00,9.54E-01,1.07E+00,1.63E-01,1.80E-01,0.96794149
ASD,Congenital cytomegalovirus infection,Inverse variance weighted,0.055736063,0.150169086,7.11E-01,1.06E+00,7.88E-01,1.42E+00,2.33E-01,2.66E-01,0.523192313
ED,College completion ,Simple mode,0.092744819,0.217543512,7.11E-01,1.10E+00,7.16E-01,1.68E+00,6.04E-01,8.71E-01,0.943669546
ASD,Gestational diabetes (for exclusion) ,Weighted median,-0.013286063,0.035965001,7.12E-01,9.87E-01,9.20E-01,1.06E+00,4.16E-01,2.85E-01,0.236593224
DEP,College completion ,Weighted mode,-0.02735669,0.0642979,7.12E-01,9.73E-01,8.58E-01,1.10E+00,2.99E-02,5.22E-02,0.703106532
OCD,Congenital cytomegalovirus infection,Simple mode,-0.112739886,0.297766593,7.12E-01,8.93E-01,4.98E-01,1.60E+00,8.28E-01,8.99E-01,0.740545056
ALZ,Rubella vaccination,Weighted median,0.000940539,0.002552453,7.13E-01,1.00E+00,9.96E-01,1.01E+00,3.94E-01,4.59E-01,0.991281933
OCD,"Diagnoses - secondary ICD10: E03.9 Hypothyroidism, unspecified ",Simple mode,1.861144124,5.006017789,7.13E-01,6.43E+00,3.52E-04,1.17E+05,1.50E-01,1.78E-01,0.835795114
ALZ,Type 2 diabetes ,Weighted median,0.010775604,0.029332485,7.13E-01,1.01E+00,9.54E-01,1.07E+00,1.68E-03,2.05E-03,0.941907728
ED,Behauvioural and emotional disorders with onset usually occuring in childhood and adolescence,Weighted median,0.003750489,0.010214825,7.13E-01,1.00E+00,9.84E-01,1.02E+00,2.99E-01,3.02E-01,0.414593205
ADHD,College completion ,MR Egger,0.472446595,0.980928953,7.14E-01,1.60E+00,2.35E-01,1.10E+01,6.37E-01,7.26E-01,0.634476409
DEP,Nitrogen dioxide air pollution; 2010 ,Weighted median,-0.076864951,0.210203601,7.15E-01,9.26E-01,6.13E-01,1.40E+00,1.60E-01,1.05E-01,0.241107647
SCZ,Iron intake,Inverse variance weighted,0.301064679,0.826682336,7.16E-01,1.35E+00,2.67E-01,6.83E+00,6.04E-08,4.96E-08,0.089450444
DEP,Rubella vaccination,MR Egger,0.000378099,0.001041701,7.17E-01,1.00E+00,9.98E-01,1.00E+00,5.09E-01,5.12E-01,0.390441143
OCD,Ever taken cannabis ,MR Egger,0.421152774,1.012008394,7.18E-01,1.52E+00,2.10E-01,1.11E+01,5.95E-01,7.18E-01,0.945702243
ADHD,Diabetes mellitus ,Weighted median,-0.008756375,0.024233863,7.18E-01,9.91E-01,9.45E-01,1.04E+00,3.41E-03,3.96E-03,0.548392213
PTSD,Type 2 diabetes ,Simple mode,0.027276936,0.075347952,7.18E-01,1.03E+00,8.87E-01,1.19E+00,1.58E-15,2.37E-15,0.803993711
OCD,"Non-cancer illness code, self-reported: psoriasis ",MR Egger,-7.462093334,20.25202088,7.19E-01,5.74E-04,3.31E-21,9.96E+13,1.37E-02,1.99E-02,0.881156109
ED,smoking initiation ,Weighted median,-0.043492138,0.120904942,7.19E-01,9.57E-01,7.55E-01,1.21E+00,8.00E-04,7.40E-04,0.310689123
ANX,Primary biliary cirrhosis ,MR Egger,0.050815282,0.138961399,7.19E-01,1.05E+00,8.01E-01,1.38E+00,1.27E-01,1.49E-01,0.571743678
ADHD,Ever taken cannabis ,Weighted median,-0.007533904,0.020964397,7.19E-01,9.92E-01,9.53E-01,1.03E+00,1.40E-01,1.91E-01,0.620876264
ALZ,"Non-cancer illness code, self-reported: diabetes ",Simple mode,-0.537539968,1.491578954,7.20E-01,5.84E-01,3.14E-02,1.09E+01,3.07E-05,3.74E-05,0.583597277
ANX,Autoimmune diseases ,Inverse variance weighted,0.022748073,0.063481692,7.20E-01,1.02E+00,9.03E-01,1.16E+00,9.36E-01,9.11E-01,0.166070761
ANX,Intelligence ,Simple mode,-0.182008132,0.507644289,7.20E-01,8.34E-01,3.08E-01,2.25E+00,4.32E-01,4.45E-01,0.508952987
BP,Type 2 diabetes ,Weighted median,-0.009814085,0.027436693,7.21E-01,9.90E-01,9.38E-01,1.04E+00,6.07E-02,6.65E-02,0.613324742
PTSD,Gestational diabetes (for exclusion) ,Weighted mode,0.017174685,0.044759917,7.21E-01,1.02E+00,9.32E-01,1.11E+00,4.04E-01,3.28E-02,0.070558576
ADHD,"Non-cancer illness code, self-reported: psoriasis ",Inverse variance weighted,0.296018368,0.829803595,7.21E-01,1.34E+00,2.64E-01,6.84E+00,6.04E-02,6.70E-02,0.473949627
ANX,Gestational diabetes (for exclusion) ,Inverse variance weighted,-0.027704464,0.077753346,7.22E-01,9.73E-01,8.35E-01,1.13E+00,4.16E-01,2.85E-01,0.236593224
ANX,Gestational diabetes (for exclusion) ,Inverse variance weighted,-0.027704464,0.077753346,7.22E-01,9.73E-01,8.35E-01,1.13E+00,4.16E-01,2.85E-01,0.236593224
OCD,Viral infection,Inverse variance weighted,-1.250344601,3.515034222,7.22E-01,2.86E-01,2.92E-04,2.81E+02,4.70E-07,5.05E-07,0.656918281
BP,Diabetes mellitus ,MR Egger,-0.013581788,0.038017365,7.22E-01,9.87E-01,9.16E-01,1.06E+00,2.98E-01,2.88E-01,0.274908982
ASD,Diagnoses - main ICD10: I25.1 Atherosclerotic heart disease ,Inverse variance weighted,-0.487359876,1.372313919,7.22E-01,6.14E-01,4.17E-02,9.05E+00,8.84E-01,8.85E-01,0.371424741
OCD,"Non-cancer illness code, self-reported: diabetes ",Inverse variance weighted,0.408469336,1.152195091,7.23E-01,1.50E+00,1.57E-01,1.44E+01,8.17E-01,8.27E-01,0.459888989
SCZ,Chickenpox,MR Egger,0.783776364,2.214031665,7.23E-01,2.19E+00,2.86E-02,1.68E+02,9.62E-05,9.84E-05,0.428201041
ASD,Gestational diabetes (for exclusion) ,Weighted median,-0.013286063,0.037613428,7.24E-01,9.87E-01,9.17E-01,1.06E+00,4.16E-01,2.85E-01,0.236593224
ANX,Birth weight ,Weighted mode,-0.145961363,0.412721456,7.24E-01,8.64E-01,3.85E-01,1.94E+00,3.36E-01,3.10E-01,0.144352315
OCD,Mineral and other dietary supplements: Zinc ,MR Egger,-10.48815137,22.72574545,7.25E-01,2.79E-05,1.26E-24,6.16E+14,3.91E-02,8.97E-02,0.77722608
OCD,"Non-cancer illness code, self-reported: diabetes ",Weighted mode,0.746840842,2.110912781,7.25E-01,2.11E+00,3.37E-02,1.32E+02,8.17E-01,8.27E-01,0.459888989
ANX,College completion ,MR Egger,2.765883644,6.009628921,7.25E-01,1.59E+01,1.22E-04,2.07E+06,6.37E-01,7.26E-01,0.634476409
DEP,Allergic rhinitis ,Inverse variance weighted,-0.008519061,0.024254347,7.25E-01,9.92E-01,9.45E-01,1.04E+00,6.48E-01,8.73E-01,0.844709241
ALZ,"Non-cancer illness code, self-reported: diabetes ",Weighted median,0.257593133,0.736524163,7.27E-01,1.29E+00,3.05E-01,5.48E+00,3.07E-05,3.74E-05,0.583597277
OCD,Sleeplessness / insomnia ,Inverse variance weighted,-0.180895225,0.518246802,7.27E-01,8.35E-01,3.02E-01,2.30E+00,1.65E-10,2.97E-10,0.924188828
SCZ,Maternal smoking around birth ,Weighted mode,-0.218162672,0.614408081,7.27E-01,8.04E-01,2.41E-01,2.68E+00,5.93E-10,1.27E-09,0.833390174
ANX,Chickenpox,Weighted median,1.239641968,3.569616201,7.28E-01,3.45E+00,3.16E-03,3.77E+03,7.34E-27,8.28E-27,0.600212941
SCZ,"Illness, injury, bereavement, stress in last 2 years: Financial difficulties ",Weighted median,0.413473772,1.191076993,7.28E-01,1.51E+00,1.46E-01,1.56E+01,5.73E-01,1.51E-01,0.040689839
ANX,Maternal smoking around birth ,Simple mode,-1.073929054,3.037872033,7.29E-01,3.42E-01,8.87E-04,1.32E+02,6.71E-02,9.29E-02,0.956658032
ALZ,Sleeplessness / insomnia ,Simple mode,0.164709244,0.472976924,7.30E-01,1.18E+00,4.67E-01,2.98E+00,1.89E-01,2.16E-01,0.708408987
ASD,Operative procedures,MR Egger,-0.926194263,2.681529883,7.30E-01,3.96E-01,2.07E-03,7.59E+01,8.10E-36,8.16E-36,0.376680089
ADHD,Maternal smoking around birth ,MR Egger,-1.233972999,3.499427833,7.30E-01,2.91E-01,3.06E-04,2.77E+02,4.56E-04,1.01E-04,0.17534613
ADHD,Maternal smoking around birth ,MR Egger,-1.233972999,3.499427833,7.30E-01,2.91E-01,3.06E-04,2.77E+02,4.56E-04,1.01E-04,0.17534613
OCD,Current employment status: Retired,MR Egger,-0.149326014,0.435384244,7.32E-01,8.61E-01,3.67E-01,2.02E+00,1.19E-02,1.22E-02,0.628714826
OCD,Caffeine,Weighted median,-0.437716957,1.279138499,7.32E-01,6.46E-01,5.26E-02,7.92E+00,3.31E-07,3.44E-07,0.479720895
ANX,Birth weight ,Weighted median,-0.06790099,0.198700447,7.33E-01,9.34E-01,6.33E-01,1.38E+00,3.36E-01,3.10E-01,0.144352315
ADHD,"Illness, injury, bereavement, stress in last 2 years: Financial difficulties ",MR Egger,-4.825092476,13.35291397,7.33E-01,8.03E-03,3.45E-14,1.87E+09,7.31E-04,7.84E-04,0.543584028
ADHD,"Illness, injury, bereavement, stress in last 2 years: Financial difficulties ",MR Egger,-4.825092476,13.35291397,7.33E-01,8.03E-03,3.45E-14,1.87E+09,7.31E-04,7.84E-04,0.543584028
ASD,"Non-cancer illness code, self-reported: diabetes ",Weighted median,-0.308506608,0.905197201,7.33E-01,7.35E-01,1.25E-01,4.33E+00,1.15E-01,1.31E-01,0.739258283
DEP,Type 2 diabetes ,Weighted median,-0.003549286,0.010431055,7.34E-01,9.96E-01,9.76E-01,1.02E+00,1.63E-01,1.80E-01,0.96794149
DEP,Unspecified maternal hypertension,MR Egger,0.000212661,0.000625054,7.34E-01,1.00E+00,9.99E-01,1.00E+00,1.28E-01,1.33E-01,0.809668802
PTSD,Chickenpox,Weighted median,-0.608820891,1.791916125,7.34E-01,5.44E-01,1.62E-02,1.82E+01,9.62E-05,9.84E-05,0.428201041
ANX,Age at first birth ,MR Egger,0.128826386,0.377895592,7.35E-01,1.14E+00,5.42E-01,2.39E+00,2.94E-01,3.06E-01,0.438959952
ALZ,Operative procedures,Weighted median,0.382387247,1.129233542,7.35E-01,1.47E+00,1.60E-01,1.34E+01,3.94E-01,4.59E-01,0.270313021
OCD,"Non-cancer illness code, self-reported: diabetes ",MR Egger,-0.924450319,2.716995152,7.35E-01,3.97E-01,1.93E-03,8.15E+01,8.17E-01,8.27E-01,0.459888989
SCZ,"Diagnoses - secondary ICD10: M06.99 Rheumatoid arthritis, unspecified (Site unspecified) ",MR Egger,33.32138283,75.59108313,7.36E-01,2.96E+14,1.34E-50,6.54E+78,1.49E-01,6.18E-02,0.419052098
SCZ,"Illness, injury, bereavement, stress in last 2 years: Financial difficulties ",Weighted median,0.413473772,1.229617306,7.37E-01,1.51E+00,1.36E-01,1.68E+01,5.73E-01,1.51E-01,0.040689839
ANX,Maternal smoking around birth ,Simple mode,-1.073929054,3.144660959,7.37E-01,3.42E-01,7.19E-04,1.62E+02,6.71E-02,9.29E-02,0.956658032
BP,Alzheimer's disease or family history of Alzheimer's disease ,Weighted mode,0.00756719,0.022424781,7.38E-01,1.01E+00,9.64E-01,1.05E+00,1.20E-02,1.54E-02,0.736557952
SCZ,Maternal smoking around birth ,Weighted mode,-0.218162672,0.640004366,7.38E-01,8.04E-01,2.29E-01,2.82E+00,5.93E-10,1.27E-09,0.833390174
BP,Current employment status: Unemployed,Weighted median,0.165011847,0.495034226,7.39E-01,1.18E+00,4.47E-01,3.11E+00,2.09E-02,2.17E-02,0.852825766
ASD,Type 2 diabetes ,Inverse variance weighted,0.007180616,0.021571101,7.39E-01,1.01E+00,9.66E-01,1.05E+00,6.07E-02,6.65E-02,0.613324742
ALZ,Ever taken cannabis ,Simple mode,0.009755794,0.028305358,7.40E-01,1.01E+00,9.55E-01,1.07E+00,8.31E-01,9.00E-01,0.932388195
ASD,Sleeplessness / insomnia ,Simple mode,-0.349033316,1.046107396,7.40E-01,7.05E-01,9.08E-02,5.48E+00,4.11E-01,4.31E-01,0.461291419
ADHD,"Non-cancer illness code, self-reported: diabetes ",Weighted median,0.210998155,0.638222738,7.41E-01,1.23E+00,3.53E-01,4.31E+00,1.35E-06,5.14E-07,0.138920073
ANX,Diagnoses - main ICD10: I25.1 Atherosclerotic heart disease ,Simple mode,1.71266592,5.141754695,7.42E-01,5.54E+00,2.33E-04,1.32E+05,8.84E-01,8.85E-01,0.371424741
BP,Current employment status: Unemployed,Weighted median,0.165011847,0.500623426,7.42E-01,1.18E+00,4.42E-01,3.15E+00,2.09E-02,2.17E-02,0.852825766
SCZ,"Non-cancer illness code, self-reported: diabetes ",Simple mode,0.466487741,1.409274734,7.42E-01,1.59E+00,1.01E-01,2.52E+01,4.96E-12,7.92E-12,0.810494062
ASD,Autoimmune diseases ,Weighted median,-0.011771566,0.035787948,7.42E-01,9.88E-01,9.21E-01,1.06E+00,9.36E-01,9.11E-01,0.166070761
ANX,"Diagnoses - secondary ICD10: E03.9 Hypothyroidism, unspecified ",Weighted median,-1.011893686,3.076733927,7.42E-01,3.64E-01,8.74E-04,1.51E+02,8.01E-01,8.15E-01,0.468424168
ASD,Type 1 diabetes ,Weighted mode,-0.002990303,0.009027646,7.42E-01,9.97E-01,9.80E-01,1.01E+00,8.90E-01,9.15E-01,0.917708647
PTSD,Gestational diabetes (for exclusion) ,Simple mode,0.020161988,0.057297187,7.43E-01,1.02E+00,9.12E-01,1.14E+00,4.04E-01,3.28E-02,0.070558576
PTSD,"Non-cancer illness code, self-reported: diabetes ",Inverse variance weighted,0.197280514,0.601028371,7.43E-01,1.22E+00,3.75E-01,3.96E+00,4.96E-12,7.92E-12,0.810494062
ADHD,Primary biliary cirrhosis ,Simple mode,0.006071737,0.01825608,7.43E-01,1.01E+00,9.71E-01,1.04E+00,2.08E-04,3.20E-04,0.776661996
SCZ,Birth weight ,Simple mode,-0.07068057,0.21537029,7.43E-01,9.32E-01,6.11E-01,1.42E+00,2.92E-10,4.08E-10,0.920003688
ANX,Qualifications: College or University degree ,Simple mode,0.417300844,1.277578198,7.44E-01,1.52E+00,1.24E-01,1.86E+01,1.18E-25,1.37E-25,0.526042364
PTSD,Gestational diabetes (for exclusion) ,Simple mode,0.020161988,0.057735376,7.45E-01,1.02E+00,9.11E-01,1.14E+00,4.04E-01,3.28E-02,0.070558576
PTSD,Alzheimer's disease or family history of Alzheimer's disease ,Inverse variance weighted,0.007889214,0.024284416,7.45E-01,1.01E+00,9.61E-01,1.06E+00,3.67E-06,4.60E-06,0.570012981
ASD,Sleeplessness / insomnia ,Inverse variance weighted,-0.128031198,0.395228545,7.46E-01,8.80E-01,4.05E-01,1.91E+00,4.11E-01,4.31E-01,0.461291419
DEP,Autoimmune diseases ,Weighted median,0.004876226,0.01506878,7.46E-01,1.00E+00,9.76E-01,1.04E+00,3.84E-01,4.13E-01,0.598546243
SCZ,Diabetes mellitus ,Simple mode,-0.022329807,0.068685146,7.46E-01,9.78E-01,8.55E-01,1.12E+00,1.22E-02,1.56E-02,0.98389506
OCD,Age at first birth ,Weighted median,0.031234512,0.096661374,7.47E-01,1.03E+00,8.54E-01,1.25E+00,3.41E-04,1.34E-04,0.098355856
DEP,Sleeplessness / insomnia ,MR Egger,0.145169369,0.447128091,7.47E-01,1.16E+00,4.81E-01,2.78E+00,1.65E-10,2.97E-10,0.924188828
ASD,Birth weight ,MR Egger,0.063697674,0.197843271,7.48E-01,1.07E+00,7.23E-01,1.57E+00,3.36E-01,3.10E-01,0.144352315
ALZ,Iron intake,Inverse variance weighted,0.242200246,0.754191128,7.48E-01,1.27E+00,2.91E-01,5.59E+00,3.94E-01,4.59E-01,0.053714618
ASD,"Diagnoses - secondary ICD10: E03.9 Hypothyroidism, unspecified ",Inverse variance weighted,-0.318377793,0.992005906,7.48E-01,7.27E-01,1.04E-01,5.08E+00,8.01E-01,8.15E-01,0.468424168
ASD,smoking initiation ,Weighted mode,0.097128197,0.302466351,7.49E-01,1.10E+00,6.09E-01,1.99E+00,4.01E-01,4.31E-01,0.98282675
SCZ,Serum 25-Hydroxyvitamin D levels ,Inverse variance weighted,-0.01722438,0.054060388,7.50E-01,9.83E-01,8.84E-01,1.09E+00,6.95E-10,1.00E-09,0.905174633
ADHD,Autoimmune diseases ,Inverse variance weighted,-0.005552676,0.017473542,7.51E-01,9.94E-01,9.61E-01,1.03E+00,8.49E-02,1.02E-01,0.841474556
SCZ,Operative procedures,MR Egger,0.656658329,2.072044078,7.51E-01,1.93E+00,3.32E-02,1.12E+02,1.90E-08,2.06E-08,0.716297006
DEP,Operative procedures,Weighted median,0.162149396,0.512494994,7.52E-01,1.18E+00,4.31E-01,3.21E+00,1.32E-01,1.36E-01,0.949318884
ADHD,Primary biliary cirrhosis ,MR Egger,-0.00866758,0.027037678,7.52E-01,9.91E-01,9.40E-01,1.05E+00,2.08E-04,3.20E-04,0.776661996
DEP,"Non-cancer illness code, self-reported: diabetes ",Weighted median,-0.085252794,0.27040244,7.53E-01,9.18E-01,5.41E-01,1.56E+00,8.17E-01,8.27E-01,0.459888989
DEP,Heart rate ,Inverse variance weighted,-0.001453269,0.004610107,7.53E-01,9.99E-01,9.90E-01,1.01E+00,6.88E-01,6.94E-01,0.381703376
ASD,Serum 25-Hydroxyvitamin D levels ,Weighted median,0.030462262,0.09666452,7.53E-01,1.03E+00,8.53E-01,1.25E+00,1.06E-01,1.16E-01,0.636334511
ALZ,Fresh fruit intake ,MR Egger,-0.261832015,0.828313143,7.53E-01,7.70E-01,1.52E-01,3.90E+00,5.53E-05,7.29E-05,0.686175326
BP,Fresh fruit intake ,Weighted median,0.093913048,0.299806307,7.54E-01,1.10E+00,6.10E-01,1.98E+00,4.30E-01,4.17E-01,0.253656155
PTSD,"Non-cancer illness code, self-reported: diabetes ",Simple mode,-0.581642,1.860831907,7.56E-01,5.59E-01,1.46E-02,2.14E+01,4.96E-12,7.92E-12,0.810494062
OCD,Sleeplessness / insomnia ,Weighted median,0.217988907,0.701825009,7.56E-01,1.24E+00,3.14E-01,4.92E+00,1.65E-10,2.97E-10,0.924188828
ASD,Diagnoses - secondary ICD10: I10 Essential (primary) hypertension ,Simple mode,-0.381295285,1.222544879,7.56E-01,6.83E-01,6.22E-02,7.50E+00,3.84E-01,4.14E-01,0.736685574
DEP,Childhood obesity ,MR Egger,-0.066006386,0.194563776,7.57E-01,9.36E-01,6.39E-01,1.37E+00,5.83E-01,4.44E-01,0.274383991
PTSD,College completion ,MR Egger,-0.61644642,1.534395855,7.57E-01,5.40E-01,2.67E-02,1.09E+01,6.04E-01,8.71E-01,0.943669546
PTSD,Heart rate ,Weighted median,0.004159951,0.013436727,7.57E-01,1.00E+00,9.78E-01,1.03E+00,1.20E-06,6.19E-07,0.36460977
ALZ,Gestational diabetes (for exclusion) ,Inverse variance weighted,-0.013197091,0.042796487,7.58E-01,9.87E-01,9.07E-01,1.07E+00,2.46E-02,2.43E-02,0.538637902
ADHD,Primary sclerosing cholangitis ,Weighted median,0.003677167,0.011940778,7.58E-01,1.00E+00,9.80E-01,1.03E+00,8.43E-02,4.36E-02,0.148416734
BP,Viral infection,Weighted median,0.52213454,1.697383746,7.58E-01,1.69E+00,6.05E-02,4.69E+01,1.78E-01,1.81E-01,0.513512517
DEP,Operative procedures,MR Egger,0.280810224,0.913617138,7.59E-01,1.32E+00,2.21E-01,7.94E+00,1.32E-01,1.36E-01,0.949318884
BP,Body mass index (BMI) ,Weighted median,-0.017093345,0.05573155,7.59E-01,9.83E-01,8.81E-01,1.10E+00,4.09E-01,4.21E-01,0.751756581
SCZ,Neuroticism score ,MR Egger,-0.063296928,0.205886889,7.59E-01,9.39E-01,6.27E-01,1.41E+00,1.78E-29,3.12E-29,0.849084363
ANX,Current employment status: Retired,Weighted mode,-1.787511955,5.847205083,7.60E-01,1.67E-01,1.76E-06,1.59E+04,6.63E-12,6.82E-12,0.41326421
ASD,Alzheimer's disease or family history of Alzheimer's disease ,Weighted mode,0.010505062,0.034349651,7.62E-01,1.01E+00,9.45E-01,1.08E+00,1.20E-02,1.54E-02,0.736557952
ASD,Type 1 diabetes ,Simple mode,-0.006231272,0.020496747,7.63E-01,9.94E-01,9.55E-01,1.03E+00,8.90E-01,9.15E-01,0.917708647
ALZ,Childhood obesity ,MR Egger,-0.061551133,0.186719141,7.63E-01,9.40E-01,6.52E-01,1.36E+00,6.45E-01,7.97E-01,0.948885633
PTSD,Type 2 diabetes ,Weighted median,-0.012130144,0.040299855,7.63E-01,9.88E-01,9.13E-01,1.07E+00,1.58E-15,2.37E-15,0.803993711
ASD,Extraversion,Inverse variance weighted,-0.000532297,0.00176855,7.63E-01,9.99E-01,9.96E-01,1.00E+00,3.79E-20,3.65E-20,0.300348565
BP,Type 2 diabetes ,Weighted mode,-0.008059383,0.026750751,7.64E-01,9.92E-01,9.41E-01,1.05E+00,6.07E-02,6.65E-02,0.613324742
PTSD,Diabetes mellitus ,Inverse variance weighted,-0.007702148,0.02563003,7.64E-01,9.92E-01,9.44E-01,1.04E+00,1.22E-02,1.56E-02,0.98389506
DEP,"Illness, injury, bereavement, stress in last 2 years: Death of a spouse or partner",MR Egger,-0.116934205,0.39209939,7.66E-01,8.90E-01,4.13E-01,1.92E+00,9.96E-02,1.01E-01,0.485657442
PTSD,Ever taken cannabis ,Weighted median,0.008502177,0.028531327,7.66E-01,1.01E+00,9.54E-01,1.07E+00,1.18E-01,1.36E-01,0.490034171
ED,"Illness, injury, bereavement, stress in last 2 years: Financial difficulties ",Weighted mode,-0.876859349,2.765340033,7.67E-01,4.16E-01,1.84E-03,9.40E+01,3.55E-01,4.44E-01,0.731465866
SCZ,Childhood obesity ,Weighted median,0.008598653,0.029082984,7.67E-01,1.01E+00,9.53E-01,1.07E+00,8.25E-01,9.21E-01,0.889812322
SCZ,Diabetes mellitus ,Weighted median,-0.007845028,0.026534292,7.67E-01,9.92E-01,9.42E-01,1.05E+00,1.22E-02,1.56E-02,0.98389506
OCD,Gestational diabetes (for exclusion) ,Weighted mode,0.04314914,0.127689919,7.68E-01,1.04E+00,8.13E-01,1.34E+00,8.65E-01,9.15E-01,0.662995418
ADHD,"Diagnoses - secondary ICD10: E03.9 Hypothyroidism, unspecified ",Weighted median,0.290426681,0.983462326,7.68E-01,1.34E+00,1.95E-01,9.19E+00,1.75E-02,1.68E-02,0.349102587
ED,"Illness, injury, bereavement, stress in last 2 years: Financial difficulties ",Weighted mode,-0.876859349,2.78129712,7.68E-01,4.16E-01,1.79E-03,9.70E+01,3.55E-01,4.44E-01,0.731465866
PTSD,Diabetes mellitus ,Weighted mode,0.011761888,0.039884462,7.69E-01,1.01E+00,9.36E-01,1.09E+00,1.22E-02,1.56E-02,0.98389506
ALZ,Current employment status: Retired,Weighted median,0.035545061,0.121178936,7.69E-01,1.04E+00,8.17E-01,1.31E+00,3.94E-01,4.59E-01,0.304526965
OCD,"Diagnoses - secondary ICD10: E03.9 Hypothyroidism, unspecified ",Weighted median,0.828265756,2.82511865,7.69E-01,2.29E+00,9.01E-03,5.81E+02,1.50E-01,1.78E-01,0.835795114
BP,Diagnoses - main ICD10: I25.1 Atherosclerotic heart disease ,Inverse variance weighted,-0.288788368,0.987683126,7.70E-01,7.49E-01,1.08E-01,5.19E+00,8.84E-01,8.85E-01,0.371424741
OCD,Neuroticism score ,Simple mode,0.075265902,0.257022553,7.70E-01,1.08E+00,6.51E-01,1.78E+00,1.55E-10,6.41E-11,0.134958317
PTSD,Alzheimer's disease or family history of Alzheimer's disease ,Weighted mode,0.011343076,0.038690249,7.71E-01,1.01E+00,9.38E-01,1.09E+00,3.67E-06,4.60E-06,0.570012981
PTSD,Type 1 diabetes ,Simple mode,-0.006924886,0.023649052,7.71E-01,9.93E-01,9.48E-01,1.04E+00,2.89E-07,1.77E-07,0.2824836
SCZ,Alzheimer's disease or family history of Alzheimer's disease ,Weighted mode,-0.005718764,0.019536352,7.71E-01,9.94E-01,9.57E-01,1.03E+00,3.67E-06,4.60E-06,0.570012981
ADHD,Chickenpox,MR Egger,-0.636074732,2.189957874,7.72E-01,5.29E-01,7.24E-03,3.87E+01,7.34E-27,8.28E-27,0.600212941
ASD,Gestational diabetes (for exclusion) ,Weighted mode,-0.01267195,0.040907351,7.72E-01,9.87E-01,9.11E-01,1.07E+00,4.16E-01,2.85E-01,0.236593224
ALZ,Heart rate ,Inverse variance weighted,-0.001918472,0.006652388,7.73E-01,9.98E-01,9.85E-01,1.01E+00,2.96E-01,3.66E-01,0.960257877
ALZ,Operation code: caesarean section / caesarian section ,Simple mode,-0.959054176,2.937959968,7.75E-01,3.83E-01,1.21E-03,1.21E+02,8.04E-01,4.64E-01,0.438824537
ED,Rubella vaccination,Inverse variance weighted,0.00085788,0.003013457,7.76E-01,1.00E+00,9.95E-01,1.01E+00,5.09E-01,5.12E-01,0.390441143
ASD,Gestational diabetes (for exclusion) ,Weighted mode,-0.01267195,0.041668198,7.76E-01,9.87E-01,9.10E-01,1.07E+00,4.16E-01,2.85E-01,0.236593224
ADHD,Mineral and other dietary supplements: Zinc ,Weighted mode,-1.204210051,3.711893431,7.76E-01,3.00E-01,2.08E-04,4.33E+02,2.39E-02,7.39E-02,0.907485115
ED,Mumps,MR Egger,0.001350897,0.004770753,7.77E-01,1.00E+00,9.92E-01,1.01E+00,2.24E-01,2.26E-01,0.379057929
SCZ,"Diagnoses - secondary ICD10: E03.9 Hypothyroidism, unspecified ",Weighted median,-0.276904999,0.980793053,7.78E-01,7.58E-01,1.11E-01,5.18E+00,3.33E-07,3.55E-07,0.477148258
PTSD,Fresh fruit intake ,Weighted median,0.109360759,0.387930966,7.78E-01,1.12E+00,5.22E-01,2.39E+00,8.09E-21,7.99E-21,0.497506373
OCD,Gestational diabetes (for exclusion) ,Weighted mode,0.04314914,0.134135027,7.78E-01,1.04E+00,8.03E-01,1.36E+00,8.65E-01,9.15E-01,0.662995418
OCD,Mineral and other dietary supplements: Zinc ,Weighted mode,3.476550225,10.82079789,7.78E-01,3.23E+01,1.99E-08,5.26E+10,3.91E-02,8.97E-02,0.77722608
OCD,Mineral and other dietary supplements: Zinc ,Simple mode,3.476550225,10.83774771,7.79E-01,3.23E+01,1.93E-08,5.43E+10,3.91E-02,8.97E-02,0.77722608
BP,Fresh fruit intake ,Weighted mode,-0.106540322,0.378709889,7.80E-01,8.99E-01,4.28E-01,1.89E+00,4.30E-01,4.17E-01,0.253656155
SCZ,Mumps,Weighted median,0.000645297,0.002310333,7.80E-01,1.00E+00,9.96E-01,1.01E+00,1.53E-02,1.48E-02,0.172959629
OCD,"Diagnoses - secondary ICD10: E03.9 Hypothyroidism, unspecified ",Inverse variance weighted,0.563160353,2.019432978,7.80E-01,1.76E+00,3.35E-02,9.20E+01,1.50E-01,1.78E-01,0.835795114
ADHD,Mineral and other dietary supplements: Zinc ,Simple mode,-1.310632688,4.117920215,7.80E-01,2.70E-01,8.42E-05,8.63E+02,2.39E-02,7.39E-02,0.907485115
ALZ,Sleeplessness / insomnia ,Weighted mode,0.11703877,0.418444281,7.81E-01,1.12E+00,4.95E-01,2.55E+00,1.89E-01,2.16E-01,0.708408987
PTSD,Heart rate ,Weighted mode,-0.005462059,0.019295382,7.81E-01,9.95E-01,9.58E-01,1.03E+00,1.20E-06,6.19E-07,0.36460977
OCD,Viral infection,MR Egger,2.338419885,8.453201902,7.82E-01,1.04E+01,6.61E-07,1.63E+08,4.70E-07,5.05E-07,0.656918281
ASD,"Illness, injury, bereavement, stress in last 2 years: Death of a spouse or partner",Inverse variance weighted,0.152606418,0.55216271,7.82E-01,1.16E+00,3.95E-01,3.44E+00,3.62E-27,4.32E-27,0.964007176
OCD,Type 2 diabetes ,Simple mode,0.038768608,0.140095316,7.83E-01,1.04E+00,7.90E-01,1.37E+00,1.63E-01,1.80E-01,0.96794149
PTSD,Fresh fruit intake ,Inverse variance weighted,-0.074130662,0.269092862,7.83E-01,9.29E-01,5.48E-01,1.57E+00,8.09E-21,7.99E-21,0.497506373
OCD,Iron intake,MR Egger,-1.389118615,5.086777096,7.85E-01,2.49E-01,1.17E-05,5.33E+03,6.04E-08,4.96E-08,0.089450444
OCD,Primary biliary cirrhosis ,Inverse variance weighted,0.00690317,0.025292554,7.85E-01,1.01E+00,9.58E-01,1.06E+00,7.11E-03,9.34E-03,0.653885458
OCD,"Illness, injury, bereavement, stress in last 2 years: Financial difficulties ",Weighted median,1.014276139,3.717836687,7.85E-01,2.76E+00,1.89E-03,4.03E+03,3.55E-01,4.44E-01,0.731465866
ASD,Type 2 diabetes ,Weighted median,-0.01046072,0.038345116,7.85E-01,9.90E-01,9.18E-01,1.07E+00,6.07E-02,6.65E-02,0.613324742
ASD,Gestational diabetes (for exclusion) ,Simple mode,-0.014228427,0.048808449,7.85E-01,9.86E-01,8.96E-01,1.08E+00,4.16E-01,2.85E-01,0.236593224
ANX,Sleeplessness / insomnia ,Simple mode,-0.362607886,1.322993997,7.86E-01,6.96E-01,5.20E-02,9.30E+00,4.11E-01,4.31E-01,0.461291419
ALZ,Neuroticism score ,Weighted median,0.008569106,0.031491161,7.86E-01,1.01E+00,9.48E-01,1.07E+00,2.23E-09,1.77E-09,0.286766747
OCD,"Illness, injury, bereavement, stress in last 2 years: Financial difficulties ",Weighted median,1.014276139,3.728264596,7.86E-01,2.76E+00,1.85E-03,4.11E+03,3.55E-01,4.44E-01,0.731465866
DEP,Gestational diabetes (for exclusion) ,Weighted median,0.00366252,0.013467078,7.86E-01,1.00E+00,9.78E-01,1.03E+00,8.65E-01,9.15E-01,0.662995418
ED,College completion ,Weighted mode,0.067650919,0.218331016,7.86E-01,1.07E+00,6.97E-01,1.64E+00,6.04E-01,8.71E-01,0.943669546
ED,"Non-cancer illness code, self-reported: psoriasis ",Weighted mode,0.305015808,1.10503436,7.86E-01,1.36E+00,1.56E-01,1.18E+01,1.37E-02,1.99E-02,0.881156109
DEP,Gestational diabetes (for exclusion) ,Weighted median,0.00366252,0.013517287,7.86E-01,1.00E+00,9.77E-01,1.03E+00,8.65E-01,9.15E-01,0.662995418
OCD,Sleeplessness / insomnia ,MR Egger,0.434557972,1.594378802,7.87E-01,1.54E+00,6.79E-02,3.51E+01,1.65E-10,2.97E-10,0.924188828
ANX,Tea intake ,Weighted mode,0.152267098,0.560582657,7.87E-01,1.16E+00,3.88E-01,3.49E+00,3.20E-02,3.75E-02,0.591047064
ED,"Illness, injury, bereavement, stress in last 2 years: Financial difficulties ",Simple mode,-0.876859349,3.059735915,7.89E-01,4.16E-01,1.03E-03,1.67E+02,3.55E-01,4.44E-01,0.731465866
ED,College completion ,Weighted median,-0.048617862,0.181526321,7.89E-01,9.53E-01,6.67E-01,1.36E+00,6.04E-01,8.71E-01,0.943669546
OCD,"Illness, injury, bereavement, stress in last 2 years: Financial difficulties ",Inverse variance weighted,0.76400401,2.871910821,7.90E-01,2.15E+00,7.71E-03,5.98E+02,3.55E-01,4.44E-01,0.731465866
OCD,"Illness, injury, bereavement, stress in last 2 years: Financial difficulties ",Inverse variance weighted,0.76400401,2.871910821,7.90E-01,2.15E+00,7.71E-03,5.98E+02,3.55E-01,4.44E-01,0.731465866
PTSD,Serum 25-Hydroxyvitamin D levels ,MR Egger,0.02820676,0.106567843,7.92E-01,1.03E+00,8.35E-01,1.27E+00,6.95E-10,1.00E-09,0.905174633
ASD,Diabetes mellitus ,Weighted mode,-0.009988555,0.037761433,7.92E-01,9.90E-01,9.19E-01,1.07E+00,2.98E-01,2.88E-01,0.274908982
ALZ,Fresh fruit intake ,Inverse variance weighted,0.061076219,0.232198513,7.93E-01,1.06E+00,6.74E-01,1.68E+00,5.53E-05,7.29E-05,0.686175326
ASD,Gestational diabetes (for exclusion) ,Simple mode,-0.014228427,0.050848312,7.93E-01,9.86E-01,8.92E-01,1.09E+00,4.16E-01,2.85E-01,0.236593224
SCZ,Fresh fruit intake ,Simple mode,0.13159199,0.501420075,7.94E-01,1.14E+00,4.27E-01,3.05E+00,8.09E-21,7.99E-21,0.497506373
PTSD,Age-related hearing impairment (MTAG) ,MR Egger,-0.209296665,0.794394072,7.94E-01,8.11E-01,1.71E-01,3.85E+00,7.86E-03,9.80E-03,0.618456104
ADHD,"Diagnoses - secondary ICD10: E03.9 Hypothyroidism, unspecified ",Weighted mode,0.343206821,1.305620492,7.94E-01,1.41E+00,1.09E-01,1.82E+01,1.75E-02,1.68E-02,0.349102587
ED,Ever taken cannabis ,MR Egger,0.095780506,0.324856161,7.96E-01,1.10E+00,5.82E-01,2.08E+00,5.95E-01,7.18E-01,0.945702243
BP,Diagnoses - main ICD10: I25.1 Atherosclerotic heart disease ,Simple mode,0.560468794,2.145907803,7.96E-01,1.75E+00,2.61E-02,1.18E+02,8.84E-01,8.85E-01,0.371424741
ANX,Qualifications: College or University degree ,Weighted mode,0.268892441,1.04168684,7.97E-01,1.31E+00,1.70E-01,1.01E+01,1.18E-25,1.37E-25,0.526042364
SCZ,College completion ,Simple mode,-0.060360366,0.205890732,7.97E-01,9.41E-01,6.29E-01,1.41E+00,9.41E-01,1.21E-01,0.288552349
BP,Serum 25-Hydroxyvitamin D levels ,MR Egger,0.024387613,0.094745286,7.97E-01,1.02E+00,8.51E-01,1.23E+00,1.06E-01,1.16E-01,0.636334511
ANX,Sleeplessness / insomnia ,Weighted mode,0.313873304,1.216275628,7.98E-01,1.37E+00,1.26E-01,1.48E+01,4.11E-01,4.31E-01,0.461291419
BP,Type 2 diabetes ,Inverse variance weighted,-0.005436338,0.021350935,7.99E-01,9.95E-01,9.54E-01,1.04E+00,6.07E-02,6.65E-02,0.613324742
ED,"Illness, injury, bereavement, stress in last 2 years: Financial difficulties ",Simple mode,-0.876859349,3.255724981,8.01E-01,4.16E-01,7.04E-04,2.46E+02,3.55E-01,4.44E-01,0.731465866
ASD,Qualifications: College or University degree ,Weighted mode,0.18741615,0.743133815,8.01E-01,1.21E+00,2.81E-01,5.18E+00,2.99E-01,3.11E-01,0.634434752
ASD,Chickenpox,MR Egger,0.704032308,2.796399485,8.01E-01,2.02E+00,8.42E-03,4.85E+02,7.34E-27,8.28E-27,0.600212941
SCZ,Sleeplessness / insomnia ,Inverse variance weighted,0.09756378,0.389864327,8.02E-01,1.10E+00,5.13E-01,2.37E+00,1.01E-12,1.94E-12,0.955004357
ASD,Alzheimer's disease or family history of Alzheimer's disease ,Simple mode,0.018554528,0.073772267,8.03E-01,1.02E+00,8.82E-01,1.18E+00,1.20E-02,1.54E-02,0.736557952
ANX,Unspecified maternal hypertension,MR Egger,0.002905026,0.011673222,8.04E-01,1.00E+00,9.80E-01,1.03E+00,1.20E-09,9.55E-10,0.089885104
ALZ,Chickenpox,MR Egger,0.490935845,1.979140025,8.04E-01,1.63E+00,3.38E-02,7.90E+01,3.94E-01,4.59E-01,0.666006776
OCD,Operative procedures,MR Egger,-1.286392952,5.20594671,8.05E-01,2.76E-01,1.02E-05,7.46E+03,1.90E-08,2.06E-08,0.716297006
SCZ,smoking initiation ,MR Egger,0.124448613,0.50331545,8.05E-01,1.13E+00,4.22E-01,3.04E+00,2.26E-27,4.38E-27,0.991805771
ANX,Maternal smoking around birth ,MR Egger,1.971385652,7.877786743,8.06E-01,7.18E+00,1.41E-06,3.65E+07,6.71E-02,9.29E-02,0.956658032
ANX,Maternal smoking around birth ,MR Egger,1.971385652,7.877786743,8.06E-01,7.18E+00,1.41E-06,3.65E+07,6.71E-02,9.29E-02,0.956658032
ANX,Type 1 diabetes ,Weighted mode,0.010682835,0.043120744,8.06E-01,1.01E+00,9.29E-01,1.10E+00,8.90E-01,9.15E-01,0.917708647
SCZ,Type 2 diabetes ,MR Egger,-0.013147643,0.053837702,8.08E-01,9.87E-01,8.88E-01,1.10E+00,1.58E-15,2.37E-15,0.803993711
PTSD,Diabetes mellitus ,MR Egger,-0.012364632,0.050575906,8.08E-01,9.88E-01,8.94E-01,1.09E+00,1.22E-02,1.56E-02,0.98389506
OCD,"Illness, injury, bereavement, stress in last 2 years: Death of a spouse or partner",Weighted median,-0.366259518,1.509673838,8.08E-01,6.93E-01,3.60E-02,1.34E+01,1.16E-08,1.08E-08,0.194371799
ANX,Mineral and other dietary supplements: Zinc ,MR Egger,14.34178993,46.30525066,8.09E-01,1.69E+06,6.50E-34,4.41E+45,8.67E-01,9.76E-01,0.910201837
ASD,Type 1 diabetes ,Weighted median,-0.002557438,0.010576598,8.09E-01,9.97E-01,9.77E-01,1.02E+00,8.90E-01,9.15E-01,0.917708647
ALZ,Rubella vaccination,MR Egger,0.000596368,0.002477666,8.10E-01,1.00E+00,9.96E-01,1.01E+00,3.94E-01,4.59E-01,0.991281933
SCZ,Maternal smoking around birth ,Simple mode,-0.168934864,0.6934377,8.11E-01,8.45E-01,2.17E-01,3.29E+00,5.93E-10,1.27E-09,0.833390174
BP,Fresh fruit intake ,Simple mode,-0.143146863,0.595623857,8.11E-01,8.67E-01,2.70E-01,2.79E+00,4.30E-01,4.17E-01,0.253656155
DEP,College completion ,Simple mode,-0.018261523,0.067315102,8.12E-01,9.82E-01,8.61E-01,1.12E+00,2.99E-02,5.22E-02,0.703106532
PTSD,Sleeplessness / insomnia ,Simple mode,0.195858257,0.816819215,8.12E-01,1.22E+00,2.45E-01,6.03E+00,1.01E-12,1.94E-12,0.955004357
ALZ,Viral infection,MR Egger,-0.694218629,2.929574858,8.13E-01,4.99E-01,1.60E-03,1.56E+02,3.94E-01,4.59E-01,0.744986651
ALZ,Primary sclerosing cholangitis ,Weighted median,-0.005995579,0.025406368,8.13E-01,9.94E-01,9.46E-01,1.04E+00,1.12E-06,2.74E-07,0.292191565
PTSD,Alzheimer's disease or family history of Alzheimer's disease ,MR Egger,0.009745654,0.041119901,8.14E-01,1.01E+00,9.32E-01,1.09E+00,3.67E-06,4.60E-06,0.570012981
ASD,Maternal smoking around birth ,MR Egger,1.212263839,5.065606419,8.15E-01,3.36E+00,1.64E-04,6.89E+04,6.71E-02,9.29E-02,0.956658032
ASD,Maternal smoking around birth ,MR Egger,1.212263839,5.065606419,8.15E-01,3.36E+00,1.64E-04,6.89E+04,6.71E-02,9.29E-02,0.956658032
DEP,Diagnoses - main ICD10: I25.1 Atherosclerotic heart disease ,Simple mode,-0.234160367,0.989904269,8.15E-01,7.91E-01,1.14E-01,5.51E+00,7.34E-03,8.56E-03,0.527309938
ALZ,Diagnoses - secondary ICD10: I10 Essential (primary) hypertension ,MR Egger,0.255400172,1.087845172,8.15E-01,1.29E+00,1.53E-01,1.09E+01,9.66E-02,1.06E-01,0.569460016
ANX,Type 1 diabetes ,Weighted median,0.009651952,0.041539585,8.16E-01,1.01E+00,9.31E-01,1.10E+00,8.90E-01,9.15E-01,0.917708647
ED,Living alone,Weighted median,0.289084416,1.244351621,8.16E-01,1.34E+00,1.17E-01,1.53E+01,3.88E-01,3.94E-01,0.750780149
SCZ,Maternal smoking around birth ,MR Egger,1.384816764,5.872472695,8.17E-01,3.99E+00,4.01E-05,3.98E+05,5.93E-10,1.27E-09,0.833390174
SCZ,Maternal smoking around birth ,MR Egger,1.384816764,5.872472695,8.17E-01,3.99E+00,4.01E-05,3.98E+05,5.93E-10,1.27E-09,0.833390174
OCD,Age at first birth ,Simple mode,0.055200525,0.237761935,8.17E-01,1.06E+00,6.63E-01,1.68E+00,3.41E-04,1.34E-04,0.098355856
ANX,"Diagnoses - secondary ICD10: E03.9 Hypothyroidism, unspecified ",Weighted mode,-0.852625826,3.668150495,8.18E-01,4.26E-01,3.22E-04,5.65E+02,8.01E-01,8.15E-01,0.468424168
ASD,Sleeplessness / insomnia ,Weighted mode,-0.150394113,0.649231135,8.18E-01,8.60E-01,2.41E-01,3.07E+00,4.11E-01,4.31E-01,0.461291419
ANX,Intelligence ,MR Egger,0.157198679,0.684104809,8.19E-01,1.17E+00,3.06E-01,4.47E+00,4.32E-01,4.45E-01,0.508952987
ADHD,"Diagnoses - secondary ICD10: E03.9 Hypothyroidism, unspecified ",Simple mode,0.426454389,1.846734193,8.19E-01,1.53E+00,4.10E-02,5.72E+01,1.75E-02,1.68E-02,0.349102587
SCZ,Maternal smoking around birth ,Simple mode,-0.168934864,0.725339534,8.19E-01,8.45E-01,2.04E-01,3.50E+00,5.93E-10,1.27E-09,0.833390174
SCZ,Type 1 diabetes ,Simple mode,-0.00540791,0.023535278,8.19E-01,9.95E-01,9.50E-01,1.04E+00,2.89E-07,1.77E-07,0.2824836
SCZ,Educational attainment,Inverse variance weighted,-0.009376738,0.041094861,8.20E-01,9.91E-01,9.14E-01,1.07E+00,2.71E-14,1.31E-14,0.011722259
BP,Type 2 diabetes ,Simple mode,0.014619569,0.063988192,8.20E-01,1.01E+00,8.95E-01,1.15E+00,6.07E-02,6.65E-02,0.613324742
ASD,Tea intake ,Simple mode,0.106330786,0.465974883,8.21E-01,1.11E+00,4.46E-01,2.77E+00,3.20E-02,3.75E-02,0.591047064
ED,Educational attainment,Weighted mode,1.269148595,5.615721649,8.21E-01,3.56E+00,5.90E-05,2.14E+05,4.18E-02,4.05E-02,0.177159832
BP,Chickenpox,Inverse variance weighted,0.197988164,0.876986385,8.21E-01,1.22E+00,2.19E-01,6.80E+00,4.33E-01,4.39E-01,0.869913031
ANX,Birth weight ,Simple mode,-0.116578548,0.515754507,8.22E-01,8.90E-01,3.24E-01,2.45E+00,3.36E-01,3.10E-01,0.144352315
BP,Living alone,MR Egger,0.314352923,1.393699328,8.22E-01,1.37E+00,8.92E-02,2.10E+01,3.88E-01,3.94E-01,0.750780149
OCD,Childhood obesity ,MR Egger,0.175118616,0.713619491,8.22E-01,1.19E+00,2.94E-01,4.83E+00,5.83E-01,4.44E-01,0.274383991
ANX,smoking initiation ,Simple mode,0.104165224,0.463625641,8.23E-01,1.11E+00,4.47E-01,2.75E+00,4.01E-01,4.31E-01,0.98282675
ALZ,Maternal smoking around birth ,MR Egger,-0.46956436,2.058395694,8.23E-01,6.25E-01,1.11E-02,3.53E+01,3.94E-01,4.59E-01,0.731119401
ASD,Age at first birth ,Weighted mode,-0.027720302,0.123270891,8.23E-01,9.73E-01,7.64E-01,1.24E+00,2.94E-01,3.06E-01,0.438959952
OCD,College completion ,MR Egger,1.42656257,5.006676775,8.23E-01,4.16E+00,2.28E-04,7.61E+04,6.04E-01,8.71E-01,0.943669546
DEP,Autoimmune diseases ,MR Egger,0.005726268,0.025555251,8.24E-01,1.01E+00,9.57E-01,1.06E+00,3.84E-01,4.13E-01,0.598546243
OCD,Congenital cytomegalovirus infection,Inverse variance weighted,0.034009754,0.152943287,8.24E-01,1.03E+00,7.67E-01,1.40E+00,8.28E-01,8.99E-01,0.740545056
ED,"Non-cancer illness code, self-reported: psoriasis ",Weighted median,0.246645652,1.11018046,8.24E-01,1.28E+00,1.45E-01,1.13E+01,1.37E-02,1.99E-02,0.881156109
SCZ,Diagnoses - main ICD10: I25.1 Atherosclerotic heart disease ,Weighted mode,0.230785006,1.029112097,8.24E-01,1.26E+00,1.68E-01,9.47E+00,2.15E-03,1.93E-03,0.354157699
ED,Educational attainment,Simple mode,1.269148595,5.737634914,8.25E-01,3.56E+00,4.65E-05,2.72E+05,4.18E-02,4.05E-02,0.177159832
ED,Diagnoses - secondary ICD10: I10 Essential (primary) hypertension ,Simple mode,0.352790921,1.598699313,8.26E-01,1.42E+00,6.20E-02,3.27E+01,3.02E-02,3.57E-02,0.763537701
SCZ,"Non-cancer illness code, self-reported: psoriasis ",Weighted median,-0.153736767,0.706308286,8.28E-01,8.57E-01,2.15E-01,3.42E+00,2.85E-02,4.02E-02,0.958005122
OCD,Mumps,MR Egger,-0.00136349,0.006271971,8.28E-01,9.99E-01,9.86E-01,1.01E+00,1.53E-02,1.48E-02,0.172959629
ADHD,Diabetes mellitus ,Inverse variance weighted,0.004602289,0.02119873,8.28E-01,1.00E+00,9.64E-01,1.05E+00,3.41E-03,3.96E-03,0.548392213
PTSD,Diagnoses - secondary ICD10: I10 Essential (primary) hypertension ,Weighted mode,-0.278953207,1.282825991,8.29E-01,7.57E-01,6.12E-02,9.35E+00,3.20E-10,5.07E-10,0.929020551
ASD,Diagnoses - main ICD10: I25.1 Atherosclerotic heart disease ,Weighted mode,0.421122078,1.928546554,8.29E-01,1.52E+00,3.48E-02,6.68E+01,8.84E-01,8.85E-01,0.371424741
ANX,"Diagnoses - secondary ICD10: E03.9 Hypothyroidism, unspecified ",Simple mode,-1.214198022,5.606988429,8.30E-01,2.97E-01,5.01E-06,1.76E+04,8.01E-01,8.15E-01,0.468424168
ASD,smoking initiation ,Simple mode,0.068124345,0.31633775,8.30E-01,1.07E+00,5.76E-01,1.99E+00,4.01E-01,4.31E-01,0.98282675
OCD,Tea intake ,MR Egger,-0.162914781,0.755152083,8.31E-01,8.50E-01,1.93E-01,3.73E+00,1.11E-01,1.27E-01,0.630058391
OCD,Gestational diabetes (for exclusion) ,Simple mode,0.032009273,0.132402183,8.31E-01,1.03E+00,7.97E-01,1.34E+00,8.65E-01,9.15E-01,0.662995418
OCD,Qualifications: College or University degree ,Weighted mode,-0.280474963,1.330284131,8.33E-01,7.55E-01,5.57E-02,1.02E+01,7.01E-11,6.87E-12,0.008009552
ASD,"Illness, injury, bereavement, stress in last 2 years: Financial difficulties ",Simple mode,-0.603533992,2.777220901,8.33E-01,5.47E-01,2.37E-03,1.26E+02,6.13E-01,6.55E-01,0.48418943
ED,"Non-cancer illness code, self-reported: psoriasis ",MR Egger,0.288502556,1.348025036,8.33E-01,1.33E+00,9.50E-02,1.87E+01,1.37E-02,1.99E-02,0.881156109
ANX,Body mass index (BMI) ,Simple mode,0.093644642,0.445383053,8.34E-01,1.10E+00,4.59E-01,2.63E+00,4.09E-01,4.21E-01,0.751756581
OCD,Type 2 diabetes ,Weighted mode,0.01585939,0.075974494,8.35E-01,1.02E+00,8.75E-01,1.18E+00,1.63E-01,1.80E-01,0.96794149
OCD,Mumps,Inverse variance weighted,-0.00080865,0.003887828,8.35E-01,9.99E-01,9.92E-01,1.01E+00,1.53E-02,1.48E-02,0.172959629
OCD,Sleeplessness / insomnia ,Weighted mode,0.235680064,1.124073182,8.35E-01,1.27E+00,1.40E-01,1.15E+01,1.65E-10,2.97E-10,0.924188828
PTSD,Intelligence ,Inverse variance weighted,0.018116294,0.087401829,8.36E-01,1.02E+00,8.58E-01,1.21E+00,6.21E-49,1.56E-49,0.232036593
PTSD,Childhood obesity ,Weighted median,0.009481611,0.045769254,8.36E-01,1.01E+00,9.23E-01,1.10E+00,8.25E-01,9.21E-01,0.889812322
ANX,Iron intake,Weighted median,0.66500425,3.211219827,8.36E-01,1.94E+00,3.59E-03,1.05E+03,4.16E-26,3.96E-26,0.299589161
BP,Iron intake,Inverse variance weighted,0.169561423,0.819292934,8.36E-01,1.18E+00,2.38E-01,5.90E+00,4.26E-01,4.23E-01,0.225977787
ALZ,Primary sclerosing cholangitis ,Simple mode,0.009915962,0.047094203,8.37E-01,1.01E+00,9.21E-01,1.11E+00,1.12E-06,2.74E-07,0.292191565
DEP,Unspecified maternal hypertension,Weighted median,-0.000121447,0.000592322,8.38E-01,1.00E+00,9.99E-01,1.00E+00,1.28E-01,1.33E-01,0.809668802
ADHD,Nitrogen dioxide air pollution; 2010 ,Inverse variance weighted,0.091736745,0.448084743,8.38E-01,1.10E+00,4.55E-01,2.64E+00,1.11E-02,7.92E-03,0.374272917
ED,"Illness, injury, bereavement, stress in last 2 years: Financial difficulties ",MR Egger,-4.082497725,18.34729673,8.38E-01,1.69E-02,4.07E-18,6.99E+13,3.55E-01,4.44E-01,0.731465866
ED,"Illness, injury, bereavement, stress in last 2 years: Financial difficulties ",MR Egger,-4.082497725,18.34729673,8.38E-01,1.69E-02,4.07E-18,6.99E+13,3.55E-01,4.44E-01,0.731465866
ED,Gestational diabetes (for exclusion) ,MR Egger,-0.052434141,0.202313239,8.39E-01,9.49E-01,6.38E-01,1.41E+00,8.65E-01,9.15E-01,0.662995418
ED,Gestational diabetes (for exclusion) ,MR Egger,-0.052434141,0.202313239,8.39E-01,9.49E-01,6.38E-01,1.41E+00,8.65E-01,9.15E-01,0.662995418
OCD,Age at first birth ,MR Egger,0.078119287,0.382577516,8.39E-01,1.08E+00,5.11E-01,2.29E+00,3.41E-04,1.34E-04,0.098355856
PTSD,Ever taken cannabis ,Weighted mode,0.006866859,0.032627027,8.39E-01,1.01E+00,9.45E-01,1.07E+00,1.18E-01,1.36E-01,0.490034171
ASD,"Illness, injury, bereavement, stress in last 2 years: Financial difficulties ",Simple mode,-0.603533992,2.882166681,8.39E-01,5.47E-01,1.93E-03,1.55E+02,6.13E-01,6.55E-01,0.48418943
ASD,Autoimmune diseases ,MR Egger,0.007916273,0.038841545,8.39E-01,1.01E+00,9.34E-01,1.09E+00,9.36E-01,9.11E-01,0.166070761
OCD,Age-related hearing impairment (MTAG) ,Simple mode,0.177759246,0.868834956,8.39E-01,1.19E+00,2.18E-01,6.56E+00,6.59E-02,7.95E-02,0.672216691
OCD,Sleeplessness / insomnia ,Simple mode,-0.281105372,1.379636093,8.40E-01,7.55E-01,5.05E-02,1.13E+01,1.65E-10,2.97E-10,0.924188828
ED,Intelligence ,Simple mode,-0.060634786,0.300358186,8.40E-01,9.41E-01,5.22E-01,1.70E+00,1.44E-11,1.54E-11,0.454530892
PTSD,"Illness, injury, bereavement, stress in last 2 years: Death of a spouse or partner",Inverse variance weighted,-0.108215858,0.540599232,8.41E-01,8.97E-01,3.11E-01,2.59E+00,1.16E-08,1.08E-08,0.194371799
DEP,Primary biliary cirrhosis ,MR Egger,-0.003785752,0.01870547,8.42E-01,9.96E-01,9.60E-01,1.03E+00,7.11E-03,9.34E-03,0.653885458
ADHD,Congenital cytomegalovirus infection,MR Egger,0.132405356,0.524742788,8.43E-01,1.14E+00,4.08E-01,3.19E+00,2.33E-01,2.66E-01,0.523192313
ASD,Viral infection,MR Egger,-0.835470468,4.228889532,8.43E-01,4.34E-01,1.09E-04,1.73E+03,3.36E-23,4.02E-23,0.999304449
ANX,Diagnoses - main ICD10: I25.1 Atherosclerotic heart disease ,Weighted mode,0.775814679,3.916060529,8.44E-01,2.17E+00,1.01E-03,4.68E+03,8.84E-01,8.85E-01,0.371424741
PTSD,Chickenpox,MR Egger,-0.557145219,2.849395499,8.45E-01,5.73E-01,2.15E-03,1.53E+02,9.62E-05,9.84E-05,0.428201041
BP,Diagnoses - secondary ICD10: I10 Essential (primary) hypertension ,MR Egger,-0.279611423,1.431361506,8.46E-01,7.56E-01,4.57E-02,1.25E+01,3.84E-01,4.14E-01,0.736685574
ANX,"Diagnoses - secondary ICD10: E03.9 Hypothyroidism, unspecified ",Inverse variance weighted,-0.398981337,2.064748867,8.47E-01,6.71E-01,1.17E-02,3.84E+01,8.01E-01,8.15E-01,0.468424168
ASD,Autoimmune diseases ,Weighted mode,-0.006794999,0.034987117,8.47E-01,9.93E-01,9.27E-01,1.06E+00,9.36E-01,9.11E-01,0.166070761
ALZ,Mineral and other dietary supplements: Zinc ,MR Egger,-1.742381561,7.108027266,8.47E-01,1.75E-01,1.56E-07,1.97E+05,4.09E-01,7.09E-01,0.954863439
DEP,Serum 25-Hydroxyvitamin D levels ,Inverse variance weighted,-0.005188393,0.027004188,8.48E-01,9.95E-01,9.44E-01,1.05E+00,4.60E-05,9.74E-06,0.021248455
BP,Unspecified maternal hypertension,MR Egger,0.000303144,0.00157764,8.48E-01,1.00E+00,9.97E-01,1.00E+00,1.28E-01,1.33E-01,0.809668802
OCD,Gestational diabetes (for exclusion) ,Simple mode,0.032009273,0.146880598,8.48E-01,1.03E+00,7.74E-01,1.38E+00,8.65E-01,9.15E-01,0.662995418
PTSD,Gestational diabetes (for exclusion) ,MR Egger,0.019362566,0.092591059,8.48E-01,1.02E+00,8.50E-01,1.22E+00,4.04E-01,3.28E-02,0.070558576
PTSD,Gestational diabetes (for exclusion) ,MR Egger,0.019362566,0.092591059,8.48E-01,1.02E+00,8.50E-01,1.22E+00,4.04E-01,3.28E-02,0.070558576
PTSD,Age-related hearing impairment (MTAG) ,Weighted median,0.051430843,0.269798,8.49E-01,1.05E+00,6.20E-01,1.79E+00,7.86E-03,9.80E-03,0.618456104
ALZ,Birth weight ,Weighted median,-0.012789277,0.067171806,8.49E-01,9.87E-01,8.66E-01,1.13E+00,1.47E-03,1.71E-03,0.700392849
ASD,"Illness, injury, bereavement, stress in last 2 years: Financial difficulties ",Weighted median,0.309776023,1.646133021,8.51E-01,1.36E+00,5.41E-02,3.43E+01,6.13E-01,6.55E-01,0.48418943
ASD,Sleeplessness / insomnia ,MR Egger,-0.247275615,1.307444276,8.51E-01,7.81E-01,6.02E-02,1.01E+01,4.11E-01,4.31E-01,0.461291419
ANX,Alzheimer's disease or family history of Alzheimer's disease ,Inverse variance weighted,-0.013385825,0.071347773,8.51E-01,9.87E-01,8.58E-01,1.13E+00,1.20E-02,1.54E-02,0.736557952
ASD,"Illness, injury, bereavement, stress in last 2 years: Financial difficulties ",Weighted median,0.309776023,1.667003693,8.53E-01,1.36E+00,5.19E-02,3.58E+01,6.13E-01,6.55E-01,0.48418943
ASD,Age-related hearing impairment (MTAG) ,MR Egger,0.159901832,0.854897876,8.53E-01,1.17E+00,2.20E-01,6.27E+00,5.47E-01,6.00E-01,0.791362667
ANX,Alzheimer's disease or family history of Alzheimer's disease ,MR Egger,0.024519325,0.133058082,8.55E-01,1.02E+00,7.90E-01,1.33E+00,1.20E-02,1.54E-02,0.736557952
ASD,Diabetes mellitus ,MR Egger,-0.008506494,0.046624602,8.56E-01,9.92E-01,9.05E-01,1.09E+00,2.98E-01,2.88E-01,0.274908982
ANX,Childhood obesity ,MR Egger,0.139452149,0.707204902,8.56E-01,1.15E+00,2.87E-01,4.60E+00,1.25E-01,2.14E-01,0.857272036
ED,Nitrogen dioxide air pollution; 2010 ,Inverse variance weighted,-0.165129356,0.91368192,8.57E-01,8.48E-01,1.41E-01,5.08E+00,1.60E-01,1.05E-01,0.241107647
ANX,Iron intake,Inverse variance weighted,0.37136169,2.064611373,8.57E-01,1.45E+00,2.53E-02,8.29E+01,4.16E-26,3.96E-26,0.299589161
OCD,smoking initiation ,Simple mode,-0.093969827,0.523303691,8.58E-01,9.10E-01,3.26E-01,2.54E+00,8.00E-04,7.40E-04,0.310689123
DEP,Viral infection,Weighted median,-0.146233042,0.829070471,8.60E-01,8.64E-01,1.70E-01,4.39E+00,1.78E-01,1.81E-01,0.513512517
ANX,Primary sclerosing cholangitis ,Inverse variance weighted,0.006518253,0.037078152,8.60E-01,1.01E+00,9.36E-01,1.08E+00,3.17E-01,3.92E-01,0.843794435
ADHD,Extraversion,Weighted median,-0.000339485,0.001933909,8.61E-01,1.00E+00,9.96E-01,1.00E+00,3.79E-20,3.65E-20,0.300348565
ASD,College completion ,Weighted median,0.025748645,0.147790284,8.62E-01,1.03E+00,7.68E-01,1.37E+00,2.99E-02,5.22E-02,0.703106532
BP,Intelligence ,Inverse variance weighted,0.01478146,0.084923583,8.62E-01,1.01E+00,8.59E-01,1.20E+00,4.32E-01,4.45E-01,0.508952987
ADHD,Educational attainment,Weighted mode,0.630750884,3.633508152,8.62E-01,1.88E+00,1.52E-03,2.33E+03,7.40E-79,6.12E-79,0.267199899
ASD,"Illness, injury, bereavement, stress in last 2 years: Financial difficulties ",Weighted mode,-0.464399977,2.623412106,8.64E-01,6.29E-01,3.67E-03,1.07E+02,6.13E-01,6.55E-01,0.48418943
DEP,Intelligence ,Weighted median,0.006006811,0.035210895,8.65E-01,1.01E+00,9.39E-01,1.08E+00,1.44E-11,1.54E-11,0.454530892
ASD,Current employment status: Unemployed,Inverse variance weighted,0.084922582,0.498963714,8.65E-01,1.09E+00,4.09E-01,2.89E+00,1.31E-27,1.37E-27,0.437673351
ASD,Current employment status: Unemployed,Inverse variance weighted,0.084922582,0.498963714,8.65E-01,1.09E+00,4.09E-01,2.89E+00,1.31E-27,1.37E-27,0.437673351
SCZ,"Non-cancer illness code, self-reported: diabetes ",Weighted mode,-0.117075423,0.685174311,8.65E-01,8.90E-01,2.32E-01,3.41E+00,4.96E-12,7.92E-12,0.810494062
ASD,"Illness, injury, bereavement, stress in last 2 years: Financial difficulties ",Weighted mode,-0.464399977,2.657373012,8.66E-01,6.29E-01,3.44E-03,1.15E+02,6.13E-01,6.55E-01,0.48418943
DEP,Maternal smoking around birth ,MR Egger,-0.275311288,1.599749383,8.66E-01,7.59E-01,3.30E-02,1.75E+01,1.26E-03,2.10E-03,0.872675286
DEP,Maternal smoking around birth ,MR Egger,-0.275311288,1.599749383,8.66E-01,7.59E-01,3.30E-02,1.75E+01,1.26E-03,2.10E-03,0.872675286
ADHD,Ever taken cannabis ,Weighted mode,0.005185272,0.02936654,8.67E-01,1.01E+00,9.49E-01,1.06E+00,1.40E-01,1.91E-01,0.620876264
ASD,Congenital cytomegalovirus infection,Simple mode,0.043217575,0.245914358,8.67E-01,1.04E+00,6.45E-01,1.69E+00,2.33E-01,2.66E-01,0.523192313
BP,Current employment status: Retired,Weighted median,-0.01889173,0.113298728,8.68E-01,9.81E-01,7.86E-01,1.23E+00,1.57E-01,1.63E-01,0.964580618
OCD,"Diagnoses - secondary ICD10: E03.9 Hypothyroidism, unspecified ",Weighted mode,0.601629946,3.588154868,8.68E-01,1.83E+00,1.61E-03,2.07E+03,1.50E-01,1.78E-01,0.835795114
PTSD,Operative procedures,Inverse variance weighted,-0.184865023,1.112096851,8.68E-01,8.31E-01,9.40E-02,7.35E+00,1.90E-08,2.06E-08,0.716297006
ANX,Primary sclerosing cholangitis ,Simple mode,0.015387264,0.09061048,8.68E-01,1.02E+00,8.50E-01,1.21E+00,3.17E-01,3.92E-01,0.843794435
ALZ,"Illness, injury, bereavement, stress in last 2 years: Financial difficulties ",MR Egger,0.7923016,4.612890005,8.68E-01,2.21E+00,2.62E-04,1.86E+04,1.90E-01,2.58E-01,0.772673041
ALZ,"Illness, injury, bereavement, stress in last 2 years: Financial difficulties ",MR Egger,0.7923016,4.612890005,8.68E-01,2.21E+00,2.62E-04,1.86E+04,1.90E-01,2.58E-01,0.772673041
ASD,Type 1 diabetes ,Inverse variance weighted,-0.001224544,0.007403425,8.69E-01,9.99E-01,9.84E-01,1.01E+00,8.90E-01,9.15E-01,0.917708647
ASD,Diabetes mellitus ,Weighted median,-0.005726094,0.034738165,8.69E-01,9.94E-01,9.29E-01,1.06E+00,2.98E-01,2.88E-01,0.274908982
SCZ,"Non-cancer illness code, self-reported: psoriasis ",Weighted mode,-0.115268196,0.693025886,8.70E-01,8.91E-01,2.29E-01,3.47E+00,2.85E-02,4.02E-02,0.958005122
BP,Caffeine,Inverse variance weighted,0.053373666,0.326709192,8.70E-01,1.05E+00,5.56E-01,2.00E+00,1.66E-01,1.66E-01,0.347532961
SCZ,"Illness, injury, bereavement, stress in last 2 years: Financial difficulties ",Simple mode,0.336984075,2.006029781,8.71E-01,1.40E+00,2.75E-02,7.14E+01,5.73E-01,1.51E-01,0.040689839
BP,Body mass index (BMI) ,Simple mode,0.031120137,0.191640147,8.71E-01,1.03E+00,7.09E-01,1.50E+00,4.09E-01,4.21E-01,0.751756581
ASD,Unspecified maternal hypertension,Inverse variance weighted,-0.000208678,0.001292135,8.72E-01,1.00E+00,9.97E-01,1.00E+00,1.20E-09,9.55E-10,0.089885104
PTSD,Diagnoses - main ICD10: I25.1 Atherosclerotic heart disease ,Weighted mode,-0.30591956,1.882212521,8.72E-01,7.36E-01,1.84E-02,2.95E+01,2.15E-03,1.93E-03,0.354157699
ASD,Living alone,Weighted median,-0.179553581,1.118001517,8.72E-01,8.36E-01,9.34E-02,7.48E+00,2.91E-16,3.32E-16,0.857891204
ANX,Birth weight ,Inverse variance weighted,0.020739762,0.12927267,8.73E-01,1.02E+00,7.92E-01,1.32E+00,3.36E-01,3.10E-01,0.144352315
ANX,Type 1 diabetes ,Simple mode,0.010682835,0.066138451,8.73E-01,1.01E+00,8.88E-01,1.15E+00,8.90E-01,9.15E-01,0.917708647
ALZ,Neuroticism score ,Inverse variance weighted,-0.004543465,0.028388371,8.73E-01,9.95E-01,9.42E-01,1.05E+00,2.23E-09,1.77E-09,0.286766747
DEP,"Diagnoses - secondary ICD10: E03.9 Hypothyroidism, unspecified ",Weighted median,-0.075685697,0.475142467,8.73E-01,9.27E-01,3.65E-01,2.35E+00,1.50E-01,1.78E-01,0.835795114
ASD,Heart rate ,Simple mode,0.002889393,0.017818804,8.74E-01,1.00E+00,9.68E-01,1.04E+00,2.36E-01,2.98E-01,0.944759356
ALZ,Age at first birth ,Weighted mode,-0.012589087,0.079049375,8.74E-01,9.87E-01,8.46E-01,1.15E+00,2.37E-02,2.09E-02,0.250744821
ALZ,"Diagnoses - main ICD10: J45.9 Asthma, unspecified ",Simple mode,-3.254828857,18.91586314,8.74E-01,3.86E-02,3.05E-18,4.87E+14,3.63E-01,7.16E-02,0.156832002
ASD,Caffeine,Inverse variance weighted,-0.07057517,0.449557209,8.75E-01,9.32E-01,3.86E-01,2.25E+00,9.17E-15,7.36E-15,0.123982374
SCZ,"Illness, injury, bereavement, stress in last 2 years: Financial difficulties ",Simple mode,0.336984075,2.080015706,8.75E-01,1.40E+00,2.38E-02,8.26E+01,5.73E-01,1.51E-01,0.040689839
ALZ,Autoimmune diseases ,Simple mode,0.011581403,0.073396398,8.75E-01,1.01E+00,8.76E-01,1.17E+00,1.10E-02,1.18E-02,0.443144672
ALZ,Heart rate ,Weighted mode,-0.002254587,0.014117746,8.75E-01,9.98E-01,9.71E-01,1.03E+00,2.96E-01,3.66E-01,0.960257877
ADHD,Educational attainment,Simple mode,0.630750884,4.060300787,8.77E-01,1.88E+00,6.57E-04,5.37E+03,7.40E-79,6.12E-79,0.267199899
ASD,"Illness, injury, bereavement, stress in last 2 years: Financial difficulties ",MR Egger,-0.822657164,5.137571375,8.77E-01,4.39E-01,1.86E-05,1.04E+04,6.13E-01,6.55E-01,0.48418943
ASD,"Illness, injury, bereavement, stress in last 2 years: Financial difficulties ",MR Egger,-0.822657164,5.137571375,8.77E-01,4.39E-01,1.86E-05,1.04E+04,6.13E-01,6.55E-01,0.48418943
OCD,Primary biliary cirrhosis ,MR Egger,-0.011159945,0.071478479,8.78E-01,9.89E-01,8.60E-01,1.14E+00,7.11E-03,9.34E-03,0.653885458
PTSD,"Non-cancer illness code, self-reported: psoriasis ",Simple mode,0.537942331,3.471161145,8.79E-01,1.71E+00,1.90E-03,1.54E+03,2.85E-02,4.02E-02,0.958005122
ASD,Primary biliary cirrhosis ,MR Egger,-0.005429244,0.035128611,8.79E-01,9.95E-01,9.28E-01,1.07E+00,1.27E-01,1.49E-01,0.571743678
ANX,Diagnoses - main ICD10: I25.1 Atherosclerotic heart disease ,Weighted median,-0.497470636,3.269043955,8.79E-01,6.08E-01,1.00E-03,3.69E+02,8.84E-01,8.85E-01,0.371424741
ASD,Age at first birth ,Simple mode,-0.018279296,0.121327186,8.81E-01,9.82E-01,7.74E-01,1.25E+00,2.94E-01,3.06E-01,0.438959952
SCZ,Rubella vaccination,Inverse variance weighted,-0.000230961,0.001544153,8.81E-01,1.00E+00,9.97E-01,1.00E+00,1.70E-02,1.73E-02,0.444404848
SCZ,Allergic rhinitis ,Inverse variance weighted,0.015767181,0.105770639,8.81E-01,1.02E+00,8.26E-01,1.25E+00,2.56E-01,4.86E-01,0.786689129
BP,Iron intake,MR Egger,0.283496594,1.913713429,8.82E-01,1.33E+00,3.12E-02,5.65E+01,4.26E-01,4.23E-01,0.225977787
ANX,Tea intake ,Weighted median,-0.066162373,0.446720614,8.82E-01,9.36E-01,3.90E-01,2.25E+00,3.20E-02,3.75E-02,0.591047064
ANX,Diagnoses - secondary ICD10: I10 Essential (primary) hypertension ,MR Egger,-0.446898539,3.010375609,8.82E-01,6.40E-01,1.75E-03,2.34E+02,3.84E-01,4.14E-01,0.736685574
ASD,Neuroticism score ,Weighted mode,-0.016275637,0.109922816,8.83E-01,9.84E-01,7.93E-01,1.22E+00,1.16E-01,8.85E-02,0.078855935
SCZ,"Illness, injury, bereavement, stress in last 2 years: Financial difficulties ",Weighted mode,0.284188553,1.880972773,8.84E-01,1.33E+00,3.33E-02,5.30E+01,5.73E-01,1.51E-01,0.040689839
ANX,Diabetes mellitus ,Simple mode,-0.026226454,0.178328007,8.84E-01,9.74E-01,6.87E-01,1.38E+00,2.98E-01,2.88E-01,0.274908982
BP,Nitrogen dioxide air pollution; 2010 ,Weighted median,-0.059663771,0.408776198,8.84E-01,9.42E-01,4.23E-01,2.10E+00,6.78E-03,5.57E-03,0.439793617
ADHD,Type 1 diabetes ,Weighted median,0.001033077,0.00711506,8.85E-01,1.00E+00,9.87E-01,1.02E+00,3.02E-02,3.24E-02,0.44792816
ADHD,Primary biliary cirrhosis ,Inverse variance weighted,-0.001650141,0.011379211,8.85E-01,9.98E-01,9.76E-01,1.02E+00,2.08E-04,3.20E-04,0.776661996
OCD,Neuroticism score ,Weighted median,-0.011651377,0.080510333,8.85E-01,9.88E-01,8.44E-01,1.16E+00,1.55E-10,6.41E-11,0.134958317
ANX,Type 1 diabetes ,MR Egger,-0.008863783,0.060885354,8.85E-01,9.91E-01,8.80E-01,1.12E+00,8.90E-01,9.15E-01,0.917708647
ALZ,Ever taken cannabis ,Inverse variance weighted,0.002453997,0.017063452,8.86E-01,1.00E+00,9.69E-01,1.04E+00,8.31E-01,9.00E-01,0.932388195
ED,Mineral and other dietary supplements: Zinc ,MR Egger,1.757204275,9.724656445,8.86E-01,5.80E+00,3.06E-08,1.10E+09,3.91E-02,8.97E-02,0.77722608
OCD,Serum 25-Hydroxyvitamin D levels ,Weighted median,-0.030942392,0.216589419,8.86E-01,9.70E-01,6.34E-01,1.48E+00,4.60E-05,9.74E-06,0.021248455
SCZ,"Non-cancer illness code, self-reported: psoriasis ",MR Egger,-0.11514274,0.799680253,8.87E-01,8.91E-01,1.86E-01,4.27E+00,2.85E-02,4.02E-02,0.958005122
OCD,Age-related hearing impairment (MTAG) ,Weighted median,-0.068487312,0.483351408,8.87E-01,9.34E-01,3.62E-01,2.41E+00,6.59E-02,7.95E-02,0.672216691
ALZ,Viral infection,Inverse variance weighted,0.172536195,1.217710861,8.87E-01,1.19E+00,1.09E-01,1.29E+01,3.94E-01,4.59E-01,0.744986651
SCZ,"Illness, injury, bereavement, stress in last 2 years: Financial difficulties ",Weighted mode,0.284188553,1.947558263,8.88E-01,1.33E+00,2.92E-02,6.04E+01,5.73E-01,1.51E-01,0.040689839
OCD,"Non-cancer illness code, self-reported: diabetes ",Simple mode,-0.469201098,3.307890596,8.88E-01,6.26E-01,9.56E-04,4.09E+02,8.17E-01,8.27E-01,0.459888989
DEP,"Non-cancer illness code, self-reported: psoriasis ",Simple mode,0.209824395,1.463854136,8.88E-01,1.23E+00,7.00E-02,2.17E+01,1.37E-02,1.99E-02,0.881156109
ANX,Gestational diabetes (for exclusion) ,Simple mode,0.019967493,0.133224891,8.88E-01,1.02E+00,7.86E-01,1.32E+00,4.16E-01,2.85E-01,0.236593224
SCZ,Gestational diabetes (for exclusion) ,Inverse variance weighted,-0.004858154,0.034627636,8.88E-01,9.95E-01,9.30E-01,1.07E+00,4.04E-01,3.28E-02,0.070558576
SCZ,Gestational diabetes (for exclusion) ,Inverse variance weighted,-0.004858154,0.034627636,8.88E-01,9.95E-01,9.30E-01,1.07E+00,4.04E-01,3.28E-02,0.070558576
SCZ,"Non-cancer illness code, self-reported: psoriasis ",Inverse variance weighted,-0.087635385,0.625388166,8.89E-01,9.16E-01,2.69E-01,3.12E+00,2.85E-02,4.02E-02,0.958005122
ASD,Gestational diabetes (for exclusion) ,MR Egger,0.013334844,0.087583109,8.89E-01,1.01E+00,8.54E-01,1.20E+00,4.16E-01,2.85E-01,0.236593224
ASD,Gestational diabetes (for exclusion) ,MR Egger,0.013334844,0.087583109,8.89E-01,1.01E+00,8.54E-01,1.20E+00,4.16E-01,2.85E-01,0.236593224
ANX,Gestational diabetes (for exclusion) ,Simple mode,0.019967493,0.134037843,8.89E-01,1.02E+00,7.84E-01,1.33E+00,4.16E-01,2.85E-01,0.236593224
DEP,Nitrogen dioxide air pollution; 2010 ,Weighted mode,-0.035884391,0.246323445,8.89E-01,9.65E-01,5.95E-01,1.56E+00,1.60E-01,1.05E-01,0.241107647
ED,Alzheimer's disease or family history of Alzheimer's disease ,Weighted median,-0.004748583,0.034162697,8.89E-01,9.95E-01,9.31E-01,1.06E+00,2.36E-01,2.37E-01,0.351905335
ALZ,Type 2 diabetes ,Simple mode,-0.009932212,0.07189491,8.90E-01,9.90E-01,8.60E-01,1.14E+00,1.68E-03,2.05E-03,0.941907728
BP,Rubella vaccination,MR Egger,0.000363103,0.002635491,8.90E-01,1.00E+00,9.95E-01,1.01E+00,5.09E-01,5.12E-01,0.390441143
PTSD,Childhood obesity ,MR Egger,-0.042014064,0.284754849,8.92E-01,9.59E-01,5.49E-01,1.68E+00,8.25E-01,9.21E-01,0.889812322
ALZ,Qualifications: College or University degree ,Simple mode,-0.067368421,0.496733999,8.92E-01,9.35E-01,3.53E-01,2.47E+00,3.94E-01,4.59E-01,0.61001471
ASD,Childhood obesity ,Weighted mode,0.009673251,0.067321227,8.93E-01,1.01E+00,8.85E-01,1.15E+00,1.25E-01,2.14E-01,0.857272036
ASD,Congenital cytomegalovirus infection,MR Egger,-0.046639109,0.325166626,8.93E-01,9.54E-01,5.05E-01,1.81E+00,2.33E-01,2.66E-01,0.523192313
PTSD,Heart rate ,MR Egger,0.005180185,0.037784714,8.93E-01,1.01E+00,9.33E-01,1.08E+00,1.20E-06,6.19E-07,0.36460977
ED,Current employment status: Unemployed,Inverse variance weighted,-0.081190522,0.605194303,8.93E-01,9.22E-01,2.82E-01,3.02E+00,2.09E-02,2.17E-02,0.852825766
ED,Current employment status: Unemployed,Inverse variance weighted,-0.081190522,0.605194303,8.93E-01,9.22E-01,2.82E-01,3.02E+00,2.09E-02,2.17E-02,0.852825766
PTSD,Diagnoses - secondary ICD10: I10 Essential (primary) hypertension ,Simple mode,-0.174218619,1.299642871,8.94E-01,8.40E-01,6.58E-02,1.07E+01,3.20E-10,5.07E-10,0.929020551
PTSD,Operative procedures,MR Egger,-0.349708908,2.621720253,8.94E-01,7.05E-01,4.13E-03,1.20E+02,1.90E-08,2.06E-08,0.716297006
ASD,"Illness, injury, bereavement, stress in last 2 years: Death of a spouse or partner",Weighted median,-0.103519936,0.786210862,8.95E-01,9.02E-01,1.93E-01,4.21E+00,3.62E-27,4.32E-27,0.964007176
OCD,Mumps,Weighted median,-0.000854947,0.006561267,8.96E-01,9.99E-01,9.86E-01,1.01E+00,1.53E-02,1.48E-02,0.172959629
OCD,Serum 25-Hydroxyvitamin D levels ,Weighted mode,0.023909363,0.18315475,8.96E-01,1.02E+00,7.15E-01,1.47E+00,4.60E-05,9.74E-06,0.021248455
OCD,Living alone,MR Egger,0.477275882,3.718261696,8.98E-01,1.61E+00,1.10E-03,2.36E+03,6.13E-04,5.91E-04,0.212492766
PTSD,Diagnoses - secondary ICD10: I10 Essential (primary) hypertension ,Weighted median,-0.073469323,0.574167955,8.98E-01,9.29E-01,3.02E-01,2.86E+00,3.20E-10,5.07E-10,0.929020551
ADHD,Nitrogen dioxide air pollution; 2010 ,Weighted mode,-0.076020549,0.583298029,9.00E-01,9.27E-01,2.95E-01,2.91E+00,1.11E-02,7.92E-03,0.374272917
ADHD,Fresh fruit intake ,MR Egger,-0.129789743,1.030190782,9.00E-01,8.78E-01,1.17E-01,6.62E+00,3.22E-13,5.83E-13,0.955496332
PTSD,Chickenpox,Inverse variance weighted,0.149914138,1.196135654,9.00E-01,1.16E+00,1.11E-01,1.21E+01,9.62E-05,9.84E-05,0.428201041
ALZ,Behauvioural and emotional disorders with onset usually occuring in childhood and adolescence,MR Egger,0.000736778,0.005883093,9.00E-01,1.00E+00,9.89E-01,1.01E+00,3.94E-01,4.59E-01,0.269511965
ANX,"Non-cancer illness code, self-reported: diabetes ",MR Egger,0.386151996,3.125667113,9.02E-01,1.47E+00,3.21E-03,6.73E+02,1.15E-01,1.31E-01,0.739258283
ADHD,Diagnoses - main ICD10: I25.1 Atherosclerotic heart disease ,Inverse variance weighted,-0.144315843,1.182933474,9.03E-01,8.66E-01,8.52E-02,8.80E+00,2.28E-05,3.00E-06,0.1023198
BP,Primary biliary cirrhosis ,Weighted median,0.001395737,0.011804307,9.06E-01,1.00E+00,9.78E-01,1.02E+00,1.27E-01,1.49E-01,0.571743678
DEP,"Illness, injury, bereavement, stress in last 2 years: Financial difficulties ",MR Egger,0.24542663,2.019694671,9.06E-01,1.28E+00,2.44E-02,6.70E+01,3.55E-01,4.44E-01,0.731465866
DEP,"Illness, injury, bereavement, stress in last 2 years: Financial difficulties ",MR Egger,0.24542663,2.019694671,9.06E-01,1.28E+00,2.44E-02,6.70E+01,3.55E-01,4.44E-01,0.731465866
OCD,smoking initiation ,MR Egger,0.113133715,0.957536607,9.06E-01,1.12E+00,1.71E-01,7.31E+00,8.00E-04,7.40E-04,0.310689123
DEP,Diabetes mellitus ,Simple mode,-0.003303005,0.028059019,9.07E-01,9.97E-01,9.43E-01,1.05E+00,5.60E-01,5.56E-01,0.300889221
ASD,Caffeine,Weighted median,-0.076996679,0.668889049,9.08E-01,9.26E-01,2.50E-01,3.44E+00,9.17E-15,7.36E-15,0.123982374
ANX,Type 1 diabetes ,Inverse variance weighted,-0.003235659,0.028191982,9.09E-01,9.97E-01,9.43E-01,1.05E+00,8.90E-01,9.15E-01,0.917708647
PTSD,Age-related hearing impairment (MTAG) ,Inverse variance weighted,-0.02237114,0.195005106,9.09E-01,9.78E-01,6.67E-01,1.43E+00,7.86E-03,9.80E-03,0.618456104
ANX,Primary sclerosing cholangitis ,MR Egger,-0.011276982,0.096302793,9.09E-01,9.89E-01,8.19E-01,1.19E+00,3.17E-01,3.92E-01,0.843794435
ADHD,Autoimmune diseases ,Weighted mode,-0.002391734,0.020783193,9.09E-01,9.98E-01,9.58E-01,1.04E+00,8.49E-02,1.02E-01,0.841474556
ED,Diagnoses - secondary ICD10: I10 Essential (primary) hypertension ,MR Egger,0.229498629,2.004536872,9.09E-01,1.26E+00,2.47E-02,6.40E+01,3.02E-02,3.57E-02,0.763537701
ED,Chickenpox,Inverse variance weighted,-0.155695744,1.367261878,9.09E-01,8.56E-01,5.87E-02,1.25E+01,4.33E-01,4.39E-01,0.869913031
ALZ,Ever taken cannabis ,MR Egger,0.008955124,0.075445511,9.09E-01,1.01E+00,8.70E-01,1.17E+00,8.31E-01,9.00E-01,0.932388195
ADHD,Heart rate ,MR Egger,-0.00360181,0.031111571,9.10E-01,9.96E-01,9.37E-01,1.06E+00,5.44E-02,7.69E-02,0.912617194
PTSD,Diagnoses - secondary ICD10: I10 Essential (primary) hypertension ,MR Egger,0.179340746,1.573816107,9.10E-01,1.20E+00,5.47E-02,2.62E+01,3.20E-10,5.07E-10,0.929020551
SCZ,Serum 25-Hydroxyvitamin D levels ,Simple mode,-0.015449344,0.136575405,9.10E-01,9.85E-01,7.53E-01,1.29E+00,6.95E-10,1.00E-09,0.905174633
SCZ,Diagnoses - main ICD10: I25.1 Atherosclerotic heart disease ,MR Egger,0.335560396,2.951242859,9.10E-01,1.40E+00,4.30E-03,4.55E+02,2.15E-03,1.93E-03,0.354157699
BP,Alzheimer's disease or family history of Alzheimer's disease ,MR Egger,-0.004714276,0.041849336,9.11E-01,9.95E-01,9.17E-01,1.08E+00,1.20E-02,1.54E-02,0.736557952
BP,Type 2 diabetes ,MR Egger,0.00546188,0.04877387,9.11E-01,1.01E+00,9.14E-01,1.11E+00,6.07E-02,6.65E-02,0.613324742
PTSD,Tea intake ,Weighted mode,0.03100171,0.277009083,9.11E-01,1.03E+00,5.99E-01,1.78E+00,3.34E-05,3.53E-05,0.452765438
ASD,Type 2 diabetes ,MR Egger,0.005389813,0.04945743,9.13E-01,1.01E+00,9.13E-01,1.11E+00,6.07E-02,6.65E-02,0.613324742
DEP,Nitrogen dioxide air pollution; 2010 ,Simple mode,-0.028556937,0.253800948,9.14E-01,9.72E-01,5.91E-01,1.60E+00,1.60E-01,1.05E-01,0.241107647
ALZ,Operation code: caesarean section / caesarian section ,Weighted mode,-0.263080191,2.162821242,9.14E-01,7.69E-01,1.11E-02,5.33E+01,8.04E-01,4.64E-01,0.438824537
PTSD,Sleeplessness / insomnia ,Weighted mode,0.08100661,0.75160871,9.15E-01,1.08E+00,2.49E-01,4.73E+00,1.01E-12,1.94E-12,0.955004357
OCD,"Diagnoses - main ICD10: J45.9 Asthma, unspecified ",Inverse variance weighted,3.053696941,28.53893387,9.15E-01,2.12E+01,1.08E-23,4.16E+25,6.86E-01,8.29E-01,0.950948447
ALZ,"Non-cancer illness code, self-reported: diabetes ",Weighted mode,0.084627227,0.788036986,9.15E-01,1.09E+00,2.32E-01,5.10E+00,3.07E-05,3.74E-05,0.583597277
BP,Birth weight ,MR Egger,-0.01824464,0.17087474,9.15E-01,9.82E-01,7.02E-01,1.37E+00,3.36E-01,3.10E-01,0.144352315
BP,Nitrogen dioxide air pollution; 2010 ,Weighted mode,0.087542736,0.794384591,9.15E-01,1.09E+00,2.30E-01,5.18E+00,6.78E-03,5.57E-03,0.439793617
ADHD,Congenital cytomegalovirus infection,Weighted median,-0.223760665,2.11017237,9.16E-01,8.00E-01,1.28E-02,5.00E+01,2.33E-01,2.66E-01,0.523192313
SCZ,Serum 25-Hydroxyvitamin D levels ,MR Egger,-0.009057923,0.086413625,9.17E-01,9.91E-01,8.37E-01,1.17E+00,6.95E-10,1.00E-09,0.905174633
DEP,Tea intake ,MR Egger,0.014401281,0.137731481,9.17E-01,1.01E+00,7.74E-01,1.33E+00,1.11E-01,1.27E-01,0.630058391
ALZ,Nitrogen dioxide air pollution; 2010 ,MR Egger,-0.137241034,1.272695159,9.18E-01,8.72E-01,7.20E-02,1.06E+01,6.64E-01,7.57E-01,0.757904622
PTSD,Fresh fruit intake ,Weighted mode,-0.065956536,0.641581455,9.19E-01,9.36E-01,2.66E-01,3.29E+00,8.09E-21,7.99E-21,0.497506373
ANX,Nitrogen dioxide air pollution; 2010 ,Inverse variance weighted,-0.16556668,1.626662115,9.19E-01,8.47E-01,3.50E-02,2.05E+01,6.78E-03,5.57E-03,0.439793617
OCD,Alzheimer's disease or family history of Alzheimer's disease ,Simple mode,-0.011809849,0.115397218,9.19E-01,9.88E-01,7.88E-01,1.24E+00,2.36E-01,2.37E-01,0.351905335
PTSD,Diabetes mellitus ,Simple mode,0.008273804,0.082080763,9.20E-01,1.01E+00,8.58E-01,1.18E+00,1.22E-02,1.56E-02,0.98389506
ADHD,Nitrogen dioxide air pollution; 2010 ,Simple mode,0.079150411,0.76697298,9.21E-01,1.08E+00,2.41E-01,4.87E+00,1.11E-02,7.92E-03,0.374272917
OCD,Maternal smoking around birth ,Weighted mode,0.28489429,2.8222435,9.21E-01,1.33E+00,5.26E-03,3.36E+02,1.26E-03,2.10E-03,0.872675286
ALZ,Primary sclerosing cholangitis ,Weighted mode,0.003829828,0.038113326,9.22E-01,1.00E+00,9.32E-01,1.08E+00,1.12E-06,2.74E-07,0.292191565
ED,Behauvioural and emotional disorders with onset usually occuring in childhood and adolescence,MR Egger,-0.00123767,0.012600321,9.22E-01,9.99E-01,9.74E-01,1.02E+00,2.99E-01,3.02E-01,0.414593205
ASD,Diabetes mellitus ,Simple mode,-0.006655449,0.067552111,9.22E-01,9.93E-01,8.70E-01,1.13E+00,2.98E-01,2.88E-01,0.274908982
BP,Age-related hearing impairment (MTAG) ,MR Egger,-0.064661858,0.667896426,9.24E-01,9.37E-01,2.53E-01,3.47E+00,5.47E-01,6.00E-01,0.791362667
ADHD,Mineral and other dietary supplements: Zinc ,Weighted median,-0.312813756,3.272673953,9.24E-01,7.31E-01,1.20E-03,4.47E+02,2.39E-02,7.39E-02,0.907485115
ANX,Rubella vaccination,MR Egger,0.00193528,0.02029208,9.24E-01,1.00E+00,9.63E-01,1.04E+00,3.15E-10,3.11E-10,0.317387409
ASD,Primary sclerosing cholangitis ,Inverse variance weighted,0.00125224,0.013287783,9.25E-01,1.00E+00,9.76E-01,1.03E+00,3.17E-01,3.92E-01,0.843794435
BP,Alzheimer's disease or family history of Alzheimer's disease ,Simple mode,-0.00450971,0.048105814,9.26E-01,9.96E-01,9.06E-01,1.09E+00,1.20E-02,1.54E-02,0.736557952
OCD,Maternal smoking around birth ,Weighted mode,0.28489429,3.009398641,9.26E-01,1.33E+00,3.65E-03,4.85E+02,1.26E-03,2.10E-03,0.872675286
PTSD,Qualifications: College or University degree ,Weighted mode,-0.050068336,0.539768682,9.26E-01,9.51E-01,3.30E-01,2.74E+00,7.01E-11,6.87E-12,0.008009552
ED,"Illness, injury, bereavement, stress in last 2 years: Death of a spouse or partner",MR Egger,0.120304011,1.299233453,9.26E-01,1.13E+00,8.84E-02,1.44E+01,9.96E-02,1.01E-01,0.485657442
OCD,Autoimmune diseases ,Weighted median,0.008943477,0.098730778,9.28E-01,1.01E+00,8.31E-01,1.22E+00,3.84E-01,4.13E-01,0.598546243
ANX,Tea intake ,MR Egger,-0.076186892,0.837928785,9.28E-01,9.27E-01,1.79E-01,4.79E+00,3.20E-02,3.75E-02,0.591047064
SCZ,Unspecified maternal hypertension,MR Egger,-0.000139689,0.001575481,9.29E-01,1.00E+00,9.97E-01,1.00E+00,2.71E-01,2.72E-01,0.371759617
PTSD,Age-related hearing impairment (MTAG) ,Simple mode,0.047505389,0.531361832,9.29E-01,1.05E+00,3.70E-01,2.97E+00,7.86E-03,9.80E-03,0.618456104
ASD,Heart rate ,Weighted median,0.001059132,0.011987712,9.30E-01,1.00E+00,9.78E-01,1.02E+00,2.36E-01,2.98E-01,0.944759356
ALZ,"Diagnoses - secondary ICD10: E03.9 Hypothyroidism, unspecified ",Simple mode,0.212196014,2.391009409,9.30E-01,1.24E+00,1.14E-02,1.34E+02,7.76E-02,9.65E-02,0.942781114
ANX,Viral infection,MR Egger,-0.70393935,8.05126746,9.30E-01,4.95E-01,6.93E-08,3.53E+06,3.36E-23,4.02E-23,0.999304449
SCZ,Mumps,Inverse variance weighted,-0.000123614,0.00144104,9.32E-01,1.00E+00,9.97E-01,1.00E+00,1.53E-02,1.48E-02,0.172959629
OCD,Alzheimer's disease or family history of Alzheimer's disease ,Weighted median,0.005879453,0.068768756,9.32E-01,1.01E+00,8.79E-01,1.15E+00,2.36E-01,2.37E-01,0.351905335
OCD,"Non-cancer illness code, self-reported: psoriasis ",Simple mode,1.068364508,12.31408586,9.32E-01,2.91E+00,9.59E-11,8.83E+10,1.37E-02,1.99E-02,0.881156109
ED,"Diagnoses - secondary ICD10: E03.9 Hypothyroidism, unspecified ",MR Egger,0.267863276,3.129615277,9.32E-01,1.31E+00,2.83E-03,6.03E+02,1.50E-01,1.78E-01,0.835795114
ALZ,Heart rate ,Simple mode,0.00138527,0.016174478,9.33E-01,1.00E+00,9.70E-01,1.03E+00,2.96E-01,3.66E-01,0.960257877
SCZ,Viral infection,Inverse variance weighted,-0.120007392,1.429359602,9.33E-01,8.87E-01,5.39E-02,1.46E+01,4.70E-07,5.05E-07,0.656918281
ALZ,Qualifications: College or University degree ,Weighted mode,-0.035191286,0.420285058,9.33E-01,9.65E-01,4.24E-01,2.20E+00,3.94E-01,4.59E-01,0.61001471
BP,Unspecified maternal hypertension,Inverse variance weighted,-7.43E-05,0.000889665,9.33E-01,1.00E+00,9.98E-01,1.00E+00,1.28E-01,1.33E-01,0.809668802
OCD,Tea intake ,Weighted mode,-0.036777966,0.438112225,9.34E-01,9.64E-01,4.08E-01,2.27E+00,1.11E-01,1.27E-01,0.630058391
ED,smoking initiation ,Inverse variance weighted,-0.008833375,0.10660973,9.34E-01,9.91E-01,8.04E-01,1.22E+00,8.00E-04,7.40E-04,0.310689123
ANX,College completion ,Weighted mode,-0.043516039,0.473670586,9.35E-01,9.57E-01,3.78E-01,2.42E+00,6.37E-01,7.26E-01,0.634476409
BP,Mumps,MR Egger,-0.000195706,0.002408314,9.35E-01,1.00E+00,9.95E-01,1.00E+00,2.24E-01,2.26E-01,0.379057929
SCZ,Alzheimer's disease or family history of Alzheimer's disease ,Weighted median,-0.001829215,0.022970383,9.37E-01,9.98E-01,9.54E-01,1.04E+00,3.67E-06,4.60E-06,0.570012981
DEP,Birth weight ,MR Egger,-0.006503785,0.082599423,9.37E-01,9.94E-01,8.45E-01,1.17E+00,1.16E-01,1.27E-01,0.831139804
OCD,Maternal smoking around birth ,Simple mode,0.221235492,2.782733717,9.38E-01,1.25E+00,5.34E-03,2.92E+02,1.26E-03,2.10E-03,0.872675286
SCZ,Autoimmune diseases ,MR Egger,-0.003560245,0.045522589,9.38E-01,9.96E-01,9.11E-01,1.09E+00,2.74E-05,3.77E-05,0.700159744
OCD,Maternal smoking around birth ,Simple mode,0.221235492,2.813613072,9.38E-01,1.25E+00,5.02E-03,3.10E+02,1.26E-03,2.10E-03,0.872675286
ADHD,Diagnoses - main ICD10: I25.1 Atherosclerotic heart disease ,Simple mode,0.158943675,2.045298413,9.39E-01,1.17E+00,2.13E-02,6.46E+01,2.28E-05,3.00E-06,0.1023198
ADHD,Diagnoses - secondary ICD10: I10 Essential (primary) hypertension ,Weighted median,0.030920292,0.40290037,9.39E-01,1.03E+00,4.68E-01,2.27E+00,3.69E-05,1.64E-05,0.122165029
ADHD,Diagnoses - secondary ICD10: I10 Essential (primary) hypertension ,Weighted mode,-0.059670874,0.782438548,9.39E-01,9.42E-01,2.03E-01,4.37E+00,3.69E-05,1.64E-05,0.122165029
ED,Nitrogen dioxide air pollution; 2010 ,MR Egger,0.3461139,4.377747602,9.40E-01,1.41E+00,2.65E-04,7.53E+03,1.60E-01,1.05E-01,0.241107647
ALZ,Age at first birth ,Simple mode,-0.006714058,0.089010316,9.40E-01,9.93E-01,8.34E-01,1.18E+00,2.37E-02,2.09E-02,0.250744821
BP,Primary biliary cirrhosis ,Simple mode,0.00162096,0.021434106,9.40E-01,1.00E+00,9.60E-01,1.04E+00,1.27E-01,1.49E-01,0.571743678
PTSD,Maternal smoking around birth ,MR Egger,-0.275065685,3.637115838,9.41E-01,7.60E-01,6.09E-04,9.47E+02,5.93E-10,1.27E-09,0.833390174
PTSD,Maternal smoking around birth ,MR Egger,-0.275065685,3.637115838,9.41E-01,7.60E-01,6.09E-04,9.47E+02,5.93E-10,1.27E-09,0.833390174
OCD,Allergic rhinitis ,Inverse variance weighted,-0.025988145,0.352618825,9.41E-01,9.74E-01,4.88E-01,1.94E+00,6.48E-01,8.73E-01,0.844709241
PTSD,Caffeine,MR Egger,-0.068394029,0.933450405,9.42E-01,9.34E-01,1.50E-01,5.82E+00,3.31E-07,3.44E-07,0.479720895
ANX,Behauvioural and emotional disorders with onset usually occuring in childhood and adolescence,Inverse variance weighted,-0.00133192,0.018318793,9.42E-01,9.99E-01,9.63E-01,1.04E+00,5.57E-09,1.67E-09,0.000624709
BP,Chickenpox,Simple mode,5.487073656,75.80651376,9.42E-01,2.42E+02,7.16E-63,8.14E+66,4.33E-01,4.39E-01,0.869913031
ALZ,Current employment status: Retired,Inverse variance weighted,-0.005782028,0.080540492,9.43E-01,9.94E-01,8.49E-01,1.16E+00,3.94E-01,4.59E-01,0.304526965
DEP,Mumps,MR Egger,6.76E-05,0.000951649,9.43E-01,1.00E+00,9.98E-01,1.00E+00,2.24E-01,2.26E-01,0.379057929
ASD,Diagnoses - secondary ICD10: I10 Essential (primary) hypertension ,MR Egger,0.114495465,1.613484149,9.44E-01,1.12E+00,4.75E-02,2.65E+01,3.84E-01,4.14E-01,0.736685574
PTSD,Age-related hearing impairment (MTAG) ,Weighted mode,0.035870364,0.508993414,9.44E-01,1.04E+00,3.82E-01,2.81E+00,7.86E-03,9.80E-03,0.618456104
ALZ,Age-related hearing impairment (MTAG) ,Weighted mode,-0.023894565,0.34408871,9.45E-01,9.76E-01,4.97E-01,1.92E+00,6.32E-01,6.63E-01,0.546827286
PTSD,Type 2 diabetes ,Weighted mode,0.002923864,0.042566365,9.45E-01,1.00E+00,9.23E-01,1.09E+00,1.58E-15,2.37E-15,0.803993711
ASD,"Diagnoses - secondary ICD10: E03.9 Hypothyroidism, unspecified ",MR Egger,0.177439206,2.578102362,9.46E-01,1.19E+00,7.63E-03,1.87E+02,8.01E-01,8.15E-01,0.468424168
ADHD,Viral infection,Inverse variance weighted,-0.091533264,1.343751489,9.46E-01,9.13E-01,6.55E-02,1.27E+01,3.36E-23,4.02E-23,0.999304449
ANX,Unspecified maternal hypertension,Inverse variance weighted,0.000297314,0.004370424,9.46E-01,1.00E+00,9.92E-01,1.01E+00,1.20E-09,9.55E-10,0.089885104
OCD,College completion ,Inverse variance weighted,0.022512292,0.336362664,9.47E-01,1.02E+00,5.29E-01,1.98E+00,6.04E-01,8.71E-01,0.943669546
OCD,Age-related hearing impairment (MTAG) ,Weighted mode,-0.054131333,0.801749461,9.47E-01,9.47E-01,1.97E-01,4.56E+00,6.59E-02,7.95E-02,0.672216691
PTSD,Ever taken cannabis ,Simple mode,0.0026776,0.03866643,9.47E-01,1.00E+00,9.29E-01,1.08E+00,1.18E-01,1.36E-01,0.490034171
OCD,Alzheimer's disease or family history of Alzheimer's disease ,Weighted mode,0.004115348,0.061439454,9.47E-01,1.00E+00,8.90E-01,1.13E+00,2.36E-01,2.37E-01,0.351905335
ED,Diagnoses - secondary ICD10: I10 Essential (primary) hypertension ,Weighted mode,0.087113893,1.32531167,9.48E-01,1.09E+00,8.12E-02,1.47E+01,3.02E-02,3.57E-02,0.763537701
ED,Iron intake,Weighted median,-0.106704534,1.64965184,9.48E-01,8.99E-01,3.54E-02,2.28E+01,4.26E-01,4.23E-01,0.225977787
SCZ,Birth weight ,Inverse variance weighted,-0.004175317,0.065922126,9.49E-01,9.96E-01,8.75E-01,1.13E+00,2.92E-10,4.08E-10,0.920003688
ASD,Nitrogen dioxide air pollution; 2010 ,Weighted mode,0.067770401,1.033530805,9.50E-01,1.07E+00,1.41E-01,8.11E+00,6.78E-03,5.57E-03,0.439793617
ALZ,Iron intake,Weighted mode,3.969521521,63.87678482,9.50E-01,5.30E+01,2.24E-53,1.25E+56,3.94E-01,4.59E-01,0.053714618
ASD,College completion ,Simple mode,0.011884914,0.172654217,9.51E-01,1.01E+00,7.21E-01,1.42E+00,2.99E-02,5.22E-02,0.703106532
ALZ,Iron intake,Simple mode,3.969521521,66.34772163,9.52E-01,5.30E+01,1.77E-55,1.59E+58,3.94E-01,4.59E-01,0.053714618
ASD,Extraversion,Weighted mode,-0.033056454,0.55707559,9.53E-01,9.67E-01,3.25E-01,2.88E+00,3.79E-20,3.65E-20,0.300348565
DEP,Educational attainment,Simple mode,0.144574632,2.437829383,9.53E-01,1.16E+00,9.72E-03,1.37E+02,4.18E-02,4.05E-02,0.177159832
ED,Maternal smoking around birth ,Simple mode,0.08214547,1.402611989,9.54E-01,1.09E+00,6.95E-02,1.70E+01,1.26E-03,2.10E-03,0.872675286
ED,Maternal smoking around birth ,Simple mode,0.08214547,1.415280358,9.55E-01,1.09E+00,6.78E-02,1.74E+01,1.26E-03,2.10E-03,0.872675286
DEP,Educational attainment,Weighted mode,0.144574632,2.536303075,9.55E-01,1.16E+00,8.01E-03,1.67E+02,4.18E-02,4.05E-02,0.177159832
ASD,Iron intake,Inverse variance weighted,-0.061654367,1.098182985,9.55E-01,9.40E-01,1.09E-01,8.09E+00,4.16E-26,3.96E-26,0.299589161
ADHD,Mumps,Weighted median,-0.000150947,0.002695965,9.55E-01,1.00E+00,9.95E-01,1.01E+00,9.37E-07,6.22E-07,0.021361089
ALZ,Extraversion,Weighted mode,0.008170424,0.146713884,9.56E-01,1.01E+00,7.56E-01,1.34E+00,3.94E-01,4.59E-01,0.582683346
OCD,Serum 25-Hydroxyvitamin D levels ,Simple mode,0.023909363,0.42848909,9.56E-01,1.02E+00,4.42E-01,2.37E+00,4.60E-05,9.74E-06,0.021248455
SCZ,Extraversion,Simple mode,0.011314397,0.204144429,9.56E-01,1.01E+00,6.78E-01,1.51E+00,6.71E-04,6.86E-04,0.443857218
DEP,Mineral and other dietary supplements: Zinc ,MR Egger,-0.834751935,12.07630924,9.56E-01,4.34E-01,2.28E-11,8.26E+09,3.91E-02,8.97E-02,0.77722608
ASD,Qualifications: College or University degree ,Simple mode,0.044668277,0.812102807,9.56E-01,1.05E+00,2.13E-01,5.14E+00,2.99E-01,3.11E-01,0.634434752
SCZ,Diagnoses - main ICD10: I25.1 Atherosclerotic heart disease ,Weighted median,0.054454297,0.999179159,9.57E-01,1.06E+00,1.49E-01,7.48E+00,2.15E-03,1.93E-03,0.354157699
SCZ,College completion ,Weighted mode,0.01200621,0.196414275,9.57E-01,1.01E+00,6.89E-01,1.49E+00,9.41E-01,1.21E-01,0.288552349
ALZ,Extraversion,Simple mode,0.008170424,0.154166403,9.58E-01,1.01E+00,7.45E-01,1.36E+00,3.94E-01,4.59E-01,0.582683346
ASD,College completion ,Weighted mode,0.010097031,0.170273575,9.58E-01,1.01E+00,7.24E-01,1.41E+00,2.99E-02,5.22E-02,0.703106532
SCZ,Extraversion,Weighted mode,0.011314397,0.219649059,9.59E-01,1.01E+00,6.58E-01,1.56E+00,6.71E-04,6.86E-04,0.443857218
DEP,Allergic rhinitis ,MR Egger,-0.011873259,0.18385341,9.59E-01,9.88E-01,6.89E-01,1.42E+00,6.48E-01,8.73E-01,0.844709241
ANX,Extraversion,Simple mode,-0.03794002,0.741927142,9.59E-01,9.63E-01,2.25E-01,4.12E+00,3.79E-20,3.65E-20,0.300348565
DEP,Fresh fruit intake ,Weighted mode,0.010520074,0.207428325,9.60E-01,1.01E+00,6.73E-01,1.52E+00,8.33E-09,1.14E-08,0.641094878
SCZ,Age-related hearing impairment (MTAG) ,Simple mode,0.022242225,0.449824932,9.61E-01,1.02E+00,4.23E-01,2.47E+00,7.86E-03,9.80E-03,0.618456104
BP,Childhood obesity ,MR Egger,0.009462263,0.179291229,9.61E-01,1.01E+00,7.10E-01,1.43E+00,1.25E-01,2.14E-01,0.857272036
OCD,Behauvioural and emotional disorders with onset usually occuring in childhood and adolescence,Inverse variance weighted,0.00048313,0.009943445,9.61E-01,1.00E+00,9.81E-01,1.02E+00,1.65E-01,1.56E-01,0.070420239
SCZ,Tea intake ,MR Egger,0.019221297,0.393956559,9.61E-01,1.02E+00,4.71E-01,2.21E+00,3.34E-05,3.53E-05,0.452765438
ALZ,Living alone,Simple mode,-5.231079497,109.6164178,9.62E-01,5.35E-03,2.64E-96,1.09E+91,3.94E-01,4.59E-01,0.408728167
BP,Viral infection,Inverse variance weighted,-0.063441063,1.336080339,9.62E-01,9.39E-01,6.84E-02,1.29E+01,1.78E-01,1.81E-01,0.513512517
SCZ,Age-related hearing impairment (MTAG) ,Weighted mode,-0.019360698,0.41082778,9.63E-01,9.81E-01,4.38E-01,2.19E+00,7.86E-03,9.80E-03,0.618456104
ADHD,Primary sclerosing cholangitis ,Weighted mode,-0.000540397,0.011529785,9.63E-01,9.99E-01,9.77E-01,1.02E+00,8.43E-02,4.36E-02,0.148416734
ASD,Heart rate ,Weighted mode,0.000781532,0.016830951,9.64E-01,1.00E+00,9.68E-01,1.03E+00,2.36E-01,2.98E-01,0.944759356
ANX,Mumps,Inverse variance weighted,-0.000336938,0.007450093,9.64E-01,1.00E+00,9.85E-01,1.01E+00,9.37E-07,6.22E-07,0.021361089
PTSD,Diagnoses - main ICD10: I25.1 Atherosclerotic heart disease ,Weighted median,0.071223583,1.581088876,9.64E-01,1.07E+00,4.84E-02,2.38E+01,2.15E-03,1.93E-03,0.354157699
ADHD,Serum 25-Hydroxyvitamin D levels ,Simple mode,-0.008583331,0.192267448,9.64E-01,9.91E-01,6.80E-01,1.45E+00,1.02E-06,6.55E-07,0.186242575
SCZ,Diagnoses - secondary ICD10: I10 Essential (primary) hypertension ,Weighted mode,-0.03778511,0.852056959,9.65E-01,9.63E-01,1.81E-01,5.12E+00,3.20E-10,5.07E-10,0.929020551
ADHD,Current employment status: Retired,Weighted mode,0.422899021,9.732033438,9.65E-01,1.53E+00,7.94E-09,2.94E+08,6.63E-12,6.82E-12,0.41326421
ASD,College completion ,MR Egger,-0.077684792,1.444589112,9.66E-01,9.25E-01,5.45E-02,1.57E+01,2.99E-02,5.22E-02,0.703106532
ASD,Diagnoses - main ICD10: I25.1 Atherosclerotic heart disease ,Weighted median,-0.074167855,1.731084731,9.66E-01,9.29E-01,3.12E-02,2.76E+01,8.84E-01,8.85E-01,0.371424741
PTSD,Qualifications: College or University degree ,Simple mode,0.029987119,0.711015857,9.66E-01,1.03E+00,2.56E-01,4.15E+00,7.01E-11,6.87E-12,0.008009552
ADHD,Iron intake,Weighted mode,-8.089034302,192.3480193,9.66E-01,3.07E-04,5.72E-168,1.65E+160,4.16E-26,3.96E-26,0.299589161
ASD,Neuroticism score ,Simple mode,-0.005048853,0.120096213,9.67E-01,9.95E-01,7.86E-01,1.26E+00,1.16E-01,8.85E-02,0.078855935
ADHD,Extraversion,Weighted mode,0.003833589,0.091453298,9.67E-01,1.00E+00,8.39E-01,1.20E+00,3.79E-20,3.65E-20,0.300348565
PTSD,Diagnoses - main ICD10: I25.1 Atherosclerotic heart disease ,MR Egger,-0.113257268,2.681475269,9.67E-01,8.93E-01,4.66E-03,1.71E+02,2.15E-03,1.93E-03,0.354157699
ADHD,Iron intake,Simple mode,-8.089034302,193.4034149,9.67E-01,3.07E-04,7.22E-169,1.30E+161,4.16E-26,3.96E-26,0.299589161
ADHD,Extraversion,Simple mode,0.003833589,0.09190461,9.67E-01,1.00E+00,8.38E-01,1.20E+00,3.79E-20,3.65E-20,0.300348565
ASD,Mumps,Inverse variance weighted,-8.81E-05,0.002114577,9.67E-01,1.00E+00,9.96E-01,1.00E+00,9.37E-07,6.22E-07,0.021361089
ALZ,Allergic rhinitis ,MR Egger,0.034847358,0.670383614,9.67E-01,1.04E+00,2.78E-01,3.85E+00,2.03E-01,4.44E-01,0.964356086
ADHD,Current employment status: Retired,Simple mode,0.422899021,10.22671965,9.67E-01,1.53E+00,3.01E-09,7.74E+08,6.63E-12,6.82E-12,0.41326421
DEP,Gestational diabetes (for exclusion) ,Inverse variance weighted,-0.001156835,0.028670392,9.68E-01,9.99E-01,9.44E-01,1.06E+00,8.65E-01,9.15E-01,0.662995418
DEP,Gestational diabetes (for exclusion) ,Inverse variance weighted,-0.001156835,0.028670392,9.68E-01,9.99E-01,9.44E-01,1.06E+00,8.65E-01,9.15E-01,0.662995418
PTSD,Childhood obesity ,Weighted mode,-0.002589568,0.062586765,9.69E-01,9.97E-01,8.82E-01,1.13E+00,8.25E-01,9.21E-01,0.889812322
ANX,Educational attainment,Simple mode,2.918316427,76.9854022,9.70E-01,1.85E+01,5.45E-65,6.29E+66,7.40E-79,6.12E-79,0.267199899
ASD,Mineral and other dietary supplements: Zinc ,MR Egger,0.989605116,20.82671863,9.70E-01,2.69E+00,5.03E-18,1.44E+18,8.67E-01,9.76E-01,0.910201837
ED,Maternal smoking around birth ,Weighted mode,0.045861239,1.211796907,9.70E-01,1.05E+00,9.74E-02,1.13E+01,1.26E-03,2.10E-03,0.872675286
ED,Maternal smoking around birth ,Weighted mode,0.045861239,1.234508832,9.71E-01,1.05E+00,9.31E-02,1.18E+01,1.26E-03,2.10E-03,0.872675286
OCD,"Diagnoses - secondary ICD10: E03.9 Hypothyroidism, unspecified ",MR Egger,0.192655487,5.25600653,9.71E-01,1.21E+00,4.07E-05,3.61E+04,1.50E-01,1.78E-01,0.835795114
BP,Nitrogen dioxide air pollution; 2010 ,MR Egger,0.088094883,2.354715045,9.71E-01,1.09E+00,1.08E-02,1.10E+02,6.78E-03,5.57E-03,0.439793617
BP,Birth weight ,Inverse variance weighted,-0.002001121,0.055782991,9.71E-01,9.98E-01,8.95E-01,1.11E+00,3.36E-01,3.10E-01,0.144352315
ADHD,Living alone,Weighted mode,-8.103730422,228.6983425,9.72E-01,3.02E-04,6.44E-199,1.42E+191,2.91E-16,3.32E-16,0.857891204
ASD,Educational attainment,Weighted mode,-1.629061963,45.98828225,9.72E-01,1.96E-01,1.40E-40,2.74E+38,7.40E-79,6.12E-79,0.267199899
ANX,Educational attainment,Weighted mode,2.918316427,82.53347213,9.72E-01,1.85E+01,1.03E-69,3.32E+71,7.40E-79,6.12E-79,0.267199899
SCZ,Chickenpox,Simple mode,-10.91799114,312.5743734,9.72E-01,1.81E-05,1.55E-271,2.12E+261,9.62E-05,9.84E-05,0.428201041
ASD,Extraversion,Simple mode,0.019664342,0.56655423,9.72E-01,1.02E+00,3.36E-01,3.10E+00,3.79E-20,3.65E-20,0.300348565
ADHD,Diagnoses - main ICD10: I25.1 Atherosclerotic heart disease ,Weighted median,-0.038790527,1.141751477,9.73E-01,9.62E-01,1.03E-01,9.02E+00,2.28E-05,3.00E-06,0.1023198
ASD,Primary biliary cirrhosis ,Weighted median,0.000570457,0.016843776,9.73E-01,1.00E+00,9.68E-01,1.03E+00,1.27E-01,1.49E-01,0.571743678
BP,Living alone,Simple mode,2.862804693,89.56421567,9.75E-01,1.75E+01,1.01E-75,3.03E+77,3.88E-01,3.94E-01,0.750780149
ADHD,Living alone,Simple mode,-8.103730422,260.0776901,9.75E-01,3.02E-04,1.25E-225,7.30E+217,2.91E-16,3.32E-16,0.857891204
BP,Living alone,Weighted mode,2.862804693,93.99167864,9.76E-01,1.75E+01,1.72E-79,1.78E+81,3.88E-01,3.94E-01,0.750780149
SCZ,Alzheimer's disease or family history of Alzheimer's disease ,Inverse variance weighted,0.000747231,0.024660769,9.76E-01,1.00E+00,9.54E-01,1.05E+00,3.67E-06,4.60E-06,0.570012981
ANX,Extraversion,Weighted mode,0.023398606,0.795055187,9.77E-01,1.02E+00,2.15E-01,4.86E+00,3.79E-20,3.65E-20,0.300348565
BP,Body mass index (BMI) ,MR Egger,-0.0036619,0.124740835,9.77E-01,9.96E-01,7.80E-01,1.27E+00,4.09E-01,4.21E-01,0.751756581
ANX,Maternal smoking around birth ,Weighted median,0.046095203,1.59787259,9.77E-01,1.05E+00,4.57E-02,2.40E+01,6.71E-02,9.29E-02,0.956658032
ANX,Maternal smoking around birth ,Weighted median,0.046095203,1.598618114,9.77E-01,1.05E+00,4.56E-02,2.40E+01,6.71E-02,9.29E-02,0.956658032
ASD,Current employment status: Retired,MR Egger,0.00676051,0.236842194,9.77E-01,1.01E+00,6.33E-01,1.60E+00,6.63E-12,6.82E-12,0.41326421
ALZ,Educational attainment,Weighted mode,0.256267566,9.173967886,9.78E-01,1.29E+00,2.01E-08,8.32E+07,3.94E-01,4.59E-01,0.673752198
ALZ,Type 2 diabetes ,Weighted mode,-0.00088102,0.031705766,9.78E-01,9.99E-01,9.39E-01,1.06E+00,1.68E-03,2.05E-03,0.941907728
ALZ,Educational attainment,Simple mode,0.256267566,9.322335823,9.78E-01,1.29E+00,1.50E-08,1.11E+08,3.94E-01,4.59E-01,0.673752198
ADHD,Viral infection,MR Egger,-0.088957245,3.245909923,9.78E-01,9.15E-01,1.58E-03,5.30E+02,3.36E-23,4.02E-23,0.999304449
OCD,Caffeine,MR Egger,-0.047190547,1.726451957,9.78E-01,9.54E-01,3.24E-02,2.81E+01,3.31E-07,3.44E-07,0.479720895
OCD,Tea intake ,Simple mode,0.024958402,0.906736024,9.78E-01,1.03E+00,1.73E-01,6.06E+00,1.11E-01,1.27E-01,0.630058391
ANX,Childhood obesity ,Inverse variance weighted,0.002161813,0.080527832,9.79E-01,1.00E+00,8.56E-01,1.17E+00,1.25E-01,2.14E-01,0.857272036
ADHD,Alzheimer's disease or family history of Alzheimer's disease ,Simple mode,-0.000984994,0.036471582,9.79E-01,9.99E-01,9.30E-01,1.07E+00,8.07E-01,8.39E-01,0.801720621
PTSD,Current employment status: Unemployed,Weighted mode,-9.00337481,336.2591508,9.79E-01,1.23E-04,7.25E-291,2.09E+282,1.18E-03,1.22E-03,0.485133606
PTSD,Current employment status: Unemployed,Weighted mode,-9.00337481,337.2554242,9.79E-01,1.23E-04,1.03E-291,1.47E+283,1.18E-03,1.22E-03,0.485133606
ED,Viral infection,MR Egger,-0.123138888,4.694407408,9.79E-01,8.84E-01,8.92E-05,8.76E+03,1.78E-01,1.81E-01,0.513512517
ADHD,Type 1 diabetes ,Simple mode,-0.000417585,0.016206535,9.80E-01,1.00E+00,9.68E-01,1.03E+00,3.02E-02,3.24E-02,0.44792816
PTSD,Current employment status: Unemployed,Simple mode,-9.00337481,352.0359763,9.80E-01,1.23E-04,2.70E-304,5.61E+295,1.18E-03,1.22E-03,0.485133606
ALZ,Fresh fruit intake ,Weighted median,0.006435061,0.251698507,9.80E-01,1.01E+00,6.15E-01,1.65E+00,5.53E-05,7.29E-05,0.686175326
ED,Current employment status: Unemployed,Simple mode,-5.443330066,217.2808634,9.80E-01,4.33E-03,4.82E-188,3.88E+182,2.09E-02,2.17E-02,0.852825766
ADHD,Autoimmune diseases ,Weighted median,-0.000571901,0.022849508,9.80E-01,9.99E-01,9.56E-01,1.05E+00,8.49E-02,1.02E-01,0.841474556
ADHD,Autoimmune diseases ,MR Egger,-0.00074201,0.029726728,9.80E-01,9.99E-01,9.43E-01,1.06E+00,8.49E-02,1.02E-01,0.841474556
OCD,Educational attainment,Weighted mode,2.204010029,89.0824793,9.80E-01,9.06E+00,1.34E-75,6.11E+76,2.71E-14,1.31E-14,0.011722259
PTSD,Childhood obesity ,Simple mode,-0.001499071,0.057403475,9.80E-01,9.99E-01,8.92E-01,1.12E+00,8.25E-01,9.21E-01,0.889812322
PTSD,Iron intake,Simple mode,5.134408833,209.1831418,9.80E-01,1.70E+02,1.48E-176,1.95E+180,6.04E-08,4.96E-08,0.089450444
ASD,Sleeplessness / insomnia ,Weighted median,-0.009874031,0.404034416,9.81E-01,9.90E-01,4.49E-01,2.19E+00,4.11E-01,4.31E-01,0.461291419
OCD,Educational attainment,Simple mode,2.204010029,90.85533631,9.81E-01,9.06E+00,4.16E-77,1.97E+78,2.71E-14,1.31E-14,0.011722259
ED,Current employment status: Unemployed,Weighted mode,-5.443330066,224.6590997,9.81E-01,4.33E-03,2.53E-194,7.41E+188,2.09E-02,2.17E-02,0.852825766
ED,Alzheimer's disease or family history of Alzheimer's disease ,Weighted mode,-0.000731029,0.030009948,9.81E-01,9.99E-01,9.42E-01,1.06E+00,2.36E-01,2.37E-01,0.351905335
SCZ,Chickenpox,Weighted mode,7.113301945,303.7844663,9.81E-01,1.23E+03,3.18E-256,4.74E+261,9.62E-05,9.84E-05,0.428201041
PTSD,Iron intake,Weighted mode,5.134408833,222.4713323,9.82E-01,1.70E+02,7.22E-188,3.99E+191,6.04E-08,4.96E-08,0.089450444
ALZ,Living alone,Weighted median,0.018924148,0.827723574,9.82E-01,1.02E+00,2.01E-01,5.16E+00,3.94E-01,4.59E-01,0.408728167
DEP,Extraversion,Weighted mode,0.004631037,0.203788996,9.82E-01,1.00E+00,6.74E-01,1.50E+00,2.10E-01,2.11E-01,0.406035228
ALZ,Living alone,Weighted mode,2.313871539,103.5373182,9.82E-01,1.01E+01,7.45E-88,1.37E+89,3.94E-01,4.59E-01,0.408728167
ED,Current employment status: Unemployed,Weighted mode,-5.443330066,244.8836034,9.82E-01,4.33E-03,1.54E-211,1.22E+206,2.09E-02,2.17E-02,0.852825766
DEP,Extraversion,Simple mode,0.004631037,0.208888692,9.82E-01,1.00E+00,6.67E-01,1.51E+00,2.10E-01,2.11E-01,0.406035228
ED,Current employment status: Unemployed,Simple mode,-5.443330066,245.6213609,9.82E-01,4.33E-03,3.62E-212,5.17E+206,2.09E-02,2.17E-02,0.852825766
ALZ,Heart rate ,MR Egger,-0.000599719,0.026862255,9.83E-01,9.99E-01,9.48E-01,1.05E+00,2.96E-01,3.66E-01,0.960257877
SCZ,Living alone,Simple mode,3.873564773,183.2136798,9.83E-01,4.81E+01,5.34E-155,4.33E+157,6.13E-04,5.91E-04,0.212492766
SCZ,Nitrogen dioxide air pollution; 2010 ,Inverse variance weighted,-0.019037753,0.913789802,9.83E-01,9.81E-01,1.64E-01,5.88E+00,3.06E-03,6.01E-03,0.906361827
ANX,Alzheimer's disease or family history of Alzheimer's disease ,Weighted median,-0.001738219,0.086568433,9.84E-01,9.98E-01,8.42E-01,1.18E+00,1.20E-02,1.54E-02,0.736557952
ASD,Iron intake,Simple mode,-5.81638222,296.9819952,9.84E-01,2.98E-03,4.76E-256,1.86E+250,4.16E-26,3.96E-26,0.299589161
ADHD,Mumps,Weighted mode,-0.043983092,2.27969444,9.85E-01,9.57E-01,1.10E-02,8.34E+01,9.37E-07,6.22E-07,0.021361089
ASD,Iron intake,Weighted mode,-5.81638222,304.8069654,9.85E-01,2.98E-03,1.04E-262,8.53E+256,4.16E-26,3.96E-26,0.299589161
OCD,Tea intake ,Weighted median,-0.007869022,0.413927953,9.85E-01,9.92E-01,4.41E-01,2.23E+00,1.11E-01,1.27E-01,0.630058391
ADHD,Mumps,Simple mode,-0.043983092,2.318533612,9.85E-01,9.57E-01,1.02E-02,9.00E+01,9.37E-07,6.22E-07,0.021361089
ASD,Living alone,Simple mode,-2.652520038,140.3881688,9.85E-01,7.05E-02,2.22E-121,2.23E+118,2.91E-16,3.32E-16,0.857891204
ASD,Living alone,Weighted mode,-2.652520038,141.0182245,9.85E-01,7.05E-02,6.47E-122,7.68E+118,2.91E-16,3.32E-16,0.857891204
ANX,Type 2 diabetes ,MR Egger,-0.001837451,0.098881183,9.85E-01,9.98E-01,8.22E-01,1.21E+00,6.07E-02,6.65E-02,0.613324742
ALZ,Gestational diabetes (for exclusion) ,Simple mode,-0.000866647,0.043476618,9.85E-01,9.99E-01,9.18E-01,1.09E+00,2.46E-02,2.43E-02,0.538637902
DEP,Living alone,Weighted mode,1.066442252,59.03234496,9.86E-01,2.91E+00,1.64E-50,5.16E+50,3.88E-01,3.94E-01,0.750780149
SCZ,Living alone,Weighted mode,3.873564773,214.5388247,9.86E-01,4.81E+01,1.16E-181,2.00E+184,6.13E-04,5.91E-04,0.212492766
ASD,Educational attainment,Simple mode,0.80943454,44.91001994,9.86E-01,2.25E+00,1.33E-38,3.80E+38,7.40E-79,6.12E-79,0.267199899
ANX,Autoimmune diseases ,Weighted median,-0.001619579,0.09095195,9.86E-01,9.98E-01,8.35E-01,1.19E+00,9.36E-01,9.11E-01,0.166070761
SCZ,Mumps,Simple mode,0.027921819,1.579805757,9.86E-01,1.03E+00,4.65E-02,2.27E+01,1.53E-02,1.48E-02,0.172959629
SCZ,Mumps,Weighted mode,0.027921819,1.59764401,9.86E-01,1.03E+00,4.49E-02,2.36E+01,1.53E-02,1.48E-02,0.172959629
ANX,Rubella vaccination,Simple mode,0.05881937,3.366476788,9.86E-01,1.06E+00,1.45E-03,7.78E+02,3.15E-10,3.11E-10,0.317387409
PTSD,Educational attainment,Simple mode,1.112980446,64.59189015,9.86E-01,3.04E+00,3.17E-55,2.92E+55,2.71E-14,1.31E-14,0.011722259
ANX,Autoimmune diseases ,Weighted mode,0.001742454,0.101878063,9.86E-01,1.00E+00,8.20E-01,1.22E+00,9.36E-01,9.11E-01,0.166070761
PTSD,Educational attainment,Weighted mode,1.112980446,65.64076309,9.86E-01,3.04E+00,4.06E-56,2.28E+56,2.71E-14,1.31E-14,0.011722259
ANX,Rubella vaccination,Weighted mode,0.05881937,3.487385919,9.87E-01,1.06E+00,1.14E-03,9.86E+02,3.15E-10,3.11E-10,0.317387409
DEP,Autoimmune diseases ,Weighted mode,-0.000257073,0.015861099,9.87E-01,1.00E+00,9.69E-01,1.03E+00,3.84E-01,4.13E-01,0.598546243
SCZ,Serum 25-Hydroxyvitamin D levels ,Weighted mode,-0.000852811,0.054197999,9.87E-01,9.99E-01,8.98E-01,1.11E+00,6.95E-10,1.00E-09,0.905174633
DEP,Living alone,Simple mode,1.066442252,68.25948694,9.88E-01,2.91E+00,2.29E-58,3.69E+58,3.88E-01,3.94E-01,0.750780149
ADHD,Mineral and other dietary supplements: Zinc ,MR Egger,0.288977555,15.25222265,9.88E-01,1.34E+00,1.39E-13,1.28E+13,2.39E-02,7.39E-02,0.907485115
ADHD,Chickenpox,Simple mode,-3.654471983,241.8934543,9.88E-01,2.59E-02,3.23E-208,2.07E+204,7.34E-27,8.28E-27,0.600212941
ADHD,Chickenpox,Weighted mode,-3.654471983,242.5958505,9.88E-01,2.59E-02,8.15E-209,8.22E+204,7.34E-27,8.28E-27,0.600212941
BP,Mumps,Weighted mode,0.016691249,1.132573148,9.88E-01,1.02E+00,1.10E-01,9.36E+00,2.24E-01,2.26E-01,0.379057929
DEP,"Non-cancer illness code, self-reported: psoriasis ",Weighted mode,0.016361731,1.121272384,9.89E-01,1.02E+00,1.13E-01,9.15E+00,1.37E-02,1.99E-02,0.881156109
OCD,Mumps,Weighted mode,0.035679563,2.528531634,9.89E-01,1.04E+00,7.30E-03,1.47E+02,1.53E-02,1.48E-02,0.172959629
BP,Mumps,Simple mode,0.016691249,1.183204745,9.89E-01,1.02E+00,1.00E-01,1.03E+01,2.24E-01,2.26E-01,0.379057929
OCD,Mumps,Simple mode,0.035679563,2.690403195,9.89E-01,1.04E+00,5.31E-03,2.02E+02,1.53E-02,1.48E-02,0.172959629
PTSD,Chickenpox,Simple mode,-3.905712336,299.9984202,9.90E-01,2.01E-02,8.71E-258,4.65E+253,9.62E-05,9.84E-05,0.428201041
ANX,Current employment status: Retired,Simple mode,0.08076085,6.381305,9.90E-01,1.08E+00,4.01E-06,2.93E+05,6.63E-12,6.82E-12,0.41326421
PTSD,Chickenpox,Weighted mode,-3.905712336,311.632457,9.90E-01,2.01E-02,1.09E-267,3.72E+263,9.62E-05,9.84E-05,0.428201041
BP,Operative procedures,MR Egger,-0.024738028,1.994428447,9.90E-01,9.76E-01,1.96E-02,4.86E+01,1.32E-01,1.36E-01,0.949318884
ADHD,Caffeine,Simple mode,2.219975929,179.348545,9.90E-01,9.21E+00,1.99E-152,4.25E+153,9.17E-15,7.36E-15,0.123982374
OCD,Current employment status: Retired,Simple mode,3.967390226,323.4269181,9.90E-01,5.28E+01,2.61E-274,1.07E+277,1.19E-02,1.22E-02,0.628714826
DEP,Diagnoses - secondary ICD10: I10 Essential (primary) hypertension ,Weighted median,-0.002172785,0.181130124,9.90E-01,9.98E-01,7.00E-01,1.42E+00,3.02E-02,3.57E-02,0.763537701
ED,Mumps,Weighted mode,0.072923051,6.097391615,9.90E-01,1.08E+00,6.94E-06,1.67E+05,2.24E-01,2.26E-01,0.379057929
ANX,Unspecified maternal hypertension,Simple mode,-0.088559284,7.629271103,9.91E-01,9.15E-01,2.93E-07,2.86E+06,1.20E-09,9.55E-10,0.089885104
ED,Mumps,Simple mode,0.072923051,6.287637102,9.91E-01,1.08E+00,4.78E-06,2.42E+05,2.24E-01,2.26E-01,0.379057929
ADHD,Caffeine,Weighted mode,2.219975929,191.9455871,9.91E-01,9.21E+00,3.77E-163,2.25E+164,9.17E-15,7.36E-15,0.123982374
OCD,Current employment status: Retired,Weighted mode,3.967390226,345.6955553,9.91E-01,5.28E+01,2.89E-293,9.66E+295,1.19E-02,1.22E-02,0.628714826
OCD,Congenital cytomegalovirus infection,MR Egger,0.002461305,0.215132311,9.91E-01,1.00E+00,6.58E-01,1.53E+00,8.28E-01,8.99E-01,0.740545056
BP,Maternal smoking around birth ,MR Egger,-0.047734434,4.422334819,9.92E-01,9.53E-01,1.64E-04,5.54E+03,6.71E-02,9.29E-02,0.956658032
BP,Maternal smoking around birth ,MR Egger,-0.047734434,4.422334819,9.92E-01,9.53E-01,1.64E-04,5.54E+03,6.71E-02,9.29E-02,0.956658032
ANX,Unspecified maternal hypertension,Weighted mode,-0.088559284,8.415065991,9.92E-01,9.15E-01,6.29E-08,1.33E+07,1.20E-09,9.55E-10,0.089885104
ED,Extraversion,Weighted mode,-0.002763402,0.263250799,9.92E-01,9.97E-01,5.95E-01,1.67E+00,2.10E-01,2.11E-01,0.406035228
ALZ,Current employment status: Retired,Simple mode,3.708458295,357.3605045,9.92E-01,4.08E+01,2.63E-303,6.34E+305,3.94E-01,4.59E-01,0.304526965
ED,Extraversion,Simple mode,-0.002763402,0.269840806,9.92E-01,9.97E-01,5.88E-01,1.69E+00,2.10E-01,2.11E-01,0.406035228
ADHD,Unspecified maternal hypertension,Weighted mode,0.051719825,5.31238836,9.92E-01,1.05E+00,3.17E-05,3.50E+04,1.20E-09,9.55E-10,0.089885104
BP,Extraversion,Weighted mode,0.003075955,0.324517625,9.92E-01,1.00E+00,5.31E-01,1.89E+00,2.10E-01,2.11E-01,0.406035228
ADHD,Unspecified maternal hypertension,Simple mode,0.051719825,5.484567322,9.92E-01,1.05E+00,2.26E-05,4.91E+04,1.20E-09,9.55E-10,0.089885104
PTSD,Birth weight ,MR Egger,0.001837136,0.195610599,9.93E-01,1.00E+00,6.83E-01,1.47E+00,2.92E-10,4.08E-10,0.920003688
ED,Body mass index (BMI) ,MR Egger,-0.001452685,0.160108487,9.93E-01,9.99E-01,7.30E-01,1.37E+00,2.57E-14,3.16E-14,0.736769716
ED,"Diagnoses - secondary ICD10: E03.9 Hypothyroidism, unspecified ",Weighted median,0.01415247,1.602917586,9.93E-01,1.01E+00,4.38E-02,2.35E+01,1.50E-01,1.78E-01,0.835795114
BP,Extraversion,Simple mode,0.003075955,0.351307195,9.93E-01,1.00E+00,5.04E-01,2.00E+00,2.10E-01,2.11E-01,0.406035228
SCZ,Educational attainment,Simple mode,0.087279168,10.38321698,9.93E-01,1.09E+00,1.58E-09,7.52E+08,2.71E-14,1.31E-14,0.011722259
SCZ,Childhood obesity ,Simple mode,0.000380659,0.043015714,9.93E-01,1.00E+00,9.19E-01,1.09E+00,8.25E-01,9.21E-01,0.889812322
PTSD,Extraversion,Weighted mode,-0.008050343,0.980489195,9.93E-01,9.92E-01,1.45E-01,6.78E+00,6.71E-04,6.86E-04,0.443857218
SCZ,Educational attainment,Weighted mode,0.087279168,10.74086543,9.94E-01,1.09E+00,7.85E-10,1.52E+09,2.71E-14,1.31E-14,0.011722259
ED,Rubella vaccination,Weighted mode,-0.010455461,1.329712976,9.94E-01,9.90E-01,7.30E-02,1.34E+01,5.09E-01,5.12E-01,0.390441143
ED,Current employment status: Retired,Weighted mode,1.808473463,232.6093407,9.94E-01,6.10E+00,6.09E-198,6.12E+198,1.57E-01,1.63E-01,0.964580618
OCD,Rubella vaccination,Simple mode,-0.021087225,2.752054354,9.94E-01,9.79E-01,4.45E-03,2.15E+02,1.70E-02,1.73E-02,0.444404848
PTSD,Extraversion,Simple mode,-0.008050343,1.052902649,9.94E-01,9.92E-01,1.26E-01,7.81E+00,6.71E-04,6.86E-04,0.443857218
ED,Current employment status: Retired,Simple mode,1.808473463,237.3110811,9.94E-01,6.10E+00,6.06E-202,6.15E+202,1.57E-01,1.63E-01,0.964580618
ED,Rubella vaccination,Simple mode,-0.010455461,1.41024472,9.94E-01,9.90E-01,6.24E-02,1.57E+01,5.09E-01,5.12E-01,0.390441143
OCD,Unspecified maternal hypertension,Weighted mode,-0.008608447,1.177565442,9.94E-01,9.91E-01,9.86E-02,9.97E+00,2.71E-01,2.72E-01,0.371759617
SCZ,Childhood obesity ,Weighted mode,-0.00033455,0.043626893,9.94E-01,1.00E+00,9.18E-01,1.09E+00,8.25E-01,9.21E-01,0.889812322
OCD,Autoimmune diseases ,Simple mode,-0.001362031,0.187821949,9.94E-01,9.99E-01,6.91E-01,1.44E+00,3.84E-01,4.13E-01,0.598546243
OCD,Rubella vaccination,Weighted mode,-0.021087225,2.972061579,9.94E-01,9.79E-01,2.89E-03,3.32E+02,1.70E-02,1.73E-02,0.444404848
DEP,Mumps,Weighted mode,0.028096086,3.990617856,9.94E-01,1.03E+00,4.12E-04,2.56E+03,2.24E-01,2.26E-01,0.379057929
OCD,Unspecified maternal hypertension,Simple mode,-0.008608447,1.242988278,9.94E-01,9.91E-01,8.67E-02,1.13E+01,2.71E-01,2.72E-01,0.371759617
OCD,Iron intake,Weighted median,0.020721128,3.075037378,9.95E-01,1.02E+00,2.46E-03,4.23E+02,6.04E-08,4.96E-08,0.089450444
ALZ,Age at first birth ,Inverse variance weighted,-0.000193443,0.028961062,9.95E-01,1.00E+00,9.45E-01,1.06E+00,2.37E-02,2.09E-02,0.250744821
DEP,Mumps,Simple mode,0.028096086,4.257850794,9.95E-01,1.03E+00,2.44E-04,4.33E+03,2.24E-01,2.26E-01,0.379057929
BP,Unspecified maternal hypertension,Weighted mode,0.069540428,10.90498452,9.95E-01,1.07E+00,5.59E-10,2.05E+09,1.28E-01,1.33E-01,0.809668802
BP,Unspecified maternal hypertension,Simple mode,0.069540428,10.95772744,9.95E-01,1.07E+00,5.04E-10,2.28E+09,1.28E-01,1.33E-01,0.809668802
ADHD,Fresh fruit intake ,Simple mode,0.003789946,0.643908416,9.95E-01,1.00E+00,2.84E-01,3.55E+00,3.22E-13,5.83E-13,0.955496332
ANX,Mumps,Simple mode,0.013632375,2.504514084,9.96E-01,1.01E+00,7.48E-03,1.37E+02,9.37E-07,6.22E-07,0.021361089
OCD,Extraversion,Simple mode,0.002816674,0.539371724,9.96E-01,1.00E+00,3.48E-01,2.89E+00,6.71E-04,6.86E-04,0.443857218
ASD,Unspecified maternal hypertension,Weighted mode,0.071396844,13.70099541,9.96E-01,1.07E+00,2.34E-12,4.94E+11,1.20E-09,9.55E-10,0.089885104
ASD,Unspecified maternal hypertension,Simple mode,0.071396844,13.8245032,9.96E-01,1.07E+00,1.83E-12,6.29E+11,1.20E-09,9.55E-10,0.089885104
SCZ,Age at first birth ,Weighted median,-0.000213422,0.041435817,9.96E-01,1.00E+00,9.22E-01,1.08E+00,3.09E-13,1.34E-13,0.278809734
BP,Educational attainment,Simple mode,-0.109150209,21.66643525,9.96E-01,8.97E-01,3.23E-19,2.49E+18,4.18E-02,4.05E-02,0.177159832
ANX,Mumps,Weighted mode,0.013632375,2.713172624,9.96E-01,1.01E+00,4.97E-03,2.07E+02,9.37E-07,6.22E-07,0.021361089
OCD,Extraversion,Weighted mode,0.002816674,0.565598356,9.96E-01,1.00E+00,3.31E-01,3.04E+00,6.71E-04,6.86E-04,0.443857218
DEP,Chickenpox,Simple mode,-1.566592663,315.4352108,9.96E-01,2.09E-01,6.54E-270,6.66E+267,4.33E-01,4.39E-01,0.869913031
DEP,Chickenpox,Weighted mode,-1.566592663,319.2253313,9.96E-01,2.09E-01,3.89E-273,1.12E+271,4.33E-01,4.39E-01,0.869913031
BP,Educational attainment,Weighted mode,-0.109150209,22.28902521,9.96E-01,8.97E-01,9.55E-20,8.42E+18,4.18E-02,4.05E-02,0.177159832
DEP,Unspecified maternal hypertension,Simple mode,-0.012814362,2.649205717,9.96E-01,9.87E-01,5.49E-03,1.78E+02,1.28E-01,1.33E-01,0.809668802
ASD,Nitrogen dioxide air pollution; 2010 ,Simple mode,-0.005315314,1.066881368,9.96E-01,9.95E-01,1.23E-01,8.05E+00,6.78E-03,5.57E-03,0.439793617
DEP,Unspecified maternal hypertension,Weighted mode,-0.012814362,2.683985746,9.96E-01,9.87E-01,5.13E-03,1.90E+02,1.28E-01,1.33E-01,0.809668802
OCD,Living alone,Weighted mode,1.090457264,230.3716551,9.96E-01,2.98E+00,2.38E-196,3.71E+196,6.13E-04,5.91E-04,0.212492766
DEP,Caffeine,Weighted mode,-1.123235164,248.8871669,9.96E-01,3.25E-01,4.52E-213,2.34E+211,1.66E-01,1.66E-01,0.347532961
BP,Current employment status: Retired,Weighted mode,-1.074752474,239.924653,9.96E-01,3.41E-01,2.02E-205,5.77E+203,1.57E-01,1.63E-01,0.964580618
OCD,Living alone,Simple mode,1.090457264,252.1211496,9.97E-01,2.98E+00,7.31E-215,1.21E+215,6.13E-04,5.91E-04,0.212492766
BP,Current employment status: Retired,Simple mode,-1.074752474,249.9880545,9.97E-01,3.41E-01,5.48E-214,2.13E+212,1.57E-01,1.63E-01,0.964580618
BP,Chickenpox,Weighted mode,-0.3042715,78.1115954,9.97E-01,7.38E-01,2.39E-67,2.28E+66,4.33E-01,4.39E-01,0.869913031
PTSD,Unspecified maternal hypertension,Weighted mode,0.174145941,45.31372918,9.97E-01,1.19E+00,3.19E-39,4.44E+38,2.71E-01,2.72E-01,0.371759617
DEP,Caffeine,Simple mode,-1.123235164,293.8562962,9.97E-01,3.25E-01,2.38E-251,4.44E+249,1.66E-01,1.66E-01,0.347532961
PTSD,Unspecified maternal hypertension,Simple mode,0.174145941,48.74104781,9.97E-01,1.19E+00,3.86E-42,3.67E+41,2.71E-01,2.72E-01,0.371759617
PTSD,Mumps,Weighted mode,0.050572453,14.66521286,9.97E-01,1.05E+00,3.46E-13,3.20E+12,1.53E-02,1.48E-02,0.172959629
PTSD,Mumps,Simple mode,0.050572453,16.58393462,9.98E-01,1.05E+00,8.04E-15,1.38E+14,1.53E-02,1.48E-02,0.172959629
ALZ,Mumps,Simple mode,0.021364412,7.618991417,9.98E-01,1.02E+00,3.34E-07,3.12E+06,3.94E-01,4.59E-01,0.145831678
ED,Unspecified maternal hypertension,Weighted mode,0.005462936,1.948869961,9.98E-01,1.01E+00,2.21E-02,4.58E+01,1.28E-01,1.33E-01,0.809668802
DEP,Current employment status: Retired,Simple mode,0.362352071,132.2057862,9.98E-01,1.44E+00,4.18E-113,4.93E+112,1.57E-01,1.63E-01,0.964580618
ALZ,"Illness, injury, bereavement, stress in last 2 years: Death of a spouse or partner",Simple mode,0.361133853,132.0873988,9.98E-01,1.43E+00,5.27E-113,3.91E+112,3.94E-01,4.59E-01,0.393306978
ALZ,Mumps,Weighted mode,0.021364412,7.89752585,9.98E-01,1.02E+00,1.94E-07,5.39E+06,3.94E-01,4.59E-01,0.145831678
ED,Unspecified maternal hypertension,Simple mode,0.005462936,2.039502146,9.98E-01,1.01E+00,1.85E-02,5.48E+01,1.28E-01,1.33E-01,0.809668802
ALZ,"Illness, injury, bereavement, stress in last 2 years: Death of a spouse or partner",Weighted mode,0.361133853,138.0011748,9.98E-01,1.43E+00,4.87E-118,4.22E+117,3.94E-01,4.59E-01,0.393306978
DEP,Current employment status: Retired,Weighted mode,0.362352071,148.9283293,9.98E-01,1.44E+00,2.44E-127,8.47E+126,1.57E-01,1.63E-01,0.964580618
DEP,Iron intake,Weighted mode,-0.347173223,147.2460988,9.98E-01,7.07E-01,3.24E-126,1.54E+125,4.26E-01,4.23E-01,0.225977787
DEP,Iron intake,Simple mode,-0.347173223,149.0488001,9.98E-01,7.07E-01,9.47E-128,5.27E+126,4.26E-01,4.23E-01,0.225977787
ADHD,Current employment status: Unemployed,Simple mode,0.76853285,346.8573728,9.98E-01,2.16E+00,1.21E-295,3.84E+295,1.31E-27,1.37E-27,0.437673351
ADHD,Current employment status: Unemployed,Simple mode,0.76853285,354.9955821,9.98E-01,2.16E+00,1.43E-302,3.25E+302,1.31E-27,1.37E-27,0.437673351
ASD,Mumps,Simple mode,-0.008317217,4.17026943,9.98E-01,9.92E-01,2.80E-04,3.52E+03,9.37E-07,6.22E-07,0.021361089
ADHD,Type 1 diabetes ,Inverse variance weighted,1.26E-05,0.006657863,9.98E-01,1.00E+00,9.87E-01,1.01E+00,3.02E-02,3.24E-02,0.44792816
ASD,Mumps,Weighted mode,-0.008317217,4.445792471,9.99E-01,9.92E-01,1.63E-04,6.04E+03,9.37E-07,6.22E-07,0.021361089
OCD,Behauvioural and emotional disorders with onset usually occuring in childhood and adolescence,Weighted median,2.05E-05,0.016447273,9.99E-01,1.00E+00,9.68E-01,1.03E+00,1.65E-01,1.56E-01,0.070420239
ALZ,Unspecified maternal hypertension,Weighted mode,0.219062227,188.2115775,9.99E-01,1.24E+00,7.69E-161,2.01E+160,3.94E-01,4.59E-01,0.780722514
ADHD,Rubella vaccination,Simple mode,0.303891859,278.4023609,9.99E-01,1.36E+00,1.42E-237,1.30E+237,3.15E-10,3.11E-10,0.317387409
ADHD,Rubella vaccination,Weighted mode,0.303891859,278.7609969,9.99E-01,1.36E+00,7.01E-238,2.62E+237,3.15E-10,3.11E-10,0.317387409
ALZ,Unspecified maternal hypertension,Simple mode,0.219062227,202.992359,9.99E-01,1.24E+00,2.02E-173,7.69E+172,3.94E-01,4.59E-01,0.780722514
ASD,Rubella vaccination,Weighted mode,0.33817085,321.7189496,9.99E-01,1.40E+00,1.97E-274,9.99E+273,3.15E-10,3.11E-10,0.317387409
ASD,Rubella vaccination,Simple mode,0.33817085,344.746114,9.99E-01,1.40E+00,4.93E-294,3.99E+293,3.15E-10,3.11E-10,0.317387409
ED,Living alone,Weighted mode,0.037990252,39.34546695,9.99E-01,1.04E+00,3.35E-34,3.22E+33,3.88E-01,3.94E-01,0.750780149
SCZ,Unspecified maternal hypertension,Simple mode,-0.009031377,10.11941756,9.99E-01,9.91E-01,2.41E-09,4.07E+08,2.71E-01,2.72E-01,0.371759617
SCZ,Unspecified maternal hypertension,Weighted mode,-0.009031377,10.28628834,9.99E-01,9.91E-01,1.74E-09,5.65E+08,2.71E-01,2.72E-01,0.371759617
ED,Living alone,Simple mode,0.037990252,43.27723669,9.99E-01,1.04E+00,1.51E-37,7.16E+36,3.88E-01,3.94E-01,0.750780149
PTSD,Rubella vaccination,Weighted mode,-0.150684186,178.0973683,9.99E-01,8.60E-01,2.16E-152,3.42E+151,1.70E-02,1.73E-02,0.444404848
DEP,Rubella vaccination,Weighted mode,-0.033770746,40.70244649,9.99E-01,9.67E-01,2.18E-35,4.29E+34,5.09E-01,5.12E-01,0.390441143
DEP,Rubella vaccination,Simple mode,-0.033770746,42.60708253,9.99E-01,9.67E-01,5.22E-37,1.79E+36,5.09E-01,5.12E-01,0.390441143
PTSD,Rubella vaccination,Simple mode,-0.150684186,190.6693995,9.99E-01,8.60E-01,4.30E-163,1.72E+162,1.70E-02,1.73E-02,0.444404848
ASD,Current employment status: Unemployed,Weighted mode,-0.089031796,142.9078882,1.00E+00,9.15E-01,2.07E-122,4.05E+121,1.31E-27,1.37E-27,0.437673351
ASD,Current employment status: Unemployed,Simple mode,-0.089031796,144.7039904,1.00E+00,9.15E-01,6.12E-124,1.37E+123,1.31E-27,1.37E-27,0.437673351
ASD,Current employment status: Unemployed,Simple mode,-0.089031796,160.8054408,1.00E+00,9.15E-01,1.20E-137,6.95E+136,1.31E-27,1.37E-27,0.437673351
ASD,Current employment status: Unemployed,Weighted mode,-0.089031796,163.3415131,1.00E+00,9.15E-01,8.36E-140,1.00E+139,1.31E-27,1.37E-27,0.437673351
SCZ,Rubella vaccination,Weighted mode,0.131862963,328.2030291,1.00E+00,1.14E+00,4.84E-280,2.69E+279,1.70E-02,1.73E-02,0.444404848
ALZ,Rubella vaccination,Weighted mode,-0.030175117,114.6247059,1.00E+00,9.70E-01,2.61E-98,3.61E+97,3.94E-01,4.59E-01,0.991281933
ALZ,Rubella vaccination,Simple mode,-0.030175117,123.6705611,1.00E+00,9.70E-01,5.20E-106,1.81E+105,3.94E-01,4.59E-01,0.991281933